op,canonical_id,datetime_utc,currency,name_raw,name_canonical,actual,forecast,previous,forecast_origin,set_fields,old,reason,evidence
delete,chf_cpi,2023-01-08 07:30:00,,,,,,,,,"{""actual"": null, ""forecast"": -0.1, ""previous"": -0.2, ""forecast_origin"": ""unknown"", ""jb_status"": ""Bad Data""}","wrong-year copy (no actual) of the 2024-01-08 release (same forecast -0.1 / previous -0.2), dated on a Sunday",https://www.forexfactory.com/calendar?day=jan8.2023 lists no CHF CPI; real Dec-2022 print at 2023-01-04 07:30
delete,chf_retail_sales,2023-01-08 07:30:00,,,,,,,,,"{""actual"": 0.7, ""forecast"": 0.0, ""previous"": -0.3, ""forecast_origin"": ""unknown"", ""jb_status"": ""Good Data""}","wrong-year copy of the 2024 print (identical actual/forecast/previous, 365 days apart)",https://www.forexfactory.com/calendar?day=jan8.2023 lists no such event that day; identical row at 2024-01-08 07:30
delete,cad_retail_sales,2023-01-19 13:30:00,,,,,,,,,"{""actual"": -0.2, ""forecast"": 0.0, ""previous"": 0.5, ""forecast_origin"": ""unknown"", ""jb_status"": ""Bad Data""}","wrong-year copy of the 2024 print (identical actual/forecast/previous, 365 days apart)",https://www.forexfactory.com/calendar?day=jan19.2023 lists no such event that day; identical row at 2024-01-19 13:30
delete,eur_gdp,2023-01-30 10:00:00,,,,,,,,,"{""actual"": null, ""forecast"": -0.1, ""previous"": -0.1, ""forecast_origin"": ""unknown"", ""jb_status"": ""Good Data""}","pre-print copy / re-listing with no actual, next to the real print of the same release",real print 2023-01-31 10:00:00 actual=0.1 forecast=-0.1 previous=0.3 in the parquet
delete,jpy_au_jibun_bank_manufacturing_pmi,2024-01-02 00:30:00,,,,,,,,,"{""actual"": 0.0, ""forecast"": 0.0, ""previous"": 0.0, ""forecast_origin"": ""unknown"", ""jb_status"": null}","JB placeholder 0/0/0 (actual, forecast and previous all 0.0) next to the real print of the same release",real print 2024-01-04 00:30:00 actual=47.9 forecast=47.7 previous=47.7 in the parquet
delete,chf_procurech_manufacturing_pmi,2024-01-02 08:30:00,,,,,,,,,"{""actual"": 0.0, ""forecast"": 0.0, ""previous"": 0.0, ""forecast_origin"": ""unknown"", ""jb_status"": null}","JB placeholder 0/0/0 (actual, forecast and previous all 0.0) next to the real print of the same release",real print 2024-01-03 08:30:00 actual=43.0 forecast=43.0 previous=42.1 in the parquet
delete,usd_initial_jobless_claims,2024-01-02 13:30:00,,,,,,,,,"{""actual"": 0.0, ""forecast"": 0.0, ""previous"": 0.0, ""forecast_origin"": ""unknown"", ""jb_status"": ""Good Data""}","JB placeholder 0/0/0 (actual, forecast and previous all 0.0) next to the real print of the same release",real print 2024-01-04 13:30:00 actual=202.0 forecast=217.0 previous=220.0 in the parquet
delete,chf_cpi,2024-01-06 07:30:00,,,,,,,,,"{""actual"": 0.0, ""forecast"": 0.0, ""previous"": 0.0, ""forecast_origin"": ""unknown"", ""jb_status"": ""Bad Data""}","JB placeholder 0/0/0 (actual, forecast and previous all 0.0) next to the real print of the same release",real print 2024-01-08 07:30:00 actual=0.0 forecast=-0.1 previous=-0.2 in the parquet
delete,eur_sp_global_services_pmi,2024-01-06 09:00:00,,,,,,,,,"{""actual"": 0.0, ""forecast"": 0.0, ""previous"": 0.0, ""forecast_origin"": ""unknown"", ""jb_status"": null}","JB placeholder 0/0/0 (actual, forecast and previous all 0.0) next to the real print of the same release",real print 2024-01-04 09:00:00 actual=48.8 forecast=48.1 previous=48.1 in the parquet
delete,gbp_s_p_global_cips_services_pmi,2024-01-06 09:30:00,,,,,,,,,"{""actual"": 0.0, ""forecast"": 0.0, ""previous"": 0.0, ""forecast_origin"": ""unknown"", ""jb_status"": ""Good Data""}","JB placeholder 0/0/0 (actual, forecast and previous all 0.0) next to the real print of the same release",real print 2024-01-04 09:30:00 actual=53.4 forecast=52.7 previous=52.7 in the parquet
delete,aud_cpi,2024-01-07 00:30:00,,,,,,,,,"{""actual"": 0.0, ""forecast"": 0.0, ""previous"": 0.0, ""forecast_origin"": ""unknown"", ""jb_status"": ""Bad Data""}","JB placeholder 0/0/0 (actual, forecast and previous all 0.0) next to the real print of the same release",real print 2024-01-10 00:30:00 actual=4.3 forecast=4.4 previous=4.9 in the parquet
delete,chf_unemployment_rate,2024-01-07 06:45:00,,,,,,,,,"{""actual"": 0.0, ""forecast"": 0.0, ""previous"": 0.0, ""forecast_origin"": ""unknown"", ""jb_status"": ""Good Data""}","JB placeholder 0/0/0 (actual, forecast and previous all 0.0) next to the real print of the same release",real print 2024-01-09 06:45:00 actual=2.2 forecast=2.2 previous=2.1 in the parquet
delete,usd_jolts_job_openings,2024-01-07 15:00:00,,,,,,,,,"{""actual"": 0.0, ""forecast"": 0.0, ""previous"": 0.0, ""forecast_origin"": ""unknown"", ""jb_status"": ""Good Data""}","JB placeholder 0/0/0 (actual, forecast and previous all 0.0) next to the real print of the same release",real print 2024-01-03 15:00:00 actual=8.79 forecast=8.84 previous=8.85 in the parquet
delete,usd_adp_nonfarm_employment_change,2024-01-08 13:15:00,,,,,,,,,"{""actual"": 0.0, ""forecast"": 0.0, ""previous"": 0.0, ""forecast_origin"": ""unknown"", ""jb_status"": ""Good Data""}","JB placeholder 0/0/0 (actual, forecast and previous all 0.0) next to the real print of the same release",real print 2024-01-04 13:15:00 actual=164.0 forecast=120.0 previous=101.0 in the parquet
delete,jpy_labor_cash_earnings,2024-01-08 23:30:00,,,,,,,,,"{""actual"": 0.0, ""forecast"": 0.0, ""previous"": 0.0, ""forecast_origin"": ""unknown"", ""jb_status"": ""Bad Data""}","JB placeholder 0/0/0 (actual, forecast and previous all 0.0) next to the real print of the same release",real print 2024-01-09 23:30:00 actual=0.2 forecast=1.5 previous=1.5 in the parquet
delete,usd_initial_jobless_claims,2024-01-09 13:30:00,,,,,,,,,"{""actual"": 0.0, ""forecast"": 0.0, ""previous"": 0.0, ""forecast_origin"": ""unknown"", ""jb_status"": ""Good Data""}","JB placeholder 0/0/0 (actual, forecast and previous all 0.0) next to the real print of the same release",real print 2024-01-11 13:30:00 actual=202.0 forecast=209.0 previous=203.0 in the parquet
delete,usd_average_hourly_earnings,2024-01-10 13:30:00,,,,,,,,,"{""actual"": 0.0, ""forecast"": 0.0, ""previous"": 0.0, ""forecast_origin"": ""unknown"", ""jb_status"": ""Bad Data""}","JB placeholder 0/0/0 (actual, forecast and previous all 0.0) next to the real print of the same release",real print 2024-01-05 13:30:00 actual=0.4 forecast=0.3 previous=0.4 in the parquet
delete,usd_nonfarm_payrolls,2024-01-10 13:30:00,,,,,,,,,"{""actual"": 0.0, ""forecast"": 0.0, ""previous"": 0.0, ""forecast_origin"": ""unknown"", ""jb_status"": ""Good Data""}","JB placeholder 0/0/0 (actual, forecast and previous all 0.0) next to the real print of the same release",real print 2024-01-05 13:30:00 actual=216.0 forecast=168.0 previous=173.0 in the parquet
delete,chf_ppi,2024-01-14 07:30:00,,,,,,,,,"{""actual"": 0.0, ""forecast"": 0.0, ""previous"": 0.0, ""forecast_origin"": ""unknown"", ""jb_status"": ""Bad Data""}","JB placeholder 0/0/0 (actual, forecast and previous all 0.0) next to the real print of the same release",real print 2024-01-19 07:30:00 actual=-0.6 forecast=-0.6 previous=-0.9 in the parquet
delete,gbp_cpi,2024-01-15 07:00:00,,,,,,,,,"{""actual"": 0.0, ""forecast"": 0.0, ""previous"": 0.0, ""forecast_origin"": ""unknown"", ""jb_status"": ""Bad Data""}","JB placeholder 0/0/0 (actual, forecast and previous all 0.0) next to the real print of the same release",real print 2024-01-17 07:00:00 actual=4.0 forecast=3.8 previous=3.9 in the parquet
delete,aud_employment_change,2024-01-16 00:30:00,,,,,,,,,"{""actual"": 0.0, ""forecast"": 0.0, ""previous"": 0.0, ""forecast_origin"": ""unknown"", ""jb_status"": ""Good Data""}","JB placeholder 0/0/0 (actual, forecast and previous all 0.0) next to the real print of the same release",real print 2024-01-18 00:30:00 actual=-65.1 forecast=15.4 previous=72.6 in the parquet
delete,gbp_retail_sales,2024-01-17 07:00:00,,,,,,,,,"{""actual"": 0.0, ""forecast"": 0.0, ""previous"": 0.0, ""forecast_origin"": ""unknown"", ""jb_status"": ""Good Data""}","JB placeholder 0/0/0 (actual, forecast and previous all 0.0) next to the real print of the same release",real print 2024-01-19 07:00:00 actual=-3.2 forecast=-0.5 previous=1.4 in the parquet
delete,jpy_core_machinery_orders,2024-01-19 23:50:00,,,,,,,,,"{""actual"": 0.0, ""forecast"": 0.0, ""previous"": 0.0, ""forecast_origin"": ""unknown"", ""jb_status"": ""Good Data""}","JB placeholder 0/0/0 (actual, forecast and previous all 0.0) next to the real print of the same release",real print 2024-01-17 23:50:00 actual=-4.9 forecast=-0.8 previous=0.7 in the parquet
delete,jpy_core_cpi,2024-01-21 05:00:00,,,,,,,,,"{""actual"": 0.0, ""forecast"": 0.0, ""previous"": 0.0, ""forecast_origin"": ""unknown"", ""jb_status"": ""Bad Data""}","JB placeholder 0/0/0 (actual, forecast and previous all 0.0) next to the real print of the same release",real print 2024-01-23 05:00:00 actual=2.6 forecast=2.8 previous=2.7 in the parquet
delete,gbp_average_weekly_earnings_total_pay,2024-01-21 07:00:00,,,,,,,,,"{""actual"": 0.0, ""forecast"": 0.0, ""previous"": 0.0, ""forecast_origin"": ""unknown"", ""jb_status"": ""Bad Data""}","JB placeholder 0/0/0 (actual, forecast and previous all 0.0) next to the real print of the same release",real print 2024-01-16 07:00:00 actual=6.5 forecast=6.8 previous=7.2 in the parquet
delete,gbp_claimant_count_change,2024-01-21 07:00:00,,,,,,,,,"{""actual"": 0.0, ""forecast"": 0.0, ""previous"": 0.0, ""forecast_origin"": ""unknown"", ""jb_status"": ""Good Data""}","JB placeholder 0/0/0 (actual, forecast and previous all 0.0) next to the real print of the same release",real print 2024-01-16 07:00:00 actual=11.7 forecast=18.1 previous=0.6 in the parquet
delete,usd_initial_jobless_claims,2024-01-23 13:30:00,,,,,,,,,"{""actual"": 0.0, ""forecast"": 0.0, ""previous"": 0.0, ""forecast_origin"": ""unknown"", ""jb_status"": ""Good Data""}","JB placeholder 0/0/0 (actual, forecast and previous all 0.0) next to the real print of the same release",real print 2024-01-25 13:30:00 actual=214.0 forecast=199.0 previous=189.0 in the parquet
delete,jpy_cpi,2024-01-23 23:30:00,,,,,,,,,"{""actual"": 0.0, ""forecast"": 0.0, ""previous"": 0.0, ""forecast_origin"": ""unknown"", ""jb_status"": ""Good Data""}","JB placeholder 0/0/0 (actual, forecast and previous all 0.0) next to the real print of the same release",real print 2024-01-18 23:30:00 actual=2.3 forecast=2.3 previous=2.5 in the parquet
delete,jpy_sppi,2024-01-27 23:50:00,,,,,,,,,"{""actual"": 0.0, ""forecast"": 0.0, ""previous"": 0.0, ""forecast_origin"": ""unknown"", ""jb_status"": ""Good Data""}","JB placeholder 0/0/0 (actual, forecast and previous all 0.0) next to the real print of the same release",real print 2024-01-25 23:50:00 actual=2.4 forecast=2.4 previous=2.4 in the parquet
delete,aud_import_prices,2024-01-30 00:30:00,,,,,,,,,"{""actual"": 0.0, ""forecast"": 0.0, ""previous"": 0.0, ""forecast_origin"": ""unknown"", ""jb_status"": ""Good Data""}","JB placeholder 0/0/0 (actual, forecast and previous all 0.0) next to the real print of the same release",real print 2024-02-01 00:30:00 actual=1.1 forecast=0.6 previous=0.8 in the parquet
delete,chf_retail_sales,2024-01-30 07:30:00,,,,,,,,,"{""actual"": 0.0, ""forecast"": 0.0, ""previous"": 0.0, ""forecast_origin"": ""unknown"", ""jb_status"": ""Good Data""}","JB placeholder 0/0/0 (actual, forecast and previous all 0.0) next to the real print of the same release",real print 2024-01-31 07:30:00 actual=-0.8 forecast=0.9 previous=-1.5 in the parquet
delete,eur_ecb_interest_rate_decision,2024-01-30 13:15:00,,,,,,,,,"{""actual"": 0.0, ""forecast"": 0.0, ""previous"": 0.0, ""forecast_origin"": ""unknown"", ""jb_status"": ""Good Data""}","JB placeholder 0/0/0 (actual, forecast and previous all 0.0) next to the real print of the same release",real print 2024-01-25 13:15:00 actual=4.5 forecast=4.5 previous=4.5 in the parquet
delete,usd_advance_gdp_price_index,2024-01-30 13:30:00,,,,,,,,,"{""actual"": 0.0, ""forecast"": 0.0, ""previous"": 0.0, ""forecast_origin"": ""unknown"", ""jb_status"": ""Good Data""}","JB placeholder 0/0/0 (actual, forecast and previous all 0.0) next to the real print of the same release",real print 2024-01-25 13:30:00 actual=1.5 forecast=2.3 previous=3.3 in the parquet
delete,jpy_tokyo_core_cpi,2024-01-30 23:30:00,,,,,,,,,"{""actual"": 0.0, ""forecast"": 0.0, ""previous"": 0.0, ""forecast_origin"": ""unknown"", ""jb_status"": ""Bad Data""}","JB placeholder 0/0/0 (actual, forecast and previous all 0.0) next to the real print of the same release",real print 2024-01-25 23:30:00 actual=1.6 forecast=1.9 previous=2.1 in the parquet
delete,jpy_unemployment_rate,2024-01-30 23:30:00,,,,,,,,,"{""actual"": 0.0, ""forecast"": 0.0, ""previous"": 0.0, ""forecast_origin"": ""unknown"", ""jb_status"": ""Good Data""}","JB placeholder 0/0/0 (actual, forecast and previous all 0.0) next to the real print of the same release",real print 2024-01-29 23:30:00 actual=2.4 forecast=2.5 previous=2.5 in the parquet
delete,aud_ppi,2024-01-31 00:30:00,,,,,,,,,"{""actual"": 0.0, ""forecast"": 0.0, ""previous"": 0.0, ""forecast_origin"": ""unknown"", ""jb_status"": ""Bad Data""}","JB placeholder 0/0/0 (actual, forecast and previous all 0.0) next to the real print of the same release",real print 2024-02-02 00:30:00 actual=0.9 forecast=1.9 previous=1.8 in the parquet
delete,usd_core_pce_price_index,2024-01-31 13:30:00,,,,,,,,,"{""actual"": 0.0, ""forecast"": 0.0, ""previous"": 0.0, ""forecast_origin"": ""unknown"", ""jb_status"": ""Bad Data""}","JB placeholder 0/0/0 (actual, forecast and previous all 0.0) next to the real print of the same release",real print 2024-01-26 13:30:00 actual=0.2 forecast=0.2 previous=0.1 in the parquet
delete,jpy_boj_interest_rate_decision,2024-12-17 22:00:00,,,,,,,,,"{""actual"": 0.0, ""forecast"": 0.25, ""previous"": 0.25, ""forecast_origin"": ""unknown"", ""jb_status"": ""Bad Data""}","BoJ placeholder row (JB 0.0/NaN at 00:00 server time or a pre-print re-listing), not the decision itself",real decision row kept/inserted at the FF release time (see the insert for the same meeting)
delete,chf_procurech_manufacturing_pmi,2025-01-02 08:30:00,,,,,,,,,"{""actual"": 0.0, ""forecast"": 48.4, ""previous"": 48.5, ""forecast_origin"": ""unknown"", ""jb_status"": null}",JB 0.0 placeholder on a level/index series next to the real print of the same release,real print 2025-01-03 08:30:00 actual=48.4 forecast=48.4 previous=48.5 in the parquet
delete,chf_retail_sales,2025-01-06 06:30:00,,,,,,,,,"{""actual"": 0.0, ""forecast"": 1.3, ""previous"": 1.4, ""forecast_origin"": ""unknown"", ""jb_status"": ""Bad Data""}",DST/pre-print copy (0.0 placeholder) <=2h from the real print of the same release,real print 2025-01-06 07:30:00 actual=0.8 forecast=1.3 previous=1.5 in the parquet
delete,jpy_boj_interest_rate_decision,2025-01-22 22:00:00,,,,,,,,,"{""actual"": 0.0, ""forecast"": 0.5, ""previous"": 0.25, ""forecast_origin"": ""unknown"", ""jb_status"": ""Bad Data""}","BoJ placeholder row (JB 0.0/NaN at 00:00 server time or a pre-print re-listing), not the decision itself",real decision row kept/inserted at the FF release time (see the insert for the same meeting)
delete,jpy_boj_interest_rate_decision,2025-03-17 21:00:00,,,,,,,,,"{""actual"": 0.0, ""forecast"": 0.5, ""previous"": 0.5, ""forecast_origin"": ""unknown"", ""jb_status"": ""Bad Data""}","BoJ placeholder row (JB 0.0/NaN at 00:00 server time or a pre-print re-listing), not the decision itself",real decision row kept/inserted at the FF release time (see the insert for the same meeting)
delete,chf_ppi,2025-04-14 06:30:00,,,,,,,,,"{""actual"": 0.0, ""forecast"": 0.2, ""previous"": 0.3, ""forecast_origin"": ""unknown"", ""jb_status"": ""Good Data""}",DST/pre-print copy (0.0 placeholder) <=2h from the real print of the same release,real print 2025-04-14 06:35:00 actual=0.1 forecast=0.2 previous=0.3 in the parquet
delete,jpy_boj_interest_rate_decision,2025-04-29 21:00:00,,,,,,,,,"{""actual"": 0.0, ""forecast"": 0.5, ""previous"": 0.5, ""forecast_origin"": ""unknown"", ""jb_status"": ""Bad Data""}","BoJ placeholder row (JB 0.0/NaN at 00:00 server time or a pre-print re-listing), not the decision itself",real decision row kept/inserted at the FF release time (see the insert for the same meeting)
delete,jpy_core_cpi,2025-05-27 05:00:00,,,,,,,,,"{""actual"": 0.0, ""forecast"": 2.3, ""previous"": 2.2, ""forecast_origin"": ""unknown"", ""jb_status"": ""Good Data""}",DST/pre-print copy (0.0 placeholder) <=2h from the real print of the same release,real print 2025-05-27 05:02:00 actual=2.4 forecast=2.3 previous=2.2 in the parquet
delete,chf_unemployment_rate,2025-06-04 21:00:00,,,,,,,,,"{""actual"": 0.0, ""forecast"": 2.8, ""previous"": 2.8, ""forecast_origin"": ""unknown"", ""jb_status"": ""Bad Data""}",JB 0.0 placeholder on a level/index series next to the real print of the same release,real print 2025-06-05 07:00:00 actual=2.9 forecast=2.8 previous=2.8 in the parquet
delete,chf_unemployment_rate,2025-06-05 05:45:00,,,,,,,,,"{""actual"": 0.0, ""forecast"": 2.8, ""previous"": 2.8, ""forecast_origin"": ""unknown"", ""jb_status"": ""Bad Data""}",JB 0.0 placeholder on a level/index series next to the real print of the same release,real print 2025-06-05 07:00:00 actual=2.9 forecast=2.8 previous=2.8 in the parquet
delete,jpy_boj_interest_rate_decision,2025-06-15 21:00:00,,,,,,,,,"{""actual"": 0.0, ""forecast"": 0.5, ""previous"": 0.5, ""forecast_origin"": ""unknown"", ""jb_status"": ""Bad Data""}","BoJ placeholder row (JB 0.0/NaN at 00:00 server time or a pre-print re-listing), not the decision itself",real decision row kept/inserted at the FF release time (see the insert for the same meeting)
delete,jpy_boj_interest_rate_decision,2025-07-29 21:00:00,,,,,,,,,"{""actual"": 0.0, ""forecast"": 0.5, ""previous"": 0.5, ""forecast_origin"": ""unknown"", ""jb_status"": ""Bad Data""}","BoJ placeholder row (JB 0.0/NaN at 00:00 server time or a pre-print re-listing), not the decision itself",real decision row kept/inserted at the FF release time (see the insert for the same meeting)
delete,jpy_core_cpi,2025-08-26 05:00:00,,,,,,,,,"{""actual"": 0.0, ""forecast"": 2.4, ""previous"": 2.3, ""forecast_origin"": ""unknown"", ""jb_status"": ""Good Data""}",DST/pre-print copy (0.0 placeholder) <=2h from the real print of the same release,real print 2025-08-26 05:10:00 actual=2.0 forecast=2.4 previous=2.3 in the parquet
delete,chf_retail_sales,2025-09-01 05:30:00,,,,,,,,,"{""actual"": 0.0, ""forecast"": 3.6, ""previous"": 3.8, ""forecast_origin"": ""unknown"", ""jb_status"": ""Bad Data""}",DST/pre-print copy (0.0 placeholder) <=2h from the real print of the same release,real print 2025-09-01 06:30:00 actual=0.7 forecast=3.6 previous=3.9 in the parquet
delete,jpy_boj_interest_rate_decision,2025-09-17 21:00:00,,,,,,,,,"{""actual"": 0.0, ""forecast"": 0.5, ""previous"": 0.5, ""forecast_origin"": ""unknown"", ""jb_status"": ""Bad Data""}","BoJ placeholder row (JB 0.0/NaN at 00:00 server time or a pre-print re-listing), not the decision itself",real decision row kept/inserted at the FF release time (see the insert for the same meeting)
delete,usd_average_hourly_earnings,2025-10-02 21:00:00,,,,,,,,,"{""actual"": 0.0, ""forecast"": 0.3, ""previous"": 0.3, ""forecast_origin"": ""unknown"", ""jb_status"": ""Bad Data""}",placeholder for the employment report postponed by the US shutdown; the September 2025 data was published 2025-11-20 (present),https://www.bls.gov/bls/2025-lapse-revised-release-dates.htm (config/known_gaps.yaml us_shutdown_2025)
delete,usd_nonfarm_payrolls,2025-10-02 21:00:00,,,,,,,,,"{""actual"": 0.0, ""forecast"": 52.0, ""previous"": 22.0, ""forecast_origin"": ""unknown"", ""jb_status"": ""Bad Data""}",placeholder for the employment report postponed by the US shutdown; the September 2025 data was published 2025-11-20 (present),https://www.bls.gov/bls/2025-lapse-revised-release-dates.htm (config/known_gaps.yaml us_shutdown_2025)
delete,usd_unemployment_rate,2025-10-02 21:00:00,,,,,,,,,"{""actual"": 0.0, ""forecast"": 4.3, ""previous"": 4.3, ""forecast_origin"": ""unknown"", ""jb_status"": ""Bad Data""}",placeholder for the employment report postponed by the US shutdown; the September 2025 data was published 2025-11-20 (present),https://www.bls.gov/bls/2025-lapse-revised-release-dates.htm (config/known_gaps.yaml us_shutdown_2025)
delete,chf_procurech_manufacturing_pmi,2025-12-01 08:30:00,,,,,,,,,"{""actual"": 0.0, ""forecast"": 49.0, ""previous"": 48.2, ""forecast_origin"": ""unknown"", ""jb_status"": null}",JB 0.0 placeholder on a level/index series next to the real print of the same release,real print 2025-12-04 08:30:00 actual=49.7 forecast=48.9 previous=48.2 in the parquet
delete,jpy_boj_interest_rate_decision,2025-12-17 22:00:00,,,,,,,,,"{""actual"": 0.0, ""forecast"": 0.75, ""previous"": 0.5, ""forecast_origin"": ""unknown"", ""jb_status"": ""Bad Data""}","BoJ placeholder row (JB 0.0/NaN at 00:00 server time or a pre-print re-listing), not the decision itself",real decision row kept/inserted at the FF release time (see the insert for the same meeting)
delete,usd_initial_jobless_claims,2026-02-19 12:30:00,,,,,,,,,"{""actual"": 0.0, ""forecast"": 223.0, ""previous"": 227.0, ""forecast_origin"": ""unknown"", ""jb_status"": ""Bad Data""}",JB 0.0 placeholder on a level/index series next to the real print of the same release,real print 2026-02-19 13:30:00 actual=206.0 forecast=223.0 previous=229.0 in the parquet
delete,aud_s_p_global_manufacturing_pmi,2026-02-19 21:00:00,,,,,,,,,"{""actual"": 0.0, ""forecast"": 0.0, ""previous"": 52.3, ""forecast_origin"": ""unknown"", ""jb_status"": ""Data Not Loaded""}",JB 0.0 placeholder on a level/index series next to the real print of the same release,real print 2026-02-19 22:00:00 actual=51.5 forecast=0.0 previous=52.3 in the parquet
delete,aud_s_p_global_services_pmi,2026-02-19 21:00:00,,,,,,,,,"{""actual"": 0.0, ""forecast"": 0.0, ""previous"": 56.3, ""forecast_origin"": ""unknown"", ""jb_status"": ""Data Not Loaded""}",JB 0.0 placeholder on a level/index series next to the real print of the same release,real print 2026-02-19 22:00:00 actual=52.2 forecast=0.0 previous=56.3 in the parquet
delete,jpy_cpi,2026-02-19 22:30:00,,,,,,,,,"{""actual"": 0.0, ""forecast"": 2.0, ""previous"": 2.4, ""forecast_origin"": ""unknown"", ""jb_status"": ""Data Not Loaded""}",DST/pre-print copy (0.0 placeholder) <=2h from the real print of the same release,real print 2026-02-19 23:30:00 actual=2.0 forecast=2.0 previous=2.4 in the parquet
delete,jpy_au_jibun_bank_manufacturing_pmi,2026-02-19 23:30:00,,,,,,,,,"{""actual"": 0.0, ""forecast"": 51.3, ""previous"": 51.5, ""forecast_origin"": ""unknown"", ""jb_status"": ""Data Not Loaded""}",JB 0.0 placeholder on a level/index series next to the real print of the same release,real print 2026-02-20 00:30:00 actual=52.8 forecast=51.3 previous=51.5 in the parquet
delete,eur_s_p_global_manufacturing_pmi,2026-02-20 08:00:00,,,,,,,,,"{""actual"": 0.0, ""forecast"": 49.9, ""previous"": 49.5, ""forecast_origin"": ""unknown"", ""jb_status"": ""Bad Data""}",JB 0.0 placeholder on a level/index series next to the real print of the same release,real print 2026-02-20 09:00:00 actual=50.8 forecast=49.9 previous=49.5 in the parquet
delete,eur_s_p_global_services_pmi,2026-02-20 08:00:00,,,,,,,,,"{""actual"": 0.0, ""forecast"": 51.9, ""previous"": 51.6, ""forecast_origin"": ""unknown"", ""jb_status"": ""Bad Data""}",JB 0.0 placeholder on a level/index series next to the real print of the same release,real print 2026-02-20 09:00:00 actual=51.8 forecast=51.9 previous=51.6 in the parquet
delete,usd_advance_gdp_price_index,2026-02-20 12:30:00,,,,,,,,,"{""actual"": 0.0, ""forecast"": 2.8, ""previous"": 3.8, ""forecast_origin"": ""unknown"", ""jb_status"": ""Data Not Loaded""}",DST/pre-print copy (0.0 placeholder) <=2h from the real print of the same release,real print 2026-02-20 13:30:00 actual=0.4 forecast=0.4 previous=0.4 in the parquet
delete,jpy_core_cpi,2026-02-24 05:00:00,,,,,,,,,"{""actual"": 0.0, ""forecast"": 0.0, ""previous"": 0.0, ""forecast_origin"": ""unknown"", ""jb_status"": ""Data Not Loaded""}","JB placeholder 0/0/0 (actual, forecast and previous all 0.0) next to the real print of the same release",real print 2026-02-25 05:00:00 actual=1.7 forecast=1.8 previous=1.9 in the parquet
delete,chf_gdp,2026-02-25 08:00:00,,,,,,,,,"{""actual"": 0.0, ""forecast"": 0.0, ""previous"": 0.0, ""forecast_origin"": ""unknown"", ""jb_status"": ""Data Not Loaded""}","JB placeholder 0/0/0 (actual, forecast and previous all 0.0) next to the real print of the same release",real print 2026-02-27 07:00:00 actual=0.1 forecast=0.2 previous=-0.4 in the parquet
delete,chf_retail_sales,2026-02-26 07:30:00,,,,,,,,,"{""actual"": 0.0, ""forecast"": 0.0, ""previous"": 0.0, ""forecast_origin"": ""unknown"", ""jb_status"": ""Data Not Loaded""}","JB placeholder 0/0/0 (actual, forecast and previous all 0.0) next to the real print of the same release",real print 2026-03-02 07:30:00 actual=-1.1 forecast=2.7 previous=2.8 in the parquet
delete,jpy_tokyo_core_cpi,2026-02-26 22:30:00,,,,,,,,,"{""actual"": 0.0, ""forecast"": 1.7, ""previous"": 2.0, ""forecast_origin"": ""unknown"", ""jb_status"": ""Data Not Loaded""}",DST/pre-print copy (0.0 placeholder) <=2h from the real print of the same release,real print 2026-02-26 23:30:00 actual=1.8 forecast=1.7 previous=2.0 in the parquet
delete,jpy_prelim_industrial_production,2026-02-26 22:50:00,,,,,,,,,"{""actual"": 0.0, ""forecast"": 5.5, ""previous"": -0.1, ""forecast_origin"": ""unknown"", ""jb_status"": ""Data Not Loaded""}",DST/pre-print copy (0.0 placeholder) <=2h from the real print of the same release,real print 2026-02-26 23:50:00 actual=1.8 forecast=0.1 previous=-0.9 in the parquet
delete,jpy_boj_interest_rate_decision,2026-04-26 21:00:00,,,,,,,,,"{""actual"": 0.0, ""forecast"": 0.75, ""previous"": 0.75, ""forecast_origin"": ""unknown"", ""jb_status"": ""Bad Data""}","BoJ placeholder row (JB 0.0/NaN at 00:00 server time or a pre-print re-listing), not the decision itself",real decision row kept/inserted at the FF release time (see the insert for the same meeting)
delete,jpy_boj_interest_rate_decision,2026-07-29 21:00:00,,,,,,,,,"{""actual"": null, ""forecast"": 1.0, ""previous"": 1.0, ""forecast_origin"": ""unknown"", ""jb_status"": ""Bad Data""}","BoJ placeholder row (JB 0.0/NaN at 00:00 server time or a pre-print re-listing), not the decision itself",real decision row kept/inserted at the FF release time (see the insert for the same meeting)
delete,jpy_tokyo_core_cpi,2026-07-30 22:30:00,,,,,,,,,"{""actual"": 0.0, ""forecast"": 1.8, ""previous"": 1.6, ""forecast_origin"": ""ff"", ""jb_status"": ""Bad Data""}",DST/pre-print copy (0.0 placeholder) <=2h from the real print of the same release,real print 2026-07-30 23:30:00 actual=1.9 forecast=1.8 previous=1.6 in the parquet
delete,jpy_prelim_industrial_production,2026-07-30 22:50:00,,,,,,,,,"{""actual"": 0.0, ""forecast"": 1.0, ""previous"": 0.1, ""forecast_origin"": ""ff"", ""jb_status"": ""Good Data""}",DST/pre-print copy (0.0 placeholder) <=2h from the real print of the same release,real print 2026-07-30 23:50:00 actual=1.3 forecast=1.0 previous=0.1 in the parquet
delete,jpy_boj_interest_rate_decision,2026-07-31 02:30:00,,,,,,,,,"{""actual"": null, ""forecast"": 1.0, ""previous"": 1.0, ""forecast_origin"": ""ff"", ""jb_status"": null}","BoJ placeholder row (JB 0.0/NaN at 00:00 server time or a pre-print re-listing), not the decision itself",real decision row kept/inserted at the FF release time (see the insert for the same meeting)
delete,jpy_boj_interest_rate_decision,2026-07-31 02:50:00,,,,,,,,,"{""actual"": null, ""forecast"": 1.0, ""previous"": 1.0, ""forecast_origin"": ""ff"", ""jb_status"": null}","BoJ placeholder row (JB 0.0/NaN at 00:00 server time or a pre-print re-listing), not the decision itself",real decision row kept/inserted at the FF release time (see the insert for the same meeting)
delete,chf_retail_sales,2026-09-01 06:30:00,,,,,,,,,"{""actual"": 0.0, ""forecast"": 1.6, ""previous"": 1.5, ""forecast_origin"": ""ff"", ""jb_status"": ""Good Data""}",DST/pre-print copy (0.0 placeholder) <=2h from the real print of the same release,real print 2026-09-01 06:33:00 actual=2.3 forecast=1.6 previous=1.9 in the parquet
delete,jpy_boj_interest_rate_decision,2026-09-16 21:00:00,,,,,,,,,"{""actual"": 0.0, ""forecast"": 1.25, ""previous"": 1.0, ""forecast_origin"": ""jb"", ""jb_status"": ""Bad Data""}","BoJ placeholder row (JB 0.0/NaN at 00:00 server time or a pre-print re-listing), not the decision itself",real decision row kept/inserted at the FF release time (see the insert for the same meeting)
delete,jpy_boj_interest_rate_decision,2026-09-18 02:30:00,,,,,,,,,"{""actual"": null, ""forecast"": 1.25, ""previous"": 1.0, ""forecast_origin"": ""ff"", ""jb_status"": ""Bad Data""}","BoJ placeholder row (JB 0.0/NaN at 00:00 server time or a pre-print re-listing), not the decision itself",real decision row kept/inserted at the FF release time (see the insert for the same meeting)
insert,jpy_gdp,2023-02-13 23:50:00,JPY,Prelim GDP q/q,GDP q/q,0.2,0.5,-0.2,ff,,,publication missing from the parquet,https://www.forexfactory.com/calendar?day=feb13.2023
insert,jpy_gdp,2023-05-16 23:50:00,JPY,Prelim GDP q/q,GDP q/q,0.4,0.2,0.0,ff,,,publication missing from the parquet,https://www.forexfactory.com/calendar?day=may16.2023
insert,usd_core_cpi,2023-08-10 12:30:00,USD,Core CPI m/m,Core CPI y/y,0.2,0.2,0.2,ff,,,publication missing from the parquet,https://www.forexfactory.com/calendar?day=aug10.2023
insert,jpy_gdp,2023-08-14 23:50:00,JPY,Prelim GDP q/q,GDP q/q,1.5,0.8,0.7,ff,,,publication missing from the parquet,https://www.forexfactory.com/calendar?day=aug14.2023
insert,jpy_gdp,2023-11-14 23:50:00,JPY,Prelim GDP q/q,GDP q/q,-0.5,-0.1,1.2,ff,,,publication missing from the parquet,https://www.forexfactory.com/calendar?day=nov14.2023
insert,chf_gdp,2023-12-01 08:00:00,CHF,GDP q/q,GDP q/q,0.3,0.1,-0.1,ff,,,publication missing from the parquet,https://www.forexfactory.com/calendar?day=dec1.2023
insert,chf_procurech_manufacturing_pmi,2023-12-01 08:30:00,CHF,Manufacturing PMI,procure.ch Manufacturing PMI,42.1,42.0,40.6,ff,,,publication missing from the parquet (historical id of the same series),https://www.forexfactory.com/calendar?day=dec1.2023
insert,gbp_s_p_global_cips_manufacturing_pmi,2023-12-01 09:30:00,GBP,Final Manufacturing PMI,S&P Global/CIPS Manufacturing PMI,47.2,46.7,46.7,ff,,,publication missing from the parquet,https://www.forexfactory.com/calendar?day=dec1.2023
insert,cad_employment_change,2023-12-01 13:30:00,CAD,Employment Change,Employment Change,24.9,14.2,17.5,ff,,,publication missing from the parquet,https://www.forexfactory.com/calendar?day=dec1.2023
insert,cad_unemployment_rate,2023-12-01 13:30:00,CAD,Unemployment Rate,Unemployment Rate,5.8,5.8,5.7,ff,,,publication missing from the parquet,https://www.forexfactory.com/calendar?day=dec1.2023
insert,cad_s_p_global_manufacturing_pmi,2023-12-01 14:30:00,CAD,Manufacturing PMI,S&P Global Manufacturing PMI,47.7,,48.6,ff_blank,,,publication missing from the parquet,https://www.forexfactory.com/calendar?day=dec1.2023
insert,usd_ism_manufacturing_pmi,2023-12-01 15:00:00,USD,ISM Manufacturing PMI,ISM Manufacturing PMI,46.7,47.9,46.7,ff,,,publication missing from the parquet,https://www.forexfactory.com/calendar?day=dec1.2023
insert,aud_company_operating_profits,2023-12-04 00:30:00,AUD,Company Operating Profits q/q,Company Operating Profits q/q,-1.3,1.2,-12.1,ff,,,publication missing from the parquet,https://www.forexfactory.com/calendar?day=dec3.2023
insert,chf_cpi,2023-12-04 07:30:00,CHF,CPI m/m,CPI y/y,-0.2,0.0,0.1,ff,,,publication missing from the parquet,https://www.forexfactory.com/calendar?day=dec4.2023
insert,jpy_tokyo_core_cpi,2023-12-04 23:30:00,JPY,Tokyo Core CPI y/y,Tokyo Core CPI y/y,2.3,2.4,2.7,ff,,,publication missing from the parquet,https://www.forexfactory.com/calendar?day=dec4.2023
insert,aud_rba_interest_rate_decision,2023-12-05 03:30:00,AUD,Cash Rate,RBA Interest Rate Decision,4.35,4.35,4.35,ff,,,publication missing from the parquet,https://www.forexfactory.com/calendar?day=dec4.2023
insert,gbp_s_p_global_cips_services_pmi,2023-12-05 09:30:00,GBP,Final Services PMI,S&P Global/CIPS Services PMI,50.9,50.5,50.5,ff,,,publication missing from the parquet,https://www.forexfactory.com/calendar?day=dec5.2023
insert,eur_ppi,2023-12-05 10:00:00,EUR,PPI m/m,PPI y/y,0.2,0.2,0.5,ff,,,publication missing from the parquet,https://www.forexfactory.com/calendar?day=dec5.2023
insert,usd_ism_non_manufacturing_pmi,2023-12-05 15:00:00,USD,ISM Services PMI,ISM Non-Manufacturing PMI,52.7,52.2,51.8,ff,,,publication missing from the parquet,https://www.forexfactory.com/calendar?day=dec5.2023
insert,usd_jolts_job_openings,2023-12-05 15:00:00,USD,JOLTS Job Openings,JOLTS Job Openings,8.73,9.31,9.35,ff,,,publication missing from the parquet,https://www.forexfactory.com/calendar?day=dec5.2023
insert,aud_gdp,2023-12-06 00:30:00,AUD,GDP q/q,GDP q/q,0.2,0.5,0.4,ff,,,publication missing from the parquet,https://www.forexfactory.com/calendar?day=dec5.2023
insert,eur_retail_sales,2023-12-06 10:00:00,EUR,Retail Sales m/m,Retail Sales m/m,0.1,0.2,-0.1,ff,,,publication missing from the parquet,https://www.forexfactory.com/calendar?day=dec6.2023
insert,usd_adp_nonfarm_employment_change,2023-12-06 13:15:00,USD,ADP Non-Farm Employment Change,ADP Nonfarm Employment Change,103.0,131.0,106.0,ff,,,publication missing from the parquet,https://www.forexfactory.com/calendar?day=dec6.2023
insert,cad_boc_interest_rate_decision,2023-12-06 15:00:00,CAD,Overnight Rate,BoC Interest Rate Decision,5.0,5.0,5.0,ff,,,publication missing from the parquet,https://www.forexfactory.com/calendar?day=dec6.2023
insert,chf_unemployment_rate,2023-12-07 06:45:00,CHF,Unemployment Rate,Unemployment Rate,2.1,2.1,2.1,ff,,,publication missing from the parquet,https://www.forexfactory.com/calendar?day=dec7.2023
insert,usd_initial_jobless_claims,2023-12-07 13:30:00,USD,Unemployment Claims,Initial Jobless Claims,220.0,221.0,219.0,ff,,,publication missing from the parquet,https://www.forexfactory.com/calendar?day=dec7.2023
insert,jpy_labor_cash_earnings,2023-12-07 23:30:00,JPY,Average Cash Earnings y/y,Labor Cash Earnings y/y,1.5,1.0,0.6,ff,,,publication missing from the parquet,https://www.forexfactory.com/calendar?day=dec7.2023
insert,usd_average_hourly_earnings,2023-12-08 13:30:00,USD,Average Hourly Earnings m/m,Average Hourly Earnings y/y,0.4,0.3,0.2,ff,,,publication missing from the parquet,https://www.forexfactory.com/calendar?day=dec8.2023
insert,usd_nonfarm_payrolls,2023-12-08 13:30:00,USD,Non-Farm Employment Change,Nonfarm Payrolls,199.0,184.0,150.0,ff,,,publication missing from the parquet,https://www.forexfactory.com/calendar?day=dec8.2023
insert,usd_unemployment_rate,2023-12-08 13:30:00,USD,Unemployment Rate,Unemployment Rate,3.7,3.9,3.9,ff,,,publication missing from the parquet,https://www.forexfactory.com/calendar?day=dec8.2023
insert,jpy_ppi,2023-12-11 23:50:00,JPY,PPI y/y,PPI y/y,0.3,0.1,0.9,ff,,,publication missing from the parquet,https://www.forexfactory.com/calendar?day=dec11.2023
insert,gbp_average_weekly_earnings_total_pay,2023-12-12 07:00:00,GBP,Average Earnings Index 3m/y,"Average Weekly Earnings, Total Pay y/y",7.2,7.7,8.0,ff,,,publication missing from the parquet,https://www.forexfactory.com/calendar?day=dec12.2023
insert,gbp_claimant_count_change,2023-12-12 07:00:00,GBP,Claimant Count Change,Claimant Count Change,16.0,20.3,8.9,ff,,,publication missing from the parquet,https://www.forexfactory.com/calendar?day=dec12.2023
insert,gbp_unemployment_rate,2023-12-12 07:00:00,GBP,Unemployment Rate,Unemployment Rate,4.2,4.2,4.2,ff,,,publication missing from the parquet,https://www.forexfactory.com/calendar?day=dec12.2023
insert,usd_core_cpi,2023-12-12 13:30:00,USD,Core CPI m/m,Core CPI y/y,0.3,0.3,0.2,ff,,,publication missing from the parquet,https://www.forexfactory.com/calendar?day=dec12.2023
insert,usd_cpi,2023-12-12 13:30:00,USD,CPI y/y,CPI y/y,3.1,3.1,3.2,ff,,,publication missing from the parquet,https://www.forexfactory.com/calendar?day=dec12.2023
insert,gbp_gdp,2023-12-13 07:00:00,GBP,GDP m/m,GDP m/m,-0.3,-0.1,0.2,ff,,,publication missing from the parquet,https://www.forexfactory.com/calendar?day=dec13.2023
insert,gbp_industrial_production,2023-12-13 07:00:00,GBP,Industrial Production m/m,Industrial Production m/m,-0.8,-0.1,0.0,ff,,,publication missing from the parquet,https://www.forexfactory.com/calendar?day=dec13.2023
insert,usd_ppi,2023-12-13 13:30:00,USD,PPI m/m,PPI y/y,0.0,0.0,-0.4,ff,,,publication missing from the parquet,https://www.forexfactory.com/calendar?day=dec13.2023
insert,usd_fed_interest_rate_decision,2023-12-13 19:00:00,USD,Federal Funds Rate,Fed Interest Rate Decision,5.5,5.5,5.5,ff,,,publication missing from the parquet,https://www.forexfactory.com/calendar?day=dec13.2023
insert,nzd_gdp,2023-12-13 21:45:00,NZD,GDP q/q,GDP q/q,-0.3,0.2,0.5,ff,,,publication missing from the parquet,https://www.forexfactory.com/calendar?day=dec13.2023
insert,jpy_core_machinery_orders,2023-12-13 23:50:00,JPY,Core Machinery Orders m/m,Core Machinery Orders m/m,0.7,-0.4,1.4,ff,,,publication missing from the parquet,https://www.forexfactory.com/calendar?day=dec13.2023
insert,aud_employment_change,2023-12-14 00:30:00,AUD,Employment Change,Employment Change,61.5,10.6,42.7,ff,,,publication missing from the parquet,https://www.forexfactory.com/calendar?day=dec13.2023
insert,aud_unemployment_rate,2023-12-14 00:30:00,AUD,Unemployment Rate,Unemployment Rate,3.9,3.8,3.8,ff,,,publication missing from the parquet,https://www.forexfactory.com/calendar?day=dec13.2023
insert,chf_ppi,2023-12-14 07:30:00,CHF,PPI m/m,PPI y/y,-0.9,0.1,0.2,ff,,,publication missing from the parquet,https://www.forexfactory.com/calendar?day=dec14.2023
insert,chf_snb_interest_rate_decision,2023-12-14 08:30:00,CHF,SNB Policy Rate,SNB Interest Rate Decision,1.75,1.75,1.75,ff,,,publication missing from the parquet,https://www.forexfactory.com/calendar?day=dec14.2023
insert,gbp_boe_interest_rate_decision,2023-12-14 12:00:00,GBP,Official Bank Rate,BoE Interest Rate Decision,5.25,5.25,5.25,ff,,,publication missing from the parquet,https://www.forexfactory.com/calendar?day=dec14.2023
insert,eur_ecb_interest_rate_decision,2023-12-14 13:15:00,EUR,Main Refinancing Rate,ECB Interest Rate Decision,4.5,4.5,4.5,ff,,,publication missing from the parquet,https://www.forexfactory.com/calendar?day=dec14.2023
insert,usd_import_prices,2023-12-14 13:30:00,USD,Import Prices m/m,Import Prices m/m,-0.4,-0.7,-0.6,ff,,,publication missing from the parquet,https://www.forexfactory.com/calendar?day=dec14.2023
insert,usd_initial_jobless_claims,2023-12-14 13:30:00,USD,Unemployment Claims,Initial Jobless Claims,202.0,219.0,221.0,ff,,,publication missing from the parquet,https://www.forexfactory.com/calendar?day=dec14.2023
insert,usd_retail_sales,2023-12-14 13:30:00,USD,Retail Sales m/m,Retail Sales m/m,0.3,-0.1,-0.2,ff,,,publication missing from the parquet,https://www.forexfactory.com/calendar?day=dec14.2023
insert,usd_industrial_production,2023-12-15 14:15:00,USD,Industrial Production m/m,Industrial Production m/m,0.2,0.3,-0.9,ff,,,publication missing from the parquet,https://www.forexfactory.com/calendar?day=dec15.2023
insert,nzd_businessnz_services_index,2023-12-17 21:30:00,NZD,BusinessNZ Services Index,BusinessNZ Services Index,51.2,,49.2,ff_blank,,,publication missing from the parquet,https://www.forexfactory.com/calendar?day=dec17.2023
insert,jpy_boj_interest_rate_decision,2023-12-19 02:49:00,JPY,BOJ Policy Rate,BoJ Interest Rate Decision,-0.1,-0.1,-0.1,ff,,,publication missing from the parquet,https://www.forexfactory.com/calendar?day=dec18.2023
insert,cad_common_cpi,2023-12-19 13:30:00,CAD,Common CPI y/y,Common CPI y/y,3.9,4.0,4.2,ff,,,publication missing from the parquet,https://www.forexfactory.com/calendar?day=dec19.2023
insert,cad_cpi,2023-12-19 13:30:00,CAD,CPI m/m,CPI y/y,0.1,-0.1,0.1,ff,,,publication missing from the parquet,https://www.forexfactory.com/calendar?day=dec19.2023
insert,cad_ippi,2023-12-19 13:30:00,CAD,IPPI m/m,IPPI y/y,-0.4,-0.7,-0.9,ff,,,publication missing from the parquet,https://www.forexfactory.com/calendar?day=dec19.2023
insert,cad_median_cpi,2023-12-19 13:30:00,CAD,Median CPI y/y,Median CPI y/y,3.4,3.3,3.4,ff,,,publication missing from the parquet,https://www.forexfactory.com/calendar?day=dec19.2023
insert,cad_trimmed_cpi,2023-12-19 13:30:00,CAD,Trimmed CPI y/y,Trimmed CPI y/y,3.5,3.4,3.5,ff,,,publication missing from the parquet,https://www.forexfactory.com/calendar?day=dec19.2023
insert,gbp_core_cpi,2023-12-20 07:00:00,GBP,Core CPI y/y,Core CPI y/y,5.1,5.6,5.7,ff,,,publication missing from the parquet,https://www.forexfactory.com/calendar?day=dec20.2023
insert,gbp_cpi,2023-12-20 07:00:00,GBP,CPI y/y,CPI y/y,3.9,4.3,4.6,ff,,,publication missing from the parquet,https://www.forexfactory.com/calendar?day=dec20.2023
insert,gbp_ppi_output,2023-12-20 07:00:00,GBP,PPI Output m/m,PPI Output y/y,-0.1,-0.1,0.3,ff,,,publication missing from the parquet,https://www.forexfactory.com/calendar?day=dec20.2023
insert,cad_retail_sales,2023-12-21 13:30:00,CAD,Retail Sales m/m,Retail Sales m/m,0.7,0.8,0.5,ff,,,publication missing from the parquet,https://www.forexfactory.com/calendar?day=dec21.2023
insert,usd_initial_jobless_claims,2023-12-21 13:30:00,USD,Unemployment Claims,Initial Jobless Claims,205.0,214.0,203.0,ff,,,publication missing from the parquet,https://www.forexfactory.com/calendar?day=dec21.2023
insert,jpy_cpi,2023-12-21 23:30:00,JPY,National Core CPI y/y,CPI y/y,2.5,2.5,2.9,ff,,,publication missing from the parquet,https://www.forexfactory.com/calendar?day=dec21.2023
insert,gbp_retail_sales,2023-12-22 07:00:00,GBP,Retail Sales m/m,Retail Sales m/m,1.3,0.4,0.0,ff,,,publication missing from the parquet,https://www.forexfactory.com/calendar?day=dec22.2023
insert,cad_gdp,2023-12-22 13:30:00,CAD,GDP m/m,GDP q/q,0.0,0.2,0.0,ff,,,publication missing from the parquet,https://www.forexfactory.com/calendar?day=dec22.2023
insert,usd_core_pce_price_index,2023-12-22 13:30:00,USD,Core PCE Price Index m/m,Core PCE Price Index y/y,0.1,0.2,0.1,ff,,,publication missing from the parquet,https://www.forexfactory.com/calendar?day=dec22.2023
insert,usd_durable_goods_orders,2023-12-22 13:30:00,USD,Durable Goods Orders m/m,Durable Goods Orders m/m,5.4,2.4,-5.1,ff,,,publication missing from the parquet,https://www.forexfactory.com/calendar?day=dec22.2023
insert,usd_personal_income,2023-12-22 13:30:00,USD,Personal Income m/m,Personal Income m/m,0.4,0.4,0.3,ff,,,publication missing from the parquet,https://www.forexfactory.com/calendar?day=dec22.2023
insert,usd_personal_spending,2023-12-22 13:30:00,USD,Personal Spending m/m,Personal Spending m/m,0.2,0.3,0.1,ff,,,publication missing from the parquet,https://www.forexfactory.com/calendar?day=dec22.2023
insert,jpy_unemployment_rate,2023-12-25 23:30:00,JPY,Unemployment Rate,Unemployment Rate,2.5,2.5,2.5,ff,,,publication missing from the parquet,https://www.forexfactory.com/calendar?day=dec25.2023
insert,jpy_sppi,2023-12-25 23:50:00,JPY,SPPI y/y,SPPI y/y,2.3,2.4,2.3,ff,,,publication missing from the parquet,https://www.forexfactory.com/calendar?day=dec25.2023
insert,jpy_core_cpi,2023-12-26 05:00:00,JPY,BOJ Core CPI y/y,Core CPI y/y,2.7,3.0,3.0,ff,,,publication missing from the parquet,https://www.forexfactory.com/calendar?day=dec26.2023
insert,jpy_prelim_industrial_production,2023-12-27 23:50:00,JPY,Prelim Industrial Production m/m,Prelim Industrial Production m/m,-0.9,-1.7,1.3,ff,,,publication missing from the parquet,https://www.forexfactory.com/calendar?day=dec27.2023
insert,jpy_retail_sales,2023-12-27 23:50:00,JPY,Retail Sales y/y,Retail Sales m/m,5.3,5.1,4.1,ff,,,publication missing from the parquet,https://www.forexfactory.com/calendar?day=dec27.2023
insert,usd_initial_jobless_claims,2023-12-28 13:30:00,USD,Unemployment Claims,Initial Jobless Claims,218.0,211.0,206.0,ff,,,publication missing from the parquet,https://www.forexfactory.com/calendar?day=dec28.2023
insert,jpy_gdp,2024-02-14 23:50:00,JPY,Prelim GDP q/q,GDP q/q,-0.1,0.2,-0.7,ff,,,publication missing from the parquet,https://www.forexfactory.com/calendar?day=feb14.2024
insert,usd_core_cpi,2024-04-10 12:30:00,USD,Core CPI m/m,Core CPI y/y,0.4,0.3,0.4,ff,,,publication missing from the parquet,https://www.forexfactory.com/calendar?day=apr10.2024
insert,jpy_gdp,2024-05-15 23:50:00,JPY,Prelim GDP q/q,GDP q/q,-0.5,-0.3,0.1,ff,,,publication missing from the parquet,https://www.forexfactory.com/calendar?day=may15.2024
insert,jpy_gdp,2024-08-14 23:50:00,JPY,Prelim GDP q/q,GDP q/q,0.8,0.6,-0.5,ff,,,publication missing from the parquet,https://www.forexfactory.com/calendar?day=aug14.2024
insert,usd_personal_income,2024-10-31 12:30:00,USD,Personal Income m/m,Personal Income m/m,0.3,0.3,0.2,ff,,,publication missing from the parquet,https://www.forexfactory.com/calendar?day=oct31.2024
insert,jpy_gdp,2024-11-14 23:50:00,JPY,Prelim GDP q/q,GDP q/q,0.2,0.2,0.7,ff,,,publication missing from the parquet,https://www.forexfactory.com/calendar?day=nov14.2024
insert,jpy_capital_spending,2024-12-01 23:50:00,JPY,Capital Spending q/y,Capital Spending q/y,8.1,6.7,7.4,ff,,,publication missing from the parquet,https://www.forexfactory.com/calendar?day=dec1.2024
insert,aud_company_operating_profits,2024-12-02 00:30:00,AUD,Company Operating Profits q/q,Company Operating Profits q/q,-4.6,0.6,-6.8,ff,,,publication missing from the parquet,https://www.forexfactory.com/calendar?day=dec1.2024
insert,aud_retail_sales,2024-12-02 00:30:00,AUD,Retail Sales m/m,Retail Sales m/m,0.6,0.4,0.1,ff,,,publication missing from the parquet,https://www.forexfactory.com/calendar?day=dec1.2024
insert,jpy_boj_interest_rate_decision,2024-12-19 02:52:00,JPY,BOJ Policy Rate,BoJ Interest Rate Decision,0.25,0.25,0.25,ff,,,publication missing from the parquet,https://www.forexfactory.com/calendar?day=dec18.2024
insert,jpy_boj_interest_rate_decision,2025-01-24 03:23:00,JPY,BOJ Policy Rate,BoJ Interest Rate Decision,0.5,0.5,0.25,ff,,,publication missing from the parquet,https://www.forexfactory.com/calendar?day=jan23.2025
insert,jpy_gdp,2025-02-16 23:50:00,JPY,Prelim GDP q/q,GDP q/q,0.7,0.3,0.3,ff,,,publication missing from the parquet,https://www.forexfactory.com/calendar?day=feb16.2025
insert,jpy_boj_interest_rate_decision,2025-03-19 02:25:00,JPY,BOJ Policy Rate,BoJ Interest Rate Decision,0.5,0.5,0.5,ff,,,publication missing from the parquet,https://www.forexfactory.com/calendar?day=mar18.2025
insert,jpy_boj_interest_rate_decision,2025-05-01 03:03:00,JPY,BOJ Policy Rate,BoJ Interest Rate Decision,0.5,0.5,0.5,ff,,,publication missing from the parquet,https://www.forexfactory.com/calendar?day=apr30.2025
insert,jpy_gdp,2025-05-15 23:50:00,JPY,Prelim GDP q/q,GDP q/q,-0.2,-0.1,0.7,ff,,,publication missing from the parquet,https://www.forexfactory.com/calendar?day=may15.2025
insert,jpy_boj_interest_rate_decision,2025-06-17 03:30:00,JPY,BOJ Policy Rate,BoJ Interest Rate Decision,0.5,0.5,0.5,ff,,,publication missing from the parquet,https://www.forexfactory.com/calendar?day=jun16.2025
insert,cad_trimmed_cpi,2025-06-24 12:30:00,CAD,Trimmed CPI y/y,Trimmed CPI y/y,3.0,3.0,3.1,ff,,,publication missing from the parquet,https://www.forexfactory.com/calendar?day=jun24.2025
insert,jpy_boj_interest_rate_decision,2025-07-31 02:57:00,JPY,BOJ Policy Rate,BoJ Interest Rate Decision,0.5,0.5,0.5,ff,,,publication missing from the parquet,https://www.forexfactory.com/calendar?day=jul30.2025
insert,usd_ppi,2025-08-14 12:30:00,USD,PPI m/m,PPI y/y,0.9,0.2,0.0,ff,,,publication missing from the parquet,https://www.forexfactory.com/calendar?day=aug14.2025
insert,jpy_gdp,2025-08-14 23:50:00,JPY,Prelim GDP q/q,GDP q/q,0.3,0.1,0.0,ff,,,publication missing from the parquet,https://www.forexfactory.com/calendar?day=aug14.2025
insert,aud_household_spending,2025-09-04 01:30:00,AUD,Household Spending m/m,Household Spending m/m,0.5,0.5,0.3,ff,,,publication missing from the parquet,https://www.forexfactory.com/calendar?day=sep3.2025
insert,usd_ppi,2025-09-10 12:30:00,USD,PPI m/m,PPI y/y,-0.1,0.3,0.7,ff,,,publication missing from the parquet,https://www.forexfactory.com/calendar?day=sep10.2025
insert,jpy_boj_interest_rate_decision,2025-09-19 03:47:00,JPY,BOJ Policy Rate,BoJ Interest Rate Decision,0.5,0.5,0.5,ff,,,publication missing from the parquet,https://www.forexfactory.com/calendar?day=sep18.2025
insert,chf_snb_interest_rate_decision,2025-09-25 07:30:00,CHF,SNB Policy Rate,SNB Interest Rate Decision,0.0,0.0,0.0,ff,,,publication missing from the parquet,https://www.forexfactory.com/calendar?day=sep25.2025
insert,jpy_gdp,2025-11-16 23:50:00,JPY,Prelim GDP q/q,GDP q/q,-0.4,-0.6,0.5,ff,,,publication missing from the parquet,https://www.forexfactory.com/calendar?day=nov16.2025
insert,chf_snb_interest_rate_decision,2025-12-11 08:30:00,CHF,SNB Policy Rate,SNB Interest Rate Decision,0.0,0.0,0.0,ff,,,publication missing from the parquet,https://www.forexfactory.com/calendar?day=dec11.2025
insert,cad_trimmed_cpi,2025-12-15 13:30:00,CAD,Trimmed CPI y/y,Trimmed CPI y/y,2.8,2.9,3.0,ff,,,publication missing from the parquet,https://www.forexfactory.com/calendar?day=dec15.2025
insert,jpy_boj_interest_rate_decision,2025-12-19 03:19:00,JPY,BOJ Policy Rate,BoJ Interest Rate Decision,0.75,0.75,0.5,ff,,,publication missing from the parquet,https://www.forexfactory.com/calendar?day=dec18.2025
insert,usd_gdp,2025-12-23 13:30:00,USD,Advance GDP q/q,GDP q/q,4.3,3.3,3.8,ff,,,"Q3 2025 first GDP estimate: the advance release was cancelled (shutdown); BEA's initial estimate of 2025-12-23 is the first print. FF lists it as 'Prelim GDP q/q' (a telemetry name for USD), recorded here under the Advance series so it is scored as the first release",https://www.forexfactory.com/calendar?day=dec23.2025 (Prelim GDP q/q 4.3% / 3.3% / 3.8%)
insert,aud_cpi,2026-02-25 00:30:00,AUD,CPI y/y,CPI y/y,3.8,3.7,3.8,ff,,,publication missing from the parquet,https://www.forexfactory.com/calendar?day=feb24.2026
insert,aud_monthly_trimmed_mean_cpi,2026-02-25 00:30:00,AUD,Trimmed Mean CPI m/m,Monthly Trimmed Mean CPI m/m,0.3,0.4,0.2,ff,,,publication missing from the parquet,https://www.forexfactory.com/calendar?day=feb24.2026
insert,chf_snb_interest_rate_decision,2026-03-19 08:30:00,CHF,SNB Policy Rate,SNB Interest Rate Decision,0.0,0.0,0.0,ff,,,publication missing from the parquet,https://www.forexfactory.com/calendar?day=mar19.2026
insert,usd_average_hourly_earnings,2026-04-03 12:30:00,USD,Average Hourly Earnings m/m,Average Hourly Earnings y/y,0.2,0.3,0.4,ff,,,publication missing from the parquet,https://www.forexfactory.com/calendar?day=apr3.2026
insert,usd_nonfarm_payrolls,2026-04-03 12:30:00,USD,Non-Farm Employment Change,Nonfarm Payrolls,178.0,65.0,-133.0,ff,,,publication missing from the parquet,https://www.forexfactory.com/calendar?day=apr3.2026
insert,usd_unemployment_rate,2026-04-03 12:30:00,USD,Unemployment Rate,Unemployment Rate,4.3,4.4,4.4,ff,,,publication missing from the parquet,https://www.forexfactory.com/calendar?day=apr3.2026
insert,usd_ism_non_manufacturing_pmi,2026-04-06 14:00:00,USD,ISM Services PMI,ISM Non-Manufacturing PMI,54.0,54.8,56.1,ff,,,publication missing from the parquet,https://www.forexfactory.com/calendar?day=apr6.2026
insert,aud_household_spending,2026-04-07 01:30:00,AUD,Household Spending m/m,Household Spending m/m,0.3,0.2,0.3,ff,,,publication missing from the parquet,https://www.forexfactory.com/calendar?day=apr6.2026
insert,jpy_boj_interest_rate_decision,2026-04-28 03:04:00,JPY,BOJ Policy Rate,BoJ Interest Rate Decision,0.75,0.75,0.75,ff,,,publication missing from the parquet,https://www.forexfactory.com/calendar?day=apr27.2026
insert,chf_snb_interest_rate_decision,2026-06-18 07:30:00,CHF,SNB Policy Rate,SNB Interest Rate Decision,0.0,0.0,0.0,ff,,,publication missing from the parquet,https://www.forexfactory.com/calendar?day=jun18.2026
update,chf_ppi,2023-01-19 07:30:00,,,,,,,,"{""actual"": -0.7, ""forecast"": -0.4, ""previous"": -0.5, ""forecast_origin"": ""ff"", ""jb_status"": null}","{""actual"": -0.6, ""forecast"": -0.6, ""previous"": -0.9, ""forecast_origin"": ""unknown"", ""jb_status"": ""Bad Data""}",placeholder/consensus/value corrected from the FF calendar page,https://www.forexfactory.com/calendar?day=jan19.2023
update,nzd_businessnz_manufacturing_index,2023-01-19 21:30:00,,,,,,,,"{""forecast"": null, ""forecast_origin"": ""ff_blank""}","{""actual"": 47.2, ""forecast"": 0.0, ""previous"": 47.2, ""forecast_origin"": ""unknown"", ""jb_status"": ""Good Data""}",placeholder/consensus/value corrected from the FF calendar page,https://www.forexfactory.com/calendar?day=jan19.2023
update,cad_gdp,2023-02-28 13:30:00,,,,,,,,"{""forecast"": 0.0, ""forecast_origin"": ""ff""}","{""actual"": -0.1, ""forecast"": 0.0, ""previous"": 0.1, ""forecast_origin"": ""unknown"", ""jb_status"": ""Bad Data""}",placeholder/consensus/value corrected from the FF calendar page,https://www.forexfactory.com/calendar?day=feb28.2023
update,gbp_industrial_production,2023-03-10 07:00:00,,,,,,,,"{""forecast"": 0.0, ""forecast_origin"": ""ff""}","{""actual"": -0.3, ""forecast"": 0.0, ""previous"": 0.3, ""forecast_origin"": ""unknown"", ""jb_status"": ""Bad Data""}",placeholder/consensus/value corrected from the FF calendar page,https://www.forexfactory.com/calendar?day=mar10.2023
update,usd_ppi,2023-04-13 12:30:00,,,,,,,,"{""forecast"": 0.0, ""forecast_origin"": ""ff""}","{""actual"": -0.5, ""forecast"": 0.0, ""previous"": 0.0, ""forecast_origin"": ""unknown"", ""jb_status"": ""Bad Data""}",placeholder/consensus/value corrected from the FF calendar page,https://www.forexfactory.com/calendar?day=apr13.2023
update,nzd_businessnz_manufacturing_index,2023-04-13 22:30:00,,,,,,,,"{""forecast"": null, ""forecast_origin"": ""ff_blank""}","{""actual"": 48.1, ""forecast"": 0.0, ""previous"": 51.7, ""forecast_origin"": ""unknown"", ""jb_status"": ""Bad Data""}",placeholder/consensus/value corrected from the FF calendar page,https://www.forexfactory.com/calendar?day=apr13.2023
update,gbp_gdp,2023-05-12 06:00:00,,,,,,,,"{""forecast"": 0.0, ""forecast_origin"": ""ff""}","{""actual"": -0.3, ""forecast"": 0.0, ""previous"": 0.0, ""forecast_origin"": ""unknown"", ""jb_status"": ""Bad Data""}",placeholder/consensus/value corrected from the FF calendar page,https://www.forexfactory.com/calendar?day=may12.2023
update,usd_industrial_production,2023-05-16 13:15:00,,,,,,,,"{""forecast"": 0.0, ""forecast_origin"": ""ff""}","{""actual"": 0.5, ""forecast"": 0.0, ""previous"": 0.4, ""forecast_origin"": ""unknown"", ""jb_status"": ""Good Data""}",placeholder/consensus/value corrected from the FF calendar page,https://www.forexfactory.com/calendar?day=may16.2023
update,usd_industrial_production,2023-07-18 13:15:00,,,,,,,,"{""forecast"": 0.0, ""forecast_origin"": ""ff""}","{""actual"": -0.5, ""forecast"": 0.0, ""previous"": -0.5, ""forecast_origin"": ""unknown"", ""jb_status"": ""Good Data""}",placeholder/consensus/value corrected from the FF calendar page,https://www.forexfactory.com/calendar?day=jul18.2023
update,aud_retail_sales,2023-07-28 01:30:00,,,,,,,,"{""forecast"": 0.0, ""forecast_origin"": ""ff""}","{""actual"": -0.8, ""forecast"": 0.0, ""previous"": 0.8, ""forecast_origin"": ""unknown"", ""jb_status"": ""Bad Data""}",placeholder/consensus/value corrected from the FF calendar page,https://www.forexfactory.com/calendar?day=jul27.2023
update,nzd_businessnz_manufacturing_index,2023-08-10 22:30:00,,,,,,,,"{""forecast"": null, ""forecast_origin"": ""ff_blank""}","{""actual"": 46.3, ""forecast"": 0.0, ""previous"": 47.4, ""forecast_origin"": ""unknown"", ""jb_status"": ""Bad Data""}",placeholder/consensus/value corrected from the FF calendar page,https://www.forexfactory.com/calendar?day=aug10.2023
update,cad_retail_sales,2023-08-23 12:30:00,,,,,,,,"{""forecast"": 0.0, ""forecast_origin"": ""ff""}","{""actual"": 0.1, ""forecast"": 0.0, ""previous"": 0.1, ""forecast_origin"": ""unknown"", ""jb_status"": ""Good Data""}",placeholder/consensus/value corrected from the FF calendar page,https://www.forexfactory.com/calendar?day=aug23.2023
update,chf_cpi,2023-10-03 06:30:00,,,,,,,,"{""forecast"": 0.0, ""forecast_origin"": ""ff""}","{""actual"": -0.1, ""forecast"": 0.0, ""previous"": 0.2, ""forecast_origin"": ""unknown"", ""jb_status"": ""Good Data""}",placeholder/consensus/value corrected from the FF calendar page,https://www.forexfactory.com/calendar?day=oct3.2023
update,usd_industrial_production,2023-10-17 13:15:00,,,,,,,,"{""forecast"": 0.0, ""forecast_origin"": ""ff""}","{""actual"": 0.3, ""forecast"": 0.0, ""previous"": 0.0, ""forecast_origin"": ""unknown"", ""jb_status"": ""Good Data""}",placeholder/consensus/value corrected from the FF calendar page,https://www.forexfactory.com/calendar?day=oct17.2023
update,eur_gdp,2023-10-31 10:00:00,,,,,,,,"{""forecast"": 0.0, ""forecast_origin"": ""ff""}","{""actual"": -0.1, ""forecast"": 0.0, ""previous"": 0.1, ""forecast_origin"": ""unknown"", ""jb_status"": ""Bad Data""}",placeholder/consensus/value corrected from the FF calendar page,https://www.forexfactory.com/calendar?day=oct31.2023
update,gbp_gdp,2023-11-10 07:00:00,,,,,,,,"{""forecast"": 0.0, ""forecast_origin"": ""ff""}","{""actual"": 0.2, ""forecast"": 0.0, ""previous"": 0.1, ""forecast_origin"": ""unknown"", ""jb_status"": ""Good Data""}",placeholder/consensus/value corrected from the FF calendar page,https://www.forexfactory.com/calendar?day=nov10.2023
update,cad_retail_sales,2023-11-24 13:30:00,,,,,,,,"{""forecast"": 0.0, ""forecast_origin"": ""ff""}","{""actual"": 0.6, ""forecast"": 0.0, ""previous"": -0.1, ""forecast_origin"": ""unknown"", ""jb_status"": ""Good Data""}",placeholder/consensus/value corrected from the FF calendar page,https://www.forexfactory.com/calendar?day=nov24.2023
update,cad_gdp,2023-11-30 13:30:00,,,,,,,,"{""forecast"": 0.0, ""forecast_origin"": ""ff""}","{""actual"": 0.1, ""forecast"": 0.0, ""previous"": 0.0, ""forecast_origin"": ""unknown"", ""jb_status"": ""Good Data""}",placeholder/consensus/value corrected from the FF calendar page,https://www.forexfactory.com/calendar?day=nov30.2023
update,eur_sp_global_manufacturing_pmi,2024-01-02 09:00:00,,,,,,,,"{""actual"": 44.4, ""forecast"": 44.2, ""previous"": 44.2, ""forecast_origin"": ""ff"", ""jb_status"": null}","{""actual"": 0.0, ""forecast"": 0.0, ""previous"": 0.0, ""forecast_origin"": ""unknown"", ""jb_status"": null}",placeholder 0/0/0 filled from the FF calendar page,https://www.forexfactory.com/calendar?day=jan2.2024
update,gbp_s_p_global_cips_manufacturing_pmi,2024-01-02 09:30:00,,,,,,,,"{""actual"": 46.2, ""forecast"": 46.4, ""previous"": 46.4, ""forecast_origin"": ""ff"", ""jb_status"": null}","{""actual"": 0.0, ""forecast"": 0.0, ""previous"": 0.0, ""forecast_origin"": ""unknown"", ""jb_status"": ""Good Data""}",placeholder/consensus/value corrected from the FF calendar page,https://www.forexfactory.com/calendar?day=jan2.2024
update,cad_s_p_global_manufacturing_pmi,2024-01-02 14:30:00,,,,,,,,"{""actual"": 45.4, ""forecast"": null, ""previous"": 47.7, ""forecast_origin"": ""ff_blank"", ""jb_status"": null}","{""actual"": 0.0, ""forecast"": 0.0, ""previous"": 0.0, ""forecast_origin"": ""unknown"", ""jb_status"": ""Good Data""}",placeholder/consensus/value corrected from the FF calendar page,https://www.forexfactory.com/calendar?day=jan2.2024
update,chf_retail_sales,2024-01-08 07:30:00,,,,,,,,"{""forecast"": 0.0, ""forecast_origin"": ""ff""}","{""actual"": 0.7, ""forecast"": 0.0, ""previous"": -0.3, ""forecast_origin"": ""unknown"", ""jb_status"": ""Good Data""}",placeholder/consensus/value corrected from the FF calendar page,https://www.forexfactory.com/calendar?day=jan8.2024
update,jpy_ppi,2024-01-15 23:50:00,,,,,,,,"{""actual"": 0.0, ""forecast"": -0.3, ""previous"": 0.3, ""forecast_origin"": ""ff"", ""jb_status"": null}","{""actual"": 0.0, ""forecast"": 0.0, ""previous"": 0.0, ""forecast_origin"": ""unknown"", ""jb_status"": ""Bad Data""}",placeholder/consensus/value corrected from the FF calendar page,https://www.forexfactory.com/calendar?day=jan15.2024
update,cad_retail_sales,2024-01-19 13:30:00,,,,,,,,"{""forecast"": 0.0, ""forecast_origin"": ""ff""}","{""actual"": -0.2, ""forecast"": 0.0, ""previous"": 0.5, ""forecast_origin"": ""unknown"", ""jb_status"": ""Bad Data""}",placeholder/consensus/value corrected from the FF calendar page,https://www.forexfactory.com/calendar?day=jan19.2024
update,usd_import_prices,2024-02-15 13:30:00,,,,,,,,"{""forecast"": 0.0, ""forecast_origin"": ""ff""}","{""actual"": 0.8, ""forecast"": 0.0, ""previous"": -0.7, ""forecast_origin"": ""unknown"", ""jb_status"": ""Good Data""}",placeholder/consensus/value corrected from the FF calendar page,https://www.forexfactory.com/calendar?day=feb15.2024
update,nzd_businessnz_manufacturing_index,2024-02-15 21:30:00,,,,,,,,"{""forecast"": null, ""forecast_origin"": ""ff_blank""}","{""actual"": 47.3, ""forecast"": 0.0, ""previous"": 43.4, ""forecast_origin"": ""unknown"", ""jb_status"": ""Good Data""}",placeholder/consensus/value corrected from the FF calendar page,https://www.forexfactory.com/calendar?day=feb15.2024
update,gbp_industrial_production,2024-03-13 07:00:00,,,,,,,,"{""forecast"": 0.0, ""forecast_origin"": ""ff""}","{""actual"": -0.2, ""forecast"": 0.0, ""previous"": 0.6, ""forecast_origin"": ""unknown"", ""jb_status"": ""Bad Data""}",placeholder/consensus/value corrected from the FF calendar page,https://www.forexfactory.com/calendar?day=mar13.2024
update,usd_industrial_production,2024-03-15 13:15:00,,,,,,,,"{""forecast"": 0.0, ""forecast_origin"": ""ff""}","{""actual"": 0.1, ""forecast"": 0.0, ""previous"": -0.5, ""forecast_origin"": ""unknown"", ""jb_status"": ""Good Data""}",placeholder/consensus/value corrected from the FF calendar page,https://www.forexfactory.com/calendar?day=mar15.2024
update,cad_ippi,2024-03-18 12:30:00,,,,,,,,"{""forecast"": 0.0, ""forecast_origin"": ""ff""}","{""actual"": 0.7, ""forecast"": 0.0, ""previous"": -0.1, ""forecast_origin"": ""unknown"", ""jb_status"": ""Bad Data""}",placeholder/consensus/value corrected from the FF calendar page,https://www.forexfactory.com/calendar?day=mar18.2024
update,gbp_industrial_production,2024-04-12 06:00:00,,,,,,,,"{""forecast"": 0.0, ""forecast_origin"": ""ff""}","{""actual"": 1.1, ""forecast"": 0.0, ""previous"": -0.3, ""forecast_origin"": ""unknown"", ""jb_status"": ""Good Data""}",placeholder/consensus/value corrected from the FF calendar page,https://www.forexfactory.com/calendar?day=apr12.2024
update,cad_gdp,2024-05-31 12:30:00,,,,,,,,"{""forecast"": 0.0, ""forecast_origin"": ""ff""}","{""actual"": 0.0, ""forecast"": 0.0, ""previous"": 0.2, ""forecast_origin"": ""unknown"", ""jb_status"": ""Bad Data""}",placeholder/consensus/value corrected from the FF calendar page,https://www.forexfactory.com/calendar?day=may31.2024
update,gbp_gdp,2024-06-12 06:00:00,,,,,,,,"{""forecast"": 0.0, ""forecast_origin"": ""ff""}","{""actual"": 0.0, ""forecast"": 0.0, ""previous"": 0.4, ""forecast_origin"": ""unknown"", ""jb_status"": ""Bad Data""}",placeholder/consensus/value corrected from the FF calendar page,https://www.forexfactory.com/calendar?day=jun12.2024
update,usd_import_prices,2024-06-14 12:30:00,,,,,,,,"{""forecast"": 0.0, ""forecast_origin"": ""ff""}","{""actual"": -0.4, ""forecast"": 0.0, ""previous"": 0.9, ""forecast_origin"": ""unknown"", ""jb_status"": ""Bad Data""}",placeholder/consensus/value corrected from the FF calendar page,https://www.forexfactory.com/calendar?day=jun14.2024
update,eur_retail_sales,2024-08-06 09:00:00,,,,,,,,"{""forecast"": 0.0, ""forecast_origin"": ""ff""}","{""actual"": -0.3, ""forecast"": 0.0, ""previous"": 0.1, ""forecast_origin"": ""unknown"", ""jb_status"": ""Bad Data""}",placeholder/consensus/value corrected from the FF calendar page,https://www.forexfactory.com/calendar?day=aug6.2024
update,gbp_gdp,2024-08-15 06:00:00,,,,,,,,"{""forecast"": 0.0, ""forecast_origin"": ""ff""}","{""actual"": 0.0, ""forecast"": 0.0, ""previous"": 0.4, ""forecast_origin"": ""unknown"", ""jb_status"": ""Bad Data""}",placeholder/consensus/value corrected from the FF calendar page,https://www.forexfactory.com/calendar?day=aug15.2024
update,nzd_businessnz_manufacturing_index,2024-08-15 22:30:00,,,,,,,,"{""forecast"": null, ""forecast_origin"": ""ff_blank""}","{""actual"": 44.0, ""forecast"": 0.0, ""previous"": 41.2, ""forecast_origin"": ""unknown"", ""jb_status"": ""Good Data""}",placeholder/consensus/value corrected from the FF calendar page,https://www.forexfactory.com/calendar?day=aug15.2024
update,cad_cpi,2024-09-17 12:30:00,,,,,,,,"{""forecast"": 0.0, ""forecast_origin"": ""ff""}","{""actual"": -0.2, ""forecast"": 0.0, ""previous"": 0.4, ""forecast_origin"": ""unknown"", ""jb_status"": ""Good Data""}",placeholder/consensus/value corrected from the FF calendar page,https://www.forexfactory.com/calendar?day=sep17.2024
update,gbp_ppi_output,2024-09-18 06:00:00,,,,,,,,"{""forecast"": 0.0, ""forecast_origin"": ""ff""}","{""actual"": -0.3, ""forecast"": 0.0, ""previous"": 0.0, ""forecast_origin"": ""unknown"", ""jb_status"": ""Bad Data""}",placeholder/consensus/value corrected from the FF calendar page,https://www.forexfactory.com/calendar?day=sep18.2024
update,cad_gdp,2024-10-31 12:30:00,,,,,,,,"{""forecast"": 0.0, ""forecast_origin"": ""ff""}","{""actual"": 0.0, ""forecast"": 0.0, ""previous"": 0.1, ""forecast_origin"": ""unknown"", ""jb_status"": ""Bad Data""}",placeholder/consensus/value corrected from the FF calendar page,https://www.forexfactory.com/calendar?day=oct31.2024
update,chf_cpi,2024-11-01 07:30:00,,,,,,,,"{""forecast"": 0.0, ""forecast_origin"": ""ff""}","{""actual"": -0.1, ""forecast"": 0.0, ""previous"": -0.3, ""forecast_origin"": ""unknown"", ""jb_status"": ""Bad Data""}",placeholder/consensus/value corrected from the FF calendar page,https://www.forexfactory.com/calendar?day=nov1.2024
update,cad_s_p_global_manufacturing_pmi,2024-11-01 13:30:00,,,,,,,,"{""forecast"": null, ""forecast_origin"": ""ff_blank""}","{""actual"": 51.1, ""forecast"": 0.0, ""previous"": 50.4, ""forecast_origin"": ""unknown"", ""jb_status"": ""Good Data""}",placeholder/consensus/value corrected from the FF calendar page,https://www.forexfactory.com/calendar?day=nov1.2024
update,nzd_businessnz_manufacturing_index,2024-11-14 21:30:00,,,,,,,,"{""forecast"": null, ""forecast_origin"": ""ff_blank""}","{""actual"": 45.8, ""forecast"": 0.0, ""previous"": 47.0, ""forecast_origin"": ""unknown"", ""jb_status"": ""Bad Data""}",placeholder/consensus/value corrected from the FF calendar page,https://www.forexfactory.com/calendar?day=nov14.2024
update,cad_s_p_global_manufacturing_pmi,2024-12-02 14:30:00,,,,,,,,"{""forecast"": null, ""forecast_origin"": ""ff_blank""}","{""actual"": 52.0, ""forecast"": 50.8, ""previous"": 51.1, ""forecast_origin"": ""unknown"", ""jb_status"": ""Good Data""}",placeholder/consensus/value corrected from the FF calendar page,https://www.forexfactory.com/calendar?day=dec2.2024
update,nzd_businessnz_services_index,2025-02-16 21:30:00,,,,,,,,"{""forecast"": null, ""forecast_origin"": ""ff_blank""}","{""actual"": 50.4, ""forecast"": 0.0, ""previous"": 48.1, ""forecast_origin"": ""unknown"", ""jb_status"": ""Good Data""}",placeholder/consensus/value corrected from the FF calendar page,https://www.forexfactory.com/calendar?day=feb16.2025
update,cad_gdp,2025-04-30 12:30:00,,,,,,,,"{""forecast"": 0.0, ""forecast_origin"": ""ff""}","{""actual"": -0.2, ""forecast"": 0.0, ""previous"": 0.4, ""forecast_origin"": ""unknown"", ""jb_status"": ""Bad Data""}",placeholder/consensus/value corrected from the FF calendar page,https://www.forexfactory.com/calendar?day=apr30.2025
update,gbp_gdp,2025-05-15 06:00:00,,,,,,,,"{""forecast"": 0.0, ""forecast_origin"": ""ff""}","{""actual"": 0.2, ""forecast"": 0.0, ""previous"": 0.5, ""forecast_origin"": ""unknown"", ""jb_status"": ""Bad Data""}",placeholder/consensus/value corrected from the FF calendar page,https://www.forexfactory.com/calendar?day=may15.2025
update,usd_retail_sales,2025-05-15 12:30:00,,,,,,,,"{""forecast"": 0.0, ""forecast_origin"": ""ff""}","{""actual"": 0.1, ""forecast"": 0.0, ""previous"": 1.7, ""forecast_origin"": ""unknown"", ""jb_status"": ""Bad Data""}",placeholder/consensus/value corrected from the FF calendar page,https://www.forexfactory.com/calendar?day=may15.2025
update,nzd_businessnz_manufacturing_index,2025-05-15 22:30:00,,,,,,,,"{""forecast"": null, ""forecast_origin"": ""ff_blank""}","{""actual"": 53.9, ""forecast"": 0.0, ""previous"": 53.2, ""forecast_origin"": ""unknown"", ""jb_status"": ""Good Data""}",placeholder/consensus/value corrected from the FF calendar page,https://www.forexfactory.com/calendar?day=may15.2025
update,nzd_retail_sales,2025-05-22 22:45:00,,,,,,,,"{""forecast"": 0.0, ""forecast_origin"": ""ff""}","{""actual"": 0.8, ""forecast"": 0.0, ""previous"": 1.0, ""forecast_origin"": ""unknown"", ""jb_status"": ""Bad Data""}",placeholder/consensus/value corrected from the FF calendar page,https://www.forexfactory.com/calendar?day=may22.2025
update,usd_industrial_production,2025-06-17 13:15:00,,,,,,,,"{""forecast"": 0.0, ""forecast_origin"": ""ff""}","{""actual"": -0.2, ""forecast"": 0.0, ""previous"": 0.1, ""forecast_origin"": ""unknown"", ""jb_status"": ""Bad Data""}",placeholder/consensus/value corrected from the FF calendar page,https://www.forexfactory.com/calendar?day=jun17.2025
update,chf_snb_interest_rate_decision,2025-06-19 07:30:00,,,,,,,,"{""forecast"": 0.0, ""forecast_origin"": ""ff""}","{""actual"": 0.0, ""forecast"": 0.0, ""previous"": 0.25, ""forecast_origin"": ""unknown"", ""jb_status"": ""Bad Data""}",placeholder/consensus/value corrected from the FF calendar page,https://www.forexfactory.com/calendar?day=jun19.2025
update,cad_ippi,2025-06-20 12:30:00,,,,,,,,"{""forecast"": 0.0, ""forecast_origin"": ""ff""}","{""actual"": -0.5, ""forecast"": 0.0, ""previous"": -0.8, ""forecast_origin"": ""unknown"", ""jb_status"": ""Bad Data""}",placeholder/consensus/value corrected from the FF calendar page,https://www.forexfactory.com/calendar?day=jun20.2025
update,cad_gdp,2025-06-27 12:30:00,,,,,,,,"{""forecast"": 0.0, ""forecast_origin"": ""ff""}","{""actual"": -0.1, ""forecast"": 0.0, ""previous"": 0.2, ""forecast_origin"": ""unknown"", ""jb_status"": ""Bad Data""}",placeholder/consensus/value corrected from the FF calendar page,https://www.forexfactory.com/calendar?day=jun27.2025
update,eur_gdp,2025-07-30 09:00:00,,,,,,,,"{""forecast"": 0.0, ""forecast_origin"": ""ff""}","{""actual"": 0.1, ""forecast"": 0.0, ""previous"": 0.6, ""forecast_origin"": ""unknown"", ""jb_status"": ""Bad Data""}",placeholder/consensus/value corrected from the FF calendar page,https://www.forexfactory.com/calendar?day=jul30.2025
update,chf_ppi,2025-08-14 06:30:00,,,,,,,,"{""forecast"": 0.0, ""forecast_origin"": ""ff""}","{""actual"": -0.2, ""forecast"": 0.0, ""previous"": -0.1, ""forecast_origin"": ""unknown"", ""jb_status"": ""Good Data""}",placeholder/consensus/value corrected from the FF calendar page,https://www.forexfactory.com/calendar?day=aug14.2025
update,nzd_businessnz_manufacturing_index,2025-08-14 22:30:00,,,,,,,,"{""forecast"": null, ""forecast_origin"": ""ff_blank""}","{""actual"": 52.8, ""forecast"": 0.0, ""previous"": 49.2, ""forecast_origin"": ""unknown"", ""jb_status"": ""Good Data""}",placeholder/consensus/value corrected from the FF calendar page,https://www.forexfactory.com/calendar?day=aug14.2025
update,usd_industrial_production,2025-08-15 13:15:00,,,,,,,,"{""forecast"": 0.0, ""forecast_origin"": ""ff""}","{""actual"": -0.1, ""forecast"": 0.0, ""previous"": 0.4, ""forecast_origin"": ""unknown"", ""jb_status"": ""Bad Data""}",placeholder/consensus/value corrected from the FF calendar page,https://www.forexfactory.com/calendar?day=aug15.2025
update,chf_cpi,2025-09-04 06:30:00,,,,,,,,"{""forecast"": 0.0, ""forecast_origin"": ""ff""}","{""actual"": -0.1, ""forecast"": 0.0, ""previous"": 0.0, ""forecast_origin"": ""unknown"", ""jb_status"": ""Bad Data""}",placeholder/consensus/value corrected from the FF calendar page,https://www.forexfactory.com/calendar?day=sep4.2025
update,gbp_gdp,2025-09-12 06:00:00,,,,,,,,"{""forecast"": 0.0, ""forecast_origin"": ""ff""}","{""actual"": 0.0, ""forecast"": 0.0, ""previous"": 0.4, ""forecast_origin"": ""unknown"", ""jb_status"": ""Bad Data""}",placeholder/consensus/value corrected from the FF calendar page,https://www.forexfactory.com/calendar?day=sep12.2025
update,gbp_industrial_production,2025-09-12 06:00:00,,,,,,,,"{""forecast"": 0.0, ""forecast_origin"": ""ff""}","{""actual"": -0.9, ""forecast"": 0.0, ""previous"": 0.7, ""forecast_origin"": ""unknown"", ""jb_status"": ""Bad Data""}",placeholder/consensus/value corrected from the FF calendar page,https://www.forexfactory.com/calendar?day=sep12.2025
update,cad_cpi,2025-09-16 12:30:00,,,,,,,,"{""forecast"": 0.0, ""forecast_origin"": ""ff""}","{""actual"": -0.1, ""forecast"": 0.0, ""previous"": 0.3, ""forecast_origin"": ""unknown"", ""jb_status"": ""Good Data""}",placeholder/consensus/value corrected from the FF calendar page,https://www.forexfactory.com/calendar?day=sep16.2025
update,jpy_tokyo_core_cpi,2025-09-25 23:30:00,,,,,,,,"{""actual"": 2.5, ""forecast"": 2.8, ""previous"": 2.5, ""forecast_origin"": ""ff"", ""jb_status"": null}","{""actual"": 2.0, ""forecast"": 2.8, ""previous"": 2.5, ""forecast_origin"": ""unknown"", ""jb_status"": ""Good Data""}",placeholder/consensus/value corrected from the FF calendar page,https://www.forexfactory.com/calendar?day=sep25.2025
update,gbp_ppi_output,2025-10-21 21:00:00,,,,,,,,"{""forecast"": null, ""forecast_origin"": ""ff_blank""}","{""actual"": 0.1, ""forecast"": 0.0, ""previous"": 0.6, ""forecast_origin"": ""unknown"", ""jb_status"": ""Bad Data""}",catch-up release (earlier reference month published with the next one); FF shows no consensus,https://www.forexfactory.com/calendar?day=oct22.2025
update,cad_gdp,2025-10-31 12:30:00,,,,,,,,"{""forecast"": 0.0, ""forecast_origin"": ""ff""}","{""actual"": -0.3, ""forecast"": 0.0, ""previous"": 0.3, ""forecast_origin"": ""unknown"", ""jb_status"": ""Bad Data""}",placeholder/consensus/value corrected from the FF calendar page,https://www.forexfactory.com/calendar?day=oct31.2025
update,eur_ppi,2025-11-05 10:00:00,,,,,,,,"{""forecast"": 0.0, ""forecast_origin"": ""ff""}","{""actual"": -0.1, ""forecast"": 0.0, ""previous"": -0.4, ""forecast_origin"": ""unknown"", ""jb_status"": ""Bad Data""}",placeholder/consensus/value corrected from the FF calendar page,https://www.forexfactory.com/calendar?day=nov5.2025
update,gbp_gdp,2025-11-13 07:00:00,,,,,,,,"{""forecast"": 0.0, ""forecast_origin"": ""ff""}","{""actual"": -0.1, ""forecast"": 0.0, ""previous"": 0.0, ""forecast_origin"": ""unknown"", ""jb_status"": ""Bad Data""}",placeholder/consensus/value corrected from the FF calendar page,https://www.forexfactory.com/calendar?day=nov13.2025
update,nzd_businessnz_manufacturing_index,2025-11-13 21:30:00,,,,,,,,"{""forecast"": null, ""forecast_origin"": ""ff_blank""}","{""actual"": 51.4, ""forecast"": 0.0, ""previous"": 50.1, ""forecast_origin"": ""unknown"", ""jb_status"": ""Good Data""}",placeholder/consensus/value corrected from the FF calendar page,https://www.forexfactory.com/calendar?day=nov13.2025
update,nzd_businessnz_services_index,2025-11-16 21:30:00,,,,,,,,"{""forecast"": null, ""forecast_origin"": ""ff_blank""}","{""actual"": 48.7, ""forecast"": 0.0, ""previous"": 48.3, ""forecast_origin"": ""unknown"", ""jb_status"": ""Good Data""}",placeholder/consensus/value corrected from the FF calendar page,https://www.forexfactory.com/calendar?day=nov16.2025
update,usd_initial_jobless_claims,2025-11-18 08:10:00,,,,,,,,"{""forecast"": null, ""forecast_origin"": ""ff_blank"", ""previous"": 220.0}","{""actual"": 232.0, ""forecast"": 0.0, ""previous"": 219.0, ""forecast_origin"": ""unknown"", ""jb_status"": ""Good Data""}",placeholder/consensus/value corrected from the FF calendar page,https://www.forexfactory.com/calendar?day=nov18.2025
update,eur_retail_sales,2025-12-04 10:00:00,,,,,,,,"{""forecast"": 0.0, ""forecast_origin"": ""ff""}","{""actual"": 0.0, ""forecast"": 0.0, ""previous"": 0.1, ""forecast_origin"": ""unknown"", ""jb_status"": ""Bad Data""}",placeholder/consensus/value corrected from the FF calendar page,https://www.forexfactory.com/calendar?day=dec4.2025
update,nzd_businessnz_manufacturing_index,2025-12-11 21:30:00,,,,,,,,"{""forecast"": null, ""forecast_origin"": ""ff_blank""}","{""actual"": 51.4, ""forecast"": 0.0, ""previous"": 51.2, ""forecast_origin"": ""unknown"", ""jb_status"": ""Good Data""}",placeholder/consensus/value corrected from the FF calendar page,https://www.forexfactory.com/calendar?day=dec11.2025
update,usd_average_hourly_earnings,2025-12-15 22:00:00,,,,,,,,"{""forecast"": null, ""forecast_origin"": ""ff_blank""}","{""actual"": 0.4, ""forecast"": 0.0, ""previous"": 0.2, ""forecast_origin"": ""unknown"", ""jb_status"": ""Bad Data""}",catch-up release (earlier reference month published with the next one); FF shows no consensus,https://www.forexfactory.com/calendar?day=dec16.2025
update,usd_nonfarm_payrolls,2025-12-15 22:00:00,,,,,,,,"{""forecast"": null, ""forecast_origin"": ""ff_blank""}","{""actual"": -105.0, ""forecast"": 0.0, ""previous"": 108.0, ""forecast_origin"": ""unknown"", ""jb_status"": ""Bad Data""}",catch-up release (earlier reference month published with the next one); FF shows no consensus,https://www.forexfactory.com/calendar?day=dec16.2025
update,cad_retail_sales,2025-12-19 13:30:00,,,,,,,,"{""forecast"": 0.0, ""forecast_origin"": ""ff""}","{""actual"": -0.2, ""forecast"": 0.0, ""previous"": -0.9, ""forecast_origin"": ""unknown"", ""jb_status"": ""Good Data""}",placeholder/consensus/value corrected from the FF calendar page,https://www.forexfactory.com/calendar?day=dec19.2025
update,usd_industrial_production,2025-12-22 22:00:00,,,,,,,,"{""forecast"": null, ""forecast_origin"": ""ff_blank""}","{""actual"": -0.1, ""forecast"": 0.0, ""previous"": 0.1, ""forecast_origin"": ""unknown"", ""jb_status"": ""Bad Data""}",catch-up release (earlier reference month published with the next one); FF shows no consensus,https://www.forexfactory.com/calendar?day=dec23.2025
update,chf_cpi,2026-01-08 07:30:00,,,,,,,,"{""forecast"": 0.0, ""forecast_origin"": ""ff""}","{""actual"": 0.0, ""forecast"": 0.0, ""previous"": -0.2, ""forecast_origin"": ""unknown"", ""jb_status"": ""Bad Data""}",placeholder/consensus/value corrected from the FF calendar page,https://www.forexfactory.com/calendar?day=jan8.2026
update,usd_prelim_unit_labor_costs,2026-01-08 13:30:00,,,,,,,,"{""forecast"": 0.0, ""forecast_origin"": ""ff""}","{""actual"": -1.9, ""forecast"": 0.0, ""previous"": 1.0, ""forecast_origin"": ""unknown"", ""jb_status"": ""Bad Data""}",placeholder/consensus/value corrected from the FF calendar page,https://www.forexfactory.com/calendar?day=jan8.2026
update,gbp_retail_sales,2026-01-23 07:00:00,,,,,,,,"{""forecast"": 0.0, ""forecast_origin"": ""ff""}","{""actual"": 0.4, ""forecast"": 0.0, ""previous"": -0.1, ""forecast_origin"": ""unknown"", ""jb_status"": ""Good Data""}",placeholder/consensus/value corrected from the FF calendar page,https://www.forexfactory.com/calendar?day=jan23.2026
update,chf_cpi,2026-02-13 07:30:00,,,,,,,,"{""forecast"": 0.0, ""forecast_origin"": ""ff""}","{""actual"": -0.1, ""forecast"": 0.0, ""previous"": 0.0, ""forecast_origin"": ""unknown"", ""jb_status"": ""Bad Data""}",placeholder/consensus/value corrected from the FF calendar page,https://www.forexfactory.com/calendar?day=feb13.2026
update,aud_monthly_cpi_indicator,2026-02-25 00:30:00,,,,,,,,"{""actual"": 0.4, ""forecast"": 0.2, ""previous"": 1.0, ""forecast_origin"": ""ff"", ""jb_status"": null}","{""actual"": -0.1, ""forecast"": 1.2, ""previous"": 0.1, ""forecast_origin"": ""unknown"", ""jb_status"": ""Bad Data""}",placeholder/consensus/value corrected from the FF calendar page,https://www.forexfactory.com/calendar?day=feb24.2026
update,aud_private_capital_expenditure,2026-02-26 00:30:00,,,,,,,,"{""actual"": 0.4, ""forecast"": -0.1, ""previous"": 6.4, ""forecast_origin"": ""ff"", ""jb_status"": null}","{""actual"": 0.0, ""forecast"": 0.0, ""previous"": 0.0, ""forecast_origin"": ""unknown"", ""jb_status"": ""Good Data""}",placeholder/consensus/value corrected from the FF calendar page,https://www.forexfactory.com/calendar?day=feb25.2026
update,chf_ppi,2026-03-17 07:30:00,,,,,,,,"{""forecast"": 0.0, ""forecast_origin"": ""ff""}","{""actual"": -0.3, ""forecast"": 0.0, ""previous"": -0.2, ""forecast_origin"": ""unknown"", ""jb_status"": ""Good Data""}",placeholder/consensus/value corrected from the FF calendar page,https://www.forexfactory.com/calendar?day=mar17.2026
update,cad_gdp,2026-03-31 12:30:00,,,,,,,,"{""forecast"": 0.0, ""forecast_origin"": ""ff""}","{""actual"": 0.1, ""forecast"": 0.0, ""previous"": 0.2, ""forecast_origin"": ""unknown"", ""jb_status"": ""Bad Data""}",placeholder/consensus/value corrected from the FF calendar page,https://www.forexfactory.com/calendar?day=mar31.2026
update,gbp_retail_sales,2026-04-24 06:00:00,,,,,,,,"{""forecast"": 0.0, ""forecast_origin"": ""ff""}","{""actual"": 0.7, ""forecast"": 0.0, ""previous"": -0.6, ""forecast_origin"": ""unknown"", ""jb_status"": ""Good Data""}",placeholder/consensus/value corrected from the FF calendar page,https://www.forexfactory.com/calendar?day=apr24.2026
update,eur_employment_change,2026-05-13 09:00:00,,,,,,,,"{""forecast"": 0.0, ""forecast_origin"": ""ff""}","{""actual"": 0.1, ""forecast"": 0.0, ""previous"": 0.2, ""forecast_origin"": ""unknown"", ""jb_status"": ""Bad Data""}",placeholder/consensus/value corrected from the FF calendar page,https://www.forexfactory.com/calendar?day=may13.2026
update,usd_ppi,2026-07-15 12:30:00,,,,,,,,"{""forecast"": 0.0, ""forecast_origin"": ""ff""}","{""actual"": -0.3, ""forecast"": 0.0, ""previous"": 0.6, ""forecast_origin"": ""unknown"", ""jb_status"": ""Good Data""}",placeholder/consensus/value corrected from the FF calendar page,https://www.forexfactory.com/calendar?day=jul15.2026
update,gbp_gdp,2026-07-16 06:00:00,,,,,,,,"{""forecast"": 0.0, ""forecast_origin"": ""ff""}","{""actual"": 0.1, ""forecast"": 0.0, ""previous"": -0.1, ""forecast_origin"": ""unknown"", ""jb_status"": ""Good Data""}",placeholder/consensus/value corrected from the FF calendar page,https://www.forexfactory.com/calendar?day=jul16.2026
update,cad_gdp,2023-01-31 13:30:00,,,,,,,,"{""actual"": 0.1, ""forecast"": 0.1, ""previous"": 0.1, ""forecast_origin"": ""ff"", ""jb_status"": null}","{""actual"": 0.2, ""forecast"": 0.1, ""previous"": 0.0, ""forecast_origin"": ""unknown"", ""jb_status"": ""Good Data""}",wrong-year row (the Jan-2024 print 0.2/0.1/0.0 dated 2023 by the JB archive) replaced with the real Jan-2023 print from the FF page,https://www.forexfactory.com/calendar?day=jan31.2023
update,chf_retail_sales,2023-01-31 07:30:00,,,,,,,,"{""actual"": -2.8, ""forecast"": -0.7, ""previous"": -1.4, ""forecast_origin"": ""ff"", ""jb_status"": null}","{""actual"": -0.8, ""forecast"": 0.9, ""previous"": -1.5, ""forecast_origin"": ""unknown"", ""jb_status"": ""Good Data""}",wrong-year row (the Jan-2024 print -0.8/0.9/-1.5 dated 2023 by the JB archive) replaced with the real Jan-2023 print from the FF page,https://www.forexfactory.com/calendar?day=jan31.2023
update,chf_unemployment_rate,2023-01-09 06:45:00,,,,,,,,"{""actual"": 1.9, ""forecast"": 2.1, ""previous"": 2.0, ""forecast_origin"": ""ff"", ""jb_status"": null}","{""actual"": 2.2, ""forecast"": 2.2, ""previous"": 2.1, ""forecast_origin"": ""unknown"", ""jb_status"": ""Bad Data""}",wrong-year row (the Jan-2024 print 2.2/2.2/2.1 dated 2023 by the JB archive) replaced with the real Jan-2023 print from the FF page,https://www.forexfactory.com/calendar?day=jan9.2023
update,eur_ppi,2023-01-05 10:00:00,,,,,,,,"{""actual"": -0.9, ""forecast"": -0.8, ""previous"": -3.0, ""forecast_origin"": ""ff"", ""jb_status"": null}","{""actual"": -0.3, ""forecast"": -0.1, ""previous"": 0.3, ""forecast_origin"": ""unknown"", ""jb_status"": ""Good Data""}",wrong-year row (the Jan-2024 print -0.3/-0.1/0.3 dated 2023 by the JB archive) replaced with the real Jan-2023 print from the FF page,https://www.forexfactory.com/calendar?day=jan5.2023
update,eur_sp_global_manufacturing_pmi,2023-01-02 09:00:00,,,,,,,,"{""actual"": 47.8, ""forecast"": 47.8, ""previous"": 47.8, ""forecast_origin"": ""ff"", ""jb_status"": null}","{""actual"": 44.4, ""forecast"": 44.2, ""previous"": 44.2, ""forecast_origin"": ""unknown"", ""jb_status"": null}",wrong-year row (the Jan-2024 print 44.4/44.2/44.2 dated 2023 by the JB archive) replaced with the real Jan-2023 print from the FF page,https://www.forexfactory.com/calendar?day=jan2.2023
update,eur_unemployment_rate,2023-01-09 10:00:00,,,,,,,,"{""actual"": 6.5, ""forecast"": 6.5, ""previous"": 6.5, ""forecast_origin"": ""ff"", ""jb_status"": null}","{""actual"": 6.4, ""forecast"": 6.5, ""previous"": 6.5, ""forecast_origin"": ""unknown"", ""jb_status"": ""Bad Data""}",wrong-year row (the Jan-2024 print 6.4/6.5/6.5 dated 2023 by the JB archive) replaced with the real Jan-2023 print from the FF page,https://www.forexfactory.com/calendar?day=jan9.2023
update,jpy_core_machinery_orders,2023-01-17 23:50:00,,,,,,,,"{""actual"": -8.3, ""forecast"": -1.3, ""previous"": 5.4, ""forecast_origin"": ""ff"", ""jb_status"": null}","{""actual"": -4.9, ""forecast"": -0.8, ""previous"": 0.7, ""forecast_origin"": ""unknown"", ""jb_status"": ""Bad Data""}",wrong-year row (the Jan-2024 print -4.9/-0.8/0.7 dated 2023 by the JB archive) replaced with the real Jan-2023 print from the FF page,https://www.forexfactory.com/calendar?day=jan17.2023
update,jpy_ppi,2023-01-15 23:50:00,,,,,,,,"{""actual"": 10.2, ""forecast"": 9.5, ""previous"": 9.7, ""forecast_origin"": ""ff"", ""jb_status"": null}","{""actual"": 0.0, ""forecast"": -0.3, ""previous"": 0.3, ""forecast_origin"": ""unknown"", ""jb_status"": ""Bad Data""}",wrong-year row (the Jan-2024 print 0.0/-0.3/0.3 dated 2023 by the JB archive) replaced with the real Jan-2023 print from the FF page,https://www.forexfactory.com/calendar?day=jan15.2023
update,jpy_sppi,2023-01-25 23:50:00,,,,,,,,"{""actual"": 1.5, ""forecast"": 1.6, ""previous"": 1.7, ""forecast_origin"": ""ff"", ""jb_status"": null}","{""actual"": 2.4, ""forecast"": 2.4, ""previous"": 2.4, ""forecast_origin"": ""unknown"", ""jb_status"": ""Good Data""}",wrong-year row (the Jan-2024 print 2.4/2.4/2.4 dated 2023 by the JB archive) replaced with the real Jan-2023 print from the FF page,https://www.forexfactory.com/calendar?day=jan25.2023
update,jpy_retail_sales,2023-01-30 23:50:00,,,,,,,,"{""actual"": 3.8, ""forecast"": 3.2, ""previous"": 2.5, ""forecast_origin"": ""ff"", ""jb_status"": null}","{""actual"": 2.1, ""forecast"": 5.0, ""previous"": 5.4, ""forecast_origin"": ""unknown"", ""jb_status"": ""Bad Data""}",wrong-year row (the Jan-2024 print 2.1/5.0/5.4 dated 2023 by the JB archive) replaced with the real Jan-2023 print from the FF page,https://www.forexfactory.com/calendar?day=jan30.2023
update,jpy_prelim_industrial_production,2023-01-30 23:50:00,,,,,,,,"{""actual"": -0.1, ""forecast"": -1.1, ""previous"": 0.2, ""forecast_origin"": ""ff"", ""jb_status"": null}","{""actual"": 1.8, ""forecast"": 2.5, ""previous"": -0.9, ""forecast_origin"": ""unknown"", ""jb_status"": ""Good Data""}",wrong-year row (the Jan-2024 print 1.8/2.5/-0.9 dated 2023 by the JB archive) replaced with the real Jan-2023 print from the FF page,https://www.forexfactory.com/calendar?day=jan30.2023
insert,usd_industrial_production,2024-01-17 14:15:00,USD,Industrial Production m/m,Industrial Production m/m,0.1,-0.1,0.0,ff,,,publication missing from the parquet (the JB archive carried it only as a wrong-year row dated 2023),https://www.forexfactory.com/calendar?day=jan17.2024
insert,jpy_retail_sales,2024-01-30 23:50:00,JPY,Retail Sales y/y,Retail Sales m/m,2.1,5.0,5.4,ff,,,publication missing from the parquet (the JB archive carried it only as a wrong-year row dated 2023),https://www.forexfactory.com/calendar?day=jan30.2024
insert,jpy_prelim_industrial_production,2024-01-30 23:50:00,JPY,Prelim Industrial Production m/m,Prelim Industrial Production m/m,1.8,2.5,-0.9,ff,,,publication missing from the parquet (the JB archive carried it only as a wrong-year row dated 2023),https://www.forexfactory.com/calendar?day=jan30.2024
delete,aud_cpi,2023-01-10 00:30:00,,,,,,,,,"{""actual"": 4.3, ""forecast"": 4.4, ""previous"": 4.9, ""forecast_origin"": ""unknown"", ""jb_status"": ""Good Data""}",wrong-year copy of the 2024-01-10 print (identical 4.3/4.4/4.9; the JB archive dated part of Jan-2024 as Jan-2023); real Jan-2023 print present at 2023-01-11 00:30,https://www.forexfactory.com/calendar?day=jan9.2024 (the 2024 row is in the parquet)
delete,aud_cpi,2023-01-31 00:30:00,,,,,,,,,"{""actual"": 3.4, ""forecast"": 3.7, ""previous"": 4.3, ""forecast_origin"": ""unknown"", ""jb_status"": ""Good Data""}",wrong-year copy of the 2024-01-31 print (identical 3.4/3.7/4.3; the JB archive dated part of Jan-2024 as Jan-2023); real Dec-2022 print of this release present at 2023-01-25 00:30 (8.4),https://www.forexfactory.com/calendar?day=jan30.2024 (the 2024 row is in the parquet)
delete,aud_employment_change,2023-01-18 00:30:00,,,,,,,,,"{""actual"": -65.1, ""forecast"": 15.4, ""previous"": 72.6, ""forecast_origin"": ""unknown"", ""jb_status"": ""Bad Data""}",wrong-year copy of the 2024-01-18 print (identical -65.1/15.4/72.6; the JB archive dated part of Jan-2024 as Jan-2023); real Jan-2023 print present at 2023-01-19 00:30,https://www.forexfactory.com/calendar?day=jan17.2024 (the 2024 row is in the parquet)
delete,aud_import_prices,2023-02-01 00:30:00,,,,,,,,,"{""actual"": 1.1, ""forecast"": 0.6, ""previous"": 0.8, ""forecast_origin"": ""unknown"", ""jb_status"": ""Good Data""}",wrong-year copy of the 2024-02-01 print (identical 1.1/0.6/0.8; the JB archive dated part of Jan-2024 as Jan-2023); real Q4-2022 print present at 2023-01-27 00:30 (1.8),https://www.forexfactory.com/calendar?day=jan31.2024 (the 2024 row is in the parquet)
delete,aud_rba_trimmed_mean_cpi,2023-01-31 00:30:00,,,,,,,,,"{""actual"": 0.8, ""forecast"": 0.9, ""previous"": 1.2, ""forecast_origin"": ""unknown"", ""jb_status"": ""Good Data""}",wrong-year copy of the 2024-01-31 print (identical 0.8/0.9/1.2; the JB archive dated part of Jan-2024 as Jan-2023); real Q4-2022 print present at 2023-01-25 00:30 (1.7),https://www.forexfactory.com/calendar?day=jan30.2024 (the 2024 row is in the parquet)
delete,aud_retail_sales,2023-01-09 00:30:00,,,,,,,,,"{""actual"": 2.0, ""forecast"": 1.2, ""previous"": -0.4, ""forecast_origin"": ""unknown"", ""jb_status"": ""Good Data""}",wrong-year copy of the 2024-01-09 print (identical 2.0/1.2/-0.4; the JB archive dated part of Jan-2024 as Jan-2023); real Jan-2023 print present at 2023-01-11 00:30,https://www.forexfactory.com/calendar?day=jan8.2024 (the 2024 row is in the parquet)
delete,aud_retail_sales,2023-01-30 00:30:00,,,,,,,,,"{""actual"": -2.7, ""forecast"": -1.9, ""previous"": 1.6, ""forecast_origin"": ""unknown"", ""jb_status"": ""Bad Data""}",wrong-year copy of the 2024-01-30 print (identical -2.7/-1.9/1.6; the JB archive dated part of Jan-2024 as Jan-2023); real Jan-2023 print present at 2023-01-31 00:30,https://www.forexfactory.com/calendar?day=jan29.2024 (the 2024 row is in the parquet)
delete,aud_unemployment_rate,2023-01-18 00:30:00,,,,,,,,,"{""actual"": 3.9, ""forecast"": 3.9, ""previous"": 3.9, ""forecast_origin"": ""unknown"", ""jb_status"": ""Good Data""}",wrong-year copy of the 2024-01-18 print (identical 3.9/3.9/3.9; the JB archive dated part of Jan-2024 as Jan-2023); real Jan-2023 print present at 2023-01-19 00:30,https://www.forexfactory.com/calendar?day=jan17.2024 (the 2024 row is in the parquet)
delete,cad_boc_interest_rate_decision,2023-01-24 14:45:00,,,,,,,,,"{""actual"": 5.0, ""forecast"": 5.0, ""previous"": 5.0, ""forecast_origin"": ""unknown"", ""jb_status"": ""Good Data""}",wrong-year copy of the 2024-01-24 print (identical 5.0/5.0/5.0; the JB archive dated part of Jan-2024 as Jan-2023); the BoC decision of 2023-01-25 15:00 (4.50) is present,https://www.forexfactory.com/calendar?day=jan24.2024 (the 2024 row is in the parquet)
delete,cad_common_cpi,2023-01-16 13:30:00,,,,,,,,,"{""actual"": 3.9, ""forecast"": 3.8, ""previous"": 3.9, ""forecast_origin"": ""unknown"", ""jb_status"": ""Good Data""}",wrong-year copy of the 2024-01-16 print (identical 3.9/3.8/3.9; the JB archive dated part of Jan-2024 as Jan-2023); real Jan-2023 print present at 2023-01-17 13:32,https://www.forexfactory.com/calendar?day=jan16.2024 (the 2024 row is in the parquet)
delete,cad_cpi,2023-01-16 13:30:00,,,,,,,,,"{""actual"": -0.3, ""forecast"": -0.3, ""previous"": 0.1, ""forecast_origin"": ""unknown"", ""jb_status"": ""Good Data""}",wrong-year copy of the 2024-01-16 print (identical -0.3/-0.3/0.1; the JB archive dated part of Jan-2024 as Jan-2023); real Jan-2023 print present at 2023-01-17 13:30,https://www.forexfactory.com/calendar?day=jan16.2024 (the 2024 row is in the parquet)
delete,cad_employment_change,2023-01-05 13:30:00,,,,,,,,,"{""actual"": 0.1, ""forecast"": 12.2, ""previous"": 24.9, ""forecast_origin"": ""unknown"", ""jb_status"": ""Bad Data""}",wrong-year copy of the 2024-01-05 print (identical 0.1/12.2/24.9; the JB archive dated part of Jan-2024 as Jan-2023); real Jan-2023 print present at 2023-01-06 13:30,https://www.forexfactory.com/calendar?day=jan5.2024 (the 2024 row is in the parquet)
delete,cad_ippi,2023-01-17 13:30:00,,,,,,,,,"{""actual"": -1.5, ""forecast"": -0.7, ""previous"": -0.3, ""forecast_origin"": ""unknown"", ""jb_status"": ""Good Data""}",wrong-year copy of the 2024-01-17 print (identical -1.5/-0.7/-0.3; the JB archive dated part of Jan-2024 as Jan-2023); real Jan-2023 print present at 2023-01-18 13:30,https://www.forexfactory.com/calendar?day=jan17.2024 (the 2024 row is in the parquet)
delete,cad_median_cpi,2023-01-16 13:30:00,,,,,,,,,"{""actual"": 3.6, ""forecast"": 3.3, ""previous"": 3.6, ""forecast_origin"": ""unknown"", ""jb_status"": ""Good Data""}",wrong-year copy of the 2024-01-16 print (identical 3.6/3.3/3.6; the JB archive dated part of Jan-2024 as Jan-2023); real Jan-2023 print present at 2023-01-17 13:30,https://www.forexfactory.com/calendar?day=jan16.2024 (the 2024 row is in the parquet)
delete,cad_trimmed_cpi,2023-01-16 13:30:00,,,,,,,,,"{""actual"": 3.7, ""forecast"": 3.4, ""previous"": 3.5, ""forecast_origin"": ""unknown"", ""jb_status"": ""Good Data""}",wrong-year copy of the 2024-01-16 print (identical 3.7/3.4/3.5; the JB archive dated part of Jan-2024 as Jan-2023); real Jan-2023 print present at 2023-01-17 13:30,https://www.forexfactory.com/calendar?day=jan16.2024 (the 2024 row is in the parquet)
delete,cad_unemployment_rate,2023-01-05 13:30:00,,,,,,,,,"{""actual"": 5.8, ""forecast"": 5.9, ""previous"": 5.8, ""forecast_origin"": ""unknown"", ""jb_status"": ""Good Data""}",wrong-year copy of the 2024-01-05 print (identical 5.8/5.9/5.8; the JB archive dated part of Jan-2024 as Jan-2023); real Jan-2023 print present at 2023-01-06 13:30,https://www.forexfactory.com/calendar?day=jan5.2024 (the 2024 row is in the parquet)
delete,eur_core_cpi,2023-01-05 10:00:00,,,,,,,,,"{""actual"": 3.4, ""forecast"": 3.4, ""previous"": 3.6, ""forecast_origin"": ""unknown"", ""jb_status"": ""Bad Data""}",wrong-year copy of the 2024-01-05 print (identical 3.4/3.4/3.6; the JB archive dated part of Jan-2024 as Jan-2023); real Jan-2023 print present at 2023-01-06 10:00,https://www.forexfactory.com/calendar?day=jan5.2024 (the 2024 row is in the parquet)
delete,eur_cpi,2023-01-05 10:00:00,,,,,,,,,"{""actual"": 2.9, ""forecast"": 3.0, ""previous"": 2.4, ""forecast_origin"": ""unknown"", ""jb_status"": ""Good Data""}",wrong-year copy of the 2024-01-05 print (identical 2.9/3.0/2.4; the JB archive dated part of Jan-2024 as Jan-2023); real Jan-2023 print present at 2023-01-06 10:00,https://www.forexfactory.com/calendar?day=jan5.2024 (the 2024 row is in the parquet)
delete,eur_ecb_interest_rate_decision,2023-01-25 13:15:00,,,,,,,,,"{""actual"": 4.5, ""forecast"": 4.5, ""previous"": 4.5, ""forecast_origin"": ""unknown"", ""jb_status"": ""Good Data""}","wrong-year copy of the 2024-01-25 print (identical 4.5/4.5/4.5; the JB archive dated part of Jan-2024 as Jan-2023); the ECB held no meeting in January 2023 (next: 2023-02-02, present)",https://www.forexfactory.com/calendar?day=jan25.2024 (the 2024 row is in the parquet)
delete,eur_retail_sales,2023-01-08 10:00:00,,,,,,,,,"{""actual"": -0.3, ""forecast"": -0.3, ""previous"": 0.4, ""forecast_origin"": ""unknown"", ""jb_status"": ""Bad Data""}",wrong-year copy of the 2024-01-08 print (identical -0.3/-0.3/0.4; the JB archive dated part of Jan-2024 as Jan-2023); real Jan-2023 print present at 2023-01-06 10:00,https://www.forexfactory.com/calendar?day=jan8.2024 (the 2024 row is in the parquet)
delete,gbp_average_weekly_earnings_total_pay,2023-01-16 07:00:00,,,,,,,,,"{""actual"": 6.5, ""forecast"": 6.8, ""previous"": 7.2, ""forecast_origin"": ""unknown"", ""jb_status"": ""Good Data""}",wrong-year copy of the 2024-01-16 print (identical 6.5/6.8/7.2; the JB archive dated part of Jan-2024 as Jan-2023); real Jan-2023 print present at 2023-01-17 07:00,https://www.forexfactory.com/calendar?day=jan16.2024 (the 2024 row is in the parquet)
delete,gbp_claimant_count_change,2023-01-16 07:00:00,,,,,,,,,"{""actual"": 11.7, ""forecast"": 18.1, ""previous"": 0.6, ""forecast_origin"": ""unknown"", ""jb_status"": ""Good Data""}",wrong-year copy of the 2024-01-16 print (identical 11.7/18.1/0.6; the JB archive dated part of Jan-2024 as Jan-2023); real Jan-2023 print present at 2023-01-17 07:00,https://www.forexfactory.com/calendar?day=jan16.2024 (the 2024 row is in the parquet)
delete,gbp_core_cpi,2023-01-17 07:00:00,,,,,,,,,"{""actual"": 5.1, ""forecast"": 4.9, ""previous"": 5.1, ""forecast_origin"": ""unknown"", ""jb_status"": ""Bad Data""}",wrong-year copy of the 2024-01-17 print (identical 5.1/4.9/5.1; the JB archive dated part of Jan-2024 as Jan-2023); real Jan-2023 print present at 2023-01-18 07:00,https://www.forexfactory.com/calendar?day=jan17.2024 (the 2024 row is in the parquet)
delete,gbp_cpi,2023-01-17 07:00:00,,,,,,,,,"{""actual"": 4.0, ""forecast"": 3.8, ""previous"": 3.9, ""forecast_origin"": ""unknown"", ""jb_status"": ""Bad Data""}",wrong-year copy of the 2024-01-17 print (identical 4.0/3.8/3.9; the JB archive dated part of Jan-2024 as Jan-2023); real Jan-2023 print present at 2023-01-18 07:00,https://www.forexfactory.com/calendar?day=jan17.2024 (the 2024 row is in the parquet)
delete,gbp_gdp,2023-01-12 07:00:00,,,,,,,,,"{""actual"": 0.3, ""forecast"": 0.2, ""previous"": -0.3, ""forecast_origin"": ""unknown"", ""jb_status"": ""Good Data""}",wrong-year copy of the 2024-01-12 print (identical 0.3/0.2/-0.3; the JB archive dated part of Jan-2024 as Jan-2023); real Jan-2023 print present at 2023-01-13 07:00,https://www.forexfactory.com/calendar?day=jan12.2024 (the 2024 row is in the parquet)
delete,gbp_industrial_production,2023-01-12 07:00:00,,,,,,,,,"{""actual"": 0.3, ""forecast"": 0.3, ""previous"": -1.3, ""forecast_origin"": ""unknown"", ""jb_status"": ""Bad Data""}",wrong-year copy of the 2024-01-12 print (identical 0.3/0.3/-1.3; the JB archive dated part of Jan-2024 as Jan-2023); real Jan-2023 print present at 2023-01-13 07:00,https://www.forexfactory.com/calendar?day=jan12.2024 (the 2024 row is in the parquet)
delete,gbp_ppi_output,2023-01-17 07:00:00,,,,,,,,,"{""actual"": -0.6, ""forecast"": -0.2, ""previous"": 0.0, ""forecast_origin"": ""unknown"", ""jb_status"": ""Good Data""}",wrong-year copy of the 2024-01-17 print (identical -0.6/-0.2/0.0; the JB archive dated part of Jan-2024 as Jan-2023); real Dec-2022 print present at 2023-01-25 07:00 (-0.8; ONS published it late),https://www.forexfactory.com/calendar?day=jan17.2024 (the 2024 row is in the parquet)
delete,gbp_retail_sales,2023-01-19 07:00:00,,,,,,,,,"{""actual"": -3.2, ""forecast"": -0.5, ""previous"": 1.4, ""forecast_origin"": ""unknown"", ""jb_status"": ""Bad Data""}",wrong-year copy of the 2024-01-19 print (identical -3.2/-0.5/1.4; the JB archive dated part of Jan-2024 as Jan-2023); real Jan-2023 print present at 2023-01-20 07:00,https://www.forexfactory.com/calendar?day=jan19.2024 (the 2024 row is in the parquet)
delete,gbp_unemployment_rate,2023-01-16 07:00:00,,,,,,,,,"{""actual"": 4.2, ""forecast"": 4.2, ""previous"": 4.2, ""forecast_origin"": ""unknown"", ""jb_status"": ""Good Data""}",wrong-year copy of the 2024-01-16 print (identical 4.2/4.2/4.2; the JB archive dated part of Jan-2024 as Jan-2023); real Jan-2023 print present at 2023-01-17 07:00,https://www.forexfactory.com/calendar?day=jan16.2024 (the 2024 row is in the parquet)
delete,jpy_boj_interest_rate_decision,2023-01-23 03:09:00,,,,,,,,,"{""actual"": -0.1, ""forecast"": -0.1, ""previous"": -0.1, ""forecast_origin"": ""unknown"", ""jb_status"": ""Good Data""}","wrong-year copy of the 2024-01-23 print (identical -0.1/-0.1/-0.1; the JB archive dated part of Jan-2024 as Jan-2023); BoJ met 17-18 Jan 2023 (decision at 2023-01-18 02:40, present)",https://www.forexfactory.com/calendar?day=jan22.2024 (the 2024 row is in the parquet)
delete,jpy_core_cpi,2023-01-23 05:00:00,,,,,,,,,"{""actual"": 2.6, ""forecast"": 2.8, ""previous"": 2.7, ""forecast_origin"": ""unknown"", ""jb_status"": ""Good Data""}",wrong-year copy of the 2024-01-23 print (identical 2.6/2.8/2.7; the JB archive dated part of Jan-2024 as Jan-2023); real Jan-2023 print present at 2023-01-24 05:00,https://www.forexfactory.com/calendar?day=jan23.2024 (the 2024 row is in the parquet)
delete,jpy_cpi,2023-01-18 23:30:00,,,,,,,,,"{""actual"": 2.3, ""forecast"": 2.3, ""previous"": 2.5, ""forecast_origin"": ""unknown"", ""jb_status"": ""Bad Data""}",wrong-year copy of the 2024-01-18 print (identical 2.3/2.3/2.5; the JB archive dated part of Jan-2024 as Jan-2023); real Jan-2023 print present at 2023-01-19 23:30,https://www.forexfactory.com/calendar?day=jan18.2024 (the 2024 row is in the parquet)
delete,jpy_labor_cash_earnings,2023-01-09 23:30:00,,,,,,,,,"{""actual"": 0.2, ""forecast"": 1.5, ""previous"": 1.5, ""forecast_origin"": ""unknown"", ""jb_status"": ""Bad Data""}",wrong-year copy of the 2024-01-09 print (identical 0.2/1.5/1.5; the JB archive dated part of Jan-2024 as Jan-2023); real Nov-2022 print present at 2023-01-05 23:30 (0.5),https://www.forexfactory.com/calendar?day=jan9.2024 (the 2024 row is in the parquet)
delete,jpy_tokyo_core_cpi,2023-01-08 23:30:00,,,,,,,,,"{""actual"": 2.1, ""forecast"": 2.1, ""previous"": 2.3, ""forecast_origin"": ""unknown"", ""jb_status"": ""Good Data""}",wrong-year copy of the 2024-01-08 print (identical 2.1/2.1/2.3; the JB archive dated part of Jan-2024 as Jan-2023); real Jan-2023 print present at 2023-01-09 23:30,https://www.forexfactory.com/calendar?day=jan8.2024 (the 2024 row is in the parquet)
delete,jpy_tokyo_core_cpi,2023-01-25 23:30:00,,,,,,,,,"{""actual"": 1.6, ""forecast"": 1.9, ""previous"": 2.1, ""forecast_origin"": ""unknown"", ""jb_status"": ""Good Data""}",wrong-year copy of the 2024-01-25 print (identical 1.6/1.9/2.1; the JB archive dated part of Jan-2024 as Jan-2023); real Jan-2023 print present at 2023-01-26 23:30,https://www.forexfactory.com/calendar?day=jan25.2024 (the 2024 row is in the parquet)
delete,jpy_unemployment_rate,2023-01-29 23:30:00,,,,,,,,,"{""actual"": 2.4, ""forecast"": 2.5, ""previous"": 2.5, ""forecast_origin"": ""unknown"", ""jb_status"": ""Bad Data""}",wrong-year copy of the 2024-01-29 print (identical 2.4/2.5/2.5; the JB archive dated part of Jan-2024 as Jan-2023); real Jan-2023 print present at 2023-01-30 23:30,https://www.forexfactory.com/calendar?day=jan29.2024 (the 2024 row is in the parquet)
delete,nzd_businessnz_manufacturing_index,2023-01-18 21:30:00,,,,,,,,,"{""actual"": 43.1, ""forecast"": 0.0, ""previous"": 46.5, ""forecast_origin"": ""unknown"", ""jb_status"": ""Bad Data""}",wrong-year copy of the 2024-01-18 print (identical 43.1/0.0/46.5; the JB archive dated part of Jan-2024 as Jan-2023); real Jan-2023 print present at 2023-01-19 21:30,https://www.forexfactory.com/calendar?day=jan18.2024 (the 2024 row is in the parquet)
delete,nzd_businessnz_services_index,2023-01-22 21:30:00,,,,,,,,,"{""actual"": 48.8, ""forecast"": 0.0, ""previous"": 51.1, ""forecast_origin"": ""unknown"", ""jb_status"": ""Bad Data""}",wrong-year copy of the 2024-01-22 print (identical 48.8/0.0/51.1; the JB archive dated part of Jan-2024 as Jan-2023); real Jan-2023 print present at 2023-01-23 21:30,https://www.forexfactory.com/calendar?day=jan22.2024 (the 2024 row is in the parquet)
delete,nzd_cpi,2023-01-23 21:45:00,,,,,,,,,"{""actual"": 0.5, ""forecast"": 0.5, ""previous"": 1.8, ""forecast_origin"": ""unknown"", ""jb_status"": ""Good Data""}",wrong-year copy of the 2024-01-23 print (identical 0.5/0.5/1.8; the JB archive dated part of Jan-2024 as Jan-2023); real Jan-2023 print present at 2023-01-24 21:45,https://www.forexfactory.com/calendar?day=jan23.2024 (the 2024 row is in the parquet)
delete,usd_adp_nonfarm_employment_change,2023-01-04 13:15:00,,,,,,,,,"{""actual"": 164.0, ""forecast"": 120.0, ""previous"": 101.0, ""forecast_origin"": ""unknown"", ""jb_status"": ""Good Data""}",wrong-year copy of the 2024-01-04 print (identical 164.0/120.0/101.0; the JB archive dated part of Jan-2024 as Jan-2023); real Jan-2023 print present at 2023-01-05 13:15,https://www.forexfactory.com/calendar?day=jan4.2024 (the 2024 row is in the parquet)
delete,usd_adp_nonfarm_employment_change,2023-01-31 13:15:00,,,,,,,,,"{""actual"": 107.0, ""forecast"": 148.0, ""previous"": 158.0, ""forecast_origin"": ""unknown"", ""jb_status"": ""Bad Data""}",wrong-year copy of the 2024-01-31 print (identical 107.0/148.0/158.0; the JB archive dated part of Jan-2024 as Jan-2023); real Jan-2023 print present at 2023-02-01 13:15,https://www.forexfactory.com/calendar?day=jan31.2024 (the 2024 row is in the parquet)
delete,usd_advance_gdp_price_index,2023-01-25 13:30:00,,,,,,,,,"{""actual"": 1.5, ""forecast"": 2.3, ""previous"": 3.3, ""forecast_origin"": ""unknown"", ""jb_status"": ""Bad Data""}",wrong-year copy of the 2024-01-25 print (identical 1.5/2.3/3.3; the JB archive dated part of Jan-2024 as Jan-2023); real Jan-2023 print present at 2023-01-26 13:30,https://www.forexfactory.com/calendar?day=jan25.2024 (the 2024 row is in the parquet)
delete,usd_average_hourly_earnings,2023-01-05 13:30:00,,,,,,,,,"{""actual"": 0.4, ""forecast"": 0.3, ""previous"": 0.4, ""forecast_origin"": ""unknown"", ""jb_status"": ""Bad Data""}",wrong-year copy of the 2024-01-05 print (identical 0.4/0.3/0.4; the JB archive dated part of Jan-2024 as Jan-2023); real Jan-2023 print present at 2023-01-06 13:30,https://www.forexfactory.com/calendar?day=jan5.2024 (the 2024 row is in the parquet)
delete,usd_core_cpi,2023-01-11 13:30:00,,,,,,,,,"{""actual"": 0.3, ""forecast"": 0.3, ""previous"": 0.3, ""forecast_origin"": ""unknown"", ""jb_status"": ""Bad Data""}",wrong-year copy of the 2024-01-11 print (identical 0.3/0.3/0.3; the JB archive dated part of Jan-2024 as Jan-2023); real Jan-2023 print present at 2023-01-12 13:30,https://www.forexfactory.com/calendar?day=jan11.2024 (the 2024 row is in the parquet)
delete,usd_core_pce_price_index,2023-01-26 13:30:00,,,,,,,,,"{""actual"": 0.2, ""forecast"": 0.2, ""previous"": 0.1, ""forecast_origin"": ""unknown"", ""jb_status"": ""Bad Data""}",wrong-year copy of the 2024-01-26 print (identical 0.2/0.2/0.1; the JB archive dated part of Jan-2024 as Jan-2023); real Jan-2023 print present at 2023-01-27 13:30,https://www.forexfactory.com/calendar?day=jan26.2024 (the 2024 row is in the parquet)
delete,usd_cpi,2023-01-11 13:30:00,,,,,,,,,"{""actual"": 3.4, ""forecast"": 3.2, ""previous"": 3.1, ""forecast_origin"": ""unknown"", ""jb_status"": ""Bad Data""}",wrong-year copy of the 2024-01-11 print (identical 3.4/3.2/3.1; the JB archive dated part of Jan-2024 as Jan-2023); real Jan-2023 print present at 2023-01-12 13:30,https://www.forexfactory.com/calendar?day=jan11.2024 (the 2024 row is in the parquet)
delete,usd_durable_goods_orders,2023-01-25 13:30:00,,,,,,,,,"{""actual"": 0.0, ""forecast"": 1.2, ""previous"": 5.5, ""forecast_origin"": ""unknown"", ""jb_status"": ""Bad Data""}",wrong-year copy of the 2024-01-25 print (identical 0.0/1.2/5.5; the JB archive dated part of Jan-2024 as Jan-2023); real Jan-2023 print present at 2023-01-26 13:30,https://www.forexfactory.com/calendar?day=jan25.2024 (the 2024 row is in the parquet)
delete,usd_fed_interest_rate_decision,2023-01-31 19:00:00,,,,,,,,,"{""actual"": 5.5, ""forecast"": 5.5, ""previous"": 5.5, ""forecast_origin"": ""unknown"", ""jb_status"": ""Good Data""}",wrong-year copy of the 2024-01-31 print (identical 5.5/5.5/5.5; the JB archive dated part of Jan-2024 as Jan-2023); the FOMC decision of 2023-02-01 19:00 (4.75) is present,https://www.forexfactory.com/calendar?day=jan31.2024 (the 2024 row is in the parquet)
delete,usd_gdp,2023-01-25 13:30:00,,,,,,,,,"{""actual"": 3.3, ""forecast"": 2.0, ""previous"": 4.9, ""forecast_origin"": ""unknown"", ""jb_status"": ""Bad Data""}",wrong-year copy of the 2024-01-25 print (identical 3.3/2.0/4.9; the JB archive dated part of Jan-2024 as Jan-2023); real Jan-2023 print present at 2023-01-26 13:30,https://www.forexfactory.com/calendar?day=jan25.2024 (the 2024 row is in the parquet)
delete,usd_import_prices,2023-01-17 13:30:00,,,,,,,,,"{""actual"": 0.0, ""forecast"": -0.6, ""previous"": -0.5, ""forecast_origin"": ""unknown"", ""jb_status"": ""Good Data""}",wrong-year copy of the 2024-01-17 print (identical 0.0/-0.6/-0.5; the JB archive dated part of Jan-2024 as Jan-2023); real Dec-2022 print present at 2023-01-13 13:30 (0.4),https://www.forexfactory.com/calendar?day=jan17.2024 (the 2024 row is in the parquet)
delete,usd_initial_jobless_claims,2023-01-04 13:30:00,,,,,,,,,"{""actual"": 202.0, ""forecast"": 217.0, ""previous"": 220.0, ""forecast_origin"": ""unknown"", ""jb_status"": ""Bad Data""}",wrong-year copy of the 2024-01-04 print (identical 202.0/217.0/220.0; the JB archive dated part of Jan-2024 as Jan-2023); real Jan-2023 print present at 2023-01-05 13:30,https://www.forexfactory.com/calendar?day=jan4.2024 (the 2024 row is in the parquet)
delete,usd_initial_jobless_claims,2023-01-11 13:30:00,,,,,,,,,"{""actual"": 202.0, ""forecast"": 209.0, ""previous"": 203.0, ""forecast_origin"": ""unknown"", ""jb_status"": ""Bad Data""}",wrong-year copy of the 2024-01-11 print (identical 202.0/209.0/203.0; the JB archive dated part of Jan-2024 as Jan-2023); real Jan-2023 print present at 2023-01-12 13:30,https://www.forexfactory.com/calendar?day=jan11.2024 (the 2024 row is in the parquet)
delete,usd_initial_jobless_claims,2023-01-18 13:30:00,,,,,,,,,"{""actual"": 187.0, ""forecast"": 206.0, ""previous"": 203.0, ""forecast_origin"": ""unknown"", ""jb_status"": ""Bad Data""}",wrong-year copy of the 2024-01-18 print (identical 187.0/206.0/203.0; the JB archive dated part of Jan-2024 as Jan-2023); real Jan-2023 print present at 2023-01-19 13:30,https://www.forexfactory.com/calendar?day=jan18.2024 (the 2024 row is in the parquet)
delete,usd_initial_jobless_claims,2023-01-25 13:30:00,,,,,,,,,"{""actual"": 214.0, ""forecast"": 199.0, ""previous"": 189.0, ""forecast_origin"": ""unknown"", ""jb_status"": ""Good Data""}",wrong-year copy of the 2024-01-25 print (identical 214.0/199.0/189.0; the JB archive dated part of Jan-2024 as Jan-2023); real Jan-2023 print present at 2023-01-26 13:30,https://www.forexfactory.com/calendar?day=jan25.2024 (the 2024 row is in the parquet)
delete,usd_ism_manufacturing_pmi,2023-01-03 15:00:00,,,,,,,,,"{""actual"": 47.4, ""forecast"": 47.2, ""previous"": 46.7, ""forecast_origin"": ""unknown"", ""jb_status"": ""Good Data""}",wrong-year copy of the 2024-01-03 print (identical 47.4/47.2/46.7; the JB archive dated part of Jan-2024 as Jan-2023); real Jan-2023 print present at 2023-01-04 15:00,https://www.forexfactory.com/calendar?day=jan3.2024 (the 2024 row is in the parquet)
delete,usd_ism_non_manufacturing_pmi,2023-01-05 15:00:00,,,,,,,,,"{""actual"": 50.6, ""forecast"": 52.5, ""previous"": 52.7, ""forecast_origin"": ""unknown"", ""jb_status"": ""Bad Data""}",wrong-year copy of the 2024-01-05 print (identical 50.6/52.5/52.7; the JB archive dated part of Jan-2024 as Jan-2023); real Jan-2023 print present at 2023-01-06 15:00,https://www.forexfactory.com/calendar?day=jan5.2024 (the 2024 row is in the parquet)
delete,usd_jolts_job_openings,2023-01-03 15:00:00,,,,,,,,,"{""actual"": 8.79, ""forecast"": 8.84, ""previous"": 8.85, ""forecast_origin"": ""unknown"", ""jb_status"": ""Bad Data""}",wrong-year copy of the 2024-01-03 print (identical 8.79/8.84/8.85; the JB archive dated part of Jan-2024 as Jan-2023); real Jan-2023 print present at 2023-01-04 15:00,https://www.forexfactory.com/calendar?day=jan3.2024 (the 2024 row is in the parquet)
delete,usd_jolts_job_openings,2023-01-30 15:00:00,,,,,,,,,"{""actual"": 9.03, ""forecast"": 8.73, ""previous"": 8.93, ""forecast_origin"": ""unknown"", ""jb_status"": ""Good Data""}",wrong-year copy of the 2024-01-30 print (identical 9.03/8.73/8.93; the JB archive dated part of Jan-2024 as Jan-2023); real Jan-2023 print present at 2023-02-01 15:00,https://www.forexfactory.com/calendar?day=jan30.2024 (the 2024 row is in the parquet)
delete,usd_nonfarm_payrolls,2023-01-05 13:30:00,,,,,,,,,"{""actual"": 216.0, ""forecast"": 168.0, ""previous"": 173.0, ""forecast_origin"": ""unknown"", ""jb_status"": ""Good Data""}",wrong-year copy of the 2024-01-05 print (identical 216.0/168.0/173.0; the JB archive dated part of Jan-2024 as Jan-2023); real Jan-2023 print present at 2023-01-06 13:30,https://www.forexfactory.com/calendar?day=jan5.2024 (the 2024 row is in the parquet)
delete,usd_personal_income,2023-01-26 13:30:00,,,,,,,,,"{""actual"": 0.3, ""forecast"": 0.3, ""previous"": 0.4, ""forecast_origin"": ""unknown"", ""jb_status"": ""Bad Data""}",wrong-year copy of the 2024-01-26 print (identical 0.3/0.3/0.4; the JB archive dated part of Jan-2024 as Jan-2023); real Jan-2023 print present at 2023-01-27 13:30,https://www.forexfactory.com/calendar?day=jan26.2024 (the 2024 row is in the parquet)
delete,usd_personal_spending,2023-01-26 13:30:00,,,,,,,,,"{""actual"": 0.7, ""forecast"": 0.5, ""previous"": 0.4, ""forecast_origin"": ""unknown"", ""jb_status"": ""Good Data""}",wrong-year copy of the 2024-01-26 print (identical 0.7/0.5/0.4; the JB archive dated part of Jan-2024 as Jan-2023); real Jan-2023 print present at 2023-01-27 13:30,https://www.forexfactory.com/calendar?day=jan26.2024 (the 2024 row is in the parquet)
delete,usd_ppi,2023-01-12 13:30:00,,,,,,,,,"{""actual"": -0.1, ""forecast"": 0.1, ""previous"": -0.1, ""forecast_origin"": ""unknown"", ""jb_status"": ""Bad Data""}",wrong-year copy of the 2024-01-12 print (identical -0.1/0.1/-0.1; the JB archive dated part of Jan-2024 as Jan-2023); real Dec-2022 print present at 2023-01-18 13:30 (-0.5),https://www.forexfactory.com/calendar?day=jan12.2024 (the 2024 row is in the parquet)
delete,usd_retail_sales,2023-01-17 13:30:00,,,,,,,,,"{""actual"": 0.6, ""forecast"": 0.4, ""previous"": 0.3, ""forecast_origin"": ""unknown"", ""jb_status"": ""Good Data""}",wrong-year copy of the 2024-01-17 print (identical 0.6/0.4/0.3; the JB archive dated part of Jan-2024 as Jan-2023); real Jan-2023 print present at 2023-01-18 13:30,https://www.forexfactory.com/calendar?day=jan17.2024 (the 2024 row is in the parquet)
delete,usd_unemployment_rate,2023-01-05 13:30:00,,,,,,,,,"{""actual"": 3.7, ""forecast"": 3.8, ""previous"": 3.7, ""forecast_origin"": ""unknown"", ""jb_status"": ""Good Data""}",wrong-year copy of the 2024-01-05 print (identical 3.7/3.8/3.7; the JB archive dated part of Jan-2024 as Jan-2023); real Jan-2023 print present at 2023-01-06 13:30,https://www.forexfactory.com/calendar?day=jan5.2024 (the 2024 row is in the parquet)
delete,usd_industrial_production,2023-01-17 14:15:00,,,,,,,,,"{""actual"": 0.1, ""forecast"": -0.1, ""previous"": 0.0, ""forecast_origin"": ""unknown"", ""jb_status"": ""Good Data""}","wrong-year copy of the 2024-01-17 print (0.1/-0.1/0.0), re-inserted at 2024-01-17 14:15; real Jan-2023 print present at 2023-01-18 14:15 (-0.7)",https://www.forexfactory.com/calendar?day=jan17.2024
update,gbp_ppi_output,2023-01-24 22:00:00,,,,,,,,"{""forecast"": null, ""forecast_origin"": ""ff_blank""}","{""actual"": -0.1, ""forecast"": 0.0, ""previous"": 0.9, ""forecast_origin"": ""unknown"", ""jb_status"": ""Good Data""}","the Nov-2022 PPI released late together with Dec-2022 (FF row ""Nov Data""): FF shows no consensus",https://www.forexfactory.com/calendar?day=jan25.2023
update,usd_durable_goods_orders,2026-07-27 12:30:00,,,,,,,,"{""actual"": 0.3, ""forecast"": 1.6, ""previous"": -4.0, ""forecast_origin"": ""ff"", ""jb_status"": null}","{""actual"": 0.0, ""forecast"": 1.6, ""previous"": -4.5, ""forecast_origin"": ""ff"", ""jb_status"": ""Good Data""}","pre-release listing (actual 0.0, unrevised previous -4.5) of the 8:30 ET print; filled from the FF page",https://www.forexfactory.com/calendar?day=jul27.2026
delete,usd_durable_goods_orders,2026-07-27 11:30:00,,,,,,,,,"{""actual"": 0.3, ""forecast"": 1.6, ""previous"": -4.0, ""forecast_origin"": ""ff"", ""jb_status"": ""Good Data""}","second listing of the same print one hour early (FF lists one event, 8:30 ET = 12:30 UTC)",https://www.forexfactory.com/calendar?day=jul27.2026
update,jpy_ppi,2025-04-09 23:50:00,,,,,,,,"{""actual"": 4.2, ""forecast"": 3.9, ""previous"": 4.1, ""forecast_origin"": ""ff"", ""jb_status"": null}","{""actual"": 0.0, ""forecast"": 3.9, ""previous"": 4.0, ""forecast_origin"": ""unknown"", ""jb_status"": ""Good Data""}","JB 0.0 placeholder actual (""unreleased""); the FF page shows the first print",https://www.forexfactory.com/calendar?day=apr9.2025
update,jpy_core_machinery_orders,2025-05-21 23:50:00,,,,,,,,"{""actual"": 13.0, ""forecast"": -1.5, ""previous"": 4.3, ""forecast_origin"": ""ff"", ""jb_status"": null}","{""actual"": 0.0, ""forecast"": -1.5, ""previous"": 4.3, ""forecast_origin"": ""unknown"", ""jb_status"": ""Bad Data""}","JB 0.0 placeholder actual (""unreleased""); the FF page shows the first print",https://www.forexfactory.com/calendar?day=may21.2025
update,jpy_prelim_industrial_production,2025-05-29 23:50:00,,,,,,,,"{""actual"": -0.9, ""forecast"": -1.4, ""previous"": 0.2, ""forecast_origin"": ""ff"", ""jb_status"": null}","{""actual"": 0.0, ""forecast"": -1.4, ""previous"": 0.2, ""forecast_origin"": ""unknown"", ""jb_status"": ""Data Not Loaded""}","JB 0.0 placeholder actual (""unreleased""); the FF page shows the first print",https://www.forexfactory.com/calendar?day=may29.2025
update,jpy_retail_sales,2025-05-29 23:50:00,,,,,,,,"{""actual"": 3.3, ""forecast"": 2.9, ""previous"": 3.1, ""forecast_origin"": ""ff"", ""jb_status"": null}","{""actual"": 0.0, ""forecast"": 2.9, ""previous"": 3.1, ""forecast_origin"": ""unknown"", ""jb_status"": ""Data Not Loaded""}","JB 0.0 placeholder actual (""unreleased""); the FF page shows the first print",https://www.forexfactory.com/calendar?day=may29.2025
update,aud_retail_sales,2025-05-30 01:30:00,,,,,,,,"{""actual"": -0.1, ""forecast"": 0.3, ""previous"": 0.3, ""forecast_origin"": ""ff"", ""jb_status"": null}","{""actual"": 0.0, ""forecast"": 0.3, ""previous"": 0.3, ""forecast_origin"": ""unknown"", ""jb_status"": ""Data Not Loaded""}","JB 0.0 placeholder actual (""unreleased""); the FF page shows the first print",https://www.forexfactory.com/calendar?day=may29.2025
update,jpy_au_jibun_bank_manufacturing_pmi,2025-06-02 00:30:00,,,,,,,,"{""actual"": 49.4, ""forecast"": 49.0, ""previous"": 49.0, ""forecast_origin"": ""ff"", ""jb_status"": null}","{""actual"": 0.0, ""forecast"": 49.0, ""previous"": 49.0, ""forecast_origin"": ""unknown"", ""jb_status"": null}","JB 0.0 placeholder actual (""unreleased""); the FF page shows the first print",https://www.forexfactory.com/calendar?day=jun1.2025
update,jpy_core_machinery_orders,2025-09-17 23:50:00,,,,,,,,"{""actual"": -4.6, ""forecast"": -1.8, ""previous"": 3.0, ""forecast_origin"": ""ff"", ""jb_status"": null}","{""actual"": 0.0, ""forecast"": -1.8, ""previous"": 3.0, ""forecast_origin"": ""unknown"", ""jb_status"": ""Data Not Loaded""}","JB 0.0 placeholder actual (""unreleased""); the FF page shows the first print",https://www.forexfactory.com/calendar?day=sep17.2025
update,jpy_au_jibun_bank_manufacturing_pmi,2025-10-01 00:30:00,,,,,,,,"{""actual"": 48.5, ""forecast"": 48.4, ""previous"": 48.4, ""forecast_origin"": ""ff"", ""jb_status"": null}","{""actual"": 0.0, ""forecast"": 48.4, ""previous"": 48.4, ""forecast_origin"": ""unknown"", ""jb_status"": null}","JB 0.0 placeholder actual (""unreleased""); the FF page shows the first print",https://www.forexfactory.com/calendar?day=sep30.2025
update,eur_sp_global_manufacturing_pmi,2025-10-01 08:00:00,,,,,,,,"{""actual"": 49.8, ""forecast"": 49.5, ""previous"": 49.5, ""forecast_origin"": ""ff"", ""jb_status"": null}","{""actual"": 0.0, ""forecast"": 49.5, ""previous"": 49.5, ""forecast_origin"": ""unknown"", ""jb_status"": null}","JB 0.0 placeholder actual (""unreleased""); the FF page shows the first print",https://www.forexfactory.com/calendar?day=oct1.2025
update,gbp_s_p_global_cips_manufacturing_pmi,2025-10-01 08:30:00,,,,,,,,"{""actual"": 46.2, ""forecast"": 46.2, ""previous"": 46.2, ""forecast_origin"": ""ff"", ""jb_status"": null}","{""actual"": 0.0, ""forecast"": 46.2, ""previous"": 46.2, ""forecast_origin"": ""unknown"", ""jb_status"": ""Data Not Loaded""}","JB 0.0 placeholder actual (""unreleased""); the FF page shows the first print",https://www.forexfactory.com/calendar?day=oct1.2025
update,cad_s_p_global_manufacturing_pmi,2025-10-01 13:30:00,,,,,,,,"{""actual"": 47.7, ""forecast"": null, ""previous"": 48.3, ""forecast_origin"": ""ff_blank"", ""jb_status"": null}","{""actual"": 0.0, ""forecast"": 0.0, ""previous"": 48.3, ""forecast_origin"": ""unknown"", ""jb_status"": ""Data Not Loaded""}","JB 0.0 placeholder actual (""unreleased""); the FF page shows the first print",https://www.forexfactory.com/calendar?day=oct1.2025
delete,jpy_retail_sales,2026-02-26 22:50:00,,,,,,,,,"{""actual"": 0.0, ""forecast"": 0.1, ""previous"": -0.9, ""forecast_origin"": ""unknown"", ""jb_status"": ""Data Not Loaded""}",JB 0.0 placeholder listed one hour early (8:50 JST = 23:50 UTC); re-inserted at 23:50 with the FF first print,https://www.forexfactory.com/calendar?day=feb26.2026
insert,jpy_retail_sales,2026-02-26 23:50:00,JPY,Retail Sales y/y,Retail Sales m/m,1.8,0.1,-0.9,ff,,,publication missing from the parquet (only a 1h-early 0.0 placeholder listing existed),https://www.forexfactory.com/calendar?day=feb26.2026
delete,chf_retail_sales,2025-01-05 22:00:00,,,,,,,,,"{""actual"": 0.0, ""forecast"": 1.3, ""previous"": 1.4, ""forecast_origin"": ""unknown"", ""jb_status"": ""Bad Data""}",pre-print copy / re-listing (actual 0.0) next to the real print of the same release,https://www.forexfactory.com/calendar?day=jan6.2025; real print 2025-01-06 07:30 (0.8/1.3/1.5) in the parquet; FF lists one event (2:30am ET)
delete,chf_ppi,2025-04-13 21:00:00,,,,,,,,,"{""actual"": 0.0, ""forecast"": 0.2, ""previous"": 0.3, ""forecast_origin"": ""unknown"", ""jb_status"": ""Good Data""}",pre-print copy / re-listing (actual 0.0) next to the real print of the same release,https://www.forexfactory.com/calendar?day=apr14.2025; real print 2025-04-14 06:35 (0.1/0.2/0.3) in the parquet; FF lists one event (2:35am ET)
delete,gbp_ppi_output,2025-10-22 06:00:00,,,,,,,,,"{""actual"": 0.0, ""forecast"": 0.2, ""previous"": 0.5, ""forecast_origin"": ""unknown"", ""jb_status"": ""Good Data""}",pre-print copy / re-listing (actual 0.0) next to the real print of the same release,https://www.forexfactory.com/calendar?day=oct22.2025; real print 2025-10-22 06:05 (0.0/0.2/0.1) in the parquet; FF lists it at 2:05am ET with previous 0.1 (this row carries the stale previous 0.5)
insert,nzd_retail_sales,2026-02-22 21:45:00,NZD,Retail Sales q/q,Retail Sales q/q,0.9,0.6,1.9,ff,,,publication missing from the parquet (the JB archive holds only the same-day Core Retail Sales; was config/known_gaps.yaml nzd_retail_sales_2025_q4),https://www.forexfactory.com/calendar?day=feb22.2026
insert,jpy_au_jibun_bank_manufacturing_pmi,2025-12-16 00:30:00,JPY,Flash Manufacturing PMI,au Jibun Bank Manufacturing PMI,49.7,49.0,48.7,ff,,,publication missing from the parquet (December 2025 flash; was config/known_gaps.yaml jpy_manufacturing_pmi_2025_12_flash),https://www.forexfactory.com/calendar?day=dec15.2025
delete,cad_s_p_global_manufacturing_pmi,2023-05-02 07:30:00,,,,,,,,,"{""actual"": 45.3, ""forecast"": 47.2, ""previous"": 47.0, ""forecast_origin"": ""unknown"", ""jb_status"": ""Bad Data""}",another country's PMI filed under CAD (release time 07:30 UTC = the CHF procure.ch PMI slot); purged 2026-07-30 (docs/pmi-219-purged-rows.csv) and re-introduced later by an archive re-scan,docs/pmi-219-purged-rows.csv
delete,gbp_s_p_global_cips_manufacturing_pmi,2023-01-04 00:30:00,,,,,,,,,"{""actual"": 47.9, ""forecast"": 47.7, ""previous"": 47.7, ""forecast_origin"": ""unknown"", ""jb_status"": ""Good Data""}","another country's PMI filed under GBP and dated a year early: identical to the JPY au Jibun Bank final PMI of 2024-01-04 00:30 (47.9/47.7/47.7, present as jpy_au_jibun_bank_manufacturing_pmi); purged 2026-07-30 (docs/pmi-219-purged-rows.csv) and re-introduced later by an archive re-scan",docs/pmi-219-purged-rows.csv
delete,gbp_s_p_global_cips_manufacturing_pmi,2023-05-01 13:45:00,,,,,,,,,"{""actual"": 50.2, ""forecast"": 50.4, ""previous"": 50.4, ""forecast_origin"": ""unknown"", ""jb_status"": ""Bad Data""}",another country's PMI filed under GBP (release time 13:45 UTC = the USD S&P Global PMI slot); purged 2026-07-30 (docs/pmi-219-purged-rows.csv) and re-introduced later by an archive re-scan,docs/pmi-219-purged-rows.csv
delete,gbp_s_p_global_cips_manufacturing_pmi,2023-11-02 09:00:00,,,,,,,,,"{""actual"": 43.1, ""forecast"": 43.0, ""previous"": 43.0, ""forecast_origin"": ""unknown"", ""jb_status"": ""Good Data""}",another country's PMI filed under GBP (release time 09:00 UTC = the EUR S&P Global PMI slot); purged 2026-07-30 (docs/pmi-219-purged-rows.csv) and re-introduced later by an archive re-scan,docs/pmi-219-purged-rows.csv
delete,gbp_s_p_global_cips_manufacturing_pmi,2024-05-02 08:00:00,,,,,,,,,"{""actual"": 45.7, ""forecast"": 45.6, ""previous"": 45.6, ""forecast_origin"": ""unknown"", ""jb_status"": ""Good Data""}",another country's PMI filed under GBP (release time 08:00 UTC = the EUR S&P Global PMI slot); purged 2026-07-30 (docs/pmi-219-purged-rows.csv) and re-introduced later by an archive re-scan,docs/pmi-219-purged-rows.csv
delete,gbp_s_p_global_cips_manufacturing_pmi,2024-11-04 09:00:00,,,,,,,,,"{""actual"": 46.0, ""forecast"": 45.9, ""previous"": 45.9, ""forecast_origin"": ""unknown"", ""jb_status"": ""Good Data""}",another country's PMI filed under GBP (release time 09:00 UTC = the EUR S&P Global PMI slot); purged 2026-07-30 (docs/pmi-219-purged-rows.csv) and re-introduced later by an archive re-scan,docs/pmi-219-purged-rows.csv
delete,gbp_s_p_global_cips_manufacturing_pmi,2025-05-02 08:00:00,,,,,,,,,"{""actual"": 49.0, ""forecast"": 48.7, ""previous"": 48.7, ""forecast_origin"": ""unknown"", ""jb_status"": ""Good Data""}",another country's PMI filed under GBP (release time 08:00 UTC = the EUR S&P Global PMI slot); purged 2026-07-30 (docs/pmi-219-purged-rows.csv) and re-introduced later by an archive re-scan,docs/pmi-219-purged-rows.csv
delete,gbp_s_p_global_cips_services_pmi,2023-05-03 13:45:00,,,,,,,,,"{""actual"": 53.6, ""forecast"": 53.7, ""previous"": 53.7, ""forecast_origin"": ""unknown"", ""jb_status"": ""Bad Data""}",another country's PMI filed under GBP (release time 13:45 UTC = the USD S&P Global PMI slot); purged 2026-07-30 (docs/pmi-219-purged-rows.csv) and re-introduced later by an archive re-scan,docs/pmi-219-purged-rows.csv
delete,gbp_s_p_global_cips_services_pmi,2023-11-06 09:00:00,,,,,,,,,"{""actual"": 47.8, ""forecast"": 47.8, ""previous"": 47.8, ""forecast_origin"": ""unknown"", ""jb_status"": ""Good Data""}",another country's PMI filed under GBP (release time 09:00 UTC = the EUR S&P Global PMI slot); purged 2026-07-30 (docs/pmi-219-purged-rows.csv) and re-introduced later by an archive re-scan,docs/pmi-219-purged-rows.csv
delete,gbp_s_p_global_cips_services_pmi,2024-05-06 08:00:00,,,,,,,,,"{""actual"": 53.3, ""forecast"": 52.9, ""previous"": 52.9, ""forecast_origin"": ""unknown"", ""jb_status"": ""Good Data""}",another country's PMI filed under GBP (release time 08:00 UTC = the EUR S&P Global PMI slot); purged 2026-07-30 (docs/pmi-219-purged-rows.csv) and re-introduced later by an archive re-scan,docs/pmi-219-purged-rows.csv
delete,gbp_s_p_global_cips_services_pmi,2024-11-06 09:00:00,,,,,,,,,"{""actual"": 51.6, ""forecast"": 51.2, ""previous"": 51.2, ""forecast_origin"": ""unknown"", ""jb_status"": ""Good Data""}",another country's PMI filed under GBP (release time 09:00 UTC = the EUR S&P Global PMI slot); purged 2026-07-30 (docs/pmi-219-purged-rows.csv) and re-introduced later by an archive re-scan,docs/pmi-219-purged-rows.csv
delete,gbp_s_p_global_cips_manufacturing_pmi,2023-01-02 09:30:00,,,,,,,,,"{""actual"": 46.2, ""forecast"": 46.4, ""previous"": 46.4, ""forecast_origin"": ""unknown"", ""jb_status"": ""Bad Data""}",wrong-year copy of the 2024-01-02 print (46.2/46.4/46.4); FF lists a bank holiday / no such event that day; real Jan-2023 print present at 2023-01-03 09:30 (45.3),https://www.forexfactory.com/calendar?day=jan2.2023; https://www.forexfactory.com/calendar?day=jan2.2024
delete,cad_s_p_global_manufacturing_pmi,2023-01-02 14:30:00,,,,,,,,,"{""actual"": 45.4, ""forecast"": 0.0, ""previous"": 47.7, ""forecast_origin"": ""unknown"", ""jb_status"": ""Bad Data""}",wrong-year copy of the 2024-01-02 print (45.4/0.0/47.7); FF lists a bank holiday / no such event that day; real Jan-2023 print present at 2023-01-03 14:30 (49.2),https://www.forexfactory.com/calendar?day=jan2.2023; https://www.forexfactory.com/calendar?day=jan2.2024
delete,gbp_s_p_global_cips_services_pmi,2023-01-04 09:30:00,,,,,,,,,"{""actual"": 53.4, ""forecast"": 52.7, ""previous"": 52.7, ""forecast_origin"": ""unknown"", ""jb_status"": ""Good Data""}","wrong-year copy of the 2024-01-04 print (53.4/52.7/52.7); real Jan-2023 print present at 2023-01-05 09:30 (49.9, FF jan5.2023)",https://www.forexfactory.com/calendar?day=jan5.2023; https://www.forexfactory.com/calendar?day=jan4.2024
update,gbp_gdp,2026-08-13 06:00:00,,,,,,,,"{""actual"": 0.3, ""forecast"": 0.0, ""previous"": 0.0, ""forecast_origin"": ""ff"", ""jb_status"": null}","{""actual"": -0.5, ""forecast"": 0.0, ""previous"": -0.2, ""forecast_origin"": ""ff"", ""jb_status"": ""Bad Data""}",value corrected from the FF calendar page: JB row carried Manufacturing Production m/m (-0.5/-0.2) instead of GDP m/m,https://www.forexfactory.com/calendar?day=aug13.2026
update,jpy_prelim_industrial_production,2026-02-26 23:50:00,,,,,,,,"{""actual"": 2.2, ""forecast"": 5.5, ""previous"": -0.1, ""forecast_origin"": ""ff"", ""jb_status"": null}","{""actual"": 1.8, ""forecast"": 0.1, ""previous"": -0.9, ""forecast_origin"": ""unknown"", ""jb_status"": ""Good Data""}",value corrected from the FF calendar page: JB row carried the same-minute Retail Sales y/y values (1.8/0.1/-0.9),https://www.forexfactory.com/calendar?day=feb26.2026
update,usd_advance_gdp_price_index,2026-02-20 13:30:00,,,,,,,,"{""actual"": 3.6, ""forecast"": 2.8, ""previous"": 3.8, ""forecast_origin"": ""ff"", ""jb_status"": null}","{""actual"": 0.4, ""forecast"": 0.4, ""previous"": 0.4, ""forecast_origin"": ""unknown"", ""jb_status"": ""Good Data""}",value corrected from the FF calendar page: JB row carried 0.4/0.4/0.4 (not this event); series previous 3.8 confirms,https://www.forexfactory.com/calendar?day=feb20.2026
update,jpy_prelim_industrial_production,2026-04-29 23:50:00,,,,,,,,"{""actual"": -0.5, ""forecast"": 1.0, ""previous"": -2.0, ""forecast_origin"": ""ff"", ""jb_status"": null}","{""actual"": 0.0, ""forecast"": 1.0, ""previous"": -2.0, ""forecast_origin"": ""unknown"", ""jb_status"": ""Data Not Loaded""}",JB 0.0 placeholder at the correct time (8:50 JST = 23:50 UTC); filled from the FF page,https://www.forexfactory.com/calendar?day=apr29.2026
delete,jpy_prelim_industrial_production,2026-04-29 22:50:00,,,,,,,,,"{""actual"": -0.5, ""forecast"": 1.0, ""previous"": -2.0, ""forecast_origin"": ""unknown"", ""jb_status"": ""Good Data""}","same print listed one hour early (FF 7:50pm EDT = 23:50 UTC, kept there)",https://www.forexfactory.com/calendar?day=apr29.2026
update,jpy_retail_sales,2026-04-29 23:50:00,,,,,,,,"{""actual"": 1.7, ""forecast"": 0.9, ""previous"": -0.1, ""forecast_origin"": ""ff"", ""jb_status"": null}","{""actual"": 0.0, ""forecast"": 0.9, ""previous"": -0.1, ""forecast_origin"": ""unknown"", ""jb_status"": ""Data Not Loaded""}",JB 0.0 placeholder at the correct time (8:50 JST = 23:50 UTC); filled from the FF page,https://www.forexfactory.com/calendar?day=apr29.2026
delete,jpy_retail_sales,2026-04-29 22:50:00,,,,,,,,,"{""actual"": 1.7, ""forecast"": 0.9, ""previous"": -0.1, ""forecast_origin"": ""unknown"", ""jb_status"": ""Good Data""}","same print listed one hour early (FF 7:50pm EDT = 23:50 UTC, kept there)",https://www.forexfactory.com/calendar?day=apr29.2026
delete,cad_core_cpi,2025-04-14 21:00:00,,,,,,,,,"{""actual"": 0.0, ""forecast"": 0.0, ""previous"": 0.7, ""forecast_origin"": ""unknown"", ""jb_status"": ""Good Data""}",pre-print copy / re-listing (actual 0.0 or empty) next to the real print of the same release,real print 2025-04-15 12:32 (0.1) in the parquet; FF lists one event (8:32am ET)
delete,cad_core_cpi,2025-04-15 12:30:00,,,,,,,,,"{""actual"": 0.0, ""forecast"": 0.0, ""previous"": 0.7, ""forecast_origin"": ""unknown"", ""jb_status"": ""Good Data""}",pre-print copy / re-listing (actual 0.0 or empty) next to the real print of the same release,real print 2025-04-15 12:32 (0.1) in the parquet; FF lists one event (8:32am ET)
delete,cad_core_cpi,2025-05-19 21:00:00,,,,,,,,,"{""actual"": 0.0, ""forecast"": 0.0, ""previous"": 0.1, ""forecast_origin"": ""unknown"", ""jb_status"": ""Good Data""}",pre-print copy / re-listing (actual 0.0 or empty) next to the real print of the same release,real print 2025-05-20 12:32 (0.5) in the parquet; FF lists one event (8:32am ET)
delete,cad_core_cpi,2025-05-20 12:30:00,,,,,,,,,"{""actual"": 0.0, ""forecast"": 0.0, ""previous"": 0.1, ""forecast_origin"": ""unknown"", ""jb_status"": ""Good Data""}",pre-print copy / re-listing (actual 0.0 or empty) next to the real print of the same release,real print 2025-05-20 12:32 (0.5) in the parquet; FF lists one event (8:32am ET)
delete,cad_core_cpi,2025-11-16 22:00:00,,,,,,,,,"{""actual"": 0.0, ""forecast"": 0.0, ""previous"": 0.2, ""forecast_origin"": ""unknown"", ""jb_status"": ""Good Data""}",pre-print copy / re-listing (actual 0.0 or empty) next to the real print of the same release,real print 2025-11-17 13:32 (0.6) in the parquet; FF lists one event (8:32am ET)
delete,cad_core_cpi,2025-11-17 13:30:00,,,,,,,,,"{""actual"": 0.0, ""forecast"": 0.0, ""previous"": 0.2, ""forecast_origin"": ""unknown"", ""jb_status"": ""Good Data""}",pre-print copy / re-listing (actual 0.0 or empty) next to the real print of the same release,real print 2025-11-17 13:32 (0.6) in the parquet; FF lists one event (8:32am ET)
delete,cad_core_cpi,2026-02-16 22:00:00,,,,,,,,,"{""actual"": 0.0, ""forecast"": 0.0, ""previous"": -0.4, ""forecast_origin"": ""unknown"", ""jb_status"": ""Bad Data""}",pre-print copy / re-listing (actual 0.0 or empty) next to the real print of the same release,real print 2026-02-17 13:32 (0.2) in the parquet; FF lists one event (8:32am ET)
delete,cad_core_cpi,2026-02-17 13:30:00,,,,,,,,,"{""actual"": 0.0, ""forecast"": 0.0, ""previous"": -0.4, ""forecast_origin"": ""unknown"", ""jb_status"": ""Bad Data""}",pre-print copy / re-listing (actual 0.0 or empty) next to the real print of the same release,real print 2026-02-17 13:32 (0.2) in the parquet; FF lists one event (8:32am ET)
delete,cad_core_cpi,2026-08-17 12:30:00,,,,,,,,,"{""actual"": null, ""forecast"": null, ""previous"": 0.1, ""forecast_origin"": ""ff_blank"", ""jb_status"": ""Bad Data""}",pre-print copy / re-listing (actual 0.0 or empty) next to the real print of the same release,real print 2026-08-17 12:32 (0.2) in the parquet; FF lists one event (8:32am ET)
delete,usd_core_pce_price_index,2026-02-08 22:00:00,,,,,,,,,"{""actual"": 0.2, ""forecast"": 0.0, ""previous"": 0.2, ""forecast_origin"": ""unknown"", ""jb_status"": ""Bad Data""}","JB mis-dated copy of the FF ""Oct Data"" catch-up row published 2026-01-22 (same values, blank consensus); FF lists no USD release on 2026-02-08/09; the October value stays as the previous of the 2026-01-22 print",https://www.forexfactory.com/calendar?day=jan22.2026; https://www.forexfactory.com/calendar?day=feb8.2026 and feb9.2026
delete,usd_personal_income,2026-02-08 22:00:00,,,,,,,,,"{""actual"": 0.1, ""forecast"": 0.0, ""previous"": 0.4, ""forecast_origin"": ""unknown"", ""jb_status"": ""Bad Data""}","JB mis-dated copy of the FF ""Oct Data"" catch-up row published 2026-01-22 (same values, blank consensus); FF lists no USD release on 2026-02-08/09; the October value stays as the previous of the 2026-01-22 print",https://www.forexfactory.com/calendar?day=jan22.2026; https://www.forexfactory.com/calendar?day=feb8.2026 and feb9.2026
delete,usd_personal_spending,2026-02-08 22:00:00,,,,,,,,,"{""actual"": 0.5, ""forecast"": 0.0, ""previous"": 0.4, ""forecast_origin"": ""unknown"", ""jb_status"": ""Good Data""}","JB mis-dated copy of the FF ""Oct Data"" catch-up row published 2026-01-22 (same values, blank consensus); FF lists no USD release on 2026-02-08/09; the October value stays as the previous of the 2026-01-22 print",https://www.forexfactory.com/calendar?day=jan22.2026; https://www.forexfactory.com/calendar?day=feb8.2026 and feb9.2026
delete,usd_ppi,2026-02-08 22:00:00,,,,,,,,,"{""actual"": 0.1, ""forecast"": 0.0, ""previous"": 0.6, ""forecast_origin"": ""unknown"", ""jb_status"": ""Bad Data""}","JB mis-dated copy of the FF ""Oct Data"" catch-up row published 2026-01-14 (same values, blank consensus); FF lists no USD release on 2026-02-08/09; the October value stays as the previous of the 2026-01-14 print",https://www.forexfactory.com/calendar?day=jan14.2026; https://www.forexfactory.com/calendar?day=feb8.2026 and feb9.2026
