as_of,symbol,cls,score,bias,r15,r21,r30
2023-05-02,US-DOLLAR,single,-2.0833333333333335,Bearish,,,
2023-05-02,GBPUSD,fx,2.7777777777777777,Bullish,,,
2023-05-02,USDJPY,fx,-2.708333333333333,Bearish,,,
2023-05-02,USDCAD,fx,-1.875,Bearish,,,
2023-05-02,EURGBP,fx,-2.0138888888888884,Bearish,,,
2023-05-02,EURJPY,fx,-1.9444444444444442,Bearish,,,
2023-05-02,EURCHF,fx,1.3888888888888888,Bullish,,,
2023-05-02,EURNZD,fx,1.6666666666666665,Bullish,,,
2023-05-02,GBPCHF,fx,3.4027777777777772,Very Bullish,,,
2023-05-02,GBPAUD,fx,2.5694444444444438,Bullish,,,
2023-05-02,GBPNZD,fx,3.680555555555555,Very Bullish,,,
2023-05-02,AUDJPY,fx,-2.5,Bearish,,,
2023-05-02,NZDJPY,fx,-3.6111111111111107,Very Bearish,,,
2023-05-02,CHFJPY,fx,-3.333333333333333,Very Bearish,,,
2023-05-02,AUDCAD,fx,-1.6666666666666665,Bearish,,,
2023-05-02,NZDCAD,fx,-2.7777777777777777,Bearish,,,
2023-05-02,CADCHF,fx,2.5,Bullish,,,
2023-05-02,DAX,cross-asset,-3.333333333333333,Bearish,,,
2023-05-02,NIKKEI,cross-asset,3.333333333333333,Bullish,,,
2023-05-02,FTSE100,cross-asset,-3.333333333333333,Bearish,0.3309736644898833,0.39281126217749707,0.420096884701852
2023-05-03,US-DOLLAR,single,-1.8055555555555556,Bearish,,,
2023-05-03,GBPUSD,fx,2.847222222222222,Bullish,,,
2023-05-03,USDJPY,fx,-2.569444444444444,Bearish,,,
2023-05-03,USDCAD,fx,-1.4583333333333335,Bearish,,,
2023-05-03,EURGBP,fx,-1.9444444444444442,Bearish,,,
2023-05-03,EURJPY,fx,-1.6666666666666665,Bearish,,,
2023-05-03,EURCHF,fx,1.6666666666666665,Bullish,,,
2023-05-03,GBPCHF,fx,3.6111111111111107,Very Bullish,,,
2023-05-03,GBPAUD,fx,2.7777777777777777,Bullish,,,
2023-05-03,GBPNZD,fx,2.5,Bullish,,,
2023-05-03,GBPCAD,fx,1.3888888888888886,Bullish,,,
2023-05-03,AUDJPY,fx,-2.5,Bearish,,,
2023-05-03,NZDJPY,fx,-2.2222222222222223,Bearish,,,
2023-05-03,CHFJPY,fx,-3.333333333333333,Very Bearish,,,
2023-05-03,AUDCAD,fx,-1.3888888888888888,Bearish,,,
2023-05-03,CADCHF,fx,2.2222222222222223,Bullish,,,
2023-05-03,DAX,cross-asset,-3.333333333333333,Bearish,,,
2023-05-03,NIKKEI,cross-asset,3.333333333333333,Bullish,,,
2023-05-03,FTSE100,cross-asset,-3.333333333333333,Bearish,0.3309736644898833,0.39281126217749707,0.420096884701852
2023-05-04,GBPUSD,fx,2.2916666666666665,Bullish,,,
2023-05-04,USDJPY,fx,-1.8055555555555554,Bearish,,,
2023-05-04,USDCHF,fx,1.5277777777777777,Bullish,,,
2023-05-04,EURGBP,fx,-2.1527777777777777,Bearish,,,
2023-05-04,EURJPY,fx,-1.6666666666666665,Bearish,,,
2023-05-04,EURCHF,fx,1.6666666666666665,Bullish,,,
2023-05-04,GBPCHF,fx,3.819444444444444,Very Bullish,,,
2023-05-04,GBPAUD,fx,2.1527777777777777,Bullish,,,
2023-05-04,GBPNZD,fx,2.708333333333333,Bullish,,,
2023-05-04,GBPCAD,fx,1.597222222222222,Bullish,,,
2023-05-04,AUDJPY,fx,-1.6666666666666665,Bearish,,,
2023-05-04,NZDJPY,fx,-2.2222222222222223,Bearish,,,
2023-05-04,CHFJPY,fx,-3.333333333333333,Very Bearish,,,
2023-05-04,AUDCHF,fx,1.6666666666666665,Bullish,,,
2023-05-04,CADCHF,fx,2.2222222222222223,Bullish,,,
2023-05-04,DAX,cross-asset,-3.333333333333333,Bearish,,,
2023-05-04,NIKKEI,cross-asset,3.333333333333333,Bullish,,,
2023-05-04,FTSE100,cross-asset,-3.333333333333333,Bearish,0.3309736644898833,0.39281126217749707,0.420096884701852
2023-05-05,GBPUSD,fx,2.4305555555555554,Bullish,,,
2023-05-05,USDJPY,fx,-1.9444444444444442,Bearish,,,
2023-05-05,USDCHF,fx,1.3888888888888888,Bullish,,,
2023-05-05,EURGBP,fx,-2.708333333333333,Bearish,,,
2023-05-05,EURJPY,fx,-2.222222222222222,Bearish,,,
2023-05-05,GBPCHF,fx,3.819444444444444,Very Bullish,,,
2023-05-05,GBPAUD,fx,2.1527777777777777,Bullish,,,
2023-05-05,GBPNZD,fx,2.708333333333333,Bullish,,,
2023-05-05,GBPCAD,fx,1.597222222222222,Bullish,,,
2023-05-05,AUDJPY,fx,-1.6666666666666665,Bearish,,,
2023-05-05,NZDJPY,fx,-2.2222222222222223,Bearish,,,
2023-05-05,CHFJPY,fx,-3.333333333333333,Very Bearish,,,
2023-05-05,AUDCHF,fx,1.6666666666666665,Bullish,,,
2023-05-05,CADCHF,fx,2.2222222222222223,Bullish,,,
2023-05-05,NIKKEI,cross-asset,3.333333333333333,Bullish,,,
2023-05-05,FTSE100,cross-asset,-3.333333333333333,Bearish,0.3309736644898833,0.39281126217749707,0.420096884701852
2023-05-08,EURUSD,fx,-1.5277777777777777,Bearish,,,
2023-05-08,GBPUSD,fx,2.013888888888889,Bullish,,,
2023-05-08,USDJPY,fx,-1.5277777777777777,Bearish,,,
2023-05-08,USDCHF,fx,1.8055555555555554,Bullish,,,
2023-05-08,EURGBP,fx,-3.541666666666666,Very Bearish,,,
2023-05-08,EURJPY,fx,-3.0555555555555554,Very Bearish,,,
2023-05-08,EURAUD,fx,-1.3888888888888886,Bearish,,,
2023-05-08,EURCAD,fx,-1.9444444444444442,Bearish,,,
2023-05-08,GBPCHF,fx,3.819444444444444,Very Bullish,,,
2023-05-08,GBPAUD,fx,2.1527777777777777,Bullish,,,
2023-05-08,GBPNZD,fx,2.708333333333333,Bullish,,,
2023-05-08,GBPCAD,fx,1.597222222222222,Bullish,,,
2023-05-08,AUDJPY,fx,-1.6666666666666665,Bearish,,,
2023-05-08,NZDJPY,fx,-2.2222222222222223,Bearish,,,
2023-05-08,CHFJPY,fx,-3.333333333333333,Very Bearish,,,
2023-05-08,AUDCHF,fx,1.6666666666666665,Bullish,,,
2023-05-08,CADCHF,fx,2.2222222222222223,Bullish,,,
2023-05-08,DAX,cross-asset,-3.333333333333333,Bearish,,,
2023-05-08,NIKKEI,cross-asset,3.333333333333333,Bullish,,,
2023-05-08,FTSE100,cross-asset,-3.333333333333333,Bearish,0.3309736644898833,0.39281126217749707,0.420096884701852
2023-05-09,EURUSD,fx,-1.5277777777777777,Bearish,,,
2023-05-09,GBPUSD,fx,2.013888888888889,Bullish,,,
2023-05-09,USDCHF,fx,1.8055555555555554,Bullish,,,
2023-05-09,EURGBP,fx,-3.541666666666666,Very Bearish,,,
2023-05-09,EURJPY,fx,-2.6388888888888884,Bearish,,,
2023-05-09,EURAUD,fx,-1.3888888888888886,Bearish,,,
2023-05-09,EURCAD,fx,-1.9444444444444442,Bearish,,,
2023-05-09,GBPCHF,fx,3.819444444444444,Very Bullish,,,
2023-05-09,GBPAUD,fx,2.1527777777777777,Bullish,,,
2023-05-09,GBPNZD,fx,2.708333333333333,Bullish,,,
2023-05-09,GBPCAD,fx,1.597222222222222,Bullish,,,
2023-05-09,NZDJPY,fx,-1.8055555555555556,Bearish,,,
2023-05-09,CHFJPY,fx,-2.9166666666666665,Bearish,,,
2023-05-09,AUDCHF,fx,1.6666666666666665,Bullish,,,
2023-05-09,CADCHF,fx,2.2222222222222223,Bullish,,,
2023-05-09,DAX,cross-asset,-3.333333333333333,Bearish,,,
2023-05-09,NIKKEI,cross-asset,3.333333333333333,Bullish,,,
2023-05-09,FTSE100,cross-asset,-3.333333333333333,Bearish,0.3309736644898833,0.39281126217749707,0.420096884701852
2023-05-10,EURUSD,fx,-1.5277777777777777,Bearish,,,
2023-05-10,GBPUSD,fx,2.013888888888889,Bullish,,,
2023-05-10,USDCHF,fx,1.8055555555555554,Bullish,,,
2023-05-10,EURGBP,fx,-3.541666666666666,Very Bearish,,,
2023-05-10,EURJPY,fx,-2.6388888888888884,Bearish,,,
2023-05-10,EURAUD,fx,-1.3888888888888886,Bearish,,,
2023-05-10,EURCAD,fx,-1.9444444444444442,Bearish,,,
2023-05-10,GBPCHF,fx,3.819444444444444,Very Bullish,,,
2023-05-10,GBPAUD,fx,2.1527777777777777,Bullish,,,
2023-05-10,GBPNZD,fx,2.708333333333333,Bullish,,,
2023-05-10,GBPCAD,fx,1.597222222222222,Bullish,,,
2023-05-10,NZDJPY,fx,-1.8055555555555556,Bearish,,,
2023-05-10,CHFJPY,fx,-2.9166666666666665,Bearish,,,
2023-05-10,AUDCHF,fx,1.6666666666666665,Bullish,,,
2023-05-10,CADCHF,fx,2.2222222222222223,Bullish,,,
2023-05-10,DAX,cross-asset,-3.333333333333333,Bearish,,,
2023-05-10,NIKKEI,cross-asset,3.333333333333333,Bullish,,,
2023-05-10,FTSE100,cross-asset,-3.333333333333333,Bearish,0.3309736644898833,0.39281126217749707,0.420096884701852
2023-05-11,EURUSD,fx,-1.9444444444444442,Bearish,,,
2023-05-11,GBPUSD,fx,1.597222222222222,Bullish,,,
2023-05-11,USDCHF,fx,2.2222222222222223,Bullish,,,
2023-05-11,EURGBP,fx,-3.541666666666666,Very Bearish,,,
2023-05-11,EURJPY,fx,-2.6388888888888884,Bearish,,,
2023-05-11,EURAUD,fx,-1.3888888888888886,Bearish,,,
2023-05-11,EURCAD,fx,-1.9444444444444442,Bearish,,,
2023-05-11,GBPCHF,fx,3.819444444444444,Very Bullish,,,
2023-05-11,GBPAUD,fx,2.1527777777777777,Bullish,,,
2023-05-11,GBPNZD,fx,2.708333333333333,Bullish,,,
2023-05-11,GBPCAD,fx,1.597222222222222,Bullish,,,
2023-05-11,NZDJPY,fx,-1.8055555555555556,Bearish,,,
2023-05-11,CHFJPY,fx,-2.9166666666666665,Bearish,,,
2023-05-11,AUDCHF,fx,1.6666666666666665,Bullish,,,
2023-05-11,CADCHF,fx,2.2222222222222223,Bullish,,,
2023-05-11,DAX,cross-asset,-3.333333333333333,Bearish,,,
2023-05-11,NIKKEI,cross-asset,3.333333333333333,Bullish,,,
2023-05-11,FTSE100,cross-asset,-3.333333333333333,Bearish,0.3309736644898833,0.39281126217749707,0.420096884701852
2023-05-12,EURUSD,fx,-1.3888888888888886,Bearish,,,
2023-05-12,GBPUSD,fx,2.1527777777777777,Bullish,,,
2023-05-12,USDCHF,fx,1.6666666666666665,Bullish,,,
2023-05-12,EURGBP,fx,-3.541666666666666,Very Bearish,,,
2023-05-12,EURJPY,fx,-2.6388888888888884,Bearish,,,
2023-05-12,EURAUD,fx,-1.3888888888888886,Bearish,,,
2023-05-12,EURCAD,fx,-1.9444444444444442,Bearish,,,
2023-05-12,GBPCHF,fx,3.819444444444444,Very Bullish,,,
2023-05-12,GBPAUD,fx,2.1527777777777777,Bullish,,,
2023-05-12,GBPNZD,fx,2.708333333333333,Bullish,,,
2023-05-12,GBPCAD,fx,1.597222222222222,Bullish,,,
2023-05-12,NZDJPY,fx,-1.8055555555555556,Bearish,,,
2023-05-12,CHFJPY,fx,-2.9166666666666665,Bearish,,,
2023-05-12,AUDCHF,fx,1.6666666666666665,Bullish,,,
2023-05-12,CADCHF,fx,2.2222222222222223,Bullish,,,
2023-05-12,DAX,cross-asset,-3.333333333333333,Bearish,,,
2023-05-12,NIKKEI,cross-asset,3.333333333333333,Bullish,,,
2023-05-12,FTSE100,cross-asset,-3.333333333333333,Bearish,0.3309736644898833,0.39281126217749707,0.420096884701852
2023-05-15,EURUSD,fx,-1.3888888888888886,Bearish,,,
2023-05-15,GBPUSD,fx,1.7361111111111107,Bullish,,,
2023-05-15,USDCHF,fx,1.6666666666666665,Bullish,,,
2023-05-15,EURGBP,fx,-3.124999999999999,Very Bearish,,,
2023-05-15,EURJPY,fx,-2.6388888888888884,Bearish,,,
2023-05-15,EURAUD,fx,-1.3888888888888886,Bearish,,,
2023-05-15,EURCAD,fx,-1.9444444444444442,Bearish,,,
2023-05-15,GBPCHF,fx,3.4027777777777772,Very Bullish,,,
2023-05-15,GBPAUD,fx,1.7361111111111107,Bullish,,,
2023-05-15,GBPNZD,fx,2.291666666666666,Bullish,,,
2023-05-15,NZDJPY,fx,-1.8055555555555556,Bearish,,,
2023-05-15,CHFJPY,fx,-2.9166666666666665,Bearish,,,
2023-05-15,AUDCHF,fx,1.6666666666666665,Bullish,,,
2023-05-15,CADCHF,fx,2.2222222222222223,Bullish,,,
2023-05-15,DAX,cross-asset,-3.333333333333333,Bearish,,,
2023-05-15,NIKKEI,cross-asset,3.333333333333333,Bullish,,,
2023-05-15,FTSE100,cross-asset,-3.333333333333333,Bearish,0.3309736644898833,0.39281126217749707,0.420096884701852
2023-05-16,EURUSD,fx,-1.3888888888888886,Bearish,,,
2023-05-16,GBPUSD,fx,1.7361111111111107,Bullish,,,
2023-05-16,USDCHF,fx,1.6666666666666665,Bullish,,,
2023-05-16,EURGBP,fx,-3.124999999999999,Very Bearish,,,
2023-05-16,EURJPY,fx,-2.6388888888888884,Bearish,,,
2023-05-16,EURAUD,fx,-1.3888888888888886,Bearish,,,
2023-05-16,EURCAD,fx,-1.9444444444444442,Bearish,,,
2023-05-16,GBPCHF,fx,3.4027777777777772,Very Bullish,,,
2023-05-16,GBPAUD,fx,1.7361111111111107,Bullish,,,
2023-05-16,GBPNZD,fx,2.291666666666666,Bullish,,,
2023-05-16,NZDJPY,fx,-1.8055555555555556,Bearish,,,
2023-05-16,CHFJPY,fx,-2.9166666666666665,Bearish,,,
2023-05-16,AUDCHF,fx,1.6666666666666665,Bullish,,,
2023-05-16,CADCHF,fx,2.2222222222222223,Bullish,,,
2023-05-16,DAX,cross-asset,-3.333333333333333,Bearish,,,
2023-05-16,NIKKEI,cross-asset,3.333333333333333,Bullish,,,
2023-05-16,FTSE100,cross-asset,-3.333333333333333,Bearish,0.3309736644898833,0.39281126217749707,0.420096884701852
2023-05-17,EURUSD,fx,-1.3888888888888886,Bearish,,,
2023-05-17,USDCHF,fx,1.6666666666666665,Bullish,,,
2023-05-17,USDCAD,fx,-1.6666666666666665,Bearish,,,
2023-05-17,EURGBP,fx,-2.5694444444444438,Bearish,,,
2023-05-17,EURJPY,fx,-2.6388888888888884,Bearish,,,
2023-05-17,EURAUD,fx,-1.3888888888888886,Bearish,,,
2023-05-17,EURCAD,fx,-3.0555555555555554,Very Bearish,,,
2023-05-17,GBPCHF,fx,2.847222222222222,Bullish,,,
2023-05-17,GBPNZD,fx,1.736111111111111,Bullish,,,
2023-05-17,NZDJPY,fx,-1.8055555555555556,Bearish,,,
2023-05-17,CHFJPY,fx,-2.9166666666666665,Bearish,,,
2023-05-17,AUDCAD,fx,-1.6666666666666665,Bearish,,,
2023-05-17,AUDCHF,fx,1.6666666666666665,Bullish,,,
2023-05-17,NZDCAD,fx,-2.2222222222222223,Bearish,,,
2023-05-17,CADCHF,fx,3.333333333333333,Very Bullish,,,
2023-05-17,DAX,cross-asset,-3.333333333333333,Bearish,,,
2023-05-17,NIKKEI,cross-asset,3.333333333333333,Bullish,,,
2023-05-18,EURUSD,fx,-1.3888888888888886,Bearish,,,
2023-05-18,USDCHF,fx,1.6666666666666665,Bullish,,,
2023-05-18,USDCAD,fx,-1.6666666666666665,Bearish,,,
2023-05-18,NZDUSD,fx,-2.2222222222222223,Bearish,,,
2023-05-18,EURGBP,fx,-2.5694444444444438,Bearish,,,
2023-05-18,EURJPY,fx,-2.6388888888888884,Bearish,,,
2023-05-18,EURAUD,fx,-1.3888888888888886,Bearish,,,
2023-05-18,EURCAD,fx,-3.0555555555555554,Very Bearish,,,
2023-05-18,GBPCHF,fx,2.847222222222222,Bullish,,,
2023-05-18,GBPNZD,fx,3.4027777777777777,Very Bullish,,,
2023-05-18,NZDJPY,fx,-3.4722222222222223,Very Bearish,,,
2023-05-18,CHFJPY,fx,-2.9166666666666665,Bearish,,,
2023-05-18,AUDNZD,fx,2.2222222222222223,Bullish,,,
2023-05-18,AUDCAD,fx,-1.6666666666666665,Bearish,,,
2023-05-18,AUDCHF,fx,1.6666666666666665,Bullish,,,
2023-05-18,NZDCAD,fx,-3.888888888888889,Very Bearish,,,
2023-05-18,CADCHF,fx,3.333333333333333,Very Bullish,,,
2023-05-18,DAX,cross-asset,-3.333333333333333,Bearish,,,
2023-05-18,NIKKEI,cross-asset,3.333333333333333,Bullish,,,
2023-05-19,EURUSD,fx,-1.5277777777777777,Bearish,,,
2023-05-19,USDCAD,fx,-1.5277777777777777,Bearish,,,
2023-05-19,AUDUSD,fx,-1.8055555555555554,Bearish,,,
2023-05-19,NZDUSD,fx,-2.361111111111111,Bearish,,,
2023-05-19,EURGBP,fx,-2.5694444444444438,Bearish,,,
2023-05-19,EURJPY,fx,-2.222222222222222,Bearish,,,
2023-05-19,EURCHF,fx,-1.3888888888888886,Bearish,,,
2023-05-19,EURCAD,fx,-3.0555555555555554,Very Bearish,,,
2023-05-19,GBPAUD,fx,2.847222222222222,Bullish,,,
2023-05-19,GBPNZD,fx,3.4027777777777777,Very Bullish,,,
2023-05-19,AUDJPY,fx,-2.5,Bearish,,,
2023-05-19,NZDJPY,fx,-3.0555555555555554,Very Bearish,,,
2023-05-19,AUDCAD,fx,-3.333333333333333,Very Bearish,,,
2023-05-19,AUDCHF,fx,-1.6666666666666665,Bearish,,,
2023-05-19,NZDCAD,fx,-3.888888888888889,Very Bearish,,,
2023-05-19,NZDCHF,fx,-2.2222222222222223,Bearish,,,
2023-05-19,CADCHF,fx,1.6666666666666665,Bullish,,,
2023-05-19,DAX,cross-asset,-3.333333333333333,Bearish,,,
2023-05-19,NIKKEI,cross-asset,5.0,Very Bullish,,,
2023-05-22,EURUSD,fx,-1.5277777777777777,Bearish,,,
2023-05-22,AUDUSD,fx,-1.8055555555555554,Bearish,,,
2023-05-22,NZDUSD,fx,-2.361111111111111,Bearish,,,
2023-05-22,EURGBP,fx,-2.5694444444444438,Bearish,,,
2023-05-22,EURJPY,fx,-2.222222222222222,Bearish,,,
2023-05-22,EURCHF,fx,-1.3888888888888886,Bearish,,,
2023-05-22,EURCAD,fx,-2.222222222222222,Bearish,,,
2023-05-22,GBPAUD,fx,2.847222222222222,Bullish,,,
2023-05-22,GBPNZD,fx,3.4027777777777777,Very Bullish,,,
2023-05-22,AUDJPY,fx,-2.5,Bearish,,,
2023-05-22,NZDJPY,fx,-3.0555555555555554,Very Bearish,,,
2023-05-22,AUDCAD,fx,-2.5,Bearish,,,
2023-05-22,AUDCHF,fx,-1.6666666666666665,Bearish,,,
2023-05-22,NZDCAD,fx,-3.0555555555555554,Very Bearish,,,
2023-05-22,NZDCHF,fx,-2.2222222222222223,Bearish,,,
2023-05-22,DAX,cross-asset,-3.333333333333333,Bearish,,,
2023-05-22,NIKKEI,cross-asset,5.0,Very Bullish,,,
2023-05-23,EURUSD,fx,-1.5277777777777777,Bearish,,,
2023-05-23,AUDUSD,fx,-1.8055555555555554,Bearish,,,
2023-05-23,NZDUSD,fx,-2.361111111111111,Bearish,,,
2023-05-23,EURGBP,fx,-2.5694444444444438,Bearish,,,
2023-05-23,EURJPY,fx,-2.222222222222222,Bearish,,,
2023-05-23,EURCHF,fx,-1.3888888888888886,Bearish,,,
2023-05-23,EURCAD,fx,-2.222222222222222,Bearish,,,
2023-05-23,GBPAUD,fx,2.847222222222222,Bullish,,,
2023-05-23,GBPNZD,fx,3.4027777777777777,Very Bullish,,,
2023-05-23,AUDJPY,fx,-2.5,Bearish,,,
2023-05-23,NZDJPY,fx,-3.0555555555555554,Very Bearish,,,
2023-05-23,AUDCAD,fx,-2.5,Bearish,,,
2023-05-23,AUDCHF,fx,-1.6666666666666665,Bearish,,,
2023-05-23,NZDCAD,fx,-3.0555555555555554,Very Bearish,,,
2023-05-23,NZDCHF,fx,-2.2222222222222223,Bearish,,,
2023-05-23,DAX,cross-asset,-3.333333333333333,Bearish,,,
2023-05-23,NIKKEI,cross-asset,5.0,Very Bullish,,,
2023-05-24,EURUSD,fx,-1.5277777777777777,Bearish,,,
2023-05-24,AUDUSD,fx,-1.8055555555555554,Bearish,,,
2023-05-24,NZDUSD,fx,-2.361111111111111,Bearish,,,
2023-05-24,EURGBP,fx,-2.5694444444444438,Bearish,,,
2023-05-24,EURJPY,fx,-1.8055555555555554,Bearish,,,
2023-05-24,EURCHF,fx,-1.3888888888888886,Bearish,,,
2023-05-24,GBPAUD,fx,2.847222222222222,Bullish,,,
2023-05-24,GBPNZD,fx,3.4027777777777777,Very Bullish,,,
2023-05-24,GBPCAD,fx,1.458333333333333,Bullish,,,
2023-05-24,AUDJPY,fx,-2.083333333333333,Bearish,,,
2023-05-24,NZDJPY,fx,-2.638888888888889,Bearish,,,
2023-05-24,AUDCAD,fx,-1.3888888888888888,Bearish,,,
2023-05-24,AUDCHF,fx,-1.6666666666666665,Bearish,,,
2023-05-24,NZDCAD,fx,-1.9444444444444446,Bearish,,,
2023-05-24,NZDCHF,fx,-2.2222222222222223,Bearish,,,
2023-05-24,DAX,cross-asset,-3.333333333333333,Bearish,,,
2023-05-24,NIKKEI,cross-asset,6.666666666666666,Very Bullish,,,
2023-05-25,EURUSD,fx,-1.5277777777777777,Bearish,,,
2023-05-25,AUDUSD,fx,-1.8055555555555554,Bearish,,,
2023-05-25,NZDUSD,fx,-2.361111111111111,Bearish,,,
2023-05-25,EURGBP,fx,-2.5694444444444438,Bearish,,,
2023-05-25,EURJPY,fx,-1.8055555555555554,Bearish,,,
2023-05-25,EURCHF,fx,-1.3888888888888886,Bearish,,,
2023-05-25,GBPAUD,fx,2.847222222222222,Bullish,,,
2023-05-25,GBPNZD,fx,3.4027777777777777,Very Bullish,,,
2023-05-25,GBPCAD,fx,1.458333333333333,Bullish,,,
2023-05-25,AUDJPY,fx,-2.083333333333333,Bearish,,,
2023-05-25,NZDJPY,fx,-2.638888888888889,Bearish,,,
2023-05-25,AUDCAD,fx,-1.3888888888888888,Bearish,,,
2023-05-25,AUDCHF,fx,-1.6666666666666665,Bearish,,,
2023-05-25,NZDCAD,fx,-1.9444444444444446,Bearish,,,
2023-05-25,NZDCHF,fx,-2.2222222222222223,Bearish,,,
2023-05-25,DAX,cross-asset,-3.333333333333333,Bearish,,,
2023-05-25,NIKKEI,cross-asset,6.666666666666666,Very Bullish,,,
2023-05-26,EURUSD,fx,-1.6666666666666663,Bearish,,,
2023-05-26,AUDUSD,fx,-1.9444444444444442,Bearish,,,
2023-05-26,NZDUSD,fx,-2.5,Bearish,,,
2023-05-26,EURGBP,fx,-2.5694444444444438,Bearish,,,
2023-05-26,EURJPY,fx,-1.8055555555555554,Bearish,,,
2023-05-26,EURCHF,fx,-1.3888888888888886,Bearish,,,
2023-05-26,GBPAUD,fx,2.847222222222222,Bullish,,,
2023-05-26,GBPNZD,fx,3.4027777777777777,Very Bullish,,,
2023-05-26,GBPCAD,fx,1.458333333333333,Bullish,,,
2023-05-26,AUDJPY,fx,-2.083333333333333,Bearish,,,
2023-05-26,NZDJPY,fx,-2.638888888888889,Bearish,,,
2023-05-26,AUDCAD,fx,-1.3888888888888888,Bearish,,,
2023-05-26,AUDCHF,fx,-1.6666666666666665,Bearish,,,
2023-05-26,NZDCAD,fx,-1.9444444444444446,Bearish,,,
2023-05-26,NZDCHF,fx,-2.2222222222222223,Bearish,,,
2023-05-26,DAX,cross-asset,-3.333333333333333,Bearish,,,
2023-05-26,NIKKEI,cross-asset,6.666666666666666,Very Bullish,,,
2023-05-29,US-DOLLAR,single,1.3888888888888886,Bullish,,,
2023-05-29,EURUSD,fx,-2.083333333333333,Bearish,,,
2023-05-29,GBPUSD,fx,1.3194444444444446,Bullish,,,
2023-05-29,AUDUSD,fx,-3.194444444444444,Very Bearish,,,
2023-05-29,NZDUSD,fx,-2.9166666666666665,Bearish,,,
2023-05-29,EURGBP,fx,-3.4027777777777777,Very Bearish,,,
2023-05-29,EURJPY,fx,-1.8055555555555554,Bearish,,,
2023-05-29,EURCHF,fx,-1.3888888888888886,Bearish,,,
2023-05-29,GBPJPY,fx,1.5972222222222223,Bullish,,,
2023-05-29,GBPCHF,fx,2.013888888888889,Bullish,,,
2023-05-29,GBPAUD,fx,4.513888888888889,Very Bullish,,,
2023-05-29,GBPNZD,fx,4.236111111111111,Very Bullish,,,
2023-05-29,GBPCAD,fx,2.2916666666666665,Bullish,,,
2023-05-29,AUDJPY,fx,-2.9166666666666665,Bearish,,,
2023-05-29,NZDJPY,fx,-2.638888888888889,Bearish,,,
2023-05-29,AUDCAD,fx,-2.2222222222222223,Bearish,,,
2023-05-29,AUDCHF,fx,-2.5,Bearish,,,
2023-05-29,NZDCAD,fx,-1.9444444444444446,Bearish,,,
2023-05-29,NZDCHF,fx,-2.2222222222222223,Bearish,,,
2023-05-29,DAX,cross-asset,-3.333333333333333,Bearish,,,
2023-05-29,NIKKEI,cross-asset,6.666666666666666,Very Bullish,,,
2023-05-30,US-DOLLAR,single,1.3888888888888886,Bullish,,,
2023-05-30,EURUSD,fx,-2.083333333333333,Bearish,,,
2023-05-30,GBPUSD,fx,1.3194444444444446,Bullish,,,
2023-05-30,AUDUSD,fx,-3.194444444444444,Very Bearish,,,
2023-05-30,NZDUSD,fx,-2.9166666666666665,Bearish,,,
2023-05-30,EURGBP,fx,-3.4027777777777777,Very Bearish,,,
2023-05-30,EURJPY,fx,-3.0555555555555554,Very Bearish,,,
2023-05-30,EURCHF,fx,-1.3888888888888886,Bearish,,,
2023-05-30,GBPCHF,fx,2.013888888888889,Bullish,,,
2023-05-30,GBPAUD,fx,4.513888888888889,Very Bullish,,,
2023-05-30,GBPNZD,fx,4.236111111111111,Very Bullish,,,
2023-05-30,GBPCAD,fx,2.2916666666666665,Bullish,,,
2023-05-30,AUDJPY,fx,-4.166666666666666,Very Bearish,,,
2023-05-30,NZDJPY,fx,-3.888888888888889,Very Bearish,,,
2023-05-30,CADJPY,fx,-1.9444444444444442,Bearish,,,
2023-05-30,CHFJPY,fx,-1.6666666666666665,Bearish,,,
2023-05-30,AUDCAD,fx,-2.2222222222222223,Bearish,,,
2023-05-30,AUDCHF,fx,-2.5,Bearish,,,
2023-05-30,NZDCAD,fx,-1.9444444444444446,Bearish,,,
2023-05-30,NZDCHF,fx,-2.2222222222222223,Bearish,,,
2023-05-30,DAX,cross-asset,-3.333333333333333,Bearish,,,
2023-05-30,NIKKEI,cross-asset,3.333333333333333,Bullish,,,
2023-05-31,US-DOLLAR,single,1.3888888888888886,Bullish,,,
2023-05-31,EURUSD,fx,-2.083333333333333,Bearish,,,
2023-05-31,USDJPY,fx,2.3611111111111107,Bullish,,,
2023-05-31,AUDUSD,fx,-3.194444444444444,Very Bearish,,,
2023-05-31,NZDUSD,fx,-2.9166666666666665,Bearish,,,
2023-05-31,EURGBP,fx,-3.194444444444444,Very Bearish,,,
2023-05-31,EURCHF,fx,-3.0555555555555554,Very Bearish,,,
2023-05-31,GBPJPY,fx,3.4722222222222223,Very Bullish,,,
2023-05-31,GBPAUD,fx,4.305555555555555,Very Bullish,,,
2023-05-31,GBPNZD,fx,4.027777777777778,Very Bullish,,,
2023-05-31,GBPCAD,fx,2.0833333333333335,Bullish,,,
2023-05-31,CADJPY,fx,1.3888888888888888,Bullish,,,
2023-05-31,CHFJPY,fx,3.333333333333333,Very Bullish,,,
2023-05-31,AUDCAD,fx,-2.2222222222222223,Bearish,,,
2023-05-31,AUDCHF,fx,-4.166666666666666,Very Bearish,,,
2023-05-31,NZDCAD,fx,-1.9444444444444446,Bearish,,,
2023-05-31,NZDCHF,fx,-3.888888888888889,Very Bearish,,,
2023-05-31,CADCHF,fx,-1.9444444444444442,Bearish,,,
2023-05-31,DAX,cross-asset,-3.333333333333333,Bearish,,,
2023-05-31,NIKKEI,cross-asset,-3.333333333333333,Bearish,,,
2023-06-01,US-DOLLAR,single,1.6666666666666665,Bullish,,,
2023-06-01,EURUSD,fx,-2.222222222222222,Bearish,,,
2023-06-01,USDJPY,fx,2.5,Bullish,,,
2023-06-01,AUDUSD,fx,-2.7777777777777777,Bearish,,,
2023-06-01,NZDUSD,fx,-3.0555555555555554,Very Bearish,,,
2023-06-01,EURGBP,fx,-3.194444444444444,Very Bearish,,,
2023-06-01,EURCHF,fx,-3.4722222222222223,Very Bearish,,,
2023-06-01,GBPJPY,fx,3.4722222222222223,Very Bullish,,,
2023-06-01,GBPAUD,fx,3.75,Very Bullish,,,
2023-06-01,GBPNZD,fx,4.027777777777778,Very Bullish,,,
2023-06-01,GBPCAD,fx,2.0833333333333335,Bullish,,,
2023-06-01,CADJPY,fx,1.3888888888888888,Bullish,,,
2023-06-01,CHFJPY,fx,3.75,Very Bullish,,,
2023-06-01,AUDCAD,fx,-1.6666666666666667,Bearish,,,
2023-06-01,AUDCHF,fx,-4.027777777777778,Very Bearish,,,
2023-06-01,NZDCAD,fx,-1.9444444444444446,Bearish,,,
2023-06-01,NZDCHF,fx,-4.305555555555555,Very Bearish,,,
2023-06-01,CADCHF,fx,-2.361111111111111,Bearish,,,
2023-06-01,DAX,cross-asset,-3.333333333333333,Bearish,,,
2023-06-01,NIKKEI,cross-asset,-3.333333333333333,Bearish,,,
2023-06-01,GOLD,cross-asset,-3.0,Bearish,,,
2023-06-01,SILVER,cross-asset,-3.0,Bearish,,,
2023-06-02,EURUSD,fx,-2.2222222222222223,Bearish,,,
2023-06-02,USDJPY,fx,2.2222222222222223,Bullish,,,
2023-06-02,USDCHF,fx,-1.527777777777778,Bearish,,,
2023-06-02,AUDUSD,fx,-2.5,Bearish,,,
2023-06-02,NZDUSD,fx,-2.7777777777777777,Bearish,,,
2023-06-02,EURGBP,fx,-3.4722222222222223,Very Bearish,,,
2023-06-02,EURCHF,fx,-3.75,Very Bearish,,,
2023-06-02,EURCAD,fx,-1.6666666666666665,Bearish,,,
2023-06-02,GBPJPY,fx,3.4722222222222223,Very Bullish,,,
2023-06-02,GBPAUD,fx,3.75,Very Bullish,,,
2023-06-02,GBPNZD,fx,4.027777777777778,Very Bullish,,,
2023-06-02,GBPCAD,fx,1.8055555555555556,Bullish,,,
2023-06-02,CADJPY,fx,1.6666666666666665,Bullish,,,
2023-06-02,CHFJPY,fx,3.75,Very Bullish,,,
2023-06-02,AUDCAD,fx,-1.9444444444444444,Bearish,,,
2023-06-02,AUDCHF,fx,-4.027777777777778,Very Bearish,,,
2023-06-02,NZDCAD,fx,-2.2222222222222223,Bearish,,,
2023-06-02,NZDCHF,fx,-4.305555555555555,Very Bearish,,,
2023-06-02,CADCHF,fx,-2.0833333333333335,Bearish,,,
2023-06-02,DAX,cross-asset,-3.333333333333333,Bearish,,,
2023-06-02,NIKKEI,cross-asset,-3.333333333333333,Bearish,,,
2023-06-05,EURUSD,fx,-1.5277777777777777,Bearish,,,
2023-06-05,GBPUSD,fx,1.6666666666666665,Bullish,,,
2023-06-05,USDJPY,fx,1.5277777777777777,Bullish,,,
2023-06-05,USDCHF,fx,-2.2222222222222223,Bearish,,,
2023-06-05,AUDUSD,fx,-1.8055555555555556,Bearish,,,
2023-06-05,NZDUSD,fx,-2.0833333333333335,Bearish,,,
2023-06-05,EURGBP,fx,-3.194444444444444,Very Bearish,,,
2023-06-05,EURCHF,fx,-3.75,Very Bearish,,,
2023-06-05,EURCAD,fx,-1.6666666666666665,Bearish,,,
2023-06-05,GBPJPY,fx,3.194444444444444,Very Bullish,,,
2023-06-05,GBPAUD,fx,3.4722222222222223,Very Bullish,,,
2023-06-05,GBPNZD,fx,3.75,Very Bullish,,,
2023-06-05,GBPCAD,fx,1.5277777777777777,Bullish,,,
2023-06-05,CADJPY,fx,1.6666666666666665,Bullish,,,
2023-06-05,CHFJPY,fx,3.75,Very Bullish,,,
2023-06-05,AUDCAD,fx,-1.9444444444444444,Bearish,,,
2023-06-05,AUDCHF,fx,-4.027777777777778,Very Bearish,,,
2023-06-05,NZDCAD,fx,-2.2222222222222223,Bearish,,,
2023-06-05,NZDCHF,fx,-4.305555555555555,Very Bearish,,,
2023-06-05,CADCHF,fx,-2.0833333333333335,Bearish,,,
2023-06-05,DAX,cross-asset,-3.333333333333333,Bearish,,,
2023-06-05,NIKKEI,cross-asset,-3.333333333333333,Bearish,,,
2023-06-06,GBPUSD,fx,1.6666666666666665,Bullish,,,
2023-06-06,USDCHF,fx,-1.3888888888888888,Bearish,,,
2023-06-06,AUDUSD,fx,-1.8055555555555556,Bearish,,,
2023-06-06,NZDUSD,fx,-2.0833333333333335,Bearish,,,
2023-06-06,EURGBP,fx,-2.638888888888889,Bearish,,,
2023-06-06,EURCHF,fx,-2.361111111111111,Bearish,,,
2023-06-06,GBPJPY,fx,2.3611111111111107,Bullish,,,
2023-06-06,GBPAUD,fx,3.4722222222222223,Very Bullish,,,
2023-06-06,GBPNZD,fx,3.75,Very Bullish,,,
2023-06-06,GBPCAD,fx,1.5277777777777777,Bullish,,,
2023-06-06,NZDJPY,fx,-1.388888888888889,Bearish,,,
2023-06-06,CHFJPY,fx,2.083333333333333,Bullish,,,
2023-06-06,AUDCAD,fx,-1.9444444444444444,Bearish,,,
2023-06-06,AUDCHF,fx,-3.1944444444444446,Very Bearish,,,
2023-06-06,NZDCAD,fx,-2.2222222222222223,Bearish,,,
2023-06-06,NZDCHF,fx,-3.4722222222222223,Very Bearish,,,
2023-06-06,DAX,cross-asset,-5.0,Very Bearish,,,
2023-06-06,NIKKEI,cross-asset,-3.333333333333333,Bearish,,,
2023-06-07,GBPUSD,fx,1.6666666666666665,Bullish,,,
2023-06-07,USDCHF,fx,-1.3888888888888888,Bearish,,,
2023-06-07,AUDUSD,fx,-1.8055555555555556,Bearish,,,
2023-06-07,NZDUSD,fx,-2.0833333333333335,Bearish,,,
2023-06-07,EURGBP,fx,-1.8055555555555554,Bearish,,,
2023-06-07,EURCHF,fx,-1.5277777777777777,Bearish,,,
2023-06-07,EURAUD,fx,1.6666666666666667,Bullish,,,
2023-06-07,EURNZD,fx,1.9444444444444446,Bullish,,,
2023-06-07,GBPJPY,fx,2.3611111111111107,Bullish,,,
2023-06-07,GBPAUD,fx,3.4722222222222223,Very Bullish,,,
2023-06-07,GBPNZD,fx,3.75,Very Bullish,,,
2023-06-07,GBPCAD,fx,1.5277777777777777,Bullish,,,
2023-06-07,NZDJPY,fx,-1.388888888888889,Bearish,,,
2023-06-07,CHFJPY,fx,2.083333333333333,Bullish,,,
2023-06-07,AUDCAD,fx,-1.9444444444444444,Bearish,,,
2023-06-07,AUDCHF,fx,-3.1944444444444446,Very Bearish,,,
2023-06-07,NZDCAD,fx,-2.2222222222222223,Bearish,,,
2023-06-07,NZDCHF,fx,-3.4722222222222223,Very Bearish,,,
2023-06-07,DAX,cross-asset,-3.333333333333333,Bearish,,,
2023-06-07,NIKKEI,cross-asset,-3.333333333333333,Bearish,,,
2023-06-08,GBPUSD,fx,1.6666666666666665,Bullish,,,
2023-06-08,AUDUSD,fx,-1.8055555555555556,Bearish,,,
2023-06-08,NZDUSD,fx,-2.0833333333333335,Bearish,,,
2023-06-08,EURGBP,fx,-1.8055555555555554,Bearish,,,
2023-06-08,EURAUD,fx,1.6666666666666667,Bullish,,,
2023-06-08,EURNZD,fx,1.9444444444444446,Bullish,,,
2023-06-08,GBPJPY,fx,2.3611111111111107,Bullish,,,
2023-06-08,GBPCHF,fx,1.9444444444444442,Bullish,,,
2023-06-08,GBPAUD,fx,3.4722222222222223,Very Bullish,,,
2023-06-08,GBPNZD,fx,3.75,Very Bullish,,,
2023-06-08,GBPCAD,fx,1.5277777777777777,Bullish,,,
2023-06-08,NZDJPY,fx,-1.388888888888889,Bearish,,,
2023-06-08,AUDCAD,fx,-1.9444444444444444,Bearish,,,
2023-06-08,AUDCHF,fx,-1.5277777777777777,Bearish,,,
2023-06-08,NZDCAD,fx,-2.2222222222222223,Bearish,,,
2023-06-08,NZDCHF,fx,-1.8055555555555558,Bearish,,,
2023-06-08,DAX,cross-asset,-3.333333333333333,Bearish,,,
2023-06-08,NIKKEI,cross-asset,-3.333333333333333,Bearish,,,
2023-06-09,GBPUSD,fx,1.9444444444444442,Bullish,,,
2023-06-09,AUDUSD,fx,-1.5277777777777777,Bearish,,,
2023-06-09,NZDUSD,fx,-1.8055555555555558,Bearish,,,
2023-06-09,EURGBP,fx,-1.8055555555555554,Bearish,,,
2023-06-09,EURAUD,fx,1.6666666666666667,Bullish,,,
2023-06-09,EURNZD,fx,1.9444444444444446,Bullish,,,
2023-06-09,GBPJPY,fx,2.3611111111111107,Bullish,,,
2023-06-09,GBPCHF,fx,1.9444444444444442,Bullish,,,
2023-06-09,GBPAUD,fx,3.4722222222222223,Very Bullish,,,
2023-06-09,GBPNZD,fx,3.75,Very Bullish,,,
2023-06-09,GBPCAD,fx,1.5277777777777777,Bullish,,,
2023-06-09,NZDJPY,fx,-1.388888888888889,Bearish,,,
2023-06-09,AUDCAD,fx,-1.9444444444444444,Bearish,,,
2023-06-09,AUDCHF,fx,-1.5277777777777777,Bearish,,,
2023-06-09,NZDCAD,fx,-2.2222222222222223,Bearish,,,
2023-06-09,NZDCHF,fx,-1.8055555555555558,Bearish,,,
2023-06-09,DAX,cross-asset,-3.333333333333333,Bearish,,,
2023-06-09,NIKKEI,cross-asset,-3.333333333333333,Bearish,,,
2023-06-12,GBPUSD,fx,1.9444444444444442,Bullish,,,
2023-06-12,AUDUSD,fx,-1.5277777777777777,Bearish,,,
2023-06-12,NZDUSD,fx,-1.8055555555555558,Bearish,,,
2023-06-12,EURGBP,fx,-1.8055555555555554,Bearish,,,
2023-06-12,EURAUD,fx,1.6666666666666667,Bullish,,,
2023-06-12,EURNZD,fx,1.9444444444444446,Bullish,,,
2023-06-12,GBPJPY,fx,2.3611111111111107,Bullish,,,
2023-06-12,GBPCHF,fx,1.9444444444444442,Bullish,,,
2023-06-12,GBPAUD,fx,3.4722222222222223,Very Bullish,,,
2023-06-12,GBPNZD,fx,3.75,Very Bullish,,,
2023-06-12,GBPCAD,fx,2.7777777777777777,Bullish,,,
2023-06-12,NZDJPY,fx,-1.388888888888889,Bearish,,,
2023-06-12,AUDCHF,fx,-1.5277777777777777,Bearish,,,
2023-06-12,NZDCHF,fx,-1.8055555555555558,Bearish,,,
2023-06-12,DAX,cross-asset,-3.333333333333333,Bearish,,,
2023-06-12,NIKKEI,cross-asset,-3.333333333333333,Bearish,,,
2023-06-13,GBPUSD,fx,1.9444444444444442,Bullish,,,
2023-06-13,AUDUSD,fx,-1.5277777777777777,Bearish,,,
2023-06-13,NZDUSD,fx,-1.8055555555555558,Bearish,,,
2023-06-13,EURGBP,fx,-1.8055555555555554,Bearish,,,
2023-06-13,EURAUD,fx,1.6666666666666667,Bullish,,,
2023-06-13,EURNZD,fx,1.9444444444444446,Bullish,,,
2023-06-13,GBPJPY,fx,2.3611111111111107,Bullish,,,
2023-06-13,GBPCHF,fx,1.9444444444444442,Bullish,,,
2023-06-13,GBPAUD,fx,3.4722222222222223,Very Bullish,,,
2023-06-13,GBPNZD,fx,3.75,Very Bullish,,,
2023-06-13,GBPCAD,fx,2.7777777777777777,Bullish,,,
2023-06-13,NZDJPY,fx,-1.388888888888889,Bearish,,,
2023-06-13,AUDCHF,fx,-1.5277777777777777,Bearish,,,
2023-06-13,NZDCHF,fx,-1.8055555555555558,Bearish,,,
2023-06-13,DAX,cross-asset,-3.333333333333333,Bearish,,,
2023-06-13,NIKKEI,cross-asset,-3.333333333333333,Bearish,,,
2023-06-14,US-DOLLAR,single,-2.0833333333333335,Bearish,,,
2023-06-14,GBPUSD,fx,2.8472222222222223,Bullish,,,
2023-06-14,EURGBP,fx,-2.0833333333333335,Bearish,,,
2023-06-14,EURAUD,fx,1.6666666666666667,Bullish,,,
2023-06-14,EURNZD,fx,1.9444444444444446,Bullish,,,
2023-06-14,GBPJPY,fx,2.638888888888889,Bullish,,,
2023-06-14,GBPCHF,fx,2.2222222222222223,Bullish,,,
2023-06-14,GBPAUD,fx,3.75,Very Bullish,,,
2023-06-14,GBPNZD,fx,4.027777777777778,Very Bullish,,,
2023-06-14,GBPCAD,fx,3.0555555555555554,Very Bullish,,,
2023-06-14,NZDJPY,fx,-1.388888888888889,Bearish,,,
2023-06-14,AUDCHF,fx,-1.5277777777777777,Bearish,,,
2023-06-14,NZDCHF,fx,-1.8055555555555558,Bearish,,,
2023-06-14,DAX,cross-asset,-3.333333333333333,Bearish,,,
2023-06-14,NIKKEI,cross-asset,-3.333333333333333,Bearish,,,
2023-06-14,FTSE100,cross-asset,-3.333333333333333,Bearish,0.3309736644898833,0.39281126217749707,0.420096884701852
2023-06-15,US-DOLLAR,single,-2.0833333333333335,Bearish,,,
2023-06-15,GBPUSD,fx,2.8472222222222223,Bullish,,,
2023-06-15,EURGBP,fx,-2.0833333333333335,Bearish,,,
2023-06-15,EURAUD,fx,1.6666666666666667,Bullish,,,
2023-06-15,EURNZD,fx,1.527777777777778,Bullish,,,
2023-06-15,GBPJPY,fx,2.638888888888889,Bullish,,,
2023-06-15,GBPCHF,fx,2.2222222222222223,Bullish,,,
2023-06-15,GBPAUD,fx,3.75,Very Bullish,,,
2023-06-15,GBPNZD,fx,3.611111111111111,Very Bullish,,,
2023-06-15,GBPCAD,fx,3.0555555555555554,Very Bullish,,,
2023-06-15,AUDCHF,fx,-1.5277777777777777,Bearish,,,
2023-06-15,NZDCHF,fx,-1.3888888888888888,Bearish,,,
2023-06-15,DAX,cross-asset,-3.333333333333333,Bearish,,,
2023-06-15,NIKKEI,cross-asset,-3.333333333333333,Bearish,,,
2023-06-15,FTSE100,cross-asset,-3.333333333333333,Bearish,0.3309736644898833,0.39281126217749707,0.420096884701852
2023-06-16,GBPUSD,fx,2.2916666666666665,Bullish,,,
2023-06-16,NZDUSD,fx,-1.3194444444444444,Bearish,,,
2023-06-16,EURGBP,fx,-2.0833333333333335,Bearish,,,
2023-06-16,EURCHF,fx,1.3888888888888888,Bullish,,,
2023-06-16,EURNZD,fx,1.527777777777778,Bullish,,,
2023-06-16,GBPJPY,fx,2.638888888888889,Bullish,,,
2023-06-16,GBPCHF,fx,3.4722222222222223,Very Bullish,,,
2023-06-16,GBPAUD,fx,2.638888888888889,Bullish,,,
2023-06-16,GBPNZD,fx,3.611111111111111,Very Bullish,,,
2023-06-16,GBPCAD,fx,3.0555555555555554,Very Bullish,,,
2023-06-16,DAX,cross-asset,-3.333333333333333,Bearish,,,
2023-06-16,NIKKEI,cross-asset,-3.333333333333333,Bearish,,,
2023-06-16,FTSE100,cross-asset,-3.333333333333333,Bearish,0.3309736644898833,0.39281126217749707,0.420096884701852
2023-06-19,GBPUSD,fx,2.2916666666666665,Bullish,,,
2023-06-19,NZDUSD,fx,-1.3194444444444444,Bearish,,,
2023-06-19,EURGBP,fx,-2.0833333333333335,Bearish,,,
2023-06-19,EURCHF,fx,1.3888888888888888,Bullish,,,
2023-06-19,EURNZD,fx,1.527777777777778,Bullish,,,
2023-06-19,GBPJPY,fx,2.638888888888889,Bullish,,,
2023-06-19,GBPCHF,fx,3.4722222222222223,Very Bullish,,,
2023-06-19,GBPAUD,fx,2.638888888888889,Bullish,,,
2023-06-19,GBPNZD,fx,3.611111111111111,Very Bullish,,,
2023-06-19,GBPCAD,fx,3.0555555555555554,Very Bullish,,,
2023-06-19,DAX,cross-asset,-3.333333333333333,Bearish,,,
2023-06-19,NIKKEI,cross-asset,-3.333333333333333,Bearish,,,
2023-06-19,FTSE100,cross-asset,-3.333333333333333,Bearish,0.3309736644898833,0.39281126217749707,0.420096884701852
2023-06-20,GBPUSD,fx,2.2916666666666665,Bullish,,,
2023-06-20,NZDUSD,fx,-1.3194444444444444,Bearish,,,
2023-06-20,EURGBP,fx,-2.0833333333333335,Bearish,,,
2023-06-20,EURCHF,fx,1.3888888888888888,Bullish,,,
2023-06-20,EURNZD,fx,1.527777777777778,Bullish,,,
2023-06-20,GBPJPY,fx,2.638888888888889,Bullish,,,
2023-06-20,GBPCHF,fx,3.4722222222222223,Very Bullish,,,
2023-06-20,GBPAUD,fx,2.638888888888889,Bullish,,,
2023-06-20,GBPNZD,fx,3.611111111111111,Very Bullish,,,
2023-06-20,GBPCAD,fx,2.7777777777777777,Bullish,,,
2023-06-20,DAX,cross-asset,-3.333333333333333,Bearish,,,
2023-06-20,NIKKEI,cross-asset,-3.333333333333333,Bearish,,,
2023-06-20,FTSE100,cross-asset,-3.333333333333333,Bearish,0.3309736644898833,0.39281126217749707,0.420096884701852
2023-06-21,GBPUSD,fx,2.2916666666666665,Bullish,,,
2023-06-21,NZDUSD,fx,-1.3194444444444444,Bearish,,,
2023-06-21,EURGBP,fx,-2.0833333333333335,Bearish,,,
2023-06-21,EURCHF,fx,1.3888888888888888,Bullish,,,
2023-06-21,EURNZD,fx,1.527777777777778,Bullish,,,
2023-06-21,GBPJPY,fx,2.638888888888889,Bullish,,,
2023-06-21,GBPCHF,fx,3.4722222222222223,Very Bullish,,,
2023-06-21,GBPAUD,fx,2.638888888888889,Bullish,,,
2023-06-21,GBPNZD,fx,3.611111111111111,Very Bullish,,,
2023-06-21,GBPCAD,fx,2.7777777777777777,Bullish,,,
2023-06-21,DAX,cross-asset,-3.333333333333333,Bearish,,,
2023-06-21,NIKKEI,cross-asset,-3.333333333333333,Bearish,,,
2023-06-21,FTSE100,cross-asset,-3.333333333333333,Bearish,0.3309736644898833,0.39281126217749707,0.420096884701852
2023-06-22,GBPUSD,fx,1.4583333333333333,Bullish,,,
2023-06-22,NZDUSD,fx,-1.3194444444444444,Bearish,,,
2023-06-22,EURCHF,fx,1.3888888888888888,Bullish,,,
2023-06-22,EURNZD,fx,1.527777777777778,Bullish,,,
2023-06-22,GBPJPY,fx,1.8055555555555554,Bullish,,,
2023-06-22,GBPCHF,fx,2.6388888888888884,Bullish,,,
2023-06-22,GBPAUD,fx,1.8055555555555554,Bullish,,,
2023-06-22,GBPNZD,fx,2.7777777777777777,Bullish,,,
2023-06-22,NZDCAD,fx,-1.6666666666666667,Bearish,,,
2023-06-22,CADCHF,fx,1.5277777777777777,Bullish,,,
2023-06-22,DAX,cross-asset,-3.333333333333333,Bearish,,,
2023-06-22,NIKKEI,cross-asset,-3.333333333333333,Bearish,,,
2023-06-23,GBPUSD,fx,1.3194444444444442,Bullish,,,
2023-06-23,USDCHF,fx,1.3194444444444442,Bullish,,,
2023-06-23,NZDUSD,fx,-1.4583333333333335,Bearish,,,
2023-06-23,EURCHF,fx,1.3888888888888888,Bullish,,,
2023-06-23,EURNZD,fx,1.527777777777778,Bullish,,,
2023-06-23,GBPJPY,fx,1.3888888888888888,Bullish,,,
2023-06-23,GBPCHF,fx,2.6388888888888884,Bullish,,,
2023-06-23,GBPAUD,fx,1.8055555555555554,Bullish,,,
2023-06-23,GBPNZD,fx,2.7777777777777777,Bullish,,,
2023-06-23,NZDJPY,fx,-1.3888888888888888,Bearish,,,
2023-06-23,NZDCAD,fx,-1.6666666666666667,Bearish,,,
2023-06-23,CADCHF,fx,1.5277777777777777,Bullish,,,
2023-06-23,DAX,cross-asset,-3.333333333333333,Bearish,,,
2023-06-23,NIKKEI,cross-asset,-5.0,Very Bearish,,,
2023-06-26,USDCHF,fx,1.3194444444444442,Bullish,,,
2023-06-26,NZDUSD,fx,-1.4583333333333335,Bearish,,,
2023-06-26,EURCHF,fx,1.3888888888888888,Bullish,,,
2023-06-26,EURNZD,fx,1.527777777777778,Bullish,,,
2023-06-26,GBPCHF,fx,2.2222222222222223,Bullish,,,
2023-06-26,GBPAUD,fx,1.3888888888888888,Bullish,,,
2023-06-26,GBPNZD,fx,2.361111111111111,Bullish,,,
2023-06-26,NZDJPY,fx,-1.3888888888888888,Bearish,,,
2023-06-26,NZDCAD,fx,-1.6666666666666667,Bearish,,,
2023-06-26,CADCHF,fx,1.5277777777777777,Bullish,,,
2023-06-26,DAX,cross-asset,-3.333333333333333,Bearish,,,
2023-06-26,NIKKEI,cross-asset,-5.0,Very Bearish,,,
2023-06-27,USDCHF,fx,1.3194444444444442,Bullish,,,
2023-06-27,NZDUSD,fx,-1.4583333333333335,Bearish,,,
2023-06-27,EURCHF,fx,1.3888888888888888,Bullish,,,
2023-06-27,EURNZD,fx,1.527777777777778,Bullish,,,
2023-06-27,GBPCHF,fx,2.2222222222222223,Bullish,,,
2023-06-27,GBPAUD,fx,1.3888888888888888,Bullish,,,
2023-06-27,GBPNZD,fx,2.361111111111111,Bullish,,,
2023-06-27,NZDJPY,fx,-1.3888888888888888,Bearish,,,
2023-06-27,NZDCAD,fx,-1.6666666666666667,Bearish,,,
2023-06-27,CADCHF,fx,1.5277777777777777,Bullish,,,
2023-06-27,DAX,cross-asset,-3.333333333333333,Bearish,,,
2023-06-27,NIKKEI,cross-asset,-5.0,Very Bearish,,,
2023-06-28,USDCHF,fx,1.3194444444444442,Bullish,,,
2023-06-28,NZDUSD,fx,-1.4583333333333335,Bearish,,,
2023-06-28,EURCHF,fx,1.3888888888888888,Bullish,,,
2023-06-28,EURNZD,fx,1.527777777777778,Bullish,,,
2023-06-28,GBPJPY,fx,1.3888888888888888,Bullish,,,
2023-06-28,GBPCHF,fx,2.2222222222222223,Bullish,,,
2023-06-28,GBPAUD,fx,1.3888888888888888,Bullish,,,
2023-06-28,GBPNZD,fx,2.361111111111111,Bullish,,,
2023-06-28,DAX,cross-asset,-3.333333333333333,Bearish,,,
2023-06-28,NIKKEI,cross-asset,-3.333333333333333,Bearish,,,
2023-06-29,USDCHF,fx,1.3194444444444442,Bullish,,,
2023-06-29,NZDUSD,fx,-1.4583333333333335,Bearish,,,
2023-06-29,EURCHF,fx,1.3888888888888888,Bullish,,,
2023-06-29,EURNZD,fx,1.527777777777778,Bullish,,,
2023-06-29,GBPCHF,fx,2.2222222222222223,Bullish,,,
2023-06-29,GBPAUD,fx,1.9444444444444442,Bullish,,,
2023-06-29,GBPNZD,fx,2.361111111111111,Bullish,,,
2023-06-29,AUDJPY,fx,-2.222222222222222,Bearish,,,
2023-06-29,NZDJPY,fx,-2.638888888888889,Bearish,,,
2023-06-29,CADJPY,fx,-1.5277777777777777,Bearish,,,
2023-06-29,CHFJPY,fx,-2.5,Bearish,,,
2023-06-29,DAX,cross-asset,-3.333333333333333,Bearish,,,
2023-06-30,USDCHF,fx,1.597222222222222,Bullish,,,
2023-06-30,AUDUSD,fx,-1.3194444444444442,Bearish,,,
2023-06-30,NZDUSD,fx,-1.7361111111111112,Bearish,,,
2023-06-30,EURCHF,fx,1.3888888888888888,Bullish,,,
2023-06-30,EURNZD,fx,1.527777777777778,Bullish,,,
2023-06-30,GBPCHF,fx,2.2222222222222223,Bullish,,,
2023-06-30,GBPAUD,fx,1.9444444444444442,Bullish,,,
2023-06-30,GBPNZD,fx,2.361111111111111,Bullish,,,
2023-06-30,AUDJPY,fx,-1.8055555555555554,Bearish,,,
2023-06-30,NZDJPY,fx,-2.2222222222222223,Bearish,,,
2023-06-30,CHFJPY,fx,-2.083333333333333,Bearish,,,
2023-06-30,DAX,cross-asset,-3.333333333333333,Bearish,,,
2023-06-30,GOLD,cross-asset,-2.0,Bearish,,,
2023-06-30,SILVER,cross-asset,-2.0,Bearish,,,
2023-07-03,NZDUSD,fx,-1.3194444444444444,Bearish,,,
2023-07-03,EURAUD,fx,1.3888888888888886,Bullish,,,
2023-07-03,EURNZD,fx,1.8055555555555556,Bullish,,,
2023-07-03,GBPCHF,fx,1.3888888888888888,Bullish,,,
2023-07-03,GBPAUD,fx,1.9444444444444442,Bullish,,,
2023-07-03,GBPNZD,fx,2.361111111111111,Bullish,,,
2023-07-03,AUDJPY,fx,-1.8055555555555554,Bearish,,,
2023-07-03,NZDJPY,fx,-2.2222222222222223,Bearish,,,
2023-07-03,DJIA,cross-asset,3.333333333333333,Bullish,,,
2023-07-03,SP500,cross-asset,3.333333333333333,Bullish,,,
2023-07-03,NASDAQ,cross-asset,3.333333333333333,Bullish,,,
2023-07-03,DAX,cross-asset,-3.333333333333333,Bearish,,,
2023-07-04,US-DOLLAR,single,-1.8055555555555558,Bearish,,,
2023-07-04,GBPUSD,fx,1.4583333333333335,Bullish,,,
2023-07-04,USDJPY,fx,-1.3194444444444446,Bearish,,,
2023-07-04,EURAUD,fx,1.3888888888888886,Bullish,,,
2023-07-04,EURNZD,fx,1.8055555555555556,Bullish,,,
2023-07-04,GBPCHF,fx,1.3888888888888888,Bullish,,,
2023-07-04,GBPAUD,fx,1.9444444444444442,Bullish,,,
2023-07-04,GBPNZD,fx,2.361111111111111,Bullish,,,
2023-07-04,AUDJPY,fx,-1.8055555555555554,Bearish,,,
2023-07-04,NZDJPY,fx,-2.2222222222222223,Bearish,,,
2023-07-04,NZDCAD,fx,-1.3888888888888888,Bearish,,,
2023-07-04,DAX,cross-asset,-3.333333333333333,Bearish,,,
2023-07-05,US-DOLLAR,single,-1.8055555555555558,Bearish,,,
2023-07-05,GBPUSD,fx,1.4583333333333335,Bullish,,,
2023-07-05,USDJPY,fx,-1.3194444444444446,Bearish,,,
2023-07-05,EURAUD,fx,1.3888888888888886,Bullish,,,
2023-07-05,EURNZD,fx,1.8055555555555556,Bullish,,,
2023-07-05,GBPCHF,fx,1.3888888888888888,Bullish,,,
2023-07-05,GBPAUD,fx,1.9444444444444442,Bullish,,,
2023-07-05,GBPNZD,fx,2.361111111111111,Bullish,,,
2023-07-05,AUDJPY,fx,-1.8055555555555554,Bearish,,,
2023-07-05,NZDJPY,fx,-2.2222222222222223,Bearish,,,
2023-07-05,DAX,cross-asset,-3.333333333333333,Bearish,,,
2023-07-06,US-DOLLAR,single,-1.8055555555555558,Bearish,,,
2023-07-06,GBPUSD,fx,1.4583333333333335,Bullish,,,
2023-07-06,USDJPY,fx,-1.3194444444444446,Bearish,,,
2023-07-06,EURAUD,fx,1.3888888888888886,Bullish,,,
2023-07-06,EURNZD,fx,1.8055555555555556,Bullish,,,
2023-07-06,GBPCHF,fx,1.3888888888888888,Bullish,,,
2023-07-06,GBPAUD,fx,1.9444444444444442,Bullish,,,
2023-07-06,GBPNZD,fx,2.361111111111111,Bullish,,,
2023-07-06,AUDJPY,fx,-1.8055555555555554,Bearish,,,
2023-07-06,NZDJPY,fx,-2.2222222222222223,Bearish,,,
2023-07-06,DAX,cross-asset,-3.333333333333333,Bearish,,,
2023-07-07,US-DOLLAR,single,-2.361111111111111,Bearish,,,
2023-07-07,GBPUSD,fx,1.7361111111111112,Bullish,,,
2023-07-07,USDJPY,fx,-2.013888888888889,Bearish,,,
2023-07-07,EURAUD,fx,1.3888888888888886,Bullish,,,
2023-07-07,EURNZD,fx,1.8055555555555556,Bullish,,,
2023-07-07,GBPCHF,fx,1.3888888888888888,Bullish,,,
2023-07-07,GBPAUD,fx,1.9444444444444442,Bullish,,,
2023-07-07,GBPNZD,fx,2.361111111111111,Bullish,,,
2023-07-07,AUDJPY,fx,-2.222222222222222,Bearish,,,
2023-07-07,NZDJPY,fx,-2.638888888888889,Bearish,,,
2023-07-07,CADJPY,fx,-1.5277777777777777,Bearish,,,
2023-07-07,CHFJPY,fx,-1.6666666666666665,Bearish,,,
2023-07-07,DAX,cross-asset,-3.333333333333333,Bearish,,,
2023-07-07,GOLD,cross-asset,3.0,Bullish,,,
2023-07-07,SILVER,cross-asset,3.0,Bullish,,,
2023-07-10,US-DOLLAR,single,-2.0833333333333335,Bearish,,,
2023-07-10,GBPUSD,fx,1.5972222222222223,Bullish,,,
2023-07-10,USDJPY,fx,-1.875,Bearish,,,
2023-07-10,USDCHF,fx,-1.875,Bearish,,,
2023-07-10,EURAUD,fx,1.3888888888888886,Bullish,,,
2023-07-10,EURNZD,fx,1.8055555555555556,Bullish,,,
2023-07-10,GBPAUD,fx,1.9444444444444442,Bullish,,,
2023-07-10,GBPNZD,fx,2.361111111111111,Bullish,,,
2023-07-10,AUDJPY,fx,-2.222222222222222,Bearish,,,
2023-07-10,NZDJPY,fx,-2.638888888888889,Bearish,,,
2023-07-10,CADJPY,fx,-1.5277777777777777,Bearish,,,
2023-07-10,AUDCHF,fx,-2.222222222222222,Bearish,,,
2023-07-10,NZDCHF,fx,-2.638888888888889,Bearish,,,
2023-07-10,CADCHF,fx,-1.5277777777777777,Bearish,,,
2023-07-10,DAX,cross-asset,-3.333333333333333,Bearish,,,
2023-07-10,GOLD,cross-asset,3.0,Bullish,,,
2023-07-10,SILVER,cross-asset,3.0,Bullish,,,
2023-07-11,US-DOLLAR,single,-2.0833333333333335,Bearish,,,
2023-07-11,GBPUSD,fx,1.5972222222222223,Bullish,,,
2023-07-11,USDJPY,fx,-1.875,Bearish,,,
2023-07-11,USDCHF,fx,-1.875,Bearish,,,
2023-07-11,EURAUD,fx,1.3888888888888886,Bullish,,,
2023-07-11,EURNZD,fx,1.8055555555555556,Bullish,,,
2023-07-11,GBPAUD,fx,1.9444444444444442,Bullish,,,
2023-07-11,GBPNZD,fx,2.361111111111111,Bullish,,,
2023-07-11,AUDJPY,fx,-2.222222222222222,Bearish,,,
2023-07-11,NZDJPY,fx,-2.638888888888889,Bearish,,,
2023-07-11,CADJPY,fx,-1.5277777777777777,Bearish,,,
2023-07-11,AUDCHF,fx,-2.222222222222222,Bearish,,,
2023-07-11,NZDCHF,fx,-2.638888888888889,Bearish,,,
2023-07-11,CADCHF,fx,-1.5277777777777777,Bearish,,,
2023-07-11,DAX,cross-asset,-3.333333333333333,Bearish,,,
2023-07-11,GOLD,cross-asset,3.0,Bullish,,,
2023-07-11,SILVER,cross-asset,3.0,Bullish,,,
2023-07-12,US-DOLLAR,single,-2.0833333333333335,Bearish,,,
2023-07-12,USDJPY,fx,-1.875,Bearish,,,
2023-07-12,USDCHF,fx,-1.875,Bearish,,,
2023-07-12,EURAUD,fx,1.3888888888888886,Bullish,,,
2023-07-12,EURNZD,fx,1.8055555555555556,Bullish,,,
2023-07-12,GBPNZD,fx,1.5277777777777777,Bullish,,,
2023-07-12,AUDJPY,fx,-2.222222222222222,Bearish,,,
2023-07-12,NZDJPY,fx,-2.638888888888889,Bearish,,,
2023-07-12,CADJPY,fx,-1.5277777777777777,Bearish,,,
2023-07-12,AUDCHF,fx,-2.222222222222222,Bearish,,,
2023-07-12,NZDCHF,fx,-2.638888888888889,Bearish,,,
2023-07-12,CADCHF,fx,-1.5277777777777777,Bearish,,,
2023-07-12,DAX,cross-asset,-3.333333333333333,Bearish,,,
2023-07-12,GOLD,cross-asset,3.0,Bullish,,,
2023-07-12,SILVER,cross-asset,3.0,Bullish,,,
2023-07-13,US-DOLLAR,single,-2.5,Bearish,,,
2023-07-13,USDJPY,fx,-2.083333333333333,Bearish,,,
2023-07-13,USDCHF,fx,-2.083333333333333,Bearish,,,
2023-07-13,EURAUD,fx,1.3888888888888886,Bullish,,,
2023-07-13,EURNZD,fx,1.8055555555555556,Bullish,,,
2023-07-13,GBPNZD,fx,1.5277777777777777,Bullish,,,
2023-07-13,AUDJPY,fx,-2.222222222222222,Bearish,,,
2023-07-13,NZDJPY,fx,-2.638888888888889,Bearish,,,
2023-07-13,CADJPY,fx,-1.5277777777777777,Bearish,,,
2023-07-13,AUDCHF,fx,-2.222222222222222,Bearish,,,
2023-07-13,NZDCHF,fx,-2.638888888888889,Bearish,,,
2023-07-13,CADCHF,fx,-1.5277777777777777,Bearish,,,
2023-07-13,DAX,cross-asset,-3.333333333333333,Bearish,,,
2023-07-13,GOLD,cross-asset,3.0,Bullish,,,
2023-07-13,SILVER,cross-asset,3.0,Bullish,,,
2023-07-14,US-DOLLAR,single,-1.3888888888888888,Bearish,,,
2023-07-14,USDJPY,fx,-1.5277777777777777,Bearish,,,
2023-07-14,USDCHF,fx,-1.5277777777777777,Bearish,,,
2023-07-14,EURAUD,fx,1.3888888888888886,Bullish,,,
2023-07-14,EURNZD,fx,1.8055555555555556,Bullish,,,
2023-07-14,GBPAUD,fx,1.5277777777777775,Bullish,,,
2023-07-14,GBPNZD,fx,1.9444444444444444,Bullish,,,
2023-07-14,AUDJPY,fx,-2.222222222222222,Bearish,,,
2023-07-14,NZDJPY,fx,-2.638888888888889,Bearish,,,
2023-07-14,CADJPY,fx,-1.5277777777777777,Bearish,,,
2023-07-14,AUDCHF,fx,-2.222222222222222,Bearish,,,
2023-07-14,NZDCHF,fx,-2.638888888888889,Bearish,,,
2023-07-14,CADCHF,fx,-1.5277777777777777,Bearish,,,
2023-07-14,DAX,cross-asset,-3.333333333333333,Bearish,,,
2023-07-17,US-DOLLAR,single,-1.3888888888888888,Bearish,,,
2023-07-17,USDJPY,fx,-1.5277777777777777,Bearish,,,
2023-07-17,USDCHF,fx,-1.5277777777777777,Bearish,,,
2023-07-17,EURAUD,fx,1.3888888888888886,Bullish,,,
2023-07-17,EURNZD,fx,1.8055555555555556,Bullish,,,
2023-07-17,GBPAUD,fx,1.5277777777777775,Bullish,,,
2023-07-17,GBPNZD,fx,1.9444444444444444,Bullish,,,
2023-07-17,AUDJPY,fx,-2.222222222222222,Bearish,,,
2023-07-17,NZDJPY,fx,-2.638888888888889,Bearish,,,
2023-07-17,CADJPY,fx,-1.5277777777777777,Bearish,,,
2023-07-17,AUDCHF,fx,-2.222222222222222,Bearish,,,
2023-07-17,NZDCHF,fx,-2.638888888888889,Bearish,,,
2023-07-17,CADCHF,fx,-1.5277777777777777,Bearish,,,
2023-07-17,DAX,cross-asset,-3.333333333333333,Bearish,,,
2023-07-18,US-DOLLAR,single,-1.3888888888888888,Bearish,,,
2023-07-18,USDJPY,fx,-1.5277777777777777,Bearish,,,
2023-07-18,USDCHF,fx,-1.5277777777777777,Bearish,,,
2023-07-18,EURAUD,fx,1.3888888888888886,Bullish,,,
2023-07-18,EURNZD,fx,1.8055555555555556,Bullish,,,
2023-07-18,GBPAUD,fx,1.5277777777777775,Bullish,,,
2023-07-18,GBPNZD,fx,1.9444444444444444,Bullish,,,
2023-07-18,AUDJPY,fx,-2.222222222222222,Bearish,,,
2023-07-18,NZDJPY,fx,-2.638888888888889,Bearish,,,
2023-07-18,CADJPY,fx,-1.5277777777777777,Bearish,,,
2023-07-18,AUDCHF,fx,-2.222222222222222,Bearish,,,
2023-07-18,NZDCHF,fx,-2.638888888888889,Bearish,,,
2023-07-18,CADCHF,fx,-1.5277777777777777,Bearish,,,
2023-07-18,DAX,cross-asset,-3.333333333333333,Bearish,,,
2023-07-19,US-DOLLAR,single,-1.3888888888888888,Bearish,,,
2023-07-19,USDJPY,fx,-1.5277777777777777,Bearish,,,
2023-07-19,USDCHF,fx,-1.5277777777777777,Bearish,,,
2023-07-19,EURAUD,fx,1.3888888888888886,Bullish,,,
2023-07-19,GBPAUD,fx,1.5277777777777775,Bullish,,,
2023-07-19,AUDJPY,fx,-2.222222222222222,Bearish,,,
2023-07-19,CADJPY,fx,-1.5277777777777777,Bearish,,,
2023-07-19,AUDCHF,fx,-2.222222222222222,Bearish,,,
2023-07-19,CADCHF,fx,-1.5277777777777777,Bearish,,,
2023-07-19,DAX,cross-asset,-3.333333333333333,Bearish,,,
2023-07-20,US-DOLLAR,single,-1.3888888888888888,Bearish,,,
2023-07-20,USDJPY,fx,-1.5277777777777777,Bearish,,,
2023-07-20,USDCHF,fx,-1.5277777777777777,Bearish,,,
2023-07-20,EURAUD,fx,1.3888888888888886,Bullish,,,
2023-07-20,AUDJPY,fx,-2.222222222222222,Bearish,,,
2023-07-20,CADJPY,fx,-1.5277777777777777,Bearish,,,
2023-07-20,AUDCHF,fx,-2.222222222222222,Bearish,,,
2023-07-20,CADCHF,fx,-1.5277777777777777,Bearish,,,
2023-07-20,DAX,cross-asset,-3.333333333333333,Bearish,,,
2023-07-21,US-DOLLAR,single,-1.6666666666666665,Bearish,,,
2023-07-21,USDCHF,fx,-1.6666666666666665,Bearish,,,
2023-07-21,EURAUD,fx,1.6666666666666665,Bullish,,,
2023-07-21,GBPAUD,fx,1.5277777777777777,Bullish,,,
2023-07-21,AUDJPY,fx,-2.083333333333333,Bearish,,,
2023-07-21,AUDNZD,fx,-1.5277777777777777,Bearish,,,
2023-07-21,AUDCHF,fx,-2.5,Bearish,,,
2023-07-21,CADCHF,fx,-1.5277777777777777,Bearish,,,
2023-07-21,DAX,cross-asset,-3.333333333333333,Bearish,,,
2023-07-24,US-DOLLAR,single,-1.6666666666666665,Bearish,,,
2023-07-24,USDCHF,fx,-1.6666666666666665,Bearish,,,
2023-07-24,EURAUD,fx,1.6666666666666665,Bullish,,,
2023-07-24,GBPAUD,fx,1.5277777777777777,Bullish,,,
2023-07-24,AUDJPY,fx,-2.083333333333333,Bearish,,,
2023-07-24,CADJPY,fx,-1.6666666666666665,Bearish,,,
2023-07-24,AUDNZD,fx,-1.5277777777777777,Bearish,,,
2023-07-24,AUDCHF,fx,-2.5,Bearish,,,
2023-07-24,CADCHF,fx,-2.083333333333333,Bearish,,,
2023-07-24,DAX,cross-asset,-3.333333333333333,Bearish,,,
2023-07-25,US-DOLLAR,single,-1.6666666666666665,Bearish,,,
2023-07-25,USDCHF,fx,-1.6666666666666665,Bearish,,,
2023-07-25,EURAUD,fx,1.6666666666666665,Bullish,,,
2023-07-25,GBPAUD,fx,1.5277777777777777,Bullish,,,
2023-07-25,AUDJPY,fx,-2.083333333333333,Bearish,,,
2023-07-25,CADJPY,fx,-1.6666666666666665,Bearish,,,
2023-07-25,AUDNZD,fx,-1.5277777777777777,Bearish,,,
2023-07-25,AUDCHF,fx,-2.5,Bearish,,,
2023-07-25,CADCHF,fx,-2.083333333333333,Bearish,,,
2023-07-25,DAX,cross-asset,-3.333333333333333,Bearish,,,
2023-07-26,US-DOLLAR,single,-1.6666666666666665,Bearish,,,
2023-07-26,USDCHF,fx,-1.6666666666666665,Bearish,,,
2023-07-26,EURAUD,fx,1.6666666666666665,Bullish,,,
2023-07-26,GBPAUD,fx,1.5277777777777777,Bullish,,,
2023-07-26,AUDJPY,fx,-2.083333333333333,Bearish,,,
2023-07-26,CADJPY,fx,-1.6666666666666665,Bearish,,,
2023-07-26,AUDNZD,fx,-1.5277777777777777,Bearish,,,
2023-07-26,AUDCHF,fx,-2.5,Bearish,,,
2023-07-26,CADCHF,fx,-2.083333333333333,Bearish,,,
2023-07-26,DAX,cross-asset,-3.333333333333333,Bearish,,,
2023-07-27,US-DOLLAR,single,-1.6666666666666665,Bearish,,,
2023-07-27,USDCHF,fx,-1.6666666666666665,Bearish,,,
2023-07-27,EURAUD,fx,1.3888888888888886,Bullish,,,
2023-07-27,AUDJPY,fx,-1.8055555555555554,Bearish,,,
2023-07-27,CADJPY,fx,-1.6666666666666665,Bearish,,,
2023-07-27,AUDCHF,fx,-2.222222222222222,Bearish,,,
2023-07-27,CADCHF,fx,-2.083333333333333,Bearish,,,
2023-07-27,DAX,cross-asset,-3.333333333333333,Bearish,,,
2023-07-28,USDCAD,fx,1.3888888888888888,Bullish,,,
2023-07-28,AUDUSD,fx,-1.5277777777777775,Bearish,,,
2023-07-28,EURAUD,fx,1.3888888888888886,Bullish,,,
2023-07-28,AUDJPY,fx,-1.8055555555555554,Bearish,,,
2023-07-28,CADJPY,fx,-1.6666666666666665,Bearish,,,
2023-07-28,AUDCHF,fx,-2.222222222222222,Bearish,,,
2023-07-28,CADCHF,fx,-2.083333333333333,Bearish,,,
2023-07-28,DAX,cross-asset,-3.333333333333333,Bearish,,,
2023-07-28,GOLD,cross-asset,-2.0,Bearish,,,
2023-07-28,SILVER,cross-asset,-2.0,Bearish,,,
2023-07-31,AUDUSD,fx,-2.6388888888888884,Bearish,,,
2023-07-31,EURAUD,fx,2.4999999999999996,Bullish,,,
2023-07-31,GBPCHF,fx,-1.3888888888888888,Bearish,,,
2023-07-31,GBPAUD,fx,2.3611111111111107,Bullish,,,
2023-07-31,AUDJPY,fx,-2.916666666666666,Bearish,,,
2023-07-31,AUDNZD,fx,-2.3611111111111107,Bearish,,,
2023-07-31,AUDCAD,fx,-1.8055555555555554,Bearish,,,
2023-07-31,AUDCHF,fx,-3.7499999999999996,Very Bearish,,,
2023-07-31,NZDCHF,fx,-1.3888888888888888,Bearish,,,
2023-07-31,CADCHF,fx,-1.9444444444444442,Bearish,,,
2023-07-31,DAX,cross-asset,-3.333333333333333,Bearish,,,
2023-07-31,GOLD,cross-asset,-2.0,Bearish,,,
2023-07-31,SILVER,cross-asset,-2.0,Bearish,,,
2023-08-01,EURUSD,fx,1.5277777777777777,Bullish,,,
2023-08-01,AUDUSD,fx,-2.6388888888888884,Bearish,,,
2023-08-01,EURGBP,fx,1.8055555555555554,Bullish,,,
2023-08-01,EURAUD,fx,4.166666666666666,Very Bullish,,,
2023-08-01,EURNZD,fx,1.8055555555555554,Bullish,,,
2023-08-01,EURCAD,fx,2.3611111111111107,Bullish,,,
2023-08-01,GBPCHF,fx,-1.3888888888888888,Bearish,,,
2023-08-01,GBPAUD,fx,2.3611111111111107,Bullish,,,
2023-08-01,AUDJPY,fx,-2.916666666666666,Bearish,,,
2023-08-01,AUDNZD,fx,-2.3611111111111107,Bearish,,,
2023-08-01,AUDCAD,fx,-1.8055555555555554,Bearish,,,
2023-08-01,AUDCHF,fx,-3.7499999999999996,Very Bearish,,,
2023-08-01,NZDCHF,fx,-1.3888888888888888,Bearish,,,
2023-08-01,CADCHF,fx,-1.9444444444444442,Bearish,,,
2023-08-01,GOLD,cross-asset,-2.0,Bearish,,,
2023-08-01,SILVER,cross-asset,-2.0,Bearish,,,
2023-08-02,EURUSD,fx,1.7361111111111114,Bullish,,,
2023-08-02,AUDUSD,fx,-2.847222222222222,Bearish,,,
2023-08-02,EURGBP,fx,2.2222222222222223,Bullish,,,
2023-08-02,EURJPY,fx,1.666666666666667,Bullish,,,
2023-08-02,EURAUD,fx,4.583333333333333,Very Bullish,,,
2023-08-02,EURNZD,fx,2.5,Bullish,,,
2023-08-02,EURCAD,fx,2.7777777777777777,Bullish,,,
2023-08-02,GBPCHF,fx,-1.3888888888888888,Bearish,,,
2023-08-02,GBPAUD,fx,2.3611111111111107,Bullish,,,
2023-08-02,AUDJPY,fx,-2.916666666666666,Bearish,,,
2023-08-02,AUDNZD,fx,-2.083333333333333,Bearish,,,
2023-08-02,AUDCAD,fx,-1.8055555555555554,Bearish,,,
2023-08-02,AUDCHF,fx,-3.7499999999999996,Very Bearish,,,
2023-08-02,NZDCHF,fx,-1.6666666666666665,Bearish,,,
2023-08-02,CADCHF,fx,-1.9444444444444442,Bearish,,,
2023-08-02,GOLD,cross-asset,-2.0,Bearish,,,
2023-08-02,SILVER,cross-asset,-2.0,Bearish,,,
2023-08-03,EURUSD,fx,1.8750000000000002,Bullish,,,
2023-08-03,USDCAD,fx,1.4583333333333333,Bullish,,,
2023-08-03,AUDUSD,fx,-2.708333333333333,Bearish,,,
2023-08-03,EURGBP,fx,2.2222222222222223,Bullish,,,
2023-08-03,EURJPY,fx,1.666666666666667,Bullish,,,
2023-08-03,EURAUD,fx,4.583333333333333,Very Bullish,,,
2023-08-03,EURNZD,fx,2.5,Bullish,,,
2023-08-03,EURCAD,fx,3.3333333333333335,Very Bullish,,,
2023-08-03,GBPCHF,fx,-1.3888888888888888,Bearish,,,
2023-08-03,GBPAUD,fx,2.3611111111111107,Bullish,,,
2023-08-03,AUDJPY,fx,-2.916666666666666,Bearish,,,
2023-08-03,CADJPY,fx,-1.6666666666666665,Bearish,,,
2023-08-03,AUDNZD,fx,-2.083333333333333,Bearish,,,
2023-08-03,AUDCHF,fx,-3.7499999999999996,Very Bearish,,,
2023-08-03,NZDCHF,fx,-1.6666666666666665,Bearish,,,
2023-08-03,CADCHF,fx,-2.5,Bearish,,,
2023-08-04,EURUSD,fx,2.013888888888889,Bullish,,,
2023-08-04,USDCAD,fx,1.3194444444444444,Bullish,,,
2023-08-04,AUDUSD,fx,-2.569444444444444,Bearish,,,
2023-08-04,EURGBP,fx,2.2222222222222223,Bullish,,,
2023-08-04,EURJPY,fx,1.666666666666667,Bullish,,,
2023-08-04,EURAUD,fx,4.583333333333333,Very Bullish,,,
2023-08-04,EURNZD,fx,2.5,Bullish,,,
2023-08-04,EURCAD,fx,3.3333333333333335,Very Bullish,,,
2023-08-04,GBPCHF,fx,-1.3888888888888888,Bearish,,,
2023-08-04,GBPAUD,fx,2.3611111111111107,Bullish,,,
2023-08-04,AUDJPY,fx,-2.916666666666666,Bearish,,,
2023-08-04,CADJPY,fx,-1.6666666666666665,Bearish,,,
2023-08-04,AUDNZD,fx,-2.083333333333333,Bearish,,,
2023-08-04,AUDCHF,fx,-3.7499999999999996,Very Bearish,,,
2023-08-04,NZDCHF,fx,-1.6666666666666665,Bearish,,,
2023-08-04,CADCHF,fx,-2.5,Bearish,,,
2023-08-07,AUDUSD,fx,-2.569444444444444,Bearish,,,
2023-08-07,EURGBP,fx,1.3888888888888888,Bullish,,,
2023-08-07,EURAUD,fx,3.7499999999999996,Very Bullish,,,
2023-08-07,EURNZD,fx,1.6666666666666665,Bullish,,,
2023-08-07,EURCAD,fx,2.083333333333333,Bullish,,,
2023-08-07,GBPCHF,fx,-1.3888888888888888,Bearish,,,
2023-08-07,GBPAUD,fx,2.3611111111111107,Bullish,,,
2023-08-07,AUDJPY,fx,-2.916666666666666,Bearish,,,
2023-08-07,AUDNZD,fx,-2.083333333333333,Bearish,,,
2023-08-07,AUDCAD,fx,-1.6666666666666663,Bearish,,,
2023-08-07,AUDCHF,fx,-3.7499999999999996,Very Bearish,,,
2023-08-07,NZDCHF,fx,-1.6666666666666665,Bearish,,,
2023-08-07,CADCHF,fx,-2.083333333333333,Bearish,,,
2023-08-07,DAX,cross-asset,-3.333333333333333,Bearish,,,
2023-08-08,AUDUSD,fx,-2.569444444444444,Bearish,,,
2023-08-08,EURGBP,fx,1.3888888888888888,Bullish,,,
2023-08-08,EURCHF,fx,1.6666666666666665,Bullish,,,
2023-08-08,EURAUD,fx,3.7499999999999996,Very Bullish,,,
2023-08-08,EURNZD,fx,1.6666666666666665,Bullish,,,
2023-08-08,EURCAD,fx,2.083333333333333,Bullish,,,
2023-08-08,GBPAUD,fx,2.3611111111111107,Bullish,,,
2023-08-08,AUDJPY,fx,-2.4999999999999996,Bearish,,,
2023-08-08,AUDNZD,fx,-2.083333333333333,Bearish,,,
2023-08-08,AUDCAD,fx,-1.6666666666666663,Bearish,,,
2023-08-08,AUDCHF,fx,-2.083333333333333,Bearish,,,
2023-08-08,DAX,cross-asset,-3.333333333333333,Bearish,,,
2023-08-09,AUDUSD,fx,-2.569444444444444,Bearish,,,
2023-08-09,EURGBP,fx,1.3888888888888888,Bullish,,,
2023-08-09,EURCHF,fx,1.6666666666666665,Bullish,,,
2023-08-09,EURAUD,fx,3.7499999999999996,Very Bullish,,,
2023-08-09,EURNZD,fx,1.6666666666666665,Bullish,,,
2023-08-09,EURCAD,fx,2.083333333333333,Bullish,,,
2023-08-09,GBPAUD,fx,2.3611111111111107,Bullish,,,
2023-08-09,AUDJPY,fx,-2.4999999999999996,Bearish,,,
2023-08-09,AUDNZD,fx,-2.083333333333333,Bearish,,,
2023-08-09,AUDCAD,fx,-1.6666666666666663,Bearish,,,
2023-08-09,AUDCHF,fx,-2.083333333333333,Bearish,,,
2023-08-09,DAX,cross-asset,-3.333333333333333,Bearish,,,
2023-08-10,AUDUSD,fx,-2.569444444444444,Bearish,,,
2023-08-10,EURGBP,fx,1.3888888888888888,Bullish,,,
2023-08-10,EURCHF,fx,1.6666666666666665,Bullish,,,
2023-08-10,EURAUD,fx,3.7499999999999996,Very Bullish,,,
2023-08-10,EURNZD,fx,1.6666666666666665,Bullish,,,
2023-08-10,EURCAD,fx,2.083333333333333,Bullish,,,
2023-08-10,GBPAUD,fx,2.3611111111111107,Bullish,,,
2023-08-10,AUDJPY,fx,-2.4999999999999996,Bearish,,,
2023-08-10,AUDNZD,fx,-2.083333333333333,Bearish,,,
2023-08-10,AUDCAD,fx,-1.6666666666666663,Bearish,,,
2023-08-10,AUDCHF,fx,-2.083333333333333,Bearish,,,
2023-08-10,DAX,cross-asset,-3.333333333333333,Bearish,,,
2023-08-11,EURUSD,fx,1.3194444444444444,Bullish,,,
2023-08-11,AUDUSD,fx,-2.430555555555555,Bearish,,,
2023-08-11,EURGBP,fx,1.3888888888888888,Bullish,,,
2023-08-11,EURCHF,fx,1.6666666666666665,Bullish,,,
2023-08-11,EURAUD,fx,3.7499999999999996,Very Bullish,,,
2023-08-11,EURNZD,fx,1.6666666666666665,Bullish,,,
2023-08-11,EURCAD,fx,2.083333333333333,Bullish,,,
2023-08-11,GBPAUD,fx,2.3611111111111107,Bullish,,,
2023-08-11,AUDJPY,fx,-2.4999999999999996,Bearish,,,
2023-08-11,AUDNZD,fx,-2.083333333333333,Bearish,,,
2023-08-11,AUDCAD,fx,-1.6666666666666663,Bearish,,,
2023-08-11,AUDCHF,fx,-2.083333333333333,Bearish,,,
2023-08-11,DAX,cross-asset,-3.333333333333333,Bearish,,,
2023-08-14,EURUSD,fx,1.3194444444444444,Bullish,,,
2023-08-14,AUDUSD,fx,-2.430555555555555,Bearish,,,
2023-08-14,EURGBP,fx,1.3888888888888888,Bullish,,,
2023-08-14,EURCHF,fx,1.6666666666666665,Bullish,,,
2023-08-14,EURAUD,fx,3.7499999999999996,Very Bullish,,,
2023-08-14,EURNZD,fx,1.6666666666666665,Bullish,,,
2023-08-14,EURCAD,fx,2.083333333333333,Bullish,,,
2023-08-14,GBPAUD,fx,2.3611111111111107,Bullish,,,
2023-08-14,AUDJPY,fx,-2.4999999999999996,Bearish,,,
2023-08-14,AUDNZD,fx,-2.083333333333333,Bearish,,,
2023-08-14,AUDCAD,fx,-1.6666666666666663,Bearish,,,
2023-08-14,AUDCHF,fx,-2.083333333333333,Bearish,,,
2023-08-14,DAX,cross-asset,-3.333333333333333,Bearish,,,
2023-08-15,EURUSD,fx,1.3194444444444444,Bullish,,,
2023-08-15,AUDUSD,fx,-2.430555555555555,Bearish,,,
2023-08-15,EURGBP,fx,1.3888888888888888,Bullish,,,
2023-08-15,EURCHF,fx,1.6666666666666665,Bullish,,,
2023-08-15,EURAUD,fx,3.7499999999999996,Very Bullish,,,
2023-08-15,EURNZD,fx,1.6666666666666665,Bullish,,,
2023-08-15,EURCAD,fx,2.083333333333333,Bullish,,,
2023-08-15,GBPAUD,fx,2.3611111111111107,Bullish,,,
2023-08-15,AUDJPY,fx,-2.4999999999999996,Bearish,,,
2023-08-15,AUDNZD,fx,-2.083333333333333,Bearish,,,
2023-08-15,AUDCAD,fx,-1.6666666666666663,Bearish,,,
2023-08-15,AUDCHF,fx,-2.083333333333333,Bearish,,,
2023-08-15,DAX,cross-asset,-3.333333333333333,Bearish,,,
2023-08-16,EURUSD,fx,1.3194444444444444,Bullish,,,
2023-08-16,AUDUSD,fx,-2.430555555555555,Bearish,,,
2023-08-16,EURCHF,fx,1.6666666666666665,Bullish,,,
2023-08-16,EURAUD,fx,3.7499999999999996,Very Bullish,,,
2023-08-16,EURNZD,fx,1.6666666666666665,Bullish,,,
2023-08-16,GBPAUD,fx,2.916666666666666,Bullish,,,
2023-08-16,AUDJPY,fx,-2.4999999999999996,Bearish,,,
2023-08-16,AUDNZD,fx,-2.083333333333333,Bearish,,,
2023-08-16,AUDCAD,fx,-2.4999999999999996,Bearish,,,
2023-08-16,AUDCHF,fx,-2.083333333333333,Bearish,,,
2023-08-16,DAX,cross-asset,-3.333333333333333,Bearish,,,
2023-08-17,AUDUSD,fx,-2.430555555555555,Bearish,,,
2023-08-17,EURAUD,fx,2.083333333333333,Bullish,,,
2023-08-17,GBPAUD,fx,3.1944444444444438,Very Bullish,,,
2023-08-17,AUDJPY,fx,-2.4999999999999996,Bearish,,,
2023-08-17,AUDNZD,fx,-2.083333333333333,Bearish,,,
2023-08-17,AUDCAD,fx,-2.4999999999999996,Bearish,,,
2023-08-17,AUDCHF,fx,-2.083333333333333,Bearish,,,
2023-08-18,AUDUSD,fx,-2.569444444444444,Bearish,,,
2023-08-18,EURAUD,fx,2.083333333333333,Bullish,,,
2023-08-18,GBPAUD,fx,3.1944444444444438,Very Bullish,,,
2023-08-18,AUDJPY,fx,-2.4999999999999996,Bearish,,,
2023-08-18,AUDNZD,fx,-2.083333333333333,Bearish,,,
2023-08-18,AUDCAD,fx,-2.4999999999999996,Bearish,,,
2023-08-18,AUDCHF,fx,-2.083333333333333,Bearish,,,
2023-08-21,AUDUSD,fx,-2.569444444444444,Bearish,,,
2023-08-21,EURAUD,fx,2.083333333333333,Bullish,,,
2023-08-21,GBPAUD,fx,3.1944444444444438,Very Bullish,,,
2023-08-21,AUDJPY,fx,-2.4999999999999996,Bearish,,,
2023-08-21,AUDNZD,fx,-2.083333333333333,Bearish,,,
2023-08-21,AUDCAD,fx,-2.4999999999999996,Bearish,,,
2023-08-21,AUDCHF,fx,-2.083333333333333,Bearish,,,
2023-08-22,AUDUSD,fx,-2.569444444444444,Bearish,,,
2023-08-22,EURAUD,fx,2.083333333333333,Bullish,,,
2023-08-22,GBPAUD,fx,3.1944444444444438,Very Bullish,,,
2023-08-22,AUDJPY,fx,-2.4999999999999996,Bearish,,,
2023-08-22,AUDNZD,fx,-2.083333333333333,Bearish,,,
2023-08-22,AUDCAD,fx,-2.4999999999999996,Bearish,,,
2023-08-22,AUDCHF,fx,-2.083333333333333,Bearish,,,
2023-08-23,AUDUSD,fx,-2.569444444444444,Bearish,,,
2023-08-23,EURAUD,fx,2.083333333333333,Bullish,,,
2023-08-23,GBPAUD,fx,3.1944444444444438,Very Bullish,,,
2023-08-23,AUDJPY,fx,-3.333333333333333,Very Bearish,,,
2023-08-23,AUDNZD,fx,-2.083333333333333,Bearish,,,
2023-08-23,AUDCAD,fx,-2.4999999999999996,Bearish,,,
2023-08-23,AUDCHF,fx,-2.083333333333333,Bearish,,,
2023-08-24,AUDUSD,fx,-2.569444444444444,Bearish,,,
2023-08-24,EURAUD,fx,2.083333333333333,Bullish,,,
2023-08-24,GBPAUD,fx,3.1944444444444438,Very Bullish,,,
2023-08-24,AUDJPY,fx,-3.333333333333333,Very Bearish,,,
2023-08-24,AUDNZD,fx,-2.083333333333333,Bearish,,,
2023-08-24,AUDCAD,fx,-2.4999999999999996,Bearish,,,
2023-08-24,AUDCHF,fx,-2.083333333333333,Bearish,,,
2023-08-25,AUDUSD,fx,-2.569444444444444,Bearish,,,
2023-08-25,EURAUD,fx,2.083333333333333,Bullish,,,
2023-08-25,GBPAUD,fx,3.1944444444444438,Very Bullish,,,
2023-08-25,AUDJPY,fx,-3.333333333333333,Very Bearish,,,
2023-08-25,AUDNZD,fx,-2.083333333333333,Bearish,,,
2023-08-25,AUDCAD,fx,-2.4999999999999996,Bearish,,,
2023-08-25,AUDCHF,fx,-2.083333333333333,Bearish,,,
2023-08-28,AUDUSD,fx,-2.708333333333333,Bearish,,,
2023-08-28,EURAUD,fx,2.083333333333333,Bullish,,,
2023-08-28,GBPAUD,fx,3.1944444444444438,Very Bullish,,,
2023-08-28,AUDJPY,fx,-3.333333333333333,Very Bearish,,,
2023-08-28,AUDNZD,fx,-2.083333333333333,Bearish,,,
2023-08-28,AUDCAD,fx,-2.4999999999999996,Bearish,,,
2023-08-28,AUDCHF,fx,-2.083333333333333,Bearish,,,
2023-08-29,AUDUSD,fx,-2.708333333333333,Bearish,,,
2023-08-29,EURAUD,fx,2.083333333333333,Bullish,,,
2023-08-29,GBPAUD,fx,3.1944444444444438,Very Bullish,,,
2023-08-29,AUDJPY,fx,-2.916666666666666,Bearish,,,
2023-08-29,AUDNZD,fx,-2.083333333333333,Bearish,,,
2023-08-29,AUDCAD,fx,-2.4999999999999996,Bearish,,,
2023-08-29,AUDCHF,fx,-2.083333333333333,Bearish,,,
2023-08-30,AUDUSD,fx,-2.569444444444444,Bearish,,,
2023-08-30,EURAUD,fx,2.083333333333333,Bullish,,,
2023-08-30,GBPAUD,fx,3.1944444444444438,Very Bullish,,,
2023-08-30,AUDJPY,fx,-2.916666666666666,Bearish,,,
2023-08-30,AUDNZD,fx,-2.083333333333333,Bearish,,,
2023-08-30,AUDCAD,fx,-2.4999999999999996,Bearish,,,
2023-08-30,AUDCHF,fx,-2.083333333333333,Bearish,,,
2023-08-31,AUDUSD,fx,-2.708333333333333,Bearish,,,
2023-08-31,EURAUD,fx,2.361111111111111,Bullish,,,
2023-08-31,GBPAUD,fx,3.472222222222222,Very Bullish,,,
2023-08-31,AUDJPY,fx,-3.194444444444444,Very Bearish,,,
2023-08-31,AUDNZD,fx,-2.361111111111111,Bearish,,,
2023-08-31,AUDCAD,fx,-2.7777777777777777,Bearish,,,
2023-08-31,AUDCHF,fx,-2.361111111111111,Bearish,,,
2023-09-01,USDCHF,fx,1.597222222222222,Bullish,,,
2023-09-01,AUDUSD,fx,-2.708333333333333,Bearish,,,
2023-09-01,EURAUD,fx,2.2222222222222223,Bullish,,,
2023-09-01,GBPCHF,fx,2.3611111111111107,Bullish,,,
2023-09-01,GBPAUD,fx,3.472222222222222,Very Bullish,,,
2023-09-01,AUDJPY,fx,-3.194444444444444,Very Bearish,,,
2023-09-01,CHFJPY,fx,-2.083333333333333,Bearish,,,
2023-09-01,AUDNZD,fx,-2.361111111111111,Bearish,,,
2023-09-01,AUDCAD,fx,-2.7777777777777777,Bearish,,,
2023-09-01,CADCHF,fx,1.6666666666666665,Bullish,,,
2023-09-04,USDCHF,fx,1.597222222222222,Bullish,,,
2023-09-04,AUDUSD,fx,-2.708333333333333,Bearish,,,
2023-09-04,EURGBP,fx,-1.6666666666666667,Bearish,,,
2023-09-04,EURAUD,fx,2.2222222222222223,Bullish,,,
2023-09-04,GBPCHF,fx,2.7777777777777777,Bullish,,,
2023-09-04,GBPAUD,fx,3.888888888888889,Very Bullish,,,
2023-09-04,GBPNZD,fx,1.5277777777777777,Bullish,,,
2023-09-04,AUDJPY,fx,-3.194444444444444,Very Bearish,,,
2023-09-04,CHFJPY,fx,-2.083333333333333,Bearish,,,
2023-09-04,AUDNZD,fx,-2.361111111111111,Bearish,,,
2023-09-04,AUDCAD,fx,-3.333333333333333,Very Bearish,,,
2023-09-04,CADCHF,fx,2.2222222222222223,Bullish,,,
2023-09-05,USDCHF,fx,1.597222222222222,Bullish,,,
2023-09-05,AUDUSD,fx,-2.708333333333333,Bearish,,,
2023-09-05,EURGBP,fx,-1.6666666666666667,Bearish,,,
2023-09-05,EURAUD,fx,2.2222222222222223,Bullish,,,
2023-09-05,GBPCHF,fx,2.7777777777777777,Bullish,,,
2023-09-05,GBPAUD,fx,3.888888888888889,Very Bullish,,,
2023-09-05,GBPNZD,fx,1.5277777777777777,Bullish,,,
2023-09-05,AUDJPY,fx,-3.194444444444444,Very Bearish,,,
2023-09-05,CHFJPY,fx,-2.083333333333333,Bearish,,,
2023-09-05,AUDNZD,fx,-2.361111111111111,Bearish,,,
2023-09-05,AUDCAD,fx,-3.333333333333333,Very Bearish,,,
2023-09-05,CADCHF,fx,2.2222222222222223,Bullish,,,
2023-09-06,GBPUSD,fx,1.3888888888888888,Bullish,,,
2023-09-06,USDCHF,fx,1.597222222222222,Bullish,,,
2023-09-06,AUDUSD,fx,-2.708333333333333,Bearish,,,
2023-09-06,EURGBP,fx,-1.875,Bearish,,,
2023-09-06,EURAUD,fx,2.2222222222222223,Bullish,,,
2023-09-06,GBPCHF,fx,2.9861111111111107,Bullish,,,
2023-09-06,GBPAUD,fx,4.097222222222222,Very Bullish,,,
2023-09-06,GBPNZD,fx,1.7361111111111112,Bullish,,,
2023-09-06,AUDJPY,fx,-3.194444444444444,Very Bearish,,,
2023-09-06,CHFJPY,fx,-2.083333333333333,Bearish,,,
2023-09-06,AUDNZD,fx,-2.361111111111111,Bearish,,,
2023-09-06,AUDCAD,fx,-3.333333333333333,Very Bearish,,,
2023-09-06,CADCHF,fx,2.2222222222222223,Bullish,,,
2023-09-07,USDCHF,fx,1.597222222222222,Bullish,,,
2023-09-07,AUDUSD,fx,-1.875,Bearish,,,
2023-09-07,EURCHF,fx,1.9444444444444442,Bullish,,,
2023-09-07,EURAUD,fx,2.2222222222222223,Bullish,,,
2023-09-07,GBPCHF,fx,2.569444444444444,Bullish,,,
2023-09-07,GBPAUD,fx,2.8472222222222223,Bullish,,,
2023-09-07,GBPNZD,fx,1.3194444444444444,Bullish,,,
2023-09-07,AUDJPY,fx,-2.361111111111111,Bearish,,,
2023-09-07,CHFJPY,fx,-2.083333333333333,Bearish,,,
2023-09-07,AUDNZD,fx,-1.5277777777777777,Bearish,,,
2023-09-07,AUDCAD,fx,-2.5,Bearish,,,
2023-09-07,CADCHF,fx,2.2222222222222223,Bullish,,,
2023-09-07,DAX,cross-asset,3.333333333333333,Bullish,,,
2023-09-08,AUDUSD,fx,-2.013888888888889,Bearish,,,
2023-09-08,EURAUD,fx,2.2222222222222223,Bullish,,,
2023-09-08,GBPAUD,fx,2.8472222222222223,Bullish,,,
2023-09-08,GBPNZD,fx,1.3194444444444444,Bullish,,,
2023-09-08,AUDJPY,fx,-1.9444444444444444,Bearish,,,
2023-09-08,AUDNZD,fx,-1.5277777777777777,Bearish,,,
2023-09-08,AUDCAD,fx,-2.5,Bearish,,,
2023-09-08,AUDCHF,fx,-1.9444444444444444,Bearish,,,
2023-09-08,DAX,cross-asset,3.333333333333333,Bullish,,,
2023-09-11,AUDUSD,fx,-2.013888888888889,Bearish,,,
2023-09-11,EURAUD,fx,2.2222222222222223,Bullish,,,
2023-09-11,GBPAUD,fx,2.8472222222222223,Bullish,,,
2023-09-11,GBPNZD,fx,1.3194444444444444,Bullish,,,
2023-09-11,AUDJPY,fx,-1.9444444444444444,Bearish,,,
2023-09-11,AUDNZD,fx,-1.5277777777777777,Bearish,,,
2023-09-11,AUDCAD,fx,-2.9166666666666665,Bearish,,,
2023-09-11,AUDCHF,fx,-1.9444444444444444,Bearish,,,
2023-09-11,NZDCAD,fx,-1.3888888888888888,Bearish,,,
2023-09-11,DAX,cross-asset,3.333333333333333,Bullish,,,
2023-09-12,AUDUSD,fx,-2.013888888888889,Bearish,,,
2023-09-12,EURAUD,fx,2.2222222222222223,Bullish,,,
2023-09-12,GBPAUD,fx,2.8472222222222223,Bullish,,,
2023-09-12,GBPNZD,fx,1.3194444444444444,Bullish,,,
2023-09-12,AUDJPY,fx,-1.9444444444444444,Bearish,,,
2023-09-12,AUDNZD,fx,-1.5277777777777777,Bearish,,,
2023-09-12,AUDCAD,fx,-2.9166666666666665,Bearish,,,
2023-09-12,AUDCHF,fx,-1.9444444444444444,Bearish,,,
2023-09-12,NZDCAD,fx,-1.3888888888888888,Bearish,,,
2023-09-12,DAX,cross-asset,3.333333333333333,Bullish,,,
2023-09-13,AUDUSD,fx,-2.013888888888889,Bearish,,,
2023-09-13,EURAUD,fx,2.2222222222222223,Bullish,,,
2023-09-13,GBPAUD,fx,2.5694444444444446,Bullish,,,
2023-09-13,AUDJPY,fx,-1.9444444444444444,Bearish,,,
2023-09-13,AUDNZD,fx,-1.5277777777777777,Bearish,,,
2023-09-13,AUDCAD,fx,-2.9166666666666665,Bearish,,,
2023-09-13,AUDCHF,fx,-1.9444444444444444,Bearish,,,
2023-09-13,NZDCAD,fx,-1.3888888888888888,Bearish,,,
2023-09-13,DAX,cross-asset,3.333333333333333,Bullish,,,
2023-09-14,US-DOLLAR,single,1.527777777777778,Bullish,,,
2023-09-14,AUDUSD,fx,-2.7083333333333335,Bearish,,,
2023-09-14,EURAUD,fx,2.2222222222222223,Bullish,,,
2023-09-14,GBPAUD,fx,1.7361111111111112,Bullish,,,
2023-09-14,AUDJPY,fx,-1.9444444444444444,Bearish,,,
2023-09-14,AUDNZD,fx,-1.5277777777777777,Bearish,,,
2023-09-14,AUDCAD,fx,-2.9166666666666665,Bearish,,,
2023-09-14,AUDCHF,fx,-1.9444444444444444,Bearish,,,
2023-09-14,NZDCAD,fx,-1.3888888888888888,Bearish,,,
2023-09-14,DAX,cross-asset,3.333333333333333,Bullish,,,
2023-09-15,US-DOLLAR,single,2.0833333333333335,Bullish,,,
2023-09-15,AUDUSD,fx,-2.708333333333333,Bearish,,,
2023-09-15,NZDUSD,fx,-1.4583333333333335,Bearish,,,
2023-09-15,EURAUD,fx,1.9444444444444442,Bullish,,,
2023-09-15,GBPAUD,fx,1.4583333333333333,Bullish,,,
2023-09-15,AUDJPY,fx,-1.6666666666666665,Bearish,,,
2023-09-15,AUDCAD,fx,-2.6388888888888884,Bearish,,,
2023-09-15,AUDCHF,fx,-1.6666666666666665,Bearish,,,
2023-09-15,NZDCAD,fx,-1.3888888888888888,Bearish,,,
2023-09-15,DAX,cross-asset,3.333333333333333,Bullish,,,
2023-09-15,GOLD,cross-asset,-3.0,Bearish,,,
2023-09-15,SILVER,cross-asset,-3.0,Bearish,,,
2023-09-18,US-DOLLAR,single,2.0833333333333335,Bullish,,,
2023-09-18,USDCHF,fx,2.708333333333333,Bullish,,,
2023-09-18,AUDUSD,fx,-2.708333333333333,Bearish,,,
2023-09-18,NZDUSD,fx,-1.4583333333333335,Bearish,,,
2023-09-18,EURCHF,fx,1.9444444444444442,Bullish,,,
2023-09-18,EURAUD,fx,1.9444444444444442,Bullish,,,
2023-09-18,GBPCHF,fx,1.4583333333333333,Bullish,,,
2023-09-18,GBPAUD,fx,1.4583333333333333,Bullish,,,
2023-09-18,AUDJPY,fx,-1.6666666666666665,Bearish,,,
2023-09-18,CHFJPY,fx,-1.6666666666666665,Bearish,,,
2023-09-18,AUDCAD,fx,-2.6388888888888884,Bearish,,,
2023-09-18,NZDCAD,fx,-1.3888888888888888,Bearish,,,
2023-09-18,CADCHF,fx,2.6388888888888884,Bullish,,,
2023-09-18,DAX,cross-asset,3.333333333333333,Bullish,,,
2023-09-18,GOLD,cross-asset,-3.0,Bearish,,,
2023-09-18,SILVER,cross-asset,-3.0,Bearish,,,
2023-09-19,US-DOLLAR,single,2.0833333333333335,Bullish,,,
2023-09-19,USDCHF,fx,2.708333333333333,Bullish,,,
2023-09-19,AUDUSD,fx,-2.708333333333333,Bearish,,,
2023-09-19,NZDUSD,fx,-1.4583333333333335,Bearish,,,
2023-09-19,EURCHF,fx,1.9444444444444442,Bullish,,,
2023-09-19,EURAUD,fx,1.9444444444444442,Bullish,,,
2023-09-19,GBPCHF,fx,1.4583333333333333,Bullish,,,
2023-09-19,GBPAUD,fx,1.4583333333333333,Bullish,,,
2023-09-19,GBPCAD,fx,-1.4583333333333333,Bearish,,,
2023-09-19,AUDJPY,fx,-1.6666666666666665,Bearish,,,
2023-09-19,CHFJPY,fx,-1.6666666666666665,Bearish,,,
2023-09-19,AUDCAD,fx,-2.9166666666666665,Bearish,,,
2023-09-19,NZDCAD,fx,-1.6666666666666665,Bearish,,,
2023-09-19,CADCHF,fx,2.9166666666666665,Bullish,,,
2023-09-19,DAX,cross-asset,3.333333333333333,Bullish,,,
2023-09-19,GOLD,cross-asset,-3.0,Bearish,,,
2023-09-19,SILVER,cross-asset,-3.0,Bearish,,,
2023-09-20,US-DOLLAR,single,2.0833333333333335,Bullish,,,
2023-09-20,USDCHF,fx,2.708333333333333,Bullish,,,
2023-09-20,AUDUSD,fx,-2.708333333333333,Bearish,,,
2023-09-20,NZDUSD,fx,-1.4583333333333335,Bearish,,,
2023-09-20,EURCHF,fx,1.9444444444444442,Bullish,,,
2023-09-20,EURAUD,fx,1.9444444444444442,Bullish,,,
2023-09-20,GBPCHF,fx,1.4583333333333333,Bullish,,,
2023-09-20,GBPAUD,fx,1.4583333333333333,Bullish,,,
2023-09-20,AUDJPY,fx,-1.6666666666666665,Bearish,,,
2023-09-20,CHFJPY,fx,-1.6666666666666665,Bearish,,,
2023-09-20,AUDCAD,fx,-2.6388888888888884,Bearish,,,
2023-09-20,NZDCAD,fx,-1.3888888888888888,Bearish,,,
2023-09-20,CADCHF,fx,2.6388888888888884,Bullish,,,
2023-09-20,DAX,cross-asset,3.333333333333333,Bullish,,,
2023-09-20,GOLD,cross-asset,-3.0,Bearish,,,
2023-09-20,SILVER,cross-asset,-3.0,Bearish,,,
2023-09-21,US-DOLLAR,single,2.0833333333333335,Bullish,,,
2023-09-21,GBPUSD,fx,-1.8055555555555556,Bearish,,,
2023-09-21,USDCHF,fx,2.708333333333333,Bullish,,,
2023-09-21,AUDUSD,fx,-2.708333333333333,Bearish,,,
2023-09-21,EURCHF,fx,1.9444444444444442,Bullish,,,
2023-09-21,EURAUD,fx,1.9444444444444442,Bullish,,,
2023-09-21,GBPCAD,fx,-1.736111111111111,Bearish,,,
2023-09-21,AUDJPY,fx,-1.6666666666666665,Bearish,,,
2023-09-21,CHFJPY,fx,-1.6666666666666665,Bearish,,,
2023-09-21,AUDNZD,fx,-1.6666666666666665,Bearish,,,
2023-09-21,AUDCAD,fx,-2.6388888888888884,Bearish,,,
2023-09-21,NZDCHF,fx,1.6666666666666665,Bullish,,,
2023-09-21,CADCHF,fx,2.6388888888888884,Bullish,,,
2023-09-21,DAX,cross-asset,3.333333333333333,Bullish,,,
2023-09-21,GOLD,cross-asset,-3.0,Bearish,,,
2023-09-21,SILVER,cross-asset,-3.0,Bearish,,,
2023-09-22,US-DOLLAR,single,2.638888888888889,Bullish,,,
2023-09-22,GBPUSD,fx,-2.083333333333333,Bearish,,,
2023-09-22,USDCHF,fx,2.9861111111111107,Bullish,,,
2023-09-22,AUDUSD,fx,-2.9861111111111107,Bearish,,,
2023-09-22,NZDUSD,fx,-1.3194444444444444,Bearish,,,
2023-09-22,EURCHF,fx,1.9444444444444442,Bullish,,,
2023-09-22,EURAUD,fx,1.9444444444444442,Bullish,,,
2023-09-22,GBPCAD,fx,-1.736111111111111,Bearish,,,
2023-09-22,AUDJPY,fx,-2.083333333333333,Bearish,,,
2023-09-22,CHFJPY,fx,-2.083333333333333,Bearish,,,
2023-09-22,AUDNZD,fx,-1.6666666666666665,Bearish,,,
2023-09-22,AUDCAD,fx,-2.6388888888888884,Bearish,,,
2023-09-22,NZDCHF,fx,1.6666666666666665,Bullish,,,
2023-09-22,CADCHF,fx,2.6388888888888884,Bullish,,,
2023-09-22,DAX,cross-asset,3.333333333333333,Bullish,,,
2023-09-22,GOLD,cross-asset,-3.0,Bearish,,,
2023-09-22,SILVER,cross-asset,-3.0,Bearish,,,
2023-09-25,US-DOLLAR,single,2.638888888888889,Bullish,,,
2023-09-25,GBPUSD,fx,-2.083333333333333,Bearish,,,
2023-09-25,USDCHF,fx,2.9861111111111107,Bullish,,,
2023-09-25,AUDUSD,fx,-2.9861111111111107,Bearish,,,
2023-09-25,NZDUSD,fx,-1.3194444444444444,Bearish,,,
2023-09-25,EURCHF,fx,1.9444444444444442,Bullish,,,
2023-09-25,EURAUD,fx,1.9444444444444442,Bullish,,,
2023-09-25,GBPCAD,fx,-1.736111111111111,Bearish,,,
2023-09-25,AUDJPY,fx,-2.083333333333333,Bearish,,,
2023-09-25,CHFJPY,fx,-2.083333333333333,Bearish,,,
2023-09-25,AUDNZD,fx,-1.6666666666666665,Bearish,,,
2023-09-25,AUDCAD,fx,-2.6388888888888884,Bearish,,,
2023-09-25,NZDCHF,fx,1.6666666666666665,Bullish,,,
2023-09-25,CADCHF,fx,2.6388888888888884,Bullish,,,
2023-09-25,DAX,cross-asset,3.333333333333333,Bullish,,,
2023-09-25,GOLD,cross-asset,-3.0,Bearish,,,
2023-09-25,SILVER,cross-asset,-3.0,Bearish,,,
2023-09-26,US-DOLLAR,single,2.638888888888889,Bullish,,,
2023-09-26,GBPUSD,fx,-2.083333333333333,Bearish,,,
2023-09-26,USDCHF,fx,2.9861111111111107,Bullish,,,
2023-09-26,AUDUSD,fx,-2.9861111111111107,Bearish,,,
2023-09-26,NZDUSD,fx,-1.3194444444444444,Bearish,,,
2023-09-26,EURCHF,fx,1.9444444444444442,Bullish,,,
2023-09-26,EURAUD,fx,1.9444444444444442,Bullish,,,
2023-09-26,GBPCAD,fx,-1.736111111111111,Bearish,,,
2023-09-26,AUDJPY,fx,-2.083333333333333,Bearish,,,
2023-09-26,CHFJPY,fx,-2.083333333333333,Bearish,,,
2023-09-26,AUDNZD,fx,-1.6666666666666665,Bearish,,,
2023-09-26,AUDCAD,fx,-2.6388888888888884,Bearish,,,
2023-09-26,NZDCHF,fx,1.6666666666666665,Bullish,,,
2023-09-26,CADCHF,fx,2.6388888888888884,Bullish,,,
2023-09-26,DAX,cross-asset,3.333333333333333,Bullish,,,
2023-09-26,GOLD,cross-asset,-3.0,Bearish,,,
2023-09-26,SILVER,cross-asset,-3.0,Bearish,,,
2023-09-27,US-DOLLAR,single,2.638888888888889,Bullish,,,
2023-09-27,GBPUSD,fx,-2.083333333333333,Bearish,,,
2023-09-27,USDJPY,fx,1.7361111111111112,Bullish,,,
2023-09-27,USDCHF,fx,2.9861111111111107,Bullish,,,
2023-09-27,AUDUSD,fx,-2.9861111111111107,Bearish,,,
2023-09-27,NZDUSD,fx,-1.3194444444444444,Bearish,,,
2023-09-27,EURCHF,fx,1.9444444444444442,Bullish,,,
2023-09-27,EURAUD,fx,1.9444444444444442,Bullish,,,
2023-09-27,GBPCAD,fx,-1.736111111111111,Bearish,,,
2023-09-27,CADJPY,fx,1.3888888888888888,Bullish,,,
2023-09-27,AUDNZD,fx,-1.6666666666666665,Bearish,,,
2023-09-27,AUDCAD,fx,-2.6388888888888884,Bearish,,,
2023-09-27,NZDCHF,fx,1.6666666666666665,Bullish,,,
2023-09-27,CADCHF,fx,2.6388888888888884,Bullish,,,
2023-09-27,DAX,cross-asset,3.333333333333333,Bullish,,,
2023-09-27,GOLD,cross-asset,-3.0,Bearish,,,
2023-09-27,SILVER,cross-asset,-3.0,Bearish,,,
2023-09-28,US-DOLLAR,single,2.638888888888889,Bullish,,,
2023-09-28,GBPUSD,fx,-2.083333333333333,Bearish,,,
2023-09-28,USDJPY,fx,1.7361111111111112,Bullish,,,
2023-09-28,USDCHF,fx,2.9861111111111107,Bullish,,,
2023-09-28,AUDUSD,fx,-2.708333333333333,Bearish,,,
2023-09-28,NZDUSD,fx,-1.3194444444444444,Bearish,,,
2023-09-28,EURCHF,fx,1.9444444444444442,Bullish,,,
2023-09-28,EURAUD,fx,1.6666666666666663,Bullish,,,
2023-09-28,GBPCAD,fx,-1.736111111111111,Bearish,,,
2023-09-28,CADJPY,fx,1.3888888888888888,Bullish,,,
2023-09-28,AUDNZD,fx,-1.3888888888888886,Bearish,,,
2023-09-28,AUDCAD,fx,-2.3611111111111107,Bearish,,,
2023-09-28,NZDCHF,fx,1.6666666666666665,Bullish,,,
2023-09-28,CADCHF,fx,2.6388888888888884,Bullish,,,
2023-09-28,DAX,cross-asset,3.333333333333333,Bullish,,,
2023-09-28,GOLD,cross-asset,-3.0,Bearish,,,
2023-09-28,SILVER,cross-asset,-3.0,Bearish,,,
2023-09-29,US-DOLLAR,single,2.361111111111111,Bullish,,,
2023-09-29,GBPUSD,fx,-1.9444444444444444,Bearish,,,
2023-09-29,USDCHF,fx,2.8472222222222223,Bullish,,,
2023-09-29,AUDUSD,fx,-2.569444444444444,Bearish,,,
2023-09-29,EURCHF,fx,1.9444444444444442,Bullish,,,
2023-09-29,EURAUD,fx,1.6666666666666663,Bullish,,,
2023-09-29,GBPCAD,fx,-1.736111111111111,Bearish,,,
2023-09-29,AUDJPY,fx,-1.3888888888888886,Bearish,,,
2023-09-29,CHFJPY,fx,-1.6666666666666665,Bearish,,,
2023-09-29,AUDNZD,fx,-1.3888888888888886,Bearish,,,
2023-09-29,AUDCAD,fx,-2.3611111111111107,Bearish,,,
2023-09-29,NZDCHF,fx,1.6666666666666665,Bullish,,,
2023-09-29,CADCHF,fx,2.6388888888888884,Bullish,,,
2023-09-29,DAX,cross-asset,3.333333333333333,Bullish,,,
2023-09-29,GOLD,cross-asset,-3.0,Bearish,,,
2023-09-29,SILVER,cross-asset,-3.0,Bearish,,,
2023-10-02,US-DOLLAR,single,1.9444444444444444,Bullish,,,
2023-10-02,EURUSD,fx,-1.8055555555555554,Bearish,,,
2023-10-02,GBPUSD,fx,-1.7361111111111112,Bearish,,,
2023-10-02,USDCHF,fx,2.638888888888889,Bullish,,,
2023-10-02,AUDUSD,fx,-2.3611111111111107,Bearish,,,
2023-10-02,EURCAD,fx,-1.8055555555555554,Bearish,,,
2023-10-02,GBPCAD,fx,-1.736111111111111,Bearish,,,
2023-10-02,AUDJPY,fx,-1.3888888888888886,Bearish,,,
2023-10-02,CHFJPY,fx,-1.6666666666666665,Bearish,,,
2023-10-02,AUDNZD,fx,-1.3888888888888886,Bearish,,,
2023-10-02,AUDCAD,fx,-2.3611111111111107,Bearish,,,
2023-10-02,NZDCHF,fx,1.6666666666666665,Bullish,,,
2023-10-02,CADCHF,fx,2.6388888888888884,Bullish,,,
2023-10-02,DAX,cross-asset,5.0,Very Bullish,,,
2023-10-03,US-DOLLAR,single,2.361111111111111,Bullish,,,
2023-10-03,EURUSD,fx,-2.013888888888889,Bearish,,,
2023-10-03,GBPUSD,fx,-1.9444444444444444,Bearish,,,
2023-10-03,AUDUSD,fx,-2.569444444444444,Bearish,,,
2023-10-03,EURCAD,fx,-1.8055555555555554,Bearish,,,
2023-10-03,GBPCAD,fx,-1.736111111111111,Bearish,,,
2023-10-03,AUDJPY,fx,-1.3888888888888886,Bearish,,,
2023-10-03,AUDNZD,fx,-1.3888888888888886,Bearish,,,
2023-10-03,AUDCAD,fx,-2.3611111111111107,Bearish,,,
2023-10-03,AUDCHF,fx,-1.3888888888888886,Bearish,,,
2023-10-03,DAX,cross-asset,5.0,Very Bullish,,,
2023-10-04,US-DOLLAR,single,2.916666666666667,Bullish,,,
2023-10-04,EURUSD,fx,-2.291666666666667,Bearish,,,
2023-10-04,GBPUSD,fx,-2.2222222222222223,Bearish,,,
2023-10-04,USDJPY,fx,1.4583333333333335,Bullish,,,
2023-10-04,USDCHF,fx,1.4583333333333335,Bullish,,,
2023-10-04,AUDUSD,fx,-2.8472222222222223,Bearish,,,
2023-10-04,NZDUSD,fx,-1.4583333333333335,Bearish,,,
2023-10-04,EURCAD,fx,-1.8055555555555554,Bearish,,,
2023-10-04,GBPCAD,fx,-1.736111111111111,Bearish,,,
2023-10-04,AUDJPY,fx,-1.3888888888888886,Bearish,,,
2023-10-04,AUDNZD,fx,-1.3888888888888886,Bearish,,,
2023-10-04,AUDCAD,fx,-2.3611111111111107,Bearish,,,
2023-10-04,AUDCHF,fx,-1.3888888888888886,Bearish,,,
2023-10-04,DAX,cross-asset,5.0,Very Bullish,,,
2023-10-05,US-DOLLAR,single,2.916666666666667,Bullish,,,
2023-10-05,EURUSD,fx,-3.125,Very Bearish,,,
2023-10-05,GBPUSD,fx,-2.0138888888888893,Bearish,,,
2023-10-05,USDJPY,fx,1.4583333333333335,Bullish,,,
2023-10-05,USDCHF,fx,1.4583333333333335,Bullish,,,
2023-10-05,AUDUSD,fx,-2.8472222222222223,Bearish,,,
2023-10-05,NZDUSD,fx,-1.4583333333333335,Bearish,,,
2023-10-05,EURJPY,fx,-1.6666666666666665,Bearish,,,
2023-10-05,EURCHF,fx,-1.6666666666666665,Bearish,,,
2023-10-05,EURNZD,fx,-1.6666666666666665,Bearish,,,
2023-10-05,EURCAD,fx,-2.6388888888888884,Bearish,,,
2023-10-05,GBPCAD,fx,-1.5277777777777777,Bearish,,,
2023-10-05,AUDJPY,fx,-1.3888888888888886,Bearish,,,
2023-10-05,AUDNZD,fx,-1.3888888888888886,Bearish,,,
2023-10-05,AUDCAD,fx,-2.3611111111111107,Bearish,,,
2023-10-05,AUDCHF,fx,-1.3888888888888886,Bearish,,,
2023-10-05,DAX,cross-asset,3.333333333333333,Bullish,,,
2023-10-06,US-DOLLAR,single,2.638888888888889,Bullish,,,
2023-10-06,EURUSD,fx,-2.9861111111111107,Bearish,,,
2023-10-06,GBPUSD,fx,-1.875,Bearish,,,
2023-10-06,USDCHF,fx,1.3194444444444444,Bullish,,,
2023-10-06,AUDUSD,fx,-2.708333333333333,Bearish,,,
2023-10-06,NZDUSD,fx,-1.3194444444444444,Bearish,,,
2023-10-06,EURJPY,fx,-2.083333333333333,Bearish,,,
2023-10-06,EURCHF,fx,-1.6666666666666665,Bearish,,,
2023-10-06,EURNZD,fx,-1.6666666666666665,Bearish,,,
2023-10-06,EURCAD,fx,-2.6388888888888884,Bearish,,,
2023-10-06,GBPCAD,fx,-1.5277777777777777,Bearish,,,
2023-10-06,AUDJPY,fx,-1.8055555555555554,Bearish,,,
2023-10-06,AUDNZD,fx,-1.3888888888888886,Bearish,,,
2023-10-06,AUDCAD,fx,-2.3611111111111107,Bearish,,,
2023-10-06,AUDCHF,fx,-1.3888888888888886,Bearish,,,
2023-10-06,DAX,cross-asset,3.333333333333333,Bullish,,,
2023-10-09,US-DOLLAR,single,3.4722222222222228,Very Bullish,,,
2023-10-09,EURUSD,fx,-3.4027777777777777,Very Bearish,,,
2023-10-09,GBPUSD,fx,-2.291666666666667,Bearish,,,
2023-10-09,USDJPY,fx,1.3194444444444446,Bullish,,,
2023-10-09,USDCHF,fx,1.7361111111111114,Bullish,,,
2023-10-09,AUDUSD,fx,-3.125,Very Bearish,,,
2023-10-09,NZDUSD,fx,-1.7361111111111114,Bearish,,,
2023-10-09,EURJPY,fx,-2.083333333333333,Bearish,,,
2023-10-09,EURCHF,fx,-1.6666666666666665,Bearish,,,
2023-10-09,EURNZD,fx,-1.6666666666666665,Bearish,,,
2023-10-09,EURCAD,fx,-2.6388888888888884,Bearish,,,
2023-10-09,GBPCAD,fx,-1.5277777777777777,Bearish,,,
2023-10-09,AUDJPY,fx,-1.8055555555555554,Bearish,,,
2023-10-09,AUDNZD,fx,-1.3888888888888886,Bearish,,,
2023-10-09,AUDCAD,fx,-2.3611111111111107,Bearish,,,
2023-10-09,AUDCHF,fx,-1.3888888888888886,Bearish,,,
2023-10-09,DAX,cross-asset,3.333333333333333,Bullish,,,
2023-10-10,US-DOLLAR,single,3.4722222222222228,Very Bullish,,,
2023-10-10,EURUSD,fx,-3.4027777777777777,Very Bearish,,,
2023-10-10,GBPUSD,fx,-2.291666666666667,Bearish,,,
2023-10-10,USDJPY,fx,1.3194444444444446,Bullish,,,
2023-10-10,USDCHF,fx,1.7361111111111114,Bullish,,,
2023-10-10,AUDUSD,fx,-3.125,Very Bearish,,,
2023-10-10,NZDUSD,fx,-1.7361111111111114,Bearish,,,
2023-10-10,EURJPY,fx,-2.083333333333333,Bearish,,,
2023-10-10,EURCHF,fx,-1.6666666666666665,Bearish,,,
2023-10-10,EURNZD,fx,-1.6666666666666665,Bearish,,,
2023-10-10,EURCAD,fx,-2.6388888888888884,Bearish,,,
2023-10-10,GBPCAD,fx,-1.5277777777777777,Bearish,,,
2023-10-10,AUDJPY,fx,-1.8055555555555554,Bearish,,,
2023-10-10,AUDNZD,fx,-1.3888888888888886,Bearish,,,
2023-10-10,AUDCAD,fx,-2.3611111111111107,Bearish,,,
2023-10-10,AUDCHF,fx,-1.3888888888888886,Bearish,,,
2023-10-10,DAX,cross-asset,3.333333333333333,Bullish,,,
2023-10-11,US-DOLLAR,single,3.4722222222222228,Very Bullish,,,
2023-10-11,EURUSD,fx,-3.4027777777777777,Very Bearish,,,
2023-10-11,GBPUSD,fx,-2.291666666666667,Bearish,,,
2023-10-11,USDJPY,fx,1.3194444444444446,Bullish,,,
2023-10-11,USDCHF,fx,1.7361111111111114,Bullish,,,
2023-10-11,AUDUSD,fx,-3.125,Very Bearish,,,
2023-10-11,NZDUSD,fx,-1.7361111111111114,Bearish,,,
2023-10-11,EURJPY,fx,-2.083333333333333,Bearish,,,
2023-10-11,EURCHF,fx,-1.6666666666666665,Bearish,,,
2023-10-11,EURNZD,fx,-1.6666666666666665,Bearish,,,
2023-10-11,EURCAD,fx,-2.6388888888888884,Bearish,,,
2023-10-11,GBPCAD,fx,-1.5277777777777777,Bearish,,,
2023-10-11,AUDJPY,fx,-1.8055555555555554,Bearish,,,
2023-10-11,AUDNZD,fx,-1.3888888888888886,Bearish,,,
2023-10-11,AUDCAD,fx,-2.3611111111111107,Bearish,,,
2023-10-11,AUDCHF,fx,-1.3888888888888886,Bearish,,,
2023-10-11,DAX,cross-asset,3.333333333333333,Bullish,,,
2023-10-12,US-DOLLAR,single,3.0555555555555554,Very Bullish,,,
2023-10-12,EURUSD,fx,-3.194444444444444,Very Bearish,,,
2023-10-12,GBPUSD,fx,-2.083333333333333,Bearish,,,
2023-10-12,USDCHF,fx,1.5277777777777777,Bullish,,,
2023-10-12,AUDUSD,fx,-2.916666666666666,Bearish,,,
2023-10-12,NZDUSD,fx,-1.5277777777777777,Bearish,,,
2023-10-12,EURJPY,fx,-2.083333333333333,Bearish,,,
2023-10-12,EURCHF,fx,-1.6666666666666665,Bearish,,,
2023-10-12,EURNZD,fx,-1.6666666666666665,Bearish,,,
2023-10-12,EURCAD,fx,-2.6388888888888884,Bearish,,,
2023-10-12,GBPCAD,fx,-1.5277777777777777,Bearish,,,
2023-10-12,AUDJPY,fx,-1.8055555555555554,Bearish,,,
2023-10-12,AUDNZD,fx,-1.3888888888888886,Bearish,,,
2023-10-12,AUDCAD,fx,-2.3611111111111107,Bearish,,,
2023-10-12,AUDCHF,fx,-1.3888888888888886,Bearish,,,
2023-10-12,DAX,cross-asset,3.333333333333333,Bullish,,,
2023-10-13,US-DOLLAR,single,2.638888888888889,Bullish,,,
2023-10-13,EURUSD,fx,-2.9861111111111107,Bearish,,,
2023-10-13,GBPUSD,fx,-1.4583333333333333,Bearish,,,
2023-10-13,USDCHF,fx,1.3194444444444444,Bullish,,,
2023-10-13,AUDUSD,fx,-2.708333333333333,Bearish,,,
2023-10-13,NZDUSD,fx,-1.3194444444444444,Bearish,,,
2023-10-13,EURGBP,fx,-1.5277777777777777,Bearish,,,
2023-10-13,EURJPY,fx,-2.083333333333333,Bearish,,,
2023-10-13,EURCHF,fx,-1.6666666666666665,Bearish,,,
2023-10-13,EURNZD,fx,-1.6666666666666665,Bearish,,,
2023-10-13,EURCAD,fx,-2.6388888888888884,Bearish,,,
2023-10-13,AUDJPY,fx,-1.8055555555555554,Bearish,,,
2023-10-13,AUDNZD,fx,-1.3888888888888886,Bearish,,,
2023-10-13,AUDCAD,fx,-2.3611111111111107,Bearish,,,
2023-10-13,AUDCHF,fx,-1.3888888888888886,Bearish,,,
2023-10-13,DAX,cross-asset,3.333333333333333,Bullish,,,
2023-10-16,US-DOLLAR,single,2.638888888888889,Bullish,,,
2023-10-16,EURUSD,fx,-2.9861111111111107,Bearish,,,
2023-10-16,GBPUSD,fx,-1.4583333333333333,Bearish,,,
2023-10-16,USDCHF,fx,1.7361111111111112,Bullish,,,
2023-10-16,AUDUSD,fx,-2.708333333333333,Bearish,,,
2023-10-16,NZDUSD,fx,-1.3194444444444444,Bearish,,,
2023-10-16,EURGBP,fx,-1.5277777777777777,Bearish,,,
2023-10-16,EURJPY,fx,-2.083333333333333,Bearish,,,
2023-10-16,EURNZD,fx,-1.6666666666666665,Bearish,,,
2023-10-16,EURCAD,fx,-2.6388888888888884,Bearish,,,
2023-10-16,AUDJPY,fx,-1.8055555555555554,Bearish,,,
2023-10-16,AUDNZD,fx,-1.3888888888888886,Bearish,,,
2023-10-16,AUDCAD,fx,-2.3611111111111107,Bearish,,,
2023-10-16,CADCHF,fx,1.3888888888888888,Bullish,,,
2023-10-16,DAX,cross-asset,3.333333333333333,Bullish,,,
2023-10-17,US-DOLLAR,single,2.638888888888889,Bullish,,,
2023-10-17,EURUSD,fx,-2.9861111111111107,Bearish,,,
2023-10-17,GBPUSD,fx,-1.4583333333333333,Bearish,,,
2023-10-17,USDCHF,fx,1.7361111111111112,Bullish,,,
2023-10-17,AUDUSD,fx,-2.708333333333333,Bearish,,,
2023-10-17,NZDUSD,fx,-2.5694444444444446,Bearish,,,
2023-10-17,EURGBP,fx,-1.5277777777777777,Bearish,,,
2023-10-17,EURJPY,fx,-2.083333333333333,Bearish,,,
2023-10-17,EURCAD,fx,-2.6388888888888884,Bearish,,,
2023-10-17,AUDJPY,fx,-1.8055555555555554,Bearish,,,
2023-10-17,NZDJPY,fx,-1.6666666666666665,Bearish,,,
2023-10-17,AUDCAD,fx,-2.3611111111111107,Bearish,,,
2023-10-17,NZDCAD,fx,-2.2222222222222223,Bearish,,,
2023-10-17,CADCHF,fx,1.3888888888888888,Bullish,,,
2023-10-17,DAX,cross-asset,3.333333333333333,Bullish,,,
2023-10-18,US-DOLLAR,single,2.2222222222222223,Bullish,,,
2023-10-18,EURUSD,fx,-2.7777777777777777,Bearish,,,
2023-10-18,USDCHF,fx,1.5277777777777777,Bullish,,,
2023-10-18,AUDUSD,fx,-2.5,Bearish,,,
2023-10-18,NZDUSD,fx,-2.361111111111111,Bearish,,,
2023-10-18,EURGBP,fx,-1.5277777777777777,Bearish,,,
2023-10-18,EURJPY,fx,-2.083333333333333,Bearish,,,
2023-10-18,EURCAD,fx,-2.083333333333333,Bearish,,,
2023-10-18,AUDJPY,fx,-1.8055555555555554,Bearish,,,
2023-10-18,NZDJPY,fx,-1.6666666666666665,Bearish,,,
2023-10-18,AUDCAD,fx,-1.8055555555555554,Bearish,,,
2023-10-18,NZDCAD,fx,-1.6666666666666665,Bearish,,,
2023-10-18,DAX,cross-asset,3.333333333333333,Bullish,,,
2023-10-19,US-DOLLAR,single,2.2222222222222223,Bullish,,,
2023-10-19,EURUSD,fx,-2.7777777777777777,Bearish,,,
2023-10-19,USDCHF,fx,1.5277777777777777,Bullish,,,
2023-10-19,AUDUSD,fx,-2.5,Bearish,,,
2023-10-19,NZDUSD,fx,-2.361111111111111,Bearish,,,
2023-10-19,EURGBP,fx,-2.083333333333333,Bearish,,,
2023-10-19,EURJPY,fx,-2.083333333333333,Bearish,,,
2023-10-19,EURCAD,fx,-2.083333333333333,Bearish,,,
2023-10-19,GBPAUD,fx,1.8055555555555554,Bullish,,,
2023-10-19,GBPNZD,fx,1.6666666666666665,Bullish,,,
2023-10-19,AUDJPY,fx,-1.8055555555555554,Bearish,,,
2023-10-19,NZDJPY,fx,-1.6666666666666665,Bearish,,,
2023-10-19,AUDCAD,fx,-1.8055555555555554,Bearish,,,
2023-10-19,NZDCAD,fx,-1.6666666666666665,Bearish,,,
2023-10-19,DAX,cross-asset,3.333333333333333,Bullish,,,
2023-10-20,US-DOLLAR,single,2.5,Bullish,,,
2023-10-20,EURUSD,fx,-2.9166666666666665,Bearish,,,
2023-10-20,USDCHF,fx,1.6666666666666665,Bullish,,,
2023-10-20,AUDUSD,fx,-2.9166666666666665,Bearish,,,
2023-10-20,NZDUSD,fx,-2.5,Bearish,,,
2023-10-20,EURGBP,fx,-2.083333333333333,Bearish,,,
2023-10-20,EURJPY,fx,-2.083333333333333,Bearish,,,
2023-10-20,EURCAD,fx,-1.8055555555555554,Bearish,,,
2023-10-20,GBPAUD,fx,2.083333333333333,Bullish,,,
2023-10-20,GBPNZD,fx,1.6666666666666665,Bullish,,,
2023-10-20,AUDJPY,fx,-2.083333333333333,Bearish,,,
2023-10-20,NZDJPY,fx,-1.6666666666666665,Bearish,,,
2023-10-20,AUDCAD,fx,-1.8055555555555554,Bearish,,,
2023-10-20,NZDCAD,fx,-1.3888888888888888,Bearish,,,
2023-10-20,DAX,cross-asset,3.333333333333333,Bullish,,,
2023-10-23,US-DOLLAR,single,2.5,Bullish,,,
2023-10-23,EURUSD,fx,-2.9166666666666665,Bearish,,,
2023-10-23,USDCHF,fx,1.6666666666666665,Bullish,,,
2023-10-23,AUDUSD,fx,-2.9166666666666665,Bearish,,,
2023-10-23,NZDUSD,fx,-2.5,Bearish,,,
2023-10-23,EURGBP,fx,-2.083333333333333,Bearish,,,
2023-10-23,EURJPY,fx,-2.083333333333333,Bearish,,,
2023-10-23,EURCAD,fx,-1.8055555555555554,Bearish,,,
2023-10-23,GBPAUD,fx,2.083333333333333,Bullish,,,
2023-10-23,GBPNZD,fx,1.6666666666666665,Bullish,,,
2023-10-23,AUDJPY,fx,-2.083333333333333,Bearish,,,
2023-10-23,NZDJPY,fx,-1.6666666666666665,Bearish,,,
2023-10-23,AUDCAD,fx,-1.8055555555555554,Bearish,,,
2023-10-23,NZDCAD,fx,-1.3888888888888888,Bearish,,,
2023-10-23,DAX,cross-asset,3.333333333333333,Bullish,,,
2023-10-24,US-DOLLAR,single,2.5,Bullish,,,
2023-10-24,EURUSD,fx,-2.9166666666666665,Bearish,,,
2023-10-24,USDCHF,fx,1.6666666666666665,Bullish,,,
2023-10-24,AUDUSD,fx,-2.9166666666666665,Bearish,,,
2023-10-24,NZDUSD,fx,-2.5,Bearish,,,
2023-10-24,EURGBP,fx,-2.083333333333333,Bearish,,,
2023-10-24,EURJPY,fx,-2.083333333333333,Bearish,,,
2023-10-24,EURCAD,fx,-1.8055555555555554,Bearish,,,
2023-10-24,GBPAUD,fx,2.083333333333333,Bullish,,,
2023-10-24,GBPNZD,fx,1.6666666666666665,Bullish,,,
2023-10-24,AUDJPY,fx,-2.083333333333333,Bearish,,,
2023-10-24,NZDJPY,fx,-1.6666666666666665,Bearish,,,
2023-10-24,AUDCAD,fx,-1.8055555555555554,Bearish,,,
2023-10-24,NZDCAD,fx,-1.3888888888888888,Bearish,,,
2023-10-24,DAX,cross-asset,3.333333333333333,Bullish,,,
2023-10-25,US-DOLLAR,single,2.5,Bullish,,,
2023-10-25,EURUSD,fx,-2.9166666666666665,Bearish,,,
2023-10-25,USDCHF,fx,1.6666666666666665,Bullish,,,
2023-10-25,AUDUSD,fx,-2.9166666666666665,Bearish,,,
2023-10-25,NZDUSD,fx,-2.5,Bearish,,,
2023-10-25,EURGBP,fx,-2.083333333333333,Bearish,,,
2023-10-25,EURJPY,fx,-2.083333333333333,Bearish,,,
2023-10-25,EURCAD,fx,-1.8055555555555554,Bearish,,,
2023-10-25,GBPAUD,fx,2.083333333333333,Bullish,,,
2023-10-25,GBPNZD,fx,1.6666666666666665,Bullish,,,
2023-10-25,AUDJPY,fx,-2.083333333333333,Bearish,,,
2023-10-25,NZDJPY,fx,-1.6666666666666665,Bearish,,,
2023-10-25,AUDCAD,fx,-1.8055555555555554,Bearish,,,
2023-10-25,NZDCAD,fx,-1.3888888888888888,Bearish,,,
2023-10-25,DAX,cross-asset,3.333333333333333,Bullish,,,
2023-10-26,US-DOLLAR,single,2.5,Bullish,,,
2023-10-26,EURUSD,fx,-2.9166666666666665,Bearish,,,
2023-10-26,USDCHF,fx,1.6666666666666665,Bullish,,,
2023-10-26,AUDUSD,fx,-1.5277777777777777,Bearish,,,
2023-10-26,NZDUSD,fx,-2.5,Bearish,,,
2023-10-26,EURGBP,fx,-2.083333333333333,Bearish,,,
2023-10-26,EURJPY,fx,-2.083333333333333,Bearish,,,
2023-10-26,EURAUD,fx,-1.3888888888888888,Bearish,,,
2023-10-26,EURCAD,fx,-1.8055555555555554,Bearish,,,
2023-10-26,GBPNZD,fx,1.6666666666666665,Bullish,,,
2023-10-26,NZDJPY,fx,-1.6666666666666665,Bearish,,,
2023-10-26,NZDCAD,fx,-1.3888888888888888,Bearish,,,
2023-10-26,DAX,cross-asset,3.333333333333333,Bullish,,,
2023-10-27,US-DOLLAR,single,1.8055555555555556,Bullish,,,
2023-10-27,EURUSD,fx,-2.569444444444444,Bearish,,,
2023-10-27,USDCHF,fx,1.3194444444444444,Bullish,,,
2023-10-27,NZDUSD,fx,-2.1527777777777777,Bearish,,,
2023-10-27,EURGBP,fx,-2.083333333333333,Bearish,,,
2023-10-27,EURJPY,fx,-2.083333333333333,Bearish,,,
2023-10-27,EURAUD,fx,-1.3888888888888888,Bearish,,,
2023-10-27,EURCAD,fx,-1.8055555555555554,Bearish,,,
2023-10-27,GBPNZD,fx,1.6666666666666665,Bullish,,,
2023-10-27,NZDJPY,fx,-1.6666666666666665,Bearish,,,
2023-10-27,NZDCAD,fx,-1.3888888888888888,Bearish,,,
2023-10-27,DAX,cross-asset,3.333333333333333,Bullish,,,
2023-10-30,US-DOLLAR,single,2.2222222222222223,Bullish,,,
2023-10-30,EURUSD,fx,-2.7777777777777777,Bearish,,,
2023-10-30,USDCHF,fx,1.5277777777777777,Bullish,,,
2023-10-30,NZDUSD,fx,-2.361111111111111,Bearish,,,
2023-10-30,EURGBP,fx,-2.083333333333333,Bearish,,,
2023-10-30,EURJPY,fx,-2.083333333333333,Bearish,,,
2023-10-30,EURAUD,fx,-2.5,Bearish,,,
2023-10-30,EURCAD,fx,-1.8055555555555554,Bearish,,,
2023-10-30,GBPNZD,fx,1.6666666666666665,Bullish,,,
2023-10-30,NZDJPY,fx,-1.6666666666666665,Bearish,,,
2023-10-30,AUDNZD,fx,2.083333333333333,Bullish,,,
2023-10-30,NZDCAD,fx,-1.3888888888888888,Bearish,,,
2023-10-30,DAX,cross-asset,3.333333333333333,Bullish,,,
2023-10-31,US-DOLLAR,single,2.2222222222222223,Bullish,,,
2023-10-31,EURUSD,fx,-2.7777777777777777,Bearish,,,
2023-10-31,USDCHF,fx,1.5277777777777777,Bullish,,,
2023-10-31,NZDUSD,fx,-2.361111111111111,Bearish,,,
2023-10-31,EURGBP,fx,-2.083333333333333,Bearish,,,
2023-10-31,EURJPY,fx,-2.083333333333333,Bearish,,,
2023-10-31,EURAUD,fx,-2.5,Bearish,,,
2023-10-31,EURCAD,fx,-1.8055555555555554,Bearish,,,
2023-10-31,GBPNZD,fx,1.6666666666666665,Bullish,,,
2023-10-31,NZDJPY,fx,-1.6666666666666665,Bearish,,,
2023-10-31,AUDNZD,fx,2.083333333333333,Bullish,,,
2023-10-31,NZDCAD,fx,-1.3888888888888888,Bearish,,,
2023-10-31,DAX,cross-asset,3.333333333333333,Bullish,,,
2023-11-01,US-DOLLAR,single,2.2222222222222223,Bullish,,,
2023-11-01,EURUSD,fx,-3.0555555555555554,Very Bearish,,,
2023-11-01,USDCHF,fx,1.5277777777777777,Bullish,,,
2023-11-01,NZDUSD,fx,-3.472222222222222,Very Bearish,,,
2023-11-01,EURGBP,fx,-2.3611111111111107,Bearish,,,
2023-11-01,EURJPY,fx,-2.3611111111111107,Bearish,,,
2023-11-01,EURCHF,fx,-1.5277777777777777,Bearish,,,
2023-11-01,EURAUD,fx,-2.7777777777777777,Bearish,,,
2023-11-01,EURCAD,fx,-2.083333333333333,Bearish,,,
2023-11-01,GBPNZD,fx,2.7777777777777772,Bullish,,,
2023-11-01,NZDJPY,fx,-2.7777777777777772,Bearish,,,
2023-11-01,AUDNZD,fx,3.1944444444444438,Very Bullish,,,
2023-11-01,NZDCAD,fx,-2.4999999999999996,Bearish,,,
2023-11-01,NZDCHF,fx,-1.9444444444444442,Bearish,,,
2023-11-02,EURUSD,fx,-2.083333333333333,Bearish,,,
2023-11-02,NZDUSD,fx,-2.4999999999999996,Bearish,,,
2023-11-02,EURGBP,fx,-1.9444444444444442,Bearish,,,
2023-11-02,EURJPY,fx,-2.3611111111111107,Bearish,,,
2023-11-02,EURCHF,fx,-1.5277777777777777,Bearish,,,
2023-11-02,EURAUD,fx,-2.7777777777777777,Bearish,,,
2023-11-02,EURCAD,fx,-2.083333333333333,Bearish,,,
2023-11-02,GBPNZD,fx,2.3611111111111107,Bullish,,,
2023-11-02,NZDJPY,fx,-2.7777777777777772,Bearish,,,
2023-11-02,AUDNZD,fx,3.1944444444444438,Very Bullish,,,
2023-11-02,NZDCAD,fx,-2.4999999999999996,Bearish,,,
2023-11-02,NZDCHF,fx,-1.9444444444444442,Bearish,,,
2023-11-03,EURUSD,fx,-1.9444444444444442,Bearish,,,
2023-11-03,NZDUSD,fx,-2.3611111111111107,Bearish,,,
2023-11-03,EURGBP,fx,-1.9444444444444442,Bearish,,,
2023-11-03,EURJPY,fx,-2.3611111111111107,Bearish,,,
2023-11-03,EURCHF,fx,-1.5277777777777777,Bearish,,,
2023-11-03,EURAUD,fx,-2.7777777777777777,Bearish,,,
2023-11-03,EURCAD,fx,-2.083333333333333,Bearish,,,
2023-11-03,GBPNZD,fx,2.3611111111111107,Bullish,,,
2023-11-03,NZDJPY,fx,-2.7777777777777772,Bearish,,,
2023-11-03,AUDNZD,fx,3.1944444444444438,Very Bullish,,,
2023-11-03,NZDCAD,fx,-2.4999999999999996,Bearish,,,
2023-11-03,NZDCHF,fx,-1.9444444444444442,Bearish,,,
2023-11-06,EURUSD,fx,-2.083333333333333,Bearish,,,
2023-11-06,NZDUSD,fx,-2.083333333333333,Bearish,,,
2023-11-06,EURGBP,fx,-2.3611111111111107,Bearish,,,
2023-11-06,EURJPY,fx,-2.7777777777777772,Bearish,,,
2023-11-06,EURCHF,fx,-1.9444444444444442,Bearish,,,
2023-11-06,EURAUD,fx,-3.1944444444444438,Very Bearish,,,
2023-11-06,EURCAD,fx,-1.6666666666666665,Bearish,,,
2023-11-06,GBPNZD,fx,2.3611111111111107,Bullish,,,
2023-11-06,NZDJPY,fx,-2.7777777777777772,Bearish,,,
2023-11-06,AUDNZD,fx,3.1944444444444438,Very Bullish,,,
2023-11-06,AUDCAD,fx,1.5277777777777777,Bullish,,,
2023-11-06,NZDCAD,fx,-1.6666666666666665,Bearish,,,
2023-11-06,NZDCHF,fx,-1.9444444444444442,Bearish,,,
2023-11-07,EURUSD,fx,-2.083333333333333,Bearish,,,
2023-11-07,NZDUSD,fx,-2.083333333333333,Bearish,,,
2023-11-07,EURGBP,fx,-2.3611111111111107,Bearish,,,
2023-11-07,EURJPY,fx,-2.7777777777777772,Bearish,,,
2023-11-07,EURCHF,fx,-1.9444444444444442,Bearish,,,
2023-11-07,EURAUD,fx,-3.1944444444444438,Very Bearish,,,
2023-11-07,EURCAD,fx,-1.6666666666666665,Bearish,,,
2023-11-07,GBPNZD,fx,2.3611111111111107,Bullish,,,
2023-11-07,NZDJPY,fx,-2.7777777777777772,Bearish,,,
2023-11-07,AUDNZD,fx,3.1944444444444438,Very Bullish,,,
2023-11-07,AUDCAD,fx,1.5277777777777777,Bullish,,,
2023-11-07,NZDCAD,fx,-1.6666666666666665,Bearish,,,
2023-11-07,NZDCHF,fx,-1.9444444444444442,Bearish,,,
2023-11-08,EURUSD,fx,-2.083333333333333,Bearish,,,
2023-11-08,NZDUSD,fx,-2.083333333333333,Bearish,,,
2023-11-08,EURGBP,fx,-2.3611111111111107,Bearish,,,
2023-11-08,EURJPY,fx,-2.7777777777777772,Bearish,,,
2023-11-08,EURCHF,fx,-1.9444444444444442,Bearish,,,
2023-11-08,EURAUD,fx,-3.1944444444444438,Very Bearish,,,
2023-11-08,EURCAD,fx,-1.6666666666666665,Bearish,,,
2023-11-08,GBPNZD,fx,2.3611111111111107,Bullish,,,
2023-11-08,NZDJPY,fx,-2.7777777777777772,Bearish,,,
2023-11-08,AUDNZD,fx,3.1944444444444438,Very Bullish,,,
2023-11-08,AUDCAD,fx,1.5277777777777777,Bullish,,,
2023-11-08,NZDCAD,fx,-1.6666666666666665,Bearish,,,
2023-11-08,NZDCHF,fx,-1.9444444444444442,Bearish,,,
2023-11-09,NZDUSD,fx,-2.083333333333333,Bearish,,,
2023-11-09,EURGBP,fx,-1.5277777777777777,Bearish,,,
2023-11-09,EURJPY,fx,-1.9444444444444442,Bearish,,,
2023-11-09,EURAUD,fx,-2.3611111111111107,Bearish,,,
2023-11-09,GBPNZD,fx,2.3611111111111107,Bullish,,,
2023-11-09,NZDJPY,fx,-2.7777777777777772,Bearish,,,
2023-11-09,AUDNZD,fx,3.1944444444444438,Very Bullish,,,
2023-11-09,AUDCAD,fx,1.5277777777777777,Bullish,,,
2023-11-09,NZDCAD,fx,-1.6666666666666665,Bearish,,,
2023-11-09,NZDCHF,fx,-1.9444444444444442,Bearish,,,
2023-11-09,DAX,cross-asset,3.333333333333333,Bullish,,,
2023-11-10,EURUSD,fx,-1.3888888888888888,Bearish,,,
2023-11-10,NZDUSD,fx,-2.222222222222222,Bearish,,,
2023-11-10,EURGBP,fx,-1.5277777777777777,Bearish,,,
2023-11-10,EURJPY,fx,-1.9444444444444442,Bearish,,,
2023-11-10,EURAUD,fx,-2.3611111111111107,Bearish,,,
2023-11-10,GBPNZD,fx,2.3611111111111107,Bullish,,,
2023-11-10,NZDJPY,fx,-2.7777777777777772,Bearish,,,
2023-11-10,AUDNZD,fx,3.1944444444444438,Very Bullish,,,
2023-11-10,AUDCAD,fx,1.5277777777777777,Bullish,,,
2023-11-10,NZDCAD,fx,-1.6666666666666665,Bearish,,,
2023-11-10,NZDCHF,fx,-1.9444444444444442,Bearish,,,
2023-11-10,DAX,cross-asset,3.333333333333333,Bullish,,,
2023-11-13,EURUSD,fx,-1.3888888888888888,Bearish,,,
2023-11-13,NZDUSD,fx,-2.222222222222222,Bearish,,,
2023-11-13,EURGBP,fx,-1.5277777777777777,Bearish,,,
2023-11-13,EURJPY,fx,-1.9444444444444442,Bearish,,,
2023-11-13,EURAUD,fx,-2.3611111111111107,Bearish,,,
2023-11-13,GBPNZD,fx,2.3611111111111107,Bullish,,,
2023-11-13,NZDJPY,fx,-2.7777777777777772,Bearish,,,
2023-11-13,AUDNZD,fx,3.1944444444444438,Very Bullish,,,
2023-11-13,AUDCAD,fx,1.5277777777777777,Bullish,,,
2023-11-13,NZDCAD,fx,-1.6666666666666665,Bearish,,,
2023-11-13,NZDCHF,fx,-1.9444444444444442,Bearish,,,
2023-11-13,DAX,cross-asset,3.333333333333333,Bullish,,,
2023-11-14,EURUSD,fx,-1.3888888888888888,Bearish,,,
2023-11-14,NZDUSD,fx,-2.222222222222222,Bearish,,,
2023-11-14,EURGBP,fx,-1.5277777777777777,Bearish,,,
2023-11-14,EURJPY,fx,-1.9444444444444442,Bearish,,,
2023-11-14,EURAUD,fx,-2.3611111111111107,Bearish,,,
2023-11-14,GBPNZD,fx,2.3611111111111107,Bullish,,,
2023-11-14,NZDJPY,fx,-2.7777777777777772,Bearish,,,
2023-11-14,AUDNZD,fx,3.1944444444444438,Very Bullish,,,
2023-11-14,AUDCAD,fx,1.5277777777777777,Bullish,,,
2023-11-14,NZDCAD,fx,-1.6666666666666665,Bearish,,,
2023-11-14,NZDCHF,fx,-1.9444444444444442,Bearish,,,
2023-11-14,DAX,cross-asset,3.333333333333333,Bullish,,,
2023-11-15,US-DOLLAR,single,-1.5277777777777777,Bearish,,,
2023-11-15,AUDUSD,fx,1.597222222222222,Bullish,,,
2023-11-15,NZDUSD,fx,-1.5972222222222219,Bearish,,,
2023-11-15,EURNZD,fx,2.4999999999999996,Bullish,,,
2023-11-15,GBPNZD,fx,2.6388888888888884,Bullish,,,
2023-11-15,NZDJPY,fx,-2.7777777777777772,Bearish,,,
2023-11-15,AUDNZD,fx,3.1944444444444438,Very Bullish,,,
2023-11-15,AUDCAD,fx,1.5277777777777777,Bullish,,,
2023-11-15,NZDCAD,fx,-1.6666666666666665,Bearish,,,
2023-11-15,NZDCHF,fx,-2.3611111111111107,Bearish,,,
2023-11-16,US-DOLLAR,single,-2.361111111111111,Bearish,,,
2023-11-16,EURUSD,fx,1.3194444444444444,Bullish,,,
2023-11-16,GBPUSD,fx,1.4583333333333335,Bullish,,,
2023-11-16,USDJPY,fx,-1.5972222222222223,Bearish,,,
2023-11-16,AUDUSD,fx,2.5694444444444446,Bullish,,,
2023-11-16,EURNZD,fx,2.4999999999999996,Bullish,,,
2023-11-16,GBPNZD,fx,2.6388888888888884,Bullish,,,
2023-11-16,NZDJPY,fx,-2.7777777777777772,Bearish,,,
2023-11-16,AUDNZD,fx,3.7499999999999996,Very Bullish,,,
2023-11-16,AUDCAD,fx,2.083333333333333,Bullish,,,
2023-11-16,AUDCHF,fx,1.3888888888888888,Bullish,,,
2023-11-16,NZDCAD,fx,-1.6666666666666665,Bearish,,,
2023-11-16,NZDCHF,fx,-2.3611111111111107,Bearish,,,
2023-11-16,GOLD,cross-asset,2.0,Bullish,,,
2023-11-16,SILVER,cross-asset,2.0,Bullish,,,
2023-11-17,US-DOLLAR,single,-2.638888888888889,Bearish,,,
2023-11-17,EURUSD,fx,1.4583333333333333,Bullish,,,
2023-11-17,GBPUSD,fx,1.5972222222222223,Bullish,,,
2023-11-17,USDJPY,fx,-1.7361111111111112,Bearish,,,
2023-11-17,USDCHF,fx,-1.3194444444444444,Bearish,,,
2023-11-17,AUDUSD,fx,2.9861111111111107,Bullish,,,
2023-11-17,EURAUD,fx,-1.5277777777777777,Bearish,,,
2023-11-17,GBPAUD,fx,-1.3888888888888888,Bearish,,,
2023-11-17,AUDNZD,fx,2.3611111111111107,Bullish,,,
2023-11-17,AUDCAD,fx,2.3611111111111107,Bullish,,,
2023-11-17,AUDCHF,fx,1.6666666666666665,Bullish,,,
2023-11-17,GOLD,cross-asset,2.0,Bullish,,,
2023-11-17,SILVER,cross-asset,2.0,Bullish,,,
2023-11-20,US-DOLLAR,single,-2.638888888888889,Bearish,,,
2023-11-20,EURUSD,fx,1.4583333333333333,Bullish,,,
2023-11-20,GBPUSD,fx,1.3888888888888888,Bullish,,,
2023-11-20,USDJPY,fx,-1.7361111111111112,Bearish,,,
2023-11-20,USDCHF,fx,-1.3194444444444444,Bearish,,,
2023-11-20,AUDUSD,fx,2.9861111111111107,Bullish,,,
2023-11-20,EURAUD,fx,-1.5277777777777777,Bearish,,,
2023-11-20,GBPAUD,fx,-1.597222222222222,Bearish,,,
2023-11-20,CADJPY,fx,-1.3888888888888888,Bearish,,,
2023-11-20,AUDNZD,fx,2.3611111111111107,Bullish,,,
2023-11-20,AUDCAD,fx,2.6388888888888884,Bullish,,,
2023-11-20,AUDCHF,fx,1.6666666666666665,Bullish,,,
2023-11-20,GOLD,cross-asset,2.0,Bullish,,,
2023-11-20,SILVER,cross-asset,2.0,Bullish,,,
2023-11-21,US-DOLLAR,single,-2.638888888888889,Bearish,,,
2023-11-21,EURUSD,fx,1.4583333333333333,Bullish,,,
2023-11-21,GBPUSD,fx,1.3888888888888888,Bullish,,,
2023-11-21,USDJPY,fx,-1.7361111111111112,Bearish,,,
2023-11-21,USDCHF,fx,-1.3194444444444444,Bearish,,,
2023-11-21,AUDUSD,fx,2.9861111111111107,Bullish,,,
2023-11-21,EURAUD,fx,-1.5277777777777777,Bearish,,,
2023-11-21,GBPAUD,fx,-1.597222222222222,Bearish,,,
2023-11-21,CADJPY,fx,-1.3888888888888888,Bearish,,,
2023-11-21,AUDNZD,fx,2.3611111111111107,Bullish,,,
2023-11-21,AUDCAD,fx,2.6388888888888884,Bullish,,,
2023-11-21,AUDCHF,fx,1.6666666666666665,Bullish,,,
2023-11-21,GOLD,cross-asset,2.0,Bullish,,,
2023-11-21,SILVER,cross-asset,2.0,Bullish,,,
2023-11-22,US-DOLLAR,single,-2.638888888888889,Bearish,,,
2023-11-22,EURUSD,fx,1.4583333333333333,Bullish,,,
2023-11-22,GBPUSD,fx,1.3888888888888888,Bullish,,,
2023-11-22,USDJPY,fx,-1.7361111111111112,Bearish,,,
2023-11-22,USDCHF,fx,-1.3194444444444444,Bearish,,,
2023-11-22,AUDUSD,fx,2.9861111111111107,Bullish,,,
2023-11-22,EURAUD,fx,-1.5277777777777777,Bearish,,,
2023-11-22,GBPAUD,fx,-1.597222222222222,Bearish,,,
2023-11-22,AUDNZD,fx,2.3611111111111107,Bullish,,,
2023-11-22,AUDCAD,fx,2.3611111111111107,Bullish,,,
2023-11-22,AUDCHF,fx,1.6666666666666665,Bullish,,,
2023-11-22,GOLD,cross-asset,2.0,Bullish,,,
2023-11-22,SILVER,cross-asset,2.0,Bullish,,,
2023-11-23,US-DOLLAR,single,-1.8055555555555556,Bearish,,,
2023-11-23,USDJPY,fx,-1.3194444444444444,Bearish,,,
2023-11-23,AUDUSD,fx,2.569444444444444,Bullish,,,
2023-11-23,EURAUD,fx,-1.5277777777777777,Bearish,,,
2023-11-23,GBPAUD,fx,-1.597222222222222,Bearish,,,
2023-11-23,AUDNZD,fx,2.3611111111111107,Bullish,,,
2023-11-23,AUDCAD,fx,2.3611111111111107,Bullish,,,
2023-11-23,AUDCHF,fx,1.6666666666666665,Bullish,,,
2023-11-23,GOLD,cross-asset,2.0,Bullish,,,
2023-11-23,SILVER,cross-asset,2.0,Bullish,,,
2023-11-24,US-DOLLAR,single,-1.8055555555555556,Bearish,,,
2023-11-24,AUDUSD,fx,2.569444444444444,Bullish,,,
2023-11-24,EURAUD,fx,-1.5277777777777777,Bearish,,,
2023-11-24,GBPAUD,fx,-1.597222222222222,Bearish,,,
2023-11-24,AUDJPY,fx,2.083333333333333,Bullish,,,
2023-11-24,AUDNZD,fx,1.5277777777777777,Bullish,,,
2023-11-24,AUDCAD,fx,2.3611111111111107,Bullish,,,
2023-11-24,AUDCHF,fx,1.6666666666666665,Bullish,,,
2023-11-24,GOLD,cross-asset,2.0,Bullish,,,
2023-11-24,SILVER,cross-asset,2.0,Bullish,,,
2023-11-27,US-DOLLAR,single,-1.8055555555555556,Bearish,,,
2023-11-27,AUDUSD,fx,2.569444444444444,Bullish,,,
2023-11-27,EURAUD,fx,-1.5277777777777777,Bearish,,,
2023-11-27,GBPAUD,fx,-1.597222222222222,Bearish,,,
2023-11-27,AUDJPY,fx,2.083333333333333,Bullish,,,
2023-11-27,AUDNZD,fx,1.5277777777777777,Bullish,,,
2023-11-27,AUDCAD,fx,1.8055555555555554,Bullish,,,
2023-11-27,AUDCHF,fx,1.6666666666666665,Bullish,,,
2023-11-27,GOLD,cross-asset,2.0,Bullish,,,
2023-11-27,SILVER,cross-asset,2.0,Bullish,,,
2023-11-28,US-DOLLAR,single,-1.8055555555555556,Bearish,,,
2023-11-28,AUDUSD,fx,2.569444444444444,Bullish,,,
2023-11-28,EURAUD,fx,-1.5277777777777777,Bearish,,,
2023-11-28,GBPAUD,fx,-1.597222222222222,Bearish,,,
2023-11-28,AUDJPY,fx,2.083333333333333,Bullish,,,
2023-11-28,AUDNZD,fx,1.5277777777777777,Bullish,,,
2023-11-28,AUDCAD,fx,1.8055555555555554,Bullish,,,
2023-11-28,AUDCHF,fx,1.6666666666666665,Bullish,,,
2023-11-28,GOLD,cross-asset,2.0,Bullish,,,
2023-11-28,SILVER,cross-asset,2.0,Bullish,,,
2023-11-29,US-DOLLAR,single,-1.8055555555555556,Bearish,,,
2023-11-29,AUDUSD,fx,2.569444444444444,Bullish,,,
2023-11-29,EURJPY,fx,1.3888888888888888,Bullish,,,
2023-11-29,EURAUD,fx,-1.5277777777777777,Bearish,,,
2023-11-29,GBPJPY,fx,1.3194444444444444,Bullish,,,
2023-11-29,GBPAUD,fx,-1.597222222222222,Bearish,,,
2023-11-29,AUDJPY,fx,2.9166666666666665,Bullish,,,
2023-11-29,NZDJPY,fx,1.3888888888888888,Bullish,,,
2023-11-29,AUDNZD,fx,1.5277777777777777,Bullish,,,
2023-11-29,AUDCAD,fx,1.8055555555555554,Bullish,,,
2023-11-29,AUDCHF,fx,1.6666666666666665,Bullish,,,
2023-11-29,NIKKEI,cross-asset,3.333333333333333,Bullish,,,
2023-11-29,GOLD,cross-asset,2.0,Bullish,,,
2023-11-29,SILVER,cross-asset,2.0,Bullish,,,
2023-11-30,US-DOLLAR,single,-1.8055555555555556,Bearish,,,
2023-11-30,AUDUSD,fx,2.013888888888889,Bullish,,,
2023-11-30,EURJPY,fx,2.2222222222222223,Bullish,,,
2023-11-30,GBPJPY,fx,2.152777777777778,Bullish,,,
2023-11-30,AUDJPY,fx,3.1944444444444446,Very Bullish,,,
2023-11-30,NZDJPY,fx,2.2222222222222223,Bullish,,,
2023-11-30,CADJPY,fx,1.9444444444444446,Bullish,,,
2023-11-30,CHFJPY,fx,2.0833333333333335,Bullish,,,
2023-11-30,GOLD,cross-asset,2.0,Bullish,,,
2023-11-30,SILVER,cross-asset,2.0,Bullish,,,
2023-12-01,US-DOLLAR,single,-2.361111111111111,Bearish,,,
2023-12-01,AUDUSD,fx,2.291666666666667,Bullish,,,
2023-12-01,NZDUSD,fx,1.3194444444444446,Bullish,,,
2023-12-01,EURJPY,fx,2.0833333333333335,Bullish,,,
2023-12-01,GBPJPY,fx,2.152777777777778,Bullish,,,
2023-12-01,AUDJPY,fx,3.1944444444444446,Very Bullish,,,
2023-12-01,NZDJPY,fx,2.2222222222222223,Bullish,,,
2023-12-01,CADJPY,fx,1.9444444444444446,Bullish,,,
2023-12-01,CHFJPY,fx,2.0833333333333335,Bullish,,,
2023-12-01,GOLD,cross-asset,2.0,Bullish,,,
2023-12-01,SILVER,cross-asset,2.0,Bullish,,,
2023-12-04,US-DOLLAR,single,-2.361111111111111,Bearish,,,
2023-12-04,AUDUSD,fx,2.291666666666667,Bullish,,,
2023-12-04,NZDUSD,fx,1.3194444444444446,Bullish,,,
2023-12-04,EURJPY,fx,2.0833333333333335,Bullish,,,
2023-12-04,GBPJPY,fx,2.152777777777778,Bullish,,,
2023-12-04,AUDJPY,fx,3.1944444444444446,Very Bullish,,,
2023-12-04,NZDJPY,fx,2.2222222222222223,Bullish,,,
2023-12-04,CADJPY,fx,1.9444444444444446,Bullish,,,
2023-12-04,CHFJPY,fx,2.0833333333333335,Bullish,,,
2023-12-04,GOLD,cross-asset,2.0,Bullish,,,
2023-12-04,SILVER,cross-asset,2.0,Bullish,,,
2023-12-05,US-DOLLAR,single,-2.361111111111111,Bearish,,,
2023-12-05,AUDUSD,fx,2.291666666666667,Bullish,,,
2023-12-05,NZDUSD,fx,1.3194444444444446,Bullish,,,
2023-12-05,EURJPY,fx,2.0833333333333335,Bullish,,,
2023-12-05,GBPJPY,fx,2.152777777777778,Bullish,,,
2023-12-05,AUDJPY,fx,3.1944444444444446,Very Bullish,,,
2023-12-05,NZDJPY,fx,2.2222222222222223,Bullish,,,
2023-12-05,CADJPY,fx,1.9444444444444446,Bullish,,,
2023-12-05,CHFJPY,fx,2.0833333333333335,Bullish,,,
2023-12-05,GOLD,cross-asset,2.0,Bullish,,,
2023-12-05,SILVER,cross-asset,2.0,Bullish,,,
2023-12-06,US-DOLLAR,single,-2.361111111111111,Bearish,,,
2023-12-06,AUDUSD,fx,2.291666666666667,Bullish,,,
2023-12-06,NZDUSD,fx,1.3194444444444446,Bullish,,,
2023-12-06,EURJPY,fx,2.0833333333333335,Bullish,,,
2023-12-06,GBPJPY,fx,2.152777777777778,Bullish,,,
2023-12-06,AUDJPY,fx,3.1944444444444446,Very Bullish,,,
2023-12-06,NZDJPY,fx,2.2222222222222223,Bullish,,,
2023-12-06,CADJPY,fx,1.9444444444444446,Bullish,,,
2023-12-06,CHFJPY,fx,2.0833333333333335,Bullish,,,
2023-12-06,GOLD,cross-asset,2.0,Bullish,,,
2023-12-06,SILVER,cross-asset,2.0,Bullish,,,
2023-12-07,US-DOLLAR,single,-2.361111111111111,Bearish,,,
2023-12-07,AUDUSD,fx,2.291666666666667,Bullish,,,
2023-12-07,NZDUSD,fx,1.3194444444444446,Bullish,,,
2023-12-07,EURJPY,fx,2.0833333333333335,Bullish,,,
2023-12-07,GBPJPY,fx,2.152777777777778,Bullish,,,
2023-12-07,AUDJPY,fx,3.1944444444444446,Very Bullish,,,
2023-12-07,NZDJPY,fx,2.2222222222222223,Bullish,,,
2023-12-07,CADJPY,fx,1.9444444444444446,Bullish,,,
2023-12-07,CHFJPY,fx,2.0833333333333335,Bullish,,,
2023-12-07,GOLD,cross-asset,2.0,Bullish,,,
2023-12-07,SILVER,cross-asset,2.0,Bullish,,,
2023-12-08,US-DOLLAR,single,-2.361111111111111,Bearish,,,
2023-12-08,AUDUSD,fx,2.291666666666667,Bullish,,,
2023-12-08,NZDUSD,fx,1.3194444444444446,Bullish,,,
2023-12-08,EURJPY,fx,2.0833333333333335,Bullish,,,
2023-12-08,GBPJPY,fx,2.152777777777778,Bullish,,,
2023-12-08,AUDJPY,fx,3.1944444444444446,Very Bullish,,,
2023-12-08,NZDJPY,fx,2.2222222222222223,Bullish,,,
2023-12-08,CADJPY,fx,1.9444444444444446,Bullish,,,
2023-12-08,CHFJPY,fx,2.0833333333333335,Bullish,,,
2023-12-08,GOLD,cross-asset,2.0,Bullish,,,
2023-12-08,SILVER,cross-asset,2.0,Bullish,,,
2023-12-11,US-DOLLAR,single,-2.361111111111111,Bearish,,,
2023-12-11,AUDUSD,fx,2.291666666666667,Bullish,,,
2023-12-11,NZDUSD,fx,1.3194444444444446,Bullish,,,
2023-12-11,EURJPY,fx,2.0833333333333335,Bullish,,,
2023-12-11,GBPJPY,fx,2.152777777777778,Bullish,,,
2023-12-11,AUDJPY,fx,3.1944444444444446,Very Bullish,,,
2023-12-11,NZDJPY,fx,2.2222222222222223,Bullish,,,
2023-12-11,CADJPY,fx,1.9444444444444446,Bullish,,,
2023-12-11,CHFJPY,fx,2.0833333333333335,Bullish,,,
2023-12-11,GOLD,cross-asset,2.0,Bullish,,,
2023-12-11,SILVER,cross-asset,2.0,Bullish,,,
2023-12-12,US-DOLLAR,single,-2.361111111111111,Bearish,,,
2023-12-12,AUDUSD,fx,2.291666666666667,Bullish,,,
2023-12-12,NZDUSD,fx,1.3194444444444446,Bullish,,,
2023-12-12,EURJPY,fx,2.0833333333333335,Bullish,,,
2023-12-12,GBPJPY,fx,2.152777777777778,Bullish,,,
2023-12-12,AUDJPY,fx,3.1944444444444446,Very Bullish,,,
2023-12-12,NZDJPY,fx,2.2222222222222223,Bullish,,,
2023-12-12,CADJPY,fx,1.9444444444444446,Bullish,,,
2023-12-12,CHFJPY,fx,2.0833333333333335,Bullish,,,
2023-12-12,GOLD,cross-asset,2.0,Bullish,,,
2023-12-12,SILVER,cross-asset,2.0,Bullish,,,
2023-12-13,US-DOLLAR,single,-2.361111111111111,Bearish,,,
2023-12-13,AUDUSD,fx,2.291666666666667,Bullish,,,
2023-12-13,NZDUSD,fx,1.3194444444444446,Bullish,,,
2023-12-13,EURJPY,fx,2.0833333333333335,Bullish,,,
2023-12-13,GBPJPY,fx,2.152777777777778,Bullish,,,
2023-12-13,AUDJPY,fx,3.1944444444444446,Very Bullish,,,
2023-12-13,NZDJPY,fx,2.2222222222222223,Bullish,,,
2023-12-13,CADJPY,fx,1.9444444444444446,Bullish,,,
2023-12-13,CHFJPY,fx,2.0833333333333335,Bullish,,,
2023-12-13,GOLD,cross-asset,2.0,Bullish,,,
2023-12-13,SILVER,cross-asset,2.0,Bullish,,,
2023-12-14,US-DOLLAR,single,-2.361111111111111,Bearish,,,
2023-12-14,AUDUSD,fx,2.291666666666667,Bullish,,,
2023-12-14,NZDUSD,fx,1.3194444444444446,Bullish,,,
2023-12-14,EURJPY,fx,2.0833333333333335,Bullish,,,
2023-12-14,GBPJPY,fx,2.152777777777778,Bullish,,,
2023-12-14,AUDJPY,fx,3.1944444444444446,Very Bullish,,,
2023-12-14,NZDJPY,fx,2.2222222222222223,Bullish,,,
2023-12-14,CADJPY,fx,1.9444444444444446,Bullish,,,
2023-12-14,CHFJPY,fx,2.0833333333333335,Bullish,,,
2023-12-14,GOLD,cross-asset,2.0,Bullish,,,
2023-12-14,SILVER,cross-asset,2.0,Bullish,,,
2023-12-15,US-DOLLAR,single,-2.4166666666666665,Bearish,,,
2023-12-15,AUDUSD,fx,2.3194444444444446,Bullish,,,
2023-12-15,NZDUSD,fx,1.3472222222222223,Bullish,,,
2023-12-15,EURJPY,fx,2.0833333333333335,Bullish,,,
2023-12-15,GBPJPY,fx,2.152777777777778,Bullish,,,
2023-12-15,AUDJPY,fx,3.1944444444444446,Very Bullish,,,
2023-12-15,NZDJPY,fx,2.2222222222222223,Bullish,,,
2023-12-15,CADJPY,fx,1.9444444444444446,Bullish,,,
2023-12-15,CHFJPY,fx,2.0833333333333335,Bullish,,,
2023-12-15,GOLD,cross-asset,2.0,Bullish,,,
2023-12-15,SILVER,cross-asset,2.0,Bullish,,,
2023-12-18,US-DOLLAR,single,-1.6666666666666665,Bearish,,,
2023-12-18,AUDUSD,fx,1.9444444444444444,Bullish,,,
2023-12-18,EURJPY,fx,2.0833333333333335,Bullish,,,
2023-12-18,GBPJPY,fx,2.152777777777778,Bullish,,,
2023-12-18,AUDJPY,fx,3.1944444444444446,Very Bullish,,,
2023-12-18,NZDJPY,fx,2.2222222222222223,Bullish,,,
2023-12-18,CADJPY,fx,2.2222222222222223,Bullish,,,
2023-12-18,CHFJPY,fx,2.0833333333333335,Bullish,,,
2023-12-18,GOLD,cross-asset,2.0,Bullish,,,
2023-12-18,SILVER,cross-asset,2.0,Bullish,,,
2023-12-19,USDJPY,fx,1.4583333333333335,Bullish,,,
2023-12-19,USDCAD,fx,-1.4583333333333335,Bearish,,,
2023-12-19,AUDUSD,fx,1.7361111111111112,Bullish,,,
2023-12-19,EURJPY,fx,2.0833333333333335,Bullish,,,
2023-12-19,GBPJPY,fx,2.152777777777778,Bullish,,,
2023-12-19,AUDJPY,fx,3.1944444444444446,Very Bullish,,,
2023-12-19,NZDJPY,fx,2.2222222222222223,Bullish,,,
2023-12-19,CADJPY,fx,2.916666666666667,Bullish,,,
2023-12-19,CHFJPY,fx,2.0833333333333335,Bullish,,,
2023-12-19,DJIA,cross-asset,2.5,Bullish,,,
2023-12-19,SP500,cross-asset,2.5,Bullish,,,
2023-12-19,NASDAQ,cross-asset,2.5,Bullish,,,
2023-12-19,GOLD,cross-asset,3.333333333333333,Bullish,,,
2023-12-19,SILVER,cross-asset,3.333333333333333,Bullish,,,
2023-12-20,USDJPY,fx,1.4583333333333335,Bullish,,,
2023-12-20,USDCAD,fx,-1.4583333333333335,Bearish,,,
2023-12-20,AUDUSD,fx,1.7361111111111112,Bullish,,,
2023-12-20,EURJPY,fx,2.0833333333333335,Bullish,,,
2023-12-20,GBPJPY,fx,2.152777777777778,Bullish,,,
2023-12-20,AUDJPY,fx,3.1944444444444446,Very Bullish,,,
2023-12-20,NZDJPY,fx,2.2222222222222223,Bullish,,,
2023-12-20,CADJPY,fx,2.916666666666667,Bullish,,,
2023-12-20,CHFJPY,fx,2.0833333333333335,Bullish,,,
2023-12-20,DJIA,cross-asset,2.5,Bullish,,,
2023-12-20,SP500,cross-asset,2.5,Bullish,,,
2023-12-20,NASDAQ,cross-asset,2.5,Bullish,,,
2023-12-20,GOLD,cross-asset,3.333333333333333,Bullish,,,
2023-12-20,SILVER,cross-asset,3.333333333333333,Bullish,,,
2023-12-21,USDJPY,fx,1.4583333333333335,Bullish,,,
2023-12-21,USDCAD,fx,-1.4583333333333335,Bearish,,,
2023-12-21,AUDUSD,fx,1.7361111111111112,Bullish,,,
2023-12-21,EURJPY,fx,2.0833333333333335,Bullish,,,
2023-12-21,GBPJPY,fx,2.152777777777778,Bullish,,,
2023-12-21,AUDJPY,fx,3.1944444444444446,Very Bullish,,,
2023-12-21,NZDJPY,fx,2.2222222222222223,Bullish,,,
2023-12-21,CADJPY,fx,2.916666666666667,Bullish,,,
2023-12-21,CHFJPY,fx,2.0833333333333335,Bullish,,,
2023-12-21,DJIA,cross-asset,2.5,Bullish,,,
2023-12-21,SP500,cross-asset,2.5,Bullish,,,
2023-12-21,NASDAQ,cross-asset,2.5,Bullish,,,
2023-12-21,GOLD,cross-asset,3.333333333333333,Bullish,,,
2023-12-21,SILVER,cross-asset,3.333333333333333,Bullish,,,
2023-12-22,USDJPY,fx,1.4583333333333335,Bullish,,,
2023-12-22,USDCAD,fx,-1.4583333333333335,Bearish,,,
2023-12-22,AUDUSD,fx,1.7361111111111112,Bullish,,,
2023-12-22,EURJPY,fx,2.0833333333333335,Bullish,,,
2023-12-22,GBPJPY,fx,2.0833333333333335,Bullish,,,
2023-12-22,AUDJPY,fx,3.1944444444444446,Very Bullish,,,
2023-12-22,NZDJPY,fx,2.2222222222222223,Bullish,,,
2023-12-22,CADJPY,fx,2.916666666666667,Bullish,,,
2023-12-22,CHFJPY,fx,2.0833333333333335,Bullish,,,
2023-12-22,DJIA,cross-asset,2.5,Bullish,,,
2023-12-22,SP500,cross-asset,2.5,Bullish,,,
2023-12-22,NASDAQ,cross-asset,2.5,Bullish,,,
2023-12-22,GOLD,cross-asset,3.333333333333333,Bullish,,,
2023-12-22,SILVER,cross-asset,3.333333333333333,Bullish,,,
2023-12-25,USDJPY,fx,1.4583333333333335,Bullish,,,
2023-12-25,USDCAD,fx,-1.4583333333333335,Bearish,,,
2023-12-25,AUDUSD,fx,1.7361111111111112,Bullish,,,
2023-12-25,EURJPY,fx,1.666666666666667,Bullish,,,
2023-12-25,EURAUD,fx,-1.5277777777777777,Bearish,,,
2023-12-25,GBPJPY,fx,2.0833333333333335,Bullish,,,
2023-12-25,AUDJPY,fx,3.1944444444444446,Very Bullish,,,
2023-12-25,NZDJPY,fx,2.5,Bullish,,,
2023-12-25,CADJPY,fx,2.916666666666667,Bullish,,,
2023-12-25,CHFJPY,fx,2.0833333333333335,Bullish,,,
2023-12-25,DJIA,cross-asset,2.5,Bullish,,,
2023-12-25,SP500,cross-asset,2.5,Bullish,,,
2023-12-25,NASDAQ,cross-asset,2.5,Bullish,,,
2023-12-25,GOLD,cross-asset,3.333333333333333,Bullish,,,
2023-12-25,SILVER,cross-asset,3.333333333333333,Bullish,,,
2023-12-26,USDJPY,fx,1.4583333333333335,Bullish,,,
2023-12-26,USDCAD,fx,-1.4583333333333335,Bearish,,,
2023-12-26,AUDUSD,fx,1.7361111111111112,Bullish,,,
2023-12-26,EURJPY,fx,1.666666666666667,Bullish,,,
2023-12-26,EURAUD,fx,-1.5277777777777777,Bearish,,,
2023-12-26,GBPJPY,fx,2.0833333333333335,Bullish,,,
2023-12-26,AUDJPY,fx,3.1944444444444446,Very Bullish,,,
2023-12-26,NZDJPY,fx,2.5,Bullish,,,
2023-12-26,CADJPY,fx,2.916666666666667,Bullish,,,
2023-12-26,CHFJPY,fx,2.0833333333333335,Bullish,,,
2023-12-26,DJIA,cross-asset,2.5,Bullish,,,
2023-12-26,SP500,cross-asset,2.5,Bullish,,,
2023-12-26,NASDAQ,cross-asset,2.5,Bullish,,,
2023-12-26,GOLD,cross-asset,3.333333333333333,Bullish,,,
2023-12-26,SILVER,cross-asset,3.333333333333333,Bullish,,,
2023-12-27,USDJPY,fx,1.4583333333333335,Bullish,,,
2023-12-27,USDCAD,fx,-1.4583333333333335,Bearish,,,
2023-12-27,AUDUSD,fx,1.7361111111111112,Bullish,,,
2023-12-27,EURJPY,fx,1.666666666666667,Bullish,,,
2023-12-27,EURAUD,fx,-1.5277777777777777,Bearish,,,
2023-12-27,GBPJPY,fx,2.0833333333333335,Bullish,,,
2023-12-27,AUDJPY,fx,3.1944444444444446,Very Bullish,,,
2023-12-27,NZDJPY,fx,2.5,Bullish,,,
2023-12-27,CADJPY,fx,2.916666666666667,Bullish,,,
2023-12-27,CHFJPY,fx,2.0833333333333335,Bullish,,,
2023-12-27,DJIA,cross-asset,2.5,Bullish,,,
2023-12-27,SP500,cross-asset,2.5,Bullish,,,
2023-12-27,NASDAQ,cross-asset,2.5,Bullish,,,
2023-12-27,GOLD,cross-asset,3.333333333333333,Bullish,,,
2023-12-27,SILVER,cross-asset,3.333333333333333,Bullish,,,
2023-12-28,USDJPY,fx,1.4583333333333335,Bullish,,,
2023-12-28,USDCAD,fx,-1.4583333333333335,Bearish,,,
2023-12-28,AUDUSD,fx,1.7361111111111112,Bullish,,,
2023-12-28,NZDUSD,fx,1.5972222222222223,Bullish,,,
2023-12-28,EURJPY,fx,1.666666666666667,Bullish,,,
2023-12-28,EURAUD,fx,-1.5277777777777777,Bearish,,,
2023-12-28,EURNZD,fx,-1.3888888888888888,Bearish,,,
2023-12-28,GBPJPY,fx,2.0833333333333335,Bullish,,,
2023-12-28,AUDJPY,fx,3.1944444444444446,Very Bullish,,,
2023-12-28,NZDJPY,fx,3.055555555555556,Very Bullish,,,
2023-12-28,CADJPY,fx,2.916666666666667,Bullish,,,
2023-12-28,CHFJPY,fx,2.0833333333333335,Bullish,,,
2023-12-28,DJIA,cross-asset,2.5,Bullish,,,
2023-12-28,SP500,cross-asset,2.5,Bullish,,,
2023-12-28,NASDAQ,cross-asset,2.5,Bullish,,,
2023-12-28,GOLD,cross-asset,3.333333333333333,Bullish,,,
2023-12-28,SILVER,cross-asset,3.333333333333333,Bullish,,,
2023-12-29,USDJPY,fx,1.4583333333333335,Bullish,,,
2023-12-29,USDCAD,fx,-1.4583333333333335,Bearish,,,
2023-12-29,AUDUSD,fx,1.7361111111111112,Bullish,,,
2023-12-29,NZDUSD,fx,1.5972222222222223,Bullish,,,
2023-12-29,EURJPY,fx,1.666666666666667,Bullish,,,
2023-12-29,EURAUD,fx,-1.5277777777777777,Bearish,,,
2023-12-29,EURNZD,fx,-1.3888888888888888,Bearish,,,
2023-12-29,GBPJPY,fx,2.0833333333333335,Bullish,,,
2023-12-29,AUDJPY,fx,3.1944444444444446,Very Bullish,,,
2023-12-29,NZDJPY,fx,3.055555555555556,Very Bullish,,,
2023-12-29,CADJPY,fx,2.916666666666667,Bullish,,,
2023-12-29,CHFJPY,fx,2.0833333333333335,Bullish,,,
2023-12-29,DJIA,cross-asset,2.5,Bullish,,,
2023-12-29,SP500,cross-asset,2.5,Bullish,,,
2023-12-29,NASDAQ,cross-asset,2.5,Bullish,,,
2023-12-29,GOLD,cross-asset,3.333333333333333,Bullish,,,
2023-12-29,SILVER,cross-asset,3.333333333333333,Bullish,,,
2024-01-01,US-DOLLAR,single,2.5,Bullish,,,
2024-01-01,EURUSD,fx,-1.6666666666666665,Bearish,,,
2024-01-01,GBPUSD,fx,-2.083333333333333,Bearish,,,
2024-01-01,USDJPY,fx,3.3333333333333335,Very Bullish,,,
2024-01-01,EURJPY,fx,1.666666666666667,Bullish,,,
2024-01-01,EURNZD,fx,-1.3888888888888888,Bearish,,,
2024-01-01,GBPAUD,fx,-1.6666666666666665,Bearish,,,
2024-01-01,GBPNZD,fx,-1.8055555555555554,Bearish,,,
2024-01-01,GBPCAD,fx,-1.6666666666666667,Bearish,,,
2024-01-01,AUDJPY,fx,2.916666666666667,Bullish,,,
2024-01-01,NZDJPY,fx,3.055555555555556,Very Bullish,,,
2024-01-01,CADJPY,fx,2.916666666666667,Bullish,,,
2024-01-01,CHFJPY,fx,2.0833333333333335,Bullish,,,
2024-01-01,DJIA,cross-asset,2.5,Bullish,,,
2024-01-01,SP500,cross-asset,2.5,Bullish,,,
2024-01-01,NASDAQ,cross-asset,2.5,Bullish,,,
2024-01-02,US-DOLLAR,single,2.5,Bullish,,,
2024-01-02,EURUSD,fx,-1.6666666666666665,Bearish,,,
2024-01-02,USDJPY,fx,3.3333333333333335,Very Bullish,,,
2024-01-02,EURJPY,fx,1.666666666666667,Bullish,,,
2024-01-02,EURNZD,fx,-1.3888888888888888,Bearish,,,
2024-01-02,EURCAD,fx,-1.6666666666666665,Bearish,,,
2024-01-02,GBPJPY,fx,2.0833333333333335,Bullish,,,
2024-01-02,AUDJPY,fx,2.916666666666667,Bullish,,,
2024-01-02,NZDJPY,fx,3.055555555555556,Very Bullish,,,
2024-01-02,CADJPY,fx,3.3333333333333335,Very Bullish,,,
2024-01-02,CHFJPY,fx,2.0833333333333335,Bullish,,,
2024-01-02,DJIA,cross-asset,2.5,Bullish,,,
2024-01-02,SP500,cross-asset,2.5,Bullish,,,
2024-01-02,NASDAQ,cross-asset,2.5,Bullish,,,
2024-01-03,US-DOLLAR,single,2.5,Bullish,,,
2024-01-03,EURUSD,fx,-1.6666666666666665,Bearish,,,
2024-01-03,USDJPY,fx,3.3333333333333335,Very Bullish,,,
2024-01-03,EURJPY,fx,1.666666666666667,Bullish,,,
2024-01-03,EURNZD,fx,-1.3888888888888888,Bearish,,,
2024-01-03,EURCAD,fx,-1.6666666666666665,Bearish,,,
2024-01-03,GBPJPY,fx,2.0833333333333335,Bullish,,,
2024-01-03,AUDJPY,fx,2.916666666666667,Bullish,,,
2024-01-03,NZDJPY,fx,3.055555555555556,Very Bullish,,,
2024-01-03,CADJPY,fx,3.3333333333333335,Very Bullish,,,
2024-01-03,CHFJPY,fx,2.0833333333333335,Bullish,,,
2024-01-03,DJIA,cross-asset,2.5,Bullish,,,
2024-01-03,SP500,cross-asset,2.5,Bullish,,,
2024-01-03,NASDAQ,cross-asset,2.5,Bullish,,,
2024-01-04,USDJPY,fx,2.5,Bullish,,,
2024-01-04,EURJPY,fx,1.666666666666667,Bullish,,,
2024-01-04,EURNZD,fx,-1.3888888888888888,Bearish,,,
2024-01-04,GBPJPY,fx,2.0833333333333335,Bullish,,,
2024-01-04,AUDJPY,fx,2.916666666666667,Bullish,,,
2024-01-04,NZDJPY,fx,3.055555555555556,Very Bullish,,,
2024-01-04,CADJPY,fx,2.916666666666667,Bullish,,,
2024-01-04,CHFJPY,fx,2.0833333333333335,Bullish,,,
2024-01-05,US-DOLLAR,single,1.3888888888888886,Bullish,,,
2024-01-05,USDJPY,fx,2.7777777777777777,Bullish,,,
2024-01-05,EURJPY,fx,1.666666666666667,Bullish,,,
2024-01-05,EURNZD,fx,-1.3888888888888888,Bearish,,,
2024-01-05,GBPJPY,fx,2.0833333333333335,Bullish,,,
2024-01-05,AUDJPY,fx,2.916666666666667,Bullish,,,
2024-01-05,NZDJPY,fx,3.055555555555556,Very Bullish,,,
2024-01-05,CADJPY,fx,2.916666666666667,Bullish,,,
2024-01-05,CHFJPY,fx,2.0833333333333335,Bullish,,,
2024-01-08,USDJPY,fx,3.0555555555555554,Very Bullish,,,
2024-01-08,EURJPY,fx,3.333333333333333,Very Bullish,,,
2024-01-08,GBPJPY,fx,2.5,Bullish,,,
2024-01-08,GBPCAD,fx,-1.458333333333333,Bearish,,,
2024-01-08,AUDJPY,fx,3.333333333333333,Very Bullish,,,
2024-01-08,NZDJPY,fx,3.4722222222222223,Very Bullish,,,
2024-01-08,CADJPY,fx,3.958333333333333,Very Bullish,,,
2024-01-08,CHFJPY,fx,2.5,Bullish,,,
2024-01-08,CADCHF,fx,1.458333333333333,Bullish,,,
2024-01-09,USDJPY,fx,3.0555555555555554,Very Bullish,,,
2024-01-09,EURJPY,fx,3.333333333333333,Very Bullish,,,
2024-01-09,GBPJPY,fx,2.5,Bullish,,,
2024-01-09,AUDJPY,fx,3.333333333333333,Very Bullish,,,
2024-01-09,NZDJPY,fx,3.4722222222222223,Very Bullish,,,
2024-01-09,CADJPY,fx,3.125,Very Bullish,,,
2024-01-09,CHFJPY,fx,2.5,Bullish,,,
2024-01-10,USDJPY,fx,3.4722222222222223,Very Bullish,,,
2024-01-10,EURJPY,fx,4.166666666666667,Very Bullish,,,
2024-01-10,GBPJPY,fx,2.916666666666667,Bullish,,,
2024-01-10,AUDJPY,fx,3.75,Very Bullish,,,
2024-01-10,NZDJPY,fx,3.8888888888888893,Very Bullish,,,
2024-01-10,CADJPY,fx,3.541666666666667,Very Bullish,,,
2024-01-10,CHFJPY,fx,2.916666666666667,Bullish,,,
2024-01-10,DAX,cross-asset,-3.333333333333333,Bearish,,,
2024-01-11,USDJPY,fx,3.4722222222222223,Very Bullish,,,
2024-01-11,EURJPY,fx,4.166666666666667,Very Bullish,,,
2024-01-11,GBPJPY,fx,2.916666666666667,Bullish,,,
2024-01-11,AUDJPY,fx,3.75,Very Bullish,,,
2024-01-11,NZDJPY,fx,3.8888888888888893,Very Bullish,,,
2024-01-11,CADJPY,fx,3.541666666666667,Very Bullish,,,
2024-01-11,CHFJPY,fx,2.916666666666667,Bullish,,,
2024-01-11,DAX,cross-asset,-3.333333333333333,Bearish,,,
2024-01-12,US-DOLLAR,single,2.2222222222222223,Bullish,,,
2024-01-12,USDJPY,fx,4.027777777777779,Very Bullish,,,
2024-01-12,EURJPY,fx,4.166666666666667,Very Bullish,,,
2024-01-12,GBPJPY,fx,2.916666666666667,Bullish,,,
2024-01-12,AUDJPY,fx,3.75,Very Bullish,,,
2024-01-12,NZDJPY,fx,3.8888888888888893,Very Bullish,,,
2024-01-12,CADJPY,fx,3.541666666666667,Very Bullish,,,
2024-01-12,CHFJPY,fx,2.916666666666667,Bullish,,,
2024-01-12,DAX,cross-asset,-3.333333333333333,Bearish,,,
2024-01-12,GOLD,cross-asset,-2.0,Bearish,,,
2024-01-12,SILVER,cross-asset,-2.0,Bearish,,,
2024-01-15,US-DOLLAR,single,2.2222222222222223,Bullish,,,
2024-01-15,USDJPY,fx,3.611111111111111,Very Bullish,,,
2024-01-15,EURJPY,fx,3.75,Very Bullish,,,
2024-01-15,GBPJPY,fx,4.166666666666666,Very Bullish,,,
2024-01-15,GBPCHF,fx,1.6666666666666665,Bullish,,,
2024-01-15,AUDJPY,fx,3.333333333333333,Very Bullish,,,
2024-01-15,NZDJPY,fx,3.4722222222222223,Very Bullish,,,
2024-01-15,CADJPY,fx,3.125,Very Bullish,,,
2024-01-15,CHFJPY,fx,2.5,Bullish,,,
2024-01-15,DAX,cross-asset,-3.333333333333333,Bearish,,,
2024-01-15,NIKKEI,cross-asset,5.0,Very Bullish,,,
2024-01-15,FTSE100,cross-asset,5.0,Very Bullish,0.3309736644898833,0.39281126217749707,0.420096884701852
2024-01-15,GOLD,cross-asset,-2.0,Bearish,,,
2024-01-15,SILVER,cross-asset,-2.0,Bearish,,,
2024-01-16,US-DOLLAR,single,2.2222222222222223,Bullish,,,
2024-01-16,USDJPY,fx,3.611111111111111,Very Bullish,,,
2024-01-16,EURJPY,fx,3.75,Very Bullish,,,
2024-01-16,GBPJPY,fx,4.166666666666666,Very Bullish,,,
2024-01-16,GBPCHF,fx,1.6666666666666665,Bullish,,,
2024-01-16,AUDJPY,fx,3.333333333333333,Very Bullish,,,
2024-01-16,NZDJPY,fx,3.4722222222222223,Very Bullish,,,
2024-01-16,CADJPY,fx,3.125,Very Bullish,,,
2024-01-16,CHFJPY,fx,2.5,Bullish,,,
2024-01-16,DAX,cross-asset,-3.333333333333333,Bearish,,,
2024-01-16,NIKKEI,cross-asset,5.0,Very Bullish,,,
2024-01-16,FTSE100,cross-asset,5.0,Very Bullish,0.3309736644898833,0.39281126217749707,0.420096884701852
2024-01-16,GOLD,cross-asset,-2.0,Bearish,,,
2024-01-16,SILVER,cross-asset,-2.0,Bearish,,,
2024-01-17,US-DOLLAR,single,2.2222222222222223,Bullish,,,
2024-01-17,USDJPY,fx,3.611111111111111,Very Bullish,,,
2024-01-17,EURJPY,fx,3.75,Very Bullish,,,
2024-01-17,GBPJPY,fx,3.333333333333333,Very Bullish,,,
2024-01-17,AUDJPY,fx,3.333333333333333,Very Bullish,,,
2024-01-17,NZDJPY,fx,3.4722222222222223,Very Bullish,,,
2024-01-17,CADJPY,fx,2.9166666666666665,Bullish,,,
2024-01-17,CHFJPY,fx,2.5,Bullish,,,
2024-01-17,DAX,cross-asset,-3.333333333333333,Bearish,,,
2024-01-17,NIKKEI,cross-asset,5.0,Very Bullish,,,
2024-01-17,FTSE100,cross-asset,2.5,Bullish,0.3309736644898833,0.39281126217749707,0.420096884701852
2024-01-17,GOLD,cross-asset,-2.0,Bearish,,,
2024-01-17,SILVER,cross-asset,-2.0,Bearish,,,
2024-01-18,US-DOLLAR,single,2.0833333333333335,Bullish,,,
2024-01-18,USDJPY,fx,3.541666666666667,Very Bullish,,,
2024-01-18,EURJPY,fx,3.75,Very Bullish,,,
2024-01-18,GBPJPY,fx,2.638888888888889,Bullish,,,
2024-01-18,AUDJPY,fx,3.333333333333333,Very Bullish,,,
2024-01-18,NZDJPY,fx,3.4722222222222223,Very Bullish,,,
2024-01-18,CADJPY,fx,2.638888888888889,Bullish,,,
2024-01-18,CHFJPY,fx,2.5,Bullish,,,
2024-01-18,DAX,cross-asset,-3.333333333333333,Bearish,,,
2024-01-18,NIKKEI,cross-asset,5.0,Very Bullish,,,
2024-01-18,GOLD,cross-asset,-2.0,Bearish,,,
2024-01-18,SILVER,cross-asset,-2.0,Bearish,,,
2024-01-19,US-DOLLAR,single,2.3611111111111107,Bullish,,,
2024-01-19,USDJPY,fx,2.4305555555555554,Bullish,,,
2024-01-19,EURJPY,fx,2.5,Bullish,,,
2024-01-19,GBPJPY,fx,1.3888888888888888,Bullish,,,
2024-01-19,AUDJPY,fx,1.5277777777777777,Bullish,,,
2024-01-19,NZDJPY,fx,1.3888888888888888,Bullish,,,
2024-01-19,CADJPY,fx,1.3888888888888888,Bullish,,,
2024-01-19,DAX,cross-asset,-3.333333333333333,Bearish,,,
2024-01-19,NIKKEI,cross-asset,2.5,Bullish,,,
2024-01-19,GOLD,cross-asset,-2.0,Bearish,,,
2024-01-19,SILVER,cross-asset,-2.0,Bearish,,,
2024-01-22,US-DOLLAR,single,2.3611111111111107,Bullish,,,
2024-01-22,GBPUSD,fx,-1.458333333333333,Bearish,,,
2024-01-22,USDJPY,fx,2.4305555555555554,Bullish,,,
2024-01-22,EURGBP,fx,1.5277777777777777,Bullish,,,
2024-01-22,EURJPY,fx,2.5,Bullish,,,
2024-01-22,AUDJPY,fx,1.5277777777777777,Bullish,,,
2024-01-22,NZDJPY,fx,1.3888888888888888,Bullish,,,
2024-01-22,CADJPY,fx,1.3888888888888888,Bullish,,,
2024-01-22,DAX,cross-asset,-3.333333333333333,Bearish,,,
2024-01-22,NIKKEI,cross-asset,2.5,Bullish,,,
2024-01-22,GOLD,cross-asset,-2.0,Bearish,,,
2024-01-22,SILVER,cross-asset,-2.0,Bearish,,,
2024-01-23,US-DOLLAR,single,2.3611111111111107,Bullish,,,
2024-01-23,GBPUSD,fx,-1.458333333333333,Bearish,,,
2024-01-23,USDJPY,fx,2.4305555555555554,Bullish,,,
2024-01-23,NZDUSD,fx,-1.3194444444444442,Bearish,,,
2024-01-23,EURGBP,fx,1.5277777777777777,Bullish,,,
2024-01-23,EURJPY,fx,2.5,Bullish,,,
2024-01-23,EURNZD,fx,1.3888888888888888,Bullish,,,
2024-01-23,AUDJPY,fx,1.5277777777777777,Bullish,,,
2024-01-23,CADJPY,fx,1.3888888888888888,Bullish,,,
2024-01-23,DAX,cross-asset,-3.333333333333333,Bearish,,,
2024-01-23,NIKKEI,cross-asset,2.5,Bullish,,,
2024-01-23,GOLD,cross-asset,-2.0,Bearish,,,
2024-01-23,SILVER,cross-asset,-2.0,Bearish,,,
2024-01-24,US-DOLLAR,single,2.3611111111111107,Bullish,,,
2024-01-24,GBPUSD,fx,-1.458333333333333,Bearish,,,
2024-01-24,USDJPY,fx,3.0555555555555554,Very Bullish,,,
2024-01-24,EURGBP,fx,1.5277777777777777,Bullish,,,
2024-01-24,EURJPY,fx,3.125,Very Bullish,,,
2024-01-24,GBPJPY,fx,1.5972222222222223,Bullish,,,
2024-01-24,AUDJPY,fx,2.1527777777777777,Bullish,,,
2024-01-24,NZDJPY,fx,2.1527777777777777,Bullish,,,
2024-01-24,CADJPY,fx,2.013888888888889,Bullish,,,
2024-01-24,CHFJPY,fx,1.875,Bullish,,,
2024-01-24,DAX,cross-asset,-3.333333333333333,Bearish,,,
2024-01-24,NIKKEI,cross-asset,2.5,Bullish,,,
2024-01-24,GOLD,cross-asset,-2.0,Bearish,,,
2024-01-24,SILVER,cross-asset,-2.0,Bearish,,,
2024-01-25,US-DOLLAR,single,2.3611111111111107,Bullish,,,
2024-01-25,GBPUSD,fx,-1.458333333333333,Bearish,,,
2024-01-25,USDJPY,fx,3.0555555555555554,Very Bullish,,,
2024-01-25,EURGBP,fx,1.5277777777777777,Bullish,,,
2024-01-25,EURJPY,fx,3.125,Very Bullish,,,
2024-01-25,GBPJPY,fx,1.5972222222222223,Bullish,,,
2024-01-25,AUDJPY,fx,2.1527777777777777,Bullish,,,
2024-01-25,NZDJPY,fx,2.1527777777777777,Bullish,,,
2024-01-25,CADJPY,fx,2.013888888888889,Bullish,,,
2024-01-25,CHFJPY,fx,1.875,Bullish,,,
2024-01-25,DAX,cross-asset,-3.333333333333333,Bearish,,,
2024-01-25,NIKKEI,cross-asset,2.5,Bullish,,,
2024-01-25,GOLD,cross-asset,-2.0,Bearish,,,
2024-01-25,SILVER,cross-asset,-2.0,Bearish,,,
2024-01-26,US-DOLLAR,single,1.9444444444444442,Bullish,,,
2024-01-26,USDJPY,fx,2.8472222222222223,Bullish,,,
2024-01-26,EURGBP,fx,1.5277777777777777,Bullish,,,
2024-01-26,EURJPY,fx,3.125,Very Bullish,,,
2024-01-26,GBPJPY,fx,1.5972222222222223,Bullish,,,
2024-01-26,AUDJPY,fx,2.1527777777777777,Bullish,,,
2024-01-26,NZDJPY,fx,2.1527777777777777,Bullish,,,
2024-01-26,CADJPY,fx,2.013888888888889,Bullish,,,
2024-01-26,CHFJPY,fx,1.875,Bullish,,,
2024-01-26,DAX,cross-asset,-3.333333333333333,Bearish,,,
2024-01-26,NIKKEI,cross-asset,2.5,Bullish,,,
2024-01-26,GOLD,cross-asset,-2.0,Bearish,,,
2024-01-26,SILVER,cross-asset,-2.0,Bearish,,,
2024-01-29,US-DOLLAR,single,1.6666666666666665,Bullish,,,
2024-01-29,USDJPY,fx,2.708333333333333,Bullish,,,
2024-01-29,EURGBP,fx,1.5277777777777777,Bullish,,,
2024-01-29,EURJPY,fx,3.125,Very Bullish,,,
2024-01-29,GBPJPY,fx,1.5972222222222223,Bullish,,,
2024-01-29,AUDJPY,fx,2.1527777777777777,Bullish,,,
2024-01-29,NZDJPY,fx,2.1527777777777777,Bullish,,,
2024-01-29,CADJPY,fx,2.013888888888889,Bullish,,,
2024-01-29,CHFJPY,fx,1.875,Bullish,,,
2024-01-29,DAX,cross-asset,-3.333333333333333,Bearish,,,
2024-01-29,NIKKEI,cross-asset,2.5,Bullish,,,
2024-01-30,US-DOLLAR,single,1.6666666666666665,Bullish,,,
2024-01-30,USDJPY,fx,2.083333333333333,Bullish,,,
2024-01-30,EURGBP,fx,1.5277777777777777,Bullish,,,
2024-01-30,EURJPY,fx,2.5,Bullish,,,
2024-01-30,AUDJPY,fx,1.5277777777777777,Bullish,,,
2024-01-30,NZDJPY,fx,1.5277777777777777,Bullish,,,
2024-01-30,CADJPY,fx,1.3888888888888888,Bullish,,,
2024-01-30,DAX,cross-asset,-3.333333333333333,Bearish,,,
2024-01-31,US-DOLLAR,single,1.6666666666666665,Bullish,,,
2024-01-31,USDJPY,fx,2.083333333333333,Bullish,,,
2024-01-31,AUDUSD,fx,-1.3888888888888888,Bearish,,,
2024-01-31,EURGBP,fx,1.5277777777777777,Bullish,,,
2024-01-31,EURJPY,fx,2.5,Bullish,,,
2024-01-31,EURAUD,fx,1.8055555555555556,Bullish,,,
2024-01-31,NZDJPY,fx,1.5277777777777777,Bullish,,,
2024-01-31,CADJPY,fx,1.3888888888888888,Bullish,,,
2024-01-31,DAX,cross-asset,-3.333333333333333,Bearish,,,
2024-02-01,US-DOLLAR,single,1.6666666666666665,Bullish,,,
2024-02-01,USDJPY,fx,2.083333333333333,Bullish,,,
2024-02-01,USDCHF,fx,1.6666666666666665,Bullish,,,
2024-02-01,AUDUSD,fx,-2.5,Bearish,,,
2024-02-01,EURGBP,fx,1.5277777777777777,Bullish,,,
2024-02-01,EURJPY,fx,2.5,Bullish,,,
2024-02-01,EURCHF,fx,2.083333333333333,Bullish,,,
2024-02-01,EURAUD,fx,2.9166666666666665,Bullish,,,
2024-02-01,GBPAUD,fx,1.3888888888888888,Bullish,,,
2024-02-01,NZDJPY,fx,1.5277777777777777,Bullish,,,
2024-02-01,CADJPY,fx,1.9444444444444442,Bullish,,,
2024-02-01,AUDNZD,fx,-1.9444444444444442,Bearish,,,
2024-02-01,AUDCAD,fx,-2.3611111111111107,Bearish,,,
2024-02-01,CADCHF,fx,1.5277777777777777,Bullish,,,
2024-02-01,DAX,cross-asset,-3.333333333333333,Bearish,,,
2024-02-02,US-DOLLAR,single,2.5,Bullish,,,
2024-02-02,GBPUSD,fx,-1.5277777777777777,Bearish,,,
2024-02-02,USDJPY,fx,2.5,Bullish,,,
2024-02-02,USDCHF,fx,2.083333333333333,Bullish,,,
2024-02-02,AUDUSD,fx,-2.9166666666666665,Bearish,,,
2024-02-02,EURJPY,fx,2.083333333333333,Bullish,,,
2024-02-02,EURCHF,fx,1.6666666666666665,Bullish,,,
2024-02-02,EURAUD,fx,2.5,Bullish,,,
2024-02-02,GBPAUD,fx,1.3888888888888888,Bullish,,,
2024-02-02,NZDJPY,fx,1.5277777777777777,Bullish,,,
2024-02-02,CADJPY,fx,1.9444444444444442,Bullish,,,
2024-02-02,AUDNZD,fx,-1.9444444444444442,Bearish,,,
2024-02-02,AUDCAD,fx,-2.3611111111111107,Bearish,,,
2024-02-02,CADCHF,fx,1.5277777777777777,Bullish,,,
2024-02-05,US-DOLLAR,single,3.333333333333333,Very Bullish,,,
2024-02-05,GBPUSD,fx,-1.9444444444444442,Bearish,,,
2024-02-05,USDJPY,fx,2.9166666666666665,Bullish,,,
2024-02-05,USDCHF,fx,2.5,Bullish,,,
2024-02-05,AUDUSD,fx,-4.444444444444445,Very Bearish,,,
2024-02-05,NZDUSD,fx,-1.3888888888888888,Bearish,,,
2024-02-05,EURJPY,fx,2.083333333333333,Bullish,,,
2024-02-05,EURCHF,fx,1.6666666666666665,Bullish,,,
2024-02-05,EURAUD,fx,3.6111111111111107,Very Bullish,,,
2024-02-05,GBPAUD,fx,2.5,Bullish,,,
2024-02-05,AUDJPY,fx,-1.5277777777777777,Bearish,,,
2024-02-05,NZDJPY,fx,1.5277777777777777,Bullish,,,
2024-02-05,CADJPY,fx,1.9444444444444442,Bullish,,,
2024-02-05,AUDNZD,fx,-3.0555555555555554,Very Bearish,,,
2024-02-05,AUDCAD,fx,-3.472222222222222,Very Bearish,,,
2024-02-05,AUDCHF,fx,-1.9444444444444444,Bearish,,,
2024-02-05,CADCHF,fx,1.5277777777777777,Bullish,,,
2024-02-06,US-DOLLAR,single,3.333333333333333,Very Bullish,,,
2024-02-06,GBPUSD,fx,-1.9444444444444442,Bearish,,,
2024-02-06,USDJPY,fx,2.2916666666666665,Bullish,,,
2024-02-06,USDCHF,fx,2.5,Bullish,,,
2024-02-06,AUDUSD,fx,-4.444444444444445,Very Bearish,,,
2024-02-06,NZDUSD,fx,-1.3888888888888888,Bearish,,,
2024-02-06,EURJPY,fx,1.4583333333333333,Bullish,,,
2024-02-06,EURCHF,fx,1.6666666666666665,Bullish,,,
2024-02-06,EURAUD,fx,3.6111111111111107,Very Bullish,,,
2024-02-06,GBPAUD,fx,2.5,Bullish,,,
2024-02-06,AUDJPY,fx,-2.1527777777777777,Bearish,,,
2024-02-06,CADJPY,fx,1.3194444444444442,Bullish,,,
2024-02-06,AUDNZD,fx,-3.0555555555555554,Very Bearish,,,
2024-02-06,AUDCAD,fx,-3.472222222222222,Very Bearish,,,
2024-02-06,AUDCHF,fx,-1.9444444444444444,Bearish,,,
2024-02-06,CADCHF,fx,1.5277777777777777,Bullish,,,
2024-02-07,US-DOLLAR,single,3.333333333333333,Very Bullish,,,
2024-02-07,GBPUSD,fx,-1.9444444444444442,Bearish,,,
2024-02-07,USDJPY,fx,2.2916666666666665,Bullish,,,
2024-02-07,USDCHF,fx,2.5,Bullish,,,
2024-02-07,AUDUSD,fx,-4.444444444444445,Very Bearish,,,
2024-02-07,EURJPY,fx,1.4583333333333333,Bullish,,,
2024-02-07,EURCHF,fx,1.6666666666666665,Bullish,,,
2024-02-07,EURAUD,fx,3.6111111111111107,Very Bullish,,,
2024-02-07,EURNZD,fx,-1.944444444444444,Bearish,,,
2024-02-07,GBPAUD,fx,2.5,Bullish,,,
2024-02-07,GBPNZD,fx,-3.055555555555555,Very Bearish,,,
2024-02-07,AUDJPY,fx,-2.1527777777777777,Bearish,,,
2024-02-07,NZDJPY,fx,3.4027777777777772,Very Bullish,,,
2024-02-07,CADJPY,fx,1.3194444444444442,Bullish,,,
2024-02-07,AUDNZD,fx,-5.555555555555555,Very Bearish,,,
2024-02-07,AUDCAD,fx,-3.472222222222222,Very Bearish,,,
2024-02-07,AUDCHF,fx,-1.9444444444444444,Bearish,,,
2024-02-07,NZDCAD,fx,2.083333333333333,Bullish,,,
2024-02-07,NZDCHF,fx,3.6111111111111107,Very Bullish,,,
2024-02-07,CADCHF,fx,1.5277777777777777,Bullish,,,
2024-02-08,US-DOLLAR,single,3.333333333333333,Very Bullish,,,
2024-02-08,GBPUSD,fx,-1.9444444444444442,Bearish,,,
2024-02-08,USDJPY,fx,2.2916666666666665,Bullish,,,
2024-02-08,USDCHF,fx,2.5,Bullish,,,
2024-02-08,AUDUSD,fx,-4.444444444444445,Very Bearish,,,
2024-02-08,EURJPY,fx,1.4583333333333333,Bullish,,,
2024-02-08,EURCHF,fx,1.6666666666666665,Bullish,,,
2024-02-08,EURAUD,fx,3.6111111111111107,Very Bullish,,,
2024-02-08,EURNZD,fx,-1.944444444444444,Bearish,,,
2024-02-08,GBPAUD,fx,2.5,Bullish,,,
2024-02-08,GBPNZD,fx,-3.055555555555555,Very Bearish,,,
2024-02-08,AUDJPY,fx,-2.1527777777777777,Bearish,,,
2024-02-08,NZDJPY,fx,3.4027777777777772,Very Bullish,,,
2024-02-08,CADJPY,fx,1.3194444444444442,Bullish,,,
2024-02-08,AUDNZD,fx,-5.555555555555555,Very Bearish,,,
2024-02-08,AUDCAD,fx,-3.472222222222222,Very Bearish,,,
2024-02-08,AUDCHF,fx,-1.9444444444444444,Bearish,,,
2024-02-08,NZDCAD,fx,2.083333333333333,Bullish,,,
2024-02-08,NZDCHF,fx,3.6111111111111107,Very Bullish,,,
2024-02-08,CADCHF,fx,1.5277777777777777,Bullish,,,
2024-02-09,US-DOLLAR,single,3.611111111111111,Very Bullish,,,
2024-02-09,GBPUSD,fx,-2.0833333333333335,Bearish,,,
2024-02-09,USDJPY,fx,2.4305555555555554,Bullish,,,
2024-02-09,USDCHF,fx,2.638888888888889,Bullish,,,
2024-02-09,AUDUSD,fx,-4.583333333333333,Very Bearish,,,
2024-02-09,EURJPY,fx,1.4583333333333333,Bullish,,,
2024-02-09,EURCHF,fx,1.6666666666666665,Bullish,,,
2024-02-09,EURAUD,fx,3.6111111111111107,Very Bullish,,,
2024-02-09,EURNZD,fx,-1.944444444444444,Bearish,,,
2024-02-09,GBPAUD,fx,2.5,Bullish,,,
2024-02-09,GBPNZD,fx,-3.055555555555555,Very Bearish,,,
2024-02-09,AUDJPY,fx,-2.1527777777777777,Bearish,,,
2024-02-09,NZDJPY,fx,3.4027777777777772,Very Bullish,,,
2024-02-09,CADJPY,fx,1.3194444444444442,Bullish,,,
2024-02-09,AUDNZD,fx,-5.555555555555555,Very Bearish,,,
2024-02-09,AUDCAD,fx,-3.472222222222222,Very Bearish,,,
2024-02-09,AUDCHF,fx,-1.9444444444444444,Bearish,,,
2024-02-09,NZDCAD,fx,2.083333333333333,Bullish,,,
2024-02-09,NZDCHF,fx,3.6111111111111107,Very Bullish,,,
2024-02-09,CADCHF,fx,1.5277777777777777,Bullish,,,
2024-02-09,DJIA,cross-asset,3.333333333333333,Bullish,,,
2024-02-09,SP500,cross-asset,3.333333333333333,Bullish,,,
2024-02-09,NASDAQ,cross-asset,3.333333333333333,Bullish,,,
2024-02-09,GOLD,cross-asset,-3.0,Bearish,,,
2024-02-09,SILVER,cross-asset,-3.0,Bearish,,,
2024-02-12,US-DOLLAR,single,3.611111111111111,Very Bullish,,,
2024-02-12,GBPUSD,fx,-2.0833333333333335,Bearish,,,
2024-02-12,USDJPY,fx,2.4305555555555554,Bullish,,,
2024-02-12,USDCHF,fx,2.638888888888889,Bullish,,,
2024-02-12,AUDUSD,fx,-4.583333333333333,Very Bearish,,,
2024-02-12,EURJPY,fx,1.4583333333333333,Bullish,,,
2024-02-12,EURCHF,fx,1.6666666666666665,Bullish,,,
2024-02-12,EURAUD,fx,3.6111111111111107,Very Bullish,,,
2024-02-12,EURNZD,fx,-1.944444444444444,Bearish,,,
2024-02-12,GBPAUD,fx,2.5,Bullish,,,
2024-02-12,GBPNZD,fx,-3.055555555555555,Very Bearish,,,
2024-02-12,GBPCAD,fx,-1.3888888888888888,Bearish,,,
2024-02-12,AUDJPY,fx,-2.1527777777777777,Bearish,,,
2024-02-12,NZDJPY,fx,3.4027777777777772,Very Bullish,,,
2024-02-12,CADJPY,fx,1.7361111111111112,Bullish,,,
2024-02-12,AUDNZD,fx,-5.555555555555555,Very Bearish,,,
2024-02-12,AUDCAD,fx,-3.888888888888889,Very Bearish,,,
2024-02-12,AUDCHF,fx,-1.9444444444444444,Bearish,,,
2024-02-12,NZDCAD,fx,1.666666666666666,Bullish,,,
2024-02-12,NZDCHF,fx,3.6111111111111107,Very Bullish,,,
2024-02-12,CADCHF,fx,1.9444444444444444,Bullish,,,
2024-02-12,DJIA,cross-asset,3.333333333333333,Bullish,,,
2024-02-12,SP500,cross-asset,3.333333333333333,Bullish,,,
2024-02-12,NASDAQ,cross-asset,3.333333333333333,Bullish,,,
2024-02-12,GOLD,cross-asset,-3.0,Bearish,,,
2024-02-12,SILVER,cross-asset,-3.0,Bearish,,,
2024-02-13,US-DOLLAR,single,3.611111111111111,Very Bullish,,,
2024-02-13,GBPUSD,fx,-2.0833333333333335,Bearish,,,
2024-02-13,USDJPY,fx,2.4305555555555554,Bullish,,,
2024-02-13,USDCHF,fx,2.638888888888889,Bullish,,,
2024-02-13,AUDUSD,fx,-4.583333333333333,Very Bearish,,,
2024-02-13,EURJPY,fx,1.4583333333333333,Bullish,,,
2024-02-13,EURCHF,fx,1.6666666666666665,Bullish,,,
2024-02-13,EURAUD,fx,3.6111111111111107,Very Bullish,,,
2024-02-13,EURNZD,fx,-1.944444444444444,Bearish,,,
2024-02-13,GBPAUD,fx,2.5,Bullish,,,
2024-02-13,GBPNZD,fx,-3.055555555555555,Very Bearish,,,
2024-02-13,GBPCAD,fx,-1.3888888888888888,Bearish,,,
2024-02-13,AUDJPY,fx,-2.1527777777777777,Bearish,,,
2024-02-13,NZDJPY,fx,3.4027777777777772,Very Bullish,,,
2024-02-13,CADJPY,fx,1.7361111111111112,Bullish,,,
2024-02-13,AUDNZD,fx,-5.555555555555555,Very Bearish,,,
2024-02-13,AUDCAD,fx,-3.888888888888889,Very Bearish,,,
2024-02-13,AUDCHF,fx,-1.9444444444444444,Bearish,,,
2024-02-13,NZDCAD,fx,1.666666666666666,Bullish,,,
2024-02-13,NZDCHF,fx,3.6111111111111107,Very Bullish,,,
2024-02-13,CADCHF,fx,1.9444444444444444,Bullish,,,
2024-02-13,DJIA,cross-asset,3.333333333333333,Bullish,,,
2024-02-13,SP500,cross-asset,3.333333333333333,Bullish,,,
2024-02-13,NASDAQ,cross-asset,3.333333333333333,Bullish,,,
2024-02-13,GOLD,cross-asset,-3.0,Bearish,,,
2024-02-13,SILVER,cross-asset,-3.0,Bearish,,,
2024-02-14,US-DOLLAR,single,3.611111111111111,Very Bullish,,,
2024-02-14,GBPUSD,fx,-1.8055555555555556,Bearish,,,
2024-02-14,USDJPY,fx,2.4305555555555554,Bullish,,,
2024-02-14,USDCHF,fx,3.4722222222222223,Very Bullish,,,
2024-02-14,AUDUSD,fx,-4.583333333333333,Very Bearish,,,
2024-02-14,EURJPY,fx,1.4583333333333333,Bullish,,,
2024-02-14,EURCHF,fx,2.5,Bullish,,,
2024-02-14,EURAUD,fx,3.6111111111111107,Very Bullish,,,
2024-02-14,EURNZD,fx,-1.944444444444444,Bearish,,,
2024-02-14,GBPCHF,fx,1.6666666666666665,Bullish,,,
2024-02-14,GBPAUD,fx,2.7777777777777777,Bullish,,,
2024-02-14,GBPNZD,fx,-2.7777777777777772,Bearish,,,
2024-02-14,AUDJPY,fx,-2.1527777777777777,Bearish,,,
2024-02-14,NZDJPY,fx,3.4027777777777772,Very Bullish,,,
2024-02-14,CADJPY,fx,1.7361111111111112,Bullish,,,
2024-02-14,AUDNZD,fx,-5.555555555555555,Very Bearish,,,
2024-02-14,AUDCAD,fx,-3.888888888888889,Very Bearish,,,
2024-02-14,NZDCAD,fx,1.666666666666666,Bullish,,,
2024-02-14,NZDCHF,fx,4.444444444444444,Very Bullish,,,
2024-02-14,CADCHF,fx,2.7777777777777777,Bullish,,,
2024-02-14,DJIA,cross-asset,3.333333333333333,Bullish,,,
2024-02-14,SP500,cross-asset,3.333333333333333,Bullish,,,
2024-02-14,NASDAQ,cross-asset,3.333333333333333,Bullish,,,
2024-02-14,GOLD,cross-asset,-3.0,Bearish,,,
2024-02-14,SILVER,cross-asset,-3.0,Bearish,,,
2024-02-15,US-DOLLAR,single,3.611111111111111,Very Bullish,,,
2024-02-15,EURUSD,fx,-1.8055555555555556,Bearish,,,
2024-02-15,GBPUSD,fx,-1.5277777777777777,Bearish,,,
2024-02-15,USDJPY,fx,2.4305555555555554,Bullish,,,
2024-02-15,USDCHF,fx,3.4722222222222223,Very Bullish,,,
2024-02-15,AUDUSD,fx,-4.583333333333333,Very Bearish,,,
2024-02-15,EURCHF,fx,1.6666666666666665,Bullish,,,
2024-02-15,EURAUD,fx,2.7777777777777777,Bullish,,,
2024-02-15,EURNZD,fx,-2.7777777777777772,Bearish,,,
2024-02-15,GBPCHF,fx,1.9444444444444442,Bullish,,,
2024-02-15,GBPAUD,fx,3.0555555555555554,Very Bullish,,,
2024-02-15,GBPNZD,fx,-2.4999999999999996,Bearish,,,
2024-02-15,AUDJPY,fx,-2.1527777777777777,Bearish,,,
2024-02-15,NZDJPY,fx,3.4027777777777772,Very Bullish,,,
2024-02-15,CADJPY,fx,1.7361111111111112,Bullish,,,
2024-02-15,AUDNZD,fx,-5.555555555555555,Very Bearish,,,
2024-02-15,AUDCAD,fx,-3.888888888888889,Very Bearish,,,
2024-02-15,NZDCAD,fx,1.666666666666666,Bullish,,,
2024-02-15,NZDCHF,fx,4.444444444444444,Very Bullish,,,
2024-02-15,CADCHF,fx,2.7777777777777777,Bullish,,,
2024-02-15,DJIA,cross-asset,3.333333333333333,Bullish,,,
2024-02-15,SP500,cross-asset,3.333333333333333,Bullish,,,
2024-02-15,NASDAQ,cross-asset,3.333333333333333,Bullish,,,
2024-02-15,GOLD,cross-asset,-3.0,Bearish,,,
2024-02-15,SILVER,cross-asset,-3.0,Bearish,,,
2024-02-16,US-DOLLAR,single,3.194444444444444,Very Bullish,,,
2024-02-16,EURUSD,fx,-1.597222222222222,Bearish,,,
2024-02-16,GBPUSD,fx,-1.3194444444444442,Bearish,,,
2024-02-16,USDJPY,fx,2.2222222222222223,Bullish,,,
2024-02-16,USDCHF,fx,3.6805555555555554,Very Bullish,,,
2024-02-16,AUDUSD,fx,-4.097222222222222,Very Bearish,,,
2024-02-16,EURCHF,fx,2.0833333333333335,Bullish,,,
2024-02-16,EURAUD,fx,2.5000000000000004,Bullish,,,
2024-02-16,EURNZD,fx,-2.7777777777777772,Bearish,,,
2024-02-16,GBPCHF,fx,2.361111111111111,Bullish,,,
2024-02-16,GBPAUD,fx,2.777777777777778,Bullish,,,
2024-02-16,GBPNZD,fx,-2.4999999999999996,Bearish,,,
2024-02-16,AUDJPY,fx,-1.8750000000000004,Bearish,,,
2024-02-16,NZDJPY,fx,3.4027777777777772,Very Bullish,,,
2024-02-16,CADJPY,fx,1.7361111111111112,Bullish,,,
2024-02-16,CHFJPY,fx,-1.4583333333333335,Bearish,,,
2024-02-16,AUDNZD,fx,-5.277777777777778,Very Bearish,,,
2024-02-16,AUDCAD,fx,-3.6111111111111116,Very Bearish,,,
2024-02-16,NZDCAD,fx,1.666666666666666,Bullish,,,
2024-02-16,NZDCHF,fx,4.861111111111111,Very Bullish,,,
2024-02-16,CADCHF,fx,3.1944444444444446,Very Bullish,,,
2024-02-16,DJIA,cross-asset,3.333333333333333,Bullish,,,
2024-02-16,SP500,cross-asset,3.333333333333333,Bullish,,,
2024-02-16,NASDAQ,cross-asset,3.333333333333333,Bullish,,,
2024-02-16,GOLD,cross-asset,-3.0,Bearish,,,
2024-02-16,SILVER,cross-asset,-3.0,Bearish,,,
2024-02-19,US-DOLLAR,single,3.194444444444444,Very Bullish,,,
2024-02-19,EURUSD,fx,-1.597222222222222,Bearish,,,
2024-02-19,USDJPY,fx,2.2222222222222223,Bullish,,,
2024-02-19,USDCHF,fx,3.6805555555555554,Very Bullish,,,
2024-02-19,AUDUSD,fx,-4.097222222222222,Very Bearish,,,
2024-02-19,EURCHF,fx,2.0833333333333335,Bullish,,,
2024-02-19,EURAUD,fx,2.5000000000000004,Bullish,,,
2024-02-19,EURNZD,fx,-2.7777777777777772,Bearish,,,
2024-02-19,GBPJPY,fx,1.7361111111111112,Bullish,,,
2024-02-19,GBPCHF,fx,3.1944444444444446,Very Bullish,,,
2024-02-19,GBPAUD,fx,3.6111111111111116,Very Bullish,,,
2024-02-19,GBPNZD,fx,-1.666666666666666,Bearish,,,
2024-02-19,AUDJPY,fx,-1.8750000000000004,Bearish,,,
2024-02-19,NZDJPY,fx,3.4027777777777772,Very Bullish,,,
2024-02-19,CADJPY,fx,1.7361111111111112,Bullish,,,
2024-02-19,CHFJPY,fx,-1.4583333333333335,Bearish,,,
2024-02-19,AUDNZD,fx,-5.277777777777778,Very Bearish,,,
2024-02-19,AUDCAD,fx,-3.6111111111111116,Very Bearish,,,
2024-02-19,NZDCAD,fx,1.666666666666666,Bullish,,,
2024-02-19,NZDCHF,fx,4.861111111111111,Very Bullish,,,
2024-02-19,CADCHF,fx,3.1944444444444446,Very Bullish,,,
2024-02-19,DJIA,cross-asset,3.333333333333333,Bullish,,,
2024-02-19,SP500,cross-asset,3.333333333333333,Bullish,,,
2024-02-19,NASDAQ,cross-asset,3.333333333333333,Bullish,,,
2024-02-19,GOLD,cross-asset,-3.0,Bearish,,,
2024-02-19,SILVER,cross-asset,-3.0,Bearish,,,
2024-02-20,US-DOLLAR,single,3.194444444444444,Very Bullish,,,
2024-02-20,EURUSD,fx,-1.597222222222222,Bearish,,,
2024-02-20,USDJPY,fx,2.2222222222222223,Bullish,,,
2024-02-20,USDCHF,fx,3.6805555555555554,Very Bullish,,,
2024-02-20,AUDUSD,fx,-4.097222222222222,Very Bearish,,,
2024-02-20,EURCHF,fx,2.0833333333333335,Bullish,,,
2024-02-20,EURAUD,fx,2.5000000000000004,Bullish,,,
2024-02-20,EURNZD,fx,-2.7777777777777772,Bearish,,,
2024-02-20,EURCAD,fx,-1.3888888888888886,Bearish,,,
2024-02-20,GBPJPY,fx,1.7361111111111112,Bullish,,,
2024-02-20,GBPCHF,fx,3.1944444444444446,Very Bullish,,,
2024-02-20,GBPAUD,fx,3.6111111111111116,Very Bullish,,,
2024-02-20,GBPNZD,fx,-1.666666666666666,Bearish,,,
2024-02-20,AUDJPY,fx,-1.8750000000000004,Bearish,,,
2024-02-20,NZDJPY,fx,3.4027777777777772,Very Bullish,,,
2024-02-20,CADJPY,fx,2.0138888888888884,Bullish,,,
2024-02-20,CHFJPY,fx,-1.4583333333333335,Bearish,,,
2024-02-20,AUDNZD,fx,-5.277777777777778,Very Bearish,,,
2024-02-20,AUDCAD,fx,-3.8888888888888893,Very Bearish,,,
2024-02-20,NZDCAD,fx,1.3888888888888886,Bullish,,,
2024-02-20,NZDCHF,fx,4.861111111111111,Very Bullish,,,
2024-02-20,CADCHF,fx,3.4722222222222223,Very Bullish,,,
2024-02-20,DJIA,cross-asset,3.333333333333333,Bullish,,,
2024-02-20,SP500,cross-asset,3.333333333333333,Bullish,,,
2024-02-20,NASDAQ,cross-asset,3.333333333333333,Bullish,,,
2024-02-20,GOLD,cross-asset,-3.0,Bearish,,,
2024-02-20,SILVER,cross-asset,-3.0,Bearish,,,
2024-02-21,US-DOLLAR,single,3.194444444444444,Very Bullish,,,
2024-02-21,EURUSD,fx,-1.597222222222222,Bearish,,,
2024-02-21,USDJPY,fx,2.2222222222222223,Bullish,,,
2024-02-21,USDCHF,fx,3.6805555555555554,Very Bullish,,,
2024-02-21,AUDUSD,fx,-4.097222222222222,Very Bearish,,,
2024-02-21,EURCHF,fx,2.0833333333333335,Bullish,,,
2024-02-21,EURAUD,fx,2.5000000000000004,Bullish,,,
2024-02-21,EURNZD,fx,-2.7777777777777772,Bearish,,,
2024-02-21,EURCAD,fx,-1.3888888888888886,Bearish,,,
2024-02-21,GBPJPY,fx,1.7361111111111112,Bullish,,,
2024-02-21,GBPCHF,fx,3.1944444444444446,Very Bullish,,,
2024-02-21,GBPAUD,fx,3.6111111111111116,Very Bullish,,,
2024-02-21,GBPNZD,fx,-1.666666666666666,Bearish,,,
2024-02-21,AUDJPY,fx,-1.8750000000000004,Bearish,,,
2024-02-21,NZDJPY,fx,3.4027777777777772,Very Bullish,,,
2024-02-21,CADJPY,fx,2.0138888888888884,Bullish,,,
2024-02-21,CHFJPY,fx,-1.4583333333333335,Bearish,,,
2024-02-21,AUDNZD,fx,-5.277777777777778,Very Bearish,,,
2024-02-21,AUDCAD,fx,-3.8888888888888893,Very Bearish,,,
2024-02-21,NZDCAD,fx,1.3888888888888886,Bullish,,,
2024-02-21,NZDCHF,fx,4.861111111111111,Very Bullish,,,
2024-02-21,CADCHF,fx,3.4722222222222223,Very Bullish,,,
2024-02-21,DJIA,cross-asset,3.333333333333333,Bullish,,,
2024-02-21,SP500,cross-asset,3.333333333333333,Bullish,,,
2024-02-21,NASDAQ,cross-asset,3.333333333333333,Bullish,,,
2024-02-21,GOLD,cross-asset,-3.0,Bearish,,,
2024-02-21,SILVER,cross-asset,-3.0,Bearish,,,
2024-02-22,US-DOLLAR,single,3.194444444444444,Very Bullish,,,
2024-02-22,EURUSD,fx,-1.597222222222222,Bearish,,,
2024-02-22,USDJPY,fx,2.2222222222222223,Bullish,,,
2024-02-22,USDCHF,fx,3.6805555555555554,Very Bullish,,,
2024-02-22,AUDUSD,fx,-4.097222222222222,Very Bearish,,,
2024-02-22,EURCHF,fx,2.0833333333333335,Bullish,,,
2024-02-22,EURAUD,fx,2.5000000000000004,Bullish,,,
2024-02-22,EURNZD,fx,-2.7777777777777772,Bearish,,,
2024-02-22,EURCAD,fx,-1.3888888888888886,Bearish,,,
2024-02-22,GBPJPY,fx,1.7361111111111112,Bullish,,,
2024-02-22,GBPCHF,fx,3.1944444444444446,Very Bullish,,,
2024-02-22,GBPAUD,fx,3.6111111111111116,Very Bullish,,,
2024-02-22,GBPNZD,fx,-1.666666666666666,Bearish,,,
2024-02-22,AUDJPY,fx,-1.8750000000000004,Bearish,,,
2024-02-22,NZDJPY,fx,3.4027777777777772,Very Bullish,,,
2024-02-22,CADJPY,fx,2.0138888888888884,Bullish,,,
2024-02-22,CHFJPY,fx,-1.4583333333333335,Bearish,,,
2024-02-22,AUDNZD,fx,-5.277777777777778,Very Bearish,,,
2024-02-22,AUDCAD,fx,-3.8888888888888893,Very Bearish,,,
2024-02-22,NZDCAD,fx,1.3888888888888886,Bullish,,,
2024-02-22,NZDCHF,fx,4.861111111111111,Very Bullish,,,
2024-02-22,CADCHF,fx,3.4722222222222223,Very Bullish,,,
2024-02-22,DJIA,cross-asset,3.333333333333333,Bullish,,,
2024-02-22,SP500,cross-asset,3.333333333333333,Bullish,,,
2024-02-22,NASDAQ,cross-asset,3.333333333333333,Bullish,,,
2024-02-22,GOLD,cross-asset,-3.0,Bearish,,,
2024-02-22,SILVER,cross-asset,-3.0,Bearish,,,
2024-02-23,US-DOLLAR,single,3.4722222222222228,Very Bullish,,,
2024-02-23,EURUSD,fx,-1.7361111111111114,Bearish,,,
2024-02-23,USDJPY,fx,2.3611111111111116,Bullish,,,
2024-02-23,USDCHF,fx,3.8194444444444446,Very Bullish,,,
2024-02-23,AUDUSD,fx,-4.236111111111112,Very Bearish,,,
2024-02-23,EURCHF,fx,2.0833333333333335,Bullish,,,
2024-02-23,EURAUD,fx,2.5000000000000004,Bullish,,,
2024-02-23,EURNZD,fx,-1.6666666666666665,Bearish,,,
2024-02-23,EURCAD,fx,-1.3888888888888886,Bearish,,,
2024-02-23,GBPJPY,fx,1.7361111111111112,Bullish,,,
2024-02-23,GBPCHF,fx,3.1944444444444446,Very Bullish,,,
2024-02-23,GBPAUD,fx,3.6111111111111116,Very Bullish,,,
2024-02-23,AUDJPY,fx,-1.8750000000000004,Bearish,,,
2024-02-23,NZDJPY,fx,2.2916666666666665,Bullish,,,
2024-02-23,CADJPY,fx,2.0138888888888884,Bullish,,,
2024-02-23,CHFJPY,fx,-1.4583333333333335,Bearish,,,
2024-02-23,AUDNZD,fx,-4.166666666666667,Very Bearish,,,
2024-02-23,AUDCAD,fx,-3.8888888888888893,Very Bearish,,,
2024-02-23,NZDCHF,fx,3.75,Very Bullish,,,
2024-02-23,CADCHF,fx,3.4722222222222223,Very Bullish,,,
2024-02-23,DJIA,cross-asset,3.333333333333333,Bullish,,,
2024-02-23,SP500,cross-asset,3.333333333333333,Bullish,,,
2024-02-23,NASDAQ,cross-asset,3.333333333333333,Bullish,,,
2024-02-23,GOLD,cross-asset,-3.0,Bearish,,,
2024-02-23,SILVER,cross-asset,-3.0,Bearish,,,
2024-02-26,US-DOLLAR,single,3.4722222222222228,Very Bullish,,,
2024-02-26,EURUSD,fx,-1.7361111111111114,Bearish,,,
2024-02-26,USDJPY,fx,2.3611111111111116,Bullish,,,
2024-02-26,USDCHF,fx,3.8194444444444446,Very Bullish,,,
2024-02-26,AUDUSD,fx,-4.236111111111112,Very Bearish,,,
2024-02-26,EURCHF,fx,2.0833333333333335,Bullish,,,
2024-02-26,EURAUD,fx,2.5000000000000004,Bullish,,,
2024-02-26,EURNZD,fx,-1.6666666666666665,Bearish,,,
2024-02-26,EURCAD,fx,-1.3888888888888886,Bearish,,,
2024-02-26,GBPJPY,fx,1.7361111111111112,Bullish,,,
2024-02-26,GBPCHF,fx,3.1944444444444446,Very Bullish,,,
2024-02-26,GBPAUD,fx,3.6111111111111116,Very Bullish,,,
2024-02-26,AUDJPY,fx,-1.8750000000000004,Bearish,,,
2024-02-26,NZDJPY,fx,2.2916666666666665,Bullish,,,
2024-02-26,CADJPY,fx,2.0138888888888884,Bullish,,,
2024-02-26,CHFJPY,fx,-1.4583333333333335,Bearish,,,
2024-02-26,AUDNZD,fx,-4.166666666666667,Very Bearish,,,
2024-02-26,AUDCAD,fx,-3.8888888888888893,Very Bearish,,,
2024-02-26,NZDCHF,fx,3.75,Very Bullish,,,
2024-02-26,CADCHF,fx,3.4722222222222223,Very Bullish,,,
2024-02-26,DJIA,cross-asset,3.333333333333333,Bullish,,,
2024-02-26,SP500,cross-asset,3.333333333333333,Bullish,,,
2024-02-26,NASDAQ,cross-asset,3.333333333333333,Bullish,,,
2024-02-26,GOLD,cross-asset,-3.0,Bearish,,,
2024-02-26,SILVER,cross-asset,-3.0,Bearish,,,
2024-02-27,US-DOLLAR,single,3.4722222222222228,Very Bullish,,,
2024-02-27,EURUSD,fx,-1.7361111111111114,Bearish,,,
2024-02-27,USDJPY,fx,1.7361111111111114,Bullish,,,
2024-02-27,USDCHF,fx,3.8194444444444446,Very Bullish,,,
2024-02-27,AUDUSD,fx,-4.236111111111112,Very Bearish,,,
2024-02-27,EURCHF,fx,2.0833333333333335,Bullish,,,
2024-02-27,EURAUD,fx,2.5000000000000004,Bullish,,,
2024-02-27,EURNZD,fx,-1.6666666666666665,Bearish,,,
2024-02-27,EURCAD,fx,-1.3888888888888886,Bearish,,,
2024-02-27,GBPCHF,fx,3.1944444444444446,Very Bullish,,,
2024-02-27,GBPAUD,fx,3.6111111111111116,Very Bullish,,,
2024-02-27,AUDJPY,fx,-2.5000000000000004,Bearish,,,
2024-02-27,NZDJPY,fx,1.6666666666666665,Bullish,,,
2024-02-27,CADJPY,fx,1.3888888888888886,Bullish,,,
2024-02-27,CHFJPY,fx,-2.0833333333333335,Bearish,,,
2024-02-27,AUDNZD,fx,-4.166666666666667,Very Bearish,,,
2024-02-27,AUDCAD,fx,-3.8888888888888893,Very Bearish,,,
2024-02-27,NZDCHF,fx,3.75,Very Bullish,,,
2024-02-27,CADCHF,fx,3.4722222222222223,Very Bullish,,,
2024-02-27,DJIA,cross-asset,3.333333333333333,Bullish,,,
2024-02-27,SP500,cross-asset,3.333333333333333,Bullish,,,
2024-02-27,NASDAQ,cross-asset,3.333333333333333,Bullish,,,
2024-02-27,GOLD,cross-asset,-3.0,Bearish,,,
2024-02-27,SILVER,cross-asset,-3.0,Bearish,,,
2024-02-28,US-DOLLAR,single,3.4722222222222228,Very Bullish,,,
2024-02-28,EURUSD,fx,-1.7361111111111114,Bearish,,,
2024-02-28,USDJPY,fx,1.7361111111111114,Bullish,,,
2024-02-28,USDCHF,fx,3.8194444444444446,Very Bullish,,,
2024-02-28,AUDUSD,fx,-4.236111111111112,Very Bearish,,,
2024-02-28,EURCHF,fx,2.0833333333333335,Bullish,,,
2024-02-28,EURAUD,fx,2.5000000000000004,Bullish,,,
2024-02-28,EURNZD,fx,-1.6666666666666665,Bearish,,,
2024-02-28,EURCAD,fx,-1.3888888888888886,Bearish,,,
2024-02-28,GBPCHF,fx,3.1944444444444446,Very Bullish,,,
2024-02-28,GBPAUD,fx,3.6111111111111116,Very Bullish,,,
2024-02-28,AUDJPY,fx,-2.5000000000000004,Bearish,,,
2024-02-28,NZDJPY,fx,1.6666666666666665,Bullish,,,
2024-02-28,CADJPY,fx,1.3888888888888886,Bullish,,,
2024-02-28,CHFJPY,fx,-2.0833333333333335,Bearish,,,
2024-02-28,AUDNZD,fx,-4.166666666666667,Very Bearish,,,
2024-02-28,AUDCAD,fx,-3.8888888888888893,Very Bearish,,,
2024-02-28,NZDCHF,fx,3.75,Very Bullish,,,
2024-02-28,CADCHF,fx,3.4722222222222223,Very Bullish,,,
2024-02-28,DJIA,cross-asset,3.333333333333333,Bullish,,,
2024-02-28,SP500,cross-asset,3.333333333333333,Bullish,,,
2024-02-28,NASDAQ,cross-asset,3.333333333333333,Bullish,,,
2024-02-28,GOLD,cross-asset,-3.0,Bearish,,,
2024-02-28,SILVER,cross-asset,-3.0,Bearish,,,
2024-02-29,US-DOLLAR,single,3.4722222222222228,Very Bullish,,,
2024-02-29,EURUSD,fx,-1.7361111111111114,Bearish,,,
2024-02-29,USDJPY,fx,1.7361111111111114,Bullish,,,
2024-02-29,USDCHF,fx,3.8194444444444446,Very Bullish,,,
2024-02-29,AUDUSD,fx,-4.236111111111112,Very Bearish,,,
2024-02-29,EURCHF,fx,2.0833333333333335,Bullish,,,
2024-02-29,EURAUD,fx,2.5000000000000004,Bullish,,,
2024-02-29,EURNZD,fx,-1.6666666666666665,Bearish,,,
2024-02-29,EURCAD,fx,-1.3888888888888886,Bearish,,,
2024-02-29,GBPCHF,fx,3.1944444444444446,Very Bullish,,,
2024-02-29,GBPAUD,fx,3.6111111111111116,Very Bullish,,,
2024-02-29,AUDJPY,fx,-2.5000000000000004,Bearish,,,
2024-02-29,NZDJPY,fx,1.6666666666666665,Bullish,,,
2024-02-29,CADJPY,fx,1.3888888888888886,Bullish,,,
2024-02-29,CHFJPY,fx,-2.0833333333333335,Bearish,,,
2024-02-29,AUDNZD,fx,-4.166666666666667,Very Bearish,,,
2024-02-29,AUDCAD,fx,-3.8888888888888893,Very Bearish,,,
2024-02-29,NZDCHF,fx,3.75,Very Bullish,,,
2024-02-29,CADCHF,fx,3.4722222222222223,Very Bullish,,,
2024-02-29,DJIA,cross-asset,3.333333333333333,Bullish,,,
2024-02-29,SP500,cross-asset,3.333333333333333,Bullish,,,
2024-02-29,NASDAQ,cross-asset,3.333333333333333,Bullish,,,
2024-02-29,GOLD,cross-asset,-3.0,Bearish,,,
2024-02-29,SILVER,cross-asset,-3.0,Bearish,,,
2024-03-01,US-DOLLAR,single,3.194444444444444,Very Bullish,,,
2024-03-01,EURUSD,fx,-1.597222222222222,Bearish,,,
2024-03-01,USDCHF,fx,2.4305555555555554,Bullish,,,
2024-03-01,AUDUSD,fx,-4.097222222222222,Very Bearish,,,
2024-03-01,EURAUD,fx,2.5000000000000004,Bullish,,,
2024-03-01,EURNZD,fx,-1.6666666666666665,Bearish,,,
2024-03-01,EURCAD,fx,-1.3888888888888886,Bearish,,,
2024-03-01,GBPCHF,fx,1.9444444444444444,Bullish,,,
2024-03-01,GBPAUD,fx,3.6111111111111116,Very Bullish,,,
2024-03-01,AUDJPY,fx,-3.333333333333334,Very Bearish,,,
2024-03-01,CHFJPY,fx,-1.6666666666666665,Bearish,,,
2024-03-01,AUDNZD,fx,-4.166666666666667,Very Bearish,,,
2024-03-01,AUDCAD,fx,-3.8888888888888893,Very Bearish,,,
2024-03-01,AUDCHF,fx,-1.6666666666666672,Bearish,,,
2024-03-01,NZDCHF,fx,2.5,Bullish,,,
2024-03-01,CADCHF,fx,2.222222222222222,Bullish,,,
2024-03-01,DJIA,cross-asset,3.333333333333333,Bullish,,,
2024-03-01,SP500,cross-asset,3.333333333333333,Bullish,,,
2024-03-01,NASDAQ,cross-asset,3.333333333333333,Bullish,,,
2024-03-01,GOLD,cross-asset,-3.0,Bearish,,,
2024-03-01,SILVER,cross-asset,-3.0,Bearish,,,
2024-03-04,US-DOLLAR,single,1.9444444444444442,Bullish,,,
2024-03-04,USDCHF,fx,1.3888888888888888,Bullish,,,
2024-03-04,AUDUSD,fx,-3.4722222222222223,Very Bearish,,,
2024-03-04,EURAUD,fx,2.777777777777778,Bullish,,,
2024-03-04,EURNZD,fx,-1.3888888888888888,Bearish,,,
2024-03-04,GBPCHF,fx,1.9444444444444442,Bullish,,,
2024-03-04,GBPAUD,fx,4.027777777777779,Very Bullish,,,
2024-03-04,AUDJPY,fx,-3.333333333333334,Very Bearish,,,
2024-03-04,AUDNZD,fx,-4.166666666666667,Very Bearish,,,
2024-03-04,AUDCAD,fx,-3.8888888888888893,Very Bearish,,,
2024-03-04,AUDCHF,fx,-2.083333333333334,Bearish,,,
2024-03-04,NZDCHF,fx,2.083333333333333,Bullish,,,
2024-03-04,CADCHF,fx,1.8055555555555554,Bullish,,,
2024-03-04,FTSE100,cross-asset,3.333333333333333,Bullish,0.3309736644898833,0.39281126217749707,0.420096884701852
2024-03-04,GOLD,cross-asset,-2.0,Bearish,,,
2024-03-04,SILVER,cross-asset,-2.0,Bearish,,,
2024-03-05,US-DOLLAR,single,1.9444444444444442,Bullish,,,
2024-03-05,AUDUSD,fx,-3.4722222222222223,Very Bearish,,,
2024-03-05,EURAUD,fx,2.777777777777778,Bullish,,,
2024-03-05,EURNZD,fx,-1.3888888888888888,Bearish,,,
2024-03-05,GBPAUD,fx,4.027777777777779,Very Bullish,,,
2024-03-05,AUDJPY,fx,-3.333333333333334,Very Bearish,,,
2024-03-05,AUDNZD,fx,-4.166666666666667,Very Bearish,,,
2024-03-05,AUDCAD,fx,-3.8888888888888893,Very Bearish,,,
2024-03-05,AUDCHF,fx,-2.916666666666667,Bearish,,,
2024-03-05,FTSE100,cross-asset,3.333333333333333,Bullish,0.3309736644898833,0.39281126217749707,0.420096884701852
2024-03-05,GOLD,cross-asset,-2.0,Bearish,,,
2024-03-05,SILVER,cross-asset,-2.0,Bearish,,,
2024-03-06,US-DOLLAR,single,1.9444444444444442,Bullish,,,
2024-03-06,AUDUSD,fx,-3.4722222222222223,Very Bearish,,,
2024-03-06,EURGBP,fx,-1.7361111111111114,Bearish,,,
2024-03-06,EURAUD,fx,2.5000000000000004,Bullish,,,
2024-03-06,EURNZD,fx,-1.6666666666666665,Bearish,,,
2024-03-06,EURCAD,fx,-1.3888888888888886,Bearish,,,
2024-03-06,GBPCHF,fx,1.3194444444444446,Bullish,,,
2024-03-06,GBPAUD,fx,4.236111111111112,Very Bullish,,,
2024-03-06,AUDJPY,fx,-3.333333333333334,Very Bearish,,,
2024-03-06,AUDNZD,fx,-4.166666666666667,Very Bearish,,,
2024-03-06,AUDCAD,fx,-3.8888888888888893,Very Bearish,,,
2024-03-06,AUDCHF,fx,-2.916666666666667,Bearish,,,
2024-03-06,FTSE100,cross-asset,3.333333333333333,Bullish,0.3309736644898833,0.39281126217749707,0.420096884701852
2024-03-06,GOLD,cross-asset,-2.0,Bearish,,,
2024-03-06,SILVER,cross-asset,-2.0,Bearish,,,
2024-03-07,US-DOLLAR,single,1.9444444444444442,Bullish,,,
2024-03-07,AUDUSD,fx,-3.0555555555555562,Very Bearish,,,
2024-03-07,EURGBP,fx,-1.7361111111111114,Bearish,,,
2024-03-07,EURAUD,fx,2.083333333333334,Bullish,,,
2024-03-07,EURNZD,fx,-1.6666666666666665,Bearish,,,
2024-03-07,EURCAD,fx,-1.3888888888888886,Bearish,,,
2024-03-07,GBPCHF,fx,1.3194444444444446,Bullish,,,
2024-03-07,GBPAUD,fx,3.8194444444444455,Very Bullish,,,
2024-03-07,AUDJPY,fx,-3.333333333333334,Very Bearish,,,
2024-03-07,AUDNZD,fx,-3.7500000000000004,Very Bearish,,,
2024-03-07,AUDCAD,fx,-3.4722222222222223,Very Bearish,,,
2024-03-07,AUDCHF,fx,-2.5000000000000004,Bearish,,,
2024-03-07,FTSE100,cross-asset,3.333333333333333,Bullish,0.3309736644898833,0.39281126217749707,0.420096884701852
2024-03-07,GOLD,cross-asset,-2.0,Bearish,,,
2024-03-07,SILVER,cross-asset,-2.0,Bearish,,,
2024-03-08,US-DOLLAR,single,1.9444444444444442,Bullish,,,
2024-03-08,AUDUSD,fx,-3.0555555555555562,Very Bearish,,,
2024-03-08,EURGBP,fx,-1.7361111111111114,Bearish,,,
2024-03-08,EURAUD,fx,2.083333333333334,Bullish,,,
2024-03-08,EURNZD,fx,-1.6666666666666665,Bearish,,,
2024-03-08,EURCAD,fx,-1.3888888888888886,Bearish,,,
2024-03-08,GBPCHF,fx,1.3194444444444446,Bullish,,,
2024-03-08,GBPAUD,fx,3.8194444444444455,Very Bullish,,,
2024-03-08,AUDJPY,fx,-3.333333333333334,Very Bearish,,,
2024-03-08,AUDNZD,fx,-3.7500000000000004,Very Bearish,,,
2024-03-08,AUDCAD,fx,-3.4722222222222223,Very Bearish,,,
2024-03-08,AUDCHF,fx,-2.5000000000000004,Bearish,,,
2024-03-08,FTSE100,cross-asset,3.333333333333333,Bullish,0.3309736644898833,0.39281126217749707,0.420096884701852
2024-03-08,GOLD,cross-asset,-2.0,Bearish,,,
2024-03-08,SILVER,cross-asset,-2.0,Bearish,,,
2024-03-11,GBPUSD,fx,1.3194444444444446,Bullish,,,
2024-03-11,AUDUSD,fx,-2.5000000000000004,Bearish,,,
2024-03-11,EURGBP,fx,-1.7361111111111114,Bearish,,,
2024-03-11,EURAUD,fx,2.083333333333334,Bullish,,,
2024-03-11,EURNZD,fx,-1.6666666666666665,Bearish,,,
2024-03-11,GBPCHF,fx,1.3194444444444446,Bullish,,,
2024-03-11,GBPAUD,fx,3.8194444444444455,Very Bullish,,,
2024-03-11,AUDJPY,fx,-3.333333333333334,Very Bearish,,,
2024-03-11,AUDNZD,fx,-3.7500000000000004,Very Bearish,,,
2024-03-11,AUDCAD,fx,-2.6388888888888893,Bearish,,,
2024-03-11,AUDCHF,fx,-2.5000000000000004,Bearish,,,
2024-03-11,FTSE100,cross-asset,3.333333333333333,Bullish,0.3309736644898833,0.39281126217749707,0.420096884701852
2024-03-12,GBPUSD,fx,1.3194444444444446,Bullish,,,
2024-03-12,AUDUSD,fx,-2.5000000000000004,Bearish,,,
2024-03-12,EURGBP,fx,-1.7361111111111114,Bearish,,,
2024-03-12,EURAUD,fx,2.083333333333334,Bullish,,,
2024-03-12,EURNZD,fx,-1.6666666666666665,Bearish,,,
2024-03-12,GBPCHF,fx,1.3194444444444446,Bullish,,,
2024-03-12,GBPAUD,fx,3.8194444444444455,Very Bullish,,,
2024-03-12,AUDJPY,fx,-3.333333333333334,Very Bearish,,,
2024-03-12,AUDNZD,fx,-3.7500000000000004,Very Bearish,,,
2024-03-12,AUDCAD,fx,-2.6388888888888893,Bearish,,,
2024-03-12,AUDCHF,fx,-2.5000000000000004,Bearish,,,
2024-03-12,FTSE100,cross-asset,3.333333333333333,Bullish,0.3309736644898833,0.39281126217749707,0.420096884701852
2024-03-13,AUDUSD,fx,-2.2916666666666674,Bearish,,,
2024-03-13,NZDUSD,fx,1.4583333333333333,Bullish,,,
2024-03-13,EURGBP,fx,-1.4583333333333335,Bearish,,,
2024-03-13,EURAUD,fx,2.083333333333334,Bullish,,,
2024-03-13,EURNZD,fx,-1.6666666666666665,Bearish,,,
2024-03-13,GBPAUD,fx,3.5416666666666674,Very Bullish,,,
2024-03-13,AUDJPY,fx,-3.333333333333334,Very Bearish,,,
2024-03-13,AUDNZD,fx,-3.7500000000000004,Very Bearish,,,
2024-03-13,AUDCAD,fx,-2.6388888888888893,Bearish,,,
2024-03-13,AUDCHF,fx,-2.5000000000000004,Bearish,,,
2024-03-13,FTSE100,cross-asset,3.333333333333333,Bullish,0.3309736644898833,0.39281126217749707,0.420096884701852
2024-03-14,AUDUSD,fx,-2.2916666666666674,Bearish,,,
2024-03-14,NZDUSD,fx,1.4583333333333333,Bullish,,,
2024-03-14,EURAUD,fx,2.083333333333334,Bullish,,,
2024-03-14,EURNZD,fx,-1.6666666666666665,Bearish,,,
2024-03-14,GBPAUD,fx,3.125000000000001,Very Bullish,,,
2024-03-14,AUDJPY,fx,-3.333333333333334,Very Bearish,,,
2024-03-14,AUDNZD,fx,-3.7500000000000004,Very Bearish,,,
2024-03-14,AUDCAD,fx,-2.6388888888888893,Bearish,,,
2024-03-14,AUDCHF,fx,-2.5000000000000004,Bearish,,,
2024-03-15,US-DOLLAR,single,1.5277777777777777,Bullish,,,
2024-03-15,AUDUSD,fx,-2.8472222222222228,Bearish,,,
2024-03-15,EURAUD,fx,2.083333333333334,Bullish,,,
2024-03-15,EURNZD,fx,-1.6666666666666665,Bearish,,,
2024-03-15,GBPAUD,fx,3.125000000000001,Very Bullish,,,
2024-03-15,AUDJPY,fx,-3.333333333333334,Very Bearish,,,
2024-03-15,AUDNZD,fx,-3.7500000000000004,Very Bearish,,,
2024-03-15,AUDCAD,fx,-2.6388888888888893,Bearish,,,
2024-03-15,AUDCHF,fx,-2.916666666666667,Bearish,,,
2024-03-18,US-DOLLAR,single,1.5277777777777777,Bullish,,,
2024-03-18,AUDUSD,fx,-2.8472222222222228,Bearish,,,
2024-03-18,EURAUD,fx,2.083333333333334,Bullish,,,
2024-03-18,EURNZD,fx,-1.6666666666666665,Bearish,,,
2024-03-18,GBPAUD,fx,3.125000000000001,Very Bullish,,,
2024-03-18,AUDJPY,fx,-3.333333333333334,Very Bearish,,,
2024-03-18,AUDNZD,fx,-3.7500000000000004,Very Bearish,,,
2024-03-18,AUDCAD,fx,-2.6388888888888893,Bearish,,,
2024-03-18,AUDCHF,fx,-2.916666666666667,Bearish,,,
2024-03-19,US-DOLLAR,single,1.5277777777777777,Bullish,,,
2024-03-19,AUDUSD,fx,-2.8472222222222228,Bearish,,,
2024-03-19,EURAUD,fx,2.083333333333334,Bullish,,,
2024-03-19,EURNZD,fx,-1.6666666666666665,Bearish,,,
2024-03-19,GBPAUD,fx,3.125000000000001,Very Bullish,,,
2024-03-19,AUDJPY,fx,-3.333333333333334,Very Bearish,,,
2024-03-19,AUDNZD,fx,-3.7500000000000004,Very Bearish,,,
2024-03-19,AUDCAD,fx,-2.6388888888888893,Bearish,,,
2024-03-19,AUDCHF,fx,-2.916666666666667,Bearish,,,
2024-03-20,US-DOLLAR,single,1.5277777777777777,Bullish,,,
2024-03-20,AUDUSD,fx,-2.8472222222222228,Bearish,,,
2024-03-20,EURAUD,fx,2.083333333333334,Bullish,,,
2024-03-20,EURNZD,fx,-1.6666666666666665,Bearish,,,
2024-03-20,GBPAUD,fx,3.125000000000001,Very Bullish,,,
2024-03-20,AUDJPY,fx,-3.333333333333334,Very Bearish,,,
2024-03-20,AUDNZD,fx,-3.7500000000000004,Very Bearish,,,
2024-03-20,AUDCAD,fx,-2.083333333333334,Bearish,,,
2024-03-20,AUDCHF,fx,-2.916666666666667,Bearish,,,
2024-03-20,NZDCAD,fx,1.6666666666666665,Bullish,,,
2024-03-21,US-DOLLAR,single,1.5277777777777777,Bullish,,,
2024-03-21,AUDUSD,fx,-2.8472222222222228,Bearish,,,
2024-03-21,EURAUD,fx,2.083333333333334,Bullish,,,
2024-03-21,EURNZD,fx,-1.3888888888888888,Bearish,,,
2024-03-21,GBPAUD,fx,3.125000000000001,Very Bullish,,,
2024-03-21,AUDJPY,fx,-3.333333333333334,Very Bearish,,,
2024-03-21,AUDNZD,fx,-3.4722222222222228,Very Bearish,,,
2024-03-21,AUDCAD,fx,-2.083333333333334,Bearish,,,
2024-03-21,AUDCHF,fx,-2.916666666666667,Bearish,,,
2024-03-21,NZDCAD,fx,1.3888888888888888,Bullish,,,
2024-03-22,AUDUSD,fx,-1.3194444444444446,Bearish,,,
2024-03-22,EURNZD,fx,-1.3888888888888888,Bearish,,,
2024-03-22,GBPAUD,fx,1.7361111111111116,Bullish,,,
2024-03-22,AUDJPY,fx,-1.5277777777777781,Bearish,,,
2024-03-22,AUDNZD,fx,-2.0833333333333335,Bearish,,,
2024-03-22,AUDCHF,fx,-1.5277777777777781,Bearish,,,
2024-03-22,NZDCAD,fx,1.3888888888888888,Bullish,,,
2024-03-25,AUDUSD,fx,-1.3194444444444446,Bearish,,,
2024-03-25,EURNZD,fx,-1.3888888888888888,Bearish,,,
2024-03-25,GBPAUD,fx,1.3194444444444446,Bullish,,,
2024-03-25,AUDJPY,fx,-1.5277777777777781,Bearish,,,
2024-03-25,AUDNZD,fx,-2.0833333333333335,Bearish,,,
2024-03-25,AUDCHF,fx,-1.5277777777777781,Bearish,,,
2024-03-25,NZDCAD,fx,1.3888888888888888,Bullish,,,
2024-03-26,AUDUSD,fx,-1.3194444444444446,Bearish,,,
2024-03-26,EURNZD,fx,-1.3888888888888888,Bearish,,,
2024-03-26,GBPAUD,fx,1.3194444444444446,Bullish,,,
2024-03-26,AUDJPY,fx,-1.5277777777777781,Bearish,,,
2024-03-26,AUDNZD,fx,-2.0833333333333335,Bearish,,,
2024-03-26,AUDCHF,fx,-1.5277777777777781,Bearish,,,
2024-03-26,NZDCAD,fx,1.3888888888888888,Bullish,,,
2024-03-27,AUDUSD,fx,-1.3194444444444446,Bearish,,,
2024-03-27,EURNZD,fx,-1.3888888888888888,Bearish,,,
2024-03-27,GBPAUD,fx,1.3194444444444446,Bullish,,,
2024-03-27,AUDNZD,fx,-2.0833333333333335,Bearish,,,
2024-03-27,AUDCHF,fx,-1.5277777777777781,Bearish,,,
2024-03-27,NZDCAD,fx,1.3888888888888888,Bullish,,,
2024-03-28,AUDUSD,fx,-1.3194444444444446,Bearish,,,
2024-03-28,EURNZD,fx,-1.3888888888888888,Bearish,,,
2024-03-28,GBPAUD,fx,1.3194444444444446,Bullish,,,
2024-03-28,AUDNZD,fx,-2.0833333333333335,Bearish,,,
2024-03-28,AUDCHF,fx,-1.5277777777777781,Bearish,,,
2024-03-28,NZDCAD,fx,1.3888888888888888,Bullish,,,
2024-03-29,EURNZD,fx,-1.3888888888888888,Bearish,,,
2024-03-29,AUDNZD,fx,-1.6666666666666667,Bearish,,,
2024-03-29,NZDCAD,fx,1.3888888888888888,Bullish,,,
2024-04-01,EURNZD,fx,-1.3888888888888888,Bearish,,,
2024-04-01,AUDNZD,fx,-1.6666666666666667,Bearish,,,
2024-04-01,NZDCAD,fx,1.3888888888888888,Bullish,,,
2024-04-02,US-DOLLAR,single,2.0833333333333335,Bullish,,,
2024-04-02,AUDUSD,fx,-1.3194444444444446,Bearish,,,
2024-04-02,EURNZD,fx,-1.3888888888888888,Bearish,,,
2024-04-02,GBPNZD,fx,-1.3888888888888888,Bearish,,,
2024-04-02,AUDNZD,fx,-1.6666666666666667,Bearish,,,
2024-04-02,NZDCAD,fx,1.3888888888888888,Bullish,,,
2024-04-03,US-DOLLAR,single,2.0833333333333335,Bullish,,,
2024-04-03,AUDUSD,fx,-1.3194444444444446,Bearish,,,
2024-04-03,EURNZD,fx,-1.3888888888888888,Bearish,,,
2024-04-03,AUDNZD,fx,-1.6666666666666667,Bearish,,,
2024-04-03,NZDCAD,fx,1.3888888888888888,Bullish,,,
2024-04-04,US-DOLLAR,single,2.0833333333333335,Bullish,,,
2024-04-04,EURUSD,fx,-1.7361111111111112,Bearish,,,
2024-04-04,AUDUSD,fx,-1.3194444444444446,Bearish,,,
2024-04-04,EURJPY,fx,-1.5277777777777777,Bearish,,,
2024-04-04,EURCHF,fx,-1.5277777777777777,Bearish,,,
2024-04-04,EURNZD,fx,-2.083333333333333,Bearish,,,
2024-04-04,AUDNZD,fx,-1.6666666666666667,Bearish,,,
2024-04-04,NZDCAD,fx,1.3888888888888888,Bullish,,,
2024-04-05,US-DOLLAR,single,2.0833333333333335,Bullish,,,
2024-04-05,EURUSD,fx,-2.013888888888889,Bearish,,,
2024-04-05,AUDUSD,fx,-1.3194444444444446,Bearish,,,
2024-04-05,EURJPY,fx,-1.8055555555555554,Bearish,,,
2024-04-05,EURCHF,fx,-1.8055555555555554,Bearish,,,
2024-04-05,EURNZD,fx,-2.3611111111111107,Bearish,,,
2024-04-05,AUDNZD,fx,-1.6666666666666667,Bearish,,,
2024-04-05,NZDCAD,fx,1.3888888888888888,Bullish,,,
2024-04-08,US-DOLLAR,single,2.361111111111111,Bullish,,,
2024-04-08,EURUSD,fx,-2.1527777777777777,Bearish,,,
2024-04-08,USDCAD,fx,2.4305555555555554,Bullish,,,
2024-04-08,AUDUSD,fx,-1.4583333333333335,Bearish,,,
2024-04-08,EURJPY,fx,-1.3888888888888888,Bearish,,,
2024-04-08,EURCHF,fx,-1.8055555555555554,Bearish,,,
2024-04-08,EURNZD,fx,-2.3611111111111107,Bearish,,,
2024-04-08,GBPCAD,fx,1.4583333333333333,Bullish,,,
2024-04-08,CADJPY,fx,-1.6666666666666665,Bearish,,,
2024-04-08,AUDNZD,fx,-1.6666666666666667,Bearish,,,
2024-04-08,NZDCAD,fx,2.638888888888889,Bullish,,,
2024-04-08,CADCHF,fx,-2.083333333333333,Bearish,,,
2024-04-09,US-DOLLAR,single,2.361111111111111,Bullish,,,
2024-04-09,EURUSD,fx,-2.1527777777777777,Bearish,,,
2024-04-09,USDCHF,fx,2.013888888888889,Bullish,,,
2024-04-09,USDCAD,fx,2.4305555555555554,Bullish,,,
2024-04-09,AUDUSD,fx,-1.4583333333333335,Bearish,,,
2024-04-09,EURJPY,fx,-1.3888888888888888,Bearish,,,
2024-04-09,EURNZD,fx,-2.3611111111111107,Bearish,,,
2024-04-09,GBPCAD,fx,1.4583333333333333,Bullish,,,
2024-04-09,CADJPY,fx,-1.6666666666666665,Bearish,,,
2024-04-09,AUDNZD,fx,-1.6666666666666667,Bearish,,,
2024-04-09,NZDCAD,fx,2.638888888888889,Bullish,,,
2024-04-09,NZDCHF,fx,2.2222222222222223,Bullish,,,
2024-04-10,US-DOLLAR,single,2.361111111111111,Bullish,,,
2024-04-10,EURUSD,fx,-2.1527777777777777,Bearish,,,
2024-04-10,USDCHF,fx,2.013888888888889,Bullish,,,
2024-04-10,USDCAD,fx,2.4305555555555554,Bullish,,,
2024-04-10,AUDUSD,fx,-1.4583333333333335,Bearish,,,
2024-04-10,EURJPY,fx,-1.3888888888888888,Bearish,,,
2024-04-10,EURNZD,fx,-2.3611111111111107,Bearish,,,
2024-04-10,GBPCAD,fx,1.4583333333333333,Bullish,,,
2024-04-10,CADJPY,fx,-1.6666666666666665,Bearish,,,
2024-04-10,AUDNZD,fx,-1.6666666666666667,Bearish,,,
2024-04-10,NZDCAD,fx,2.638888888888889,Bullish,,,
2024-04-10,NZDCHF,fx,2.2222222222222223,Bullish,,,
2024-04-11,US-DOLLAR,single,2.361111111111111,Bullish,,,
2024-04-11,EURUSD,fx,-2.1527777777777777,Bearish,,,
2024-04-11,USDCHF,fx,2.013888888888889,Bullish,,,
2024-04-11,USDCAD,fx,2.4305555555555554,Bullish,,,
2024-04-11,AUDUSD,fx,-1.4583333333333335,Bearish,,,
2024-04-11,EURJPY,fx,-1.3888888888888888,Bearish,,,
2024-04-11,EURNZD,fx,-2.3611111111111107,Bearish,,,
2024-04-11,GBPCAD,fx,1.4583333333333333,Bullish,,,
2024-04-11,CADJPY,fx,-1.6666666666666665,Bearish,,,
2024-04-11,AUDNZD,fx,-1.6666666666666667,Bearish,,,
2024-04-11,NZDCAD,fx,2.638888888888889,Bullish,,,
2024-04-11,NZDCHF,fx,2.2222222222222223,Bullish,,,
2024-04-12,US-DOLLAR,single,1.9444444444444444,Bullish,,,
2024-04-12,EURUSD,fx,-1.9444444444444442,Bearish,,,
2024-04-12,USDCHF,fx,1.8055555555555554,Bullish,,,
2024-04-12,USDCAD,fx,2.2222222222222223,Bullish,,,
2024-04-12,EURJPY,fx,-1.3888888888888888,Bearish,,,
2024-04-12,EURNZD,fx,-2.3611111111111107,Bearish,,,
2024-04-12,GBPCAD,fx,1.4583333333333333,Bullish,,,
2024-04-12,CADJPY,fx,-1.6666666666666665,Bearish,,,
2024-04-12,AUDNZD,fx,-1.6666666666666667,Bearish,,,
2024-04-12,NZDCAD,fx,2.638888888888889,Bullish,,,
2024-04-12,NZDCHF,fx,2.2222222222222223,Bullish,,,
2024-04-15,US-DOLLAR,single,1.9444444444444444,Bullish,,,
2024-04-15,EURUSD,fx,-1.9444444444444442,Bearish,,,
2024-04-15,USDCHF,fx,1.8055555555555554,Bullish,,,
2024-04-15,USDCAD,fx,2.2222222222222223,Bullish,,,
2024-04-15,EURJPY,fx,-1.3888888888888888,Bearish,,,
2024-04-15,EURNZD,fx,-2.3611111111111107,Bearish,,,
2024-04-15,GBPCAD,fx,1.4583333333333333,Bullish,,,
2024-04-15,CADJPY,fx,-1.6666666666666665,Bearish,,,
2024-04-15,AUDNZD,fx,-1.6666666666666667,Bearish,,,
2024-04-15,NZDCAD,fx,2.638888888888889,Bullish,,,
2024-04-15,NZDCHF,fx,2.2222222222222223,Bullish,,,
2024-04-16,US-DOLLAR,single,1.9444444444444444,Bullish,,,
2024-04-16,EURUSD,fx,-1.9444444444444442,Bearish,,,
2024-04-16,USDCHF,fx,1.8055555555555554,Bullish,,,
2024-04-16,USDCAD,fx,2.2222222222222223,Bullish,,,
2024-04-16,EURJPY,fx,-1.3888888888888888,Bearish,,,
2024-04-16,EURNZD,fx,-2.3611111111111107,Bearish,,,
2024-04-16,GBPCAD,fx,1.4583333333333333,Bullish,,,
2024-04-16,CADJPY,fx,-1.6666666666666665,Bearish,,,
2024-04-16,AUDNZD,fx,-1.6666666666666667,Bearish,,,
2024-04-16,NZDCAD,fx,2.638888888888889,Bullish,,,
2024-04-16,NZDCHF,fx,2.2222222222222223,Bullish,,,
2024-04-17,US-DOLLAR,single,1.9444444444444444,Bullish,,,
2024-04-17,EURUSD,fx,-1.9444444444444442,Bearish,,,
2024-04-17,USDCHF,fx,1.8055555555555554,Bullish,,,
2024-04-17,USDCAD,fx,1.6666666666666665,Bullish,,,
2024-04-17,EURJPY,fx,-1.3888888888888888,Bearish,,,
2024-04-17,EURNZD,fx,-2.3611111111111107,Bearish,,,
2024-04-17,GBPNZD,fx,-1.4583333333333333,Bearish,,,
2024-04-17,AUDNZD,fx,-1.6666666666666667,Bearish,,,
2024-04-17,NZDCAD,fx,2.083333333333333,Bullish,,,
2024-04-17,NZDCHF,fx,2.2222222222222223,Bullish,,,
2024-04-18,US-DOLLAR,single,1.9444444444444444,Bullish,,,
2024-04-18,EURUSD,fx,-1.9444444444444442,Bearish,,,
2024-04-18,USDCHF,fx,1.8055555555555554,Bullish,,,
2024-04-18,USDCAD,fx,1.6666666666666665,Bullish,,,
2024-04-18,EURJPY,fx,-1.3888888888888888,Bearish,,,
2024-04-18,EURNZD,fx,-2.3611111111111107,Bearish,,,
2024-04-18,GBPNZD,fx,-1.4583333333333333,Bearish,,,
2024-04-18,AUDNZD,fx,-1.6666666666666667,Bearish,,,
2024-04-18,NZDCAD,fx,2.083333333333333,Bullish,,,
2024-04-18,NZDCHF,fx,2.2222222222222223,Bullish,,,
2024-04-19,US-DOLLAR,single,1.9444444444444444,Bullish,,,
2024-04-19,EURUSD,fx,-1.9444444444444442,Bearish,,,
2024-04-19,USDCHF,fx,1.8055555555555554,Bullish,,,
2024-04-19,USDCAD,fx,1.6666666666666665,Bullish,,,
2024-04-19,AUDUSD,fx,-2.361111111111111,Bearish,,,
2024-04-19,EURNZD,fx,-2.3611111111111107,Bearish,,,
2024-04-19,GBPAUD,fx,1.3194444444444444,Bullish,,,
2024-04-19,GBPNZD,fx,-1.4583333333333333,Bearish,,,
2024-04-19,AUDJPY,fx,-1.3888888888888888,Bearish,,,
2024-04-19,NZDJPY,fx,1.3888888888888888,Bullish,,,
2024-04-19,AUDNZD,fx,-2.7777777777777777,Bearish,,,
2024-04-19,NZDCAD,fx,2.083333333333333,Bullish,,,
2024-04-19,NZDCHF,fx,2.2222222222222223,Bullish,,,
2024-04-22,US-DOLLAR,single,1.9444444444444444,Bullish,,,
2024-04-22,EURUSD,fx,-1.9444444444444442,Bearish,,,
2024-04-22,USDCHF,fx,1.8055555555555554,Bullish,,,
2024-04-22,USDCAD,fx,1.6666666666666665,Bullish,,,
2024-04-22,AUDUSD,fx,-2.361111111111111,Bearish,,,
2024-04-22,EURNZD,fx,-2.3611111111111107,Bearish,,,
2024-04-22,GBPAUD,fx,1.3194444444444444,Bullish,,,
2024-04-22,GBPNZD,fx,-1.4583333333333333,Bearish,,,
2024-04-22,AUDJPY,fx,-1.3888888888888888,Bearish,,,
2024-04-22,NZDJPY,fx,1.3888888888888888,Bullish,,,
2024-04-22,AUDNZD,fx,-2.7777777777777777,Bearish,,,
2024-04-22,NZDCAD,fx,2.083333333333333,Bullish,,,
2024-04-22,NZDCHF,fx,2.2222222222222223,Bullish,,,
2024-04-23,US-DOLLAR,single,1.9444444444444444,Bullish,,,
2024-04-23,EURUSD,fx,-1.9444444444444442,Bearish,,,
2024-04-23,USDCHF,fx,1.8055555555555554,Bullish,,,
2024-04-23,USDCAD,fx,1.6666666666666665,Bullish,,,
2024-04-23,AUDUSD,fx,-2.361111111111111,Bearish,,,
2024-04-23,EURNZD,fx,-2.3611111111111107,Bearish,,,
2024-04-23,GBPAUD,fx,1.3194444444444444,Bullish,,,
2024-04-23,GBPNZD,fx,-1.4583333333333333,Bearish,,,
2024-04-23,AUDJPY,fx,-1.3888888888888888,Bearish,,,
2024-04-23,NZDJPY,fx,1.3888888888888888,Bullish,,,
2024-04-23,AUDNZD,fx,-2.7777777777777777,Bearish,,,
2024-04-23,NZDCAD,fx,2.083333333333333,Bullish,,,
2024-04-23,NZDCHF,fx,2.2222222222222223,Bullish,,,
2024-04-24,US-DOLLAR,single,1.9444444444444444,Bullish,,,
2024-04-24,EURUSD,fx,-1.9444444444444442,Bearish,,,
2024-04-24,USDCHF,fx,1.8055555555555554,Bullish,,,
2024-04-24,USDCAD,fx,1.6666666666666665,Bullish,,,
2024-04-24,AUDUSD,fx,-2.361111111111111,Bearish,,,
2024-04-24,EURNZD,fx,-2.3611111111111107,Bearish,,,
2024-04-24,GBPAUD,fx,1.3194444444444444,Bullish,,,
2024-04-24,GBPNZD,fx,-1.4583333333333333,Bearish,,,
2024-04-24,AUDJPY,fx,-1.3888888888888888,Bearish,,,
2024-04-24,NZDJPY,fx,1.3888888888888888,Bullish,,,
2024-04-24,AUDNZD,fx,-2.7777777777777777,Bearish,,,
2024-04-24,NZDCAD,fx,2.083333333333333,Bullish,,,
2024-04-24,NZDCHF,fx,2.2222222222222223,Bullish,,,
2024-04-25,US-DOLLAR,single,1.9444444444444444,Bullish,,,
2024-04-25,EURUSD,fx,-1.9444444444444442,Bearish,,,
2024-04-25,USDCHF,fx,1.8055555555555554,Bullish,,,
2024-04-25,USDCAD,fx,1.6666666666666665,Bullish,,,
2024-04-25,EURNZD,fx,-2.3611111111111107,Bearish,,,
2024-04-25,GBPNZD,fx,-1.4583333333333333,Bearish,,,
2024-04-25,NZDJPY,fx,1.3888888888888888,Bullish,,,
2024-04-25,AUDNZD,fx,-1.3888888888888888,Bearish,,,
2024-04-25,NZDCAD,fx,2.083333333333333,Bullish,,,
2024-04-25,NZDCHF,fx,2.2222222222222223,Bullish,,,
2024-04-26,EURUSD,fx,-1.458333333333333,Bearish,,,
2024-04-26,USDCHF,fx,1.3194444444444442,Bullish,,,
2024-04-26,EURNZD,fx,-2.3611111111111107,Bearish,,,
2024-04-26,GBPNZD,fx,-1.4583333333333333,Bearish,,,
2024-04-26,NZDJPY,fx,1.3888888888888888,Bullish,,,
2024-04-26,AUDNZD,fx,-1.3888888888888888,Bearish,,,
2024-04-26,NZDCAD,fx,2.083333333333333,Bullish,,,
2024-04-26,NZDCHF,fx,2.2222222222222223,Bullish,,,
2024-04-29,EURAUD,fx,-1.5277777777777777,Bearish,,,
2024-04-29,EURNZD,fx,-2.3611111111111107,Bearish,,,
2024-04-29,GBPNZD,fx,-1.4583333333333333,Bearish,,,
2024-04-29,NZDJPY,fx,1.3888888888888888,Bullish,,,
2024-04-29,AUDCHF,fx,1.3888888888888888,Bullish,,,
2024-04-29,NZDCAD,fx,2.083333333333333,Bullish,,,
2024-04-29,NZDCHF,fx,2.2222222222222223,Bullish,,,
2024-04-30,USDJPY,fx,1.5277777777777777,Bullish,,,
2024-04-30,EURAUD,fx,-1.5277777777777777,Bearish,,,
2024-04-30,EURNZD,fx,-2.3611111111111107,Bearish,,,
2024-04-30,GBPNZD,fx,-1.4583333333333333,Bearish,,,
2024-04-30,AUDJPY,fx,1.8055555555555556,Bullish,,,
2024-04-30,NZDJPY,fx,2.638888888888889,Bullish,,,
2024-04-30,AUDCHF,fx,1.3888888888888888,Bullish,,,
2024-04-30,NZDCAD,fx,2.083333333333333,Bullish,,,
2024-04-30,NZDCHF,fx,2.2222222222222223,Bullish,,,
2024-05-01,USDJPY,fx,1.5277777777777777,Bullish,,,
2024-05-01,USDCAD,fx,2.0833333333333335,Bullish,,,
2024-05-01,EURCAD,fx,1.6666666666666667,Bullish,,,
2024-05-01,GBPCAD,fx,1.7361111111111112,Bullish,,,
2024-05-01,AUDJPY,fx,1.3888888888888888,Bullish,,,
2024-05-01,AUDCAD,fx,1.9444444444444444,Bullish,,,
2024-05-01,NZDCAD,fx,1.5277777777777777,Bullish,,,
2024-05-01,DAX,cross-asset,3.333333333333333,Bullish,,,
2024-05-02,USDJPY,fx,1.3194444444444444,Bullish,,,
2024-05-02,USDCAD,fx,1.875,Bullish,,,
2024-05-02,EURCAD,fx,1.6666666666666667,Bullish,,,
2024-05-02,GBPCAD,fx,1.5277777777777777,Bullish,,,
2024-05-02,AUDJPY,fx,1.3888888888888888,Bullish,,,
2024-05-02,AUDCAD,fx,1.9444444444444444,Bullish,,,
2024-05-02,NZDCAD,fx,1.5277777777777777,Bullish,,,
2024-05-02,DAX,cross-asset,3.333333333333333,Bullish,,,
2024-05-03,USDCAD,fx,2.013888888888889,Bullish,,,
2024-05-03,EURCAD,fx,1.9444444444444446,Bullish,,,
2024-05-03,GBPCAD,fx,1.8055555555555558,Bullish,,,
2024-05-03,AUDJPY,fx,1.3888888888888888,Bullish,,,
2024-05-03,AUDCAD,fx,2.2222222222222223,Bullish,,,
2024-05-03,NZDCAD,fx,1.8055555555555558,Bullish,,,
2024-05-03,CADCHF,fx,-1.666666666666667,Bearish,,,
2024-05-03,DAX,cross-asset,3.333333333333333,Bullish,,,
2024-05-06,USDCAD,fx,1.4583333333333335,Bullish,,,
2024-05-06,EURJPY,fx,1.5277777777777777,Bullish,,,
2024-05-06,EURCAD,fx,2.361111111111111,Bullish,,,
2024-05-06,GBPCAD,fx,2.013888888888889,Bullish,,,
2024-05-06,AUDJPY,fx,1.3888888888888888,Bullish,,,
2024-05-06,AUDCAD,fx,2.2222222222222223,Bullish,,,
2024-05-06,NZDCAD,fx,1.8055555555555558,Bullish,,,
2024-05-06,CADCHF,fx,-1.666666666666667,Bearish,,,
2024-05-06,DAX,cross-asset,3.333333333333333,Bullish,,,
2024-05-07,EURUSD,fx,1.4583333333333333,Bullish,,,
2024-05-07,USDCAD,fx,1.4583333333333335,Bullish,,,
2024-05-07,EURJPY,fx,2.083333333333333,Bullish,,,
2024-05-07,EURCAD,fx,2.916666666666667,Bullish,,,
2024-05-07,GBPCAD,fx,2.013888888888889,Bullish,,,
2024-05-07,AUDJPY,fx,1.3888888888888888,Bullish,,,
2024-05-07,AUDCAD,fx,2.2222222222222223,Bullish,,,
2024-05-07,NZDCAD,fx,1.8055555555555558,Bullish,,,
2024-05-07,CADCHF,fx,-1.666666666666667,Bearish,,,
2024-05-08,EURUSD,fx,1.4583333333333333,Bullish,,,
2024-05-08,USDCHF,fx,-1.875,Bearish,,,
2024-05-08,USDCAD,fx,1.4583333333333335,Bullish,,,
2024-05-08,EURJPY,fx,2.083333333333333,Bullish,,,
2024-05-08,EURCAD,fx,2.916666666666667,Bullish,,,
2024-05-08,GBPCHF,fx,-1.3194444444444444,Bearish,,,
2024-05-08,GBPCAD,fx,2.013888888888889,Bullish,,,
2024-05-08,AUDJPY,fx,1.3888888888888888,Bullish,,,
2024-05-08,CHFJPY,fx,2.5,Bullish,,,
2024-05-08,AUDCAD,fx,2.2222222222222223,Bullish,,,
2024-05-08,NZDCAD,fx,1.8055555555555558,Bullish,,,
2024-05-08,NZDCHF,fx,-1.5277777777777777,Bearish,,,
2024-05-08,CADCHF,fx,-3.3333333333333335,Very Bearish,,,
2024-05-09,EURUSD,fx,1.4583333333333333,Bullish,,,
2024-05-09,USDCHF,fx,-1.875,Bearish,,,
2024-05-09,USDCAD,fx,1.4583333333333335,Bullish,,,
2024-05-09,EURJPY,fx,2.5,Bullish,,,
2024-05-09,EURCAD,fx,2.916666666666667,Bullish,,,
2024-05-09,GBPJPY,fx,1.597222222222222,Bullish,,,
2024-05-09,GBPCHF,fx,-1.3194444444444444,Bearish,,,
2024-05-09,GBPCAD,fx,2.013888888888889,Bullish,,,
2024-05-09,AUDJPY,fx,1.8055555555555554,Bullish,,,
2024-05-09,NZDJPY,fx,1.3888888888888888,Bullish,,,
2024-05-09,CHFJPY,fx,2.9166666666666665,Bullish,,,
2024-05-09,AUDCAD,fx,2.2222222222222223,Bullish,,,
2024-05-09,NZDCAD,fx,1.8055555555555558,Bullish,,,
2024-05-09,NZDCHF,fx,-1.5277777777777777,Bearish,,,
2024-05-09,CADCHF,fx,-3.3333333333333335,Very Bearish,,,
2024-05-10,US-DOLLAR,single,-1.8055555555555556,Bearish,,,
2024-05-10,EURUSD,fx,1.7361111111111112,Bullish,,,
2024-05-10,USDCHF,fx,-2.1527777777777777,Bearish,,,
2024-05-10,EURJPY,fx,2.5,Bullish,,,
2024-05-10,EURCAD,fx,2.916666666666667,Bullish,,,
2024-05-10,GBPJPY,fx,1.597222222222222,Bullish,,,
2024-05-10,GBPCHF,fx,-1.3194444444444444,Bearish,,,
2024-05-10,GBPCAD,fx,2.013888888888889,Bullish,,,
2024-05-10,AUDJPY,fx,1.8055555555555554,Bullish,,,
2024-05-10,NZDJPY,fx,1.3888888888888888,Bullish,,,
2024-05-10,CHFJPY,fx,2.9166666666666665,Bullish,,,
2024-05-10,AUDCAD,fx,2.2222222222222223,Bullish,,,
2024-05-10,NZDCAD,fx,1.8055555555555558,Bullish,,,
2024-05-10,NZDCHF,fx,-1.5277777777777777,Bearish,,,
2024-05-10,CADCHF,fx,-3.3333333333333335,Very Bearish,,,
2024-05-13,US-DOLLAR,single,-1.8055555555555556,Bearish,,,
2024-05-13,EURUSD,fx,1.7361111111111112,Bullish,,,
2024-05-13,USDCHF,fx,-2.1527777777777777,Bearish,,,
2024-05-13,USDCAD,fx,-1.3194444444444444,Bearish,,,
2024-05-13,EURJPY,fx,2.5,Bullish,,,
2024-05-13,GBPJPY,fx,2.013888888888889,Bullish,,,
2024-05-13,AUDJPY,fx,1.8055555555555554,Bullish,,,
2024-05-13,NZDJPY,fx,1.3888888888888888,Bullish,,,
2024-05-13,CADJPY,fx,2.083333333333333,Bullish,,,
2024-05-13,CHFJPY,fx,2.9166666666666665,Bullish,,,
2024-05-13,NZDCHF,fx,-1.5277777777777777,Bearish,,,
2024-05-14,US-DOLLAR,single,-1.8055555555555556,Bearish,,,
2024-05-14,EURUSD,fx,1.7361111111111112,Bullish,,,
2024-05-14,USDCHF,fx,-2.1527777777777777,Bearish,,,
2024-05-14,USDCAD,fx,-1.3194444444444444,Bearish,,,
2024-05-14,EURJPY,fx,2.5,Bullish,,,
2024-05-14,GBPJPY,fx,2.013888888888889,Bullish,,,
2024-05-14,AUDJPY,fx,1.8055555555555554,Bullish,,,
2024-05-14,NZDJPY,fx,1.3888888888888888,Bullish,,,
2024-05-14,CADJPY,fx,2.083333333333333,Bullish,,,
2024-05-14,CHFJPY,fx,2.9166666666666665,Bullish,,,
2024-05-14,NZDCHF,fx,-1.5277777777777777,Bearish,,,
2024-05-15,US-DOLLAR,single,-1.8055555555555556,Bearish,,,
2024-05-15,EURUSD,fx,1.7361111111111112,Bullish,,,
2024-05-15,GBPUSD,fx,1.8055555555555556,Bullish,,,
2024-05-15,USDCHF,fx,-2.986111111111111,Bearish,,,
2024-05-15,USDCAD,fx,-1.3194444444444444,Bearish,,,
2024-05-15,EURJPY,fx,2.5,Bullish,,,
2024-05-15,GBPJPY,fx,2.569444444444444,Bullish,,,
2024-05-15,AUDJPY,fx,1.8055555555555554,Bullish,,,
2024-05-15,NZDJPY,fx,1.3888888888888888,Bullish,,,
2024-05-15,CADJPY,fx,2.083333333333333,Bullish,,,
2024-05-15,CHFJPY,fx,3.75,Very Bullish,,,
2024-05-15,AUDCHF,fx,-1.9444444444444446,Bearish,,,
2024-05-15,NZDCHF,fx,-2.361111111111111,Bearish,,,
2024-05-15,CADCHF,fx,-1.666666666666667,Bearish,,,
2024-05-16,US-DOLLAR,single,-2.2222222222222223,Bearish,,,
2024-05-16,EURUSD,fx,1.9444444444444444,Bullish,,,
2024-05-16,GBPUSD,fx,2.013888888888889,Bullish,,,
2024-05-16,USDCHF,fx,-3.1944444444444446,Very Bearish,,,
2024-05-16,USDCAD,fx,-1.5277777777777777,Bearish,,,
2024-05-16,EURJPY,fx,2.5,Bullish,,,
2024-05-16,GBPJPY,fx,2.569444444444444,Bullish,,,
2024-05-16,AUDJPY,fx,1.5277777777777777,Bullish,,,
2024-05-16,NZDJPY,fx,1.3888888888888888,Bullish,,,
2024-05-16,CADJPY,fx,2.083333333333333,Bullish,,,
2024-05-16,CHFJPY,fx,3.75,Very Bullish,,,
2024-05-16,AUDCHF,fx,-2.2222222222222223,Bearish,,,
2024-05-16,NZDCHF,fx,-2.361111111111111,Bearish,,,
2024-05-16,CADCHF,fx,-1.666666666666667,Bearish,,,
2024-05-17,US-DOLLAR,single,-1.6666666666666665,Bearish,,,
2024-05-17,EURUSD,fx,1.6666666666666665,Bullish,,,
2024-05-17,GBPUSD,fx,1.7361111111111112,Bullish,,,
2024-05-17,USDCHF,fx,-2.916666666666667,Bearish,,,
2024-05-17,EURJPY,fx,2.5,Bullish,,,
2024-05-17,EURNZD,fx,1.9444444444444444,Bullish,,,
2024-05-17,GBPJPY,fx,2.569444444444444,Bullish,,,
2024-05-17,GBPAUD,fx,1.3194444444444444,Bullish,,,
2024-05-17,GBPNZD,fx,2.013888888888889,Bullish,,,
2024-05-17,CADJPY,fx,2.083333333333333,Bullish,,,
2024-05-17,CHFJPY,fx,3.75,Very Bullish,,,
2024-05-17,AUDCHF,fx,-2.5,Bearish,,,
2024-05-17,NZDCAD,fx,-1.5277777777777777,Bearish,,,
2024-05-17,NZDCHF,fx,-3.1944444444444446,Very Bearish,,,
2024-05-17,CADCHF,fx,-1.666666666666667,Bearish,,,
2024-05-20,US-DOLLAR,single,-1.6666666666666665,Bearish,,,
2024-05-20,EURUSD,fx,1.6666666666666665,Bullish,,,
2024-05-20,GBPUSD,fx,1.7361111111111112,Bullish,,,
2024-05-20,USDCHF,fx,-2.916666666666667,Bearish,,,
2024-05-20,EURJPY,fx,2.5,Bullish,,,
2024-05-20,EURNZD,fx,1.9444444444444444,Bullish,,,
2024-05-20,GBPJPY,fx,2.569444444444444,Bullish,,,
2024-05-20,GBPAUD,fx,1.3194444444444444,Bullish,,,
2024-05-20,GBPNZD,fx,2.013888888888889,Bullish,,,
2024-05-20,CADJPY,fx,2.083333333333333,Bullish,,,
2024-05-20,CHFJPY,fx,3.75,Very Bullish,,,
2024-05-20,AUDCHF,fx,-2.5,Bearish,,,
2024-05-20,NZDCAD,fx,-1.5277777777777777,Bearish,,,
2024-05-20,NZDCHF,fx,-3.1944444444444446,Very Bearish,,,
2024-05-20,CADCHF,fx,-1.666666666666667,Bearish,,,
2024-05-21,US-DOLLAR,single,-1.6666666666666665,Bearish,,,
2024-05-21,EURUSD,fx,1.6666666666666665,Bullish,,,
2024-05-21,GBPUSD,fx,1.7361111111111112,Bullish,,,
2024-05-21,USDCHF,fx,-2.916666666666667,Bearish,,,
2024-05-21,EURJPY,fx,2.5,Bullish,,,
2024-05-21,EURNZD,fx,1.9444444444444444,Bullish,,,
2024-05-21,GBPJPY,fx,2.569444444444444,Bullish,,,
2024-05-21,GBPAUD,fx,1.3194444444444444,Bullish,,,
2024-05-21,GBPNZD,fx,2.013888888888889,Bullish,,,
2024-05-21,CADJPY,fx,2.083333333333333,Bullish,,,
2024-05-21,CHFJPY,fx,3.75,Very Bullish,,,
2024-05-21,AUDCHF,fx,-2.5,Bearish,,,
2024-05-21,NZDCAD,fx,-1.5277777777777777,Bearish,,,
2024-05-21,NZDCHF,fx,-3.1944444444444446,Very Bearish,,,
2024-05-21,CADCHF,fx,-1.666666666666667,Bearish,,,
2024-05-22,US-DOLLAR,single,-1.6666666666666665,Bearish,,,
2024-05-22,EURUSD,fx,1.6666666666666665,Bullish,,,
2024-05-22,GBPUSD,fx,1.7361111111111112,Bullish,,,
2024-05-22,USDCHF,fx,-2.916666666666667,Bearish,,,
2024-05-22,EURJPY,fx,2.5,Bullish,,,
2024-05-22,EURNZD,fx,1.9444444444444444,Bullish,,,
2024-05-22,GBPJPY,fx,2.569444444444444,Bullish,,,
2024-05-22,GBPAUD,fx,1.3194444444444444,Bullish,,,
2024-05-22,GBPNZD,fx,2.013888888888889,Bullish,,,
2024-05-22,CADJPY,fx,2.083333333333333,Bullish,,,
2024-05-22,CHFJPY,fx,3.75,Very Bullish,,,
2024-05-22,AUDCHF,fx,-2.5,Bearish,,,
2024-05-22,NZDCAD,fx,-1.5277777777777777,Bearish,,,
2024-05-22,NZDCHF,fx,-3.1944444444444446,Very Bearish,,,
2024-05-22,CADCHF,fx,-1.666666666666667,Bearish,,,
2024-05-23,US-DOLLAR,single,-1.6666666666666665,Bearish,,,
2024-05-23,EURUSD,fx,1.6666666666666665,Bullish,,,
2024-05-23,GBPUSD,fx,2.0138888888888884,Bullish,,,
2024-05-23,USDCHF,fx,-2.916666666666667,Bearish,,,
2024-05-23,EURJPY,fx,2.5,Bullish,,,
2024-05-23,EURNZD,fx,1.5277777777777777,Bullish,,,
2024-05-23,GBPJPY,fx,2.847222222222222,Bullish,,,
2024-05-23,GBPAUD,fx,1.5972222222222219,Bullish,,,
2024-05-23,GBPNZD,fx,1.8749999999999996,Bullish,,,
2024-05-23,CADJPY,fx,2.083333333333333,Bullish,,,
2024-05-23,CHFJPY,fx,3.75,Very Bullish,,,
2024-05-23,AUDCHF,fx,-2.5,Bearish,,,
2024-05-23,NZDCHF,fx,-2.7777777777777777,Bearish,,,
2024-05-23,CADCHF,fx,-1.666666666666667,Bearish,,,
2024-05-24,US-DOLLAR,single,-1.6666666666666665,Bearish,,,
2024-05-24,EURUSD,fx,1.6666666666666665,Bullish,,,
2024-05-24,GBPUSD,fx,2.0138888888888884,Bullish,,,
2024-05-24,USDCHF,fx,-2.916666666666667,Bearish,,,
2024-05-24,EURJPY,fx,2.083333333333333,Bullish,,,
2024-05-24,EURNZD,fx,1.5277777777777777,Bullish,,,
2024-05-24,GBPJPY,fx,2.4305555555555554,Bullish,,,
2024-05-24,GBPAUD,fx,1.5972222222222219,Bullish,,,
2024-05-24,GBPNZD,fx,1.8749999999999996,Bullish,,,
2024-05-24,CADJPY,fx,1.6666666666666665,Bullish,,,
2024-05-24,CHFJPY,fx,3.3333333333333335,Very Bullish,,,
2024-05-24,AUDCHF,fx,-2.5,Bearish,,,
2024-05-24,NZDCHF,fx,-2.7777777777777777,Bearish,,,
2024-05-24,CADCHF,fx,-1.666666666666667,Bearish,,,
2024-05-27,US-DOLLAR,single,-1.6666666666666665,Bearish,,,
2024-05-27,EURUSD,fx,1.6666666666666665,Bullish,,,
2024-05-27,GBPUSD,fx,1.8055555555555554,Bullish,,,
2024-05-27,USDCHF,fx,-2.916666666666667,Bearish,,,
2024-05-27,EURJPY,fx,2.083333333333333,Bullish,,,
2024-05-27,EURNZD,fx,1.5277777777777777,Bullish,,,
2024-05-27,GBPJPY,fx,2.2222222222222223,Bullish,,,
2024-05-27,GBPAUD,fx,1.3888888888888888,Bullish,,,
2024-05-27,GBPNZD,fx,1.6666666666666665,Bullish,,,
2024-05-27,CADJPY,fx,1.6666666666666665,Bullish,,,
2024-05-27,CHFJPY,fx,3.3333333333333335,Very Bullish,,,
2024-05-27,AUDCHF,fx,-2.5,Bearish,,,
2024-05-27,NZDCHF,fx,-2.7777777777777777,Bearish,,,
2024-05-27,CADCHF,fx,-1.666666666666667,Bearish,,,
2024-05-28,US-DOLLAR,single,-1.6666666666666665,Bearish,,,
2024-05-28,EURUSD,fx,1.6666666666666665,Bullish,,,
2024-05-28,GBPUSD,fx,1.8055555555555554,Bullish,,,
2024-05-28,USDCHF,fx,-2.916666666666667,Bearish,,,
2024-05-28,EURJPY,fx,2.083333333333333,Bullish,,,
2024-05-28,EURNZD,fx,1.5277777777777777,Bullish,,,
2024-05-28,GBPJPY,fx,2.2222222222222223,Bullish,,,
2024-05-28,GBPAUD,fx,1.3888888888888888,Bullish,,,
2024-05-28,GBPNZD,fx,1.6666666666666665,Bullish,,,
2024-05-28,CADJPY,fx,1.6666666666666665,Bullish,,,
2024-05-28,CHFJPY,fx,3.3333333333333335,Very Bullish,,,
2024-05-28,AUDCHF,fx,-2.5,Bearish,,,
2024-05-28,NZDCHF,fx,-2.7777777777777777,Bearish,,,
2024-05-28,CADCHF,fx,-1.666666666666667,Bearish,,,
2024-05-29,US-DOLLAR,single,-1.6666666666666665,Bearish,,,
2024-05-29,EURUSD,fx,1.6666666666666665,Bullish,,,
2024-05-29,GBPUSD,fx,1.8055555555555554,Bullish,,,
2024-05-29,USDCHF,fx,-2.916666666666667,Bearish,,,
2024-05-29,USDCAD,fx,-1.5277777777777777,Bearish,,,
2024-05-29,EURJPY,fx,2.916666666666667,Bullish,,,
2024-05-29,EURNZD,fx,1.5277777777777777,Bullish,,,
2024-05-29,GBPJPY,fx,3.0555555555555554,Very Bullish,,,
2024-05-29,GBPNZD,fx,1.6666666666666665,Bullish,,,
2024-05-29,AUDJPY,fx,2.0833333333333335,Bullish,,,
2024-05-29,NZDJPY,fx,1.3888888888888893,Bullish,,,
2024-05-29,CADJPY,fx,2.7777777777777777,Bullish,,,
2024-05-29,CHFJPY,fx,4.166666666666667,Very Bullish,,,
2024-05-29,AUDCHF,fx,-2.0833333333333335,Bearish,,,
2024-05-29,NZDCAD,fx,-1.3888888888888886,Bearish,,,
2024-05-29,NZDCHF,fx,-2.7777777777777777,Bearish,,,
2024-05-29,CADCHF,fx,-1.3888888888888893,Bearish,,,
2024-05-30,US-DOLLAR,single,-1.6666666666666665,Bearish,,,
2024-05-30,EURUSD,fx,1.6666666666666665,Bullish,,,
2024-05-30,GBPUSD,fx,1.8055555555555554,Bullish,,,
2024-05-30,USDCHF,fx,-2.916666666666667,Bearish,,,
2024-05-30,USDCAD,fx,-1.5277777777777777,Bearish,,,
2024-05-30,EURJPY,fx,2.916666666666667,Bullish,,,
2024-05-30,EURNZD,fx,1.5277777777777777,Bullish,,,
2024-05-30,GBPJPY,fx,3.0555555555555554,Very Bullish,,,
2024-05-30,GBPNZD,fx,1.6666666666666665,Bullish,,,
2024-05-30,AUDJPY,fx,2.0833333333333335,Bullish,,,
2024-05-30,NZDJPY,fx,1.3888888888888893,Bullish,,,
2024-05-30,CADJPY,fx,2.7777777777777777,Bullish,,,
2024-05-30,CHFJPY,fx,4.166666666666667,Very Bullish,,,
2024-05-30,AUDCHF,fx,-2.0833333333333335,Bearish,,,
2024-05-30,NZDCAD,fx,-1.3888888888888886,Bearish,,,
2024-05-30,NZDCHF,fx,-2.7777777777777777,Bearish,,,
2024-05-30,CADCHF,fx,-1.3888888888888893,Bearish,,,
2024-05-31,US-DOLLAR,single,-1.6666666666666665,Bearish,,,
2024-05-31,EURUSD,fx,2.083333333333333,Bullish,,,
2024-05-31,GBPUSD,fx,1.8055555555555554,Bullish,,,
2024-05-31,USDCHF,fx,-2.916666666666667,Bearish,,,
2024-05-31,USDCAD,fx,-1.5277777777777777,Bearish,,,
2024-05-31,EURJPY,fx,2.5,Bullish,,,
2024-05-31,EURNZD,fx,1.9444444444444442,Bullish,,,
2024-05-31,GBPJPY,fx,2.2222222222222223,Bullish,,,
2024-05-31,GBPNZD,fx,1.6666666666666665,Bullish,,,
2024-05-31,CADJPY,fx,1.9444444444444442,Bullish,,,
2024-05-31,CHFJPY,fx,3.3333333333333335,Very Bullish,,,
2024-05-31,AUDCHF,fx,-2.0833333333333335,Bearish,,,
2024-05-31,NZDCAD,fx,-1.3888888888888886,Bearish,,,
2024-05-31,NZDCHF,fx,-2.7777777777777777,Bearish,,,
2024-05-31,CADCHF,fx,-1.3888888888888893,Bearish,,,
2024-06-03,US-DOLLAR,single,-2.5,Bearish,,,
2024-06-03,EURUSD,fx,2.7777777777777777,Bullish,,,
2024-06-03,GBPUSD,fx,2.2222222222222223,Bullish,,,
2024-06-03,USDCHF,fx,-3.75,Very Bearish,,,
2024-06-03,USDCAD,fx,-1.9444444444444442,Bearish,,,
2024-06-03,EURJPY,fx,2.7777777777777777,Bullish,,,
2024-06-03,EURAUD,fx,1.5277777777777777,Bullish,,,
2024-06-03,EURNZD,fx,2.222222222222222,Bullish,,,
2024-06-03,GBPJPY,fx,2.2222222222222223,Bullish,,,
2024-06-03,GBPCHF,fx,-1.527777777777778,Bearish,,,
2024-06-03,GBPNZD,fx,1.6666666666666665,Bullish,,,
2024-06-03,CADJPY,fx,1.9444444444444442,Bullish,,,
2024-06-03,CHFJPY,fx,3.75,Very Bullish,,,
2024-06-03,AUDCHF,fx,-2.5,Bearish,,,
2024-06-03,NZDCAD,fx,-1.3888888888888886,Bearish,,,
2024-06-03,NZDCHF,fx,-3.194444444444444,Very Bearish,,,
2024-06-03,CADCHF,fx,-1.8055555555555558,Bearish,,,
2024-06-04,US-DOLLAR,single,-2.916666666666667,Bearish,,,
2024-06-04,EURUSD,fx,2.986111111111111,Bullish,,,
2024-06-04,GBPUSD,fx,2.638888888888889,Bullish,,,
2024-06-04,USDCHF,fx,-3.9583333333333335,Very Bearish,,,
2024-06-04,USDCAD,fx,-2.430555555555556,Bearish,,,
2024-06-04,AUDUSD,fx,1.4583333333333335,Bullish,,,
2024-06-04,EURJPY,fx,2.7777777777777777,Bullish,,,
2024-06-04,EURAUD,fx,1.5277777777777777,Bullish,,,
2024-06-04,EURNZD,fx,2.222222222222222,Bullish,,,
2024-06-04,GBPJPY,fx,2.4305555555555554,Bullish,,,
2024-06-04,GBPCHF,fx,-1.3194444444444446,Bearish,,,
2024-06-04,GBPNZD,fx,1.8749999999999996,Bullish,,,
2024-06-04,CADJPY,fx,2.2222222222222223,Bullish,,,
2024-06-04,CHFJPY,fx,3.75,Very Bullish,,,
2024-06-04,AUDCHF,fx,-2.5,Bearish,,,
2024-06-04,NZDCAD,fx,-1.6666666666666665,Bearish,,,
2024-06-04,NZDCHF,fx,-3.194444444444444,Very Bearish,,,
2024-06-04,CADCHF,fx,-1.5277777777777777,Bearish,,,
2024-06-05,US-DOLLAR,single,-2.916666666666667,Bearish,,,
2024-06-05,EURUSD,fx,2.986111111111111,Bullish,,,
2024-06-05,GBPUSD,fx,2.638888888888889,Bullish,,,
2024-06-05,USDCHF,fx,-3.541666666666667,Very Bearish,,,
2024-06-05,USDCAD,fx,-2.430555555555556,Bearish,,,
2024-06-05,AUDUSD,fx,1.4583333333333335,Bullish,,,
2024-06-05,EURJPY,fx,2.3611111111111107,Bullish,,,
2024-06-05,EURAUD,fx,1.5277777777777777,Bullish,,,
2024-06-05,EURNZD,fx,2.222222222222222,Bullish,,,
2024-06-05,GBPJPY,fx,2.0138888888888884,Bullish,,,
2024-06-05,GBPNZD,fx,1.8749999999999996,Bullish,,,
2024-06-05,CADJPY,fx,1.8055555555555554,Bullish,,,
2024-06-05,CHFJPY,fx,2.916666666666667,Bullish,,,
2024-06-05,AUDCHF,fx,-2.0833333333333335,Bearish,,,
2024-06-05,NZDCAD,fx,-1.6666666666666665,Bearish,,,
2024-06-05,NZDCHF,fx,-2.7777777777777777,Bearish,,,
2024-06-06,US-DOLLAR,single,-1.6666666666666665,Bearish,,,
2024-06-06,EURUSD,fx,1.8055555555555554,Bullish,,,
2024-06-06,GBPUSD,fx,1.8055555555555554,Bullish,,,
2024-06-06,USDCHF,fx,-2.916666666666667,Bearish,,,
2024-06-06,USDCAD,fx,-1.8055555555555554,Bearish,,,
2024-06-06,EURJPY,fx,1.8055555555555554,Bullish,,,
2024-06-06,EURAUD,fx,1.8055555555555554,Bullish,,,
2024-06-06,EURNZD,fx,1.6666666666666665,Bullish,,,
2024-06-06,GBPJPY,fx,1.8055555555555554,Bullish,,,
2024-06-06,GBPAUD,fx,1.8055555555555554,Bullish,,,
2024-06-06,GBPNZD,fx,1.6666666666666665,Bullish,,,
2024-06-06,CADJPY,fx,1.8055555555555554,Bullish,,,
2024-06-06,CHFJPY,fx,2.916666666666667,Bullish,,,
2024-06-06,AUDCAD,fx,-1.8055555555555554,Bearish,,,
2024-06-06,AUDCHF,fx,-2.916666666666667,Bearish,,,
2024-06-06,NZDCAD,fx,-1.6666666666666665,Bearish,,,
2024-06-06,NZDCHF,fx,-2.7777777777777777,Bearish,,,
2024-06-07,US-DOLLAR,single,-1.9444444444444444,Bearish,,,
2024-06-07,EURUSD,fx,1.5277777777777777,Bullish,,,
2024-06-07,GBPUSD,fx,1.9444444444444442,Bullish,,,
2024-06-07,USDCHF,fx,-1.3888888888888888,Bearish,,,
2024-06-07,USDCAD,fx,-1.9444444444444444,Bearish,,,
2024-06-07,EURJPY,fx,1.3888888888888888,Bullish,,,
2024-06-07,EURAUD,fx,1.3888888888888888,Bullish,,,
2024-06-07,GBPJPY,fx,1.8055555555555554,Bullish,,,
2024-06-07,GBPAUD,fx,1.8055555555555554,Bullish,,,
2024-06-07,GBPNZD,fx,1.6666666666666665,Bullish,,,
2024-06-07,CADJPY,fx,1.8055555555555554,Bullish,,,
2024-06-07,AUDCAD,fx,-1.8055555555555554,Bearish,,,
2024-06-07,NZDCAD,fx,-1.6666666666666665,Bearish,,,
2024-06-10,US-DOLLAR,single,-1.6666666666666665,Bearish,,,
2024-06-10,EURUSD,fx,1.3888888888888888,Bullish,,,
2024-06-10,GBPUSD,fx,1.8055555555555554,Bullish,,,
2024-06-10,EURJPY,fx,1.3888888888888888,Bullish,,,
2024-06-10,EURAUD,fx,1.3888888888888888,Bullish,,,
2024-06-10,GBPJPY,fx,1.8055555555555554,Bullish,,,
2024-06-10,GBPAUD,fx,1.8055555555555554,Bullish,,,
2024-06-10,GBPNZD,fx,1.6666666666666665,Bullish,,,
2024-06-11,US-DOLLAR,single,-1.6666666666666665,Bearish,,,
2024-06-11,EURUSD,fx,1.3888888888888888,Bullish,,,
2024-06-11,GBPUSD,fx,1.8055555555555554,Bullish,,,
2024-06-11,EURJPY,fx,1.3888888888888888,Bullish,,,
2024-06-11,EURAUD,fx,1.3888888888888888,Bullish,,,
2024-06-11,GBPJPY,fx,1.8055555555555554,Bullish,,,
2024-06-11,GBPAUD,fx,1.8055555555555554,Bullish,,,
2024-06-11,GBPNZD,fx,1.6666666666666665,Bullish,,,
2024-06-12,US-DOLLAR,single,-1.6666666666666665,Bearish,,,
2024-06-12,EURUSD,fx,1.3888888888888888,Bullish,,,
2024-06-12,GBPUSD,fx,2.083333333333333,Bullish,,,
2024-06-12,EURJPY,fx,1.3888888888888888,Bullish,,,
2024-06-12,EURAUD,fx,1.3888888888888888,Bullish,,,
2024-06-12,GBPJPY,fx,2.083333333333333,Bullish,,,
2024-06-12,GBPAUD,fx,2.083333333333333,Bullish,,,
2024-06-12,GBPNZD,fx,1.9444444444444442,Bullish,,,
2024-06-12,GBPCAD,fx,1.5277777777777777,Bullish,,,
2024-06-13,US-DOLLAR,single,-2.5,Bearish,,,
2024-06-13,EURUSD,fx,1.8055555555555556,Bullish,,,
2024-06-13,GBPUSD,fx,2.5,Bullish,,,
2024-06-13,USDCHF,fx,-1.6666666666666665,Bearish,,,
2024-06-13,EURJPY,fx,1.3888888888888888,Bullish,,,
2024-06-13,EURAUD,fx,1.3888888888888888,Bullish,,,
2024-06-13,GBPJPY,fx,2.083333333333333,Bullish,,,
2024-06-13,GBPAUD,fx,2.083333333333333,Bullish,,,
2024-06-13,GBPNZD,fx,1.9444444444444442,Bullish,,,
2024-06-13,GBPCAD,fx,1.5277777777777777,Bullish,,,
2024-06-13,GOLD,cross-asset,2.0,Bullish,,,
2024-06-13,SILVER,cross-asset,2.0,Bullish,,,
2024-06-14,US-DOLLAR,single,-3.1944444444444446,Very Bearish,,,
2024-06-14,EURUSD,fx,2.1527777777777777,Bullish,,,
2024-06-14,GBPUSD,fx,2.8472222222222223,Bullish,,,
2024-06-14,USDCAD,fx,-1.3194444444444446,Bearish,,,
2024-06-14,EURJPY,fx,1.3888888888888888,Bullish,,,
2024-06-14,EURCHF,fx,1.8055555555555556,Bullish,,,
2024-06-14,GBPJPY,fx,2.083333333333333,Bullish,,,
2024-06-14,GBPCHF,fx,2.5,Bullish,,,
2024-06-14,GBPAUD,fx,1.8055555555555556,Bullish,,,
2024-06-14,GBPNZD,fx,1.9444444444444442,Bullish,,,
2024-06-14,GBPCAD,fx,1.5277777777777777,Bullish,,,
2024-06-14,GOLD,cross-asset,2.0,Bullish,,,
2024-06-14,SILVER,cross-asset,2.0,Bullish,,,
2024-06-17,US-DOLLAR,single,-3.1944444444444446,Very Bearish,,,
2024-06-17,EURUSD,fx,2.1527777777777777,Bullish,,,
2024-06-17,GBPUSD,fx,2.8472222222222223,Bullish,,,
2024-06-17,USDCAD,fx,-1.3194444444444446,Bearish,,,
2024-06-17,EURJPY,fx,1.3888888888888888,Bullish,,,
2024-06-17,EURCHF,fx,1.8055555555555556,Bullish,,,
2024-06-17,GBPJPY,fx,2.083333333333333,Bullish,,,
2024-06-17,GBPCHF,fx,2.5,Bullish,,,
2024-06-17,GBPAUD,fx,1.8055555555555556,Bullish,,,
2024-06-17,GBPNZD,fx,1.9444444444444442,Bullish,,,
2024-06-17,GBPCAD,fx,1.5277777777777777,Bullish,,,
2024-06-17,GOLD,cross-asset,2.0,Bullish,,,
2024-06-17,SILVER,cross-asset,2.0,Bullish,,,
2024-06-18,US-DOLLAR,single,-3.1944444444444446,Very Bearish,,,
2024-06-18,EURUSD,fx,2.1527777777777777,Bullish,,,
2024-06-18,GBPUSD,fx,2.8472222222222223,Bullish,,,
2024-06-18,USDCAD,fx,-1.3194444444444446,Bearish,,,
2024-06-18,EURJPY,fx,1.3888888888888888,Bullish,,,
2024-06-18,EURCHF,fx,1.8055555555555556,Bullish,,,
2024-06-18,GBPJPY,fx,2.083333333333333,Bullish,,,
2024-06-18,GBPCHF,fx,2.5,Bullish,,,
2024-06-18,GBPAUD,fx,1.8055555555555556,Bullish,,,
2024-06-18,GBPNZD,fx,1.9444444444444442,Bullish,,,
2024-06-18,GBPCAD,fx,1.5277777777777777,Bullish,,,
2024-06-18,GOLD,cross-asset,2.0,Bullish,,,
2024-06-18,SILVER,cross-asset,2.0,Bullish,,,
2024-06-19,US-DOLLAR,single,-2.7777777777777777,Bearish,,,
2024-06-19,EURUSD,fx,1.9444444444444444,Bullish,,,
2024-06-19,GBPUSD,fx,2.638888888888889,Bullish,,,
2024-06-19,EURJPY,fx,1.3888888888888888,Bullish,,,
2024-06-19,EURCHF,fx,1.8055555555555556,Bullish,,,
2024-06-19,GBPJPY,fx,2.083333333333333,Bullish,,,
2024-06-19,GBPCHF,fx,2.5,Bullish,,,
2024-06-19,GBPAUD,fx,1.8055555555555556,Bullish,,,
2024-06-19,GBPNZD,fx,1.9444444444444442,Bullish,,,
2024-06-19,GBPCAD,fx,1.5277777777777777,Bullish,,,
2024-06-19,GOLD,cross-asset,2.0,Bullish,,,
2024-06-19,SILVER,cross-asset,2.0,Bullish,,,
2024-06-20,US-DOLLAR,single,-2.7777777777777777,Bearish,,,
2024-06-20,EURUSD,fx,1.9444444444444444,Bullish,,,
2024-06-20,GBPUSD,fx,2.083333333333333,Bullish,,,
2024-06-20,NZDUSD,fx,1.5277777777777777,Bullish,,,
2024-06-20,EURJPY,fx,1.3888888888888888,Bullish,,,
2024-06-20,EURCHF,fx,1.8055555555555556,Bullish,,,
2024-06-20,GBPJPY,fx,1.5277777777777777,Bullish,,,
2024-06-20,GBPCHF,fx,1.9444444444444442,Bullish,,,
2024-06-20,NZDCHF,fx,1.3888888888888888,Bullish,,,
2024-06-20,GOLD,cross-asset,2.0,Bullish,,,
2024-06-20,SILVER,cross-asset,2.0,Bullish,,,
2024-06-21,US-DOLLAR,single,-2.2222222222222223,Bearish,,,
2024-06-21,EURUSD,fx,1.6666666666666667,Bullish,,,
2024-06-21,GBPUSD,fx,1.8055555555555554,Bullish,,,
2024-06-21,EURJPY,fx,1.8055555555555556,Bullish,,,
2024-06-21,EURCHF,fx,1.8055555555555556,Bullish,,,
2024-06-21,GBPJPY,fx,1.9444444444444442,Bullish,,,
2024-06-21,GBPCHF,fx,1.9444444444444442,Bullish,,,
2024-06-21,NZDJPY,fx,1.3888888888888888,Bullish,,,
2024-06-21,NZDCHF,fx,1.3888888888888888,Bullish,,,
2024-06-21,NIKKEI,cross-asset,3.333333333333333,Bullish,,,
2024-06-21,GOLD,cross-asset,2.0,Bullish,,,
2024-06-21,SILVER,cross-asset,2.0,Bullish,,,
2024-06-24,US-DOLLAR,single,-2.2222222222222223,Bearish,,,
2024-06-24,EURUSD,fx,1.6666666666666667,Bullish,,,
2024-06-24,GBPUSD,fx,2.2222222222222223,Bullish,,,
2024-06-24,EURJPY,fx,1.8055555555555556,Bullish,,,
2024-06-24,EURCHF,fx,1.8055555555555556,Bullish,,,
2024-06-24,GBPJPY,fx,2.361111111111111,Bullish,,,
2024-06-24,GBPCHF,fx,2.361111111111111,Bullish,,,
2024-06-24,GBPAUD,fx,1.6666666666666667,Bullish,,,
2024-06-24,GBPCAD,fx,1.3888888888888888,Bullish,,,
2024-06-24,NZDJPY,fx,1.3888888888888888,Bullish,,,
2024-06-24,NZDCHF,fx,1.3888888888888888,Bullish,,,
2024-06-24,NIKKEI,cross-asset,3.333333333333333,Bullish,,,
2024-06-24,GOLD,cross-asset,2.0,Bullish,,,
2024-06-24,SILVER,cross-asset,2.0,Bullish,,,
2024-06-25,US-DOLLAR,single,-2.2222222222222223,Bearish,,,
2024-06-25,EURUSD,fx,1.6666666666666667,Bullish,,,
2024-06-25,GBPUSD,fx,2.2222222222222223,Bullish,,,
2024-06-25,EURJPY,fx,1.8055555555555556,Bullish,,,
2024-06-25,EURCHF,fx,1.8055555555555556,Bullish,,,
2024-06-25,GBPJPY,fx,2.361111111111111,Bullish,,,
2024-06-25,GBPCHF,fx,2.361111111111111,Bullish,,,
2024-06-25,GBPAUD,fx,1.6666666666666667,Bullish,,,
2024-06-25,GBPCAD,fx,1.3888888888888888,Bullish,,,
2024-06-25,NZDJPY,fx,1.3888888888888888,Bullish,,,
2024-06-25,NZDCHF,fx,1.3888888888888888,Bullish,,,
2024-06-25,NIKKEI,cross-asset,3.333333333333333,Bullish,,,
2024-06-25,GOLD,cross-asset,2.0,Bullish,,,
2024-06-25,SILVER,cross-asset,2.0,Bullish,,,
2024-06-26,US-DOLLAR,single,-2.2222222222222223,Bearish,,,
2024-06-26,EURUSD,fx,1.6666666666666667,Bullish,,,
2024-06-26,GBPUSD,fx,2.2222222222222223,Bullish,,,
2024-06-26,EURCHF,fx,1.8055555555555556,Bullish,,,
2024-06-26,GBPJPY,fx,1.5277777777777777,Bullish,,,
2024-06-26,GBPCHF,fx,2.361111111111111,Bullish,,,
2024-06-26,GBPAUD,fx,1.6666666666666667,Bullish,,,
2024-06-26,NZDCHF,fx,1.3888888888888888,Bullish,,,
2024-06-26,GOLD,cross-asset,2.0,Bullish,,,
2024-06-26,SILVER,cross-asset,2.0,Bullish,,,
2024-06-27,US-DOLLAR,single,-2.2222222222222223,Bearish,,,
2024-06-27,EURUSD,fx,1.6666666666666667,Bullish,,,
2024-06-27,GBPUSD,fx,2.2222222222222223,Bullish,,,
2024-06-27,USDJPY,fx,-1.5277777777777777,Bearish,,,
2024-06-27,EURCHF,fx,1.8055555555555556,Bullish,,,
2024-06-27,GBPCHF,fx,2.361111111111111,Bullish,,,
2024-06-27,GBPAUD,fx,1.6666666666666667,Bullish,,,
2024-06-27,CHFJPY,fx,-1.6666666666666665,Bearish,,,
2024-06-27,NZDCHF,fx,1.3888888888888888,Bullish,,,
2024-06-27,GOLD,cross-asset,2.0,Bullish,,,
2024-06-27,SILVER,cross-asset,2.0,Bullish,,,
2024-06-28,US-DOLLAR,single,-2.2222222222222223,Bearish,,,
2024-06-28,EURUSD,fx,1.6666666666666667,Bullish,,,
2024-06-28,GBPUSD,fx,2.2222222222222223,Bullish,,,
2024-06-28,USDJPY,fx,-1.5277777777777777,Bearish,,,
2024-06-28,EURCHF,fx,1.8055555555555556,Bullish,,,
2024-06-28,GBPCHF,fx,2.361111111111111,Bullish,,,
2024-06-28,GBPAUD,fx,1.6666666666666667,Bullish,,,
2024-06-28,CHFJPY,fx,-1.6666666666666665,Bearish,,,
2024-06-28,NZDCHF,fx,1.3888888888888888,Bullish,,,
2024-06-28,GOLD,cross-asset,2.0,Bullish,,,
2024-06-28,SILVER,cross-asset,2.0,Bullish,,,
2024-07-01,US-DOLLAR,single,-1.3888888888888888,Bearish,,,
2024-07-01,GBPUSD,fx,1.8055555555555556,Bullish,,,
2024-07-01,EURCHF,fx,1.8055555555555556,Bullish,,,
2024-07-01,GBPCHF,fx,2.361111111111111,Bullish,,,
2024-07-01,GBPAUD,fx,1.6666666666666667,Bullish,,,
2024-07-01,CHFJPY,fx,-1.6666666666666665,Bearish,,,
2024-07-01,NZDCHF,fx,1.3888888888888888,Bullish,,,
2024-07-01,CADCHF,fx,1.8055555555555556,Bullish,,,
2024-07-01,GOLD,cross-asset,2.0,Bullish,,,
2024-07-01,SILVER,cross-asset,2.0,Bullish,,,
2024-07-02,GBPUSD,fx,1.3888888888888888,Bullish,,,
2024-07-02,USDCHF,fx,1.5972222222222223,Bullish,,,
2024-07-02,EURCHF,fx,2.6388888888888893,Bullish,,,
2024-07-02,GBPCHF,fx,2.986111111111111,Bullish,,,
2024-07-02,GBPAUD,fx,1.4583333333333335,Bullish,,,
2024-07-02,CHFJPY,fx,-2.5,Bearish,,,
2024-07-02,AUDCHF,fx,1.527777777777778,Bullish,,,
2024-07-02,NZDCHF,fx,2.2222222222222223,Bullish,,,
2024-07-02,CADCHF,fx,2.6388888888888893,Bullish,,,
2024-07-02,GOLD,cross-asset,2.0,Bullish,,,
2024-07-02,SILVER,cross-asset,2.0,Bullish,,,
2024-07-03,GBPUSD,fx,1.3888888888888888,Bullish,,,
2024-07-03,USDCHF,fx,1.5972222222222223,Bullish,,,
2024-07-03,EURCHF,fx,1.9444444444444446,Bullish,,,
2024-07-03,GBPCHF,fx,2.986111111111111,Bullish,,,
2024-07-03,GBPAUD,fx,1.4583333333333335,Bullish,,,
2024-07-03,CHFJPY,fx,-2.5,Bearish,,,
2024-07-03,AUDCHF,fx,1.527777777777778,Bullish,,,
2024-07-03,NZDCHF,fx,2.2222222222222223,Bullish,,,
2024-07-03,CADCHF,fx,2.6388888888888893,Bullish,,,
2024-07-03,GOLD,cross-asset,2.0,Bullish,,,
2024-07-03,SILVER,cross-asset,2.0,Bullish,,,
2024-07-04,US-DOLLAR,single,-2.2222222222222223,Bearish,,,
2024-07-04,EURUSD,fx,1.5277777777777777,Bullish,,,
2024-07-04,GBPUSD,fx,2.013888888888889,Bullish,,,
2024-07-04,USDJPY,fx,-1.5277777777777777,Bearish,,,
2024-07-04,USDCAD,fx,-1.6666666666666667,Bearish,,,
2024-07-04,EURCHF,fx,2.5,Bullish,,,
2024-07-04,GBPCHF,fx,2.986111111111111,Bullish,,,
2024-07-04,GBPAUD,fx,1.4583333333333335,Bullish,,,
2024-07-04,CHFJPY,fx,-2.5,Bearish,,,
2024-07-04,AUDCHF,fx,1.527777777777778,Bullish,,,
2024-07-04,NZDCHF,fx,2.2222222222222223,Bullish,,,
2024-07-04,CADCHF,fx,2.6388888888888893,Bullish,,,
2024-07-04,GOLD,cross-asset,3.0,Bullish,,,
2024-07-04,SILVER,cross-asset,3.0,Bullish,,,
2024-07-05,US-DOLLAR,single,-2.2222222222222223,Bearish,,,
2024-07-05,EURUSD,fx,1.5277777777777777,Bullish,,,
2024-07-05,GBPUSD,fx,2.013888888888889,Bullish,,,
2024-07-05,USDJPY,fx,-1.5277777777777777,Bearish,,,
2024-07-05,USDCAD,fx,-1.6666666666666667,Bearish,,,
2024-07-05,GBPCHF,fx,1.3194444444444444,Bullish,,,
2024-07-05,GBPAUD,fx,1.4583333333333335,Bullish,,,
2024-07-05,GOLD,cross-asset,3.0,Bullish,,,
2024-07-05,SILVER,cross-asset,3.0,Bullish,,,
2024-07-08,US-DOLLAR,single,-2.5,Bearish,,,
2024-07-08,EURUSD,fx,2.083333333333333,Bullish,,,
2024-07-08,GBPUSD,fx,2.1527777777777777,Bullish,,,
2024-07-08,USDJPY,fx,-1.6666666666666665,Bearish,,,
2024-07-08,NZDUSD,fx,1.3888888888888888,Bullish,,,
2024-07-08,EURAUD,fx,1.3888888888888888,Bullish,,,
2024-07-08,GBPCHF,fx,1.3194444444444444,Bullish,,,
2024-07-08,GBPAUD,fx,1.4583333333333335,Bullish,,,
2024-07-08,GOLD,cross-asset,3.0,Bullish,,,
2024-07-08,SILVER,cross-asset,3.0,Bullish,,,
2024-07-09,US-DOLLAR,single,-2.5,Bearish,,,
2024-07-09,EURUSD,fx,2.083333333333333,Bullish,,,
2024-07-09,GBPUSD,fx,2.1527777777777777,Bullish,,,
2024-07-09,USDJPY,fx,-1.6666666666666665,Bearish,,,
2024-07-09,NZDUSD,fx,1.3888888888888888,Bullish,,,
2024-07-09,EURAUD,fx,1.3888888888888888,Bullish,,,
2024-07-09,GBPCHF,fx,1.3194444444444444,Bullish,,,
2024-07-09,GBPAUD,fx,1.4583333333333335,Bullish,,,
2024-07-09,GOLD,cross-asset,3.0,Bullish,,,
2024-07-09,SILVER,cross-asset,3.0,Bullish,,,
2024-07-10,US-DOLLAR,single,-2.5,Bearish,,,
2024-07-10,EURUSD,fx,2.083333333333333,Bullish,,,
2024-07-10,GBPUSD,fx,2.1527777777777777,Bullish,,,
2024-07-10,USDJPY,fx,-1.6666666666666665,Bearish,,,
2024-07-10,NZDUSD,fx,1.3888888888888888,Bullish,,,
2024-07-10,EURAUD,fx,1.3888888888888888,Bullish,,,
2024-07-10,GBPCHF,fx,1.3194444444444444,Bullish,,,
2024-07-10,GBPAUD,fx,1.4583333333333335,Bullish,,,
2024-07-10,GOLD,cross-asset,3.0,Bullish,,,
2024-07-10,SILVER,cross-asset,3.0,Bullish,,,
2024-07-11,US-DOLLAR,single,-2.5,Bearish,,,
2024-07-11,EURUSD,fx,2.083333333333333,Bullish,,,
2024-07-11,GBPUSD,fx,2.1527777777777777,Bullish,,,
2024-07-11,USDJPY,fx,-1.6666666666666665,Bearish,,,
2024-07-11,NZDUSD,fx,1.3888888888888888,Bullish,,,
2024-07-11,EURAUD,fx,1.3888888888888888,Bullish,,,
2024-07-11,GBPCHF,fx,1.3194444444444444,Bullish,,,
2024-07-11,GBPAUD,fx,1.4583333333333335,Bullish,,,
2024-07-11,GOLD,cross-asset,3.0,Bullish,,,
2024-07-11,SILVER,cross-asset,3.0,Bullish,,,
2024-07-12,US-DOLLAR,single,-2.2222222222222223,Bearish,,,
2024-07-12,EURUSD,fx,1.9444444444444444,Bullish,,,
2024-07-12,GBPUSD,fx,2.013888888888889,Bullish,,,
2024-07-12,USDJPY,fx,-1.5277777777777777,Bearish,,,
2024-07-12,EURAUD,fx,1.3888888888888888,Bullish,,,
2024-07-12,GBPCHF,fx,1.3194444444444444,Bullish,,,
2024-07-12,GBPAUD,fx,1.4583333333333335,Bullish,,,
2024-07-12,GBPCAD,fx,1.3194444444444444,Bullish,,,
2024-07-12,GOLD,cross-asset,3.0,Bullish,,,
2024-07-12,SILVER,cross-asset,3.0,Bullish,,,
2024-07-15,US-DOLLAR,single,-1.8055555555555556,Bearish,,,
2024-07-15,EURUSD,fx,1.7361111111111112,Bullish,,,
2024-07-15,GBPUSD,fx,1.8055555555555556,Bullish,,,
2024-07-15,USDJPY,fx,-1.3194444444444444,Bearish,,,
2024-07-15,EURAUD,fx,1.3888888888888888,Bullish,,,
2024-07-15,GBPCHF,fx,1.3194444444444444,Bullish,,,
2024-07-15,GBPAUD,fx,1.4583333333333335,Bullish,,,
2024-07-15,GBPCAD,fx,1.3194444444444444,Bullish,,,
2024-07-16,US-DOLLAR,single,-1.8055555555555556,Bearish,,,
2024-07-16,EURUSD,fx,1.7361111111111112,Bullish,,,
2024-07-16,GBPUSD,fx,1.8055555555555556,Bullish,,,
2024-07-16,USDJPY,fx,-1.3194444444444444,Bearish,,,
2024-07-16,EURAUD,fx,1.3888888888888888,Bullish,,,
2024-07-16,GBPCHF,fx,1.3194444444444444,Bullish,,,
2024-07-16,GBPAUD,fx,1.4583333333333335,Bullish,,,
2024-07-16,GBPCAD,fx,1.3194444444444444,Bullish,,,
2024-07-17,US-DOLLAR,single,-1.3888888888888888,Bearish,,,
2024-07-17,EURUSD,fx,1.5277777777777777,Bullish,,,
2024-07-17,GBPUSD,fx,1.5972222222222223,Bullish,,,
2024-07-17,EURAUD,fx,1.3888888888888888,Bullish,,,
2024-07-17,EURCAD,fx,2.083333333333333,Bullish,,,
2024-07-17,GBPCHF,fx,1.3194444444444444,Bullish,,,
2024-07-17,GBPAUD,fx,1.4583333333333335,Bullish,,,
2024-07-17,GBPCAD,fx,2.1527777777777777,Bullish,,,
2024-07-17,CADJPY,fx,-1.6666666666666665,Bearish,,,
2024-07-17,NZDCAD,fx,1.3888888888888888,Bullish,,,
2024-07-18,US-DOLLAR,single,-1.3888888888888888,Bearish,,,
2024-07-18,EURUSD,fx,1.5277777777777777,Bullish,,,
2024-07-18,GBPUSD,fx,1.3194444444444444,Bullish,,,
2024-07-18,EURAUD,fx,1.3888888888888888,Bullish,,,
2024-07-18,EURCAD,fx,2.083333333333333,Bullish,,,
2024-07-18,GBPCAD,fx,1.875,Bullish,,,
2024-07-18,CADJPY,fx,-1.6666666666666665,Bearish,,,
2024-07-18,NZDCAD,fx,1.3888888888888888,Bullish,,,
2024-07-19,US-DOLLAR,single,-1.9444444444444444,Bearish,,,
2024-07-19,EURUSD,fx,1.8055555555555554,Bullish,,,
2024-07-19,USDJPY,fx,-1.3888888888888888,Bearish,,,
2024-07-19,EURAUD,fx,1.3888888888888888,Bullish,,,
2024-07-19,EURCAD,fx,2.083333333333333,Bullish,,,
2024-07-19,GBPCAD,fx,1.3194444444444444,Bullish,,,
2024-07-19,CADJPY,fx,-1.6666666666666665,Bearish,,,
2024-07-19,NZDCAD,fx,1.3888888888888888,Bullish,,,
2024-07-19,FTSE100,cross-asset,3.333333333333333,Bullish,0.3309736644898833,0.39281126217749707,0.420096884701852
2024-07-22,US-DOLLAR,single,-1.9444444444444444,Bearish,,,
2024-07-22,EURUSD,fx,1.8055555555555554,Bullish,,,
2024-07-22,USDJPY,fx,-1.3888888888888888,Bearish,,,
2024-07-22,EURCHF,fx,2.083333333333333,Bullish,,,
2024-07-22,EURAUD,fx,1.3888888888888888,Bullish,,,
2024-07-22,EURCAD,fx,2.3611111111111107,Bullish,,,
2024-07-22,GBPCAD,fx,1.3888888888888888,Bullish,,,
2024-07-22,CADJPY,fx,-1.9444444444444442,Bearish,,,
2024-07-22,CHFJPY,fx,-1.6666666666666665,Bearish,,,
2024-07-22,NZDCAD,fx,1.6666666666666665,Bullish,,,
2024-07-22,NZDCHF,fx,1.3888888888888888,Bullish,,,
2024-07-23,US-DOLLAR,single,-1.9444444444444444,Bearish,,,
2024-07-23,EURUSD,fx,1.8055555555555554,Bullish,,,
2024-07-23,USDJPY,fx,-1.3888888888888888,Bearish,,,
2024-07-23,EURCHF,fx,2.083333333333333,Bullish,,,
2024-07-23,EURAUD,fx,1.3888888888888888,Bullish,,,
2024-07-23,EURCAD,fx,2.3611111111111107,Bullish,,,
2024-07-23,GBPCAD,fx,1.3888888888888888,Bullish,,,
2024-07-23,CADJPY,fx,-1.9444444444444442,Bearish,,,
2024-07-23,CHFJPY,fx,-1.6666666666666665,Bearish,,,
2024-07-23,NZDCAD,fx,1.6666666666666665,Bullish,,,
2024-07-23,NZDCHF,fx,1.3888888888888888,Bullish,,,
2024-07-24,US-DOLLAR,single,-1.9444444444444444,Bearish,,,
2024-07-24,EURUSD,fx,1.8055555555555554,Bullish,,,
2024-07-24,USDJPY,fx,-1.3888888888888888,Bearish,,,
2024-07-24,EURCHF,fx,2.083333333333333,Bullish,,,
2024-07-24,EURAUD,fx,1.3888888888888888,Bullish,,,
2024-07-24,EURCAD,fx,2.3611111111111107,Bullish,,,
2024-07-24,GBPCAD,fx,1.3888888888888888,Bullish,,,
2024-07-24,CADJPY,fx,-1.9444444444444442,Bearish,,,
2024-07-24,CHFJPY,fx,-1.6666666666666665,Bearish,,,
2024-07-24,NZDCAD,fx,1.6666666666666665,Bullish,,,
2024-07-24,NZDCHF,fx,1.3888888888888888,Bullish,,,
2024-07-25,US-DOLLAR,single,-1.9444444444444444,Bearish,,,
2024-07-25,EURUSD,fx,1.8055555555555554,Bullish,,,
2024-07-25,USDJPY,fx,-1.3888888888888888,Bearish,,,
2024-07-25,EURCHF,fx,2.083333333333333,Bullish,,,
2024-07-25,EURAUD,fx,1.3888888888888888,Bullish,,,
2024-07-25,EURCAD,fx,2.3611111111111107,Bullish,,,
2024-07-25,GBPCAD,fx,1.3888888888888888,Bullish,,,
2024-07-25,CADJPY,fx,-1.9444444444444442,Bearish,,,
2024-07-25,CHFJPY,fx,-1.6666666666666665,Bearish,,,
2024-07-25,NZDCAD,fx,1.6666666666666665,Bullish,,,
2024-07-25,NZDCHF,fx,1.3888888888888888,Bullish,,,
2024-07-26,EURCHF,fx,2.083333333333333,Bullish,,,
2024-07-26,EURAUD,fx,1.3888888888888888,Bullish,,,
2024-07-26,EURCAD,fx,2.3611111111111107,Bullish,,,
2024-07-26,GBPCAD,fx,1.3888888888888888,Bullish,,,
2024-07-26,CADJPY,fx,-1.9444444444444442,Bearish,,,
2024-07-26,CHFJPY,fx,-1.6666666666666665,Bearish,,,
2024-07-26,NZDCAD,fx,1.6666666666666665,Bullish,,,
2024-07-26,NZDCHF,fx,1.3888888888888888,Bullish,,,
2024-07-29,EURAUD,fx,1.3888888888888888,Bullish,,,
2024-07-29,EURCAD,fx,2.3611111111111107,Bullish,,,
2024-07-29,GBPCAD,fx,1.3888888888888888,Bullish,,,
2024-07-29,CADJPY,fx,-1.9444444444444442,Bearish,,,
2024-07-29,NZDCAD,fx,1.6666666666666665,Bullish,,,
2024-07-29,CADCHF,fx,-2.1527777777777777,Bearish,,,
2024-07-30,EURAUD,fx,1.3888888888888888,Bullish,,,
2024-07-30,EURCAD,fx,2.3611111111111107,Bullish,,,
2024-07-30,GBPCAD,fx,1.3888888888888888,Bullish,,,
2024-07-30,AUDJPY,fx,-1.3888888888888888,Bearish,,,
2024-07-30,CADJPY,fx,-2.3611111111111107,Bearish,,,
2024-07-30,NZDCAD,fx,1.6666666666666665,Bullish,,,
2024-07-30,CADCHF,fx,-2.1527777777777777,Bearish,,,
2024-07-31,EURAUD,fx,1.3888888888888888,Bullish,,,
2024-07-31,EURCAD,fx,2.3611111111111107,Bullish,,,
2024-07-31,GBPCAD,fx,1.3888888888888888,Bullish,,,
2024-07-31,CADJPY,fx,-1.5277777777777777,Bearish,,,
2024-07-31,NZDCAD,fx,1.6666666666666665,Bullish,,,
2024-07-31,CADCHF,fx,-2.1527777777777777,Bearish,,,
2024-08-01,EURAUD,fx,2.222222222222222,Bullish,,,
2024-08-01,EURCAD,fx,1.8055555555555554,Bullish,,,
2024-08-01,AUDJPY,fx,-1.3888888888888886,Bearish,,,
2024-08-01,AUDNZD,fx,-1.5277777777777775,Bearish,,,
2024-08-01,AUDCHF,fx,-2.0138888888888884,Bearish,,,
2024-08-01,CADCHF,fx,-1.5972222222222223,Bearish,,,
2024-08-02,US-DOLLAR,single,-1.5277777777777777,Bearish,,,
2024-08-02,USDCHF,fx,-1.3888888888888888,Bearish,,,
2024-08-02,EURAUD,fx,1.8055555555555554,Bullish,,,
2024-08-02,EURCAD,fx,1.3888888888888888,Bullish,,,
2024-08-02,AUDJPY,fx,-1.3888888888888886,Bearish,,,
2024-08-02,AUDNZD,fx,-1.5277777777777775,Bearish,,,
2024-08-02,AUDCHF,fx,-2.0138888888888884,Bearish,,,
2024-08-02,CADCHF,fx,-1.5972222222222223,Bearish,,,
2024-08-05,US-DOLLAR,single,-1.8055555555555556,Bearish,,,
2024-08-05,EURUSD,fx,1.3194444444444444,Bullish,,,
2024-08-05,USDCHF,fx,-1.3194444444444444,Bearish,,,
2024-08-05,EURAUD,fx,1.8055555555555554,Bullish,,,
2024-08-05,EURCAD,fx,1.3888888888888888,Bullish,,,
2024-08-05,AUDJPY,fx,-1.3888888888888886,Bearish,,,
2024-08-05,AUDNZD,fx,-1.5277777777777775,Bearish,,,
2024-08-05,AUDCHF,fx,-1.8055555555555554,Bearish,,,
2024-08-05,CADCHF,fx,-1.3888888888888888,Bearish,,,
2024-08-06,USDJPY,fx,-1.3194444444444442,Bearish,,,
2024-08-06,EURAUD,fx,2.083333333333333,Bullish,,,
2024-08-06,EURCAD,fx,1.6666666666666665,Bullish,,,
2024-08-06,GBPJPY,fx,-1.3888888888888888,Bearish,,,
2024-08-06,AUDJPY,fx,-2.222222222222222,Bearish,,,
2024-08-06,CADJPY,fx,-1.8055555555555554,Bearish,,,
2024-08-06,AUDNZD,fx,-1.5277777777777775,Bearish,,,
2024-08-06,AUDCHF,fx,-1.8055555555555554,Bearish,,,
2024-08-06,CADCHF,fx,-1.3888888888888888,Bearish,,,
2024-08-06,NIKKEI,cross-asset,-3.333333333333333,Bearish,,,
2024-08-07,USDJPY,fx,-1.3194444444444442,Bearish,,,
2024-08-07,EURAUD,fx,1.6666666666666663,Bullish,,,
2024-08-07,GBPJPY,fx,-1.3888888888888888,Bearish,,,
2024-08-07,AUDJPY,fx,-2.222222222222222,Bearish,,,
2024-08-07,CADJPY,fx,-1.8055555555555554,Bearish,,,
2024-08-07,AUDNZD,fx,-2.083333333333333,Bearish,,,
2024-08-07,AUDCHF,fx,-1.3888888888888886,Bearish,,,
2024-08-07,NZDCAD,fx,1.6666666666666665,Bullish,,,
2024-08-07,NIKKEI,cross-asset,-3.333333333333333,Bearish,,,
2024-08-08,USDJPY,fx,-1.3194444444444442,Bearish,,,
2024-08-08,EURAUD,fx,1.6666666666666663,Bullish,,,
2024-08-08,GBPJPY,fx,-1.3888888888888888,Bearish,,,
2024-08-08,AUDJPY,fx,-2.222222222222222,Bearish,,,
2024-08-08,CADJPY,fx,-1.8055555555555554,Bearish,,,
2024-08-08,AUDNZD,fx,-2.083333333333333,Bearish,,,
2024-08-08,AUDCHF,fx,-1.3888888888888886,Bearish,,,
2024-08-08,NZDCAD,fx,1.6666666666666665,Bullish,,,
2024-08-08,NIKKEI,cross-asset,-3.333333333333333,Bearish,,,
2024-08-09,EURAUD,fx,1.6666666666666663,Bullish,,,
2024-08-09,GBPJPY,fx,-1.3888888888888888,Bearish,,,
2024-08-09,AUDJPY,fx,-2.222222222222222,Bearish,,,
2024-08-09,CADJPY,fx,-1.8055555555555554,Bearish,,,
2024-08-09,AUDNZD,fx,-2.083333333333333,Bearish,,,
2024-08-09,AUDCHF,fx,-1.3888888888888886,Bearish,,,
2024-08-09,NZDCAD,fx,1.6666666666666665,Bullish,,,
2024-08-09,NIKKEI,cross-asset,-3.333333333333333,Bearish,,,
2024-08-12,EURAUD,fx,1.6666666666666663,Bullish,,,
2024-08-12,GBPJPY,fx,-1.3888888888888888,Bearish,,,
2024-08-12,AUDJPY,fx,-2.222222222222222,Bearish,,,
2024-08-12,AUDNZD,fx,-2.083333333333333,Bearish,,,
2024-08-12,AUDCHF,fx,-1.3888888888888886,Bearish,,,
2024-08-12,NIKKEI,cross-asset,-3.333333333333333,Bearish,,,
2024-08-13,EURAUD,fx,1.6666666666666663,Bullish,,,
2024-08-13,GBPJPY,fx,-1.3888888888888888,Bearish,,,
2024-08-13,AUDJPY,fx,-2.222222222222222,Bearish,,,
2024-08-13,AUDNZD,fx,-2.083333333333333,Bearish,,,
2024-08-13,AUDCHF,fx,-1.3888888888888886,Bearish,,,
2024-08-13,NIKKEI,cross-asset,-3.333333333333333,Bearish,,,
2024-08-14,EURAUD,fx,1.6666666666666663,Bullish,,,
2024-08-14,GBPAUD,fx,1.9444444444444442,Bullish,,,
2024-08-14,AUDJPY,fx,-2.222222222222222,Bearish,,,
2024-08-14,AUDNZD,fx,-2.083333333333333,Bearish,,,
2024-08-14,AUDCHF,fx,-1.3888888888888886,Bearish,,,
2024-08-14,NIKKEI,cross-asset,-3.333333333333333,Bearish,,,
2024-08-15,AUDUSD,fx,-1.3888888888888886,Bearish,,,
2024-08-15,EURAUD,fx,1.6666666666666663,Bullish,,,
2024-08-15,GBPAUD,fx,1.9444444444444442,Bullish,,,
2024-08-15,AUDJPY,fx,-2.222222222222222,Bearish,,,
2024-08-15,AUDNZD,fx,-2.083333333333333,Bearish,,,
2024-08-15,AUDCHF,fx,-1.3888888888888886,Bearish,,,
2024-08-15,NIKKEI,cross-asset,-3.333333333333333,Bearish,,,
2024-08-16,AUDUSD,fx,-1.3194444444444444,Bearish,,,
2024-08-16,EURAUD,fx,1.3888888888888888,Bullish,,,
2024-08-16,GBPAUD,fx,1.6666666666666667,Bullish,,,
2024-08-16,AUDJPY,fx,-1.9444444444444444,Bearish,,,
2024-08-16,AUDNZD,fx,-2.2222222222222223,Bearish,,,
2024-08-16,NIKKEI,cross-asset,-3.333333333333333,Bearish,,,
2024-08-19,AUDUSD,fx,-1.3194444444444444,Bearish,,,
2024-08-19,EURAUD,fx,1.3888888888888888,Bullish,,,
2024-08-19,GBPAUD,fx,1.6666666666666667,Bullish,,,
2024-08-19,AUDJPY,fx,-1.9444444444444444,Bearish,,,
2024-08-19,AUDNZD,fx,-2.2222222222222223,Bearish,,,
2024-08-19,NIKKEI,cross-asset,-3.333333333333333,Bearish,,,
2024-08-20,AUDUSD,fx,-1.3194444444444444,Bearish,,,
2024-08-20,EURAUD,fx,1.3888888888888888,Bullish,,,
2024-08-20,GBPAUD,fx,1.6666666666666667,Bullish,,,
2024-08-20,AUDJPY,fx,-1.9444444444444444,Bearish,,,
2024-08-20,AUDNZD,fx,-2.2222222222222223,Bearish,,,
2024-08-20,NIKKEI,cross-asset,-3.333333333333333,Bearish,,,
2024-08-21,AUDUSD,fx,-1.3194444444444444,Bearish,,,
2024-08-21,EURAUD,fx,1.3888888888888888,Bullish,,,
2024-08-21,GBPAUD,fx,1.6666666666666667,Bullish,,,
2024-08-21,AUDJPY,fx,-1.9444444444444444,Bearish,,,
2024-08-21,AUDNZD,fx,-2.2222222222222223,Bearish,,,
2024-08-21,AUDCAD,fx,-1.3888888888888888,Bearish,,,
2024-08-21,NIKKEI,cross-asset,-3.333333333333333,Bearish,,,
2024-08-22,AUDUSD,fx,-1.3194444444444444,Bearish,,,
2024-08-22,EURAUD,fx,1.3888888888888888,Bullish,,,
2024-08-22,GBPAUD,fx,1.6666666666666667,Bullish,,,
2024-08-22,AUDJPY,fx,-1.9444444444444444,Bearish,,,
2024-08-22,AUDNZD,fx,-2.2222222222222223,Bearish,,,
2024-08-22,AUDCAD,fx,-1.3888888888888888,Bearish,,,
2024-08-22,NIKKEI,cross-asset,-3.333333333333333,Bearish,,,
2024-08-23,EURAUD,fx,1.3888888888888888,Bullish,,,
2024-08-23,GBPAUD,fx,1.6666666666666667,Bullish,,,
2024-08-23,AUDJPY,fx,-2.361111111111111,Bearish,,,
2024-08-23,AUDNZD,fx,-2.2222222222222223,Bearish,,,
2024-08-23,AUDCAD,fx,-1.3888888888888888,Bearish,,,
2024-08-23,NIKKEI,cross-asset,-3.333333333333333,Bearish,,,
2024-08-26,EURAUD,fx,1.3888888888888888,Bullish,,,
2024-08-26,GBPAUD,fx,1.6666666666666667,Bullish,,,
2024-08-26,AUDJPY,fx,-2.361111111111111,Bearish,,,
2024-08-26,AUDNZD,fx,-2.2222222222222223,Bearish,,,
2024-08-26,AUDCAD,fx,-1.6666666666666667,Bearish,,,
2024-08-26,NIKKEI,cross-asset,-3.333333333333333,Bearish,,,
2024-08-27,EURAUD,fx,1.3888888888888888,Bullish,,,
2024-08-27,GBPAUD,fx,1.6666666666666667,Bullish,,,
2024-08-27,AUDJPY,fx,-2.361111111111111,Bearish,,,
2024-08-27,AUDNZD,fx,-2.2222222222222223,Bearish,,,
2024-08-27,AUDCAD,fx,-1.6666666666666667,Bearish,,,
2024-08-27,NIKKEI,cross-asset,-3.333333333333333,Bearish,,,
2024-08-28,EURAUD,fx,1.3888888888888888,Bullish,,,
2024-08-28,GBPAUD,fx,1.6666666666666667,Bullish,,,
2024-08-28,AUDJPY,fx,-1.9444444444444444,Bearish,,,
2024-08-28,AUDNZD,fx,-2.2222222222222223,Bearish,,,
2024-08-28,AUDCAD,fx,-1.6666666666666667,Bearish,,,
2024-08-28,NIKKEI,cross-asset,-3.333333333333333,Bearish,,,
2024-08-29,GBPAUD,fx,1.3888888888888888,Bullish,,,
2024-08-29,AUDJPY,fx,-1.6666666666666665,Bearish,,,
2024-08-29,AUDNZD,fx,-1.9444444444444444,Bearish,,,
2024-08-29,AUDCAD,fx,-1.3888888888888888,Bearish,,,
2024-08-29,NIKKEI,cross-asset,-3.333333333333333,Bearish,,,
2024-08-30,GBPAUD,fx,1.3888888888888888,Bullish,,,
2024-08-30,NZDJPY,fx,1.5277777777777777,Bullish,,,
2024-08-30,AUDNZD,fx,-1.9444444444444444,Bearish,,,
2024-08-30,AUDCAD,fx,-1.3888888888888888,Bearish,,,
2024-09-02,EURJPY,fx,1.5277777777777777,Bullish,,,
2024-09-02,EURAUD,fx,1.9444444444444444,Bullish,,,
2024-09-02,GBPJPY,fx,1.5277777777777777,Bullish,,,
2024-09-02,GBPAUD,fx,1.9444444444444444,Bullish,,,
2024-09-02,NZDJPY,fx,1.5277777777777777,Bullish,,,
2024-09-02,AUDNZD,fx,-1.9444444444444444,Bearish,,,
2024-09-02,AUDCAD,fx,-1.3888888888888888,Bearish,,,
2024-09-03,USDCHF,fx,-1.597222222222222,Bearish,,,
2024-09-03,EURJPY,fx,1.5277777777777777,Bullish,,,
2024-09-03,EURAUD,fx,1.9444444444444444,Bullish,,,
2024-09-03,GBPJPY,fx,1.5277777777777777,Bullish,,,
2024-09-03,GBPAUD,fx,1.9444444444444444,Bullish,,,
2024-09-03,NZDJPY,fx,1.5277777777777777,Bullish,,,
2024-09-03,CADJPY,fx,1.5277777777777777,Bullish,,,
2024-09-03,CHFJPY,fx,2.083333333333333,Bullish,,,
2024-09-03,AUDNZD,fx,-1.9444444444444444,Bearish,,,
2024-09-03,AUDCAD,fx,-1.9444444444444444,Bearish,,,
2024-09-03,AUDCHF,fx,-2.5,Bearish,,,
2024-09-04,USDCHF,fx,-1.3888888888888888,Bearish,,,
2024-09-04,EURJPY,fx,1.5277777777777777,Bullish,,,
2024-09-04,EURAUD,fx,1.9444444444444444,Bullish,,,
2024-09-04,GBPJPY,fx,1.5277777777777777,Bullish,,,
2024-09-04,GBPAUD,fx,1.9444444444444444,Bullish,,,
2024-09-04,NZDJPY,fx,1.5277777777777777,Bullish,,,
2024-09-04,CHFJPY,fx,2.083333333333333,Bullish,,,
2024-09-04,AUDNZD,fx,-1.9444444444444444,Bearish,,,
2024-09-04,AUDCAD,fx,-1.3888888888888888,Bearish,,,
2024-09-04,AUDCHF,fx,-2.5,Bearish,,,
2024-09-05,GBPUSD,fx,1.3888888888888888,Bullish,,,
2024-09-05,USDJPY,fx,1.3888888888888888,Bullish,,,
2024-09-05,USDCHF,fx,-1.5277777777777777,Bearish,,,
2024-09-05,EURJPY,fx,2.361111111111111,Bullish,,,
2024-09-05,GBPJPY,fx,2.7777777777777777,Bullish,,,
2024-09-05,GBPAUD,fx,1.5277777777777777,Bullish,,,
2024-09-05,NZDJPY,fx,2.361111111111111,Bullish,,,
2024-09-05,CADJPY,fx,1.8055555555555556,Bullish,,,
2024-09-05,CHFJPY,fx,2.9166666666666665,Bullish,,,
2024-09-05,AUDCHF,fx,-1.6666666666666665,Bearish,,,
2024-09-06,EURUSD,fx,1.5277777777777777,Bullish,,,
2024-09-06,GBPUSD,fx,1.7361111111111107,Bullish,,,
2024-09-06,USDCHF,fx,-1.6666666666666665,Bearish,,,
2024-09-06,EURJPY,fx,2.7777777777777777,Bullish,,,
2024-09-06,EURAUD,fx,1.5277777777777777,Bullish,,,
2024-09-06,GBPJPY,fx,2.9861111111111107,Bullish,,,
2024-09-06,GBPAUD,fx,1.7361111111111107,Bullish,,,
2024-09-06,NZDJPY,fx,2.361111111111111,Bullish,,,
2024-09-06,CADJPY,fx,1.8055555555555556,Bullish,,,
2024-09-06,CHFJPY,fx,2.9166666666666665,Bullish,,,
2024-09-06,AUDCHF,fx,-1.6666666666666665,Bearish,,,
2024-09-09,EURUSD,fx,1.3888888888888888,Bullish,,,
2024-09-09,GBPUSD,fx,1.5972222222222219,Bullish,,,
2024-09-09,USDJPY,fx,1.3888888888888888,Bullish,,,
2024-09-09,USDCHF,fx,-1.5277777777777777,Bearish,,,
2024-09-09,EURJPY,fx,2.7777777777777777,Bullish,,,
2024-09-09,EURAUD,fx,1.5277777777777777,Bullish,,,
2024-09-09,EURCAD,fx,1.3888888888888888,Bullish,,,
2024-09-09,GBPJPY,fx,2.9861111111111107,Bullish,,,
2024-09-09,GBPAUD,fx,1.7361111111111107,Bullish,,,
2024-09-09,GBPCAD,fx,1.5972222222222219,Bullish,,,
2024-09-09,NZDJPY,fx,2.361111111111111,Bullish,,,
2024-09-09,CADJPY,fx,1.3888888888888888,Bullish,,,
2024-09-09,CHFJPY,fx,2.9166666666666665,Bullish,,,
2024-09-09,AUDCHF,fx,-1.6666666666666665,Bearish,,,
2024-09-09,CADCHF,fx,-1.5277777777777777,Bearish,,,
2024-09-10,EURUSD,fx,1.3888888888888888,Bullish,,,
2024-09-10,GBPUSD,fx,1.5972222222222219,Bullish,,,
2024-09-10,USDJPY,fx,1.3888888888888888,Bullish,,,
2024-09-10,USDCHF,fx,-1.5277777777777777,Bearish,,,
2024-09-10,EURJPY,fx,2.7777777777777777,Bullish,,,
2024-09-10,EURAUD,fx,1.5277777777777777,Bullish,,,
2024-09-10,EURCAD,fx,1.3888888888888888,Bullish,,,
2024-09-10,GBPJPY,fx,2.9861111111111107,Bullish,,,
2024-09-10,GBPAUD,fx,1.7361111111111107,Bullish,,,
2024-09-10,GBPCAD,fx,1.5972222222222219,Bullish,,,
2024-09-10,NZDJPY,fx,2.361111111111111,Bullish,,,
2024-09-10,CADJPY,fx,1.3888888888888888,Bullish,,,
2024-09-10,CHFJPY,fx,2.9166666666666665,Bullish,,,
2024-09-10,AUDCHF,fx,-1.6666666666666665,Bearish,,,
2024-09-10,CADCHF,fx,-1.5277777777777777,Bearish,,,
2024-09-11,EURUSD,fx,1.3888888888888888,Bullish,,,
2024-09-11,USDJPY,fx,1.3888888888888888,Bullish,,,
2024-09-11,USDCHF,fx,-1.5277777777777777,Bearish,,,
2024-09-11,EURGBP,fx,1.4583333333333333,Bullish,,,
2024-09-11,EURJPY,fx,2.7777777777777777,Bullish,,,
2024-09-11,EURAUD,fx,1.5277777777777777,Bullish,,,
2024-09-11,EURCAD,fx,1.3888888888888888,Bullish,,,
2024-09-11,GBPJPY,fx,1.3194444444444444,Bullish,,,
2024-09-11,GBPCHF,fx,-1.597222222222222,Bearish,,,
2024-09-11,NZDJPY,fx,2.361111111111111,Bullish,,,
2024-09-11,CADJPY,fx,1.3888888888888888,Bullish,,,
2024-09-11,CHFJPY,fx,2.9166666666666665,Bullish,,,
2024-09-11,AUDCHF,fx,-1.6666666666666665,Bearish,,,
2024-09-11,CADCHF,fx,-1.5277777777777777,Bearish,,,
2024-09-11,FTSE100,cross-asset,3.333333333333333,Bullish,0.3309736644898833,0.39281126217749707,0.420096884701852
2024-09-12,USDJPY,fx,1.8055555555555556,Bullish,,,
2024-09-12,EURGBP,fx,1.4583333333333333,Bullish,,,
2024-09-12,EURJPY,fx,2.7777777777777777,Bullish,,,
2024-09-12,EURAUD,fx,1.5277777777777777,Bullish,,,
2024-09-12,EURCAD,fx,1.3888888888888888,Bullish,,,
2024-09-12,GBPJPY,fx,1.3194444444444444,Bullish,,,
2024-09-12,GBPCHF,fx,-1.597222222222222,Bearish,,,
2024-09-12,NZDJPY,fx,2.361111111111111,Bullish,,,
2024-09-12,CADJPY,fx,1.3888888888888888,Bullish,,,
2024-09-12,CHFJPY,fx,2.9166666666666665,Bullish,,,
2024-09-12,AUDCHF,fx,-1.6666666666666665,Bearish,,,
2024-09-12,CADCHF,fx,-1.5277777777777777,Bearish,,,
2024-09-12,FTSE100,cross-asset,3.333333333333333,Bullish,0.3309736644898833,0.39281126217749707,0.420096884701852
2024-09-13,USDJPY,fx,1.8055555555555556,Bullish,,,
2024-09-13,EURGBP,fx,1.4583333333333333,Bullish,,,
2024-09-13,EURJPY,fx,2.7777777777777777,Bullish,,,
2024-09-13,EURAUD,fx,1.5277777777777777,Bullish,,,
2024-09-13,EURCAD,fx,1.3888888888888888,Bullish,,,
2024-09-13,GBPJPY,fx,1.3194444444444444,Bullish,,,
2024-09-13,GBPCHF,fx,-1.597222222222222,Bearish,,,
2024-09-13,NZDJPY,fx,2.361111111111111,Bullish,,,
2024-09-13,CADJPY,fx,1.3888888888888888,Bullish,,,
2024-09-13,CHFJPY,fx,2.9166666666666665,Bullish,,,
2024-09-13,AUDCHF,fx,-1.6666666666666665,Bearish,,,
2024-09-13,CADCHF,fx,-1.5277777777777777,Bearish,,,
2024-09-13,FTSE100,cross-asset,3.333333333333333,Bullish,0.3309736644898833,0.39281126217749707,0.420096884701852
2024-09-16,USDJPY,fx,1.8055555555555556,Bullish,,,
2024-09-16,EURGBP,fx,1.4583333333333333,Bullish,,,
2024-09-16,EURJPY,fx,2.7777777777777777,Bullish,,,
2024-09-16,EURAUD,fx,1.5277777777777777,Bullish,,,
2024-09-16,EURCAD,fx,1.3888888888888888,Bullish,,,
2024-09-16,GBPJPY,fx,1.3194444444444444,Bullish,,,
2024-09-16,GBPCHF,fx,-1.597222222222222,Bearish,,,
2024-09-16,NZDJPY,fx,2.361111111111111,Bullish,,,
2024-09-16,CADJPY,fx,1.3888888888888888,Bullish,,,
2024-09-16,CHFJPY,fx,2.9166666666666665,Bullish,,,
2024-09-16,AUDCHF,fx,-1.6666666666666665,Bearish,,,
2024-09-16,CADCHF,fx,-1.5277777777777777,Bearish,,,
2024-09-16,FTSE100,cross-asset,3.333333333333333,Bullish,0.3309736644898833,0.39281126217749707,0.420096884701852
2024-09-17,USDJPY,fx,1.8055555555555556,Bullish,,,
2024-09-17,EURGBP,fx,1.4583333333333333,Bullish,,,
2024-09-17,EURJPY,fx,2.7777777777777777,Bullish,,,
2024-09-17,EURAUD,fx,1.5277777777777777,Bullish,,,
2024-09-17,EURCAD,fx,1.3888888888888888,Bullish,,,
2024-09-17,GBPJPY,fx,1.3194444444444444,Bullish,,,
2024-09-17,GBPCHF,fx,-1.597222222222222,Bearish,,,
2024-09-17,NZDJPY,fx,2.361111111111111,Bullish,,,
2024-09-17,CADJPY,fx,1.3888888888888888,Bullish,,,
2024-09-17,CHFJPY,fx,2.9166666666666665,Bullish,,,
2024-09-17,AUDCHF,fx,-1.6666666666666665,Bearish,,,
2024-09-17,CADCHF,fx,-1.5277777777777777,Bearish,,,
2024-09-17,FTSE100,cross-asset,3.333333333333333,Bullish,0.3309736644898833,0.39281126217749707,0.420096884701852
2024-09-18,EURUSD,fx,1.3888888888888888,Bullish,,,
2024-09-18,USDJPY,fx,1.3888888888888888,Bullish,,,
2024-09-18,USDCHF,fx,-1.5277777777777777,Bearish,,,
2024-09-18,EURGBP,fx,1.4583333333333333,Bullish,,,
2024-09-18,EURJPY,fx,2.7777777777777777,Bullish,,,
2024-09-18,EURAUD,fx,1.5277777777777777,Bullish,,,
2024-09-18,EURCAD,fx,1.3888888888888888,Bullish,,,
2024-09-18,GBPJPY,fx,1.3194444444444444,Bullish,,,
2024-09-18,GBPCHF,fx,-1.597222222222222,Bearish,,,
2024-09-18,NZDJPY,fx,2.361111111111111,Bullish,,,
2024-09-18,CADJPY,fx,1.3888888888888888,Bullish,,,
2024-09-18,CHFJPY,fx,2.9166666666666665,Bullish,,,
2024-09-18,AUDCHF,fx,-1.6666666666666665,Bearish,,,
2024-09-18,CADCHF,fx,-1.5277777777777777,Bearish,,,
2024-09-18,FTSE100,cross-asset,3.333333333333333,Bullish,0.3309736644898833,0.39281126217749707,0.420096884701852
2024-09-19,EURUSD,fx,1.3888888888888888,Bullish,,,
2024-09-19,USDJPY,fx,1.3888888888888888,Bullish,,,
2024-09-19,USDCHF,fx,-1.5277777777777777,Bearish,,,
2024-09-19,EURGBP,fx,1.4583333333333333,Bullish,,,
2024-09-19,EURJPY,fx,2.7777777777777777,Bullish,,,
2024-09-19,EURAUD,fx,1.5277777777777777,Bullish,,,
2024-09-19,EURCAD,fx,1.3888888888888888,Bullish,,,
2024-09-19,GBPJPY,fx,1.3194444444444444,Bullish,,,
2024-09-19,GBPCHF,fx,-1.597222222222222,Bearish,,,
2024-09-19,NZDJPY,fx,1.9444444444444442,Bullish,,,
2024-09-19,CADJPY,fx,1.3888888888888888,Bullish,,,
2024-09-19,CHFJPY,fx,2.9166666666666665,Bullish,,,
2024-09-19,AUDCHF,fx,-1.6666666666666665,Bearish,,,
2024-09-19,CADCHF,fx,-1.5277777777777777,Bearish,,,
2024-09-19,FTSE100,cross-asset,3.333333333333333,Bullish,0.3309736644898833,0.39281126217749707,0.420096884701852
2024-09-20,USDJPY,fx,1.5277777777777777,Bullish,,,
2024-09-20,USDCHF,fx,-1.3888888888888888,Bearish,,,
2024-09-20,EURGBP,fx,1.4583333333333333,Bullish,,,
2024-09-20,EURJPY,fx,2.7777777777777777,Bullish,,,
2024-09-20,EURAUD,fx,1.8055555555555554,Bullish,,,
2024-09-20,EURCAD,fx,1.3888888888888888,Bullish,,,
2024-09-20,GBPJPY,fx,1.3194444444444444,Bullish,,,
2024-09-20,GBPCHF,fx,-1.597222222222222,Bearish,,,
2024-09-20,NZDJPY,fx,1.9444444444444442,Bullish,,,
2024-09-20,CADJPY,fx,1.3888888888888888,Bullish,,,
2024-09-20,CHFJPY,fx,2.9166666666666665,Bullish,,,
2024-09-20,AUDCHF,fx,-1.9444444444444442,Bearish,,,
2024-09-20,CADCHF,fx,-1.5277777777777777,Bearish,,,
2024-09-20,FTSE100,cross-asset,3.333333333333333,Bullish,0.3309736644898833,0.39281126217749707,0.420096884701852
2024-09-23,USDJPY,fx,1.5277777777777777,Bullish,,,
2024-09-23,USDCHF,fx,-1.3888888888888888,Bearish,,,
2024-09-23,EURGBP,fx,1.4583333333333333,Bullish,,,
2024-09-23,EURJPY,fx,2.7777777777777777,Bullish,,,
2024-09-23,EURAUD,fx,1.8055555555555554,Bullish,,,
2024-09-23,GBPJPY,fx,1.3194444444444444,Bullish,,,
2024-09-23,GBPCHF,fx,-1.597222222222222,Bearish,,,
2024-09-23,NZDJPY,fx,1.9444444444444442,Bullish,,,
2024-09-23,CADJPY,fx,1.6666666666666665,Bullish,,,
2024-09-23,CHFJPY,fx,2.9166666666666665,Bullish,,,
2024-09-23,AUDCHF,fx,-1.9444444444444442,Bearish,,,
2024-09-23,FTSE100,cross-asset,3.333333333333333,Bullish,0.3309736644898833,0.39281126217749707,0.420096884701852
2024-09-24,USDJPY,fx,1.5277777777777777,Bullish,,,
2024-09-24,USDCHF,fx,-1.3888888888888888,Bearish,,,
2024-09-24,EURGBP,fx,1.4583333333333333,Bullish,,,
2024-09-24,EURJPY,fx,2.7777777777777777,Bullish,,,
2024-09-24,EURAUD,fx,1.8055555555555554,Bullish,,,
2024-09-24,GBPJPY,fx,1.3194444444444444,Bullish,,,
2024-09-24,GBPCHF,fx,-1.597222222222222,Bearish,,,
2024-09-24,NZDJPY,fx,1.9444444444444442,Bullish,,,
2024-09-24,CADJPY,fx,1.6666666666666665,Bullish,,,
2024-09-24,CHFJPY,fx,2.9166666666666665,Bullish,,,
2024-09-24,AUDCHF,fx,-1.9444444444444442,Bearish,,,
2024-09-24,FTSE100,cross-asset,3.333333333333333,Bullish,0.3309736644898833,0.39281126217749707,0.420096884701852
2024-09-25,USDJPY,fx,1.5277777777777777,Bullish,,,
2024-09-25,USDCHF,fx,-1.3888888888888888,Bearish,,,
2024-09-25,EURGBP,fx,1.4583333333333333,Bullish,,,
2024-09-25,EURJPY,fx,2.7777777777777777,Bullish,,,
2024-09-25,EURAUD,fx,1.8055555555555554,Bullish,,,
2024-09-25,GBPJPY,fx,1.3194444444444444,Bullish,,,
2024-09-25,GBPCHF,fx,-1.597222222222222,Bearish,,,
2024-09-25,NZDJPY,fx,1.9444444444444442,Bullish,,,
2024-09-25,CADJPY,fx,1.6666666666666665,Bullish,,,
2024-09-25,CHFJPY,fx,2.9166666666666665,Bullish,,,
2024-09-25,AUDCHF,fx,-1.9444444444444442,Bearish,,,
2024-09-25,FTSE100,cross-asset,3.333333333333333,Bullish,0.3309736644898833,0.39281126217749707,0.420096884701852
2024-09-26,USDCHF,fx,-1.3888888888888888,Bearish,,,
2024-09-26,EURGBP,fx,1.4583333333333333,Bullish,,,
2024-09-26,EURJPY,fx,2.3611111111111107,Bullish,,,
2024-09-26,EURAUD,fx,2.083333333333333,Bullish,,,
2024-09-26,GBPCHF,fx,-1.597222222222222,Bearish,,,
2024-09-26,NZDJPY,fx,1.5277777777777777,Bullish,,,
2024-09-26,CHFJPY,fx,2.5,Bullish,,,
2024-09-26,AUDCHF,fx,-2.2222222222222223,Bearish,,,
2024-09-26,FTSE100,cross-asset,3.333333333333333,Bullish,0.3309736644898833,0.39281126217749707,0.420096884701852
2024-09-27,EURUSD,fx,1.3888888888888888,Bullish,,,
2024-09-27,USDCHF,fx,-1.5277777777777777,Bearish,,,
2024-09-27,EURGBP,fx,1.4583333333333333,Bullish,,,
2024-09-27,EURJPY,fx,2.3611111111111107,Bullish,,,
2024-09-27,EURAUD,fx,2.083333333333333,Bullish,,,
2024-09-27,GBPCHF,fx,-1.597222222222222,Bearish,,,
2024-09-27,NZDJPY,fx,1.5277777777777777,Bullish,,,
2024-09-27,CHFJPY,fx,2.5,Bullish,,,
2024-09-27,AUDCHF,fx,-2.2222222222222223,Bearish,,,
2024-09-27,FTSE100,cross-asset,3.333333333333333,Bullish,0.3309736644898833,0.39281126217749707,0.420096884701852
2024-09-30,EURUSD,fx,1.8055555555555554,Bullish,,,
2024-09-30,USDCHF,fx,-1.9444444444444442,Bearish,,,
2024-09-30,EURGBP,fx,1.4583333333333333,Bullish,,,
2024-09-30,EURJPY,fx,2.3611111111111107,Bullish,,,
2024-09-30,EURAUD,fx,2.083333333333333,Bullish,,,
2024-09-30,GBPCHF,fx,-1.597222222222222,Bearish,,,
2024-09-30,NZDJPY,fx,1.5277777777777777,Bullish,,,
2024-09-30,CHFJPY,fx,2.5,Bullish,,,
2024-09-30,AUDCHF,fx,-2.2222222222222223,Bearish,,,
2024-09-30,FTSE100,cross-asset,3.333333333333333,Bullish,0.3309736644898833,0.39281126217749707,0.420096884701852
2024-10-01,EURUSD,fx,1.8055555555555554,Bullish,,,
2024-10-01,USDCHF,fx,-1.9444444444444442,Bearish,,,
2024-10-01,EURGBP,fx,1.4583333333333333,Bullish,,,
2024-10-01,EURAUD,fx,2.083333333333333,Bullish,,,
2024-10-01,GBPCHF,fx,-1.597222222222222,Bearish,,,
2024-10-01,AUDCHF,fx,-2.2222222222222223,Bearish,,,
2024-10-01,FTSE100,cross-asset,3.333333333333333,Bullish,0.3309736644898833,0.39281126217749707,0.420096884701852
2024-10-02,EURUSD,fx,1.5277777777777777,Bullish,,,
2024-10-02,EURAUD,fx,2.083333333333333,Bullish,,,
2024-10-02,AUDCHF,fx,-1.3888888888888888,Bearish,,,
2024-10-02,FTSE100,cross-asset,3.333333333333333,Bullish,0.3309736644898833,0.39281126217749707,0.420096884701852
2024-10-03,EURAUD,fx,1.6666666666666667,Bullish,,,
2024-10-03,AUDCHF,fx,-1.3888888888888888,Bearish,,,
2024-10-03,FTSE100,cross-asset,3.333333333333333,Bullish,0.3309736644898833,0.39281126217749707,0.420096884701852
2024-10-04,EURAUD,fx,1.3888888888888888,Bullish,,,
2024-10-04,FTSE100,cross-asset,3.333333333333333,Bullish,0.3309736644898833,0.39281126217749707,0.420096884701852
2024-10-07,EURAUD,fx,1.3888888888888888,Bullish,,,
2024-10-07,FTSE100,cross-asset,3.333333333333333,Bullish,0.3309736644898833,0.39281126217749707,0.420096884701852
2024-10-08,EURAUD,fx,1.3888888888888888,Bullish,,,
2024-10-08,FTSE100,cross-asset,3.333333333333333,Bullish,0.3309736644898833,0.39281126217749707,0.420096884701852
2024-10-09,EURAUD,fx,1.3888888888888888,Bullish,,,
2024-10-09,FTSE100,cross-asset,3.333333333333333,Bullish,0.3309736644898833,0.39281126217749707,0.420096884701852
2024-10-10,EURAUD,fx,1.3888888888888888,Bullish,,,
2024-10-10,FTSE100,cross-asset,3.333333333333333,Bullish,0.3309736644898833,0.39281126217749707,0.420096884701852
2024-10-11,EURAUD,fx,1.3888888888888888,Bullish,,,
2024-10-11,FTSE100,cross-asset,3.333333333333333,Bullish,0.3309736644898833,0.39281126217749707,0.420096884701852
2024-10-14,EURAUD,fx,1.3888888888888888,Bullish,,,
2024-10-14,GBPCAD,fx,-2.013888888888889,Bearish,,,
2024-10-14,AUDCAD,fx,-2.2222222222222223,Bearish,,,
2024-10-15,EURAUD,fx,1.3888888888888888,Bullish,,,
2024-10-15,GBPCAD,fx,-2.013888888888889,Bearish,,,
2024-10-15,AUDCAD,fx,-2.2222222222222223,Bearish,,,
2024-10-16,EURAUD,fx,1.3888888888888888,Bullish,,,
2024-10-16,AUDCAD,fx,-1.9444444444444442,Bearish,,,
2024-10-17,EURGBP,fx,1.4583333333333333,Bullish,,,
2024-10-17,EURAUD,fx,1.3888888888888888,Bullish,,,
2024-10-17,GBPNZD,fx,-1.3194444444444442,Bearish,,,
2024-10-17,GBPCAD,fx,-2.0138888888888884,Bearish,,,
2024-10-17,AUDCAD,fx,-1.9444444444444442,Bearish,,,
2024-10-18,US-DOLLAR,single,1.6666666666666665,Bullish,,,
2024-10-18,GBPUSD,fx,-1.4583333333333333,Bearish,,,
2024-10-18,EURGBP,fx,1.4583333333333333,Bullish,,,
2024-10-18,GBPJPY,fx,-1.4583333333333333,Bearish,,,
2024-10-18,GBPNZD,fx,-1.3194444444444442,Bearish,,,
2024-10-18,GBPCAD,fx,-2.0138888888888884,Bearish,,,
2024-10-18,AUDCAD,fx,-1.6666666666666665,Bearish,,,
2024-10-21,US-DOLLAR,single,1.6666666666666665,Bullish,,,
2024-10-21,GBPUSD,fx,-1.4583333333333333,Bearish,,,
2024-10-21,EURGBP,fx,1.4583333333333333,Bullish,,,
2024-10-21,GBPJPY,fx,-1.4583333333333333,Bearish,,,
2024-10-21,GBPNZD,fx,-1.3194444444444442,Bearish,,,
2024-10-21,GBPCAD,fx,-2.0138888888888884,Bearish,,,
2024-10-21,AUDCAD,fx,-1.6666666666666665,Bearish,,,
2024-10-22,US-DOLLAR,single,1.6666666666666665,Bullish,,,
2024-10-22,GBPUSD,fx,-1.4583333333333333,Bearish,,,
2024-10-22,EURGBP,fx,1.4583333333333333,Bullish,,,
2024-10-22,GBPJPY,fx,-1.4583333333333333,Bearish,,,
2024-10-22,GBPNZD,fx,-1.3194444444444442,Bearish,,,
2024-10-22,GBPCAD,fx,-2.0138888888888884,Bearish,,,
2024-10-22,AUDCAD,fx,-1.6666666666666665,Bearish,,,
2024-10-23,US-DOLLAR,single,1.6666666666666665,Bullish,,,
2024-10-23,GBPUSD,fx,-1.4583333333333333,Bearish,,,
2024-10-23,EURGBP,fx,1.4583333333333333,Bullish,,,
2024-10-23,GBPJPY,fx,-1.4583333333333333,Bearish,,,
2024-10-23,GBPNZD,fx,-1.3194444444444442,Bearish,,,
2024-10-23,GBPCAD,fx,-2.2916666666666665,Bearish,,,
2024-10-23,AUDCAD,fx,-1.9444444444444442,Bearish,,,
2024-10-24,US-DOLLAR,single,1.6666666666666665,Bullish,,,
2024-10-24,GBPUSD,fx,-1.4583333333333333,Bearish,,,
2024-10-24,EURGBP,fx,1.4583333333333333,Bullish,,,
2024-10-24,GBPJPY,fx,-1.4583333333333333,Bearish,,,
2024-10-24,GBPNZD,fx,-1.3194444444444442,Bearish,,,
2024-10-24,GBPCAD,fx,-2.2916666666666665,Bearish,,,
2024-10-24,AUDCAD,fx,-1.9444444444444442,Bearish,,,
2024-10-25,US-DOLLAR,single,1.9444444444444442,Bullish,,,
2024-10-25,GBPUSD,fx,-1.597222222222222,Bearish,,,
2024-10-25,EURGBP,fx,1.4583333333333333,Bullish,,,
2024-10-25,GBPJPY,fx,-1.4583333333333333,Bearish,,,
2024-10-25,GBPNZD,fx,-1.3194444444444442,Bearish,,,
2024-10-25,GBPCAD,fx,-2.2916666666666665,Bearish,,,
2024-10-25,AUDCAD,fx,-1.9444444444444442,Bearish,,,
2024-10-25,GOLD,cross-asset,-2.0,Bearish,,,
2024-10-25,SILVER,cross-asset,-2.0,Bearish,,,
2024-10-28,US-DOLLAR,single,1.9444444444444442,Bullish,,,
2024-10-28,GBPUSD,fx,-1.597222222222222,Bearish,,,
2024-10-28,EURGBP,fx,1.4583333333333333,Bullish,,,
2024-10-28,GBPJPY,fx,-1.4583333333333333,Bearish,,,
2024-10-28,GBPNZD,fx,-1.3194444444444442,Bearish,,,
2024-10-28,GBPCAD,fx,-1.7361111111111112,Bearish,,,
2024-10-28,AUDCAD,fx,-1.3888888888888888,Bearish,,,
2024-10-28,GOLD,cross-asset,-2.0,Bearish,,,
2024-10-28,SILVER,cross-asset,-2.0,Bearish,,,
2024-10-29,US-DOLLAR,single,1.9444444444444442,Bullish,,,
2024-10-29,GBPUSD,fx,-1.597222222222222,Bearish,,,
2024-10-29,EURGBP,fx,1.4583333333333333,Bullish,,,
2024-10-29,GBPJPY,fx,-1.4583333333333333,Bearish,,,
2024-10-29,GBPNZD,fx,-1.3194444444444442,Bearish,,,
2024-10-29,GBPCAD,fx,-1.7361111111111112,Bearish,,,
2024-10-29,AUDCAD,fx,-1.3888888888888888,Bearish,,,
2024-10-29,GOLD,cross-asset,-2.0,Bearish,,,
2024-10-29,SILVER,cross-asset,-2.0,Bearish,,,
2024-10-30,EURGBP,fx,1.4583333333333333,Bullish,,,
2024-10-30,GBPJPY,fx,-1.4583333333333333,Bearish,,,
2024-10-30,GBPNZD,fx,-1.3194444444444442,Bearish,,,
2024-10-30,GBPCAD,fx,-1.7361111111111112,Bearish,,,
2024-10-30,AUDCAD,fx,-1.3888888888888888,Bearish,,,
2024-10-31,EURGBP,fx,1.4583333333333333,Bullish,,,
2024-10-31,GBPNZD,fx,-1.3194444444444442,Bearish,,,
2024-10-31,GBPCAD,fx,-1.7361111111111112,Bearish,,,
2024-10-31,AUDCAD,fx,-1.3888888888888888,Bearish,,,
2024-11-01,US-DOLLAR,single,2.3611111111111107,Bullish,,,
2024-11-01,GBPUSD,fx,-1.8055555555555554,Bearish,,,
2024-11-01,AUDUSD,fx,-1.458333333333333,Bearish,,,
2024-11-01,EURGBP,fx,2.1527777777777777,Bullish,,,
2024-11-01,EURJPY,fx,1.5277777777777777,Bullish,,,
2024-11-01,EURAUD,fx,1.8055555555555554,Bullish,,,
2024-11-01,GBPNZD,fx,-1.3194444444444442,Bearish,,,
2024-11-01,GBPCAD,fx,-1.7361111111111112,Bearish,,,
2024-11-01,AUDCAD,fx,-1.3888888888888888,Bearish,,,
2024-11-01,GOLD,cross-asset,-2.0,Bearish,,,
2024-11-01,SILVER,cross-asset,-2.0,Bearish,,,
2024-11-04,US-DOLLAR,single,1.3888888888888886,Bullish,,,
2024-11-04,EURGBP,fx,1.9444444444444442,Bullish,,,
2024-11-04,EURJPY,fx,1.5277777777777777,Bullish,,,
2024-11-04,EURAUD,fx,1.8055555555555554,Bullish,,,
2024-11-04,GBPCAD,fx,-1.3888888888888888,Bearish,,,
2024-11-04,GOLD,cross-asset,-2.0,Bearish,,,
2024-11-04,SILVER,cross-asset,-2.0,Bearish,,,
2024-11-05,US-DOLLAR,single,1.3888888888888886,Bullish,,,
2024-11-05,GBPUSD,fx,-1.5277777777777777,Bearish,,,
2024-11-05,EURGBP,fx,2.3611111111111107,Bullish,,,
2024-11-05,EURJPY,fx,1.5277777777777777,Bullish,,,
2024-11-05,EURAUD,fx,1.8055555555555554,Bullish,,,
2024-11-05,GBPCHF,fx,-1.6666666666666665,Bearish,,,
2024-11-05,GBPNZD,fx,-1.5277777777777777,Bearish,,,
2024-11-05,GBPCAD,fx,-1.8055555555555554,Bearish,,,
2024-11-05,GOLD,cross-asset,-2.0,Bearish,,,
2024-11-05,SILVER,cross-asset,-2.0,Bearish,,,
2024-11-06,US-DOLLAR,single,1.3888888888888886,Bullish,,,
2024-11-06,GBPUSD,fx,-1.5277777777777777,Bearish,,,
2024-11-06,EURGBP,fx,2.3611111111111107,Bullish,,,
2024-11-06,EURJPY,fx,1.5277777777777777,Bullish,,,
2024-11-06,EURAUD,fx,1.8055555555555554,Bullish,,,
2024-11-06,GBPCHF,fx,-1.6666666666666665,Bearish,,,
2024-11-06,GBPNZD,fx,-1.5277777777777777,Bearish,,,
2024-11-06,GBPCAD,fx,-1.8055555555555554,Bearish,,,
2024-11-06,GOLD,cross-asset,-2.0,Bearish,,,
2024-11-06,SILVER,cross-asset,-2.0,Bearish,,,
2024-11-07,US-DOLLAR,single,1.3888888888888886,Bullish,,,
2024-11-07,GBPUSD,fx,-1.5277777777777777,Bearish,,,
2024-11-07,EURGBP,fx,2.3611111111111107,Bullish,,,
2024-11-07,EURJPY,fx,1.5277777777777777,Bullish,,,
2024-11-07,EURAUD,fx,1.8055555555555554,Bullish,,,
2024-11-07,GBPCHF,fx,-1.6666666666666665,Bearish,,,
2024-11-07,GBPNZD,fx,-1.5277777777777777,Bearish,,,
2024-11-07,GBPCAD,fx,-1.8055555555555554,Bearish,,,
2024-11-07,GOLD,cross-asset,-2.0,Bearish,,,
2024-11-07,SILVER,cross-asset,-2.0,Bearish,,,
2024-11-08,GBPUSD,fx,-1.3888888888888888,Bearish,,,
2024-11-08,EURGBP,fx,2.3611111111111107,Bullish,,,
2024-11-08,EURJPY,fx,1.5277777777777777,Bullish,,,
2024-11-08,EURAUD,fx,1.8055555555555554,Bullish,,,
2024-11-08,GBPCHF,fx,-1.6666666666666665,Bearish,,,
2024-11-08,GBPNZD,fx,-1.5277777777777777,Bearish,,,
2024-11-08,GBPCAD,fx,-1.8055555555555554,Bearish,,,
2024-11-08,GOLD,cross-asset,-2.0,Bearish,,,
2024-11-08,SILVER,cross-asset,-2.0,Bearish,,,
2024-11-11,GBPUSD,fx,-1.3888888888888888,Bearish,,,
2024-11-11,EURGBP,fx,2.3611111111111107,Bullish,,,
2024-11-11,EURJPY,fx,1.5277777777777777,Bullish,,,
2024-11-11,EURAUD,fx,1.8055555555555554,Bullish,,,
2024-11-11,EURCAD,fx,1.3888888888888888,Bullish,,,
2024-11-11,GBPCHF,fx,-1.6666666666666665,Bearish,,,
2024-11-11,GBPNZD,fx,-1.5277777777777777,Bearish,,,
2024-11-11,GOLD,cross-asset,-2.0,Bearish,,,
2024-11-11,SILVER,cross-asset,-2.0,Bearish,,,
2024-11-12,GBPUSD,fx,-1.3888888888888888,Bearish,,,
2024-11-12,EURGBP,fx,2.3611111111111107,Bullish,,,
2024-11-12,EURJPY,fx,1.5277777777777777,Bullish,,,
2024-11-12,EURAUD,fx,1.8055555555555554,Bullish,,,
2024-11-12,EURCAD,fx,1.3888888888888888,Bullish,,,
2024-11-12,GBPCHF,fx,-1.6666666666666665,Bearish,,,
2024-11-12,GBPNZD,fx,-1.5277777777777777,Bearish,,,
2024-11-12,GOLD,cross-asset,-2.0,Bearish,,,
2024-11-12,SILVER,cross-asset,-2.0,Bearish,,,
2024-11-13,EURGBP,fx,2.083333333333333,Bullish,,,
2024-11-13,EURJPY,fx,1.5277777777777777,Bullish,,,
2024-11-13,EURAUD,fx,1.8055555555555554,Bullish,,,
2024-11-13,EURCAD,fx,1.3888888888888888,Bullish,,,
2024-11-13,GBPCHF,fx,-1.3888888888888888,Bearish,,,
2024-11-13,GOLD,cross-asset,-2.0,Bearish,,,
2024-11-13,SILVER,cross-asset,-2.0,Bearish,,,
2024-11-14,EURUSD,fx,1.5277777777777777,Bullish,,,
2024-11-14,EURGBP,fx,2.083333333333333,Bullish,,,
2024-11-14,EURJPY,fx,1.5277777777777777,Bullish,,,
2024-11-14,EURAUD,fx,2.083333333333333,Bullish,,,
2024-11-14,EURCAD,fx,1.3888888888888888,Bullish,,,
2024-11-14,GBPCHF,fx,-1.3888888888888888,Bearish,,,
2024-11-14,AUDCHF,fx,-1.3888888888888888,Bearish,,,
2024-11-15,EURUSD,fx,1.5277777777777777,Bullish,,,
2024-11-15,EURGBP,fx,2.083333333333333,Bullish,,,
2024-11-15,EURJPY,fx,1.5277777777777777,Bullish,,,
2024-11-15,EURAUD,fx,2.3611111111111107,Bullish,,,
2024-11-15,EURCAD,fx,1.3888888888888888,Bullish,,,
2024-11-15,GBPCHF,fx,-1.3888888888888888,Bearish,,,
2024-11-15,AUDNZD,fx,-1.5277777777777777,Bearish,,,
2024-11-15,AUDCHF,fx,-1.6666666666666665,Bearish,,,
2024-11-18,EURUSD,fx,1.5277777777777777,Bullish,,,
2024-11-18,EURGBP,fx,2.5,Bullish,,,
2024-11-18,EURJPY,fx,1.5277777777777777,Bullish,,,
2024-11-18,EURAUD,fx,2.3611111111111107,Bullish,,,
2024-11-18,EURCAD,fx,1.3888888888888888,Bullish,,,
2024-11-18,GBPCHF,fx,-1.3888888888888888,Bearish,,,
2024-11-18,GBPNZD,fx,-1.6666666666666665,Bearish,,,
2024-11-18,AUDNZD,fx,-1.5277777777777777,Bearish,,,
2024-11-19,EURUSD,fx,1.5277777777777777,Bullish,,,
2024-11-19,EURGBP,fx,2.5,Bullish,,,
2024-11-19,EURJPY,fx,1.5277777777777777,Bullish,,,
2024-11-19,EURAUD,fx,2.3611111111111107,Bullish,,,
2024-11-19,EURCAD,fx,1.3888888888888888,Bullish,,,
2024-11-19,GBPCHF,fx,-1.3888888888888888,Bearish,,,
2024-11-19,GBPNZD,fx,-1.6666666666666665,Bearish,,,
2024-11-19,AUDNZD,fx,-1.5277777777777777,Bearish,,,
2024-11-20,EURUSD,fx,1.5277777777777777,Bullish,,,
2024-11-20,EURGBP,fx,2.5,Bullish,,,
2024-11-20,EURJPY,fx,1.5277777777777777,Bullish,,,
2024-11-20,EURAUD,fx,2.3611111111111107,Bullish,,,
2024-11-20,GBPCHF,fx,-1.3888888888888888,Bearish,,,
2024-11-20,GBPNZD,fx,-1.6666666666666665,Bearish,,,
2024-11-20,GBPCAD,fx,-1.5277777777777777,Bearish,,,
2024-11-20,AUDNZD,fx,-1.5277777777777777,Bearish,,,
2024-11-20,AUDCAD,fx,-1.3888888888888888,Bearish,,,
2024-11-21,EURUSD,fx,1.5277777777777777,Bullish,,,
2024-11-21,EURGBP,fx,1.6666666666666665,Bullish,,,
2024-11-21,EURJPY,fx,1.5277777777777777,Bullish,,,
2024-11-21,EURAUD,fx,2.3611111111111107,Bullish,,,
2024-11-21,AUDNZD,fx,-1.5277777777777777,Bearish,,,
2024-11-21,AUDCAD,fx,-1.3888888888888888,Bearish,,,
2024-11-22,EURUSD,fx,1.5277777777777777,Bullish,,,
2024-11-22,EURGBP,fx,1.6666666666666665,Bullish,,,
2024-11-22,EURJPY,fx,1.5277777777777777,Bullish,,,
2024-11-22,EURAUD,fx,2.3611111111111107,Bullish,,,
2024-11-22,AUDNZD,fx,-1.5277777777777777,Bearish,,,
2024-11-22,AUDCAD,fx,-1.3888888888888888,Bearish,,,
2024-11-25,EURUSD,fx,1.5277777777777777,Bullish,,,
2024-11-25,EURGBP,fx,1.6666666666666665,Bullish,,,
2024-11-25,EURJPY,fx,1.5277777777777777,Bullish,,,
2024-11-25,EURAUD,fx,2.3611111111111107,Bullish,,,
2024-11-25,AUDNZD,fx,-1.5277777777777777,Bearish,,,
2024-11-25,AUDCAD,fx,-1.3888888888888888,Bearish,,,
2024-11-26,EURUSD,fx,1.5277777777777777,Bullish,,,
2024-11-26,EURGBP,fx,1.6666666666666665,Bullish,,,
2024-11-26,EURJPY,fx,1.5277777777777777,Bullish,,,
2024-11-26,EURAUD,fx,2.3611111111111107,Bullish,,,
2024-11-26,AUDNZD,fx,-1.5277777777777777,Bearish,,,
2024-11-26,AUDCAD,fx,-1.3888888888888888,Bearish,,,
2024-11-27,EURUSD,fx,1.5277777777777777,Bullish,,,
2024-11-27,EURGBP,fx,1.6666666666666665,Bullish,,,
2024-11-27,EURJPY,fx,1.9444444444444442,Bullish,,,
2024-11-27,EURAUD,fx,2.3611111111111107,Bullish,,,
2024-11-27,AUDNZD,fx,-1.5277777777777777,Bearish,,,
2024-11-27,AUDCAD,fx,-1.3888888888888888,Bearish,,,
2024-11-28,EURUSD,fx,1.5277777777777777,Bullish,,,
2024-11-28,EURGBP,fx,1.6666666666666665,Bullish,,,
2024-11-28,EURJPY,fx,1.9444444444444442,Bullish,,,
2024-11-28,EURAUD,fx,2.638888888888889,Bullish,,,
2024-11-28,AUDNZD,fx,-1.8055555555555554,Bearish,,,
2024-11-28,AUDCAD,fx,-1.6666666666666667,Bearish,,,
2024-11-28,AUDCHF,fx,-1.5277777777777777,Bearish,,,
2024-11-29,EURUSD,fx,1.5277777777777777,Bullish,,,
2024-11-29,EURGBP,fx,1.6666666666666665,Bullish,,,
2024-11-29,EURJPY,fx,1.5277777777777777,Bullish,,,
2024-11-29,EURAUD,fx,2.638888888888889,Bullish,,,
2024-11-29,AUDNZD,fx,-1.8055555555555554,Bearish,,,
2024-11-29,AUDCAD,fx,-1.6666666666666667,Bearish,,,
2024-11-29,AUDCHF,fx,-1.5277777777777777,Bearish,,,
2024-12-02,EURCHF,fx,1.3888888888888888,Bullish,,,
2024-12-02,EURAUD,fx,2.0833333333333335,Bullish,,,
2024-12-02,EURCAD,fx,1.5277777777777777,Bullish,,,
2024-12-02,GBPAUD,fx,1.3888888888888888,Bullish,,,
2024-12-02,AUDNZD,fx,-1.8055555555555554,Bearish,,,
2024-12-03,AUDUSD,fx,-1.3194444444444444,Bearish,,,
2024-12-03,EURAUD,fx,1.6666666666666667,Bullish,,,
2024-12-03,GBPAUD,fx,1.8055555555555554,Bullish,,,
2024-12-03,AUDNZD,fx,-1.8055555555555554,Bearish,,,
2024-12-04,AUDUSD,fx,-1.5972222222222223,Bearish,,,
2024-12-04,EURAUD,fx,1.6666666666666667,Bullish,,,
2024-12-04,GBPAUD,fx,1.8055555555555554,Bullish,,,
2024-12-04,AUDNZD,fx,-1.8055555555555554,Bearish,,,
2024-12-05,AUDUSD,fx,-1.736111111111111,Bearish,,,
2024-12-05,EURAUD,fx,2.5,Bullish,,,
2024-12-05,GBPAUD,fx,2.4305555555555554,Bullish,,,
2024-12-05,AUDJPY,fx,-1.9444444444444442,Bearish,,,
2024-12-05,AUDNZD,fx,-2.6388888888888884,Bearish,,,
2024-12-05,AUDCAD,fx,-1.3888888888888886,Bearish,,,
2024-12-05,AUDCHF,fx,-1.5277777777777777,Bearish,,,
2024-12-06,USDCHF,fx,-1.4583333333333333,Bearish,,,
2024-12-06,AUDUSD,fx,-1.736111111111111,Bearish,,,
2024-12-06,EURAUD,fx,2.083333333333333,Bullish,,,
2024-12-06,GBPAUD,fx,2.4305555555555554,Bullish,,,
2024-12-06,AUDJPY,fx,-1.9444444444444442,Bearish,,,
2024-12-06,AUDNZD,fx,-2.6388888888888884,Bearish,,,
2024-12-06,AUDCAD,fx,-1.3888888888888886,Bearish,,,
2024-12-06,AUDCHF,fx,-3.194444444444444,Very Bearish,,,
2024-12-06,CADCHF,fx,-1.8055555555555556,Bearish,,,
2024-12-09,USDCHF,fx,-1.4583333333333333,Bearish,,,
2024-12-09,AUDUSD,fx,-1.736111111111111,Bearish,,,
2024-12-09,EURAUD,fx,2.083333333333333,Bullish,,,
2024-12-09,GBPAUD,fx,2.4305555555555554,Bullish,,,
2024-12-09,AUDJPY,fx,-1.9444444444444442,Bearish,,,
2024-12-09,AUDNZD,fx,-2.6388888888888884,Bearish,,,
2024-12-09,AUDCAD,fx,-1.3888888888888886,Bearish,,,
2024-12-09,AUDCHF,fx,-3.194444444444444,Very Bearish,,,
2024-12-09,CADCHF,fx,-1.8055555555555556,Bearish,,,
2024-12-10,USDCHF,fx,-1.4583333333333333,Bearish,,,
2024-12-10,AUDUSD,fx,-1.736111111111111,Bearish,,,
2024-12-10,EURAUD,fx,2.083333333333333,Bullish,,,
2024-12-10,GBPAUD,fx,2.4305555555555554,Bullish,,,
2024-12-10,AUDJPY,fx,-1.9444444444444442,Bearish,,,
2024-12-10,AUDNZD,fx,-2.6388888888888884,Bearish,,,
2024-12-10,AUDCAD,fx,-1.3888888888888886,Bearish,,,
2024-12-10,AUDCHF,fx,-3.194444444444444,Very Bearish,,,
2024-12-10,CADCHF,fx,-1.8055555555555556,Bearish,,,
2024-12-11,USDCHF,fx,-1.4583333333333333,Bearish,,,
2024-12-11,AUDUSD,fx,-1.736111111111111,Bearish,,,
2024-12-11,EURAUD,fx,2.083333333333333,Bullish,,,
2024-12-11,GBPAUD,fx,2.4305555555555554,Bullish,-0.002024089159878062,-0.01344395022239997,-0.01279424259083417
2024-12-11,AUDJPY,fx,-1.9444444444444442,Bearish,0.007051764487561396,0.0019278946771550398,0.014186005752755193
2024-12-11,AUDNZD,fx,-2.6388888888888884,Bearish,0.006599999999999939,0.004899999999999904,0.004809090909090985
2024-12-11,AUDCAD,fx,-1.3888888888888886,Bearish,,,
2024-12-11,AUDCHF,fx,-3.194444444444444,Very Bearish,,,
2024-12-11,CADCHF,fx,-1.8055555555555556,Bearish,,,
2024-12-12,USDCHF,fx,-1.4583333333333333,Bearish,0.01859578286227004,0.028454463885150272,0.01553387169134135
2024-12-12,AUDUSD,fx,-1.736111111111111,Bearish,,,
2024-12-12,EURAUD,fx,2.083333333333333,Bullish,0.009010544772666274,0.009089691449723603,0.011001388110951416
2024-12-12,GBPAUD,fx,2.4305555555555554,Bullish,0.0073202982418212326,-0.009024680868179424,-0.0017898531415442287
2024-12-12,AUDJPY,fx,-1.9444444444444442,Bearish,0.012584315946655655,0.007527933680037124,0.0009577261726996245
2024-12-12,AUDNZD,fx,-2.6388888888888884,Bearish,0.002929067595262458,0.00212198705043809,0.002158260333351425
2024-12-12,AUDCAD,fx,-1.3888888888888886,Bearish,-0.008085628127381783,-0.01919784383249934,0.00037556196220078775
2024-12-12,AUDCHF,fx,-3.194444444444444,Very Bearish,-0.006551602676998836,-0.0031701303275801784,0.00588235294117645
2024-12-12,CADCHF,fx,-1.8055555555555556,Bearish,0.0020255183413078193,0.016267942583731987,0.006427432216905782
2024-12-13,USDCHF,fx,-1.7361111111111112,Bearish,0.013457336545464882,0.021793938035744365,0.010140624124600928
2024-12-13,EURAUD,fx,1.5277777777777775,Bullish,0.0077530657646680545,0.008498669430855754,0.010480884055598993
2024-12-13,GBPAUD,fx,1.8749999999999996,Bullish,0.010088011465713809,-0.00848826177355222,0.003921153030945312
2024-12-13,AUDJPY,fx,-1.3888888888888886,Bearish,0.0074028567040393956,-0.0025188143142375052,-0.004791890646598129
2024-12-13,AUDNZD,fx,-2.083333333333333,Bearish,0.001114524152553864,0.004612136533739264,-0.0004893032864871083
2024-12-13,AUDCHF,fx,-2.6388888888888884,Bearish,-0.005408833841329175,-0.004915520005637997,-0.0006871156997128036
2024-12-13,CADCHF,fx,-1.8055555555555556,Bearish,0.006654644686657107,0.013915707833968893,0.0007500438855465585
2024-12-16,USDCHF,fx,-1.7361111111111112,Bearish,0.01733974717529918,0.020583957937129416,0.01085132565163871
2024-12-16,AUDUSD,fx,-1.7361111111111112,Bearish,-0.019681143485431596,-0.02720490065184955,-0.011811827534752295
2024-12-16,EURAUD,fx,2.361111111111111,Bullish,0.0058887029085705755,0.0018436309827039032,0.01133469179826796
2024-12-16,GBPAUD,fx,2.7083333333333335,Bullish,-0.0007841047885681629,-0.010117967560177465,0.00414168170371898
2024-12-16,AUDJPY,fx,-2.2222222222222223,Bearish,0.0020893210216270663,-0.01834525775087137,-0.015430400130455157
2024-12-16,AUDNZD,fx,-2.9166666666666665,Bearish,0.005676863827932088,0.006249091701787446,-0.0009355471588430309
2024-12-16,AUDCAD,fx,-1.6666666666666667,Bearish,-0.013449454304927833,-0.0156542828795061,-0.007760996582515722
2024-12-16,AUDCHF,fx,-3.4722222222222223,Very Bearish,-0.00509218612818263,-0.0026338893766463256,-0.007901668129938644
2024-12-16,CADCHF,fx,-1.8055555555555556,Bearish,0.008443523976421785,0.013382188943762863,-0.00015931177313999179
2024-12-17,USDCHF,fx,-1.3194444444444442,Bearish,0.020280112044817944,0.019943977591036388,0.015798319327731125
2024-12-17,AUDUSD,fx,-1.7361111111111112,Bearish,-0.01686377919186499,-0.016895359302711244,-0.01291626533609147
2024-12-17,EURAUD,fx,2.361111111111111,Bullish,0.0029376564030030305,0.0014990510040016058,0.010590069996010643
2024-12-17,GBPAUD,fx,2.7083333333333335,Bullish,-0.00900046898230844,-0.019966672321063306,-0.002654240298552102
2024-12-17,AUDJPY,fx,-2.2222222222222223,Bearish,0.008151586574583813,-0.004765384575798559,-0.014296153727395455
2024-12-17,AUDNZD,fx,-2.9166666666666665,Bearish,0.005379128617509554,0.007396301849075471,0.0007996001998999969
2024-12-17,AUDCAD,fx,-1.6666666666666667,Bearish,-0.014857218490453739,-0.013930710433142535,-0.009629065881340826
2024-12-17,AUDCHF,fx,-3.0555555555555554,Very Bearish,0.0007073386383731339,0.0,-0.0014146772767462679
2024-12-17,CADCHF,fx,-1.3888888888888888,Bearish,0.015873015873015817,0.014109347442680553,0.00817700817700806
2024-12-18,USDCHF,fx,-1.3194444444444442,Bearish,0.012778949705784415,0.015332519151771029,0.009326079715776592
2024-12-18,AUDUSD,fx,-1.7361111111111112,Bearish,-0.0005149910681236936,-0.00025749553406173575,0.0015127862626134192
2024-12-18,EURAUD,fx,2.361111111111111,Bullish,-0.0010036419582437617,-0.003293387982739704,0.005078308112071328
2024-12-18,GBPAUD,fx,2.986111111111111,Bullish,-0.018217351507805013,-0.028369987383420336,-0.013581376938871403
2024-12-18,GBPCAD,fx,1.3194444444444444,Bullish,-0.024449083228226254,-0.02991831946288015,-0.009825898733758831
2024-12-18,AUDJPY,fx,-2.2222222222222223,Bearish,0.0070468647687944586,0.013844282997100166,0.0014239240019540134
2024-12-18,AUDNZD,fx,-2.9166666666666665,Bearish,0.0006517429598182911,0.0005159631765228045,-0.0028332714780987533
2024-12-18,AUDCAD,fx,-1.6666666666666667,Bearish,-0.007415407569060117,-0.0019150902430604688,0.0011913642791132606
2024-12-18,AUDCHF,fx,-3.0555555555555554,Very Bearish,0.009485530546623933,0.0107359771346911,0.008217220435870143
2024-12-18,CADCHF,fx,-1.3888888888888888,Bearish,0.016698748796920126,0.012383702277831254,0.00673724735322434
2024-12-19,USDCHF,fx,-1.3194444444444442,Bearish,0.019374582684175357,0.008457600712219016,0.013465390607611871
2024-12-19,AUDUSD,fx,-1.7361111111111112,Bearish,-0.0062402746362512085,-0.006962157306254713,-0.004443588879798455
2024-12-19,EURAUD,fx,2.361111111111111,Bullish,0.0026854204549560112,-0.00101154851218066,0.0031791524668536297
2024-12-19,GBPAUD,fx,2.5694444444444446,Bullish,-0.014640623362102145,-0.017610678220762455,-0.0022512516659761728
2024-12-19,AUDJPY,fx,-2.2222222222222223,Bearish,-0.009428288943929664,-0.006390850992263664,-0.018122700261953506
2024-12-19,AUDNZD,fx,-2.5,Bearish,-0.0015896671634376691,-0.002899336133315389,-0.0012645079709163731
2024-12-19,AUDCAD,fx,-1.6666666666666667,Bearish,-0.013220765623781827,-0.0007016918570330599,0.0056469487542185615
2024-12-19,AUDCHF,fx,-3.0555555555555554,Very Bearish,0.0034070638601497727,0.014092044238316115,0.00945415626114876
2024-12-19,CADCHF,fx,-1.3888888888888888,Bearish,0.01672540852290938,0.013777635373277919,0.004437680230695351
2024-12-20,AUDUSD,fx,-2.013888888888889,Bearish,-0.017010721715474575,0.0032965274443910175,-0.006240998559769562
2024-12-20,EURAUD,fx,2.361111111111111,Bullish,-0.005919679485641538,-0.003526617565914103,-0.003946452990427618
2024-12-20,GBPAUD,fx,2.5694444444444446,Bullish,-0.018704477225544136,-0.02315531636305701,-0.007069565520434473
2024-12-20,AUDJPY,fx,-2.2222222222222223,Bearish,0.0011768197214518938,0.003847688828399143,-0.013262246600014405
2024-12-20,AUDNZD,fx,-2.5,Bearish,0.00013575520621222914,0.0014571058800105785,0.0006335242956567733
2024-12-20,AUDCAD,fx,-1.6666666666666667,Bearish,-0.011709054482720194,-6.678167955920244e-05,-0.0003227781178696265
2024-12-20,AUDCHF,fx,-3.0555555555555554,Very Bearish,0.014700609537468656,0.018465399784869385,0.015794191466475427
2024-12-20,CADCHF,fx,-1.3888888888888888,Bearish,0.02640099225205783,0.01834699827644526,0.015769720204249493
2024-12-23,USDCHF,fx,-1.4583333333333333,Bearish,0.015365772185725435,0.009130386371228205,0.007348847567085981
2024-12-23,AUDUSD,fx,-1.5972222222222223,Bearish,-0.011275365568492957,0.004148181366817827,-0.0030750997004981295
2024-12-23,EURAUD,fx,2.361111111111111,Bullish,-0.00047462270498899173,-0.0038089974045948383,-0.00342449293473035
2024-12-23,GBPAUD,fx,2.5694444444444446,Bullish,-0.02018731111798211,-0.02021224603784122,-0.007919330547271564
2024-12-23,AUDJPY,fx,-2.2222222222222223,Bearish,-0.006648244639087975,-0.00013255702501235866,-0.022259383507866715
2024-12-23,AUDNZD,fx,-2.5,Bearish,0.0031305417827802717,0.0017190836379428198,-0.0004976294741414478
2024-12-23,AUDCAD,fx,-1.6666666666666667,Bearish,-0.00993805428049388,0.004601363697134486,-0.0024065243549178383
2024-12-23,AUDCHF,fx,-3.0555555555555554,Very Bearish,0.006701839441038082,0.01329673463567671,0.008306003137031226
2024-12-23,CADCHF,fx,-1.3888888888888888,Bearish,0.016852853621843078,0.008930572004737236,0.011027175826638036
2024-12-24,USDCHF,fx,-1.4583333333333333,Bearish,0.014816792364680031,0.008698747469354284,0.002881042959798963
2024-12-24,AUDUSD,fx,-1.5972222222222223,Bearish,-0.005922763314179291,0.006307983692337205,0.0027928477416454545
2024-12-24,EURAUD,fx,2.361111111111111,Bullish,-0.008040351877983576,-0.005140060647911948,-0.006371033116161717
2024-12-24,GBPAUD,fx,2.5694444444444446,Bullish,-0.018651305790724604,-0.01571134575424915,-0.013972284647927213
2024-12-24,AUDJPY,fx,-2.2222222222222223,Bearish,-0.017644419060052208,0.0033147030026110524,-0.030454471279373396
2024-12-24,AUDNZD,fx,-2.5,Bearish,0.003741924962173071,0.001431535457683708,0.0027181052993994204
2024-12-24,AUDCAD,fx,-2.7777777777777777,Bearish,-0.000749801358595259,0.011224638248822139,0.006311760690264956
2024-12-24,AUDCHF,fx,-3.0555555555555554,Very Bearish,0.0137064534551683,0.01709737292975433,0.010850942318674894
2024-12-25,USDCHF,fx,-1.4583333333333333,Bearish,0.01166925983551903,0.0062791731495888126,0.005445654589908866
2024-12-25,AUDUSD,fx,-1.5972222222222223,Bearish,-0.0007703542024427579,0.008473896226869337,0.008425749089216561
2024-12-25,EURAUD,fx,2.361111111111111,Bullish,-0.008040351877983576,-0.005140060647911948,-0.006371033116161717
2024-12-25,GBPAUD,fx,2.5694444444444446,Bullish,-0.018651305790724604,-0.01571134575424915,-0.013972284647927213
2024-12-25,AUDJPY,fx,-2.2222222222222223,Bearish,-0.017644419060052208,0.0033147030026110524,-0.030454471279373396
2024-12-25,AUDNZD,fx,-2.5,Bearish,0.003741924962173071,0.001431535457683708,0.0027181052993994204
2024-12-25,AUDCAD,fx,-2.7777777777777777,Bearish,-0.001452027253434518,0.011560370825421717,0.003551882050709221
2024-12-25,AUDCHF,fx,-3.0555555555555554,Very Bearish,0.008344923504867818,0.018401626190221565,0.013337612781284536
2024-12-26,USDCHF,fx,-1.4583333333333333,Bearish,0.01759207744519853,0.0031156114387447253,0.012273283631912824
2024-12-26,AUDUSD,fx,-1.5972222222222223,Bearish,-0.0007560159567622238,0.015184660918800663,0.010375112598121072
2024-12-26,EURAUD,fx,2.361111111111111,Bullish,-0.010487213482877622,-0.008259576450352912,-0.013222488981259217
2024-12-26,GBPAUD,fx,2.5694444444444446,Bullish,-0.023984020590383404,-0.013495048668630938,-0.01847867672998471
2024-12-26,AUDJPY,fx,-2.2222222222222223,Bearish,-0.015295627202183248,-0.010183506792398989,-0.033463003319823104
2024-12-26,AUDNZD,fx,-2.5,Bearish,0.0032122626997483916,-1.8097254646409766e-05,0.002271205458131975
2024-12-26,AUDCAD,fx,-2.7777777777777777,Bearish,0.0005580917726111245,0.009442912792579694,7.813284816560184e-05
2024-12-26,AUDCHF,fx,-3.0555555555555554,Very Bearish,0.012363571300769483,0.014850599391662334,0.02052245482197179
2024-12-27,USDJPY,fx,-1.4583333333333333,Bearish,-0.009671388281522364,-0.02092087334030479,-0.04053617263998466
2024-12-27,USDCHF,fx,-1.4583333333333333,Bearish,0.005369663619419596,0.002485133575929499,0.010584006390343514
2024-12-27,AUDUSD,fx,-1.5972222222222223,Bearish,-0.003701736597299443,0.01255371541692818,0.009367003041861777
2024-12-27,EURAUD,fx,2.361111111111111,Bullish,-0.01028823775138743,-0.005215730739392521,-0.018225219311332586
2024-12-27,GBPAUD,fx,2.5694444444444446,Bullish,-0.028466124124965964,-0.015840898409478776,-0.025606649021693406
2024-12-27,AUDJPY,fx,-3.0555555555555554,Very Bearish,-0.004571755125366006,-0.008123029195962861,-0.026440664129070424
2024-12-27,AUDNZD,fx,-2.5,Bearish,0.0019307994234796233,-9.064786025725358e-05,0.008656870654568216
2024-12-27,AUDCAD,fx,-2.7777777777777777,Bearish,0.001551668322523847,0.004744309619227227,0.0027796072827943608
2024-12-27,AUDCHF,fx,-3.0555555555555554,Very Bearish,0.015650123271518934,0.009397220137921103,0.021545717654625207
2024-12-30,USDJPY,fx,-1.4583333333333333,Bearish,-0.007845588610501775,-0.008394141960504142,-0.03058503852630512
2024-12-30,USDCHF,fx,-1.4583333333333333,Bearish,0.0024355142256171636,0.0036532713384256343,0.010993025572899384
2024-12-30,AUDUSD,fx,-1.5972222222222223,Bearish,0.008574232260347703,0.005630358895162724,0.00958769686147698
2024-12-30,EURAUD,fx,2.361111111111111,Bullish,-0.007620164126611928,-0.0025540110534248983,-0.018207048352752553
2024-12-30,GBPAUD,fx,2.5694444444444446,Bullish,-0.02400741894210634,-0.009268718447179691,-0.019722682324469498
2024-12-30,AUDJPY,fx,-3.0555555555555554,Very Bearish,-3.077396522543907e-05,-0.009037287787864834,-0.015540852438836739
2024-12-30,AUDNZD,fx,-2.5,Bearish,0.0014787128847602027,-0.0021591022489134692,0.009779463127432386
2024-12-30,AUDCAD,fx,-2.7777777777777777,Bearish,0.005664200239553274,0.0051156907301894705,0.006638084470464323
2024-12-30,AUDCHF,fx,-3.0555555555555554,Very Bearish,0.011033991813490074,0.004983093077060019,0.023046805481402366
2024-12-31,USDJPY,fx,-1.4583333333333333,Bearish,-0.010666938219588862,-0.012130778190057367,-0.02962048357635194
2024-12-31,USDCHF,fx,-1.4583333333333333,Bearish,-0.0008488870759699729,0.0022379750184660097,0.006758023085318587
2024-12-31,AUDUSD,fx,-1.5972222222222223,Bearish,0.013891359542021808,0.006371589824862189,0.017788702556721825
2024-12-31,EURAUD,fx,2.361111111111111,Bullish,-0.006482168057980742,-0.00022723467361929206,-0.015966225751668395
2024-12-31,GBPAUD,fx,2.1527777777777777,Bullish,-0.029235252499764885,-0.010968785715345764,-0.019805164284406596
2024-12-31,AUDJPY,fx,-3.0555555555555554,Very Bearish,0.009477648802173277,-0.014468593068247326,-0.002305095908454846
2024-12-31,AUDNZD,fx,-2.5,Bearish,0.0011490405059397801,-0.003474264206935973,0.006740434463976985
2024-12-31,AUDCAD,fx,-2.7777777777777777,Bearish,0.013499235680244581,0.010700476575847384,0.009407876989479425
2024-12-31,AUDCHF,fx,-3.0555555555555554,Very Bearish,0.013134211323579281,0.005827526598114474,0.021866590629622484
2024-12-31,FTSE100,cross-asset,-3.333333333333333,Bearish,0.3309736644898833,0.39281126217749707,0.420096884701852
2025-01-01,USDJPY,fx,-1.4583333333333333,Bearish,-0.003896575215998843,-0.01765556057837403,-0.016967929657903724
2025-01-01,USDCHF,fx,-1.4583333333333333,Bearish,-0.0008488870759699729,0.0022379750184660097,0.006758023085318587
2025-01-01,AUDUSD,fx,-1.5972222222222223,Bearish,0.015007771014117433,0.004727366921383203,0.016464836161119045
2025-01-01,EURAUD,fx,2.361111111111111,Bullish,-0.00839029524510071,0.000131565570486325,-0.011523947923955058
2025-01-01,GBPAUD,fx,2.1527777777777777,Bullish,-0.029235252499764885,-0.010968785715345764,-0.019805164284406596
2025-01-01,AUDJPY,fx,-3.0555555555555554,Very Bearish,0.009477648802173277,-0.014468593068247326,-0.002305095908454846
2025-01-01,AUDNZD,fx,-2.5,Bearish,0.0011490405059397801,-0.003474264206935973,0.006740434463976985
2025-01-01,AUDCAD,fx,-2.7777777777777777,Bearish,0.013499235680244581,0.010700476575847384,0.009407876989479425
2025-01-01,AUDCHF,fx,-3.0555555555555554,Very Bearish,0.013134211323579281,0.005827526598114474,0.021866590629622484
2025-01-01,FTSE100,cross-asset,-3.333333333333333,Bearish,0.3309736644898833,0.39281126217749707,0.420096884701852
2025-01-02,USDJPY,fx,-1.4583333333333333,Bearish,-0.008974619547267526,-0.014379715962500872,-0.029585122329209068
2025-01-02,USDCHF,fx,-1.4583333333333333,Bearish,-0.005854364461595707,-0.0015787050233516675,-0.010349288486416586
2025-01-02,AUDUSD,fx,-1.5972222222222223,Bearish,0.013712552632003439,0.0018229628793133834,0.01890719021730347
2025-01-02,EURAUD,fx,2.361111111111111,Bullish,0.0017413281254723412,0.007370413142190335,0.001269718424823596
2025-01-02,GBPAUD,fx,2.1527777777777777,Bullish,-0.015010302662649133,-0.0004662518863146614,-0.002993036302472052
2025-01-02,AUDJPY,fx,-3.0555555555555554,Very Bearish,0.004476495835937122,-0.013019739605207858,-0.011390991692361241
2025-01-02,AUDNZD,fx,-2.5,Bearish,-0.0006408809856930375,-0.005641557972649758,0.004179266146138838
2025-01-02,AUDCAD,fx,-2.7777777777777777,Bearish,0.011654855070029724,0.01087114723631033,0.003493097773150211
2025-01-02,AUDCHF,fx,-3.0555555555555554,Very Bearish,0.007780725022104251,0.0007073386383731339,0.008311229000884213
2025-01-02,FTSE100,cross-asset,-3.333333333333333,Bearish,0.3309736644898833,0.39281126217749707,0.420096884701852
2025-01-03,USDJPY,fx,-1.3194444444444444,Bearish,-0.008253794647115287,-0.01611969909895017,-0.03167981889979077
2025-01-03,USDCHF,fx,-1.3194444444444444,Bearish,-0.0030060120240481547,0.001783787354929789,-0.009931951815719375
2025-01-03,AUDUSD,fx,-1.7361111111111112,Bearish,0.015691134106892823,0.0017380948549172714,0.021629624861193797
2025-01-03,EURAUD,fx,2.361111111111111,Bullish,0.001973064948229686,0.0020635725146622708,-0.0042538556223300494
2025-01-03,GBPAUD,fx,2.5694444444444446,Bullish,-0.010791997395898534,0.0009865538222701975,-0.008563487492801225
2025-01-03,AUDJPY,fx,-3.0555555555555554,Very Bearish,0.007084284558921405,-0.013820497333155823,-0.010749275703565653
2025-01-03,AUDNZD,fx,-2.5,Bearish,-0.0017791665914056454,-0.001363726676661181,0.0008579737369722729
2025-01-03,AUDCAD,fx,-2.7777777777777777,Bearish,0.008530161805810677,0.00018931168498537154,0.003162618737402534
2025-01-03,AUDCHF,fx,-3.0555555555555554,Very Bearish,0.012515955183661776,0.0044851794071760764,0.011204084527017377
2025-01-06,AUDUSD,fx,-1.9444444444444446,Bearish,0.008027302441838025,0.0010254438249053255,0.01812151509325144
2025-01-06,EURAUD,fx,2.361111111111111,Bullish,0.002706832044079288,-0.002213587093824909,-0.008096435402957125
2025-01-06,GBPAUD,fx,2.5694444444444446,Bullish,-0.009043946994085617,-0.004561902622844505,-0.00890918619450487
2025-01-06,AUDJPY,fx,-3.0555555555555554,Very Bearish,-0.011482095456995633,-0.01934361874154611,-0.020960672043284112
2025-01-06,AUDNZD,fx,-2.5,Bearish,-0.000768556109116747,-0.0003074224436467876,0.0015642377279672104
2025-01-06,AUDCAD,fx,-2.7777777777777777,Bearish,0.010570895397302493,0.0005475410935178449,0.006928070979204559
2025-01-06,AUDCHF,fx,-3.0555555555555554,Very Bearish,0.004747396017855898,0.002090271380996267,0.01360447814072141
2025-01-07,AUDUSD,fx,-1.9444444444444446,Bearish,0.0040152257359908905,0.009170775581003099,0.020204615903506085
2025-01-07,EURAUD,fx,2.361111111111111,Bullish,0.005414106823101061,-0.002345309080385549,-0.008850677969167386
2025-01-07,GBPAUD,fx,2.361111111111111,Bullish,-0.0061052684169767835,-0.0061002722889759164,-0.008338537633334142
2025-01-07,AUDJPY,fx,-3.0555555555555554,Very Bearish,-0.012105134772533277,-0.025409602797089037,-0.018427043948449073
2025-01-07,AUDNZD,fx,-2.5,Bearish,-0.0016020419246226547,-0.0001357662647986091,0.007792983599435255
2025-01-07,AUDCAD,fx,-2.7777777777777777,Bearish,0.005766007375125559,0.004816180578835594,0.007352776846574871
2025-01-07,AUDCHF,fx,-3.0555555555555554,Very Bearish,-0.002823861630780189,-0.00035298270384742647,0.012354394634662924
2025-01-08,AUDUSD,fx,-2.291666666666667,Bearish,0.0020288221560260666,0.0114000483052894,0.021350937927703262
2025-01-08,EURAUD,fx,2.638888888888889,Bullish,0.007629999276777211,-0.004194691545526874,-0.010348111183433484
2025-01-08,GBPAUD,fx,2.361111111111111,Bullish,0.004929651855913431,-0.0046177759221718295,-0.002439674642977563
2025-01-08,AUDJPY,fx,-3.0555555555555554,Very Bearish,-0.01748319314911051,-0.0331661971257996,-0.0228430784251904
2025-01-08,AUDNZD,fx,-2.5,Bearish,-0.006575085123869839,-0.0004515855167492866,0.004163618464428698
2025-01-08,AUDCAD,fx,-2.7777777777777777,Bearish,0.005306999865645645,0.005956379596041117,0.011173809843701088
2025-01-08,AUDCHF,fx,-3.0555555555555554,Very Bearish,-0.0021205159922247363,0.004241031984449695,0.013606644283442382
2025-01-09,AUDUSD,fx,-1.4583333333333333,Bearish,0.0018079679731388687,0.01238135210176261,0.03280170465551757
2025-01-09,EURAUD,fx,1.8055555555555554,Bullish,0.006088060303079512,-0.010293153338507,-0.013198818483158514
2025-01-09,GBPAUD,fx,1.5277777777777777,Bullish,0.006403866485425125,-0.005487589991441277,-0.003609726627397669
2025-01-09,AUDJPY,fx,-2.2222222222222223,Bearish,-0.022266235158395542,-0.031025716940102588,-0.02260313830384575
2025-01-09,AUDNZD,fx,-1.6666666666666665,Bearish,-0.004555026345043345,0.0010664545807839154,0.0032445524957749328
2025-01-09,AUDCAD,fx,-1.9444444444444444,Bearish,0.008671071376490591,0.005059059755235795,0.01729727304340023
2025-01-09,AUDCHF,fx,-2.2222222222222223,Bearish,-0.0012563925607403936,0.009307922351400766,0.016439277308842648
2025-01-10,AUDJPY,fx,-1.3888888888888888,Bearish,-0.005583593935453379,-0.015367784417541386,-0.021426138650648796
2025-01-10,AUDCHF,fx,-1.3888888888888888,Bearish,0.0060265595278305994,0.016515261950898585,0.012764217525021992
2025-01-13,USDJPY,fx,-1.3194444444444444,Bearish,-0.017044768723516346,-0.03139591764130378,-0.04902515103964822
2025-01-13,USDCAD,fx,-1.4583333333333335,Bearish,0.0034924897555952406,-0.006219692911358932,-0.008306838183627097
2025-01-13,EURCAD,fx,-1.3888888888888888,Bearish,0.013311238488495247,0.005066420363478263,0.01325690690282788
2025-01-13,GBPJPY,fx,-1.5277777777777777,Bearish,0.0031139832428124237,-0.011909163338315043,-0.015950051292198952
2025-01-13,GBPCAD,fx,-1.6666666666666667,Bearish,0.024066565153666675,0.01375558178925207,0.02610252812993652
2025-01-13,AUDJPY,fx,-2.2222222222222223,Bearish,-0.008777164965426354,-0.012491768192295027,-0.022030375370431288
2025-01-13,NZDJPY,fx,-1.3888888888888888,Bearish,-0.008551680160329811,-0.018629226021703693,-0.02296769491795625
2025-01-13,AUDCAD,fx,-2.361111111111111,Bearish,0.011521178471275872,0.012760014866036729,0.019314585609226054
2025-01-13,AUDCHF,fx,-1.3888888888888888,Bearish,0.0010777385159010944,0.01563604240282701,0.006201413427561864
2025-01-13,NZDCAD,fx,-1.5277777777777777,Bearish,0.012308574849104525,0.00685888162817383,0.018905571906020713
2025-01-13,GOLD,cross-asset,-2.0,Bearish,0.05699254218957717,0.08807801785969116,0.10876536812142779
2025-01-13,SILVER,cross-asset,-2.0,Bearish,0.06559535464704092,0.07366395462678521,0.09199554370210317
2025-01-14,USDJPY,fx,-1.3194444444444444,Bearish,-0.022956486505308682,-0.022506980012788835,-0.05666314236693648
2025-01-14,USDCAD,fx,-1.4583333333333335,Bearish,-0.001993489792077474,-0.0033108659134154506,-0.0025511093143371077
2025-01-14,EURCAD,fx,-1.3888888888888888,Bearish,0.004733183674573205,0.003827117085440701,0.01721526519351957
2025-01-14,GBPJPY,fx,-1.5277777777777777,Bearish,-0.0019386274103254664,-0.004100145137880928,-0.021838067592784505
2025-01-14,GBPCAD,fx,-1.6666666666666667,Bearish,0.019479926486535737,0.01559878086366906,0.034428044701665605
2025-01-14,AUDJPY,fx,-2.2222222222222223,Bearish,-0.014422094116685047,-0.009035528844188234,-0.034128541641113674
2025-01-14,NZDJPY,fx,-1.3888888888888888,Bearish,-0.01516538405035539,-0.01610333254229246,-0.03694160988123096
2025-01-14,AUDCAD,fx,-2.361111111111111,Bearish,0.007607129996398898,0.010589214980194495,0.02176359380626569
2025-01-14,AUDCHF,fx,-1.3888888888888888,Bearish,0.0015934844192635467,0.015226628895184335,0.0026558073654392444
2025-01-14,NZDCAD,fx,-1.5277777777777777,Bearish,0.006207780252043271,0.0033464787330654833,0.01834965104561892
2025-01-14,GOLD,cross-asset,-2.0,Bearish,0.061493181741784086,0.08463529508435519,0.08868777942533179
2025-01-14,SILVER,cross-asset,-2.0,Bearish,0.07481263383297643,0.07789079229122042,0.061462794432548096
2025-01-15,USDJPY,fx,-1.5277777777777777,Bearish,-0.024678811121764066,-0.023419622882710045,-0.0472163630552892
2025-01-15,USDCAD,fx,-1.6666666666666667,Bearish,-0.0021411036098866187,-0.010294035596719375,-0.00019527980806788303
2025-01-15,EURCAD,fx,-1.3888888888888888,Bearish,0.008805764759315826,0.006480609014554162,0.018818170109207832
2025-01-15,GBPJPY,fx,-1.5277777777777777,Bearish,-0.003249093701354955,0.0028155329662868933,-0.013048611038560698
2025-01-15,GBPCAD,fx,-1.6666666666666667,Bearish,0.019525372726029167,0.01614576209364893,0.03552295627593116
2025-01-15,AUDJPY,fx,-2.2222222222222223,Bearish,-0.01571562015623229,-0.00934109362649993,-0.03523953232942234
2025-01-15,NZDJPY,fx,-1.3888888888888888,Bearish,-0.011924285909525767,-0.012288733998451207,-0.033927839278392824
2025-01-15,AUDCAD,fx,-2.361111111111111,Bearish,0.0070668607906818615,0.003819016687198973,0.012218613506551623
2025-01-15,AUDCHF,fx,-1.3888888888888888,Bearish,-0.0028169014084505895,0.0038732394366198797,-0.007218309859154948
2025-01-15,NZDCAD,fx,-1.5277777777777777,Bearish,0.010647153097861795,0.0006087637127132339,0.013566734169037531
2025-01-15,DJIA,cross-asset,3.333333333333333,Bullish,0.03939028704025227,0.03553724694227345,0.006085222770023657
2025-01-15,SP500,cross-asset,3.333333333333333,Bullish,0.01980863979552372,0.027745548100691186,0.004624258016781901
2025-01-15,NASDAQ,cross-asset,3.333333333333333,Bullish,0.022231776283774485,0.03882623629294035,0.002211082816390597
2025-01-16,USDJPY,fx,-1.736111111111111,Bearish,-0.02395889077299007,-0.01818193540899682,-0.03421040754614779
2025-01-16,USDCAD,fx,-1.875,Bearish,-0.0063434054290656405,-0.014965712260906372,0.0029250533249032262
2025-01-16,EURCAD,fx,-1.3888888888888888,Bearish,0.00226798695907493,0.003604479274244232,0.013013925169930163
2025-01-16,GBPJPY,fx,-2.083333333333333,Bearish,-0.008459443657260812,0.009528725763377821,-0.0058362786875747474
2025-01-16,GBPCAD,fx,-2.2222222222222223,Bearish,0.009721693800716746,0.012549616413308318,0.03273121674493629
2025-01-16,AUDJPY,fx,-2.2222222222222223,Bearish,-0.013040137876617064,0.0032496521937748213,-0.030285097281920303
2025-01-16,NZDJPY,fx,-1.3888888888888888,Bearish,-0.012196525140950487,0.002462317339776865,-0.02963985732366814
2025-01-16,AUDCAD,fx,-2.361111111111111,Bearish,0.005011185682326502,0.007639821029082672,0.006957494407158871
2025-01-16,AUDCHF,fx,-1.3888888888888888,Bearish,0.0049513704686119375,0.00866489832007078,-0.008311229000884213
2025-01-16,NZDCAD,fx,-1.5277777777777777,Bearish,0.0056768180071642416,0.007065035511099493,0.007312931493945074
2025-01-16,DJIA,cross-asset,3.333333333333333,Bullish,0.03722127160901856,0.03462742237859695,0.005402458020781431
2025-01-16,SP500,cross-asset,3.333333333333333,Bullish,0.023691487926615462,0.030554431404289817,-0.010572642654795628
2025-01-16,NASDAQ,cross-asset,3.333333333333333,Bullish,0.03364448167858258,0.052408107310478735,-0.02058243923801184
2025-01-17,USDJPY,fx,-1.8749999999999998,Bearish,-0.031166204826601818,-0.030615836527815965,-0.03616431693534439
2025-01-17,USDCAD,fx,-2.013888888888889,Bearish,-0.012998314777467823,-0.021175788048733435,-0.0011119706052988843
2025-01-17,EURCAD,fx,-1.3888888888888888,Bearish,-0.007840763902898229,-0.0009683276175106448,0.008432519669154814
2025-01-17,GBPJPY,fx,-2.083333333333333,Bearish,-0.012878425350883238,0.005605717200506843,-0.003917691664519385
2025-01-17,GBPCAD,fx,-2.2222222222222223,Bearish,0.0058139204787399645,0.015846339898597073,0.031965207319635036
2025-01-17,AUDJPY,fx,-2.5,Bearish,-0.01844957392239588,-0.004446926449904742,-0.033920741292297496
2025-01-17,NZDJPY,fx,-1.3888888888888888,Bearish,-0.01770053721474818,-0.002904173745351013,-0.0333004270168511
2025-01-17,AUDCAD,fx,-2.638888888888889,Bearish,-0.00047969121272639637,0.005243136511194679,0.0016510302205463567
2025-01-17,AUDCHF,fx,-1.6666666666666665,Bearish,0.008059242501899933,0.011293543769109737,-0.010657287782117608
2025-01-17,NZDCAD,fx,-1.5277777777777777,Bearish,0.0004950004950003972,0.005618255618255574,0.0018810018810018203
2025-01-17,GOLD,cross-asset,2.0,Bullish,0.05859588889053313,0.07271025409557064,0.057767155520696
2025-01-17,SILVER,cross-asset,2.0,Bullish,0.04804458220668728,0.06687331003099639,0.026874629031194308
2025-01-20,USDJPY,fx,-1.8749999999999998,Bearish,-0.02291926504056674,-0.02255281395857167,-0.038927391254033994
2025-01-20,USDCAD,fx,-2.013888888888889,Bearish,-0.00016076945659915243,-0.008017502900840245,0.011945869622960625
2025-01-20,EURCAD,fx,-1.3888888888888888,Bearish,-0.010511125281068567,-0.005054200087256988,0.01890123166761759
2025-01-20,GBPJPY,fx,-2.083333333333333,Bearish,-0.019795990738229796,-2.0859842716713928e-05,-0.009897995369114843
2025-01-20,GBPCAD,fx,-2.2222222222222223,Bearish,0.0036249354716102467,0.015305283102354794,0.04296598006569119
2025-01-20,AUDJPY,fx,-2.5,Bearish,-0.021969347480649937,-0.009944128351017434,-0.046173560920600765
2025-01-20,NZDJPY,fx,-1.3888888888888888,Bearish,-0.027757926379672226,-0.017548635925358713,-0.047858884918609235
2025-01-20,AUDCAD,fx,-2.638888888888889,Bearish,0.0012260365581810984,0.004770396790013232,0.004424877396344229
2025-01-20,AUDCHF,fx,-1.6666666666666665,Bearish,0.005804749340369231,0.008970976253298124,-0.01846965699208436
2025-01-20,NZDCAD,fx,-1.5277777777777777,Bearish,-0.005560418695829128,-0.0032055628845133466,0.002157590403037979
2025-01-20,GOLD,cross-asset,2.0,Bullish,0.07432667085380729,0.08437580817970236,0.0688255070750361
2025-01-20,SILVER,cross-asset,2.0,Bullish,0.05092698933552087,0.07845775225594753,0.03967186218211638
2025-01-21,USDJPY,fx,-1.8749999999999998,Bearish,-0.019157901508571995,-0.025629643925504042,-0.036411592524687175
2025-01-21,USDCAD,fx,-2.013888888888889,Bearish,-0.0021655152179834714,-0.005763064693020681,0.004903844138788527
2025-01-21,EURCAD,fx,-1.3888888888888888,Bearish,-0.008661401499166055,-0.00662500083733597,0.023934406462892577
2025-01-21,GBPJPY,fx,-2.083333333333333,Bearish,-0.012037779467047205,-0.0075184055148859175,-0.002655392529495759
2025-01-21,GBPCAD,fx,-2.2222222222222223,Bearish,0.0051854197532259505,0.012604471788375982,0.04090657196819758
2025-01-21,AUDJPY,fx,-2.5,Bearish,-0.015510555794916003,-0.014412917256519164,-0.03691963644570284
2025-01-21,NZDJPY,fx,-1.3888888888888888,Bearish,-0.022912793070608894,-0.02105346696294952,-0.0385923540882499
2025-01-21,AUDCAD,fx,-2.638888888888889,Bearish,0.0009683990249222951,0.005287236055610656,0.004563719542737488
2025-01-21,AUDCHF,fx,-1.6666666666666665,Bearish,0.011881710966378911,0.009681394120753195,-0.018482661503256614
2025-01-21,NZDCAD,fx,-1.5277777777777777,Bearish,-0.006056875538594131,-0.0007140219130863379,0.00299150560137873
2025-01-21,GOLD,cross-asset,2.0,Bullish,0.05568570585384869,0.06860519767259676,0.06303444104798706
2025-01-21,SILVER,cross-asset,2.0,Bullish,0.03172749391727492,0.06053527980535289,0.03662611516626124
2025-01-22,USDJPY,fx,-1.8749999999999998,Bearish,-0.013122487200301847,-0.04359887247601468,-0.04857173903316747
2025-01-22,USDCAD,fx,-2.569444444444444,Bearish,-0.004816124272709388,-0.01399599120291739,-0.0021853511873276554
2025-01-22,EURGBP,fx,1.3888888888888888,Bullish,-0.012305615103099465,-0.0184880319306433,-0.009273625241315586
2025-01-22,EURCAD,fx,-1.9444444444444442,Bearish,-0.007242161012698811,-0.005302893520840457,0.03427153757163581
2025-01-22,GBPJPY,fx,-2.6388888888888884,Bearish,-0.0028596636910941386,-0.016239360597882557,-0.003939173759601511
2025-01-22,GBPCHF,fx,-1.8055555555555554,Bearish,0.018369175627240164,0.018817204301075252,0.02894265232974913
2025-01-22,GBPCAD,fx,-3.333333333333333,Very Bearish,0.005560735780283155,0.014246559859851349,0.04454239778474767
2025-01-22,AUDJPY,fx,-2.5,Bearish,-0.011672120452205448,-0.024057820320703027,-0.038859496212932054
2025-01-22,NZDJPY,fx,-1.3888888888888888,Bearish,-0.016447888660445997,-0.026140394478208928,-0.037459614559092635
2025-01-22,AUDCAD,fx,-3.1944444444444438,Very Bearish,-0.004036864110725347,0.0057669487296077016,0.007408311060342232
2025-01-22,AUDCHF,fx,-1.6666666666666665,Bearish,0.00861917326297279,0.010378188214599904,-0.007739665787159122
2025-01-22,NZDCAD,fx,-2.083333333333333,Bearish,-0.008336407229804554,0.0035657199065535217,0.009172507069961977
2025-01-22,CADCHF,fx,1.5277777777777775,Bullish,0.012690355329949332,0.004441624365482344,-0.015069796954314651
2025-01-22,GOLD,cross-asset,2.0,Bullish,0.05362131645973767,0.06635270555624095,0.05912168290895381
2025-01-22,SILVER,cross-asset,2.0,Bullish,0.04594006688094554,0.06931593130093194,0.05882925879029899
2025-01-23,USDJPY,fx,-1.8749999999999998,Bearish,-0.0207971492844371,-0.043478539520992565,-0.051758945337785356
2025-01-23,USDCAD,fx,-2.569444444444444,Bearish,-0.0129718375494704,-0.010982590611589127,-0.006371154528318934
2025-01-23,EURGBP,fx,1.3888888888888888,Bullish,-0.012301304863582385,-0.018481613285883713,-0.007271648873072301
2025-01-23,EURCAD,fx,-1.9444444444444442,Bearish,-0.008474576271186307,-0.007058807816110346,0.028849621348719934
2025-01-23,GBPJPY,fx,-2.6388888888888884,Bearish,-0.0038656717966812915,-0.021440209213270944,-0.011399840184306953
2025-01-23,GBPCHF,fx,-1.8055555555555554,Bearish,0.012497768255668618,0.010783788609176836,0.01633636850562392
2025-01-23,GBPCAD,fx,-3.333333333333333,Very Bearish,0.004116779113118474,0.011156415079463411,0.03630199475124729
2025-01-23,AUDJPY,fx,-2.5,Bearish,-0.015796773338228487,-0.033072263354341436,-0.04447367884313369
2025-01-23,NZDJPY,fx,-1.3888888888888888,Bearish,-0.020333239197966813,-0.0328268850607174,-0.042304433775769645
2025-01-23,AUDCAD,fx,-3.1944444444444438,Very Bearish,-0.008067729083665265,0.0006972111553784632,0.001527224435591057
2025-01-23,AUDCHF,fx,-1.6666666666666665,Bearish,0.0005264081417792887,-0.0003684856992454133,-0.017897876820494818
2025-01-23,NZDCAD,fx,-2.083333333333333,Bearish,-0.012639295828174246,0.001140111068884675,0.003898444300057591
2025-01-23,CADCHF,fx,1.5277777777777775,Bullish,0.008563273073263433,-0.0010783380907072315,-0.019346653980336304
2025-01-23,GOLD,cross-asset,2.0,Bullish,0.06310355343217688,0.06584450285349175,0.056714055443416456
2025-01-23,SILVER,cross-asset,2.0,Bullish,0.06178113703581989,0.06772921459086434,0.07200131449227753
2025-01-24,USDCAD,fx,-2.291666666666667,Bearish,-0.011428451894515135,-0.006073326174571569,0.0016943952473258417
2025-01-24,EURGBP,fx,1.3888888888888888,Bullish,-0.008530332052395506,-0.013669946343378592,-0.002855341272768319
2025-01-24,EURCAD,fx,-1.666666666666667,Bearish,-0.011271595579140481,-0.007860192315365278,0.03392118527976162
2025-01-24,GBPJPY,fx,-1.8055555555555554,Bearish,-0.015421919469017387,-0.029199930133875784,-0.017420296109073252
2025-01-24,GBPCHF,fx,-1.8055555555555554,Bearish,0.00030972903134474095,0.0016636873683650855,0.004477796853153082
2025-01-24,GBPCAD,fx,-3.0555555555555554,Very Bearish,-0.0035318509245961804,0.005482192653526452,0.036391476615458496
2025-01-24,AUDJPY,fx,-1.6666666666666665,Bearish,-0.017708110965407253,-0.03385075173065777,-0.051985809114289516
2025-01-24,AUDCAD,fx,-2.916666666666667,Bearish,-0.005322144316236899,-0.0006293822116710812,0.0006072986252967372
2025-01-24,AUDCHF,fx,-1.6666666666666665,Bearish,-0.0012956543054242209,-0.002853941240326452,-0.030080190496200587
2025-01-24,NZDCAD,fx,-1.8055555555555558,Bearish,-0.00799716741551082,-0.0024418831803086904,0.0017703653057239421
2025-01-24,GOLD,cross-asset,2.0,Bullish,0.040058019541905354,0.06535858097478608,0.05068050283602976
2025-01-24,SILVER,cross-asset,2.0,Bullish,0.05022711676089009,0.05702428025227935,0.0622201888827163
2025-01-27,USDCAD,fx,-2.291666666666667,Bearish,-0.013682423027671087,-0.004085240242748256,0.00450281164745836
2025-01-27,EURGBP,fx,1.3888888888888888,Bullish,-0.010700667302192546,-0.011499046711153427,0.0023593898951383974
2025-01-27,EURCAD,fx,-1.666666666666667,Bearish,-0.014461411911427247,-0.002043171958128198,0.03722155148395312
2025-01-27,GBPJPY,fx,-1.8055555555555554,Bearish,-0.0094173957637258,-0.02248157184519839,-0.018643128357342942
2025-01-27,GBPCHF,fx,-1.8055555555555554,Bearish,0.008876264867743622,0.0036392685957749027,0.0059914787857269225
2025-01-27,GBPCAD,fx,-3.0555555555555554,Very Bearish,-0.0036918862030370647,0.009215794368063746,0.03495876558471567
2025-01-27,AUDJPY,fx,-1.6666666666666665,Bearish,-0.009588674664087637,-0.02778863762628858,-0.049815839832095254
2025-01-27,AUDCAD,fx,-2.916666666666667,Bearish,-0.003604719307363169,0.003991729048951287,0.0017470725477404248
2025-01-27,AUDCHF,fx,-1.6666666666666665,Bearish,0.008815232722143795,-0.0015867418899858654,-0.02581100141043724
2025-01-27,NZDCAD,fx,-1.8055555555555558,Bearish,-0.006236853690749888,0.0010517047400087076,0.005515335322604287
2025-01-27,GOLD,cross-asset,2.0,Bullish,0.05792315831721817,0.063531214653191,0.054197832670485724
2025-01-27,SILVER,cross-asset,2.0,Bullish,0.0713599788072452,0.05053147455213747,0.06275042219941063
2025-01-28,USDCAD,fx,-2.291666666666667,Bearish,-0.013855978430813987,-0.0038427061545838193,0.002675301753191084
2025-01-28,EURGBP,fx,1.3888888888888888,Bullish,-0.011624576311643597,-0.012997087888480419,0.005692939323053592
2025-01-28,EURCAD,fx,-1.666666666666667,Bearish,-0.012418718686707186,0.001312493337597198,0.048888711224816195
2025-01-28,GBPJPY,fx,-1.8055555555555554,Bearish,-0.008767213928290829,-0.023303420040527767,-0.011734419585625155
2025-01-28,GBPCHF,fx,-1.8055555555555554,Bearish,0.012895766631092043,0.008182141586623892,0.015884027036641823
2025-01-28,GBPCAD,fx,-3.0555555555555554,Very Bearish,-0.0005584190041154624,0.014630577907827291,0.04314345225796723
2025-01-28,AUDJPY,fx,-1.6666666666666665,Bearish,-0.006399374466290131,-0.03303599905346877,-0.04372562939185365
2025-01-28,AUDCAD,fx,-2.916666666666667,Bearish,0.001577672599604396,0.004166388907406171,0.00893273781747883
2025-01-28,AUDCHF,fx,-1.6666666666666665,Bearish,0.015221238938053272,-0.0019469026548671886,-0.017061946902654834
2025-01-28,NZDCAD,fx,-1.8055555555555558,Bearish,-0.00831626332380686,0.0006868890060960364,0.009959890588393971
2025-01-28,GOLD,cross-asset,2.0,Bullish,0.062214775059080685,0.055349471802313976,0.055128710864695174
2025-01-28,SILVER,cross-asset,2.0,Bullish,0.08122512090008893,0.04734019804585987,0.08326479586801327
2025-01-29,USDJPY,fx,-1.4583333333333333,Bearish,-0.024185806784138064,-0.03493219083207166,-0.045292014302741324
2025-01-29,USDCAD,fx,-2.291666666666667,Bearish,-0.012276452667300486,0.0017557617438253015,-0.003025739605959976
2025-01-29,EURGBP,fx,1.3888888888888888,Bullish,-0.009712918660287118,-0.013145933014353961,0.004294258373205739
2025-01-29,EURCAD,fx,-1.666666666666667,Bearish,-0.012341238919192588,-0.00046620978108125044,0.04140608869974072
2025-01-29,GBPJPY,fx,-2.2222222222222223,Bearish,-0.013287781142428234,-0.023014209177731226,-0.0057250821751171355
2025-01-29,GBPCHF,fx,-1.8055555555555554,Bearish,0.008150970142641878,0.003898290068220067,0.012270753964738201
2025-01-29,GBPCAD,fx,-3.0555555555555554,Very Bearish,-0.0018895267822306439,0.013683741151552242,0.03751741820411336
2025-01-29,AUDJPY,fx,-2.083333333333333,Bearish,-0.005455260651732852,-0.03315597697817896,-0.030702662415634907
2025-01-29,AUDCAD,fx,-2.916666666666667,Bearish,0.005835839180309721,0.0025838066599843668,0.010513420202695078
2025-01-29,AUDCHF,fx,-1.6666666666666665,Bearish,0.015760580839383698,-0.00690632194085361,-0.013653267221533594
2025-01-29,NZDCAD,fx,-1.8055555555555558,Bearish,-0.003926765817503508,-0.002736464929072757,0.009865999116477786
2025-01-29,GOLD,cross-asset,2.0,Bullish,0.06280075950834885,0.04255565862708721,0.06291671498144713
2025-01-29,SILVER,cross-asset,2.0,Bullish,0.060500875883994,0.013819503016933687,0.07876467916693697
2025-01-30,USDJPY,fx,-1.4583333333333333,Bearish,-0.030203256248055754,-0.023851498496318624,-0.04260862802032572
2025-01-30,USDCAD,fx,-2.291666666666667,Bearish,-0.02146690518783545,-0.0010636754822801464,-0.0026799096566538783
2025-01-30,EURGBP,fx,1.3888888888888888,Bullish,-0.00962032577649774,-0.014472316168122723,0.0013026279622836423
2025-01-30,EURAUD,fx,1.5277777777777777,Bullish,-0.019170169637464984,-0.001751983688015435,0.032450564760612144
2025-01-30,EURCAD,fx,-1.666666666666667,Bearish,-0.01093800908286957,-0.00285252638088207,0.04178385962112596
2025-01-30,GBPJPY,fx,-2.2222222222222223,Bearish,-0.010244735344337008,-0.010939205171450528,-0.0013367238777524104
2025-01-30,GBPCHF,fx,-1.8055555555555554,Bearish,0.007175126229072459,0.004677119319691725,0.011214456550624474
2025-01-30,GBPCAD,fx,-3.0555555555555554,Very Bearish,-0.0016742964895398726,0.011024769575640914,0.03992168074892777
2025-01-30,AUDJPY,fx,-2.361111111111111,Bearish,-0.0003445755455779853,-0.024579722251226843,-0.031481674845985186
2025-01-30,AUDNZD,fx,-1.3888888888888888,Bearish,0.007835268696149589,0.006446165439474294,0.0005175090564086826
2025-01-30,AUDCAD,fx,-3.1944444444444446,Very Bearish,0.00855204626334527,-0.0014568505338078408,0.008863434163701056
2025-01-30,AUDCHF,fx,-1.9444444444444444,Bearish,0.017717930545712246,-0.008185683912118935,-0.01872785258681775
2025-01-30,NZDCAD,fx,-1.8055555555555558,Bearish,0.0009933896662948083,-0.007100896503513643,0.008842394437017953
2025-01-30,GOLD,cross-asset,2.0,Bullish,0.05189580753455547,0.02326363786031793,0.06969785902951275
2025-01-30,SILVER,cross-asset,2.0,Bullish,0.04138868688146213,-0.015366617130932458,0.07073070477756338
2025-01-31,USDCHF,fx,-1.597222222222222,Bearish,-0.015339848468211237,-0.01570220709344461,-0.028483584056220423
2025-01-31,USDCAD,fx,-2.013888888888889,Bearish,-0.02184769897502925,-0.004120520052280363,-0.011659902318222448
2025-01-31,EURGBP,fx,1.3888888888888888,Bullish,-0.010263157894736752,-0.012380382775119547,0.0055263157894738235
2025-01-31,EURAUD,fx,1.5277777777777777,Bullish,-0.013168477282275881,0.010881699777924414,0.031222615689334487
2025-01-31,EURCAD,fx,-1.666666666666667,Bearish,-0.012912434442010179,0.007774015800305456,0.0370311358959039
2025-01-31,GBPJPY,fx,-1.8055555555555554,Bearish,-0.01944574429366197,-0.012852909062548767,-0.00045234752768685826
2025-01-31,GBPCHF,fx,-2.6388888888888884,Bearish,0.0029052258635959838,0.008325952170062045,0.012515500442869865
2025-01-31,GBPCAD,fx,-3.0555555555555554,Very Bearish,-0.003181212524983379,0.02072507217410613,0.031140350877193024
2025-01-31,AUDJPY,fx,-1.9444444444444444,Bearish,-0.01593149974052932,-0.0343435391800726,-0.025064867669953195
2025-01-31,AUDNZD,fx,-1.3888888888888888,Bearish,0.004656862745098023,0.00583696441539594,-0.0016975308641973275
2025-01-31,AUDCAD,fx,-3.1944444444444446,Very Bearish,0.001473031343448783,-0.001916048288847061,0.006434821131908297
2025-01-31,AUDCHF,fx,-2.7777777777777777,Bearish,0.006697296342110137,-0.013960063615479634,-0.01224597985509801
2025-01-31,NZDCAD,fx,-1.8055555555555558,Bearish,-0.0030032963008179703,-0.0076425344890733715,0.008326211695763641
2025-01-31,NZDCHF,fx,-1.3888888888888888,Bearish,0.0022594468250878297,-0.019477989871445334,-0.011180366186209545
2025-01-31,DJIA,cross-asset,3.333333333333333,Bullish,-0.02399225168707475,-0.02756469517547011,-0.06900638858113073
2025-01-31,SP500,cross-asset,3.333333333333333,Bullish,-0.0037604572185868657,-0.028576161683094514,-0.06846682680361138
2025-01-31,NASDAQ,cross-asset,3.333333333333333,Bullish,0.008669526174483577,-0.04408405291598405,-0.08339256288404906
2025-02-03,GBPUSD,fx,-1.4583333333333333,Bearish,0.013864567435135422,0.027616676038236143,0.04302353602699016
2025-02-03,USDCHF,fx,-1.5972222222222223,Bearish,-0.014508683227082986,-0.022752253242470877,-0.03251264014069033
2025-02-03,AUDUSD,fx,-1.5972222222222223,Bearish,0.019824885532974568,0.007358020724556269,0.025255040565507425
2025-02-03,EURGBP,fx,1.3888888888888888,Bullish,-0.0018300905413214386,-0.0004093623579272121,0.012256790599113998
2025-02-03,EURCHF,fx,-1.666666666666667,Bearish,-0.003079537007539601,0.003610491664012061,0.021089518955081266
2025-02-03,EURAUD,fx,1.5277777777777777,Bullish,-0.007526765176969374,0.019967002661464006,0.02999867528932887
2025-02-03,GBPJPY,fx,-1.8055555555555554,Bearish,-0.019004853738936345,-0.005622031302722763,0.00537804656474683
2025-02-03,GBPCHF,fx,-3.0555555555555554,Very Bearish,-0.0006180469715699743,0.00432632880098871,0.009120607451880591
2025-02-03,GBPCAD,fx,-1.9444444444444442,Bearish,0.0019881158564769574,0.025110404472982184,0.032984902571185026
2025-02-03,AUDJPY,fx,-1.9444444444444444,Bearish,-0.013370566069074274,-0.025412380230663056,-0.01196914804164817
2025-02-03,AUDNZD,fx,-1.3888888888888888,Bearish,0.0013655889667645305,0.000877232647524151,-0.007976486547592199
2025-02-03,AUDCAD,fx,-2.083333333333333,Bearish,0.007704640598557022,0.004820967310946944,0.01511980048098338
2025-02-03,AUDCHF,fx,-3.1944444444444446,Very Bearish,0.005118158874711121,-0.01590159015901582,-0.008436137731420046
2025-02-03,NZDCHF,fx,-1.8055555555555558,Bearish,0.0037109374999999556,-0.016406249999999956,1.9531249999982236e-05
2025-02-03,GOLD,cross-asset,-2.0,Bearish,0.0489812594368948,0.03657518429700679,0.06617639221955773
2025-02-03,SILVER,cross-asset,-2.0,Bearish,0.02477506019515885,0.012355848434925987,0.07217082752502857
2025-02-04,GBPUSD,fx,-1.4583333333333333,Bearish,0.01494008736424468,0.033358714383040056,0.042087123792730274
2025-02-04,USDCHF,fx,-1.5972222222222223,Bearish,-0.013485133193323784,-0.015695810765999796,-0.03100475295678118
2025-02-04,EURGBP,fx,1.9444444444444442,Bullish,-0.00223716337306501,0.006122129875753224,0.012063843350452741
2025-02-04,EURAUD,fx,1.6666666666666665,Bullish,-0.001700044611099627,0.026459204957860694,0.0371598403646054
2025-02-04,GBPJPY,fx,-1.8055555555555554,Bearish,-0.01993809271550695,-0.003245977584577231,0.007520280867948426
2025-02-04,GBPCHF,fx,-3.0555555555555554,Very Bearish,0.0016832034018425812,0.017274982282069473,0.009425939050318854
2025-02-04,GBPCAD,fx,-1.9444444444444442,Bearish,0.014662493911621999,0.034811526209417964,0.040779536331521316
2025-02-04,AUDJPY,fx,-1.5277777777777777,Bearish,-0.019994814622763757,-0.022193414570910064,-0.016012444905366796
2025-02-04,AUDCAD,fx,-1.6666666666666665,Bearish,0.014049586776859524,0.0144851463033282,0.015412106321197161
2025-02-04,AUDCHF,fx,-2.7777777777777777,Bearish,0.0010606328442637203,-0.0028283542513698468,-0.014548347180484256
2025-02-04,NZDCHF,fx,-1.8055555555555558,Bearish,0.0,-0.00215306322176545,-0.0022705030338618926
2025-02-04,GOLD,cross-asset,-2.0,Bearish,0.025619192050696515,0.027135724364094393,0.06746985408214612
2025-02-04,SILVER,cross-asset,-2.0,Bearish,-0.012420620097123636,0.015222263728053687,0.05799402316025404
2025-02-05,USDJPY,fx,-1.4583333333333333,Bearish,-0.02310782559686486,-0.030369161604047346,-0.024864177627483053
2025-02-05,USDCHF,fx,-1.8750000000000002,Bearish,-0.007764233503776752,-0.019599143715962164,-0.02697516554455004
2025-02-05,EURGBP,fx,1.9444444444444442,Bullish,-0.005591361646866466,0.006288778798518635,0.008080419412245687
2025-02-05,EURAUD,fx,1.6666666666666665,Bullish,0.004478044889227206,0.0286268537655463,0.036331991732840185
2025-02-05,GBPJPY,fx,-2.6388888888888884,Bearish,-0.0098314606741573,-0.0015250293476437582,0.01383007714237805
2025-02-05,GBPCHF,fx,-3.0555555555555554,Very Bearish,0.005767012687427853,0.010114453021027536,0.011995386389850093
2025-02-05,GBPCAD,fx,-1.9444444444444442,Bearish,0.015691206886913722,0.028632120297389374,0.04047179831181169
2025-02-05,AUDJPY,fx,-2.3611111111111107,Bearish,-0.019835641581845476,-0.02284957450358749,-0.013578341398298055
2025-02-05,NZDJPY,fx,-1.6666666666666665,Bearish,-0.022269096441785652,-0.022787786576299318,-0.002328342381594517
2025-02-05,AUDCAD,fx,-1.6666666666666665,Bearish,0.005115601472403641,0.006416743586036722,0.011899333859721306
2025-02-05,AUDCHF,fx,-2.7777777777777777,Bearish,-0.004413841807909713,-0.011829096045197773,-0.0151306497175141
2025-02-05,NZDCHF,fx,-2.0833333333333335,Bearish,-0.006635441061670466,-0.010733801717408231,-0.0040398126463701
2025-02-05,NIKKEI,cross-asset,-3.333333333333333,Bearish,-0.0193389321211187,-0.048976551865834606,-0.027531653696997727
2025-02-06,USDJPY,fx,-1.4583333333333333,Bearish,-0.010503160856899396,-0.022116089653395732,-0.017346729817747097
2025-02-06,USDCHF,fx,-1.8750000000000002,Bearish,-0.0056372278103238305,-0.0281419255001657,-0.02592019453962635
2025-02-06,EURGBP,fx,1.5277777777777777,Bullish,-0.011810221950722788,0.003904799549630633,0.002060200989375538
2025-02-06,EURAUD,fx,1.6666666666666665,Bullish,0.008902849395986179,0.03871619822306149,0.042414118672379875
2025-02-06,GBPJPY,fx,-2.2222222222222223,Bearish,0.002645544806922917,0.016075137722387778,0.024675814514372396
2025-02-06,GBPCHF,fx,-2.6388888888888893,Bearish,0.007200000000000095,0.008960000000000079,0.015920000000000156
2025-02-06,GBPCAD,fx,-1.5277777777777777,Bearish,0.022787985130445998,0.04297773503624591,0.04454117527964763
2025-02-06,AUDJPY,fx,-2.3611111111111107,Bearish,-0.01747280722055078,-0.018966569186425697,-0.014253855378595026
2025-02-06,NZDJPY,fx,-1.6666666666666665,Bearish,-0.017658707047175204,-0.017006406523005224,-0.0028072218986604502
2025-02-06,AUDCAD,fx,-1.6666666666666665,Bearish,0.0019366040423827169,0.00859228919953714,0.003773038910159343
2025-02-06,AUDCHF,fx,-2.7777777777777777,Bearish,-0.013197254970966132,-0.025233151504487128,-0.023403132148513084
2025-02-06,NZDCHF,fx,-2.0833333333333335,Bearish,-0.013400857031554358,-0.02337358784573429,-0.011959485781067203
2025-02-06,NIKKEI,cross-asset,-3.333333333333333,Bearish,-0.03183405216676938,-0.04505545286506474,-0.032090778393920716
2025-02-07,EURUSD,fx,1.458333333333333,Bullish,0.0046580542697216565,0.049214619124169356,0.04713253665433559
2025-02-07,USDJPY,fx,-1.736111111111111,Bearish,-0.005158895296223709,-0.02803374089266719,-0.013812099954422119
2025-02-07,EURGBP,fx,1.9444444444444442,Bullish,-0.009405518384605238,0.010438563826592695,0.005453518961188841
2025-02-07,EURAUD,fx,2.083333333333333,Bullish,0.014770599820078223,0.048390430110141214,0.04677964453305461
2025-02-07,EURNZD,fx,1.3888888888888886,Bullish,0.015209438298385836,0.04161890292396375,0.03333680706007547
2025-02-07,GBPJPY,fx,-2.2222222222222223,Bearish,0.009077639387579106,0.009237456982430725,0.027318154213324508
2025-02-07,GBPCAD,fx,-1.5277777777777777,Bearish,0.0260001241864376,0.049155249981654325,0.04575705745880665
2025-02-07,AUDJPY,fx,-2.3611111111111107,Bearish,-0.015761968981793717,-0.026930209035738506,-0.014234238031018198
2025-02-07,NZDJPY,fx,-1.6666666666666665,Bearish,-0.01588099189005998,-0.020613737817561373,-0.001191950826185617
2025-02-07,AUDCAD,fx,-1.6666666666666665,Bearish,0.002131744012143111,0.011127480524118827,0.004665282707203344
2025-02-07,NIKKEI,cross-asset,-3.333333333333333,Bearish,-0.02162767092626816,-0.052624729979439344,-0.022096140332613312
2025-02-10,EURUSD,fx,1.3194444444444442,Bullish,0.017378226275955866,0.058616339996118816,0.04785561808655148
2025-02-10,USDJPY,fx,-1.597222222222222,Bearish,-0.01638362690073092,-0.028062718366111516,-0.00869845572801864
2025-02-10,EURGBP,fx,1.9444444444444442,Bullish,-0.008859224757811868,0.011548203546090763,0.0028930530713178193
2025-02-10,EURAUD,fx,2.083333333333333,Bullish,0.02606857393508122,0.05558533970172541,0.04631299346914908
2025-02-10,EURNZD,fx,1.3888888888888886,Bullish,0.021730443968843938,0.044593936275610035,0.031522827913494256
2025-02-10,GBPJPY,fx,-2.2222222222222223,Bearish,0.010097893168759198,0.017120663971057715,0.03560864013619902
2025-02-10,AUDJPY,fx,-2.3611111111111107,Bearish,-0.024747908848871125,-0.02573321314018573,-0.008448460199995789
2025-02-10,NZDJPY,fx,-1.6666666666666665,Bearish,-0.020674849488962477,-0.01583282774070094,0.005530405563074714
2025-02-10,NIKKEI,cross-asset,-3.333333333333333,Bearish,-0.040843587043078444,-0.06198463870122528,-0.024403401063474495
2025-02-11,EURUSD,fx,1.3194444444444442,Bullish,0.02552074284280237,0.050568521843207925,0.04165942742418105
2025-02-11,USDJPY,fx,-1.597222222222222,Bearish,-0.017590691756248944,-0.028084765883765073,-0.017157811198488915
2025-02-11,EURGBP,fx,1.9444444444444442,Bullish,-0.002582985931737225,0.008674027175414656,0.0011773610293499548
2025-02-11,EURAUD,fx,2.083333333333333,Bullish,0.029363507091724417,0.04605063260370201,0.03953621215620018
2025-02-11,EURNZD,fx,1.3888888888888886,Bullish,0.023541419908410743,0.035833392464343916,0.02642337439754594
2025-02-11,GBPJPY,fx,-2.2222222222222223,Bearish,0.009496706192358317,0.012274044795783867,0.022144927536231984
2025-02-11,AUDJPY,fx,-2.3611111111111107,Bearish,-0.021746379076794886,-0.02429926018547457,-0.01635927894133571
2025-02-11,NZDJPY,fx,-1.6666666666666665,Bearish,-0.016047248297228145,-0.014782497708364817,-0.0039102839307055826
2025-02-11,NIKKEI,cross-asset,-3.333333333333333,Bearish,-0.047248329022510194,-0.05277984071295039,-0.02463571410279397
2025-02-12,EURUSD,fx,1.3194444444444442,Bullish,0.039176211071831,0.04525444790151534,0.03426353154229256
2025-02-12,USDJPY,fx,-1.597222222222222,Bearish,-0.035920619705173684,-0.0432783232726236,-0.02530505971657282
2025-02-12,EURGBP,fx,1.9444444444444442,Bullish,0.0030697652109263895,0.004700577979231069,-0.00038372065136582645
2025-02-12,EURAUD,fx,2.083333333333333,Bullish,0.030110714501784708,0.044624599189303726,0.031580857886139624
2025-02-12,EURNZD,fx,1.3888888888888886,Bullish,0.02372748714715822,0.034047802789039405,0.01828744714846242
2025-02-12,GBPJPY,fx,-2.2222222222222223,Bearish,-0.0010826059574556846,-0.004538617283179502,0.008218436571262089
2025-02-12,AUDJPY,fx,-2.3611111111111107,Bearish,-0.02750845779354738,-0.043289462826965996,-0.024084082845119203
2025-02-12,NZDJPY,fx,-1.6666666666666665,Bearish,-0.021363103852250043,-0.033376978384214384,-0.011382169848161205
2025-02-12,NIKKEI,cross-asset,-3.333333333333333,Bearish,-0.03988364081757634,-0.06233892163617338,-0.0376381127357166
2025-02-13,US-DOLLAR,single,1.3888888888888886,Bullish,,,
2025-02-13,AUDUSD,fx,-1.3888888888888886,Bearish,0.0025174559445209077,0.0011558131066040644,-0.002628287338304891
2025-02-13,EURGBP,fx,1.9444444444444442,Bullish,0.005092297899427223,0.009596099107646916,0.0005404561449864342
2025-02-13,EURAUD,fx,2.083333333333333,Bullish,0.027837996147366262,0.03750581216297011,0.034003417853756934
2025-02-13,EURNZD,fx,1.3888888888888886,Bullish,0.019910784058348563,0.025674003646783072,0.020339498133194578
2025-02-13,GBPJPY,fx,-2.2222222222222223,Bearish,-0.007563406033014308,0.001385582647921213,0.0184917984966948
2025-02-13,AUDJPY,fx,-2.3611111111111107,Bearish,-0.02913717891595602,-0.026671087670579907,-0.014817270928100035
2025-02-13,NZDJPY,fx,-1.6666666666666665,Bearish,-0.022427212453156486,-0.01683482271547987,-0.0018795041798789214
2025-02-13,NIKKEI,cross-asset,-3.333333333333333,Bearish,-0.06196169824703612,-0.04965042050866353,-0.0451920154017631
2025-02-14,US-DOLLAR,single,1.8055555555555556,Bullish,,,
2025-02-14,AUDUSD,fx,-1.597222222222222,Bearish,-0.006726422079047278,0.005292922291709301,-0.009971487531702294
2025-02-14,EURAUD,fx,2.083333333333333,Bullish,0.03998133638737911,0.036533415744090414,0.04295660710065641
2025-02-14,EURNZD,fx,1.3888888888888886,Bullish,0.036846540233532954,0.026844242112520345,0.035380120158898576
2025-02-14,GBPJPY,fx,-1.3888888888888888,Bearish,-0.002029678173394056,0.010513628584547297,0.011598906373919915
2025-02-14,AUDJPY,fx,-2.3611111111111107,Bearish,-0.03489563390630335,-0.015036582463184733,-0.0262441659508853
2025-02-14,NZDJPY,fx,-1.6666666666666665,Bearish,-0.03138056103943798,-0.004671502685827056,-0.018353151829576086
2025-02-14,NIKKEI,cross-asset,-3.333333333333333,Bearish,-0.049739423666462335,-0.03147353361945637,-0.07342121397915391
2025-02-14,FTSE100,cross-asset,3.333333333333333,Bullish,0.3309736644898833,0.39281126217749707,0.420096884701852
2025-02-17,EURAUD,fx,2.083333333333333,Bullish,0.04594906003638566,0.04331109763493024,0.04954517889630061
2025-02-17,EURNZD,fx,1.3888888888888886,Bullish,0.039270410927418675,0.02913540520869251,0.04206684069106292
2025-02-17,GBPJPY,fx,-1.3888888888888888,Bearish,-0.009313440952993579,0.014459104006191437,0.012848469635881488
2025-02-17,AUDJPY,fx,-2.3611111111111107,Bearish,-0.040616624768869736,-0.014387218748052377,-0.027039660939480292
2025-02-17,NZDJPY,fx,-1.6666666666666665,Bearish,-0.03514730092214169,-0.0010821638672391387,-0.02015818012272208
2025-02-17,NIKKEI,cross-asset,-3.333333333333333,Bearish,-0.07097646878668773,-0.0357817365116635,-0.08172119850951964
2025-02-17,FTSE100,cross-asset,3.333333333333333,Bullish,0.3309736644898833,0.39281126217749707,0.420096884701852
2025-02-18,GBPJPY,fx,-1.3888888888888888,Bearish,-0.0029934498727524073,0.0088812632984272,0.008046852184071085
2025-02-18,AUDJPY,fx,-2.3611111111111107,Bearish,-0.037566658037794465,-0.020595392182241823,-0.027822935542324623
2025-02-18,NZDJPY,fx,-1.6666666666666665,Bearish,-0.02605994827267699,-0.0006119527064474273,-0.015783761315351974
2025-02-18,NIKKEI,cross-asset,-3.333333333333333,Bearish,-0.07171365381193273,-0.03742024048605641,-0.09347433713806341
2025-02-18,FTSE100,cross-asset,3.333333333333333,Bullish,0.3309736644898833,0.39281126217749707,0.420096884701852
2025-02-19,NZDUSD,fx,-1.7361111111111112,Bearish,0.004629304902854736,0.008925440134670781,0.006049659816230513
2025-02-19,EURNZD,fx,1.8055555555555556,Bullish,0.03885567890691721,0.03199106614990477,0.03348551533863242
2025-02-19,GBPJPY,fx,-1.3888888888888888,Bearish,0.007664543747180286,0.011898141833404985,0.018072794804268266
2025-02-19,GBPNZD,fx,1.5277777777777777,Bullish,0.024912500226683454,0.02121756161253474,0.025792031626861167
2025-02-19,AUDJPY,fx,-2.3611111111111107,Bearish,-0.025385888402010837,-0.024667714437378363,-0.02234665945023251
2025-02-19,NZDJPY,fx,-2.9166666666666665,Bearish,-0.01665373435093276,-0.008546909562578864,-0.008025756540470441
2025-02-19,CADJPY,fx,-1.6666666666666665,Bearish,-0.03028479554707264,-0.023834820463157103,-0.015128294329475156
2025-02-19,NZDCHF,fx,-1.6666666666666665,Bearish,-0.020577967416601783,-0.016175329712955544,-0.019103956555469148
2025-02-19,NIKKEI,cross-asset,-3.333333333333333,Bearish,-0.05139515798112437,-0.03308370947886741,-0.10725276979893317
2025-02-19,FTSE100,cross-asset,3.333333333333333,Bullish,0.3309736644898833,0.39281126217749707,0.420096884701852
2025-02-20,NZDUSD,fx,-1.7361111111111112,Bearish,-0.011299140848737288,-0.005293760305476014,0.005241690531979426
2025-02-20,EURNZD,fx,1.8055555555555556,Bullish,0.04442358572385241,0.03414792126381894,0.046899186509896884
2025-02-20,GBPAUD,fx,2.3611111111111107,Bullish,0.04089170494105998,0.03960326001829095,0.04557052846452714
2025-02-20,GBPNZD,fx,2.9166666666666665,Bullish,0.03360392417389413,0.024002802981352822,0.028616801507057366
2025-02-20,GBPCAD,fx,1.6666666666666665,Bullish,0.041665738037397704,0.03222157837259587,0.02855535001894416
2025-02-20,AUDJPY,fx,-2.3611111111111107,Bearish,-0.031147832081640292,-0.0227289344767434,-0.034761899787960626
2025-02-20,NZDJPY,fx,-2.9166666666666665,Bearish,-0.02375649591685225,-0.008537490720118779,-0.01878015961395696
2025-02-20,CADJPY,fx,-1.6666666666666665,Bearish,-0.030707116658610922,-0.015182963236757607,-0.01822524238719403
2025-02-20,NZDCHF,fx,-1.6666666666666665,Bearish,-0.028982985305491038,-0.02291183294663579,-0.038167053364269066
2025-02-20,NIKKEI,cross-asset,-3.333333333333333,Bearish,-0.046821094135041874,-0.025343052060906368,-0.12886825244481337
2025-02-21,USDJPY,fx,-1.5972222222222223,Bearish,-0.004194389166951473,0.009460826683283186,-0.015424095626712875
2025-02-21,NZDUSD,fx,-1.7361111111111112,Bearish,0.000976051870185124,-0.0023181231916896694,-0.024767316205947076
2025-02-21,EURJPY,fx,-1.527777777777778,Bearish,0.03617206726825262,0.04261305373256774,0.03211520713699745
2025-02-21,EURNZD,fx,1.8055555555555556,Bullish,0.039226036322847824,0.03619638311092044,0.07577981954043844
2025-02-21,GBPAUD,fx,2.3611111111111107,Bullish,0.028950615729431695,0.034772973381349326,0.07461280817950589
2025-02-21,GBPNZD,fx,2.9166666666666665,Bullish,0.022963863209114477,0.026081850582403643,0.04756637671659991
2025-02-21,GBPCAD,fx,1.3888888888888888,Bullish,0.03443109603613559,0.029652402991974247,0.02126462708928578
2025-02-21,AUDJPY,fx,-2.7777777777777777,Bearish,-0.009281231872593998,-0.0023097611137478102,-0.06454674893213108
2025-02-21,NZDJPY,fx,-3.3333333333333335,Very Bearish,-0.004134596292878934,0.00657564325675386,-0.04070358214882208
2025-02-21,CADJPY,fx,-1.8055555555555558,Bearish,-0.01445985387535531,0.0029472921157551735,-0.015661662310905933
2025-02-21,CHFJPY,fx,-1.666666666666667,Bearish,0.009609016580972352,0.025991306127855385,0.02654520933928972
2025-02-21,NZDCAD,fx,-1.5277777777777777,Bearish,0.011363636363636243,0.0034776645768024306,-0.025372257053291603
2025-02-21,NZDCHF,fx,-1.6666666666666665,Bearish,-0.013409514925373123,-0.01871501865671643,-0.06576492537313439
2025-02-21,NIKKEI,cross-asset,-5.0,Very Bearish,-0.016541274543214413,-0.0044040160432012865,-0.1560804257215509
2025-02-24,GBPUSD,fx,1.3888888888888888,Bullish,0.028760220574253648,0.025456360524814592,0.007265322938454721
2025-02-24,USDJPY,fx,-1.5972222222222223,Bearish,-0.0037142933490100782,0.0010621810116773212,-0.012645966384309149
2025-02-24,NZDUSD,fx,-1.7361111111111112,Bearish,0.014550149165198256,1.7446222020822688e-05,-0.034334164936583034
2025-02-24,EURGBP,fx,-1.3194444444444444,Bearish,0.014112708675094066,0.005198784135868051,0.03296584000771974
2025-02-24,EURJPY,fx,-1.527777777777778,Bearish,0.039430022717410695,0.031989432575235455,0.028888123133471222
2025-02-24,EURNZD,fx,1.8055555555555556,Bullish,0.028093088486654594,0.030207739843099324,0.0786584564140771
2025-02-24,GBPCHF,fx,1.4583333333333335,Bullish,0.009744677091615861,0.008216273522396067,-0.03440233236151602
2025-02-24,GBPAUD,fx,2.569444444444444,Bullish,0.023210539818601772,0.03218487944503989,0.06862552756943296
2025-02-24,GBPNZD,fx,3.125,Very Bullish,0.013650528304972376,0.024575493554043426,0.042691402665600675
2025-02-24,AUDJPY,fx,-2.7777777777777777,Bearish,0.0014204097092893608,-0.006765358837578783,-0.07023136895931326
2025-02-24,NZDJPY,fx,-3.3333333333333335,Very Bearish,0.010664087084216956,0.0005128085592409626,-0.04654903149110745
2025-02-24,CHFJPY,fx,-1.666666666666667,Bearish,0.013979267781173421,0.01637605608484627,0.029504464018215604
2025-02-24,AUDCAD,fx,-1.8055555555555554,Bearish,0.007358465550006521,-0.0059442259247800555,-0.05844787201131385
2025-02-24,NZDCAD,fx,-2.361111111111111,Bearish,0.01691471653774612,0.0015666307647117517,-0.035175756388916124
2025-02-24,NZDCHF,fx,-1.6666666666666665,Bearish,-0.003677758318739177,-0.01673477330219897,-0.07522864370500104
2025-02-24,NIKKEI,cross-asset,-5.0,Very Bearish,-0.0034696667017137806,0.0011302702134370346,-0.14648827673220477
2025-02-25,GBPUSD,fx,1.3888888888888888,Bullish,0.026747427524500766,0.016623364316230793,0.007897085185857966
2025-02-25,USDJPY,fx,-1.5972222222222223,Bearish,0.0015369024368963036,0.009986510157649953,-0.018758263367360084
2025-02-25,NZDUSD,fx,-1.7361111111111112,Bearish,0.016667249641470594,0.0009269299380880724,-0.03289726818006922
2025-02-25,EURGBP,fx,-1.3194444444444444,Bearish,0.014333072147549863,0.004906274486167206,0.03425953830389972
2025-02-25,EURJPY,fx,-1.527777777777778,Bearish,0.04272500367053311,0.031349543258028856,0.02266793486240304
2025-02-25,EURNZD,fx,1.8055555555555556,Bullish,0.024744436452407426,0.021006342771202613,0.07819481680071494
2025-02-25,GBPCHF,fx,1.4583333333333335,Bullish,0.007729724949146588,0.006084726275758401,-0.04375165826479188
2025-02-25,GBPAUD,fx,2.569444444444444,Bullish,0.024176738219790384,0.024327059908203497,0.07297115827871647
2025-02-25,GBPNZD,fx,3.125,Very Bullish,0.00997427306720211,0.015635102568624104,0.04220754264838211
2025-02-25,AUDJPY,fx,-2.7777777777777777,Bearish,0.004063621067335488,0.0012698815835423538,-0.07869032879350657
2025-02-25,NZDJPY,fx,-3.3333333333333335,Very Bearish,0.01815258970688327,0.01000915256623891,-0.050937551336509235
2025-02-25,CHFJPY,fx,-1.666666666666667,Bearish,0.018966064826189344,0.018246972320930865,0.033353907368900426
2025-02-25,AUDCAD,fx,-1.8055555555555554,Bearish,0.0013436419304388991,-0.009548668472873834,-0.06419744928302396
2025-02-25,NZDCAD,fx,-2.361111111111111,Bearish,0.015820078672823756,-0.0005130836326321386,-0.03629455887023869
2025-02-25,NZDCHF,fx,-1.6666666666666665,Bearish,-0.0022705030338618926,-0.010080250538265778,-0.08332354668232533
2025-02-25,NIKKEI,cross-asset,-5.0,Very Bearish,-0.007304640285879405,-0.00903883546166373,-0.15665563087918444
2025-02-26,GBPUSD,fx,1.3888888888888888,Bullish,0.02595281306715047,0.021557642231515795,0.010983981693363898
2025-02-26,USDJPY,fx,-1.5972222222222223,Bearish,-0.001797897533257764,0.013148802855168729,-0.009271247727470788
2025-02-26,NZDUSD,fx,-1.7361111111111112,Bearish,0.022014899149624068,0.0077658303464753775,-0.008749736453721235
2025-02-26,EURGBP,fx,-1.3194444444444444,Bearish,0.013748654760033396,0.0073640551880918,0.031898813770420364
2025-02-26,EURJPY,fx,-1.527777777777778,Bearish,0.03816745049109005,0.04337588380202839,0.03520491409924187
2025-02-26,EURNZD,fx,1.8055555555555556,Bullish,0.01765738160046504,0.0215202733905977,0.053363323716851596
2025-02-26,GBPCHF,fx,1.4583333333333335,Bullish,0.006192660550458751,0.006175017642907621,-0.031130910374029708
2025-02-26,GBPAUD,fx,2.569444444444444,Bullish,0.017507452362112597,0.022095818217106267,0.03620429674086689
2025-02-26,GBPNZD,fx,3.125,Very Bullish,0.003739090574076176,0.013432862651338695,0.020322316798044193
2025-02-26,AUDJPY,fx,-2.7777777777777777,Bearish,0.006383929521418086,0.011629391611516438,-0.0335794692826592
2025-02-26,NZDJPY,fx,-3.3333333333333335,Very Bearish,0.0203949307397584,0.020477453580901805,-0.01753020925434734
2025-02-26,CHFJPY,fx,-1.666666666666667,Bearish,0.01721985475061527,0.026913150471160163,0.03448772582678106
2025-02-26,AUDCAD,fx,-1.8055555555555554,Bearish,0.006749206138458197,-0.002965224991978377,-0.041302928712893205
2025-02-26,NZDCAD,fx,-2.361111111111111,Bearish,0.02073961487074505,0.005577142296802062,-0.026365786989936635
2025-02-26,NZDCHF,fx,-1.6666666666666665,Bearish,0.0026129666011787123,-0.007603143418467684,-0.051473477406679735
2025-02-26,NIKKEI,cross-asset,-5.0,Very Bearish,-0.008354284517075206,-0.012884978001257097,-0.08372616802849364
2025-02-27,GBPUSD,fx,1.3888888888888888,Bullish,0.029272629139282857,0.026859700923897334,0.02885989141823031
2025-02-27,USDJPY,fx,-1.5972222222222223,Bearish,-0.006916211037898967,0.00017357286388541837,-0.035902879306776825
2025-02-27,AUDUSD,fx,-1.458333333333333,Bearish,0.009848108168797332,0.008035671323399773,-0.002550242994851404
2025-02-27,NZDUSD,fx,-1.7361111111111112,Bearish,0.021935277610031667,0.014724166104223668,0.018898085325565583
2025-02-27,EURGBP,fx,-1.3194444444444444,Bearish,0.014036193500684746,0.014048314565884068,0.04608428988739521
2025-02-27,EURJPY,fx,-1.527777777777778,Bearish,0.03668605621685472,0.041604067953311175,0.03808569924367933
2025-02-27,EURAUD,fx,1.5277777777777777,Bullish,0.03321555618210059,0.032495695835008,0.07892068938625907
2025-02-27,EURNZD,fx,1.8055555555555556,Bullish,0.021240635106365646,0.025054306903070866,0.05678795659781466
2025-02-27,GBPCHF,fx,1.4583333333333335,Bullish,0.008657664813344068,0.0043067690406848325,-0.05781484423263605
2025-02-27,GBPAUD,fx,2.8472222222222223,Bullish,0.018789939759334295,0.0178890522366264,0.031050919944758615
2025-02-27,GBPNZD,fx,3.125,Very Bullish,0.006946865863798557,0.010532056612039487,0.009879390964603996
2025-02-27,AUDJPY,fx,-3.0555555555555554,Very Bearish,0.0032761961863363442,0.007430327298422856,-0.03832935407543814
2025-02-27,NZDJPY,fx,-3.3333333333333335,Very Bearish,0.01511845756160013,0.014122418004600679,-0.01767970213674197
2025-02-27,CHFJPY,fx,-1.666666666666667,Bearish,0.012379865449303251,0.01996035559827014,0.05257688611244604
2025-02-27,AUDCAD,fx,-2.083333333333333,Bearish,0.0018328852947055996,-0.00019995112305892793,-0.03385839017129155
2025-02-27,AUDCHF,fx,-1.3888888888888888,Bearish,-0.01034236804564892,-0.014194008559201055,-0.0874286733238232
2025-02-27,NZDCAD,fx,-2.361111111111111,Bearish,0.014064403401050862,0.006644600031992409,-0.013572210806088392
2025-02-27,NZDCHF,fx,-1.6666666666666665,Bearish,0.0014609492221433484,-0.007739082365947891,-0.06860538576956476
2025-02-27,NIKKEI,cross-asset,-5.0,Very Bearish,-0.00026516758591432765,-0.03823716588884174,-0.11455239711497667
2025-02-28,GBPUSD,fx,1.6666666666666667,Bullish,0.02712438570542486,0.027100529605420087,0.040229336641379065
2025-02-28,USDJPY,fx,-1.8750000000000002,Bearish,-0.008698077127377024,-0.004534951662594211,-0.04757383405927962
2025-02-28,NZDUSD,fx,-1.4583333333333333,Bearish,0.024106073872875777,0.014474366076374645,0.040206572434373866
2025-02-28,EURGBP,fx,-1.3194444444444444,Bearish,0.015000121262096044,0.014939490214148865,0.051172604467295546
2025-02-28,EURJPY,fx,-1.527777777777778,Bearish,0.03316607357722523,0.03794705716699531,0.04191520954404648
2025-02-28,EURAUD,fx,1.5277777777777777,Bullish,0.031543133707905735,0.03668252009631856,0.08028943490709572
2025-02-28,EURNZD,fx,1.8055555555555556,Bullish,0.017855792192075448,0.02877456859757732,0.05187094125147218
2025-02-28,GBPCHF,fx,1.4583333333333335,Bullish,0.004320301892116074,0.006304113985434512,-0.06104851081838858
2025-02-28,GBPAUD,fx,2.8472222222222223,Bullish,0.016601528724103476,0.02138435009461892,0.02638457243652148
2025-02-28,GBPNZD,fx,3.125,Very Bullish,0.0032096861194450543,0.013837313492718106,0.00026301594589894783
2025-02-28,AUDJPY,fx,-3.0555555555555554,Very Bearish,0.0015521966258458253,0.002644086666095724,-0.034555108332619655
2025-02-28,NZDJPY,fx,-3.3333333333333335,Very Bearish,0.014926082051890832,0.010651309149201316,-0.009202636109956752
2025-02-28,CHFJPY,fx,-1.666666666666667,Bearish,0.013739843745308455,0.017865399974778207,0.05561994439206597
2025-02-28,AUDCAD,fx,-2.083333333333333,Bearish,0.0025281493278686007,0.0006682333025203047,-0.029057011437926605
2025-02-28,AUDCHF,fx,-1.3888888888888888,Bearish,-0.012076172782164551,-0.014059094644324643,-0.08535496087748762
2025-02-28,NZDCAD,fx,-2.361111111111111,Bearish,0.016205533596838073,0.008547430830039504,-0.003075592885375511
2025-02-28,NZDCHF,fx,-1.6666666666666665,Bearish,0.0011292048020918877,-0.006438448432980692,-0.06141289274535444
2025-02-28,NIKKEI,cross-asset,-5.0,Very Bearish,-0.0004788252819748484,-0.04288146414130667,-0.10401149180676739
2025-03-03,GBPUSD,fx,1.6666666666666667,Bullish,0.01738733276110538,0.01745033034357313,0.03847577349219233
2025-03-03,USDJPY,fx,-1.8750000000000002,Bearish,0.0078131793887255,0.0005485280050303576,-0.04366818069315226
2025-03-03,NZDUSD,fx,-1.4583333333333333,Bearish,0.019375634427368116,0.014816661620928429,0.04621302512777592
2025-03-03,EURGBP,fx,-1.3194444444444444,Bearish,0.011857324532186686,0.011372857748440657,0.04195482347241564
2025-03-03,EURJPY,fx,-1.527777777777778,Bearish,0.037824078799632455,0.029836939879554825,0.035023476574461476
2025-03-03,EURAUD,fx,1.5277777777777777,Bullish,0.019730084370899625,0.020294140349002232,0.06460519050248492
2025-03-03,EURNZD,fx,1.8055555555555556,Bullish,0.009584116830866352,0.014035989992660536,0.034511392188060874
2025-03-03,GBPCHF,fx,1.875,Bullish,0.0011770906535486514,0.0027670414617007033,-0.05693956430077307
2025-03-03,GBPAUD,fx,2.8472222222222223,Bullish,0.007122688680170075,0.008637424263220783,0.021323947528382847
2025-03-03,GBPNZD,fx,3.125,Very Bullish,-0.002897230159502384,0.00243278868355179,-0.007475296136731591
2025-03-03,AUDJPY,fx,-3.0555555555555554,Very Bearish,0.016713061983426813,0.009103513504798988,-0.02842832729656819
2025-03-03,NZDJPY,fx,-3.3333333333333335,Very Bearish,0.026758482653450155,0.015547560045749087,9.531071292401272e-05
2025-03-03,CHFJPY,fx,-2.0833333333333335,Bearish,0.022384209263258903,0.015280777537796997,0.052711783057355355
2025-03-03,AUDCAD,fx,-2.083333333333333,Bearish,-0.0020639834881320818,-0.0038838398970227894,-0.02611050079341304
2025-03-03,NZDCAD,fx,-2.361111111111111,Bearish,0.008168889326312545,0.002509719009891276,0.002263668126568419
2025-03-03,NIKKEI,cross-asset,-5.0,Very Bearish,0.017140255496933543,-0.04496638903023653,-0.08213931813921105
2025-03-04,GBPUSD,fx,1.875,Bullish,0.011733162403852138,0.016055906447376644,0.03383153023575769
2025-03-04,EURGBP,fx,-1.3194444444444444,Bearish,0.003770085037700932,0.004131435041314413,0.02680012526800124
2025-03-04,EURAUD,fx,1.5277777777777777,Bullish,0.009882519629258013,0.016606647381781636,0.0492532026683985
2025-03-04,EURNZD,fx,1.8055555555555556,Bullish,0.002815669628096984,0.00677787139642283,0.01977901259585524
2025-03-04,GBPCHF,fx,1.875,Bullish,0.003252747252747268,0.007903296703296814,-0.04346373626373623
2025-03-04,GBPAUD,fx,2.8472222222222223,Bullish,0.0059320413576040565,0.011918010363913822,0.021772062536462577
2025-03-04,GBPNZD,fx,3.125,Very Bullish,-0.0011204556224286844,0.0020371920407793453,-0.0072143170313684335
2025-03-04,AUDJPY,fx,-2.2222222222222223,Bearish,0.00550685427606723,0.0005006231160062935,-0.03305177721206176
2025-03-04,NZDJPY,fx,-2.5,Bearish,0.012334905660377427,0.010070754716981156,-0.005176886792452762
2025-03-04,AUDCAD,fx,-2.083333333333333,Bearish,-0.003091446996642544,-0.006681514476614692,-0.018925417456149063
2025-03-04,NZDCAD,fx,-2.361111111111111,Bearish,0.004406367753734486,0.002712555079597001,0.009585997815227287
2025-03-05,GBPUSD,fx,1.875,Bullish,-0.0014969711542190955,0.01586944550016689,0.027185926919884862
2025-03-05,AUDUSD,fx,-1.3888888888888886,Bearish,-0.006884246759193302,-0.001010531634377032,0.005478976205138153
2025-03-05,EURAUD,fx,2.3611111111111107,Bullish,0.0014271702678734233,0.02531905771523557,0.050174138265195234
2025-03-05,EURNZD,fx,2.2222222222222223,Bullish,-0.005313953241458447,0.012475314802624426,0.019477417025884902
2025-03-05,GBPCHF,fx,1.875,Bullish,-0.009335539493163902,-0.02011669424366469,-0.06256204824523215
2025-03-05,GBPAUD,fx,3.2638888888888884,Very Bullish,0.00457996510970804,0.016889849873461316,0.021224108700459432
2025-03-05,GBPNZD,fx,3.125,Very Bullish,-0.002127886417954139,0.004215791671479119,-0.008711451493962685
2025-03-05,AUDJPY,fx,-2.6388888888888884,Bearish,0.003521238797263626,-0.019897120432730397,-0.04256244365487605
2025-03-05,NZDJPY,fx,-2.5,Bearish,0.010198812290214354,-0.00724127408867925,-0.012968570288477421
2025-03-05,AUDCAD,fx,-2.5,Bearish,-0.009973909310082796,-0.01817541310259041,-0.02833647082136137
2025-03-05,AUDCHF,fx,-1.3888888888888886,Bearish,-0.014465520297819667,-0.036465165750753536,-0.08259173905335937
2025-03-05,NZDCAD,fx,-2.361111111111111,Bearish,-0.0031677957015450176,-0.005507090988839725,0.001011257858570147
2025-03-06,EURUSD,fx,1.6666666666666665,Bullish,0.0016047939741377082,0.016892079924305747,0.053867275189699804
2025-03-06,GBPUSD,fx,2.4305555555555554,Bullish,0.005561337827971302,0.0018408338899849053,0.030152393084056817
2025-03-06,USDJPY,fx,-1.3888888888888888,Bearish,0.020736034605116416,-0.0068263999188944435,-0.03781555202595388
2025-03-06,EURCHF,fx,1.5277777777777777,Bullish,-0.0020981955518254436,-0.01146663869072595,-0.023783046579941347
2025-03-06,EURAUD,fx,2.083333333333333,Bullish,0.005998437233786236,0.0653013025010134,0.04486784050384518
2025-03-06,EURNZD,fx,2.7777777777777777,Bullish,0.0004203446826398505,0.04102351269813398,0.012115504333806815
2025-03-06,GBPCHF,fx,2.2916666666666665,Bullish,0.0018445322793148033,-0.026482213438735247,-0.04566534914360998
2025-03-06,GBPAUD,fx,2.8472222222222223,Bullish,0.010206189623625184,0.049437306943160175,0.021105908277096797
2025-03-06,GBPNZD,fx,3.5416666666666665,Very Bullish,0.0046198533408177145,0.025291135405807408,-0.010825692978001178
2025-03-06,AUDJPY,fx,-1.8055555555555556,Bearish,0.014749671814465737,-0.05338484690011425,-0.030363832353223708
2025-03-06,NZDJPY,fx,-2.5,Bearish,0.02101910828025466,-0.03121019108280254,0.0021821184241566094
2025-03-06,AUDCAD,fx,-1.6666666666666667,Bearish,-0.004254237662710825,-0.05046520365090945,-0.023293332449335846
2025-03-06,NZDCAD,fx,-2.361111111111111,Bearish,0.0018195362014434835,-0.02805016546788952,0.008267288646826687
2025-03-07,GBPUSD,fx,2.013888888888889,Bullish,0.0013700220596772894,-0.01596036998335837,0.0286930608769691
2025-03-07,NZDUSD,fx,-1.5277777777777777,Bearish,0.001139031998037332,-0.030052921178985725,0.03927031857848817
2025-03-07,EURGBP,fx,-2.4305555555555554,Bearish,-0.0018254924653693383,0.0217627337047952,0.021715008411582915
2025-03-07,EURJPY,fx,-1.3888888888888888,Bearish,0.011749298409728715,0.0055191768007485376,0.009298409728718537
2025-03-07,GBPCHF,fx,2.2916666666666665,Bullish,0.0025548859992245987,-0.037107516650808914,-0.04570602953095826
2025-03-07,GBPAUD,fx,2.8472222222222223,Bullish,0.0045381714442034315,0.03772690857221028,0.017732575180256838
2025-03-07,GBPNZD,fx,3.5416666666666665,Very Bullish,0.0004735623840990133,0.015884256042346223,-0.009435841148587865
2025-03-07,AUDJPY,fx,-1.8055555555555556,Bearish,0.008964282267663215,-0.05244534039610127,-0.02962716735114046
2025-03-07,NZDJPY,fx,-2.5,Bearish,0.013449460836592042,-0.03059604218509293,-0.0009361298732076806
2025-03-07,AUDCAD,fx,-1.6666666666666667,Bearish,-0.006797616420216368,-0.05961156477598761,-0.026859412933127325
2025-03-07,NZDCAD,fx,-2.361111111111111,Bearish,-0.0029250813538251874,-0.03923265365817996,0.0007556460164048762
2025-03-07,DAX,cross-asset,-5.0,Very Bearish,-0.03005367806966064,-0.13927819393144392,-0.07475232144706412
2025-03-10,GBPUSD,fx,2.569444444444444,Bullish,0.003215583931400978,-0.00869139714791689,0.03875788361760968
2025-03-10,EURGBP,fx,-2.4305555555555554,Bearish,-0.0049929860434153595,0.019960056111652635,0.022587317815449648
2025-03-10,GBPJPY,fx,1.875,Bullish,0.02237025463451703,-0.014869515645454245,-0.005589924411975811
2025-03-10,GBPCHF,fx,2.2916666666666665,Bullish,0.0070410729253980175,-0.04598755900648532,-0.04565226981956161
2025-03-10,GBPAUD,fx,2.8472222222222223,Bullish,0.008370609210596847,0.044545689575274494,0.016726584489007434
2025-03-10,GBPNZD,fx,3.5416666666666665,Very Bullish,0.007638424286999124,0.021280366502585135,-0.012600741689226092
2025-03-10,GBPCAD,fx,2.013888888888889,Bullish,-0.0004358095566042719,-0.020800490689278583,-0.003927666374333505
2025-03-10,NZDJPY,fx,-1.6666666666666665,Bearish,0.015535139004891896,-0.03494809688581313,0.007672115499343768
2025-03-10,NZDCAD,fx,-1.5277777777777777,Bearish,-0.0069445289031049295,-0.040572589178210494,0.00963234131569024
2025-03-10,DAX,cross-asset,-5.0,Very Bearish,-0.011950233914763797,-0.13058064858788065,-0.02953478181971081
2025-03-11,GBPUSD,fx,2.569444444444444,Bullish,-0.0016612579199506428,-0.01002936176788749,0.029763560500695396
2025-03-11,EURGBP,fx,-2.4305555555555554,Bearish,-0.009031033050495463,0.012721770604640081,0.016246365632231585
2025-03-11,GBPJPY,fx,1.875,Bullish,0.011073449873939323,-0.00963499984307814,-0.01325466319346369
2025-03-11,GBPCHF,fx,2.2916666666666665,Bullish,-0.000621574772818767,-0.03847635389491022,-0.044823420237073974
2025-03-11,GBPAUD,fx,2.8472222222222223,Bullish,0.0011872670475003844,0.013157254493611159,0.018144749262823723
2025-03-11,GBPNZD,fx,3.5416666666666665,Very Bullish,0.001737131743541065,0.0035405662253851222,-0.013052799080602195
2025-03-11,GBPCAD,fx,2.013888888888889,Bullish,-0.01085635669662699,-0.03408403505297031,-0.014614326322382465
2025-03-11,NZDJPY,fx,-1.6666666666666665,Bearish,0.010551149363967172,-0.012009341916515592,-0.0001778283600668562
2025-03-11,NZDCAD,fx,-1.5277777777777777,Bearish,-0.010335321050777724,-0.035305262390847525,-0.0003157677406817605
2025-03-11,DAX,cross-asset,-5.0,Very Bearish,0.0034600687554899867,-0.04687590570420863,-0.013898240091317349
2025-03-12,GBPUSD,fx,2.4305555555555554,Bullish,0.0027308914740642454,-3.085753078047038e-05,0.02203227697719612
2025-03-12,EURGBP,fx,-2.4305555555555554,Bearish,-0.007074881787539122,0.027918388737359967,0.016388951750259118
2025-03-12,GBPJPY,fx,1.875,Bullish,0.010329083345914869,-0.02515110969965495,-0.010428000978764063
2025-03-12,GBPCHF,fx,2.2916666666666665,Bullish,0.0034484267646930356,-0.06560763205111364,-0.03732002975799742
2025-03-12,GBPAUD,fx,2.8472222222222223,Bullish,0.006642411946587545,0.015850101928347682,0.015542853798659717
2025-03-12,GBPNZD,fx,3.5416666666666665,Very Bullish,0.0008581526715529808,-0.000703331313283373,-0.014283376167242512
2025-03-12,GBPCAD,fx,2.013888888888889,Bullish,-0.0056086515061163356,-0.026506787865112957,-0.012060749646773172
2025-03-12,NZDJPY,fx,-1.6666666666666665,Bearish,0.00877409932987061,-0.024331931832903497,0.0034743077883379048
2025-03-12,NZDCAD,fx,-1.5277777777777777,Bearish,-0.007315057839992201,-0.025882181393992454,0.002004957713618971
2025-03-12,DAX,cross-asset,-5.0,Very Bearish,-0.009458050607859758,-0.08569674158891705,-0.01376077890867966
2025-03-13,US-DOLLAR,single,-1.9444444444444444,Bearish,,,
2025-03-13,GBPUSD,fx,3.263888888888889,Very Bullish,0.011538550653001689,0.010302829030190086,0.03005892847488778
2025-03-13,USDJPY,fx,-1.3888888888888888,Bearish,-0.011386869220249896,-0.02891398242549781,-0.034796972527993186
2025-03-13,EURGBP,fx,-2.4305555555555554,Bearish,0.006480796314420001,0.0346119876829063,0.01842789964910585
2025-03-13,GBPJPY,fx,1.875,Bullish,0.0001986855383069308,-0.018964011774732503,-0.005422023769064643
2025-03-13,GBPCHF,fx,2.2916666666666665,Bullish,-0.014331265986895048,-0.06711867970146113,-0.034461613931812574
2025-03-13,GBPAUD,fx,2.8472222222222223,Bullish,0.004495014708309375,0.008373542518179233,0.009931749560692316
2025-03-13,GBPNZD,fx,3.5416666666666665,Very Bullish,-0.004824984261570631,-0.012198933748916119,-0.020986040123090022
2025-03-13,GBPCAD,fx,2.013888888888889,Bullish,-0.012585983717919969,-0.03022668677856588,-0.012104581875755471
2025-03-13,NZDJPY,fx,-1.6666666666666665,Bearish,0.005097433460075962,-0.008555133079847899,0.015375475285171136
2025-03-13,NZDCAD,fx,-1.5277777777777777,Bearish,-0.007731582786287383,-0.01883053732069051,0.008789204959883223
2025-03-13,DAX,cross-asset,-5.0,Very Bearish,-0.03826253025693416,-0.08245430925362529,-0.007306078035131391
2025-03-14,US-DOLLAR,single,-2.2222222222222223,Bearish,,,
2025-03-14,GBPUSD,fx,3.4027777777777777,Very Bullish,-0.0027987166106150374,0.019560091228884025,0.02882214233252145
2025-03-14,USDJPY,fx,-1.5277777777777777,Bearish,-0.01127700661413944,-0.03806999010906953,-0.033642621163900155
2025-03-14,USDCAD,fx,-1.3888888888888888,Bearish,-0.0100156603445275,-0.034786845310596726,-0.035990951800939586
2025-03-14,EURGBP,fx,-2.4305555555555554,Bearish,0.010694487402155506,0.023399395684137847,0.015214960386381371
2025-03-14,GBPJPY,fx,1.875,Bullish,-0.014013514146158701,-0.01915284301639064,-0.005435828612745275
2025-03-14,GBPCHF,fx,2.2916666666666665,Bullish,-0.03042523597491098,-0.060841724038385836,-0.03797468354430378
2025-03-14,GBPAUD,fx,2.8472222222222223,Bullish,0.04437743828716578,0.019839152589662845,0.01800844864973339
2025-03-14,GBPNZD,fx,3.5416666666666665,Very Bullish,0.024050227375877586,-0.001557369025265154,-0.008343048349633952
2025-03-14,GBPCAD,fx,2.013888888888889,Bullish,-0.012728222302386905,-0.01519956495754582,-0.008162430207452775
2025-03-14,NZDJPY,fx,-1.6666666666666665,Bearish,-0.03672081158740392,-0.015492875153931829,0.00330733595261834
2025-03-14,NZDCAD,fx,-1.5277777777777777,Bearish,-0.036323130569546724,-0.0136090662533902,-0.00027847733436647815
2025-03-14,DAX,cross-asset,-5.0,Very Bearish,-0.11361843417048834,-0.09183275394231527,-0.02442544928089052
2025-03-17,US-DOLLAR,single,-2.2222222222222223,Bearish,,,
2025-03-17,GBPUSD,fx,2.5694444444444446,Bullish,-0.02089398210187443,0.018560448531337093,0.034872079232321385
2025-03-17,USDJPY,fx,-1.5277777777777777,Bearish,-0.008964971569573987,-0.04028537710546087,-0.04833842935307375
2025-03-17,USDCAD,fx,-1.3888888888888888,Bearish,-0.0030868734381890306,-0.023519035719535508,-0.03217068100207887
2025-03-17,EURGBP,fx,-1.5972222222222223,Bearish,0.018590765278207133,0.013951994671360879,0.010348026738349558
2025-03-17,GBPCHF,fx,1.4583333333333335,Bullish,-0.04372096278862225,-0.04800818947792074,-0.03637143132125331
2025-03-17,GBPAUD,fx,2.0138888888888893,Bullish,0.04438479275133589,0.024655486890557077,0.02694158886545428
2025-03-17,GBPNZD,fx,2.7083333333333335,Bullish,0.02864978959680564,0.004611392694370942,0.00701792124332834
2025-03-17,NZDJPY,fx,-1.6666666666666665,Bearish,-0.05660943067679913,-0.02716883656030533,-0.021541335608934786
2025-03-17,NZDCAD,fx,-1.5277777777777777,Bearish,-0.05122403292973554,-0.010013720723106134,-0.005295717690104285
2025-03-17,DAX,cross-asset,-5.0,Very Bearish,-0.14178892569805956,-0.08541926601557459,-0.027849244933958572
2025-03-18,US-DOLLAR,single,-1.8055555555555556,Bearish,,,
2025-03-18,GBPUSD,fx,2.361111111111111,Bullish,-0.018359278857986716,0.01858232832882112,0.03054239478218057
2025-03-18,USDJPY,fx,-1.3194444444444444,Bearish,-0.02026402197949473,-0.04970850365208057,-0.046746632714601666
2025-03-18,EURGBP,fx,-1.5972222222222223,Bearish,0.01964489446662876,0.022449610192051717,0.008770678836280688
2025-03-18,GBPCHF,fx,1.4583333333333335,Bullish,-0.05108649863090653,-0.055272765569051474,-0.03145404760233106
2025-03-18,GBPAUD,fx,2.0138888888888893,Bullish,0.047642577924333684,0.016717466499019062,0.02705029917268864
2025-03-18,GBPNZD,fx,2.7083333333333335,Bullish,0.03191494124230543,-0.001029658645774978,0.01161275881365409
2025-03-18,NZDJPY,fx,-1.6666666666666665,Bearish,-0.06785833650266804,-0.030748308727771456,-0.028189791284906063
2025-03-18,NZDCAD,fx,-1.5277777777777777,Bearish,-0.05130301973470597,-0.011953868170721416,-0.013950188207280445
2025-03-18,DAX,cross-asset,-5.0,Very Bearish,-0.15925578767606985,-0.09642916757617392,-0.010473243367017271
2025-03-19,US-DOLLAR,single,-1.8055555555555556,Bearish,,,
2025-03-19,GBPUSD,fx,2.361111111111111,Bullish,-0.01459017528207407,0.020066298002599625,0.024873287750251993
2025-03-19,USDJPY,fx,-1.3194444444444444,Bearish,-0.007486810712725389,-0.043247420948284376,-0.03876474343895964
2025-03-19,USDCAD,fx,-1.7361111111111112,Bearish,-0.0167770234403376,-0.03379850808817375,-0.036326935434302876
2025-03-19,EURGBP,fx,-1.5972222222222223,Bearish,0.017904003053580864,0.020790591154158156,0.01347869650269562
2025-03-19,GBPCHF,fx,1.4583333333333335,Bullish,-0.037093861233364334,-0.04743911206186102,-0.035699882520032866
2025-03-19,GBPAUD,fx,2.0138888888888893,Bullish,0.018375142447704107,0.015347670215835718,0.01794474251813316
2025-03-19,GBPNZD,fx,2.7083333333333335,Bullish,0.016521451022180944,-0.005865338980774237,0.005265373008695118
2025-03-19,NZDJPY,fx,-1.6666666666666665,Bearish,-0.03716711917278048,-0.018369822656114643,-0.020068164750736583
2025-03-19,AUDCAD,fx,-1.3888888888888888,Bearish,-0.04772999527425781,-0.028585244694530165,-0.029321581255289053
2025-03-19,NZDCAD,fx,-2.083333333333333,Bearish,-0.04614830381266888,-0.00851395977184033,-0.01729210447313112
2025-03-19,DAX,cross-asset,-5.0,Very Bearish,-0.08307882365052677,-0.09088998318520292,0.0007163446690230391
2025-03-20,US-DOLLAR,single,-1.8055555555555556,Bearish,,,
2025-03-20,GBPUSD,fx,2.361111111111111,Bullish,-0.0004009994139237971,0.024877386717665706,0.023227119898824977
2025-03-20,USDJPY,fx,-1.3194444444444444,Bearish,-0.029188542387921346,-0.04492561694575714,-0.02305773845936665
2025-03-20,USDCAD,fx,-1.7361111111111112,Bearish,-0.0242201245566509,-0.033938894629541694,-0.03289859524673955
2025-03-20,EURGBP,fx,-1.5972222222222223,Bearish,0.03160448965443052,0.023595787661817802,0.01606521713145037
2025-03-20,GBPCHF,fx,1.4583333333333335,Bullish,-0.06590195203471838,-0.05224383372269048,-0.036905793107068874
2025-03-20,GBPAUD,fx,2.0138888888888893,Bullish,0.01203484615122985,0.012238908944266491,0.010135118720817848
2025-03-20,GBPNZD,fx,2.291666666666667,Bullish,0.002912293786514697,-0.006379521602471905,-0.0024639070907250815
2025-03-20,AUDCAD,fx,-1.3888888888888888,Bearish,-0.03562597713639437,-0.022187233193253997,-0.019814385665339773
2025-03-20,NZDCAD,fx,-1.6666666666666665,Bearish,-0.027253312624375026,-0.003652380721254178,-0.007656651943891535
2025-03-20,DAX,cross-asset,-5.0,Very Bearish,-0.09825680438826934,-0.06575868874743485,0.01074411491758931
2025-03-21,US-DOLLAR,single,-1.8055555555555556,Bearish,,,
2025-03-21,GBPUSD,fx,2.361111111111111,Bullish,0.012758874308055557,0.035404327797778024,0.02702744551542602
2025-03-21,USDJPY,fx,-1.3194444444444444,Bearish,-0.03921686827686899,-0.05682594542458708,-0.029256922396817098
2025-03-21,USDCAD,fx,-1.4583333333333335,Bearish,-0.03456059075551221,-0.03589118394928403,-0.037444703751436825
2025-03-21,EURGBP,fx,-1.5972222222222223,Bearish,0.03563791023021867,0.02765731216324374,0.016833327359831785
2025-03-21,GBPCHF,fx,1.4583333333333335,Bullish,-0.0650876145661412,-0.050452997155599366,-0.038733012606665174
2025-03-21,GBPAUD,fx,2.8472222222222223,Bullish,0.009623282511385112,0.013030313339910782,-0.0004568629071063368
2025-03-21,GBPNZD,fx,2.291666666666667,Bullish,-0.002937242546913743,-0.00970489821854692,-0.009709341853262332
2025-03-21,AUDJPY,fx,-1.8055555555555554,Bearish,-0.03605134618056671,-0.03493977191351105,-0.002821688524064614
2025-03-21,AUDCAD,fx,-1.9444444444444442,Bearish,-0.03150551013153213,-0.013519818698897956,-0.010686988979736856
2025-03-21,AUDCHF,fx,-1.3888888888888886,Bearish,-0.07417453256663398,-0.0626740443383601,-0.03862428121948558
2025-03-21,NZDCAD,fx,-1.3888888888888888,Bearish,-0.018973648385842146,0.00903101905873216,-0.0018353753403345108
2025-03-21,DAX,cross-asset,-5.0,Very Bearish,-0.0974582565160027,-0.042088615890046976,0.012499017029419246
2025-03-24,US-DOLLAR,single,-1.8055555555555556,Bearish,,,
2025-03-24,GBPUSD,fx,2.361111111111111,Bullish,0.020728035480700013,0.031540980053716305,0.02865391611260315
2025-03-24,USDJPY,fx,-1.3194444444444444,Bearish,-0.05108224533549277,-0.060759728924259404,-0.04637625365892506
2025-03-24,EURGBP,fx,-1.5972222222222223,Bearish,0.029744805132624785,0.02501675763669442,0.018349612180408092
2025-03-24,GBPCHF,fx,1.4583333333333335,Bullish,-0.05804832681137806,-0.042711495604260685,-0.04140417990067913
2025-03-24,GBPAUD,fx,2.8472222222222223,Bullish,0.01410082307531324,0.01846687012348558,8.761298424442288e-05
2025-03-24,GBPNZD,fx,2.291666666666667,Bullish,-0.0045913682277319845,-0.009497699879781774,-0.011990790646917326
2025-03-24,GBPCAD,fx,1.4583333333333335,Bullish,-0.010629033217757322,-0.004316523413623652,-0.0062097354371427604
2025-03-24,AUDJPY,fx,-1.8055555555555554,Bearish,-0.04439934035265769,-0.047782147236669736,-0.017759736141063076
2025-03-24,AUDCAD,fx,-1.3888888888888886,Bearish,-0.024096251570648652,-0.021950161790706302,-0.0059934838932069745
2025-03-24,AUDCHF,fx,-1.3888888888888886,Bearish,-0.07139763992638304,-0.060138573129804196,-0.04083216051387539
2025-03-24,DAX,cross-asset,-5.0,Very Bearish,-0.08445928230585042,-0.033594938036391686,0.020996836272744845
2025-03-25,US-DOLLAR,single,-1.8055555555555556,Bearish,,,
2025-03-25,GBPUSD,fx,2.361111111111111,Bullish,0.02184209103060364,0.02360367460151913,0.032419318699827615
2025-03-25,USDJPY,fx,-1.3194444444444444,Bearish,-0.04486456546836537,-0.04285590353084057,-0.049889556959913484
2025-03-25,EURGBP,fx,-1.5972222222222223,Bearish,0.022943541129177403,0.02399952000959993,0.019487610247794995
2025-03-25,GBPCHF,fx,1.4583333333333335,Bullish,-0.04656501927795298,-0.03618121275849984,-0.03739922888187874
2025-03-25,GBPAUD,fx,2.8472222222222223,Bullish,0.015746611627442286,0.014844995053292731,0.00279744818141503
2025-03-25,GBPNZD,fx,2.291666666666667,Bullish,-0.0061006969691596025,-0.012015180804086034,-0.013824108393778678
2025-03-25,GBPCAD,fx,1.4583333333333335,Bullish,-0.000979760635274718,-0.004563194560975314,-0.0034589339554723653
2025-03-25,AUDJPY,fx,-1.8055555555555554,Bearish,-0.038347457627118664,-0.03412076271186448,-0.020720338983050923
2025-03-25,AUDCAD,fx,-1.3888888888888886,Bearish,-0.015883072135156162,-0.018717350227853813,-0.005746359897743747
2025-03-25,AUDCHF,fx,-1.3888888888888886,Bearish,-0.061567533519301665,-0.05107531719607661,-0.040493116170250976
2025-03-25,DAX,cross-asset,-5.0,Very Bearish,-0.08156264311699102,-0.03543252654955209,0.01491441063883081
2025-03-26,US-DOLLAR,single,-1.8055555555555556,Bearish,,,
2025-03-26,GBPUSD,fx,2.361111111111111,Bullish,0.028725899917659614,0.036020010253701384,0.032337999285348085
2025-03-26,EURGBP,fx,-1.5972222222222223,Bearish,0.032040977903601275,0.02360787888966187,0.01945730668649981
2025-03-26,GBPJPY,fx,1.4583333333333335,Bullish,-0.03071633592830436,-0.01800648398620608,-0.013401614801660244
2025-03-26,GBPCHF,fx,1.4583333333333335,Bullish,-0.05372808945304952,-0.031083528191423904,-0.038326974806167535
2025-03-26,GBPAUD,fx,2.8472222222222223,Bullish,0.016568261531010986,0.01773249130496457,0.011749915617800033
2025-03-26,GBPNZD,fx,2.291666666666667,Bullish,-0.006597604028010795,-0.009985442533622435,-0.004229233351289108
2025-03-26,GBPCAD,fx,1.4583333333333335,Bullish,-0.0027396813489669603,0.003957317504063251,-0.00037507542277526174
2025-03-26,AUDJPY,fx,-1.3888888888888886,Bearish,-0.04592198019383409,-0.0349408668632486,-0.023811788579219395
2025-03-26,AUDCAD,fx,-1.3888888888888886,Bearish,-0.018547553124061866,-0.013143409947626528,-0.011620019792952463
2025-03-26,AUDCHF,fx,-1.3888888888888886,Bearish,-0.06912616469403166,-0.04858437960931028,-0.04982552073964808
2025-03-26,DAX,cross-asset,-5.0,Very Bearish,-0.07017930208282874,-0.01557827234008824,0.041132452752073334
2025-03-27,US-DOLLAR,single,-1.8055555555555556,Bearish,,,
2025-03-27,GBPUSD,fx,1.5277777777777777,Bullish,0.024455052447822423,0.027892354513293416,0.02284840339250116
2025-03-27,GBPAUD,fx,2.0138888888888884,Bullish,0.010789597970620735,0.012605717123617799,0.007342379846433156
2025-03-27,GBPNZD,fx,1.4583333333333333,Bullish,-0.015374518299091422,-0.011707161323796234,-0.005711675676155048
2025-03-27,AUDJPY,fx,-1.3888888888888886,Bearish,-0.04445776669927104,-0.03442400530085499,-0.01805866700322889
2025-03-27,AUDCAD,fx,-1.3888888888888886,Bearish,-0.019120437672699775,-0.01692319643114759,-0.011474482039217415
2025-03-27,AUDCHF,fx,-1.3888888888888886,Bearish,-0.058053818286682546,-0.04752807166159001,-0.042373339581493474
2025-03-27,DAX,cross-asset,-5.0,Very Bearish,-0.06479896215758263,-0.006870410900875479,0.04099742304433773
2025-03-28,US-DOLLAR,single,-1.8055555555555556,Bearish,,,
2025-03-28,GBPUSD,fx,1.5277777777777777,Bullish,0.02728565686547335,0.0386636984818971,0.02795813622731358
2025-03-28,GBPAUD,fx,2.0138888888888884,Bullish,0.01313479578091492,0.015785097039929807,0.007960629653223972
2025-03-28,GBPNZD,fx,1.4583333333333333,Bullish,-0.009904713033169088,-0.005949905774726427,-0.005511957319932592
2025-03-28,AUDJPY,fx,-1.3888888888888886,Bearish,-0.03824857856421704,-0.03002284924810039,-0.010585047026940853
2025-03-28,AUDCAD,fx,-1.3888888888888886,Bearish,-0.020199102262121627,-0.012066130394204677,-0.007310786187280427
2025-03-28,AUDCHF,fx,-1.3888888888888886,Bearish,-0.060668547861949196,-0.046867086317922024,-0.03720787207872078
2025-03-28,DAX,cross-asset,-5.0,Very Bearish,-0.04608362583245473,0.005204927331206921,0.0442507796269358
2025-03-31,USDCAD,fx,-1.5972222222222223,Bearish,-0.03785508697284434,-0.03859897940738888,-0.02863638259708845
2025-03-31,GBPJPY,fx,1.4583333333333333,Bullish,-0.027348388629018117,-0.015266978511611518,0.00971675805169192
2025-03-31,GBPAUD,fx,2.0138888888888884,Bullish,0.008286611293591761,0.015513813437564972,-0.00021768681156564273
2025-03-31,GBPNZD,fx,1.4583333333333333,Bullish,-0.02008574255248985,-0.00640211058590745,-0.010838738045509388
2025-03-31,CADJPY,fx,1.9444444444444444,Bullish,-0.024430733209868216,-0.013405237350426424,0.019153080709700454
2025-03-31,AUDCAD,fx,-2.5,Bearish,-0.011686273636879685,-0.017484891317655182,-0.009081904083517944
2025-03-31,AUDCHF,fx,-1.3888888888888886,Bearish,-0.06078889674041055,-0.048685474080919056,-0.025457049156565437
2025-03-31,NZDCAD,fx,-1.9444444444444444,Bearish,0.01669279380786759,0.004176260226326445,0.0017268407387449614
2025-03-31,DAX,cross-asset,-5.0,Very Bearish,-0.017797228953981614,0.03565269198206389,0.06164748675174825
2025-04-01,USDCAD,fx,-1.5972222222222223,Bearish,-0.03438702007133365,-0.03510035666829847,-0.02556122805790606
2025-04-01,GBPAUD,fx,2.0138888888888884,Bullish,0.01693737303045295,0.011528105833066071,-0.0009331350421369899
2025-04-01,GBPNZD,fx,1.4583333333333333,Bullish,-0.014764283318919214,-0.009292761706408692,-0.011503432938560265
2025-04-01,AUDJPY,fx,-1.3888888888888886,Bearish,-0.04060156782549429,-0.024731595092024605,0.016221455351056457
2025-04-01,AUDCAD,fx,-2.5,Bearish,-0.020163311684694873,-0.016086089542927784,0.004344580970735423
2025-04-01,AUDCHF,fx,-1.3888888888888886,Bearish,-0.060528451618721335,-0.04748850211921718,-0.021606997925872506
2025-04-01,NZDCAD,fx,-1.9444444444444444,Bearish,0.010124190064794814,0.0042582956999803745,0.01476290987630069
2025-04-01,DAX,cross-asset,-5.0,Very Bearish,-0.017298455003132762,0.03664090931308284,0.0573297370794803
2025-04-02,USDCAD,fx,-1.5972222222222223,Bearish,-0.02470289758312172,-0.026530138940621617,-0.01758368414024769
2025-04-02,EURGBP,fx,-1.3888888888888888,Bearish,0.02363102021231933,0.01964853355724827,0.010004198404606202
2025-04-02,EURCAD,fx,-2.0833333333333335,Bearish,0.016890754125540752,0.012363669334991112,0.011327426750602276
2025-04-02,GBPAUD,fx,1.8055555555555554,Bullish,0.008841711561567323,0.007252625867214313,-0.0009253517305530812
2025-04-02,AUDJPY,fx,-1.3888888888888886,Bearish,-0.02928776748642614,-0.012498669221760905,0.003928457361865201
2025-04-02,AUDCAD,fx,-2.5,Bearish,-0.015170782857015452,-0.013899114294000925,0.0023313923655265967
2025-04-02,AUDCHF,fx,-1.3888888888888886,Bearish,-0.04939874159410096,-0.04646005733138614,-0.02545657778498933
2025-04-02,NZDCAD,fx,-1.9444444444444444,Bearish,0.00938869439616119,0.0010649496903076816,0.00908267437021082
2025-04-02,DAX,cross-asset,-3.333333333333333,Bearish,-0.004343812297359473,0.03460778585986524,0.07146775366035318
2025-04-03,USDCAD,fx,-1.4583333333333333,Bearish,-0.017581949765857807,-0.019653753370228455,-0.009798495813821417
2025-04-03,EURGBP,fx,-1.3888888888888888,Bearish,0.011870175147339568,0.00928506207828872,-0.0034744868313391075
2025-04-03,EURCAD,fx,-2.0833333333333335,Bearish,0.012277029369839099,0.0018556806944998172,0.002273048324750615
2025-04-03,GBPAUD,fx,1.8055555555555554,Bullish,0.005412406007770709,-0.0061614443392031815,0.0032136160671139002
2025-04-03,AUDJPY,fx,-1.3888888888888886,Bearish,-0.011881959549394527,0.009609453624646935,0.00942548885931016
2025-04-03,AUDCAD,fx,-2.5,Bearish,-0.004899872177247522,-0.0014800529231044912,0.002264929473235755
2025-04-03,AUDCHF,fx,-1.3888888888888886,Bearish,-0.026861442790646284,-0.021838720953765045,-0.016061670928927407
2025-04-03,NZDCAD,fx,-1.9444444444444444,Bearish,0.01664951484857391,0.006088895422914797,0.00426345192590416
2025-04-03,DAX,cross-asset,-3.333333333333333,Bearish,0.03218804839752476,0.07028262676641739,0.11013669529879011
2025-04-04,USDCAD,fx,-1.6666666666666667,Bearish,-0.02623808318569143,-0.028269917601732364,-0.018272448606541314
2025-04-04,EURGBP,fx,-1.527777777777778,Bearish,0.004472640387942706,0.0013653323289510855,-0.010957968950459529
2025-04-04,EURJPY,fx,-1.527777777777778,Bearish,0.013592642958712764,0.009357749172581364,0.008960339785026195
2025-04-04,EURCHF,fx,-1.527777777777778,Bearish,-0.0031519628132063993,-0.01294745667377728,-0.009731817844142343
2025-04-04,EURCAD,fx,-2.6388888888888893,Bearish,0.009103681890794357,0.0032141963546779007,-0.00018605128599935572
2025-04-04,GBPAUD,fx,1.3888888888888886,Bullish,-0.02524852478686157,-0.036989299724876745,-0.029494888896179572
2025-04-04,AUDJPY,fx,-1.3888888888888886,Bearish,0.03507525790630828,0.04759005580923392,0.05054399909803253
2025-04-04,AUDCAD,fx,-2.5,Bearish,0.03092015687004679,0.04027650091352375,0.040974735543633845
2025-04-04,AUDCHF,fx,-1.3888888888888886,Bearish,0.01838433669929862,0.024416094966468682,0.031565559238418084
2025-04-04,NZDCAD,fx,-1.9444444444444444,Bearish,0.03740325660870458,0.03598351593124938,0.03187506282038388
2025-04-04,DAX,cross-asset,-3.333333333333333,Bearish,0.10062594747909426,0.1425937698664972,0.1701501295906891
2025-04-07,EURJPY,fx,-1.527777777777778,Bearish,0.005290414612211913,0.003981765745650678,0.009234967593884535
2025-04-07,EURCAD,fx,-2.2222222222222223,Bearish,0.0159228699782461,0.007626758659750044,0.008489193816211271
2025-04-07,AUDJPY,fx,-1.3888888888888886,Bearish,0.03283994206047436,0.04612529422415368,0.05809795401050155
2025-04-07,CHFJPY,fx,-1.6666666666666665,Bearish,0.00742663578055347,0.00765362543215331,0.009737274028891685
2025-04-07,AUDCAD,fx,-2.083333333333333,Bearish,0.04341805721795855,0.049696073599474255,0.05676030885493666
2025-04-07,NZDCAD,fx,-1.5277777777777777,Bearish,0.04840796651021173,0.04934669542052528,0.049169098059114624
2025-04-07,CADCHF,fx,2.3611111111111107,Bullish,-0.016726681379951147,-0.011151120919967394,-0.008944128237890592
2025-04-07,DAX,cross-asset,-3.333333333333333,Bearish,0.13276416976648586,0.17762715942929885,0.20376089114370788
2025-04-08,EURCAD,fx,-1.3888888888888886,Bearish,0.007541227081839574,0.000595360032776826,0.004897316398648099
2025-04-08,AUDJPY,fx,-1.3888888888888886,Bearish,0.04259082712121387,0.06091131505496139,0.06590781176416538
2025-04-08,CHFJPY,fx,-1.6666666666666665,Bearish,0.0011424064763427833,0.011969172422191532,0.011482054939893072
2025-04-08,AUDCAD,fx,-2.083333333333333,Bearish,0.038943614730078124,0.046099165578034285,0.05167767067989493
2025-04-08,NZDCAD,fx,-1.5277777777777777,Bearish,0.03937277371430037,0.041603813049045035,0.044886990251879366
2025-04-08,CADCHF,fx,2.3611111111111107,Bullish,0.0024268572199002136,0.0015167857624376335,0.002747067547526072
2025-04-09,EURCAD,fx,-1.3888888888888886,Bearish,0.01402372546983699,0.013673294569618966,0.018384643339217188
2025-04-09,AUDJPY,fx,-1.3888888888888886,Bearish,0.008103049653198413,0.02787625233953528,0.017472200814708794
2025-04-09,CHFJPY,fx,-1.6666666666666665,Bearish,0.0043688644433614865,0.017516071387128962,0.009312121423101116
2025-04-09,AUDCAD,fx,-2.083333333333333,Bearish,0.0193310866955958,0.028056042839996298,0.029083187148001066
2025-04-09,NZDCAD,fx,-1.5277777777777777,Bearish,0.030252291268002773,0.034469735119347256,0.035791620505589705
2025-04-09,CADCHF,fx,2.3611111111111107,Bullish,-0.01623836004080159,-0.01890362278306079,-0.02179921687341646
2025-04-10,EURCAD,fx,-1.3888888888888886,Bearish,-0.0009970026011542066,0.0012718174207031474,-0.0014891128594162195
2025-04-10,AUDJPY,fx,-1.3888888888888886,Bearish,0.032676100243818285,0.03649480633704827,0.027465737411073166
2025-04-10,CHFJPY,fx,-1.6666666666666665,Bearish,-0.000473655076383972,-0.003880547613748564,-0.00914782033064554
2025-04-10,AUDCAD,fx,-2.083333333333333,Bearish,0.016395704463402883,0.02727251822383714,0.020914296226458573
2025-04-10,NZDCAD,fx,-1.5277777777777777,Bearish,0.020145697677319552,0.027280892148791258,0.019172716613027996
2025-04-10,CADCHF,fx,2.3611111111111107,Bullish,0.01667233174711069,0.01244051665533652,0.01519374575118948
2025-04-11,US-DOLLAR,single,-1.3888888888888886,Bearish,,,
2025-04-11,USDCAD,fx,-1.3888888888888886,Bearish,-0.0029873578479477914,0.008189978641113038,-0.00911360618830448
2025-04-11,EURCAD,fx,-1.3888888888888886,Bearish,-0.00846472079766647,-0.015957142584790196,-0.009265437629878193
2025-04-11,AUDJPY,fx,-1.3888888888888886,Bearish,0.03447243535725364,0.048576307269259766,0.025579899764935465
2025-04-11,CHFJPY,fx,-1.6666666666666665,Bearish,-0.0036123673806068846,-0.0016952527234974646,-0.014165031146002316
2025-04-11,AUDCAD,fx,-2.083333333333333,Bearish,0.021495755907318115,0.021254874971323723,0.023193392980041416
2025-04-11,NZDCAD,fx,-1.5277777777777777,Bearish,0.0174697377061368,0.013405855459602822,0.0180644521812392
2025-04-11,CADCHF,fx,2.3611111111111107,Bullish,0.017791107854330912,0.02944735093130646,0.01717762137659551
2025-04-14,US-DOLLAR,single,-2.0833333333333335,Bearish,,,
2025-04-14,GBPUSD,fx,1.4583333333333335,Bullish,0.0077649289099523955,0.008765876777251158,0.028056872037914626
2025-04-14,USDCAD,fx,-1.7361111111111112,Bearish,-0.003331482509716821,0.004744838725960321,-0.009734851489432317
2025-04-14,EURCAD,fx,-1.3888888888888886,Bearish,-0.006474321911672187,-0.00980361011747799,-0.006925427756351965
2025-04-14,GBPCHF,fx,2.083333333333333,Bullish,0.017669852269975195,0.03976415357961227,0.03662512341884172
2025-04-14,GBPAUD,fx,1.8055555555555554,Bullish,-0.013818359843721484,-0.013343188734124989,0.00323500331179849
2025-04-14,AUDJPY,fx,-1.3888888888888886,Bearish,0.02787733970529671,0.05547811850081863,0.024613920969954295
2025-04-14,CHFJPY,fx,-1.6666666666666665,Bearish,-0.004302827898282291,0.0006439994072926503,-0.00926105342345529
2025-04-14,AUDCAD,fx,-2.083333333333333,Bearish,0.018549747048903997,0.027266305090925647,0.014801057381158556
2025-04-14,NZDCAD,fx,-1.5277777777777777,Bearish,0.012127461089016522,0.015012029263023585,0.011047282368537248
2025-04-14,CADCHF,fx,2.3611111111111107,Bullish,0.01420992477098637,0.026219272956790274,0.018406373142730414
2025-04-14,GOLD,cross-asset,2.0,Bullish,0.06852600561913236,-0.010297589753493264,0.028064514119471973
2025-04-14,SILVER,cross-asset,2.0,Bullish,0.027368030429538948,-0.003989238333797385,0.028172062961931976
2025-04-15,US-DOLLAR,single,-2.0833333333333335,Bearish,,,
2025-04-15,GBPUSD,fx,1.4583333333333335,Bullish,0.010351137188483017,0.0021095451246069263,0.0208610573433341
2025-04-15,USDCAD,fx,-1.7361111111111112,Bearish,-0.012637721052593864,0.0020501351225421516,-0.010329526963577917
2025-04-15,EURCAD,fx,-1.3888888888888886,Bearish,-0.005305157756966494,-0.007884671588497483,-0.006296301002579385
2025-04-15,GBPCHF,fx,2.083333333333333,Bullish,0.009613440435270126,0.02564196827380849,0.026193408451739675
2025-04-15,GBPAUD,fx,1.8055555555555554,Bullish,-0.012748419042501125,-0.010560508209463637,0.005316239480275264
2025-04-15,AUDJPY,fx,-1.3888888888888886,Bearish,0.018330028640669793,0.03876404494382024,0.023959021810971537
2025-04-15,CHFJPY,fx,-1.6666666666666665,Bearish,-0.004256077851716,0.0015586447267770254,0.002616912733149679
2025-04-15,AUDCAD,fx,-2.083333333333333,Bearish,0.01030031284941435,0.014840582329090468,0.004675799911905143
2025-04-15,NZDCAD,fx,-1.5277777777777777,Bearish,0.005665377975539121,0.002212658350961627,-0.0018357769834901339
2025-04-15,CADCHF,fx,2.3611111111111107,Bullish,0.012144167402676986,0.021621713431619005,0.016662137373463004
2025-04-15,GOLD,cross-asset,2.0,Bullish,0.041828721480417164,0.0031832932841180384,0.018356578393242007
2025-04-15,SILVER,cross-asset,2.0,Bullish,0.004396284829721431,0.010185758513931997,0.020309597523219924
2025-04-16,US-DOLLAR,single,-2.0833333333333335,Bearish,,,
2025-04-16,GBPUSD,fx,1.4583333333333335,Bullish,0.0035112359550562022,0.0040322580645162365,0.016574543916878293
2025-04-16,GBPCHF,fx,2.083333333333333,Bullish,0.016275569923638544,0.0322538691637404,0.034000334429519
2025-04-16,GBPAUD,fx,1.8055555555555554,Bullish,-0.004739815411858528,-0.0010442029892114846,0.00805528020248869
2025-04-16,AUDJPY,fx,-1.3888888888888886,Bearish,0.023174406238922307,0.03332151719248477,0.03059641970932292
2025-04-16,CHFJPY,fx,-1.6666666666666665,Bearish,0.001342720903410255,-0.0005451217342904435,0.003827328387070894
2025-04-16,CADCHF,fx,1.5277777777777777,Bullish,0.01376686739794275,0.020437059656425394,0.018884661969668537
2025-04-16,GOLD,cross-asset,2.0,Bullish,-0.011068399718802802,-0.042433851354383156,-0.007565400780770837
2025-04-16,SILVER,cross-asset,2.0,Bullish,-0.008615159013839135,-0.014175297100785134,0.017535820120367918
2025-04-17,US-DOLLAR,single,-1.6666666666666665,Bearish,,,
2025-04-17,GBPUSD,fx,1.6666666666666665,Bullish,-0.0015682962873599937,0.001078203697560065,0.01666314805320135
2025-04-17,EURGBP,fx,-1.5277777777777777,Bearish,-0.009885602776382063,-0.018100234870704224,-0.016078710898701942
2025-04-17,GBPCHF,fx,2.5,Bullish,0.012931312183044774,0.02141719818501442,0.02088337889204883
2025-04-17,GBPAUD,fx,2.222222222222222,Bullish,-0.0034104210521246348,-0.0025674497468677338,0.008299654622613728
2025-04-17,GBPNZD,fx,1.6666666666666665,Bullish,0.009813723900628846,0.015438937829901578,0.018046623070132828
2025-04-17,AUDJPY,fx,-1.3888888888888886,Bearish,0.027627349975784643,0.025602078105049886,0.02199181085721813
2025-04-17,CHFJPY,fx,-1.6666666666666665,Bearish,0.010172283694969586,0.0006796882650093039,0.008784106814738735
2025-04-17,CADCHF,fx,1.5277777777777777,Bullish,0.008609025099790335,0.011721128475745912,0.00666396048981821
2025-04-17,GOLD,cross-asset,2.0,Bullish,-2.7049446387872322e-05,-0.0291893581466921,-0.011577163054062867
2025-04-17,SILVER,cross-asset,2.0,Bullish,0.0059959412090278,-0.005473218129266266,0.013590800073796316
2025-04-18,US-DOLLAR,single,-1.3888888888888888,Bearish,,,
2025-04-18,GBPUSD,fx,1.5277777777777777,Bullish,0.0006546176882213928,0.005139125069600015,0.011963702577839186
2025-04-18,EURGBP,fx,-1.5277777777777777,Bearish,-0.013394368993261963,-0.018007076711081038,-0.01569488398164265
2025-04-18,GBPCHF,fx,2.5,Bullish,0.019839364844904006,0.02848966026587907,0.020319423929099134
2025-04-18,GBPAUD,fx,1.3888888888888888,Bullish,-0.0051070856012824795,-0.007060641841622695,0.0026447407578071847
2025-04-18,GBPNZD,fx,1.6666666666666665,Bullish,0.004436699953086043,0.006290909903268194,0.0063579295400217894
2025-04-18,CADCHF,fx,1.5277777777777777,Bullish,0.012767549004607304,0.015351660121385224,0.01669471787286847
2025-04-18,GOLD,cross-asset,2.0,Bullish,-2.7049446387872322e-05,-0.0291893581466921,-0.011577163054062867
2025-04-18,SILVER,cross-asset,2.0,Bullish,0.0059959412090278,-0.005473218129266266,0.013590800073796316
2025-04-21,US-DOLLAR,single,-1.3888888888888888,Bearish,,,
2025-04-21,GBPUSD,fx,1.5277777777777777,Bullish,-0.01490974891205199,0.0013010513092763798,0.012584306629379816
2025-04-21,EURGBP,fx,-1.5277777777777777,Bearish,-0.02221628031342271,-0.02084447441233217,-0.018298495663698233
2025-04-21,GBPCHF,fx,2.5,Bullish,0.029141742402529536,0.02536034245245511,0.02288255471010814
2025-04-21,GBPAUD,fx,1.3888888888888888,Bullish,-0.008434405465571615,5.757273355344594e-05,0.00017751592845627329
2025-04-21,GBPNZD,fx,1.6666666666666665,Bullish,0.009436544510605493,0.013896803780002465,0.0067980812808214885
2025-04-21,CADCHF,fx,1.5277777777777777,Bullish,0.03464871715822282,0.019062789024766102,0.020073305244407758
2025-04-21,GOLD,cross-asset,2.0,Bullish,-0.05548417240976522,-0.03934703889732516,-0.012498539890199778
2025-04-21,SILVER,cross-asset,2.0,Bullish,-0.002143557079862801,0.013351298383145416,0.06369426751592355
2025-04-22,US-DOLLAR,single,-1.3888888888888888,Bearish,,,
2025-04-22,GBPUSD,fx,1.5277777777777777,Bullish,-0.00180833183264284,0.006858154751185674,0.01399393721111708
2025-04-22,EURGBP,fx,-1.5277777777777777,Bearish,-0.01863745708480269,-0.014702104304365027,-0.017971833617488442
2025-04-22,GBPCHF,fx,2.5,Bullish,0.023105970340769666,0.01437134529723405,0.019806426777629227
2025-04-22,GBPAUD,fx,1.3888888888888888,Bullish,-0.017572869821212533,-0.0037133858719287094,-0.0007742194482013298
2025-04-22,GBPNZD,fx,1.6666666666666665,Bullish,0.0033097159645649743,0.011742997644234698,0.00909612060085463
2025-04-22,CADCHF,fx,1.5277777777777777,Bullish,0.015822090136944578,0.003985072862666916,0.013086574019351316
2025-04-22,GOLD,cross-asset,2.0,Bullish,-0.03873194653542067,-0.01946801619672689,-0.008172307619501051
2025-04-22,SILVER,cross-asset,2.0,Bullish,0.013399870621938925,0.028432369158734705,0.06271755537072976
2025-04-23,US-DOLLAR,single,-1.3888888888888888,Bearish,,,
2025-04-23,GBPUSD,fx,1.5277777777777777,Bullish,0.00038495214516465204,0.012763805440656917,0.02291597475921625
2025-04-23,EURGBP,fx,-1.5277777777777777,Bearish,-0.013312239995312614,-0.015316107107283039,-0.013265365910822169
2025-04-23,GBPJPY,fx,1.6666666666666665,Bullish,0.023364338475136304,0.0164934026389445,0.017587701761400787
2025-04-23,GBPCHF,fx,2.5,Bullish,0.014592102990244715,0.010409942631669722,0.007555163604294979
2025-04-23,GBPAUD,fx,1.3888888888888888,Bullish,-0.009681462592384338,0.005013614556770518,0.0022907032026624474
2025-04-23,GBPNZD,fx,1.6666666666666665,Bullish,0.008364821080785179,0.020535097245532707,0.008907816440642868
2025-04-23,CADCHF,fx,1.5277777777777777,Bullish,0.0069643245777040175,1.674116485017585e-05,0.000368305626705423
2025-04-23,GOLD,cross-asset,2.0,Bullish,-0.03367273700473217,0.0020041847621132813,0.02569249297470888
2025-04-23,SILVER,cross-asset,2.0,Bullish,-0.039971385138156124,-0.015410295388834316,0.028078333184297533
2025-04-24,US-DOLLAR,single,-1.3888888888888888,Bearish,,,
2025-04-24,GBPUSD,fx,1.5277777777777777,Bullish,-0.003036642148592894,0.015093236160784507,0.017185145196481955
2025-04-24,EURGBP,fx,-1.5277777777777777,Bearish,-0.01516465486933083,-0.016606117426461897,-0.012187976092816077
2025-04-24,GBPJPY,fx,1.6666666666666665,Bullish,0.01840500473136375,0.014462201661234353,0.023446535590369022
2025-04-24,GBPCHF,fx,2.5,Bullish,0.008129048647275594,0.006967755983379176,0.008392154016439557
2025-04-24,GBPAUD,fx,1.3888888888888888,Bullish,-0.00218695326168461,0.0004277776709669112,0.00223982465921968
2025-04-24,GBPNZD,fx,1.6666666666666665,Bullish,0.01760918051658389,0.01561263400244628,0.010738182603065027
2025-04-24,CADCHF,fx,1.5277777777777777,Bullish,0.0036241002667738442,0.0014764852938708994,0.004664351269274114
2025-04-24,GOLD,cross-asset,2.0,Bullish,-0.03253319317442027,0.002783269326102511,0.0012005088724176272
2025-04-24,SILVER,cross-asset,2.0,Bullish,-0.02779929682378879,-0.002622012990882605,0.061825874500923694
2025-04-25,US-DOLLAR,single,-1.6666666666666665,Bearish,,,
2025-04-25,GBPUSD,fx,1.6666666666666665,Bullish,-0.0022694310641527826,0.018801710339437783,0.0162993244309515
2025-04-25,EURGBP,fx,-1.5277777777777777,Bearish,-0.01536190107919988,-0.016955507903586797,-0.013205844787382404
2025-04-25,GBPJPY,fx,1.6666666666666665,Bullish,0.011532547411583716,0.01278779066726643,0.024435402043954335
2025-04-25,GBPCHF,fx,2.5,Bullish,0.009147783072054771,0.011984868875713817,0.009556978139890093
2025-04-25,GBPAUD,fx,1.3888888888888888,Bullish,-0.004356355663262312,0.005039139884215116,0.0004712172792491476
2025-04-25,GBPNZD,fx,1.6666666666666665,Bullish,0.011670847112351668,0.013963735568488289,0.007417112755369937
2025-04-25,CADCHF,fx,1.5277777777777777,Bullish,0.0027996647108130546,0.0008382229673091768,0.004844928751047695
2025-04-25,GOLD,cross-asset,2.0,Bullish,-0.03544244294315102,0.007102349771893168,-0.001958645461065167
2025-04-25,SILVER,cross-asset,2.0,Bullish,-0.024280358006773195,0.01230648282535074,0.08838292210933707
2025-04-28,US-DOLLAR,single,-1.6666666666666665,Bearish,,,
2025-04-28,GBPUSD,fx,1.4583333333333333,Bullish,-0.005871671603137507,0.00477026805780878,0.007799127807462725
2025-04-28,EURGBP,fx,-1.3194444444444442,Bearish,-0.010041909964211615,-0.013161612356375918,-0.00829958560934263
2025-04-28,GBPJPY,fx,1.4583333333333333,Bullish,0.014432200635373427,0.02148840915524719,0.026615431393312905
2025-04-28,GBPCHF,fx,2.2916666666666665,Bullish,0.011531197791821102,0.013801118616982633,0.010178324980024911
2025-04-28,GBPNZD,fx,1.4583333333333333,Bullish,0.002287402818756723,0.010057452082471219,-0.0030661878251426744
2025-04-28,CADCHF,fx,1.5277777777777777,Bullish,0.007914943886591752,0.010159480212640348,0.011357691334064723
2025-04-28,GOLD,cross-asset,2.0,Bullish,-0.03405213532337115,-0.012987479029542559,-0.005562217590363572
2025-04-28,SILVER,cross-asset,2.0,Bullish,-0.02404876135300671,0.0032286291904286557,0.10880782112790799
2025-04-29,US-DOLLAR,single,-1.6666666666666665,Bearish,,,
2025-04-29,GBPUSD,fx,1.4583333333333333,Bullish,-0.0005597557972040201,0.004776582802809459,0.007030532812885015
2025-04-29,EURGBP,fx,-1.3194444444444442,Bearish,-0.007740156923729424,-0.012817794114182046,-0.0035225371692467755
2025-04-29,GBPJPY,fx,1.4583333333333333,Bullish,0.014570411421440888,0.02227243890546271,0.02493066078047912
2025-04-29,GBPCHF,fx,2.2916666666666665,Bullish,0.004929322218195198,0.008571946357375904,0.005889815150416977
2025-04-29,GBPNZD,fx,1.4583333333333333,Bullish,-6.638078674514603e-05,-0.0015444596382688802,-0.013138970389743765
2025-04-29,CADCHF,fx,1.5277777777777777,Bullish,0.0003194351042368204,0.004135843981170062,0.01116341627437789
2025-04-29,GOLD,cross-asset,2.0,Bullish,-0.008302182563607818,-0.008609670806704384,0.001567587121668934
2025-04-29,SILVER,cross-asset,2.0,Bullish,0.0053774874677199325,0.00124563269026301,0.11007139602005167
2025-04-30,US-DOLLAR,single,-1.9444444444444444,Bearish,,,
2025-04-30,GBPUSD,fx,1.5972222222222223,Bullish,0.007001718535417645,0.011894666536588216,0.01588707196085637
2025-04-30,EURGBP,fx,-1.3194444444444442,Bearish,-0.006955723465856933,-0.00898006261328066,-0.0025657321752229345
2025-04-30,GBPCHF,fx,2.2916666666666665,Bullish,0.006218747158832638,0.008455314119465207,0.009382671151922706
2025-04-30,GBPNZD,fx,1.4583333333333333,Bullish,0.006155298812588583,0.006774391819064363,-4.008515869280416e-05
2025-04-30,CHFJPY,fx,-1.6666666666666665,Bearish,0.004921754501499009,0.011697832001802189,0.017428325505895126
2025-04-30,CADCHF,fx,1.5277777777777777,Bullish,-0.005652646542352979,-0.004632494355715222,0.002642361401455018
2025-04-30,GOLD,cross-asset,2.0,Bullish,0.00816234676592864,0.008907419402907957,0.020238605710601654
2025-04-30,SILVER,cross-asset,2.0,Bullish,0.024079015981105067,0.021655777430140244,0.11153032115579276
2025-05-01,US-DOLLAR,single,-2.2222222222222223,Bearish,,,
2025-05-01,EURUSD,fx,1.6666666666666667,Bullish,-0.0007088805004697996,0.005343186772289732,0.026095663423538307
2025-05-01,GBPUSD,fx,1.7361111111111112,Bullish,0.011206740624623235,0.013595803689858688,0.025804895695164642
2025-05-01,EURCHF,fx,2.2222222222222223,Bullish,-0.0014109649075925157,-0.0031639819139952507,0.0027577950466579626
2025-05-01,EURNZD,fx,1.3888888888888888,Bullish,0.0004867784686892751,-0.005328392270167348,-0.0014498670519020873
2025-05-01,GBPCHF,fx,2.2916666666666665,Bullish,0.009657227476311148,0.004070026255303283,0.0015898540059777755
2025-05-01,GBPNZD,fx,1.4583333333333333,Bullish,0.012091839232388546,0.0024076867959963444,-0.002100606594658716
2025-05-01,GBPCAD,fx,1.3194444444444442,Bullish,0.011119029097694133,0.0045694640127509345,0.006897714724009907
2025-05-01,CHFJPY,fx,-1.6666666666666665,Bearish,-0.008678275763631227,-0.0021524407650586053,0.010699400513845214
2025-05-01,AUDCHF,fx,1.6666666666666665,Bullish,0.0029873321989031254,-0.0011344299489507437,0.00013235016071089234
2025-05-01,GOLD,cross-asset,2.0,Bullish,0.017548465204191732,0.01569849500755116,0.045946588673488
2025-05-01,SILVER,cross-asset,2.0,Bullish,0.019506172839506064,0.017407407407407316,0.12169753086419766
2025-05-02,US-DOLLAR,single,-2.7777777777777772,Bearish,,,
2025-05-02,EURUSD,fx,1.9444444444444442,Bullish,0.005319148936170359,0.012284490388359881,0.022143944489680267
2025-05-02,GBPUSD,fx,1.8055555555555554,Bullish,0.02056446749487395,0.020843384392714936,0.022954106862863366
2025-05-02,AUDUSD,fx,1.3888888888888886,Bullish,0.007995528714039413,0.008212882892673745,0.0065672012544442104
2025-05-02,EURJPY,fx,1.3888888888888888,Bullish,-0.010676895637620754,-0.0031884093380080136,0.016039775711894855
2025-05-02,EURCHF,fx,2.2222222222222223,Bullish,-0.0009432647679890049,0.0015756809192544186,0.0015113674123459209
2025-05-02,EURNZD,fx,1.3888888888888888,Bullish,-0.0015383399625952254,-0.001554144825224535,0.009609356478676556
2025-05-02,GBPCHF,fx,2.083333333333333,Bullish,0.013644334039599748,0.010411339227003769,0.0030320742310221416
2025-05-02,AUDCHF,fx,1.6666666666666665,Bullish,0.0016551931685664378,-0.0020689914607079363,-0.012564420870481152
2025-05-02,GOLD,cross-asset,4.0,Bullish,0.036292935839274065,0.04360707341912784,0.05982470758880343
2025-05-02,SILVER,cross-asset,4.0,Bullish,0.0461605775541456,0.08560177516642176,0.13476263399693722
2025-05-05,US-DOLLAR,single,-3.055555555555556,Very Bearish,,,
2025-05-05,EURUSD,fx,2.6388888888888893,Bullish,0.006055195092198096,0.005144705903152413,0.02162190831462274
2025-05-05,GBPUSD,fx,1.9444444444444446,Bullish,0.020135591689929955,0.01683985583036751,0.021046057532411844
2025-05-05,AUDUSD,fx,1.527777777777778,Bullish,0.0025667589256721524,-0.0009586689963355655,0.008457934532184908
2025-05-05,EURJPY,fx,1.9444444444444444,Bullish,9.843125192232627e-05,0.006594893878806518,0.02904952322362342
2025-05-05,EURCHF,fx,2.7777777777777777,Bullish,0.004365262829679528,0.0066876686701000665,0.01091315707419871
2025-05-05,EURNZD,fx,1.9444444444444444,Bullish,0.0008969508945766425,0.00020049490584650442,0.00636835135149405
2025-05-05,EURCAD,fx,2.083333333333333,Bullish,-0.0004540454812882455,-0.0025196326708106787,0.0028138029826312305
2025-05-05,GBPCHF,fx,2.083333333333333,Bullish,0.018626149832959626,0.01841563315180106,0.010562445654661134
2025-05-05,GBPCAD,fx,1.3888888888888888,Bullish,0.013482253174616154,0.009002683387490995,0.002400352704887254
2025-05-05,AUDCHF,fx,1.6666666666666665,Bullish,0.0003950412912208101,0.0005267217216273767,-0.002163321356684622
2025-05-05,GOLD,cross-asset,4.0,Bullish,0.0024685359152478714,0.0058009094290274454,0.015351113990569765
2025-05-05,SILVER,cross-asset,4.0,Bullish,0.030979583038216463,0.06239029347457903,0.11794413820712579
2025-05-06,US-DOLLAR,single,-2.638888888888889,Bearish,,,
2025-05-06,EURUSD,fx,2.4305555555555554,Bullish,-0.003378675629542305,0.0041441568268605344,0.009968852834040032
2025-05-06,GBPUSD,fx,1.7361111111111112,Bullish,0.010402245088868112,0.014181478016838112,0.004228250701590497
2025-05-06,AUDUSD,fx,1.3194444444444444,Bullish,-0.00805470422448451,-0.00044662795891026175,-0.0030801928200705486
2025-05-06,EURJPY,fx,1.9444444444444444,Bullish,0.009538106092897625,0.006381388338059013,0.029905422017951766
2025-05-06,EURCHF,fx,2.7777777777777777,Bullish,0.002708837448339274,-0.0005139296344676136,0.0025161138354139467
2025-05-06,EURNZD,fx,1.9444444444444444,Bullish,0.006794017035270716,0.0011843267049811423,0.009025203952690353
2025-05-06,EURCAD,fx,2.083333333333333,Bullish,-0.000996429461097792,-0.0030659368033777445,0.0024719115477231934
2025-05-06,GBPCHF,fx,2.083333333333333,Bullish,0.016422095182609286,0.008830062265593686,-0.0032771365109420802
2025-05-06,GBPCAD,fx,1.3888888888888888,Bullish,0.012623574144486671,0.00669744703965236,-0.0029223248234654386
2025-05-06,AUDCHF,fx,1.6666666666666665,Bullish,-0.0012754384319609846,-0.004857919909968977,-0.010109725218043764
2025-05-06,GOLD,cross-asset,4.0,Bullish,-0.037866641791479916,-0.01686654267940746,-0.012240340945529282
2025-05-06,SILVER,cross-asset,4.0,Bullish,0.000782613930527809,0.03819757991692252,0.11721148636445733
2025-05-07,US-DOLLAR,single,-2.638888888888889,Bearish,,,
2025-05-07,EURUSD,fx,2.4305555555555554,Bullish,-0.0004426815879873258,0.013129935899705902,0.015980805326344827
2025-05-07,GBPUSD,fx,1.7361111111111112,Bullish,0.013017600096315363,0.020813110905438137,0.009631519146406475
2025-05-07,USDCHF,fx,-1.3194444444444444,Bearish,0.0044241334046379865,-0.004691526082940434,-0.006150031600952954
2025-05-07,AUDUSD,fx,1.3194444444444444,Bullish,0.0003113955190183759,0.012658227848101111,0.013094181574727193
2025-05-07,EURJPY,fx,1.9444444444444444,Bullish,0.006389186394356816,0.0108148367002745,0.02502739102066953
2025-05-07,EURNZD,fx,1.6666666666666667,Bullish,-0.005021769766316853,-0.0030866794270449915,0.001030645941568764
2025-05-07,EURCAD,fx,2.083333333333333,Bullish,-0.0007165661128207823,0.001017267963736579,0.005342256287547809
2025-05-07,GBPCAD,fx,1.3888888888888888,Bullish,0.012789976834480798,0.008711540343893764,-0.0009570730964577612
2025-05-07,GOLD,cross-asset,4.0,Bullish,-0.022529752351059917,-0.0035191592062869814,0.0013999357991225647
2025-05-07,SILVER,cross-asset,4.0,Bullish,0.015843659453794512,0.09848344738302206,0.1321743419024719
2025-05-08,US-DOLLAR,single,-2.638888888888889,Bearish,,,
2025-05-08,EURUSD,fx,2.8472222222222223,Bullish,0.012706729398346273,0.015237382378101128,0.02384516680923876
2025-05-08,GBPUSD,fx,1.7361111111111112,Bullish,0.018260081558676866,0.02131098021446909,0.015465941700649521
2025-05-08,USDCHF,fx,-1.3194444444444444,Bearish,-0.010377665145732684,-0.010919422606936902,-0.01793819149320397
2025-05-08,AUDUSD,fx,1.3194444444444444,Bullish,0.0062665062274382954,0.01456454813958219,0.012329858886406031
2025-05-08,EURJPY,fx,2.3611111111111107,Bullish,0.0006044657194668179,0.007516134350138204,0.020051165886152855
2025-05-08,EURCHF,fx,1.5277777777777777,Bullish,0.001779473876037052,0.0028943249790964742,0.005284823017387419
2025-05-08,EURAUD,fx,1.5277777777777777,Bullish,0.006102742812166717,3.992448568701512e-05,0.010905088090525927
2025-05-08,EURNZD,fx,2.083333333333333,Bullish,0.002631371207536093,-0.004357550719680026,0.008888771939057571
2025-05-08,EURCAD,fx,2.5,Bullish,0.0044237306581820235,-0.0015620698706171332,0.0074454395882281865
2025-05-08,GBPCAD,fx,1.3888888888888888,Bullish,0.009988443571533168,0.004372995936260615,0.0005425553270794747
2025-05-08,GOLD,cross-asset,4.0,Bullish,0.0035422054842173534,0.0018966377784837007,0.01959556543702834
2025-05-08,SILVER,cross-asset,4.0,Bullish,0.02637823179563048,0.1092108101445255,0.12144463961048979
2025-05-09,US-DOLLAR,single,-2.0833333333333335,Bearish,,,
2025-05-09,EURUSD,fx,2.5694444444444446,Bullish,0.00881155193569616,0.015364643536713185,0.02445183433215381
2025-05-09,GBPUSD,fx,1.4583333333333335,Bullish,0.011301686605659,0.018294746182015098,0.01118889532216949
2025-05-09,EURJPY,fx,2.3611111111111107,Bullish,-0.0008812891301553938,0.010012423728709807,0.029884269601033076
2025-05-09,EURCHF,fx,1.5277777777777777,Bullish,-0.001766179272548296,0.003799961465179358,0.007760484682408864
2025-05-09,EURAUD,fx,1.5277777777777777,Bullish,0.005174991156299491,-0.0003423367909349828,0.018058265721817124
2025-05-09,EURNZD,fx,2.083333333333333,Bullish,3.6836870549894485e-05,-0.00635172896483116,0.014176932751661653
2025-05-09,EURCAD,fx,2.5,Bullish,-0.005616973472566289,-0.00161487987336284,0.009287155002936087
2025-05-09,GBPCAD,fx,1.3888888888888888,Bullish,-0.0033676393603644383,0.0013438176293762982,-0.003988278024534164
2025-05-09,GOLD,cross-asset,2.0,Bullish,-0.011550426040304873,-0.0005289812602378152,0.012470132095036224
2025-05-09,SILVER,cross-asset,2.0,Bullish,0.007549591955252621,0.1231775529541217,0.09933673625332395
2025-05-12,US-DOLLAR,single,-2.0833333333333335,Bearish,,,
2025-05-12,EURUSD,fx,2.5694444444444446,Bullish,0.03199494721645757,0.030415952359469367,0.04422087882342329
2025-05-12,GBPUSD,fx,1.4583333333333335,Bullish,0.027910189458343337,0.024175674034491168,0.026263055623026554
2025-05-12,EURJPY,fx,2.3611111111111107,Bullish,-0.008077799726485368,0.005385199817656838,0.02782555842577117
2025-05-12,EURCHF,fx,1.5277777777777777,Bullish,-0.002263699654038387,0.0028616580532183633,0.0035984282236363185
2025-05-12,EURAUD,fx,1.5277777777777777,Bullish,0.012862624182423676,0.0071388714715510115,0.030476825992165057
2025-05-12,EURNZD,fx,2.083333333333333,Bullish,0.0014531427514596906,-0.0028428756374012654,0.023091759359560315
2025-05-12,EURCAD,fx,2.083333333333333,Bullish,0.012793190741888782,0.007917441620169496,0.02625154990700551
2025-05-12,GOLD,cross-asset,2.0,Bullish,0.045510759337125783,0.027207519168934047,0.041627504328468845
2025-05-12,SILVER,cross-asset,2.0,Bullish,0.06597925489473999,0.12127907690419204,0.10691708095501151
2025-05-13,US-DOLLAR,single,-3.6111111111111116,Very Bearish,,,
2025-05-13,EURUSD,fx,3.3333333333333335,Very Bullish,0.01671152281404531,0.02700310267438022,0.03789375799139849
2025-05-13,GBPUSD,fx,2.2222222222222223,Bullish,0.015830896557945007,0.017582368019483985,0.02329532214295904
2025-05-13,USDCHF,fx,-1.8055555555555558,Bearish,-0.018079904591532525,-0.022516398330351794,-0.0400596302921884
2025-05-13,AUDUSD,fx,1.8055555555555558,Bullish,-0.0012520868113523598,0.004544611389352582,0.002736041550732704
2025-05-13,EURJPY,fx,2.3611111111111107,Bullish,-0.00795469703032714,0.00654807377496458,0.019747292856536536
2025-05-13,EURCHF,fx,1.5277777777777777,Bullish,-0.0019507099304992837,0.003890760243892011,-0.0037095467530805504
2025-05-13,EURAUD,fx,1.5277777777777777,Bullish,0.01801442079557436,0.022290892677337748,0.035010358436628364
2025-05-13,EURNZD,fx,2.083333333333333,Bullish,0.006787366363766756,0.011354764699321729,0.026347515282196143
2025-05-13,EURCAD,fx,2.083333333333333,Bullish,0.0008341460910630261,0.0073084030593912885,0.022201119039063633
2025-05-13,DJIA,cross-asset,3.333333333333333,Bullish,0.009191556014381819,0.01687610503957382,0.022294210482598276
2025-05-13,SP500,cross-asset,3.333333333333333,Bullish,0.015281261958416614,0.023963603894723295,0.03584336068710403
2025-05-13,NASDAQ,cross-asset,3.333333333333333,Bullish,0.0225071803786705,0.032477041683987684,0.04808019349230941
2025-05-13,GOLD,cross-asset,4.0,Bullish,0.031790964867476124,0.03225866005329259,0.022409368673038
2025-05-13,SILVER,cross-asset,4.0,Bullish,0.04866557237522029,0.10149553164326086,0.09149492370356849
2025-05-14,US-DOLLAR,single,-3.0555555555555554,Very Bearish,,,
2025-05-14,EURUSD,fx,3.0555555555555554,Very Bullish,0.021755673933479658,0.03674291597654333,0.04371726576838708
2025-05-14,GBPUSD,fx,2.222222222222222,Bullish,0.02252235258610935,0.02698909721960252,0.03069377900177317
2025-05-14,USDCHF,fx,-1.5277777777777777,Bearish,-0.028267795159526488,-0.037230754600351856,-0.04416100042793969
2025-05-14,AUDUSD,fx,1.5277777777777777,Bullish,0.00991208278222988,0.016385279701236932,0.013210923519800799
2025-05-14,EURJPY,fx,2.3611111111111107,Bullish,-0.005882568314680814,0.01380939014120619,0.03283010117529317
2025-05-14,EURCHF,fx,1.5277777777777777,Bullish,-0.007052216182868332,-0.0021486390180082138,-0.0025634752640592007
2025-05-14,EURAUD,fx,1.5277777777777777,Bullish,0.011568345323740958,0.019994244604316647,0.029985611510791488
2025-05-14,EURNZD,fx,2.083333333333333,Bullish,-1.5842504383134504e-05,0.007451257894848018,0.019095498616421347
2025-05-14,EURCAD,fx,2.083333333333333,Bullish,-0.00047389419351540063,0.008568519336804359,0.02444397481956795
2025-05-14,GBPJPY,fx,1.5277777777777777,Bullish,-0.005644750844399082,0.003783730984952438,0.019674372933985218
2025-05-14,GOLD,cross-asset,2.0,Bullish,0.06143387675457923,0.06585887832819282,0.04870334235538487
2025-05-14,SILVER,cross-asset,2.0,Bullish,0.0708830104321907,0.12838425235966233,0.12565201192250397
2025-05-15,US-DOLLAR,single,-3.0555555555555554,Very Bearish,,,
2025-05-15,EURUSD,fx,3.0555555555555554,Very Bullish,0.02304810778432409,0.032515891393167795,0.04594423037379425
2025-05-15,GBPUSD,fx,2.222222222222222,Bullish,0.020283380713866705,0.020569168057999798,0.032166117654137016
2025-05-15,USDCHF,fx,-1.5277777777777777,Bearish,-0.0193284154052501,-0.03046560643801499,-0.04292009963594556
2025-05-15,AUDUSD,fx,2.3611111111111107,Bullish,0.015631099798560255,0.012414310029825515,0.02197098643014428
2025-05-15,EURJPY,fx,2.3611111111111107,Bullish,0.007874257377129545,0.020916187951097287,0.03664629056807578
2025-05-15,EURCHF,fx,1.5277777777777777,Bullish,0.0033394342227788254,5.351657408292354e-05,0.0011880679446425457
2025-05-15,EURNZD,fx,2.083333333333333,Bullish,-0.003736284525160727,0.007057426325303817,0.014734939252532886
2025-05-15,EURCAD,fx,2.083333333333333,Bullish,0.0023575839889296013,0.00427312097993493,0.02213438228736897
2025-05-15,GBPJPY,fx,1.5277777777777777,Bullish,0.004950418385203381,0.009240092710650849,0.02287826306905294
2025-05-15,AUDJPY,fx,1.6666666666666665,Bullish,0.0004502572898799073,0.0005253001715264105,0.012885934819897082
2025-05-15,AUDNZD,fx,1.3888888888888888,Bullish,-0.010886626706198776,-0.011905526844805836,-0.008711137221064646
2025-05-15,AUDCAD,fx,1.3888888888888888,Bullish,-0.005157291806506481,-0.014722334094061873,-0.0012865261556360696
2025-05-15,GOLD,cross-asset,2.0,Bullish,0.03486807176105988,0.06004062179748382,0.027200553147880724
2025-05-15,SILVER,cross-asset,2.0,Bullish,0.09218793098164224,0.11278310705200889,0.12286616200312617
2025-05-16,US-DOLLAR,single,-3.0555555555555554,Very Bearish,,,
2025-05-16,EURUSD,fx,3.472222222222222,Very Bullish,0.020740196561517266,0.03541511749791715,0.049534577446492145
2025-05-16,GBPUSD,fx,1.8055555555555554,Bullish,0.01861099185816184,0.022030413267957627,0.03306444931498609
2025-05-16,USDCHF,fx,-1.5277777777777777,Bearish,-0.018212237093690242,-0.028226577437858502,-0.04569789674952196
2025-05-16,AUDUSD,fx,2.638888888888889,Bullish,0.014358477595150188,0.018998812574213986,0.02040497468908198
2025-05-16,EURGBP,fx,1.6666666666666665,Bullish,0.002189694156848665,0.012793050101154169,0.016077591336427277
2025-05-16,EURJPY,fx,2.7777777777777777,Bullish,0.015545954728407363,0.029454845340521674,0.04295754711175137
2025-05-16,EURCHF,fx,1.9444444444444442,Bullish,0.002636373379058865,0.007630479048333472,0.0018218840424391036
2025-05-16,EURNZD,fx,2.5,Bullish,-0.002194058110894903,0.005986192201600238,0.01895012209722413
2025-05-16,EURCAD,fx,2.5,Bullish,0.0007507603855188005,0.006224252768830096,0.027970636927144188
2025-05-16,AUDJPY,fx,1.9444444444444444,Bullish,0.007995449569641044,0.012975165811672351,0.012749790723132204
2025-05-16,AUDNZD,fx,1.6666666666666667,Bullish,-0.009149282112051127,-0.011399858535196317,-0.009737187789934154
2025-05-16,AUDCAD,fx,1.6666666666666667,Bullish,-0.0061932656620310444,-0.010541966641327116,-0.0012744265080714134
2025-05-16,GOLD,cross-asset,2.0,Bullish,0.034714151827553774,0.05752577319587626,0.023105279600124984
2025-05-16,SILVER,cross-asset,2.0,Bullish,0.11546685673556656,0.12501162106046038,0.114599150887849
2025-05-19,US-DOLLAR,single,-3.0555555555555554,Very Bearish,,,
2025-05-19,EURUSD,fx,3.472222222222222,Very Bullish,0.016593964212587853,0.02187305261283723,0.049247752158817715
2025-05-19,GBPUSD,fx,1.8055555555555554,Bullish,0.013751543960774049,0.004528951603847808,0.027360856383576104
2025-05-19,USDCHF,fx,-1.5277777777777777,Bearish,-0.014971748023561382,-0.021845795793994593,-0.048814136785153006
2025-05-19,AUDUSD,fx,2.638888888888889,Bullish,0.009232151432067903,0.0026952925321810373,0.01891351828616572
2025-05-19,NZDUSD,fx,2.638888888888889,Bullish,0.01920936351064184,0.013745066954497842,0.02772624548858227
2025-05-19,EURGBP,fx,1.6666666666666665,Bullish,0.00175999809729932,0.016315658037126424,0.020299437514121443
2025-05-19,EURJPY,fx,2.7777777777777777,Bullish,0.014189670853715475,0.02454462771318311,0.04306064256040898
2025-05-19,EURCHF,fx,1.9444444444444442,Bullish,0.0007256506845660926,-0.000811021353338548,-0.0026144767311570005
2025-05-19,EURCAD,fx,2.5,Bullish,-0.0017741698735744826,0.001614622223073292,0.02314079122870827
2025-05-19,AUDJPY,fx,1.9444444444444444,Bullish,0.006951722957797779,0.005272614489529648,0.013144103869435986
2025-05-19,NZDJPY,fx,1.9444444444444444,Bullish,0.016943231441048034,0.01616302765647748,0.021775836972343532
2025-05-19,AUDCAD,fx,1.6666666666666667,Bullish,-0.008938981733385143,-0.016878574204652663,-0.005918605296763024
2025-05-19,NZDCAD,fx,1.6666666666666667,Bullish,0.0008584625057432849,-0.006371968176432152,0.002200565859792336
2025-05-19,GOLD,cross-asset,2.0,Bullish,0.02949426027516,0.049022946515918875,0.0225378623704382
2025-05-19,SILVER,cross-asset,2.0,Bullish,0.13613034875092755,0.14753895622062818,0.11606480336383873
2025-05-20,US-DOLLAR,single,-3.0555555555555554,Very Bearish,,,
2025-05-20,EURUSD,fx,3.472222222222222,Very Bullish,0.012303546577078883,0.01719659968266063,0.0464396833698244
2025-05-20,GBPUSD,fx,1.8055555555555554,Bullish,0.007594539697711955,0.0019789115239856603,0.026158970069896537
2025-05-20,USDCHF,fx,-1.5277777777777777,Bearish,-0.006931530008453035,-0.012558869701726816,-0.046045163627581265
2025-05-20,AUDUSD,fx,2.638888888888889,Bullish,0.015385334101561954,0.013251942632013458,0.024806515408692498
2025-05-20,NZDUSD,fx,2.638888888888889,Bullish,0.021320054017555545,0.01708305199189719,0.029304523970290264
2025-05-20,EURGBP,fx,1.6666666666666665,Bullish,0.004250519441970857,0.014829326209557792,0.019305431878895662
2025-05-20,EURJPY,fx,2.7777777777777777,Bullish,0.014754058132829373,0.021606566629449153,0.038360551145356636
2025-05-20,EURCHF,fx,1.9444444444444442,Bullish,0.0052768471640960435,0.0050199621094544344,-0.001519903239962872
2025-05-20,EURCAD,fx,2.5,Bullish,-0.005727099564893368,0.0010383951380172896,0.02602358367362534
2025-05-20,AUDJPY,fx,1.9444444444444444,Bullish,0.017586396405133486,0.017316996950398122,0.01677819804092695
2025-05-20,NZDJPY,fx,1.9444444444444444,Bullish,0.023516080419621277,0.020957699092300386,0.020840878027125864
2025-05-20,AUDCAD,fx,1.6666666666666667,Bullish,-0.00259623992837954,-0.0028088630259622827,0.0048567591763652995
2025-05-20,NZDCAD,fx,1.6666666666666667,Bullish,0.0031057407677002047,0.0007036443926822233,0.009038190906002663
2025-05-20,GOLD,cross-asset,2.0,Bullish,0.009952396296273758,0.024163591374184668,0.014931634272234984
2025-05-20,SILVER,cross-asset,2.0,Bullish,0.1041339296506707,0.10993593617792818,0.08848059954067455
2025-05-21,US-DOLLAR,single,-3.0555555555555554,Very Bearish,,,
2025-05-21,EURUSD,fx,3.472222222222222,Very Bullish,0.014341855433390727,0.014703934295933196,0.041798030644235595
2025-05-21,GBPUSD,fx,1.8055555555555554,Bullish,0.008823573249072014,0.0021015605204717236,0.015866036695333374
2025-05-21,USDCHF,fx,-1.5277777777777777,Bearish,-0.005834334024720111,-0.010552745533277563,-0.03986997076768184
2025-05-21,AUDUSD,fx,2.638888888888889,Bullish,0.010197419555417309,0.006995181097466219,0.023239546090471075
2025-05-21,NZDUSD,fx,2.638888888888889,Bullish,0.015022651868568548,0.008437610522592953,0.025295990029809534
2025-05-21,EURGBP,fx,1.6666666666666665,Bullish,0.004420740740740836,0.011413333333333275,0.025019259259259297
2025-05-21,EURJPY,fx,2.7777777777777777,Bullish,0.02043776776549122,0.026897946388508176,0.041330391114334786
2025-05-21,EURCHF,fx,1.9444444444444442,Bullish,0.008103189895097396,0.0038428602012416935,-0.00013915649753803994
2025-05-21,EURCAD,fx,2.222222222222222,Bullish,0.00036959389277946286,0.002784698812838826,0.02109871343091463
2025-05-21,AUDJPY,fx,1.9444444444444444,Bullish,0.016295703171494313,0.018870986939632406,0.02234437387060817
2025-05-21,NZDJPY,fx,1.9444444444444444,Bullish,0.021168550921799367,0.020887085424778462,0.025120795609138158
2025-05-21,AUDCAD,fx,1.3888888888888888,Bullish,-0.003712094024762247,-0.0045980620850529785,0.0029270590346313075
2025-05-21,NZDCAD,fx,1.3888888888888888,Bullish,0.0010209662716500478,-0.0033424491036159187,0.005068368277119317
2025-05-21,GOLD,cross-asset,2.0,Bullish,0.011978486385067155,0.016747558904531168,0.012614966019226959
2025-05-21,SILVER,cross-asset,2.0,Bullish,0.08539507578026706,0.09003774037021506,0.09456059426106744
2025-05-22,US-DOLLAR,single,-3.0555555555555554,Very Bearish,,,
2025-05-22,EURUSD,fx,3.472222222222222,Very Bullish,0.026823558621668298,0.021653927323673994,0.04234131980775713
2025-05-22,GBPUSD,fx,2.638888888888889,Bullish,0.014436370411775812,0.0022507918762810775,0.01755915781628481
2025-05-22,USDCHF,fx,-1.5277777777777777,Bearish,-0.02172941503303505,-0.012320179729680691,-0.040463335386696775
2025-05-22,AUDUSD,fx,2.638888888888889,Bullish,0.01912875241839851,0.005897771952817932,0.025135742370342662
2025-05-22,NZDUSD,fx,2.638888888888889,Bullish,0.028790884582125198,0.011241670481713317,0.02790918493650074
2025-05-22,EURJPY,fx,2.7777777777777777,Bullish,0.022998485240329547,0.0361941355402029,0.04892796886737871
2025-05-22,EURCHF,fx,1.9444444444444442,Bullish,0.004174650239239686,0.00777127198381522,0.000107042313826744
2025-05-22,EURCAD,fx,2.222222222222222,Bullish,0.008032719731688065,0.012077882178243238,0.021851557899587926
2025-05-22,GBPJPY,fx,1.9444444444444444,Bullish,0.010568756437262739,0.016707123300433002,0.023978966000900437
2025-05-22,GBPCAD,fx,1.3888888888888888,Bullish,-0.004174893610153219,-0.007096243133752678,-0.0024371479451023026
2025-05-22,AUDJPY,fx,1.9444444444444444,Bullish,0.015256588072122046,0.019601681692094308,0.031640083217753245
2025-05-22,NZDJPY,fx,1.9444444444444444,Bullish,0.024773634447597503,0.02414958376997256,0.03464069987872209
2025-05-22,AUDCAD,fx,1.3888888888888888,Bullish,0.0006081560483370829,-0.002601556428997842,0.005056704920432864
2025-05-22,NZDCAD,fx,1.3888888888888888,Bullish,0.00973036485808354,0.0025580456042004762,0.00809027820275876
2025-05-22,GOLD,cross-asset,2.0,Bullish,0.027908374333400987,0.022439000701123923,0.00947276088032023
2025-05-22,SILVER,cross-asset,2.0,Bullish,0.10023613465730219,0.08885323322838468,0.1149794139016711
2025-05-23,US-DOLLAR,single,-3.0555555555555554,Very Bearish,,,
2025-05-23,EURUSD,fx,3.472222222222222,Very Bullish,0.016735775471216296,0.01885745978924014,0.03586614901090779
2025-05-23,GBPUSD,fx,2.638888888888889,Bullish,0.0023414879158543123,-0.0013295514979613232,0.007253442061100346
2025-05-23,USDCHF,fx,-1.5277777777777777,Bearish,-0.013380779448682656,-0.010675375953593802,-0.03369567866630918
2025-05-23,AUDUSD,fx,2.638888888888889,Bullish,-0.0014169978128945049,-0.005390752549055744,0.007962911622462432
2025-05-23,NZDUSD,fx,2.8472222222222223,Bullish,0.004912691118723167,-0.0019717603809843443,0.011747013117219485
2025-05-23,EURJPY,fx,2.3611111111111107,Bullish,0.027005000926097367,0.04403901957152567,0.04941038463913072
2025-05-23,EURCHF,fx,1.9444444444444442,Bullish,0.002456949734456204,0.008411565903116758,0.0019312268655113929
2025-05-23,EURCAD,fx,2.222222222222222,Bullish,0.005503492601073745,0.01931995304712597,0.026568142603318856
2025-05-23,GBPJPY,fx,1.5277777777777777,Bullish,0.013162599561592048,0.023770411098040567,0.021485093615102757
2025-05-23,GBPCAD,fx,1.3888888888888888,Bullish,-0.008450719387672723,-0.0007535673339326143,-0.0017977963538107211
2025-05-23,AUDJPY,fx,1.5277777777777777,Bullish,0.00901670360560014,0.019936212768257633,0.02194713227742051
2025-05-23,NZDJPY,fx,1.7361111111111112,Bullish,0.015558267236119638,0.02368939785047175,0.025249917867367522
2025-05-23,AUDCAD,fx,1.3888888888888888,Bullish,-0.012667877401852046,-0.005773413152171503,-0.0027802067218224424
2025-05-23,NZDCAD,fx,1.5972222222222223,Bullish,-0.005938979420462731,-0.001935036327568751,0.0007058623081697135
2025-05-23,NZDCHF,fx,1.3194444444444444,Bullish,-0.007947181807066883,-0.012043037046093663,-0.02180380649631164
2025-05-23,GOLD,cross-asset,2.0,Bullish,0.0227076446588641,0.003317549659012986,-0.006212215968313561
2025-05-23,SILVER,cross-asset,2.0,Bullish,0.08469259723964861,0.07755272748999231,0.10315468721993204
2025-05-26,US-DOLLAR,single,-3.0555555555555554,Very Bearish,,,
2025-05-26,EURUSD,fx,3.472222222222222,Very Bullish,0.015473021061233272,0.019910202001564015,0.028608833943994938
2025-05-26,GBPUSD,fx,2.8472222222222223,Bullish,0.0008924949290061157,0.004093675087589954,0.0029725244329705802
2025-05-26,USDCHF,fx,-1.5277777777777777,Bearish,-0.008631409553068514,-0.018713578621412652,-0.02771072586740797
2025-05-26,AUDUSD,fx,2.638888888888889,Bullish,0.005876093092120449,0.00046268449544251133,0.0008019864587669456
2025-05-26,NZDUSD,fx,2.8472222222222223,Bullish,0.010086527400343437,0.001067004551441375,-0.0009169570363947166
2025-05-26,EURJPY,fx,2.3611111111111107,Bullish,0.02894824255994477,0.03460133115165531,0.051523688840224846
2025-05-26,EURCHF,fx,1.9444444444444442,Bullish,0.006519435196385759,0.0005459625533918988,-0.0002997441469603235
2025-05-26,EURCAD,fx,2.222222222222222,Bullish,0.003269332889744847,0.019238520546893456,0.024747122539203303
2025-05-26,GBPJPY,fx,1.7361111111111112,Bullish,0.014542224609203513,0.018606404569233126,0.025407579928011792
2025-05-26,GBPCHF,fx,1.3194444444444444,Bullish,-0.007916254829724134,-0.015329319795129859,-0.02515050768263094
2025-05-26,GBPCAD,fx,1.5972222222222223,Bullish,-0.010934479054779844,0.003281417830290012,-0.0008163265306123657
2025-05-26,AUDJPY,fx,1.5277777777777777,Bullish,0.01906695025966032,0.014910225542803524,0.022953757787111062
2025-05-26,NZDJPY,fx,1.7361111111111112,Bullish,0.022986492954622406,0.015550029769201057,0.021352105441343028
2025-05-26,AUDCAD,fx,1.3888888888888888,Bullish,-0.0062203159561209365,-0.0003143841999484476,-0.00306524594949642
2025-05-26,NZDCAD,fx,1.5972222222222223,Bullish,-0.002246017871017858,0.00035207847707852125,-0.0047227078477077855
2025-05-26,NZDCHF,fx,1.3194444444444444,Bullish,0.0012809304027814328,-0.01742471992355077,-0.028363458918732043
2025-05-26,GOLD,cross-asset,2.0,Bullish,0.012850855277527495,-0.005798593138032326,-0.0018042062240627432
2025-05-26,SILVER,cross-asset,2.0,Bullish,0.08435138444995371,0.07255294363630949,0.09806147137011267
2025-05-27,US-DOLLAR,single,-3.0555555555555554,Very Bearish,,,
2025-05-27,EURUSD,fx,3.472222222222222,Very Bullish,0.013392778317294907,0.029204555486889827,0.035031341043524344
2025-05-27,GBPUSD,fx,2.8472222222222223,Bullish,-0.006110432174202818,0.011761656112283969,0.005851201718327648
2025-05-27,USDCHF,fx,-1.5277777777777777,Bearish,-0.013621736710943466,-0.027255570879001323,-0.03769567636882731
2025-05-27,AUDUSD,fx,2.638888888888889,Bullish,0.0050149049807477475,0.010961371258228825,0.013631846975530992
2025-05-27,NZDUSD,fx,2.8472222222222223,Bullish,0.010829899941141807,0.014933153956108614,0.008307407718826099
2025-05-27,EURJPY,fx,2.3611111111111107,Bullish,0.02017488572460091,0.03569308717973829,0.05130307610405027
2025-05-27,EURCHF,fx,1.9444444444444442,Bullish,-0.00019220296633237766,0.0012920310514570321,-0.004100329948425463
2025-05-27,EURCAD,fx,2.222222222222222,Bullish,0.0034718004130356306,0.02280646790662577,0.023701591401699362
2025-05-27,GBPJPY,fx,1.7361111111111112,Bullish,0.0007492827926691703,0.017916070063073164,0.021806182096246962
2025-05-27,GBPCHF,fx,1.3194444444444444,Bullish,-0.0193809557927922,-0.016049294260944258,-0.032053808124955174
2025-05-27,GBPCAD,fx,1.5972222222222223,Bullish,-0.015352100587907036,0.005439213835128465,-0.004838432819808558
2025-05-27,AUDJPY,fx,1.5277777777777777,Bullish,0.011188209348609535,0.016943682426980855,0.029358291646495616
2025-05-27,NZDJPY,fx,1.7361111111111112,Bullish,0.01687350696265222,0.02066072364971161,0.023946862436637018
2025-05-27,AUDCAD,fx,1.3888888888888888,Bullish,-0.004721488393007678,0.004699005114945809,0.002518127142937532
2025-05-27,NZDCAD,fx,1.5972222222222223,Bullish,0.0009256665408083897,0.008623314617005384,-0.002667381216277187
2025-05-27,NZDCHF,fx,1.3194444444444444,Bullish,-0.003072853072853099,-0.012555962555962585,-0.029283679283679365
2025-05-27,GOLD,cross-asset,2.0,Bullish,0.026634874081973958,0.009571103085536992,0.000278740577356551
2025-05-27,SILVER,cross-asset,2.0,Bullish,0.11633782483156896,0.09044153031761315,0.10475818094321476
2025-05-28,US-DOLLAR,single,-3.0555555555555554,Very Bearish,,,
2025-05-28,EURUSD,fx,3.472222222222222,Very Bullish,0.01643076050948622,0.036262821307729176,0.03783946571241281
2025-05-28,GBPUSD,fx,2.8472222222222223,Bullish,-0.0033425687269270643,0.019431466199202108,0.009017507632198551
2025-05-28,USDJPY,fx,-1.5277777777777777,Bearish,0.0020305129462467875,-0.0030664889392295613,0.01029069486363099
2025-05-28,USDCHF,fx,-1.5277777777777777,Bearish,-0.010527589545014537,-0.03291384317521784,-0.040150048402710525
2025-05-28,AUDUSD,fx,2.638888888888889,Bullish,0.01277880679253518,0.018662349992995875,0.017090292153719266
2025-05-28,NZDUSD,fx,2.8472222222222223,Bullish,0.00992289641300692,0.014465303385853279,0.004994971505196011
2025-05-28,EURJPY,fx,1.9444444444444442,Bullish,0.018519877675840846,0.033070336391437305,0.0485015290519879
2025-05-28,EURCHF,fx,1.9444444444444442,Bullish,0.005913609873157366,0.0020997600274252903,-0.0037709976002743284
2025-05-28,EURCAD,fx,2.222222222222222,Bullish,0.006063167060420538,0.021499593441279385,0.026525555576897286
2025-05-28,GBPJPY,fx,1.3194444444444444,Bullish,-0.0013899075275546346,0.016289100765731312,0.01924329536304281
2025-05-28,GBPCHF,fx,1.3194444444444444,Bullish,-0.013718936984529084,-0.013961511508813418,-0.031328050599248924
2025-05-28,GBPCAD,fx,1.5972222222222223,Bullish,-0.01357344587266307,0.00509541144507808,-0.002002727575357355
2025-05-28,NZDJPY,fx,1.3194444444444444,Bullish,0.01200815211097983,0.011672340721183838,0.015458903633710719
2025-05-28,AUDCAD,fx,1.3888888888888888,Bullish,0.002418610929871612,0.004263504848471378,0.005815915584853837
2025-05-28,NZDCAD,fx,1.5972222222222223,Bullish,-0.00035145125128765997,0.0002666181906318954,-0.005986790280555154
2025-05-28,NZDCHF,fx,1.3194444444444444,Bullish,-0.0009330818069330782,-0.019026755106594462,-0.03549767743767618
2025-05-28,GOLD,cross-asset,2.0,Bullish,0.024481244526612933,0.011895494794200712,0.007574559696409633
2025-05-28,SILVER,cross-asset,2.0,Bullish,0.11451632479669849,0.11172472387425647,0.10398713436096618
2025-05-29,US-DOLLAR,single,-3.0555555555555554,Very Bearish,,,
2025-05-29,EURUSD,fx,3.472222222222222,Very Bullish,0.010998680158381013,0.03077870655521342,0.029423669159700738
2025-05-29,GBPUSD,fx,2.8472222222222223,Bullish,-0.002744033581037808,0.017228081104733173,0.006585680594491272
2025-05-29,USDJPY,fx,-1.5277777777777777,Bearish,0.008184838626889235,0.0031698908919393087,0.014295722381371778
2025-05-29,USDCHF,fx,-1.5277777777777777,Bearish,-0.007639809734674818,-0.028527633483777515,-0.030899867398206826
2025-05-29,AUDUSD,fx,2.638888888888889,Bullish,0.006025593241396399,0.01425642937010796,0.02292210212448742
2025-05-29,NZDUSD,fx,2.8472222222222223,Bullish,0.004175820490029958,0.01517717888946657,0.011638632209160171
2025-05-29,EURJPY,fx,1.9444444444444442,Bullish,0.019434952404198125,0.034085916524286164,0.04402001464486216
2025-05-29,EURCHF,fx,1.9444444444444442,Bullish,0.0034991225441938223,0.0002996190557718048,-0.0024718572101185554
2025-05-29,EURCAD,fx,2.222222222222222,Bullish,0.003008400576185233,0.02107792522339924,0.018018534806939712
2025-05-29,GBPJPY,fx,1.3194444444444444,Bullish,0.006186807648395964,0.02037583699330403,0.020787262273330498
2025-05-29,GBPCHF,fx,1.3194444444444444,Bullish,-0.010079336458708954,-0.013775694194013699,-0.024909844933285297
2025-05-29,GBPCAD,fx,1.5972222222222223,Bullish,-0.009352471609527568,0.0070962751270453595,-0.0044801615866433275
2025-05-29,NZDJPY,fx,1.3194444444444444,Bullish,0.01270402643182078,0.017625091615575128,0.026245680980024888
2025-05-29,AUDCAD,fx,1.3888888888888888,Bullish,-0.001743277136076804,0.004779953437630047,0.011370665706927019
2025-05-29,NZDCAD,fx,1.5972222222222223,Bullish,-0.003705728692059984,0.0064151631128122055,0.00048599720551623093
2025-05-29,NZDCHF,fx,1.3194444444444444,Bullish,-0.00320434321169083,-0.014531798514164418,-0.019226059270144424
2025-05-29,GOLD,cross-asset,2.0,Bullish,0.015996696367209795,-0.012840762488093627,0.0018959717382653896
2025-05-29,SILVER,cross-asset,2.0,Bullish,0.09262317230612194,0.07986309184255558,0.10979673942414503
2025-05-30,US-DOLLAR,single,-3.333333333333333,Very Bearish,,,
2025-05-30,EURUSD,fx,3.6111111111111107,Very Bullish,0.015503670994297503,0.03882528182483225,0.030187648183893412
2025-05-30,GBPUSD,fx,2.9861111111111107,Bullish,-0.00011153079737080684,0.020432442078339275,0.002966719210064639
2025-05-30,USDCHF,fx,-1.6666666666666665,Bearish,-0.0052310799138696185,-0.03543752509093567,-0.031581124317222375
2025-05-30,USDCAD,fx,-1.3888888888888888,Bearish,-0.0006260327720876147,-0.009878214787476303,-0.0036397254191142814
2025-05-30,AUDUSD,fx,2.7777777777777777,Bullish,0.002909011713827958,0.023256537498249852,0.02247872687957919
2025-05-30,NZDUSD,fx,2.9861111111111107,Bullish,0.0001341561577676842,0.02190099275556756,0.006841964046149895
2025-05-30,EURJPY,fx,3.194444444444444,Very Bullish,0.030792695999461106,0.03968074093584817,0.05540480113688573
2025-05-30,EURCHF,fx,1.9444444444444442,Bullish,0.009543519521322708,0.0022196725178806886,-0.0026485947435580526
2025-05-30,EURCAD,fx,2.222222222222222,Bullish,0.014988317457057088,0.029084396744293528,0.026465453051582877
2025-05-30,GBPJPY,fx,2.5694444444444446,Bullish,0.013726977639475946,0.020203427615995473,0.026163825801557516
2025-05-30,GBPCHF,fx,1.3194444444444444,Bullish,-0.006324589896942734,-0.015408836329747433,-0.029523800906614994
2025-05-30,GBPCAD,fx,1.5972222222222223,Bullish,-0.0006227358138074512,0.011301301247096163,-0.0008989056094959036
2025-05-30,AUDJPY,fx,2.361111111111111,Bullish,0.01690207817751488,0.023753687873515394,0.046048436773907575
2025-05-30,NZDJPY,fx,2.5694444444444446,Bullish,0.01371746908616256,0.022633241261960535,0.030593335897346252
2025-05-30,AUDCAD,fx,1.3888888888888888,Bullish,0.00224073151962334,0.013104884342039824,0.018446426146394357
2025-05-30,NZDCAD,fx,1.5972222222222223,Bullish,-0.00020749673497788557,0.011705256990809154,0.003405387591695286
2025-05-30,NZDCHF,fx,1.3194444444444444,Bullish,-0.006021759986935882,-0.013839841597093283,-0.025393455673722642
2025-05-30,NIKKEI,cross-asset,-3.333333333333333,Bearish,0.01967395921835169,0.0680756159728122,0.0475520390824129
2025-05-30,GOLD,cross-asset,4.0,Bullish,0.024301247901919343,0.0043177892918826455,0.02030577245858578
2025-05-30,SILVER,cross-asset,4.0,Bullish,0.09109938114306515,0.09507341342070141,0.16260162601626016
2025-06-02,US-DOLLAR,single,-2.7777777777777772,Bearish,,,
2025-06-02,EURUSD,fx,3.333333333333333,Very Bullish,0.011846890956144662,0.03213960970833041,0.01975939008183536
2025-06-02,GBPUSD,fx,2.708333333333333,Bullish,-0.0016024102613332314,0.014724451894462476,-0.008595417254340099
2025-06-02,USDCHF,fx,-1.3888888888888886,Bearish,-0.006267290131466208,-0.033013440399539795,-0.02380835801894876
2025-06-02,AUDUSD,fx,2.083333333333333,Bullish,-0.005605174006775404,0.013396981829381094,0.007607021866338215
2025-06-02,NZDUSD,fx,2.708333333333333,Bullish,-0.01002784591924688,0.010674269044619766,-0.010541669429158573
2025-06-02,EURJPY,fx,3.194444444444444,Very Bullish,0.03619574009166904,0.03715164587367337,0.05551606657025898
2025-06-02,EURCHF,fx,1.9444444444444442,Bullish,0.005875428082191769,-0.0016588184931507488,-0.004473458904109551
2025-06-02,EURCAD,fx,2.222222222222222,Bullish,0.013288358658156252,0.02696567599104749,0.0191418678943307
2025-06-02,GBPJPY,fx,2.5694444444444446,Bullish,0.02255164310743729,0.019922257131174348,0.026288683805984592
2025-06-02,GBPCHF,fx,1.3194444444444444,Bullish,-0.007583426732709175,-0.018140569073357704,-0.032240861925593944
2025-06-02,GBPCAD,fx,1.5972222222222223,Bullish,-0.00022080523900824822,0.009720816009995525,-0.009209194114732644
2025-06-02,AUDJPY,fx,1.9444444444444442,Bullish,0.01827385963776096,0.018457353798329024,0.04309954018522122
2025-06-02,NZDJPY,fx,2.5694444444444446,Bullish,0.013828044203260559,0.015431632522630467,0.024425671357356293
2025-06-02,NZDCAD,fx,1.5972222222222223,Bullish,-0.008547215203646097,0.005512772465152249,-0.011085991996808375
2025-06-02,NZDCHF,fx,1.3194444444444444,Bullish,-0.016232778037051365,-0.02361869204390965,-0.03412941582290041
2025-06-02,NIKKEI,cross-asset,-3.333333333333333,Bearish,0.023084661407317242,0.047228252236988455,0.045481018690104236
2025-06-02,GOLD,cross-asset,4.0,Bullish,-0.003714218121599222,-0.012662644901821563,-0.011337828246983594
2025-06-02,SILVER,cross-asset,4.0,Bullish,0.038403961308153045,0.03696453247351461,0.09632657761400298
2025-06-03,US-DOLLAR,single,-2.7777777777777772,Bearish,,,
2025-06-03,EURUSD,fx,3.333333333333333,Very Bullish,0.02083406620466466,0.037464382453301415,0.020315193302142154
2025-06-03,GBPUSD,fx,2.708333333333333,Bullish,0.007348098596239305,0.008717079704300135,-0.009627267143713425
2025-06-03,USDCHF,fx,-1.8055555555555554,Bearish,-0.02238443413413649,-0.03859887774188053,-0.026623266208370744
2025-06-03,USDCAD,fx,-1.3888888888888886,Bearish,0.0003572079460543165,-0.009746673956624874,0.0003134681975578424
2025-06-03,AUDUSD,fx,2.083333333333333,Bullish,0.003993128105121535,0.018789370231075297,0.00811007413598297
2025-06-03,NZDUSD,fx,2.708333333333333,Bullish,0.0017684646056825848,0.015682610654165208,-0.008275079664325391
2025-06-03,EURJPY,fx,3.194444444444444,Very Bullish,0.027924117783671987,0.035392551123931915,0.055340968818373915
2025-06-03,EURCHF,fx,1.5277777777777777,Bullish,-0.0017622745089661551,-0.002371060248427259,-0.007903534161424308
2025-06-03,EURCAD,fx,1.9444444444444442,Bullish,0.021349164625780626,0.02732436625677992,0.02002846555283444
2025-06-03,GBPJPY,fx,2.5694444444444446,Bullish,0.014055688080941042,0.006493172657727975,0.02400880151353113
2025-06-03,GBPCAD,fx,1.3194444444444444,Bullish,0.0077355874784896805,-0.0012946589922158136,-0.010022818364737729
2025-06-03,AUDJPY,fx,1.9444444444444442,Bullish,0.011274393786173897,0.01643823826839097,0.04184865632463364
2025-06-03,NZDJPY,fx,2.5694444444444446,Bullish,0.008743346823289366,0.01360205016408278,0.024641395224787477
2025-06-03,CHFJPY,fx,1.6666666666666665,Bullish,0.02996209648791326,0.037794725571701715,0.06144720418656324
2025-06-03,NZDCAD,fx,1.3194444444444444,Bullish,0.0021161961981439603,0.0057040000972963245,-0.008063437237755933
2025-06-03,NIKKEI,cross-asset,-3.333333333333333,Bearish,0.02818581958954236,0.05321631224478973,0.049795831786604516
2025-06-03,GOLD,cross-asset,4.0,Bullish,-0.009092535711090588,0.0010825157307725597,-0.008543822503205845
2025-06-03,SILVER,cross-asset,4.0,Bullish,0.04084176352937763,0.059248094147656305,0.09252442099771008
2025-06-04,US-DOLLAR,single,-2.2222222222222223,Bearish,,,
2025-06-04,EURUSD,fx,1.8055555555555556,Bullish,0.02149397590361435,0.030002190580503685,0.019329682365826883
2025-06-04,GBPUSD,fx,2.4305555555555554,Bullish,0.007991440377804082,0.007460153482880871,-0.009946871310507643
2025-06-04,USDCHF,fx,-1.5277777777777777,Bearish,-0.01635554033224862,-0.028197098328970216,-0.021407775303990406
2025-06-04,AUDUSD,fx,1.8055555555555554,Bullish,0.003266463283103871,0.012341684385689167,0.0055930479800312405
2025-06-04,NZDUSD,fx,2.4305555555555554,Bullish,0.0017261697289581157,0.0062075719099072835,-0.013178641969161187
2025-06-04,EURJPY,fx,1.9444444444444444,Bullish,0.03894174697685826,0.04565711128844163,0.05606776747897624
2025-06-04,GBPJPY,fx,2.5694444444444446,Bullish,0.02546285525206926,0.022877793805158753,0.02525088021342259
2025-06-04,GBPCAD,fx,1.3194444444444444,Bullish,0.011357934097003808,0.00046942530472193766,-0.009620520900217477
2025-06-04,AUDJPY,fx,1.9444444444444442,Bullish,0.020456630863064706,0.027775678739137444,0.04121552329033307
2025-06-04,NZDJPY,fx,2.5694444444444446,Bullish,0.018867924528301883,0.022159923690761474,0.021787683502780153
2025-06-04,CHFJPY,fx,1.6666666666666665,Bullish,0.03467044437816891,0.04487370666911383,0.0586443827571177
2025-06-04,NZDCAD,fx,1.3194444444444444,Bullish,0.0051220429911760235,-0.0003034385658279293,-0.012950757989537376
2025-06-04,DAX,cross-asset,3.333333333333333,Bullish,-0.03140268918512179,-0.013182037463870033,-0.008254751017412576
2025-06-04,NIKKEI,cross-asset,-3.333333333333333,Bearish,0.038791495710555735,0.06833804017690626,0.053764586774657674
2025-06-04,GOLD,cross-asset,2.0,Bullish,-0.011993714048508464,-0.013840953566980896,-0.007593548004506956
2025-06-04,SILVER,cross-asset,2.0,Bullish,0.051143776637383676,0.06781479226464882,0.09898234321997057
2025-06-05,US-DOLLAR,single,-2.638888888888889,Bearish,,,
2025-06-05,EURUSD,fx,2.013888888888889,Bullish,0.022380299044839402,0.028244094694619637,0.013213202716047201
2025-06-05,GBPUSD,fx,2.8472222222222223,Bullish,0.011646506416635338,0.005181958234743433,-0.01132954453314472
2025-06-05,USDCHF,fx,-1.7361111111111112,Bearish,-0.024056661375015165,-0.03171327390401746,-0.018329466357308588
2025-06-05,USDCAD,fx,-1.3194444444444444,Bearish,-0.002472115560431587,-0.005858475041141009,0.005675626257085398
2025-06-05,NZDUSD,fx,2.638888888888889,Bullish,0.0031824435199152568,0.003596824186570702,-0.017138784372876303
2025-06-05,EURJPY,fx,1.9444444444444444,Bullish,0.028547244837686447,0.03503857653499298,0.04861191457748504
2025-06-05,GBPJPY,fx,2.7777777777777777,Bullish,0.017839531538935693,0.01251797822066969,0.023048078898705526
2025-06-05,GBPAUD,fx,1.6666666666666665,Bullish,0.005328077192376934,-0.00285347068358599,-0.00868030577695933
2025-06-05,GBPCAD,fx,1.5277777777777777,Bullish,0.00915922715314621,-0.0002533747358433036,-0.005709017984215192
2025-06-05,NZDJPY,fx,2.5694444444444446,Bullish,0.00928814029250713,0.00944987407869502,0.017143781335921204
2025-06-05,CHFJPY,fx,1.6666666666666665,Bullish,0.030930663191824914,0.0380918089751503,0.055031662208810506
2025-06-05,AUDNZD,fx,-1.4583333333333335,Bearish,0.0021994339009789865,0.0016611758155073986,0.014811377662289349
2025-06-05,NZDCAD,fx,1.3194444444444444,Bullish,0.0006789442417041158,-0.003079497096301065,-0.011505680096022153
2025-06-05,DAX,cross-asset,3.333333333333333,Bullish,-0.020462754649218762,-0.0191665462651448,-0.007100249747156839
2025-06-05,NIKKEI,cross-asset,-3.333333333333333,Bearish,0.06369001522151296,0.06059230378935565,0.06964509840574684
2025-06-05,GOLD,cross-asset,2.0,Bullish,-0.007409174968680987,-0.004641174014197946,-0.004325001491379821
2025-06-05,SILVER,cross-asset,2.0,Bullish,0.02808878412885485,0.036198333193029786,0.0699834441731908
2025-06-06,US-DOLLAR,single,-2.638888888888889,Bearish,,,
2025-06-06,EURUSD,fx,1.7361111111111112,Bullish,0.028209314164340915,0.0274983762529184,0.020257341969912357
2025-06-06,GBPUSD,fx,2.8472222222222223,Bullish,0.014189379039055927,0.005442096390174678,-0.008651158663728786
2025-06-06,USDCAD,fx,-1.3194444444444444,Bearish,-0.0009275828068510128,-0.0007595953693898538,0.002154621480480623
2025-06-06,NZDUSD,fx,2.638888888888889,Bullish,0.006434236121502401,-0.0036743312218396884,-0.009443530018122148
2025-06-06,EURJPY,fx,1.6666666666666665,Bullish,0.02699197634111461,0.03593678035536807,0.04834799893341102
2025-06-06,EURCHF,fx,1.6666666666666665,Bullish,-0.0008123476848090894,-0.0018277822908204788,-0.005098550600709628
2025-06-06,GBPJPY,fx,2.7777777777777777,Bullish,0.012957573901056785,0.013748915096747805,0.018706284780721782
2025-06-06,GBPCHF,fx,2.7777777777777777,Bullish,-0.014690649685200396,-0.022806085225583916,-0.033488556425245175
2025-06-06,GBPAUD,fx,1.6666666666666665,Bullish,0.0080645936463688,0.006762147354255621,-0.010674292305474231
2025-06-06,GBPCAD,fx,1.5277777777777777,Bullish,0.012726948611433642,0.005018393573863245,-0.006741609451217823
2025-06-06,NZDJPY,fx,2.5694444444444446,Bullish,0.005228863325557054,0.005412735442499761,0.017766643299585105
2025-06-06,AUDNZD,fx,-1.4583333333333335,Bearish,-0.000593334260418299,0.003569276410327671,0.01171835164325774
2025-06-06,NZDCAD,fx,1.3194444444444444,Bullish,0.005547732349227896,-0.0048193648635525,-0.007368651063416554
2025-06-06,NZDCHF,fx,2.5694444444444446,Bullish,-0.02205658963401047,-0.03210256617989582,-0.034006440767221036
2025-06-06,DAX,cross-asset,3.333333333333333,Bullish,-0.012590830912547202,-0.012911773661298587,-0.01032365841816374
2025-06-06,NIKKEI,cross-asset,-3.333333333333333,Bearish,0.06750888274772993,0.03550467166732463,0.0449006448216871
2025-06-06,GOLD,cross-asset,2.0,Bullish,-0.011219400263275392,0.007258191128340696,0.01169341690518455
2025-06-06,SILVER,cross-asset,2.0,Bullish,-0.0007778858174746217,0.021308515071537748,0.061397416307820585
2025-06-09,US-DOLLAR,single,-2.0833333333333335,Bearish,,,
2025-06-09,EURUSD,fx,1.4583333333333335,Bullish,0.03212077692348103,0.026656391754382947,0.023451319684046457
2025-06-09,GBPUSD,fx,2.5694444444444446,Bullish,0.013424702042504233,0.0028281963048839565,-0.00397276661103807
2025-06-09,NZDUSD,fx,2.361111111111111,Bullish,0.008356361590521777,-0.007843396819618542,-0.012724835768537224
2025-06-09,EURJPY,fx,1.6666666666666665,Bullish,0.02846703386595406,0.04103421739894464,0.043560984772742506
2025-06-09,EURCHF,fx,1.6666666666666665,Bullish,-0.003337705407509217,-0.005438433731085435,-0.005939622721989335
2025-06-09,GBPJPY,fx,2.7777777777777777,Bullish,0.009513304839376735,0.016703177739990194,0.014589109997906302
2025-06-09,GBPCHF,fx,2.7777777777777777,Bullish,-0.02192221613022116,-0.028582471215294336,-0.0329956766765237
2025-06-09,GBPAUD,fx,1.6666666666666665,Bullish,0.0034397987116390194,0.00063022885485986,-0.005580652455246526
2025-06-09,GBPCAD,fx,1.5277777777777777,Bullish,0.006542992961162453,-0.0001077923057851704,-0.005432732211574809
2025-06-09,NZDJPY,fx,2.5694444444444446,Bullish,0.004752089774418877,0.006183442116111326,0.006275048665979721
2025-06-09,AUDNZD,fx,-1.4583333333333335,Bearish,0.0017826801481855004,0.010621802549604098,0.014818528731790126
2025-06-09,NZDCAD,fx,1.3194444444444444,Bullish,0.0013409521968661409,-0.010788020827041334,-0.013941070587240367
2025-06-09,NZDCHF,fx,2.5694444444444446,Bullish,-0.026458971465419978,-0.03875141060777043,-0.04125020151539571
2025-06-09,DAX,cross-asset,3.333333333333333,Bullish,-0.007305410064310736,0.004263906384671445,-0.003327421600477276
2025-06-09,NIKKEI,cross-asset,-3.333333333333333,Bearish,0.05264810550554744,0.04511199497592622,0.04178877956876703
2025-06-09,GOLD,cross-asset,2.0,Bullish,-0.006757102174481777,-0.007190134089535283,0.021657610084832246
2025-06-09,SILVER,cross-asset,2.0,Bullish,-0.01766130568481783,-0.00043540969330824186,0.05937899692491899
2025-06-10,US-DOLLAR,single,-2.0833333333333335,Bearish,,,
2025-06-10,EURUSD,fx,1.4583333333333335,Bullish,0.03372124587350367,0.02599802103309079,0.029159114193396007
2025-06-10,GBPUSD,fx,2.5694444444444446,Bullish,0.0184245047395295,0.006759110346923114,0.0024531420228415257
2025-06-10,NZDUSD,fx,2.361111111111111,Bullish,0.00781779415896744,-0.009007817794158934,-0.00841280597656302
2025-06-10,EURJPY,fx,1.6666666666666665,Bullish,0.023263265441838765,0.03638814830936288,0.04153895448307554
2025-06-10,EURCHF,fx,1.6666666666666665,Bullish,-0.0067610732538331275,-0.009880749574105674,-0.009018313458262428
2025-06-10,GBPJPY,fx,2.7777777777777777,Bullish,0.008010885801395418,0.016599824026518828,0.0142159972171636
2025-06-10,GBPCHF,fx,2.7777777777777777,Bullish,-0.021448518151517937,-0.028745158093865464,-0.03498783893342938
2025-06-10,GBPAUD,fx,1.6666666666666665,Bullish,0.00876709680537413,0.0044898748248030085,-0.0026533275337102813
2025-06-10,GBPCAD,fx,1.5277777777777777,Bullish,0.016459477482068552,0.007698438084498438,-0.002320374295891159
2025-06-10,NZDJPY,fx,2.5694444444444446,Bullish,-0.0026137375305316235,0.0009016823795282569,0.0036295569201267863
2025-06-10,AUDNZD,fx,-1.4583333333333335,Bearish,0.00155002784481173,0.010386114720623674,0.013161314275106806
2025-06-10,NZDCAD,fx,1.3194444444444444,Bullish,0.005914082531082165,-0.008018479996129924,-0.012928740747907619
2025-06-10,NZDCHF,fx,2.5694444444444446,Bullish,-0.03282280109342339,-0.04427962694967036,-0.04536501045184116
2025-06-10,DAX,cross-asset,3.333333333333333,Bullish,-0.012486199354234007,0.026076450369753257,0.0020831163420476084
2025-06-10,NIKKEI,cross-asset,-3.333333333333333,Bearish,0.030800500312695434,0.03971232020012505,0.03215551386283089
2025-06-10,GOLD,cross-asset,2.0,Bullish,0.004930170960751212,-0.002663737057548743,0.032259812183963454
2025-06-10,SILVER,cross-asset,2.0,Bullish,-0.014177021183425342,-0.004242158848322131,0.07501778969839634
2025-06-11,US-DOLLAR,single,-2.0833333333333335,Bearish,,,
2025-06-11,EURUSD,fx,1.4583333333333335,Bullish,0.027067970294012644,0.018588007905344872,0.024429953247024683
2025-06-11,GBPUSD,fx,2.013888888888889,Bullish,0.006980867252714962,0.002629829356578295,0.0030139617345055214
2025-06-11,NZDUSD,fx,2.361111111111111,Bullish,0.010121289551842771,0.0008959830095074395,0.0028372795301068177
2025-06-11,EURJPY,fx,1.6666666666666665,Bullish,0.020474176876648986,0.030599828930090167,0.03828592769284511
2025-06-11,EURCHF,fx,1.6666666666666665,Bullish,-0.008176093950752361,-0.01015109846353146,-0.01065015874364228
2025-06-11,GBPJPY,fx,2.2222222222222223,Bullish,0.0002656816010382368,0.014127108209050387,0.015859147877357316
2025-06-11,GBPCHF,fx,2.2222222222222223,Bullish,-0.028012465997730107,-0.025805696168327064,-0.0315973410675362
2025-06-11,NZDJPY,fx,2.5694444444444446,Bullish,0.0038703157121036114,0.013092462646285385,0.01608994751530335
2025-06-11,AUDNZD,fx,-1.4583333333333335,Bearish,0.002756789871349863,0.012846455158074477,0.013245586351569694
2025-06-11,NZDCAD,fx,1.3194444444444444,Bullish,0.004043273959130067,-0.0001699874937772794,-0.0024769606236113573
2025-06-11,NZDCHF,fx,2.5694444444444446,Bullish,-0.02419567110085241,-0.02703031039300241,-0.03184919718965762
2025-06-11,DAX,cross-asset,3.333333333333333,Bullish,-0.001128152220866152,0.02598105207533874,0.008731646557038841
2025-06-11,NIKKEI,cross-asset,-3.333333333333333,Bearish,0.03499400698316735,0.03504612017301589,0.08671634790765537
2025-06-11,GOLD,cross-asset,2.0,Bullish,0.0006289458152746175,-0.009231493791023171,0.009920055323385357
2025-06-11,SILVER,cross-asset,2.0,Bullish,0.008444407649639718,0.020062367193752095,0.08331263625576057
2025-06-12,US-DOLLAR,single,-2.5,Bearish,,,
2025-06-12,EURUSD,fx,1.6666666666666665,Bullish,0.015112393025846327,0.009352412369709517,0.01442154077323643
2025-06-12,GBPUSD,fx,2.2222222222222223,Bullish,0.0030783472434465775,-0.008970553661690417,-0.007537909956506494
2025-06-12,NZDUSD,fx,2.5694444444444446,Bullish,-0.000857025133910172,-0.010465595385249271,-0.0068067573135557335
2025-06-12,EURJPY,fx,1.6666666666666665,Bullish,0.025346551340159174,0.03708385248319157,0.039262777105641744
2025-06-12,EURCHF,fx,1.6666666666666665,Bullish,-0.0040506976793766025,-0.008538444318896499,-0.0048181982923111155
2025-06-12,GBPJPY,fx,2.2222222222222223,Bullish,0.013269962561394788,0.01841713059466432,0.01692163500688859
2025-06-12,GBPCHF,fx,2.2222222222222223,Bullish,-0.016036572092010704,-0.027120673390900296,-0.0259052318409404
2025-06-12,NZDJPY,fx,2.5694444444444446,Bullish,0.00962853170636424,0.016028403019544335,0.017797846793744743
2025-06-12,AUDNZD,fx,-1.4583333333333335,Bearish,0.005027787587591259,0.0168677162134534,0.015510864110332534
2025-06-12,NZDCAD,fx,1.3194444444444444,Bullish,-0.0016242818007708992,-0.003515236733011684,-0.004303134621445381
2025-06-12,NZDCHF,fx,2.5694444444444446,Bullish,-0.019901104938648384,-0.028447591722117083,-0.02578190179679707
2025-06-12,DAX,cross-asset,3.333333333333333,Bullish,0.007747694639774316,0.02115036422586214,0.0016421744073433775
2025-06-12,NIKKEI,cross-asset,-3.333333333333333,Bearish,0.04968456323132897,0.032826365801942314,0.0906258998455538
2025-06-12,GOLD,cross-asset,2.0,Bullish,-0.01793507467534383,-0.009200805513396637,-0.005657491451754759
2025-06-12,SILVER,cross-asset,2.0,Bullish,0.013400104559337267,0.05450843353603152,0.07426464518614306
2025-06-13,US-DOLLAR,single,-1.3888888888888888,Bearish,,,
2025-06-13,NZDUSD,fx,2.013888888888889,Bullish,0.00680091122233506,-0.007366268145462929,0.00039907547514927977
2025-06-13,EURJPY,fx,1.6666666666666665,Bullish,0.02181623623334783,0.03554080700235662,0.042069446448324
2025-06-13,EURCHF,fx,1.6666666666666665,Bullish,-0.0005244343600830925,-0.004409529721514538,-0.001969304535822003
2025-06-13,GBPJPY,fx,1.8055555555555556,Bullish,0.008214371569886136,0.014162885975725237,0.014771547380965755
2025-06-13,GBPCHF,fx,1.8055555555555556,Bullish,-0.015351276541501147,-0.025121098444841006,-0.02879957752121487
2025-06-13,NZDJPY,fx,2.5694444444444446,Bullish,0.009543175358735612,0.01854333710747058,0.02509416087067029
2025-06-13,AUDNZD,fx,-1.4583333333333335,Bearish,0.0026940656237226523,0.017678644420497047,0.013423878711307458
2025-06-13,NZDCAD,fx,1.3194444444444444,Bullish,0.006684541080544948,0.0014568871585802778,0.00901066343458079
2025-06-13,NZDCHF,fx,2.5694444444444446,Bullish,-0.0139676279681209,-0.022245501602169093,-0.01922602908553117
2025-06-13,DAX,cross-asset,3.333333333333333,Bullish,0.014686350960655625,0.03442900885280764,0.00788339746245148
2025-06-13,NIKKEI,cross-asset,-3.333333333333333,Bearish,0.04609387346573257,0.040193857662118804,0.08971184744244853
2025-06-13,GOLD,cross-asset,2.0,Bullish,-0.02827773976093073,-0.026466520099587942,-0.02839130498085407
2025-06-13,SILVER,cross-asset,2.0,Bullish,0.017020573411550943,0.04883086837974071,0.05070368228262967
2025-06-16,US-DOLLAR,single,-1.3888888888888888,Bearish,,,
2025-06-16,NZDUSD,fx,2.013888888888889,Bullish,-0.010893605783514282,-0.018865744561449738,-0.014953949757369633
2025-06-16,EURJPY,fx,1.6666666666666665,Bullish,0.021940312783968796,0.03231264048974136,0.02863001578267732
2025-06-16,EURCHF,fx,1.6666666666666665,Bullish,-0.006775010104018153,-0.01205037118972152,-0.010252919529471827
2025-06-16,GBPJPY,fx,1.8055555555555556,Bullish,0.010709613710748744,0.013860398352836922,0.009024783797128233
2025-06-16,GBPCHF,fx,1.8055555555555556,Bullish,-0.017371772228713223,-0.029870753290039742,-0.02896503002472639
2025-06-16,NZDJPY,fx,2.5694444444444446,Bullish,-0.0015976628474916321,0.00837631807184902,0.011183639932441647
2025-06-16,AUDNZD,fx,-1.4583333333333335,Bearish,0.005853930496190207,0.017887009849470337,0.01450473889611592
2025-06-16,NZDCAD,fx,1.3194444444444444,Bullish,-0.0024822651886642344,-0.007580643198714987,-0.002470097222053158
2025-06-16,NZDCHF,fx,2.5694444444444446,Bullish,-0.029606465499736,-0.03417536449660885,-0.02698696340819562
2025-06-16,DAX,cross-asset,3.333333333333333,Bullish,0.016943692003781097,0.01958465275393273,0.007397233561820871
2025-06-16,NIKKEI,cross-asset,-3.333333333333333,Bearish,0.01969728384822722,0.026124818577648812,0.057899647522289044
2025-06-16,GOLD,cross-asset,2.0,Bullish,-0.014469120922620649,-0.017869275716809296,-0.0207849601493586
2025-06-16,SILVER,cross-asset,2.0,Bullish,0.012643583174944295,0.03823375478610602,0.05079470016252108
2025-06-17,US-DOLLAR,single,-1.3888888888888888,Bearish,,,
2025-06-17,USDCHF,fx,1.388888888888889,Bullish,-0.024406397174254302,-0.01888736263736257,-0.01211734693877553
2025-06-17,NZDUSD,fx,2.013888888888889,Bullish,-0.002495466569066296,-0.010880234241128606,-0.009532682293832861
2025-06-17,EURJPY,fx,1.6666666666666665,Bullish,0.03051260211854756,0.03194616058254063,0.027705466716251292
2025-06-17,EURCHF,fx,2.5,Bullish,-0.003908878280093564,-0.005446797603409048,-0.006568197109993235
2025-06-17,GBPJPY,fx,1.8055555555555556,Bullish,0.021041133544274615,0.016943676634239235,0.01555392591756899
2025-06-17,GBPCHF,fx,2.6388888888888893,Bullish,-0.01292331859861895,-0.019398677528951858,-0.01808351295071775
2025-06-17,NZDJPY,fx,2.5694444444444446,Bullish,0.006955983635676066,0.006600735707000593,0.01243367750363844
2025-06-17,AUDNZD,fx,-1.4583333333333335,Bearish,0.011448218185197367,0.019690563583143694,0.015313850299679466
2025-06-17,AUDCHF,fx,1.9444444444444446,Bullish,-0.01589737759587695,-0.010686675761709785,-0.006745490374412633
2025-06-17,NZDCAD,fx,1.3194444444444444,Bullish,-0.003589724868883759,-0.010428454958079314,-0.0025675659231677583
2025-06-17,NZDCHF,fx,3.4027777777777777,Very Bullish,-0.026291616485333402,-0.02941476658025266,-0.021351732021474112
2025-06-17,CADCHF,fx,2.0833333333333335,Bullish,-0.02295610149013294,-0.019230769230769273,-0.018593099744932173
2025-06-17,DAX,cross-asset,3.333333333333333,Bullish,0.03953418546795917,0.031676246032426914,0.017418718366646546
2025-06-17,NIKKEI,cross-asset,-3.333333333333333,Bearish,0.043800961739494104,0.03366088229144881,0.06272214091574324
2025-06-17,GOLD,cross-asset,2.0,Bullish,-0.025672353599116904,-0.01224151313129529,-0.018583608531283935
2025-06-17,SILVER,cross-asset,2.0,Bullish,-0.010372885009160449,0.021257678629162724,0.028936307791787907
2025-06-18,US-DOLLAR,single,-1.8055555555555556,Bearish,,,
2025-06-18,EURUSD,fx,1.3194444444444444,Bullish,0.02106263017088872,0.010370099256664433,-0.006457347520326229
2025-06-18,GBPUSD,fx,1.4583333333333335,Bullish,0.012401529323207372,-0.00038009494920887565,-0.013854833540770661
2025-06-18,NZDUSD,fx,2.2222222222222223,Bullish,-0.004879506074487061,-0.015850096262364666,-0.02187479253800695
2025-06-18,EURJPY,fx,1.6666666666666665,Bullish,0.029436491160645728,0.03407234819369709,0.023545589930822564
2025-06-18,EURCHF,fx,2.5,Bullish,-0.009627673170316098,-0.00723140495867769,-0.010575530374030806
2025-06-18,GBPJPY,fx,1.8055555555555556,Bullish,0.020661921050198817,0.02291146651875131,0.015849537251034995
2025-06-18,GBPCHF,fx,2.6388888888888893,Bullish,-0.017854052232212037,-0.017735632498018794,-0.018172874593501587
2025-06-18,NZDJPY,fx,2.5694444444444446,Bullish,0.003409806052977915,0.007448938726471788,0.007723553979060549
2025-06-18,AUDNZD,fx,-1.4583333333333335,Bearish,0.00897201805525949,0.013532175992436724,0.01116867950060696
2025-06-18,AUDCHF,fx,1.9444444444444446,Bullish,-0.025767286259326783,-0.019997368767267654,-0.015355122446294667
2025-06-18,NZDCAD,fx,1.3194444444444444,Bullish,-0.0056373202725311655,-0.011565599010741168,-0.012305118444342011
2025-06-18,NZDCHF,fx,3.4027777777777777,Very Bullish,-0.034596877347572774,-0.03228229752502387,-0.02554159137514478
2025-06-18,CADCHF,fx,2.0833333333333335,Bullish,-0.02906441075466948,-0.02097328084429173,-0.013535471982578096
2025-06-18,DAX,cross-asset,3.333333333333333,Bullish,0.05674075345404628,0.03203037844331935,0.018771990045481912
2025-06-18,NIKKEI,cross-asset,-3.333333333333333,Bearish,0.031247576955881318,0.035253676565609515,0.052751285828745775
2025-06-18,GOLD,cross-asset,2.0,Bullish,-0.016502678717183805,-0.009215974355549661,-0.02768947657421006
2025-06-18,SILVER,cross-asset,2.0,Bullish,-0.009447318268445248,0.038143207187585126,0.010345766403484946
2025-06-19,US-DOLLAR,single,-1.8055555555555556,Bearish,,,
2025-06-19,EURUSD,fx,1.3194444444444444,Bullish,0.018224543080940014,0.011679721496953954,-0.00664926022628376
2025-06-19,NZDUSD,fx,2.2222222222222223,Bullish,0.007431777948495366,-0.0049934867564045415,-0.01683422960018699
2025-06-19,EURJPY,fx,1.6666666666666665,Bullish,0.024116361895070826,0.03546523808098656,0.029724957351928927
2025-06-19,EURCHF,fx,2.5,Bullish,-0.005950159417353551,-0.0074643576920205845,-0.011729704944603792
2025-06-19,GBPCHF,fx,1.8055555555555558,Bullish,-0.014981512176463152,-0.02274093368062502,-0.02346041055718473
2025-06-19,GBPNZD,fx,-1.5972222222222223,Bearish,0.0020450079973626245,0.0005390979688035813,-0.0013410618893378023
2025-06-19,NZDJPY,fx,2.5694444444444446,Bullish,0.013371779112913318,0.01739250307298179,0.019184597180897933
2025-06-19,AUDNZD,fx,-1.4583333333333335,Bearish,0.009837582712507675,0.009939382721762202,0.00911572810143002
2025-06-19,AUDCHF,fx,1.9444444444444446,Bullish,-0.006832850680445923,-0.014517441750421023,-0.012643612893456724
2025-06-19,NZDCAD,fx,1.3194444444444444,Bullish,0.004207317073170902,-0.0028170731707316543,-0.005841463414634096
2025-06-19,NZDCHF,fx,3.4027777777777777,Very Bullish,-0.01607322017240309,-0.023444378468027605,-0.021110178341079866
2025-06-19,CADCHF,fx,2.0833333333333335,Bullish,-0.019924401511969725,-0.020260394792104064,-0.015472490550188844
2025-06-19,DAX,cross-asset,3.333333333333333,Bullish,0.060917381857921615,0.04308060592130669,0.014697017663308776
2025-06-19,NIKKEI,cross-asset,-3.333333333333333,Bearish,0.03404919953143293,0.0334765065729532,0.06195496550826496
2025-06-19,GOLD,cross-asset,2.0,Bullish,-0.01387871110148553,-0.005868339153214719,-0.023719601380157496
2025-06-19,SILVER,cross-asset,2.0,Bullish,0.01571774016267291,0.049818641459661306,0.008435919982413553
2025-06-20,US-DOLLAR,single,-1.8055555555555556,Bearish,,,
2025-06-20,EURUSD,fx,1.3194444444444444,Bullish,0.014459797250381712,0.01437300374947914,0.005702333009304228
2025-06-20,NZDUSD,fx,2.2222222222222223,Bullish,0.0067069081153587895,0.0004024144869214652,-0.009154929577464777
2025-06-20,EURJPY,fx,1.6666666666666665,Bullish,0.0238768718801996,0.023425243641549853,0.014725457570715417
2025-06-20,EURCHF,fx,2.5,Bullish,-0.012076858529746048,-0.00984630418388266,-0.011567017536405877
2025-06-20,GBPCHF,fx,1.8055555555555558,Bullish,-0.023346870390267838,-0.020360219263899748,-0.029474968585529338
2025-06-20,GBPNZD,fx,-1.5972222222222223,Bearish,-0.00334708319257504,0.004591682520491469,-0.004062727806126931
2025-06-20,NZDJPY,fx,2.5694444444444446,Bullish,0.016647505173603028,0.01032421246263504,0.0003908944584960494
2025-06-20,AUDNZD,fx,-2.0138888888888893,Bearish,0.012623434795887345,0.011531378119996605,0.011734981907027153
2025-06-20,AUDCHF,fx,1.3888888888888888,Bullish,-0.007539072143413317,-0.012039727302075587,-0.014090658766782505
2025-06-20,NZDCAD,fx,1.3194444444444444,Bullish,0.003613634143959432,-0.0035281765797440245,-0.0047734153725949025
2025-06-20,NZDCHF,fx,3.4027777777777777,Very Bullish,-0.019489054092906688,-0.022939171150449633,-0.025218712777754893
2025-06-20,CADCHF,fx,2.0833333333333335,Bullish,-0.022877521153296332,-0.019782327114909237,-0.020724342691809672
2025-06-20,DAX,cross-asset,3.333333333333333,Bullish,0.04119028503471145,0.03265512903627443,0.004121604506287513
2025-06-20,NIKKEI,cross-asset,-3.333333333333333,Bearish,0.027340190079416793,0.03666189298268452,0.0393959119906262
2025-06-20,GOLD,cross-asset,2.0,Bullish,-0.003900683955542883,0.008540538614989934,-0.001605989360691562
2025-06-20,SILVER,cross-asset,2.0,Bullish,0.06553229349125589,0.08235326827369538,0.028748575082714778
2025-06-23,US-DOLLAR,single,-1.8055555555555556,Bearish,,,
2025-06-23,EURUSD,fx,1.3194444444444444,Bullish,0.007819858119259226,0.015553308966482549,0.00010368872644317406
2025-06-23,NZDUSD,fx,2.2222222222222223,Bullish,-0.0005190282451821293,0.004470340047215027,-0.01086610745558958
2025-06-23,EURGBP,fx,1.3194444444444444,Bullish,0.015029685381702684,0.014632322004581422,0.017822916179701886
2025-06-23,EURJPY,fx,1.6666666666666665,Bullish,0.018645440944276448,0.018799193391010327,0.006445775651525931
2025-06-23,EURCHF,fx,2.5,Bullish,-0.01028843800870305,-0.00974582131951618,-0.005181457404589973
2025-06-23,GBPNZD,fx,-2.2222222222222223,Bearish,-0.00629139365643594,-0.0034573927191378084,-0.0060128569028482515
2025-06-23,NZDJPY,fx,2.5694444444444446,Bullish,0.010453081481311743,0.007851272823134359,-0.004343988905062712
2025-06-23,AUDNZD,fx,-2.0138888888888893,Bearish,0.014380428542326573,0.010778376576476623,0.013352593662610879
2025-06-23,AUDCHF,fx,1.3888888888888888,Bullish,-0.0046540904495775415,-0.010509851793923053,-0.003757605813798248
2025-06-23,NZDCAD,fx,1.3194444444444444,Bullish,-0.002560663333739943,-0.004816485794415293,-0.007694183636141938
2025-06-23,NZDCHF,fx,3.4027777777777777,Very Bullish,-0.01819194356784848,-0.020378276921807603,-0.015819978136666468
2025-06-23,CADCHF,fx,2.0833333333333335,Bullish,-0.015801850880606372,-0.015683421591351276,-0.00823929483817476
2025-06-23,DAX,cross-asset,3.333333333333333,Bullish,0.03375797537502945,0.026502784712886474,0.011420523654055437
2025-06-23,NIKKEI,cross-asset,-3.333333333333333,Bearish,0.021891010712622228,0.024944366816746832,0.05118252859286865
2025-06-23,GOLD,cross-asset,2.0,Bullish,-0.007652031439222995,0.017969510602426686,0.0014751976824258772
2025-06-23,SILVER,cross-asset,2.0,Bullish,0.05578042694760188,0.08896589963958967,0.03695591904629891
2025-06-24,US-DOLLAR,single,-1.8055555555555556,Bearish,,,
2025-06-24,EURUSD,fx,1.3194444444444444,Bullish,-0.0005082832947096438,0.013680574101673892,-0.002748175779870299
2025-06-24,NZDUSD,fx,2.2222222222222223,Bullish,-0.010025813972853737,0.006578399533682999,-0.01735365142809553
2025-06-24,EURGBP,fx,1.3194444444444444,Bullish,0.016800018770970704,0.016483258640512366,0.021011755320397008
2025-06-24,EURJPY,fx,1.6666666666666665,Bullish,0.026672057363354762,0.024846751609777007,0.015476452366654625
2025-06-24,EURCHF,fx,2.5,Bullish,-0.0061521013438329275,-0.003102798938628748,-0.0003209792005478551
2025-06-24,GBPNZD,fx,-2.2222222222222223,Bearish,-0.007938364052757718,-0.00912978055873026,-0.005882067416523529
2025-06-24,NZDJPY,fx,2.5694444444444446,Bullish,0.015760251060454422,0.01704774057086378,0.0007242128496052214
2025-06-24,AUDNZD,fx,-2.0138888888888893,Bearish,0.014296163924408134,0.010740641290358566,0.015129489541763519
2025-06-24,AUDCHF,fx,1.3888888888888888,Bullish,-0.0017426273458444053,0.0002872462657985686,-0.00011489850631929421
2025-06-24,NZDCAD,fx,1.3194444444444444,Bullish,-0.010158136825369812,-0.0029370001334999563,-0.014163137007415227
2025-06-24,NZDCHF,fx,3.4027777777777777,Very Bullish,-0.015788602408641328,-0.0105533253321195,-0.014691884285891632
2025-06-24,CADCHF,fx,2.0833333333333335,Bullish,-0.005320781745625669,-0.007827688529622345,-0.0007503666564343536
2025-06-24,DAX,cross-asset,3.333333333333333,Bullish,0.01423185912357039,0.014257160206456732,-0.002568059912964382
2025-06-24,NIKKEI,cross-asset,-3.333333333333333,Bearish,0.02101761353379583,0.07553446630734717,0.04494932563117304
2025-06-24,GOLD,cross-asset,2.0,Bullish,0.0005537481830137914,0.01964903199400503,0.017352782735094552
2025-06-24,SILVER,cross-asset,2.0,Bullish,0.04965467305335869,0.09323827559318265,0.052634510415506375
2025-06-25,US-DOLLAR,single,-1.8055555555555556,Bearish,,,
2025-06-25,EURUSD,fx,1.3194444444444444,Bullish,-0.002118753109506044,0.007642951500283157,0.00012866921717646918
2025-06-25,NZDUSD,fx,2.2222222222222223,Bullish,-0.014879127798121061,-0.0015077958013685056,-0.017729027554554078
2025-06-25,EURGBP,fx,1.3194444444444444,Bullish,0.016558582435237446,0.019232347870955513,0.023477536852227532
2025-06-25,EURJPY,fx,1.6666666666666665,Bullish,0.016484100818887626,0.020123601214742326,0.01497748945372046
2025-06-25,EURCHF,fx,2.5,Bullish,-0.006921042528686638,-0.004404299790982336,0.0013543488461373876
2025-06-25,GBPNZD,fx,-2.2222222222222223,Bearish,-0.002454242744506674,-0.009330544488124648,-0.005187075205957403
2025-06-25,NZDJPY,fx,2.5694444444444446,Bullish,0.0028656893638399072,0.011348586564369656,-0.004201488788418417
2025-06-25,AUDNZD,fx,-2.0138888888888893,Bearish,0.018195651972200633,0.013899585239345758,0.017490466072207278
2025-06-25,AUDCHF,fx,1.3888888888888888,Bullish,-0.0029408394759958822,-0.0005156017263109325,-0.0003628308444411088
2025-06-25,NZDCAD,fx,1.3194444444444444,Bullish,-0.017980703046696633,-0.00806656120563698,-0.016640301409233116
2025-06-25,NZDCHF,fx,3.4027777777777777,Very Bullish,-0.020093563876924292,-0.013333882900892324,-0.01691981122354347
2025-06-25,CADCHF,fx,2.0833333333333335,Bullish,-0.0021341619572825543,-0.005787847228150511,0.0003414659131653064
2025-06-25,DAX,cross-asset,3.333333333333333,Bullish,0.023898412590300122,0.012638829173601929,0.004048341712393322
2025-06-25,NIKKEI,cross-asset,-3.333333333333333,Bearish,0.014413952295460275,0.06855604001025895,0.04657604513977942
2025-06-25,GOLD,cross-asset,2.0,Bullish,0.004453581021262476,0.010608766111969814,0.010878861996008515
2025-06-25,SILVER,cross-asset,2.0,Bullish,0.04551096400496468,0.07687215556474958,0.043028547786511995
2025-06-26,US-DOLLAR,single,-1.8055555555555556,Bearish,,,
2025-06-26,EURUSD,fx,1.3194444444444444,Bullish,-0.008966425054704685,0.0035045131291029374,-0.003085681072210189
2025-06-26,NZDUSD,fx,2.2222222222222223,Bullish,-0.02025676189217329,-0.005948151942236968,-0.01541562711696387
2025-06-26,EURGBP,fx,1.3194444444444444,Bullish,0.01445361575221038,0.02558442625838042,0.018539609482323582
2025-06-26,EURJPY,fx,1.6666666666666665,Bullish,0.019507776468707494,0.02625705269763845,0.016121297518752797
2025-06-26,EURCHF,fx,2.5,Bullish,-0.0034530682061150175,-0.003100277955954689,0.004436604661107513
2025-06-26,EURAUD,fx,1.6666666666666665,Bullish,-0.00012871237261669055,-0.00013430856273055625,-0.00015669332318546392
2025-06-26,GBPNZD,fx,-2.2222222222222223,Bearish,-0.0021274341907805416,-0.01557175897318186,-0.005940926184212714
2025-06-26,NZDJPY,fx,2.5694444444444446,Bullish,0.007783348213263874,0.015566696426527526,0.0025295881693108146
2025-06-26,AUDNZD,fx,-2.5694444444444446,Bearish,0.012584265501148328,0.010158159863693506,0.01303800281502343
2025-06-26,NZDCAD,fx,1.3194444444444444,Bullish,-0.012176357270072824,-0.0014538934053819341,-0.007487551037716478
2025-06-26,NZDCHF,fx,3.4027777777777777,Very Bullish,-0.014433117594756073,-0.012675502987944731,-0.007919604640102551
2025-06-26,CADCHF,fx,2.0833333333333335,Bullish,-0.001912731619844621,-0.010554179830928101,0.00034155921782930143
2025-06-26,DAX,cross-asset,3.333333333333333,Bullish,0.013641650652371773,-0.005390074508613951,-0.007893361653349529
2025-06-26,NIKKEI,cross-asset,-3.333333333333333,Bearish,0.005598513757782753,0.038662382004418516,0.03386724241815631
2025-06-26,GOLD,cross-asset,2.0,Bullish,0.0031071952304251305,0.0026714666923095542,0.02045820612063376
2025-06-26,SILVER,cross-asset,2.0,Bullish,0.040750040941099464,0.04126862820022925,0.04397074076095864
2025-06-27,US-DOLLAR,single,-1.527777777777778,Bearish,,,
2025-06-27,USDCHF,fx,1.3194444444444446,Bullish,0.0031932478461229596,0.005447305149268722,0.011495692246042744
2025-06-27,NZDUSD,fx,2.0833333333333335,Bullish,-0.015776257970727126,-0.014107774143456542,-0.01671787755641463
2025-06-27,EURGBP,fx,1.3194444444444444,Bullish,0.014968201356273747,0.01587004134409309,0.012672608660006413
2025-06-27,EURCHF,fx,2.5,Bullish,-0.0042896876337183976,-0.0045143346170304355,0.005402225074882416
2025-06-27,EURAUD,fx,1.6666666666666665,Bullish,-0.004156925325997762,-0.008698854474134987,-0.005284037964724653
2025-06-27,GBPJPY,fx,-1.3194444444444444,Bearish,0.005675174388129589,-0.0008870610056045392,0.0011693076892060894
2025-06-27,GBPNZD,fx,-2.2222222222222223,Bearish,-0.006784488553939871,-0.011012631355482472,-0.002582882213494675
2025-06-27,AUDJPY,fx,-1.6666666666666665,Bearish,0.025019604518576655,0.02581438229870936,0.01963630968781116
2025-06-27,CHFJPY,fx,-2.5,Bearish,0.025386942120426026,0.02165991119270516,0.008869670041638633
2025-06-27,AUDNZD,fx,-2.5694444444444446,Bearish,0.012318995185573556,0.012801365478984472,0.014220647303828438
2025-06-27,NZDCAD,fx,1.3194444444444444,Bullish,-0.012845122113167462,-0.010297828160274358,-0.011698236210206048
2025-06-27,NZDCHF,fx,3.4027777777777777,Very Bullish,-0.012219368734984748,-0.007600861569049822,-0.005094855438654622
2025-06-27,CADCHF,fx,2.0833333333333335,Bullish,0.0003602181893032075,0.002229922124258099,0.006363854677690517
2025-06-27,DAX,cross-asset,3.333333333333333,Bullish,0.0022960820755582034,-0.009709385183394814,-0.012884729178994414
2025-06-27,GOLD,cross-asset,2.0,Bullish,0.023172802110560164,0.01215892713193445,0.03730732589100327
2025-06-27,SILVER,cross-asset,2.0,Bullish,0.062223705062974366,0.06061111574498845,0.06461478577585011
2025-06-30,USDCHF,fx,1.7361111111111112,Bullish,0.005637675310261381,0.015891433760468088,0.024329028352335635
2025-06-30,NZDUSD,fx,1.6666666666666665,Bullish,-0.020906495126194025,-0.023006990711871178,-0.02568184055925704
2025-06-30,EURGBP,fx,1.3194444444444444,Bullish,0.009557332338749225,0.007599244737639621,0.00784400568777821
2025-06-30,EURCHF,fx,2.5,Bullish,-0.0026106308311221182,-0.004771890781477328,0.00850594881451694
2025-06-30,EURAUD,fx,1.6666666666666665,Bullish,0.000201040945339237,-0.009772823731766689,-0.004914334219402794
2025-06-30,GBPJPY,fx,-1.3194444444444444,Bearish,0.0050279725231923145,0.0017097129907839292,0.006398777909294218
2025-06-30,GBPNZD,fx,-2.2222222222222223,Bearish,0.0037305975617880627,-0.004863100393045161,0.003135478426931293
2025-06-30,AUDJPY,fx,-1.6666666666666665,Bearish,0.014271991217236213,0.019550094478048452,0.017386072141115427
2025-06-30,CHFJPY,fx,-2.5,Bearish,0.01671899961438883,0.014058282377568343,0.0028865752217264173
2025-06-30,AUDNZD,fx,-2.5694444444444446,Bearish,0.013012651188655466,0.012678993465869537,0.015107280226145825
2025-06-30,NZDCAD,fx,1.3194444444444444,Bullish,-0.0152615577646944,-0.011099314737959665,-0.01312614612489138
2025-06-30,NZDCHF,fx,3.4027777777777777,Very Bullish,-0.015193227215333893,-0.007617312827306377,-0.0032290782637495186
2025-06-30,CADCHF,fx,2.0833333333333335,Bullish,0.0005322802197800236,0.004189560439560536,0.01098901098901095
2025-06-30,DAX,cross-asset,3.333333333333333,Bullish,0.0040072631644856305,-0.009867885542545918,-0.01584538642957023
2025-07-01,USDCHF,fx,1.7361111111111112,Bullish,0.002291226249098166,0.031039153385571838,0.020405838196387194
2025-07-01,NZDUSD,fx,1.6666666666666665,Bullish,-0.016104696929939544,-0.033488585673051685,-0.02358304906848585
2025-07-01,EURGBP,fx,1.3194444444444444,Bullish,0.011240404887537858,0.003121687574984655,0.006965556603883538
2025-07-01,EURCHF,fx,2.5,Bullish,-0.00227260545639707,-0.004094977756338047,0.007921959586214333
2025-07-01,EURAUD,fx,1.6666666666666665,Bullish,-0.0003792463037427529,-0.01171759535534822,-0.003786885885902591
2025-07-01,GBPJPY,fx,-1.3194444444444444,Bearish,0.006155798020806902,0.0037655417406750047,0.012849530575995916
2025-07-01,GBPNZD,fx,-2.2222222222222223,Bearish,0.0004704963292407882,-0.0038261116585439625,0.004891386366259187
2025-07-01,AUDJPY,fx,-1.6666666666666665,Bearish,0.01786849802874224,0.019013099325957183,0.021959387850269296
2025-07-01,CHFJPY,fx,-2.5,Bearish,0.020531467605416243,0.011449286557709826,0.009882251674630638
2025-07-01,AUDNZD,fx,-2.5694444444444446,Bearish,0.011593316466957715,0.011018747625269887,0.01588404830085155
2025-07-01,NZDCAD,fx,1.3194444444444444,Bullish,-0.018732040445817666,-0.020463371526817542,-0.014283481418248756
2025-07-01,NZDCHF,fx,3.4027777777777777,Very Bullish,-0.012967850537209835,-0.002576944658035374,-0.003803071551777837
2025-07-01,CADCHF,fx,2.0833333333333335,Bullish,0.0053394619066544635,0.017556288987575996,0.01050612569335252
2025-07-01,DAX,cross-asset,3.333333333333333,Bullish,0.014753531228378192,0.001717096714312305,0.001666469784160629
2025-07-02,EURUSD,fx,1.3194444444444444,Bullish,-0.0025684931506849695,-0.03248338532483397,-0.007891970703919782
2025-07-02,USDCHF,fx,1.7361111111111112,Bullish,-0.00016423265450515867,0.02584769316286817,0.01711809591187019
2025-07-02,NZDUSD,fx,1.6666666666666665,Bullish,-0.007211025148244898,-0.03299988501782236,-0.018577834721332565
2025-07-02,EURGBP,fx,1.4583333333333333,Bullish,0.001815322711190337,-0.0011562565039427986,-0.0034456443817496574
2025-07-02,EURCHF,fx,3.055555555555556,Very Bullish,-0.0024944597299987326,-0.007793848426777439,0.008222081856820163
2025-07-02,EURAUD,fx,2.2222222222222223,Bullish,-0.005330371395720013,-0.008707203536464259,-0.0028354226900793034
2025-07-02,GBPCHF,fx,1.5972222222222223,Bullish,-0.00368819037734458,-0.006357031655423007,0.011861516791459525
2025-07-02,GBPNZD,fx,-1.8055555555555554,Bearish,0.00371893438226345,0.0019131056677990088,0.014227605935991372
2025-07-02,AUDJPY,fx,-1.6666666666666665,Bearish,0.02292500158760391,0.024639613894710033,0.019897969983700525
2025-07-02,CHFJPY,fx,-2.5,Bearish,0.019679457118424448,0.022912471380099886,0.007734959035612832
2025-07-02,AUDNZD,fx,-2.5694444444444446,Bearish,0.01045996056687426,0.009339911692014313,0.013764567577824849
2025-07-02,AUDCAD,fx,-1.8055555555555556,Bearish,0.0033881626765366324,-0.005009560657057599,0.006787507408111404
2025-07-02,NZDCHF,fx,3.4027777777777777,Very Bullish,-0.007843299995850095,-0.008009295762957946,-0.0033406648130472893
2025-07-02,CADCHF,fx,2.6388888888888893,Bullish,-0.0011502935823918259,0.006146344813377835,0.0037255777220752684
2025-07-03,USDCHF,fx,1.5972222222222223,Bullish,0.00018881937538561822,0.011933384524364099,0.016213290366435373
2025-07-03,NZDUSD,fx,1.8055555555555556,Bullish,-0.005954835623443233,-0.02522145060455605,-0.02388532405192756
2025-07-03,EURCHF,fx,2.6388888888888893,Bullish,-0.0007706221703716043,-0.003992250965953459,0.0056084169065941936
2025-07-03,EURAUD,fx,1.3888888888888888,Bullish,-0.0034051261406334854,0.00029074968688491687,0.0017948201825013221
2025-07-03,GBPCHF,fx,1.5972222222222223,Bullish,-0.010029498525073732,-0.017468657817109157,0.005540191740412981
2025-07-03,GBPNZD,fx,-1.8055555555555554,Bearish,-0.003487342813805361,-0.0033583467148252666,0.015555150280455177
2025-07-03,CHFJPY,fx,-2.5,Bearish,0.013876385991876017,0.00446810846415624,0.0026457349873751923
2025-07-03,AUDNZD,fx,-2.1527777777777777,Bearish,0.010430633513033749,0.01089298428932084,0.0147767308101312
2025-07-03,NZDCAD,fx,1.3194444444444444,Bullish,-0.0026832111116508184,-0.010235054149871359,-0.007709678985964863
2025-07-03,NZDCHF,fx,3.4027777777777777,Very Bullish,-0.006000207619640818,-0.014512612893179733,-0.009695837226201598
2025-07-03,CADCHF,fx,2.0833333333333335,Bullish,-0.004240766073871471,-0.004531463748290054,-0.001898084815321388
2025-07-04,USDCHF,fx,1.8055555555555558,Bullish,0.0019926096881188737,0.018917180583405857,0.016256163848006766
2025-07-04,NZDUSD,fx,1.5972222222222223,Bullish,-0.006358591530686408,-0.02427825857171173,-0.021999075113959154
2025-07-04,EURCHF,fx,2.6388888888888893,Bullish,-0.001445628312898184,0.0012528778711784483,0.01011939819028762
2025-07-04,EURAUD,fx,1.3888888888888888,Bullish,-0.004468688534637999,-0.0033710181589227117,0.0009137966579557677
2025-07-04,GBPCHF,fx,1.3888888888888893,Bullish,-0.013657968226960748,-0.007508646039466771,0.009395054650367163
2025-07-04,GBPNZD,fx,-2.013888888888889,Bearish,-0.007952887592072022,-8.895847418477487e-06,0.016355015478774604
2025-07-04,CHFJPY,fx,-2.5,Bearish,0.020711639148411454,0.0015580525994152161,0.0028022924844606223
2025-07-04,AUDNZD,fx,-2.1527777777777777,Bearish,0.010700983934626596,0.013915911575592466,0.016537884262605163
2025-07-04,NZDCAD,fx,1.3194444444444444,Bullish,0.0023106765417686415,-0.010312914249577254,-0.0049861967480268055
2025-07-04,NZDCHF,fx,3.4027777777777777,Very Bullish,-0.005332888925922874,-0.005999500041663275,-0.006541121573202302
2025-07-04,CADCHF,fx,2.0833333333333335,Bullish,-0.005492902140515232,0.006231010865647146,0.0005836208524296893
2025-07-07,NZDUSD,fx,1.5972222222222223,Bullish,-0.004105062910923496,-0.015402329539765613,-0.011931382037846605
2025-07-07,EURGBP,fx,1.5277777777777777,Bullish,0.008440878967562071,0.011847459597721155,0.003801883501918457
2025-07-07,EURAUD,fx,1.6666666666666665,Bullish,-0.014800725340904708,-0.008517764752202894,-0.0047025159569453745
2025-07-07,GBPNZD,fx,-2.013888888888889,Bearish,-0.014178018780584667,-0.006798042586959263,0.003879557377771903
2025-07-07,NZDJPY,fx,1.7361111111111112,Bullish,0.012801755669348935,-0.00496068032187269,-0.0006515179224579892
2025-07-07,AUDNZD,fx,-2.1527777777777777,Bearish,0.008600461893764288,0.012794457274826643,0.012277136258660448
2025-07-07,NZDCAD,fx,1.3194444444444444,Bullish,1.219824589226981e-05,-0.009136486173288327,-0.0031593456860903313
2025-07-07,NZDCHF,fx,1.7361111111111112,Bullish,0.002699422449150335,-0.0035992299322005206,-0.0014020256131246356
2025-07-08,NZDUSD,fx,1.5972222222222223,Bullish,-0.007054820794209271,-0.011274370820060331,-0.017278473623642654
2025-07-08,EURGBP,fx,1.5277777777777777,Bullish,0.0023769493883702975,0.011942721317177885,0.000614528378456658
2025-07-08,EURAUD,fx,1.6666666666666665,Bullish,-0.012133975130365071,-0.0019944734144494713,0.004473637295538513
2025-07-08,GBPNZD,fx,-2.013888888888889,Bearish,-0.010614905022210186,-0.0066586009873098595,0.009506610030290297
2025-07-08,NZDJPY,fx,1.7361111111111112,Bullish,0.005439854330260507,-0.007397291453283272,-0.011061795834755972
2025-07-08,AUDNZD,fx,-2.1527777777777777,Bearish,0.00382187841649273,0.007450825470614708,0.0058246897020588495
2025-07-08,NZDCAD,fx,1.3194444444444444,Bullish,0.0010258414342239064,-0.0055077915099409624,-0.0021982316447658468
2025-07-08,NZDCHF,fx,1.7361111111111112,Bullish,0.0050732689042158885,2.0963921091743387e-05,-0.00406700069180943
2025-07-09,NZDUSD,fx,1.5972222222222223,Bullish,-0.017078621701858032,-0.006137629674105249,-0.028803495780379662
2025-07-09,EURGBP,fx,1.5277777777777777,Bullish,-0.001333580722220895,0.005960526010622358,0.003861585917387611
2025-07-09,EURAUD,fx,1.6666666666666665,Bullish,-0.011458472798678954,-0.0032969607711874627,0.009333020930959224
2025-07-09,GBPNZD,fx,-2.013888888888889,Bearish,-0.00855244557534629,-0.00508022335312408,0.0191679035906136
2025-07-09,NZDJPY,fx,1.7361111111111112,Bullish,0.00429908886684216,-0.0012087623869635467,-0.023331394752146628
2025-07-09,AUDNZD,fx,-2.1527777777777777,Bearish,0.0021771282117233337,0.004969731487520779,0.014633608612976357
2025-07-09,NZDCAD,fx,1.3194444444444444,Bullish,-0.006705599785420735,-0.0012435839602052967,-0.015276575511149582
2025-07-09,NZDCHF,fx,1.7361111111111112,Bullish,0.009379797682390612,0.009022271761761402,-0.017350522618772235
2025-07-10,NZDUSD,fx,1.5972222222222223,Bullish,-0.024086998325680176,-0.01327851731512042,-0.03549226663130156
2025-07-10,EURGBP,fx,1.5277777777777777,Bullish,0.002692852334192253,0.0035866007382130416,0.004190171088980232
2025-07-10,EURAUD,fx,1.6666666666666665,Bullish,0.00026470671059675155,0.004038185351018075,0.01717777590042524
2025-07-10,GBPNZD,fx,-2.013888888888889,Bearish,-0.003379159478542393,0.002721112632720901,0.02349849716328456
2025-07-10,NZDJPY,fx,1.7361111111111112,Bullish,0.005736115991973989,-0.004704522009227552,-0.022683731422806108
2025-07-10,AUDNZD,fx,-2.1527777777777777,Bearish,-0.000714822485749389,0.0019795084220750603,0.01098810462068589
2025-07-10,NZDCAD,fx,1.3194444444444444,Bullish,-0.010006679215495806,-0.00584127755176389,-0.01748740057076925
2025-07-10,NZDCHF,fx,1.7361111111111112,Bullish,-0.005119240854039253,-0.0003329587547343804,-0.02270362508844226
2025-07-11,NZDUSD,fx,1.5972222222222223,Bullish,-0.015756162558294484,-0.011109260493004758,-0.02330113257828126
2025-07-11,EURGBP,fx,1.5277777777777777,Bullish,0.007042172221516818,-0.0017316816938156565,-0.000242435437134203
2025-07-11,EURAUD,fx,1.6666666666666665,Bullish,0.007711329288969226,0.003700762120418366,0.015800057454754546
2025-07-11,GBPNZD,fx,-2.013888888888889,Bearish,-0.0007180479798767347,0.00736779666308407,0.026384918316467276
2025-07-11,NZDJPY,fx,1.7361111111111112,Bullish,-0.01599041027728776,-0.00652508255303752,-0.02642828063509295
2025-07-11,AUDNZD,fx,-2.1527777777777777,Bearish,-0.0008773773728032452,0.0009870495444035399,0.009203323066799607
2025-07-11,NZDCAD,fx,1.3194444444444444,Bullish,-0.008356850914752911,-0.004963020630595616,-0.013137407551576552
2025-07-11,NZDCHF,fx,1.7361111111111112,Bullish,-0.00584354382657859,0.008587286626871915,-0.01698607183998324
2025-07-14,USDCAD,fx,-1.5277777777777777,Bearish,0.005488169782954522,0.005021091503554231,0.011414225452847093
2025-07-14,NZDUSD,fx,1.5972222222222223,Bullish,-0.010352452425623326,-0.00264674350040206,-0.020336370946127058
2025-07-14,EURGBP,fx,1.5277777777777777,Bullish,0.0027518710420264547,-0.004617156016119783,-0.006044905008635637
2025-07-14,EURAUD,fx,1.6666666666666665,Bullish,0.003861307232093658,0.002503114862665523,0.005056741011797206
2025-07-14,GBPNZD,fx,-2.013888888888889,Bearish,0.00028030023269365323,0.007283356839993038,0.02185896894006456
2025-07-14,GBPCAD,fx,-1.9444444444444442,Bearish,-0.005147466489829999,0.00972420015871811,0.012637655320860475
2025-07-14,NZDJPY,fx,1.7361111111111112,Bullish,-0.014643995508116125,-0.00272235392869713,-0.021109586088771448
2025-07-14,CADJPY,fx,1.6666666666666665,Bullish,-0.009717658851701394,-0.004399398563234458,-0.011434723691782223
2025-07-14,AUDNZD,fx,-2.1527777777777777,Bearish,-0.001013263713291912,0.000675509142194608,0.010333464175194207
2025-07-14,AUDCAD,fx,-2.083333333333333,Bearish,-0.006590318587820665,0.0025536090636395503,0.0017507276113162273
2025-07-14,NZDCHF,fx,1.7361111111111112,Bullish,0.002415915632024479,0.007037667275897608,-0.011701434843805703
2025-07-14,CADCHF,fx,1.6666666666666665,Bullish,0.007683977102779682,0.005260172244855976,-0.0020112423289154746
2025-07-15,USDCAD,fx,-1.5277777777777777,Bearish,0.0036073984462678954,0.002557973443717332,0.008490139777580064
2025-07-15,NZDUSD,fx,1.5972222222222223,Bullish,-0.0074020490217519,0.005130965799168941,-0.014265767205558388
2025-07-15,EURGBP,fx,1.5277777777777777,Bullish,0.004142148378908583,-0.005561324564439918,-0.0036460136148610545
2025-07-15,EURAUD,fx,1.6666666666666665,Bullish,0.004692118365007492,0.003911035188078227,0.0064060059115071954
2025-07-15,GBPNZD,fx,-2.013888888888889,Bearish,0.0020727508873688016,0.0092562115807171,0.021443630961382798
2025-07-15,GBPCAD,fx,-1.9444444444444442,Bearish,-0.0023376326156965277,0.01703365864024975,0.0154915839776808
2025-07-15,NZDJPY,fx,1.7361111111111112,Bullish,-0.014802743260677542,-0.0049455648355627435,-0.023573481813449204
2025-07-15,CADJPY,fx,1.6666666666666665,Bullish,-0.011690780246549126,-0.01244740532959332,-0.01791909647892531
2025-07-15,AUDNZD,fx,-2.1527777777777777,Bearish,0.0008215801725317551,-0.00024647405175959314,0.01117349034643289
2025-07-15,AUDCAD,fx,-2.083333333333333,Bearish,-0.0031663981382026307,0.007384532760472684,0.005415324024346635
2025-07-16,EURGBP,fx,1.5277777777777777,Bullish,0.006806252523504641,-0.0070254369268040184,-0.0056180423371979815
2025-07-16,EURAUD,fx,1.6666666666666665,Bullish,0.005229902472419612,0.005403858455944155,0.0029460287532405705
2025-07-16,GBPNZD,fx,-2.013888888888889,Bearish,-0.0027395559968792504,0.012084190368111258,0.020010284417334434
2025-07-16,GBPCAD,fx,-1.9444444444444442,Bearish,-0.0009316262598746405,0.01746663034595497,0.013429583219831231
2025-07-16,NZDJPY,fx,1.7361111111111112,Bullish,-0.007046983686062047,-0.006010997392957518,-0.018533908628285856
2025-07-16,CADJPY,fx,1.6666666666666665,Bullish,-0.007824581222857008,-0.010528460177974486,-0.011102571462965227
2025-07-16,AUDNZD,fx,-2.1527777777777777,Bearish,-0.0006925838846664201,6.379062095618337e-05,0.01168279658082283
2025-07-16,AUDCAD,fx,-2.083333333333333,Bearish,0.0004143476264599766,0.004725802658543943,0.004647412567051479
2025-07-17,EURAUD,fx,1.6666666666666665,Bullish,-2.7984552526949535e-05,0.0054010186377120295,5.596910505389907e-05
2025-07-17,NZDJPY,fx,1.7361111111111112,Bullish,-0.005213184017445416,-0.01151670717579456,-0.019364877450423812
2025-07-17,CADJPY,fx,1.6666666666666665,Bullish,-0.00946576763485485,-0.014541345583876764,-0.010947688203912342
2025-07-17,AUDNZD,fx,-2.1527777777777777,Bearish,0.00044809832557546336,0.003365309873709643,0.014942707428372781
2025-07-17,AUDCAD,fx,-2.083333333333333,Bearish,0.005190815731647147,0.008116955917305768,0.006637068926857781
2025-07-18,US-DOLLAR,single,1.5277777777777777,Bullish,,,
2025-07-18,USDJPY,fx,2.013888888888889,Bullish,-0.007748187273619145,-0.006565463110430159,-0.012358123500594731
2025-07-18,AUDUSD,fx,-2.1527777777777777,Bearish,0.002399446281627249,-0.0016919172498653934,0.005044989617780438
2025-07-18,EURJPY,fx,2.083333333333333,Bullish,-0.006537950170530049,-0.0034857506214232004,-0.007272096652985782
2025-07-18,EURAUD,fx,2.222222222222222,Bullish,-0.0011318175196386449,0.005642278427109737,0.00012326725461409005
2025-07-18,GBPJPY,fx,1.6666666666666665,Bullish,-0.004480439423857563,0.0003658524361762616,-0.005588020086802148
2025-07-18,GBPAUD,fx,1.8055555555555554,Bullish,0.0006315308794311303,0.00935637287526303,0.0019431719367108968
2025-07-18,NZDJPY,fx,2.5694444444444446,Bullish,-0.008637918769689334,-0.01278186149972338,-0.022752165125391022
2025-07-18,CADJPY,fx,2.5,Bullish,-0.009855307839952698,-0.012411412963236335,-0.013509523106452037
2025-07-18,CHFJPY,fx,1.6666666666666665,Bullish,-0.0161083308166875,-0.01404827645713791,-0.011076836791923728
2025-07-18,AUDNZD,fx,-2.708333333333333,Bearish,0.001878510753328566,0.004123560190233633,0.014679874277231386
2025-07-18,AUDCAD,fx,-2.6388888888888884,Bearish,0.004615005488720181,0.003394045298743098,0.005499921589712464
2025-07-18,AUDCHF,fx,-1.8055555555555554,Bearish,0.010870817808166455,0.0049744554987900536,0.003802865593669491
2025-07-21,US-DOLLAR,single,1.5277777777777777,Bullish,,,
2025-07-21,USDJPY,fx,2.013888888888889,Bullish,0.0057848602331598276,0.0025733122398678976,-0.0007672408525200014
2025-07-21,AUDUSD,fx,-2.1527777777777777,Bearish,-0.0016862113895914632,-0.010791752893385409,0.004491453974093673
2025-07-21,EURJPY,fx,2.083333333333333,Bullish,-0.0009464528341327494,-0.0014922599900129008,0.0001683873140481129
2025-07-21,EURAUD,fx,2.222222222222222,Bullish,-0.005114346971591965,0.006672101125603014,-0.003160175093800288
2025-07-21,GBPJPY,fx,1.6666666666666665,Bullish,0.0013639474955711162,0.00267756482525372,0.0024812771782896093
2025-07-21,GBPAUD,fx,1.8055555555555554,Bullish,-0.0034591027619603754,0.010207981577254222,-0.00129172089152918
2025-07-21,NZDJPY,fx,2.5694444444444446,Bullish,-0.0003072441339129206,-0.011151824119802534,-0.012779080088304307
2025-07-21,CADJPY,fx,2.5,Bullish,-0.0019045849398430237,-0.01164119477865011,-0.006438426162493682
2025-07-21,CHFJPY,fx,1.6666666666666665,Bullish,-0.013604963021157879,-0.011036762116327647,-0.005456072386422206
2025-07-21,AUDNZD,fx,-2.708333333333333,Bearish,0.0020677224860246035,0.0016651570462677956,0.014336819184073146
2025-07-21,AUDCAD,fx,-2.6388888888888884,Bearish,0.005221054518564916,0.0025993232796288623,0.009467362807269009
2025-07-21,AUDCHF,fx,-1.8055555555555554,Bearish,0.015454108601633987,0.0003075444497837587,0.00674675636713129
2025-07-22,US-DOLLAR,single,1.5277777777777777,Bullish,,,
2025-07-22,USDJPY,fx,2.013888888888889,Bullish,0.008713036121231976,0.005001296379689046,0.012056331109018714
2025-07-22,AUDUSD,fx,-2.1527777777777777,Bearish,-0.0036930777682822047,-0.01829752167012566,-0.005005493834696506
2025-07-22,EURJPY,fx,2.083333333333333,Bullish,0.0016658733936218972,-0.003923799352224977,0.0017413310734724075
2025-07-22,EURAUD,fx,2.222222222222222,Bullish,-0.0034089324071749916,0.009451279047061112,-0.004775852930510305
2025-07-22,GBPJPY,fx,1.6666666666666665,Bullish,0.006652779388993446,-0.00044385487962950165,0.0013820026933921703
2025-07-22,GBPAUD,fx,1.8055555555555554,Bullish,0.0007559567941617384,0.01225037676692775,-0.005689059463755308
2025-07-22,NZDJPY,fx,2.5694444444444446,Bullish,-0.00014784151389712896,-0.025985989173452184,-0.011975162625665225
2025-07-22,CADJPY,fx,2.5,Bullish,-0.004112857554010252,-0.015068098894263415,-0.0016525703038686723
2025-07-22,CHFJPY,fx,1.6666666666666665,Bullish,-0.010434970668541044,-0.011040523370549615,-0.0048119812927469585
2025-07-22,AUDNZD,fx,-2.708333333333333,Bearish,0.004241558108429855,0.011854376225288066,0.017048681727404258
2025-07-22,AUDCAD,fx,-2.6388888888888884,Bearish,0.008310435709078634,0.000818706891717591,0.007716032075365975
2025-07-22,AUDCHF,fx,-1.8055555555555554,Bearish,0.01347443904695833,-0.004472202945485337,0.009676921890662493
2025-07-23,US-DOLLAR,single,1.5277777777777777,Bullish,,,
2025-07-23,USDJPY,fx,2.013888888888889,Bullish,0.00649492562593057,0.013290352542650652,0.011425878624796937
2025-07-23,AUDUSD,fx,-2.1527777777777777,Bearish,-0.008393557868581758,-0.027332090965562217,-0.008711725224611055
2025-07-23,EURJPY,fx,2.083333333333333,Bullish,0.0006845738817660152,-0.000997853454777542,0.0018796774380691605
2025-07-23,EURAUD,fx,2.222222222222222,Bullish,0.0025083189773689174,0.013456261538547842,-0.0008529406813424512
2025-07-23,GBPJPY,fx,1.6666666666666665,Bullish,0.006337167487312945,0.0007493952028647666,0.0014132889396309967
2025-07-23,GBPAUD,fx,1.8055555555555554,Bullish,0.007283299947490329,0.014513117719130886,-0.0021101149380579054
2025-07-23,NZDJPY,fx,2.5694444444444446,Bullish,-0.006205212830888263,-0.025566833193932714,-0.017474060175870942
2025-07-23,CADJPY,fx,2.5,Bullish,-0.005999647079583559,-0.010076806627474011,-0.0035570663026013305
2025-07-23,CHFJPY,fx,1.6666666666666665,Bullish,-0.011713973444719694,-0.008851760071852843,-0.00518336561664734
2025-07-23,AUDNZD,fx,-2.708333333333333,Bearish,0.003270398768791205,0.010589862679894813,0.01943001621458218
2025-07-23,AUDCAD,fx,-2.6388888888888884,Bearish,0.0033878660901351942,-0.0049703561717113764,0.0055721481745643064
2025-07-23,AUDCHF,fx,-1.8055555555555554,Bearish,0.007829999042787472,-0.007619412271465453,0.005819852589260099
2025-07-24,US-DOLLAR,single,1.5277777777777777,Bullish,,,
2025-07-24,USDJPY,fx,2.4305555555555554,Bullish,0.005238772358332033,-0.0004626448316448206,0.010035310686415277
2025-07-24,AUDUSD,fx,-2.1527777777777777,Bearish,-0.014221102476930536,-0.015495993200582925,-0.010927634774162143
2025-07-24,EURJPY,fx,2.5,Bullish,-0.0033302444109810647,-0.003086991775744119,0.001696976717247889
2025-07-24,EURAUD,fx,2.222222222222222,Bullish,0.005217713295070148,0.011765101913722598,0.0020365913183983952
2025-07-24,GBPJPY,fx,2.083333333333333,Bullish,0.006673146753829018,0.0006748691811420127,0.004572994152812537
2025-07-24,GBPAUD,fx,1.8055555555555554,Bullish,0.015086238442584943,0.015369227391378582,0.004625405576833996
2025-07-24,NZDJPY,fx,2.9861111111111107,Bullish,-0.014348287462463971,-0.028120837190399817,-0.02159580953241058
2025-07-24,CADJPY,fx,2.9166666666666665,Bullish,-0.008343000324810945,-0.014727854855923095,-0.0037028444155723372
2025-07-24,CHFJPY,fx,2.083333333333333,Bullish,-0.011076943066894773,-0.008987158109015292,-0.0038763886783463875
2025-07-24,AUDNZD,fx,-2.708333333333333,Bearish,0.004301232714992942,0.01055174749018506,0.018861363033192635
2025-07-24,AUDCAD,fx,-2.6388888888888884,Bearish,-0.0013246065139472796,-0.000979540951490443,0.002270754023909749
2025-07-24,AUDCHF,fx,-1.8055555555555554,Bearish,0.00057318634287995,-0.00773801562888099,0.0015667093372053742
2025-07-24,NIKKEI,cross-asset,3.333333333333333,Bullish,0.027314403667522802,0.03132275640256332,0.029858627559225193
2025-07-25,US-DOLLAR,single,1.5277777777777777,Bullish,,,
2025-07-25,USDJPY,fx,2.4305555555555554,Bullish,-0.0033932514257072333,0.0006163390813160863,-0.0019032008994485095
2025-07-25,AUDUSD,fx,-2.1527777777777777,Bearish,-0.009139932364500503,-0.01249124089815079,-0.00194985223776023
2025-07-25,EURJPY,fx,2.5,Bullish,-0.006876579247960701,-0.010164876371566045,-0.004170945298888951
2025-07-25,EURAUD,fx,2.222222222222222,Bullish,0.005406645808730071,0.002294746150703464,-0.0009011076347883451
2025-07-25,GBPJPY,fx,2.083333333333333,Bullish,0.00519659877317924,0.001028230989067458,0.002570577472668756
2025-07-25,GBPAUD,fx,1.8055555555555554,Bullish,0.01734519680879676,0.01384289536629879,0.006398059059759209
2025-07-25,NZDJPY,fx,2.9861111111111107,Bullish,-0.019092486982395296,-0.027365146631201598,-0.0223046232220544
2025-07-25,CADJPY,fx,2.9166666666666665,Bullish,-0.01185058602819633,-0.01081040919813514,-0.010847558370637334
2025-07-25,CHFJPY,fx,2.083333333333333,Bullish,-0.017545941455994973,-0.012637608617090623,-0.005237352952281338
2025-07-25,AUDNZD,fx,-2.708333333333333,Bearish,0.005775101064268817,0.014575255066963777,0.017737810411682098
2025-07-25,AUDCAD,fx,-2.6388888888888884,Bearish,-0.00031129096811488566,-0.0012673989416106535,0.007626628718815365
2025-07-25,AUDCHF,fx,-1.8055555555555554,Bearish,0.005871742717887596,0.0008059254710826025,0.002187511992938429
2025-07-25,NIKKEI,cross-asset,3.333333333333333,Bullish,0.04901865996326027,0.028062457700860577,0.03698153340423471
2025-07-28,US-DOLLAR,single,1.8055555555555556,Bullish,,,
2025-07-28,USDJPY,fx,2.569444444444444,Bullish,-0.004364224137931028,-0.007159213362068928,-0.006478987068965436
2025-07-28,AUDUSD,fx,-2.2916666666666665,Bearish,-0.004432923275147993,-0.004049452403595333,0.011028622265852661
2025-07-28,EURJPY,fx,2.5,Bullish,0.0018946768878478348,-0.0027374012704797224,0.008456303287787348
2025-07-28,EURAUD,fx,2.222222222222222,Bullish,0.010249915569064516,0.008094112349431581,0.0035573567488462743
2025-07-28,GBPJPY,fx,2.5,Bullish,0.00693631704265707,0.0022145768594374893,0.007894789943097003
2025-07-28,GBPAUD,fx,2.222222222222222,Bullish,0.01495752590211663,0.012593240292506858,0.0025401415640433633
2025-07-28,NZDJPY,fx,2.9861111111111107,Bullish,-0.013283224990971565,-0.026284308414590174,-0.01244808595160718
2025-07-28,CADJPY,fx,2.9166666666666665,Bullish,-0.009569023755980677,-0.015019850634387488,-0.011762310632351447
2025-07-28,CHFJPY,fx,2.083333333333333,Bullish,-0.010451509542212079,-0.008394765044003605,0.004974074194351363
2025-07-28,AUDNZD,fx,-2.708333333333333,Bearish,0.003645322904168413,0.014544655205576129,0.016220771013271573
2025-07-28,AUDCAD,fx,-2.6388888888888884,Bearish,0.00012281446084450032,0.003282495589844281,0.015675591184154625
2025-07-28,AUDCHF,fx,-1.8055555555555554,Bearish,-0.00032478697795268463,-0.0048526995529402095,-0.002655611172672101
2025-07-28,NIKKEI,cross-asset,3.333333333333333,Bullish,0.07278651575285422,0.04221176931745796,0.07695134499485512
2025-07-28,GOLD,cross-asset,-2.0,Bearish,0.005463409336366132,0.023585275644235848,0.09713465147008238
2025-07-28,SILVER,cross-asset,-2.0,Bearish,-0.0033816551760295077,0.01187511468791791,0.08312580281542448
2025-07-29,US-DOLLAR,single,1.8055555555555556,Bullish,,,
2025-07-29,USDJPY,fx,2.569444444444444,Bullish,-0.0049529970686345015,-0.006617473634556448,-0.006718555207385735
2025-07-29,AUDUSD,fx,-2.2916666666666665,Bearish,-0.008344346436364614,-0.0003688108922150768,0.01169437870731782
2025-07-29,EURJPY,fx,2.5,Bullish,0.0036652912097212553,0.001161453743207863,0.007365601125267851
2025-07-29,EURAUD,fx,2.222222222222222,Bullish,0.016811604010873227,0.007968734138666056,0.0020697278336097025
2025-07-29,GBPJPY,fx,2.5,Bullish,0.00599903045972372,0.004736608224933381,0.006084875171689319
2025-07-29,GBPAUD,fx,2.222222222222222,Bullish,0.01863496446185442,0.011019995999824284,0.0010049221673145148
2025-07-29,NZDJPY,fx,2.9861111111111107,Bullish,-0.016412369266989635,-0.024188436636935706,-0.012711097025399631
2025-07-29,CADJPY,fx,2.9166666666666665,Bullish,-0.012796837445829157,-0.008973561863754087,-0.012778277855624909
2025-07-29,CHFJPY,fx,2.083333333333333,Bullish,-0.008441890027270471,-0.0034169554872284236,0.0026183983224867813
2025-07-29,AUDNZD,fx,-2.708333333333333,Bearish,0.001995185927532672,0.01604385748148962,0.015595398259246052
2025-07-29,AUDCAD,fx,-2.6388888888888884,Bearish,-0.0014283482491576072,0.0010935791282611351,0.017084384136407227
2025-07-29,AUDCHF,fx,-1.8055555555555554,Bearish,-0.007230064860740071,-0.0059710034338038565,-1.9076688286823185e-05
2025-07-29,NIKKEI,cross-asset,3.333333333333333,Bullish,0.0666683061184341,0.0449291756836514,0.07195553806807009
2025-07-29,GOLD,cross-asset,-2.0,Bearish,-0.002976995940460081,0.021614794767704115,0.09043151405803629
2025-07-29,SILVER,cross-asset,-2.0,Bearish,-0.021262110500130826,0.009950248756219082,0.0698874050798639
2025-07-30,US-DOLLAR,single,1.5277777777777777,Bullish,,,
2025-07-30,USDJPY,fx,2.4305555555555554,Bullish,-0.014571193459688492,-0.01703986673178448,-0.013534216881978867
2025-07-30,AUDUSD,fx,-2.1527777777777777,Bearish,0.00012437617574367898,0.015484833880070381,0.02807792167410339
2025-07-30,EURJPY,fx,2.5,Bullish,0.006787954168108845,0.006963959894161764,0.011587043631819505
2025-07-30,EURAUD,fx,2.222222222222222,Bullish,0.021032493989909806,0.008340763648265748,-0.0029345041252355486
2025-07-30,GBPJPY,fx,2.5,Bullish,0.0019363776088012763,0.0036199644070538106,0.008655557353179022
2025-07-30,GBPAUD,fx,2.222222222222222,Bullish,0.015750060782883546,0.0046438123024556965,-0.006272793581327596
2025-07-30,NZDJPY,fx,2.9861111111111107,Bullish,-0.02751220619961381,-0.019632110820937854,-0.007187464516861586
2025-07-30,CADJPY,fx,2.9166666666666665,Bullish,-0.018494361023990047,-0.012036600146178578,-0.016718014192271036
2025-07-30,CHFJPY,fx,2.083333333333333,Bullish,-0.0021602867289657324,-0.001331085762292128,0.004898832026796196
2025-07-30,AUDNZD,fx,-2.708333333333333,Bearish,0.01242941996040181,0.017315025298819453,0.02013822688274547
2025-07-30,AUDCAD,fx,-2.6388888888888884,Bearish,0.00336185475438211,0.009545868516623646,0.030571515308244868
2025-07-30,AUDCHF,fx,-1.8055555555555554,Bearish,-0.01423935865623216,-0.0025004771903035516,0.007234205000954397
2025-07-30,NIKKEI,cross-asset,3.333333333333333,Bullish,0.05202297947559664,0.05332416773053117,0.07674555631935576
2025-07-30,GOLD,cross-asset,-2.0,Bearish,0.02196064544882881,0.04319476412300882,0.11132649136409989
2025-07-30,SILVER,cross-asset,-2.0,Bearish,0.02077607113985458,0.051603341417407744,0.10829964969011052
2025-07-31,US-DOLLAR,single,2.0833333333333335,Bullish,,,
2025-07-31,USDJPY,fx,2.708333333333333,Bullish,-0.015533246189676886,-0.02480940089842021,-0.023170480860466136
2025-07-31,AUDUSD,fx,-2.4305555555555554,Bearish,-0.0007160090279398901,0.01709082418865271,0.036656549147793704
2025-07-31,EURJPY,fx,1.6666666666666665,Bullish,0.0009707552708524414,-0.0017380588382326367,0.004307363207793902
2025-07-31,EURAUD,fx,1.3888888888888886,Bullish,0.016908593371696368,0.005033727097667917,-0.008772423733966916
2025-07-31,EURNZD,fx,-1.3194444444444444,Bearish,0.028513175213565,0.021828786744780393,0.012413864299171573
2025-07-31,GBPJPY,fx,2.5,Bullish,-2.0102522866549677e-05,-0.0028193788320433066,0.003457633933058757
2025-07-31,GBPAUD,fx,2.222222222222222,Bullish,0.01562910683864671,0.003889024093453264,-0.009233390119250395
2025-07-31,NZDJPY,fx,2.9861111111111107,Bullish,-0.02825775763928795,-0.02447051927997379,-0.009513182069229797
2025-07-31,CADJPY,fx,2.9166666666666665,Bullish,-0.019934532347640643,-0.01702894552944212,-0.0221229173562838
2025-07-31,CHFJPY,fx,2.083333333333333,Bullish,-0.011984380393510463,-0.010948826372109033,-0.0036514066275457058
2025-07-31,AUDNZD,fx,-2.708333333333333,Bearish,0.011711298606016163,0.015508070432868726,0.02168011738811426
2025-07-31,AUDCAD,fx,-2.6388888888888884,Bearish,0.003427698047897776,0.008810869736235682,0.03517604881941083
2025-07-31,AUDCHF,fx,-1.8055555555555554,Bearish,-0.006287740822390364,0.001897824211636312,0.01437745614875885
2025-07-31,NIKKEI,cross-asset,3.333333333333333,Bullish,0.045789925235935725,0.031768599093026095,0.09738938595416102
2025-07-31,GOLD,cross-asset,-2.0,Bearish,0.014513717529507586,0.04785637011195254,0.10430366975822625
2025-07-31,SILVER,cross-asset,-2.0,Bearish,0.03877489849859672,0.080519905174528,0.13150222076895823
2025-08-01,USDJPY,fx,2.013888888888889,Bullish,-0.0029115934356802597,-0.0011809260088773144,0.001968210014795524
2025-08-01,EURJPY,fx,2.5,Bullish,0.008017193923564259,0.008743367807072078,0.014224809379355552
2025-08-01,EURAUD,fx,1.3888888888888888,Bullish,0.008026830631637782,-0.0020234768026829997,-0.014499720514253744
2025-08-01,GBPJPY,fx,2.5,Bullish,0.015361422694636806,0.01786544701944459,0.022239824207271885
2025-08-01,GBPAUD,fx,1.3888888888888888,Bullish,0.01513148588069435,0.00698038565289294,-0.006668195099583829
2025-08-01,NZDJPY,fx,2.9861111111111107,Bullish,-0.010607488450134483,-0.0029765325120095776,0.009527202519134859
2025-08-01,CADJPY,fx,2.9166666666666665,Bullish,-0.005768654480071911,0.0014796224153430515,-0.0021164219358705827
2025-08-01,CHFJPY,fx,2.9166666666666665,Bullish,0.0002950916423489769,0.0030820682645331665,0.01143206881099923
2025-08-01,AUDNZD,fx,-1.875,Bearish,0.010089552784917855,0.01413269179755039,0.019831505383229198
2025-08-01,AUDCAD,fx,-1.8055555555555556,Bearish,0.0065721591673768565,0.010486294917231076,0.03162711408191643
2025-08-01,AUDCHF,fx,-1.8055555555555556,Bearish,0.00032744573068543836,0.008841034728508834,0.018722191189783688
2025-08-01,NIKKEI,cross-asset,3.333333333333333,Bullish,0.07640663359887778,0.06044892028658744,0.11914424570369264
2025-08-04,EURUSD,fx,1.3194444444444444,Bullish,0.003766966468814692,0.005693648859974365,0.016087365974616352
2025-08-04,USDJPY,fx,1.4583333333333333,Bullish,0.0046240573383109496,0.008649707256370043,0.002325628837797744
2025-08-04,USDCHF,fx,-1.4583333333333333,Bearish,-0.003676061044892487,-0.005198470164494373,-0.016796009555283375
2025-08-04,USDCAD,fx,-1.4583333333333333,Bearish,0.0058937099888223266,0.0003556549131187303,-1.45165270659664e-05
2025-08-04,NZDUSD,fx,1.5277777777777777,Bullish,-0.010088357764311495,-0.007329293476420862,0.010393039710213658
2025-08-04,EURJPY,fx,2.7777777777777777,Bullish,0.008149571368975206,0.014037005047210949,0.018061847432032874
2025-08-04,EURAUD,fx,1.6666666666666667,Bullish,0.0011908355975982499,-0.002722708619860681,-0.015072736014670185
2025-08-04,GBPJPY,fx,2.083333333333333,Bullish,0.016579308367969503,0.016241477447226815,0.02598226899531131
2025-08-04,NZDJPY,fx,2.9861111111111107,Bullish,-0.006561679790026198,0.00012662890822867645,0.011764976746327926
2025-08-04,CADJPY,fx,2.9166666666666665,Bullish,-0.0017339144289797437,0.007854163737757158,0.0019026196166642695
2025-08-04,CHFJPY,fx,2.9166666666666665,Bullish,0.006244503078276287,0.011790897097625486,0.018112357080035224
2025-08-04,AUDNZD,fx,-1.875,Bearish,0.011358236777659902,0.014465075477904987,0.01944515515917966
2025-08-04,AUDCAD,fx,-1.8055555555555556,Bearish,0.008396381025076893,0.008609658083200467,0.03139662797746001
2025-08-04,AUDCHF,fx,-1.8055555555555556,Bearish,-0.0014168102623013379,0.002833620524602898,0.013115067968600513
2025-08-04,NIKKEI,cross-asset,3.333333333333333,Bullish,0.04699192595510038,0.03798247341473027,0.10572567940133903
2025-08-05,EURUSD,fx,1.3194444444444444,Bullish,0.005563330396171295,0.007291072755230665,0.02506090291815677
2025-08-05,USDJPY,fx,1.4583333333333333,Bullish,-0.0009555564591550159,0.003639246940186247,-0.007529242738448572
2025-08-05,USDCHF,fx,-1.4583333333333333,Bearish,-0.005141101558435279,-0.004026163871063804,-0.026808057283020825
2025-08-05,USDCAD,fx,-1.4583333333333333,Bearish,0.004865190650120033,0.0015249105022765441,-0.0024398568036423374
2025-08-05,NZDUSD,fx,1.5277777777777777,Bullish,-0.0069149026320697304,-0.0037455722590377105,0.014575530057793662
2025-08-05,EURJPY,fx,2.7777777777777777,Bullish,0.004660585266461403,0.01112451257069913,0.0174010796632198
2025-08-05,EURAUD,fx,1.6666666666666667,Bullish,0.001705883339951697,-0.004127678376670163,-0.007958924566398018
2025-08-05,GBPJPY,fx,2.083333333333333,Bullish,0.012651066063846583,0.014878510008206502,0.01852295490572864
2025-08-05,NZDJPY,fx,2.9861111111111107,Bullish,-0.008902520274772008,-0.0014473774898339231,0.005927355434557802
2025-08-05,CADJPY,fx,2.9166666666666665,Bullish,-0.0063019914292916646,0.0016898673314100776,-0.005629779010167146
2025-08-05,CHFJPY,fx,2.9166666666666665,Bullish,0.002747598587887534,0.006343559289565093,0.01978052051120649
2025-08-05,AUDNZD,fx,-1.875,Bearish,0.010343412231495597,0.015022574907648023,0.017895744971952343
2025-08-05,AUDCAD,fx,-1.8055555555555556,Bearish,0.00860898162594137,0.012784393835654884,0.03067581066974956
2025-08-05,AUDCHF,fx,-1.8055555555555556,Bearish,-0.002413145899567204,0.006224384264756466,0.00444325276745694
2025-08-05,NIKKEI,cross-asset,3.333333333333333,Bullish,0.049876604146100734,0.039437314906219045,0.10498519249753202
2025-08-06,EURUSD,fx,1.3194444444444444,Bullish,-0.0019212131088487405,-0.0008148002024135348,0.013096841148267924
2025-08-06,USDCHF,fx,-1.4583333333333333,Bearish,-0.0046661123589928355,-0.0004219356920366346,-0.02123329320807643
2025-08-06,USDCAD,fx,-1.4583333333333333,Bearish,0.003799403158890824,0.005728218938787499,0.0024528713880196396
2025-08-06,EURJPY,fx,2.361111111111111,Bullish,-0.001472736903992633,0.006775753977262822,0.010693350563773185
2025-08-06,EURAUD,fx,1.6666666666666667,Bullish,-0.002271991425604858,-0.002992106644039816,-0.009556877937679342
2025-08-06,GBPJPY,fx,1.6666666666666665,Bullish,0.01104183498732203,0.01355711723247821,0.01740372058517159
2025-08-06,NZDJPY,fx,2.291666666666667,Bullish,-0.011568447603760634,-0.0063173584040358,0.003187342352671374
2025-08-06,CADJPY,fx,2.5,Bullish,-0.003303841415612019,0.0019412401538059232,-0.00494642923806321
2025-08-06,CHFJPY,fx,2.5,Bullish,0.005398206808865158,0.008352149417980126,0.021050266348072055
2025-08-06,AUDNZD,fx,-1.5972222222222223,Bearish,0.012383957394809242,0.015265644093454211,0.017180689051414344
2025-08-06,AUDCAD,fx,-1.8055555555555556,Bearish,0.004231311706629048,0.007925313990194027,0.025477421810284895
2025-08-06,AUDCHF,fx,-1.8055555555555556,Bearish,-0.004584789959309887,0.0014136435707872153,0.0007641316598849812
2025-08-07,EURUSD,fx,1.3194444444444444,Bullish,0.0015519030103490206,0.004595690682580145,0.010503210981642974
2025-08-07,USDCHF,fx,-1.4583333333333333,Bearish,-0.006388230770185022,-0.011201111428110866,-0.017291638240073515
2025-08-07,USDCAD,fx,-1.4583333333333333,Bearish,3.6369190931084816e-05,0.005622676917929281,0.0034332516238844146
2025-08-07,EURJPY,fx,2.361111111111111,Bullish,3.495892326510486e-05,0.005762395851541147,0.016127716599662056
2025-08-07,EURAUD,fx,1.6666666666666667,Bullish,8.395600705224382e-05,-0.0008787395404807885,-0.0031903282679875966
2025-08-07,GBPJPY,fx,1.6666666666666665,Bullish,0.0036199644070538106,0.005647346707652323,0.01395405274227457
2025-08-07,NZDJPY,fx,2.291666666666667,Bullish,-0.014225855435167412,-0.009590464338315119,-0.007558199276148314
2025-08-07,CADJPY,fx,2.5,Bullish,-0.001496082134909149,-0.004114225871000299,0.0022815252557364385
2025-08-07,CHFJPY,fx,2.5,Bullish,0.004802678522421555,0.01228387946649101,0.023085789560349124
2025-08-07,AUDNZD,fx,-1.5972222222222223,Bearish,0.01448811700182806,0.014844606946983419,0.027248628884826154
2025-08-07,AUDCAD,fx,-1.8055555555555556,Bearish,0.0014387847288057642,0.010874535740974078,0.017142729675771573
2025-08-07,AUDCHF,fx,-1.8055555555555556,Bearish,-0.004931642484481524,-0.00552191629536547,-0.003884382497429284
2025-08-08,EURUSD,fx,1.3194444444444444,Bullish,0.0036770707148809922,0.01052432622833921,0.008780295024785945
2025-08-08,USDCHF,fx,-1.4583333333333333,Bearish,-0.009904177086686339,-0.018211305618144435,-0.015339094263005393
2025-08-08,USDCAD,fx,-1.4583333333333333,Bearish,-0.0013304252998909138,0.003409669211196009,0.0013522355507087358
2025-08-08,EURJPY,fx,2.361111111111111,Bullish,-0.0007389778830321214,0.009641624820346806,0.01062498908989351
2025-08-08,EURAUD,fx,1.6666666666666667,Bullish,0.0012565069107879356,0.00011218811703472831,-0.0020193861066236662
2025-08-08,GBPJPY,fx,1.6666666666666665,Bullish,-0.0011125654450260258,0.005824607329842912,0.003186669351590954
2025-08-08,NZDJPY,fx,2.291666666666667,Bullish,-0.014237226360509392,-0.0033372058589035136,-0.014225836579420892
2025-08-08,CADJPY,fx,2.5,Bullish,-0.003690587138863055,-0.004790307548928174,6.523765144450522e-05
2025-08-08,CHFJPY,fx,2.5,Bullish,0.005113869933404569,0.017714927786456114,0.01786839869549728
2025-08-08,AUDNZD,fx,-1.5972222222222223,Bearish,0.012777361113651686,0.014798690251888846,0.029258967933122326
2025-08-08,AUDCAD,fx,-1.8055555555555556,Bearish,0.0008808509689359756,0.01431661574827725,0.012800214080235461
2025-08-08,AUDCHF,fx,-1.8055555555555556,Bearish,-0.006991944064447475,-0.008150934792521713,-0.005243958048335551
2025-08-11,EURUSD,fx,1.3194444444444444,Bullish,0.00823941661142169,0.008136101042626409,0.016022522793997407
2025-08-11,USDCHF,fx,-1.4583333333333333,Bearish,-0.01542780452368342,-0.018604479357769876,-0.024502259379193925
2025-08-11,EURJPY,fx,2.361111111111111,Bullish,0.0011158962913884185,0.0031384583195299687,0.013210584741280673
2025-08-11,EURAUD,fx,1.6666666666666667,Bullish,0.0019642175679619456,-0.002822861247670949,0.002789188946505927
2025-08-11,EURCAD,fx,1.5277777777777777,Bullish,0.006165197273807266,0.012961920840367736,0.019008316138310555
2025-08-11,GBPJPY,fx,1.6666666666666665,Bullish,0.0011158077794923837,0.001397272804949612,0.0031865861810724816
2025-08-11,NZDJPY,fx,2.291666666666667,Bullish,-0.012475669030517667,-0.007125701471810242,-0.014524592776405498
2025-08-11,CHFJPY,fx,2.5,Bullish,0.008261285113208228,0.013787118107814189,0.02248234040449537
2025-08-11,AUDNZD,fx,-1.5972222222222223,Bearish,0.012243779958913459,0.01316594384843639,0.026404930381191294
2025-08-11,AUDCHF,fx,-1.8055555555555556,Bearish,-0.008574835790948199,-0.007760888905714691,-0.011773836339889043
2025-08-11,NZDCAD,fx,1.4583333333333335,Bullish,-0.008985330073349562,0.001613691931540373,-0.008899755501222462
2025-08-11,CADCHF,fx,-1.6666666666666665,Bearish,-0.012737771739130377,-0.023250679347826098,-0.02753057065217379
2025-08-12,EURUSD,fx,1.3194444444444444,Bullish,-0.0027330129111299284,0.0018677016132484514,0.012165762801895186
2025-08-12,USDCHF,fx,-1.4583333333333333,Bearish,-0.00292771278641335,-0.008745921671277412,-0.01854631616816982
2025-08-12,EURJPY,fx,2.361111111111111,Bullish,7.53321859661149e-05,-0.0008402436126997426,0.010714554757807138
2025-08-12,EURAUD,fx,1.6666666666666667,Bullish,-0.0013715962020781625,-0.010871999283410982,0.001449973127911175
2025-08-12,EURCAD,fx,1.5277777777777777,Bullish,-0.001917271001276033,0.008465871953686754,0.0168072457904076
2025-08-12,GBPJPY,fx,1.6666666666666665,Bullish,-0.005235943121123077,-0.0003908168071269369,0.0005361204918279405
2025-08-12,NZDJPY,fx,2.291666666666667,Bullish,-0.011829069939375936,-0.0054823189526723715,-0.017527496900556105
2025-08-12,CHFJPY,fx,2.5,Bullish,0.005682283841005331,0.006458134134680993,0.019500068296680828
2025-08-12,AUDNZD,fx,-1.5972222222222223,Bearish,0.012753030897364681,0.01525255197453057,0.027184572299103316
2025-08-12,AUDCHF,fx,-1.8055555555555556,Bearish,-0.0037470280551593627,0.0036899667142176185,-0.00846409890632438
2025-08-12,NZDCAD,fx,1.4583333333333335,Bullish,-0.015258888821125804,0.004000731841190541,-0.011624077575166147
2025-08-12,CADCHF,fx,-1.6666666666666665,Bearish,-0.0032148292549462054,-0.015595341917611472,-0.023461413498862993
2025-08-13,EURUSD,fx,1.5972222222222223,Bullish,-0.003716773328092726,0.0026914565479292385,0.0028452540649539504
2025-08-13,USDCHF,fx,-1.7361111111111112,Bearish,-0.0014159555837091053,-0.0118120505272572,-0.012743600253381615
2025-08-13,NZDUSD,fx,1.5277777777777777,Bullish,-0.016167905201847743,0.00023431746669344555,-0.02708040436499959
2025-08-13,EURJPY,fx,2.361111111111111,Bullish,0.001194285979314369,0.0016464913501228473,0.013125550762951743
2025-08-13,EURAUD,fx,1.6666666666666667,Bullish,-0.003352849642325406,-0.014609244685257594,-0.002781913643131406
2025-08-13,EURCAD,fx,1.5277777777777777,Bullish,-0.0012490368124083995,0.007960279386542757,0.012894285501230396
2025-08-13,GBPJPY,fx,1.3888888888888888,Bullish,-0.004892871600853499,-0.0020940890712539684,0.0006397217210514228
2025-08-13,NZDJPY,fx,2.291666666666667,Bullish,-0.011339209553596796,-0.0005686664771111793,-0.017048620983793006
2025-08-13,CHFJPY,fx,2.5,Bullish,0.0066080139277442385,0.011354615481476094,0.02347022013938682
2025-08-13,AUDNZD,fx,-1.5972222222222223,Bearish,0.016106941324713686,0.01722091345714838,0.033446556730400534
2025-08-13,AUDCHF,fx,-1.8055555555555556,Bearish,-0.0019945292910873436,0.005147785122711079,-0.0074272471696679165
2025-08-13,NZDCAD,fx,1.4583333333333335,Bullish,-0.013834641357912014,0.004660217801301991,-0.017424104155259523
2025-08-13,CADCHF,fx,-1.6666666666666665,Bearish,-0.004105160528881435,-0.01737851290559833,-0.022800745770829356
2025-08-14,EURUSD,fx,1.5972222222222223,Bullish,0.00023181736226174365,0.007461084733538792,0.0014939341123543226
2025-08-14,USDCHF,fx,-1.7361111111111112,Bearish,-0.002254456267264504,-0.01433190055618172,-0.009946859245128725
2025-08-14,NZDUSD,fx,1.5277777777777777,Bullish,-0.012150401351922357,0.006151246303337521,-0.02556822982678497
2025-08-14,EURJPY,fx,2.361111111111111,Bullish,0.005044018944126316,0.006403812069616821,0.014864747072667495
2025-08-14,EURAUD,fx,1.9444444444444444,Bullish,-0.0031646099492658175,-0.015979326780860448,-0.00529667520609034
2025-08-14,EURCAD,fx,1.5277777777777777,Bullish,0.00037933907938758615,0.009707349228262663,0.0104473713667399
2025-08-14,GBPJPY,fx,1.3888888888888888,Bullish,-0.0020862308762169546,0.0007754575199367952,-0.0009055342652165566
2025-08-14,NZDJPY,fx,2.291666666666667,Bullish,-0.007353025391989676,0.006093161228253097,-0.011968709555497004
2025-08-14,CHFJPY,fx,2.5,Bullish,0.00728120791407072,0.013270412017825306,0.024000613154350647
2025-08-14,AUDNZD,fx,-1.875,Bearish,0.01449777202686331,0.015928413263957886,0.03190238835075321
2025-08-14,AUDCHF,fx,-2.083333333333333,Bearish,0.0009929538467412513,0.009929538467413845,-0.003131623670492023
2025-08-14,NZDCAD,fx,1.4583333333333335,Bullish,-0.011856256653085206,0.007891935543075324,-0.017753796082173867
2025-08-14,CADCHF,fx,-1.6666666666666665,Bearish,-0.002569857287258781,-0.015778923743768214,-0.018674296287412906
2025-08-15,GBPUSD,fx,1.4583333333333333,Bullish,-0.0035127855060699265,0.0034611268956863395,-0.011254197262093646
2025-08-15,USDCHF,fx,-1.7361111111111112,Bearish,-0.010771636345585867,-0.01422153830880346,-0.010002233749472511
2025-08-15,NZDUSD,fx,1.5277777777777777,Bullish,-0.004914212375033755,0.008038368008646213,-0.02561807619562284
2025-08-15,EURJPY,fx,1.9444444444444442,Bullish,0.002724368283473666,0.006488527446993908,0.015893116468196355
2025-08-15,GBPJPY,fx,2.2222222222222223,Bullish,-0.002612445469588387,0.0050644336358620645,0.004377475806047082
2025-08-15,GBPCAD,fx,1.3888888888888888,Bullish,-0.002816359467937901,0.00043821912024832876,-0.0023193548559488075
2025-08-15,NZDJPY,fx,2.291666666666667,Bullish,-0.003274657597205577,0.009858442871587547,-0.009375861751999337
2025-08-15,CHFJPY,fx,2.5,Bullish,0.012528411274472129,0.016849121034774317,0.026841105486807404
2025-08-15,AUDNZD,fx,-1.3194444444444446,Bearish,0.011894020178820242,0.016815683701090878,0.03301160236604406
2025-08-15,AUDCHF,fx,-1.5277777777777777,Bearish,-0.003662724151087482,0.009442960702022107,-0.004959938954597565
2025-08-15,NZDCAD,fx,1.4583333333333335,Bullish,-0.005292298666536244,0.0041922827774178995,-0.01632912475402415
2025-08-15,CADCHF,fx,-1.6666666666666665,Bearish,-0.01137396853716699,-0.012111646737918536,-0.019694292429363047
2025-08-18,US-DOLLAR,single,-1.3888888888888886,Bearish,,,
2025-08-18,EURUSD,fx,1.3888888888888886,Bullish,0.008765008576329336,0.017658662092624455,0.00566895368782161
2025-08-18,GBPUSD,fx,1.6666666666666665,Bullish,0.0031330548395698266,0.010532397120255999,-0.005281012058187429
2025-08-18,USDCHF,fx,-1.9444444444444442,Bearish,-0.01734755833116486,-0.026578937585963414,-0.01177155743900482
2025-08-18,NZDUSD,fx,1.7361111111111112,Bullish,0.003039975680194651,0.01101146746381576,-0.024539359240681735
2025-08-18,EURJPY,fx,1.9444444444444442,Bullish,0.006549217748438085,0.007999443113459792,0.01018638296391261
2025-08-18,GBPJPY,fx,2.2222222222222223,Bullish,0.0009518704253859145,0.0010821263783333812,-0.001032027934891988
2025-08-18,GBPCAD,fx,1.3888888888888888,Bullish,0.0030607477890125523,0.005810051066160504,0.0027063454134426124
2025-08-18,NZDJPY,fx,2.291666666666667,Bullish,0.000846381718154765,0.0015898251192367763,-0.019684093742494135
2025-08-18,CHFJPY,fx,2.5,Bullish,0.015588507167978438,0.01910002351950202,0.017262220569171927
2025-08-18,AUDNZD,fx,-1.3194444444444446,Bearish,0.012529773040454772,0.018415937360260592,0.03873004864070673
2025-08-18,AUDCHF,fx,-1.5277777777777777,Bearish,-0.0023315814620162856,0.0023124701385572877,0.000936454849498336
2025-08-18,NZDCAD,fx,1.4583333333333335,Bullish,0.003046989720998594,0.006363191385217792,-0.017657856093979518
2025-08-18,CADCHF,fx,-1.6666666666666665,Bearish,-0.01756608683741956,-0.02215449938364622,-0.02004862347623615
2025-08-19,US-DOLLAR,single,-1.3888888888888886,Bearish,,,
2025-08-19,EURUSD,fx,1.3888888888888886,Bullish,0.0055043665684868515,0.014314787940199025,0.007530935227087365
2025-08-19,GBPUSD,fx,1.6666666666666665,Bullish,0.0026313058689237945,0.009776598425663696,-0.003528173503120624
2025-08-19,USDCHF,fx,-1.9444444444444442,Bearish,-0.012843218607185736,-0.023197057330047177,-0.014168410883915628
2025-08-19,EURJPY,fx,1.9444444444444442,Bullish,0.003686796731892983,0.009658942226615785,0.009321664292152532
2025-08-19,GBPJPY,fx,2.2222222222222223,Bullish,8.533279791178572e-05,0.005029615500451889,-0.0017719104507579742
2025-08-19,GBPCAD,fx,1.3888888888888888,Bullish,0.0008236923883335745,0.0028668774035505162,0.00011767034119047892
2025-08-19,NZDJPY,fx,1.4583333333333333,Bullish,0.003763032520886611,0.006904646827314842,-0.015132684296531584
2025-08-19,CHFJPY,fx,2.5,Bullish,0.011154453015427723,0.02071463008415142,0.015866058906030878
2025-08-19,AUDCHF,fx,-1.5277777777777777,Bearish,0.00726350377586904,0.006648603985319079,0.01047251205780042
2025-08-19,CADCHF,fx,-1.6666666666666665,Bearish,-0.011039843172321206,-0.016748920949907986,-0.017488349698209893
2025-08-20,US-DOLLAR,single,-1.3888888888888886,Bearish,,,
2025-08-20,EURUSD,fx,1.3888888888888886,Bullish,0.0038285562222621916,0.011700273836196207,0.006927454868532967
2025-08-20,GBPUSD,fx,1.6666666666666665,Bullish,0.0056264958154330635,0.007283970804655926,0.0015831487565221014
2025-08-20,USDCHF,fx,-1.9444444444444442,Bearish,-0.005909503726097665,-0.014381865910250258,-0.008708742333196517
2025-08-20,EURJPY,fx,1.9444444444444442,Bullish,0.004766733097910425,0.016269827395312575,0.005209608055662507
2025-08-20,GBPJPY,fx,2.2222222222222223,Bullish,0.0067061940204364845,0.011994449350321679,-6.559858710741828e-05
2025-08-20,GBPCAD,fx,1.3888888888888888,Bullish,0.004857622338628742,0.0015870377618476539,0.006160494555280893
2025-08-20,NZDJPY,fx,1.4583333333333333,Bullish,0.02089973962894187,0.01492171354513272,-0.0028255513911754626
2025-08-20,CHFJPY,fx,2.5,Bullish,0.007074401491419247,0.019041839563070928,0.007123605211220685
2025-08-20,AUDCHF,fx,-1.5277777777777777,Bearish,0.021783750290449877,0.012973433506312526,0.01897606691968101
2025-08-20,CADCHF,fx,-1.6666666666666665,Bearish,-0.005235873509590427,-0.008761016070502836,-0.013167444271643292
2025-08-21,US-DOLLAR,single,-1.3888888888888886,Bearish,,,
2025-08-21,EURUSD,fx,1.3888888888888886,Bullish,0.011167022816571226,0.011744330323292251,0.009521265595919148
2025-08-21,USDCHF,fx,-1.9444444444444442,Bearish,-0.015797221569330944,-0.016106485891361655,-0.013075695535460397
2025-08-21,EURJPY,fx,1.9444444444444442,Bullish,0.0033333720484558516,0.008635408076748785,0.0018757476858033417
2025-08-21,GBPJPY,fx,1.3888888888888888,Bullish,0.0034778063686073946,0.0014926423287231483,-0.005523279189449948
2025-08-21,NZDJPY,fx,1.4583333333333333,Bullish,0.019289658052243253,0.003908968589059647,-0.007829536491439693
2025-08-21,CHFJPY,fx,2.5,Bullish,0.008434050637057267,0.013751050844496904,0.005884729182361159
2025-08-21,AUDCHF,fx,-1.5277777777777777,Bearish,0.02079595655612798,0.01001215348110418,0.01352315913343749
2025-08-21,CADCHF,fx,-1.6666666666666665,Bearish,-0.010506915617410462,-0.00716537196203737,-0.01739669635013863
2025-08-22,US-DOLLAR,single,-1.6666666666666665,Bearish,,,
2025-08-22,EURUSD,fx,1.5277777777777777,Bullish,0.0011262029895571235,0.006842536345641914,0.0017234318476553323
2025-08-22,USDCHF,fx,-2.083333333333333,Bearish,-0.006207146336284941,-0.010515930010365993,-0.007306198403876696
2025-08-22,CHFJPY,fx,1.6666666666666665,Bullish,0.011133691709278581,0.01692998557755332,0.011434159346182415
2025-08-22,AUDCHF,fx,-1.5277777777777777,Bearish,0.01838872414988235,0.005256671929757095,0.009088458428004653
2025-08-22,CADCHF,fx,-1.3888888888888888,Bearish,-0.007309360474157978,-0.010575244941334883,-0.01658861951581958
2025-08-25,US-DOLLAR,single,-1.6666666666666665,Bearish,,,
2025-08-25,EURUSD,fx,1.5277777777777777,Bullish,0.012274163144802452,0.016887733583522024,0.008090963082828972
2025-08-25,USDCHF,fx,-2.083333333333333,Bearish,-0.013168356191612052,-0.017168554959252735,-0.012745974955277295
2025-08-25,CHFJPY,fx,1.6666666666666665,Bullish,0.011794205052005902,0.019327418931911478,0.03336137575386777
2025-08-25,AUDCHF,fx,-1.5277777777777777,Bearish,0.014552496357082667,-0.0004985044865404298,0.0069407163126005145
2025-08-25,CADCHF,fx,-1.3888888888888888,Bearish,-0.008112856552294323,-0.01634628634421942,-0.019412291580542917
2025-08-26,US-DOLLAR,single,-1.6666666666666665,Bearish,,,
2025-08-26,EURUSD,fx,1.5277777777777777,Bullish,0.01938970120788297,0.008316008316008316,0.0014089104998193935
2025-08-26,USDCHF,fx,-2.083333333333333,Bearish,-0.02177892338152343,-0.010235720422877237,-0.006226107313185625
2025-08-26,CHFJPY,fx,1.6666666666666665,Bullish,0.016986250525361957,0.020397692227916986,0.03851381224516537
2025-08-26,AUDCHF,fx,-1.5277777777777777,Bearish,0.006872984180617436,0.0031677161726311187,0.006853785900783116
2025-08-26,CADCHF,fx,-1.3888888888888888,Bearish,-0.014715269032380518,-0.014439249918056785,-0.014266737971604493
2025-08-27,US-DOLLAR,single,-1.6666666666666665,Bearish,,,
2025-08-27,EURUSD,fx,1.5277777777777777,Bullish,0.015046962679064135,0.002371765676425941,-0.0007819952049085144
2025-08-27,USDCHF,fx,-2.083333333333333,Bearish,-0.016644847578081268,-0.003478586123059735,-0.00039897761984908353
2025-08-27,EURJPY,fx,1.5277777777777777,Bullish,0.012184031340360058,0.018112815968659657,0.03498391008301471
2025-08-27,CHFJPY,fx,2.083333333333333,Bullish,0.015568020146849548,0.019585397894828604,0.03776989201593861
2025-08-27,AUDCHF,fx,-1.5277777777777777,Bearish,0.005373558255128641,0.0018807453892950576,0.012090506074039942
2025-08-27,CADCHF,fx,-1.3888888888888888,Bearish,-0.015580882859307255,-0.013859238344466673,-0.011913780042696831
2025-08-28,US-DOLLAR,single,-1.6666666666666665,Bearish,,,
2025-08-28,EURUSD,fx,1.5277777777777777,Bullish,0.008937437934458892,0.0015238160462964778,-0.010016094236893536
2025-08-28,USDCHF,fx,-2.083333333333333,Bearish,-0.010973508776310203,-0.004069810990986356,0.006441786721929521
2025-08-28,AUDUSD,fx,1.3888888888888888,Bullish,0.012247959949170939,0.001959673591867217,0.0034141188358314256
2025-08-28,EURJPY,fx,1.5277777777777777,Bullish,0.016092195110582797,0.01893542147335059,0.03137453681045921
2025-08-28,AUDJPY,fx,1.3888888888888888,Bullish,0.019526238382826966,0.019713990674969484,0.04544648538139784
2025-08-28,CHFJPY,fx,2.083333333333333,Bullish,0.0181957228306886,0.021686286291754397,0.03546827629530491
2025-08-28,CADCHF,fx,-1.3888888888888888,Bearish,-0.014415312188584606,-0.018195251022301573,-0.013401601319542378
2025-08-29,US-DOLLAR,single,-1.3888888888888886,Bearish,,,
2025-08-29,EURUSD,fx,1.3888888888888886,Bullish,0.005084528140380851,0.003732077894286201,-0.005118767387117584
2025-08-29,USDCHF,fx,-1.5277777777777777,Bearish,-0.00548928401730564,-0.002763398104383974,-0.0013129267011778856
2025-08-29,EURJPY,fx,1.5277777777777777,Bullish,0.01137237090350074,0.014039317075443147,0.022989308923206053
2025-08-29,AUDJPY,fx,1.3888888888888888,Bullish,0.014545113799637521,0.016325510692793088,0.01812673094142392
2025-08-29,CHFJPY,fx,1.6666666666666665,Bullish,0.012689635616049966,0.014205629901078654,0.030941552421773544
2025-09-01,US-DOLLAR,single,-1.3888888888888886,Bearish,,,
2025-09-01,EURUSD,fx,1.3888888888888886,Bullish,0.007719501989650324,0.0019127969531878009,-0.0120403736785476
2025-09-01,USDCHF,fx,-1.5277777777777777,Bearish,-0.009216647491371077,-0.004564554049322211,0.00526486919113589
2025-09-01,EURJPY,fx,1.5277777777777777,Bullish,0.012081207075720801,0.007645819182472202,0.02290843013973798
2025-09-01,EURCAD,fx,1.3888888888888886,Bullish,0.012764423674463732,0.01432424370479013,0.008706405826642616
2025-09-01,AUDJPY,fx,1.3888888888888888,Bullish,0.010763625795335408,0.01424078552671193,0.0288137176546297
2025-09-01,CHFJPY,fx,1.6666666666666665,Bullish,0.014104533716863266,0.010165724185271285,0.030213883350221904
2025-09-01,CADCHF,fx,-1.5277777777777777,Bearish,-0.014983657319800447,-0.01709960433511104,-0.016015826595561777
2025-09-02,US-DOLLAR,single,-1.3888888888888886,Bearish,,,
2025-09-02,AUDJPY,fx,1.3888888888888888,Bullish,0.007359258070859909,0.0055272064835996115,0.01800999865442532
2025-09-02,AUDCHF,fx,1.3888888888888888,Bullish,-0.004734812325785653,0.004696628355416399,-0.00977509641452523
2025-09-03,AUDJPY,fx,1.3888888888888888,Bullish,0.011425265745896418,0.0021796845139097076,0.015061516688532395
2025-09-03,AUDCHF,fx,1.3888888888888888,Bullish,-0.005443575248862742,-1.9033479891295002e-05,-0.014027674679761626
2025-09-04,AUDUSD,fx,2.0833333333333335,Bullish,0.003483304689418043,0.012736312300515529,-0.005125214829364122
2025-09-04,EURJPY,fx,1.3888888888888888,Bullish,0.009771440796054298,0.0007169577862193854,0.01647268333015317
2025-09-04,EURCHF,fx,1.3888888888888888,Bullish,-0.006272133805521163,-0.005024107180953141,-0.012789606178265078
2025-09-04,GBPAUD,fx,-1.6666666666666667,Bearish,-0.010330106894994251,-0.009669601705657449,0.005157768463791346
2025-09-04,AUDJPY,fx,2.638888888888889,Bullish,0.012436369656085633,0.006125067251582905,0.008121921946778077
2025-09-04,AUDNZD,fx,1.8055555555555556,Bullish,0.017155894082563794,0.014928322494879964,0.01718284051305985
2025-09-04,AUDCAD,fx,2.5,Bullish,0.01221652117900529,0.02250061082605903,0.0118389196152906
2025-09-04,AUDCHF,fx,2.638888888888889,Bullish,-0.00412048606474491,-0.00028614486560729624,-0.020926727838080028
2025-09-05,AUDUSD,fx,2.2222222222222223,Bullish,-0.0011141976250801378,0.009936200738728251,-0.009111999755792355
2025-09-05,EURAUD,fx,-1.6666666666666667,Bearish,0.00031931342012669894,-0.009377730970040576,0.003999820736325432
2025-09-05,GBPAUD,fx,-1.875,Bearish,-0.006299059515419425,-0.010741451797127266,0.0037522175508519773
2025-09-05,AUDJPY,fx,1.3888888888888888,Bullish,0.012867932738631627,0.02978688133942531,0.01225665413027488
2025-09-05,AUDNZD,fx,1.8055555555555556,Bullish,0.020869361579478385,0.01886078685689596,0.021229644040928086
2025-09-05,AUDCAD,fx,2.5,Bullish,0.006774499635898046,0.0178520202131649,0.004435421585718302
2025-09-05,AUDCHF,fx,2.638888888888889,Bullish,-0.0013019836103239646,0.005552577161675787,-0.015011105154323245
2025-09-05,NIKKEI,cross-asset,-5.0,Very Bearish,0.05918139014498158,0.13141578481189686,0.12428325019812592
2025-09-08,AUDUSD,fx,2.361111111111111,Bullish,-0.002275727094806723,-0.0016992095641223948,-0.01200066754661444
2025-09-08,EURAUD,fx,-1.6666666666666667,Bearish,-0.0008188813855921628,-0.007302627150965857,0.0014919345792294703
2025-09-08,GBPAUD,fx,-1.875,Bearish,-0.006144236063401087,-0.007240550983516392,0.00168588872159936
2025-09-08,AUDJPY,fx,1.3888888888888888,Bullish,0.004931281206568272,0.02787872548514958,0.009656663406598875
2025-09-08,AUDNZD,fx,1.8055555555555556,Bullish,0.025876054510058477,0.022586343644098283,0.021685052995890075
2025-09-08,AUDCAD,fx,2.5,Bullish,0.0058041112454656485,0.008937012201824857,0.0049247004506980385
2025-09-08,AUDCHF,fx,2.638888888888889,Bullish,0.0032756738118497886,0.004635748903319747,-0.012681263528915854
2025-09-08,NIKKEI,cross-asset,-5.0,Very Bearish,0.025273550353738683,0.09226779499078686,0.1284606110239086
2025-09-09,AUDUSD,fx,2.361111111111111,Bullish,0.004313814840130714,0.00030378977747402836,-0.014657856763119814
2025-09-09,EURAUD,fx,-1.6666666666666667,Bearish,-0.0022455468947857327,-0.007243155021526837,0.00519458592452926
2025-09-09,GBPAUD,fx,-1.875,Bearish,-0.010394888814163838,-0.00946407598551624,0.003157940905568868
2025-09-09,AUDJPY,fx,1.3888888888888888,Bullish,0.0078698737519598,0.03621379651786438,0.015502516709299474
2025-09-09,AUDNZD,fx,1.8055555555555556,Bullish,0.028341759261762522,0.025503077491506376,0.016698658159633117
2025-09-09,AUDCAD,fx,2.5,Bullish,0.00975368917658681,0.008151845959734505,-0.0029513412694058827
2025-09-09,AUDCHF,fx,2.638888888888889,Bullish,0.003185867719719848,0.006066502604017643,-0.015814876285316415
2025-09-09,NIKKEI,cross-asset,-5.0,Very Bearish,0.028102775866024388,0.10431291580637758,0.13184216563431983
2025-09-10,AUDUSD,fx,2.361111111111111,Bullish,-1.512241595724717e-05,-0.00887685816686079,-0.018903019946466704
2025-09-10,EURAUD,fx,-1.6666666666666667,Bearish,0.0031129373677001304,-0.00228093410760577,0.01175558347766037
2025-09-10,GBPAUD,fx,-1.875,Bearish,-0.003948913681738109,-0.008010373850068642,0.006101976903503559
2025-09-10,AUDJPY,fx,1.3888888888888888,Bullish,-0.002699928138794716,0.028929268042295453,0.011159018581254454
2025-09-10,AUDNZD,fx,1.8055555555555556,Bullish,0.02135803689360527,0.024979109198242533,0.014628053875805458
2025-09-10,AUDCAD,fx,2.5,Bullish,0.005291409369613254,0.0025420585218967062,-0.009339064784306794
2025-09-10,AUDCHF,fx,2.638888888888889,Bullish,-0.0027478254278079373,-9.475260095892502e-05,-0.02257006954840901
2025-09-10,NIKKEI,cross-asset,-5.0,Very Bearish,0.02127319987231524,0.10577317707145784,0.11224862054813256
2025-09-11,AUDUSD,fx,2.361111111111111,Bullish,-0.009669669669669645,-0.02821321321321335,-0.022162162162162158
2025-09-11,EURAUD,fx,-1.6666666666666667,Bearish,0.008134330053850114,0.018927086410215566,0.012394628615573389
2025-09-11,GBPAUD,fx,-1.875,Bearish,-0.00028985080052856826,0.012615878911143463,0.003998958502208216
2025-09-11,AUDJPY,fx,1.3888888888888888,Bullish,-0.00952555974149294,-0.001633536504435984,0.013517514574208578
2025-09-11,AUDNZD,fx,1.8055555555555556,Bullish,0.017566694194104393,0.015017414096441861,0.016166385408064476
2025-09-11,AUDCAD,fx,2.5,Bullish,-0.0001194211331979611,-0.016143565915037184,-0.010910748987634444
2025-09-11,AUDCHF,fx,2.638888888888889,Bullish,-0.007124633846735451,-0.023868468298214207,-0.02277237078333172
2025-09-11,NIKKEI,cross-asset,-5.0,Very Bearish,0.005204610436025714,0.009359363831308087,0.09444245889921365
2025-09-12,AUDUSD,fx,2.2222222222222223,Bullish,-0.007041193993921779,-0.019935004363133002,-0.020266000661992578
2025-09-12,EURAUD,fx,-1.6666666666666667,Bearish,0.007969099179834904,0.0064490147811191445,0.011582135605141097
2025-09-12,GBPAUD,fx,-1.875,Bearish,0.0013553595631419224,0.0040611679663713485,0.0024995580349251867
2025-09-12,AUDJPY,fx,1.3888888888888888,Bullish,-0.00860451839164822,0.01051096974145671,0.014018024630943593
2025-09-12,AUDNZD,fx,1.8055555555555556,Bullish,0.013499089596282987,0.020369722573527538,0.01589394469409533
2025-09-12,AUDCAD,fx,2.5,Bullish,0.0009132022960516295,-0.006022786571577621,-0.009197251695947095
2025-09-12,AUDCHF,fx,2.638888888888889,Bullish,-0.009132333755601407,-0.011136531225774626,-0.021686929229140284
2025-09-12,NIKKEI,cross-asset,-5.0,Very Bearish,0.030465147513094815,0.05083493754756674,0.1083180373371535
2025-09-15,AUDUSD,fx,1.8055555555555554,Bullish,-0.00788664817452589,-0.02758827498313232,-0.017227678236749422
2025-09-15,GBPAUD,fx,-1.458333333333333,Bearish,-0.0004665324362814749,0.007400677699749503,-0.0018955949516281656
2025-09-15,AUDNZD,fx,1.3888888888888886,Bullish,0.013929224481015412,0.017039546807213757,0.018061381807751742
2025-09-15,AUDCAD,fx,2.083333333333333,Bullish,0.00401597684011179,-0.00889174275981408,-0.0022419816505774293
2025-09-15,AUDCHF,fx,2.222222222222222,Bullish,-0.007502598507039604,-0.019824246432958548,-0.01600680336388538
2025-09-15,NIKKEI,cross-asset,-5.0,Very Bearish,0.08061176784879454,0.04488078541374474,0.12397871724659937
2025-09-16,AUDUSD,fx,1.8055555555555554,Bullish,-0.01557404027407927,-0.025822087908799918,-0.015514197660153828
2025-09-16,GBPAUD,fx,-1.458333333333333,Bearish,-0.0007062597172018403,0.008318170002599379,-0.011918132727781083
2025-09-16,AUDNZD,fx,1.3888888888888886,Bullish,0.01667607552174344,0.018065001747358922,0.02031416615142012
2025-09-16,AUDCAD,fx,2.083333333333333,Bullish,-0.000468276958595526,-0.004486746673055597,-0.000696970356979465
2025-09-16,AUDCHF,fx,2.222222222222222,Bullish,-1.9067231056824063e-05,-0.012279296800518646,-0.005338824695877764
2025-09-16,NIKKEI,cross-asset,-5.0,Very Bearish,0.07238575959262072,0.07198374056372003,0.13090186268816728
2025-09-17,AUDUSD,fx,1.5972222222222219,Bullish,-0.009982110374479491,-0.02533110840511721,-0.012086772200423868
2025-09-17,AUDNZD,fx,1.3888888888888886,Bullish,0.020216600025102505,0.015267791504545158,0.02267307381972694
2025-09-17,AUDCAD,fx,2.083333333333333,Bullish,0.0030346032092565256,-0.005479751118873555,4.3663355528744674e-05
2025-09-17,AUDCHF,fx,2.222222222222222,Bullish,0.006681046824593917,-0.020291293641552133,0.0020806688682306618
2025-09-17,NIKKEI,cross-asset,-5.0,Very Bearish,0.07269080779944281,0.0692367688022284,0.13651253481894154
2025-09-18,AUDUSD,fx,1.5972222222222219,Bullish,-0.00872695373353305,-0.018089145000529494,-0.008938699578020959
2025-09-18,AUDNZD,fx,1.5972222222222219,Bullish,0.015055925823760363,0.008898301314279156,0.014762281880389194
2025-09-18,AUDCAD,fx,2.083333333333333,Bullish,0.007620948287205609,-0.0017544629150402224,0.00470415369095134
2025-09-18,AUDCHF,fx,2.222222222222222,Bullish,0.00860190388806048,-0.016630347516917166,0.0034025308712772873
2025-09-18,NIKKEI,cross-asset,-5.0,Very Bearish,0.05780094662682411,0.05206447532008629,0.12445743451043678
2025-09-19,AUDJPY,fx,1.3888888888888886,Bullish,0.0035302689777614304,0.006465318186016367,0.033332307092351465
2025-09-19,AUDNZD,fx,1.5972222222222219,Bullish,0.004834137541876782,0.007331182853029805,0.015533221366177186
2025-09-19,AUDCAD,fx,2.083333333333333,Bullish,-0.0023119096373604986,0.006429310610564176,0.009412774952110459
2025-09-19,AUDCHF,fx,2.222222222222222,Bullish,-0.013446405378562232,-0.015566506226602495,0.004202001680800649
2025-09-19,NIKKEI,cross-asset,-3.333333333333333,Bearish,-0.002252202521583646,0.09532115966349441,0.15356929938837238
2025-09-22,AUDJPY,fx,1.3888888888888886,Bullish,0.01785787636064895,0.011039227767508653,0.0341959334565618
2025-09-22,AUDNZD,fx,1.5972222222222219,Bullish,0.011946591707659993,0.0035848670574736285,0.018813880462919208
2025-09-22,AUDCAD,fx,2.083333333333333,Bullish,0.002807818018294661,-0.003268475661921122,0.007831179941650168
2025-09-22,AUDCHF,fx,2.222222222222222,Bullish,0.001781370314325681,-0.01181833853697778,0.01055414024939183
2025-09-22,NIKKEI,cross-asset,-3.333333333333333,Bearish,0.026524096912446504,0.0788288288288288,0.1472491909385114
2025-09-23,AUDJPY,fx,1.3888888888888886,Bullish,0.010572931650980166,0.01205252558464509,0.023375529160330588
2025-09-23,AUDNZD,fx,1.5972222222222219,Bullish,0.0076731112512322674,0.0028418930560121236,0.019724513991882908
2025-09-23,AUDCAD,fx,2.3611111111111107,Bullish,-0.0023881512641864555,-0.005280224354760943,0.0023005126856843194
2025-09-23,AUDCHF,fx,2.222222222222222,Bullish,-0.00506426242087088,-0.010588912334548173,0.007442931133704089
2025-09-23,NIKKEI,cross-asset,-3.333333333333333,Bearish,0.029999122191011196,0.07051000702247201,0.12254213483146059
2025-09-24,AUDJPY,fx,1.3888888888888886,Bullish,0.0035951751115830266,0.013910876426069141,0.023082658386869292
2025-09-24,AUDNZD,fx,1.5972222222222219,Bullish,0.0038168950618922004,0.00021204972566057911,0.013898092436009701
2025-09-24,AUDCAD,fx,2.3611111111111107,Bullish,-0.00037179599335146474,-0.003739830286064172,0.003608608170763805
2025-09-24,AUDCHF,fx,2.222222222222222,Bullish,-0.008631083382772298,-0.010391747842229293,0.007521099267027598
2025-09-24,NIKKEI,cross-asset,-3.333333333333333,Bearish,0.05111359306221663,0.07299126207213713,0.12097321682762852
2025-09-25,CADJPY,fx,-1.8055555555555554,Bearish,-0.003818286799903148,0.016483823502020822,0.009005569110991152
2025-09-25,CHFJPY,fx,-1.6666666666666665,Bearish,0.014434951830031295,0.025801139826566954,0.013488660543395703
2025-09-25,AUDNZD,fx,1.5972222222222219,Bullish,2.6491937620276573e-05,0.000167782271595307,0.013961251125907514
2025-09-25,AUDCAD,fx,2.3611111111111107,Bullish,-0.00037304426060436047,-4.3887560071120824e-05,0.0033354545654034062
2025-09-25,AUDCHF,fx,2.222222222222222,Bullish,-0.016875778182166457,-0.008868882290968383,-0.0007853653864572374
2025-09-25,NIKKEI,cross-asset,-5.0,Very Bearish,0.05184470701712085,0.0854067562531513,0.1023960365653156
2025-09-26,CADJPY,fx,-1.8055555555555554,Bearish,0.0020725582090108663,0.01947457848647227,0.018989114401478657
2025-09-26,CHFJPY,fx,-1.6666666666666665,Bearish,0.014323522335391692,0.02625177105889276,0.01751543828695179
2025-09-26,AUDNZD,fx,1.5972222222222219,Bullish,0.0003529173026530774,0.0020998579507858217,0.01789290724450998
2025-09-26,AUDCAD,fx,2.3611111111111107,Bullish,-0.0023233385937225792,0.004701472908995363,-0.0005041206382604413
2025-09-26,AUDCHF,fx,2.222222222222222,Bullish,-0.013726993865030623,-0.0017638036809813906,0.0008435582822086118
2025-09-26,NIKKEI,cross-asset,-5.0,Very Bearish,0.06146431636627714,0.11106709799520265,0.11036288814066597
2025-09-29,CHFJPY,fx,-1.6666666666666665,Bearish,0.021216992950968683,0.029002650779909933,0.02801331304474064
2025-09-29,AUDNZD,fx,1.5972222222222219,Bullish,-0.004085290319179813,0.0003602083937341849,0.0169561512172407
2025-09-29,AUDCHF,fx,2.222222222222222,Bullish,-0.01590483827853506,-0.003971436208805801,0.003093137816474023
2025-09-29,NIKKEI,cross-asset,-5.0,Very Bearish,0.10064344353228316,0.12347459507432879,0.13805191923674287
2025-09-30,AUDJPY,fx,1.3888888888888886,Bullish,0.007573044056695455,0.025779051322724067,0.028583124392365544
2025-09-30,AUDNZD,fx,1.5972222222222219,Bullish,-0.011322209758833246,-0.00035929613011775885,0.011313446438586672
2025-09-30,AUDCHF,fx,2.222222222222222,Bullish,-0.01894040238846839,-0.0017114821435363359,-0.00783478492374401
2025-09-30,NIKKEI,cross-asset,-6.666666666666666,Very Bearish,0.10090371527390385,0.138034140354792,0.1421175945553943
2025-10-01,AUDJPY,fx,1.3888888888888886,Bullish,0.013896466180118638,0.03832336562117211,0.04127765139427875
2025-10-01,AUDNZD,fx,1.5972222222222219,Bullish,-0.006589249582123702,0.003255036509193232,0.015228292425442103
2025-10-01,AUDCHF,fx,2.222222222222222,Bullish,-0.01987686226816665,-0.0025083612040133207,-0.009767406506536958
2025-10-01,NIKKEI,cross-asset,-6.666666666666666,Very Bearish,0.08908039561519066,0.15096782835837552,0.14674823067134013
2025-10-02,AUDJPY,fx,1.3888888888888886,Bullish,0.0232646834477499,0.037901746139732406,0.038932525202548085
2025-10-02,AUDNZD,fx,1.5972222222222219,Bullish,-0.0013761346494826077,0.008115665881564205,0.018454318504600442
2025-10-02,AUDCHF,fx,1.3888888888888886,Bullish,-0.015760021317903106,0.0007232860025125909,-0.01614069816133068
2025-10-02,NIKKEI,cross-asset,-6.666666666666666,Very Bearish,0.08877580498211146,0.16095197884491452,0.11248638919135123
2025-10-03,USDJPY,fx,1.8749999999999998,Bullish,0.03656742224422138,0.0455855330517152,0.04776208460750886
2025-10-03,EURJPY,fx,1.3888888888888888,Bullish,0.026779988097783036,0.026225321677634916,0.037353316731859154
2025-10-03,EURAUD,fx,-1.6666666666666665,Bearish,0.003584471417076074,-0.009487313672198017,-0.00018569475159102566
2025-10-03,GBPJPY,fx,1.8749999999999998,Bullish,0.024458396056851406,0.02001278804569462,0.024795718522024224
2025-10-03,AUDJPY,fx,3.0555555555555554,Very Bullish,0.022818888568960416,0.035642301838673784,0.03733906462095349
2025-10-03,NZDJPY,fx,1.4583333333333333,Bullish,0.022158534880469816,0.023801202292744295,0.02120322475418246
2025-10-03,CADJPY,fx,1.8055555555555554,Bullish,0.033246241811503596,0.03777121435874142,0.04223938808739458
2025-10-03,CHFJPY,fx,1.6666666666666665,Bullish,0.03635607455939005,0.029166959236473833,0.04970265905445048
2025-10-03,AUDNZD,fx,1.5972222222222219,Bullish,0.0023629573251675584,0.013611342195160692,0.017832805281696507
2025-10-03,AUDCHF,fx,1.3888888888888886,Bullish,-0.012670304926916676,0.006716788154028208,-0.011372743578979438
2025-10-03,NIKKEI,cross-asset,-3.333333333333333,Bearish,0.075551211035082,0.13969805582708816,0.09564461822526349
2025-10-06,USDJPY,fx,1.6666666666666665,Bullish,0.01594892088723343,0.021941405340693665,0.03252967975790644
2025-10-06,AUDUSD,fx,1.3888888888888886,Bullish,-0.009415285103296034,-0.019435082893802247,-0.018709667669150165
2025-10-06,EURAUD,fx,-2.222222222222222,Bearish,0.0038567243855820443,-0.00024316590700879104,0.008680457378106077
2025-10-06,GBPJPY,fx,2.083333333333333,Bullish,0.0056959245018533,-0.013297071584049358,0.0078528733816714
2025-10-06,AUDJPY,fx,3.0555555555555554,Very Bullish,0.007274080930438354,0.0020624987423787378,0.013189930981749365
2025-10-06,NZDJPY,fx,1.4583333333333333,Bullish,0.004149566803465676,-0.01287049703602372,-6.839945280434634e-05
2025-10-06,CADJPY,fx,1.8055555555555554,Bullish,0.013419455426248561,0.010375484900792431,0.024342483805705584
2025-10-06,CHFJPY,fx,1.6666666666666665,Bullish,0.014706892997044863,0.0006978108826778406,0.029466650454898602
2025-10-06,AUDNZD,fx,1.5972222222222219,Bullish,0.004075390300394277,0.015063915557205654,0.01441857175692629
2025-10-06,AUDCHF,fx,1.3888888888888886,Bullish,-0.00856849080315314,0.0,-0.01713698160630639
2025-10-06,NIKKEI,cross-asset,-3.333333333333333,Bearish,0.0401318500206016,0.05381128965801407,0.0258549649773383
2025-10-07,USDJPY,fx,1.6666666666666665,Bullish,0.0008295913933185073,0.014537601559104996,0.023933053291370854
2025-10-07,AUDUSD,fx,1.3888888888888886,Bullish,6.0789349705991924e-05,-0.011261227033023902,-0.011094056321332424
2025-10-07,EURAUD,fx,-1.8055555555555554,Bearish,-0.000700604553929729,-0.0029210689869484385,0.004536979490366688
2025-10-07,GBPJPY,fx,2.083333333333333,Bullish,-0.009409466404229128,-0.012815919030486178,0.0026800045157584496
2025-10-07,AUDJPY,fx,3.0555555555555554,Very Bullish,0.0016826417475435118,0.0032651262482095156,0.012539687309075287
2025-10-07,NZDJPY,fx,1.4583333333333333,Bullish,-0.002057823709312512,-0.009481905931307266,-0.001114180792887387
2025-10-07,CADJPY,fx,1.8055555555555554,Bullish,0.001535011121936991,0.0033457727448205077,0.021131680055885393
2025-10-07,AUDNZD,fx,1.5972222222222219,Bullish,0.003578416682825436,0.011422729115619923,0.012409878545364794
2025-10-07,AUDCHF,fx,2.222222222222222,Bullish,-0.00531985889979969,0.003832586519210812,-0.00913337782438739
2025-10-07,NIKKEI,cross-asset,-3.333333333333333,Bearish,0.05456628137040509,0.06606268874310106,0.013058419243986208
2025-10-08,USDJPY,fx,2.916666666666667,Bullish,-0.00034711079383586974,0.0024232262965897533,0.02926864410664809
2025-10-08,AUDUSD,fx,1.3888888888888886,Bullish,-0.002125882620909514,-0.016202262546503587,-0.016278186925821836
2025-10-08,EURJPY,fx,2.5000000000000004,Bullish,-0.002444560852104094,-0.005024304792803691,0.021325132225958443
2025-10-08,EURAUD,fx,-1.8055555555555554,Bearish,0.000158731958412206,0.009393530538895023,0.00873025771267244
2025-10-08,GBPJPY,fx,3.3333333333333335,Very Bullish,-0.015920718924545274,-0.018090393326785192,0.0021794477103582732
2025-10-08,AUDJPY,fx,4.305555555555555,Very Bullish,-0.0022794461642594577,-0.013885709166558846,0.012442391726307234
2025-10-08,NZDJPY,fx,2.7083333333333335,Bullish,-0.003990386795447387,-0.02371559425021541,-0.0033328798802884085
2025-10-08,CADJPY,fx,3.055555555555556,Very Bullish,0.0007133450395082619,-0.009136303775241439,0.022278314310798963
2025-10-08,CHFJPY,fx,2.083333333333334,Bullish,0.0012133500015758525,-0.004270361693857749,0.023337290290048385
2025-10-08,AUDNZD,fx,1.5972222222222219,Bullish,0.0024077963390949364,0.00901605490478663,0.015852790495355817
2025-10-08,AUDCHF,fx,2.222222222222222,Bullish,-0.00456984659726567,-0.010865236930428401,-0.011851261922369405
2025-10-09,USDJPY,fx,2.916666666666667,Bullish,0.006421478965246807,0.0021296054350665727,0.028547164881107756
2025-10-09,AUDUSD,fx,1.3888888888888886,Bullish,-0.00021361000915476325,-0.00968873970094597,-0.01753127860848336
2025-10-09,EURJPY,fx,2.5000000000000004,Bullish,0.006552894854283009,0.0020336570237429186,0.025420712796786926
2025-10-09,EURAUD,fx,-1.8055555555555554,Bearish,0.0008565966450908569,0.00899142836072353,0.014652908173974133
2025-10-09,GBPJPY,fx,3.3333333333333335,Very Bullish,-0.005053357364200206,-0.008225824669616522,0.010666561899944416
2025-10-09,AUDJPY,fx,4.305555555555555,Very Bullish,0.00640539569780918,-0.006954144550424868,0.010625773237019631
2025-10-09,NZDJPY,fx,2.7083333333333335,Bullish,0.00646792229383486,-0.018287822542075616,-0.0003416156141110571
2025-10-09,CADJPY,fx,3.055555555555556,Very Bullish,0.00924024640657084,0.000550014667057841,0.023320621883250237
2025-10-09,CHFJPY,fx,2.083333333333334,Bullish,0.011838065394232933,0.003972398949134481,0.0295054811719897
2025-10-09,AUDNZD,fx,1.5972222222222219,Bullish,-0.00028928843810538396,0.011361145932867522,0.010914063801250151
2025-10-09,AUDCHF,fx,2.222222222222222,Bullish,-0.005155029944659106,-0.010613296944886774,-0.018004700174361177
2025-10-10,USDJPY,fx,2.7500000000000004,Bullish,0.01858945098272713,0.019601616819153067,0.03434748380865438
2025-10-10,AUDUSD,fx,1.5555555555555554,Bullish,0.010784753016795268,0.009811344076883888,-0.002796619335300732
2025-10-10,EURJPY,fx,2.5000000000000004,Bullish,0.01117941712204007,0.013803506375227537,0.024556010928961758
2025-10-10,EURAUD,fx,-1.8055555555555554,Bearish,-0.018213138881455704,-0.015113504593702642,-0.006701007938631709
2025-10-10,GBPJPY,fx,3.3333333333333335,Very Bullish,0.0029319848844291396,0.0055866198473584205,0.014070555838958887
2025-10-10,AUDJPY,fx,4.305555555555555,Very Bullish,0.029697199014183884,0.02906316790575425,0.03133340832625997
2025-10-10,NZDJPY,fx,2.7083333333333335,Bullish,0.0196262331527024,0.005951553888194017,0.014763095734333653
2025-10-10,CADJPY,fx,3.055555555555556,Very Bullish,0.018296752187453524,0.01807429927332027,0.02711144890998063
2025-10-10,CHFJPY,fx,2.083333333333334,Bullish,0.011240293675814028,0.011324926475255515,0.021745339906480865
2025-10-10,AUDNZD,fx,1.5972222222222219,Bullish,0.010647611804345702,0.023665290023612062,0.01676733553242471
2025-10-10,AUDCHF,fx,2.222222222222222,Bullish,0.017888949121040776,0.01711453573917776,0.009060636567799873
2025-10-13,USDJPY,fx,2.7500000000000004,Bullish,0.01254153151141879,0.012154122946406387,0.0303294942676664
2025-10-13,AUDUSD,fx,1.5555555555555554,Bullish,0.003622910302267357,0.0018575090956538531,-0.007737062679418538
2025-10-13,EURJPY,fx,2.5000000000000004,Bullish,0.00805348558715524,0.013218159219509973,0.025494191161030022
2025-10-13,EURAUD,fx,-1.8055555555555554,Bearish,-0.00799129861420278,-0.000850977496999028,0.003561707139757564
2025-10-13,EURCAD,fx,-1.3888888888888888,Bearish,-0.0031789646186166642,-0.0002957176389410954,0.0006283999827498832
2025-10-13,GBPJPY,fx,3.3333333333333335,Very Bullish,-0.002127764369797558,-0.001797763877259606,0.01204255528739595
2025-10-13,AUDJPY,fx,4.305555555555555,Very Bullish,0.01605141294807244,0.01401345857000158,0.022256076029822713
2025-10-13,NZDJPY,fx,2.7083333333333335,Bullish,0.009233419465977555,-0.0004593741027850706,0.00952052828021821
2025-10-13,CADJPY,fx,3.8888888888888893,Very Bullish,0.011048806581325898,0.013354484081602669,0.02514110746301701
2025-10-13,CHFJPY,fx,2.083333333333334,Bullish,0.007598993146628263,0.016821431593197378,0.02503913190625262
2025-10-13,AUDNZD,fx,1.5972222222222219,Bullish,0.006786216596343042,0.014442686357243328,0.011357243319268573
2025-10-13,AUDCHF,fx,2.222222222222222,Bullish,0.008757170172084106,-0.002409177820267727,-0.0023709369024856874
2025-10-13,CADCHF,fx,1.8055555555555554,Bullish,0.0036713928565184073,-0.0031643909858564134,0.0003496564625256049
2025-10-14,USDJPY,fx,2.7500000000000004,Bullish,0.012200102765444587,0.019802110644128623,0.028082633957391856
2025-10-14,AUDUSD,fx,1.5555555555555554,Bullish,0.0004317323259579453,0.00846503739110327,-0.002667489013954194
2025-10-14,EURJPY,fx,2.5000000000000004,Bullish,0.0007207513975198143,0.018472801566357333,0.024675803751312397
2025-10-14,EURAUD,fx,-1.8055555555555554,Bearish,-0.011263667123402543,-0.009714493442577021,-0.0007046782808085572
2025-10-14,EURCAD,fx,-1.3888888888888888,Bearish,-0.006629630766397665,-0.003842730425708374,0.0006752401706515698
2025-10-14,GBPJPY,fx,3.3333333333333335,Very Bullish,-0.01123267615665402,0.004901621343568641,0.016124405227077032
2025-10-14,AUDJPY,fx,4.305555555555555,Very Bullish,0.012668652710136064,0.02850955232682284,0.02547964983274542
2025-10-14,NZDJPY,fx,2.7083333333333335,Bullish,-0.00047326622956889164,0.010896666358851004,0.011081355619170674
2025-10-14,CADJPY,fx,3.8888888888888893,Very Bullish,0.007850107383544414,0.022346885877212452,0.023994667851588547
2025-10-14,CHFJPY,fx,2.083333333333334,Bullish,-0.0009552661023032316,0.02265722307838458,0.018350609048111588
2025-10-14,AUDNZD,fx,1.5972222222222219,Bullish,0.011959635129775714,0.01706253029568594,0.014321596968228212
2025-10-14,AUDCHF,fx,2.222222222222222,Bullish,0.01257085566652516,0.004704430648208913,0.00597694057764242
2025-10-14,CADCHF,fx,1.8055555555555554,Bullish,0.007708380888834299,-0.0014047163350949798,0.004424856455549575
2025-10-15,USDJPY,fx,2.7500000000000004,Bullish,0.02013929346962562,0.023019172713309777,0.035743604681955476
2025-10-15,AUDUSD,fx,1.5555555555555554,Bullish,-0.0008600036857301374,0.0026875115179065823,0.0009060753117515752
2025-10-15,EURJPY,fx,2.5000000000000004,Bullish,0.0072227214304401155,0.022299441518705,0.03176859992947878
2025-10-15,EURAUD,fx,-1.8055555555555554,Bearish,-0.012418015356031709,-0.0037830456875518337,-0.005210082152530715
2025-10-15,EURCAD,fx,-1.3888888888888888,Bearish,-0.008456995991799943,-0.0015298473212372876,-0.004026558149496706
2025-10-15,GBPJPY,fx,3.3333333333333335,Very Bullish,-0.005965590356205475,0.0073198337344990705,0.023976038788693588
2025-10-15,AUDJPY,fx,4.305555555555555,Very Bullish,0.01941767333937161,0.025747753432185716,0.03667782741881309
2025-10-15,NZDJPY,fx,2.7083333333333335,Bullish,0.009279210398276172,0.010576678019508234,0.031127638377238753
2025-10-15,CADJPY,fx,3.8888888888888893,Very Bullish,0.015253259919269402,0.023344928291076927,0.035342919325136224
2025-10-15,CHFJPY,fx,2.083333333333334,Bullish,0.001782860277556475,0.02664795894146632,0.02465410928195033
2025-10-15,AUDNZD,fx,1.5972222222222219,Bullish,0.010042864813005536,0.016195329759798538,0.005307491220194915
2025-10-15,AUDCHF,fx,2.222222222222222,Bullish,0.016292807227520134,-0.002162078684220692,0.010424307941778288
2025-10-15,CADCHF,fx,1.8055555555555554,Bullish,0.012070517232251499,-0.004588208304657115,0.00905288792418868
2025-10-16,USDJPY,fx,2.7500000000000004,Bullish,0.01751038723616416,0.02725610769486453,0.03904271231510714
2025-10-16,AUDUSD,fx,1.5555555555555554,Bullish,-0.0007095042724496459,0.007681154949563451,0.007727426967331974
2025-10-16,EURJPY,fx,2.5000000000000004,Bullish,0.004795167290474689,0.021273933174821735,0.030858579538344255
2025-10-16,EURAUD,fx,-1.8055555555555554,Bearish,-0.011255983385346724,-0.013349474128452665,-0.015392987638964573
2025-10-16,EURCAD,fx,-1.3888888888888888,Bearish,-0.007566480855341395,-0.007676139998172404,-0.00961345152152071
2025-10-16,GBPJPY,fx,3.3333333333333335,Very Bullish,-0.005720138748002035,0.007199655604103183,0.02324672304335129
2025-10-16,AUDJPY,fx,4.305555555555555,Very Bullish,0.016739021111076946,0.03528433757196958,0.04702525734577212
2025-10-16,NZDJPY,fx,2.7083333333333335,Bullish,0.0015118036981045524,0.019374345854169306,0.039841842074659795
2025-10-16,CADJPY,fx,3.8888888888888893,Very Bullish,0.012873008750280412,0.02926108742801592,0.04081594495550078
2025-10-16,CHFJPY,fx,2.083333333333334,Bullish,-0.0009328259884266998,0.024227124682470125,0.02202417969285264
2025-10-16,AUDNZD,fx,1.5972222222222219,Bullish,0.013934390039295419,0.01557684665989667,0.006878890900260393
2025-10-16,AUDCHF,fx,2.222222222222222,Bullish,0.016366612111292866,0.009469254150105133,0.023127581638219707
2025-10-16,CADCHF,fx,1.8055555555555554,Bullish,0.012409018285105544,0.0035150008876263517,0.016989170956861255
2025-10-17,USDJPY,fx,2.7500000000000004,Bullish,0.01845630900375772,0.030671995538618768,0.036567392083703965
2025-10-17,AUDUSD,fx,1.5555555555555554,Bullish,-0.00024645338180240284,0.0001540333636267377,0.00787110488131737
2025-10-17,EURJPY,fx,2.5000000000000004,Bullish,0.010936841025407373,0.02566367646555956,0.03157948729639459
2025-10-17,EURAUD,fx,-1.8055555555555554,Bearish,-0.007577194764035622,-0.004759460334110677,-0.013246141656716226
2025-10-17,EURCAD,fx,-1.3888888888888888,Bearish,-0.005763388701063188,-0.0027010142584154018,-0.008054044784163827
2025-10-17,GBPJPY,fx,2.916666666666667,Bullish,-0.0011771106385083385,0.009901577723923083,0.021370987684850906
2025-10-17,GBPAUD,fx,-1.3888888888888886,Bearish,-0.019572238605054415,-0.020211411167119553,-0.023048949965378207
2025-10-17,AUDJPY,fx,4.305555555555555,Very Bullish,0.018720189965405032,0.030736320648502513,0.045945835295081006
2025-10-17,NZDJPY,fx,2.7083333333333335,Bullish,0.0019524894240157131,0.0194086746315838,0.039131142206313196
2025-10-17,CADJPY,fx,3.8888888888888893,Very Bullish,0.016881568159797355,0.028331594246105762,0.04017291495863451
2025-10-17,CHFJPY,fx,2.083333333333334,Bullish,0.0031468420886175963,0.026476696501049002,0.022628799139757794
2025-10-17,AUDNZD,fx,1.5972222222222219,Bullish,0.017533801959764173,0.012065513622211865,0.005186054100775328
2025-10-17,AUDCHF,fx,2.222222222222222,Bullish,0.014773345774045543,0.0033823186377419656,0.022004509758183577
2025-10-17,CADCHF,fx,1.8055555555555554,Bullish,0.012921040055224209,0.0010443032373399497,0.016407950864647747
2025-10-20,USDJPY,fx,2.7083333333333335,Bullish,0.022394990314962726,0.0316355772547563,0.03132379865736201
2025-10-20,USDCAD,fx,-1.4583333333333333,Bearish,-0.0013178233831731,-0.003647165255052265,-0.0029633217697299097
2025-10-20,AUDUSD,fx,1.5972222222222219,Bullish,0.003593255735389045,-0.0007831454807899485,0.004729584472221271
2025-10-20,EURJPY,fx,1.666666666666667,Bullish,0.014924267462931518,0.02569435738463466,0.02845241215823502
2025-10-20,EURAUD,fx,-2.6388888888888884,Bearish,-0.010601597240112448,-0.004284322181027922,-0.007314150024081756
2025-10-20,EURNZD,fx,-1.4583333333333333,Bearish,0.010394435222511822,0.010177061101889207,7.410481384861889e-05
2025-10-20,EURCAD,fx,-2.5,Bearish,-0.008449410684218561,-0.008804530843410374,-0.005706413592530213
2025-10-20,GBPJPY,fx,2.916666666666667,Bullish,0.005536818854898762,0.01166792953679896,0.01723446298304787
2025-10-20,GBPAUD,fx,-1.3888888888888886,Bearish,-0.020595488838840437,-0.018571935849478804,-0.01893189479470181
2025-10-20,AUDJPY,fx,4.305555555555555,Very Bullish,0.026062218959346684,0.03081378157087067,0.03623831227758911
2025-10-20,NZDJPY,fx,3.1250000000000004,Very Bullish,0.00499733937949709,0.016345464220438144,0.02887351641487168
2025-10-20,CADJPY,fx,4.166666666666667,Very Bullish,0.023653308480894752,0.03534948741845301,0.03437092264678476
2025-10-20,CHFJPY,fx,2.083333333333334,Bullish,0.006655118491647016,0.02239784340464057,0.015742724912993777
2025-10-20,AUDCHF,fx,2.222222222222222,Bullish,0.019305019305019266,0.00824586251721926,0.02019751265982417
2025-10-20,CADCHF,fx,2.083333333333333,Bullish,0.016906155756608143,0.012701791733191525,0.018378570161433405
2025-10-21,USDJPY,fx,2.5000000000000004,Bullish,0.014652545106273784,0.03448548239522364,0.0258953784582574
2025-10-21,USDCAD,fx,-2.5,Bearish,-0.00037794781467714866,0.001811297074113316,-0.004000541962904003
2025-10-21,AUDUSD,fx,1.8055555555555554,Bullish,0.006042854940650377,-0.001341143826113833,0.01200863264991514
2025-10-21,EURJPY,fx,1.666666666666667,Bullish,0.013758993316411505,0.029641743752235827,0.028869468436085732
2025-10-21,EURAUD,fx,-2.6388888888888884,Bearish,-0.007368091014960054,-0.0037512317477380597,-0.009512451849861048
2025-10-21,EURNZD,fx,-1.4583333333333333,Bearish,0.014038791266514083,0.01943032141051937,0.002988136651502993
2025-10-21,EURCAD,fx,-3.3333333333333335,Very Bearish,-0.001820810137483475,-0.0034324731645803963,-0.0017962045950851158
2025-10-21,GBPJPY,fx,2.916666666666667,Bullish,-0.0021909310225987078,0.009723794987937628,0.013815174043621647
2025-10-21,GBPAUD,fx,-1.3888888888888886,Bearish,-0.02239549175350386,-0.021948553523282177,-0.023473973135125892
2025-10-21,GBPCAD,fx,-2.0833333333333335,Bearish,-0.0173841147917001,-0.022078199178535263,-0.01629594068384277
2025-10-21,AUDJPY,fx,4.305555555555555,Very Bullish,0.020852165964146074,0.0330912599664821,0.038281448377431415
2025-10-21,NZDJPY,fx,3.1250000000000004,Very Bullish,-0.000436415421542824,0.009704500821150264,0.025610694474751172
2025-10-21,CADJPY,fx,5.0,Very Bullish,0.01500203229501551,0.032590621882274684,0.030059490817721635
2025-10-21,CHFJPY,fx,2.083333333333334,Bullish,0.009428365942390382,0.022762469223944537,0.01768081096546248
2025-10-21,AUDCHF,fx,2.222222222222222,Bullish,0.011320023260321666,0.010118239968986309,0.020236479937972396
2025-10-21,NZDCAD,fx,-1.8750000000000002,Bearish,-0.0165117781532651,-0.023295398071762285,-0.004572110128217899
2025-10-21,CADCHF,fx,2.916666666666667,Bullish,0.00555526162636899,0.009646755903567561,0.012203939826816779
2025-10-22,USDJPY,fx,2.5000000000000004,Bullish,0.01874847820793768,0.0361347468725115,0.021426832237642968
2025-10-22,USDCAD,fx,-2.5,Bearish,0.0008217279151692125,0.007231205653488226,-0.003251184360016701
2025-10-22,AUDUSD,fx,1.8055555555555554,Bullish,0.00812306364351012,-0.007491098540314711,0.01743298857838682
2025-10-22,EURJPY,fx,1.666666666666667,Bullish,0.017785440439191502,0.029474149860484022,0.027392754247861806
2025-10-22,EURAUD,fx,-2.6388888888888884,Bearish,-0.009459663569386656,0.0005761947650189114,-0.011820383868784257
2025-10-22,EURNZD,fx,-1.4583333333333333,Bearish,0.011220335125882608,0.02049145859409407,-0.0009399751648666577
2025-10-22,EURCAD,fx,-3.3333333333333335,Very Bearish,-0.0006035337517013017,0.00012317015340834736,0.002044624546579943
2025-10-22,GBPJPY,fx,2.916666666666667,Bullish,0.0017157986599021235,0.014682897727552824,0.021822197898639706
2025-10-22,GBPAUD,fx,-1.3888888888888886,Bearish,-0.024629511641140578,-0.013803031997937754,-0.017324312888179927
2025-10-22,GBPCAD,fx,-2.0833333333333335,Bearish,-0.015899783184774807,-0.014261623705131288,-0.003522578227468598
2025-10-22,AUDJPY,fx,4.305555555555555,Very Bullish,0.0270058986568118,0.028386651370092553,0.03916870564585717
2025-10-22,NZDJPY,fx,3.1250000000000004,Very Bullish,0.006007834307835358,0.00844313234466365,0.027879567619726098
2025-10-22,CADJPY,fx,5.0,Very Bullish,0.017899277392714907,0.028904291402448212,0.02477510691638396
2025-10-22,CHFJPY,fx,2.083333333333334,Bullish,0.016546441780552312,0.023796658185347486,0.016945151221047672
2025-10-22,AUDCHF,fx,2.222222222222222,Bullish,0.01031447516382955,0.004575594245608716,0.021869789445112087
2025-10-22,NZDCAD,fx,-1.8750000000000002,Bearish,-0.011758544583961972,-0.018903450253750065,0.004027582079130232
2025-10-22,CADCHF,fx,2.916666666666667,Bullish,0.0013381459635533055,0.005053261730786129,0.0076943392904307295
2025-10-23,USDJPY,fx,2.5000000000000004,Bullish,0.01270758785209658,0.024687717090689842,0.01651527663088337
2025-10-23,USDCAD,fx,-2.5,Bearish,0.003087699235222452,0.007654921020656236,-0.0024730183689515295
2025-10-23,AUDUSD,fx,1.8055555555555554,Bullish,0.002564338799827981,-0.008967508138320812,0.014848596523554969
2025-10-23,EURJPY,fx,1.666666666666667,Bullish,0.01402960489202787,0.015377845973328474,0.018864092786063935
2025-10-23,EURAUD,fx,-2.6388888888888884,Bearish,-0.0011782792634070782,-0.0002917643890341104,-0.012343877997598618
2025-10-23,EURNZD,fx,-1.4583333333333333,Bearish,0.018772548864131933,0.015293581255203748,0.0004509772826386538
2025-10-23,EURCAD,fx,-3.3333333333333335,Very Bearish,0.0044817375351673405,-0.001108121918035887,-0.00017237452058338487
2025-10-23,GBPJPY,fx,2.3611111111111116,Bullish,0.0024642535672652066,0.007107477853689259,0.0167185586330032
2025-10-23,GBPAUD,fx,-1.9444444444444442,Bearish,-0.01260477474347621,-0.008465163162350131,-0.014473961060249563
2025-10-23,GBPCAD,fx,-2.6388888888888893,Bearish,-0.006978404522006043,-0.009275910010789645,-0.002297505488783491
2025-10-23,AUDJPY,fx,4.305555555555555,Very Bullish,0.015311621722355895,0.0159160278429753,0.03167088072045221
2025-10-23,NZDJPY,fx,3.1250000000000004,Very Bullish,-0.004575745127573083,3.42325071889249e-05,0.018485553881966377
2025-10-23,CADJPY,fx,5.0,Very Bullish,0.009579387800044081,0.016782279967701763,0.01906701901196506
2025-10-23,CHFJPY,fx,2.083333333333334,Bullish,0.01573956653567743,0.008057656077946396,0.005777088910807304
2025-10-23,AUDCHF,fx,2.222222222222222,Bullish,-0.0003867723844517279,0.007928833881260866,0.025759040804486544
2025-10-23,NZDCAD,fx,-1.8750000000000002,Bearish,-0.013764376748523488,-0.016027354678271766,-0.00041032017407527377
2025-10-23,CADCHF,fx,2.916666666666667,Bullish,-0.006079080913448109,0.008704539047081905,0.013197772765717541
2025-10-24,USDJPY,fx,2.5000000000000004,Bullish,0.010799743579680054,0.0264204508287873,0.016052435338906657
2025-10-24,USDCAD,fx,-2.5,Bearish,0.002236912631766952,0.008068608182955073,-0.012728247275326177
2025-10-24,AUDUSD,fx,1.8055555555555554,Bullish,0.0032709347502264396,-0.007401833566240357,0.01928776547551392
2025-10-24,EURJPY,fx,1.666666666666667,Bullish,0.010297560097236147,0.016751823174574687,0.01771405420005423
2025-10-24,EURAUD,fx,-2.6388888888888884,Bearish,-0.0037567003835198287,-0.001530715230896873,-0.018077017964877706
2025-10-24,EURNZD,fx,-1.4583333333333333,Bearish,0.011637288823549863,0.01544378610356234,-0.0032669547526767984
2025-10-24,EURCAD,fx,-3.3333333333333335,Very Bearish,0.0016726829958242373,-0.0011930165484924649,-0.0112906102218151
2025-10-24,GBPJPY,fx,2.3611111111111116,Bullish,0.00032926907180530485,0.009799440734024278,0.017893562543923158
2025-10-24,GBPAUD,fx,-1.9444444444444442,Bearish,-0.01361777168189282,-0.008121678218913186,-0.017634524480148905
2025-10-24,GBPCAD,fx,-2.6388888888888893,Bearish,-0.008240002148631631,-0.007788789514677763,-0.011129911637525858
2025-10-24,AUDJPY,fx,4.305555555555555,Very Bullish,0.014196233775373823,0.018720529242029826,0.03627479565265479
2025-10-24,NZDJPY,fx,3.1250000000000004,Very Bullish,-0.0009346007431214609,0.0018919966263193366,0.02147302195171985
2025-10-24,CADJPY,fx,5.0,Very Bullish,0.008703778355993785,0.018378715139077295,0.0294462564591198
2025-10-24,CHFJPY,fx,2.083333333333334,Bullish,0.012878377251500872,0.010251626084055943,0.0049981237491660835
2025-10-24,AUDCHF,fx,2.222222222222222,Bullish,0.0013142128251710794,0.008387770090062308,0.0311545746202313
2025-10-24,NZDCAD,fx,-1.8750000000000002,Bearish,-0.009760646565122766,-0.01728318308983523,-0.008057196145477175
2025-10-24,CADCHF,fx,2.916666666666667,Bullish,-0.004122476304569966,0.008051160987984751,0.02432965716500468
2025-10-27,US-DOLLAR,single,-1.9444444444444442,Bearish,,,
2025-10-27,USDJPY,fx,1.9444444444444449,Bullish,0.01632046506451612,0.021682061890764937,0.020719723998874118
2025-10-27,USDCAD,fx,-3.0555555555555554,Very Bearish,0.004818760277400358,0.008007435475798852,-0.00932294273253742
2025-10-27,AUDUSD,fx,2.3611111111111107,Bullish,-0.009382723583437613,-0.013181582400146552,0.010481188783449724
2025-10-27,EURJPY,fx,1.666666666666667,Bullish,0.011755512328952111,0.015061223112990074,0.02007600886020433
2025-10-27,EURAUD,fx,-2.6388888888888884,Bearish,0.0048052006579688555,0.006551522116316377,-0.01106379143288494
2025-10-27,EURNZD,fx,-1.4583333333333333,Bearish,0.015152041185777287,0.019943161246484653,-0.001606959523467233
2025-10-27,EURCAD,fx,-3.3333333333333335,Very Bearish,2.45659503643747e-05,0.001154599667131384,-0.010237859814404393
2025-10-27,GBPJPY,fx,2.6388888888888893,Bullish,0.002144732644597802,0.008259920001963073,0.01936639591666456
2025-10-27,GBPAUD,fx,-1.6666666666666665,Bearish,-0.004433095195922165,9.348369447570448e-05,-0.011213123142626458
2025-10-27,GBPCAD,fx,-2.361111111111111,Bearish,-0.009107243422993405,-0.005224060714956069,-0.010641207862908564
2025-10-27,AUDJPY,fx,4.305555555555555,Very Bullish,0.005873128439725539,0.007411328745367873,0.030883865876923933
2025-10-27,NZDJPY,fx,3.1250000000000004,Very Bullish,-0.004200535852141196,-0.00558557740338772,0.02120702965351251
2025-10-27,CADJPY,fx,5.0,Very Bullish,0.010778388278388285,0.012967032967032832,0.02970695970695969
2025-10-27,CHFJPY,fx,2.083333333333334,Bullish,0.014545833441871325,0.005251504337179913,0.006960327177055969
2025-10-27,AUDCHF,fx,2.222222222222222,Bullish,-0.008642544365061178,0.002074210647614594,0.024736882538219263
2025-10-27,NZDCAD,fx,-1.8750000000000002,Bearish,-0.015581614438714753,-0.01910204284014283,-0.008193673145577174
2025-10-27,CADCHF,fx,2.916666666666667,Bullish,-0.003962593120938496,0.007432063542382128,0.023863616350539685
2025-10-27,GOLD,cross-asset,2.0,Bullish,0.016189318315406487,0.03757077331940062,0.052622192302475224
2025-10-27,SILVER,cross-asset,2.0,Bullish,0.07411132749802052,0.10058424465512461,0.2439702955464722
2025-10-28,US-DOLLAR,single,-1.9444444444444442,Bearish,,,
2025-10-28,USDJPY,fx,1.9444444444444449,Bullish,0.023084311352034037,0.029202410399452594,0.03206410188937414
2025-10-28,USDCAD,fx,-3.0555555555555554,Very Bearish,0.003177267119947258,0.00711478325730841,-0.007057405972975328
2025-10-28,AUDUSD,fx,2.3611111111111107,Bullish,-0.0111541676164425,-0.00957374059721905,0.00933059797887692
2025-10-28,EURJPY,fx,1.666666666666667,Bullish,0.016335219252182398,0.024381429910447006,0.02988108547616619
2025-10-28,EURAUD,fx,-2.6388888888888884,Bearish,0.005241256092182844,0.0050603281580405834,-0.011138375945631052
2025-10-28,EURNZD,fx,-1.4583333333333333,Bearish,0.015066446254734744,0.009208651664755596,-0.0026310433327870753
2025-10-28,EURCAD,fx,-3.3333333333333335,Very Bearish,-0.003097481372005606,0.0022599913787795245,-0.009366340291889874
2025-10-28,GBPJPY,fx,2.6388888888888893,Bullish,0.012204306936089537,0.02657892911294568,0.033104740008126354
2025-10-28,GBPAUD,fx,-1.6666666666666665,Bearish,0.0014891219640527087,0.00738604494170092,-0.007028655670328177
2025-10-28,GBPCAD,fx,-2.361111111111111,Bearish,-0.006767896816601837,0.004638063473358267,-0.005524593088312324
2025-10-28,AUDJPY,fx,4.305555555555555,Very Bullish,0.010838807731149647,0.018537960824309252,0.04132545420003808
2025-10-28,NZDJPY,fx,3.1250000000000004,Very Bullish,0.0009455887714180378,0.01404711994166985,0.03221837404301864
2025-10-28,CADJPY,fx,5.0,Very Bullish,0.019566633933242317,0.0216315929552775,0.03932599737520759
2025-10-28,CHFJPY,fx,2.083333333333334,Bullish,0.014662158984621865,0.015048830319212891,0.01678362603656658
2025-10-28,AUDCHF,fx,2.222222222222222,Bullish,-0.003833914810412953,0.003373845033163292,0.02492044626768397
2025-10-28,NZDCAD,fx,-1.8750000000000002,Bearish,-0.018711199404022882,-0.007784951576856214,-0.007313136329773928
2025-10-28,CADCHF,fx,2.916666666666667,Bullish,0.004486987735566883,0.006141014587109028,0.023068395769914485
2025-10-28,GOLD,cross-asset,2.0,Bullish,0.029001090418735886,0.05339256845476781,0.06462565241701057
2025-10-28,SILVER,cross-asset,2.0,Bullish,0.07699013437659463,0.13397261439020247,0.2893774451437321
2025-10-29,US-DOLLAR,single,-1.9444444444444442,Bearish,,,
2025-10-29,USDJPY,fx,1.9444444444444449,Bullish,0.029626038418197442,0.023991718860557176,0.022216253046463352
2025-10-29,USDCAD,fx,-3.0555555555555554,Very Bearish,0.007790586733046778,0.006334335253481038,-0.01057396394522192
2025-10-29,AUDUSD,fx,2.3611111111111107,Bullish,-0.014182454538537614,-0.005782545841893083,0.015704177128509356
2025-10-29,EURJPY,fx,1.666666666666667,Bullish,0.02382794193209592,0.023285884485299446,0.030276166976279217
2025-10-29,EURAUD,fx,-2.6388888888888884,Bearish,0.00857016539512312,0.005010599344767774,-0.007651933388502785
2025-10-29,EURNZD,fx,-1.4583333333333333,Bearish,0.0223890981740833,0.0049052252825350084,-0.0014661007683363092
2025-10-29,EURCAD,fx,-3.3333333333333335,Very Bearish,0.0020906914745559835,0.005554559006364812,-0.002771094025447063
2025-10-29,GBPJPY,fx,2.6388888888888893,Bullish,0.01839299636013325,0.026864500623196896,0.036537707132251906
2025-10-29,GBPAUD,fx,-1.6666666666666665,Bearish,0.0036741612243880173,0.009008425145819787,-0.0014606909616631247
2025-10-29,GBPCAD,fx,-2.361111111111111,Bearish,-0.002719889463692282,0.00960664958576074,0.0031877104514472787
2025-10-29,AUDJPY,fx,4.305555555555555,Very Bullish,0.014755472195063568,0.017808328511283777,0.03842009697308302
2025-10-29,NZDJPY,fx,3.1250000000000004,Very Bullish,0.0006601411336217833,0.017709993170953675,0.03155019348964272
2025-10-29,CADJPY,fx,5.0,Very Bullish,0.02154959697318648,0.017473634186909504,0.0331377602310321
2025-10-29,CHFJPY,fx,2.083333333333334,Bullish,0.02209712873728442,0.01737552003273657,0.022962756999785006
2025-10-29,AUDCHF,fx,2.222222222222222,Bullish,-0.007314843035659768,0.000285736056080399,0.015620237732398623
2025-10-29,NZDCAD,fx,-1.8750000000000002,Bearish,-0.02086239537664414,-0.0003611996811478946,-0.0012828816261459819
2025-10-29,CADCHF,fx,2.916666666666667,Bullish,-0.000907472688562283,-0.00026177096785451326,0.010610449897036744
2025-10-29,GOLD,cross-asset,2.0,Bullish,0.03756676089738864,0.05730177833982597,0.07580526555506628
2025-10-29,SILVER,cross-asset,2.0,Bullish,0.07898389199646716,0.12255541069100384,0.2994280186735079
2025-10-30,US-DOLLAR,single,-1.9444444444444442,Bearish,,,
2025-10-30,USDJPY,fx,1.9444444444444449,Bullish,0.021984512829167357,0.013442552721938394,0.0097103133133849
2025-10-30,USDCAD,fx,-3.0555555555555554,Very Bearish,0.008037929875498007,-0.0009725609102024801,-0.015324985518853973
2025-10-30,AUDUSD,fx,2.6388888888888884,Bullish,-0.01732136861703748,-0.0014345450660805392,0.016909318438482535
2025-10-30,EURJPY,fx,1.666666666666667,Bullish,0.018744984033089773,0.015837827826760353,0.024834297708509867
2025-10-30,EURAUD,fx,-2.9166666666666665,Bearish,0.013784503769200374,0.002369211585331321,-0.0023465397041320113
2025-10-30,EURNZD,fx,-1.4583333333333333,Bearish,0.024933294245665927,0.0033986395504255196,0.003170076071888017
2025-10-30,EURCAD,fx,-3.3333333333333335,Very Bearish,0.004298029708970752,0.0015769749291907331,-0.0010513166194603407
2025-10-30,GBPJPY,fx,2.6388888888888893,Bullish,0.015799761103268528,0.019314109714804628,0.02723126585652369
2025-10-30,GBPAUD,fx,-1.9444444444444442,Bearish,0.01112003151506702,0.006073631562937942,0.0008975810191536038
2025-10-30,GBPCAD,fx,-2.361111111111111,Bearish,0.0016973218220097674,0.00517900761074741,0.0019258074518957446
2025-10-30,AUDJPY,fx,4.583333333333334,Very Bullish,0.004193516407256848,0.013096064241102434,0.027114107266779097
2025-10-30,NZDJPY,fx,3.1250000000000004,Very Bullish,-0.0067657773855588355,0.011596859231099987,0.021292964949200188
2025-10-30,CADJPY,fx,5.0,Very Bullish,0.013951460543525585,0.014096788257520698,0.025595843627379766
2025-10-30,CHFJPY,fx,2.083333333333334,Bullish,0.017460714695362922,0.01149623048769044,0.01981731160259015
2025-10-30,AUDNZD,fx,1.4583333333333333,Bullish,0.011206594177481488,-0.0006225885654156382,0.005033321641529254
2025-10-30,AUDCHF,fx,2.5,Bullish,-0.012916253905357,0.0016002438466813373,0.008153623409281385
2025-10-30,NZDCAD,fx,-1.8750000000000002,Bearish,-0.019404770806849547,-0.0029163239362896,-0.0043495600588250305
2025-10-30,CADCHF,fx,2.916666666666667,Bullish,-0.0035436850833551192,0.0024264641703761747,0.006860434668761517
2025-10-30,GOLD,cross-asset,2.0,Bullish,0.013150341804519128,0.04842168563924032,0.06338355412091268
2025-10-30,SILVER,cross-asset,2.0,Bullish,0.03521832498210431,0.1533899171694446,0.2987012987012987
2025-10-31,US-DOLLAR,single,-1.9444444444444442,Bearish,,,
2025-10-31,USDCAD,fx,-3.0555555555555554,Very Bearish,0.006604501056720169,-0.0006354601016737016,-0.016836122693779543
2025-10-31,AUDUSD,fx,2.6388888888888884,Bullish,-0.01343646341277005,0.00016814686864674577,0.016325532337699844
2025-10-31,EURAUD,fx,-2.083333333333333,Bearish,0.011725692610826233,0.006490298621876223,0.0012435480299133328
2025-10-31,EURCAD,fx,-2.5,Bearish,0.004656202594346848,0.005498281786941561,0.0003838890436826947
2025-10-31,GBPAUD,fx,-1.9444444444444442,Bearish,0.009666312899545115,0.004932809160077101,0.0007573605983148823
2025-10-31,GBPCAD,fx,-2.361111111111111,Bearish,0.0025857620121139124,0.003938398022652612,-0.0005703886791428303
2025-10-31,AUDJPY,fx,2.5,Bullish,0.0015890198726797866,0.009295766255176696,0.028761259695504027
2025-10-31,CADJPY,fx,2.916666666666667,Bullish,0.008656314285194311,0.01024922175092402,0.029327702026178404
2025-10-31,AUDNZD,fx,1.4583333333333333,Bullish,0.00605524977905314,-0.000682528154286377,0.0018813276047635608
2025-10-31,AUDCHF,fx,2.5,Bullish,-0.008673158855751706,0.0001141205112598076,0.005629945222154431
2025-10-31,NZDCAD,fx,-1.8750000000000002,Bearish,-0.013266832917705806,-0.00038653366583540905,-0.004351620947630863
2025-10-31,CADCHF,fx,2.916666666666667,Bullish,-0.001708984375,0.0010811941964286031,0.006487165178571619
2025-10-31,GOLD,cross-asset,2.0,Bullish,0.015759068898139494,0.05745176330663093,0.07426776674479152
2025-10-31,SILVER,cross-asset,2.0,Bullish,0.027142622141799633,0.19213686461589075,0.27335910511597317
2025-11-03,US-DOLLAR,single,-2.7777777777777772,Bearish,,,
2025-11-03,EURUSD,fx,1.8055555555555554,Bullish,0.00016494916961118378,0.009167701216283186,0.020210614044987585
2025-11-03,USDCAD,fx,-2.6388888888888884,Bearish,0.0036001935281895214,-0.006246976122036618,-0.02051968010928651
2025-11-03,AUDUSD,fx,3.0555555555555554,Very Bullish,-0.01131896538538013,0.004160484574085688,0.015617113051990872
2025-11-03,NZDUSD,fx,1.5972222222222219,Bullish,-0.016929251152275615,0.005310106727887787,0.013301554476788269
2025-11-03,GBPAUD,fx,-1.9444444444444442,Bearish,0.008748025965097606,0.001404865217629725,0.002879475516985419
2025-11-03,GBPCAD,fx,-1.5277777777777777,Bearish,0.0009428799020272383,-0.0006827751014679695,-0.0027744512059650894
2025-11-03,AUDJPY,fx,2.5,Bullish,0.006106642835865372,0.015033263826829568,0.02263926124515936
2025-11-03,CADJPY,fx,2.083333333333333,Bullish,0.013938299308558166,0.017149216426759928,0.02769416014449133
2025-11-03,AUDNZD,fx,1.4583333333333333,Bullish,0.00454021583487596,-0.001178709880208073,0.0023923444976077235
2025-11-03,AUDCHF,fx,2.5,Bullish,-0.011031502331400045,-0.0023503544486144223,0.0006065430835133778
2025-11-03,CADCHF,fx,2.083333333333333,Bullish,-0.0033095856050445738,-0.00024386420247701768,0.005974672960685767
2025-11-03,GOLD,cross-asset,2.0,Bullish,0.033329917699895795,0.05107954843659801,0.07595452375656353
2025-11-03,SILVER,cross-asset,2.0,Bullish,0.06777615976700657,0.21537341377158303,0.3324734761805701
2025-11-04,US-DOLLAR,single,-2.5,Bearish,,,
2025-11-04,EURUSD,fx,1.6666666666666665,Bullish,0.007550883549176435,0.01639072991874313,0.02300101897736484
2025-11-04,USDCAD,fx,-2.5,Bearish,-0.00019146627711552622,-0.0108001162980349,-0.02485515930703397
2025-11-04,AUDUSD,fx,2.9166666666666665,Bullish,-0.0030978838832976807,0.017338902331889727,0.022116733196676952
2025-11-04,NZDUSD,fx,1.4583333333333333,Bullish,-0.004429953574086487,0.022894000070879272,0.02457738242903229
2025-11-04,EURCHF,fx,2.083333333333333,Bullish,0.004142011834319614,0.0027649273803118657,0.0036901559978483878
2025-11-04,GBPCHF,fx,1.3194444444444444,Bullish,0.007611274556325265,0.011749074689190397,0.011027806776122251
2025-11-04,GBPAUD,fx,-2.013888888888889,Bearish,0.014230755796837746,0.00815324508135773,0.008841830039269416
2025-11-04,GBPCAD,fx,-1.597222222222222,Bearish,0.010878866330562786,0.014508788663305516,0.005106962801471493
2025-11-04,AUDJPY,fx,2.5,Bullish,0.012650729424994234,0.02767096055181284,0.029518368658319805
2025-11-04,CADJPY,fx,2.083333333333333,Bullish,0.016018811080902307,0.021235946799911698,0.03260709824380914
2025-11-04,AUDNZD,fx,1.4583333333333333,Bullish,0.002334047482189794,-0.0045897127728136144,-0.0013673337862082358
2025-11-04,AUDCHF,fx,3.333333333333333,Very Bullish,-0.006512053010396368,0.003579725046650717,0.0025515061502723313
2025-11-04,NZDCHF,fx,1.8749999999999998,Bullish,-0.007579076491719849,0.009090510820993769,0.005520021028651678
2025-11-04,CADCHF,fx,2.9166666666666665,Bullish,-0.0032584073880466136,-0.0027530928733227045,0.0059243770691759234
2025-11-04,GOLD,cross-asset,2.0,Bullish,0.05054618055114002,0.0689446443786006,0.09421519132215117
2025-11-04,SILVER,cross-asset,2.0,Bullish,0.0910807485042644,0.24076038528450794,0.3520600840157848
2025-11-05,US-DOLLAR,single,-2.5,Bearish,,,
2025-11-05,EURUSD,fx,1.6666666666666665,Bullish,0.009075562980752405,0.013217430649820727,0.02153597159862164
2025-11-05,USDCAD,fx,-2.5,Bearish,-0.004628809198074846,-0.010696589708874216,-0.022768353972765998
2025-11-05,AUDUSD,fx,2.9166666666666665,Bullish,0.0017675991392562818,0.015846910544113246,0.015063018751921398
2025-11-05,NZDUSD,fx,1.4583333333333333,Bullish,0.0063761767666954405,0.01750357666425284,0.01964074394616455
2025-11-05,EURCHF,fx,2.083333333333333,Bullish,0.0014514256225004463,0.0049671010192233744,0.0030641207586117325
2025-11-05,GBPCHF,fx,1.3194444444444444,Bullish,0.00708346748991473,0.01282221254190441,0.006098600352279382
2025-11-05,GBPAUD,fx,-2.013888888888889,Bearish,0.01291668538288393,0.005230558841291311,0.00996201855650547
2025-11-05,GBPCAD,fx,-1.597222222222222,Bearish,0.010065381500785175,0.010130599955433972,0.001418501388609661
2025-11-05,AUDJPY,fx,2.5,Bullish,0.01693138595773136,0.02242210663977895,0.025816370334135197
2025-11-05,CADJPY,fx,2.083333333333333,Bullish,0.019787830484252256,0.017442606130563032,0.033822532475860534
2025-11-05,AUDNZD,fx,1.4583333333333333,Bullish,-0.0046882897328197615,-0.0006797148683270748,-0.0033462885825331634
2025-11-05,AUDCHF,fx,3.333333333333333,Very Bullish,-0.00577441780952026,0.007521938988717114,-0.0034950423583939294
2025-11-05,NZDCHF,fx,1.8749999999999998,Bullish,-0.0011140235910878094,0.009611183923110556,0.0014853647881170051
2025-11-05,CADCHF,fx,2.9166666666666665,Bullish,-0.0029816393785635498,0.0026154731390910513,0.0047078516503635814
2025-11-05,GOLD,cross-asset,2.0,Bullish,0.04640876202252331,0.057703085456359604,0.09026913865076325
2025-11-05,SILVER,cross-asset,2.0,Bullish,0.11117361501760525,0.18988686792924558,0.3795653895035107
2025-11-06,USDCAD,fx,-1.8055555555555556,Bearish,-0.006276209905927699,-0.02142128527711662,-0.02414853224526803
2025-11-06,AUDUSD,fx,2.2222222222222223,Bullish,0.008442921528678093,0.024495276903130137,0.02052849293078962
2025-11-06,EURCHF,fx,2.3611111111111107,Bullish,0.0024412277116985237,0.0062590067321961484,-5.3771535500013456e-05
2025-11-06,GBPCHF,fx,1.3194444444444444,Bullish,0.00605143721633894,0.012821482602117795,0.003120272314674599
2025-11-06,GBPAUD,fx,-2.013888888888889,Bearish,-0.0006221515580947523,-0.009766791919930018,-0.001461562390444704
2025-11-06,GBPCAD,fx,-1.597222222222222,Bearish,0.0015001160161667304,-0.006615619553310692,-0.006000464064666811
2025-11-06,AUDJPY,fx,2.083333333333333,Bullish,0.029787620624217803,0.040406589413332306,0.03751968344975176
2025-11-06,CADJPY,fx,1.6666666666666665,Bullish,0.02758779823711288,0.03707600719922466,0.0414878397711016
2025-11-06,AUDNZD,fx,1.4583333333333333,Bullish,-0.006958536181775554,0.0009928324464609783,-0.0030917150745061184
2025-11-06,AUDCHF,fx,3.333333333333333,Very Bullish,0.0066520972318073746,0.022812667740204073,0.004926769419522969
2025-11-06,NZDCHF,fx,1.8749999999999998,Bullish,0.014998786862827407,0.023137834439861393,0.009815382579350329
2025-11-06,CADCHF,fx,2.9166666666666665,Bullish,0.004524014098090445,0.01953392133826659,0.00922337757982783
2025-11-06,GOLD,cross-asset,2.0,Bullish,0.044856772142986445,0.05586288748969048,0.08946209088531698
2025-11-06,SILVER,cross-asset,2.0,Bullish,0.11244946442712456,0.21510440545159004,0.3637936064685534
2025-11-07,USDCAD,fx,-1.8055555555555556,Bearish,-0.005304529854890827,-0.013385927687509902,-0.017508508608290785
2025-11-07,AUDUSD,fx,2.2222222222222223,Bullish,0.008119559355981742,0.020460673291734066,0.018118788999306634
2025-11-07,EURAUD,fx,-1.8055555555555554,Bearish,-0.005712229568659133,-0.01299869563261824,-0.004947600413799269
2025-11-07,EURCAD,fx,-1.3888888888888888,Bearish,-0.0023039345534741074,-0.007213656048444261,-0.005223894388625694
2025-11-07,GBPAUD,fx,-2.013888888888889,Bearish,-0.003546116804543753,-0.007457710828497333,-0.0011952092850968654
2025-11-07,GBPCAD,fx,-1.597222222222222,Bearish,-1.0824092264605234e-05,-0.0016885583932717552,-0.001775151131388375
2025-11-07,AUDJPY,fx,2.083333333333333,Bullish,0.026725341853292006,0.03695331102872479,0.04677939536425835
2025-11-07,CADJPY,fx,1.6666666666666665,Bullish,0.022904679884193868,0.030197529959321345,0.04641404331733057
2025-11-07,AUDNZD,fx,1.4583333333333333,Bullish,-0.012134975600031184,-0.006162834036873122,-0.005443403340585462
2025-11-07,AUDCHF,fx,2.5,Bullish,0.0071258907363420665,0.022067274538349668,0.006014864761320959
2025-11-07,CADCHF,fx,2.083333333333333,Bullish,0.0034424310203227115,0.01588411064707218,0.0060635713911267874
2025-11-07,GOLD,cross-asset,2.0,Bullish,0.05456422356584589,0.047420634424701236,0.08441332836764737
2025-11-07,SILVER,cross-asset,2.0,Bullish,0.16776758536433856,0.2036319963555795,0.38999440912761685
2025-11-10,USDCAD,fx,-2.2222222222222223,Bearish,-0.001647669724247125,-0.01251087747328783,-0.019572319148632555
2025-11-10,AUDUSD,fx,2.2222222222222223,Bullish,0.0011322602362444645,0.016264765285513016,0.01859048901401561
2025-11-10,EURAUD,fx,-1.8055555555555554,Bearish,0.0033226728554043294,-0.01001330201228312,-0.0007415164294003462
2025-11-10,EURCAD,fx,-1.8055555555555554,Bearish,0.002766371298897896,-0.00664423106610279,-0.002210627064744286
2025-11-10,GBPAUD,fx,-2.013888888888889,Bearish,0.001698577069209506,-0.006456579502843507,0.0035362189277110545
2025-11-10,GBPCAD,fx,-2.013888888888889,Bearish,0.001132171548366534,-0.0034236000888402396,0.0017226342219165414
2025-11-10,AUDJPY,fx,2.083333333333333,Bullish,0.009917618181637389,0.034930288485426564,0.03817984875135405
2025-11-10,CADJPY,fx,2.083333333333333,Bullish,0.010469964857335423,0.031027513246781657,0.03929423332544291
2025-11-10,AUDNZD,fx,1.4583333333333333,Bullish,-0.013390581669589396,-0.007619672924243925,-0.00765422926403625
2025-11-10,AUDCHF,fx,2.5,Bullish,0.0008755900715697873,0.01770214709913187,0.00182731841023287
2025-11-10,NZDCAD,fx,-1.4583333333333333,Bearish,0.013155899302396135,0.010400869477302788,0.006002931958346114
2025-11-10,CADCHF,fx,2.5,Bullish,0.001447935383702914,0.014287458786176543,0.0033494408876018067
2025-11-10,GOLD,cross-asset,2.0,Bullish,0.028267160382240863,0.022431014668114813,0.07955332346874067
2025-11-10,SILVER,cross-asset,2.0,Bullish,0.14865373566065032,0.2014740554355796,0.3676619182533236
2025-11-11,US-DOLLAR,single,-1.6666666666666665,Bearish,,,
2025-11-11,USDCAD,fx,-2.5,Bearish,-0.00362396381743213,-0.016072422206052206,-0.0236485040448573
2025-11-11,AUDUSD,fx,2.5,Bullish,0.005929943918359992,0.022754435965799402,0.026769023321381535
2025-11-11,EURAUD,fx,-1.8055555555555554,Bearish,-0.002160277959524448,-0.012499153938135943,-0.008110913069963699
2025-11-11,EURCAD,fx,-1.8055555555555554,Bearish,2.4650426144301463e-05,-0.00645841164979144,-0.006051679618411354
2025-11-11,GBPAUD,fx,-2.013888888888889,Bearish,-0.0011031878152408803,-0.0046612169851170115,0.0016100578925137832
2025-11-11,GBPCAD,fx,-2.013888888888889,Bearish,0.001107425723762434,0.001118282838701301,0.003376562745981637
2025-11-11,AUDJPY,fx,2.083333333333333,Bullish,0.017073267799578185,0.03558920682930711,0.040822621084888766
2025-11-11,CADJPY,fx,2.083333333333333,Bullish,0.014834904801776405,0.028868906767628877,0.03824311041537731
2025-11-11,AUDNZD,fx,1.4583333333333333,Bullish,-0.00871727771375086,-0.005658431756540017,-0.006100361342426086
2025-11-11,AUDCHF,fx,2.5,Bullish,0.008816651972246792,0.021888296852838662,0.009966650055583282
2025-11-11,NZDCAD,fx,-1.4583333333333333,Bearish,0.012140123043494766,0.01296125519523983,0.00866610240149579
2025-11-11,CADCHF,fx,2.5,Bullish,0.006611947104423033,0.015644182538847362,0.007892244554351224
2025-11-11,GOLD,cross-asset,2.0,Bullish,0.019154014855024215,0.02458227817426173,0.08666076989252525
2025-11-11,SILVER,cross-asset,2.0,Bullish,0.14134172071579276,0.20717746346800014,0.394916777369696
2025-11-12,US-DOLLAR,single,-1.6666666666666665,Bearish,,,
2025-11-12,USDCAD,fx,-2.5,Bearish,-0.004069568197395457,-0.01692083618917073,-0.024024731551290923
2025-11-12,AUDUSD,fx,2.5,Bullish,0.00923490917986669,0.01880618922390087,0.024967891872056835
2025-11-12,EURAUD,fx,-1.8055555555555554,Bearish,-0.0023832651862562004,-0.005941220322136176,-0.008663338378476104
2025-11-12,EURCAD,fx,-1.8055555555555554,Bearish,0.0026497575163761944,-0.004603183406355682,-0.00799857036338647
2025-11-12,GBPAUD,fx,-2.847222222222222,Bearish,0.007489665558009895,0.0008776172691142836,0.0037897109348119518
2025-11-12,GBPNZD,fx,-1.3888888888888886,Bearish,-0.002238074046550298,-0.005301383890187417,-0.0006005642711786052
2025-11-12,GBPCAD,fx,-2.847222222222222,Bearish,0.012577179382564863,0.001893104855161143,0.004123487012104077
2025-11-12,AUDJPY,fx,2.083333333333333,Bullish,0.01184297675889967,0.024200005931374058,0.03248415828860085
2025-11-12,CADJPY,fx,2.083333333333333,Bullish,0.006754921313316009,0.022419819265107943,0.03145656386388751
2025-11-12,AUDNZD,fx,1.4583333333333333,Bullish,-0.00958397240925124,-0.006819698269512453,-0.004722662715227699
2025-11-12,AUDCHF,fx,2.5,Bullish,0.011437344079830991,0.015544041450777257,0.012511993859144033
2025-11-12,NZDCAD,fx,-1.4583333333333333,Bearish,0.01597395715042782,0.008012213894566855,0.00556438791732905
2025-11-12,CADCHF,fx,2.5,Bullish,0.006347699178843369,0.014190008967663426,0.011781048337465405
2025-11-12,FTSE100,cross-asset,3.333333333333333,Bullish,0.3309736644898833,0.39281126217749707,0.420096884701852
2025-11-12,GOLD,cross-asset,2.0,Bullish,0.0018258657964802527,0.02002970011465277,0.06767859994708303
2025-11-12,SILVER,cross-asset,2.0,Bullish,0.09841854175275166,0.19266744299613103,0.34887870478193905
2025-11-13,US-DOLLAR,single,-1.6666666666666665,Bearish,,,
2025-11-13,USDCAD,fx,-2.5,Bearish,-0.005543600632739953,-0.018839691610494258,-0.026164654914423213
2025-11-13,AUDUSD,fx,2.5,Bullish,0.01225283729763671,0.018317991759966956,0.027813940665635473
2025-11-13,EURAUD,fx,-1.8055555555555554,Bearish,-0.011178770447600184,-0.009482293726406632,-0.016032266762538216
2025-11-13,EURCAD,fx,-1.8055555555555554,Bearish,-0.004633346612324951,-0.009793767045628732,-0.01423099316642662
2025-11-13,GBPAUD,fx,-2.847222222222222,Bearish,-0.0018930477573331217,-0.004668196302114569,-0.00444023767165036
2025-11-13,GBPNZD,fx,-1.3888888888888886,Bearish,-0.008746743576207971,-0.012433423032519264,-0.007098681979905708
2025-11-13,GBPCAD,fx,-2.847222222222222,Bearish,0.004713793793144516,-0.005454378368443535,-0.0030920757450442204
2025-11-13,AUDJPY,fx,2.083333333333333,Bullish,0.016112549731623016,0.02774057207488778,0.04204740502624249
2025-11-13,CADJPY,fx,2.083333333333333,Bullish,0.009397607881630021,0.027774748245900982,0.04028065583306062
2025-11-13,AUDNZD,fx,1.4583333333333333,Bullish,-0.006730011346608666,-0.008289087334239942,-0.004088243700899996
2025-11-13,AUDCHF,fx,2.5,Bullish,0.02615592958018964,0.022867092280905332,0.023834397368930116
2025-11-13,NZDCAD,fx,-1.4583333333333333,Bearish,0.013540432184371731,0.006719786177160403,0.0027358228901384063
2025-11-13,CADCHF,fx,2.5,Bullish,0.01939475597000384,0.02320633963869745,0.02187671742868802
2025-11-13,FTSE100,cross-asset,3.333333333333333,Bullish,0.3309736644898833,0.39281126217749707,0.420096884701852
2025-11-13,GOLD,cross-asset,2.0,Bullish,0.008961428458408971,0.030724897571687837,0.08681174047818252
2025-11-13,SILVER,cross-asset,2.0,Bullish,0.09196764880212616,0.18403089807078254,0.5113477753771438
2025-11-14,US-DOLLAR,single,-1.6666666666666665,Bearish,,,
2025-11-14,USDCAD,fx,-2.5,Bearish,-0.014931758867068767,-0.018354511615967017,-0.023973530712075197
2025-11-14,AUDUSD,fx,2.7777777777777777,Bullish,0.015964611522684136,0.01631665952366368,0.024429069981019902
2025-11-14,EURAUD,fx,-2.0833333333333335,Bearish,-0.014374317585745033,-0.004513783360911239,-0.010918628080009984
2025-11-14,EURCAD,fx,-1.8055555555555554,Bearish,-0.012941645946526692,-0.0071584246554317055,-0.011271756146974843
2025-11-14,GBPAUD,fx,-3.125,Very Bearish,-0.004072207185955801,-0.0002781019541628904,0.0018374593400043437
2025-11-14,GBPNZD,fx,-1.3888888888888886,Bearish,-0.004727775139242829,-0.002210612667846945,0.004317602866888315
2025-11-14,GBPCAD,fx,-2.847222222222222,Bearish,-0.0029139201975832973,-0.003260557544507603,0.001148236211687248
2025-11-14,AUDJPY,fx,2.361111111111111,Bullish,0.021769516728624483,0.02096654275092935,0.03475588599752166
2025-11-14,CADJPY,fx,2.083333333333333,Bullish,0.02056349797453172,0.023288343112499943,0.03495068030300286
2025-11-14,AUDNZD,fx,1.7361111111111112,Bullish,-0.0006260379622464729,-0.001765079254666957,0.0018781138867391967
2025-11-14,AUDCHF,fx,2.7777777777777777,Bullish,0.029801196680177666,0.01891526732291071,0.017911600077205048
2025-11-14,NZDCAD,fx,-1.4583333333333333,Bearish,0.0017202410848820016,-0.0005901557006529057,-0.0037795077850325542
2025-11-14,CADCHF,fx,2.5,Bullish,0.02856991225587313,0.02165298613076705,0.01829181998301732
2025-11-14,FTSE100,cross-asset,3.333333333333333,Bullish,0.3309736644898833,0.39281126217749707,0.420096884701852
2025-11-14,GOLD,cross-asset,2.0,Bullish,0.027904187219250698,0.053872045629796306,0.06048151185419992
2025-11-14,SILVER,cross-asset,2.0,Bullish,0.15374569630772883,0.2674027464482174,0.426847124935692
2025-11-17,USDCAD,fx,-2.2222222222222223,Bearish,-0.014073884335154885,-0.02157331511839722,-0.025529371584699367
2025-11-17,AUDUSD,fx,2.5,Bullish,0.020052055258659163,0.02136113720718913,0.031171551339113757
2025-11-17,EURAUD,fx,-2.0833333333333335,Bearish,-0.01579310306163073,-0.007776014890479854,-0.01714984105982531
2025-11-17,EURCAD,fx,-1.8055555555555554,Bearish,-0.01026217366471982,-0.008462762004777913,-0.012540609589083096
2025-11-17,GBPAUD,fx,-3.125,Very Bearish,-0.006810218292700898,-0.0007907365216488493,-0.006731144640536146
2025-11-17,GBPNZD,fx,-1.3888888888888886,Bearish,-0.007456032666985468,-0.0014860377065915031,0.0004695017681695113
2025-11-17,GBPCAD,fx,-2.847222222222222,Bearish,-0.0015480630267338258,-0.0018132906082372058,-0.0024032866568874933
2025-11-17,AUDJPY,fx,2.361111111111111,Bullish,0.024864703837942592,0.018211608162454818,0.039422074375651706
2025-11-17,CADJPY,fx,2.083333333333333,Bullish,0.01872672748851678,0.018527410601846483,0.03432780379970457
2025-11-17,AUDNZD,fx,1.7361111111111112,Bullish,-0.0007930352334224455,-0.0007320325231592317,0.007207034483960539
2025-11-17,AUDCHF,fx,2.7777777777777777,Bullish,0.033670425045526864,0.02003177186252869,0.025533728544306467
2025-11-17,NZDCAD,fx,-1.4583333333333333,Bearish,0.007504879430837885,0.0011584713215389009,-0.0018132594597998208
2025-11-17,CADCHF,fx,2.5,Bullish,0.02793691208713489,0.02075818657613704,0.02086427611570829
2025-11-17,FTSE100,cross-asset,3.333333333333333,Bullish,0.3309736644898833,0.39281126217749707,0.420096884701852
2025-11-17,GOLD,cross-asset,2.0,Bullish,0.035852447305257495,0.06348335298494368,0.07258736314939918
2025-11-17,SILVER,cross-asset,2.0,Bullish,0.15813907152819295,0.2697350069735007,0.5170751145646544
2025-11-18,USDCAD,fx,-1.8055555555555554,Bearish,-0.010202257794682201,-0.01437038413967151,-0.018795890499102685
2025-11-18,AUDUSD,fx,2.361111111111111,Bullish,0.020715833474205025,0.014891426288208276,0.025372285657205174
2025-11-18,EURAUD,fx,-2.0833333333333335,Bearish,-0.016294229806572802,-0.0009167964992997657,-0.010804699847575483
2025-11-18,EURCAD,fx,-1.5277777777777775,Bearish,-0.006288336926374649,-0.0007289034944127915,-0.004855238530580008
2025-11-18,GBPAUD,fx,-3.125,Very Bearish,-0.008505112484573418,0.002953990117019689,-8.921446662135679e-05
2025-11-18,GBPNZD,fx,-1.3888888888888886,Bearish,-0.009577090840129143,-0.002560212402806905,0.007896143302932535
2025-11-18,GBPCAD,fx,-2.5694444444444438,Bearish,0.0012517756164995841,0.0028246588911444714,0.005594892755484526
2025-11-18,AUDJPY,fx,2.361111111111111,Bullish,0.030159750729511936,0.016420198822889365,0.0335723824125822
2025-11-18,CADJPY,fx,1.8055555555555554,Bullish,0.019380158965911276,0.015815577939203962,0.02699540025024083
2025-11-18,AUDNZD,fx,1.7361111111111112,Bullish,4.352898159587504e-05,-0.00431807497431802,0.008836383263977066
2025-11-18,AUDCHF,fx,2.7777777777777777,Bullish,0.028865027133125443,0.009544702305353425,0.016318362005927067
2025-11-18,CADCHF,fx,2.222222222222222,Bullish,0.018498405913884408,0.009371824965840991,0.01024769645797563
2025-11-18,FTSE100,cross-asset,3.333333333333333,Bullish,0.3309736644898833,0.39281126217749707,0.420096884701852
2025-11-18,GOLD,cross-asset,2.0,Bullish,0.034620528909039106,0.06661273984323524,0.06185521385509585
2025-11-18,SILVER,cross-asset,2.0,Bullish,0.1972045091110104,0.3072276074467457,0.4116834146052555
2025-11-19,USDCAD,fx,-1.8055555555555554,Bearish,-0.018222586041214295,-0.019404206854824246,-0.02282805993522441
2025-11-19,AUDUSD,fx,2.361111111111111,Bullish,0.030316595403115043,0.020607258076964508,0.032817251439420714
2025-11-19,EURAUD,fx,-2.0833333333333335,Bearish,-0.016084254066022874,-0.004338589845901408,-0.01693848419112276
2025-11-19,EURCAD,fx,-1.5277777777777775,Bearish,-0.0048516422129908365,-0.003715888819618818,-0.007295981037856336
2025-11-19,GBPAUD,fx,-3.125,Very Bearish,-0.005116054975239259,0.004470339298752624,-0.0021060265140789847
2025-11-19,GBPNZD,fx,-1.3888888888888886,Bearish,-0.012367430427832393,-0.0053113773484367854,0.001564192034652745
2025-11-19,GBPCAD,fx,-2.5694444444444438,Bearish,0.005923711756331551,0.004778242632178964,0.007341911624329844
2025-11-19,AUDJPY,fx,2.361111111111111,Bullish,0.02332051950094871,0.010539459066196022,0.03152006134909002
2025-11-19,CADJPY,fx,1.8055555555555554,Bullish,0.011343710860619138,0.009482912864555493,0.02109500805152975
2025-11-19,AUDNZD,fx,1.7361111111111112,Bullish,-0.0073615280144635475,-0.009800953278950919,0.0028113943651006945
2025-11-19,AUDCHF,fx,2.7777777777777777,Bullish,0.023104083512434537,0.005929536383174616,0.016157506908197616
2025-11-19,CADCHF,fx,2.222222222222222,Bullish,0.011528384279475778,0.005327510917030542,0.006305676855895115
2025-11-19,FTSE100,cross-asset,3.333333333333333,Bullish,0.3309736644898833,0.39281126217749707,0.420096884701852
2025-11-19,GOLD,cross-asset,2.0,Bullish,0.03685401855453185,0.06252283757304955,0.06244681451108591
2025-11-19,SILVER,cross-asset,2.0,Bullish,0.20430715260183185,0.27544338335607077,0.39356850516468533
2025-11-20,USDCAD,fx,-1.8055555555555554,Bearish,-0.02317662332134418,-0.02109803420804346,-0.022970892658253028
2025-11-20,AUDUSD,fx,2.361111111111111,Bullish,0.03483406066065142,0.026245903930673498,0.04266124147784622
2025-11-20,EURAUD,fx,-2.0833333333333335,Bearish,-0.015911708467980956,-0.010499714863973386,-0.02471178897697668
2025-11-20,EURCAD,fx,-1.5277777777777775,Bearish,-0.005326453074872006,-0.0056281827866278,-0.006502583175797549
2025-11-20,GBPAUD,fx,-2.5694444444444446,Bearish,-0.01011002668060712,-0.002643402097953884,-0.006046289127036419
2025-11-20,GBPCAD,fx,-2.0138888888888884,Bearish,0.00022809847336957567,0.0017053076342385953,0.012197837409235746
2025-11-20,AUDJPY,fx,2.361111111111111,Bullish,0.022824874374339776,0.028570582369956465,0.036014334652937574
2025-11-20,CADJPY,fx,1.8055555555555554,Bullish,0.011484162247384244,0.02312956858248527,0.016554393005589807
2025-11-20,AUDNZD,fx,1.7361111111111112,Bullish,-0.006104857871277791,-0.005003555385976188,0.004804106904386041
2025-11-20,AUDCHF,fx,2.7777777777777777,Bullish,0.02134558227506078,0.013587061411973522,0.02408615432122585
2025-11-20,CADCHF,fx,2.222222222222222,Bullish,0.010441119792579112,0.008619179426088808,0.005290634525769944
2025-11-20,GOLD,cross-asset,2.0,Bullish,0.04958120255570675,0.06410360178065555,0.09120341414958966
2025-11-20,SILVER,cross-asset,2.0,Bullish,0.25451923266886634,0.32617500049390524,0.4375407471798012
2025-11-21,USDCAD,fx,-1.9722222222222219,Bearish,-0.023286825884338946,-0.0250175555571317,-0.020123279023414486
2025-11-21,AUDUSD,fx,2.5277777777777777,Bullish,0.030167338084908568,0.03146885652308651,0.04400371862410912
2025-11-21,EURAUD,fx,-2.0833333333333335,Bearish,-0.010360658681962676,-0.0092044855029354,-0.027209357145262514
2025-11-21,EURCAD,fx,-1.5277777777777775,Bearish,-0.004252512988653923,-0.004129251742605922,-0.0053988425768997095
2025-11-21,GBPAUD,fx,-2.5694444444444446,Bearish,-0.008823660042341697,-0.0028622610875603804,-0.01194253764120079
2025-11-21,GBPCAD,fx,-2.0138888888888884,Bearish,-0.0031480106848141842,0.001939738081176312,0.009904584392152138
2025-11-21,AUDJPY,fx,2.361111111111111,Bullish,0.02712913109438686,0.03589453748599425,0.04608779288256937
2025-11-21,CADJPY,fx,1.8055555555555554,Bullish,0.020493985362728173,0.030149892160667102,0.02269589308113673
2025-11-21,AUDNZD,fx,1.7361111111111112,Bullish,-0.0041488001530793905,-0.0009219555895730869,0.012985657502196268
2025-11-21,AUDCHF,fx,2.7777777777777777,Bullish,0.014428242517267709,0.00982348426707591,0.027091327705295543
2025-11-21,CADCHF,fx,2.222222222222222,Bullish,0.008210180623973828,0.00469901827201924,0.0045942074555427315
2025-11-21,GOLD,cross-asset,2.0,Bullish,0.05760096034399198,0.09296936689617508,0.10563537923010125
2025-11-21,SILVER,cross-asset,2.0,Bullish,0.23971012171684825,0.38192664958360023,0.533051729660474
2025-11-24,USDCAD,fx,-1.9722222222222219,Bearish,-0.02403334893019682,-0.029712025181845125,-0.017468487246019238
2025-11-24,AUDUSD,fx,2.5277777777777777,Bullish,0.02724445750885729,0.03669724770642202,0.03965221158160204
2025-11-24,EURAUD,fx,-2.0833333333333335,Bearish,-0.0067331180682296266,-0.012472272918714111,-0.02514109223641725
2025-11-24,EURCAD,fx,-1.5277777777777775,Bearish,-0.004309840597467085,-0.006969627937618128,-0.004223643785517761
2025-11-24,GBPAUD,fx,-2.986111111111111,Bearish,-0.005817657429859624,-0.004583010267325771,-0.011832858405724678
2025-11-24,GBPCAD,fx,-2.4305555555555554,Bearish,-0.0037138294128793436,0.0006388219689792418,0.00904095498470614
2025-11-24,AUDJPY,fx,2.361111111111111,Bullish,0.016432272390821456,0.03243029854428814,0.0389834690352826
2025-11-24,CADJPY,fx,1.8055555555555554,Bullish,0.013566763229393652,0.026305845943465966,0.016769526962592485
2025-11-24,AUDNZD,fx,1.7361111111111112,Bullish,-0.0021381636129749193,-0.0030681778673991023,0.011716441261342636
2025-11-24,AUDCHF,fx,2.7777777777777777,Bullish,0.011767862618828673,0.009927936215884614,0.026065624041704982
2025-11-24,CADCHF,fx,2.222222222222222,Bullish,0.009315087645712206,0.004351701357940607,0.00450899176846864
2025-11-24,GOLD,cross-asset,2.0,Bullish,0.04124975511359108,0.08455292811586212,0.07777834212505774
2025-11-24,SILVER,cross-asset,2.0,Bullish,0.2478958852867832,0.3911120635910226,0.5830346009975063
2025-11-25,USDCAD,fx,-1.9722222222222219,Bearish,-0.02466841619973048,-0.0304347826086957,-0.016554365557840955
2025-11-25,AUDUSD,fx,2.5277777777777777,Bullish,0.025292971769580452,0.036408892736773835,0.03555857889366432
2025-11-25,EURAUD,fx,-2.0833333333333335,Bearish,-0.009497478718819896,-0.01760139691849638,-0.02666793523581401
2025-11-25,EURCAD,fx,-1.5277777777777775,Bearish,-0.009581940312241133,-0.012477379382265452,-0.008968499831303878
2025-11-25,GBPAUD,fx,-2.986111111111111,Bearish,-0.00531331329361473,-0.009642679681004407,-0.013598146244028886
2025-11-25,GBPCAD,fx,-2.4305555555555554,Bearish,-0.005709787513951015,-0.004787810493284694,0.00402219214863786
2025-11-25,AUDJPY,fx,2.361111111111111,Bullish,0.016656917082263467,0.03553475644216175,0.041087062136249575
2025-11-25,CADJPY,fx,1.8055555555555554,Bullish,0.016326752006943,0.02979677442684614,0.022112533449048843
2025-11-25,AUDNZD,fx,1.7361111111111112,Bullish,-0.0036927621861152504,-0.0020331914154140263,0.011738639325745037
2025-11-25,AUDCHF,fx,2.7777777777777777,Bullish,0.00912296841459681,0.011231217417969841,0.02395737503833173
2025-11-25,CADCHF,fx,2.222222222222222,Bullish,0.009212803524290658,0.005908781007988972,0.005681520199989576
2025-11-25,GOLD,cross-asset,2.0,Bullish,0.04156791160584805,0.08439714423363243,0.08405820960201815
2025-11-25,SILVER,cross-asset,2.0,Bullish,0.23919341979893827,0.39648433702140884,0.5198047718124721
2025-11-26,USDCAD,fx,-1.833333333333333,Bearish,-0.01822389972938332,-0.026705597493234534,-0.009265061956986176
2025-11-26,AUDUSD,fx,2.388888888888889,Bullish,0.013271960107402947,0.029643268124280864,0.025439202148062723
2025-11-26,EURAUD,fx,-2.0833333333333335,Bearish,-0.0007369445491417492,-0.01462075483373737,-0.022147715190621087
2025-11-26,EURCAD,fx,-1.5277777777777775,Bearish,-0.006070399429824791,-0.011759862863041204,-0.005984381624138946
2025-11-26,GBPAUD,fx,-2.986111111111111,Bearish,-0.002916988997235803,-0.010120769257301099,-0.013392527186633085
2025-11-26,GBPCAD,fx,-2.4305555555555554,Bearish,-0.008560713267222297,-0.0077051800117299285,0.002571980478775826
2025-11-26,AUDJPY,fx,2.361111111111111,Bullish,0.008737053943945527,0.031060717616453237,0.036096794777401575
2025-11-26,CADJPY,fx,1.8055555555555554,Bullish,0.013762374458757831,0.02822544422285711,0.01897267288309168
2025-11-26,AUDNZD,fx,1.7361111111111112,Bullish,0.0013483224767107949,0.006697835679764674,0.02119667997478447
2025-11-26,AUDCHF,fx,2.7777777777777777,Bullish,0.0022926139620189634,0.011080967483092063,0.022009094035382537
2025-11-26,CADCHF,fx,2.222222222222222,Bullish,0.00771248688352566,0.008062259531304683,0.005491430570129463
2025-11-26,GOLD,cross-asset,2.0,Bullish,0.04191514656611406,0.08878508039820843,0.0829752740984473
2025-11-26,SILVER,cross-asset,2.0,Bullish,0.24153900961881014,0.4821030131438322,0.4420527628297679
2025-11-27,USDCAD,fx,-1.6666666666666665,Bearish,-0.017985201237507242,-0.02427966524571934,-0.010649976475955558
2025-11-27,AUDUSD,fx,1.9444444444444442,Bullish,0.011984388153363446,0.024382031070635968,0.026907476850080325
2025-11-27,EURAUD,fx,-1.8055555555555554,Bearish,-0.0008121369353110142,-0.008865828210478766,-0.020145507867576518
2025-11-27,EURCAD,fx,-1.5277777777777775,Bearish,-0.0071478221287223365,-0.009337688460757665,-0.004502758862499734
2025-11-27,GBPAUD,fx,-2.708333333333333,Bearish,-0.0008399333982223034,-0.003270799468371499,-0.00918985953349094
2025-11-27,GBPNZD,fx,-1.4583333333333335,Bearish,0.002994180630121246,0.007925262478280182,0.01003115507775787
2025-11-27,GBPCAD,fx,-2.4305555555555554,Bearish,-0.007489345194157115,-0.004062565666470785,0.0063039812065928125
2025-11-27,AUDJPY,fx,2.083333333333333,Bullish,0.007508405297052434,0.02315255001519323,0.03954165400562637
2025-11-27,CADJPY,fx,1.8055555555555554,Bullish,0.013526865108592245,0.023460937359656375,0.022814234645301523
2025-11-27,AUDCHF,fx,2.5,Bullish,-0.0017139266058540104,0.004322903772542963,0.01738683323494139
2025-11-27,CADCHF,fx,2.222222222222222,Bullish,0.004678199242410974,0.004800391013668026,0.0013964773857944035
2025-11-27,GOLD,cross-asset,2.0,Bullish,0.042690366690973036,0.042560411236814755,0.10634687998613801
2025-11-27,SILVER,cross-asset,2.0,Bullish,0.22593758195646463,0.35082986774568203,0.4967779401296317
2025-11-28,USDCAD,fx,-1.6666666666666665,Bearish,-0.012269060350319716,-0.019649107737238825,-0.005790939220191804
2025-11-28,AUDUSD,fx,1.9444444444444442,Bullish,0.00991869421689695,0.023276072869543807,0.02090720136936053
2025-11-28,EURAUD,fx,-1.8055555555555554,Bearish,0.0007690219849814106,-0.008696733918393207,-0.015278657378087424
2025-11-28,EURCAD,fx,-1.5277777777777775,Bearish,-0.002926702766783751,-0.007211790783973493,-0.0020869737028964552
2025-11-28,GBPAUD,fx,-2.708333333333333,Bearish,0.0023592737798441288,-0.0038462110360484303,-0.00494654460563948
2025-11-28,GBPNZD,fx,-1.4583333333333335,Bearish,0.007597992393324038,0.008448967541376584,0.014787864052378197
2025-11-28,GBPCAD,fx,-2.4305555555555554,Bearish,-0.0017643461365690616,-0.0025328650058721314,0.008215574954944183
2025-11-28,AUDJPY,fx,2.083333333333333,Bullish,0.01953205272479952,0.024307424332866923,0.03980781086397034
2025-11-28,CADJPY,fx,1.8055555555555554,Bullish,0.02298294640298093,0.02255302378905122,0.025669962740040075
2025-11-28,AUDCHF,fx,2.5,Bullish,-0.0011031649421789913,0.006847230675593563,0.016205112598904448
2025-11-28,CADCHF,fx,2.222222222222222,Bullish,0.0026121482307051025,0.005433268319866347,0.0027862914460854427
2025-11-28,GOLD,cross-asset,2.0,Bullish,0.028304681815273014,0.02844926275571269,0.08698795237835655
2025-11-28,SILVER,cross-asset,2.0,Bullish,0.19030055856015582,0.3501551555989004,0.5076691196028016
2025-12-01,USDCAD,fx,-1.6666666666666665,Bearish,-0.017954232068987608,-0.019468874806204295,-0.008137632441932774
2025-12-01,AUDUSD,fx,1.9444444444444442,Bullish,0.01743848387589786,0.019746293749044908,0.02124407764022629
2025-12-01,EURAUD,fx,-1.8055555555555554,Bearish,-0.004050730034075856,-0.007785525692234785,-0.017590774716223168
2025-12-01,EURCAD,fx,-1.5277777777777775,Bearish,-0.004963268121162989,-0.007956007956007927,-0.005000215526531404
2025-12-01,GBPAUD,fx,-2.708333333333333,Bearish,0.001834525775087359,0.00027765795514844704,-0.003024488440008577
2025-12-01,GBPNZD,fx,-1.4583333333333335,Bearish,0.007646182770254084,0.015340127045603502,0.01481909244456392
2025-12-01,GBPCAD,fx,-2.4305555555555554,Bearish,0.0005897949245170508,-0.000232671392240813,0.009431307829662838
2025-12-01,AUDJPY,fx,2.083333333333333,Bullish,0.027984689108209615,0.02816180739370444,0.04110128213958886
2025-12-01,CADJPY,fx,1.8055555555555554,Bullish,0.02852560637185997,0.027966987422063605,0.027516488269001993
2025-12-01,AUDCHF,fx,2.9166666666666665,Bullish,0.0009508957437907029,0.004412156251188737,0.015062188581643987
2025-12-01,NZDCHF,fx,1.6666666666666665,Bullish,-0.004803199234965638,-0.010019343200538988,-0.002716741648736254
2025-12-01,CADCHF,fx,2.6388888888888884,Bullish,0.0018987562275720737,0.004616242204647403,0.002212312301850039
2025-12-01,GOLD,cross-asset,2.0,Bullish,0.04987630166797796,0.02049824317650706,0.09326168990588535
2025-12-01,SILVER,cross-asset,2.0,Bullish,0.19066510280115923,0.23337242997102248,0.4990685801021111
2025-12-02,USDCAD,fx,-1.9444444444444442,Bearish,-0.020097372377747558,-0.017126082909715845,-0.005262404238562279
2025-12-02,AUDUSD,fx,2.2222222222222223,Bullish,0.020716233301344866,0.0191929808527167,0.02030495514021524
2025-12-02,EURAUD,fx,-1.8055555555555554,Bearish,-0.00596351796686434,-0.011220457975569476,-0.021101244142468722
2025-12-02,EURCAD,fx,-1.5277777777777775,Bearish,-0.006076180264122821,-0.008923234302687488,-0.006667775908499873
2025-12-02,GBPAUD,fx,-2.708333333333333,Bearish,0.0027162422330893055,-0.0005472282887176716,-0.006934874858840145
2025-12-02,GBPNZD,fx,-1.4583333333333335,Bearish,0.005318431867104456,0.013554825944206428,0.012371985823313114
2025-12-02,GBPCAD,fx,-2.4305555555555554,Bearish,0.0022666269012825424,0.0014207087275981412,0.007363826152970265
2025-12-02,AUDJPY,fx,2.083333333333333,Bullish,0.023350680857724182,0.0263636719361402,0.03870910940679284
2025-12-02,CADJPY,fx,1.8055555555555554,Bullish,0.02306602335300334,0.023604110989543292,0.02322744964396528
2025-12-02,AUDCHF,fx,2.5,Bullish,0.0011399475624120914,0.006079720332864635,0.020747045635900685
2025-12-02,CADCHF,fx,2.222222222222222,Bullish,0.0012718877951041208,0.003763394023869715,0.005906437843017587
2025-12-02,GOLD,cross-asset,2.0,Bullish,0.06623803081137236,0.03014083636303111,0.09757489436678313
2025-12-02,SILVER,cross-asset,2.0,Bullish,0.2221727744210329,0.22390154562415487,0.5951423240846925
2025-12-03,USDCAD,fx,-1.9444444444444442,Bearish,-0.02003670408763114,-0.012695886561429282,-0.0025520810930935722
2025-12-03,AUDUSD,fx,2.2222222222222223,Bullish,0.01558901951278635,0.017119137074294022,0.011831899163737614
2025-12-03,EURAUD,fx,-2.2222222222222223,Bearish,-0.006295076027761803,-0.01247693126365712,-0.018341768282327364
2025-12-03,EURCAD,fx,-1.9444444444444442,Bearish,-0.010620186959541256,-0.008407648009636781,-0.00857973437240711
2025-12-03,GBPAUD,fx,-2.708333333333333,Bearish,-0.003672449206859718,-0.002484595015961766,-0.009958177633695442
2025-12-03,GBPNZD,fx,-1.4583333333333335,Bearish,0.0016411828641456072,0.01200791578436844,0.006153353166097109
2025-12-03,GBPCAD,fx,-2.4305555555555554,Bearish,-0.008348689406190046,0.0012893728812648497,-0.0005264939265164914
2025-12-03,AUDJPY,fx,2.083333333333333,Bullish,0.020399589663426143,0.025265009037174435,0.03143959747936087
2025-12-03,CADJPY,fx,1.8055555555555554,Bullish,0.024535904446683077,0.020650453302633487,0.020992229097712034
2025-12-03,AUDCHF,fx,2.5,Bullish,0.0010624976283535315,0.006754449208818736,0.01665844495882829
2025-12-03,CADCHF,fx,2.222222222222222,Bullish,0.005399077439194766,0.002655856863293282,0.006674587643276331
2025-12-03,GOLD,cross-asset,2.0,Bullish,0.0657327150345115,0.058547251560221,0.09362278220193998
2025-12-03,SILVER,cross-asset,2.0,Bullish,0.22801887760336514,0.24421189425806222,0.5793064532676722
2025-12-04,US-DOLLAR,single,-1.6666666666666665,Bearish,,,
2025-12-04,USDCAD,fx,-2.222222222222222,Bearish,-0.020736006419993624,-0.01017454357857328,-0.0062981857785675555
2025-12-04,EURCAD,fx,-1.9444444444444442,Bearish,-0.009642322777678625,-0.006329698477301138,-0.0060834067077564224
2025-12-04,GBPNZD,fx,-1.6666666666666665,Bearish,0.001662603966869236,0.009624918276953442,0.0014591081688410945
2025-12-04,GBPCAD,fx,-2.6388888888888884,Bearish,-0.007769246910325434,0.0028408326652713534,0.0010760729792693713
2025-12-04,CADJPY,fx,1.8055555555555554,Bullish,0.0305955232212638,0.02040301813401535,0.025841421908483486
2025-12-04,AUDCAD,fx,-2.2222222222222223,Bearish,-0.005095955762767002,0.009248617586468555,0.009432939390653816
2025-12-04,CADCHF,fx,1.8055555555555554,Bullish,0.0024347402653865924,0.00013912801516480222,-0.0016173631762925744
2025-12-04,GOLD,cross-asset,2.0,Bullish,0.07715885843002046,0.06796813184463213,0.10983963750329662
2025-12-04,SILVER,cross-asset,2.0,Bullish,0.3840591129554727,0.3408800406226471,0.5765439232372047
2025-12-05,US-DOLLAR,single,-1.3333333333333333,Bearish,,,
2025-12-05,USDCAD,fx,-2.0555555555555554,Bearish,-0.009178827889738228,0.0032285151725734984,0.0015056752374333904
2025-12-05,EURGBP,fx,1.5277777777777777,Bullish,-0.002623288848158545,-0.0063348416289593645,-0.0009737098344693162
2025-12-05,GBPNZD,fx,-1.6666666666666665,Bearish,0.009088345660803077,0.010276988482311511,-0.001232023946380889
2025-12-05,GBPCAD,fx,-2.6388888888888884,Bearish,0.004074027801165725,0.01245022896036252,0.00963643375902401
2025-12-05,CADJPY,fx,1.8055555555555554,Bullish,0.014097292679019713,0.005838272725654736,0.01646464107082468
2025-12-05,AUDCAD,fx,-2.2222222222222223,Bearish,-0.0013734766399964293,0.015217249122501109,0.015958490483769072
2025-12-05,CADCHF,fx,1.8055555555555554,Bullish,-0.009992604440775321,-0.011454517310768297,-0.019796020157198613
2025-12-05,GOLD,cross-asset,2.0,Bullish,0.031692958390489245,0.06123066224660878,0.13434499314128945
2025-12-05,SILVER,cross-asset,2.0,Bullish,0.23670851341153876,0.39353090485010633,0.6175653426630994
2025-12-08,US-DOLLAR,single,-1.3333333333333333,Bearish,,,
2025-12-08,USDCAD,fx,-1.6388888888888888,Bearish,-0.011619011878815755,0.0006495099808034865,-0.0018907957218941007
2025-12-08,EURGBP,fx,1.5277777777777777,Bullish,-0.0014541707219327682,-0.0070189500200377175,-0.004259460697314865
2025-12-08,GBPNZD,fx,-1.6666666666666665,Bearish,0.00798507138827409,0.013166688365230161,-0.0036540381026776148
2025-12-08,GBPCAD,fx,-2.2222222222222223,Bearish,-0.0008565496229555603,0.009519627455126134,0.00642954337231183
2025-12-08,CADJPY,fx,1.3888888888888888,Bullish,0.015314289779801538,0.005496069154423466,0.017075166305005274
2025-12-08,AUDCAD,fx,-1.8055555555555558,Bearish,-0.0009370641562064241,0.011865847280334574,0.01898099721059965
2025-12-08,CADCHF,fx,1.3888888888888888,Bullish,-0.0068804183294344234,-0.01045823586074024,-0.012264345672216792
2025-12-08,GOLD,cross-asset,2.0,Bullish,0.03546346387432542,0.06855728777642822,0.1530959238851597
2025-12-08,SILVER,cross-asset,2.0,Bullish,0.30992481979114683,0.3446247010855541,0.6265418824298519
2025-12-09,EURGBP,fx,1.5277777777777777,Bullish,-0.0026778970497356447,-0.006866402691629858,-0.003982513561145318
2025-12-09,GBPNZD,fx,-1.6666666666666665,Bearish,0.017642195047652187,0.016327951607989943,-0.009687105618172986
2025-12-09,GBPCAD,fx,-2.2222222222222223,Bearish,0.004337687327756301,0.01281737684066342,0.010980110779533536
2025-12-09,CADJPY,fx,1.3888888888888888,Bullish,0.007470462532892963,0.0016247814492345025,0.014093213005315963
2025-12-09,AUDCAD,fx,-1.8055555555555558,Bearish,-0.004219776395353869,0.011832775046765498,0.025470918345151583
2025-12-09,CADCHF,fx,1.3888888888888888,Bullish,-0.00810085652368353,-0.011145127446596348,-0.0170788758556637
2025-12-10,GBPUSD,fx,-1.3888888888888888,Bearish,0.005710014947682973,0.006255605381165985,0.01960388639760846
2025-12-10,EURGBP,fx,1.5277777777777777,Bullish,-0.0041310492407337085,-0.008914369414214973,-0.008216325082678333
2025-12-10,GBPNZD,fx,-1.6666666666666665,Bearish,0.014106078405778266,0.014210503415568176,-0.0028281773484749584
2025-12-10,GBPCAD,fx,-2.2222222222222223,Bearish,0.001409848332854402,0.012742859931567985,0.01310074450836951
2025-12-10,CADJPY,fx,1.3888888888888888,Bullish,0.009641922015427129,0.007306630811690473,0.004688274007501159
2025-12-10,AUDCAD,fx,-1.8055555555555558,Bearish,-0.0017814081814429006,0.011513979709326438,0.026058525776107455
2025-12-10,CADCHF,fx,1.3888888888888888,Bullish,-0.00516318425142448,-0.009376618891383082,-0.01806251079260912
2025-12-11,GBPUSD,fx,-1.3888888888888888,Bearish,0.011609924468251931,0.002697028785739297,0.021792889108037894
2025-12-11,EURGBP,fx,1.5277777777777777,Bullish,-0.012972935968235122,-0.01046278125142619,-0.009264752863858305
2025-12-11,GBPNZD,fx,-1.6666666666666665,Bearish,0.015124531973486288,0.015237466445430892,-0.006272206826454463
2025-12-11,GBPCAD,fx,-2.2222222222222223,Bearish,0.011967009279318708,0.011489197656550987,0.017364108745581586
2025-12-11,CADJPY,fx,1.3888888888888888,Bullish,0.005012664505730013,0.014170076341286197,-0.004392723665798681
2025-12-11,AUDCAD,fx,-1.8055555555555558,Bearish,0.007891868323522955,0.011336385437104912,0.033267931109657756
2025-12-11,CADCHF,fx,1.3888888888888888,Bullish,-0.005097264121502021,-0.0016297375082352517,-0.01879399424390571
2025-12-12,EURGBP,fx,1.5277777777777777,Bullish,-0.013870526555732732,-0.013118304080236953,-0.009288807841349445
2025-12-12,EURAUD,fx,1.3888888888888888,Bullish,-0.017025089605734678,-0.012442720384737482,-0.026938432920466382
2025-12-12,GBPNZD,fx,-1.6666666666666665,Bearish,0.013393943608107639,0.015732016827173734,-0.0055018600285088315
2025-12-12,GBPCAD,fx,-2.2222222222222223,Bearish,0.013093814545059201,0.013985215784324323,0.021138167192086055
2025-12-12,CADJPY,fx,1.3888888888888888,Bullish,0.002157688090269172,0.008471578649499545,-0.009373563015103836
2025-12-12,AUDNZD,fx,-1.5277777777777777,Bearish,0.01720584125209612,0.01524944102850756,0.012812674678591263
2025-12-12,AUDCAD,fx,-2.083333333333333,Bearish,0.01625652335305805,0.012751926982116801,0.0391073651112519
2025-12-12,CADCHF,fx,1.3888888888888888,Bullish,-0.0035865271328574533,-0.0031706979000624136,-0.03000900963337727
2025-12-15,GBPUSD,fx,-1.3888888888888888,Bearish,0.005973429825282706,0.00028409303299214983,0.03212494112545694
2025-12-15,EURGBP,fx,1.9444444444444442,Bullish,-0.012556206955432803,-0.012988787068131225,-0.014980932323979679
2025-12-15,EURAUD,fx,1.3888888888888888,Bullish,-0.018532757411972245,-0.020918609647436748,-0.04089305502159701
2025-12-15,GBPNZD,fx,-2.083333333333333,Bearish,0.0077283230490960975,0.007364840890011992,-0.01513643562471334
2025-12-15,GBPCAD,fx,-2.6388888888888884,Bearish,0.012802330067543721,0.009476767248640217,0.0165408712757229
2025-12-15,CADJPY,fx,1.3888888888888888,Bullish,0.003159894196800961,0.012728337860147931,0.0036036995615202905
2025-12-15,AUDNZD,fx,-1.5277777777777777,Bearish,0.013884291761754541,0.01505147814574137,0.011680574186017978
2025-12-15,AUDCAD,fx,-2.083333333333333,Bearish,0.018926961620935545,0.01796420287952394,0.04423219990372429
2025-12-15,CADCHF,fx,1.3888888888888888,Bullish,-0.004761739853165303,-0.0003116775176618125,-0.020276354065660085
2025-12-16,USDCAD,fx,-1.5277777777777777,Bearish,0.008319273954273232,0.011824422595846373,-0.01916196404677406
2025-12-16,EURGBP,fx,1.9444444444444442,Bullish,-0.009106593996732193,-0.009643620242461681,-0.009803585507147106
2025-12-16,EURCHF,fx,1.5277777777777777,Bullish,-0.0029155456465116414,-0.002819075386149006,-0.020494570868125228
2025-12-16,EURAUD,fx,1.3888888888888888,Bullish,-0.017335096224474822,-0.02020544462148699,-0.04129233481370986
2025-12-16,GBPNZD,fx,-2.083333333333333,Bearish,0.007109086516892571,0.002312178624426009,-0.0209821582634504
2025-12-16,GBPCAD,fx,-2.6388888888888884,Bearish,0.009787866299373116,0.008822636270958473,0.009332364488211065
2025-12-16,CADJPY,fx,1.3888888888888888,Bullish,0.005692835921794703,0.009748981516073396,0.009019586913593614
2025-12-16,AUDNZD,fx,-1.5277777777777777,Bearish,0.015488597217982791,0.012837395892382197,0.011197837177865821
2025-12-16,AUDCAD,fx,-2.083333333333333,Bearish,0.01829007533142546,0.019638803908023306,0.04246850225336374
2025-12-16,NZDCHF,fx,1.6666666666666665,Bullish,-0.0008713837574068073,0.004574764726385405,0.010413035901010836
2025-12-16,CADCHF,fx,2.2222222222222223,Bullish,-0.00349904728910444,-0.002009353888792753,-0.019972284773947746
2025-12-17,USDCAD,fx,-1.5277777777777777,Bearish,0.009125133286426168,0.005977034839439677,-0.012432812760679202
2025-12-17,EURCHF,fx,1.5277777777777777,Bullish,-0.0020900993601080664,-0.005873715124816381,-0.019389690986848396
2025-12-17,EURAUD,fx,1.3888888888888888,Bullish,-0.02142656082868888,-0.02426391938298711,-0.04250408151776164
2025-12-17,CADJPY,fx,1.3888888888888888,Bullish,0.005139565795303502,0.0095879486043422,0.0062915374390783985
2025-12-17,AUDNZD,fx,-1.5277777777777777,Bearish,0.01982163154673433,0.012171023869895992,0.010868234676925992
2025-12-17,AUDCAD,fx,-2.083333333333333,Bearish,0.02189075491800585,0.02259371945124844,0.041376053073822305
2025-12-17,NZDCHF,fx,1.6666666666666665,Bullish,-4.3622404466980846e-05,0.006761472692374815,0.013283022160181401
2025-12-17,CADCHF,fx,2.2222222222222223,Bullish,-0.002204057548463201,-0.003696568959233537,-0.016730011627705155
2025-12-17,FTSE100,cross-asset,-3.333333333333333,Bearish,0.3309736644898833,0.39281126217749707,0.420096884701852
2025-12-18,USDCAD,fx,-1.5277777777777777,Bearish,0.007469566416713258,0.004304618935967897,-0.0069977279161435035
2025-12-18,EURGBP,fx,1.3888888888888888,Bullish,-0.011233902639510518,-0.004361128870216557,-0.015412366426157731
2025-12-18,EURCHF,fx,1.5277777777777777,Bullish,-0.0005915186973682873,-0.005162344995214063,-0.012583215925834335
2025-12-18,EURAUD,fx,1.3888888888888888,Bullish,-0.0193490850388901,-0.018327444317758457,-0.04290891028752697
2025-12-18,GBPNZD,fx,-1.7361111111111112,Bearish,0.007015967374023768,-0.0053613396004700276,-0.016732045344577173
2025-12-18,GBPCAD,fx,-2.083333333333333,Bearish,0.01389740889325597,0.009011601079220721,0.014309988219774361
2025-12-18,CADJPY,fx,1.3888888888888888,Bullish,0.009163417227933346,0.012158808933002474,0.007178305565402443
2025-12-18,AUDNZD,fx,-1.7361111111111112,Bearish,0.015445364643393855,0.008832162700492807,0.011383093965125601
2025-12-18,AUDCAD,fx,-2.083333333333333,Bearish,0.022442302202507758,0.023320670194778126,0.04345725641757614
2025-12-18,NZDCHF,fx,1.875,Bullish,0.0035385085841597164,0.004499584989734018,0.01965838102310946
2025-12-18,CADCHF,fx,2.2222222222222223,Bullish,-0.00326644079576055,-0.00978194770219798,-0.011363044044826687
2025-12-19,US-DOLLAR,single,-2.5,Bearish,,,
2025-12-19,EURUSD,fx,1.5277777777777777,Bullish,-0.005730585612899408,-0.0023144391968639155,0.009197974225175543
2025-12-19,USDCAD,fx,-2.2222222222222223,Bearish,0.0065585888525729885,0.0022973178632770264,-0.011522824613912963
2025-12-19,NZDUSD,fx,1.875,Bullish,-0.003336461265769808,0.015361623744482689,0.05048135404719711
2025-12-19,EURGBP,fx,1.3888888888888888,Bullish,-0.008947548851559795,-0.006250714204090957,-0.014581190721060455
2025-12-19,EURCHF,fx,1.5277777777777777,Bullish,0.000977863743821139,-0.0022028798624543766,-0.01664517515581343
2025-12-19,EURAUD,fx,1.3888888888888888,Bullish,-0.01603534782805227,-0.024182976992270566,-0.04982371287800036
2025-12-19,GBPNZD,fx,-1.7361111111111112,Bearish,0.007135655006592856,-0.010712100450718243,-0.024724872239027085
2025-12-19,GBPCAD,fx,-2.083333333333333,Bearish,0.009997560248312443,0.0065168478408197394,0.012350565209140907
2025-12-19,CADJPY,fx,1.3888888888888888,Bullish,0.0026266482217591758,0.0013133241108795879,-0.0009455933598333521
2025-12-19,AUDNZD,fx,-1.7361111111111112,Bearish,0.014702678205698039,0.007329550901595816,0.01119913544417428
2025-12-19,AUDCAD,fx,-2.083333333333333,Bearish,0.017480753624459888,0.02557410128747839,0.05035860768100364
2025-12-19,NZDCHF,fx,1.875,Bullish,0.002907612260067305,0.014428752568755199,0.02229898124262153
2025-12-19,CADCHF,fx,2.2222222222222223,Bullish,0.00017368951262719534,-0.0026227116406711826,-0.014537812206898981
2025-12-19,GOLD,cross-asset,2.0,Bullish,0.057067979559802806,0.1137602540964524,0.14008265510509377
2025-12-19,SILVER,cross-asset,2.0,Bullish,0.2666289272572886,0.4084645522665993,0.17957006867579373
2025-12-22,US-DOLLAR,single,-2.5,Bearish,,,
2025-12-22,EURUSD,fx,1.5277777777777777,Bullish,-0.009889455782312928,-0.0004761904761904079,0.003979591836734686
2025-12-22,USDCAD,fx,-2.2222222222222223,Bearish,0.009996071412981644,0.0029464402636516507,-0.006089309878213767
2025-12-22,NZDUSD,fx,1.875,Bullish,-0.008197428596082523,0.022693933902838914,0.03568901544568126
2025-12-22,EURCHF,fx,1.5277777777777777,Bullish,0.0002472559959578735,-0.004085099063652287,-0.014588103761516202
2025-12-22,EURAUD,fx,1.3888888888888888,Bullish,-0.013595114822073873,-0.027348839317071993,-0.04519242752104413
2025-12-22,GBPNZD,fx,-1.527777777777778,Bearish,0.007118480471577815,-0.019425006032610548,-0.02092454065979532
2025-12-22,GBPCAD,fx,-1.875,Bearish,0.00883630129948787,0.005786317252418627,0.007960242051925581
2025-12-22,CADJPY,fx,1.3888888888888888,Bullish,-0.0009811307531930602,0.00602694605532883,0.00506333549415694
2025-12-22,AUDNZD,fx,-1.7361111111111112,Bearish,0.011970365727319354,0.00440509458765348,0.014677844811825658
2025-12-22,AUDCAD,fx,-2.083333333333333,Bearish,0.013736954264794266,0.030435495328124063,0.044762581279711444
2025-12-22,NZDCHF,fx,1.875,Bullish,0.0020965276261193377,0.019611268835990403,0.016815898667831508
2025-12-22,CADCHF,fx,2.2222222222222223,Bullish,0.00031296183604268,-0.00636355733286964,-0.012240285143006235
2025-12-22,GOLD,cross-asset,2.0,Bullish,0.04132428569820967,0.11088529534226854,0.11757874480942587
2025-12-22,SILVER,cross-asset,2.0,Bullish,0.25901781833985216,0.3460234680573664,0.23483992467043313
2025-12-23,US-DOLLAR,single,-2.5,Bearish,,,
2025-12-23,EURUSD,fx,1.5277777777777777,Bullish,-0.01581285716708203,0.0030608265079445918,-0.001466822675552426
2025-12-23,USDCAD,fx,-1.5277777777777777,Bearish,0.015139226818059015,0.001030227307599496,0.0017170455126660489
2025-12-23,NZDUSD,fx,1.875,Bullish,-0.016831903563295114,0.01772229927569735,0.018715432954915068
2025-12-23,EURCHF,fx,1.5277777777777777,Bullish,0.004042255039344633,-0.006111889619489053,-0.013280155222593515
2025-12-23,EURAUD,fx,1.3888888888888888,Bullish,-0.015228541858587241,-0.025145859633559642,-0.03394292993051051
2025-12-23,GBPNZD,fx,-1.527777777777778,Bearish,0.007016238569413913,-0.008642690913495343,-0.01739784927631527
2025-12-23,AUDNZD,fx,-1.7361111111111112,Bearish,0.015998395801184007,0.010130864262112071,0.014734217386376702
2025-12-23,AUDCAD,fx,-1.3888888888888888,Bearish,0.014811098507983456,0.030243870517406846,0.03566442718785434
2025-12-23,NZDCHF,fx,1.875,Bullish,0.0028306405957410075,0.009101598223228757,0.006205635152201516
2025-12-23,CADCHF,fx,1.5277777777777777,Bullish,0.004628662908053194,-0.010510196979188313,-0.01392079070091179
2025-12-23,GOLD,cross-asset,2.0,Bullish,0.029390119888674793,0.11200983015771082,0.06550390708627707
2025-12-23,SILVER,cross-asset,2.0,Bullish,0.3051692505917116,0.346820161617859,0.23395375544444907
2025-12-24,US-DOLLAR,single,-2.5,Bearish,,,
2025-12-24,EURUSD,fx,1.5277777777777777,Bullish,-0.015106484154750133,0.0088142386467851,0.00320131789001743
2025-12-24,USDCAD,fx,-1.5277777777777777,Bearish,0.017842120278861007,0.0027432534254092644,0.00020482958909728843
2025-12-24,NZDUSD,fx,1.875,Bullish,-0.01430139241374584,0.024075725358392086,0.030814870704438002
2025-12-24,EURCHF,fx,1.5277777777777777,Bullish,0.0037006268408730225,-0.005318976771284012,-0.012277881472051
2025-12-24,EURAUD,fx,1.3888888888888888,Bullish,-0.012123007508516803,-0.02218373648409988,-0.04129114587487315
2025-12-24,GBPNZD,fx,-1.527777777777778,Bearish,0.004504777138904403,-0.010946349055380167,-0.022722753015433694
2025-12-24,AUDNZD,fx,-1.7361111111111112,Bearish,0.011153096050706912,0.007949084070488333,0.014775022637041113
2025-12-24,AUDCAD,fx,-1.3888888888888888,Bearish,0.014731879787861057,0.0344180361858617,0.04655274012964061
2025-12-24,NZDCHF,fx,1.875,Bullish,0.0045309981266064,0.009279832701607704,0.014682176621792387
2025-12-24,CADCHF,fx,1.5277777777777777,Bullish,0.0012686606072191964,-0.01645783006899426,-0.01569315792217718
2025-12-24,GOLD,cross-asset,2.0,Bullish,0.0261698517592428,0.1185635827826399,0.10843007679942862
2025-12-24,SILVER,cross-asset,2.0,Bullish,0.2860604035256278,0.4377515073032847,-0.011654622164668393
2025-12-25,US-DOLLAR,single,-2.5,Bearish,,,
2025-12-25,EURUSD,fx,1.5277777777777777,Bullish,-0.015106484154750133,0.0088142386467851,0.00320131789001743
2025-12-25,USDCAD,fx,-1.5277777777777777,Bearish,0.017842120278861007,0.0027432534254092644,0.00020482958909728843
2025-12-25,NZDUSD,fx,1.875,Bullish,-0.01430139241374584,0.024075725358392086,0.030814870704438002
2025-12-25,EURCHF,fx,1.5277777777777777,Bullish,0.0037006268408730225,-0.005318976771284012,-0.012277881472051
2025-12-25,EURAUD,fx,1.3888888888888888,Bullish,-0.012123007508516803,-0.02218373648409988,-0.04129114587487315
2025-12-25,GBPNZD,fx,-1.527777777777778,Bearish,0.004504777138904403,-0.010946349055380167,-0.022722753015433694
2025-12-25,AUDNZD,fx,-1.7361111111111112,Bearish,0.011153096050706912,0.007949084070488333,0.014775022637041113
2025-12-25,AUDCAD,fx,-1.3888888888888888,Bearish,0.014731879787861057,0.0344180361858617,0.04655274012964061
2025-12-25,NZDCHF,fx,1.875,Bullish,0.0045309981266064,0.009279832701607704,0.014682176621792387
2025-12-25,CADCHF,fx,1.5277777777777777,Bullish,0.0012686606072191964,-0.01645783006899426,-0.01569315792217718
2025-12-25,GOLD,cross-asset,2.0,Bullish,0.0261698517592428,0.1185635827826399,0.10843007679942862
2025-12-25,SILVER,cross-asset,2.0,Bullish,0.2860604035256278,0.4377515073032847,-0.011654622164668393
2025-12-26,US-DOLLAR,single,-2.5,Bearish,,,
2025-12-26,EURUSD,fx,1.5277777777777777,Bullish,-0.010738072583933667,0.022699469892619284,0.011986883240451274
2025-12-26,USDCAD,fx,-1.5277777777777777,Bearish,0.014743542840418344,-0.006746176922514113,-0.008275407916879973
2025-12-26,NZDUSD,fx,1.875,Bullish,-0.004977259074916307,0.037312280099545125,0.03925169484252966
2025-12-26,EURCHF,fx,1.5277777777777777,Bullish,-0.0006141844277308683,-0.013609033898670408,-0.01745576794603798
2025-12-26,EURAUD,fx,1.3888888888888888,Bullish,-0.01051597949326899,-0.020461058905470342,-0.041858393943892014
2025-12-26,GBPNZD,fx,-1.527777777777778,Bearish,-0.00020315802668713356,-0.010845180616130823,-0.023518783472446292
2025-12-26,AUDNZD,fx,-1.7361111111111112,Bearish,0.006792426574825594,0.00854054148076644,0.018411737591428112
2025-12-26,AUDCAD,fx,-1.3888888888888888,Bearish,0.014603312990409956,0.037227550130775944,0.04775501307759389
2025-12-26,NZDCHF,fx,1.875,Bullish,0.005095374967337252,0.000391951920564404,0.008601167145719124
2025-12-26,CADCHF,fx,1.5277777777777777,Bullish,-0.004042261584635831,-0.028746898908762808,-0.02088790964764653
2025-12-26,GOLD,cross-asset,2.0,Bullish,0.030339795117044543,0.14233718334465695,0.11575181103473842
2025-12-26,SILVER,cross-asset,2.0,Bullish,0.1390726801189195,0.31426402682016574,-0.016092099437029606
2025-12-29,US-DOLLAR,single,-2.5,Bearish,,,
2025-12-29,EURUSD,fx,1.5277777777777777,Bullish,-0.004077437330637812,0.015417809906473678,0.010405959854231428
2025-12-29,USDCAD,fx,-1.5277777777777777,Bearish,0.010783482860399207,-0.009490341623074938,-0.009877553406002493
2025-12-29,NZDUSD,fx,1.875,Bullish,0.004980611805256219,0.04423955191727691,0.041395950021542394
2025-12-29,EURCHF,fx,1.5277777777777777,Bullish,-0.003093072380049189,-0.011316118463594482,-0.016661637280682928
2025-12-29,EURAUD,fx,1.3888888888888888,Bullish,-0.010350635605276048,-0.03468231116776099,-0.044133881118483154
2025-12-29,GBPNZD,fx,-1.527777777777778,Bearish,-0.010227419285499306,-0.021538196982073043,-0.0306005760715361
2025-12-29,AUDNZD,fx,-1.7361111111111112,Bearish,0.0022043827294424556,0.008001735734432636,0.01563028856584947
2025-12-29,AUDCAD,fx,-1.3888888888888888,Bearish,0.01735580491638644,0.041861328210278215,0.04647862725407137
2025-12-29,NZDCHF,fx,1.875,Bullish,0.006346010766335564,0.01702481509037601,0.01382992691146212
2025-12-29,CADCHF,fx,1.5277777777777777,Bullish,-0.009902366144331376,-0.017042493311559714,-0.0169903755950106
2025-12-29,GOLD,cross-asset,2.0,Bullish,0.09949862884684624,0.25024237555746387,0.15997710128066633
2025-12-29,SILVER,cross-asset,2.0,Bullish,0.3079600610178892,0.5539176258493967,0.1570794619331577
2025-12-30,US-DOLLAR,single,-2.5,Bearish,,,
2025-12-30,EURUSD,fx,1.5277777777777777,Bullish,-0.00558411930947611,0.01896557594742765,0.010538322721236781
2025-12-30,USDCAD,fx,-1.5277777777777777,Bearish,0.009842577178071688,-0.015180057828791838,-0.00876923975583399
2025-12-30,NZDUSD,fx,1.875,Bullish,0.008857502978400156,0.049329212493741004,0.0441321201029059
2025-12-30,EURCHF,fx,1.5277777777777777,Bullish,-0.0006780171764351195,-0.016541466669536598,-0.015303816268107395
2025-12-30,EURAUD,fx,1.3888888888888888,Bullish,-0.014865096115452725,-0.03214876504477793,-0.050675945468028116
2025-12-30,GBPNZD,fx,-1.527777777777778,Bearish,-0.011546906617298958,-0.02289576785637415,-0.030877857665647768
2025-12-30,AUDNZD,fx,-1.7361111111111112,Bearish,5.191389215775111e-05,0.003227313629127204,0.01921679241364993
2025-12-30,AUDCAD,fx,-1.3888888888888888,Bearish,0.019936743374413757,0.03686334387610413,0.05516414003708148
2025-12-30,NZDCHF,fx,1.875,Bullish,0.013431760106580537,0.012994954899862465,0.017079083582676402
2025-12-30,CADCHF,fx,1.5277777777777777,Bullish,-0.0054212276569211015,-0.020074130525148948,-0.017077733130109407
2025-12-30,GOLD,cross-asset,2.0,Bullish,0.1136036800088498,0.23903464296908128,0.17170762735301182
2025-12-30,SILVER,cross-asset,2.0,Bullish,0.24170628562422847,0.5337658585274883,0.05971737017677503
2025-12-31,US-DOLLAR,single,-2.5,Bearish,,,
2025-12-31,EURUSD,fx,1.5277777777777777,Bullish,0.0007577370056617294,0.008922566089140549,0.010599804180324357
2025-12-31,USDCAD,fx,-1.5277777777777777,Bearish,0.004495708310866986,-0.007978607131927551,-0.008408504685154639
2025-12-31,NZDUSD,fx,1.875,Bullish,0.029802763055000403,0.04547745242853418,0.048640194630289235
2025-12-31,EURCHF,fx,1.5277777777777777,Bullish,-0.0038066562718426233,-0.01620517232109253,-0.019130060755954692
2025-12-31,EURAUD,fx,1.3888888888888888,Bullish,-0.02368768195050952,-0.03293304221251814,-0.04887645560407572
2025-12-31,GBPNZD,fx,-1.527777777777778,Bearish,-0.026855510511280878,-0.028805528471972708,-0.03582730367253384
2025-12-31,AUDNZD,fx,-1.7361111111111112,Bearish,-0.004383807526686878,-0.002312717356598437,0.013608788325955024
2025-12-31,AUDCAD,fx,-1.3888888888888888,Bearish,0.029816513761467878,0.03549584971603337,0.05369156837046751
2025-12-31,NZDCHF,fx,1.875,Bullish,0.024983534577387445,0.019912184412733236,0.01756311745334793
2025-12-31,CADCHF,fx,1.5277777777777777,Bullish,-0.009051342962667408,-0.017582493801043708,-0.021171819458653318
2025-12-31,GOLD,cross-asset,2.0,Bullish,0.14286541231169636,0.13328872238250278,0.13957284628671718
2025-12-31,SILVER,cross-asset,2.0,Bullish,0.29941543366990175,0.6180320532542722,0.17820882163734497
2026-01-01,US-DOLLAR,single,-2.2222222222222223,Bearish,,,
2026-01-01,EURUSD,fx,1.3888888888888888,Bullish,0.0007577370056617294,0.008922566089140549,0.010599804180324357
2026-01-01,USDCAD,fx,-1.3888888888888888,Bearish,0.004495708310866986,-0.007978607131927551,-0.008408504685154639
2026-01-01,NZDUSD,fx,1.7361111111111112,Bullish,0.029802763055000403,0.04547745242853418,0.048640194630289235
2026-01-01,EURCHF,fx,1.5277777777777777,Bullish,-0.0038066562718426233,-0.01620517232109253,-0.019130060755954692
2026-01-01,EURAUD,fx,1.3888888888888888,Bullish,-0.02368768195050952,-0.03293304221251814,-0.04887645560407572
2026-01-01,GBPNZD,fx,-1.527777777777778,Bearish,-0.026855510511280878,-0.028805528471972708,-0.03582730367253384
2026-01-01,AUDNZD,fx,-1.7361111111111112,Bearish,-0.004383807526686878,-0.002312717356598437,0.013608788325955024
2026-01-01,AUDCAD,fx,-1.3888888888888888,Bearish,0.029816513761467878,0.03549584971603337,0.05369156837046751
2026-01-01,NZDCHF,fx,1.875,Bullish,0.024983534577387445,0.019912184412733236,0.01756311745334793
2026-01-01,CADCHF,fx,1.5277777777777777,Bullish,-0.009051342962667408,-0.017582493801043708,-0.021171819458653318
2026-01-01,GOLD,cross-asset,2.0,Bullish,0.14286541231169636,0.13328872238250278,0.13957284628671718
2026-01-01,SILVER,cross-asset,2.0,Bullish,0.34491776683821884,0.18478686507048536,0.05254251510404995
2026-01-02,US-DOLLAR,single,-2.2222222222222223,Bearish,,,
2026-01-02,EURUSD,fx,1.3888888888888888,Bullish,0.009437101632294498,0.006032577625707303,0.01273070129781484
2026-01-02,USDCAD,fx,-1.3888888888888888,Bearish,-0.0019959498244438434,-0.0035184079022129167,-0.008246040880548922
2026-01-02,NZDUSD,fx,1.7361111111111112,Bullish,0.030586766541822685,0.039967401858787666,0.0468338188375641
2026-01-02,EURCHF,fx,1.5277777777777777,Bullish,-0.005726055168546629,-0.009953199473763719,-0.018720210494532763
2026-01-02,EURAUD,fx,1.3888888888888888,Bullish,-0.019962955340604993,-0.03064187875877522,-0.04161235736662772
2026-01-02,GBPNZD,fx,-1.527777777777778,Bearish,-0.016698702546852462,-0.02348201414155271,-0.031020457197775686
2026-01-02,AUDNZD,fx,-1.7361111111111112,Bearish,-0.0005607025171230351,-0.0013370598485240581,0.009583699946517532
2026-01-02,AUDCAD,fx,-1.3888888888888888,Bearish,0.027889616749004364,0.03414655378789533,0.04772682756969693
2026-01-02,NZDCHF,fx,1.875,Bullish,0.015603085553997253,0.023010168302945333,0.014178646563814734
2026-01-02,CADCHF,fx,1.5277777777777777,Bullish,-0.012966273801878092,-0.012324035340473216,-0.023103226814323752
2026-01-02,GOLD,cross-asset,2.0,Bullish,0.1509757983542419,0.0753055501056008,0.16391104135169132
2026-01-02,SILVER,cross-asset,2.0,Bullish,0.41903963498433283,0.08818921444670447,0.06376779726238246
2026-01-05,US-DOLLAR,single,-2.2222222222222223,Bearish,,,
2026-01-05,EURUSD,fx,1.3888888888888888,Bullish,0.013573811331700991,0.008164762692921324,0.01104845108394259
2026-01-05,USDCAD,fx,-1.3888888888888888,Bearish,-0.004712357413068191,-0.00962802146337216,-0.009918459516565892
2026-01-05,NZDUSD,fx,1.7361111111111112,Bullish,0.03187904967602595,0.04450971922246216,0.04226349892008652
2026-01-05,EURGBP,fx,1.3888888888888888,Bullish,0.0037569214052042277,-0.003155813980371569,0.005005375287548963
2026-01-05,EURCHF,fx,1.5277777777777777,Bullish,-0.005093561824185855,-0.012464118446895323,-0.01701810804394288
2026-01-05,EURAUD,fx,1.3888888888888888,Bullish,-0.016062645463821856,-0.03597757420804626,-0.04012795083752774
2026-01-05,GBPNZD,fx,-1.7361111111111112,Bearish,-0.021077944750624633,-0.031527059870605556,-0.03435114503816794
2026-01-05,GBPCAD,fx,-1.3888888888888888,Bearish,0.005333276101664897,0.0018564522446440357,-0.0035412094840028274
2026-01-05,AUDNZD,fx,-1.7361111111111112,Bearish,-0.000888911902789169,0.0013290527478597713,0.011400510908588846
2026-01-05,AUDCAD,fx,-1.3888888888888888,Bearish,0.025177366326353923,0.03584097594739566,0.04280584876276161
2026-01-05,NZDCHF,fx,1.875,Bullish,0.012898430326614418,0.02229898124262153,0.013007739058195966
2026-01-05,CADCHF,fx,1.5277777777777777,Bullish,-0.01376690366652733,-0.011274919838282438,-0.018158371671546103
2026-01-05,GOLD,cross-asset,2.0,Bullish,0.12615643964935952,0.11176893683973921,0.12233310856372226
2026-01-05,SILVER,cross-asset,2.0,Bullish,0.35658600921923767,0.1131119497512374,0.00043092753888140933
2026-01-06,US-DOLLAR,single,-1.6666666666666665,Bearish,,,
2026-01-06,NZDUSD,fx,1.4583333333333333,Bullish,0.04502463905939291,0.03765885709345551,0.04587187689115568
2026-01-06,EURGBP,fx,1.3888888888888888,Bullish,0.004646163447869167,-0.0008090334361962048,0.009535036926597629
2026-01-06,EURCHF,fx,2.0833333333333335,Bullish,-0.014416140909971786,-0.013113412717211004,-0.018442755323959448
2026-01-06,EURAUD,fx,1.3888888888888888,Bullish,-0.010085042059471694,-0.027520395093638572,-0.03567266307420702
2026-01-06,GBPNZD,fx,-1.7361111111111112,Bearish,-0.018646059368915724,-0.025601880044256453,-0.039196178158208306
2026-01-06,GBPCAD,fx,-1.3888888888888888,Bearish,0.00794038274790898,1.0730246956525136e-05,-0.008176448180954976
2026-01-06,CHFJPY,fx,-1.8055555555555556,Bearish,0.01522009703065863,0.02510604790571258,0.011130584978028324
2026-01-06,AUDNZD,fx,-1.7361111111111112,Bearish,-0.004318857005478072,0.0007469991242079477,0.005503752168014797
2026-01-06,AUDCAD,fx,-1.3888888888888888,Bearish,0.022485308810416438,0.02705112641406049,0.037869428359635915
2026-01-06,NZDCHF,fx,2.4305555555555554,Bullish,-8.705872110736923e-05,0.013363513689983897,0.011948809471988842
2026-01-06,CADCHF,fx,2.0833333333333335,Bullish,-0.026517588551357107,-0.01213723069432604,-0.0195621554887061
2026-01-06,GOLD,cross-asset,2.0,Bullish,0.15216791556164666,0.10477591086271643,0.08526823060356326
2026-01-06,SILVER,cross-asset,2.0,Bullish,0.37904595466069346,0.0843527703251532,-0.09584758904177038
2026-01-07,US-DOLLAR,single,-1.6666666666666665,Bearish,,,
2026-01-07,NZDUSD,fx,1.4583333333333333,Bullish,0.04990296645411707,0.030877460493484943,0.03332062655946788
2026-01-07,EURGBP,fx,1.3888888888888888,Bullish,-0.002455557861243629,0.003297134029651261,0.006271471720735056
2026-01-07,EURCHF,fx,2.0833333333333335,Bullish,-0.014036369889514733,-0.016185890546408177,-0.022172305575856588
2026-01-07,EURAUD,fx,1.3888888888888888,Bullish,-0.022782520535950868,-0.021388495259162088,-0.0369762324450742
2026-01-07,GBPNZD,fx,-1.7361111111111112,Bearish,-0.022689407602068057,-0.024595936174232613,-0.02971436423283691
2026-01-07,GBPCAD,fx,-1.3888888888888888,Bearish,0.003691284169863529,-0.0055369262547952935,-0.00939989806046626
2026-01-07,CHFJPY,fx,-1.8055555555555556,Bearish,0.016071310394681237,0.026756670077429323,0.019415894154359847
2026-01-07,AUDNZD,fx,-1.7361111111111112,Bearish,-0.0021735395189003137,-9.450171821290265e-05,0.01326460481099656
2026-01-07,AUDCAD,fx,-1.3888888888888888,Bearish,0.02483518371378879,0.019584684433182398,0.0354113427964009
2026-01-07,NZDCHF,fx,2.4305555555555554,Bullish,0.011007178594735656,0.005242549488797099,0.0009353926473787411
2026-01-07,CADCHF,fx,2.0833333333333335,Bullish,-0.0155888442333455,-0.014075195295509602,-0.01941646223706861
2026-01-07,GOLD,cross-asset,2.0,Bullish,0.2154438248263637,0.07220133972150866,0.11665675527080555
2026-01-07,SILVER,cross-asset,2.0,Bullish,0.4941849307181514,-0.09185122634629406,-0.01372842538927066
2026-01-08,US-DOLLAR,single,-1.9444444444444444,Bearish,,,
2026-01-08,NZDUSD,fx,1.5972222222222223,Bullish,0.0569391304347826,0.045443478260869696,0.038521739130434884
2026-01-08,EURCHF,fx,1.5277777777777777,Bullish,-0.01763042753786781,-0.01582438374130568,-0.02018898958299742
2026-01-08,EURAUD,fx,1.3888888888888888,Bullish,-0.024379865910737486,-0.03236082201547885,-0.041813770024264785
2026-01-08,GBPNZD,fx,-1.7361111111111112,Bearish,-0.027892951375800945,-0.03173936881060879,-0.0354144536202583
2026-01-08,GBPCAD,fx,-1.3888888888888888,Bearish,-0.0004510866354845433,-0.0012082677736190428,-0.01174973283857017
2026-01-08,NZDJPY,fx,1.4583333333333333,Bullish,0.031645990989991324,0.048423248485386594,0.02609795610394805
2026-01-08,AUDNZD,fx,-2.2916666666666665,Bearish,-0.00422531582518193,0.0009618605130494728,0.013904037237742806
2026-01-08,AUDCAD,fx,-1.9444444444444442,Bearish,0.023744144726215444,0.03272492327572296,0.03957357454369248
2026-01-08,NZDCHF,fx,2.4305555555555554,Bullish,0.011294261294261254,0.015611372754229969,0.007456828885400446
2026-01-08,CADCHF,fx,2.0833333333333335,Bullish,-0.016531080517313335,-0.015470727298011466,-0.01651369767765276
2026-01-08,GOLD,cross-asset,2.0,Bullish,0.20066103890303255,0.10877663138148197,0.11582026888204022
2026-01-08,SILVER,cross-asset,2.0,Bullish,0.5043622983005889,0.01123405583221726,0.019607588188638392
2026-01-09,US-DOLLAR,single,-2.2222222222222223,Bearish,,,
2026-01-09,EURUSD,fx,1.6666666666666667,Bullish,0.018355719404985926,0.02368369039332463,0.012451983809843137
2026-01-09,USDCAD,fx,-1.3888888888888888,Bearish,-0.02136300577203687,-0.025733364960932592,-0.016913577584657613
2026-01-09,NZDUSD,fx,1.7361111111111112,Bullish,0.05051598596099116,0.05732595295884324,0.043007560809512846
2026-01-09,EURGBP,fx,1.6666666666666667,Bullish,-0.002523564794542632,0.0022009172409025446,0.006902353022516072
2026-01-09,EURJPY,fx,1.3888888888888888,Bullish,-0.00188886711520464,0.011066475058244762,-0.005639384240207268
2026-01-09,EURCHF,fx,2.361111111111111,Bullish,-0.01733582522394783,-0.020579579386049707,-0.019387338617860017
2026-01-09,EURAUD,fx,2.2222222222222223,Bullish,-0.021539027982326875,-0.034483155375552355,-0.044090574374079594
2026-01-09,GBPNZD,fx,-1.7361111111111112,Bearish,-0.02754964845723684,-0.0326964742958441,-0.0351457125484923
2026-01-09,GBPCAD,fx,-1.3888888888888888,Bearish,-0.0003649497925689582,-0.00434719605854228,-0.011109501038496838
2026-01-09,NZDJPY,fx,1.4583333333333333,Bullish,0.029303786270346688,0.04299363057324834,0.023752653927813228
2026-01-09,AUDNZD,fx,-2.2916666666666665,Bearish,-0.008779375326868677,0.003952433618834572,0.016015501084561512
2026-01-09,AUDCAD,fx,-1.9444444444444442,Bearish,0.019067887699385278,0.03338492626510181,0.041446321853906065
2026-01-09,NZDCHF,fx,2.4305555555555554,Bullish,0.013327225930288344,0.010317148715264235,0.009488286873445828
2026-01-09,CADCHF,fx,2.0833333333333335,Bullish,-0.014558040839044106,-0.01838452708108662,-0.015062441298222429
2026-01-09,GOLD,cross-asset,4.0,Bullish,0.08545772687857744,0.12173745267934177,0.1326198180136744
2026-01-09,SILVER,cross-asset,4.0,Bullish,0.06027458980488354,0.04425476527202421,0.05800928649203385
2026-01-12,US-DOLLAR,single,-2.7777777777777777,Bearish,,,
2026-01-12,EURUSD,fx,1.9444444444444444,Bullish,0.010637477177854127,0.019569186460145716,0.01015746209166557
2026-01-12,NZDUSD,fx,2.013888888888889,Bullish,0.039480753565919624,0.04727984887086434,0.03197629075027297
2026-01-12,EURGBP,fx,1.6666666666666667,Bullish,-0.004225937557731374,0.0064428228339183935,0.008440328837982625
2026-01-12,EURJPY,fx,1.3888888888888888,Bullish,-0.005793755318168725,-0.0053005544444985064,-0.012189107306418645
2026-01-12,EURCHF,fx,2.361111111111111,Bullish,-0.011998794739900509,-0.018121946495060604,-0.01867077029033848
2026-01-12,EURAUD,fx,2.2222222222222223,Bullish,-0.024024680841266632,-0.03313034569293982,-0.03939840449412324
2026-01-12,GBPNZD,fx,-1.7361111111111112,Bearish,-0.023582558259257924,-0.03262175241102394,-0.02910388852661583
2026-01-12,NZDJPY,fx,1.4583333333333333,Bullish,0.02267991489548371,0.022318001359917572,0.009058805465991027
2026-01-12,AUDNZD,fx,-2.2916666666666665,Bearish,-0.004000481778450804,0.006796517430056159,0.019021645617536498
2026-01-12,AUDCAD,fx,-1.5277777777777777,Bearish,0.020553682266274187,0.02950967547947858,0.037606580614677476
2026-01-12,NZDCHF,fx,2.4305555555555554,Bullish,0.016063033257879056,0.008401532300191583,0.002241859655232492
2026-01-12,CADCHF,fx,1.6666666666666667,Bullish,-0.00812313699513656,-0.013648961946763793,-0.015601303885509066
2026-01-12,DJIA,cross-asset,3.333333333333333,Bullish,-0.0036311597508447147,0.014082602324426707,-0.014225911019429494
2026-01-12,SP500,cross-asset,3.333333333333333,Bullish,0.00073146594380602,-0.0031123158785479887,-0.018358360942587137
2026-01-12,NASDAQ,cross-asset,3.333333333333333,Bullish,-0.0005626435711181266,-0.023363289253119812,-0.040467653815111526
2026-01-12,GOLD,cross-asset,4.0,Bullish,0.013362568710750367,0.09309858021347917,0.1372213774996356
2026-01-12,SILVER,cross-asset,4.0,Bullish,-0.06873272566892097,-0.050996765657159826,0.0371302558071156
2026-01-13,US-DOLLAR,single,-2.7777777777777777,Bearish,,,
2026-01-13,EURUSD,fx,1.9444444444444444,Bullish,0.015014602302010127,0.019704518124033843,0.011149287064078361
2026-01-13,NZDUSD,fx,2.013888888888889,Bullish,0.0539979774732362,0.05438156013529993,0.04001464588346049
2026-01-13,EURGBP,fx,1.6666666666666667,Bullish,-0.005684504248965161,0.004174017318712808,0.006203373805158785
2026-01-13,EURJPY,fx,1.3888888888888888,Bullish,-0.006967080410145821,-0.01820831084727481,-0.009530491095520843
2026-01-13,EURCHF,fx,2.361111111111111,Bullish,-0.017605822803834603,-0.01776685167094283,-0.02290904016059936
2026-01-13,EURAUD,fx,2.2222222222222223,Bullish,-0.034339002905607985,-0.044330619135667715,-0.042860588242049746
2026-01-13,GBPNZD,fx,-1.7361111111111112,Bearish,-0.031634792281692525,-0.036931502160612584,-0.03367988704915936
2026-01-13,NZDJPY,fx,1.4583333333333333,Bullish,0.031245888698855362,0.014976099636012874,0.018681752400999896
2026-01-13,AUDNZD,fx,-2.2916666666666665,Bearish,-0.003452777682344421,0.011758339918232608,0.015863881540522984
2026-01-13,AUDCAD,fx,-1.5277777777777777,Bearish,0.03231299849105418,0.04276783789609828,0.04194869583962069
2026-01-13,NZDCHF,fx,2.4305555555555554,Bullish,0.01933514986376017,0.01512806539509537,0.004664850136239851
2026-01-13,CADCHF,fx,1.6666666666666667,Bullish,-0.014708946929702704,-0.014483189774937455,-0.020318143928869214
2026-01-13,DJIA,cross-asset,3.333333333333333,Bullish,0.0019992352874178554,0.019363905566131434,-0.00038439010103974436
2026-01-13,SP500,cross-asset,3.333333333333333,Bullish,-0.006637740294819117,-0.0023706215338639147,-0.010631878394299021
2026-01-13,NASDAQ,cross-asset,3.333333333333333,Bullish,-0.01636732441653521,-0.02094100457756609,-0.029932929719983514
2026-01-13,GOLD,cross-asset,4.0,Bullish,0.07853295828699758,0.10860644120276475,0.12139290464664954
2026-01-13,SILVER,cross-asset,4.0,Bullish,-0.019203774019100228,-0.03061788056610293,0.0025428604303303626
2026-01-14,USDCHF,fx,1.6666666666666667,Bullish,-0.028058417525257617,-0.03836150845253583,-0.03409772931879562
2026-01-14,AUDUSD,fx,-1.5277777777777777,Bearish,0.04718647111643204,0.061074528584256216,0.06596827297216401
2026-01-14,EURGBP,fx,1.6666666666666667,Bullish,-0.0015706383027868087,0.00620171153379756,0.005682015036551968
2026-01-14,EURJPY,fx,1.3888888888888888,Bullish,0.0036967574775321754,-0.017318387303101535,0.000916058671118769
2026-01-14,EURCHF,fx,2.361111111111111,Bullish,-0.014831692532565222,-0.019646618804006755,-0.020560165083186588
2026-01-14,EURAUD,fx,2.2222222222222223,Bullish,-0.03203280232464667,-0.03938346330986486,-0.048686643619281766
2026-01-14,GBPNZD,fx,-1.7361111111111112,Bearish,-0.027844808406496613,-0.0353322722527426,-0.034194177748113175
2026-01-14,NZDJPY,fx,1.4583333333333333,Bullish,0.03410890218156237,0.012667135819845132,0.030546270232230777
2026-01-14,AUDNZD,fx,-2.2916666666666665,Bearish,0.002675452934395528,0.010460934946060707,0.020990691832556196
2026-01-14,AUDCAD,fx,-1.5277777777777777,Bearish,0.030605204717448986,0.04003794657295012,0.049912679761109136
2026-01-14,NZDCHF,fx,2.4305555555555554,Bullish,0.014688576036263834,0.010112016737131135,0.008237806738438769
2026-01-14,CADCHF,fx,1.6666666666666667,Bullish,-0.012549319520970603,-0.01882397928145585,-0.019432325795630256
2026-01-15,USDCHF,fx,1.8055555555555556,Bullish,-0.03156164792888361,-0.044684321268940064,-0.03611847757068687
2026-01-15,AUDUSD,fx,-1.6666666666666665,Bearish,0.0341584306231526,0.05516407393030964,0.06131498014391945
2026-01-15,EURGBP,fx,1.6666666666666667,Bullish,0.003736851817678577,0.0018568924155748512,0.00874238789444548
2026-01-15,EURJPY,fx,1.3888888888888888,Bullish,0.0048738345178327425,-0.015974440894568676,0.001102997109386994
2026-01-15,EURCHF,fx,2.361111111111111,Bullish,-0.01725267056739499,-0.02305008320360724,-0.01962531536851142
2026-01-15,EURAUD,fx,2.2222222222222223,Bullish,-0.019003788053771897,-0.03193860581142882,-0.042020834295745324
2026-01-15,GBPNZD,fx,-1.7361111111111112,Bearish,-0.02424398625429547,-0.029888316151202687,-0.032134879725085885
2026-01-15,NZDJPY,fx,1.4583333333333333,Bullish,0.025802764895931807,0.012439833842502024,0.027132464449768134
2026-01-15,AUDNZD,fx,-2.2916666666666665,Bearish,-0.0012442720579400879,0.00431633686306121,0.019178952065491472
2026-01-15,AUDCAD,fx,-1.5277777777777777,Bearish,0.020548975775422917,0.034799991402102215,0.04509597403434862
2026-01-15,NZDCHF,fx,2.4305555555555554,Bullish,0.003365468125759996,0.004841931561577084,0.005536737884314746
2026-01-15,CADCHF,fx,1.6666666666666667,Bullish,-0.018463990023209864,-0.02518446669207053,-0.019815013683444738
2026-01-16,USDCHF,fx,1.9444444444444444,Bullish,-0.03394138755980869,-0.04126794258373212,-0.04230213317384379
2026-01-16,AUDUSD,fx,-1.8055555555555554,Bearish,0.04972375690607733,0.05873721720642622,0.06505562293191991
2026-01-16,EURJPY,fx,1.3888888888888888,Bullish,0.012781208405158173,-0.007527984463985615,0.005727814266076159
2026-01-16,EURCHF,fx,2.361111111111111,Bullish,-0.015919595829302358,-0.020864237342792635,-0.024422229388369354
2026-01-16,EURAUD,fx,2.2222222222222223,Bullish,-0.029526083295849048,-0.03439327358914912,-0.04306079374416116
2026-01-16,GBPCHF,fx,1.5277777777777777,Bullish,-0.01712724696054302,-0.023765570224509647,-0.034720668307600455
2026-01-16,GBPAUD,fx,1.3888888888888888,Bullish,-0.030764923787575005,-0.03747381682022466,-0.053321202001669676
2026-01-16,NZDJPY,fx,1.4583333333333333,Bullish,0.0401365037428445,0.018538088947600118,0.02928225451343014
2026-01-16,AUDNZD,fx,-2.2916666666666665,Bearish,0.0035819764588373992,0.009092709472433347,0.021181880021009736
2026-01-16,AUDCAD,fx,-1.5277777777777777,Bearish,0.03135888501742157,0.03692949627908959,0.04364003957499896
2026-01-16,NZDCHF,fx,2.4305555555555554,Bullish,0.010105390987552587,0.00483584160992323,-0.0019516849546775683
2026-01-16,CADCHF,fx,1.6666666666666667,Bullish,-0.016940327003853173,-0.022077967160759493,-0.02327559273787627
2026-01-19,USDCHF,fx,2.361111111111111,Bullish,-0.03928750627195188,-0.03428248871048667,-0.02241595584545919
2026-01-19,AUDUSD,fx,-1.8055555555555554,Bearish,0.056531259775662646,0.055384248707750494,0.05665042975674428
2026-01-19,EURJPY,fx,1.3888888888888888,Bullish,0.00871638354259896,-0.013283659903549516,-0.0011839075465959192
2026-01-19,EURCHF,fx,2.7777777777777777,Bullish,-0.016851933713571077,-0.01703522409945124,-0.01885734617084822
2026-01-19,EURAUD,fx,2.2222222222222223,Bullish,-0.03167551350103859,-0.035639279944611135,-0.05002307869836142
2026-01-19,GBPCHF,fx,1.9444444444444446,Bullish,-0.01976909546798411,-0.02414767411399288,-0.02411025036488157
2026-01-19,GBPAUD,fx,1.3888888888888888,Bullish,-0.03463307458622977,-0.04267075056679126,-0.055207723375823914
2026-01-19,NZDJPY,fx,1.4583333333333333,Bullish,0.029806747461513128,0.011398624303963212,0.019587291188994493
2026-01-19,CHFJPY,fx,-1.388888888888889,Bearish,0.02594088664982319,0.0037267331326242825,0.017852009863991825
2026-01-19,AUDNZD,fx,-2.2916666666666665,Bearish,0.011540920163784163,0.011618665883450507,0.031357440265372016
2026-01-19,AUDCAD,fx,-1.5277777777777777,Bearish,0.03267454350161114,0.03767991407089144,0.04197636949516648
2026-01-19,NZDCHF,fx,2.8472222222222223,Bullish,0.003488019411586274,0.007301009575804818,0.0011915594263183227
2026-01-19,CADCHF,fx,2.0833333333333335,Bullish,-0.01691401895206246,-0.01783723522853964,-0.008936036789297774
2026-01-20,USDCHF,fx,2.361111111111111,Bullish,-0.027580792219633277,-0.02114780670651406,-0.009978725559720347
2026-01-20,AUDUSD,fx,-1.8055555555555554,Bearish,0.050132121967874976,0.045396514355274586,0.04410498500638349
2026-01-20,EURJPY,fx,1.3888888888888888,Bullish,-0.0102570739835951,-0.016712235686204613,-0.012629898669600292
2026-01-20,EURCHF,fx,2.7777777777777777,Bullish,-0.013610663668500833,-0.01643225478643473,-0.019567356028583505
2026-01-20,EURAUD,fx,2.2222222222222223,Bullish,-0.0341365808221068,-0.03875367268671037,-0.05159873274340354
2026-01-20,GBPCHF,fx,1.9444444444444446,Bullish,-0.013141757391648912,-0.017613539878110873,-0.01630219438102598
2026-01-20,GBPAUD,fx,1.3888888888888888,Bullish,-0.03376551724137922,-0.03999498432601878,-0.048551724137931074
2026-01-20,NZDJPY,fx,1.4583333333333333,Bullish,0.011622859375339134,0.000987563214898124,0.006619929242723588
2026-01-20,CHFJPY,fx,-1.388888888888889,Bearish,0.004385592479558165,0.00024974900225283037,0.007537424887987587
2026-01-20,AUDNZD,fx,-2.2916666666666665,Bearish,0.013396375098502888,0.021345872409702205,0.03414473627239589
2026-01-20,AUDCAD,fx,-1.8055555555555554,Bearish,0.028625995150318717,0.03465590867148771,0.03205939786699852
2026-01-20,NZDCHF,fx,2.8472222222222223,Bullish,0.0074367226232929795,0.0005436200748021314,-0.000717578498738769
2026-01-20,CADCHF,fx,2.361111111111111,Bullish,-0.00715889949466586,-0.011071729365524807,0.0015791690061763841
2026-01-21,AUDUSD,fx,-1.8055555555555554,Bearish,0.053997692785517915,0.043748336143402344,0.046425296536220406
2026-01-21,EURGBP,fx,1.3888888888888888,Bullish,0.0014488920575417286,0.004864137621747089,0.0002759794395317261
2026-01-21,EURJPY,fx,1.3888888888888888,Bullish,-0.01612693880199878,-0.013801458022367874,-0.011951889588335707
2026-01-21,EURAUD,fx,2.2222222222222223,Bullish,-0.036351213637205726,-0.035100518806744474,-0.048713405595701254
2026-01-21,GBPNZD,fx,-1.4583333333333333,Bearish,-0.019556771259821804,-0.019129919682213337,-0.02058469954875697
2026-01-21,NZDJPY,fx,1.4583333333333333,Bullish,0.0019047206770417269,0.0007792039133351913,0.008463020280946365
2026-01-21,AUDNZD,fx,-2.2916666666666665,Bearish,0.01916388364970323,0.02143932446228658,0.030272879860185675
2026-01-21,AUDCAD,fx,-1.8055555555555554,Bearish,0.034538805363673264,0.03231463461579587,0.03207938578669345
2026-01-22,AUDUSD,fx,-1.8055555555555554,Bearish,0.03654917325770102,0.034926389965058924,0.024254031373810214
2026-01-22,EURJPY,fx,1.3888888888888888,Bullish,-0.02644255296297293,-0.019026394221733023,-0.018414198641355406
2026-01-22,EURAUD,fx,2.2222222222222223,Bullish,-0.025799913806157093,-0.032299395478317616,-0.036084935878769486
2026-01-22,GBPAUD,fx,1.6666666666666665,Bullish,-0.026813648187492767,-0.03603210741685381,-0.03436893105424077
2026-01-22,NZDJPY,fx,1.4583333333333333,Bullish,-0.018166311300639615,-0.013006396588486124,-0.010724946695095938
2026-01-22,AUDNZD,fx,-2.2916666666666665,Bearish,0.01807181922980239,0.027146732771099025,0.029868340079568068
2026-01-22,NZDCAD,fx,1.3194444444444442,Bullish,0.005288932419196923,0.0004897159647405669,-0.013405974534769882
2026-01-23,EURJPY,fx,1.3888888888888888,Bullish,-0.016423357664233418,-0.010145116440736901,-0.004426268682655499
2026-01-29,AUDCAD,fx,1.5277777777777777,Bullish,0.015462290943515367,0.020784684968970124,0.013085095193015706
2026-01-29,AUDCHF,fx,1.3888888888888888,Bullish,0.015372890177708376,0.01535430143505101,0.03297642947431023
2026-01-30,AUDJPY,fx,1.6666666666666665,Bullish,0.019055224864654052,0.035640327987593645,0.035259594937179006
2026-01-30,AUDCAD,fx,1.5277777777777777,Bullish,0.021959708891467145,0.02318320852230782,0.00932391097985441
2026-01-30,AUDCHF,fx,1.3888888888888888,Bullish,0.021067520285863228,0.02735799895779034,0.027860492816198734
2026-02-02,AUDJPY,fx,1.6666666666666665,Bullish,0.009444356996694436,0.026092350996750113,0.040434810788788855
2026-02-02,AUDCAD,fx,1.5277777777777777,Bullish,0.016709457468748745,0.012142766951471096,0.016888337051222724
2026-02-02,AUDCHF,fx,1.3888888888888888,Bullish,0.009134953215725439,0.015477643403972063,0.02925404046007607
2026-02-03,US-DOLLAR,single,1.6666666666666665,Bullish,,,
2026-02-03,USDJPY,fx,1.6666666666666665,Bullish,0.0007896409380676594,0.008095424576450627,0.020883755866133447
2026-02-03,USDCAD,fx,1.5277777777777777,Bullish,0.004281619097194378,0.00010997309324989324,0.003643775156345175
2026-02-03,AUDJPY,fx,1.6666666666666665,Bullish,0.005874440692854588,0.015939681755377855,0.03317869462973633
2026-02-03,AUDCAD,fx,1.5277777777777777,Bullish,0.009334085071728504,0.007726200171229269,0.014512727348660492
2026-02-04,US-DOLLAR,single,1.6666666666666665,Bullish,,,
2026-02-04,USDJPY,fx,1.6666666666666665,Bullish,-0.0031876167464632843,0.004418036810598158,0.018277794424220728
2026-02-04,USDCAD,fx,1.5277777777777777,Bullish,0.0008051706595810781,0.0009149666586150129,0.004201526896359775
2026-02-04,AUDJPY,fx,1.6666666666666665,Bullish,0.014660965180207652,0.005689329771423779,0.02427994420080415
2026-02-04,AUDCAD,fx,1.5277777777777777,Bullish,0.018734113659898854,0.00199788705139059,0.009152623926527825
2026-02-05,USDJPY,fx,1.3888888888888888,Bullish,-0.005069611626988824,0.005012291897537713,0.004853070426841022
2026-02-05,AUDJPY,fx,1.6666666666666665,Bullish,0.02165852401851187,0.020333618556037214,0.028531471105099904
2026-02-05,AUDCAD,fx,1.5277777777777777,Bullish,0.02405273910570993,0.004391415151961953,0.024147517849996802
2026-02-06,AUDJPY,fx,1.6666666666666665,Bullish,0.0069527016601163005,0.012625597923266119,0.014586150871810588
2026-02-06,AUDCAD,fx,1.5277777777777777,Bullish,0.01190774107440773,0.0010739906573240532,0.0050675675675675436
2026-02-09,USDCHF,fx,-1.597222222222222,Bearish,0.017561497884786004,0.015759649031179768,0.026414059643808496
2026-02-09,EURCHF,fx,-1.736111111111111,Bearish,-0.002039786809378552,-0.010264733621389244,0.0007566951067048411
2026-02-09,CHFJPY,fx,1.6666666666666665,Bullish,-0.007884349762338982,-0.0027919642549929513,-0.010174940154639378
2026-02-09,NZDCHF,fx,-2.013888888888889,Bearish,-0.002288477730520988,-0.003972451909583508,-0.0069517908417712215
2026-02-10,USDCHF,fx,-1.597222222222222,Bearish,0.018101315275426577,0.015379606719625016,0.025524156791248753
2026-02-10,EURCHF,fx,-1.736111111111111,Bearish,-0.006038885600929467,-0.0110256241643103,0.0024330900243310083
2026-02-10,CHFJPY,fx,1.6666666666666665,Bullish,0.00313807011174716,0.011960473246833248,5.967803699036267e-05
2026-02-10,NZDCHF,fx,-2.013888888888889,Bearish,-0.00809410748974737,-0.005568745952946208,-0.007727174616878885
2026-02-11,USDCHF,fx,-1.8749999999999998,Bearish,0.009577253052020396,0.018117726341981832,0.025841735569321678
2026-02-11,EURCHF,fx,-1.736111111111111,Bearish,-0.010361108682346853,-0.011541488152487567,-0.00016394159307508982
2026-02-11,CHFJPY,fx,1.6666666666666665,Bullish,0.014665975239524176,0.019896990781530732,0.01330661605151473
2026-02-11,NZDCHF,fx,-2.013888888888889,Bearish,-0.008159934720522122,-0.013420945264016826,-0.013506839313706553
2026-02-12,USDCHF,fx,-1.597222222222222,Bearish,0.015186976647422856,0.02842357101991988,0.03229833047277264
2026-02-12,EURCHF,fx,-1.736111111111111,Bearish,-0.00738905455183303,-0.010173653744956934,0.0040343799333451
2026-02-12,CHFJPY,fx,1.6666666666666665,Bullish,0.016236939415006812,0.015743231669840485,0.011833872381585842
2026-02-12,NZDCHF,fx,-2.013888888888889,Bearish,-0.008522114347357057,-0.016332254584681793,-0.012707659115426151
2026-02-13,USDCHF,fx,-1.4583333333333333,Bearish,0.011442721230288111,0.026026326078457007,0.041105173986706545
2026-02-13,EURCHF,fx,-1.736111111111111,Bearish,-0.009165036594210862,-0.004428668761950805,0.009285918371832347
2026-02-13,GBPCHF,fx,-1.6666666666666665,Bearish,-0.005561979758980762,0.0027045365494702267,0.012624356119611324
2026-02-13,CHFJPY,fx,1.6666666666666665,Bullish,0.022220322189642205,0.014625780200878236,0.008238317733507028
2026-02-13,NZDCHF,fx,-2.013888888888889,Bearish,-0.01186283195401805,-0.0036517642991420463,-0.01009096998638681
2026-02-16,EURCHF,fx,-1.3194444444444442,Bearish,-0.0076079438790632725,-0.006499138205491306,0.005456202175893932
2026-02-16,GBPCHF,fx,-1.6666666666666665,Bearish,-0.0028364865768285563,0.0013848166789229843,0.0065325145405750185
2026-02-16,AUDJPY,fx,1.3888888888888888,Bullish,0.02857142857142847,0.041008620292260156,0.009072050891992811
2026-02-16,CHFJPY,fx,2.2222222222222223,Bullish,0.016644690995322398,0.015601891077543284,0.0013135268195103578
2026-02-16,NZDCHF,fx,-2.013888888888889,Bearish,-0.005179446230873852,-0.009171936033839145,-0.013768694563739525
2026-02-17,EURCHF,fx,-1.3194444444444442,Bearish,-0.010080180763198054,-0.0037293378231635366,0.012427469863659724
2026-02-17,GBPCHF,fx,-1.6666666666666665,Bearish,0.0011696691370335355,0.007900060400947373,0.013470369979770691
2026-02-17,CHFJPY,fx,2.2222222222222223,Bullish,0.01927791957233871,0.011666231234550573,-0.002883900399927697
2026-02-17,NZDCHF,fx,-2.013888888888889,Bearish,-0.007742768039574077,-0.012538982686310374,-0.01324873642327129
2026-02-18,EURCHF,fx,-1.3194444444444442,Bearish,-0.008188522878403104,0.0029566612809268644,0.01139798419450222
2026-02-18,GBPCHF,fx,-2.2222222222222223,Bearish,0.0040910007586598685,0.016373606322805045,0.014904303233427063
2026-02-18,CHFJPY,fx,2.2222222222222223,Bullish,0.016144738353366606,-0.0010836400317602024,-0.002391998042456822
2026-02-18,NZDCHF,fx,-2.013888888888889,Bearish,0.0012822463216917157,0.005259383217786295,-0.007780409884163064
2026-02-19,EURCHF,fx,-1.3194444444444442,Bearish,-0.007713154054617477,0.0004937296336526842,0.010960797867088035
2026-02-19,GBPCHF,fx,-2.2222222222222223,Bearish,0.006238662430774866,0.008983673900315736,0.013907418249527348
2026-02-19,CHFJPY,fx,2.2222222222222223,Bullish,0.012844614661560172,0.0102346929592112,-0.0019049428517144973
2026-02-19,NZDCHF,fx,-2.013888888888889,Bearish,-0.005670259273687472,-0.007942691425355974,-0.012400986884820164
2026-02-20,EURCHF,fx,-1.3194444444444442,Bearish,-0.011051841791077432,-0.0004600370220270156,0.0073058260402860675
2026-02-20,GBPCHF,fx,-2.2222222222222223,Bearish,0.0021070778661047562,0.010612010343836742,0.009002969064265898
2026-02-20,CHFJPY,fx,2.2222222222222223,Bullish,0.00859912758123893,0.007338522490795585,-0.0025762365935648734
2026-02-20,AUDCHF,fx,-1.5277777777777777,Bearish,0.006652814231554283,0.003955234762321291,0.005304024496937787
2026-02-20,NZDCHF,fx,-2.013888888888889,Bearish,-0.014865711631122935,-0.006136427475637918,-0.01946803223785143
2026-02-23,EURCHF,fx,-1.3194444444444442,Bearish,-0.006535732692919183,0.002993716485179432,0.009858429011635028
2026-02-23,GBPCHF,fx,-2.013888888888889,Bearish,0.005549006641557108,0.01290934705730118,0.012334320462321413
2026-02-23,GBPCAD,fx,-1.4583333333333333,Bearish,-0.013182052045817683,-0.0006228167564786835,-0.0032819735167483044
2026-02-23,CADJPY,fx,1.6666666666666667,Bullish,0.02950456438890381,0.02151909953026676,0.017291500487458977
2026-02-23,CHFJPY,fx,2.2222222222222223,Bullish,0.010109355284503962,0.006884776382463098,0.0013218770654328527
2026-02-23,AUDCHF,fx,-1.5277777777777777,Bearish,0.01993696401084799,0.009766913435461433,0.011581030565124939
2026-02-23,NZDCAD,fx,-1.4583333333333333,Bearish,-0.01779211065196873,-0.01571983863254567,-0.026277390163451875
2026-02-23,NZDCHF,fx,-2.013888888888889,Bearish,0.0013681673073164813,-0.0016287706039480598,-0.010815036810215561
2026-02-24,GBPCHF,fx,-1.597222222222222,Bearish,0.0059675717163962805,0.015082030125683543,0.017259905977165868
2026-02-24,GBPCAD,fx,-1.4583333333333333,Bearish,-0.009781460719798463,-0.0008449102282882537,-0.000530776938283628
2026-02-24,CADJPY,fx,1.6666666666666667,Bullish,0.020990151248680977,0.014755539922616911,0.010728104115371062
2026-02-24,CHFJPY,fx,1.8055555555555556,Bullish,0.00596402713359212,-0.0005363155124296082,-0.006967135777210531
2026-02-24,NZDCAD,fx,-1.4583333333333333,Bearish,-0.019862443704719013,-0.018834442921480177,-0.026373115331897345
2026-02-24,NZDCHF,fx,-1.597222222222222,Bearish,-0.0038403957560373403,-0.0032328755234438677,-0.008657163314456873
2026-02-25,GBPCHF,fx,-1.597222222222222,Bearish,0.005143944391857502,0.012735564925565823,0.013299677786382968
2026-02-25,GBPCAD,fx,-1.4583333333333333,Bearish,-0.017757771048895976,-0.003303269265022668,0.0008366123138536796
2026-02-25,CADJPY,fx,1.6666666666666667,Bullish,0.018150313298561205,0.00797248573528897,0.001960303847096334
2026-02-25,CHFJPY,fx,1.8055555555555556,Bullish,-0.004823707335395944,-0.007349234434153362,-0.010423359395850484
2026-02-25,NZDCAD,fx,-1.4583333333333333,Bearish,-0.030502895458701662,-0.026296860713197256,-0.017933556842426035
2026-02-25,NZDCHF,fx,-1.597222222222222,Bearish,-0.007608507694968014,-0.010872384575479788,-0.005252464118969402
2026-02-26,GBPCHF,fx,-1.597222222222222,Bearish,0.013677112864914687,0.014864761320971809,0.017211324802697048
2026-02-26,GBPCAD,fx,-1.4583333333333333,Bearish,-0.000899831417126018,-0.0017725594783145615,0.005903110923194621
2026-02-26,CADJPY,fx,1.6666666666666667,Bullish,0.005709931953725045,0.010062441433788427,0.007540262902081762
2026-02-26,CHFJPY,fx,1.8055555555555556,Bullish,-0.008466258885110656,-0.006329866859652311,-0.0033359439283837666
2026-02-26,NZDCAD,fx,-1.4583333333333333,Bearish,-0.01523500018325985,-0.025045509523402232,-0.011435413128733862
2026-02-26,NZDCHF,fx,-1.597222222222222,Bearish,-0.0012092159530133761,-0.010774977867029412,-0.0006477942605429554
2026-02-27,GBPCHF,fx,-1.597222222222222,Bearish,0.015386547154502939,0.017955801104972302,0.026204458524900387
2026-02-27,GBPCAD,fx,-1.4583333333333333,Bearish,-0.00434581599630135,-0.001680672268907446,0.013613989285034434
2026-02-27,CADJPY,fx,1.3888888888888888,Bullish,0.015020952347625238,0.0034206129108451666,0.006779987227378825
2026-02-27,CHFJPY,fx,1.5277777777777777,Bullish,-0.0036244748209953714,-0.015104444049943822,-0.004669901572085133
2026-02-27,NZDCAD,fx,-1.4583333333333333,Bearish,-0.022216787919545178,-0.026508528458763725,-0.012948584703796562
2026-02-27,NZDCHF,fx,-1.597222222222222,Bearish,-0.004019641925951611,-0.007061533113158269,0.00034764470710935136
2026-03-02,EURCAD,fx,-1.3194444444444442,Bearish,-0.002728649568798369,0.005732667442704509,0.014813563140700703
2026-03-02,GBPCHF,fx,-1.8749999999999998,Bearish,0.01160995906315021,0.01343150507636115,0.014946264392610376
2026-03-02,GBPCAD,fx,-2.013888888888889,Bearish,0.005621933180868011,0.004006309664812857,0.016652930227988527
2026-03-02,CADJPY,fx,1.9444444444444442,Bullish,0.0035665819965899903,-0.007924771216813453,0.005541250565433753
2026-03-02,CHFJPY,fx,1.8055555555555554,Bullish,-0.0023087937295935834,-0.016721413814117292,0.007184014823843121
2026-03-02,AUDCAD,fx,-1.5277777777777777,Bearish,-0.009968250041233806,-0.011050634999175357,0.008050882401451354
2026-03-02,AUDCHF,fx,-1.3888888888888888,Bearish,-0.0021919495670446043,-0.0009601101409367763,0.007463497699358834
2026-03-02,NZDCAD,fx,-2.013888888888889,Bearish,-0.011571794366752153,-0.016385168406539363,-0.004308646838684371
2026-03-02,NZDCHF,fx,-1.8749999999999998,Bearish,-0.00467400947785257,-0.007227403544457167,-0.005626122519637344
2026-03-03,USDCAD,fx,-1.8055555555555554,Bearish,0.005849663644340364,0.014243930973969032,0.006449254167885332
2026-03-03,EURCAD,fx,-1.3194444444444442,Bearish,0.0063696273988482766,0.012625848968636832,0.02279457164098231
2026-03-03,GBPCAD,fx,-2.013888888888889,Bearish,0.010862955841509425,0.010890346047867094,0.0227722175658871
2026-03-03,CADJPY,fx,2.3611111111111107,Bullish,0.000486102671828581,-0.006701272547351533,0.0010590093921980515
2026-03-03,AUDCAD,fx,-1.5277777777777777,Bearish,-0.00014554527497667724,-0.0016633745711611692,0.01944069030044715
2026-03-03,NZDCAD,fx,-2.013888888888889,Bearish,-0.002894266123422362,-0.009291463778197229,0.008571002683096518
2026-03-04,EURUSD,fx,1.8749999999999996,Bullish,-0.006232270265623674,-0.00814923063698092,0.01423536491016919
2026-03-04,USDCAD,fx,-1.8055555555555554,Bearish,0.012015071987801607,0.020328123625487526,0.007264756766266922
2026-03-04,EURGBP,fx,2.083333333333333,Bullish,-0.005816961155115208,0.002873992665570757,0.00010346373596048508
2026-03-04,EURJPY,fx,2.430555555555555,Bullish,0.008544154834754458,0.007613657511302829,0.026497279663707296
2026-03-04,EURCHF,fx,1.3194444444444442,Bullish,0.010303927198833884,0.017603922781287418,0.018443256615275905
2026-03-04,EURAUD,fx,1.5972222222222219,Bullish,0.012368297715638743,0.016160349623533854,0.0014425622827787254
2026-03-04,EURNZD,fx,2.083333333333333,Bullish,0.01698154668519991,0.03126996213263289,0.019771773736093623
2026-03-04,GBPCAD,fx,-2.013888888888889,Bearish,0.012036097320130557,0.009753956716131329,0.022025948377540683
2026-03-04,CADJPY,fx,2.3611111111111107,Bullish,0.00319916543510379,-0.0035990611144919304,0.005502912283751993
2026-03-04,AUDCAD,fx,-1.5277777777777777,Bearish,-0.006858824260759677,-0.003978532501709542,0.020193124598520518
2026-03-04,NZDCAD,fx,-2.013888888888889,Bearish,-0.01041756668353544,-0.01820605551921195,0.002295814458693979
2026-03-04,DAX,cross-asset,-3.333333333333333,Bearish,-0.055593108564833904,-0.043953507542659365,0.014298079300964606
2026-03-05,EURUSD,fx,2.1527777777777777,Bullish,-0.006443831840110437,-0.008399379738111779,0.014981047553411564
2026-03-05,USDCAD,fx,-1.5277777777777777,Bearish,0.01285632797531111,0.01994997879217797,0.0020330256980298778
2026-03-05,EURGBP,fx,2.638888888888889,Bullish,-0.004305482006769057,0.004351529942670407,0.0026362443303478145
2026-03-05,EURJPY,fx,2.9861111111111107,Bullish,0.007385685993456903,0.006132854813825972,0.025756896042366417
2026-03-05,EURCHF,fx,1.4583333333333333,Bullish,0.011508471206732818,0.015705418479821542,0.01932804665238219
2026-03-05,EURAUD,fx,1.5972222222222223,Bullish,0.010416289045979132,0.009413328499788598,-0.006271524379191651
2026-03-05,EURNZD,fx,2.638888888888889,Bullish,0.016716405769396925,0.028582613514461563,0.016807918939667266
2026-03-05,GBPCAD,fx,-2.013888888888889,Bearish,0.011780240974417655,0.008881753776526002,0.015385542630774296
2026-03-05,AUDJPY,fx,1.3888888888888886,Bullish,-0.0028829678249910895,-0.00398901208489344,0.033154129987398306
2026-03-05,CADJPY,fx,2.3611111111111107,Bullish,0.00035609442581940876,-0.005619343744028948,0.008624433288749067
2026-03-05,CHFJPY,fx,1.5277777777777777,Bullish,-0.004332716970469108,-0.011560521710679561,0.006330525825273492
2026-03-05,NZDCAD,fx,-2.013888888888889,Bearish,-0.008897437488366355,-0.016901408450704203,0.0010671961283117426
2026-03-05,DAX,cross-asset,-5.0,Very Bearish,-0.051802868991659645,-0.027800956889647344,0.025721126630633195
2026-03-06,EURUSD,fx,2.1527777777777777,Bullish,-0.009451747023732637,-0.0064647195034819305,0.012455990840930298
2026-03-06,USDCHF,fx,2.638888888888889,Bullish,0.029326873518193963,0.028296051953406787,0.007228636223069795
2026-03-06,EURGBP,fx,2.638888888888889,Bullish,0.0018359005149759522,0.006870193751010278,0.004791815809528144
2026-03-06,EURJPY,fx,2.9861111111111107,Bullish,0.006022486130280003,0.005378778373601456,0.018018362036516855
2026-03-06,EURCHF,fx,4.791666666666666,Very Bullish,0.01862162282063795,0.021361075373763416,0.020118894458985848
2026-03-06,EURAUD,fx,1.5972222222222223,Bullish,0.01145523200929488,0.009446179168784541,-0.006868298114394933
2026-03-06,EURNZD,fx,2.638888888888889,Bullish,0.01693046416503652,0.026650745661949804,0.0151571352353852
2026-03-06,GBPCHF,fx,2.1527777777777777,Bullish,0.01828805366289643,0.015116714877422943,0.015693321929327153
2026-03-06,GBPCAD,fx,-1.4583333333333333,Bearish,0.012141165090165495,0.011520091457214443,0.017027310751169367
2026-03-06,AUDJPY,fx,1.3888888888888886,Bullish,-0.008900150590187339,-0.003967645653173757,0.024680559438037042
2026-03-06,CADJPY,fx,1.8055555555555554,Bullish,-0.008425324117060429,-0.013196808693558881,-0.004118092093950976
2026-03-06,CHFJPY,fx,-1.8055555555555558,Bearish,-0.013678073261334855,-0.01606435582671173,-0.0017368200939752443
2026-03-06,AUDCHF,fx,3.194444444444444,Very Bullish,0.006763692352811823,0.011877703643962123,0.02723806730698719
2026-03-06,NZDCAD,fx,-1.4583333333333333,Bearish,-0.002637104434334958,-0.00752387141928712,0.006061590761385682
2026-03-06,NZDCHF,fx,2.1527777777777777,Bullish,0.0017931336103216289,-0.003958014432538737,0.0035425322545374893
2026-03-06,CADCHF,fx,3.611111111111111,Very Bullish,0.00536666375316841,0.002901844244384444,-0.001922908836640147
2026-03-06,DAX,cross-asset,-5.0,Very Bearish,-0.06153748599691411,0.016152691763014815,0.017784447591469243
2026-03-09,EURUSD,fx,2.569444444444444,Bullish,-0.015073131327019818,-0.0034460237526423576,0.012933331041713236
2026-03-09,USDCHF,fx,2.2222222222222223,Bullish,0.028934395634098165,0.02650174404386485,0.0016346388992574123
2026-03-09,USDCAD,fx,-2.222222222222222,Bearish,0.025816909191379578,0.022921348314606682,0.005268005157487599
2026-03-09,EURGBP,fx,2.638888888888889,Bullish,0.004390627166428018,0.007937791745620926,0.006216203725100344
2026-03-09,EURJPY,fx,2.9861111111111107,Bullish,-0.0022728263713264196,0.008731577570419535,0.020199267463155035
2026-03-09,EURCHF,fx,4.791666666666666,Very Bullish,0.01316429930527896,0.023153679366343605,0.01446966679941597
2026-03-09,EURAUD,fx,1.5972222222222223,Bullish,0.01746743488498015,0.011121724475703143,-0.0010282119455108374
2026-03-09,EURNZD,fx,2.638888888888889,Bullish,0.02208808702573628,0.03191521929914076,0.02085331755005404
2026-03-09,GBPCHF,fx,2.1527777777777777,Bullish,0.009395651757494461,0.015506177569198254,0.008849727037639976
2026-03-09,GBPCAD,fx,-2.2916666666666665,Bearish,0.006470504370332142,0.011904631345755146,0.012228156564271897
2026-03-09,AUDJPY,fx,1.3888888888888886,Bullish,-0.018957728299451415,-0.002617331755763397,0.020840055932021206
2026-03-09,CADJPY,fx,2.6388888888888884,Bullish,-0.012084305906064574,-0.00999991386809762,0.0023341745549134707
2026-03-09,CHFJPY,fx,-1.8055555555555558,Bearish,-0.015080159579451857,-0.01386704013650053,0.005463968873130387
2026-03-09,AUDCHF,fx,3.194444444444444,Very Bullish,-0.003945813255750497,0.011782889353577408,0.015637785253204806
2026-03-09,NZDCAD,fx,-2.2916666666666665,Bearish,-0.011533781938271148,-0.012278697886921708,-0.002619621086087376
2026-03-09,NZDCHF,fx,2.1527777777777777,Bullish,-0.008633967503308249,-0.008829207974488607,-0.0062693884634574815
2026-03-09,CADCHF,fx,4.444444444444445,Very Bullish,0.003338052045649409,0.003932260263199261,-0.003268145196525518
2026-03-09,DAX,cross-asset,-5.0,Very Bearish,-0.05714753699029418,0.002952503748377744,0.016954847271978934
2026-03-09,GOLD,cross-asset,2.0,Bullish,-0.12155642356549679,-0.07931976046039546,-0.08928435888902497
2026-03-09,SILVER,cross-asset,2.0,Bullish,-0.19392929002586945,-0.14836447254958318,-0.11856280540385167
2026-03-10,EURUSD,fx,2.569444444444444,Bullish,-0.0049354005167958626,0.004470284237726219,0.011421188630490908
2026-03-10,USDCHF,fx,2.2222222222222223,Bullish,0.027405360241660848,0.017031942926923227,0.003393534288836042
2026-03-10,USDCAD,fx,-2.222222222222222,Bearish,0.024733186515331074,0.01961419764452854,0.006172248451413731
2026-03-10,EURGBP,fx,2.638888888888889,Bullish,0.009768560264502568,0.0064507179024762,0.004947862477168163
2026-03-10,EURJPY,fx,2.9861111111111107,Bullish,-0.0008555019126189611,0.00750335116991252,0.019763728898527733
2026-03-10,EURCHF,fx,4.791666666666666,Very Bullish,0.022736842105263166,0.02208310249307477,0.015324099722991757
2026-03-10,EURAUD,fx,1.5972222222222223,Bullish,0.02657027048572136,0.015133955125492982,0.006401883772696237
2026-03-10,EURNZD,fx,2.638888888888889,Bullish,0.027305009835730587,0.023478016503589272,0.01786270853026095
2026-03-10,GBPCHF,fx,2.1527777777777777,Bullish,0.01228632990184364,0.014891070146038077,0.009853962173809183
2026-03-10,GBPCAD,fx,-2.2916666666666665,Bearish,0.010065234580917126,0.018197592690212483,0.01318419434194329
2026-03-10,AUDJPY,fx,1.3888888888888886,Bullish,-0.026345505792810253,-0.007842300408119729,0.013559533018574488
2026-03-10,CADJPY,fx,2.6388888888888884,Bullish,-0.020004640251604755,-0.016163543089891985,0.0021740438074122626
2026-03-10,CHFJPY,fx,-1.8055555555555558,Bearish,-0.02174266659437185,-0.01305250082563969,0.005648854209283627
2026-03-10,AUDCHF,fx,3.194444444444444,Very Bullish,-0.004530685920577593,0.0059386281588444945,0.008158844765342899
2026-03-10,NZDCAD,fx,-2.2916666666666665,Bearish,-0.0072560104367273,0.0008573026029696784,7.454805243223284e-05
2026-03-10,NZDCHF,fx,2.1527777777777777,Bullish,-0.005548932480763047,-0.0024710089953396963,-0.0032946786604529654
2026-03-10,CADCHF,fx,4.444444444444445,Very Bullish,0.0021285876297654216,-0.002966064730000939,-0.0031754340050598184
2026-03-10,DAX,cross-asset,-5.0,Very Bearish,-0.03297751227729673,-0.0009704210619178033,0.011905512075650826
2026-03-10,GOLD,cross-asset,2.0,Bullish,-0.09800035057912981,-0.0813959983896474,-0.08693014036649005
2026-03-10,SILVER,cross-asset,2.0,Bullish,-0.14988791522315048,-0.1478613318841563,-0.12037225731947543
2026-03-11,EURUSD,fx,2.569444444444444,Bullish,0.001408462874473937,0.010878863551918805,0.011405957020280244
2026-03-11,USDCHF,fx,2.2222222222222223,Bullish,0.01862230829410927,0.01367174975311336,0.00643829115953376
2026-03-11,USDCAD,fx,-2.222222222222222,Bearish,0.02089512692372808,0.016721989563476702,0.006197145780126423
2026-03-11,EURGBP,fx,2.638888888888889,Bullish,0.009622295902988576,0.00933246771313967,0.004961858610215808
2026-03-11,EURJPY,fx,2.9861111111111107,Bullish,0.0008105138331320205,0.011613738481456082,0.015367124688577594
2026-03-11,EURCHF,fx,4.791666666666666,Very Bullish,0.01974821578970687,0.024491333835719553,0.017642626002925654
2026-03-11,EURAUD,fx,1.5972222222222223,Bullish,0.0341880870377127,0.021054519146936457,0.010604552228192565
2026-03-11,EURNZD,fx,2.638888888888889,Bullish,0.029669312913103152,0.020457717139600318,0.01330109445208394
2026-03-11,GBPCHF,fx,2.1527777777777777,Bullish,0.010769245483324807,0.01576173761680222,0.013428082290042553
2026-03-11,GBPCAD,fx,-2.2916666666666665,Bearish,0.012865619048141763,0.018535492971661682,0.013134567569199396
2026-03-11,AUDJPY,fx,1.3888888888888886,Bullish,-0.032148736322262006,-0.008847064623185408,0.004718434465698973
2026-03-11,CADJPY,fx,2.6388888888888884,Bullish,-0.020450440424930827,-0.015160205103621816,-0.001669249009150997
2026-03-11,CHFJPY,fx,-1.8055555555555558,Bearish,-0.01824222051856661,-0.01186825499793609,-0.00186746869532739
2026-03-11,AUDCHF,fx,3.194444444444444,Very Bullish,-0.013234344738541126,0.003927264902087391,0.007603471773904413
2026-03-11,NZDCAD,fx,-2.2916666666666665,Bearish,-0.007133164859515095,0.007294999315315964,0.004357081502321725
2026-03-11,NZDCHF,fx,2.1527777777777777,Bullish,-0.009051050529605864,0.004536377843375572,0.004731724257683645
2026-03-11,CADCHF,fx,4.444444444444445,Very Bullish,-0.0012559746014023654,-0.002040958727279052,0.001221086418030204
2026-03-11,DAX,cross-asset,-5.0,Very Bearish,-0.013292100464927237,0.012467161066244792,0.024405514825641683
2026-03-11,GOLD,cross-asset,2.0,Bullish,-0.07906518399721763,-0.0803056798090952,-0.09259663597631085
2026-03-11,SILVER,cross-asset,2.0,Bullish,-0.12434834330499278,-0.11473822935983102,-0.12038300502664923
2026-03-12,EURUSD,fx,2.569444444444444,Bullish,0.002310712672434878,0.018616004725668045,0.014880642134890154
2026-03-12,USDCHF,fx,2.2222222222222223,Bullish,0.0166115071283095,0.0044933808553973,0.0007510183299390683
2026-03-12,USDCAD,fx,-2.222222222222222,Bearish,0.020941832318638554,0.015330448177217182,0.0048045184478837655
2026-03-12,EURGBP,fx,2.638888888888889,Bullish,0.011455205277742353,0.010017507449361807,0.005831951674801994
2026-03-12,EURJPY,fx,2.9861111111111107,Bullish,0.0038443920952755395,0.018649391440910934,0.01760786110020507
2026-03-12,EURCHF,fx,4.791666666666666,Very Bullish,0.01881910659000452,0.023219814241486114,0.015192392746572247
2026-03-12,EURAUD,fx,1.5972222222222223,Bullish,0.026229568659753344,0.02041443579072899,0.007290430848480689
2026-03-12,EURNZD,fx,2.638888888888889,Bullish,0.025943192390403658,0.020208541985470285,0.014626408878540387
2026-03-12,GBPCHF,fx,2.1527777777777777,Bullish,0.007621209664342654,0.01341103978481284,0.009843665048312245
2026-03-12,GBPCAD,fx,-2.2916666666666665,Bearish,0.012252866609838708,0.024874199136579955,0.014392168724393084
2026-03-12,AUDJPY,fx,1.3888888888888886,Bullish,-0.02105683836589689,-0.000710479573712286,0.010870337477797642
2026-03-12,CADJPY,fx,2.6388888888888884,Bullish,-0.01838767417760767,-0.014396683881024108,-0.0014559406661357466
2026-03-12,CHFJPY,fx,-1.8055555555555558,Bearish,-0.014562507713192563,-0.003623349376773888,0.0022905096877698927
2026-03-12,AUDCHF,fx,3.194444444444444,Very Bullish,-0.0067482454561812455,0.0033111391038331828,0.008331833723232096
2026-03-12,NZDCAD,fx,-2.2916666666666665,Bearish,-0.0026456685014982773,0.012200168018758006,0.004802327185184252
2026-03-12,NZDCHF,fx,2.1527777777777777,Bullish,-0.006769110221138797,0.0020895002611873714,0.0008053282256659244
2026-03-12,CADCHF,fx,4.444444444444445,Very Bullish,-0.0037845908128189,-0.010207978889621883,-0.003680427762924876
2026-03-12,DAX,cross-asset,-5.0,Very Bearish,-0.01400212539851231,0.02247396386822542,0.024573857598299664
2026-03-12,GOLD,cross-asset,2.0,Bullish,-0.08017782292915632,-0.06655562577644947,-0.07142055555883697
2026-03-12,SILVER,cross-asset,2.0,Bullish,-0.12976015838372268,-0.09889441482700623,-0.09753479552041211
2026-03-13,EURUSD,fx,2.569444444444444,Bullish,0.008277855641205312,0.030001751927119846,0.026585494043447788
2026-03-13,USDCHF,fx,2.2222222222222223,Bullish,0.011796090727488995,-0.009001947050345183,-0.007762915012516691
2026-03-13,USDCAD,fx,-2.222222222222222,Bearish,0.016967690658655554,0.005585410848530259,-0.0033322881955331063
2026-03-13,EURGBP,fx,2.638888888888889,Bullish,0.010528754271153185,0.008339607343487598,0.0032547634215556176
2026-03-13,EURJPY,fx,2.9861111111111107,Bullish,0.008604898594917199,0.028222312408823225,0.024443615702705923
2026-03-13,EURCHF,fx,4.791666666666666,Very Bullish,0.018562821194400225,0.02043460925039864,0.01902799929115706
2026-03-13,EURAUD,fx,1.5972222222222223,Bullish,0.021978895855635505,0.013488300963450106,0.0030769230769231992
2026-03-13,EURNZD,fx,2.638888888888889,Bullish,0.02400125523224328,0.014227652563862492,0.007657928968026972
2026-03-13,GBPCHF,fx,2.1527777777777777,Bullish,0.0068813915702954365,0.0118130555290068,0.015167733919525972
2026-03-13,GBPCAD,fx,-2.2916666666666665,Bearish,0.015895260111779885,0.02765808363080624,0.020480112993726873
2026-03-13,AUDJPY,fx,1.3888888888888886,Bullish,-0.014540203078468594,0.014522263284417525,0.021895518639446054
2026-03-13,CADJPY,fx,2.6388888888888884,Bullish,-0.016374992482624195,-0.0069073945204773946,0.001683892196534309
2026-03-13,CHFJPY,fx,-1.8055555555555558,Bearish,-0.011080085109337667,0.008253026688423537,0.007062686300670196
2026-03-13,AUDCHF,fx,3.194444444444444,Very Bullish,-0.0013398757898929192,0.006970975393362222,0.01598797733075008
2026-03-13,NZDCAD,fx,-2.2916666666666665,Bearish,5.049293730041704e-05,0.020992438682639225,0.014302124490336965
2026-03-13,NZDCHF,fx,2.1527777777777777,Bullish,-0.004671769789222124,0.007895948939530273,0.010286666812887812
2026-03-13,CADCHF,fx,4.444444444444445,Very Bullish,-0.005183862410929496,-0.014736732606321246,-0.004611730439154638
2026-03-13,DAX,cross-asset,-5.0,Very Bearish,-0.00897623861406871,0.028967604327401864,0.02587293920521838
2026-03-13,GOLD,cross-asset,2.0,Bullish,-0.07243902147448278,-0.03468433825199546,-0.06736827004690193
2026-03-13,SILVER,cross-asset,2.0,Bullish,-0.0957575004658674,-0.011777129014224563,-0.062277160072054194
2026-03-16,EURUSD,fx,2.2916666666666665,Bullish,0.003146293978584236,0.025144277569183693,0.018660478375747358
2026-03-16,USDCHF,fx,2.5,Bullish,0.01368018595907361,-0.008230975395988716,-0.0022355735643425634
2026-03-16,EURGBP,fx,2.638888888888889,Bullish,0.009808462839011378,0.006762859855941938,0.002895059869838068
2026-03-16,EURJPY,fx,2.9861111111111107,Bullish,0.007081851117194837,0.023294700086883946,0.02099419135205438
2026-03-16,EURCHF,fx,4.791666666666666,Very Bullish,0.016502014459959247,0.01655720514377168,0.015508582151332773
2026-03-16,EURAUD,fx,1.5972222222222223,Bullish,0.025638976162515315,0.017449260035783842,0.002613085100496182
2026-03-16,EURNZD,fx,2.638888888888889,Bullish,0.02886735478483149,0.01764936526446026,0.010082441784083018
2026-03-16,EURCAD,fx,2.013888888888889,Bullish,0.019804181941788457,0.031443983455216706,0.01448621585732357
2026-03-16,GBPCHF,fx,2.1527777777777777,Bullish,0.006747869846171373,0.009616667619755548,0.013152627666266348
2026-03-16,AUDJPY,fx,1.3888888888888886,Bullish,-0.017006621102093167,0.006567706108500548,0.019115762494660515
2026-03-16,CHFJPY,fx,-1.8055555555555558,Bearish,-0.008699531563685192,0.007465239051230643,0.005487396832478231
2026-03-16,AUDCHF,fx,3.194444444444444,Very Bullish,-0.008192597915918087,-0.000251527128997564,0.014013654329859904
2026-03-16,NZDCHF,fx,2.1527777777777777,Bullish,-0.012166558230318758,-0.0014530470613749458,0.005595315549772328
2026-03-16,CADCHF,fx,2.7777777777777777,Bullish,-0.0028851000225941226,-0.014182178424318348,0.001772772303039627
2026-03-16,DAX,cross-asset,-5.0,Very Bearish,0.017753182913249343,0.02055609421507909,0.00884060241422957
2026-03-17,EURUSD,fx,2.2916666666666665,Bullish,0.005253166202897175,0.022772388803647736,0.01526538891633944
2026-03-17,USDCHF,fx,2.5,Bullish,0.016492900660225684,-0.0035560427234954117,0.005799281144051482
2026-03-17,EURGBP,fx,2.638888888888889,Bullish,0.010167097050615581,0.007399515962805525,0.0032770939240593933
2026-03-17,EURJPY,fx,2.9861111111111107,Bullish,0.008995551290997827,0.022434359734821996,0.018977887299371998
2026-03-17,EURCHF,fx,4.791666666666666,Very Bullish,0.022011779396001963,0.019017204990220637,0.021116722101285124
2026-03-17,EURAUD,fx,1.5972222222222223,Bullish,0.023551583757783323,0.01330935473341266,0.00423115534560603
2026-03-17,EURNZD,fx,2.8472222222222223,Bullish,0.026317258458212534,0.01266131119422309,0.009880389937936718
2026-03-17,EURCAD,fx,2.4305555555555554,Bullish,0.01944544700466677,0.0265309094593138,0.014474858955606518
2026-03-17,GBPCHF,fx,2.1527777777777777,Bullish,0.011225346202266007,0.011311181474841003,0.017376874070117898
2026-03-17,AUDJPY,fx,1.3888888888888886,Bullish,-0.014533313258880631,0.00933462046000022,0.01479900454332106
2026-03-17,CHFJPY,fx,-1.8055555555555558,Bearish,-0.01285449833395036,0.0030951499444651365,-0.0018363569048499562
2026-03-17,AUDCHF,fx,3.194444444444444,Very Bullish,-0.001686491917397892,0.005759190483879628,0.016775212157094765
2026-03-17,NZDCHF,fx,1.9444444444444444,Bullish,-0.0048353371667537726,0.005859034675030461,0.010629029447638993
2026-03-17,CADCHF,fx,2.361111111111111,Bullish,0.002093364036005907,-0.007379108226920561,0.006157979205917208
2026-03-17,DAX,cross-asset,-5.0,Very Bearish,0.007888172805429194,0.038626301506307525,0.02542870045623946
2026-03-18,EURUSD,fx,2.2916666666666665,Bullish,0.017014337042592587,0.027479331635678728,0.018095719817211364
2026-03-18,USDCHF,fx,2.0833333333333335,Bullish,-0.0012118763886083128,-0.01094475863461919,-0.0008962835790748969
2026-03-18,EURGBP,fx,2.638888888888889,Bullish,0.007580579827556333,0.007985648978647175,0.002627162779931691
2026-03-18,EURJPY,fx,2.9861111111111107,Bullish,0.009836477437819013,0.02403137186363291,0.022567642850120695
2026-03-18,EURCHF,fx,4.375,Very Bullish,0.015567715157053241,0.016107190434772933,0.017296237985665375
2026-03-18,EURAUD,fx,1.5972222222222223,Bullish,0.016474070071594404,0.009885670076506425,0.007294519286267009
2026-03-18,EURNZD,fx,2.8472222222222223,Bullish,0.013427368761889324,0.011853928036588801,0.013118751770753168
2026-03-18,EURCAD,fx,2.4305555555555554,Bullish,0.026489476696127667,0.026419533286704322,0.015540153875500673
2026-03-18,GBPCHF,fx,1.7361111111111114,Bullish,0.00811399545311886,0.008152044669780256,0.014506263852293033
2026-03-18,AUDJPY,fx,1.3888888888888886,Bullish,-0.006738352530665348,0.014402449662637151,0.01610261522849865
2026-03-18,CHFJPY,fx,-1.3888888888888893,Bearish,-0.005626794068276486,0.008144697503948084,0.005716187089661151
2026-03-18,AUDCHF,fx,2.7777777777777777,Bullish,0.00012562363159962509,0.007034923369584556,0.01067800868597657
2026-03-18,NZDCHF,fx,1.527777777777778,Bullish,0.0023741069872800225,0.0044650635999303745,0.004225474821397679
2026-03-18,CADCHF,fx,1.9444444444444446,Bullish,-0.010253390373590632,-0.009629873391412747,0.0017839513656754402
2026-03-18,DAX,cross-asset,-5.0,Very Bearish,0.027545531142653346,0.05694903536630158,0.033465119796055154
2026-03-19,EURUSD,fx,2.083333333333333,Bullish,0.010128221732936149,0.015550662694814976,0.012873980054397105
2026-03-19,USDCHF,fx,2.291666666666667,Bullish,0.003109452736318463,-0.007906894100923934,-0.008338409990861995
2026-03-19,EURGBP,fx,2.638888888888889,Bullish,0.00950801804204393,0.009021021995988088,-0.00012754658349090064
2026-03-19,EURJPY,fx,2.9861111111111107,Bullish,0.01782586803275099,0.021366960024519654,0.005642760190901486
2026-03-19,EURCHF,fx,4.375,Very Bullish,0.013106849315068558,0.007978082191780977,0.004482191780821987
2026-03-19,EURAUD,fx,1.5972222222222223,Bullish,0.011330369063805357,0.005138475483531302,-0.0023946888129446897
2026-03-19,EURNZD,fx,2.8472222222222223,Bullish,0.01223556375879764,0.013062085471472251,0.006536113421089951
2026-03-19,EURCAD,fx,2.4305555555555554,Bullish,0.016583309741750707,0.013337107986536978,0.0021389701487843915
2026-03-19,GBPCHF,fx,1.7361111111111114,Bullish,0.003486526323746242,-0.0013794928001814588,0.004270758532068486
2026-03-19,AUDJPY,fx,1.3888888888888886,Bullish,0.007192185207714585,0.016513400364976505,0.008587683830107107
2026-03-19,CHFJPY,fx,-1.3888888888888893,Bearish,0.005174120399532134,0.014287571112910902,0.0018346881030226747
2026-03-19,AUDCHF,fx,2.7777777777777777,Bullish,0.002076359926253435,0.003132439543916954,0.007034564232910379
2026-03-19,NZDCHF,fx,1.527777777777778,Bullish,0.0005621013944439035,-0.007847800237812175,-0.002551075559399041
2026-03-19,CADCHF,fx,1.9444444444444446,Bullish,-0.00298013245033113,-0.004966887417218624,0.002614151272220422
2026-03-19,DAX,cross-asset,-5.0,Very Bearish,0.040176631143408414,0.04640913753237941,0.061338467690061016
2026-03-20,EURUSD,fx,1.9444444444444444,Bullish,0.013360642278741341,0.01864958993371535,0.012669276572208954
2026-03-20,USDCHF,fx,2.430555555555556,Bullish,0.0014085936905154917,-0.012461612649425247,-0.00817238141163934
2026-03-20,EURGBP,fx,1.5277777777777777,Bullish,0.004346522781774498,0.004035233351780132,-0.00472698764065671
2026-03-20,EURJPY,fx,2.9861111111111107,Bullish,0.013916630481979997,0.015946591402518306,-0.0009444203213200275
2026-03-20,EURCHF,fx,4.375,Very Bullish,0.014826512260385005,0.005658639294644052,0.003925955169539863
2026-03-20,EURAUD,fx,1.875,Bullish,0.00700047316889707,-0.003955206677747736,-0.01366123533479735
2026-03-20,EURNZD,fx,2.8472222222222223,Bullish,0.011885012379170723,0.008864595571736134,0.0011295047827466487
2026-03-20,EURCAD,fx,2.4305555555555554,Bullish,0.0217956547195588,0.01234583446130988,0.0019201833302904259
2026-03-20,GBPJPY,fx,1.458333333333333,Bullish,0.009542191361656904,0.011684123808402891,0.003403554195598346
2026-03-20,GBPCHF,fx,2.8472222222222223,Bullish,0.010653983353150931,0.001988109393578963,0.008998810939357949
2026-03-20,GBPNZD,fx,1.3194444444444444,Bullish,0.007837031724234444,0.004696971022225327,0.005348599218046202
2026-03-20,CHFJPY,fx,-1.3888888888888893,Bearish,-0.0010492296575650428,0.009096623163229456,-0.006498295001806431
2026-03-20,AUDCHF,fx,2.5,Bullish,0.007390008130815806,0.009214924564098004,0.01718312404011213
2026-03-20,NZDCHF,fx,1.527777777777778,Bullish,0.004384912410829056,-0.0006762800235607935,0.0038177098104232865
2026-03-20,CADCHF,fx,1.9444444444444446,Bullish,-0.0070015326738192,-0.006688031210812184,0.0017068412985927761
2026-03-20,DAX,cross-asset,-5.0,Very Bearish,0.08432545496346333,0.0915516767268778,0.1257624047134982
2026-03-23,EURUSD,fx,1.9444444444444444,Bullish,0.012380862183267727,0.011011907324339099,0.006543432030099883
2026-03-23,USDCHF,fx,2.430555555555556,Bullish,-0.002913078322372198,-0.007021918052180998,-0.002887636590299114
2026-03-23,USDCAD,fx,1.4583333333333333,Bullish,0.005211598174847287,-0.004278612767322221,-0.006939078968468015
2026-03-23,EURGBP,fx,1.5277777777777777,Bullish,0.007079809816873617,0.005633770230093704,-0.0004974376178522588
2026-03-23,EURJPY,fx,2.9861111111111107,Bullish,0.019200661042011014,0.017357788988431766,-0.0005110028703139147
2026-03-23,EURCHF,fx,4.375,Very Bullish,0.009621390608733682,0.004142238781436713,0.003638156813325244
2026-03-23,EURAUD,fx,1.875,Bullish,7.847066706090366e-05,-0.009331973175104258,-0.015488902436815999
2026-03-23,EURNZD,fx,2.8472222222222223,Bullish,0.010310629780325486,0.004396513040803907,0.003620064636808751
2026-03-23,EURCAD,fx,3.4027777777777777,Very Bullish,0.017590210229055492,0.006626921870097391,-0.000539692500784339
2026-03-23,GBPJPY,fx,1.458333333333333,Bullish,0.012221318680285531,0.011774770497736675,2.3502535923647372e-05
2026-03-23,GBPCHF,fx,2.8472222222222223,Bullish,0.003298015504463514,-0.0006065315870277255,0.005183949657878273
2026-03-23,GBPNZD,fx,1.3194444444444444,Bullish,0.0035794788174203784,-0.0009460985424850632,0.004342461512972795
2026-03-23,GBPCAD,fx,1.875,Bullish,0.010969328216846375,0.001476327201871408,0.000255100656205709
2026-03-23,CHFJPY,fx,-1.3888888888888893,Bearish,0.009514776209086584,0.01314985772529309,-0.00404725605971068
2026-03-23,AUDCAD,fx,1.5277777777777777,Bullish,0.01820056017742422,0.017200987078435315,0.016138940660759493
2026-03-23,AUDCHF,fx,2.5,Bullish,0.009676658012744754,0.013997567219186324,0.019861658285071027
2026-03-23,NZDCHF,fx,1.527777777777778,Bullish,-0.0009565841250516183,-0.000304367676152717,4.348109659324528e-05
2026-03-23,DAX,cross-asset,-5.0,Very Bearish,0.056422274005906825,0.05706737583983923,0.07245766244936847
2026-03-24,EURUSD,fx,1.9444444444444444,Bullish,0.0158909253772479,0.008139254461517309,0.007062633500999116
2026-03-24,USDJPY,fx,1.4583333333333333,Bullish,0.0007753746067966638,0.005143948610944804,-0.004652247640780871
2026-03-24,USDCHF,fx,2.430555555555556,Bullish,-0.008520634920634929,-0.0035174603174602526,-0.005714285714285672
2026-03-24,USDCAD,fx,1.4583333333333333,Bullish,0.0005961035184647301,-0.006171852282640167,-0.009981099156731621
2026-03-24,EURGBP,fx,1.5277777777777777,Bullish,0.004645465471017962,0.0017333826384393625,-0.0020338356291023096
2026-03-24,EURJPY,fx,3.4027777777777777,Very Bullish,0.01695964549290485,0.01366329428759161,0.0026229615027451025
2026-03-24,EURCHF,fx,4.375,Very Bullish,0.00689888918044268,0.003979707863202897,0.0009621271757194183
2026-03-24,EURAUD,fx,1.875,Bullish,-0.002525617842073613,-0.014840265220012139,-0.018878842676311014
2026-03-24,EURNZD,fx,2.8472222222222223,Bullish,0.005271656296057747,-0.0028873384674972247,-0.0008853163245288176
2026-03-24,EURCAD,fx,3.4027777777777777,Very Bullish,0.016320985644794783,0.0017466647467963003,-0.003142744454808999
2026-03-24,GBPJPY,fx,1.875,Bullish,0.012148070172140812,0.011696923272130899,0.004549064575099404
2026-03-24,GBPCHF,fx,2.8472222222222223,Bullish,0.002280253571766533,0.002564102564102555,0.003056107484151749
2026-03-24,GBPNZD,fx,1.3194444444444444,Bullish,0.0006355922980143536,-0.004679874797024142,0.0011405834389024427
2026-03-24,GBPCAD,fx,1.875,Bullish,0.011781282176339891,0.0002926353438466034,-0.0008995827236764065
2026-03-24,AUDJPY,fx,1.5277777777777777,Bullish,0.019487308912604417,0.028744231323911018,0.022074199596192612
2026-03-24,AUDCAD,fx,1.5277777777777777,Bullish,0.019589086674430378,0.017322408916985443,0.016490600565629787
2026-03-24,AUDCHF,fx,2.5,Bullish,0.009817620905543833,0.01965338898466573,0.020560747663551204
2026-03-24,NZDCHF,fx,1.527777777777778,Bullish,0.0015444183415991297,0.0069172539806838795,0.0017836944226921059
2026-03-24,DAX,cross-asset,-5.0,Very Bearish,0.0549078304710886,0.05977452164627195,0.06490380407191498
2026-03-25,EURUSD,fx,2.1527777777777777,Bullish,0.020595994982915755,0.0105877773452705,0.016210371523722955
2026-03-25,USDJPY,fx,2.013888888888889,Bullish,-0.002603970584544424,0.002196119770097704,-0.01900584795321658
2026-03-25,USDCHF,fx,2.430555555555556,Bullish,-0.012342715650108693,-0.006784071959169191,-0.016385365607155533
2026-03-25,USDCAD,fx,1.4583333333333333,Bullish,-0.0046939174652844695,-0.007721783978384744,-0.012502625841174564
2026-03-25,EURGBP,fx,1.7361111111111112,Bullish,0.0059550652744533306,0.003133636290052033,-0.0006475410783871594
2026-03-25,EURJPY,fx,4.166666666666666,Very Bullish,0.017801030071801005,0.012775495362506106,-0.003093471689306848
2026-03-25,EURCHF,fx,4.583333333333334,Very Bullish,0.008056317705315896,0.003640100130081647,-0.0002404870956810301
2026-03-25,EURAUD,fx,2.0833333333333335,Bullish,-0.010792253626978776,-0.014778473211762733,-0.024199900194200374
2026-03-25,EURNZD,fx,3.0555555555555554,Very Bullish,0.002743635870275263,0.0028642352491885514,-0.008668080359386154
2026-03-25,EURCAD,fx,3.611111111111111,Very Bullish,0.015929613916792595,0.002675824210255806,0.003546877056217479
2026-03-25,GBPJPY,fx,2.4305555555555554,Bullish,0.011864629600067733,0.00986919328030944,-0.002192632379592996
2026-03-25,GBPCHF,fx,2.8472222222222223,Bullish,0.002230581652520769,0.0006521615848471551,0.00043477438989825146
2026-03-25,GBPNZD,fx,1.3194444444444444,Bullish,-0.0030432268638678206,3.477973558685399e-05,-0.007716753833379109
2026-03-25,GBPCAD,fx,1.875,Bullish,0.009871042232449279,-0.00014635812206265086,0.004434109031380418
2026-03-25,AUDJPY,fx,2.083333333333333,Bullish,0.029688925831895308,0.02839692449471909,0.02232542170742957
2026-03-25,AUDCAD,fx,1.5277777777777777,Bullish,0.027238774828910017,0.01807920213653813,0.02856367885161082
2026-03-25,AUDCHF,fx,2.5,Bullish,0.019607129865405692,0.01915241906147691,0.024899963623135957
2026-03-25,NZDCHF,fx,1.527777777777778,Bullish,0.005245973008271676,0.0008924684370918978,0.00838049629952109
2026-03-25,DAX,cross-asset,-5.0,Very Bearish,0.07400537681336528,0.051930764799329454,0.05977777001902829
2026-03-26,EURUSD,fx,2.1527777777777777,Bullish,0.021563833107897334,0.016153365934866493,0.01643949641036313
2026-03-26,USDJPY,fx,2.013888888888889,Bullish,-0.0034193386773548884,-0.0020290581162325516,-0.01729709418837677
2026-03-26,USDCHF,fx,2.430555555555556,Bullish,-0.013137343812978597,-0.011487303506650393,-0.01692865779927455
2026-03-26,USDCAD,fx,1.4583333333333333,Bullish,-0.010685920577617303,-0.013097472924187725,-0.013523465703971005
2026-03-26,EURGBP,fx,2.2916666666666665,Bullish,0.006971743051380486,0.001433658604264032,0.00020811173287693663
2026-03-26,EURJPY,fx,4.166666666666666,Very Bullish,0.018236520832428216,0.014440413607333724,-0.0009069383499152872
2026-03-26,EURCHF,fx,4.583333333333334,Very Bullish,0.0077306079664569705,0.0046077917540181534,-0.0010591369671558715
2026-03-26,EURAUD,fx,2.9166666666666665,Bullish,-0.01651578028391354,-0.019469725055909604,-0.027602042646830194
2026-03-26,EURNZD,fx,3.0555555555555554,Very Bullish,9.000855081220394e-05,-0.0044754251653906785,-0.012931228466704359
2026-03-26,EURCAD,fx,3.611111111111111,Very Bullish,0.010687586871861665,0.0031117344319362417,0.0026922450819568677
2026-03-26,GBPJPY,fx,1.8749999999999998,Bullish,0.011114503816793908,0.013153258954785807,-0.0011743981209629828
2026-03-26,GBPCHF,fx,2.291666666666667,Bullish,0.0005947829042398656,0.002794535550079802,-0.0014255907704797677
2026-03-26,GBPCAD,fx,1.3194444444444444,Bullish,0.003563324831175274,0.0016354469589892062,0.002334031918292734
2026-03-26,AUDCHF,fx,1.666666666666667,Bullish,0.025362716076453573,0.025326170376055224,0.027866096553740505
2026-03-26,NZDCHF,fx,1.527777777777778,Bullish,0.007779550272065672,0.006577653460370092,0.01204082078625901
2026-03-26,DAX,cross-asset,-5.0,Very Bearish,0.0817593653124129,0.06136816921464483,0.06373851862006741
2026-03-27,EURUSD,fx,2.2916666666666665,Bullish,0.02211678007491047,0.018527691599099727,0.02392435974311513
2026-03-27,USDJPY,fx,1.8749999999999998,Bullish,-0.010108952038638708,-0.005247918928700579,-0.02232705579891925
2026-03-27,USDCHF,fx,2.291666666666667,Bullish,-0.021468629512793602,-0.016686695708777677,-0.028090731560763138
2026-03-27,USDCAD,fx,1.3194444444444444,Bullish,-0.014319138979878354,-0.019135380295885573,-0.015399013714408993
2026-03-27,EURGBP,fx,2.2916666666666665,Bullish,0.0029504984728865313,-0.001855586930213815,-0.0035728692445110566
2026-03-27,EURJPY,fx,4.166666666666666,Very Bullish,0.011924063399795015,0.013165814431424394,0.0013881583585027002
2026-03-27,EURCHF,fx,4.583333333333334,Very Bullish,0.00146989972017475,0.0017094389338327964,-0.003538647474494505
2026-03-27,EURAUD,fx,2.9166666666666665,Bullish,-0.018116007059738592,-0.02439199497442357,-0.026850937808489683
2026-03-27,EURNZD,fx,3.0555555555555554,Very Bullish,-0.0017438054932371605,-0.008873921363865778,-0.013990416564653274
2026-03-27,EURCAD,fx,3.611111111111111,Very Bullish,0.008142751636686762,-0.000644660583073553,0.008843741785271586
2026-03-27,GBPJPY,fx,1.8749999999999998,Bullish,0.008898404780951497,0.0151898734177216,0.005195049644722616
2026-03-27,GBPCHF,fx,2.291666666666667,Bullish,-0.00254813137032861,0.0032276330690825805,-0.0010570026425066326
2026-03-27,GBPCAD,fx,1.3194444444444444,Bullish,0.004827533776445625,0.0011729440896650623,0.012598288370476496
2026-03-27,AUDCHF,fx,1.666666666666667,Bullish,0.02033682294037331,0.02758306781975417,0.024524351388256704
2026-03-27,NZDCHF,fx,1.527777777777778,Bullish,0.001746267353531783,0.012136558107046058,0.009167903606042138
2026-03-27,DAX,cross-asset,-5.0,Very Bearish,0.08452328399354947,0.07330246218434389,0.09180262885251222
2026-03-30,EURUSD,fx,2.2916666666666665,Bullish,0.028435067881199094,0.021882525390011454,0.027955187938435877
2026-03-30,USDJPY,fx,1.8749999999999998,Bullish,-0.00566662701071341,-0.0006011007657773515,-0.015584789646039376
2026-03-30,USDCHF,fx,2.291666666666667,Bullish,-0.02653206739970726,-0.012859483869353538,-0.02689483494076872
2026-03-30,USDCAD,fx,1.3194444444444444,Bullish,-0.02003174625975912,-0.017474807690926464,-0.01771900968907336
2026-03-30,EURGBP,fx,2.5,Bullish,0.0018175961715440891,-0.003313086692435241,-0.004141358365543968
2026-03-30,EURJPY,fx,4.166666666666666,Very Bullish,0.022523285351397027,0.02103193029417394,0.01193630329682338
2026-03-30,EURCHF,fx,4.583333333333334,Very Bullish,0.001288406525014718,0.0089751708776451,0.0006878780599655077
2026-03-30,EURAUD,fx,2.9166666666666665,Bullish,-0.018178121673822267,-0.024994917301505604,-0.028235885047299014
2026-03-30,EURNZD,fx,3.0555555555555554,Very Bullish,-0.001208085184981722,-0.006554610941657435,-0.013813106226630678
2026-03-30,EURCAD,fx,3.611111111111111,Very Bullish,0.007701900721309052,0.004035821045177412,0.009763678863953906
2026-03-30,GBPJPY,fx,1.6666666666666665,Bullish,0.020674031364875667,0.024654007997948257,0.016166874056061653
2026-03-30,GBPCHF,fx,2.0833333333333335,Bullish,-0.0005408431459991148,0.012173715023104492,0.0046683303128352005
2026-03-30,AUDCHF,fx,1.666666666666667,Bullish,0.019661177845120115,0.03457592464127934,0.02948263901566328
2026-03-30,NZDCHF,fx,1.527777777777778,Bullish,0.002385172542068714,0.015339504146699046,0.01433291756931232
2026-03-30,DAX,cross-asset,-5.0,Very Bearish,0.07859382795239123,0.0822553631245102,0.08403713206471397
2026-03-31,EURUSD,fx,2.2916666666666665,Bullish,0.01643771585863041,0.010525677980039339,0.016186692288382654
2026-03-31,USDJPY,fx,1.3194444444444444,Bullish,0.004146083274523482,0.01090079645125508,-0.0069437443290654155
2026-03-31,USDCHF,fx,2.291666666666667,Bullish,-0.02337132633528094,-0.00978392783414872,-0.023508951918625898
2026-03-31,USDCAD,fx,1.3194444444444444,Bullish,-0.018112947163383186,-0.016423842963623203,-0.015640386122032335
2026-03-31,EURGBP,fx,2.5,Bullish,-0.0047740620742555695,-0.00818574192588184,-0.007384340618452834
2026-03-31,EURJPY,fx,3.611111111111111,Very Bullish,0.020636885706339037,0.021078637223837182,0.009096809027001385
2026-03-31,EURCHF,fx,4.583333333333334,Very Bullish,-0.007247946956728923,0.0010617321401487079,-0.007399622976750231
2026-03-31,EURAUD,fx,2.9166666666666665,Bullish,-0.01964637715787576,-0.02007048563407199,-0.031509467773729094
2026-03-31,EURNZD,fx,3.0555555555555554,Very Bullish,-0.00919133189760224,-0.0040286682018711995,-0.01914363445555789
2026-03-31,EURCAD,fx,3.611111111111111,Very Bullish,-0.001841918582220381,-0.006148025537952129,0.0003049121977325431
2026-03-31,GBPCHF,fx,2.0833333333333335,Bullish,-0.0024028455746016864,0.008930260718204686,-0.00029326068036483743
2026-03-31,AUDCHF,fx,1.666666666666667,Bullish,0.01274728462891428,0.02117898783296135,0.024515403724455487
2026-03-31,NZDCHF,fx,1.527777777777778,Bullish,0.0022668323197978513,0.004947797467250936,0.011682905032803781
2026-03-31,DAX,cross-asset,-5.0,Very Bearish,0.04641363041995561,0.039050180067856655,0.03911099912681215
2026-04-01,USDJPY,fx,1.3194444444444444,Bullish,0.004099547853247509,-0.013791105681431715,-0.0058439023161500625
2026-04-01,USDCHF,fx,2.291666666666667,Bullish,-0.0119612706646689,-0.01621696485904589,-0.015864422144718726
2026-04-01,USDCAD,fx,1.8749999999999998,Bullish,-0.014397150849266072,-0.020856763849237292,-0.011902702079187977
2026-04-01,EURJPY,fx,1.9444444444444444,Bullish,0.014544822075952535,-0.0013044683476191032,0.005228743960039806
2026-04-01,EURCHF,fx,2.916666666666667,Bullish,-0.002064813406072785,-0.003901410593579513,-0.004890347540698503
2026-04-01,EURNZD,fx,1.3888888888888888,Bullish,-0.01589657791656518,-0.01452635446092121,-0.020354768725145966
2026-04-01,EURCAD,fx,2.5,Bullish,-0.004442342869230842,-0.00890335104463491,-0.0011696925201896136
2026-04-01,GBPCHF,fx,2.0833333333333335,Bullish,0.002630508217972727,0.005724667165012409,0.0003595658715214167
2026-04-01,GBPCAD,fx,1.6666666666666665,Bullish,0.000265532283848513,0.000894139323163623,0.004324382908391211
2026-04-01,AUDCHF,fx,1.666666666666667,Bullish,0.021117290008359824,0.022425762366881097,0.031039872060480533
2026-04-01,NZDCHF,fx,1.527777777777778,Bullish,0.013908662797064819,0.010557441682181645,0.015704742087394585
2026-04-02,USDJPY,fx,1.3194444444444444,Bullish,0.0009713787938609997,-0.015874209579675114,-0.0074702162727883215
2026-04-02,USDCAD,fx,1.8749999999999998,Bullish,-0.015806300966339726,-0.023637604626935316,-0.01434781046808209
2026-04-02,EURCAD,fx,1.6666666666666665,Bullish,-0.003624226271281561,-0.008979612170425866,-0.0032194587323927104
2026-04-02,GBPCAD,fx,1.4583333333333333,Bullish,0.0021134068226640323,0.0012550050797823786,-0.001743968097879467
2026-04-03,USDJPY,fx,1.4583333333333333,Bullish,-0.001979057066987311,-0.015231224009218836,-0.005642817776441822
2026-04-03,USDCHF,fx,2.2916666666666665,Bullish,-0.019330975795668892,-0.020530570932310366,-0.016781836130306038
2026-04-03,USDCAD,fx,2.013888888888889,Bullish,-0.019961281996128233,-0.023144762314476264,-0.014232451423245251
2026-04-03,EURCHF,fx,1.9444444444444444,Bullish,0.0004567004480013903,-0.004099430211822019,-0.005328171893349554
2026-04-03,EURCAD,fx,1.6666666666666665,Bullish,-0.0025835771649131978,-0.00850401543920809,-0.0049243603311959205
2026-04-03,GBPCHF,fx,1.7361111111111112,Bullish,0.008229710488846687,0.006786900806834417,-0.004793545325106785
2026-04-03,GBPCAD,fx,1.4583333333333333,Bullish,0.004513115733449258,0.0008580893933634037,-0.004963884212241365
2026-04-03,AUDCHF,fx,1.5277777777777777,Bullish,0.01735110144139229,0.018493336959477746,0.019544918865016747
2026-04-03,NZDCHF,fx,1.3888888888888888,Bullish,0.015028646981048999,0.013640370207139707,0.010533274570295292
2026-04-06,USDJPY,fx,1.4583333333333333,Bullish,-0.001640832941913306,-0.011147643651166383,-0.005198058556442842
2026-04-06,USDCHF,fx,2.2916666666666665,Bullish,-0.01570096737005655,-0.018846173124154153,-0.017179589995488964
2026-04-06,USDCAD,fx,2.013888888888889,Bullish,-0.020404788438724397,-0.020836179314807524,-0.012215551641082678
2026-04-06,EURCHF,fx,1.9444444444444444,Bullish,-0.0009773048105115034,-0.005842110978390713,-0.007286350309479994
2026-04-06,EURCAD,fx,1.6666666666666665,Bullish,-0.005214693348618127,-0.007955989732599145,-0.002367483240710788
2026-04-06,GBPCHF,fx,1.7361111111111112,Bullish,0.006361829025844923,0.0036258638644324215,-0.0024708889520023147
2026-04-06,GBPCAD,fx,1.4583333333333333,Bullish,0.001787664571096359,0.0017659300474355266,0.0026842136721021426
2026-04-06,AUDCHF,fx,1.5277777777777777,Bullish,0.022389681907108328,0.01873052677342235,0.01845880733280203
2026-04-06,NZDCHF,fx,1.3888888888888888,Bullish,0.017980636237897585,0.011086961294430209,0.010889371885222543
2026-04-07,USDJPY,fx,1.4583333333333333,Bullish,0.0002757462382572129,-0.020204678912306595,-0.0031961495798004114
2026-04-07,USDCHF,fx,2.2916666666666665,Bullish,-0.010520112348279653,-0.02373608185374665,-0.010958972815728774
2026-04-07,USDCAD,fx,2.013888888888889,Bullish,-0.014693595321098263,-0.01808608718199889,-0.010155867354288528
2026-04-07,EURCHF,fx,1.9444444444444444,Bullish,-0.000875779822465339,-0.011136459470855953,-0.010174182875801518
2026-04-07,EURCAD,fx,1.6666666666666665,Bullish,-0.004875776397515574,-0.0053229813664597,-0.009428571428571564
2026-04-07,GBPCHF,fx,1.7361111111111112,Bullish,0.00608324137735905,-0.0017070801384525547,-0.003499042714728895
2026-04-07,GBPCAD,fx,1.4583333333333333,Bullish,0.0020375317686966987,0.004118415277153176,-0.0026227802554501523
2026-04-07,AUDCHF,fx,1.5277777777777777,Bullish,0.018492892187696564,0.012688029042287496,0.007458260697661867
2026-04-07,NZDCHF,fx,1.3888888888888888,Bullish,0.015539505362223816,0.013898008316918453,0.006741081199387322
2026-04-08,USDJPY,fx,1.4583333333333333,Bullish,0.011978427476582398,-0.010199640457942971,0.0024158703125494174
2026-04-08,USDCHF,fx,2.2916666666666665,Bullish,0.0003159757330637447,-0.013549039433771615,-0.005270475227502569
2026-04-08,USDCAD,fx,2.013888888888889,Bullish,-0.011485783633841895,-0.013038892741562558,-0.00713707813222364
2026-04-08,EURCHF,fx,1.9444444444444444,Bullish,0.0017020261700075867,-0.00819574385048194,-0.00828247129863513
2026-04-08,EURCAD,fx,1.6666666666666665,Bullish,-0.010666765777150089,-0.0079783939146163,-0.010437572784261273
2026-04-08,GBPCHF,fx,1.527777777777778,Bullish,0.006340819022456978,-0.0019815059445178473,-0.002283449707492058
2026-04-08,AUDCHF,fx,1.5277777777777777,Bullish,0.010551059591954015,0.009366756984693803,0.010102460119506995
2026-04-08,NZDCHF,fx,1.3888888888888888,Bullish,0.001846982899111227,0.006323200278133934,0.0028899850068446753
2026-04-09,USDJPY,fx,1.4583333333333333,Bullish,-0.014789977289741407,-0.014362194024874486,9.436395548534371e-05
2026-04-09,USDCAD,fx,2.013888888888889,Bullish,-0.016837868554592794,-0.00995359813523855,-0.00276529053648078
2026-04-09,EURCAD,fx,1.5277777777777777,Bullish,-0.014208712118867872,-0.002500139240428023,-0.00972826456919007
2026-04-09,CADCHF,fx,-1.3888888888888888,Bearish,0.005611005261410007,-0.007656138020241454,-0.001940254155814558
2026-04-10,USDCAD,fx,1.736111111111111,Bullish,-0.018241583586186993,-0.011978037855801205,-0.0015387949718249638
2026-04-10,EURCAD,fx,1.5277777777777777,Bullish,-0.01945151292968006,-0.007221150824702316,-0.01191613113905654
2026-04-10,CADCHF,fx,-1.3888888888888888,Bearish,0.008769775844529315,-0.002508155891535302,-0.003806082716525827
2026-04-15,US-DOLLAR,single,-1.9444444444444444,Bearish,,,
2026-04-15,GOLD,cross-asset,2.0,Bullish,-0.02153963564027772,-0.029521603232822158,-0.07190860355185058
2026-04-15,SILVER,cross-asset,2.0,Bullish,-0.020268815161073706,0.057791459228011766,-0.05463712486856931
2026-04-16,US-DOLLAR,single,-1.9444444444444444,Bearish,,,
2026-04-16,GOLD,cross-asset,2.0,Bullish,-0.018897838190780836,-0.0516952564527805,-0.06168760052319
2026-04-16,SILVER,cross-asset,2.0,Bullish,0.0013262599469496816,-0.032161803713527726,-0.035528463578861524
2026-04-17,US-DOLLAR,single,-1.6666666666666665,Bearish,,,
2026-04-17,GOLD,cross-asset,2.0,Bullish,-0.026868186649747328,-0.06097716729427072,-0.06362010860160994
2026-04-17,SILVER,cross-asset,2.0,Bullish,-0.006947019703824497,-0.04005043387970031,-0.06966797695863924
2026-04-20,US-DOLLAR,single,-2.2222222222222223,Bearish,,,
2026-04-20,GOLD,cross-asset,2.0,Bullish,-0.016768792970940805,-0.06871819371455867,-0.06919178281370097
2026-04-20,SILVER,cross-asset,2.0,Bullish,0.07984895813731785,-0.07574674143489768,-0.06126980542696925
2026-04-21,US-DOLLAR,single,-1.6666666666666665,Bearish,,,
2026-04-21,GOLD,cross-asset,2.0,Bullish,0.007753081037647602,-0.028569718961497514,-0.04088959552766047
2026-04-21,SILVER,cross-asset,2.0,Bullish,0.1286931114096761,-0.010891825261208021,-0.020218358269308512
2026-04-22,GBPJPY,fx,1.3888888888888888,Bullish,-0.00828223708658482,-0.008268301746562567,-0.002373652917131208
2026-04-22,GOLD,cross-asset,2.0,Bullish,-0.010951199547690749,-0.04156223893066002,-0.06248365020294855
2026-04-22,SILVER,cross-asset,2.0,Bullish,0.12571112312405064,-0.013475944088346514,-0.064187710762736
2026-04-23,GBPJPY,fx,1.9444444444444444,Bullish,-0.013268987577177649,-0.005909209253886716,-0.0012878449750799437
2026-04-23,GBPCHF,fx,1.5277777777777777,Bullish,-0.007943629511386496,-0.004042655684748486,0.0010106639211870938
2026-04-23,GBPCAD,fx,1.6666666666666665,Bullish,-0.003849239910654223,0.006229262897664345,0.012176609632858604
2026-04-23,GOLD,cross-asset,2.0,Bullish,-0.008922240227591804,-0.04001379859586507,-0.04585477829617157
2026-04-23,SILVER,cross-asset,2.0,Bullish,0.10713196589809204,0.0003712493867753519,-0.02051152861935024
2026-04-24,GBPCHF,fx,1.5277777777777777,Bullish,-0.012916953030117528,-0.004792076597908146,0.0003389287967086041
2026-04-24,GOLD,cross-asset,2.0,Bullish,-0.03616915264658804,-0.031180230893998573,-0.08437066013633121
2026-04-24,SILVER,cross-asset,2.0,Bullish,0.0029734765888278503,0.03146599003554962,-0.10423026602703878
2026-04-27,GBPCHF,fx,1.5277777777777777,Bullish,-0.008776880961788192,-0.006124061635717104,0.001063009162574513
2026-04-27,GOLD,cross-asset,2.0,Bullish,-0.026155450066867925,-0.0367154753613651,-0.07566985553936667
2026-04-27,SILVER,cross-asset,2.0,Bullish,0.028828064969131706,0.019223126043295125,-0.09695026628865155
2026-04-28,GBPJPY,fx,1.3888888888888888,Bullish,-0.012533314792926853,-0.007295649957125394,-0.005562121949523768
2026-04-28,GBPCHF,fx,1.5277777777777777,Bullish,-0.009524345201267326,-0.009336858091006262,0.001096799595027731
2026-04-28,GOLD,cross-asset,2.0,Bullish,-0.024414285621030207,-0.03149051172081552,-0.07331901550807607
2026-04-28,SILVER,cross-asset,2.0,Bullish,0.00800383089341894,0.021015186756054183,-0.10643042823915716
2026-04-29,GBPJPY,fx,1.8055555555555554,Bullish,-0.012460742186596652,-0.009935291097553756,-0.007326583379201557
2026-04-29,GBPCHF,fx,1.5277777777777777,Bullish,-0.008569928365150137,-0.011917263623748231,0.0026253609871358385
2026-04-29,GOLD,cross-asset,2.0,Bullish,-0.00023532982464646857,-0.010743796199973232,-0.10206936291597857
2026-04-29,SILVER,cross-asset,2.0,Bullish,0.06367041198501866,0.06089298489247974,-0.11076042587215418
2026-04-30,GBPJPY,fx,1.8055555555555554,Bullish,0.002253309548399196,0.006191906863205254,0.00733264482208229
2026-04-30,GBPCHF,fx,1.5277777777777777,Bullish,-0.006040192684028334,-0.011205404184856271,0.003198855938581824
2026-04-30,GOLD,cross-asset,2.0,Bullish,-0.015986848375107332,-0.015447527789088755,-0.08838143177702884
2026-04-30,SILVER,cross-asset,2.0,Bullish,0.03970428648941948,0.02091698317959856,-0.08688279978296254
2026-05-01,GBPJPY,fx,1.8055555555555554,Bullish,0.0031386642145363464,0.007863081051663778,0.0077411000806950625
2026-05-01,GBPCHF,fx,1.5277777777777777,Bullish,-0.005920562642004024,-0.002187214224434686,0.007410130950024074
2026-05-01,DJIA,cross-asset,3.333333333333333,Bullish,0.021848416883877952,0.031454203794629265,0.034444646501384124
2026-05-01,SP500,cross-asset,3.333333333333333,Bullish,0.03306927681694383,0.050322812547523244,0.027055424218544788
2026-05-01,NASDAQ,cross-asset,3.333333333333333,Bullish,0.06362993381880644,0.09953521604515037,0.06913300471279382
2026-05-04,GBPJPY,fx,2.2222222222222223,Bullish,0.00884614661477423,0.012141124710925544,0.01080621204429666
2026-05-04,GBPCHF,fx,1.9444444444444444,Bullish,-0.0033658605572055578,-0.0007448262857682186,0.004912082213736735
2026-05-04,GBPAUD,fx,2.083333333333333,Bullish,-0.0028396448324820023,-0.006627603890737133,0.004699188370171026
2026-05-04,GBPNZD,fx,1.3888888888888888,Bullish,-0.0018449463663238186,-0.013643921010249138,-0.00011286730711623782
2026-05-04,GBPCAD,fx,1.5277777777777777,Bullish,0.011302960583434496,0.01104792498697682,0.018069543323493642
2026-05-04,DJIA,cross-asset,3.333333333333333,Bullish,0.04298059244126673,0.04928498467824305,0.05614096016343195
2026-05-04,SP500,cross-asset,3.333333333333333,Bullish,0.048210342097587455,0.05791907996166512,0.049154825895523446
2026-05-04,NASDAQ,cross-asset,3.333333333333333,Bullish,0.08190620984235575,0.11096993719570691,0.1042913250438906
2026-05-05,GBPJPY,fx,2.2222222222222223,Bullish,0.0020116112070134307,0.004724947253682998,0.007751720395398509
2026-05-05,GBPCHF,fx,2.2222222222222223,Bullish,-0.0034146755586578204,0.0024808278230028513,0.004471149764651461
2026-05-05,GBPAUD,fx,2.083333333333333,Bullish,-0.004552883492878856,-0.0013265977543353014,0.007991424872116015
2026-05-05,GBPNZD,fx,1.3888888888888888,Bullish,0.0016784871004351665,-0.004470167718257589,0.0009523022668274095
2026-05-05,GBPCAD,fx,1.5277777777777777,Bullish,0.007262806187759097,0.011103035299733222,0.019038423987329578
2026-05-05,DJIA,cross-asset,3.333333333333333,Bullish,0.023678400688294854,0.02877364999228904,0.05520157788365543
2026-05-05,SP500,cross-asset,3.333333333333333,Bullish,0.03394866433739585,0.03660348290186799,0.03293075462873807
2026-05-05,NASDAQ,cross-asset,3.333333333333333,Bullish,0.06704379990814946,0.08374778828798357,0.06699395851059675
2026-05-06,GBPUSD,fx,1.3194444444444444,Bullish,-0.012139493819893987,-0.012382283696291907,-0.022027663331371294
2026-05-06,GBPJPY,fx,2.2222222222222223,Bullish,0.00777342261162528,0.01078491805438575,0.0045360650106578415
2026-05-06,GBPCHF,fx,1.3888888888888888,Bullish,-0.0016060766381982283,0.0012281762527397433,0.004308064394225486
2026-05-06,GBPAUD,fx,2.083333333333333,Bullish,0.001123661325281189,0.0019490997395874565,0.009095798784741538
2026-05-06,GBPCAD,fx,1.5277777777777777,Bullish,0.002682180499414377,0.007560834767967206,0.011392521195701999
2026-05-06,NZDJPY,fx,1.9444444444444442,Bullish,0.010873652881195683,0.008327155121468977,-0.004695441016879909
2026-05-06,AUDNZD,fx,-1.8055555555555554,Bearish,-0.00454227525200579,0.0003373791400946846,0.00029623534252221084
2026-05-06,DJIA,cross-asset,3.333333333333333,Bullish,0.016362007922529953,0.0334132799554383,0.03369579809370382
2026-05-06,SP500,cross-asset,3.333333333333333,Bullish,0.023895560506439262,0.029234363962397314,0.010555344237352493
2026-05-06,NASDAQ,cross-asset,3.333333333333333,Bullish,0.05107758168425924,0.061629558125056993,0.0424177561398722
2026-05-07,GBPUSD,fx,1.736111111111111,Bullish,-0.007830431670073912,-0.015424695749721384,-0.02549133929164482
2026-05-07,EURGBP,fx,-1.4583333333333333,Bearish,0.0016067506646630925,-0.001641428736562256,0.002959195468732023
2026-05-07,GBPJPY,fx,2.6388888888888884,Bullish,0.006706643151087599,0.00592592592592589,0.0020928865373308625
2026-05-07,GBPCHF,fx,1.8055555555555554,Bullish,-0.003677791434244293,0.004566512243547205,0.004292332419400635
2026-05-07,GBPAUD,fx,2.5,Bullish,-0.0014526530872869259,0.007454824085307399,0.0014792584551859278
2026-05-07,GBPCAD,fx,1.9444444444444442,Bullish,0.0007455832297800224,0.004754443784104945,0.008471554378950641
2026-05-07,NZDJPY,fx,1.9444444444444442,Bullish,0.013922882047318508,-0.003896689424191635,-0.003585383657520702
2026-05-07,AUDNZD,fx,-1.8055555555555554,Bearish,-0.00550555500609895,0.0006840734513566815,0.004294003230804755
2026-05-07,DJIA,cross-asset,3.333333333333333,Bullish,0.023239851742989037,0.02683726451279478,0.04231502192362657
2026-05-07,SP500,cross-asset,3.333333333333333,Bullish,0.033106798766341816,0.00837904964655145,0.02427740931793987
2026-05-07,NASDAQ,cross-asset,3.333333333333333,Bullish,0.05990205048922159,0.015260351482389023,0.06608261553940586
2026-05-08,GBPUSD,fx,2.2916666666666665,Bullish,-0.013202288396655382,-0.02168109138917418,-0.029250403403256464
2026-05-08,NZDUSD,fx,1.597222222222222,Bullish,0.0038902676235830214,-0.026225769669327215,-0.03791334093500576
2026-05-08,EURJPY,fx,1.3888888888888888,Bullish,0.005707385486779293,0.0002382589766778409,0.0018519220459947139
2026-05-08,GBPJPY,fx,2.6388888888888884,Bullish,0.0033939723051858994,0.0001263962099862237,-0.0003464192421845924
2026-05-08,GBPCHF,fx,1.8055555555555554,Bullish,-0.0070950797369814245,0.005356737963872593,0.009230216914821066
2026-05-08,GBPAUD,fx,2.5,Bullish,-0.004793588707963092,0.006180647081331481,0.0030929807406148146
2026-05-08,GBPCAD,fx,1.9444444444444442,Bullish,-0.00471920717319485,-0.002000300313183767,0.0047781972628597735
2026-05-08,NZDJPY,fx,1.9444444444444442,Bullish,0.02049759986284938,-0.0033966226641523045,-0.008582633293331088
2026-05-08,AUDNZD,fx,-1.8055555555555554,Bearish,-0.013317630005435732,-0.0016307302047473549,0.005196923026239864
2026-05-08,GOLD,cross-asset,2.0,Bullish,-0.037766643169679925,-0.08411286174246035,-0.12097561182131278
2026-05-08,SILVER,cross-asset,2.0,Bullish,-0.06315972913762191,-0.15151364270065726,-0.19322595100577566
2026-05-11,US-DOLLAR,single,-1.5277777777777777,Bearish,,,
2026-05-11,GBPUSD,fx,2.4305555555555554,Bullish,-0.01137449116052136,-0.016944170940673464,-0.026533131512043173
2026-05-11,NZDUSD,fx,1.736111111111111,Bullish,-0.005082783956519732,-0.024692600607250204,-0.04195393622196519
2026-05-11,EURJPY,fx,1.3888888888888888,Bullish,0.002575037788814516,-0.0007125890736342511,-0.0031904556251349803
2026-05-11,GBPJPY,fx,2.6388888888888884,Bullish,0.004047523345703352,0.002743529103842679,0.0004393385617738055
2026-05-11,GBPCHF,fx,1.8055555555555554,Bullish,-0.0004155530160648846,0.008575503149703012,0.01173937270383374
2026-05-11,GBPAUD,fx,2.5,Bullish,0.001124266030115395,0.014269120514924571,0.008162917337141362
2026-05-11,GBPCAD,fx,2.3611111111111107,Bullish,0.0004298533125570714,0.0025522540433078333,0.007742732792434648
2026-05-11,NZDJPY,fx,1.9444444444444442,Bullish,0.01041411026579464,-0.005153704158174843,-0.015301059550357987
2026-05-11,AUDNZD,fx,-1.8055555555555554,Bearish,-0.007011941698832236,-0.00602434427646148,0.008345198219032568
2026-05-11,NZDCAD,fx,1.6666666666666665,Bullish,0.006734130634774571,-0.005298988040478347,-0.007997546764796137
2026-05-11,GOLD,cross-asset,2.0,Bullish,-0.05331705245723628,-0.10031540676487294,-0.11470834908958771
2026-05-11,SILVER,cross-asset,2.0,Bullish,-0.1306837984153908,-0.24125792885522424,-0.24392992402239833
2026-05-12,US-DOLLAR,single,-1.5277777777777777,Bearish,,,
2026-05-12,GBPUSD,fx,2.4305555555555554,Bullish,-0.005561464149605677,-0.012718248692723533,-0.024860409465567668
2026-05-12,NZDUSD,fx,1.736111111111111,Bullish,-0.004588158182215474,-0.026218046755516755,-0.047444580763348676
2026-05-12,EURJPY,fx,1.3888888888888888,Bullish,0.005312680714915086,0.0009241794529506464,-0.006263882958887468
2026-05-12,GBPJPY,fx,2.6388888888888884,Bullish,0.009091292509993298,0.005735949501150639,-0.000393643593216253
2026-05-12,GBPCHF,fx,1.8055555555555554,Bullish,0.002924004277184311,0.011875810251994245,0.01148783557443922
2026-05-12,GBPAUD,fx,2.5,Bullish,0.002743432874133589,0.02155172413793105,0.02073885513818774
2026-05-12,GBPCAD,fx,2.3611111111111107,Bullish,0.0048862569977026205,0.005058840026318956,0.011751825604849664
2026-05-12,NZDJPY,fx,1.9444444444444442,Bullish,0.010045428370337062,-0.008179239448034559,-0.02383389852197837
2026-05-12,AUDNZD,fx,-1.8055555555555554,Bearish,-0.003839986843728327,-0.007556633638942545,0.0031328372322492193
2026-05-12,NZDCAD,fx,1.6666666666666665,Bullish,0.00582972299610951,-0.00868935553946415,-0.011941727316240991
2026-05-12,GOLD,cross-asset,2.0,Bullish,-0.048268447381200286,-0.1342300523144978,-0.12807403339051804
2026-05-12,SILVER,cross-asset,2.0,Bullish,-0.13193264685827866,-0.2673785667232951,-0.2888742502513608
2026-05-13,GBPUSD,fx,1.8055555555555554,Bullish,-0.007875354945575008,-0.007964091339327961,-0.026317735447231483
2026-05-13,EURJPY,fx,1.3888888888888888,Bullish,0.0038335721430695635,0.0014112303657844993,-0.006358647165373377
2026-05-13,GBPJPY,fx,2.6388888888888884,Bullish,0.00595792915122928,0.0050820386234935455,-0.002206119992318456
2026-05-13,GBPAUD,fx,2.5,Bullish,0.01026356755596125,0.021042460679585595,0.02420419775618665
2026-05-13,GBPCAD,fx,2.3611111111111107,Bullish,0.005816557224023855,0.010570162895976454,0.01111512790490643
2026-05-13,NZDJPY,fx,1.9444444444444442,Bullish,0.000864774838255089,-0.0038007387952938565,-0.02453398244827365
2026-05-13,CHFJPY,fx,1.6666666666666665,Bullish,0.0006341436830865632,-0.003725594138134336,-0.013381422562634193
2026-05-13,AUDNZD,fx,-1.8055555555555554,Bearish,-0.00542331288343556,-0.012417177914110455,-0.0013333333333332975
2026-05-13,AUDCHF,fx,-1.5277777777777777,Bearish,-0.004970564388197429,-0.01246166320019726,-0.012479289315049158
2026-05-13,NZDCAD,fx,1.6666666666666665,Bullish,0.0009100971590210172,0.0018078957077849456,-0.011179436723650293
2026-05-13,CADCHF,fx,-1.3888888888888886,Bearish,-0.0007714967036049902,-0.002139149950904806,0.000543554495721521
2026-05-14,US-DOLLAR,single,1.3888888888888888,Bullish,,,
2026-05-14,USDJPY,fx,1.6666666666666665,Bullish,0.010386740331491673,0.011655880031570698,0.021588003157064106
2026-05-14,USDCAD,fx,1.3888888888888888,Bullish,0.01395894684666299,0.019804939207510808,0.03514884683791575
2026-05-14,AUDUSD,fx,-1.5277777777777777,Bearish,-0.01205036220341571,-0.023976065487485654,-0.04295192321010566
2026-05-14,EURJPY,fx,1.3888888888888888,Bullish,0.005324329588987542,0.0028082592039475607,-0.004664199294418192
2026-05-14,GBPJPY,fx,2.6388888888888884,Bullish,0.01214225807363567,0.012081004928522265,0.005451529915093678
2026-05-14,GBPAUD,fx,2.5,Bullish,0.01412208597224085,0.025581458024524828,0.028831693841800288
2026-05-14,GBPCAD,fx,2.3611111111111107,Bullish,0.016087775250078984,0.02098050527369888,0.019304241817330814
2026-05-14,NZDJPY,fx,1.9444444444444442,Bullish,0.0027353934265077484,-0.0018485275890069985,-0.02408428430995413
2026-05-14,CHFJPY,fx,1.6666666666666665,Bullish,0.002940463048676234,-0.005177987119385774,-0.011722249998762369
2026-05-14,AUDNZD,fx,-1.8055555555555554,Bearish,-0.004365310117199983,-0.011285923717639035,0.0018591470855617853
2026-05-14,AUDCHF,fx,-1.5277777777777777,Bearish,-0.004824855961259811,-0.007422855325014965,-0.010851507546569605
2026-05-14,NZDCAD,fx,1.6666666666666665,Bullish,0.006279996545385025,0.006391037741668937,-0.010869699325116278
2026-05-14,CADCHF,fx,-1.3888888888888886,Bearish,-0.0064074508499500915,-0.002573484357766831,-0.001348015615973197
2026-05-14,GOLD,cross-asset,-2.0,Bearish,-0.037265025578881894,-0.09528966123289995,-0.134806401918255
2026-05-14,SILVER,cross-asset,-2.0,Bearish,-0.11529203243074948,-0.1854947844935989,-0.3073615884839703
2026-05-15,USDJPY,fx,1.4583333333333333,Bullish,0.009762488111808798,0.009913649218056264,0.018806960968942743
2026-05-15,AUDUSD,fx,-1.3194444444444444,Bearish,-0.01407563907039211,-0.010703642036630101,-0.03535699794322156
2026-05-15,EURJPY,fx,1.3888888888888888,Bullish,0.0008289268377255077,0.006766860263522911,-0.00237300624133141
2026-05-15,GBPJPY,fx,2.6388888888888884,Bullish,0.011061476281642113,0.01655439740953457,0.009094991609350345
2026-05-15,GBPAUD,fx,2.5,Bullish,0.015478929669021202,0.01714160056209013,0.026795818650876768
2026-05-15,GBPCAD,fx,2.3611111111111107,Bullish,0.015031438302331557,0.024026285913893997,0.022498035106104375
2026-05-15,NZDJPY,fx,1.9444444444444442,Bullish,0.002322366004882337,0.00796085463068974,-0.015392425846313396
2026-05-15,CHFJPY,fx,1.6666666666666665,Bullish,-0.0021607584460380247,-0.000525322007522977,-0.010258646750685108
2026-05-15,AUDNZD,fx,-1.8055555555555554,Bearish,-0.006968356138614573,-0.006951998495096756,-0.000539802236089737
2026-05-15,AUDCHF,fx,-1.5277777777777777,Bearish,-0.002347376095886755,-0.000853591307595214,-0.007006561983177062
2026-05-15,NZDCAD,fx,1.6666666666666665,Bullish,0.006491079437854985,0.014377554071563825,-0.003077344762284384
2026-05-15,CADCHF,fx,-1.3888888888888886,Bearish,-0.0017475185236963675,-0.0075318048371311175,-0.0028834055640988288
2026-05-15,GOLD,cross-asset,-2.0,Bearish,-0.050010339077754096,-0.04950218440515097,-0.10430809571786193
2026-05-15,SILVER,cross-asset,-2.0,Bearish,-0.10688591983556028,-0.07822752786781584,-0.22327193190502548
2026-05-18,USDJPY,fx,1.4583333333333333,Bullish,0.008328874059617908,0.010091598728320106,0.019352198684251976
2026-05-18,AUDUSD,fx,-1.3194444444444444,Bearish,-0.01731281650646599,-0.014159958705933229,-0.03925726482610448
2026-05-18,EURJPY,fx,1.3888888888888888,Bullish,-0.0023063129239943025,0.005957524953549731,-0.0009560126172060146
2026-05-18,GBPJPY,fx,2.6388888888888884,Bullish,0.0012513239663689557,0.009570050709083677,0.006064468960604419
2026-05-18,GBPAUD,fx,2.5,Bullish,0.010552216659372116,0.013898822549825551,0.02735997096405729
2026-05-18,GBPCAD,fx,2.3611111111111107,Bullish,0.008486287005576187,0.018105162762215965,0.02073341895487535
2026-05-18,NZDJPY,fx,1.9444444444444442,Bullish,-0.002926546889070014,0.002433429098237516,-0.019553192401698172
2026-05-18,CHFJPY,fx,1.6666666666666665,Bullish,-0.008790687797241348,-0.0011753840987323017,-0.010104352378177306
2026-05-18,AUDNZD,fx,-1.8055555555555554,Bearish,-0.0063527193737449306,-0.007106848641337926,-0.0011475880159023122
2026-05-18,AUDCHF,fx,-1.5277777777777777,Bearish,-0.0004624441954360625,-0.003165964107215924,-0.010849652277537647
2026-05-18,NZDCAD,fx,1.6666666666666665,Bullish,0.004226626507517484,0.01124208282204786,-0.005255394836326754
2026-05-18,CADCHF,fx,-1.3888888888888886,Bearish,0.0014364795739609804,-0.00732254221848494,-0.0046948356807512415
2026-05-18,GOLD,cross-asset,-2.0,Bearish,-0.05084425997547415,-0.04921870029812914,-0.11900807953615611
2026-05-18,SILVER,cross-asset,-2.0,Bearish,-0.12225398542326615,-0.09831569187978062,-0.24943985165726645
2026-05-19,AUDUSD,fx,-1.3194444444444444,Bearish,-0.011299037541509516,-0.01324083975910395,-0.026383182304271835
2026-05-19,GBPJPY,fx,1.5277777777777777,Bullish,0.007059673959472601,0.0020747180120259667,0.011809933299224085
2026-05-19,GBPAUD,fx,2.5,Bullish,0.01023738636182725,0.005625520758702374,0.01669612104422402
2026-05-19,GBPCAD,fx,2.3611111111111107,Bullish,0.013756906977881345,0.01822844506745347,0.022808647509141355
2026-05-19,AUDNZD,fx,-1.8055555555555554,Bearish,-0.008089684625492755,-0.0016343626806832878,0.0005174113009198678
2026-05-19,AUDCHF,fx,-1.5277777777777777,Bearish,0.0004281280102751417,0.00037461200899069347,-0.0026222840629347433
2026-05-19,NZDCAD,fx,1.6666666666666665,Bullish,0.011613981687083719,0.014358424191013297,0.004865148075147818
2026-05-19,CADCHF,fx,-1.3888888888888886,Bearish,-0.003101585642097948,-0.011709357030841527,-0.007997909043387375
2026-05-19,GOLD,cross-asset,-2.0,Bearish,-0.050128583440950836,-0.055227312773365345,-0.10422953649740052
2026-05-19,SILVER,cross-asset,-2.0,Bearish,-0.11352561927383764,-0.0780861893450967,-0.2050356294536816
2026-05-20,USDCAD,fx,1.4583333333333333,Bullish,0.014347661593085093,0.028433398329501536,0.03425395069992132
2026-05-20,AUDUSD,fx,-1.3194444444444444,Bearish,-0.021646111250943956,-0.019324887434628124,-0.03616075174091782
2026-05-20,EURCAD,fx,1.3888888888888888,Bullish,0.006591508034378357,0.013708834373493684,0.012331691194421346
2026-05-20,GBPAUD,fx,1.6666666666666665,Bullish,0.017010333977543146,0.0020391104580279595,0.025113535327721648
2026-05-20,GBPCAD,fx,1.8055555555555554,Bullish,0.00925549832924455,0.010891051574084543,0.02197165402091561
2026-05-20,AUDNZD,fx,-1.8055555555555554,Bearish,-0.009120986478609594,0.00037764660487482615,-0.0025614291461082406
2026-05-20,AUDCHF,fx,-1.5277777777777777,Bearish,-0.005808995949690865,0.002291622255382597,-0.00881119874937819
2026-05-20,NZDCAD,fx,1.9444444444444442,Bullish,0.001736304895139762,0.008359067852314883,-0.0005332936463642302
2026-05-20,CADCHF,fx,-1.6666666666666665,Bearish,0.0018512373600656495,-0.006374543739848804,-0.005641034597181349
2026-05-20,GOLD,cross-asset,-2.0,Bearish,-0.1018580033173917,-0.07234465675555568,-0.11152639614232218
2026-05-20,SILVER,cross-asset,-2.0,Bearish,-0.16398955530938442,-0.13352587434720686,-0.2205517750698951
2026-05-21,USDCAD,fx,1.4583333333333333,Bullish,0.013683316516525101,0.027373892086905327,0.029290282304604398
2026-05-21,AUDUSD,fx,-1.3194444444444444,Bearish,-0.013918419874664245,-0.019178043867502215,-0.0318934646374216
2026-05-21,EURCAD,fx,1.3888888888888888,Bullish,0.010198788893818866,0.01443578575044202,0.012935963854292298
2026-05-21,GBPAUD,fx,1.6666666666666665,Bullish,0.01274112567020036,0.0049676014418289505,0.02631284707987036
2026-05-21,GBPCAD,fx,1.8055555555555554,Bullish,0.012460335050571203,0.012844145804840279,0.022850254342197118
2026-05-21,AUDNZD,fx,-1.8055555555555554,Bearish,-0.00779092702169637,0.0030325443786982653,-0.0017422748191979753
2026-05-21,AUDCHF,fx,-1.5277777777777777,Bearish,-0.0036987641148750194,0.006348359562549977,-0.011291900062238791
2026-05-21,NZDCAD,fx,1.9444444444444442,Bullish,0.006997070131411487,0.003955940710338668,-0.0017430863754930304
2026-05-21,CADCHF,fx,-1.6666666666666665,Bearish,-0.0032925846789729762,-0.001401099863392763,-0.007723562996952649
2026-05-21,GOLD,cross-asset,-2.0,Bearish,-0.07357074779171091,-0.08597414546423032,-0.09283948660719199
2026-05-21,SILVER,cross-asset,-2.0,Bearish,-0.12175297141440644,-0.1543961277023237,-0.20470468511487738
2026-05-22,USDJPY,fx,1.875,Bullish,0.006413316582914774,0.01489321608040206,0.013153266331658475
2026-05-22,USDCAD,fx,1.4583333333333333,Bullish,0.012285918947665397,0.024318594571910435,0.02732133683532667
2026-05-22,AUDUSD,fx,-1.8749999999999998,Bearish,-0.011253297412583518,-0.01767974406465722,-0.02720716169950055
2026-05-22,EURJPY,fx,1.597222222222222,Bullish,0.003313140499894507,-0.0003789539787460994,-0.0016349157368760192
2026-05-22,EURAUD,fx,1.5972222222222219,Bullish,0.008316289239802543,0.0023708180550692237,0.011639119726311709
2026-05-22,GBPJPY,fx,2.2222222222222223,Bullish,0.004588035563121817,0.0010990707006457434,0.00698728351814859
2026-05-22,GBPAUD,fx,2.222222222222222,Bullish,0.009539827985971305,0.0039103744302897425,0.01991266653579027
2026-05-22,GBPCAD,fx,1.8055555555555554,Bullish,0.010754252401657283,0.010506408909434883,0.02098587830884524
2026-05-22,NZDJPY,fx,2.3611111111111107,Bullish,0.004537975976686592,-0.007613476283161114,-0.00949533835880112
2026-05-22,CHFJPY,fx,2.083333333333333,Bullish,-0.009033753297665092,-0.014896816982667205,-0.010310905101210466
2026-05-22,AUDNZD,fx,-2.3611111111111107,Bearish,-0.008696009196912602,0.006084742979142632,-0.0028165544424372246
2026-05-22,AUDCHF,fx,-2.083333333333333,Bearish,0.003824980338886119,0.01129620361764494,-0.005826839207835777
2026-05-22,NZDCAD,fx,1.9444444444444442,Bullish,0.009304972963609215,0.000692923518566424,0.0028459358798271772
2026-05-22,CADCHF,fx,-1.6666666666666665,Bearish,0.0031163617796714504,0.00538760850044917,-0.004859411588640228
2026-05-22,NIKKEI,cross-asset,3.333333333333333,Bullish,0.06481759673619125,0.155125792627967,0.10286373914831048
2026-05-22,GOLD,cross-asset,-2.0,Bearish,-0.06598835016924653,-0.07045574528306076,-0.07458597850149284
2026-05-22,SILVER,cross-asset,-2.0,Bearish,-0.09856989489588996,-0.13741732826147457,-0.17357420244138422
2026-05-25,USDJPY,fx,1.875,Bullish,0.008992171965063411,0.016700646882629844,0.019815500012585252
2026-05-25,AUDUSD,fx,-1.8749999999999998,Bearish,-0.014440634495832216,-0.03596219787572119,-0.030386663321345875
2026-05-25,EURJPY,fx,1.597222222222222,Bullish,0.004269462534115087,-0.006296106142081204,0.002215797011376308
2026-05-25,EURAUD,fx,1.5972222222222219,Bullish,0.009971896262696012,0.014002563849718985,0.013349275219406431
2026-05-25,GBPJPY,fx,2.2222222222222223,Bullish,0.0019428784419699419,-0.006164096351861326,0.011130783208312067
2026-05-25,GBPAUD,fx,2.222222222222222,Bullish,0.0075603017745191625,0.014079268940601297,0.022473700988205225
2026-05-25,NZDJPY,fx,2.3611111111111107,Bullish,0.00024653775243321796,-0.018790464348497182,-0.00984007203189996
2026-05-25,CHFJPY,fx,2.083333333333333,Bullish,-0.006512411513470706,-0.01729582210574554,-0.008522293432908001
2026-05-25,AUDNZD,fx,-2.3611111111111107,Bearish,-0.005772915608981188,-0.0010317551301157746,-0.0011627716545749012
2026-05-25,AUDCHF,fx,-2.083333333333333,Bearish,0.0006411512226396354,-0.002920800014247993,-0.0030276585513544507
2026-05-25,NZDCAD,fx,1.3888888888888888,Bullish,0.004887561403075669,-0.006368640616129073,-0.0009380168349338858
2026-05-25,NIKKEI,cross-asset,3.333333333333333,Bullish,0.06445208094692623,0.05748759068346687,0.07182894234440629
2026-05-25,GOLD,cross-asset,-2.0,Bearish,-0.054396757554071806,-0.10015341216223617,-0.08876458345643523
2026-05-25,SILVER,cross-asset,-2.0,Bearish,-0.1036899423446509,-0.21162075592568863,-0.20494554772581675
2026-05-26,USDJPY,fx,1.875,Bullish,0.007301378033085504,0.0157014157014157,0.016398279812913863
2026-05-26,AUDUSD,fx,-1.8749999999999998,Bearish,-0.013939859066489979,-0.037256680387916075,-0.031535617107374625
2026-05-26,EURJPY,fx,1.597222222222222,Bullish,0.005175726436682293,-0.008198048443504247,-0.0007339924873711601
2026-05-26,EURAUD,fx,1.5972222222222219,Bullish,0.01210283714166005,0.014259656387882291,0.015399689418028606
2026-05-26,GBPJPY,fx,2.2222222222222223,Bullish,0.0057285855015898335,-0.005429783975834379,0.01069616086727132
2026-05-26,GBPAUD,fx,2.222222222222222,Bullish,0.012601682356578658,0.01708476816955784,0.026983805452200027
2026-05-26,NZDJPY,fx,2.3611111111111107,Bullish,0.006176226906398963,-0.016882404209303092,-0.009490299880564157
2026-05-26,CHFJPY,fx,2.083333333333333,Bullish,-0.002402138742009341,-0.01770775787230683,-0.009475376844763628
2026-05-26,AUDNZD,fx,-2.3611111111111107,Bearish,-0.013302270264986538,-0.005490343024250555,-0.005734720310196395
2026-05-26,AUDCHF,fx,-2.083333333333333,Bearish,-0.004600028417163893,-0.004937482239272484,-0.00625177607274785
2026-05-26,NZDCAD,fx,1.3888888888888888,Bullish,0.012547316165063771,-0.002159478746509458,0.0023208191126280475
2026-05-26,NIKKEI,cross-asset,3.333333333333333,Bullish,0.054245931173470874,0.08447586185837741,0.03905462762221745
2026-05-26,GOLD,cross-asset,-2.0,Bearish,-0.03879574184963408,-0.11553115990241736,-0.0779086271900643
2026-05-26,SILVER,cross-asset,-2.0,Bearish,-0.08981841342466834,-0.2537272691822756,-0.20356673989055418
2026-05-27,USDJPY,fx,2.291666666666667,Bullish,0.007052893567134122,0.014325210489690487,
2026-05-27,AUDUSD,fx,-1.8749999999999998,Bearish,-0.017897906309082057,-0.03233667110146343,
2026-05-27,EURJPY,fx,2.0138888888888893,Bullish,-0.003688385360776869,-0.008072387258893476,
2026-05-27,EURAUD,fx,1.5972222222222219,Bullish,0.00732886516239617,0.010633919192043262,
2026-05-27,GBPJPY,fx,2.6388888888888893,Bullish,-0.003212386364166875,-0.003641949657049781,
2026-05-27,GBPAUD,fx,2.222222222222222,Bullish,0.007963189531358106,0.015341241555401952,
2026-05-27,NZDJPY,fx,2.7777777777777777,Bullish,-0.015401622006568805,-0.029198244066283352,
2026-05-27,CADJPY,fx,1.3888888888888893,Bullish,-0.01122854514847027,-0.011428125162701197,
2026-05-27,CHFJPY,fx,2.5,Bullish,-0.008535110452918548,-0.014483524620510946,
2026-05-27,AUDNZD,fx,-2.3611111111111107,Bearish,0.004860588726410153,0.011184313855157724,
2026-05-27,AUDCHF,fx,-2.083333333333333,Bearish,-0.0021707798793615396,-0.004145833704026769,
2026-05-27,NZDCAD,fx,1.3888888888888888,Bullish,-0.0038833762097267854,-0.017885581281391727,
2026-05-27,NIKKEI,cross-asset,3.333333333333333,Bullish,0.07135413473916508,0.09101636731441176,
2026-05-27,GOLD,cross-asset,-2.0,Bearish,-0.04832451499118173,-0.0952920163111246,
2026-05-27,SILVER,cross-asset,-2.0,Bearish,-0.08983464208184821,-0.2249886098678745,
2026-05-28,USDJPY,fx,2.291666666666667,Bullish,0.01340174461323973,0.015850985662519745,
2026-05-28,AUDUSD,fx,-1.8749999999999998,Bearish,-0.020831006366580973,-0.03741762537696858,
2026-05-28,EURJPY,fx,2.0138888888888893,Bullish,-0.0032830011698050665,-0.007347669284801683,
2026-05-28,EURAUD,fx,1.5972222222222219,Bullish,0.004323227353791204,0.01536190886169364,
2026-05-28,GBPJPY,fx,2.6388888888888893,Bullish,-0.004583019934501609,-0.0027189781874412677,
2026-05-28,GBPAUD,fx,2.222222222222222,Bullish,0.0029361767887499113,0.020164234062848063,
2026-05-28,NZDJPY,fx,2.7777777777777777,Bullish,-0.0172678475008734,-0.03493801149778197,
2026-05-28,CADJPY,fx,1.3888888888888893,Bullish,-0.012005851445982318,-0.013511992867468292,
2026-05-28,CHFJPY,fx,2.5,Bullish,-0.012584719047994408,-0.016318267790999985,
2026-05-28,AUDNZD,fx,-2.3611111111111107,Bearish,0.009853808923954155,0.012737850560233355,
2026-05-28,AUDCHF,fx,-2.083333333333333,Bearish,0.0049516413444241625,-0.005414744491744172,
2026-05-28,NZDCAD,fx,1.3888888888888888,Bullish,-0.005358256976132458,-0.021114957855718486,
2026-05-28,NIKKEI,cross-asset,3.333333333333333,Bullish,0.09332096757027952,0.057774466726468354,
2026-05-28,GOLD,cross-asset,-2.0,Bearish,-0.06249055127213221,-0.09476962889843399,
2026-05-28,SILVER,cross-asset,-2.0,Bearish,-0.1312574375247917,-0.22056062409096922,
2026-05-29,AUDUSD,fx,-1.458333333333333,Bearish,-0.024133275806878185,-0.04153038927781094,
2026-05-29,EURAUD,fx,1.5972222222222219,Bullish,0.007566328605404848,0.021830213557776368,
2026-05-29,GBPAUD,fx,2.222222222222222,Bullish,0.007924556513195125,0.027842747749190933,
2026-05-29,AUDNZD,fx,-2.3611111111111107,Bearish,0.01876445104798785,0.017145098955768212,
2026-05-29,AUDCHF,fx,-2.083333333333333,Bearish,0.008698132040496187,-0.008751604163695914,
2026-05-29,NZDCAD,fx,1.3888888888888888,Bullish,-0.016732652888259314,-0.028307483685058088,
2026-05-29,NIKKEI,cross-asset,3.333333333333333,Bullish,0.08682055775447917,0.06588210411819806,
2026-06-01,AUDUSD,fx,-1.458333333333333,Bearish,-0.022111717953374077,-0.03349583048148508,
2026-06-01,EURAUD,fx,1.5972222222222219,Bullish,0.004851888111027103,0.015977981786948092,
2026-06-01,GBPAUD,fx,2.222222222222222,Bullish,0.007030746877145555,0.019607321343984907,
2026-06-01,GBPCAD,fx,1.8055555555555554,Bullish,0.007309737365057245,0.01106933777324226,
2026-06-01,AUDNZD,fx,-2.3611111111111107,Bearish,0.015465583689030726,0.009680493970411375,
2026-06-01,AUDCHF,fx,-2.083333333333333,Bearish,0.004634315239972375,-0.007244446811910721,
2026-06-01,NZDCAD,fx,1.9444444444444442,Bullish,-0.014633135950483767,-0.018544240563393988,
2026-06-01,CADCHF,fx,-1.6666666666666665,Bearish,0.004768440315315203,0.0017419763513513153,
2026-06-01,NIKKEI,cross-asset,3.333333333333333,Bullish,0.08666676583907296,0.05484729928744625,
2026-06-02,AUDUSD,fx,-1.458333333333333,Bearish,-0.036660445162548405,-0.039919770454355574,
2026-06-02,GBPAUD,fx,2.0138888888888884,Bullish,0.017946188101650495,0.026873950027999305,
2026-06-02,GBPCAD,fx,1.597222222222222,Bullish,0.006832184796376151,0.012773448401708798,
2026-06-02,AUDNZD,fx,-2.3611111111111107,Bearish,0.006999702842803934,0.0028642651962889065,
2026-06-02,AUDCHF,fx,-2.3611111111111107,Bearish,-0.009395569396277281,-0.012739755113596152,
2026-06-02,NZDCAD,fx,1.9444444444444442,Bullish,-0.017668448153842498,-0.016667886863362402,
2026-06-02,CADCHF,fx,-1.9444444444444442,Bearish,0.0016351360855193509,0.0010549265067865132,
2026-06-02,NIKKEI,cross-asset,3.333333333333333,Bullish,0.02588454927991468,0.030240621110650068,
2026-06-03,USDCAD,fx,1.3194444444444442,Bullish,0.024208579509063854,0.020401701221223423,
2026-06-03,AUDUSD,fx,-1.7361111111111107,Bearish,-0.03193444739094442,-0.02894585455514853,
2026-06-03,EURAUD,fx,1.458333333333333,Bullish,0.0116848711344959,0.015090141312565697,
2026-06-03,GBPAUD,fx,2.0138888888888884,Bullish,0.013799003198690762,0.0242133452354385,
2026-06-03,GBPCAD,fx,1.597222222222222,Bullish,0.00526792946768162,0.0150366662911523,
2026-06-03,AUDNZD,fx,-2.3611111111111107,Bearish,0.004112281740646484,-0.0009787230542739334,
2026-06-03,AUDCHF,fx,-2.3611111111111107,Bearish,-0.007546233968681482,-0.01509246793736263,
2026-06-03,NZDCAD,fx,1.9444444444444442,Bullish,-0.012078541236606677,-0.007790229037648699,
2026-06-03,CADCHF,fx,-1.9444444444444442,Bearish,0.0013160665403242344,-0.005808240331297898,
2026-06-03,NIKKEI,cross-asset,3.333333333333333,Bullish,0.043192833015127,0.0021442208841240262,
2026-06-04,USDCAD,fx,1.3194444444444442,Bullish,0.020898183360531286,0.020704082586284978,
2026-06-04,AUDUSD,fx,-2.2916666666666665,Bearish,-0.03127847799570982,-0.02801183282627895,
2026-06-04,EURAUD,fx,2.013888888888889,Bullish,0.010882322217511176,0.012086689893757718,
2026-06-04,GBPAUD,fx,2.7777777777777777,Bullish,0.014504770256982713,0.02169071726593841,
2026-06-04,GBPCAD,fx,1.8055555555555554,Bullish,0.003165540070059647,0.01498677007787963,
2026-06-04,AUDJPY,fx,-1.6666666666666663,Bearish,-0.020589652604372066,-0.02053708327857373,
2026-06-04,AUDNZD,fx,-2.916666666666666,Bearish,0.006251748021650849,-0.001061151966832874,
2026-06-04,AUDCHF,fx,-2.916666666666666,Bearish,-0.006055870287165477,-0.012200536326341993,
2026-06-04,NZDCAD,fx,1.9444444444444442,Bullish,-0.017042667974497383,-0.006289847964688566,
2026-06-04,CADCHF,fx,-1.9444444444444442,Bearish,0.005092062373359019,-0.00412298475905204,
2026-06-04,NIKKEI,cross-asset,3.333333333333333,Bullish,0.0529343903449091,0.03153286398864097,
2026-06-05,USDCHF,fx,1.3194444444444444,Bullish,0.017448433535160568,0.011355927945129851,
2026-06-05,AUDUSD,fx,-2.1527777777777777,Bearish,-0.02158518413396715,-0.012814872631803031,
2026-06-05,EURAUD,fx,1.8055555555555554,Bullish,0.009736050294772536,0.005540742190366821,
2026-06-05,GBPCHF,fx,1.9444444444444444,Bullish,0.006004536342503419,0.01471017288923604,
2026-06-05,GBPAUD,fx,2.7777777777777777,Bullish,0.011144385817580815,0.01646305715326979,
2026-06-05,GBPCAD,fx,1.8055555555555554,Bullish,0.007356025165349278,0.02260579663386575,
2026-06-05,AUDJPY,fx,-1.6666666666666663,Bearish,-0.012537297574882866,-0.001637994386548991,
2026-06-05,AUDNZD,fx,-2.916666666666666,Bearish,0.006473664703702253,0.004653461269200632,
2026-06-05,NZDCAD,fx,1.9444444444444442,Bullish,-0.009506715355573347,0.0019929442346970916,
2026-06-05,NZDCHF,fx,2.083333333333333,Bullish,-0.009400373409752083,-0.004233424514784367,
2026-06-05,NIKKEI,cross-asset,3.333333333333333,Bullish,0.08990506626562644,0.09938277407024465,
2026-06-08,USDCHF,fx,1.5972222222222223,Bullish,0.012260401910516583,0.010643232333362507,
2026-06-08,AUDUSD,fx,-2.4305555555555554,Bearish,-0.022331061896649684,-0.014693356047700279,
2026-06-08,EURAUD,fx,1.8055555555555554,Bullish,0.013103557814485356,0.006591486658195755,
2026-06-08,GBPCHF,fx,1.9444444444444444,Bullish,0.006155147300662467,0.013005685288728142,
2026-06-08,GBPAUD,fx,2.7777777777777777,Bullish,0.016632247228398844,0.01756183614938922,
2026-06-08,AUDJPY,fx,-1.6666666666666663,Bearish,-0.011681601035213207,-0.004103627677772059,
2026-06-08,AUDNZD,fx,-2.916666666666666,Bearish,0.005238409503382391,0.006904801187922693,
2026-06-08,AUDCAD,fx,-2.6388888888888884,Bearish,-0.004650547482395018,0.003185167094069241,
2026-06-08,NZDCHF,fx,2.083333333333333,Bullish,-0.015482951478114404,-0.010149215055388794,
2026-06-08,CADCHF,fx,1.8055555555555556,Bullish,-0.006122520379246321,-0.007207081132141302,
2026-06-08,NIKKEI,cross-asset,3.333333333333333,Bullish,0.0779655319929109,0.03978488052313156,
2026-06-09,USDCHF,fx,1.5972222222222223,Bullish,0.012793363990627471,,
2026-06-09,AUDUSD,fx,-2.4305555555555554,Bearish,-0.01525652885504869,,
2026-06-09,EURAUD,fx,1.8055555555555554,Bullish,0.00465167253199561,,
2026-06-09,GBPCHF,fx,1.9444444444444444,Bullish,0.003754998080362615,,
2026-06-09,GBPAUD,fx,2.7777777777777777,Bullish,0.006393284162306445,,
2026-06-09,AUDJPY,fx,-1.6666666666666663,Bearish,-0.0017660475146652477,,
2026-06-09,AUDNZD,fx,-2.916666666666666,Bearish,0.008677292486027666,,
2026-06-09,AUDCAD,fx,-2.6388888888888884,Bearish,0.002163927732979465,,
2026-06-09,NZDCHF,fx,2.083333333333333,Bullish,-0.01161913384638602,,
2026-06-09,CADCHF,fx,1.8055555555555556,Bullish,-0.004911557016010537,,
2026-06-09,NIKKEI,cross-asset,3.333333333333333,Bullish,0.10059134861630636,,
2026-06-10,USDCHF,fx,1.5972222222222223,Bullish,0.01206581809997731,,
2026-06-10,AUDUSD,fx,-2.4305555555555554,Bearish,-0.014835777377583348,,
2026-06-10,EURAUD,fx,1.8055555555555554,Bullish,0.001128380591853828,,
2026-06-10,GBPCHF,fx,1.9444444444444444,Bullish,0.004956420903003744,,
2026-06-10,GBPAUD,fx,2.7777777777777777,Bullish,0.007967668645496362,,
2026-06-10,AUDJPY,fx,-1.6666666666666663,Bearish,-0.0022878813506512774,,
2026-06-10,AUDNZD,fx,-2.916666666666666,Bearish,0.006619937694704037,,
2026-06-10,AUDCAD,fx,-2.6388888888888884,Bearish,0.0045425181751996835,,
2026-06-10,NZDCHF,fx,2.083333333333333,Bullish,-0.009714606450498708,,
2026-06-10,CADCHF,fx,1.8055555555555556,Bullish,-0.007478427612655825,,
2026-06-10,NIKKEI,cross-asset,3.333333333333333,Bullish,0.09897109260166581,,
2026-06-11,AUDUSD,fx,-2.013888888888889,Bearish,-0.01822876030244125,,
2026-06-11,EURAUD,fx,1.8055555555555554,Bullish,0.0059573845985161356,,
2026-06-11,GBPCHF,fx,1.9444444444444444,Bullish,0.005758337397306468,,
2026-06-11,GBPAUD,fx,2.7777777777777777,Bullish,0.013400977866568464,,
2026-06-11,AUDJPY,fx,-1.6666666666666663,Bearish,-0.01075268817204289,,
2026-06-11,AUDNZD,fx,-2.916666666666666,Bearish,0.006096146837623939,,
2026-06-11,AUDCAD,fx,-2.6388888888888884,Bearish,-0.0027643119200788657,,
2026-06-11,NZDCHF,fx,2.083333333333333,Bullish,-0.013031846034348815,,
2026-06-11,CADCHF,fx,1.8055555555555556,Bullish,-0.004445615884730358,,
2026-06-11,NIKKEI,cross-asset,3.333333333333333,Bullish,0.027356629880004313,,
2026-06-12,AUDUSD,fx,-1.8055555555555554,Bearish,-0.016135441205687884,,
2026-06-12,EURAUD,fx,1.8055555555555554,Bullish,0.0032954247808634207,,
2026-06-12,GBPCHF,fx,1.9444444444444444,Bullish,0.002554816249754177,,
2026-06-12,GBPAUD,fx,2.7777777777777777,Bullish,0.010274818548281273,,
2026-06-12,AUDJPY,fx,-1.6666666666666663,Bearish,-0.009629865872889387,,
2026-06-12,AUDNZD,fx,-2.916666666666666,Bearish,0.005931031055077529,,
2026-06-12,AUDCAD,fx,-2.6388888888888884,Bearish,-0.001876800714198823,,
2026-06-12,NZDCHF,fx,2.083333333333333,Bullish,-0.01283376399655467,,
2026-06-12,CADCHF,fx,1.8055555555555556,Bullish,-0.00795099519078879,,
2026-06-12,NIKKEI,cross-asset,3.333333333333333,Bullish,0.035730196917045376,,
2026-06-15,AUDUSD,fx,-1.8055555555555554,Bearish,-0.016179673577914166,,
2026-06-15,EURAUD,fx,1.8055555555555554,Bullish,0.0033440326104201556,,
2026-06-15,GBPCHF,fx,1.5277777777777777,Bullish,0.011539977107687616,,
2026-06-15,GBPAUD,fx,2.3611111111111107,Bullish,0.014801495441434609,,
2026-06-15,AUDJPY,fx,-1.6666666666666663,Bearish,-0.005301740488183548,,
2026-06-15,AUDNZD,fx,-2.916666666666666,Bearish,0.004636912458716669,,
2026-06-15,AUDCAD,fx,-2.6388888888888884,Bearish,-0.0015775582230221907,,
2026-06-15,NZDCHF,fx,2.083333333333333,Bullish,-0.00789496452673466,,
2026-06-15,CADCHF,fx,1.8055555555555556,Bullish,-0.0019720740232070932,,
2026-06-15,NIKKEI,cross-asset,3.333333333333333,Bullish,0.006930195853360965,,
2026-06-16,USDCHF,fx,2.2222222222222223,Bullish,0.016556333144190027,,
2026-06-16,AUDUSD,fx,-1.8055555555555554,Bearish,-0.017844507967056278,,
2026-06-16,EURCHF,fx,2.2222222222222223,Bullish,0.0014990549436224576,,
2026-06-16,EURAUD,fx,1.8055555555555554,Bullish,0.0032574281539210492,,
2026-06-16,GBPCHF,fx,2.7777777777777777,Bullish,0.012320752767943421,,
2026-06-16,GBPAUD,fx,2.3611111111111107,Bullish,0.014203139641394413,,
2026-06-16,AUDJPY,fx,-1.6666666666666663,Bearish,-0.009048416967986528,,
2026-06-16,CHFJPY,fx,-2.083333333333333,Bearish,-0.0070902699148079895,,
2026-06-16,AUDNZD,fx,-2.916666666666666,Bearish,0.007669572683442372,,
2026-06-16,AUDCAD,fx,-2.6388888888888884,Bearish,-0.002842345896299947,,
2026-06-16,NZDCHF,fx,3.333333333333333,Very Bullish,-0.007835328239648387,,
2026-06-16,CADCHF,fx,3.0555555555555554,Very Bullish,0.0015529594465817365,,
2026-06-16,NIKKEI,cross-asset,3.333333333333333,Bullish,-0.014409639252147,,
2026-06-17,USDCHF,fx,2.2222222222222223,Bullish,,,
2026-06-17,AUDUSD,fx,-1.8055555555555554,Bearish,,,
2026-06-17,EURCHF,fx,2.2222222222222223,Bullish,,,
2026-06-17,EURAUD,fx,1.8055555555555554,Bullish,,,
2026-06-17,GBPCHF,fx,2.7777777777777777,Bullish,,,
2026-06-17,GBPAUD,fx,2.3611111111111107,Bullish,,,
2026-06-17,AUDJPY,fx,-1.6666666666666663,Bearish,,,
2026-06-17,CHFJPY,fx,-2.083333333333333,Bearish,,,
2026-06-17,AUDNZD,fx,-2.916666666666666,Bearish,,,
2026-06-17,AUDCAD,fx,-2.6388888888888884,Bearish,,,
2026-06-17,NZDCHF,fx,3.333333333333333,Very Bullish,,,
2026-06-17,CADCHF,fx,3.0555555555555554,Very Bullish,,,
2026-06-17,NIKKEI,cross-asset,3.333333333333333,Bullish,,,
2026-06-18,USDCHF,fx,2.430555555555556,Bullish,,,
2026-06-18,AUDUSD,fx,-2.013888888888889,Bearish,,,
2026-06-18,EURCHF,fx,2.2222222222222223,Bullish,,,
2026-06-18,EURAUD,fx,1.8055555555555554,Bullish,,,
2026-06-18,GBPCHF,fx,2.5,Bullish,,,
2026-06-18,GBPAUD,fx,2.083333333333333,Bullish,,,
2026-06-18,AUDJPY,fx,-1.6666666666666663,Bearish,,,
2026-06-18,CHFJPY,fx,-2.083333333333333,Bearish,,,
2026-06-18,AUDNZD,fx,-2.916666666666666,Bearish,,,
2026-06-18,AUDCAD,fx,-2.6388888888888884,Bearish,,,
2026-06-18,NZDCHF,fx,3.333333333333333,Very Bullish,,,
2026-06-18,CADCHF,fx,3.0555555555555554,Very Bullish,,,
2026-06-18,NIKKEI,cross-asset,3.333333333333333,Bullish,,,
2026-06-19,USDCHF,fx,2.5694444444444446,Bullish,,,
2026-06-19,AUDUSD,fx,-2.1527777777777777,Bearish,,,
2026-06-19,EURCHF,fx,2.2222222222222223,Bullish,,,
2026-06-19,EURAUD,fx,1.8055555555555554,Bullish,,,
2026-06-19,GBPCHF,fx,3.3333333333333335,Very Bullish,,,
2026-06-19,GBPAUD,fx,2.9166666666666665,Bullish,,,
2026-06-19,AUDJPY,fx,-2.5,Bearish,,,
2026-06-19,CHFJPY,fx,-2.916666666666667,Bearish,,,
2026-06-19,AUDNZD,fx,-2.916666666666666,Bearish,,,
2026-06-19,AUDCAD,fx,-2.3611111111111107,Bearish,,,
2026-06-19,NZDCHF,fx,3.333333333333333,Very Bullish,,,
2026-06-19,CADCHF,fx,2.7777777777777777,Bullish,,,
2026-06-22,USDCHF,fx,2.5694444444444446,Bullish,,,
2026-06-22,AUDUSD,fx,-2.1527777777777777,Bearish,,,
2026-06-22,EURCHF,fx,2.2222222222222223,Bullish,,,
2026-06-22,EURAUD,fx,1.8055555555555554,Bullish,,,
2026-06-22,GBPCHF,fx,3.3333333333333335,Very Bullish,,,
2026-06-22,GBPAUD,fx,2.9166666666666665,Bullish,,,
2026-06-22,AUDJPY,fx,-2.5,Bearish,,,
2026-06-22,CHFJPY,fx,-2.916666666666667,Bearish,,,
2026-06-22,AUDNZD,fx,-2.916666666666666,Bearish,,,
2026-06-22,AUDCAD,fx,-2.083333333333333,Bearish,,,
2026-06-22,NZDCHF,fx,3.333333333333333,Very Bullish,,,
2026-06-22,CADCHF,fx,2.5,Bullish,,,
2026-06-23,USDCHF,fx,2.5694444444444446,Bullish,,,
2026-06-23,AUDUSD,fx,-2.1527777777777777,Bearish,,,
2026-06-23,EURCHF,fx,2.2222222222222223,Bullish,,,
2026-06-23,EURAUD,fx,1.8055555555555554,Bullish,,,
2026-06-23,EURCAD,fx,-1.3888888888888888,Bearish,,,
2026-06-23,GBPCHF,fx,3.3333333333333335,Very Bullish,,,
2026-06-23,GBPAUD,fx,2.9166666666666665,Bullish,,,
2026-06-23,AUDJPY,fx,-2.5,Bearish,,,
2026-06-23,CHFJPY,fx,-2.916666666666667,Bearish,,,
2026-06-23,AUDNZD,fx,-2.916666666666666,Bearish,,,
2026-06-23,AUDCAD,fx,-3.194444444444444,Very Bearish,,,
2026-06-23,NZDCHF,fx,3.333333333333333,Very Bullish,,,
2026-06-23,CADCHF,fx,3.611111111111111,Very Bullish,,,
2026-06-24,USDCHF,fx,2.5694444444444446,Bullish,,,
2026-06-24,AUDUSD,fx,-2.1527777777777777,Bearish,,,
2026-06-24,EURJPY,fx,-1.3194444444444442,Bearish,,,
2026-06-24,EURCHF,fx,2.430555555555556,Bullish,,,
2026-06-24,EURAUD,fx,2.013888888888889,Bullish,,,
2026-06-24,GBPCHF,fx,3.3333333333333335,Very Bullish,,,
2026-06-24,GBPAUD,fx,2.9166666666666665,Bullish,,,
2026-06-24,AUDJPY,fx,-3.333333333333333,Very Bearish,,,
2026-06-24,CHFJPY,fx,-3.75,Very Bearish,,,
2026-06-24,AUDNZD,fx,-2.916666666666666,Bearish,,,
2026-06-24,AUDCAD,fx,-3.194444444444444,Very Bearish,,,
2026-06-24,NZDCHF,fx,3.333333333333333,Very Bullish,,,
2026-06-24,CADCHF,fx,3.611111111111111,Very Bullish,,,
2026-06-25,USDCHF,fx,2.5694444444444446,Bullish,,,
2026-06-25,AUDUSD,fx,-2.1527777777777777,Bearish,,,
2026-06-25,EURJPY,fx,-1.3194444444444442,Bearish,,,
2026-06-25,EURCHF,fx,2.430555555555556,Bullish,,,
2026-06-25,EURAUD,fx,2.013888888888889,Bullish,,,
2026-06-25,GBPCHF,fx,3.3333333333333335,Very Bullish,,,
2026-06-25,GBPAUD,fx,2.9166666666666665,Bullish,,,
2026-06-25,AUDJPY,fx,-3.333333333333333,Very Bearish,,,
2026-06-25,CHFJPY,fx,-3.75,Very Bearish,,,
2026-06-25,AUDNZD,fx,-2.916666666666666,Bearish,,,
2026-06-25,AUDCAD,fx,-3.194444444444444,Very Bearish,,,
2026-06-25,NZDCHF,fx,3.333333333333333,Very Bullish,,,
2026-06-25,CADCHF,fx,3.611111111111111,Very Bullish,,,
2026-06-26,US-DOLLAR,single,1.5277777777777777,Bullish,,,
2026-06-26,USDCHF,fx,3.125,Very Bullish,,,
2026-06-26,AUDUSD,fx,-2.1527777777777777,Bearish,,,
2026-06-26,EURJPY,fx,-1.3194444444444442,Bearish,,,
2026-06-26,EURCHF,fx,2.430555555555556,Bullish,,,
2026-06-26,EURAUD,fx,1.458333333333333,Bullish,,,
2026-06-26,GBPCHF,fx,3.3333333333333335,Very Bullish,,,
2026-06-26,GBPAUD,fx,2.3611111111111107,Bullish,,,
2026-06-26,AUDJPY,fx,-2.7777777777777772,Bearish,,,
2026-06-26,CHFJPY,fx,-3.75,Very Bearish,,,
2026-06-26,AUDNZD,fx,-2.3611111111111107,Bearish,,,
2026-06-26,AUDCAD,fx,-2.6388888888888884,Bearish,,,
2026-06-26,NZDCHF,fx,3.333333333333333,Very Bullish,,,
2026-06-26,CADCHF,fx,3.611111111111111,Very Bullish,,,
2026-06-26,GOLD,cross-asset,-2.0,Bearish,,,
2026-06-26,SILVER,cross-asset,-2.0,Bearish,,,
2026-06-29,US-DOLLAR,single,1.5277777777777777,Bullish,,,
2026-06-29,USDCHF,fx,3.125,Very Bullish,,,
2026-06-29,AUDUSD,fx,-2.1527777777777777,Bearish,,,
2026-06-29,EURJPY,fx,-1.8749999999999998,Bearish,,,
2026-06-29,EURCHF,fx,2.430555555555556,Bullish,,,
2026-06-29,EURAUD,fx,1.458333333333333,Bullish,,,
2026-06-29,GBPCHF,fx,3.3333333333333335,Very Bullish,,,
2026-06-29,GBPAUD,fx,2.3611111111111107,Bullish,,,
2026-06-29,AUDJPY,fx,-3.333333333333333,Very Bearish,,,
2026-06-29,CHFJPY,fx,-4.305555555555555,Very Bearish,,,
2026-06-29,AUDNZD,fx,-2.3611111111111107,Bearish,,,
2026-06-29,AUDCAD,fx,-2.6388888888888884,Bearish,,,
2026-06-29,NZDCHF,fx,3.333333333333333,Very Bullish,,,
2026-06-29,CADCHF,fx,3.611111111111111,Very Bullish,,,
2026-06-29,GOLD,cross-asset,-2.0,Bearish,,,
2026-06-29,SILVER,cross-asset,-2.0,Bearish,,,
2026-06-30,US-DOLLAR,single,1.5277777777777777,Bullish,,,
2026-06-30,USDCHF,fx,3.125,Very Bullish,,,
2026-06-30,AUDUSD,fx,-2.1527777777777777,Bearish,,,
2026-06-30,EURCHF,fx,2.430555555555556,Bullish,,,
2026-06-30,EURAUD,fx,1.458333333333333,Bullish,,,
2026-06-30,GBPCHF,fx,3.3333333333333335,Very Bullish,,,
2026-06-30,GBPAUD,fx,2.3611111111111107,Bullish,,,
2026-06-30,AUDJPY,fx,-2.5,Bearish,,,
2026-06-30,CHFJPY,fx,-3.4722222222222223,Very Bearish,,,
2026-06-30,AUDNZD,fx,-2.3611111111111107,Bearish,,,
2026-06-30,AUDCAD,fx,-2.6388888888888884,Bearish,,,
2026-06-30,NZDCHF,fx,3.333333333333333,Very Bullish,,,
2026-06-30,CADCHF,fx,3.611111111111111,Very Bullish,,,
2026-06-30,GOLD,cross-asset,-2.0,Bearish,,,
2026-06-30,SILVER,cross-asset,-2.0,Bearish,,,
2026-07-01,USDCHF,fx,2.8472222222222223,Bullish,,,
2026-07-01,USDCAD,fx,-1.8749999999999996,Bearish,,,
2026-07-01,AUDUSD,fx,-1.8749999999999996,Bearish,,,
2026-07-01,EURCHF,fx,2.430555555555556,Bullish,,,
2026-07-01,EURAUD,fx,1.458333333333333,Bullish,,,
2026-07-01,EURCAD,fx,-2.291666666666666,Bearish,,,
2026-07-01,GBPCHF,fx,3.3333333333333335,Very Bullish,,,
2026-07-01,GBPAUD,fx,2.3611111111111107,Bullish,,,
2026-07-01,GBPCAD,fx,-1.3888888888888884,Bearish,,,
2026-07-01,AUDJPY,fx,-2.5,Bearish,,,
2026-07-01,CHFJPY,fx,-3.4722222222222223,Very Bearish,,,
2026-07-01,AUDNZD,fx,-2.3611111111111107,Bearish,,,
2026-07-01,AUDCAD,fx,-3.749999999999999,Very Bearish,,,
2026-07-01,NZDCAD,fx,-1.3888888888888886,Bearish,,,
2026-07-01,NZDCHF,fx,3.333333333333333,Very Bullish,,,
2026-07-01,CADCHF,fx,4.722222222222221,Very Bullish,,,
2026-07-02,EURUSD,fx,-1.5277777777777777,Bearish,,,
2026-07-02,USDCHF,fx,2.8472222222222223,Bullish,,,
2026-07-02,USDCAD,fx,-1.8749999999999996,Bearish,,,
2026-07-02,AUDUSD,fx,-1.8749999999999996,Bearish,,,
2026-07-02,EURGBP,fx,-1.8055555555555558,Bearish,,,
2026-07-02,EURJPY,fx,-2.1527777777777777,Bearish,,,
2026-07-02,EURCHF,fx,1.3194444444444444,Bullish,,,
2026-07-02,EURNZD,fx,-2.013888888888889,Bearish,,,
2026-07-02,EURCAD,fx,-3.4027777777777777,Very Bearish,,,
2026-07-02,GBPCHF,fx,3.125,Very Bullish,,,
2026-07-02,GBPAUD,fx,2.1527777777777777,Bullish,,,
2026-07-02,GBPCAD,fx,-1.5972222222222219,Bearish,,,
2026-07-02,AUDJPY,fx,-2.5,Bearish,,,
2026-07-02,CHFJPY,fx,-3.4722222222222223,Very Bearish,,,
2026-07-02,AUDNZD,fx,-2.3611111111111107,Bearish,,,
2026-07-02,AUDCAD,fx,-3.749999999999999,Very Bearish,,,
2026-07-02,NZDCAD,fx,-1.3888888888888886,Bearish,,,
2026-07-02,NZDCHF,fx,3.333333333333333,Very Bullish,,,
2026-07-02,CADCHF,fx,4.722222222222221,Very Bullish,,,
2026-07-03,USDCHF,fx,2.5694444444444446,Bullish,,,
2026-07-03,USDCAD,fx,-2.1527777777777772,Bearish,,,
2026-07-03,AUDUSD,fx,-1.5972222222222219,Bearish,,,
2026-07-03,EURJPY,fx,-1.3194444444444444,Bearish,,,
2026-07-03,EURCHF,fx,2.1527777777777777,Bullish,,,
2026-07-03,EURCAD,fx,-2.569444444444444,Bearish,,,
2026-07-03,GBPCHF,fx,3.125,Very Bullish,,,
2026-07-03,GBPAUD,fx,2.1527777777777777,Bullish,,,
2026-07-03,GBPCAD,fx,-1.5972222222222219,Bearish,,,
2026-07-03,AUDJPY,fx,-2.5,Bearish,,,
2026-07-03,CHFJPY,fx,-3.4722222222222223,Very Bearish,,,
2026-07-03,AUDNZD,fx,-2.3611111111111107,Bearish,,,
2026-07-03,AUDCAD,fx,-3.749999999999999,Very Bearish,,,
2026-07-03,NZDCAD,fx,-1.3888888888888886,Bearish,,,
2026-07-03,NZDCHF,fx,3.333333333333333,Very Bullish,,,
2026-07-03,CADCHF,fx,4.722222222222221,Very Bullish,,,
