ccy,indicator_key,category,cause,score,stale
AUD,cpi_yoy,inflation,scored_nonzero,-1.0,False
AUD,core_cpi,inflation,dead_zone,0.0,False
AUD,ppi_yoy,inflation,dead_zone,0.0,False
AUD,gdp_qoq,growth,scored_nonzero,-2.0,False
AUD,manufacturing_pmi,growth,no_data,,False
AUD,services_pmi,growth,no_data,,False
AUD,retail_sales,growth,dead_zone,0.0,False
AUD,employment_change,labour,dead_zone,0.0,False
AUD,unemployment_rate,labour,scored_nonzero,-2.0,False
AUD,wage_growth,labour,scored_nonzero,1.0,False
AUD,rate_expectations,monetary,scored_nonzero,1.0,False
CAD,cpi_yoy,inflation,dead_zone,0.0,False
CAD,core_cpi,inflation,no_consensus,0.0,False
CAD,ppi_yoy,inflation,dead_zone,0.0,False
CAD,gdp_qoq,growth,no_consensus,0.0,False
CAD,manufacturing_pmi,growth,no_consensus,0.0,False
CAD,services_pmi,growth,no_data,,False
CAD,retail_sales,growth,dead_zone,0.0,False
CAD,employment_change,labour,scored_nonzero,2.0,False
CAD,unemployment_rate,labour,scored_nonzero,1.0,False
CAD,wage_growth,labour,no_data,,False
CAD,rate_expectations,monetary,scored_nonzero,1.0,False
CHF,cpi_yoy,inflation,dead_zone,0.0,False
CHF,core_cpi,inflation,no_data,,False
CHF,ppi_yoy,inflation,dead_zone,0.0,False
CHF,gdp_qoq,growth,scored_nonzero,1.0,False
CHF,manufacturing_pmi,growth,no_data,,False
CHF,services_pmi,growth,no_data,,False
CHF,retail_sales,growth,dead_zone,0.0,False
CHF,employment_change,labour,no_data,,False
CHF,unemployment_rate,labour,dead_zone,0.0,False
CHF,wage_growth,labour,no_data,,False
CHF,rate_expectations,monetary,no_data,,False
EUR,cpi_yoy,inflation,dead_zone,0.0,False
EUR,core_cpi,inflation,dead_zone,0.0,False
EUR,ppi_yoy,inflation,dead_zone,0.0,False
EUR,gdp_qoq,growth,scored_nonzero,2.0,False
EUR,manufacturing_pmi,growth,no_data,,False
EUR,services_pmi,growth,no_data,,False
EUR,retail_sales,growth,dead_zone,0.0,False
EUR,employment_change,labour,scored_nonzero,1.0,False
EUR,unemployment_rate,labour,scored_nonzero,-1.0,False
EUR,wage_growth,labour,no_data,,False
EUR,rate_expectations,monetary,scored_nonzero,1.0,False
GBP,cpi_yoy,inflation,scored_nonzero,1.0,False
GBP,core_cpi,inflation,scored_nonzero,1.0,False
GBP,ppi_yoy,inflation,stale,1.0,True
GBP,gdp_qoq,growth,scored_nonzero,-2.0,False
GBP,manufacturing_pmi,growth,scored_nonzero,2.0,False
GBP,services_pmi,growth,dead_zone,0.0,False
GBP,retail_sales,growth,scored_nonzero,-2.0,False
GBP,employment_change,labour,dead_zone,0.0,False
GBP,unemployment_rate,labour,dead_zone,0.0,False
GBP,wage_growth,labour,dead_zone,0.0,False
GBP,rate_expectations,monetary,dead_zone,0.0,False
JPY,cpi_yoy,inflation,scored_nonzero,-1.0,False
JPY,core_cpi,inflation,scored_nonzero,-1.0,False
JPY,ppi_yoy,inflation,no_data,,False
JPY,gdp_qoq,growth,no_data,,False
JPY,manufacturing_pmi,growth,no_data,,False
JPY,services_pmi,growth,no_data,,False
JPY,retail_sales,growth,dead_zone,0.0,False
JPY,employment_change,labour,no_data,,False
JPY,unemployment_rate,labour,dead_zone,0.0,False
JPY,wage_growth,labour,scored_nonzero,-2.0,False
JPY,rate_expectations,monetary,scored_nonzero,2.0,False
NZD,cpi_yoy,inflation,dead_zone,0.0,False
NZD,core_cpi,inflation,no_data,,False
NZD,ppi_yoy,inflation,scored_nonzero,2.0,False
NZD,gdp_qoq,growth,dead_zone,0.0,False
NZD,manufacturing_pmi,growth,no_consensus,0.0,False
NZD,services_pmi,growth,no_consensus,0.0,False
NZD,retail_sales,growth,scored_nonzero,1.0,False
NZD,employment_change,labour,dead_zone,0.0,False
NZD,unemployment_rate,labour,scored_nonzero,1.0,False
NZD,wage_growth,labour,dead_zone,0.0,False
NZD,rate_expectations,monetary,no_data,,False
USD,cpi_yoy,inflation,scored_nonzero,1.0,False
USD,core_cpi,inflation,scored_nonzero,-1.0,False
USD,ppi_yoy,inflation,dead_zone,0.0,False
USD,core_pce,inflation,scored_nonzero,2.0,False
USD,gdp_qoq,growth,dead_zone,0.0,False
USD,manufacturing_pmi,growth,dead_zone,0.0,False
USD,services_pmi,growth,dead_zone,0.0,False
USD,retail_sales,growth,scored_nonzero,1.0,False
USD,employment_change,labour,dead_zone,0.0,False
USD,unemployment_rate,labour,scored_nonzero,2.0,False
USD,wage_growth,labour,scored_nonzero,-1.0,False
USD,adp,labour,scored_nonzero,-2.0,False
USD,jolts,labour,scored_nonzero,1.0,False
USD,jobless_claims,labour,scored_nonzero,1.0,False
USD,rate_expectations,monetary,scored_nonzero,1.0,False
AUD,cpi_yoy,inflation,scored_nonzero,-1.0,False
AUD,core_cpi,inflation,dead_zone,0.0,False
AUD,ppi_yoy,inflation,dead_zone,0.0,False
AUD,gdp_qoq,growth,scored_nonzero,-2.0,False
AUD,manufacturing_pmi,growth,no_data,,False
AUD,services_pmi,growth,no_data,,False
AUD,retail_sales,growth,scored_nonzero,2.0,False
AUD,employment_change,labour,dead_zone,0.0,False
AUD,unemployment_rate,labour,scored_nonzero,-2.0,False
AUD,wage_growth,labour,scored_nonzero,1.0,False
AUD,rate_expectations,monetary,scored_nonzero,1.0,False
CAD,cpi_yoy,inflation,dead_zone,0.0,False
CAD,core_cpi,inflation,no_consensus,0.0,False
CAD,ppi_yoy,inflation,dead_zone,0.0,False
CAD,gdp_qoq,growth,dead_zone,0.0,False
CAD,manufacturing_pmi,growth,no_consensus,0.0,False
CAD,services_pmi,growth,no_data,,False
CAD,retail_sales,growth,dead_zone,0.0,False
CAD,employment_change,labour,scored_nonzero,2.0,False
CAD,unemployment_rate,labour,scored_nonzero,1.0,False
CAD,wage_growth,labour,no_data,,False
CAD,rate_expectations,monetary,dead_zone,0.0,False
CHF,cpi_yoy,inflation,dead_zone,0.0,False
CHF,core_cpi,inflation,no_data,,False
CHF,ppi_yoy,inflation,dead_zone,0.0,False
CHF,gdp_qoq,growth,scored_nonzero,1.0,False
CHF,manufacturing_pmi,growth,no_data,,False
CHF,services_pmi,growth,no_data,,False
CHF,retail_sales,growth,scored_nonzero,2.0,False
CHF,employment_change,labour,no_data,,False
CHF,unemployment_rate,labour,dead_zone,0.0,False
CHF,wage_growth,labour,no_data,,False
CHF,rate_expectations,monetary,no_data,,False
EUR,cpi_yoy,inflation,dead_zone,0.0,False
EUR,core_cpi,inflation,dead_zone,0.0,False
EUR,ppi_yoy,inflation,dead_zone,0.0,False
EUR,gdp_qoq,growth,no_consensus,0.0,False
EUR,manufacturing_pmi,growth,no_data,,False
EUR,services_pmi,growth,no_data,,False
EUR,retail_sales,growth,dead_zone,0.0,False
EUR,employment_change,labour,scored_nonzero,1.0,False
EUR,unemployment_rate,labour,scored_nonzero,1.0,False
EUR,wage_growth,labour,no_data,,False
EUR,rate_expectations,monetary,dead_zone,0.0,False
GBP,cpi_yoy,inflation,scored_nonzero,1.0,False
GBP,core_cpi,inflation,scored_nonzero,1.0,False
GBP,ppi_yoy,inflation,stale,1.0,True
GBP,gdp_qoq,growth,scored_nonzero,-2.0,False
GBP,manufacturing_pmi,growth,scored_nonzero,2.0,False
GBP,services_pmi,growth,dead_zone,0.0,False
GBP,retail_sales,growth,dead_zone,0.0,False
GBP,employment_change,labour,dead_zone,0.0,False
GBP,unemployment_rate,labour,dead_zone,0.0,False
GBP,wage_growth,labour,dead_zone,0.0,False
GBP,rate_expectations,monetary,dead_zone,0.0,False
JPY,cpi_yoy,inflation,scored_nonzero,-1.0,False
JPY,core_cpi,inflation,scored_nonzero,-1.0,False
JPY,ppi_yoy,inflation,no_data,,False
JPY,gdp_qoq,growth,no_data,,False
JPY,manufacturing_pmi,growth,no_data,,False
JPY,services_pmi,growth,no_data,,False
JPY,retail_sales,growth,dead_zone,0.0,False
JPY,employment_change,labour,no_data,,False
JPY,unemployment_rate,labour,dead_zone,0.0,False
JPY,wage_growth,labour,scored_nonzero,-2.0,False
JPY,rate_expectations,monetary,scored_nonzero,1.0,False
NZD,cpi_yoy,inflation,dead_zone,0.0,False
NZD,core_cpi,inflation,no_data,,False
NZD,ppi_yoy,inflation,scored_nonzero,2.0,False
NZD,gdp_qoq,growth,dead_zone,0.0,False
NZD,manufacturing_pmi,growth,no_consensus,0.0,False
NZD,services_pmi,growth,no_consensus,0.0,False
NZD,retail_sales,growth,scored_nonzero,1.0,False
NZD,employment_change,labour,dead_zone,0.0,False
NZD,unemployment_rate,labour,scored_nonzero,1.0,False
NZD,wage_growth,labour,dead_zone,0.0,False
NZD,rate_expectations,monetary,no_data,,False
USD,cpi_yoy,inflation,scored_nonzero,1.0,False
USD,core_cpi,inflation,scored_nonzero,-1.0,False
USD,ppi_yoy,inflation,stale,0.0,True
USD,core_pce,inflation,dead_zone,0.0,False
USD,gdp_qoq,growth,dead_zone,0.0,False
USD,manufacturing_pmi,growth,dead_zone,0.0,False
USD,services_pmi,growth,dead_zone,0.0,False
USD,retail_sales,growth,scored_nonzero,1.0,False
USD,employment_change,labour,dead_zone,0.0,False
USD,unemployment_rate,labour,scored_nonzero,2.0,False
USD,wage_growth,labour,scored_nonzero,-1.0,False
USD,adp,labour,dead_zone,0.0,False
USD,jolts,labour,dead_zone,0.0,False
USD,jobless_claims,labour,dead_zone,0.0,False
USD,rate_expectations,monetary,dead_zone,0.0,False
AUD,cpi_yoy,inflation,scored_nonzero,-1.0,False
AUD,core_cpi,inflation,dead_zone,0.0,False
AUD,ppi_yoy,inflation,dead_zone,0.0,False
AUD,gdp_qoq,growth,scored_nonzero,-2.0,False
AUD,manufacturing_pmi,growth,no_data,,False
AUD,services_pmi,growth,no_data,,False
AUD,retail_sales,growth,scored_nonzero,2.0,False
AUD,employment_change,labour,dead_zone,0.0,False
AUD,unemployment_rate,labour,scored_nonzero,-2.0,False
AUD,wage_growth,labour,scored_nonzero,1.0,False
AUD,rate_expectations,monetary,dead_zone,0.0,False
CAD,cpi_yoy,inflation,dead_zone,0.0,False
CAD,core_cpi,inflation,no_consensus,0.0,False
CAD,ppi_yoy,inflation,dead_zone,0.0,False
CAD,gdp_qoq,growth,dead_zone,0.0,False
CAD,manufacturing_pmi,growth,dead_zone,0.0,False
CAD,services_pmi,growth,no_data,,False
CAD,retail_sales,growth,dead_zone,0.0,False
CAD,employment_change,labour,scored_nonzero,2.0,False
CAD,unemployment_rate,labour,scored_nonzero,1.0,False
CAD,wage_growth,labour,no_data,,False
CAD,rate_expectations,monetary,dead_zone,0.0,False
CHF,cpi_yoy,inflation,dead_zone,0.0,False
CHF,core_cpi,inflation,no_data,,False
CHF,ppi_yoy,inflation,dead_zone,0.0,False
CHF,gdp_qoq,growth,scored_nonzero,1.0,False
CHF,manufacturing_pmi,growth,no_data,,False
CHF,services_pmi,growth,no_data,,False
CHF,retail_sales,growth,scored_nonzero,2.0,False
CHF,employment_change,labour,no_data,,False
CHF,unemployment_rate,labour,dead_zone,0.0,False
CHF,wage_growth,labour,no_data,,False
CHF,rate_expectations,monetary,no_data,,False
EUR,cpi_yoy,inflation,scored_nonzero,1.0,False
EUR,core_cpi,inflation,dead_zone,0.0,False
EUR,ppi_yoy,inflation,dead_zone,0.0,False
EUR,gdp_qoq,growth,no_consensus,0.0,False
EUR,manufacturing_pmi,growth,no_data,,False
EUR,services_pmi,growth,no_data,,False
EUR,retail_sales,growth,dead_zone,0.0,False
EUR,employment_change,labour,scored_nonzero,1.0,False
EUR,unemployment_rate,labour,scored_nonzero,1.0,False
EUR,wage_growth,labour,no_data,,False
EUR,rate_expectations,monetary,dead_zone,0.0,False
GBP,cpi_yoy,inflation,scored_nonzero,1.0,False
GBP,core_cpi,inflation,scored_nonzero,1.0,False
GBP,ppi_yoy,inflation,stale,1.0,True
GBP,gdp_qoq,growth,scored_nonzero,-2.0,False
GBP,manufacturing_pmi,growth,dead_zone,0.0,False
GBP,services_pmi,growth,dead_zone,0.0,False
GBP,retail_sales,growth,dead_zone,0.0,False
GBP,employment_change,labour,dead_zone,0.0,False
GBP,unemployment_rate,labour,dead_zone,0.0,False
GBP,wage_growth,labour,dead_zone,0.0,False
GBP,rate_expectations,monetary,dead_zone,0.0,False
JPY,cpi_yoy,inflation,scored_nonzero,-1.0,False
JPY,core_cpi,inflation,scored_nonzero,-1.0,False
JPY,ppi_yoy,inflation,no_data,,False
JPY,gdp_qoq,growth,no_data,,False
JPY,manufacturing_pmi,growth,no_data,,False
JPY,services_pmi,growth,no_data,,False
JPY,retail_sales,growth,dead_zone,0.0,False
JPY,employment_change,labour,no_data,,False
JPY,unemployment_rate,labour,dead_zone,0.0,False
JPY,wage_growth,labour,scored_nonzero,-1.0,False
JPY,rate_expectations,monetary,dead_zone,0.0,False
NZD,cpi_yoy,inflation,dead_zone,0.0,False
NZD,core_cpi,inflation,no_data,,False
NZD,ppi_yoy,inflation,scored_nonzero,2.0,False
NZD,gdp_qoq,growth,dead_zone,0.0,False
NZD,manufacturing_pmi,growth,no_consensus,0.0,False
NZD,services_pmi,growth,no_consensus,0.0,False
NZD,retail_sales,growth,scored_nonzero,1.0,False
NZD,employment_change,labour,dead_zone,0.0,False
NZD,unemployment_rate,labour,dead_zone,0.0,False
NZD,wage_growth,labour,dead_zone,0.0,False
NZD,rate_expectations,monetary,no_data,,False
USD,cpi_yoy,inflation,scored_nonzero,1.0,False
USD,core_cpi,inflation,scored_nonzero,-1.0,False
USD,ppi_yoy,inflation,stale,0.0,True
USD,core_pce,inflation,dead_zone,0.0,False
USD,gdp_qoq,growth,dead_zone,0.0,False
USD,manufacturing_pmi,growth,scored_nonzero,-2.0,False
USD,services_pmi,growth,dead_zone,0.0,False
USD,retail_sales,growth,scored_nonzero,1.0,False
USD,employment_change,labour,dead_zone,0.0,False
USD,unemployment_rate,labour,dead_zone,0.0,False
USD,wage_growth,labour,dead_zone,0.0,False
USD,adp,labour,dead_zone,0.0,False
USD,jolts,labour,dead_zone,0.0,False
USD,jobless_claims,labour,dead_zone,0.0,False
USD,rate_expectations,monetary,dead_zone,0.0,False
AUD,cpi_yoy,inflation,scored_nonzero,-1.0,False
AUD,core_cpi,inflation,dead_zone,0.0,False
AUD,ppi_yoy,inflation,dead_zone,0.0,False
AUD,gdp_qoq,growth,scored_nonzero,-2.0,False
AUD,manufacturing_pmi,growth,no_data,,False
AUD,services_pmi,growth,no_data,,False
AUD,retail_sales,growth,scored_nonzero,2.0,False
AUD,employment_change,labour,dead_zone,0.0,False
AUD,unemployment_rate,labour,dead_zone,0.0,False
AUD,wage_growth,labour,dead_zone,0.0,False
AUD,rate_expectations,monetary,dead_zone,0.0,False
CAD,cpi_yoy,inflation,dead_zone,0.0,False
CAD,core_cpi,inflation,no_consensus,0.0,False
CAD,ppi_yoy,inflation,dead_zone,0.0,False
CAD,gdp_qoq,growth,dead_zone,0.0,False
CAD,manufacturing_pmi,growth,dead_zone,0.0,False
CAD,services_pmi,growth,no_data,,False
CAD,retail_sales,growth,dead_zone,0.0,False
CAD,employment_change,labour,scored_nonzero,-1.0,False
CAD,unemployment_rate,labour,dead_zone,0.0,False
CAD,wage_growth,labour,no_data,,False
CAD,rate_expectations,monetary,dead_zone,0.0,False
CHF,cpi_yoy,inflation,dead_zone,0.0,False
CHF,core_cpi,inflation,no_data,,False
CHF,ppi_yoy,inflation,no_consensus,0.0,False
CHF,gdp_qoq,growth,scored_nonzero,1.0,False
CHF,manufacturing_pmi,growth,no_data,,False
CHF,services_pmi,growth,no_data,,False
CHF,retail_sales,growth,scored_nonzero,2.0,False
CHF,employment_change,labour,no_data,,False
CHF,unemployment_rate,labour,dead_zone,0.0,False
CHF,wage_growth,labour,no_data,,False
CHF,rate_expectations,monetary,no_data,,False
EUR,cpi_yoy,inflation,scored_nonzero,1.0,False
EUR,core_cpi,inflation,dead_zone,0.0,False
EUR,ppi_yoy,inflation,dead_zone,0.0,False
EUR,gdp_qoq,growth,no_consensus,0.0,False
EUR,manufacturing_pmi,growth,no_data,,False
EUR,services_pmi,growth,no_data,,False
EUR,retail_sales,growth,dead_zone,0.0,False
EUR,employment_change,labour,dead_zone,0.0,False
EUR,unemployment_rate,labour,scored_nonzero,1.0,False
EUR,wage_growth,labour,no_data,,False
EUR,rate_expectations,monetary,scored_nonzero,1.0,False
GBP,cpi_yoy,inflation,scored_nonzero,1.0,False
GBP,core_cpi,inflation,scored_nonzero,1.0,False
GBP,ppi_yoy,inflation,stale,1.0,True
GBP,gdp_qoq,growth,scored_nonzero,2.0,False
GBP,manufacturing_pmi,growth,dead_zone,0.0,False
GBP,services_pmi,growth,dead_zone,0.0,False
GBP,retail_sales,growth,dead_zone,0.0,False
GBP,employment_change,labour,scored_nonzero,-1.0,False
GBP,unemployment_rate,labour,dead_zone,0.0,False
GBP,wage_growth,labour,dead_zone,0.0,False
GBP,rate_expectations,monetary,dead_zone,0.0,False
JPY,cpi_yoy,inflation,scored_nonzero,-1.0,False
JPY,core_cpi,inflation,scored_nonzero,-1.0,False
JPY,ppi_yoy,inflation,no_data,,False
JPY,gdp_qoq,growth,no_data,,False
JPY,manufacturing_pmi,growth,no_data,,False
JPY,services_pmi,growth,no_data,,False
JPY,retail_sales,growth,dead_zone,0.0,False
JPY,employment_change,labour,no_data,,False
JPY,unemployment_rate,labour,dead_zone,0.0,False
JPY,wage_growth,labour,scored_nonzero,-1.0,False
JPY,rate_expectations,monetary,dead_zone,0.0,False
NZD,cpi_yoy,inflation,dead_zone,0.0,False
NZD,core_cpi,inflation,no_data,,False
NZD,ppi_yoy,inflation,scored_nonzero,2.0,False
NZD,gdp_qoq,growth,dead_zone,0.0,False
NZD,manufacturing_pmi,growth,no_consensus,0.0,False
NZD,services_pmi,growth,no_consensus,0.0,False
NZD,retail_sales,growth,scored_nonzero,1.0,False
NZD,employment_change,labour,dead_zone,0.0,False
NZD,unemployment_rate,labour,dead_zone,0.0,False
NZD,wage_growth,labour,dead_zone,0.0,False
NZD,rate_expectations,monetary,no_data,,False
USD,cpi_yoy,inflation,scored_nonzero,-1.0,False
USD,core_cpi,inflation,dead_zone,0.0,False
USD,ppi_yoy,inflation,stale,0.0,True
USD,core_pce,inflation,dead_zone,0.0,False
USD,gdp_qoq,growth,dead_zone,0.0,False
USD,manufacturing_pmi,growth,scored_nonzero,-2.0,False
USD,services_pmi,growth,dead_zone,0.0,False
USD,retail_sales,growth,scored_nonzero,1.0,False
USD,employment_change,labour,dead_zone,0.0,False
USD,unemployment_rate,labour,dead_zone,0.0,False
USD,wage_growth,labour,dead_zone,0.0,False
USD,adp,labour,dead_zone,0.0,False
USD,jolts,labour,dead_zone,0.0,False
USD,jobless_claims,labour,dead_zone,0.0,False
USD,rate_expectations,monetary,scored_nonzero,-1.0,False
AUD,cpi_yoy,inflation,scored_nonzero,-1.0,False
AUD,core_cpi,inflation,dead_zone,0.0,False
AUD,ppi_yoy,inflation,dead_zone,0.0,False
AUD,gdp_qoq,growth,scored_nonzero,-2.0,False
AUD,manufacturing_pmi,growth,no_data,,False
AUD,services_pmi,growth,no_data,,False
AUD,retail_sales,growth,scored_nonzero,2.0,False
AUD,employment_change,labour,dead_zone,0.0,False
AUD,unemployment_rate,labour,dead_zone,0.0,False
AUD,wage_growth,labour,dead_zone,0.0,False
AUD,rate_expectations,monetary,dead_zone,0.0,False
CAD,cpi_yoy,inflation,dead_zone,0.0,False
CAD,core_cpi,inflation,no_consensus,0.0,False
CAD,ppi_yoy,inflation,scored_nonzero,1.0,False
CAD,gdp_qoq,growth,dead_zone,0.0,False
CAD,manufacturing_pmi,growth,dead_zone,0.0,False
CAD,services_pmi,growth,no_data,,False
CAD,retail_sales,growth,dead_zone,0.0,False
CAD,employment_change,labour,scored_nonzero,-1.0,False
CAD,unemployment_rate,labour,dead_zone,0.0,False
CAD,wage_growth,labour,no_data,,False
CAD,rate_expectations,monetary,scored_nonzero,-1.0,False
CHF,cpi_yoy,inflation,stale,0.0,True
CHF,core_cpi,inflation,no_data,,False
CHF,ppi_yoy,inflation,no_consensus,0.0,False
CHF,gdp_qoq,growth,scored_nonzero,1.0,False
CHF,manufacturing_pmi,growth,no_data,,False
CHF,services_pmi,growth,no_data,,False
CHF,retail_sales,growth,scored_nonzero,2.0,False
CHF,employment_change,labour,no_data,,False
CHF,unemployment_rate,labour,dead_zone,0.0,False
CHF,wage_growth,labour,no_data,,False
CHF,rate_expectations,monetary,no_data,,False
EUR,cpi_yoy,inflation,scored_nonzero,1.0,False
EUR,core_cpi,inflation,dead_zone,0.0,False
EUR,ppi_yoy,inflation,dead_zone,0.0,False
EUR,gdp_qoq,growth,no_consensus,0.0,False
EUR,manufacturing_pmi,growth,no_data,,False
EUR,services_pmi,growth,no_data,,False
EUR,retail_sales,growth,dead_zone,0.0,False
EUR,employment_change,labour,dead_zone,0.0,False
EUR,unemployment_rate,labour,scored_nonzero,1.0,False
EUR,wage_growth,labour,no_data,,False
EUR,rate_expectations,monetary,dead_zone,0.0,False
GBP,cpi_yoy,inflation,dead_zone,0.0,False
GBP,core_cpi,inflation,dead_zone,0.0,False
GBP,ppi_yoy,inflation,stale,1.0,True
GBP,gdp_qoq,growth,scored_nonzero,2.0,False
GBP,manufacturing_pmi,growth,dead_zone,0.0,False
GBP,services_pmi,growth,dead_zone,0.0,False
GBP,retail_sales,growth,dead_zone,0.0,False
GBP,employment_change,labour,scored_nonzero,-1.0,False
GBP,unemployment_rate,labour,dead_zone,0.0,False
GBP,wage_growth,labour,dead_zone,0.0,False
GBP,rate_expectations,monetary,dead_zone,0.0,False
JPY,cpi_yoy,inflation,scored_nonzero,1.0,False
JPY,core_cpi,inflation,scored_nonzero,-1.0,False
JPY,ppi_yoy,inflation,no_data,,False
JPY,gdp_qoq,growth,no_data,,False
JPY,manufacturing_pmi,growth,no_data,,False
JPY,services_pmi,growth,no_data,,False
JPY,retail_sales,growth,dead_zone,0.0,False
JPY,employment_change,labour,no_data,,False
JPY,unemployment_rate,labour,dead_zone,0.0,False
JPY,wage_growth,labour,scored_nonzero,-1.0,False
JPY,rate_expectations,monetary,dead_zone,0.0,False
NZD,cpi_yoy,inflation,dead_zone,0.0,False
NZD,core_cpi,inflation,no_data,,False
NZD,ppi_yoy,inflation,dead_zone,0.0,False
NZD,gdp_qoq,growth,dead_zone,0.0,False
NZD,manufacturing_pmi,growth,no_consensus,0.0,False
NZD,services_pmi,growth,no_consensus,0.0,False
NZD,retail_sales,growth,scored_nonzero,1.0,False
NZD,employment_change,labour,dead_zone,0.0,False
NZD,unemployment_rate,labour,dead_zone,0.0,False
NZD,wage_growth,labour,dead_zone,0.0,False
NZD,rate_expectations,monetary,no_data,,False
USD,cpi_yoy,inflation,scored_nonzero,-1.0,False
USD,core_cpi,inflation,dead_zone,0.0,False
USD,ppi_yoy,inflation,stale,0.0,True
USD,core_pce,inflation,dead_zone,0.0,False
USD,gdp_qoq,growth,dead_zone,0.0,False
USD,manufacturing_pmi,growth,scored_nonzero,-2.0,False
USD,services_pmi,growth,dead_zone,0.0,False
USD,retail_sales,growth,dead_zone,0.0,False
USD,employment_change,labour,dead_zone,0.0,False
USD,unemployment_rate,labour,dead_zone,0.0,False
USD,wage_growth,labour,dead_zone,0.0,False
USD,adp,labour,dead_zone,0.0,False
USD,jolts,labour,dead_zone,0.0,False
USD,jobless_claims,labour,scored_nonzero,-1.0,False
USD,rate_expectations,monetary,scored_nonzero,-1.0,False
AUD,cpi_yoy,inflation,scored_nonzero,2.0,False
AUD,core_cpi,inflation,dead_zone,0.0,False
AUD,ppi_yoy,inflation,dead_zone,0.0,False
AUD,gdp_qoq,growth,scored_nonzero,-2.0,False
AUD,manufacturing_pmi,growth,no_data,,False
AUD,services_pmi,growth,no_data,,False
AUD,retail_sales,growth,scored_nonzero,2.0,False
AUD,employment_change,labour,dead_zone,0.0,False
AUD,unemployment_rate,labour,dead_zone,0.0,False
AUD,wage_growth,labour,dead_zone,0.0,False
AUD,rate_expectations,monetary,dead_zone,0.0,False
CAD,cpi_yoy,inflation,dead_zone,0.0,False
CAD,core_cpi,inflation,no_consensus,0.0,False
CAD,ppi_yoy,inflation,scored_nonzero,1.0,False
CAD,gdp_qoq,growth,dead_zone,0.0,False
CAD,manufacturing_pmi,growth,dead_zone,0.0,False
CAD,services_pmi,growth,no_data,,False
CAD,retail_sales,growth,dead_zone,0.0,False
CAD,employment_change,labour,scored_nonzero,-1.0,False
CAD,unemployment_rate,labour,dead_zone,0.0,False
CAD,wage_growth,labour,no_data,,False
CAD,rate_expectations,monetary,scored_nonzero,-1.0,False
CHF,cpi_yoy,inflation,stale,0.0,True
CHF,core_cpi,inflation,no_data,,False
CHF,ppi_yoy,inflation,no_consensus,0.0,False
CHF,gdp_qoq,growth,dead_zone,0.0,False
CHF,manufacturing_pmi,growth,no_data,,False
CHF,services_pmi,growth,no_data,,False
CHF,retail_sales,growth,scored_nonzero,2.0,False
CHF,employment_change,labour,no_data,,False
CHF,unemployment_rate,labour,dead_zone,0.0,False
CHF,wage_growth,labour,no_data,,False
CHF,rate_expectations,monetary,no_data,,False
EUR,cpi_yoy,inflation,scored_nonzero,1.0,False
EUR,core_cpi,inflation,dead_zone,0.0,False
EUR,ppi_yoy,inflation,dead_zone,0.0,False
EUR,gdp_qoq,growth,no_consensus,0.0,False
EUR,manufacturing_pmi,growth,no_data,,False
EUR,services_pmi,growth,no_data,,False
EUR,retail_sales,growth,dead_zone,0.0,False
EUR,employment_change,labour,dead_zone,0.0,False
EUR,unemployment_rate,labour,scored_nonzero,1.0,False
EUR,wage_growth,labour,no_data,,False
EUR,rate_expectations,monetary,dead_zone,0.0,False
GBP,cpi_yoy,inflation,dead_zone,0.0,False
GBP,core_cpi,inflation,dead_zone,0.0,False
GBP,ppi_yoy,inflation,stale,1.0,True
GBP,gdp_qoq,growth,scored_nonzero,2.0,False
GBP,manufacturing_pmi,growth,dead_zone,0.0,False
GBP,services_pmi,growth,dead_zone,0.0,False
GBP,retail_sales,growth,dead_zone,0.0,False
GBP,employment_change,labour,scored_nonzero,-1.0,False
GBP,unemployment_rate,labour,dead_zone,0.0,False
GBP,wage_growth,labour,dead_zone,0.0,False
GBP,rate_expectations,monetary,dead_zone,0.0,False
JPY,cpi_yoy,inflation,scored_nonzero,1.0,False
JPY,core_cpi,inflation,scored_nonzero,-2.0,False
JPY,ppi_yoy,inflation,no_data,,False
JPY,gdp_qoq,growth,no_data,,False
JPY,manufacturing_pmi,growth,no_data,,False
JPY,services_pmi,growth,no_data,,False
JPY,retail_sales,growth,scored_nonzero,-1.0,False
JPY,employment_change,labour,no_data,,False
JPY,unemployment_rate,labour,scored_nonzero,2.0,False
JPY,wage_growth,labour,scored_nonzero,-1.0,False
JPY,rate_expectations,monetary,dead_zone,0.0,False
NZD,cpi_yoy,inflation,dead_zone,0.0,False
NZD,core_cpi,inflation,no_data,,False
NZD,ppi_yoy,inflation,dead_zone,0.0,False
NZD,gdp_qoq,growth,dead_zone,0.0,False
NZD,manufacturing_pmi,growth,no_consensus,0.0,False
NZD,services_pmi,growth,no_consensus,0.0,False
NZD,retail_sales,growth,dead_zone,0.0,False
NZD,employment_change,labour,dead_zone,0.0,False
NZD,unemployment_rate,labour,dead_zone,0.0,False
NZD,wage_growth,labour,dead_zone,0.0,False
NZD,rate_expectations,monetary,no_data,,False
USD,cpi_yoy,inflation,scored_nonzero,-1.0,False
USD,core_cpi,inflation,dead_zone,0.0,False
USD,ppi_yoy,inflation,stale,0.0,True
USD,core_pce,inflation,dead_zone,0.0,False
USD,gdp_qoq,growth,dead_zone,0.0,False
USD,manufacturing_pmi,growth,scored_nonzero,-2.0,False
USD,services_pmi,growth,dead_zone,0.0,False
USD,retail_sales,growth,dead_zone,0.0,False
USD,employment_change,labour,dead_zone,0.0,False
USD,unemployment_rate,labour,dead_zone,0.0,False
USD,wage_growth,labour,dead_zone,0.0,False
USD,adp,labour,dead_zone,0.0,False
USD,jolts,labour,dead_zone,0.0,False
USD,jobless_claims,labour,dead_zone,0.0,False
USD,rate_expectations,monetary,scored_nonzero,-2.0,False
AUD,cpi_yoy,inflation,scored_nonzero,2.0,False
AUD,core_cpi,inflation,dead_zone,0.0,False
AUD,ppi_yoy,inflation,dead_zone,0.0,False
AUD,gdp_qoq,growth,scored_nonzero,1.0,False
AUD,manufacturing_pmi,growth,no_data,,False
AUD,services_pmi,growth,no_data,,False
AUD,retail_sales,growth,scored_nonzero,2.0,False
AUD,employment_change,labour,dead_zone,0.0,False
AUD,unemployment_rate,labour,dead_zone,0.0,False
AUD,wage_growth,labour,dead_zone,0.0,False
AUD,rate_expectations,monetary,dead_zone,0.0,False
CAD,cpi_yoy,inflation,dead_zone,0.0,False
CAD,core_cpi,inflation,no_consensus,0.0,False
CAD,ppi_yoy,inflation,scored_nonzero,1.0,False
CAD,gdp_qoq,growth,scored_nonzero,-2.0,False
CAD,manufacturing_pmi,growth,no_consensus,0.0,False
CAD,services_pmi,growth,no_data,,False
CAD,retail_sales,growth,dead_zone,0.0,False
CAD,employment_change,labour,scored_nonzero,-1.0,False
CAD,unemployment_rate,labour,dead_zone,0.0,False
CAD,wage_growth,labour,no_data,,False
CAD,rate_expectations,monetary,scored_nonzero,-1.0,False
CHF,cpi_yoy,inflation,no_consensus,0.0,False
CHF,core_cpi,inflation,no_data,,False
CHF,ppi_yoy,inflation,no_consensus,0.0,False
CHF,gdp_qoq,growth,dead_zone,0.0,False
CHF,manufacturing_pmi,growth,no_data,,False
CHF,services_pmi,growth,no_data,,False
CHF,retail_sales,growth,scored_nonzero,-2.0,False
CHF,employment_change,labour,no_data,,False
CHF,unemployment_rate,labour,dead_zone,0.0,False
CHF,wage_growth,labour,no_data,,False
CHF,rate_expectations,monetary,no_data,,False
EUR,cpi_yoy,inflation,dead_zone,0.0,False
EUR,core_cpi,inflation,scored_nonzero,1.0,False
EUR,ppi_yoy,inflation,scored_nonzero,1.0,False
EUR,gdp_qoq,growth,no_consensus,0.0,False
EUR,manufacturing_pmi,growth,no_data,,False
EUR,services_pmi,growth,no_data,,False
EUR,retail_sales,growth,scored_nonzero,-1.0,False
EUR,employment_change,labour,dead_zone,0.0,False
EUR,unemployment_rate,labour,dead_zone,0.0,False
EUR,wage_growth,labour,no_data,,False
EUR,rate_expectations,monetary,dead_zone,0.0,False
GBP,cpi_yoy,inflation,dead_zone,0.0,False
GBP,core_cpi,inflation,dead_zone,0.0,False
GBP,ppi_yoy,inflation,stale,1.0,True
GBP,gdp_qoq,growth,scored_nonzero,2.0,False
GBP,manufacturing_pmi,growth,dead_zone,0.0,False
GBP,services_pmi,growth,scored_nonzero,-1.0,False
GBP,retail_sales,growth,dead_zone,0.0,False
GBP,employment_change,labour,scored_nonzero,-1.0,False
GBP,unemployment_rate,labour,dead_zone,0.0,False
GBP,wage_growth,labour,dead_zone,0.0,False
GBP,rate_expectations,monetary,scored_nonzero,1.0,False
JPY,cpi_yoy,inflation,scored_nonzero,1.0,False
JPY,core_cpi,inflation,scored_nonzero,-2.0,False
JPY,ppi_yoy,inflation,no_data,,False
JPY,gdp_qoq,growth,no_data,,False
JPY,manufacturing_pmi,growth,no_data,,False
JPY,services_pmi,growth,no_data,,False
JPY,retail_sales,growth,scored_nonzero,-1.0,False
JPY,employment_change,labour,no_data,,False
JPY,unemployment_rate,labour,scored_nonzero,2.0,False
JPY,wage_growth,labour,scored_nonzero,2.0,False
JPY,rate_expectations,monetary,scored_nonzero,1.0,False
NZD,cpi_yoy,inflation,dead_zone,0.0,False
NZD,core_cpi,inflation,no_data,,False
NZD,ppi_yoy,inflation,dead_zone,0.0,False
NZD,gdp_qoq,growth,dead_zone,0.0,False
NZD,manufacturing_pmi,growth,no_consensus,0.0,False
NZD,services_pmi,growth,no_consensus,0.0,False
NZD,retail_sales,growth,dead_zone,0.0,False
NZD,employment_change,labour,dead_zone,0.0,False
NZD,unemployment_rate,labour,dead_zone,0.0,False
NZD,wage_growth,labour,dead_zone,0.0,False
NZD,rate_expectations,monetary,no_data,,False
USD,cpi_yoy,inflation,scored_nonzero,-1.0,False
USD,core_cpi,inflation,dead_zone,0.0,False
USD,ppi_yoy,inflation,stale,0.0,True
USD,core_pce,inflation,dead_zone,0.0,False
USD,gdp_qoq,growth,dead_zone,0.0,False
USD,manufacturing_pmi,growth,dead_zone,0.0,False
USD,services_pmi,growth,dead_zone,0.0,False
USD,retail_sales,growth,dead_zone,0.0,False
USD,employment_change,labour,dead_zone,0.0,False
USD,unemployment_rate,labour,dead_zone,0.0,False
USD,wage_growth,labour,dead_zone,0.0,False
USD,adp,labour,dead_zone,0.0,False
USD,jolts,labour,dead_zone,0.0,False
USD,jobless_claims,labour,scored_nonzero,-1.0,False
USD,rate_expectations,monetary,scored_nonzero,-1.0,False
AUD,cpi_yoy,inflation,scored_nonzero,2.0,False
AUD,core_cpi,inflation,dead_zone,0.0,False
AUD,ppi_yoy,inflation,dead_zone,0.0,False
AUD,gdp_qoq,growth,scored_nonzero,1.0,False
AUD,manufacturing_pmi,growth,no_data,,False
AUD,services_pmi,growth,no_data,,False
AUD,retail_sales,growth,scored_nonzero,2.0,False
AUD,employment_change,labour,dead_zone,0.0,False
AUD,unemployment_rate,labour,dead_zone,0.0,False
AUD,wage_growth,labour,dead_zone,0.0,False
AUD,rate_expectations,monetary,dead_zone,0.0,False
CAD,cpi_yoy,inflation,dead_zone,0.0,False
CAD,core_cpi,inflation,no_consensus,0.0,False
CAD,ppi_yoy,inflation,scored_nonzero,1.0,False
CAD,gdp_qoq,growth,scored_nonzero,-2.0,False
CAD,manufacturing_pmi,growth,no_consensus,0.0,False
CAD,services_pmi,growth,no_data,,False
CAD,retail_sales,growth,dead_zone,0.0,False
CAD,employment_change,labour,scored_nonzero,-1.0,False
CAD,unemployment_rate,labour,dead_zone,0.0,False
CAD,wage_growth,labour,no_data,,False
CAD,rate_expectations,monetary,scored_nonzero,-2.0,False
CHF,cpi_yoy,inflation,no_consensus,0.0,False
CHF,core_cpi,inflation,no_data,,False
CHF,ppi_yoy,inflation,no_consensus,0.0,False
CHF,gdp_qoq,growth,dead_zone,0.0,False
CHF,manufacturing_pmi,growth,no_data,,False
CHF,services_pmi,growth,no_data,,False
CHF,retail_sales,growth,scored_nonzero,-2.0,False
CHF,employment_change,labour,no_data,,False
CHF,unemployment_rate,labour,dead_zone,0.0,False
CHF,wage_growth,labour,no_data,,False
CHF,rate_expectations,monetary,no_data,,False
EUR,cpi_yoy,inflation,dead_zone,0.0,False
EUR,core_cpi,inflation,scored_nonzero,1.0,False
EUR,ppi_yoy,inflation,scored_nonzero,1.0,False
EUR,gdp_qoq,growth,no_consensus,0.0,False
EUR,manufacturing_pmi,growth,no_data,,False
EUR,services_pmi,growth,no_data,,False
EUR,retail_sales,growth,scored_nonzero,-1.0,False
EUR,employment_change,labour,dead_zone,0.0,False
EUR,unemployment_rate,labour,dead_zone,0.0,False
EUR,wage_growth,labour,no_data,,False
EUR,rate_expectations,monetary,dead_zone,0.0,False
GBP,cpi_yoy,inflation,dead_zone,0.0,False
GBP,core_cpi,inflation,dead_zone,0.0,False
GBP,ppi_yoy,inflation,stale,1.0,True
GBP,gdp_qoq,growth,scored_nonzero,2.0,False
GBP,manufacturing_pmi,growth,dead_zone,0.0,False
GBP,services_pmi,growth,scored_nonzero,-1.0,False
GBP,retail_sales,growth,dead_zone,0.0,False
GBP,employment_change,labour,scored_nonzero,-1.0,False
GBP,unemployment_rate,labour,dead_zone,0.0,False
GBP,wage_growth,labour,dead_zone,0.0,False
GBP,rate_expectations,monetary,scored_nonzero,1.0,False
JPY,cpi_yoy,inflation,scored_nonzero,1.0,False
JPY,core_cpi,inflation,scored_nonzero,-2.0,False
JPY,ppi_yoy,inflation,no_data,,False
JPY,gdp_qoq,growth,no_data,,False
JPY,manufacturing_pmi,growth,no_data,,False
JPY,services_pmi,growth,no_data,,False
JPY,retail_sales,growth,scored_nonzero,-1.0,False
JPY,employment_change,labour,no_data,,False
JPY,unemployment_rate,labour,scored_nonzero,2.0,False
JPY,wage_growth,labour,scored_nonzero,2.0,False
JPY,rate_expectations,monetary,scored_nonzero,1.0,False
NZD,cpi_yoy,inflation,dead_zone,0.0,False
NZD,core_cpi,inflation,no_data,,False
NZD,ppi_yoy,inflation,dead_zone,0.0,False
NZD,gdp_qoq,growth,dead_zone,0.0,False
NZD,manufacturing_pmi,growth,no_consensus,0.0,False
NZD,services_pmi,growth,no_consensus,0.0,False
NZD,retail_sales,growth,dead_zone,0.0,False
NZD,employment_change,labour,dead_zone,0.0,False
NZD,unemployment_rate,labour,dead_zone,0.0,False
NZD,wage_growth,labour,dead_zone,0.0,False
NZD,rate_expectations,monetary,no_data,,False
USD,cpi_yoy,inflation,dead_zone,0.0,False
USD,core_cpi,inflation,dead_zone,0.0,False
USD,ppi_yoy,inflation,stale,0.0,True
USD,core_pce,inflation,dead_zone,0.0,False
USD,gdp_qoq,growth,dead_zone,0.0,False
USD,manufacturing_pmi,growth,dead_zone,0.0,False
USD,services_pmi,growth,dead_zone,0.0,False
USD,retail_sales,growth,dead_zone,0.0,False
USD,employment_change,labour,scored_nonzero,-1.0,False
USD,unemployment_rate,labour,dead_zone,0.0,False
USD,wage_growth,labour,dead_zone,0.0,False
USD,adp,labour,dead_zone,0.0,False
USD,jolts,labour,dead_zone,0.0,False
USD,jobless_claims,labour,scored_nonzero,-2.0,False
USD,rate_expectations,monetary,dead_zone,0.0,False
AUD,cpi_yoy,inflation,scored_nonzero,2.0,False
AUD,core_cpi,inflation,dead_zone,0.0,False
AUD,ppi_yoy,inflation,dead_zone,0.0,False
AUD,gdp_qoq,growth,scored_nonzero,1.0,False
AUD,manufacturing_pmi,growth,no_data,,False
AUD,services_pmi,growth,no_data,,False
AUD,retail_sales,growth,stale,2.0,True
AUD,employment_change,labour,dead_zone,0.0,False
AUD,unemployment_rate,labour,dead_zone,0.0,False
AUD,wage_growth,labour,dead_zone,0.0,False
AUD,rate_expectations,monetary,dead_zone,0.0,False
CAD,cpi_yoy,inflation,no_consensus,0.0,False
CAD,core_cpi,inflation,no_consensus,0.0,False
CAD,ppi_yoy,inflation,scored_nonzero,1.0,False
CAD,gdp_qoq,growth,scored_nonzero,-2.0,False
CAD,manufacturing_pmi,growth,no_consensus,0.0,False
CAD,services_pmi,growth,no_data,,False
CAD,retail_sales,growth,dead_zone,0.0,False
CAD,employment_change,labour,scored_nonzero,-1.0,False
CAD,unemployment_rate,labour,dead_zone,0.0,False
CAD,wage_growth,labour,no_data,,False
CAD,rate_expectations,monetary,scored_nonzero,-2.0,False
CHF,cpi_yoy,inflation,no_consensus,0.0,False
CHF,core_cpi,inflation,no_data,,False
CHF,ppi_yoy,inflation,no_consensus,0.0,False
CHF,gdp_qoq,growth,dead_zone,0.0,False
CHF,manufacturing_pmi,growth,no_data,,False
CHF,services_pmi,growth,no_data,,False
CHF,retail_sales,growth,scored_nonzero,-2.0,False
CHF,employment_change,labour,no_data,,False
CHF,unemployment_rate,labour,dead_zone,0.0,False
CHF,wage_growth,labour,no_data,,False
CHF,rate_expectations,monetary,no_data,,False
EUR,cpi_yoy,inflation,dead_zone,0.0,False
EUR,core_cpi,inflation,scored_nonzero,1.0,False
EUR,ppi_yoy,inflation,scored_nonzero,1.0,False
EUR,gdp_qoq,growth,no_consensus,0.0,False
EUR,manufacturing_pmi,growth,no_data,,False
EUR,services_pmi,growth,no_data,,False
EUR,retail_sales,growth,scored_nonzero,-1.0,False
EUR,employment_change,labour,dead_zone,0.0,False
EUR,unemployment_rate,labour,dead_zone,0.0,False
EUR,wage_growth,labour,no_data,,False
EUR,rate_expectations,monetary,dead_zone,0.0,False
GBP,cpi_yoy,inflation,dead_zone,0.0,False
GBP,core_cpi,inflation,dead_zone,0.0,False
GBP,ppi_yoy,inflation,stale,1.0,True
GBP,gdp_qoq,growth,scored_nonzero,2.0,False
GBP,manufacturing_pmi,growth,dead_zone,0.0,False
GBP,services_pmi,growth,scored_nonzero,-1.0,False
GBP,retail_sales,growth,dead_zone,0.0,False
GBP,employment_change,labour,dead_zone,0.0,False
GBP,unemployment_rate,labour,dead_zone,0.0,False
GBP,wage_growth,labour,dead_zone,0.0,False
GBP,rate_expectations,monetary,dead_zone,0.0,False
JPY,cpi_yoy,inflation,dead_zone,0.0,False
JPY,core_cpi,inflation,scored_nonzero,-2.0,False
JPY,ppi_yoy,inflation,no_data,,False
JPY,gdp_qoq,growth,no_data,,False
JPY,manufacturing_pmi,growth,no_data,,False
JPY,services_pmi,growth,no_data,,False
JPY,retail_sales,growth,scored_nonzero,-1.0,False
JPY,employment_change,labour,no_data,,False
JPY,unemployment_rate,labour,scored_nonzero,2.0,False
JPY,wage_growth,labour,scored_nonzero,2.0,False
JPY,rate_expectations,monetary,scored_nonzero,1.0,False
NZD,cpi_yoy,inflation,dead_zone,0.0,False
NZD,core_cpi,inflation,no_data,,False
NZD,ppi_yoy,inflation,dead_zone,0.0,False
NZD,gdp_qoq,growth,scored_nonzero,-1.0,False
NZD,manufacturing_pmi,growth,no_consensus,0.0,False
NZD,services_pmi,growth,no_consensus,0.0,False
NZD,retail_sales,growth,dead_zone,0.0,False
NZD,employment_change,labour,dead_zone,0.0,False
NZD,unemployment_rate,labour,dead_zone,0.0,False
NZD,wage_growth,labour,dead_zone,0.0,False
NZD,rate_expectations,monetary,no_data,,False
USD,cpi_yoy,inflation,dead_zone,0.0,False
USD,core_cpi,inflation,dead_zone,0.0,False
USD,ppi_yoy,inflation,stale,0.0,True
USD,core_pce,inflation,dead_zone,0.0,False
USD,gdp_qoq,growth,dead_zone,0.0,False
USD,manufacturing_pmi,growth,dead_zone,0.0,False
USD,services_pmi,growth,dead_zone,0.0,False
USD,retail_sales,growth,scored_nonzero,1.0,False
USD,employment_change,labour,scored_nonzero,-1.0,False
USD,unemployment_rate,labour,dead_zone,0.0,False
USD,wage_growth,labour,dead_zone,0.0,False
USD,adp,labour,dead_zone,0.0,False
USD,jolts,labour,dead_zone,0.0,False
USD,jobless_claims,labour,scored_nonzero,1.0,False
USD,rate_expectations,monetary,scored_nonzero,-1.0,False
AUD,cpi_yoy,inflation,scored_nonzero,2.0,False
AUD,core_cpi,inflation,dead_zone,0.0,False
AUD,ppi_yoy,inflation,dead_zone,0.0,False
AUD,gdp_qoq,growth,scored_nonzero,1.0,False
AUD,manufacturing_pmi,growth,no_data,,False
AUD,services_pmi,growth,no_data,,False
AUD,retail_sales,growth,stale,2.0,True
AUD,employment_change,labour,dead_zone,0.0,False
AUD,unemployment_rate,labour,dead_zone,0.0,False
AUD,wage_growth,labour,dead_zone,0.0,False
AUD,rate_expectations,monetary,scored_nonzero,1.0,False
CAD,cpi_yoy,inflation,no_consensus,0.0,False
CAD,core_cpi,inflation,no_consensus,0.0,False
CAD,ppi_yoy,inflation,dead_zone,0.0,False
CAD,gdp_qoq,growth,scored_nonzero,-2.0,False
CAD,manufacturing_pmi,growth,no_consensus,0.0,False
CAD,services_pmi,growth,no_data,,False
CAD,retail_sales,growth,dead_zone,0.0,False
CAD,employment_change,labour,scored_nonzero,-1.0,False
CAD,unemployment_rate,labour,dead_zone,0.0,False
CAD,wage_growth,labour,no_data,,False
CAD,rate_expectations,monetary,scored_nonzero,-2.0,False
CHF,cpi_yoy,inflation,no_consensus,0.0,False
CHF,core_cpi,inflation,no_data,,False
CHF,ppi_yoy,inflation,no_consensus,0.0,False
CHF,gdp_qoq,growth,dead_zone,0.0,False
CHF,manufacturing_pmi,growth,no_data,,False
CHF,services_pmi,growth,no_data,,False
CHF,retail_sales,growth,scored_nonzero,-2.0,False
CHF,employment_change,labour,no_data,,False
CHF,unemployment_rate,labour,dead_zone,0.0,False
CHF,wage_growth,labour,no_data,,False
CHF,rate_expectations,monetary,no_data,,False
EUR,cpi_yoy,inflation,dead_zone,0.0,False
EUR,core_cpi,inflation,scored_nonzero,1.0,False
EUR,ppi_yoy,inflation,scored_nonzero,1.0,False
EUR,gdp_qoq,growth,no_consensus,0.0,False
EUR,manufacturing_pmi,growth,no_data,,False
EUR,services_pmi,growth,no_data,,False
EUR,retail_sales,growth,scored_nonzero,-1.0,False
EUR,employment_change,labour,dead_zone,0.0,False
EUR,unemployment_rate,labour,dead_zone,0.0,False
EUR,wage_growth,labour,no_data,,False
EUR,rate_expectations,monetary,scored_nonzero,1.0,False
GBP,cpi_yoy,inflation,dead_zone,0.0,False
GBP,core_cpi,inflation,dead_zone,0.0,False
GBP,ppi_yoy,inflation,stale,1.0,True
GBP,gdp_qoq,growth,scored_nonzero,2.0,False
GBP,manufacturing_pmi,growth,dead_zone,0.0,False
GBP,services_pmi,growth,scored_nonzero,-1.0,False
GBP,retail_sales,growth,dead_zone,0.0,False
GBP,employment_change,labour,dead_zone,0.0,False
GBP,unemployment_rate,labour,dead_zone,0.0,False
GBP,wage_growth,labour,dead_zone,0.0,False
GBP,rate_expectations,monetary,dead_zone,0.0,False
JPY,cpi_yoy,inflation,dead_zone,0.0,False
JPY,core_cpi,inflation,dead_zone,0.0,False
JPY,ppi_yoy,inflation,no_data,,False
JPY,gdp_qoq,growth,no_data,,False
JPY,manufacturing_pmi,growth,no_data,,False
JPY,services_pmi,growth,no_data,,False
JPY,retail_sales,growth,scored_nonzero,-1.0,False
JPY,employment_change,labour,no_data,,False
JPY,unemployment_rate,labour,scored_nonzero,2.0,False
JPY,wage_growth,labour,scored_nonzero,2.0,False
JPY,rate_expectations,monetary,scored_nonzero,1.0,False
NZD,cpi_yoy,inflation,dead_zone,0.0,False
NZD,core_cpi,inflation,no_data,,False
NZD,ppi_yoy,inflation,dead_zone,0.0,False
NZD,gdp_qoq,growth,scored_nonzero,-1.0,False
NZD,manufacturing_pmi,growth,no_consensus,0.0,False
NZD,services_pmi,growth,no_consensus,0.0,False
NZD,retail_sales,growth,dead_zone,0.0,False
NZD,employment_change,labour,dead_zone,0.0,False
NZD,unemployment_rate,labour,dead_zone,0.0,False
NZD,wage_growth,labour,dead_zone,0.0,False
NZD,rate_expectations,monetary,no_data,,False
USD,cpi_yoy,inflation,dead_zone,0.0,False
USD,core_cpi,inflation,dead_zone,0.0,False
USD,ppi_yoy,inflation,stale,0.0,True
USD,core_pce,inflation,dead_zone,0.0,False
USD,gdp_qoq,growth,dead_zone,0.0,False
USD,manufacturing_pmi,growth,dead_zone,0.0,False
USD,services_pmi,growth,dead_zone,0.0,False
USD,retail_sales,growth,scored_nonzero,1.0,False
USD,employment_change,labour,scored_nonzero,-1.0,False
USD,unemployment_rate,labour,dead_zone,0.0,False
USD,wage_growth,labour,dead_zone,0.0,False
USD,adp,labour,dead_zone,0.0,False
USD,jolts,labour,dead_zone,0.0,False
USD,jobless_claims,labour,scored_nonzero,1.0,False
USD,rate_expectations,monetary,dead_zone,0.0,False
AUD,cpi_yoy,inflation,scored_nonzero,2.0,False
AUD,core_cpi,inflation,dead_zone,0.0,False
AUD,ppi_yoy,inflation,dead_zone,0.0,False
AUD,gdp_qoq,growth,scored_nonzero,1.0,False
AUD,manufacturing_pmi,growth,no_data,,False
AUD,services_pmi,growth,no_data,,False
AUD,retail_sales,growth,stale,2.0,True
AUD,employment_change,labour,dead_zone,0.0,False
AUD,unemployment_rate,labour,stale,0.0,True
AUD,wage_growth,labour,dead_zone,0.0,False
AUD,rate_expectations,monetary,dead_zone,0.0,False
CAD,cpi_yoy,inflation,no_consensus,0.0,False
CAD,core_cpi,inflation,no_consensus,0.0,False
CAD,ppi_yoy,inflation,dead_zone,0.0,False
CAD,gdp_qoq,growth,scored_nonzero,2.0,False
CAD,manufacturing_pmi,growth,no_consensus,0.0,False
CAD,services_pmi,growth,no_data,,False
CAD,retail_sales,growth,dead_zone,0.0,False
CAD,employment_change,labour,scored_nonzero,-1.0,False
CAD,unemployment_rate,labour,dead_zone,0.0,False
CAD,wage_growth,labour,no_data,,False
CAD,rate_expectations,monetary,scored_nonzero,-2.0,False
CHF,cpi_yoy,inflation,dead_zone,0.0,False
CHF,core_cpi,inflation,no_data,,False
CHF,ppi_yoy,inflation,stale,0.0,True
CHF,gdp_qoq,growth,dead_zone,0.0,False
CHF,manufacturing_pmi,growth,no_data,,False
CHF,services_pmi,growth,no_data,,False
CHF,retail_sales,growth,dead_zone,0.0,False
CHF,employment_change,labour,no_data,,False
CHF,unemployment_rate,labour,dead_zone,0.0,False
CHF,wage_growth,labour,no_data,,False
CHF,rate_expectations,monetary,no_data,,False
EUR,cpi_yoy,inflation,dead_zone,0.0,False
EUR,core_cpi,inflation,scored_nonzero,1.0,False
EUR,ppi_yoy,inflation,scored_nonzero,1.0,False
EUR,gdp_qoq,growth,no_consensus,0.0,False
EUR,manufacturing_pmi,growth,no_data,,False
EUR,services_pmi,growth,no_data,,False
EUR,retail_sales,growth,scored_nonzero,-1.0,False
EUR,employment_change,labour,dead_zone,0.0,False
EUR,unemployment_rate,labour,scored_nonzero,-1.0,False
EUR,wage_growth,labour,no_data,,False
EUR,rate_expectations,monetary,dead_zone,0.0,False
GBP,cpi_yoy,inflation,dead_zone,0.0,False
GBP,core_cpi,inflation,dead_zone,0.0,False
GBP,ppi_yoy,inflation,stale,1.0,True
GBP,gdp_qoq,growth,scored_nonzero,2.0,False
GBP,manufacturing_pmi,growth,dead_zone,0.0,False
GBP,services_pmi,growth,scored_nonzero,-1.0,False
GBP,retail_sales,growth,dead_zone,0.0,False
GBP,employment_change,labour,dead_zone,0.0,False
GBP,unemployment_rate,labour,dead_zone,0.0,False
GBP,wage_growth,labour,dead_zone,0.0,False
GBP,rate_expectations,monetary,dead_zone,0.0,False
JPY,cpi_yoy,inflation,dead_zone,0.0,False
JPY,core_cpi,inflation,dead_zone,0.0,False
JPY,ppi_yoy,inflation,no_data,,False
JPY,gdp_qoq,growth,no_data,,False
JPY,manufacturing_pmi,growth,no_data,,False
JPY,services_pmi,growth,no_data,,False
JPY,retail_sales,growth,scored_nonzero,-2.0,False
JPY,employment_change,labour,no_data,,False
JPY,unemployment_rate,labour,scored_nonzero,-2.0,False
JPY,wage_growth,labour,scored_nonzero,2.0,False
JPY,rate_expectations,monetary,scored_nonzero,1.0,False
NZD,cpi_yoy,inflation,dead_zone,0.0,False
NZD,core_cpi,inflation,no_data,,False
NZD,ppi_yoy,inflation,dead_zone,0.0,False
NZD,gdp_qoq,growth,scored_nonzero,-1.0,False
NZD,manufacturing_pmi,growth,no_consensus,0.0,False
NZD,services_pmi,growth,no_consensus,0.0,False
NZD,retail_sales,growth,dead_zone,0.0,False
NZD,employment_change,labour,dead_zone,0.0,False
NZD,unemployment_rate,labour,dead_zone,0.0,False
NZD,wage_growth,labour,dead_zone,0.0,False
NZD,rate_expectations,monetary,no_data,,False
USD,cpi_yoy,inflation,dead_zone,0.0,False
USD,core_cpi,inflation,dead_zone,0.0,False
USD,ppi_yoy,inflation,stale,0.0,True
USD,core_pce,inflation,dead_zone,0.0,False
USD,gdp_qoq,growth,dead_zone,0.0,False
USD,manufacturing_pmi,growth,dead_zone,0.0,False
USD,services_pmi,growth,dead_zone,0.0,False
USD,retail_sales,growth,scored_nonzero,1.0,False
USD,employment_change,labour,scored_nonzero,-1.0,False
USD,unemployment_rate,labour,dead_zone,0.0,False
USD,wage_growth,labour,dead_zone,0.0,False
USD,adp,labour,dead_zone,0.0,False
USD,jolts,labour,dead_zone,0.0,False
USD,jobless_claims,labour,scored_nonzero,1.0,False
USD,rate_expectations,monetary,dead_zone,0.0,False
AUD,cpi_yoy,inflation,scored_nonzero,2.0,False
AUD,core_cpi,inflation,dead_zone,0.0,False
AUD,ppi_yoy,inflation,dead_zone,0.0,False
AUD,gdp_qoq,growth,scored_nonzero,1.0,False
AUD,manufacturing_pmi,growth,no_data,,False
AUD,services_pmi,growth,no_data,,False
AUD,retail_sales,growth,stale,2.0,True
AUD,employment_change,labour,dead_zone,0.0,False
AUD,unemployment_rate,labour,stale,0.0,True
AUD,wage_growth,labour,dead_zone,0.0,False
AUD,rate_expectations,monetary,scored_nonzero,1.0,False
CAD,cpi_yoy,inflation,no_consensus,0.0,False
CAD,core_cpi,inflation,stale,0.0,True
CAD,ppi_yoy,inflation,dead_zone,0.0,False
CAD,gdp_qoq,growth,scored_nonzero,2.0,False
CAD,manufacturing_pmi,growth,no_consensus,0.0,False
CAD,services_pmi,growth,no_data,,False
CAD,retail_sales,growth,dead_zone,0.0,False
CAD,employment_change,labour,scored_nonzero,-1.0,False
CAD,unemployment_rate,labour,dead_zone,0.0,False
CAD,wage_growth,labour,no_data,,False
CAD,rate_expectations,monetary,dead_zone,0.0,False
CHF,cpi_yoy,inflation,dead_zone,0.0,False
CHF,core_cpi,inflation,no_data,,False
CHF,ppi_yoy,inflation,stale,0.0,True
CHF,gdp_qoq,growth,dead_zone,0.0,False
CHF,manufacturing_pmi,growth,no_data,,False
CHF,services_pmi,growth,no_data,,False
CHF,retail_sales,growth,dead_zone,0.0,False
CHF,employment_change,labour,no_data,,False
CHF,unemployment_rate,labour,scored_nonzero,-1.0,False
CHF,wage_growth,labour,no_data,,False
CHF,rate_expectations,monetary,no_data,,False
EUR,cpi_yoy,inflation,dead_zone,0.0,False
EUR,core_cpi,inflation,scored_nonzero,1.0,False
EUR,ppi_yoy,inflation,scored_nonzero,-1.0,False
EUR,gdp_qoq,growth,no_consensus,0.0,False
EUR,manufacturing_pmi,growth,no_data,,False
EUR,services_pmi,growth,no_data,,False
EUR,retail_sales,growth,dead_zone,0.0,False
EUR,employment_change,labour,dead_zone,0.0,False
EUR,unemployment_rate,labour,scored_nonzero,-1.0,False
EUR,wage_growth,labour,no_data,,False
EUR,rate_expectations,monetary,dead_zone,0.0,False
GBP,cpi_yoy,inflation,dead_zone,0.0,False
GBP,core_cpi,inflation,dead_zone,0.0,False
GBP,ppi_yoy,inflation,stale,1.0,True
GBP,gdp_qoq,growth,scored_nonzero,2.0,False
GBP,manufacturing_pmi,growth,dead_zone,0.0,False
GBP,services_pmi,growth,dead_zone,0.0,False
GBP,retail_sales,growth,dead_zone,0.0,False
GBP,employment_change,labour,dead_zone,0.0,False
GBP,unemployment_rate,labour,dead_zone,0.0,False
GBP,wage_growth,labour,dead_zone,0.0,False
GBP,rate_expectations,monetary,dead_zone,0.0,False
JPY,cpi_yoy,inflation,dead_zone,0.0,False
JPY,core_cpi,inflation,dead_zone,0.0,False
JPY,ppi_yoy,inflation,no_data,,False
JPY,gdp_qoq,growth,no_data,,False
JPY,manufacturing_pmi,growth,no_data,,False
JPY,services_pmi,growth,no_data,,False
JPY,retail_sales,growth,scored_nonzero,-2.0,False
JPY,employment_change,labour,no_data,,False
JPY,unemployment_rate,labour,scored_nonzero,-2.0,False
JPY,wage_growth,labour,scored_nonzero,-1.0,False
JPY,rate_expectations,monetary,scored_nonzero,1.0,False
NZD,cpi_yoy,inflation,dead_zone,0.0,False
NZD,core_cpi,inflation,no_data,,False
NZD,ppi_yoy,inflation,dead_zone,0.0,False
NZD,gdp_qoq,growth,scored_nonzero,-1.0,False
NZD,manufacturing_pmi,growth,no_consensus,0.0,False
NZD,services_pmi,growth,no_consensus,0.0,False
NZD,retail_sales,growth,dead_zone,0.0,False
NZD,employment_change,labour,dead_zone,0.0,False
NZD,unemployment_rate,labour,dead_zone,0.0,False
NZD,wage_growth,labour,dead_zone,0.0,False
NZD,rate_expectations,monetary,no_data,,False
USD,cpi_yoy,inflation,dead_zone,0.0,False
USD,core_cpi,inflation,dead_zone,0.0,False
USD,ppi_yoy,inflation,stale,0.0,True
USD,core_pce,inflation,dead_zone,0.0,False
USD,gdp_qoq,growth,dead_zone,0.0,False
USD,manufacturing_pmi,growth,dead_zone,0.0,False
USD,services_pmi,growth,scored_nonzero,-1.0,False
USD,retail_sales,growth,scored_nonzero,1.0,False
USD,employment_change,labour,scored_nonzero,-1.0,False
USD,unemployment_rate,labour,dead_zone,0.0,False
USD,wage_growth,labour,dead_zone,0.0,False
USD,adp,labour,dead_zone,0.0,False
USD,jolts,labour,dead_zone,0.0,False
USD,jobless_claims,labour,stale,1.0,True
USD,rate_expectations,monetary,dead_zone,0.0,False
AUD,cpi_yoy,inflation,scored_nonzero,2.0,False
AUD,core_cpi,inflation,dead_zone,0.0,False
AUD,ppi_yoy,inflation,dead_zone,0.0,False
AUD,gdp_qoq,growth,scored_nonzero,1.0,False
AUD,manufacturing_pmi,growth,no_data,,False
AUD,services_pmi,growth,no_data,,False
AUD,retail_sales,growth,stale,2.0,True
AUD,employment_change,labour,dead_zone,0.0,False
AUD,unemployment_rate,labour,stale,0.0,True
AUD,wage_growth,labour,dead_zone,0.0,False
AUD,rate_expectations,monetary,dead_zone,0.0,False
CAD,cpi_yoy,inflation,no_consensus,0.0,False
CAD,core_cpi,inflation,stale,0.0,True
CAD,ppi_yoy,inflation,dead_zone,0.0,False
CAD,gdp_qoq,growth,scored_nonzero,2.0,False
CAD,manufacturing_pmi,growth,no_consensus,0.0,False
CAD,services_pmi,growth,no_data,,False
CAD,retail_sales,growth,dead_zone,0.0,False
CAD,employment_change,labour,scored_nonzero,1.0,False
CAD,unemployment_rate,labour,dead_zone,0.0,False
CAD,wage_growth,labour,no_data,,False
CAD,rate_expectations,monetary,scored_nonzero,-1.0,False
CHF,cpi_yoy,inflation,dead_zone,0.0,False
CHF,core_cpi,inflation,no_data,,False
CHF,ppi_yoy,inflation,dead_zone,0.0,False
CHF,gdp_qoq,growth,dead_zone,0.0,False
CHF,manufacturing_pmi,growth,no_data,,False
CHF,services_pmi,growth,no_data,,False
CHF,retail_sales,growth,dead_zone,0.0,False
CHF,employment_change,labour,no_data,,False
CHF,unemployment_rate,labour,scored_nonzero,-1.0,False
CHF,wage_growth,labour,no_data,,False
CHF,rate_expectations,monetary,no_data,,False
EUR,cpi_yoy,inflation,dead_zone,0.0,False
EUR,core_cpi,inflation,scored_nonzero,1.0,False
EUR,ppi_yoy,inflation,scored_nonzero,-1.0,False
EUR,gdp_qoq,growth,no_consensus,0.0,False
EUR,manufacturing_pmi,growth,no_data,,False
EUR,services_pmi,growth,no_data,,False
EUR,retail_sales,growth,dead_zone,0.0,False
EUR,employment_change,labour,dead_zone,0.0,False
EUR,unemployment_rate,labour,scored_nonzero,-1.0,False
EUR,wage_growth,labour,no_data,,False
EUR,rate_expectations,monetary,scored_nonzero,-1.0,False
GBP,cpi_yoy,inflation,dead_zone,0.0,False
GBP,core_cpi,inflation,dead_zone,0.0,False
GBP,ppi_yoy,inflation,stale,1.0,True
GBP,gdp_qoq,growth,dead_zone,0.0,False
GBP,manufacturing_pmi,growth,dead_zone,0.0,False
GBP,services_pmi,growth,dead_zone,0.0,False
GBP,retail_sales,growth,dead_zone,0.0,False
GBP,employment_change,labour,dead_zone,0.0,False
GBP,unemployment_rate,labour,scored_nonzero,-1.0,False
GBP,wage_growth,labour,scored_nonzero,1.0,False
GBP,rate_expectations,monetary,scored_nonzero,-1.0,False
JPY,cpi_yoy,inflation,dead_zone,0.0,False
JPY,core_cpi,inflation,dead_zone,0.0,False
JPY,ppi_yoy,inflation,no_data,,False
JPY,gdp_qoq,growth,no_data,,False
JPY,manufacturing_pmi,growth,no_data,,False
JPY,services_pmi,growth,no_data,,False
JPY,retail_sales,growth,scored_nonzero,-2.0,False
JPY,employment_change,labour,no_data,,False
JPY,unemployment_rate,labour,scored_nonzero,-2.0,False
JPY,wage_growth,labour,scored_nonzero,-1.0,False
JPY,rate_expectations,monetary,dead_zone,0.0,False
NZD,cpi_yoy,inflation,dead_zone,0.0,False
NZD,core_cpi,inflation,no_data,,False
NZD,ppi_yoy,inflation,dead_zone,0.0,False
NZD,gdp_qoq,growth,scored_nonzero,-1.0,False
NZD,manufacturing_pmi,growth,no_consensus,0.0,False
NZD,services_pmi,growth,no_consensus,0.0,False
NZD,retail_sales,growth,dead_zone,0.0,False
NZD,employment_change,labour,dead_zone,0.0,False
NZD,unemployment_rate,labour,dead_zone,0.0,False
NZD,wage_growth,labour,dead_zone,0.0,False
NZD,rate_expectations,monetary,no_data,,False
USD,cpi_yoy,inflation,dead_zone,0.0,False
USD,core_cpi,inflation,dead_zone,0.0,False
USD,ppi_yoy,inflation,stale,0.0,True
USD,core_pce,inflation,dead_zone,0.0,False
USD,gdp_qoq,growth,dead_zone,0.0,False
USD,manufacturing_pmi,growth,dead_zone,0.0,False
USD,services_pmi,growth,scored_nonzero,-1.0,False
USD,retail_sales,growth,scored_nonzero,1.0,False
USD,employment_change,labour,scored_nonzero,-1.0,False
USD,unemployment_rate,labour,dead_zone,0.0,False
USD,wage_growth,labour,dead_zone,0.0,False
USD,adp,labour,dead_zone,0.0,False
USD,jolts,labour,dead_zone,0.0,False
USD,jobless_claims,labour,stale,1.0,True
USD,rate_expectations,monetary,dead_zone,0.0,False
AUD,cpi_yoy,inflation,scored_nonzero,2.0,False
AUD,core_cpi,inflation,dead_zone,0.0,False
AUD,ppi_yoy,inflation,dead_zone,0.0,False
AUD,gdp_qoq,growth,scored_nonzero,1.0,False
AUD,manufacturing_pmi,growth,no_data,,False
AUD,services_pmi,growth,no_data,,False
AUD,retail_sales,growth,stale,2.0,True
AUD,employment_change,labour,dead_zone,0.0,False
AUD,unemployment_rate,labour,stale,0.0,True
AUD,wage_growth,labour,dead_zone,0.0,False
AUD,rate_expectations,monetary,scored_nonzero,-1.0,False
CAD,cpi_yoy,inflation,scored_nonzero,1.0,False
CAD,core_cpi,inflation,no_consensus,0.0,False
CAD,ppi_yoy,inflation,scored_nonzero,2.0,False
CAD,gdp_qoq,growth,scored_nonzero,2.0,False
CAD,manufacturing_pmi,growth,stale,0.0,True
CAD,services_pmi,growth,no_data,,False
CAD,retail_sales,growth,dead_zone,0.0,False
CAD,employment_change,labour,scored_nonzero,1.0,False
CAD,unemployment_rate,labour,dead_zone,0.0,False
CAD,wage_growth,labour,no_data,,False
CAD,rate_expectations,monetary,scored_nonzero,-1.0,False
CHF,cpi_yoy,inflation,dead_zone,0.0,False
CHF,core_cpi,inflation,no_data,,False
CHF,ppi_yoy,inflation,dead_zone,0.0,False
CHF,gdp_qoq,growth,dead_zone,0.0,False
CHF,manufacturing_pmi,growth,no_data,,False
CHF,services_pmi,growth,no_data,,False
CHF,retail_sales,growth,dead_zone,0.0,False
CHF,employment_change,labour,no_data,,False
CHF,unemployment_rate,labour,scored_nonzero,-1.0,False
CHF,wage_growth,labour,no_data,,False
CHF,rate_expectations,monetary,no_data,,False
EUR,cpi_yoy,inflation,stale,0.0,True
EUR,core_cpi,inflation,stale,1.0,True
EUR,ppi_yoy,inflation,scored_nonzero,-1.0,False
EUR,gdp_qoq,growth,no_consensus,0.0,False
EUR,manufacturing_pmi,growth,no_data,,False
EUR,services_pmi,growth,no_data,,False
EUR,retail_sales,growth,dead_zone,0.0,False
EUR,employment_change,labour,dead_zone,0.0,False
EUR,unemployment_rate,labour,scored_nonzero,-1.0,False
EUR,wage_growth,labour,no_data,,False
EUR,rate_expectations,monetary,dead_zone,0.0,False
GBP,cpi_yoy,inflation,scored_nonzero,-1.0,False
GBP,core_cpi,inflation,scored_nonzero,-1.0,False
GBP,ppi_yoy,inflation,no_consensus,0.0,False
GBP,gdp_qoq,growth,dead_zone,0.0,False
GBP,manufacturing_pmi,growth,stale,0.0,True
GBP,services_pmi,growth,dead_zone,0.0,False
GBP,retail_sales,growth,dead_zone,0.0,False
GBP,employment_change,labour,dead_zone,0.0,False
GBP,unemployment_rate,labour,scored_nonzero,-1.0,False
GBP,wage_growth,labour,scored_nonzero,1.0,False
GBP,rate_expectations,monetary,scored_nonzero,-2.0,False
JPY,cpi_yoy,inflation,dead_zone,0.0,False
JPY,core_cpi,inflation,dead_zone,0.0,False
JPY,ppi_yoy,inflation,no_data,,False
JPY,gdp_qoq,growth,no_data,,False
JPY,manufacturing_pmi,growth,no_data,,False
JPY,services_pmi,growth,no_data,,False
JPY,retail_sales,growth,scored_nonzero,-2.0,False
JPY,employment_change,labour,no_data,,False
JPY,unemployment_rate,labour,scored_nonzero,-2.0,False
JPY,wage_growth,labour,scored_nonzero,-1.0,False
JPY,rate_expectations,monetary,dead_zone,0.0,False
NZD,cpi_yoy,inflation,scored_nonzero,1.0,False
NZD,core_cpi,inflation,no_data,,False
NZD,ppi_yoy,inflation,dead_zone,0.0,False
NZD,gdp_qoq,growth,scored_nonzero,-1.0,False
NZD,manufacturing_pmi,growth,no_consensus,0.0,False
NZD,services_pmi,growth,no_consensus,0.0,False
NZD,retail_sales,growth,dead_zone,0.0,False
NZD,employment_change,labour,dead_zone,0.0,False
NZD,unemployment_rate,labour,dead_zone,0.0,False
NZD,wage_growth,labour,dead_zone,0.0,False
NZD,rate_expectations,monetary,no_data,,False
USD,cpi_yoy,inflation,dead_zone,0.0,False
USD,core_cpi,inflation,dead_zone,0.0,False
USD,ppi_yoy,inflation,stale,0.0,True
USD,core_pce,inflation,dead_zone,0.0,False
USD,gdp_qoq,growth,dead_zone,0.0,False
USD,manufacturing_pmi,growth,stale,0.0,True
USD,services_pmi,growth,scored_nonzero,-1.0,False
USD,retail_sales,growth,scored_nonzero,1.0,False
USD,employment_change,labour,scored_nonzero,-1.0,False
USD,unemployment_rate,labour,stale,0.0,True
USD,wage_growth,labour,stale,0.0,True
USD,adp,labour,stale,0.0,True
USD,jolts,labour,dead_zone,0.0,False
USD,jobless_claims,labour,stale,1.0,True
USD,rate_expectations,monetary,dead_zone,0.0,False
AUD,cpi_yoy,inflation,scored_nonzero,2.0,False
AUD,core_cpi,inflation,scored_nonzero,1.0,False
AUD,ppi_yoy,inflation,dead_zone,0.0,False
AUD,gdp_qoq,growth,scored_nonzero,1.0,False
AUD,manufacturing_pmi,growth,no_data,,False
AUD,services_pmi,growth,no_data,,False
AUD,retail_sales,growth,stale,2.0,True
AUD,employment_change,labour,dead_zone,0.0,False
AUD,unemployment_rate,labour,stale,0.0,True
AUD,wage_growth,labour,dead_zone,0.0,False
AUD,rate_expectations,monetary,dead_zone,0.0,False
CAD,cpi_yoy,inflation,scored_nonzero,1.0,False
CAD,core_cpi,inflation,no_consensus,0.0,False
CAD,ppi_yoy,inflation,scored_nonzero,2.0,False
CAD,gdp_qoq,growth,scored_nonzero,2.0,False
CAD,manufacturing_pmi,growth,stale,0.0,True
CAD,services_pmi,growth,no_data,,False
CAD,retail_sales,growth,dead_zone,0.0,False
CAD,employment_change,labour,scored_nonzero,1.0,False
CAD,unemployment_rate,labour,dead_zone,0.0,False
CAD,wage_growth,labour,no_data,,False
CAD,rate_expectations,monetary,dead_zone,0.0,False
CHF,cpi_yoy,inflation,dead_zone,0.0,False
CHF,core_cpi,inflation,no_data,,False
CHF,ppi_yoy,inflation,dead_zone,0.0,False
CHF,gdp_qoq,growth,dead_zone,0.0,False
CHF,manufacturing_pmi,growth,no_data,,False
CHF,services_pmi,growth,no_data,,False
CHF,retail_sales,growth,dead_zone,0.0,False
CHF,employment_change,labour,no_data,,False
CHF,unemployment_rate,labour,scored_nonzero,-1.0,False
CHF,wage_growth,labour,no_data,,False
CHF,rate_expectations,monetary,no_data,,False
EUR,cpi_yoy,inflation,stale,0.0,True
EUR,core_cpi,inflation,stale,1.0,True
EUR,ppi_yoy,inflation,scored_nonzero,-1.0,False
EUR,gdp_qoq,growth,scored_nonzero,1.0,False
EUR,manufacturing_pmi,growth,no_data,,False
EUR,services_pmi,growth,no_data,,False
EUR,retail_sales,growth,dead_zone,0.0,False
EUR,employment_change,labour,dead_zone,0.0,False
EUR,unemployment_rate,labour,dead_zone,0.0,False
EUR,wage_growth,labour,no_data,,False
EUR,rate_expectations,monetary,dead_zone,0.0,False
GBP,cpi_yoy,inflation,scored_nonzero,-1.0,False
GBP,core_cpi,inflation,scored_nonzero,-1.0,False
GBP,ppi_yoy,inflation,no_consensus,0.0,False
GBP,gdp_qoq,growth,dead_zone,0.0,False
GBP,manufacturing_pmi,growth,stale,0.0,True
GBP,services_pmi,growth,dead_zone,0.0,False
GBP,retail_sales,growth,scored_nonzero,1.0,False
GBP,employment_change,labour,dead_zone,0.0,False
GBP,unemployment_rate,labour,scored_nonzero,-1.0,False
GBP,wage_growth,labour,scored_nonzero,1.0,False
GBP,rate_expectations,monetary,scored_nonzero,-2.0,False
JPY,cpi_yoy,inflation,dead_zone,0.0,False
JPY,core_cpi,inflation,dead_zone,0.0,False
JPY,ppi_yoy,inflation,no_data,,False
JPY,gdp_qoq,growth,no_data,,False
JPY,manufacturing_pmi,growth,no_data,,False
JPY,services_pmi,growth,no_data,,False
JPY,retail_sales,growth,dead_zone,0.0,False
JPY,employment_change,labour,no_data,,False
JPY,unemployment_rate,labour,scored_nonzero,-1.0,False
JPY,wage_growth,labour,scored_nonzero,-1.0,False
JPY,rate_expectations,monetary,dead_zone,0.0,False
NZD,cpi_yoy,inflation,scored_nonzero,1.0,False
NZD,core_cpi,inflation,no_data,,False
NZD,ppi_yoy,inflation,dead_zone,0.0,False
NZD,gdp_qoq,growth,scored_nonzero,-1.0,False
NZD,manufacturing_pmi,growth,no_consensus,0.0,False
NZD,services_pmi,growth,no_consensus,0.0,False
NZD,retail_sales,growth,dead_zone,0.0,False
NZD,employment_change,labour,dead_zone,0.0,False
NZD,unemployment_rate,labour,dead_zone,0.0,False
NZD,wage_growth,labour,dead_zone,0.0,False
NZD,rate_expectations,monetary,no_data,,False
USD,cpi_yoy,inflation,scored_nonzero,-1.0,False
USD,core_cpi,inflation,scored_nonzero,-1.0,False
USD,ppi_yoy,inflation,stale,0.0,True
USD,core_pce,inflation,dead_zone,0.0,False
USD,gdp_qoq,growth,dead_zone,0.0,False
USD,manufacturing_pmi,growth,stale,0.0,True
USD,services_pmi,growth,scored_nonzero,-1.0,False
USD,retail_sales,growth,scored_nonzero,1.0,False
USD,employment_change,labour,scored_nonzero,-1.0,False
USD,unemployment_rate,labour,stale,0.0,True
USD,wage_growth,labour,stale,0.0,True
USD,adp,labour,stale,0.0,True
USD,jolts,labour,dead_zone,0.0,False
USD,jobless_claims,labour,stale,1.0,True
USD,rate_expectations,monetary,dead_zone,0.0,False
AUD,cpi_yoy,inflation,scored_nonzero,2.0,False
AUD,core_cpi,inflation,scored_nonzero,1.0,False
AUD,ppi_yoy,inflation,dead_zone,0.0,False
AUD,gdp_qoq,growth,scored_nonzero,1.0,False
AUD,manufacturing_pmi,growth,no_data,,False
AUD,services_pmi,growth,no_data,,False
AUD,retail_sales,growth,stale,2.0,True
AUD,employment_change,labour,dead_zone,0.0,False
AUD,unemployment_rate,labour,stale,0.0,True
AUD,wage_growth,labour,dead_zone,0.0,False
AUD,rate_expectations,monetary,dead_zone,0.0,False
CAD,cpi_yoy,inflation,scored_nonzero,1.0,False
CAD,core_cpi,inflation,no_consensus,0.0,False
CAD,ppi_yoy,inflation,scored_nonzero,2.0,False
CAD,gdp_qoq,growth,no_consensus,0.0,False
CAD,manufacturing_pmi,growth,no_consensus,0.0,False
CAD,services_pmi,growth,no_data,,False
CAD,retail_sales,growth,dead_zone,0.0,False
CAD,employment_change,labour,scored_nonzero,1.0,False
CAD,unemployment_rate,labour,dead_zone,0.0,False
CAD,wage_growth,labour,no_data,,False
CAD,rate_expectations,monetary,dead_zone,0.0,False
CHF,cpi_yoy,inflation,scored_nonzero,-2.0,False
CHF,core_cpi,inflation,no_data,,False
CHF,ppi_yoy,inflation,dead_zone,0.0,False
CHF,gdp_qoq,growth,dead_zone,0.0,False
CHF,manufacturing_pmi,growth,no_data,,False
CHF,services_pmi,growth,no_data,,False
CHF,retail_sales,growth,dead_zone,0.0,False
CHF,employment_change,labour,no_data,,False
CHF,unemployment_rate,labour,dead_zone,0.0,False
CHF,wage_growth,labour,no_data,,False
CHF,rate_expectations,monetary,no_data,,False
EUR,cpi_yoy,inflation,dead_zone,0.0,False
EUR,core_cpi,inflation,scored_nonzero,1.0,False
EUR,ppi_yoy,inflation,no_consensus,0.0,False
EUR,gdp_qoq,growth,scored_nonzero,1.0,False
EUR,manufacturing_pmi,growth,no_data,,False
EUR,services_pmi,growth,no_data,,False
EUR,retail_sales,growth,scored_nonzero,-2.0,False
EUR,employment_change,labour,dead_zone,0.0,False
EUR,unemployment_rate,labour,dead_zone,0.0,False
EUR,wage_growth,labour,no_data,,False
EUR,rate_expectations,monetary,dead_zone,0.0,False
GBP,cpi_yoy,inflation,scored_nonzero,-1.0,False
GBP,core_cpi,inflation,scored_nonzero,-1.0,False
GBP,ppi_yoy,inflation,no_consensus,0.0,False
GBP,gdp_qoq,growth,dead_zone,0.0,False
GBP,manufacturing_pmi,growth,dead_zone,0.0,False
GBP,services_pmi,growth,dead_zone,0.0,False
GBP,retail_sales,growth,scored_nonzero,1.0,False
GBP,employment_change,labour,dead_zone,0.0,False
GBP,unemployment_rate,labour,scored_nonzero,-1.0,False
GBP,wage_growth,labour,scored_nonzero,1.0,False
GBP,rate_expectations,monetary,scored_nonzero,-2.0,False
JPY,cpi_yoy,inflation,dead_zone,0.0,False
JPY,core_cpi,inflation,dead_zone,0.0,False
JPY,ppi_yoy,inflation,no_data,,False
JPY,gdp_qoq,growth,no_data,,False
JPY,manufacturing_pmi,growth,no_data,,False
JPY,services_pmi,growth,no_data,,False
JPY,retail_sales,growth,dead_zone,0.0,False
JPY,employment_change,labour,no_data,,False
JPY,unemployment_rate,labour,scored_nonzero,-1.0,False
JPY,wage_growth,labour,dead_zone,0.0,False
JPY,rate_expectations,monetary,dead_zone,0.0,False
NZD,cpi_yoy,inflation,scored_nonzero,1.0,False
NZD,core_cpi,inflation,no_data,,False
NZD,ppi_yoy,inflation,dead_zone,0.0,False
NZD,gdp_qoq,growth,scored_nonzero,-1.0,False
NZD,manufacturing_pmi,growth,no_consensus,0.0,False
NZD,services_pmi,growth,no_consensus,0.0,False
NZD,retail_sales,growth,dead_zone,0.0,False
NZD,employment_change,labour,dead_zone,0.0,False
NZD,unemployment_rate,labour,dead_zone,0.0,False
NZD,wage_growth,labour,dead_zone,0.0,False
NZD,rate_expectations,monetary,no_data,,False
USD,cpi_yoy,inflation,scored_nonzero,-1.0,False
USD,core_cpi,inflation,scored_nonzero,-1.0,False
USD,ppi_yoy,inflation,stale,0.0,True
USD,core_pce,inflation,dead_zone,0.0,False
USD,gdp_qoq,growth,dead_zone,0.0,False
USD,manufacturing_pmi,growth,dead_zone,0.0,False
USD,services_pmi,growth,scored_nonzero,1.0,False
USD,retail_sales,growth,stale,1.0,True
USD,employment_change,labour,scored_nonzero,-1.0,False
USD,unemployment_rate,labour,stale,0.0,True
USD,wage_growth,labour,stale,0.0,True
USD,adp,labour,dead_zone,0.0,False
USD,jolts,labour,dead_zone,0.0,False
USD,jobless_claims,labour,stale,1.0,True
USD,rate_expectations,monetary,dead_zone,0.0,False
AUD,cpi_yoy,inflation,scored_nonzero,2.0,False
AUD,core_cpi,inflation,scored_nonzero,1.0,False
AUD,ppi_yoy,inflation,dead_zone,0.0,False
AUD,gdp_qoq,growth,scored_nonzero,1.0,False
AUD,manufacturing_pmi,growth,no_data,,False
AUD,services_pmi,growth,no_data,,False
AUD,retail_sales,growth,stale,2.0,True
AUD,employment_change,labour,dead_zone,0.0,False
AUD,unemployment_rate,labour,scored_nonzero,1.0,False
AUD,wage_growth,labour,dead_zone,0.0,False
AUD,rate_expectations,monetary,scored_nonzero,2.0,False
CAD,cpi_yoy,inflation,scored_nonzero,1.0,False
CAD,core_cpi,inflation,no_consensus,0.0,False
CAD,ppi_yoy,inflation,scored_nonzero,2.0,False
CAD,gdp_qoq,growth,no_consensus,0.0,False
CAD,manufacturing_pmi,growth,no_consensus,0.0,False
CAD,services_pmi,growth,no_data,,False
CAD,retail_sales,growth,dead_zone,0.0,False
CAD,employment_change,labour,scored_nonzero,1.0,False
CAD,unemployment_rate,labour,scored_nonzero,1.0,False
CAD,wage_growth,labour,no_data,,False
CAD,rate_expectations,monetary,dead_zone,0.0,False
CHF,cpi_yoy,inflation,scored_nonzero,-2.0,False
CHF,core_cpi,inflation,no_data,,False
CHF,ppi_yoy,inflation,dead_zone,0.0,False
CHF,gdp_qoq,growth,dead_zone,0.0,False
CHF,manufacturing_pmi,growth,no_data,,False
CHF,services_pmi,growth,no_data,,False
CHF,retail_sales,growth,dead_zone,0.0,False
CHF,employment_change,labour,no_data,,False
CHF,unemployment_rate,labour,dead_zone,0.0,False
CHF,wage_growth,labour,no_data,,False
CHF,rate_expectations,monetary,no_data,,False
EUR,cpi_yoy,inflation,dead_zone,0.0,False
EUR,core_cpi,inflation,scored_nonzero,1.0,False
EUR,ppi_yoy,inflation,no_consensus,0.0,False
EUR,gdp_qoq,growth,scored_nonzero,1.0,False
EUR,manufacturing_pmi,growth,no_data,,False
EUR,services_pmi,growth,no_data,,False
EUR,retail_sales,growth,scored_nonzero,-2.0,False
EUR,employment_change,labour,dead_zone,0.0,False
EUR,unemployment_rate,labour,dead_zone,0.0,False
EUR,wage_growth,labour,no_data,,False
EUR,rate_expectations,monetary,scored_nonzero,1.0,False
GBP,cpi_yoy,inflation,scored_nonzero,-1.0,False
GBP,core_cpi,inflation,scored_nonzero,-1.0,False
GBP,ppi_yoy,inflation,no_consensus,0.0,False
GBP,gdp_qoq,growth,no_consensus,0.0,False
GBP,manufacturing_pmi,growth,dead_zone,0.0,False
GBP,services_pmi,growth,dead_zone,0.0,False
GBP,retail_sales,growth,scored_nonzero,1.0,False
GBP,employment_change,labour,dead_zone,0.0,False
GBP,unemployment_rate,labour,scored_nonzero,-2.0,False
GBP,wage_growth,labour,scored_nonzero,-1.0,False
GBP,rate_expectations,monetary,dead_zone,0.0,False
JPY,cpi_yoy,inflation,dead_zone,0.0,False
JPY,core_cpi,inflation,dead_zone,0.0,False
JPY,ppi_yoy,inflation,no_data,,False
JPY,gdp_qoq,growth,no_data,,False
JPY,manufacturing_pmi,growth,no_data,,False
JPY,services_pmi,growth,no_data,,False
JPY,retail_sales,growth,dead_zone,0.0,False
JPY,employment_change,labour,no_data,,False
JPY,unemployment_rate,labour,scored_nonzero,-1.0,False
JPY,wage_growth,labour,dead_zone,0.0,False
JPY,rate_expectations,monetary,dead_zone,0.0,False
NZD,cpi_yoy,inflation,scored_nonzero,1.0,False
NZD,core_cpi,inflation,no_data,,False
NZD,ppi_yoy,inflation,dead_zone,0.0,False
NZD,gdp_qoq,growth,scored_nonzero,-1.0,False
NZD,manufacturing_pmi,growth,no_consensus,0.0,False
NZD,services_pmi,growth,no_consensus,0.0,False
NZD,retail_sales,growth,dead_zone,0.0,False
NZD,employment_change,labour,dead_zone,0.0,False
NZD,unemployment_rate,labour,dead_zone,0.0,False
NZD,wage_growth,labour,dead_zone,0.0,False
NZD,rate_expectations,monetary,no_data,,False
USD,cpi_yoy,inflation,scored_nonzero,-1.0,False
USD,core_cpi,inflation,scored_nonzero,-1.0,False
USD,ppi_yoy,inflation,stale,0.0,True
USD,core_pce,inflation,stale,0.0,True
USD,gdp_qoq,growth,dead_zone,0.0,False
USD,manufacturing_pmi,growth,dead_zone,0.0,False
USD,services_pmi,growth,scored_nonzero,1.0,False
USD,retail_sales,growth,stale,1.0,True
USD,employment_change,labour,scored_nonzero,-1.0,False
USD,unemployment_rate,labour,stale,0.0,True
USD,wage_growth,labour,stale,0.0,True
USD,adp,labour,dead_zone,0.0,False
USD,jolts,labour,dead_zone,0.0,False
USD,jobless_claims,labour,stale,1.0,True
USD,rate_expectations,monetary,scored_nonzero,1.0,False
AUD,cpi_yoy,inflation,scored_nonzero,2.0,False
AUD,core_cpi,inflation,scored_nonzero,1.0,False
AUD,ppi_yoy,inflation,dead_zone,0.0,False
AUD,gdp_qoq,growth,scored_nonzero,1.0,False
AUD,manufacturing_pmi,growth,no_data,,False
AUD,services_pmi,growth,no_data,,False
AUD,retail_sales,growth,stale,2.0,True
AUD,employment_change,labour,dead_zone,0.0,False
AUD,unemployment_rate,labour,scored_nonzero,1.0,False
AUD,wage_growth,labour,dead_zone,0.0,False
AUD,rate_expectations,monetary,scored_nonzero,2.0,False
CAD,cpi_yoy,inflation,dead_zone,0.0,False
CAD,core_cpi,inflation,no_consensus,0.0,False
CAD,ppi_yoy,inflation,scored_nonzero,2.0,False
CAD,gdp_qoq,growth,no_consensus,0.0,False
CAD,manufacturing_pmi,growth,no_consensus,0.0,False
CAD,services_pmi,growth,no_data,,False
CAD,retail_sales,growth,dead_zone,0.0,False
CAD,employment_change,labour,scored_nonzero,1.0,False
CAD,unemployment_rate,labour,scored_nonzero,1.0,False
CAD,wage_growth,labour,no_data,,False
CAD,rate_expectations,monetary,dead_zone,0.0,False
CHF,cpi_yoy,inflation,scored_nonzero,-2.0,False
CHF,core_cpi,inflation,no_data,,False
CHF,ppi_yoy,inflation,dead_zone,0.0,False
CHF,gdp_qoq,growth,dead_zone,0.0,False
CHF,manufacturing_pmi,growth,no_data,,False
CHF,services_pmi,growth,no_data,,False
CHF,retail_sales,growth,dead_zone,0.0,False
CHF,employment_change,labour,no_data,,False
CHF,unemployment_rate,labour,dead_zone,0.0,False
CHF,wage_growth,labour,no_data,,False
CHF,rate_expectations,monetary,no_data,,False
EUR,cpi_yoy,inflation,dead_zone,0.0,False
EUR,core_cpi,inflation,scored_nonzero,1.0,False
EUR,ppi_yoy,inflation,no_consensus,0.0,False
EUR,gdp_qoq,growth,scored_nonzero,1.0,False
EUR,manufacturing_pmi,growth,no_data,,False
EUR,services_pmi,growth,no_data,,False
EUR,retail_sales,growth,scored_nonzero,-2.0,False
EUR,employment_change,labour,dead_zone,0.0,False
EUR,unemployment_rate,labour,dead_zone,0.0,False
EUR,wage_growth,labour,no_data,,False
EUR,rate_expectations,monetary,dead_zone,0.0,False
GBP,cpi_yoy,inflation,dead_zone,0.0,False
GBP,core_cpi,inflation,dead_zone,0.0,False
GBP,ppi_yoy,inflation,no_consensus,0.0,False
GBP,gdp_qoq,growth,no_consensus,0.0,False
GBP,manufacturing_pmi,growth,dead_zone,0.0,False
GBP,services_pmi,growth,dead_zone,0.0,False
GBP,retail_sales,growth,scored_nonzero,1.0,False
GBP,employment_change,labour,dead_zone,0.0,False
GBP,unemployment_rate,labour,scored_nonzero,-2.0,False
GBP,wage_growth,labour,scored_nonzero,-1.0,False
GBP,rate_expectations,monetary,dead_zone,0.0,False
JPY,cpi_yoy,inflation,dead_zone,0.0,False
JPY,core_cpi,inflation,dead_zone,0.0,False
JPY,ppi_yoy,inflation,no_data,,False
JPY,gdp_qoq,growth,no_data,,False
JPY,manufacturing_pmi,growth,no_data,,False
JPY,services_pmi,growth,no_data,,False
JPY,retail_sales,growth,dead_zone,0.0,False
JPY,employment_change,labour,no_data,,False
JPY,unemployment_rate,labour,scored_nonzero,-1.0,False
JPY,wage_growth,labour,dead_zone,0.0,False
JPY,rate_expectations,monetary,dead_zone,0.0,False
NZD,cpi_yoy,inflation,scored_nonzero,1.0,False
NZD,core_cpi,inflation,no_data,,False
NZD,ppi_yoy,inflation,dead_zone,0.0,False
NZD,gdp_qoq,growth,scored_nonzero,-1.0,False
NZD,manufacturing_pmi,growth,no_consensus,0.0,False
NZD,services_pmi,growth,no_consensus,0.0,False
NZD,retail_sales,growth,dead_zone,0.0,False
NZD,employment_change,labour,dead_zone,0.0,False
NZD,unemployment_rate,labour,dead_zone,0.0,False
NZD,wage_growth,labour,dead_zone,0.0,False
NZD,rate_expectations,monetary,no_data,,False
USD,cpi_yoy,inflation,scored_nonzero,-1.0,False
USD,core_cpi,inflation,scored_nonzero,-1.0,False
USD,ppi_yoy,inflation,stale,0.0,True
USD,core_pce,inflation,stale,0.0,True
USD,gdp_qoq,growth,stale,0.0,True
USD,manufacturing_pmi,growth,dead_zone,0.0,False
USD,services_pmi,growth,scored_nonzero,1.0,False
USD,retail_sales,growth,stale,1.0,True
USD,employment_change,labour,scored_nonzero,1.0,False
USD,unemployment_rate,labour,scored_nonzero,-1.0,False
USD,wage_growth,labour,scored_nonzero,-1.0,False
USD,adp,labour,dead_zone,0.0,False
USD,jolts,labour,stale,0.0,True
USD,jobless_claims,labour,dead_zone,0.0,False
USD,rate_expectations,monetary,dead_zone,0.0,False
AUD,cpi_yoy,inflation,scored_nonzero,1.0,False
AUD,core_cpi,inflation,scored_nonzero,1.0,False
AUD,ppi_yoy,inflation,dead_zone,0.0,False
AUD,gdp_qoq,growth,scored_nonzero,1.0,False
AUD,manufacturing_pmi,growth,no_data,,False
AUD,services_pmi,growth,no_data,,False
AUD,retail_sales,growth,stale,2.0,True
AUD,employment_change,labour,dead_zone,0.0,False
AUD,unemployment_rate,labour,scored_nonzero,1.0,False
AUD,wage_growth,labour,dead_zone,0.0,False
AUD,rate_expectations,monetary,scored_nonzero,2.0,False
CAD,cpi_yoy,inflation,dead_zone,0.0,False
CAD,core_cpi,inflation,no_consensus,0.0,False
CAD,ppi_yoy,inflation,scored_nonzero,2.0,False
CAD,gdp_qoq,growth,no_consensus,0.0,False
CAD,manufacturing_pmi,growth,no_consensus,0.0,False
CAD,services_pmi,growth,no_data,,False
CAD,retail_sales,growth,dead_zone,0.0,False
CAD,employment_change,labour,scored_nonzero,1.0,False
CAD,unemployment_rate,labour,scored_nonzero,1.0,False
CAD,wage_growth,labour,no_data,,False
CAD,rate_expectations,monetary,dead_zone,0.0,False
CHF,cpi_yoy,inflation,scored_nonzero,-2.0,False
CHF,core_cpi,inflation,no_data,,False
CHF,ppi_yoy,inflation,dead_zone,0.0,False
CHF,gdp_qoq,growth,dead_zone,0.0,False
CHF,manufacturing_pmi,growth,no_data,,False
CHF,services_pmi,growth,no_data,,False
CHF,retail_sales,growth,dead_zone,0.0,False
CHF,employment_change,labour,no_data,,False
CHF,unemployment_rate,labour,dead_zone,0.0,False
CHF,wage_growth,labour,no_data,,False
CHF,rate_expectations,monetary,no_data,,False
EUR,cpi_yoy,inflation,dead_zone,0.0,False
EUR,core_cpi,inflation,scored_nonzero,1.0,False
EUR,ppi_yoy,inflation,no_consensus,0.0,False
EUR,gdp_qoq,growth,scored_nonzero,1.0,False
EUR,manufacturing_pmi,growth,no_data,,False
EUR,services_pmi,growth,no_data,,False
EUR,retail_sales,growth,scored_nonzero,-2.0,False
EUR,employment_change,labour,dead_zone,0.0,False
EUR,unemployment_rate,labour,dead_zone,0.0,False
EUR,wage_growth,labour,no_data,,False
EUR,rate_expectations,monetary,dead_zone,0.0,False
GBP,cpi_yoy,inflation,dead_zone,0.0,False
GBP,core_cpi,inflation,dead_zone,0.0,False
GBP,ppi_yoy,inflation,no_consensus,0.0,False
GBP,gdp_qoq,growth,no_consensus,0.0,False
GBP,manufacturing_pmi,growth,dead_zone,0.0,False
GBP,services_pmi,growth,dead_zone,0.0,False
GBP,retail_sales,growth,scored_nonzero,-1.0,False
GBP,employment_change,labour,dead_zone,0.0,False
GBP,unemployment_rate,labour,scored_nonzero,-2.0,False
GBP,wage_growth,labour,scored_nonzero,-1.0,False
GBP,rate_expectations,monetary,dead_zone,0.0,False
JPY,cpi_yoy,inflation,dead_zone,0.0,False
JPY,core_cpi,inflation,dead_zone,0.0,False
JPY,ppi_yoy,inflation,no_data,,False
JPY,gdp_qoq,growth,no_data,,False
JPY,manufacturing_pmi,growth,no_data,,False
JPY,services_pmi,growth,no_data,,False
JPY,retail_sales,growth,dead_zone,0.0,False
JPY,employment_change,labour,no_data,,False
JPY,unemployment_rate,labour,scored_nonzero,-1.0,False
JPY,wage_growth,labour,dead_zone,0.0,False
JPY,rate_expectations,monetary,scored_nonzero,1.0,False
NZD,cpi_yoy,inflation,scored_nonzero,1.0,False
NZD,core_cpi,inflation,no_data,,False
NZD,ppi_yoy,inflation,dead_zone,0.0,False
NZD,gdp_qoq,growth,scored_nonzero,-1.0,False
NZD,manufacturing_pmi,growth,no_consensus,0.0,False
NZD,services_pmi,growth,no_consensus,0.0,False
NZD,retail_sales,growth,scored_nonzero,1.0,False
NZD,employment_change,labour,dead_zone,0.0,False
NZD,unemployment_rate,labour,dead_zone,0.0,False
NZD,wage_growth,labour,dead_zone,0.0,False
NZD,rate_expectations,monetary,no_data,,False
USD,cpi_yoy,inflation,scored_nonzero,-1.0,False
USD,core_cpi,inflation,scored_nonzero,-1.0,False
USD,ppi_yoy,inflation,dead_zone,0.0,False
USD,core_pce,inflation,stale,0.0,True
USD,gdp_qoq,growth,stale,0.0,True
USD,manufacturing_pmi,growth,dead_zone,0.0,False
USD,services_pmi,growth,scored_nonzero,1.0,False
USD,retail_sales,growth,dead_zone,0.0,False
USD,employment_change,labour,scored_nonzero,1.0,False
USD,unemployment_rate,labour,scored_nonzero,-1.0,False
USD,wage_growth,labour,scored_nonzero,-1.0,False
USD,adp,labour,dead_zone,0.0,False
USD,jolts,labour,stale,0.0,True
USD,jobless_claims,labour,scored_nonzero,1.0,False
USD,rate_expectations,monetary,dead_zone,0.0,False
AUD,cpi_yoy,inflation,scored_nonzero,1.0,False
AUD,core_cpi,inflation,scored_nonzero,1.0,False
AUD,ppi_yoy,inflation,dead_zone,0.0,False
AUD,gdp_qoq,growth,scored_nonzero,-2.0,False
AUD,manufacturing_pmi,growth,no_data,,False
AUD,services_pmi,growth,no_data,,False
AUD,retail_sales,growth,stale,2.0,True
AUD,employment_change,labour,dead_zone,0.0,False
AUD,unemployment_rate,labour,scored_nonzero,1.0,False
AUD,wage_growth,labour,dead_zone,0.0,False
AUD,rate_expectations,monetary,scored_nonzero,2.0,False
CAD,cpi_yoy,inflation,dead_zone,0.0,False
CAD,core_cpi,inflation,no_consensus,0.0,False
CAD,ppi_yoy,inflation,scored_nonzero,2.0,False
CAD,gdp_qoq,growth,dead_zone,0.0,False
CAD,manufacturing_pmi,growth,dead_zone,0.0,False
CAD,services_pmi,growth,no_data,,False
CAD,retail_sales,growth,dead_zone,0.0,False
CAD,employment_change,labour,scored_nonzero,1.0,False
CAD,unemployment_rate,labour,scored_nonzero,1.0,False
CAD,wage_growth,labour,no_data,,False
CAD,rate_expectations,monetary,scored_nonzero,2.0,False
CHF,cpi_yoy,inflation,scored_nonzero,-1.0,False
CHF,core_cpi,inflation,no_data,,False
CHF,ppi_yoy,inflation,dead_zone,0.0,False
CHF,gdp_qoq,growth,scored_nonzero,-1.0,False
CHF,manufacturing_pmi,growth,no_data,,False
CHF,services_pmi,growth,no_data,,False
CHF,retail_sales,growth,scored_nonzero,1.0,False
CHF,employment_change,labour,no_data,,False
CHF,unemployment_rate,labour,dead_zone,0.0,False
CHF,wage_growth,labour,no_data,,False
CHF,rate_expectations,monetary,no_data,,False
EUR,cpi_yoy,inflation,scored_nonzero,1.0,False
EUR,core_cpi,inflation,dead_zone,0.0,False
EUR,ppi_yoy,inflation,dead_zone,0.0,False
EUR,gdp_qoq,growth,scored_nonzero,1.0,False
EUR,manufacturing_pmi,growth,no_data,,False
EUR,services_pmi,growth,no_data,,False
EUR,retail_sales,growth,dead_zone,0.0,False
EUR,employment_change,labour,dead_zone,0.0,False
EUR,unemployment_rate,labour,scored_nonzero,-1.0,False
EUR,wage_growth,labour,no_data,,False
EUR,rate_expectations,monetary,scored_nonzero,1.0,False
GBP,cpi_yoy,inflation,dead_zone,0.0,False
GBP,core_cpi,inflation,dead_zone,0.0,False
GBP,ppi_yoy,inflation,no_consensus,0.0,False
GBP,gdp_qoq,growth,no_consensus,0.0,False
GBP,manufacturing_pmi,growth,dead_zone,0.0,False
GBP,services_pmi,growth,scored_nonzero,-1.0,False
GBP,retail_sales,growth,scored_nonzero,-1.0,False
GBP,employment_change,labour,dead_zone,0.0,False
GBP,unemployment_rate,labour,scored_nonzero,-2.0,False
GBP,wage_growth,labour,scored_nonzero,-1.0,False
GBP,rate_expectations,monetary,dead_zone,0.0,False
JPY,cpi_yoy,inflation,dead_zone,0.0,False
JPY,core_cpi,inflation,dead_zone,0.0,False
JPY,ppi_yoy,inflation,no_data,,False
JPY,gdp_qoq,growth,no_data,,False
JPY,manufacturing_pmi,growth,no_data,,False
JPY,services_pmi,growth,no_data,,False
JPY,retail_sales,growth,dead_zone,0.0,False
JPY,employment_change,labour,no_data,,False
JPY,unemployment_rate,labour,scored_nonzero,-1.0,False
JPY,wage_growth,labour,dead_zone,0.0,False
JPY,rate_expectations,monetary,scored_nonzero,2.0,False
NZD,cpi_yoy,inflation,scored_nonzero,1.0,False
NZD,core_cpi,inflation,no_data,,False
NZD,ppi_yoy,inflation,dead_zone,0.0,False
NZD,gdp_qoq,growth,scored_nonzero,-1.0,False
NZD,manufacturing_pmi,growth,no_consensus,0.0,False
NZD,services_pmi,growth,no_consensus,0.0,False
NZD,retail_sales,growth,scored_nonzero,1.0,False
NZD,employment_change,labour,dead_zone,0.0,False
NZD,unemployment_rate,labour,dead_zone,0.0,False
NZD,wage_growth,labour,dead_zone,0.0,False
NZD,rate_expectations,monetary,no_data,,False
USD,cpi_yoy,inflation,scored_nonzero,-1.0,False
USD,core_cpi,inflation,scored_nonzero,-1.0,False
USD,ppi_yoy,inflation,dead_zone,0.0,False
USD,core_pce,inflation,stale,0.0,True
USD,gdp_qoq,growth,stale,0.0,True
USD,manufacturing_pmi,growth,scored_nonzero,-1.0,False
USD,services_pmi,growth,dead_zone,0.0,False
USD,retail_sales,growth,dead_zone,0.0,False
USD,employment_change,labour,scored_nonzero,1.0,False
USD,unemployment_rate,labour,scored_nonzero,-1.0,False
USD,wage_growth,labour,scored_nonzero,-1.0,False
USD,adp,labour,dead_zone,0.0,False
USD,jolts,labour,stale,0.0,True
USD,jobless_claims,labour,scored_nonzero,2.0,False
USD,rate_expectations,monetary,dead_zone,0.0,False
AUD,cpi_yoy,inflation,scored_nonzero,1.0,False
AUD,core_cpi,inflation,scored_nonzero,1.0,False
AUD,ppi_yoy,inflation,dead_zone,0.0,False
AUD,gdp_qoq,growth,scored_nonzero,-2.0,False
AUD,manufacturing_pmi,growth,no_data,,False
AUD,services_pmi,growth,no_data,,False
AUD,retail_sales,growth,stale,2.0,True
AUD,employment_change,labour,scored_nonzero,-1.0,False
AUD,unemployment_rate,labour,scored_nonzero,1.0,False
AUD,wage_growth,labour,dead_zone,0.0,False
AUD,rate_expectations,monetary,scored_nonzero,2.0,False
CAD,cpi_yoy,inflation,dead_zone,0.0,False
CAD,core_cpi,inflation,no_consensus,0.0,False
CAD,ppi_yoy,inflation,scored_nonzero,2.0,False
CAD,gdp_qoq,growth,dead_zone,0.0,False
CAD,manufacturing_pmi,growth,dead_zone,0.0,False
CAD,services_pmi,growth,no_data,,False
CAD,retail_sales,growth,dead_zone,0.0,False
CAD,employment_change,labour,dead_zone,0.0,False
CAD,unemployment_rate,labour,scored_nonzero,1.0,False
CAD,wage_growth,labour,no_data,,False
CAD,rate_expectations,monetary,scored_nonzero,2.0,False
CHF,cpi_yoy,inflation,scored_nonzero,-1.0,False
CHF,core_cpi,inflation,no_data,,False
CHF,ppi_yoy,inflation,dead_zone,0.0,False
CHF,gdp_qoq,growth,scored_nonzero,-1.0,False
CHF,manufacturing_pmi,growth,no_data,,False
CHF,services_pmi,growth,no_data,,False
CHF,retail_sales,growth,scored_nonzero,1.0,False
CHF,employment_change,labour,no_data,,False
CHF,unemployment_rate,labour,dead_zone,0.0,False
CHF,wage_growth,labour,no_data,,False
CHF,rate_expectations,monetary,no_data,,False
EUR,cpi_yoy,inflation,scored_nonzero,1.0,False
EUR,core_cpi,inflation,dead_zone,0.0,False
EUR,ppi_yoy,inflation,dead_zone,0.0,False
EUR,gdp_qoq,growth,scored_nonzero,1.0,False
EUR,manufacturing_pmi,growth,no_data,,False
EUR,services_pmi,growth,no_data,,False
EUR,retail_sales,growth,dead_zone,0.0,False
EUR,employment_change,labour,dead_zone,0.0,False
EUR,unemployment_rate,labour,scored_nonzero,-1.0,False
EUR,wage_growth,labour,no_data,,False
EUR,rate_expectations,monetary,scored_nonzero,1.0,False
GBP,cpi_yoy,inflation,dead_zone,0.0,False
GBP,core_cpi,inflation,dead_zone,0.0,False
GBP,ppi_yoy,inflation,stale,0.0,True
GBP,gdp_qoq,growth,no_consensus,0.0,False
GBP,manufacturing_pmi,growth,dead_zone,0.0,False
GBP,services_pmi,growth,scored_nonzero,-1.0,False
GBP,retail_sales,growth,scored_nonzero,-1.0,False
GBP,employment_change,labour,dead_zone,0.0,False
GBP,unemployment_rate,labour,scored_nonzero,-2.0,False
GBP,wage_growth,labour,scored_nonzero,-1.0,False
GBP,rate_expectations,monetary,scored_nonzero,1.0,False
JPY,cpi_yoy,inflation,dead_zone,0.0,False
JPY,core_cpi,inflation,dead_zone,0.0,False
JPY,ppi_yoy,inflation,no_data,,False
JPY,gdp_qoq,growth,no_data,,False
JPY,manufacturing_pmi,growth,no_data,,False
JPY,services_pmi,growth,no_data,,False
JPY,retail_sales,growth,dead_zone,0.0,False
JPY,employment_change,labour,no_data,,False
JPY,unemployment_rate,labour,scored_nonzero,-1.0,False
JPY,wage_growth,labour,dead_zone,0.0,False
JPY,rate_expectations,monetary,scored_nonzero,2.0,False
NZD,cpi_yoy,inflation,scored_nonzero,1.0,False
NZD,core_cpi,inflation,no_data,,False
NZD,ppi_yoy,inflation,dead_zone,0.0,False
NZD,gdp_qoq,growth,scored_nonzero,-1.0,False
NZD,manufacturing_pmi,growth,no_consensus,0.0,False
NZD,services_pmi,growth,no_consensus,0.0,False
NZD,retail_sales,growth,scored_nonzero,1.0,False
NZD,employment_change,labour,dead_zone,0.0,False
NZD,unemployment_rate,labour,dead_zone,0.0,False
NZD,wage_growth,labour,dead_zone,0.0,False
NZD,rate_expectations,monetary,no_data,,False
USD,cpi_yoy,inflation,stale,-1.0,True
USD,core_cpi,inflation,stale,-1.0,True
USD,ppi_yoy,inflation,dead_zone,0.0,False
USD,core_pce,inflation,stale,0.0,True
USD,gdp_qoq,growth,stale,0.0,True
USD,manufacturing_pmi,growth,scored_nonzero,-1.0,False
USD,services_pmi,growth,dead_zone,0.0,False
USD,retail_sales,growth,dead_zone,0.0,False
USD,employment_change,labour,scored_nonzero,1.0,False
USD,unemployment_rate,labour,scored_nonzero,-1.0,False
USD,wage_growth,labour,scored_nonzero,-1.0,False
USD,adp,labour,dead_zone,0.0,False
USD,jolts,labour,scored_nonzero,2.0,False
USD,jobless_claims,labour,scored_nonzero,-1.0,False
USD,rate_expectations,monetary,dead_zone,0.0,False
AUD,cpi_yoy,inflation,scored_nonzero,1.0,False
AUD,core_cpi,inflation,scored_nonzero,1.0,False
AUD,ppi_yoy,inflation,dead_zone,0.0,False
AUD,gdp_qoq,growth,scored_nonzero,-2.0,False
AUD,manufacturing_pmi,growth,no_data,,False
AUD,services_pmi,growth,no_data,,False
AUD,retail_sales,growth,stale,2.0,True
AUD,employment_change,labour,scored_nonzero,-1.0,False
AUD,unemployment_rate,labour,scored_nonzero,1.0,False
AUD,wage_growth,labour,dead_zone,0.0,False
AUD,rate_expectations,monetary,scored_nonzero,2.0,False
CAD,cpi_yoy,inflation,dead_zone,0.0,False
CAD,core_cpi,inflation,no_consensus,0.0,False
CAD,ppi_yoy,inflation,scored_nonzero,2.0,False
CAD,gdp_qoq,growth,dead_zone,0.0,False
CAD,manufacturing_pmi,growth,dead_zone,0.0,False
CAD,services_pmi,growth,no_data,,False
CAD,retail_sales,growth,dead_zone,0.0,False
CAD,employment_change,labour,dead_zone,0.0,False
CAD,unemployment_rate,labour,scored_nonzero,1.0,False
CAD,wage_growth,labour,no_data,,False
CAD,rate_expectations,monetary,scored_nonzero,1.0,False
CHF,cpi_yoy,inflation,scored_nonzero,-1.0,False
CHF,core_cpi,inflation,no_data,,False
CHF,ppi_yoy,inflation,scored_nonzero,-2.0,False
CHF,gdp_qoq,growth,scored_nonzero,-1.0,False
CHF,manufacturing_pmi,growth,no_data,,False
CHF,services_pmi,growth,no_data,,False
CHF,retail_sales,growth,scored_nonzero,1.0,False
CHF,employment_change,labour,no_data,,False
CHF,unemployment_rate,labour,dead_zone,0.0,False
CHF,wage_growth,labour,no_data,,False
CHF,rate_expectations,monetary,no_data,,False
EUR,cpi_yoy,inflation,scored_nonzero,1.0,False
EUR,core_cpi,inflation,dead_zone,0.0,False
EUR,ppi_yoy,inflation,dead_zone,0.0,False
EUR,gdp_qoq,growth,scored_nonzero,1.0,False
EUR,manufacturing_pmi,growth,no_data,,False
EUR,services_pmi,growth,no_data,,False
EUR,retail_sales,growth,dead_zone,0.0,False
EUR,employment_change,labour,dead_zone,0.0,False
EUR,unemployment_rate,labour,scored_nonzero,-1.0,False
EUR,wage_growth,labour,no_data,,False
EUR,rate_expectations,monetary,scored_nonzero,1.0,False
GBP,cpi_yoy,inflation,scored_nonzero,-2.0,False
GBP,core_cpi,inflation,scored_nonzero,-1.0,False
GBP,ppi_yoy,inflation,dead_zone,0.0,False
GBP,gdp_qoq,growth,scored_nonzero,-2.0,False
GBP,manufacturing_pmi,growth,dead_zone,0.0,False
GBP,services_pmi,growth,scored_nonzero,-1.0,False
GBP,retail_sales,growth,scored_nonzero,-1.0,False
GBP,employment_change,labour,dead_zone,0.0,False
GBP,unemployment_rate,labour,dead_zone,0.0,False
GBP,wage_growth,labour,scored_nonzero,2.0,False
GBP,rate_expectations,monetary,dead_zone,0.0,False
JPY,cpi_yoy,inflation,dead_zone,0.0,False
JPY,core_cpi,inflation,dead_zone,0.0,False
JPY,ppi_yoy,inflation,no_data,,False
JPY,gdp_qoq,growth,no_data,,False
JPY,manufacturing_pmi,growth,no_data,,False
JPY,services_pmi,growth,no_data,,False
JPY,retail_sales,growth,dead_zone,0.0,False
JPY,employment_change,labour,no_data,,False
JPY,unemployment_rate,labour,scored_nonzero,-1.0,False
JPY,wage_growth,labour,dead_zone,0.0,False
JPY,rate_expectations,monetary,scored_nonzero,2.0,False
NZD,cpi_yoy,inflation,scored_nonzero,1.0,False
NZD,core_cpi,inflation,no_data,,False
NZD,ppi_yoy,inflation,dead_zone,0.0,False
NZD,gdp_qoq,growth,dead_zone,0.0,False
NZD,manufacturing_pmi,growth,no_consensus,0.0,False
NZD,services_pmi,growth,no_consensus,0.0,False
NZD,retail_sales,growth,scored_nonzero,1.0,False
NZD,employment_change,labour,dead_zone,0.0,False
NZD,unemployment_rate,labour,dead_zone,0.0,False
NZD,wage_growth,labour,dead_zone,0.0,False
NZD,rate_expectations,monetary,no_data,,False
USD,cpi_yoy,inflation,scored_nonzero,-2.0,False
USD,core_cpi,inflation,stale,-1.0,True
USD,ppi_yoy,inflation,dead_zone,0.0,False
USD,core_pce,inflation,stale,0.0,True
USD,gdp_qoq,growth,stale,0.0,True
USD,manufacturing_pmi,growth,scored_nonzero,-1.0,False
USD,services_pmi,growth,dead_zone,0.0,False
USD,retail_sales,growth,dead_zone,0.0,False
USD,employment_change,labour,dead_zone,0.0,False
USD,unemployment_rate,labour,scored_nonzero,-1.0,False
USD,wage_growth,labour,scored_nonzero,-2.0,False
USD,adp,labour,dead_zone,0.0,False
USD,jolts,labour,scored_nonzero,2.0,False
USD,jobless_claims,labour,dead_zone,0.0,False
USD,rate_expectations,monetary,scored_nonzero,-1.0,False
AUD,cpi_yoy,inflation,scored_nonzero,1.0,False
AUD,core_cpi,inflation,scored_nonzero,1.0,False
AUD,ppi_yoy,inflation,dead_zone,0.0,False
AUD,gdp_qoq,growth,scored_nonzero,-2.0,False
AUD,manufacturing_pmi,growth,no_data,,False
AUD,services_pmi,growth,no_data,,False
AUD,retail_sales,growth,stale,2.0,True
AUD,employment_change,labour,scored_nonzero,-1.0,False
AUD,unemployment_rate,labour,scored_nonzero,1.0,False
AUD,wage_growth,labour,dead_zone,0.0,False
AUD,rate_expectations,monetary,scored_nonzero,2.0,False
CAD,cpi_yoy,inflation,dead_zone,0.0,False
CAD,core_cpi,inflation,no_consensus,0.0,False
CAD,ppi_yoy,inflation,scored_nonzero,1.0,False
CAD,gdp_qoq,growth,dead_zone,0.0,False
CAD,manufacturing_pmi,growth,dead_zone,0.0,False
CAD,services_pmi,growth,no_data,,False
CAD,retail_sales,growth,dead_zone,0.0,False
CAD,employment_change,labour,dead_zone,0.0,False
CAD,unemployment_rate,labour,stale,1.0,True
CAD,wage_growth,labour,no_data,,False
CAD,rate_expectations,monetary,scored_nonzero,2.0,False
CHF,cpi_yoy,inflation,scored_nonzero,-1.0,False
CHF,core_cpi,inflation,no_data,,False
CHF,ppi_yoy,inflation,scored_nonzero,-2.0,False
CHF,gdp_qoq,growth,scored_nonzero,-1.0,False
CHF,manufacturing_pmi,growth,no_data,,False
CHF,services_pmi,growth,no_data,,False
CHF,retail_sales,growth,scored_nonzero,1.0,False
CHF,employment_change,labour,no_data,,False
CHF,unemployment_rate,labour,dead_zone,0.0,False
CHF,wage_growth,labour,no_data,,False
CHF,rate_expectations,monetary,no_data,,False
EUR,cpi_yoy,inflation,scored_nonzero,1.0,False
EUR,core_cpi,inflation,dead_zone,0.0,False
EUR,ppi_yoy,inflation,dead_zone,0.0,False
EUR,gdp_qoq,growth,scored_nonzero,1.0,False
EUR,manufacturing_pmi,growth,no_data,,False
EUR,services_pmi,growth,no_data,,False
EUR,retail_sales,growth,dead_zone,0.0,False
EUR,employment_change,labour,dead_zone,0.0,False
EUR,unemployment_rate,labour,scored_nonzero,-1.0,False
EUR,wage_growth,labour,no_data,,False
EUR,rate_expectations,monetary,scored_nonzero,1.0,False
GBP,cpi_yoy,inflation,scored_nonzero,-2.0,False
GBP,core_cpi,inflation,scored_nonzero,-1.0,False
GBP,ppi_yoy,inflation,dead_zone,0.0,False
GBP,gdp_qoq,growth,scored_nonzero,-2.0,False
GBP,manufacturing_pmi,growth,dead_zone,0.0,False
GBP,services_pmi,growth,scored_nonzero,-1.0,False
GBP,retail_sales,growth,dead_zone,0.0,False
GBP,employment_change,labour,dead_zone,0.0,False
GBP,unemployment_rate,labour,dead_zone,0.0,False
GBP,wage_growth,labour,scored_nonzero,2.0,False
GBP,rate_expectations,monetary,scored_nonzero,1.0,False
JPY,cpi_yoy,inflation,dead_zone,0.0,False
JPY,core_cpi,inflation,dead_zone,0.0,False
JPY,ppi_yoy,inflation,no_data,,False
JPY,gdp_qoq,growth,no_data,,False
JPY,manufacturing_pmi,growth,no_data,,False
JPY,services_pmi,growth,no_data,,False
JPY,retail_sales,growth,dead_zone,0.0,False
JPY,employment_change,labour,no_data,,False
JPY,unemployment_rate,labour,dead_zone,0.0,False
JPY,wage_growth,labour,dead_zone,0.0,False
JPY,rate_expectations,monetary,scored_nonzero,2.0,False
NZD,cpi_yoy,inflation,scored_nonzero,1.0,False
NZD,core_cpi,inflation,no_data,,False
NZD,ppi_yoy,inflation,dead_zone,0.0,False
NZD,gdp_qoq,growth,dead_zone,0.0,False
NZD,manufacturing_pmi,growth,no_consensus,0.0,False
NZD,services_pmi,growth,no_consensus,0.0,False
NZD,retail_sales,growth,scored_nonzero,1.0,False
NZD,employment_change,labour,dead_zone,0.0,False
NZD,unemployment_rate,labour,dead_zone,0.0,False
NZD,wage_growth,labour,dead_zone,0.0,False
NZD,rate_expectations,monetary,no_data,,False
USD,cpi_yoy,inflation,scored_nonzero,-2.0,False
USD,core_cpi,inflation,stale,-1.0,True
USD,ppi_yoy,inflation,dead_zone,0.0,False
USD,core_pce,inflation,stale,0.0,True
USD,gdp_qoq,growth,stale,0.0,True
USD,manufacturing_pmi,growth,scored_nonzero,-1.0,False
USD,services_pmi,growth,dead_zone,0.0,False
USD,retail_sales,growth,dead_zone,0.0,False
USD,employment_change,labour,dead_zone,0.0,False
USD,unemployment_rate,labour,scored_nonzero,-1.0,False
USD,wage_growth,labour,scored_nonzero,-2.0,False
USD,adp,labour,dead_zone,0.0,False
USD,jolts,labour,scored_nonzero,2.0,False
USD,jobless_claims,labour,dead_zone,0.0,False
USD,rate_expectations,monetary,dead_zone,0.0,False
AUD,cpi_yoy,inflation,scored_nonzero,1.0,False
AUD,core_cpi,inflation,scored_nonzero,1.0,False
AUD,ppi_yoy,inflation,dead_zone,0.0,False
AUD,gdp_qoq,growth,scored_nonzero,-2.0,False
AUD,manufacturing_pmi,growth,no_data,,False
AUD,services_pmi,growth,no_data,,False
AUD,retail_sales,growth,stale,2.0,True
AUD,employment_change,labour,scored_nonzero,-1.0,False
AUD,unemployment_rate,labour,scored_nonzero,1.0,False
AUD,wage_growth,labour,dead_zone,0.0,False
AUD,rate_expectations,monetary,scored_nonzero,2.0,False
CAD,cpi_yoy,inflation,dead_zone,0.0,False
CAD,core_cpi,inflation,no_consensus,0.0,False
CAD,ppi_yoy,inflation,scored_nonzero,1.0,False
CAD,gdp_qoq,growth,dead_zone,0.0,False
CAD,manufacturing_pmi,growth,dead_zone,0.0,False
CAD,services_pmi,growth,no_data,,False
CAD,retail_sales,growth,dead_zone,0.0,False
CAD,employment_change,labour,dead_zone,0.0,False
CAD,unemployment_rate,labour,stale,1.0,True
CAD,wage_growth,labour,no_data,,False
CAD,rate_expectations,monetary,scored_nonzero,1.0,False
CHF,cpi_yoy,inflation,scored_nonzero,-1.0,False
CHF,core_cpi,inflation,no_data,,False
CHF,ppi_yoy,inflation,scored_nonzero,-2.0,False
CHF,gdp_qoq,growth,scored_nonzero,-1.0,False
CHF,manufacturing_pmi,growth,no_data,,False
CHF,services_pmi,growth,no_data,,False
CHF,retail_sales,growth,scored_nonzero,1.0,False
CHF,employment_change,labour,no_data,,False
CHF,unemployment_rate,labour,dead_zone,0.0,False
CHF,wage_growth,labour,no_data,,False
CHF,rate_expectations,monetary,no_data,,False
EUR,cpi_yoy,inflation,scored_nonzero,1.0,False
EUR,core_cpi,inflation,dead_zone,0.0,False
EUR,ppi_yoy,inflation,dead_zone,0.0,False
EUR,gdp_qoq,growth,scored_nonzero,1.0,False
EUR,manufacturing_pmi,growth,no_data,,False
EUR,services_pmi,growth,no_data,,False
EUR,retail_sales,growth,dead_zone,0.0,False
EUR,employment_change,labour,dead_zone,0.0,False
EUR,unemployment_rate,labour,scored_nonzero,-1.0,False
EUR,wage_growth,labour,no_data,,False
EUR,rate_expectations,monetary,scored_nonzero,1.0,False
GBP,cpi_yoy,inflation,scored_nonzero,-2.0,False
GBP,core_cpi,inflation,scored_nonzero,-1.0,False
GBP,ppi_yoy,inflation,dead_zone,0.0,False
GBP,gdp_qoq,growth,scored_nonzero,-2.0,False
GBP,manufacturing_pmi,growth,dead_zone,0.0,False
GBP,services_pmi,growth,scored_nonzero,-1.0,False
GBP,retail_sales,growth,dead_zone,0.0,False
GBP,employment_change,labour,dead_zone,0.0,False
GBP,unemployment_rate,labour,dead_zone,0.0,False
GBP,wage_growth,labour,scored_nonzero,2.0,False
GBP,rate_expectations,monetary,scored_nonzero,1.0,False
JPY,cpi_yoy,inflation,dead_zone,0.0,False
JPY,core_cpi,inflation,dead_zone,0.0,False
JPY,ppi_yoy,inflation,no_data,,False
JPY,gdp_qoq,growth,no_data,,False
JPY,manufacturing_pmi,growth,no_data,,False
JPY,services_pmi,growth,no_data,,False
JPY,retail_sales,growth,dead_zone,0.0,False
JPY,employment_change,labour,no_data,,False
JPY,unemployment_rate,labour,dead_zone,0.0,False
JPY,wage_growth,labour,dead_zone,0.0,False
JPY,rate_expectations,monetary,scored_nonzero,2.0,False
NZD,cpi_yoy,inflation,scored_nonzero,1.0,False
NZD,core_cpi,inflation,no_data,,False
NZD,ppi_yoy,inflation,dead_zone,0.0,False
NZD,gdp_qoq,growth,dead_zone,0.0,False
NZD,manufacturing_pmi,growth,no_consensus,0.0,False
NZD,services_pmi,growth,no_consensus,0.0,False
NZD,retail_sales,growth,scored_nonzero,1.0,False
NZD,employment_change,labour,dead_zone,0.0,False
NZD,unemployment_rate,labour,dead_zone,0.0,False
NZD,wage_growth,labour,dead_zone,0.0,False
NZD,rate_expectations,monetary,no_data,,False
USD,cpi_yoy,inflation,scored_nonzero,-2.0,False
USD,core_cpi,inflation,stale,-1.0,True
USD,ppi_yoy,inflation,dead_zone,0.0,False
USD,core_pce,inflation,stale,0.0,True
USD,gdp_qoq,growth,stale,0.0,True
USD,manufacturing_pmi,growth,scored_nonzero,-1.0,False
USD,services_pmi,growth,dead_zone,0.0,False
USD,retail_sales,growth,dead_zone,0.0,False
USD,employment_change,labour,dead_zone,0.0,False
USD,unemployment_rate,labour,scored_nonzero,-1.0,False
USD,wage_growth,labour,scored_nonzero,-2.0,False
USD,adp,labour,dead_zone,0.0,False
USD,jolts,labour,scored_nonzero,2.0,False
USD,jobless_claims,labour,scored_nonzero,1.0,False
USD,rate_expectations,monetary,dead_zone,0.0,False
AUD,cpi_yoy,inflation,scored_nonzero,-1.0,False
AUD,core_cpi,inflation,scored_nonzero,1.0,False
AUD,ppi_yoy,inflation,dead_zone,0.0,False
AUD,gdp_qoq,growth,scored_nonzero,-2.0,False
AUD,manufacturing_pmi,growth,no_data,,False
AUD,services_pmi,growth,no_data,,False
AUD,retail_sales,growth,stale,2.0,True
AUD,employment_change,labour,scored_nonzero,-1.0,False
AUD,unemployment_rate,labour,scored_nonzero,1.0,False
AUD,wage_growth,labour,dead_zone,0.0,False
AUD,rate_expectations,monetary,dead_zone,0.0,False
CAD,cpi_yoy,inflation,dead_zone,0.0,False
CAD,core_cpi,inflation,no_consensus,0.0,False
CAD,ppi_yoy,inflation,scored_nonzero,1.0,False
CAD,gdp_qoq,growth,dead_zone,0.0,False
CAD,manufacturing_pmi,growth,no_consensus,0.0,False
CAD,services_pmi,growth,no_data,,False
CAD,retail_sales,growth,dead_zone,0.0,False
CAD,employment_change,labour,dead_zone,0.0,False
CAD,unemployment_rate,labour,stale,1.0,True
CAD,wage_growth,labour,no_data,,False
CAD,rate_expectations,monetary,scored_nonzero,-1.0,False
CHF,cpi_yoy,inflation,scored_nonzero,-1.0,False
CHF,core_cpi,inflation,no_data,,False
CHF,ppi_yoy,inflation,scored_nonzero,-2.0,False
CHF,gdp_qoq,growth,scored_nonzero,-1.0,False
CHF,manufacturing_pmi,growth,scored_nonzero,-1.0,False
CHF,services_pmi,growth,no_data,,False
CHF,retail_sales,growth,dead_zone,0.0,False
CHF,employment_change,labour,no_data,,False
CHF,unemployment_rate,labour,dead_zone,0.0,False
CHF,wage_growth,labour,no_data,,False
CHF,rate_expectations,monetary,no_data,,False
EUR,cpi_yoy,inflation,dead_zone,0.0,False
EUR,core_cpi,inflation,scored_nonzero,-1.0,False
EUR,ppi_yoy,inflation,dead_zone,0.0,False
EUR,gdp_qoq,growth,scored_nonzero,1.0,False
EUR,manufacturing_pmi,growth,no_data,,False
EUR,services_pmi,growth,no_data,,False
EUR,retail_sales,growth,dead_zone,0.0,False
EUR,employment_change,labour,dead_zone,0.0,False
EUR,unemployment_rate,labour,scored_nonzero,1.0,False
EUR,wage_growth,labour,no_data,,False
EUR,rate_expectations,monetary,dead_zone,0.0,False
GBP,cpi_yoy,inflation,scored_nonzero,-2.0,False
GBP,core_cpi,inflation,scored_nonzero,-1.0,False
GBP,ppi_yoy,inflation,dead_zone,0.0,False
GBP,gdp_qoq,growth,scored_nonzero,-2.0,False
GBP,manufacturing_pmi,growth,scored_nonzero,-1.0,False
GBP,services_pmi,growth,scored_nonzero,-1.0,False
GBP,retail_sales,growth,dead_zone,0.0,False
GBP,employment_change,labour,dead_zone,0.0,False
GBP,unemployment_rate,labour,dead_zone,0.0,False
GBP,wage_growth,labour,scored_nonzero,2.0,False
GBP,rate_expectations,monetary,scored_nonzero,-1.0,False
JPY,cpi_yoy,inflation,dead_zone,0.0,False
JPY,core_cpi,inflation,dead_zone,0.0,False
JPY,ppi_yoy,inflation,no_data,,False
JPY,gdp_qoq,growth,no_data,,False
JPY,manufacturing_pmi,growth,no_data,,False
JPY,services_pmi,growth,no_data,,False
JPY,retail_sales,growth,dead_zone,0.0,False
JPY,employment_change,labour,no_data,,False
JPY,unemployment_rate,labour,dead_zone,0.0,False
JPY,wage_growth,labour,scored_nonzero,-2.0,False
JPY,rate_expectations,monetary,scored_nonzero,1.0,False
NZD,cpi_yoy,inflation,scored_nonzero,1.0,False
NZD,core_cpi,inflation,no_data,,False
NZD,ppi_yoy,inflation,dead_zone,0.0,False
NZD,gdp_qoq,growth,dead_zone,0.0,False
NZD,manufacturing_pmi,growth,no_consensus,0.0,False
NZD,services_pmi,growth,no_consensus,0.0,False
NZD,retail_sales,growth,scored_nonzero,1.0,False
NZD,employment_change,labour,dead_zone,0.0,False
NZD,unemployment_rate,labour,dead_zone,0.0,False
NZD,wage_growth,labour,dead_zone,0.0,False
NZD,rate_expectations,monetary,no_data,,False
USD,cpi_yoy,inflation,scored_nonzero,-2.0,False
USD,core_cpi,inflation,stale,-1.0,True
USD,ppi_yoy,inflation,dead_zone,0.0,False
USD,core_pce,inflation,stale,0.0,True
USD,gdp_qoq,growth,stale,0.0,True
USD,manufacturing_pmi,growth,dead_zone,0.0,False
USD,services_pmi,growth,scored_nonzero,1.0,False
USD,retail_sales,growth,dead_zone,0.0,False
USD,employment_change,labour,dead_zone,0.0,False
USD,unemployment_rate,labour,scored_nonzero,-1.0,False
USD,wage_growth,labour,scored_nonzero,-2.0,False
USD,adp,labour,dead_zone,0.0,False
USD,jolts,labour,scored_nonzero,-1.0,False
USD,jobless_claims,labour,dead_zone,0.0,False
USD,rate_expectations,monetary,dead_zone,0.0,False
AUD,cpi_yoy,inflation,scored_nonzero,-1.0,False
AUD,core_cpi,inflation,scored_nonzero,1.0,False
AUD,ppi_yoy,inflation,dead_zone,0.0,False
AUD,gdp_qoq,growth,scored_nonzero,-2.0,False
AUD,manufacturing_pmi,growth,no_data,,False
AUD,services_pmi,growth,no_data,,False
AUD,retail_sales,growth,stale,2.0,True
AUD,employment_change,labour,scored_nonzero,-1.0,False
AUD,unemployment_rate,labour,scored_nonzero,1.0,False
AUD,wage_growth,labour,dead_zone,0.0,False
AUD,rate_expectations,monetary,dead_zone,0.0,False
CAD,cpi_yoy,inflation,dead_zone,0.0,False
CAD,core_cpi,inflation,no_consensus,0.0,False
CAD,ppi_yoy,inflation,scored_nonzero,1.0,False
CAD,gdp_qoq,growth,dead_zone,0.0,False
CAD,manufacturing_pmi,growth,no_consensus,0.0,False
CAD,services_pmi,growth,no_data,,False
CAD,retail_sales,growth,dead_zone,0.0,False
CAD,employment_change,labour,dead_zone,0.0,False
CAD,unemployment_rate,labour,scored_nonzero,-1.0,False
CAD,wage_growth,labour,no_data,,False
CAD,rate_expectations,monetary,dead_zone,0.0,False
CHF,cpi_yoy,inflation,scored_nonzero,-1.0,False
CHF,core_cpi,inflation,no_data,,False
CHF,ppi_yoy,inflation,scored_nonzero,-2.0,False
CHF,gdp_qoq,growth,scored_nonzero,-1.0,False
CHF,manufacturing_pmi,growth,scored_nonzero,-1.0,False
CHF,services_pmi,growth,no_data,,False
CHF,retail_sales,growth,dead_zone,0.0,False
CHF,employment_change,labour,no_data,,False
CHF,unemployment_rate,labour,dead_zone,0.0,False
CHF,wage_growth,labour,no_data,,False
CHF,rate_expectations,monetary,no_data,,False
EUR,cpi_yoy,inflation,dead_zone,0.0,False
EUR,core_cpi,inflation,scored_nonzero,-1.0,False
EUR,ppi_yoy,inflation,dead_zone,0.0,False
EUR,gdp_qoq,growth,scored_nonzero,1.0,False
EUR,manufacturing_pmi,growth,no_data,,False
EUR,services_pmi,growth,no_data,,False
EUR,retail_sales,growth,dead_zone,0.0,False
EUR,employment_change,labour,dead_zone,0.0,False
EUR,unemployment_rate,labour,scored_nonzero,1.0,False
EUR,wage_growth,labour,no_data,,False
EUR,rate_expectations,monetary,dead_zone,0.0,False
GBP,cpi_yoy,inflation,scored_nonzero,-2.0,False
GBP,core_cpi,inflation,scored_nonzero,-1.0,False
GBP,ppi_yoy,inflation,dead_zone,0.0,False
GBP,gdp_qoq,growth,scored_nonzero,2.0,False
GBP,manufacturing_pmi,growth,scored_nonzero,-1.0,False
GBP,services_pmi,growth,scored_nonzero,-1.0,False
GBP,retail_sales,growth,dead_zone,0.0,False
GBP,employment_change,labour,dead_zone,0.0,False
GBP,unemployment_rate,labour,dead_zone,0.0,False
GBP,wage_growth,labour,scored_nonzero,2.0,False
GBP,rate_expectations,monetary,dead_zone,0.0,False
JPY,cpi_yoy,inflation,dead_zone,0.0,False
JPY,core_cpi,inflation,dead_zone,0.0,False
JPY,ppi_yoy,inflation,no_data,,False
JPY,gdp_qoq,growth,no_data,,False
JPY,manufacturing_pmi,growth,no_data,,False
JPY,services_pmi,growth,no_data,,False
JPY,retail_sales,growth,dead_zone,0.0,False
JPY,employment_change,labour,no_data,,False
JPY,unemployment_rate,labour,dead_zone,0.0,False
JPY,wage_growth,labour,scored_nonzero,-2.0,False
JPY,rate_expectations,monetary,scored_nonzero,2.0,False
NZD,cpi_yoy,inflation,scored_nonzero,1.0,False
NZD,core_cpi,inflation,no_data,,False
NZD,ppi_yoy,inflation,dead_zone,0.0,False
NZD,gdp_qoq,growth,dead_zone,0.0,False
NZD,manufacturing_pmi,growth,no_consensus,0.0,False
NZD,services_pmi,growth,no_consensus,0.0,False
NZD,retail_sales,growth,scored_nonzero,1.0,False
NZD,employment_change,labour,dead_zone,0.0,False
NZD,unemployment_rate,labour,dead_zone,0.0,False
NZD,wage_growth,labour,dead_zone,0.0,False
NZD,rate_expectations,monetary,no_data,,False
USD,cpi_yoy,inflation,dead_zone,0.0,False
USD,core_cpi,inflation,scored_nonzero,-1.0,False
USD,ppi_yoy,inflation,dead_zone,0.0,False
USD,core_pce,inflation,stale,0.0,True
USD,gdp_qoq,growth,stale,0.0,True
USD,manufacturing_pmi,growth,dead_zone,0.0,False
USD,services_pmi,growth,scored_nonzero,1.0,False
USD,retail_sales,growth,dead_zone,0.0,False
USD,employment_change,labour,dead_zone,0.0,False
USD,unemployment_rate,labour,scored_nonzero,1.0,False
USD,wage_growth,labour,dead_zone,0.0,False
USD,adp,labour,dead_zone,0.0,False
USD,jolts,labour,scored_nonzero,-1.0,False
USD,jobless_claims,labour,scored_nonzero,1.0,False
USD,rate_expectations,monetary,scored_nonzero,1.0,False
AUD,cpi_yoy,inflation,scored_nonzero,-1.0,False
AUD,core_cpi,inflation,scored_nonzero,1.0,False
AUD,ppi_yoy,inflation,dead_zone,0.0,False
AUD,gdp_qoq,growth,scored_nonzero,-2.0,False
AUD,manufacturing_pmi,growth,no_consensus,0.0,False
AUD,services_pmi,growth,no_consensus,0.0,False
AUD,retail_sales,growth,stale,2.0,True
AUD,employment_change,labour,scored_nonzero,1.0,False
AUD,unemployment_rate,labour,scored_nonzero,2.0,False
AUD,wage_growth,labour,dead_zone,0.0,False
AUD,rate_expectations,monetary,dead_zone,0.0,False
CAD,cpi_yoy,inflation,scored_nonzero,1.0,False
CAD,core_cpi,inflation,no_consensus,0.0,False
CAD,ppi_yoy,inflation,scored_nonzero,-2.0,False
CAD,gdp_qoq,growth,dead_zone,0.0,False
CAD,manufacturing_pmi,growth,no_consensus,0.0,False
CAD,services_pmi,growth,no_data,,False
CAD,retail_sales,growth,dead_zone,0.0,False
CAD,employment_change,labour,dead_zone,0.0,False
CAD,unemployment_rate,labour,scored_nonzero,-1.0,False
CAD,wage_growth,labour,no_data,,False
CAD,rate_expectations,monetary,dead_zone,0.0,False
CHF,cpi_yoy,inflation,stale,-1.0,True
CHF,core_cpi,inflation,no_data,,False
CHF,ppi_yoy,inflation,dead_zone,0.0,False
CHF,gdp_qoq,growth,scored_nonzero,-1.0,False
CHF,manufacturing_pmi,growth,scored_nonzero,-1.0,False
CHF,services_pmi,growth,no_data,,False
CHF,retail_sales,growth,dead_zone,0.0,False
CHF,employment_change,labour,no_data,,False
CHF,unemployment_rate,labour,dead_zone,0.0,False
CHF,wage_growth,labour,no_data,,False
CHF,rate_expectations,monetary,no_data,,False
EUR,cpi_yoy,inflation,dead_zone,0.0,False
EUR,core_cpi,inflation,scored_nonzero,-1.0,False
EUR,ppi_yoy,inflation,dead_zone,0.0,False
EUR,gdp_qoq,growth,scored_nonzero,1.0,False
EUR,manufacturing_pmi,growth,no_data,,False
EUR,services_pmi,growth,no_data,,False
EUR,retail_sales,growth,dead_zone,0.0,False
EUR,employment_change,labour,dead_zone,0.0,False
EUR,unemployment_rate,labour,scored_nonzero,1.0,False
EUR,wage_growth,labour,no_data,,False
EUR,rate_expectations,monetary,dead_zone,0.0,False
GBP,cpi_yoy,inflation,dead_zone,0.0,False
GBP,core_cpi,inflation,dead_zone,0.0,False
GBP,ppi_yoy,inflation,dead_zone,0.0,False
GBP,gdp_qoq,growth,scored_nonzero,2.0,False
GBP,manufacturing_pmi,growth,scored_nonzero,-1.0,False
GBP,services_pmi,growth,scored_nonzero,-1.0,False
GBP,retail_sales,growth,dead_zone,0.0,False
GBP,employment_change,labour,dead_zone,0.0,False
GBP,unemployment_rate,labour,dead_zone,0.0,False
GBP,wage_growth,labour,dead_zone,0.0,False
GBP,rate_expectations,monetary,dead_zone,0.0,False
JPY,cpi_yoy,inflation,dead_zone,0.0,False
JPY,core_cpi,inflation,dead_zone,0.0,False
JPY,ppi_yoy,inflation,no_data,,False
JPY,gdp_qoq,growth,no_data,,False
JPY,manufacturing_pmi,growth,no_data,,False
JPY,services_pmi,growth,no_data,,False
JPY,retail_sales,growth,dead_zone,0.0,False
JPY,employment_change,labour,no_data,,False
JPY,unemployment_rate,labour,dead_zone,0.0,False
JPY,wage_growth,labour,scored_nonzero,-2.0,False
JPY,rate_expectations,monetary,scored_nonzero,2.0,False
NZD,cpi_yoy,inflation,dead_zone,0.0,False
NZD,core_cpi,inflation,no_data,,False
NZD,ppi_yoy,inflation,dead_zone,0.0,False
NZD,gdp_qoq,growth,dead_zone,0.0,False
NZD,manufacturing_pmi,growth,no_consensus,0.0,False
NZD,services_pmi,growth,no_consensus,0.0,False
NZD,retail_sales,growth,scored_nonzero,1.0,False
NZD,employment_change,labour,dead_zone,0.0,False
NZD,unemployment_rate,labour,dead_zone,0.0,False
NZD,wage_growth,labour,dead_zone,0.0,False
NZD,rate_expectations,monetary,no_data,,False
USD,cpi_yoy,inflation,dead_zone,0.0,False
USD,core_cpi,inflation,scored_nonzero,-1.0,False
USD,ppi_yoy,inflation,dead_zone,0.0,False
USD,core_pce,inflation,dead_zone,0.0,False
USD,gdp_qoq,growth,stale,0.0,True
USD,manufacturing_pmi,growth,dead_zone,0.0,False
USD,services_pmi,growth,scored_nonzero,1.0,False
USD,retail_sales,growth,dead_zone,0.0,False
USD,employment_change,labour,dead_zone,0.0,False
USD,unemployment_rate,labour,scored_nonzero,1.0,False
USD,wage_growth,labour,dead_zone,0.0,False
USD,adp,labour,dead_zone,0.0,False
USD,jolts,labour,scored_nonzero,-1.0,False
USD,jobless_claims,labour,scored_nonzero,1.0,False
USD,rate_expectations,monetary,scored_nonzero,2.0,False
AUD,cpi_yoy,inflation,scored_nonzero,1.0,False
AUD,core_cpi,inflation,scored_nonzero,1.0,False
AUD,ppi_yoy,inflation,dead_zone,0.0,False
AUD,gdp_qoq,growth,scored_nonzero,-2.0,False
AUD,manufacturing_pmi,growth,no_consensus,0.0,False
AUD,services_pmi,growth,no_consensus,0.0,False
AUD,retail_sales,growth,stale,2.0,True
AUD,employment_change,labour,scored_nonzero,1.0,False
AUD,unemployment_rate,labour,scored_nonzero,2.0,False
AUD,wage_growth,labour,dead_zone,0.0,False
AUD,rate_expectations,monetary,scored_nonzero,1.0,False
CAD,cpi_yoy,inflation,scored_nonzero,1.0,False
CAD,core_cpi,inflation,no_consensus,0.0,False
CAD,ppi_yoy,inflation,scored_nonzero,-2.0,False
CAD,gdp_qoq,growth,dead_zone,0.0,False
CAD,manufacturing_pmi,growth,no_consensus,0.0,False
CAD,services_pmi,growth,no_data,,False
CAD,retail_sales,growth,dead_zone,0.0,False
CAD,employment_change,labour,dead_zone,0.0,False
CAD,unemployment_rate,labour,scored_nonzero,-1.0,False
CAD,wage_growth,labour,no_data,,False
CAD,rate_expectations,monetary,dead_zone,0.0,False
CHF,cpi_yoy,inflation,stale,-1.0,True
CHF,core_cpi,inflation,no_data,,False
CHF,ppi_yoy,inflation,dead_zone,0.0,False
CHF,gdp_qoq,growth,scored_nonzero,-1.0,False
CHF,manufacturing_pmi,growth,scored_nonzero,-1.0,False
CHF,services_pmi,growth,no_data,,False
CHF,retail_sales,growth,dead_zone,0.0,False
CHF,employment_change,labour,no_data,,False
CHF,unemployment_rate,labour,dead_zone,0.0,False
CHF,wage_growth,labour,no_data,,False
CHF,rate_expectations,monetary,no_data,,False
EUR,cpi_yoy,inflation,dead_zone,0.0,False
EUR,core_cpi,inflation,scored_nonzero,-1.0,False
EUR,ppi_yoy,inflation,dead_zone,0.0,False
EUR,gdp_qoq,growth,scored_nonzero,1.0,False
EUR,manufacturing_pmi,growth,dead_zone,0.0,False
EUR,services_pmi,growth,dead_zone,0.0,False
EUR,retail_sales,growth,dead_zone,0.0,False
EUR,employment_change,labour,dead_zone,0.0,False
EUR,unemployment_rate,labour,scored_nonzero,1.0,False
EUR,wage_growth,labour,no_data,,False
EUR,rate_expectations,monetary,dead_zone,0.0,False
GBP,cpi_yoy,inflation,dead_zone,0.0,False
GBP,core_cpi,inflation,dead_zone,0.0,False
GBP,ppi_yoy,inflation,dead_zone,0.0,False
GBP,gdp_qoq,growth,scored_nonzero,2.0,False
GBP,manufacturing_pmi,growth,scored_nonzero,-1.0,False
GBP,services_pmi,growth,scored_nonzero,-1.0,False
GBP,retail_sales,growth,dead_zone,0.0,False
GBP,employment_change,labour,dead_zone,0.0,False
GBP,unemployment_rate,labour,dead_zone,0.0,False
GBP,wage_growth,labour,dead_zone,0.0,False
GBP,rate_expectations,monetary,dead_zone,0.0,False
JPY,cpi_yoy,inflation,dead_zone,0.0,False
JPY,core_cpi,inflation,dead_zone,0.0,False
JPY,ppi_yoy,inflation,no_data,,False
JPY,gdp_qoq,growth,no_data,,False
JPY,manufacturing_pmi,growth,scored_nonzero,1.0,False
JPY,services_pmi,growth,no_data,,False
JPY,retail_sales,growth,scored_nonzero,-1.0,False
JPY,employment_change,labour,no_data,,False
JPY,unemployment_rate,labour,dead_zone,0.0,False
JPY,wage_growth,labour,scored_nonzero,-2.0,False
JPY,rate_expectations,monetary,scored_nonzero,2.0,False
NZD,cpi_yoy,inflation,dead_zone,0.0,False
NZD,core_cpi,inflation,no_data,,False
NZD,ppi_yoy,inflation,dead_zone,0.0,False
NZD,gdp_qoq,growth,dead_zone,0.0,False
NZD,manufacturing_pmi,growth,no_consensus,0.0,False
NZD,services_pmi,growth,no_consensus,0.0,False
NZD,retail_sales,growth,scored_nonzero,1.0,False
NZD,employment_change,labour,dead_zone,0.0,False
NZD,unemployment_rate,labour,dead_zone,0.0,False
NZD,wage_growth,labour,dead_zone,0.0,False
NZD,rate_expectations,monetary,no_data,,False
USD,cpi_yoy,inflation,dead_zone,0.0,False
USD,core_cpi,inflation,scored_nonzero,-1.0,False
USD,ppi_yoy,inflation,dead_zone,0.0,False
USD,core_pce,inflation,dead_zone,0.0,False
USD,gdp_qoq,growth,stale,0.0,True
USD,manufacturing_pmi,growth,dead_zone,0.0,False
USD,services_pmi,growth,scored_nonzero,1.0,False
USD,retail_sales,growth,dead_zone,0.0,False
USD,employment_change,labour,dead_zone,0.0,False
USD,unemployment_rate,labour,scored_nonzero,1.0,False
USD,wage_growth,labour,dead_zone,0.0,False
USD,adp,labour,dead_zone,0.0,False
USD,jolts,labour,scored_nonzero,-1.0,False
USD,jobless_claims,labour,dead_zone,0.0,False
USD,rate_expectations,monetary,dead_zone,0.0,False
AUD,cpi_yoy,inflation,scored_nonzero,1.0,False
AUD,core_cpi,inflation,scored_nonzero,1.0,False
AUD,ppi_yoy,inflation,dead_zone,0.0,False
AUD,gdp_qoq,growth,scored_nonzero,-2.0,False
AUD,manufacturing_pmi,growth,no_consensus,0.0,False
AUD,services_pmi,growth,no_consensus,0.0,False
AUD,retail_sales,growth,stale,2.0,True
AUD,employment_change,labour,scored_nonzero,1.0,False
AUD,unemployment_rate,labour,scored_nonzero,2.0,False
AUD,wage_growth,labour,dead_zone,0.0,False
AUD,rate_expectations,monetary,scored_nonzero,1.0,False
CAD,cpi_yoy,inflation,scored_nonzero,1.0,False
CAD,core_cpi,inflation,no_consensus,0.0,False
CAD,ppi_yoy,inflation,scored_nonzero,-2.0,False
CAD,gdp_qoq,growth,dead_zone,0.0,False
CAD,manufacturing_pmi,growth,no_consensus,0.0,False
CAD,services_pmi,growth,no_data,,False
CAD,retail_sales,growth,dead_zone,0.0,False
CAD,employment_change,labour,dead_zone,0.0,False
CAD,unemployment_rate,labour,scored_nonzero,-1.0,False
CAD,wage_growth,labour,no_data,,False
CAD,rate_expectations,monetary,dead_zone,0.0,False
CHF,cpi_yoy,inflation,stale,-1.0,True
CHF,core_cpi,inflation,no_data,,False
CHF,ppi_yoy,inflation,dead_zone,0.0,False
CHF,gdp_qoq,growth,scored_nonzero,-1.0,False
CHF,manufacturing_pmi,growth,scored_nonzero,1.0,False
CHF,services_pmi,growth,no_data,,False
CHF,retail_sales,growth,dead_zone,0.0,False
CHF,employment_change,labour,no_data,,False
CHF,unemployment_rate,labour,dead_zone,0.0,False
CHF,wage_growth,labour,no_data,,False
CHF,rate_expectations,monetary,no_data,,False
EUR,cpi_yoy,inflation,dead_zone,0.0,False
EUR,core_cpi,inflation,scored_nonzero,-1.0,False
EUR,ppi_yoy,inflation,dead_zone,0.0,False
EUR,gdp_qoq,growth,scored_nonzero,1.0,False
EUR,manufacturing_pmi,growth,dead_zone,0.0,False
EUR,services_pmi,growth,dead_zone,0.0,False
EUR,retail_sales,growth,scored_nonzero,-2.0,False
EUR,employment_change,labour,dead_zone,0.0,False
EUR,unemployment_rate,labour,scored_nonzero,1.0,False
EUR,wage_growth,labour,no_data,,False
EUR,rate_expectations,monetary,dead_zone,0.0,False
GBP,cpi_yoy,inflation,dead_zone,0.0,False
GBP,core_cpi,inflation,dead_zone,0.0,False
GBP,ppi_yoy,inflation,stale,0.0,True
GBP,gdp_qoq,growth,scored_nonzero,2.0,False
GBP,manufacturing_pmi,growth,dead_zone,0.0,False
GBP,services_pmi,growth,dead_zone,0.0,False
GBP,retail_sales,growth,dead_zone,0.0,False
GBP,employment_change,labour,dead_zone,0.0,False
GBP,unemployment_rate,labour,dead_zone,0.0,False
GBP,wage_growth,labour,dead_zone,0.0,False
GBP,rate_expectations,monetary,dead_zone,0.0,False
JPY,cpi_yoy,inflation,dead_zone,0.0,False
JPY,core_cpi,inflation,dead_zone,0.0,False
JPY,ppi_yoy,inflation,no_data,,False
JPY,gdp_qoq,growth,no_data,,False
JPY,manufacturing_pmi,growth,scored_nonzero,1.0,False
JPY,services_pmi,growth,no_data,,False
JPY,retail_sales,growth,scored_nonzero,-1.0,False
JPY,employment_change,labour,no_data,,False
JPY,unemployment_rate,labour,dead_zone,0.0,False
JPY,wage_growth,labour,scored_nonzero,-2.0,False
JPY,rate_expectations,monetary,scored_nonzero,2.0,False
NZD,cpi_yoy,inflation,dead_zone,0.0,False
NZD,core_cpi,inflation,no_data,,False
NZD,ppi_yoy,inflation,dead_zone,0.0,False
NZD,gdp_qoq,growth,dead_zone,0.0,False
NZD,manufacturing_pmi,growth,no_consensus,0.0,False
NZD,services_pmi,growth,no_consensus,0.0,False
NZD,retail_sales,growth,scored_nonzero,1.0,False
NZD,employment_change,labour,dead_zone,0.0,False
NZD,unemployment_rate,labour,scored_nonzero,-1.0,False
NZD,wage_growth,labour,scored_nonzero,-1.0,False
NZD,rate_expectations,monetary,no_data,,False
USD,cpi_yoy,inflation,dead_zone,0.0,False
USD,core_cpi,inflation,scored_nonzero,-1.0,False
USD,ppi_yoy,inflation,scored_nonzero,1.0,False
USD,core_pce,inflation,dead_zone,0.0,False
USD,gdp_qoq,growth,stale,0.0,True
USD,manufacturing_pmi,growth,scored_nonzero,2.0,False
USD,services_pmi,growth,dead_zone,0.0,False
USD,retail_sales,growth,dead_zone,0.0,False
USD,employment_change,labour,dead_zone,0.0,False
USD,unemployment_rate,labour,scored_nonzero,1.0,False
USD,wage_growth,labour,dead_zone,0.0,False
USD,adp,labour,dead_zone,0.0,False
USD,jolts,labour,scored_nonzero,-2.0,False
USD,jobless_claims,labour,scored_nonzero,-1.0,False
USD,rate_expectations,monetary,dead_zone,0.0,False
AUD,cpi_yoy,inflation,scored_nonzero,1.0,False
AUD,core_cpi,inflation,scored_nonzero,1.0,False
AUD,ppi_yoy,inflation,dead_zone,0.0,False
AUD,gdp_qoq,growth,scored_nonzero,-2.0,False
AUD,manufacturing_pmi,growth,no_consensus,0.0,False
AUD,services_pmi,growth,no_consensus,0.0,False
AUD,retail_sales,growth,stale,2.0,True
AUD,employment_change,labour,scored_nonzero,1.0,False
AUD,unemployment_rate,labour,scored_nonzero,2.0,False
AUD,wage_growth,labour,dead_zone,0.0,False
AUD,rate_expectations,monetary,scored_nonzero,1.0,False
CAD,cpi_yoy,inflation,scored_nonzero,1.0,False
CAD,core_cpi,inflation,no_consensus,0.0,False
CAD,ppi_yoy,inflation,scored_nonzero,-2.0,False
CAD,gdp_qoq,growth,dead_zone,0.0,False
CAD,manufacturing_pmi,growth,no_consensus,0.0,False
CAD,services_pmi,growth,no_data,,False
CAD,retail_sales,growth,dead_zone,0.0,False
CAD,employment_change,labour,dead_zone,0.0,False
CAD,unemployment_rate,labour,scored_nonzero,2.0,False
CAD,wage_growth,labour,no_data,,False
CAD,rate_expectations,monetary,dead_zone,0.0,False
CHF,cpi_yoy,inflation,stale,-1.0,True
CHF,core_cpi,inflation,no_data,,False
CHF,ppi_yoy,inflation,dead_zone,0.0,False
CHF,gdp_qoq,growth,scored_nonzero,-1.0,False
CHF,manufacturing_pmi,growth,scored_nonzero,1.0,False
CHF,services_pmi,growth,no_data,,False
CHF,retail_sales,growth,dead_zone,0.0,False
CHF,employment_change,labour,no_data,,False
CHF,unemployment_rate,labour,scored_nonzero,2.0,False
CHF,wage_growth,labour,no_data,,False
CHF,rate_expectations,monetary,no_data,,False
EUR,cpi_yoy,inflation,dead_zone,0.0,False
EUR,core_cpi,inflation,scored_nonzero,-1.0,False
EUR,ppi_yoy,inflation,dead_zone,0.0,False
EUR,gdp_qoq,growth,scored_nonzero,1.0,False
EUR,manufacturing_pmi,growth,dead_zone,0.0,False
EUR,services_pmi,growth,dead_zone,0.0,False
EUR,retail_sales,growth,scored_nonzero,-2.0,False
EUR,employment_change,labour,dead_zone,0.0,False
EUR,unemployment_rate,labour,scored_nonzero,1.0,False
EUR,wage_growth,labour,no_data,,False
EUR,rate_expectations,monetary,scored_nonzero,-1.0,False
GBP,cpi_yoy,inflation,dead_zone,0.0,False
GBP,core_cpi,inflation,dead_zone,0.0,False
GBP,ppi_yoy,inflation,stale,0.0,True
GBP,gdp_qoq,growth,dead_zone,0.0,False
GBP,manufacturing_pmi,growth,dead_zone,0.0,False
GBP,services_pmi,growth,dead_zone,0.0,False
GBP,retail_sales,growth,dead_zone,0.0,False
GBP,employment_change,labour,dead_zone,0.0,False
GBP,unemployment_rate,labour,dead_zone,0.0,False
GBP,wage_growth,labour,dead_zone,0.0,False
GBP,rate_expectations,monetary,dead_zone,0.0,False
JPY,cpi_yoy,inflation,dead_zone,0.0,False
JPY,core_cpi,inflation,dead_zone,0.0,False
JPY,ppi_yoy,inflation,no_data,,False
JPY,gdp_qoq,growth,no_data,,False
JPY,manufacturing_pmi,growth,scored_nonzero,1.0,False
JPY,services_pmi,growth,no_data,,False
JPY,retail_sales,growth,scored_nonzero,-1.0,False
JPY,employment_change,labour,no_data,,False
JPY,unemployment_rate,labour,dead_zone,0.0,False
JPY,wage_growth,labour,dead_zone,0.0,False
JPY,rate_expectations,monetary,scored_nonzero,2.0,False
NZD,cpi_yoy,inflation,dead_zone,0.0,False
NZD,core_cpi,inflation,no_data,,False
NZD,ppi_yoy,inflation,dead_zone,0.0,False
NZD,gdp_qoq,growth,dead_zone,0.0,False
NZD,manufacturing_pmi,growth,no_consensus,0.0,False
NZD,services_pmi,growth,no_consensus,0.0,False
NZD,retail_sales,growth,scored_nonzero,1.0,False
NZD,employment_change,labour,dead_zone,0.0,False
NZD,unemployment_rate,labour,scored_nonzero,-1.0,False
NZD,wage_growth,labour,scored_nonzero,-1.0,False
NZD,rate_expectations,monetary,no_data,,False
USD,cpi_yoy,inflation,dead_zone,0.0,False
USD,core_cpi,inflation,scored_nonzero,-1.0,False
USD,ppi_yoy,inflation,no_consensus,0.0,False
USD,core_pce,inflation,no_consensus,0.0,False
USD,gdp_qoq,growth,stale,0.0,True
USD,manufacturing_pmi,growth,scored_nonzero,2.0,False
USD,services_pmi,growth,dead_zone,0.0,False
USD,retail_sales,growth,scored_nonzero,-1.0,False
USD,employment_change,labour,scored_nonzero,1.0,False
USD,unemployment_rate,labour,scored_nonzero,1.0,False
USD,wage_growth,labour,scored_nonzero,1.0,False
USD,adp,labour,dead_zone,0.0,False
USD,jolts,labour,scored_nonzero,-2.0,False
USD,jobless_claims,labour,dead_zone,0.0,False
USD,rate_expectations,monetary,scored_nonzero,-1.0,False
AUD,cpi_yoy,inflation,scored_nonzero,1.0,False
AUD,core_cpi,inflation,stale,1.0,True
AUD,ppi_yoy,inflation,dead_zone,0.0,False
AUD,gdp_qoq,growth,scored_nonzero,-2.0,False
AUD,manufacturing_pmi,growth,no_consensus,0.0,False
AUD,services_pmi,growth,no_consensus,0.0,False
AUD,retail_sales,growth,stale,2.0,True
AUD,employment_change,labour,dead_zone,0.0,False
AUD,unemployment_rate,labour,scored_nonzero,1.0,False
AUD,wage_growth,labour,dead_zone,0.0,False
AUD,rate_expectations,monetary,scored_nonzero,1.0,False
CAD,cpi_yoy,inflation,scored_nonzero,1.0,False
CAD,core_cpi,inflation,no_consensus,0.0,False
CAD,ppi_yoy,inflation,scored_nonzero,-2.0,False
CAD,gdp_qoq,growth,dead_zone,0.0,False
CAD,manufacturing_pmi,growth,no_consensus,0.0,False
CAD,services_pmi,growth,no_data,,False
CAD,retail_sales,growth,dead_zone,0.0,False
CAD,employment_change,labour,dead_zone,0.0,False
CAD,unemployment_rate,labour,scored_nonzero,2.0,False
CAD,wage_growth,labour,no_data,,False
CAD,rate_expectations,monetary,scored_nonzero,-1.0,False
CHF,cpi_yoy,inflation,no_consensus,0.0,False
CHF,core_cpi,inflation,no_data,,False
CHF,ppi_yoy,inflation,dead_zone,0.0,False
CHF,gdp_qoq,growth,scored_nonzero,-1.0,False
CHF,manufacturing_pmi,growth,scored_nonzero,1.0,False
CHF,services_pmi,growth,no_data,,False
CHF,retail_sales,growth,dead_zone,0.0,False
CHF,employment_change,labour,no_data,,False
CHF,unemployment_rate,labour,scored_nonzero,2.0,False
CHF,wage_growth,labour,no_data,,False
CHF,rate_expectations,monetary,no_data,,False
EUR,cpi_yoy,inflation,dead_zone,0.0,False
EUR,core_cpi,inflation,scored_nonzero,-1.0,False
EUR,ppi_yoy,inflation,dead_zone,0.0,False
EUR,gdp_qoq,growth,scored_nonzero,1.0,False
EUR,manufacturing_pmi,growth,dead_zone,0.0,False
EUR,services_pmi,growth,dead_zone,0.0,False
EUR,retail_sales,growth,scored_nonzero,-2.0,False
EUR,employment_change,labour,scored_nonzero,1.0,False
EUR,unemployment_rate,labour,scored_nonzero,1.0,False
EUR,wage_growth,labour,no_data,,False
EUR,rate_expectations,monetary,scored_nonzero,-1.0,False
GBP,cpi_yoy,inflation,dead_zone,0.0,False
GBP,core_cpi,inflation,dead_zone,0.0,False
GBP,ppi_yoy,inflation,stale,0.0,True
GBP,gdp_qoq,growth,dead_zone,0.0,False
GBP,manufacturing_pmi,growth,dead_zone,0.0,False
GBP,services_pmi,growth,dead_zone,0.0,False
GBP,retail_sales,growth,dead_zone,0.0,False
GBP,employment_change,labour,dead_zone,0.0,False
GBP,unemployment_rate,labour,dead_zone,0.0,False
GBP,wage_growth,labour,scored_nonzero,-2.0,False
GBP,rate_expectations,monetary,scored_nonzero,-2.0,False
JPY,cpi_yoy,inflation,dead_zone,0.0,False
JPY,core_cpi,inflation,dead_zone,0.0,False
JPY,ppi_yoy,inflation,no_data,,False
JPY,gdp_qoq,growth,scored_nonzero,-2.0,False
JPY,manufacturing_pmi,growth,scored_nonzero,1.0,False
JPY,services_pmi,growth,no_data,,False
JPY,retail_sales,growth,scored_nonzero,-1.0,False
JPY,employment_change,labour,no_data,,False
JPY,unemployment_rate,labour,dead_zone,0.0,False
JPY,wage_growth,labour,dead_zone,0.0,False
JPY,rate_expectations,monetary,dead_zone,0.0,False
NZD,cpi_yoy,inflation,dead_zone,0.0,False
NZD,core_cpi,inflation,no_data,,False
NZD,ppi_yoy,inflation,dead_zone,0.0,False
NZD,gdp_qoq,growth,dead_zone,0.0,False
NZD,manufacturing_pmi,growth,no_consensus,0.0,False
NZD,services_pmi,growth,no_consensus,0.0,False
NZD,retail_sales,growth,scored_nonzero,1.0,False
NZD,employment_change,labour,dead_zone,0.0,False
NZD,unemployment_rate,labour,scored_nonzero,-1.0,False
NZD,wage_growth,labour,scored_nonzero,-1.0,False
NZD,rate_expectations,monetary,no_data,,False
USD,cpi_yoy,inflation,dead_zone,0.0,False
USD,core_cpi,inflation,dead_zone,0.0,False
USD,ppi_yoy,inflation,no_consensus,0.0,False
USD,core_pce,inflation,no_consensus,0.0,False
USD,gdp_qoq,growth,stale,0.0,True
USD,manufacturing_pmi,growth,scored_nonzero,2.0,False
USD,services_pmi,growth,dead_zone,0.0,False
USD,retail_sales,growth,scored_nonzero,-1.0,False
USD,employment_change,labour,scored_nonzero,1.0,False
USD,unemployment_rate,labour,scored_nonzero,1.0,False
USD,wage_growth,labour,scored_nonzero,1.0,False
USD,adp,labour,dead_zone,0.0,False
USD,jolts,labour,scored_nonzero,-2.0,False
USD,jobless_claims,labour,scored_nonzero,1.0,False
USD,rate_expectations,monetary,scored_nonzero,-1.0,False
AUD,cpi_yoy,inflation,scored_nonzero,1.0,False
AUD,core_cpi,inflation,stale,1.0,True
AUD,ppi_yoy,inflation,dead_zone,0.0,False
AUD,gdp_qoq,growth,scored_nonzero,-2.0,False
AUD,manufacturing_pmi,growth,no_consensus,0.0,False
AUD,services_pmi,growth,no_consensus,0.0,False
AUD,retail_sales,growth,stale,2.0,True
AUD,employment_change,labour,dead_zone,0.0,False
AUD,unemployment_rate,labour,scored_nonzero,1.0,False
AUD,wage_growth,labour,dead_zone,0.0,False
AUD,rate_expectations,monetary,dead_zone,0.0,False
CAD,cpi_yoy,inflation,scored_nonzero,1.0,False
CAD,core_cpi,inflation,no_consensus,0.0,False
CAD,ppi_yoy,inflation,scored_nonzero,-2.0,False
CAD,gdp_qoq,growth,dead_zone,0.0,False
CAD,manufacturing_pmi,growth,no_consensus,0.0,False
CAD,services_pmi,growth,no_data,,False
CAD,retail_sales,growth,scored_nonzero,2.0,False
CAD,employment_change,labour,dead_zone,0.0,False
CAD,unemployment_rate,labour,scored_nonzero,2.0,False
CAD,wage_growth,labour,no_data,,False
CAD,rate_expectations,monetary,scored_nonzero,-2.0,False
CHF,cpi_yoy,inflation,no_consensus,0.0,False
CHF,core_cpi,inflation,no_data,,False
CHF,ppi_yoy,inflation,scored_nonzero,-1.0,False
CHF,gdp_qoq,growth,scored_nonzero,-1.0,False
CHF,manufacturing_pmi,growth,scored_nonzero,1.0,False
CHF,services_pmi,growth,no_data,,False
CHF,retail_sales,growth,dead_zone,0.0,False
CHF,employment_change,labour,no_data,,False
CHF,unemployment_rate,labour,scored_nonzero,2.0,False
CHF,wage_growth,labour,no_data,,False
CHF,rate_expectations,monetary,no_data,,False
EUR,cpi_yoy,inflation,dead_zone,0.0,False
EUR,core_cpi,inflation,scored_nonzero,-1.0,False
EUR,ppi_yoy,inflation,dead_zone,0.0,False
EUR,gdp_qoq,growth,scored_nonzero,1.0,False
EUR,manufacturing_pmi,growth,dead_zone,0.0,False
EUR,services_pmi,growth,dead_zone,0.0,False
EUR,retail_sales,growth,scored_nonzero,-2.0,False
EUR,employment_change,labour,scored_nonzero,1.0,False
EUR,unemployment_rate,labour,scored_nonzero,1.0,False
EUR,wage_growth,labour,no_data,,False
EUR,rate_expectations,monetary,dead_zone,0.0,False
GBP,cpi_yoy,inflation,dead_zone,0.0,False
GBP,core_cpi,inflation,dead_zone,0.0,False
GBP,ppi_yoy,inflation,stale,0.0,True
GBP,gdp_qoq,growth,dead_zone,0.0,False
GBP,manufacturing_pmi,growth,dead_zone,0.0,False
GBP,services_pmi,growth,dead_zone,0.0,False
GBP,retail_sales,growth,scored_nonzero,1.0,False
GBP,employment_change,labour,dead_zone,0.0,False
GBP,unemployment_rate,labour,dead_zone,0.0,False
GBP,wage_growth,labour,scored_nonzero,-2.0,False
GBP,rate_expectations,monetary,scored_nonzero,-2.0,False
JPY,cpi_yoy,inflation,dead_zone,0.0,False
JPY,core_cpi,inflation,dead_zone,0.0,False
JPY,ppi_yoy,inflation,no_data,,False
JPY,gdp_qoq,growth,scored_nonzero,-2.0,False
JPY,manufacturing_pmi,growth,scored_nonzero,1.0,False
JPY,services_pmi,growth,no_data,,False
JPY,retail_sales,growth,dead_zone,0.0,False
JPY,employment_change,labour,no_data,,False
JPY,unemployment_rate,labour,dead_zone,0.0,False
JPY,wage_growth,labour,dead_zone,0.0,False
JPY,rate_expectations,monetary,dead_zone,0.0,False
NZD,cpi_yoy,inflation,dead_zone,0.0,False
NZD,core_cpi,inflation,no_data,,False
NZD,ppi_yoy,inflation,dead_zone,0.0,False
NZD,gdp_qoq,growth,dead_zone,0.0,False
NZD,manufacturing_pmi,growth,no_consensus,0.0,False
NZD,services_pmi,growth,no_consensus,0.0,False
NZD,retail_sales,growth,scored_nonzero,1.0,False
NZD,employment_change,labour,dead_zone,0.0,False
NZD,unemployment_rate,labour,scored_nonzero,-1.0,False
NZD,wage_growth,labour,scored_nonzero,-1.0,False
NZD,rate_expectations,monetary,no_data,,False
USD,cpi_yoy,inflation,dead_zone,0.0,False
USD,core_cpi,inflation,dead_zone,0.0,False
USD,ppi_yoy,inflation,no_consensus,0.0,False
USD,core_pce,inflation,no_consensus,0.0,False
USD,gdp_qoq,growth,stale,0.0,True
USD,manufacturing_pmi,growth,scored_nonzero,2.0,False
USD,services_pmi,growth,dead_zone,0.0,False
USD,retail_sales,growth,scored_nonzero,-1.0,False
USD,employment_change,labour,scored_nonzero,1.0,False
USD,unemployment_rate,labour,scored_nonzero,1.0,False
USD,wage_growth,labour,scored_nonzero,1.0,False
USD,adp,labour,dead_zone,0.0,False
USD,jolts,labour,scored_nonzero,-2.0,False
USD,jobless_claims,labour,dead_zone,0.0,False
USD,rate_expectations,monetary,scored_nonzero,-2.0,False
AUD,cpi_yoy,inflation,scored_nonzero,1.0,False
AUD,core_cpi,inflation,stale,1.0,True
AUD,ppi_yoy,inflation,dead_zone,0.0,False
AUD,gdp_qoq,growth,dead_zone,0.0,False
AUD,manufacturing_pmi,growth,no_consensus,0.0,False
AUD,services_pmi,growth,no_consensus,0.0,False
AUD,retail_sales,growth,stale,2.0,True
AUD,employment_change,labour,dead_zone,0.0,False
AUD,unemployment_rate,labour,scored_nonzero,1.0,False
AUD,wage_growth,labour,dead_zone,0.0,False
AUD,rate_expectations,monetary,dead_zone,0.0,False
CAD,cpi_yoy,inflation,stale,1.0,True
CAD,core_cpi,inflation,no_consensus,0.0,False
CAD,ppi_yoy,inflation,scored_nonzero,-2.0,False
CAD,gdp_qoq,growth,scored_nonzero,2.0,False
CAD,manufacturing_pmi,growth,no_consensus,0.0,False
CAD,services_pmi,growth,no_data,,False
CAD,retail_sales,growth,scored_nonzero,2.0,False
CAD,employment_change,labour,dead_zone,0.0,False
CAD,unemployment_rate,labour,scored_nonzero,2.0,False
CAD,wage_growth,labour,no_data,,False
CAD,rate_expectations,monetary,dead_zone,0.0,False
CHF,cpi_yoy,inflation,scored_nonzero,1.0,False
CHF,core_cpi,inflation,no_data,,False
CHF,ppi_yoy,inflation,scored_nonzero,-1.0,False
CHF,gdp_qoq,growth,dead_zone,0.0,False
CHF,manufacturing_pmi,growth,scored_nonzero,-1.0,False
CHF,services_pmi,growth,no_data,,False
CHF,retail_sales,growth,scored_nonzero,-2.0,False
CHF,employment_change,labour,no_data,,False
CHF,unemployment_rate,labour,scored_nonzero,-2.0,False
CHF,wage_growth,labour,no_data,,False
CHF,rate_expectations,monetary,no_data,,False
EUR,cpi_yoy,inflation,scored_nonzero,2.0,False
EUR,core_cpi,inflation,scored_nonzero,2.0,False
EUR,ppi_yoy,inflation,scored_nonzero,2.0,False
EUR,gdp_qoq,growth,scored_nonzero,1.0,False
EUR,manufacturing_pmi,growth,dead_zone,0.0,False
EUR,services_pmi,growth,dead_zone,0.0,False
EUR,retail_sales,growth,scored_nonzero,-2.0,False
EUR,employment_change,labour,scored_nonzero,1.0,False
EUR,unemployment_rate,labour,scored_nonzero,1.0,False
EUR,wage_growth,labour,no_data,,False
EUR,rate_expectations,monetary,scored_nonzero,2.0,False
GBP,cpi_yoy,inflation,dead_zone,0.0,False
GBP,core_cpi,inflation,dead_zone,0.0,False
GBP,ppi_yoy,inflation,stale,0.0,True
GBP,gdp_qoq,growth,dead_zone,0.0,False
GBP,manufacturing_pmi,growth,dead_zone,0.0,False
GBP,services_pmi,growth,dead_zone,0.0,False
GBP,retail_sales,growth,scored_nonzero,1.0,False
GBP,employment_change,labour,dead_zone,0.0,False
GBP,unemployment_rate,labour,dead_zone,0.0,False
GBP,wage_growth,labour,scored_nonzero,-2.0,False
GBP,rate_expectations,monetary,scored_nonzero,2.0,False
JPY,cpi_yoy,inflation,dead_zone,0.0,False
JPY,core_cpi,inflation,dead_zone,0.0,False
JPY,ppi_yoy,inflation,no_data,,False
JPY,gdp_qoq,growth,scored_nonzero,-2.0,False
JPY,manufacturing_pmi,growth,scored_nonzero,1.0,False
JPY,services_pmi,growth,no_data,,False
JPY,retail_sales,growth,dead_zone,0.0,False
JPY,employment_change,labour,no_data,,False
JPY,unemployment_rate,labour,scored_nonzero,-1.0,False
JPY,wage_growth,labour,dead_zone,0.0,False
JPY,rate_expectations,monetary,dead_zone,0.0,False
NZD,cpi_yoy,inflation,dead_zone,0.0,False
NZD,core_cpi,inflation,no_data,,False
NZD,ppi_yoy,inflation,dead_zone,0.0,False
NZD,gdp_qoq,growth,dead_zone,0.0,False
NZD,manufacturing_pmi,growth,no_consensus,0.0,False
NZD,services_pmi,growth,no_consensus,0.0,False
NZD,retail_sales,growth,scored_nonzero,1.0,False
NZD,employment_change,labour,dead_zone,0.0,False
NZD,unemployment_rate,labour,scored_nonzero,-1.0,False
NZD,wage_growth,labour,scored_nonzero,-1.0,False
NZD,rate_expectations,monetary,no_data,,False
USD,cpi_yoy,inflation,dead_zone,0.0,False
USD,core_cpi,inflation,dead_zone,0.0,False
USD,ppi_yoy,inflation,dead_zone,0.0,False
USD,core_pce,inflation,no_consensus,0.0,False
USD,gdp_qoq,growth,stale,0.0,True
USD,manufacturing_pmi,growth,dead_zone,0.0,False
USD,services_pmi,growth,scored_nonzero,1.0,False
USD,retail_sales,growth,scored_nonzero,-1.0,False
USD,employment_change,labour,scored_nonzero,1.0,False
USD,unemployment_rate,labour,scored_nonzero,1.0,False
USD,wage_growth,labour,scored_nonzero,1.0,False
USD,adp,labour,dead_zone,0.0,False
USD,jolts,labour,scored_nonzero,-2.0,False
USD,jobless_claims,labour,dead_zone,0.0,False
USD,rate_expectations,monetary,dead_zone,0.0,False
AUD,cpi_yoy,inflation,scored_nonzero,1.0,False
AUD,core_cpi,inflation,stale,1.0,True
AUD,ppi_yoy,inflation,dead_zone,0.0,False
AUD,gdp_qoq,growth,dead_zone,0.0,False
AUD,manufacturing_pmi,growth,no_consensus,0.0,False
AUD,services_pmi,growth,no_consensus,0.0,False
AUD,retail_sales,growth,stale,2.0,True
AUD,employment_change,labour,dead_zone,0.0,False
AUD,unemployment_rate,labour,scored_nonzero,1.0,False
AUD,wage_growth,labour,dead_zone,0.0,False
AUD,rate_expectations,monetary,scored_nonzero,2.0,False
CAD,cpi_yoy,inflation,stale,1.0,True
CAD,core_cpi,inflation,no_consensus,0.0,False
CAD,ppi_yoy,inflation,stale,-2.0,True
CAD,gdp_qoq,growth,scored_nonzero,2.0,False
CAD,manufacturing_pmi,growth,no_consensus,0.0,False
CAD,services_pmi,growth,no_data,,False
CAD,retail_sales,growth,scored_nonzero,2.0,False
CAD,employment_change,labour,dead_zone,0.0,False
CAD,unemployment_rate,labour,scored_nonzero,2.0,False
CAD,wage_growth,labour,no_data,,False
CAD,rate_expectations,monetary,scored_nonzero,2.0,False
CHF,cpi_yoy,inflation,scored_nonzero,1.0,False
CHF,core_cpi,inflation,no_data,,False
CHF,ppi_yoy,inflation,scored_nonzero,-1.0,False
CHF,gdp_qoq,growth,dead_zone,0.0,False
CHF,manufacturing_pmi,growth,scored_nonzero,-1.0,False
CHF,services_pmi,growth,no_data,,False
CHF,retail_sales,growth,scored_nonzero,-2.0,False
CHF,employment_change,labour,no_data,,False
CHF,unemployment_rate,labour,scored_nonzero,-2.0,False
CHF,wage_growth,labour,no_data,,False
CHF,rate_expectations,monetary,no_data,,False
EUR,cpi_yoy,inflation,scored_nonzero,2.0,False
EUR,core_cpi,inflation,scored_nonzero,2.0,False
EUR,ppi_yoy,inflation,scored_nonzero,2.0,False
EUR,gdp_qoq,growth,scored_nonzero,1.0,False
EUR,manufacturing_pmi,growth,dead_zone,0.0,False
EUR,services_pmi,growth,dead_zone,0.0,False
EUR,retail_sales,growth,scored_nonzero,-2.0,False
EUR,employment_change,labour,scored_nonzero,1.0,False
EUR,unemployment_rate,labour,scored_nonzero,1.0,False
EUR,wage_growth,labour,no_data,,False
EUR,rate_expectations,monetary,scored_nonzero,2.0,False
GBP,cpi_yoy,inflation,dead_zone,0.0,False
GBP,core_cpi,inflation,dead_zone,0.0,False
GBP,ppi_yoy,inflation,stale,0.0,True
GBP,gdp_qoq,growth,dead_zone,0.0,False
GBP,manufacturing_pmi,growth,dead_zone,0.0,False
GBP,services_pmi,growth,dead_zone,0.0,False
GBP,retail_sales,growth,scored_nonzero,1.0,False
GBP,employment_change,labour,dead_zone,0.0,False
GBP,unemployment_rate,labour,dead_zone,0.0,False
GBP,wage_growth,labour,scored_nonzero,-2.0,False
GBP,rate_expectations,monetary,scored_nonzero,2.0,False
JPY,cpi_yoy,inflation,dead_zone,0.0,False
JPY,core_cpi,inflation,dead_zone,0.0,False
JPY,ppi_yoy,inflation,no_data,,False
JPY,gdp_qoq,growth,scored_nonzero,-2.0,False
JPY,manufacturing_pmi,growth,scored_nonzero,1.0,False
JPY,services_pmi,growth,no_data,,False
JPY,retail_sales,growth,dead_zone,0.0,False
JPY,employment_change,labour,no_data,,False
JPY,unemployment_rate,labour,scored_nonzero,-1.0,False
JPY,wage_growth,labour,dead_zone,0.0,False
JPY,rate_expectations,monetary,dead_zone,0.0,False
NZD,cpi_yoy,inflation,dead_zone,0.0,False
NZD,core_cpi,inflation,no_data,,False
NZD,ppi_yoy,inflation,dead_zone,0.0,False
NZD,gdp_qoq,growth,dead_zone,0.0,False
NZD,manufacturing_pmi,growth,no_consensus,0.0,False
NZD,services_pmi,growth,no_consensus,0.0,False
NZD,retail_sales,growth,scored_nonzero,1.0,False
NZD,employment_change,labour,dead_zone,0.0,False
NZD,unemployment_rate,labour,scored_nonzero,-1.0,False
NZD,wage_growth,labour,scored_nonzero,-1.0,False
NZD,rate_expectations,monetary,no_data,,False
USD,cpi_yoy,inflation,dead_zone,0.0,False
USD,core_cpi,inflation,dead_zone,0.0,False
USD,ppi_yoy,inflation,dead_zone,0.0,False
USD,core_pce,inflation,no_consensus,0.0,False
USD,gdp_qoq,growth,stale,0.0,True
USD,manufacturing_pmi,growth,dead_zone,0.0,False
USD,services_pmi,growth,scored_nonzero,1.0,False
USD,retail_sales,growth,dead_zone,0.0,False
USD,employment_change,labour,scored_nonzero,-2.0,False
USD,unemployment_rate,labour,scored_nonzero,-1.0,False
USD,wage_growth,labour,scored_nonzero,1.0,False
USD,adp,labour,dead_zone,0.0,False
USD,jolts,labour,scored_nonzero,-2.0,False
USD,jobless_claims,labour,dead_zone,0.0,False
USD,rate_expectations,monetary,scored_nonzero,2.0,False
AUD,cpi_yoy,inflation,scored_nonzero,1.0,False
AUD,core_cpi,inflation,stale,1.0,True
AUD,ppi_yoy,inflation,dead_zone,0.0,False
AUD,gdp_qoq,growth,dead_zone,0.0,False
AUD,manufacturing_pmi,growth,no_consensus,0.0,False
AUD,services_pmi,growth,no_consensus,0.0,False
AUD,retail_sales,growth,stale,2.0,True
AUD,employment_change,labour,scored_nonzero,1.0,False
AUD,unemployment_rate,labour,scored_nonzero,-1.0,False
AUD,wage_growth,labour,dead_zone,0.0,False
AUD,rate_expectations,monetary,scored_nonzero,2.0,False
CAD,cpi_yoy,inflation,scored_nonzero,-1.0,False
CAD,core_cpi,inflation,no_consensus,0.0,False
CAD,ppi_yoy,inflation,stale,-2.0,True
CAD,gdp_qoq,growth,scored_nonzero,2.0,False
CAD,manufacturing_pmi,growth,no_consensus,0.0,False
CAD,services_pmi,growth,no_data,,False
CAD,retail_sales,growth,scored_nonzero,2.0,False
CAD,employment_change,labour,scored_nonzero,-2.0,False
CAD,unemployment_rate,labour,dead_zone,0.0,False
CAD,wage_growth,labour,no_data,,False
CAD,rate_expectations,monetary,scored_nonzero,2.0,False
CHF,cpi_yoy,inflation,scored_nonzero,1.0,False
CHF,core_cpi,inflation,no_data,,False
CHF,ppi_yoy,inflation,no_consensus,0.0,False
CHF,gdp_qoq,growth,dead_zone,0.0,False
CHF,manufacturing_pmi,growth,scored_nonzero,-1.0,False
CHF,services_pmi,growth,no_data,,False
CHF,retail_sales,growth,scored_nonzero,-2.0,False
CHF,employment_change,labour,no_data,,False
CHF,unemployment_rate,labour,scored_nonzero,-2.0,False
CHF,wage_growth,labour,no_data,,False
CHF,rate_expectations,monetary,no_data,,False
EUR,cpi_yoy,inflation,scored_nonzero,2.0,False
EUR,core_cpi,inflation,scored_nonzero,2.0,False
EUR,ppi_yoy,inflation,scored_nonzero,2.0,False
EUR,gdp_qoq,growth,scored_nonzero,1.0,False
EUR,manufacturing_pmi,growth,dead_zone,0.0,False
EUR,services_pmi,growth,dead_zone,0.0,False
EUR,retail_sales,growth,scored_nonzero,-2.0,False
EUR,employment_change,labour,scored_nonzero,1.0,False
EUR,unemployment_rate,labour,scored_nonzero,1.0,False
EUR,wage_growth,labour,no_data,,False
EUR,rate_expectations,monetary,scored_nonzero,2.0,False
GBP,cpi_yoy,inflation,dead_zone,0.0,False
GBP,core_cpi,inflation,dead_zone,0.0,False
GBP,ppi_yoy,inflation,stale,0.0,True
GBP,gdp_qoq,growth,dead_zone,0.0,False
GBP,manufacturing_pmi,growth,dead_zone,0.0,False
GBP,services_pmi,growth,dead_zone,0.0,False
GBP,retail_sales,growth,scored_nonzero,1.0,False
GBP,employment_change,labour,dead_zone,0.0,False
GBP,unemployment_rate,labour,scored_nonzero,2.0,False
GBP,wage_growth,labour,dead_zone,0.0,False
GBP,rate_expectations,monetary,scored_nonzero,2.0,False
JPY,cpi_yoy,inflation,dead_zone,0.0,False
JPY,core_cpi,inflation,dead_zone,0.0,False
JPY,ppi_yoy,inflation,no_data,,False
JPY,gdp_qoq,growth,scored_nonzero,-2.0,False
JPY,manufacturing_pmi,growth,scored_nonzero,1.0,False
JPY,services_pmi,growth,no_data,,False
JPY,retail_sales,growth,dead_zone,0.0,False
JPY,employment_change,labour,no_data,,False
JPY,unemployment_rate,labour,scored_nonzero,-1.0,False
JPY,wage_growth,labour,dead_zone,0.0,False
JPY,rate_expectations,monetary,dead_zone,0.0,False
NZD,cpi_yoy,inflation,dead_zone,0.0,False
NZD,core_cpi,inflation,no_data,,False
NZD,ppi_yoy,inflation,dead_zone,0.0,False
NZD,gdp_qoq,growth,dead_zone,0.0,False
NZD,manufacturing_pmi,growth,no_consensus,0.0,False
NZD,services_pmi,growth,no_consensus,0.0,False
NZD,retail_sales,growth,stale,1.0,True
NZD,employment_change,labour,dead_zone,0.0,False
NZD,unemployment_rate,labour,scored_nonzero,-1.0,False
NZD,wage_growth,labour,scored_nonzero,-1.0,False
NZD,rate_expectations,monetary,no_data,,False
USD,cpi_yoy,inflation,dead_zone,0.0,False
USD,core_cpi,inflation,dead_zone,0.0,False
USD,ppi_yoy,inflation,scored_nonzero,1.0,False
USD,core_pce,inflation,dead_zone,0.0,False
USD,gdp_qoq,growth,stale,0.0,True
USD,manufacturing_pmi,growth,dead_zone,0.0,False
USD,services_pmi,growth,scored_nonzero,1.0,False
USD,retail_sales,growth,dead_zone,0.0,False
USD,employment_change,labour,scored_nonzero,-2.0,False
USD,unemployment_rate,labour,scored_nonzero,-1.0,False
USD,wage_growth,labour,scored_nonzero,1.0,False
USD,adp,labour,dead_zone,0.0,False
USD,jolts,labour,dead_zone,0.0,False
USD,jobless_claims,labour,scored_nonzero,1.0,False
USD,rate_expectations,monetary,scored_nonzero,2.0,False
AUD,cpi_yoy,inflation,scored_nonzero,-1.0,False
AUD,core_cpi,inflation,stale,1.0,True
AUD,ppi_yoy,inflation,dead_zone,0.0,False
AUD,gdp_qoq,growth,dead_zone,0.0,False
AUD,manufacturing_pmi,growth,no_consensus,0.0,False
AUD,services_pmi,growth,no_consensus,0.0,False
AUD,retail_sales,growth,stale,2.0,True
AUD,employment_change,labour,scored_nonzero,1.0,False
AUD,unemployment_rate,labour,scored_nonzero,-1.0,False
AUD,wage_growth,labour,dead_zone,0.0,False
AUD,rate_expectations,monetary,scored_nonzero,2.0,False
CAD,cpi_yoy,inflation,scored_nonzero,-1.0,False
CAD,core_cpi,inflation,no_consensus,0.0,False
CAD,ppi_yoy,inflation,scored_nonzero,-1.0,False
CAD,gdp_qoq,growth,scored_nonzero,2.0,False
CAD,manufacturing_pmi,growth,no_consensus,0.0,False
CAD,services_pmi,growth,no_data,,False
CAD,retail_sales,growth,scored_nonzero,-1.0,False
CAD,employment_change,labour,scored_nonzero,-2.0,False
CAD,unemployment_rate,labour,dead_zone,0.0,False
CAD,wage_growth,labour,no_data,,False
CAD,rate_expectations,monetary,scored_nonzero,2.0,False
CHF,cpi_yoy,inflation,scored_nonzero,1.0,False
CHF,core_cpi,inflation,no_data,,False
CHF,ppi_yoy,inflation,no_consensus,0.0,False
CHF,gdp_qoq,growth,dead_zone,0.0,False
CHF,manufacturing_pmi,growth,scored_nonzero,-1.0,False
CHF,services_pmi,growth,no_data,,False
CHF,retail_sales,growth,scored_nonzero,-2.0,False
CHF,employment_change,labour,no_data,,False
CHF,unemployment_rate,labour,scored_nonzero,-2.0,False
CHF,wage_growth,labour,no_data,,False
CHF,rate_expectations,monetary,no_data,,False
EUR,cpi_yoy,inflation,scored_nonzero,2.0,False
EUR,core_cpi,inflation,scored_nonzero,2.0,False
EUR,ppi_yoy,inflation,scored_nonzero,2.0,False
EUR,gdp_qoq,growth,scored_nonzero,1.0,False
EUR,manufacturing_pmi,growth,scored_nonzero,1.0,False
EUR,services_pmi,growth,dead_zone,0.0,False
EUR,retail_sales,growth,scored_nonzero,-2.0,False
EUR,employment_change,labour,scored_nonzero,1.0,False
EUR,unemployment_rate,labour,scored_nonzero,1.0,False
EUR,wage_growth,labour,no_data,,False
EUR,rate_expectations,monetary,scored_nonzero,2.0,False
GBP,cpi_yoy,inflation,dead_zone,0.0,False
GBP,core_cpi,inflation,dead_zone,0.0,False
GBP,ppi_yoy,inflation,scored_nonzero,-2.0,False
GBP,gdp_qoq,growth,dead_zone,0.0,False
GBP,manufacturing_pmi,growth,dead_zone,0.0,False
GBP,services_pmi,growth,dead_zone,0.0,False
GBP,retail_sales,growth,scored_nonzero,1.0,False
GBP,employment_change,labour,dead_zone,0.0,False
GBP,unemployment_rate,labour,scored_nonzero,2.0,False
GBP,wage_growth,labour,dead_zone,0.0,False
GBP,rate_expectations,monetary,scored_nonzero,2.0,False
JPY,cpi_yoy,inflation,scored_nonzero,-1.0,False
JPY,core_cpi,inflation,dead_zone,0.0,False
JPY,ppi_yoy,inflation,no_data,,False
JPY,gdp_qoq,growth,scored_nonzero,-2.0,False
JPY,manufacturing_pmi,growth,scored_nonzero,-1.0,False
JPY,services_pmi,growth,no_data,,False
JPY,retail_sales,growth,dead_zone,0.0,False
JPY,employment_change,labour,no_data,,False
JPY,unemployment_rate,labour,scored_nonzero,-1.0,False
JPY,wage_growth,labour,dead_zone,0.0,False
JPY,rate_expectations,monetary,scored_nonzero,2.0,False
NZD,cpi_yoy,inflation,dead_zone,0.0,False
NZD,core_cpi,inflation,no_data,,False
NZD,ppi_yoy,inflation,dead_zone,0.0,False
NZD,gdp_qoq,growth,dead_zone,0.0,False
NZD,manufacturing_pmi,growth,no_consensus,0.0,False
NZD,services_pmi,growth,no_consensus,0.0,False
NZD,retail_sales,growth,stale,1.0,True
NZD,employment_change,labour,dead_zone,0.0,False
NZD,unemployment_rate,labour,scored_nonzero,-1.0,False
NZD,wage_growth,labour,scored_nonzero,-1.0,False
NZD,rate_expectations,monetary,no_data,,False
USD,cpi_yoy,inflation,dead_zone,0.0,False
USD,core_cpi,inflation,dead_zone,0.0,False
USD,ppi_yoy,inflation,scored_nonzero,1.0,False
USD,core_pce,inflation,dead_zone,0.0,False
USD,gdp_qoq,growth,stale,0.0,True
USD,manufacturing_pmi,growth,dead_zone,0.0,False
USD,services_pmi,growth,scored_nonzero,1.0,False
USD,retail_sales,growth,dead_zone,0.0,False
USD,employment_change,labour,scored_nonzero,-2.0,False
USD,unemployment_rate,labour,scored_nonzero,-1.0,False
USD,wage_growth,labour,scored_nonzero,1.0,False
USD,adp,labour,dead_zone,0.0,False
USD,jolts,labour,dead_zone,0.0,False
USD,jobless_claims,labour,dead_zone,0.0,False
USD,rate_expectations,monetary,scored_nonzero,2.0,False
AUD,cpi_yoy,inflation,scored_nonzero,-1.0,False
AUD,core_cpi,inflation,stale,1.0,True
AUD,ppi_yoy,inflation,dead_zone,0.0,False
AUD,gdp_qoq,growth,dead_zone,0.0,False
AUD,manufacturing_pmi,growth,no_consensus,0.0,False
AUD,services_pmi,growth,no_consensus,0.0,False
AUD,retail_sales,growth,stale,2.0,True
AUD,employment_change,labour,scored_nonzero,1.0,False
AUD,unemployment_rate,labour,scored_nonzero,-1.0,False
AUD,wage_growth,labour,dead_zone,0.0,False
AUD,rate_expectations,monetary,scored_nonzero,2.0,False
CAD,cpi_yoy,inflation,scored_nonzero,-1.0,False
CAD,core_cpi,inflation,no_consensus,0.0,False
CAD,ppi_yoy,inflation,scored_nonzero,-1.0,False
CAD,gdp_qoq,growth,no_consensus,0.0,False
CAD,manufacturing_pmi,growth,no_consensus,0.0,False
CAD,services_pmi,growth,no_data,,False
CAD,retail_sales,growth,scored_nonzero,-1.0,False
CAD,employment_change,labour,scored_nonzero,-2.0,False
CAD,unemployment_rate,labour,dead_zone,0.0,False
CAD,wage_growth,labour,no_data,,False
CAD,rate_expectations,monetary,scored_nonzero,2.0,False
CHF,cpi_yoy,inflation,scored_nonzero,-2.0,False
CHF,core_cpi,inflation,no_data,,False
CHF,ppi_yoy,inflation,no_consensus,0.0,False
CHF,gdp_qoq,growth,dead_zone,0.0,False
CHF,manufacturing_pmi,growth,scored_nonzero,2.0,False
CHF,services_pmi,growth,no_data,,False
CHF,retail_sales,growth,dead_zone,0.0,False
CHF,employment_change,labour,no_data,,False
CHF,unemployment_rate,labour,scored_nonzero,-2.0,False
CHF,wage_growth,labour,no_data,,False
CHF,rate_expectations,monetary,no_data,,False
EUR,cpi_yoy,inflation,scored_nonzero,-1.0,False
EUR,core_cpi,inflation,scored_nonzero,-1.0,False
EUR,ppi_yoy,inflation,scored_nonzero,2.0,False
EUR,gdp_qoq,growth,scored_nonzero,1.0,False
EUR,manufacturing_pmi,growth,scored_nonzero,1.0,False
EUR,services_pmi,growth,dead_zone,0.0,False
EUR,retail_sales,growth,scored_nonzero,-2.0,False
EUR,employment_change,labour,scored_nonzero,1.0,False
EUR,unemployment_rate,labour,scored_nonzero,-1.0,False
EUR,wage_growth,labour,no_data,,False
EUR,rate_expectations,monetary,scored_nonzero,2.0,False
GBP,cpi_yoy,inflation,dead_zone,0.0,False
GBP,core_cpi,inflation,dead_zone,0.0,False
GBP,ppi_yoy,inflation,scored_nonzero,-2.0,False
GBP,gdp_qoq,growth,dead_zone,0.0,False
GBP,manufacturing_pmi,growth,scored_nonzero,-1.0,False
GBP,services_pmi,growth,dead_zone,0.0,False
GBP,retail_sales,growth,dead_zone,0.0,False
GBP,employment_change,labour,dead_zone,0.0,False
GBP,unemployment_rate,labour,scored_nonzero,2.0,False
GBP,wage_growth,labour,dead_zone,0.0,False
GBP,rate_expectations,monetary,scored_nonzero,2.0,False
JPY,cpi_yoy,inflation,scored_nonzero,-1.0,False
JPY,core_cpi,inflation,dead_zone,0.0,False
JPY,ppi_yoy,inflation,no_data,,False
JPY,gdp_qoq,growth,scored_nonzero,-2.0,False
JPY,manufacturing_pmi,growth,scored_nonzero,-1.0,False
JPY,services_pmi,growth,no_data,,False
JPY,retail_sales,growth,scored_nonzero,-1.0,False
JPY,employment_change,labour,no_data,,False
JPY,unemployment_rate,labour,scored_nonzero,1.0,False
JPY,wage_growth,labour,dead_zone,0.0,False
JPY,rate_expectations,monetary,scored_nonzero,2.0,False
NZD,cpi_yoy,inflation,dead_zone,0.0,False
NZD,core_cpi,inflation,no_data,,False
NZD,ppi_yoy,inflation,dead_zone,0.0,False
NZD,gdp_qoq,growth,dead_zone,0.0,False
NZD,manufacturing_pmi,growth,no_consensus,0.0,False
NZD,services_pmi,growth,no_consensus,0.0,False
NZD,retail_sales,growth,stale,1.0,True
NZD,employment_change,labour,dead_zone,0.0,False
NZD,unemployment_rate,labour,scored_nonzero,-1.0,False
NZD,wage_growth,labour,scored_nonzero,-1.0,False
NZD,rate_expectations,monetary,no_data,,False
USD,cpi_yoy,inflation,dead_zone,0.0,False
USD,core_cpi,inflation,dead_zone,0.0,False
USD,ppi_yoy,inflation,scored_nonzero,1.0,False
USD,core_pce,inflation,dead_zone,0.0,False
USD,gdp_qoq,growth,stale,0.0,True
USD,manufacturing_pmi,growth,dead_zone,0.0,False
USD,services_pmi,growth,scored_nonzero,1.0,False
USD,retail_sales,growth,dead_zone,0.0,False
USD,employment_change,labour,scored_nonzero,-2.0,False
USD,unemployment_rate,labour,scored_nonzero,-1.0,False
USD,wage_growth,labour,scored_nonzero,1.0,False
USD,adp,labour,dead_zone,0.0,False
USD,jolts,labour,dead_zone,0.0,False
USD,jobless_claims,labour,scored_nonzero,1.0,False
USD,rate_expectations,monetary,scored_nonzero,2.0,False
AUD,cpi_yoy,inflation,scored_nonzero,-1.0,False
AUD,core_cpi,inflation,stale,1.0,True
AUD,ppi_yoy,inflation,dead_zone,0.0,False
AUD,gdp_qoq,growth,dead_zone,0.0,False
AUD,manufacturing_pmi,growth,no_consensus,0.0,False
AUD,services_pmi,growth,no_consensus,0.0,False
AUD,retail_sales,growth,stale,2.0,True
AUD,employment_change,labour,scored_nonzero,1.0,False
AUD,unemployment_rate,labour,scored_nonzero,-1.0,False
AUD,wage_growth,labour,dead_zone,0.0,False
AUD,rate_expectations,monetary,scored_nonzero,2.0,False
CAD,cpi_yoy,inflation,scored_nonzero,-1.0,False
CAD,core_cpi,inflation,no_consensus,0.0,False
CAD,ppi_yoy,inflation,scored_nonzero,-1.0,False
CAD,gdp_qoq,growth,no_consensus,0.0,False
CAD,manufacturing_pmi,growth,no_consensus,0.0,False
CAD,services_pmi,growth,no_data,,False
CAD,retail_sales,growth,scored_nonzero,-1.0,False
CAD,employment_change,labour,scored_nonzero,-2.0,False
CAD,unemployment_rate,labour,dead_zone,0.0,False
CAD,wage_growth,labour,no_data,,False
CAD,rate_expectations,monetary,dead_zone,0.0,False
CHF,cpi_yoy,inflation,scored_nonzero,-2.0,False
CHF,core_cpi,inflation,no_data,,False
CHF,ppi_yoy,inflation,no_consensus,0.0,False
CHF,gdp_qoq,growth,dead_zone,0.0,False
CHF,manufacturing_pmi,growth,scored_nonzero,2.0,False
CHF,services_pmi,growth,no_data,,False
CHF,retail_sales,growth,dead_zone,0.0,False
CHF,employment_change,labour,no_data,,False
CHF,unemployment_rate,labour,dead_zone,0.0,False
CHF,wage_growth,labour,no_data,,False
CHF,rate_expectations,monetary,no_data,,False
EUR,cpi_yoy,inflation,scored_nonzero,-1.0,False
EUR,core_cpi,inflation,scored_nonzero,-1.0,False
EUR,ppi_yoy,inflation,dead_zone,0.0,False
EUR,gdp_qoq,growth,scored_nonzero,1.0,False
EUR,manufacturing_pmi,growth,scored_nonzero,1.0,False
EUR,services_pmi,growth,dead_zone,0.0,False
EUR,retail_sales,growth,dead_zone,0.0,False
EUR,employment_change,labour,scored_nonzero,1.0,False
EUR,unemployment_rate,labour,scored_nonzero,-1.0,False
EUR,wage_growth,labour,no_data,,False
EUR,rate_expectations,monetary,scored_nonzero,2.0,False
GBP,cpi_yoy,inflation,dead_zone,0.0,False
GBP,core_cpi,inflation,dead_zone,0.0,False
GBP,ppi_yoy,inflation,scored_nonzero,-2.0,False
GBP,gdp_qoq,growth,dead_zone,0.0,False
GBP,manufacturing_pmi,growth,scored_nonzero,-1.0,False
GBP,services_pmi,growth,scored_nonzero,-1.0,False
GBP,retail_sales,growth,dead_zone,0.0,False
GBP,employment_change,labour,dead_zone,0.0,False
GBP,unemployment_rate,labour,scored_nonzero,2.0,False
GBP,wage_growth,labour,dead_zone,0.0,False
GBP,rate_expectations,monetary,scored_nonzero,2.0,False
JPY,cpi_yoy,inflation,scored_nonzero,-1.0,False
JPY,core_cpi,inflation,dead_zone,0.0,False
JPY,ppi_yoy,inflation,no_data,,False
JPY,gdp_qoq,growth,scored_nonzero,-2.0,False
JPY,manufacturing_pmi,growth,scored_nonzero,-1.0,False
JPY,services_pmi,growth,no_data,,False
JPY,retail_sales,growth,scored_nonzero,-1.0,False
JPY,employment_change,labour,no_data,,False
JPY,unemployment_rate,labour,scored_nonzero,1.0,False
JPY,wage_growth,labour,dead_zone,0.0,False
JPY,rate_expectations,monetary,scored_nonzero,2.0,False
NZD,cpi_yoy,inflation,dead_zone,0.0,False
NZD,core_cpi,inflation,no_data,,False
NZD,ppi_yoy,inflation,dead_zone,0.0,False
NZD,gdp_qoq,growth,dead_zone,0.0,False
NZD,manufacturing_pmi,growth,no_consensus,0.0,False
NZD,services_pmi,growth,no_consensus,0.0,False
NZD,retail_sales,growth,stale,1.0,True
NZD,employment_change,labour,dead_zone,0.0,False
NZD,unemployment_rate,labour,scored_nonzero,-1.0,False
NZD,wage_growth,labour,scored_nonzero,-1.0,False
NZD,rate_expectations,monetary,no_data,,False
USD,cpi_yoy,inflation,dead_zone,0.0,False
USD,core_cpi,inflation,dead_zone,0.0,False
USD,ppi_yoy,inflation,scored_nonzero,1.0,False
USD,core_pce,inflation,dead_zone,0.0,False
USD,gdp_qoq,growth,stale,0.0,True
USD,manufacturing_pmi,growth,dead_zone,0.0,False
USD,services_pmi,growth,scored_nonzero,1.0,False
USD,retail_sales,growth,dead_zone,0.0,False
USD,employment_change,labour,scored_nonzero,-2.0,False
USD,unemployment_rate,labour,scored_nonzero,-1.0,False
USD,wage_growth,labour,scored_nonzero,1.0,False
USD,adp,labour,dead_zone,0.0,False
USD,jolts,labour,dead_zone,0.0,False
USD,jobless_claims,labour,scored_nonzero,-1.0,False
USD,rate_expectations,monetary,dead_zone,0.0,False
AUD,cpi_yoy,inflation,scored_nonzero,-1.0,False
AUD,core_cpi,inflation,stale,1.0,True
AUD,ppi_yoy,inflation,dead_zone,0.0,False
AUD,gdp_qoq,growth,dead_zone,0.0,False
AUD,manufacturing_pmi,growth,no_consensus,0.0,False
AUD,services_pmi,growth,no_consensus,0.0,False
AUD,retail_sales,growth,stale,2.0,True
AUD,employment_change,labour,dead_zone,0.0,False
AUD,unemployment_rate,labour,dead_zone,0.0,False
AUD,wage_growth,labour,dead_zone,0.0,False
AUD,rate_expectations,monetary,scored_nonzero,1.0,False
CAD,cpi_yoy,inflation,scored_nonzero,-1.0,False
CAD,core_cpi,inflation,no_consensus,0.0,False
CAD,ppi_yoy,inflation,scored_nonzero,-1.0,False
CAD,gdp_qoq,growth,no_consensus,0.0,False
CAD,manufacturing_pmi,growth,no_consensus,0.0,False
CAD,services_pmi,growth,no_data,,False
CAD,retail_sales,growth,scored_nonzero,-1.0,False
CAD,employment_change,labour,dead_zone,0.0,False
CAD,unemployment_rate,labour,dead_zone,0.0,False
CAD,wage_growth,labour,no_data,,False
CAD,rate_expectations,monetary,dead_zone,0.0,False
CHF,cpi_yoy,inflation,scored_nonzero,-2.0,False
CHF,core_cpi,inflation,no_data,,False
CHF,ppi_yoy,inflation,scored_nonzero,-1.0,False
CHF,gdp_qoq,growth,dead_zone,0.0,False
CHF,manufacturing_pmi,growth,scored_nonzero,2.0,False
CHF,services_pmi,growth,no_data,,False
CHF,retail_sales,growth,dead_zone,0.0,False
CHF,employment_change,labour,no_data,,False
CHF,unemployment_rate,labour,dead_zone,0.0,False
CHF,wage_growth,labour,no_data,,False
CHF,rate_expectations,monetary,no_data,,False
EUR,cpi_yoy,inflation,scored_nonzero,-1.0,False
EUR,core_cpi,inflation,scored_nonzero,-1.0,False
EUR,ppi_yoy,inflation,dead_zone,0.0,False
EUR,gdp_qoq,growth,scored_nonzero,1.0,False
EUR,manufacturing_pmi,growth,scored_nonzero,1.0,False
EUR,services_pmi,growth,dead_zone,0.0,False
EUR,retail_sales,growth,dead_zone,0.0,False
EUR,employment_change,labour,scored_nonzero,1.0,False
EUR,unemployment_rate,labour,scored_nonzero,-1.0,False
EUR,wage_growth,labour,no_data,,False
EUR,rate_expectations,monetary,scored_nonzero,1.0,False
GBP,cpi_yoy,inflation,dead_zone,0.0,False
GBP,core_cpi,inflation,dead_zone,0.0,False
GBP,ppi_yoy,inflation,scored_nonzero,-2.0,False
GBP,gdp_qoq,growth,scored_nonzero,2.0,False
GBP,manufacturing_pmi,growth,scored_nonzero,-1.0,False
GBP,services_pmi,growth,scored_nonzero,-1.0,False
GBP,retail_sales,growth,dead_zone,0.0,False
GBP,employment_change,labour,dead_zone,0.0,False
GBP,unemployment_rate,labour,scored_nonzero,2.0,False
GBP,wage_growth,labour,dead_zone,0.0,False
GBP,rate_expectations,monetary,dead_zone,0.0,False
JPY,cpi_yoy,inflation,scored_nonzero,-1.0,False
JPY,core_cpi,inflation,dead_zone,0.0,False
JPY,ppi_yoy,inflation,no_data,,False
JPY,gdp_qoq,growth,scored_nonzero,-2.0,False
JPY,manufacturing_pmi,growth,scored_nonzero,-1.0,False
JPY,services_pmi,growth,no_data,,False
JPY,retail_sales,growth,scored_nonzero,-1.0,False
JPY,employment_change,labour,no_data,,False
JPY,unemployment_rate,labour,scored_nonzero,1.0,False
JPY,wage_growth,labour,dead_zone,0.0,False
JPY,rate_expectations,monetary,scored_nonzero,2.0,False
NZD,cpi_yoy,inflation,dead_zone,0.0,False
NZD,core_cpi,inflation,no_data,,False
NZD,ppi_yoy,inflation,dead_zone,0.0,False
NZD,gdp_qoq,growth,dead_zone,0.0,False
NZD,manufacturing_pmi,growth,no_consensus,0.0,False
NZD,services_pmi,growth,no_consensus,0.0,False
NZD,retail_sales,growth,stale,1.0,True
NZD,employment_change,labour,dead_zone,0.0,False
NZD,unemployment_rate,labour,scored_nonzero,-1.0,False
NZD,wage_growth,labour,scored_nonzero,-1.0,False
NZD,rate_expectations,monetary,no_data,,False
USD,cpi_yoy,inflation,scored_nonzero,-1.0,False
USD,core_cpi,inflation,scored_nonzero,-1.0,False
USD,ppi_yoy,inflation,scored_nonzero,-2.0,False
USD,core_pce,inflation,dead_zone,0.0,False
USD,gdp_qoq,growth,stale,0.0,True
USD,manufacturing_pmi,growth,dead_zone,0.0,False
USD,services_pmi,growth,scored_nonzero,1.0,False
USD,retail_sales,growth,dead_zone,0.0,False
USD,employment_change,labour,scored_nonzero,-2.0,False
USD,unemployment_rate,labour,scored_nonzero,-1.0,False
USD,wage_growth,labour,scored_nonzero,1.0,False
USD,adp,labour,dead_zone,0.0,False
USD,jolts,labour,dead_zone,0.0,False
USD,jobless_claims,labour,dead_zone,0.0,False
USD,rate_expectations,monetary,dead_zone,0.0,False
AUD,cpi_yoy,inflation,scored_nonzero,-1.0,False
AUD,core_cpi,inflation,stale,1.0,True
AUD,ppi_yoy,inflation,dead_zone,0.0,False
AUD,gdp_qoq,growth,dead_zone,0.0,False
AUD,manufacturing_pmi,growth,no_consensus,0.0,False
AUD,services_pmi,growth,no_consensus,0.0,False
AUD,retail_sales,growth,stale,2.0,True
AUD,employment_change,labour,dead_zone,0.0,False
AUD,unemployment_rate,labour,dead_zone,0.0,False
AUD,wage_growth,labour,dead_zone,0.0,False
AUD,rate_expectations,monetary,dead_zone,0.0,False
CAD,cpi_yoy,inflation,scored_nonzero,-1.0,False
CAD,core_cpi,inflation,no_consensus,0.0,False
CAD,ppi_yoy,inflation,scored_nonzero,1.0,False
CAD,gdp_qoq,growth,no_consensus,0.0,False
CAD,manufacturing_pmi,growth,no_consensus,0.0,False
CAD,services_pmi,growth,no_data,,False
CAD,retail_sales,growth,scored_nonzero,-1.0,False
CAD,employment_change,labour,dead_zone,0.0,False
CAD,unemployment_rate,labour,dead_zone,0.0,False
CAD,wage_growth,labour,no_data,,False
CAD,rate_expectations,monetary,dead_zone,0.0,False
CHF,cpi_yoy,inflation,scored_nonzero,-2.0,False
CHF,core_cpi,inflation,no_data,,False
CHF,ppi_yoy,inflation,scored_nonzero,-1.0,False
CHF,gdp_qoq,growth,dead_zone,0.0,False
CHF,manufacturing_pmi,growth,scored_nonzero,2.0,False
CHF,services_pmi,growth,no_data,,False
CHF,retail_sales,growth,dead_zone,0.0,False
CHF,employment_change,labour,no_data,,False
CHF,unemployment_rate,labour,dead_zone,0.0,False
CHF,wage_growth,labour,no_data,,False
CHF,rate_expectations,monetary,no_data,,False
EUR,cpi_yoy,inflation,scored_nonzero,-1.0,False
EUR,core_cpi,inflation,scored_nonzero,-1.0,False
EUR,ppi_yoy,inflation,dead_zone,0.0,False
EUR,gdp_qoq,growth,scored_nonzero,1.0,False
EUR,manufacturing_pmi,growth,scored_nonzero,1.0,False
EUR,services_pmi,growth,scored_nonzero,-1.0,False
EUR,retail_sales,growth,dead_zone,0.0,False
EUR,employment_change,labour,scored_nonzero,1.0,False
EUR,unemployment_rate,labour,scored_nonzero,-1.0,False
EUR,wage_growth,labour,no_data,,False
EUR,rate_expectations,monetary,dead_zone,0.0,False
GBP,cpi_yoy,inflation,dead_zone,0.0,False
GBP,core_cpi,inflation,dead_zone,0.0,False
GBP,ppi_yoy,inflation,dead_zone,0.0,False
GBP,gdp_qoq,growth,scored_nonzero,2.0,False
GBP,manufacturing_pmi,growth,scored_nonzero,-1.0,False
GBP,services_pmi,growth,scored_nonzero,-1.0,False
GBP,retail_sales,growth,dead_zone,0.0,False
GBP,employment_change,labour,dead_zone,0.0,False
GBP,unemployment_rate,labour,scored_nonzero,2.0,False
GBP,wage_growth,labour,scored_nonzero,1.0,False
GBP,rate_expectations,monetary,dead_zone,0.0,False
JPY,cpi_yoy,inflation,scored_nonzero,1.0,False
JPY,core_cpi,inflation,dead_zone,0.0,False
JPY,ppi_yoy,inflation,no_data,,False
JPY,gdp_qoq,growth,scored_nonzero,-2.0,False
JPY,manufacturing_pmi,growth,scored_nonzero,1.0,False
JPY,services_pmi,growth,no_data,,False
JPY,retail_sales,growth,scored_nonzero,-1.0,False
JPY,employment_change,labour,no_data,,False
JPY,unemployment_rate,labour,scored_nonzero,1.0,False
JPY,wage_growth,labour,dead_zone,0.0,False
JPY,rate_expectations,monetary,dead_zone,0.0,False
NZD,cpi_yoy,inflation,scored_nonzero,1.0,False
NZD,core_cpi,inflation,no_data,,False
NZD,ppi_yoy,inflation,dead_zone,0.0,False
NZD,gdp_qoq,growth,dead_zone,0.0,False
NZD,manufacturing_pmi,growth,no_consensus,0.0,False
NZD,services_pmi,growth,no_consensus,0.0,False
NZD,retail_sales,growth,stale,1.0,True
NZD,employment_change,labour,dead_zone,0.0,False
NZD,unemployment_rate,labour,scored_nonzero,-1.0,False
NZD,wage_growth,labour,scored_nonzero,-1.0,False
NZD,rate_expectations,monetary,no_data,,False
USD,cpi_yoy,inflation,scored_nonzero,-1.0,False
USD,core_cpi,inflation,scored_nonzero,-1.0,False
USD,ppi_yoy,inflation,scored_nonzero,-2.0,False
USD,core_pce,inflation,dead_zone,0.0,False
USD,gdp_qoq,growth,stale,0.0,True
USD,manufacturing_pmi,growth,dead_zone,0.0,False
USD,services_pmi,growth,stale,1.0,True
USD,retail_sales,growth,scored_nonzero,1.0,False
USD,employment_change,labour,stale,-2.0,True
USD,unemployment_rate,labour,stale,-1.0,True
USD,wage_growth,labour,stale,1.0,True
USD,adp,labour,dead_zone,0.0,False
USD,jolts,labour,dead_zone,0.0,False
USD,jobless_claims,labour,dead_zone,0.0,False
USD,rate_expectations,monetary,scored_nonzero,-2.0,False
AUD,cpi_yoy,inflation,scored_nonzero,-1.0,False
AUD,core_cpi,inflation,stale,1.0,True
AUD,ppi_yoy,inflation,dead_zone,0.0,False
AUD,gdp_qoq,growth,dead_zone,0.0,False
AUD,manufacturing_pmi,growth,no_consensus,0.0,False
AUD,services_pmi,growth,no_consensus,0.0,False
AUD,retail_sales,growth,stale,2.0,True
AUD,employment_change,labour,dead_zone,0.0,False
AUD,unemployment_rate,labour,dead_zone,0.0,False
AUD,wage_growth,labour,dead_zone,0.0,False
AUD,rate_expectations,monetary,dead_zone,0.0,False
CAD,cpi_yoy,inflation,scored_nonzero,-1.0,False
CAD,core_cpi,inflation,no_consensus,0.0,False
CAD,ppi_yoy,inflation,scored_nonzero,1.0,False
CAD,gdp_qoq,growth,dead_zone,0.0,False
CAD,manufacturing_pmi,growth,no_consensus,0.0,False
CAD,services_pmi,growth,no_data,,False
CAD,retail_sales,growth,scored_nonzero,-1.0,False
CAD,employment_change,labour,dead_zone,0.0,False
CAD,unemployment_rate,labour,dead_zone,0.0,False
CAD,wage_growth,labour,no_data,,False
CAD,rate_expectations,monetary,scored_nonzero,1.0,False
CHF,cpi_yoy,inflation,scored_nonzero,-2.0,False
CHF,core_cpi,inflation,no_data,,False
CHF,ppi_yoy,inflation,scored_nonzero,-1.0,False
CHF,gdp_qoq,growth,dead_zone,0.0,False
CHF,manufacturing_pmi,growth,scored_nonzero,2.0,False
CHF,services_pmi,growth,no_data,,False
CHF,retail_sales,growth,dead_zone,0.0,False
CHF,employment_change,labour,no_data,,False
CHF,unemployment_rate,labour,dead_zone,0.0,False
CHF,wage_growth,labour,no_data,,False
CHF,rate_expectations,monetary,no_data,,False
EUR,cpi_yoy,inflation,dead_zone,0.0,False
EUR,core_cpi,inflation,dead_zone,0.0,False
EUR,ppi_yoy,inflation,dead_zone,0.0,False
EUR,gdp_qoq,growth,scored_nonzero,-1.0,False
EUR,manufacturing_pmi,growth,scored_nonzero,1.0,False
EUR,services_pmi,growth,scored_nonzero,-1.0,False
EUR,retail_sales,growth,dead_zone,0.0,False
EUR,employment_change,labour,scored_nonzero,1.0,False
EUR,unemployment_rate,labour,dead_zone,0.0,False
EUR,wage_growth,labour,no_data,,False
EUR,rate_expectations,monetary,dead_zone,0.0,False
GBP,cpi_yoy,inflation,dead_zone,0.0,False
GBP,core_cpi,inflation,dead_zone,0.0,False
GBP,ppi_yoy,inflation,dead_zone,0.0,False
GBP,gdp_qoq,growth,scored_nonzero,2.0,False
GBP,manufacturing_pmi,growth,scored_nonzero,-1.0,False
GBP,services_pmi,growth,scored_nonzero,-1.0,False
GBP,retail_sales,growth,dead_zone,0.0,False
GBP,employment_change,labour,dead_zone,0.0,False
GBP,unemployment_rate,labour,scored_nonzero,2.0,False
GBP,wage_growth,labour,scored_nonzero,1.0,False
GBP,rate_expectations,monetary,dead_zone,0.0,False
JPY,cpi_yoy,inflation,scored_nonzero,1.0,False
JPY,core_cpi,inflation,scored_nonzero,-1.0,False
JPY,ppi_yoy,inflation,no_data,,False
JPY,gdp_qoq,growth,scored_nonzero,-2.0,False
JPY,manufacturing_pmi,growth,scored_nonzero,1.0,False
JPY,services_pmi,growth,no_data,,False
JPY,retail_sales,growth,scored_nonzero,-1.0,False
JPY,employment_change,labour,no_data,,False
JPY,unemployment_rate,labour,scored_nonzero,-1.0,False
JPY,wage_growth,labour,dead_zone,0.0,False
JPY,rate_expectations,monetary,dead_zone,0.0,False
NZD,cpi_yoy,inflation,scored_nonzero,1.0,False
NZD,core_cpi,inflation,no_data,,False
NZD,ppi_yoy,inflation,dead_zone,0.0,False
NZD,gdp_qoq,growth,dead_zone,0.0,False
NZD,manufacturing_pmi,growth,no_consensus,0.0,False
NZD,services_pmi,growth,no_consensus,0.0,False
NZD,retail_sales,growth,stale,1.0,True
NZD,employment_change,labour,dead_zone,0.0,False
NZD,unemployment_rate,labour,scored_nonzero,-1.0,False
NZD,wage_growth,labour,scored_nonzero,-1.0,False
NZD,rate_expectations,monetary,no_data,,False
USD,cpi_yoy,inflation,scored_nonzero,-1.0,False
USD,core_cpi,inflation,scored_nonzero,-1.0,False
USD,ppi_yoy,inflation,scored_nonzero,-2.0,False
USD,core_pce,inflation,dead_zone,0.0,False
USD,gdp_qoq,growth,dead_zone,0.0,False
USD,manufacturing_pmi,growth,dead_zone,0.0,False
USD,services_pmi,growth,stale,1.0,True
USD,retail_sales,growth,scored_nonzero,1.0,False
USD,employment_change,labour,stale,-2.0,True
USD,unemployment_rate,labour,stale,-1.0,True
USD,wage_growth,labour,stale,1.0,True
USD,adp,labour,dead_zone,0.0,False
USD,jolts,labour,dead_zone,0.0,False
USD,jobless_claims,labour,scored_nonzero,2.0,False
USD,rate_expectations,monetary,scored_nonzero,1.0,False
AUD,cpi_yoy,inflation,scored_nonzero,-1.0,False
AUD,core_cpi,inflation,stale,1.0,True
AUD,ppi_yoy,inflation,scored_nonzero,-1.0,False
AUD,gdp_qoq,growth,dead_zone,0.0,False
AUD,manufacturing_pmi,growth,no_consensus,0.0,False
AUD,services_pmi,growth,no_consensus,0.0,False
AUD,retail_sales,growth,stale,2.0,True
AUD,employment_change,labour,dead_zone,0.0,False
AUD,unemployment_rate,labour,dead_zone,0.0,False
AUD,wage_growth,labour,dead_zone,0.0,False
AUD,rate_expectations,monetary,dead_zone,0.0,False
CAD,cpi_yoy,inflation,scored_nonzero,-1.0,False
CAD,core_cpi,inflation,no_consensus,0.0,False
CAD,ppi_yoy,inflation,scored_nonzero,1.0,False
CAD,gdp_qoq,growth,dead_zone,0.0,False
CAD,manufacturing_pmi,growth,no_consensus,0.0,False
CAD,services_pmi,growth,no_data,,False
CAD,retail_sales,growth,scored_nonzero,-1.0,False
CAD,employment_change,labour,dead_zone,0.0,False
CAD,unemployment_rate,labour,dead_zone,0.0,False
CAD,wage_growth,labour,no_data,,False
CAD,rate_expectations,monetary,dead_zone,0.0,False
CHF,cpi_yoy,inflation,dead_zone,0.0,False
CHF,core_cpi,inflation,no_data,,False
CHF,ppi_yoy,inflation,scored_nonzero,-1.0,False
CHF,gdp_qoq,growth,dead_zone,0.0,False
CHF,manufacturing_pmi,growth,scored_nonzero,1.0,False
CHF,services_pmi,growth,no_data,,False
CHF,retail_sales,growth,dead_zone,0.0,False
CHF,employment_change,labour,no_data,,False
CHF,unemployment_rate,labour,dead_zone,0.0,False
CHF,wage_growth,labour,no_data,,False
CHF,rate_expectations,monetary,no_data,,False
EUR,cpi_yoy,inflation,dead_zone,0.0,False
EUR,core_cpi,inflation,dead_zone,0.0,False
EUR,ppi_yoy,inflation,dead_zone,0.0,False
EUR,gdp_qoq,growth,scored_nonzero,-1.0,False
EUR,manufacturing_pmi,growth,scored_nonzero,1.0,False
EUR,services_pmi,growth,scored_nonzero,-1.0,False
EUR,retail_sales,growth,scored_nonzero,1.0,False
EUR,employment_change,labour,scored_nonzero,1.0,False
EUR,unemployment_rate,labour,dead_zone,0.0,False
EUR,wage_growth,labour,no_data,,False
EUR,rate_expectations,monetary,scored_nonzero,1.0,False
GBP,cpi_yoy,inflation,dead_zone,0.0,False
GBP,core_cpi,inflation,dead_zone,0.0,False
GBP,ppi_yoy,inflation,dead_zone,0.0,False
GBP,gdp_qoq,growth,scored_nonzero,2.0,False
GBP,manufacturing_pmi,growth,scored_nonzero,1.0,False
GBP,services_pmi,growth,scored_nonzero,1.0,False
GBP,retail_sales,growth,dead_zone,0.0,False
GBP,employment_change,labour,dead_zone,0.0,False
GBP,unemployment_rate,labour,scored_nonzero,2.0,False
GBP,wage_growth,labour,scored_nonzero,1.0,False
GBP,rate_expectations,monetary,scored_nonzero,2.0,False
JPY,cpi_yoy,inflation,scored_nonzero,1.0,False
JPY,core_cpi,inflation,scored_nonzero,-1.0,False
JPY,ppi_yoy,inflation,no_data,,False
JPY,gdp_qoq,growth,scored_nonzero,-2.0,False
JPY,manufacturing_pmi,growth,scored_nonzero,1.0,False
JPY,services_pmi,growth,no_data,,False
JPY,retail_sales,growth,scored_nonzero,-1.0,False
JPY,employment_change,labour,no_data,,False
JPY,unemployment_rate,labour,scored_nonzero,-1.0,False
JPY,wage_growth,labour,dead_zone,0.0,False
JPY,rate_expectations,monetary,dead_zone,0.0,False
NZD,cpi_yoy,inflation,scored_nonzero,1.0,False
NZD,core_cpi,inflation,no_data,,False
NZD,ppi_yoy,inflation,dead_zone,0.0,False
NZD,gdp_qoq,growth,dead_zone,0.0,False
NZD,manufacturing_pmi,growth,no_consensus,0.0,False
NZD,services_pmi,growth,no_consensus,0.0,False
NZD,retail_sales,growth,stale,1.0,True
NZD,employment_change,labour,dead_zone,0.0,False
NZD,unemployment_rate,labour,scored_nonzero,1.0,False
NZD,wage_growth,labour,scored_nonzero,1.0,False
NZD,rate_expectations,monetary,no_data,,False
USD,cpi_yoy,inflation,scored_nonzero,-1.0,False
USD,core_cpi,inflation,scored_nonzero,-1.0,False
USD,ppi_yoy,inflation,scored_nonzero,-2.0,False
USD,core_pce,inflation,dead_zone,0.0,False
USD,gdp_qoq,growth,dead_zone,0.0,False
USD,manufacturing_pmi,growth,dead_zone,0.0,False
USD,services_pmi,growth,dead_zone,0.0,False
USD,retail_sales,growth,scored_nonzero,1.0,False
USD,employment_change,labour,stale,-2.0,True
USD,unemployment_rate,labour,stale,-1.0,True
USD,wage_growth,labour,stale,1.0,True
USD,adp,labour,dead_zone,0.0,False
USD,jolts,labour,dead_zone,0.0,False
USD,jobless_claims,labour,dead_zone,0.0,False
USD,rate_expectations,monetary,scored_nonzero,1.0,False
AUD,cpi_yoy,inflation,scored_nonzero,-1.0,False
AUD,core_cpi,inflation,stale,1.0,True
AUD,ppi_yoy,inflation,scored_nonzero,-1.0,False
AUD,gdp_qoq,growth,dead_zone,0.0,False
AUD,manufacturing_pmi,growth,no_consensus,0.0,False
AUD,services_pmi,growth,no_consensus,0.0,False
AUD,retail_sales,growth,stale,2.0,True
AUD,employment_change,labour,dead_zone,0.0,False
AUD,unemployment_rate,labour,dead_zone,0.0,False
AUD,wage_growth,labour,dead_zone,0.0,False
AUD,rate_expectations,monetary,scored_nonzero,1.0,False
CAD,cpi_yoy,inflation,scored_nonzero,-1.0,False
CAD,core_cpi,inflation,no_consensus,0.0,False
CAD,ppi_yoy,inflation,scored_nonzero,1.0,False
CAD,gdp_qoq,growth,dead_zone,0.0,False
CAD,manufacturing_pmi,growth,no_consensus,0.0,False
CAD,services_pmi,growth,no_data,,False
CAD,retail_sales,growth,scored_nonzero,-1.0,False
CAD,employment_change,labour,dead_zone,0.0,False
CAD,unemployment_rate,labour,scored_nonzero,-1.0,False
CAD,wage_growth,labour,no_data,,False
CAD,rate_expectations,monetary,scored_nonzero,2.0,False
CHF,cpi_yoy,inflation,dead_zone,0.0,False
CHF,core_cpi,inflation,no_data,,False
CHF,ppi_yoy,inflation,scored_nonzero,1.0,False
CHF,gdp_qoq,growth,dead_zone,0.0,False
CHF,manufacturing_pmi,growth,scored_nonzero,1.0,False
CHF,services_pmi,growth,no_data,,False
CHF,retail_sales,growth,dead_zone,0.0,False
CHF,employment_change,labour,no_data,,False
CHF,unemployment_rate,labour,dead_zone,0.0,False
CHF,wage_growth,labour,no_data,,False
CHF,rate_expectations,monetary,no_data,,False
EUR,cpi_yoy,inflation,dead_zone,0.0,False
EUR,core_cpi,inflation,dead_zone,0.0,False
EUR,ppi_yoy,inflation,dead_zone,0.0,False
EUR,gdp_qoq,growth,scored_nonzero,-1.0,False
EUR,manufacturing_pmi,growth,scored_nonzero,1.0,False
EUR,services_pmi,growth,scored_nonzero,-1.0,False
EUR,retail_sales,growth,scored_nonzero,1.0,False
EUR,employment_change,labour,scored_nonzero,1.0,False
EUR,unemployment_rate,labour,dead_zone,0.0,False
EUR,wage_growth,labour,no_data,,False
EUR,rate_expectations,monetary,scored_nonzero,2.0,False
GBP,cpi_yoy,inflation,dead_zone,0.0,False
GBP,core_cpi,inflation,dead_zone,0.0,False
GBP,ppi_yoy,inflation,dead_zone,0.0,False
GBP,gdp_qoq,growth,scored_nonzero,2.0,False
GBP,manufacturing_pmi,growth,scored_nonzero,1.0,False
GBP,services_pmi,growth,scored_nonzero,1.0,False
GBP,retail_sales,growth,dead_zone,0.0,False
GBP,employment_change,labour,dead_zone,0.0,False
GBP,unemployment_rate,labour,scored_nonzero,2.0,False
GBP,wage_growth,labour,scored_nonzero,1.0,False
GBP,rate_expectations,monetary,scored_nonzero,2.0,False
JPY,cpi_yoy,inflation,scored_nonzero,1.0,False
JPY,core_cpi,inflation,scored_nonzero,-1.0,False
JPY,ppi_yoy,inflation,no_data,,False
JPY,gdp_qoq,growth,scored_nonzero,-2.0,False
JPY,manufacturing_pmi,growth,scored_nonzero,1.0,False
JPY,services_pmi,growth,no_data,,False
JPY,retail_sales,growth,scored_nonzero,-1.0,False
JPY,employment_change,labour,no_data,,False
JPY,unemployment_rate,labour,scored_nonzero,-1.0,False
JPY,wage_growth,labour,dead_zone,0.0,False
JPY,rate_expectations,monetary,dead_zone,0.0,False
NZD,cpi_yoy,inflation,scored_nonzero,1.0,False
NZD,core_cpi,inflation,no_data,,False
NZD,ppi_yoy,inflation,dead_zone,0.0,False
NZD,gdp_qoq,growth,dead_zone,0.0,False
NZD,manufacturing_pmi,growth,no_consensus,0.0,False
NZD,services_pmi,growth,no_consensus,0.0,False
NZD,retail_sales,growth,stale,1.0,True
NZD,employment_change,labour,dead_zone,0.0,False
NZD,unemployment_rate,labour,scored_nonzero,1.0,False
NZD,wage_growth,labour,scored_nonzero,1.0,False
NZD,rate_expectations,monetary,no_data,,False
USD,cpi_yoy,inflation,dead_zone,0.0,False
USD,core_cpi,inflation,scored_nonzero,1.0,False
USD,ppi_yoy,inflation,scored_nonzero,2.0,False
USD,core_pce,inflation,dead_zone,0.0,False
USD,gdp_qoq,growth,dead_zone,0.0,False
USD,manufacturing_pmi,growth,dead_zone,0.0,False
USD,services_pmi,growth,dead_zone,0.0,False
USD,retail_sales,growth,dead_zone,0.0,False
USD,employment_change,labour,dead_zone,0.0,False
USD,unemployment_rate,labour,dead_zone,0.0,False
USD,wage_growth,labour,scored_nonzero,-1.0,False
USD,adp,labour,dead_zone,0.0,False
USD,jolts,labour,dead_zone,0.0,False
USD,jobless_claims,labour,dead_zone,0.0,False
USD,rate_expectations,monetary,scored_nonzero,2.0,False
AUD,cpi_yoy,inflation,scored_nonzero,-1.0,False
AUD,core_cpi,inflation,stale,1.0,True
AUD,ppi_yoy,inflation,scored_nonzero,-1.0,False
AUD,gdp_qoq,growth,dead_zone,0.0,False
AUD,manufacturing_pmi,growth,no_consensus,0.0,False
AUD,services_pmi,growth,no_consensus,0.0,False
AUD,retail_sales,growth,stale,2.0,True
AUD,employment_change,labour,scored_nonzero,-1.0,False
AUD,unemployment_rate,labour,scored_nonzero,-1.0,False
AUD,wage_growth,labour,dead_zone,0.0,False
AUD,rate_expectations,monetary,scored_nonzero,-1.0,False
CAD,cpi_yoy,inflation,scored_nonzero,-2.0,False
CAD,core_cpi,inflation,no_consensus,0.0,False
CAD,ppi_yoy,inflation,scored_nonzero,1.0,False
CAD,gdp_qoq,growth,dead_zone,0.0,False
CAD,manufacturing_pmi,growth,no_consensus,0.0,False
CAD,services_pmi,growth,no_data,,False
CAD,retail_sales,growth,scored_nonzero,-1.0,False
CAD,employment_change,labour,dead_zone,0.0,False
CAD,unemployment_rate,labour,scored_nonzero,-1.0,False
CAD,wage_growth,labour,no_data,,False
CAD,rate_expectations,monetary,scored_nonzero,1.0,False
CHF,cpi_yoy,inflation,dead_zone,0.0,False
CHF,core_cpi,inflation,no_data,,False
CHF,ppi_yoy,inflation,scored_nonzero,1.0,False
CHF,gdp_qoq,growth,dead_zone,0.0,False
CHF,manufacturing_pmi,growth,scored_nonzero,1.0,False
CHF,services_pmi,growth,no_data,,False
CHF,retail_sales,growth,dead_zone,0.0,False
CHF,employment_change,labour,no_data,,False
CHF,unemployment_rate,labour,dead_zone,0.0,False
CHF,wage_growth,labour,no_data,,False
CHF,rate_expectations,monetary,no_data,,False
EUR,cpi_yoy,inflation,dead_zone,0.0,False
EUR,core_cpi,inflation,dead_zone,0.0,False
EUR,ppi_yoy,inflation,dead_zone,0.0,False
EUR,gdp_qoq,growth,scored_nonzero,-1.0,False
EUR,manufacturing_pmi,growth,dead_zone,0.0,False
EUR,services_pmi,growth,scored_nonzero,-1.0,False
EUR,retail_sales,growth,scored_nonzero,1.0,False
EUR,employment_change,labour,scored_nonzero,1.0,False
EUR,unemployment_rate,labour,dead_zone,0.0,False
EUR,wage_growth,labour,no_data,,False
EUR,rate_expectations,monetary,scored_nonzero,1.0,False
GBP,cpi_yoy,inflation,scored_nonzero,-1.0,False
GBP,core_cpi,inflation,dead_zone,0.0,False
GBP,ppi_yoy,inflation,scored_nonzero,1.0,False
GBP,gdp_qoq,growth,scored_nonzero,2.0,False
GBP,manufacturing_pmi,growth,scored_nonzero,1.0,False
GBP,services_pmi,growth,scored_nonzero,1.0,False
GBP,retail_sales,growth,dead_zone,0.0,False
GBP,employment_change,labour,dead_zone,0.0,False
GBP,unemployment_rate,labour,scored_nonzero,-1.0,False
GBP,wage_growth,labour,scored_nonzero,1.0,False
GBP,rate_expectations,monetary,dead_zone,0.0,False
JPY,cpi_yoy,inflation,scored_nonzero,-2.0,False
JPY,core_cpi,inflation,scored_nonzero,-1.0,False
JPY,ppi_yoy,inflation,no_data,,False
JPY,gdp_qoq,growth,scored_nonzero,2.0,False
JPY,manufacturing_pmi,growth,dead_zone,0.0,False
JPY,services_pmi,growth,no_data,,False
JPY,retail_sales,growth,scored_nonzero,-1.0,False
JPY,employment_change,labour,no_data,,False
JPY,unemployment_rate,labour,scored_nonzero,-1.0,False
JPY,wage_growth,labour,dead_zone,0.0,False
JPY,rate_expectations,monetary,scored_nonzero,2.0,False
NZD,cpi_yoy,inflation,scored_nonzero,1.0,False
NZD,core_cpi,inflation,no_data,,False
NZD,ppi_yoy,inflation,dead_zone,0.0,False
NZD,gdp_qoq,growth,dead_zone,0.0,False
NZD,manufacturing_pmi,growth,no_consensus,0.0,False
NZD,services_pmi,growth,no_consensus,0.0,False
NZD,retail_sales,growth,dead_zone,0.0,False
NZD,employment_change,labour,dead_zone,0.0,False
NZD,unemployment_rate,labour,scored_nonzero,1.0,False
NZD,wage_growth,labour,scored_nonzero,1.0,False
NZD,rate_expectations,monetary,no_data,,False
USD,cpi_yoy,inflation,dead_zone,0.0,False
USD,core_cpi,inflation,scored_nonzero,1.0,False
USD,ppi_yoy,inflation,scored_nonzero,2.0,False
USD,core_pce,inflation,dead_zone,0.0,False
USD,gdp_qoq,growth,dead_zone,0.0,False
USD,manufacturing_pmi,growth,dead_zone,0.0,False
USD,services_pmi,growth,dead_zone,0.0,False
USD,retail_sales,growth,dead_zone,0.0,False
USD,employment_change,labour,dead_zone,0.0,False
USD,unemployment_rate,labour,dead_zone,0.0,False
USD,wage_growth,labour,scored_nonzero,-1.0,False
USD,adp,labour,dead_zone,0.0,False
USD,jolts,labour,dead_zone,0.0,False
USD,jobless_claims,labour,dead_zone,0.0,False
USD,rate_expectations,monetary,scored_nonzero,2.0,False
AUD,cpi_yoy,inflation,scored_nonzero,-1.0,False
AUD,core_cpi,inflation,stale,1.0,True
AUD,ppi_yoy,inflation,scored_nonzero,-1.0,False
AUD,gdp_qoq,growth,dead_zone,0.0,False
AUD,manufacturing_pmi,growth,no_consensus,0.0,False
AUD,services_pmi,growth,no_consensus,0.0,False
AUD,retail_sales,growth,stale,2.0,True
AUD,employment_change,labour,scored_nonzero,-1.0,False
AUD,unemployment_rate,labour,scored_nonzero,-1.0,False
AUD,wage_growth,labour,dead_zone,0.0,False
AUD,rate_expectations,monetary,scored_nonzero,-2.0,False
CAD,cpi_yoy,inflation,scored_nonzero,-2.0,False
CAD,core_cpi,inflation,no_consensus,0.0,False
CAD,ppi_yoy,inflation,scored_nonzero,1.0,False
CAD,gdp_qoq,growth,dead_zone,0.0,False
CAD,manufacturing_pmi,growth,no_consensus,0.0,False
CAD,services_pmi,growth,no_data,,False
CAD,retail_sales,growth,scored_nonzero,1.0,False
CAD,employment_change,labour,dead_zone,0.0,False
CAD,unemployment_rate,labour,scored_nonzero,-1.0,False
CAD,wage_growth,labour,no_data,,False
CAD,rate_expectations,monetary,scored_nonzero,-2.0,False
CHF,cpi_yoy,inflation,dead_zone,0.0,False
CHF,core_cpi,inflation,no_data,,False
CHF,ppi_yoy,inflation,scored_nonzero,1.0,False
CHF,gdp_qoq,growth,dead_zone,0.0,False
CHF,manufacturing_pmi,growth,scored_nonzero,1.0,False
CHF,services_pmi,growth,no_data,,False
CHF,retail_sales,growth,dead_zone,0.0,False
CHF,employment_change,labour,no_data,,False
CHF,unemployment_rate,labour,dead_zone,0.0,False
CHF,wage_growth,labour,no_data,,False
CHF,rate_expectations,monetary,no_data,,False
EUR,cpi_yoy,inflation,dead_zone,0.0,False
EUR,core_cpi,inflation,dead_zone,0.0,False
EUR,ppi_yoy,inflation,dead_zone,0.0,False
EUR,gdp_qoq,growth,scored_nonzero,-1.0,False
EUR,manufacturing_pmi,growth,dead_zone,0.0,False
EUR,services_pmi,growth,scored_nonzero,-1.0,False
EUR,retail_sales,growth,scored_nonzero,1.0,False
EUR,employment_change,labour,scored_nonzero,1.0,False
EUR,unemployment_rate,labour,dead_zone,0.0,False
EUR,wage_growth,labour,no_data,,False
EUR,rate_expectations,monetary,scored_nonzero,-2.0,False
GBP,cpi_yoy,inflation,scored_nonzero,-1.0,False
GBP,core_cpi,inflation,dead_zone,0.0,False
GBP,ppi_yoy,inflation,scored_nonzero,1.0,False
GBP,gdp_qoq,growth,scored_nonzero,2.0,False
GBP,manufacturing_pmi,growth,scored_nonzero,1.0,False
GBP,services_pmi,growth,scored_nonzero,1.0,False
GBP,retail_sales,growth,dead_zone,0.0,False
GBP,employment_change,labour,dead_zone,0.0,False
GBP,unemployment_rate,labour,scored_nonzero,-1.0,False
GBP,wage_growth,labour,scored_nonzero,1.0,False
GBP,rate_expectations,monetary,scored_nonzero,-1.0,False
JPY,cpi_yoy,inflation,scored_nonzero,-2.0,False
JPY,core_cpi,inflation,scored_nonzero,-2.0,False
JPY,ppi_yoy,inflation,no_data,,False
JPY,gdp_qoq,growth,scored_nonzero,2.0,False
JPY,manufacturing_pmi,growth,dead_zone,0.0,False
JPY,services_pmi,growth,no_data,,False
JPY,retail_sales,growth,dead_zone,0.0,False
JPY,employment_change,labour,no_data,,False
JPY,unemployment_rate,labour,scored_nonzero,2.0,False
JPY,wage_growth,labour,dead_zone,0.0,False
JPY,rate_expectations,monetary,scored_nonzero,1.0,False
NZD,cpi_yoy,inflation,scored_nonzero,1.0,False
NZD,core_cpi,inflation,no_data,,False
NZD,ppi_yoy,inflation,dead_zone,0.0,False
NZD,gdp_qoq,growth,dead_zone,0.0,False
NZD,manufacturing_pmi,growth,no_consensus,0.0,False
NZD,services_pmi,growth,no_consensus,0.0,False
NZD,retail_sales,growth,dead_zone,0.0,False
NZD,employment_change,labour,dead_zone,0.0,False
NZD,unemployment_rate,labour,scored_nonzero,1.0,False
NZD,wage_growth,labour,scored_nonzero,1.0,False
NZD,rate_expectations,monetary,no_data,,False
USD,cpi_yoy,inflation,dead_zone,0.0,False
USD,core_cpi,inflation,scored_nonzero,1.0,False
USD,ppi_yoy,inflation,scored_nonzero,2.0,False
USD,core_pce,inflation,scored_nonzero,-2.0,False
USD,gdp_qoq,growth,dead_zone,0.0,False
USD,manufacturing_pmi,growth,dead_zone,0.0,False
USD,services_pmi,growth,dead_zone,0.0,False
USD,retail_sales,growth,dead_zone,0.0,False
USD,employment_change,labour,dead_zone,0.0,False
USD,unemployment_rate,labour,dead_zone,0.0,False
USD,wage_growth,labour,scored_nonzero,-1.0,False
USD,adp,labour,dead_zone,0.0,False
USD,jolts,labour,dead_zone,0.0,False
USD,jobless_claims,labour,dead_zone,0.0,False
USD,rate_expectations,monetary,dead_zone,0.0,False
AUD,cpi_yoy,inflation,scored_nonzero,-1.0,False
AUD,core_cpi,inflation,stale,1.0,True
AUD,ppi_yoy,inflation,scored_nonzero,-1.0,False
AUD,gdp_qoq,growth,scored_nonzero,-2.0,False
AUD,manufacturing_pmi,growth,no_consensus,0.0,False
AUD,services_pmi,growth,no_consensus,0.0,False
AUD,retail_sales,growth,stale,2.0,True
AUD,employment_change,labour,scored_nonzero,-1.0,False
AUD,unemployment_rate,labour,scored_nonzero,-1.0,False
AUD,wage_growth,labour,dead_zone,0.0,False
AUD,rate_expectations,monetary,dead_zone,0.0,False
CAD,cpi_yoy,inflation,scored_nonzero,-2.0,False
CAD,core_cpi,inflation,no_consensus,0.0,False
CAD,ppi_yoy,inflation,scored_nonzero,1.0,False
CAD,gdp_qoq,growth,scored_nonzero,-2.0,False
CAD,manufacturing_pmi,growth,no_consensus,0.0,False
CAD,services_pmi,growth,no_data,,False
CAD,retail_sales,growth,scored_nonzero,1.0,False
CAD,employment_change,labour,dead_zone,0.0,False
CAD,unemployment_rate,labour,scored_nonzero,-1.0,False
CAD,wage_growth,labour,no_data,,False
CAD,rate_expectations,monetary,dead_zone,0.0,False
CHF,cpi_yoy,inflation,scored_nonzero,-1.0,False
CHF,core_cpi,inflation,no_data,,False
CHF,ppi_yoy,inflation,scored_nonzero,1.0,False
CHF,gdp_qoq,growth,scored_nonzero,1.0,False
CHF,manufacturing_pmi,growth,scored_nonzero,1.0,False
CHF,services_pmi,growth,no_data,,False
CHF,retail_sales,growth,dead_zone,0.0,False
CHF,employment_change,labour,no_data,,False
CHF,unemployment_rate,labour,scored_nonzero,-2.0,False
CHF,wage_growth,labour,no_data,,False
CHF,rate_expectations,monetary,no_data,,False
EUR,cpi_yoy,inflation,dead_zone,0.0,False
EUR,core_cpi,inflation,scored_nonzero,1.0,False
EUR,ppi_yoy,inflation,dead_zone,0.0,False
EUR,gdp_qoq,growth,scored_nonzero,-1.0,False
EUR,manufacturing_pmi,growth,dead_zone,0.0,False
EUR,services_pmi,growth,scored_nonzero,-1.0,False
EUR,retail_sales,growth,dead_zone,0.0,False
EUR,employment_change,labour,scored_nonzero,1.0,False
EUR,unemployment_rate,labour,scored_nonzero,-1.0,False
EUR,wage_growth,labour,no_data,,False
EUR,rate_expectations,monetary,scored_nonzero,1.0,False
GBP,cpi_yoy,inflation,scored_nonzero,-1.0,False
GBP,core_cpi,inflation,dead_zone,0.0,False
GBP,ppi_yoy,inflation,scored_nonzero,1.0,False
GBP,gdp_qoq,growth,scored_nonzero,2.0,False
GBP,manufacturing_pmi,growth,dead_zone,0.0,False
GBP,services_pmi,growth,scored_nonzero,2.0,False
GBP,retail_sales,growth,dead_zone,0.0,False
GBP,employment_change,labour,dead_zone,0.0,False
GBP,unemployment_rate,labour,scored_nonzero,-1.0,False
GBP,wage_growth,labour,scored_nonzero,1.0,False
GBP,rate_expectations,monetary,dead_zone,0.0,False
JPY,cpi_yoy,inflation,scored_nonzero,-2.0,False
JPY,core_cpi,inflation,scored_nonzero,-2.0,False
JPY,ppi_yoy,inflation,no_data,,False
JPY,gdp_qoq,growth,scored_nonzero,2.0,False
JPY,manufacturing_pmi,growth,dead_zone,0.0,False
JPY,services_pmi,growth,no_data,,False
JPY,retail_sales,growth,dead_zone,0.0,False
JPY,employment_change,labour,no_data,,False
JPY,unemployment_rate,labour,scored_nonzero,2.0,False
JPY,wage_growth,labour,dead_zone,0.0,False
JPY,rate_expectations,monetary,scored_nonzero,1.0,False
NZD,cpi_yoy,inflation,scored_nonzero,1.0,False
NZD,core_cpi,inflation,no_data,,False
NZD,ppi_yoy,inflation,dead_zone,0.0,False
NZD,gdp_qoq,growth,dead_zone,0.0,False
NZD,manufacturing_pmi,growth,no_consensus,0.0,False
NZD,services_pmi,growth,no_consensus,0.0,False
NZD,retail_sales,growth,dead_zone,0.0,False
NZD,employment_change,labour,dead_zone,0.0,False
NZD,unemployment_rate,labour,scored_nonzero,1.0,False
NZD,wage_growth,labour,scored_nonzero,1.0,False
NZD,rate_expectations,monetary,no_data,,False
USD,cpi_yoy,inflation,dead_zone,0.0,False
USD,core_cpi,inflation,scored_nonzero,1.0,False
USD,ppi_yoy,inflation,scored_nonzero,2.0,False
USD,core_pce,inflation,scored_nonzero,-2.0,False
USD,gdp_qoq,growth,dead_zone,0.0,False
USD,manufacturing_pmi,growth,dead_zone,0.0,False
USD,services_pmi,growth,dead_zone,0.0,False
USD,retail_sales,growth,dead_zone,0.0,False
USD,employment_change,labour,dead_zone,0.0,False
USD,unemployment_rate,labour,dead_zone,0.0,False
USD,wage_growth,labour,scored_nonzero,-1.0,False
USD,adp,labour,dead_zone,0.0,False
USD,jolts,labour,scored_nonzero,2.0,False
USD,jobless_claims,labour,scored_nonzero,-1.0,False
USD,rate_expectations,monetary,scored_nonzero,2.0,False
AUD,cpi_yoy,inflation,scored_nonzero,-1.0,False
AUD,core_cpi,inflation,stale,1.0,True
AUD,ppi_yoy,inflation,scored_nonzero,-1.0,False
AUD,gdp_qoq,growth,scored_nonzero,-2.0,False
AUD,manufacturing_pmi,growth,no_consensus,0.0,False
AUD,services_pmi,growth,no_consensus,0.0,False
AUD,retail_sales,growth,stale,2.0,True
AUD,employment_change,labour,scored_nonzero,-1.0,False
AUD,unemployment_rate,labour,scored_nonzero,-1.0,False
AUD,wage_growth,labour,dead_zone,0.0,False
AUD,rate_expectations,monetary,scored_nonzero,-2.0,False
CAD,cpi_yoy,inflation,scored_nonzero,-2.0,False
CAD,core_cpi,inflation,no_consensus,0.0,False
CAD,ppi_yoy,inflation,scored_nonzero,1.0,False
CAD,gdp_qoq,growth,scored_nonzero,-2.0,False
CAD,manufacturing_pmi,growth,no_consensus,0.0,False
CAD,services_pmi,growth,no_data,,False
CAD,retail_sales,growth,scored_nonzero,1.0,False
CAD,employment_change,labour,scored_nonzero,1.0,False
CAD,unemployment_rate,labour,scored_nonzero,2.0,False
CAD,wage_growth,labour,no_data,,False
CAD,rate_expectations,monetary,scored_nonzero,-2.0,False
CHF,cpi_yoy,inflation,scored_nonzero,-1.0,False
CHF,core_cpi,inflation,no_data,,False
CHF,ppi_yoy,inflation,scored_nonzero,1.0,False
CHF,gdp_qoq,growth,scored_nonzero,1.0,False
CHF,manufacturing_pmi,growth,scored_nonzero,1.0,False
CHF,services_pmi,growth,no_data,,False
CHF,retail_sales,growth,dead_zone,0.0,False
CHF,employment_change,labour,no_data,,False
CHF,unemployment_rate,labour,scored_nonzero,-2.0,False
CHF,wage_growth,labour,no_data,,False
CHF,rate_expectations,monetary,no_data,,False
EUR,cpi_yoy,inflation,dead_zone,0.0,False
EUR,core_cpi,inflation,scored_nonzero,1.0,False
EUR,ppi_yoy,inflation,dead_zone,0.0,False
EUR,gdp_qoq,growth,scored_nonzero,-1.0,False
EUR,manufacturing_pmi,growth,dead_zone,0.0,False
EUR,services_pmi,growth,scored_nonzero,-1.0,False
EUR,retail_sales,growth,dead_zone,0.0,False
EUR,employment_change,labour,scored_nonzero,1.0,False
EUR,unemployment_rate,labour,scored_nonzero,-1.0,False
EUR,wage_growth,labour,no_data,,False
EUR,rate_expectations,monetary,dead_zone,0.0,False
GBP,cpi_yoy,inflation,scored_nonzero,-1.0,False
GBP,core_cpi,inflation,dead_zone,0.0,False
GBP,ppi_yoy,inflation,scored_nonzero,1.0,False
GBP,gdp_qoq,growth,scored_nonzero,2.0,False
GBP,manufacturing_pmi,growth,dead_zone,0.0,False
GBP,services_pmi,growth,scored_nonzero,2.0,False
GBP,retail_sales,growth,dead_zone,0.0,False
GBP,employment_change,labour,dead_zone,0.0,False
GBP,unemployment_rate,labour,scored_nonzero,-1.0,False
GBP,wage_growth,labour,scored_nonzero,1.0,False
GBP,rate_expectations,monetary,scored_nonzero,-2.0,False
JPY,cpi_yoy,inflation,scored_nonzero,-2.0,False
JPY,core_cpi,inflation,scored_nonzero,-2.0,False
JPY,ppi_yoy,inflation,no_data,,False
JPY,gdp_qoq,growth,scored_nonzero,2.0,False
JPY,manufacturing_pmi,growth,dead_zone,0.0,False
JPY,services_pmi,growth,no_data,,False
JPY,retail_sales,growth,dead_zone,0.0,False
JPY,employment_change,labour,no_data,,False
JPY,unemployment_rate,labour,scored_nonzero,2.0,False
JPY,wage_growth,labour,dead_zone,0.0,False
JPY,rate_expectations,monetary,dead_zone,0.0,False
NZD,cpi_yoy,inflation,scored_nonzero,1.0,False
NZD,core_cpi,inflation,no_data,,False
NZD,ppi_yoy,inflation,dead_zone,0.0,False
NZD,gdp_qoq,growth,dead_zone,0.0,False
NZD,manufacturing_pmi,growth,no_consensus,0.0,False
NZD,services_pmi,growth,no_consensus,0.0,False
NZD,retail_sales,growth,dead_zone,0.0,False
NZD,employment_change,labour,dead_zone,0.0,False
NZD,unemployment_rate,labour,scored_nonzero,1.0,False
NZD,wage_growth,labour,scored_nonzero,1.0,False
NZD,rate_expectations,monetary,no_data,,False
USD,cpi_yoy,inflation,dead_zone,0.0,False
USD,core_cpi,inflation,scored_nonzero,-1.0,False
USD,ppi_yoy,inflation,scored_nonzero,1.0,False
USD,core_pce,inflation,scored_nonzero,-2.0,False
USD,gdp_qoq,growth,dead_zone,0.0,False
USD,manufacturing_pmi,growth,dead_zone,0.0,False
USD,services_pmi,growth,dead_zone,0.0,False
USD,retail_sales,growth,dead_zone,0.0,False
USD,employment_change,labour,scored_nonzero,1.0,False
USD,unemployment_rate,labour,dead_zone,0.0,False
USD,wage_growth,labour,dead_zone,0.0,False
USD,adp,labour,dead_zone,0.0,False
USD,jolts,labour,scored_nonzero,2.0,False
USD,jobless_claims,labour,scored_nonzero,-1.0,False
USD,rate_expectations,monetary,scored_nonzero,1.0,False
AUD,cpi_yoy,inflation,scored_nonzero,-1.0,False
AUD,core_cpi,inflation,stale,1.0,True
AUD,ppi_yoy,inflation,scored_nonzero,-1.0,False
AUD,gdp_qoq,growth,scored_nonzero,-2.0,False
AUD,manufacturing_pmi,growth,no_consensus,0.0,False
AUD,services_pmi,growth,no_consensus,0.0,False
AUD,retail_sales,growth,stale,2.0,True
AUD,employment_change,labour,scored_nonzero,-1.0,False
AUD,unemployment_rate,labour,scored_nonzero,-1.0,False
AUD,wage_growth,labour,dead_zone,0.0,False
AUD,rate_expectations,monetary,scored_nonzero,-2.0,False
CAD,cpi_yoy,inflation,scored_nonzero,-2.0,False
CAD,core_cpi,inflation,no_consensus,0.0,False
CAD,ppi_yoy,inflation,dead_zone,0.0,False
CAD,gdp_qoq,growth,scored_nonzero,-2.0,False
CAD,manufacturing_pmi,growth,no_consensus,0.0,False
CAD,services_pmi,growth,no_data,,False
CAD,retail_sales,growth,scored_nonzero,1.0,False
CAD,employment_change,labour,scored_nonzero,1.0,False
CAD,unemployment_rate,labour,scored_nonzero,2.0,False
CAD,wage_growth,labour,no_data,,False
CAD,rate_expectations,monetary,scored_nonzero,-1.0,False
CHF,cpi_yoy,inflation,scored_nonzero,-1.0,False
CHF,core_cpi,inflation,no_data,,False
CHF,ppi_yoy,inflation,scored_nonzero,-2.0,False
CHF,gdp_qoq,growth,scored_nonzero,1.0,False
CHF,manufacturing_pmi,growth,scored_nonzero,1.0,False
CHF,services_pmi,growth,no_data,,False
CHF,retail_sales,growth,dead_zone,0.0,False
CHF,employment_change,labour,no_data,,False
CHF,unemployment_rate,labour,scored_nonzero,-2.0,False
CHF,wage_growth,labour,no_data,,False
CHF,rate_expectations,monetary,no_data,,False
EUR,cpi_yoy,inflation,dead_zone,0.0,False
EUR,core_cpi,inflation,scored_nonzero,1.0,False
EUR,ppi_yoy,inflation,dead_zone,0.0,False
EUR,gdp_qoq,growth,scored_nonzero,-1.0,False
EUR,manufacturing_pmi,growth,dead_zone,0.0,False
EUR,services_pmi,growth,scored_nonzero,-1.0,False
EUR,retail_sales,growth,dead_zone,0.0,False
EUR,employment_change,labour,scored_nonzero,1.0,False
EUR,unemployment_rate,labour,scored_nonzero,-1.0,False
EUR,wage_growth,labour,no_data,,False
EUR,rate_expectations,monetary,dead_zone,0.0,False
GBP,cpi_yoy,inflation,scored_nonzero,-1.0,False
GBP,core_cpi,inflation,dead_zone,0.0,False
GBP,ppi_yoy,inflation,dead_zone,0.0,False
GBP,gdp_qoq,growth,dead_zone,0.0,False
GBP,manufacturing_pmi,growth,dead_zone,0.0,False
GBP,services_pmi,growth,scored_nonzero,2.0,False
GBP,retail_sales,growth,dead_zone,0.0,False
GBP,employment_change,labour,dead_zone,0.0,False
GBP,unemployment_rate,labour,scored_nonzero,1.0,False
GBP,wage_growth,labour,scored_nonzero,2.0,False
GBP,rate_expectations,monetary,scored_nonzero,-2.0,False
JPY,cpi_yoy,inflation,dead_zone,0.0,False
JPY,core_cpi,inflation,scored_nonzero,-2.0,False
JPY,ppi_yoy,inflation,no_data,,False
JPY,gdp_qoq,growth,scored_nonzero,2.0,False
JPY,manufacturing_pmi,growth,dead_zone,0.0,False
JPY,services_pmi,growth,no_data,,False
JPY,retail_sales,growth,dead_zone,0.0,False
JPY,employment_change,labour,no_data,,False
JPY,unemployment_rate,labour,scored_nonzero,2.0,False
JPY,wage_growth,labour,dead_zone,0.0,False
JPY,rate_expectations,monetary,scored_nonzero,-1.0,False
NZD,cpi_yoy,inflation,scored_nonzero,1.0,False
NZD,core_cpi,inflation,no_data,,False
NZD,ppi_yoy,inflation,dead_zone,0.0,False
NZD,gdp_qoq,growth,dead_zone,0.0,False
NZD,manufacturing_pmi,growth,no_consensus,0.0,False
NZD,services_pmi,growth,no_consensus,0.0,False
NZD,retail_sales,growth,dead_zone,0.0,False
NZD,employment_change,labour,dead_zone,0.0,False
NZD,unemployment_rate,labour,scored_nonzero,1.0,False
NZD,wage_growth,labour,scored_nonzero,1.0,False
NZD,rate_expectations,monetary,no_data,,False
USD,cpi_yoy,inflation,dead_zone,0.0,False
USD,core_cpi,inflation,scored_nonzero,-1.0,False
USD,ppi_yoy,inflation,scored_nonzero,1.0,False
USD,core_pce,inflation,scored_nonzero,-2.0,False
USD,gdp_qoq,growth,dead_zone,0.0,False
USD,manufacturing_pmi,growth,dead_zone,0.0,False
USD,services_pmi,growth,dead_zone,0.0,False
USD,retail_sales,growth,scored_nonzero,1.0,False
USD,employment_change,labour,scored_nonzero,1.0,False
USD,unemployment_rate,labour,dead_zone,0.0,False
USD,wage_growth,labour,dead_zone,0.0,False
USD,adp,labour,dead_zone,0.0,False
USD,jolts,labour,scored_nonzero,2.0,False
USD,jobless_claims,labour,dead_zone,0.0,False
USD,rate_expectations,monetary,dead_zone,0.0,False
AUD,cpi_yoy,inflation,scored_nonzero,-1.0,False
AUD,core_cpi,inflation,stale,1.0,True
AUD,ppi_yoy,inflation,scored_nonzero,-1.0,False
AUD,gdp_qoq,growth,scored_nonzero,-2.0,False
AUD,manufacturing_pmi,growth,no_consensus,0.0,False
AUD,services_pmi,growth,no_consensus,0.0,False
AUD,retail_sales,growth,stale,2.0,True
AUD,employment_change,labour,dead_zone,0.0,False
AUD,unemployment_rate,labour,dead_zone,0.0,False
AUD,wage_growth,labour,dead_zone,0.0,False
AUD,rate_expectations,monetary,scored_nonzero,-1.0,False
CAD,cpi_yoy,inflation,scored_nonzero,2.0,False
CAD,core_cpi,inflation,no_consensus,0.0,False
CAD,ppi_yoy,inflation,dead_zone,0.0,False
CAD,gdp_qoq,growth,scored_nonzero,-2.0,False
CAD,manufacturing_pmi,growth,no_consensus,0.0,False
CAD,services_pmi,growth,no_data,,False
CAD,retail_sales,growth,dead_zone,0.0,False
CAD,employment_change,labour,scored_nonzero,1.0,False
CAD,unemployment_rate,labour,scored_nonzero,2.0,False
CAD,wage_growth,labour,no_data,,False
CAD,rate_expectations,monetary,scored_nonzero,-1.0,False
CHF,cpi_yoy,inflation,scored_nonzero,-1.0,False
CHF,core_cpi,inflation,no_data,,False
CHF,ppi_yoy,inflation,scored_nonzero,-2.0,False
CHF,gdp_qoq,growth,scored_nonzero,1.0,False
CHF,manufacturing_pmi,growth,scored_nonzero,1.0,False
CHF,services_pmi,growth,no_data,,False
CHF,retail_sales,growth,dead_zone,0.0,False
CHF,employment_change,labour,no_data,,False
CHF,unemployment_rate,labour,scored_nonzero,-2.0,False
CHF,wage_growth,labour,no_data,,False
CHF,rate_expectations,monetary,no_data,,False
EUR,cpi_yoy,inflation,dead_zone,0.0,False
EUR,core_cpi,inflation,scored_nonzero,1.0,False
EUR,ppi_yoy,inflation,dead_zone,0.0,False
EUR,gdp_qoq,growth,scored_nonzero,-1.0,False
EUR,manufacturing_pmi,growth,dead_zone,0.0,False
EUR,services_pmi,growth,dead_zone,0.0,False
EUR,retail_sales,growth,dead_zone,0.0,False
EUR,employment_change,labour,scored_nonzero,1.0,False
EUR,unemployment_rate,labour,scored_nonzero,-1.0,False
EUR,wage_growth,labour,no_data,,False
EUR,rate_expectations,monetary,scored_nonzero,-1.0,False
GBP,cpi_yoy,inflation,scored_nonzero,-1.0,False
GBP,core_cpi,inflation,dead_zone,0.0,False
GBP,ppi_yoy,inflation,dead_zone,0.0,False
GBP,gdp_qoq,growth,dead_zone,0.0,False
GBP,manufacturing_pmi,growth,dead_zone,0.0,False
GBP,services_pmi,growth,scored_nonzero,2.0,False
GBP,retail_sales,growth,dead_zone,0.0,False
GBP,employment_change,labour,dead_zone,0.0,False
GBP,unemployment_rate,labour,scored_nonzero,1.0,False
GBP,wage_growth,labour,scored_nonzero,2.0,False
GBP,rate_expectations,monetary,dead_zone,0.0,False
JPY,cpi_yoy,inflation,dead_zone,0.0,False
JPY,core_cpi,inflation,dead_zone,0.0,False
JPY,ppi_yoy,inflation,no_data,,False
JPY,gdp_qoq,growth,scored_nonzero,2.0,False
JPY,manufacturing_pmi,growth,dead_zone,0.0,False
JPY,services_pmi,growth,no_data,,False
JPY,retail_sales,growth,dead_zone,0.0,False
JPY,employment_change,labour,no_data,,False
JPY,unemployment_rate,labour,scored_nonzero,2.0,False
JPY,wage_growth,labour,dead_zone,0.0,False
JPY,rate_expectations,monetary,scored_nonzero,1.0,False
NZD,cpi_yoy,inflation,scored_nonzero,1.0,False
NZD,core_cpi,inflation,no_data,,False
NZD,ppi_yoy,inflation,dead_zone,0.0,False
NZD,gdp_qoq,growth,dead_zone,0.0,False
NZD,manufacturing_pmi,growth,no_consensus,0.0,False
NZD,services_pmi,growth,no_consensus,0.0,False
NZD,retail_sales,growth,dead_zone,0.0,False
NZD,employment_change,labour,dead_zone,0.0,False
NZD,unemployment_rate,labour,scored_nonzero,1.0,False
NZD,wage_growth,labour,scored_nonzero,1.0,False
NZD,rate_expectations,monetary,no_data,,False
USD,cpi_yoy,inflation,dead_zone,0.0,False
USD,core_cpi,inflation,scored_nonzero,-1.0,False
USD,ppi_yoy,inflation,scored_nonzero,1.0,False
USD,core_pce,inflation,dead_zone,0.0,False
USD,gdp_qoq,growth,dead_zone,0.0,False
USD,manufacturing_pmi,growth,dead_zone,0.0,False
USD,services_pmi,growth,dead_zone,0.0,False
USD,retail_sales,growth,scored_nonzero,1.0,False
USD,employment_change,labour,scored_nonzero,1.0,False
USD,unemployment_rate,labour,dead_zone,0.0,False
USD,wage_growth,labour,dead_zone,0.0,False
USD,adp,labour,dead_zone,0.0,False
USD,jolts,labour,scored_nonzero,2.0,False
USD,jobless_claims,labour,scored_nonzero,1.0,False
USD,rate_expectations,monetary,dead_zone,0.0,False
AUD,cpi_yoy,inflation,scored_nonzero,-1.0,False
AUD,core_cpi,inflation,stale,1.0,True
AUD,ppi_yoy,inflation,scored_nonzero,-1.0,False
AUD,gdp_qoq,growth,scored_nonzero,-2.0,False
AUD,manufacturing_pmi,growth,no_consensus,0.0,False
AUD,services_pmi,growth,no_consensus,0.0,False
AUD,retail_sales,growth,stale,2.0,True
AUD,employment_change,labour,dead_zone,0.0,False
AUD,unemployment_rate,labour,dead_zone,0.0,False
AUD,wage_growth,labour,dead_zone,0.0,False
AUD,rate_expectations,monetary,scored_nonzero,-1.0,False
CAD,cpi_yoy,inflation,scored_nonzero,2.0,False
CAD,core_cpi,inflation,no_consensus,0.0,False
CAD,ppi_yoy,inflation,dead_zone,0.0,False
CAD,gdp_qoq,growth,scored_nonzero,2.0,False
CAD,manufacturing_pmi,growth,no_consensus,0.0,False
CAD,services_pmi,growth,no_data,,False
CAD,retail_sales,growth,dead_zone,0.0,False
CAD,employment_change,labour,scored_nonzero,1.0,False
CAD,unemployment_rate,labour,scored_nonzero,2.0,False
CAD,wage_growth,labour,no_data,,False
CAD,rate_expectations,monetary,dead_zone,0.0,False
CHF,cpi_yoy,inflation,scored_nonzero,-1.0,False
CHF,core_cpi,inflation,no_data,,False
CHF,ppi_yoy,inflation,scored_nonzero,-2.0,False
CHF,gdp_qoq,growth,scored_nonzero,1.0,False
CHF,manufacturing_pmi,growth,dead_zone,0.0,False
CHF,services_pmi,growth,no_data,,False
CHF,retail_sales,growth,scored_nonzero,1.0,False
CHF,employment_change,labour,no_data,,False
CHF,unemployment_rate,labour,scored_nonzero,-2.0,False
CHF,wage_growth,labour,no_data,,False
CHF,rate_expectations,monetary,no_data,,False
EUR,cpi_yoy,inflation,scored_nonzero,-2.0,False
EUR,core_cpi,inflation,scored_nonzero,-1.0,False
EUR,ppi_yoy,inflation,dead_zone,0.0,False
EUR,gdp_qoq,growth,scored_nonzero,-1.0,False
EUR,manufacturing_pmi,growth,dead_zone,0.0,False
EUR,services_pmi,growth,dead_zone,0.0,False
EUR,retail_sales,growth,dead_zone,0.0,False
EUR,employment_change,labour,scored_nonzero,1.0,False
EUR,unemployment_rate,labour,scored_nonzero,1.0,False
EUR,wage_growth,labour,no_data,,False
EUR,rate_expectations,monetary,scored_nonzero,-1.0,False
GBP,cpi_yoy,inflation,scored_nonzero,-1.0,False
GBP,core_cpi,inflation,dead_zone,0.0,False
GBP,ppi_yoy,inflation,dead_zone,0.0,False
GBP,gdp_qoq,growth,dead_zone,0.0,False
GBP,manufacturing_pmi,growth,scored_nonzero,-1.0,False
GBP,services_pmi,growth,scored_nonzero,2.0,False
GBP,retail_sales,growth,dead_zone,0.0,False
GBP,employment_change,labour,dead_zone,0.0,False
GBP,unemployment_rate,labour,scored_nonzero,1.0,False
GBP,wage_growth,labour,scored_nonzero,2.0,False
GBP,rate_expectations,monetary,scored_nonzero,-1.0,False
JPY,cpi_yoy,inflation,dead_zone,0.0,False
JPY,core_cpi,inflation,dead_zone,0.0,False
JPY,ppi_yoy,inflation,no_data,,False
JPY,gdp_qoq,growth,scored_nonzero,2.0,False
JPY,manufacturing_pmi,growth,dead_zone,0.0,False
JPY,services_pmi,growth,no_data,,False
JPY,retail_sales,growth,scored_nonzero,2.0,False
JPY,employment_change,labour,no_data,,False
JPY,unemployment_rate,labour,dead_zone,0.0,False
JPY,wage_growth,labour,dead_zone,0.0,False
JPY,rate_expectations,monetary,dead_zone,0.0,False
NZD,cpi_yoy,inflation,scored_nonzero,1.0,False
NZD,core_cpi,inflation,no_data,,False
NZD,ppi_yoy,inflation,dead_zone,0.0,False
NZD,gdp_qoq,growth,dead_zone,0.0,False
NZD,manufacturing_pmi,growth,no_consensus,0.0,False
NZD,services_pmi,growth,no_consensus,0.0,False
NZD,retail_sales,growth,dead_zone,0.0,False
NZD,employment_change,labour,dead_zone,0.0,False
NZD,unemployment_rate,labour,scored_nonzero,1.0,False
NZD,wage_growth,labour,scored_nonzero,1.0,False
NZD,rate_expectations,monetary,no_data,,False
USD,cpi_yoy,inflation,dead_zone,0.0,False
USD,core_cpi,inflation,scored_nonzero,-1.0,False
USD,ppi_yoy,inflation,scored_nonzero,1.0,False
USD,core_pce,inflation,dead_zone,0.0,False
USD,gdp_qoq,growth,dead_zone,0.0,False
USD,manufacturing_pmi,growth,dead_zone,0.0,False
USD,services_pmi,growth,dead_zone,0.0,False
USD,retail_sales,growth,scored_nonzero,1.0,False
USD,employment_change,labour,scored_nonzero,-1.0,False
USD,unemployment_rate,labour,scored_nonzero,1.0,False
USD,wage_growth,labour,dead_zone,0.0,False
USD,adp,labour,dead_zone,0.0,False
USD,jolts,labour,dead_zone,0.0,False
USD,jobless_claims,labour,dead_zone,0.0,False
USD,rate_expectations,monetary,scored_nonzero,1.0,False
AUD,cpi_yoy,inflation,scored_nonzero,-1.0,False
AUD,core_cpi,inflation,stale,1.0,True
AUD,ppi_yoy,inflation,scored_nonzero,-1.0,False
AUD,gdp_qoq,growth,scored_nonzero,-2.0,False
AUD,manufacturing_pmi,growth,no_consensus,0.0,False
AUD,services_pmi,growth,no_consensus,0.0,False
AUD,retail_sales,growth,stale,2.0,True
AUD,employment_change,labour,dead_zone,0.0,False
AUD,unemployment_rate,labour,dead_zone,0.0,False
AUD,wage_growth,labour,dead_zone,0.0,False
AUD,rate_expectations,monetary,dead_zone,0.0,False
CAD,cpi_yoy,inflation,scored_nonzero,2.0,False
CAD,core_cpi,inflation,no_consensus,0.0,False
CAD,ppi_yoy,inflation,dead_zone,0.0,False
CAD,gdp_qoq,growth,scored_nonzero,2.0,False
CAD,manufacturing_pmi,growth,no_consensus,0.0,False
CAD,services_pmi,growth,no_data,,False
CAD,retail_sales,growth,dead_zone,0.0,False
CAD,employment_change,labour,scored_nonzero,1.0,False
CAD,unemployment_rate,labour,scored_nonzero,2.0,False
CAD,wage_growth,labour,no_data,,False
CAD,rate_expectations,monetary,dead_zone,0.0,False
CHF,cpi_yoy,inflation,scored_nonzero,-1.0,False
CHF,core_cpi,inflation,no_data,,False
CHF,ppi_yoy,inflation,scored_nonzero,-2.0,False
CHF,gdp_qoq,growth,scored_nonzero,1.0,False
CHF,manufacturing_pmi,growth,dead_zone,0.0,False
CHF,services_pmi,growth,no_data,,False
CHF,retail_sales,growth,scored_nonzero,1.0,False
CHF,employment_change,labour,no_data,,False
CHF,unemployment_rate,labour,dead_zone,0.0,False
CHF,wage_growth,labour,no_data,,False
CHF,rate_expectations,monetary,no_data,,False
EUR,cpi_yoy,inflation,scored_nonzero,-2.0,False
EUR,core_cpi,inflation,scored_nonzero,-1.0,False
EUR,ppi_yoy,inflation,dead_zone,0.0,False
EUR,gdp_qoq,growth,scored_nonzero,-1.0,False
EUR,manufacturing_pmi,growth,dead_zone,0.0,False
EUR,services_pmi,growth,dead_zone,0.0,False
EUR,retail_sales,growth,dead_zone,0.0,False
EUR,employment_change,labour,scored_nonzero,1.0,False
EUR,unemployment_rate,labour,scored_nonzero,1.0,False
EUR,wage_growth,labour,no_data,,False
EUR,rate_expectations,monetary,dead_zone,0.0,False
GBP,cpi_yoy,inflation,scored_nonzero,-1.0,False
GBP,core_cpi,inflation,dead_zone,0.0,False
GBP,ppi_yoy,inflation,dead_zone,0.0,False
GBP,gdp_qoq,growth,dead_zone,0.0,False
GBP,manufacturing_pmi,growth,scored_nonzero,-1.0,False
GBP,services_pmi,growth,dead_zone,0.0,False
GBP,retail_sales,growth,dead_zone,0.0,False
GBP,employment_change,labour,dead_zone,0.0,False
GBP,unemployment_rate,labour,scored_nonzero,1.0,False
GBP,wage_growth,labour,scored_nonzero,2.0,False
GBP,rate_expectations,monetary,dead_zone,0.0,False
JPY,cpi_yoy,inflation,dead_zone,0.0,False
JPY,core_cpi,inflation,dead_zone,0.0,False
JPY,ppi_yoy,inflation,no_data,,False
JPY,gdp_qoq,growth,scored_nonzero,2.0,False
JPY,manufacturing_pmi,growth,dead_zone,0.0,False
JPY,services_pmi,growth,no_data,,False
JPY,retail_sales,growth,scored_nonzero,2.0,False
JPY,employment_change,labour,no_data,,False
JPY,unemployment_rate,labour,dead_zone,0.0,False
JPY,wage_growth,labour,dead_zone,0.0,False
JPY,rate_expectations,monetary,stale,0.0,True
NZD,cpi_yoy,inflation,scored_nonzero,1.0,False
NZD,core_cpi,inflation,no_data,,False
NZD,ppi_yoy,inflation,dead_zone,0.0,False
NZD,gdp_qoq,growth,dead_zone,0.0,False
NZD,manufacturing_pmi,growth,no_consensus,0.0,False
NZD,services_pmi,growth,no_consensus,0.0,False
NZD,retail_sales,growth,dead_zone,0.0,False
NZD,employment_change,labour,dead_zone,0.0,False
NZD,unemployment_rate,labour,scored_nonzero,1.0,False
NZD,wage_growth,labour,scored_nonzero,1.0,False
NZD,rate_expectations,monetary,no_data,,False
USD,cpi_yoy,inflation,dead_zone,0.0,False
USD,core_cpi,inflation,scored_nonzero,-1.0,False
USD,ppi_yoy,inflation,scored_nonzero,1.0,False
USD,core_pce,inflation,dead_zone,0.0,False
USD,gdp_qoq,growth,dead_zone,0.0,False
USD,manufacturing_pmi,growth,dead_zone,0.0,False
USD,services_pmi,growth,dead_zone,0.0,False
USD,retail_sales,growth,scored_nonzero,1.0,False
USD,employment_change,labour,scored_nonzero,-1.0,False
USD,unemployment_rate,labour,scored_nonzero,1.0,False
USD,wage_growth,labour,dead_zone,0.0,False
USD,adp,labour,dead_zone,0.0,False
USD,jolts,labour,dead_zone,0.0,False
USD,jobless_claims,labour,dead_zone,0.0,False
USD,rate_expectations,monetary,scored_nonzero,1.0,False
AUD,cpi_yoy,inflation,scored_nonzero,-1.0,False
AUD,core_cpi,inflation,stale,1.0,True
AUD,ppi_yoy,inflation,scored_nonzero,-1.0,False
AUD,gdp_qoq,growth,scored_nonzero,-2.0,False
AUD,manufacturing_pmi,growth,no_consensus,0.0,False
AUD,services_pmi,growth,no_consensus,0.0,False
AUD,retail_sales,growth,stale,2.0,True
AUD,employment_change,labour,dead_zone,0.0,False
AUD,unemployment_rate,labour,dead_zone,0.0,False
AUD,wage_growth,labour,dead_zone,0.0,False
AUD,rate_expectations,monetary,dead_zone,0.0,False
CAD,cpi_yoy,inflation,scored_nonzero,2.0,False
CAD,core_cpi,inflation,no_consensus,0.0,False
CAD,ppi_yoy,inflation,dead_zone,0.0,False
CAD,gdp_qoq,growth,scored_nonzero,2.0,False
CAD,manufacturing_pmi,growth,no_consensus,0.0,False
CAD,services_pmi,growth,no_data,,False
CAD,retail_sales,growth,dead_zone,0.0,False
CAD,employment_change,labour,dead_zone,0.0,False
CAD,unemployment_rate,labour,dead_zone,0.0,False
CAD,wage_growth,labour,no_data,,False
CAD,rate_expectations,monetary,dead_zone,0.0,False
CHF,cpi_yoy,inflation,scored_nonzero,-1.0,False
CHF,core_cpi,inflation,no_data,,False
CHF,ppi_yoy,inflation,dead_zone,0.0,False
CHF,gdp_qoq,growth,scored_nonzero,1.0,False
CHF,manufacturing_pmi,growth,dead_zone,0.0,False
CHF,services_pmi,growth,no_data,,False
CHF,retail_sales,growth,scored_nonzero,1.0,False
CHF,employment_change,labour,no_data,,False
CHF,unemployment_rate,labour,dead_zone,0.0,False
CHF,wage_growth,labour,no_data,,False
CHF,rate_expectations,monetary,no_data,,False
EUR,cpi_yoy,inflation,scored_nonzero,-2.0,False
EUR,core_cpi,inflation,scored_nonzero,-1.0,False
EUR,ppi_yoy,inflation,dead_zone,0.0,False
EUR,gdp_qoq,growth,scored_nonzero,-1.0,False
EUR,manufacturing_pmi,growth,dead_zone,0.0,False
EUR,services_pmi,growth,dead_zone,0.0,False
EUR,retail_sales,growth,dead_zone,0.0,False
EUR,employment_change,labour,scored_nonzero,1.0,False
EUR,unemployment_rate,labour,scored_nonzero,1.0,False
EUR,wage_growth,labour,no_data,,False
EUR,rate_expectations,monetary,scored_nonzero,1.0,False
GBP,cpi_yoy,inflation,scored_nonzero,-1.0,False
GBP,core_cpi,inflation,dead_zone,0.0,False
GBP,ppi_yoy,inflation,dead_zone,0.0,False
GBP,gdp_qoq,growth,no_consensus,0.0,False
GBP,manufacturing_pmi,growth,scored_nonzero,-1.0,False
GBP,services_pmi,growth,dead_zone,0.0,False
GBP,retail_sales,growth,dead_zone,0.0,False
GBP,employment_change,labour,dead_zone,0.0,False
GBP,unemployment_rate,labour,scored_nonzero,1.0,False
GBP,wage_growth,labour,scored_nonzero,2.0,False
GBP,rate_expectations,monetary,scored_nonzero,2.0,False
JPY,cpi_yoy,inflation,dead_zone,0.0,False
JPY,core_cpi,inflation,dead_zone,0.0,False
JPY,ppi_yoy,inflation,no_data,,False
JPY,gdp_qoq,growth,scored_nonzero,2.0,False
JPY,manufacturing_pmi,growth,dead_zone,0.0,False
JPY,services_pmi,growth,no_data,,False
JPY,retail_sales,growth,scored_nonzero,2.0,False
JPY,employment_change,labour,no_data,,False
JPY,unemployment_rate,labour,dead_zone,0.0,False
JPY,wage_growth,labour,dead_zone,0.0,False
JPY,rate_expectations,monetary,stale,0.0,True
NZD,cpi_yoy,inflation,scored_nonzero,1.0,False
NZD,core_cpi,inflation,no_data,,False
NZD,ppi_yoy,inflation,dead_zone,0.0,False
NZD,gdp_qoq,growth,dead_zone,0.0,False
NZD,manufacturing_pmi,growth,no_consensus,0.0,False
NZD,services_pmi,growth,no_consensus,0.0,False
NZD,retail_sales,growth,dead_zone,0.0,False
NZD,employment_change,labour,dead_zone,0.0,False
NZD,unemployment_rate,labour,scored_nonzero,1.0,False
NZD,wage_growth,labour,scored_nonzero,1.0,False
NZD,rate_expectations,monetary,no_data,,False
USD,cpi_yoy,inflation,scored_nonzero,-2.0,False
USD,core_cpi,inflation,scored_nonzero,-1.0,False
USD,ppi_yoy,inflation,no_consensus,0.0,False
USD,core_pce,inflation,dead_zone,0.0,False
USD,gdp_qoq,growth,dead_zone,0.0,False
USD,manufacturing_pmi,growth,dead_zone,0.0,False
USD,services_pmi,growth,dead_zone,0.0,False
USD,retail_sales,growth,dead_zone,0.0,False
USD,employment_change,labour,scored_nonzero,-1.0,False
USD,unemployment_rate,labour,scored_nonzero,1.0,False
USD,wage_growth,labour,dead_zone,0.0,False
USD,adp,labour,dead_zone,0.0,False
USD,jolts,labour,dead_zone,0.0,False
USD,jobless_claims,labour,scored_nonzero,1.0,False
USD,rate_expectations,monetary,scored_nonzero,1.0,False
AUD,cpi_yoy,inflation,scored_nonzero,-1.0,False
AUD,core_cpi,inflation,stale,1.0,True
AUD,ppi_yoy,inflation,scored_nonzero,-1.0,False
AUD,gdp_qoq,growth,scored_nonzero,-2.0,False
AUD,manufacturing_pmi,growth,no_consensus,0.0,False
AUD,services_pmi,growth,no_consensus,0.0,False
AUD,retail_sales,growth,stale,2.0,True
AUD,employment_change,labour,dead_zone,0.0,False
AUD,unemployment_rate,labour,dead_zone,0.0,False
AUD,wage_growth,labour,dead_zone,0.0,False
AUD,rate_expectations,monetary,dead_zone,0.0,False
CAD,cpi_yoy,inflation,scored_nonzero,-1.0,False
CAD,core_cpi,inflation,no_consensus,0.0,False
CAD,ppi_yoy,inflation,dead_zone,0.0,False
CAD,gdp_qoq,growth,scored_nonzero,2.0,False
CAD,manufacturing_pmi,growth,no_consensus,0.0,False
CAD,services_pmi,growth,no_data,,False
CAD,retail_sales,growth,dead_zone,0.0,False
CAD,employment_change,labour,dead_zone,0.0,False
CAD,unemployment_rate,labour,dead_zone,0.0,False
CAD,wage_growth,labour,no_data,,False
CAD,rate_expectations,monetary,dead_zone,0.0,False
CHF,cpi_yoy,inflation,stale,-1.0,True
CHF,core_cpi,inflation,no_data,,False
CHF,ppi_yoy,inflation,dead_zone,0.0,False
CHF,gdp_qoq,growth,scored_nonzero,1.0,False
CHF,manufacturing_pmi,growth,dead_zone,0.0,False
CHF,services_pmi,growth,no_data,,False
CHF,retail_sales,growth,scored_nonzero,1.0,False
CHF,employment_change,labour,no_data,,False
CHF,unemployment_rate,labour,dead_zone,0.0,False
CHF,wage_growth,labour,no_data,,False
CHF,rate_expectations,monetary,no_data,,False
EUR,cpi_yoy,inflation,scored_nonzero,-2.0,False
EUR,core_cpi,inflation,scored_nonzero,-1.0,False
EUR,ppi_yoy,inflation,dead_zone,0.0,False
EUR,gdp_qoq,growth,scored_nonzero,-1.0,False
EUR,manufacturing_pmi,growth,dead_zone,0.0,False
EUR,services_pmi,growth,dead_zone,0.0,False
EUR,retail_sales,growth,dead_zone,0.0,False
EUR,employment_change,labour,scored_nonzero,1.0,False
EUR,unemployment_rate,labour,scored_nonzero,1.0,False
EUR,wage_growth,labour,no_data,,False
EUR,rate_expectations,monetary,scored_nonzero,2.0,False
GBP,cpi_yoy,inflation,scored_nonzero,-1.0,False
GBP,core_cpi,inflation,dead_zone,0.0,False
GBP,ppi_yoy,inflation,dead_zone,0.0,False
GBP,gdp_qoq,growth,no_consensus,0.0,False
GBP,manufacturing_pmi,growth,scored_nonzero,-1.0,False
GBP,services_pmi,growth,dead_zone,0.0,False
GBP,retail_sales,growth,dead_zone,0.0,False
GBP,employment_change,labour,dead_zone,0.0,False
GBP,unemployment_rate,labour,scored_nonzero,1.0,False
GBP,wage_growth,labour,scored_nonzero,2.0,False
GBP,rate_expectations,monetary,scored_nonzero,2.0,False
JPY,cpi_yoy,inflation,dead_zone,0.0,False
JPY,core_cpi,inflation,dead_zone,0.0,False
JPY,ppi_yoy,inflation,no_data,,False
JPY,gdp_qoq,growth,scored_nonzero,2.0,False
JPY,manufacturing_pmi,growth,dead_zone,0.0,False
JPY,services_pmi,growth,no_data,,False
JPY,retail_sales,growth,scored_nonzero,2.0,False
JPY,employment_change,labour,no_data,,False
JPY,unemployment_rate,labour,dead_zone,0.0,False
JPY,wage_growth,labour,dead_zone,0.0,False
JPY,rate_expectations,monetary,stale,0.0,True
NZD,cpi_yoy,inflation,scored_nonzero,1.0,False
NZD,core_cpi,inflation,no_data,,False
NZD,ppi_yoy,inflation,dead_zone,0.0,False
NZD,gdp_qoq,growth,dead_zone,0.0,False
NZD,manufacturing_pmi,growth,no_consensus,0.0,False
NZD,services_pmi,growth,no_consensus,0.0,False
NZD,retail_sales,growth,dead_zone,0.0,False
NZD,employment_change,labour,dead_zone,0.0,False
NZD,unemployment_rate,labour,scored_nonzero,1.0,False
NZD,wage_growth,labour,scored_nonzero,1.0,False
NZD,rate_expectations,monetary,no_data,,False
USD,cpi_yoy,inflation,scored_nonzero,-2.0,False
USD,core_cpi,inflation,scored_nonzero,-1.0,False
USD,ppi_yoy,inflation,no_consensus,0.0,False
USD,core_pce,inflation,dead_zone,0.0,False
USD,gdp_qoq,growth,dead_zone,0.0,False
USD,manufacturing_pmi,growth,dead_zone,0.0,False
USD,services_pmi,growth,dead_zone,0.0,False
USD,retail_sales,growth,dead_zone,0.0,False
USD,employment_change,labour,scored_nonzero,-1.0,False
USD,unemployment_rate,labour,scored_nonzero,1.0,False
USD,wage_growth,labour,dead_zone,0.0,False
USD,adp,labour,dead_zone,0.0,False
USD,jolts,labour,dead_zone,0.0,False
USD,jobless_claims,labour,scored_nonzero,1.0,False
USD,rate_expectations,monetary,dead_zone,0.0,False
