as_of,symbol,bias,score,fund,sentiment,trend,no_data_frac,classification
2025-07-25,EURUSD,Neutral,-0.9201388888888887,0.05208333333333348,-0.9722222222222222,0.0,0.11538461538461539,BALANCED
2025-07-25,GBPUSD,Neutral,-0.6423611111111109,-0.8854166666666665,0.24305555555555558,0.0,0.0,BALANCED
2025-07-25,USDJPY,Neutral,0.6423611111111109,1.1979166666666665,-0.5555555555555556,0.0,0.19230769230769232,BALANCED
2025-07-25,USDCHF,Neutral,1.1979166666666665,0.7812499999999999,0.41666666666666663,0.0,0.23076923076923078,BALANCED
2025-07-25,USDCAD,Neutral,0.36458333333333326,-0.3645833333333335,0.7291666666666667,0.0,0.07692307692307693,BALANCED
2025-07-25,AUDUSD,Neutral,-0.7349537037037035,-1.614583333333333,0.8796296296296295,0.0,0.07692307692307693,BALANCED
2025-07-25,NZDUSD,Neutral,-0.7812499999999999,0.1215277777777779,-0.9027777777777778,0.0,0.07692307692307693,BALANCED
2025-07-25,EURGBP,Neutral,-0.2777777777777778,0.9375,-1.2152777777777777,0.0,0.13636363636363635,BALANCED
2025-07-25,EURJPY,Neutral,-0.2777777777777778,1.25,-1.5277777777777777,0.0,0.36363636363636365,BALANCED
2025-07-25,EURCHF,Neutral,0.2777777777777778,0.8333333333333334,-0.5555555555555556,0.0,0.4090909090909091,BALANCED
2025-07-25,EURAUD,Neutral,-0.18518518518518529,1.6666666666666665,-1.8518518518518519,0.0,0.22727272727272727,BALANCED
2025-07-25,EURNZD,Neutral,-0.13888888888888884,-0.06944444444444442,-0.06944444444444442,0.0,0.22727272727272727,BALANCED
2025-07-25,EURCAD,Neutral,-0.5555555555555555,-0.3125,-0.24305555555555547,0.0,0.22727272727272727,BALANCED
2025-07-25,GBPJPY,Neutral,0.0,0.3125,-0.3125,0.0,0.22727272727272727,BALANCED
2025-07-25,GBPCHF,Neutral,0.5555555555555556,-0.10416666666666663,0.6597222222222222,0.0,0.2727272727272727,BALANCED
2025-07-25,GBPAUD,Neutral,0.0925925925925925,0.7291666666666665,-0.636574074074074,0.0,0.09090909090909091,BALANCED
2025-07-25,GBPNZD,Neutral,0.13888888888888895,-1.0069444444444444,1.1458333333333335,0.0,0.09090909090909091,BALANCED
2025-07-25,GBPCAD,Neutral,-0.2777777777777777,-1.25,0.9722222222222223,0.0,0.09090909090909091,BALANCED
2025-07-25,AUDJPY,Neutral,-0.0925925925925925,-0.4166666666666666,0.32407407407407407,0.0,0.3181818181818182,BALANCED
2025-07-25,NZDJPY,Neutral,-0.13888888888888895,1.3194444444444444,-1.4583333333333335,0.0,0.3181818181818182,BALANCED
2025-07-25,CADJPY,Neutral,0.2777777777777777,1.5625,-1.2847222222222223,0.0,0.3181818181818182,BALANCED
2025-07-25,CHFJPY,Neutral,-0.5555555555555556,0.41666666666666663,-0.9722222222222222,0.0,0.5,SILENT
2025-07-25,AUDNZD,Neutral,0.046296296296296446,-1.736111111111111,1.7824074074074074,0.0,0.18181818181818182,BALANCED
2025-07-25,AUDCAD,Neutral,-0.3703703703703702,-1.9791666666666665,1.6087962962962963,0.0,0.18181818181818182,BALANCED
2025-07-25,AUDCHF,Neutral,0.4629629629629631,-0.8333333333333333,1.2962962962962963,0.0,0.36363636363636365,BALANCED
2025-07-25,NZDCAD,Neutral,-0.41666666666666663,-0.24305555555555558,-0.17361111111111105,0.0,0.18181818181818182,BALANCED
2025-07-25,NZDCHF,Neutral,0.41666666666666663,0.9027777777777778,-0.48611111111111116,0.0,0.36363636363636365,BALANCED
2025-07-25,CADCHF,Neutral,0.8333333333333333,1.1458333333333335,-0.3125000000000002,0.0,0.36363636363636365,BALANCED
2025-08-01,EURUSD,Neutral,-0.26041666666666663,0.36458333333333337,-0.625,0.0,0.11538461538461539,BALANCED
2025-08-01,GBPUSD,Neutral,0.8506944444444445,0.36458333333333337,0.48611111111111116,0.0,0.0,BALANCED
2025-08-01,USDJPY,Neutral,0.5381944444444444,0.8854166666666666,-0.3472222222222222,0.0,0.19230769230769232,BALANCED
2025-08-01,USDCHF,Neutral,-0.8110119047619048,-0.9895833333333334,0.1785714285714286,0.0,0.23076923076923078,BALANCED
2025-08-01,USDCAD,Neutral,-0.29513888888888895,-0.6770833333333334,0.3819444444444444,0.0,0.07692307692307693,BALANCED
2025-08-01,AUDUSD,Neutral,0.4803240740740742,-0.05208333333333326,0.5324074074074074,0.0,0.07692307692307693,BALANCED
2025-08-01,NZDUSD,Neutral,0.15625,1.0590277777777777,-0.9027777777777777,0.0,0.07692307692307693,BALANCED
2025-08-01,EURGBP,Neutral,-1.1111111111111112,0.0,-1.1111111111111112,0.0,0.13636363636363635,BALANCED
2025-08-01,EURJPY,Neutral,0.2777777777777778,1.25,-0.9722222222222222,0.0,0.36363636363636365,BALANCED
2025-08-01,EURCHF,Neutral,-1.0714285714285714,-0.625,-0.4464285714285714,0.0,0.4090909090909091,BALANCED
2025-08-01,EURAUD,Neutral,-0.7407407407407408,0.41666666666666663,-1.1574074074074074,0.0,0.22727272727272727,BALANCED
2025-08-01,EURNZD,Neutral,-0.41666666666666663,-0.6944444444444444,0.2777777777777778,0.0,0.22727272727272727,BALANCED
2025-08-01,EURCAD,Neutral,-0.5555555555555556,-0.3125,-0.24305555555555558,0.0,0.22727272727272727,BALANCED
2025-08-01,GBPJPY,Bullish,1.3888888888888888,1.25,0.13888888888888884,0.0,0.22727272727272727,n/a (not Neutral)
2025-08-01,GBPCHF,Neutral,0.039682539682539764,-0.625,0.6646825396825398,0.0,0.2727272727272727,BALANCED
2025-08-01,GBPAUD,Neutral,0.37037037037037035,0.41666666666666663,-0.04629629629629628,0.0,0.09090909090909091,BALANCED
2025-08-01,GBPNZD,Neutral,0.6944444444444445,-0.6944444444444444,1.3888888888888888,0.0,0.09090909090909091,BALANCED
2025-08-01,GBPCAD,Neutral,0.5555555555555556,-0.3125,0.8680555555555556,0.0,0.09090909090909091,BALANCED
2025-08-01,AUDJPY,Neutral,1.0185185185185186,0.8333333333333334,0.18518518518518523,0.0,0.3181818181818182,BALANCED
2025-08-01,NZDJPY,Neutral,0.6944444444444444,1.9444444444444444,-1.25,0.0,0.3181818181818182,BALANCED
2025-08-01,CADJPY,Neutral,0.8333333333333334,1.5625,-0.7291666666666666,0.0,0.3181818181818182,BALANCED
2025-08-01,CHFJPY,Bullish,1.3492063492063493,1.875,-0.5257936507936507,0.0,0.5,n/a (not Neutral)
2025-08-01,AUDNZD,Neutral,0.3240740740740742,-1.1111111111111112,1.4351851851851853,0.0,0.18181818181818182,BALANCED
2025-08-01,AUDCAD,Neutral,0.18518518518518523,-0.7291666666666666,0.9143518518518519,0.0,0.18181818181818182,BALANCED
2025-08-01,AUDCHF,Neutral,-0.3306878306878306,-1.0416666666666665,0.7109788359788359,0.0,0.36363636363636365,BALANCED
2025-08-01,NZDCAD,Neutral,-0.13888888888888895,0.3819444444444444,-0.5208333333333334,0.0,0.18181818181818182,BALANCED
2025-08-01,NZDCHF,Neutral,-0.6547619047619048,0.06944444444444442,-0.7242063492063492,0.0,0.36363636363636365,BALANCED
2025-08-01,CADCHF,Neutral,-0.5158730158730158,-0.3125,-0.20337301587301582,0.0,0.36363636363636365,BALANCED
2025-08-08,EURUSD,Neutral,0.3414351851851851,0.9895833333333333,-0.6481481481481481,0.0,0.11538461538461539,BALANCED
2025-08-08,GBPUSD,Neutral,0.9895833333333333,0.46875,0.5208333333333333,0.0,0.0,BALANCED
2025-08-08,USDJPY,Neutral,0.12152777777777779,0.78125,-0.6597222222222222,0.0,0.19230769230769232,BALANCED
2025-08-08,USDCHF,Neutral,-1.2276785714285714,-1.40625,0.1785714285714286,0.0,0.23076923076923078,BALANCED
2025-08-08,USDCAD,Neutral,-0.7118055555555556,-1.09375,0.3819444444444444,0.0,0.07692307692307693,BALANCED
2025-08-08,AUDUSD,Neutral,0.619212962962963,-0.26041666666666663,0.8796296296296297,0.0,0.07692307692307693,BALANCED
2025-08-08,NZDUSD,Neutral,-0.022321428571428548,1.1979166666666667,-1.2202380952380953,0.0,0.07692307692307693,BALANCED
2025-08-08,EURGBP,Neutral,-0.6481481481481481,0.5208333333333333,-1.1689814814814814,0.0,0.13636363636363635,BALANCED
2025-08-08,EURJPY,Neutral,0.4629629629629629,1.7708333333333333,-1.3078703703703702,0.0,0.36363636363636365,BALANCED
2025-08-08,EURCHF,Neutral,-0.8862433862433863,-0.41666666666666674,-0.46957671957671954,0.0,0.4090909090909091,BALANCED
2025-08-08,EURAUD,Neutral,-0.2777777777777779,1.25,-1.527777777777778,0.0,0.22727272727272727,BALANCED
2025-08-08,EURNZD,Neutral,0.3637566137566137,-0.20833333333333348,0.5720899470899472,0.0,0.22727272727272727,BALANCED
2025-08-08,EURCAD,Neutral,-0.37037037037037046,-0.10416666666666674,-0.2662037037037037,0.0,0.22727272727272727,BALANCED
2025-08-08,GBPJPY,Neutral,1.1111111111111112,1.25,-0.13888888888888884,0.0,0.22727272727272727,BALANCED
2025-08-08,GBPCHF,Neutral,-0.23809523809523814,-0.9375,0.6994047619047619,0.0,0.2727272727272727,BALANCED
2025-08-08,GBPAUD,Neutral,0.37037037037037024,0.7291666666666666,-0.3587962962962964,0.0,0.09090909090909091,BALANCED
2025-08-08,GBPNZD,Neutral,1.0119047619047619,-0.7291666666666667,1.7410714285714286,0.0,0.09090909090909091,BALANCED
2025-08-08,GBPCAD,Neutral,0.2777777777777777,-0.625,0.9027777777777777,0.0,0.09090909090909091,BALANCED
2025-08-08,AUDJPY,Neutral,0.7407407407407408,0.5208333333333334,0.21990740740740744,0.0,0.3181818181818182,BALANCED
2025-08-08,NZDJPY,Neutral,0.09920634920634924,1.9791666666666667,-1.8799603174603174,0.0,0.3181818181818182,BALANCED
2025-08-08,CADJPY,Neutral,0.8333333333333334,1.875,-1.0416666666666665,0.0,0.3181818181818182,BALANCED
2025-08-08,CHFJPY,Bullish,1.3492063492063493,2.1875,-0.8382936507936507,0.0,0.5,n/a (not Neutral)
2025-08-08,AUDNZD,Neutral,0.6415343915343916,-1.4583333333333335,2.099867724867725,0.0,0.18181818181818182,BALANCED
2025-08-08,AUDCAD,Neutral,-0.09259259259259256,-1.3541666666666665,1.261574074074074,0.0,0.18181818181818182,BALANCED
2025-08-08,AUDCHF,Neutral,-0.6084656084656084,-1.6666666666666665,1.0582010582010581,0.0,0.36363636363636365,BALANCED
2025-08-08,NZDCAD,Neutral,-0.7341269841269842,0.10416666666666674,-0.8382936507936509,0.0,0.18181818181818182,BALANCED
2025-08-08,NZDCHF,Neutral,-1.25,-0.20833333333333326,-1.0416666666666667,0.0,0.36363636363636365,BALANCED
2025-08-08,CADCHF,Neutral,-0.5158730158730158,-0.3125,-0.20337301587301582,0.0,0.36363636363636365,BALANCED
2025-08-15,EURUSD,Neutral,1.1747685185185184,2.1354166666666665,-0.9606481481481481,0.0,0.11538461538461539,BALANCED
2025-08-15,GBPUSD,Bullish,2.193287037037037,1.71875,0.4745370370370372,0.0,0.0,n/a (not Neutral)
2025-08-15,USDJPY,Neutral,-0.9895833333333333,-0.05208333333333326,-0.9375,0.0,0.19230769230769232,BALANCED
2025-08-15,USDCHF,Bearish,-2.0610119047619047,-2.239583333333333,0.17857142857142838,0.0,0.23076923076923078,n/a (not Neutral)
2025-08-15,USDCAD,Neutral,-0.7118055555555555,-0.6770833333333333,-0.03472222222222221,0.0,0.07692307692307693,BALANCED
2025-08-15,AUDUSD,Bullish,1.6377314814814814,0.78125,0.8564814814814814,0.0,0.07692307692307693,n/a (not Neutral)
2025-08-15,NZDUSD,Neutral,0.8110119047619047,2.03125,-1.2202380952380953,0.0,0.07692307692307693,BALANCED
2025-08-15,EURGBP,Neutral,-1.0185185185185188,0.4166666666666665,-1.4351851851851853,0.0,0.13636363636363635,BALANCED
2025-08-15,EURJPY,Neutral,0.18518518518518515,2.083333333333333,-1.898148148148148,0.0,0.36363636363636365,BALANCED
2025-08-15,EURCHF,Neutral,-0.8862433862433863,-0.10416666666666674,-0.7820767195767195,0.0,0.4090909090909091,BALANCED
2025-08-15,EURAUD,Neutral,-0.46296296296296313,1.3541666666666665,-1.8171296296296298,0.0,0.22727272727272727,BALANCED
2025-08-15,EURNZD,Neutral,0.3637566137566137,0.10416666666666652,0.2595899470899472,0.0,0.22727272727272727,BALANCED
2025-08-15,EURCAD,Neutral,0.4629629629629629,1.4583333333333333,-0.9953703703703703,0.0,0.22727272727272727,BALANCED
2025-08-15,GBPJPY,Neutral,1.203703703703704,1.6666666666666667,-0.4629629629629628,0.0,0.22727272727272727,BALANCED
2025-08-15,GBPCHF,Neutral,0.13227513227513255,-0.5208333333333333,0.6531084656084658,0.0,0.2727272727272727,BALANCED
2025-08-15,GBPAUD,Neutral,0.5555555555555557,0.9375,-0.3819444444444443,0.0,0.09090909090909091,BALANCED
2025-08-15,GBPNZD,Bullish,1.3822751322751325,-0.3125,1.6947751322751325,0.0,0.09090909090909091,n/a (not Neutral)
2025-08-15,GBPCAD,Bullish,1.4814814814814818,1.0416666666666667,0.4398148148148151,0.0,0.09090909090909091,n/a (not Neutral)
2025-08-15,AUDJPY,Neutral,0.6481481481481483,0.7291666666666667,-0.08101851851851849,0.0,0.3181818181818182,BALANCED
2025-08-15,NZDJPY,Neutral,-0.17857142857142855,1.9791666666666667,-2.1577380952380953,0.0,0.3181818181818182,BALANCED
2025-08-15,CADJPY,Neutral,-0.2777777777777778,0.625,-0.9027777777777778,0.0,0.3181818181818182,BALANCED
2025-08-15,CHFJPY,Neutral,1.0714285714285714,2.1875,-1.1160714285714286,0.0,0.5,SILENT
2025-08-15,AUDNZD,Neutral,0.8267195767195767,-1.25,2.0767195767195767,0.0,0.18181818181818182,BALANCED
2025-08-15,AUDCAD,Neutral,0.925925925925926,0.10416666666666669,0.8217592592592593,0.0,0.18181818181818182,BALANCED
2025-08-15,AUDCHF,Neutral,-0.42328042328042315,-1.4583333333333333,1.0350529100529102,0.0,0.36363636363636365,BALANCED
2025-08-15,NZDCAD,Neutral,0.09920634920634924,1.3541666666666667,-1.2549603174603174,0.0,0.18181818181818182,BALANCED
2025-08-15,NZDCHF,Neutral,-1.25,-0.20833333333333326,-1.0416666666666667,0.0,0.36363636363636365,BALANCED
2025-08-15,CADCHF,Bearish,-1.3492063492063493,-1.5625,0.2132936507936507,0.0,0.36363636363636365,n/a (not Neutral)
2025-08-22,EURUSD,Neutral,0.8796296296296295,1.7708333333333333,-0.8912037037037037,0.0,0.11538461538461539,BALANCED
2025-08-22,GBPUSD,Bullish,1.8981481481481484,1.3541666666666667,0.5439814814814816,0.0,0.0,n/a (not Neutral)
2025-08-22,USDJPY,Bearish,-1.5277777777777777,-0.9375,-0.5902777777777777,0.0,0.19230769230769232,n/a (not Neutral)
2025-08-22,USDCHF,Bearish,-2.6785714285714284,-2.5,-0.17857142857142838,0.0,0.23076923076923078,n/a (not Neutral)
2025-08-22,USDCAD,Neutral,-0.8796296296296295,-0.5208333333333333,-0.3587962962962963,0.0,0.07692307692307693,BALANCED
2025-08-22,AUDUSD,Bullish,1.8981481481481484,1.0416666666666667,0.8564814814814816,0.0,0.07692307692307693,n/a (not Neutral)
2025-08-22,NZDUSD,Neutral,0.7142857142857143,1.4583333333333333,-0.744047619047619,0.0,0.07692307692307693,BALANCED
2025-08-22,EURGBP,Neutral,-1.0185185185185186,0.4166666666666666,-1.4351851851851851,0.0,0.13636363636363635,BALANCED
2025-08-22,EURJPY,Neutral,-0.6481481481481481,0.8333333333333333,-1.4814814814814814,0.0,0.36363636363636365,BALANCED
2025-08-22,EURCHF,Bearish,-1.7989417989417988,-0.7291666666666667,-1.069775132275132,0.0,0.4090909090909091,n/a (not Neutral)
2025-08-22,EURAUD,Neutral,-1.0185185185185186,0.7291666666666665,-1.7476851851851851,0.0,0.22727272727272727,BALANCED
2025-08-22,EURNZD,Neutral,0.1653439153439153,0.31249999999999994,-0.14715608465608465,0.0,0.22727272727272727,BALANCED
2025-08-22,EURCAD,Neutral,0.0,1.25,-1.25,0.0,0.22727272727272727,BALANCED
2025-08-22,GBPJPY,Neutral,0.37037037037037046,0.4166666666666667,-0.046296296296296224,0.0,0.22727272727272727,BALANCED
2025-08-22,GBPCHF,Neutral,-0.7804232804232801,-1.1458333333333333,0.36541005291005313,0.0,0.2727272727272727,BALANCED
2025-08-22,GBPAUD,Neutral,0.0,0.3125,-0.3125,0.0,0.09090909090909091,BALANCED
2025-08-22,GBPNZD,Neutral,1.183862433862434,-0.10416666666666663,1.2880291005291005,0.0,0.09090909090909091,BALANCED
2025-08-22,GBPCAD,Neutral,1.0185185185185186,0.8333333333333335,0.18518518518518512,0.0,0.09090909090909091,BALANCED
2025-08-22,AUDJPY,Neutral,0.37037037037037046,0.10416666666666669,0.2662037037037038,0.0,0.3181818181818182,BALANCED
2025-08-22,NZDJPY,Neutral,-0.8134920634920635,0.5208333333333333,-1.3343253968253967,0.0,0.3181818181818182,BALANCED
2025-08-22,CADJPY,Neutral,-0.6481481481481481,-0.41666666666666674,-0.2314814814814814,0.0,0.3181818181818182,BALANCED
2025-08-22,CHFJPY,Neutral,1.1507936507936507,1.5625,-0.4117063492063493,0.0,0.5,SILENT
2025-08-22,AUDNZD,Neutral,1.183862433862434,-0.41666666666666663,1.6005291005291005,0.0,0.18181818181818182,BALANCED
2025-08-22,AUDCAD,Neutral,1.0185185185185186,0.5208333333333335,0.4976851851851851,0.0,0.18181818181818182,BALANCED
2025-08-22,AUDCHF,Neutral,-0.7804232804232801,-1.4583333333333333,0.6779100529100531,0.0,0.36363636363636365,BALANCED
2025-08-22,NZDCAD,Neutral,-0.1653439153439153,0.9375,-1.1028439153439153,0.0,0.18181818181818182,BALANCED
2025-08-22,NZDCHF,Bearish,-1.964285714285714,-1.0416666666666667,-0.9226190476190472,0.0,0.36363636363636365,n/a (not Neutral)
2025-08-22,CADCHF,Bearish,-1.7989417989417988,-1.9791666666666667,0.1802248677248679,0.0,0.36363636363636365,n/a (not Neutral)
2025-08-29,EURUSD,Bullish,1.4004629629629626,2.291666666666666,-0.8912037037037035,0.0,0.11538461538461539,n/a (not Neutral)
2025-08-29,GBPUSD,Bullish,2.4189814814814814,1.8749999999999998,0.5439814814814816,0.0,0.0,n/a (not Neutral)
2025-08-29,USDJPY,Bearish,-1.770833333333333,-1.145833333333333,-0.625,0.0,0.19230769230769232,n/a (not Neutral)
2025-08-29,USDCHF,Bearish,-2.842261904761904,-2.604166666666666,-0.23809523809523814,0.0,0.23076923076923078,n/a (not Neutral)
2025-08-29,USDCAD,Neutral,-1.1226851851851847,-1.0416666666666663,-0.08101851851851838,0.0,0.07692307692307693,BALANCED
2025-08-29,AUDUSD,Bullish,2.6967592592592586,2.1874999999999996,0.5092592592592591,0.0,0.07692307692307693,n/a (not Neutral)
2025-08-29,NZDUSD,Bullish,1.4136904761904758,1.770833333333333,-0.3571428571428572,0.0,0.07692307692307693,n/a (not Neutral)
2025-08-29,EURGBP,Neutral,-1.0185185185185186,0.4166666666666666,-1.4351851851851851,0.0,0.13636363636363635,BALANCED
2025-08-29,EURJPY,Neutral,-0.3703703703703704,1.1458333333333333,-1.5162037037037037,0.0,0.36363636363636365,BALANCED
2025-08-29,EURCHF,Bearish,-1.4417989417989419,-0.3125,-1.1292989417989419,0.0,0.4090909090909091,n/a (not Neutral)
2025-08-29,EURAUD,Neutral,-1.2962962962962963,0.10416666666666663,-1.4004629629629628,0.0,0.22727272727272727,BALANCED
2025-08-29,EURNZD,Neutral,-0.01322751322751331,0.5208333333333333,-0.5340608465608465,0.0,0.22727272727272727,BALANCED
2025-08-29,EURCAD,Neutral,0.27777777777777785,1.25,-0.9722222222222221,0.0,0.22727272727272727,BALANCED
2025-08-29,GBPJPY,Neutral,0.6481481481481483,0.7291666666666667,-0.08101851851851849,0.0,0.22727272727272727,BALANCED
2025-08-29,GBPCHF,Neutral,-0.42328042328042315,-0.7291666666666665,0.3058862433862434,0.0,0.2727272727272727,BALANCED
2025-08-29,GBPAUD,Neutral,-0.27777777777777757,-0.31249999999999994,0.034722222222222376,0.0,0.09090909090909091,BALANCED
2025-08-29,GBPNZD,Neutral,1.0052910052910053,0.10416666666666669,0.9011243386243386,0.0,0.09090909090909091,BALANCED
2025-08-29,GBPCAD,Neutral,1.2962962962962965,0.8333333333333335,0.462962962962963,0.0,0.09090909090909091,BALANCED
2025-08-29,AUDJPY,Neutral,0.9259259259259258,1.0416666666666665,-0.1157407407407407,0.0,0.3181818181818182,BALANCED
2025-08-29,NZDJPY,Neutral,-0.3571428571428571,0.625,-0.9821428571428571,0.0,0.3181818181818182,BALANCED
2025-08-29,CADJPY,Neutral,-0.6481481481481483,-0.10416666666666674,-0.5439814814814815,0.0,0.3181818181818182,BALANCED
2025-08-29,CHFJPY,Neutral,1.0714285714285714,1.4583333333333333,-0.38690476190476186,0.0,0.5,SILENT
2025-08-29,AUDNZD,Neutral,1.2830687830687828,0.41666666666666663,0.8664021164021162,0.0,0.18181818181818182,BALANCED
2025-08-29,AUDCAD,Bullish,1.574074074074074,1.1458333333333335,0.4282407407407405,0.0,0.18181818181818182,n/a (not Neutral)
2025-08-29,AUDCHF,Neutral,-0.14550264550264558,-0.41666666666666663,0.27116402116402105,0.0,0.36363636363636365,BALANCED
2025-08-29,NZDCAD,Neutral,0.29100529100529116,0.7291666666666667,-0.4381613756613756,0.0,0.18181818181818182,BALANCED
2025-08-29,NZDCHF,Bearish,-1.4285714285714284,-0.8333333333333333,-0.5952380952380951,0.0,0.36363636363636365,n/a (not Neutral)
2025-08-29,CADCHF,Bearish,-1.7195767195767195,-1.5625,-0.15707671957671954,0.0,0.36363636363636365,n/a (not Neutral)
2025-09-05,EURUSD,Neutral,0.1967592592592592,1.0416666666666667,-0.8449074074074076,0.0,0.11538461538461539,BALANCED
2025-09-05,GBPUSD,Bullish,2.2800925925925926,1.5104166666666667,0.7696759259259258,0.0,0.0,n/a (not Neutral)
2025-09-05,USDJPY,Bearish,-2.6041666666666665,-1.875,-0.7291666666666665,0.0,0.19230769230769232,n/a (not Neutral)
2025-09-05,USDCHF,Neutral,-0.5803571428571429,-0.10416666666666674,-0.47619047619047616,0.0,0.23076923076923078,BALANCED
2025-09-05,USDCAD,Neutral,-0.1967592592592593,0.20833333333333326,-0.40509259259259256,0.0,0.07692307692307693,BALANCED
2025-09-05,AUDUSD,Bullish,2.6967592592592595,2.2916666666666665,0.405092592592593,0.0,0.07692307692307693,n/a (not Neutral)
2025-09-05,NZDUSD,Neutral,0.5803571428571429,0.9375,-0.3571428571428571,0.0,0.07692307692307693,BALANCED
2025-09-05,EURGBP,Bearish,-2.0833333333333335,-0.4687500000000001,-1.6145833333333335,0.0,0.13636363636363635,n/a (not Neutral)
2025-09-05,EURJPY,Bearish,-2.4074074074074074,-0.8333333333333334,-1.574074074074074,0.0,0.36363636363636365,n/a (not Neutral)
2025-09-05,EURCHF,Neutral,-0.3835978835978837,0.9374999999999999,-1.3210978835978837,0.0,0.4090909090909091,BALANCED
2025-09-05,EURAUD,Bearish,-2.5,-1.2499999999999998,-1.2500000000000002,0.0,0.22727272727272727,n/a (not Neutral)
2025-09-05,EURNZD,Neutral,-0.3835978835978837,0.10416666666666664,-0.48776455026455035,0.0,0.22727272727272727,BALANCED
2025-09-05,EURCAD,Neutral,-1.1102230246251565e-16,1.25,-1.25,0.0,0.22727272727272727,BALANCED
2025-09-05,GBPJPY,Neutral,-0.32407407407407374,-0.36458333333333326,0.04050925925925952,0.0,0.22727272727272727,BALANCED
2025-09-05,GBPCHF,Bullish,1.6997354497354498,1.40625,0.29348544973544977,0.0,0.2727272727272727,n/a (not Neutral)
2025-09-05,GBPAUD,Neutral,-0.4166666666666665,-0.7812499999999998,0.36458333333333326,0.0,0.09090909090909091,BALANCED
2025-09-05,GBPNZD,Bullish,1.6997354497354498,0.5729166666666667,1.126818783068783,0.0,0.09090909090909091,n/a (not Neutral)
2025-09-05,GBPCAD,Bullish,2.0833333333333335,1.71875,0.3645833333333335,0.0,0.09090909090909091,n/a (not Neutral)
2025-09-05,AUDJPY,Neutral,0.09259259259259278,0.4166666666666665,-0.32407407407407374,0.0,0.3181818181818182,BALANCED
2025-09-05,NZDJPY,Bearish,-2.0238095238095237,-0.9375,-1.0863095238095237,0.0,0.3181818181818182,n/a (not Neutral)
2025-09-05,CADJPY,Bearish,-2.4074074074074074,-2.083333333333333,-0.3240740740740744,0.0,0.3181818181818182,n/a (not Neutral)
2025-09-05,CHFJPY,Bearish,-2.0238095238095237,-1.7708333333333333,-0.25297619047619047,0.0,0.5,n/a (not Neutral)
2025-09-05,AUDNZD,Bullish,2.1164021164021163,1.3541666666666665,0.7622354497354498,0.0,0.18181818181818182,n/a (not Neutral)
2025-09-05,AUDCAD,Bullish,2.5,2.5,0.0,0.0,0.18181818181818182,n/a (not Neutral)
2025-09-05,AUDCHF,Bullish,2.1164021164021163,2.1875,-0.07109788359788372,0.0,0.36363636363636365,n/a (not Neutral)
2025-09-05,NZDCAD,Neutral,0.3835978835978836,1.1458333333333333,-0.7622354497354497,0.0,0.18181818181818182,BALANCED
2025-09-05,NZDCHF,Neutral,0.0,0.8333333333333333,-0.8333333333333333,0.0,0.36363636363636365,BALANCED
2025-09-05,CADCHF,Neutral,-0.3835978835978836,-0.3125,-0.0710978835978836,0.0,0.36363636363636365,BALANCED
2025-09-12,EURUSD,Neutral,-0.4282407407407408,0.41666666666666663,-0.8449074074074074,0.0,0.11538461538461539,BALANCED
2025-09-12,GBPUSD,Bullish,1.3773148148148149,0.8854166666666667,0.49189814814814814,0.0,0.0,n/a (not Neutral)
2025-09-12,USDJPY,Bearish,-1.7013888888888888,-1.25,-0.45138888888888884,0.0,0.19230769230769232,n/a (not Neutral)
2025-09-12,USDCHF,Neutral,-0.3125,0.5208333333333333,-0.8333333333333333,0.0,0.23076923076923078,BALANCED
2025-09-12,USDCAD,Neutral,0.7060185185185184,1.458333333333333,-0.7523148148148147,0.0,0.07692307692307693,BALANCED
2025-09-12,AUDUSD,Bullish,1.7939814814814814,1.6666666666666665,0.12731481481481488,0.0,0.07692307692307693,n/a (not Neutral)
2025-09-12,NZDUSD,Neutral,0.3125,0.3125,0.0,0.0,0.07692307692307693,BALANCED
2025-09-12,EURGBP,Bearish,-1.8055555555555558,-0.4687500000000001,-1.3368055555555558,0.0,0.13636363636363635,n/a (not Neutral)
2025-09-12,EURJPY,Bearish,-2.1296296296296298,-0.8333333333333334,-1.2962962962962963,0.0,0.36363636363636365,n/a (not Neutral)
2025-09-12,EURCHF,Neutral,-0.7407407407407408,0.9374999999999999,-1.6782407407407407,0.0,0.4090909090909091,BALANCED
2025-09-12,EURAUD,Bearish,-2.2222222222222223,-1.2499999999999998,-0.9722222222222225,0.0,0.22727272727272727,n/a (not Neutral)
2025-09-12,EURNZD,Neutral,-0.7407407407407408,0.10416666666666664,-0.8449074074074074,0.0,0.22727272727272727,BALANCED
2025-09-12,EURCAD,Neutral,0.27777777777777757,1.8749999999999998,-1.5972222222222223,0.0,0.22727272727272727,BALANCED
2025-09-12,GBPJPY,Neutral,-0.32407407407407396,-0.36458333333333326,0.0405092592592593,0.0,0.22727272727272727,BALANCED
2025-09-12,GBPCHF,Neutral,1.0648148148148149,1.40625,-0.3414351851851851,0.0,0.2727272727272727,BALANCED
2025-09-12,GBPAUD,Neutral,-0.4166666666666665,-0.7812499999999998,0.36458333333333326,0.0,0.09090909090909091,BALANCED
2025-09-12,GBPNZD,Neutral,1.0648148148148149,0.5729166666666667,0.49189814814814814,0.0,0.09090909090909091,BALANCED
2025-09-12,GBPCAD,Bullish,2.083333333333333,2.34375,-0.26041666666666696,0.0,0.09090909090909091,n/a (not Neutral)
2025-09-12,AUDJPY,Neutral,0.09259259259259256,0.4166666666666665,-0.32407407407407396,0.0,0.3181818181818182,BALANCED
2025-09-12,NZDJPY,Bearish,-1.3888888888888888,-0.9375,-0.45138888888888884,0.0,0.3181818181818182,n/a (not Neutral)
2025-09-12,CADJPY,Bearish,-2.4074074074074074,-2.708333333333333,0.3009259259259256,0.0,0.3181818181818182,n/a (not Neutral)
2025-09-12,CHFJPY,Bearish,-1.3888888888888888,-1.7708333333333333,0.3819444444444444,0.0,0.5,n/a (not Neutral)
2025-09-12,AUDNZD,Bullish,1.4814814814814814,1.3541666666666665,0.12731481481481488,0.0,0.18181818181818182,n/a (not Neutral)
2025-09-12,AUDCAD,Bullish,2.5,3.1249999999999996,-0.6249999999999996,0.0,0.18181818181818182,n/a (not Neutral)
2025-09-12,AUDCHF,Bullish,1.4814814814814814,2.1875,-0.7060185185185186,0.0,0.36363636363636365,n/a (not Neutral)
2025-09-12,NZDCAD,Neutral,1.0185185185185184,1.770833333333333,-0.7523148148148147,0.0,0.18181818181818182,BALANCED
2025-09-12,NZDCHF,Neutral,0.0,0.8333333333333333,-0.8333333333333333,0.0,0.36363636363636365,BALANCED
2025-09-12,CADCHF,Neutral,-1.0185185185185184,-0.9374999999999998,-0.0810185185185186,0.0,0.36363636363636365,BALANCED
2025-09-19,EURUSD,Neutral,1.057809454191033,0.5729166666666666,-0.5671296296296297,1.052022417153996,0.11538461538461539,BALANCED
2025-09-19,GBPUSD,Bullish,2.0933845029239766,0.625,0.5381944444444444,0.9301900584795322,0.0,n/a (not Neutral)
2025-09-19,USDJPY,Bearish,-1.6620979532163744,-1.09375,-0.7638888888888888,0.1955409356725144,0.19230769230769232,n/a (not Neutral)
2025-09-19,USDCHF,Bearish,-1.5900735294117645,0.36458333333333326,-0.8333333333333333,-1.1213235294117645,0.23076923076923078,n/a (not Neutral)
2025-09-19,USDCAD,Neutral,-0.034417641325536166,1.302083333333333,-0.7523148148148147,-0.5841861598440545,0.07692307692307693,BALANCED
2025-09-19,AUDUSD,Bullish,1.8034234892787524,1.5104166666666665,-0.6712962962962963,0.9643031189083822,0.07692307692307693,n/a (not Neutral)
2025-09-19,NZDUSD,Neutral,-0.059086134453781504,0.2604166666666667,-0.3273809523809524,0.007878151260504195,0.07692307692307693,BALANCED
2025-09-19,EURGBP,Neutral,0.45833333333333326,-0.052083333333333356,-1.1053240740740742,1.6157407407407407,0.13636363636363635,BALANCED
2025-09-19,EURJPY,Neutral,-0.16666666666666652,-0.5208333333333334,-1.3310185185185186,1.6851851851851853,0.36363636363636365,BALANCED
2025-09-19,EURCHF,Bearish,-1.522633744855967,0.9374999999999999,-1.4004629629629628,-1.059670781893004,0.4090909090909091,n/a (not Neutral)
2025-09-19,EURAUD,Neutral,-0.25,-0.9374999999999999,0.10416666666666663,0.5833333333333333,0.22727272727272727,BALANCED
2025-09-19,EURNZD,Bullish,1.7313345091122867,0.31249999999999994,-0.23974867724867727,1.6585831863609641,0.22727272727272727,n/a (not Neutral)
2025-09-19,EURCAD,Bullish,1.9999999999999998,1.8749999999999998,-1.3194444444444444,1.4444444444444444,0.22727272727272727,n/a (not Neutral)
2025-09-19,GBPJPY,Neutral,0.875,-0.46875,-0.22569444444444442,1.5694444444444444,0.22727272727272727,BALANCED
2025-09-19,GBPCHF,Neutral,-1.0493827160493827,0.9895833333333333,-0.29513888888888884,-1.7438271604938271,0.2727272727272727,BALANCED
2025-09-19,GBPAUD,Neutral,-0.7083333333333333,-0.8854166666666665,1.2094907407407407,-1.0324074074074074,0.09090909090909091,BALANCED
2025-09-19,GBPNZD,Bullish,2.760141093474427,0.3645833333333333,0.865575396825397,1.5299823633156966,0.09090909090909091,n/a (not Neutral)
2025-09-19,GBPCAD,Bullish,2.5416666666666665,1.927083333333333,-0.21412037037037024,0.8287037037037037,0.09090909090909091,n/a (not Neutral)
2025-09-19,AUDJPY,Neutral,0.5833333333333333,0.4166666666666665,-1.4351851851851851,1.6018518518518519,0.3181818181818182,BALANCED
2025-09-19,NZDJPY,Bearish,-2.2663139329805997,-0.8333333333333333,-1.0912698412698412,-0.34171075837742526,0.3181818181818182,n/a (not Neutral)
2025-09-19,CADJPY,Neutral,-1.166666666666667,-2.395833333333333,-0.011574074074074403,1.2407407407407405,0.3181818181818182,BALANCED
2025-09-19,CHFJPY,Neutral,0.43209876543209874,-1.4583333333333333,0.06944444444444442,1.8209876543209875,0.5,SILENT
2025-09-19,AUDNZD,Bullish,2.4720752498530274,1.2499999999999998,-0.34391534391534373,1.5659905937683714,0.18181818181818182,n/a (not Neutral)
2025-09-19,AUDCAD,Bullish,2.75,2.8124999999999996,-1.423611111111111,1.3611111111111114,0.18181818181818182,n/a (not Neutral)
2025-09-19,AUDCHF,Neutral,-0.22633744855967086,1.8749999999999998,-1.5046296296296295,-0.5967078189300412,0.36363636363636365,BALANCED
2025-09-19,NZDCAD,Neutral,-1.23750734861846,1.5624999999999998,-1.079695767195767,-1.7203115814226928,0.18181818181818182,BALANCED
2025-09-19,NZDCHF,Bearish,-2.34375,0.625,-1.1607142857142856,-1.8080357142857144,0.36363636363636365,n/a (not Neutral)
2025-09-19,CADCHF,Bearish,-2.57201646090535,-0.9374999999999998,-0.0810185185185186,-1.5534979423868316,0.36363636363636365,n/a (not Neutral)
2025-09-26,EURUSD,Neutral,1.2442129629629628,0.5729166666666665,-0.3587962962962962,1.0300925925925926,0.11538461538461539,BALANCED
2025-09-26,GBPUSD,Neutral,1.007858187134503,0.0,0.5381944444444444,0.4696637426900585,0.0,BALANCED
2025-09-26,USDJPY,Neutral,-0.29879385964912264,-1.09375,-0.4166666666666665,1.2116228070175439,0.19230769230769232,BALANCED
2025-09-26,USDCHF,Neutral,-0.40835084033613445,0.9895833333333333,-0.11904761904761907,-1.2788865546218486,0.23076923076923078,BALANCED
2025-09-26,USDCAD,Neutral,0.968262670565302,2.1354166666666665,-1.0532407407407407,-0.1139132553606238,0.07692307692307693,BALANCED
2025-09-26,AUDUSD,Bullish,1.9898269980506824,1.5104166666666665,-0.4629629629629628,0.9423732943469787,0.07692307692307693,n/a (not Neutral)
2025-09-26,NZDUSD,Bearish,-1.7870273109243697,-0.3645833333333333,-0.3273809523809524,-1.095063025210084,0.07692307692307693,n/a (not Neutral)
2025-09-26,EURGBP,Neutral,1.2083333333333333,0.5729166666666665,-0.8969907407407407,1.5324074074074074,0.13636363636363635,BALANCED
2025-09-26,EURJPY,Neutral,0.3333333333333335,-0.5208333333333335,-0.7754629629629628,1.6296296296296298,0.36363636363636365,BALANCED
2025-09-26,EURCHF,Neutral,-0.14697236919459158,1.5624999999999998,-0.47784391534391535,-1.231628453850676,0.4090909090909091,BALANCED
2025-09-26,EURAUD,Neutral,0.2499999999999999,-0.9375,0.10416666666666652,1.0833333333333335,0.22727272727272727,BALANCED
2025-09-26,EURNZD,Bullish,2.4720752498530274,0.9374999999999998,-0.03141534391534373,1.5659905937683714,0.22727272727272727,n/a (not Neutral)
2025-09-26,EURCAD,Bullish,2.666666666666666,2.708333333333333,-1.412037037037037,1.37037037037037,0.22727272727272727,n/a (not Neutral)
2025-09-26,GBPJPY,Neutral,0.6250000000000001,-1.09375,0.1215277777777779,1.5972222222222223,0.22727272727272727,BALANCED
2025-09-26,GBPCHF,Neutral,-0.4144620811287478,0.9895833333333333,0.41914682539682535,-1.8231922398589064,0.2727272727272727,BALANCED
2025-09-26,GBPAUD,Bearish,-1.4583333333333335,-1.5104166666666665,1.0011574074074072,-0.9490740740740742,0.09090909090909091,n/a (not Neutral)
2025-09-26,GBPNZD,Bullish,2.760141093474427,0.3645833333333333,0.865575396825397,1.5299823633156966,0.09090909090909091,n/a (not Neutral)
2025-09-26,GBPCAD,Bullish,2.458333333333333,2.1354166666666665,-0.5150462962962963,0.8379629629629628,0.09090909090909091,n/a (not Neutral)
2025-09-26,AUDJPY,Neutral,1.0833333333333335,0.4166666666666665,-0.8796296296296293,1.5462962962962963,0.3181818181818182,BALANCED
2025-09-26,NZDJPY,Bearish,-2.5132275132275135,-1.4583333333333333,-0.7440476190476188,-0.31084656084656137,0.3181818181818182,n/a (not Neutral)
2025-09-26,CADJPY,Bearish,-1.333333333333333,-3.2291666666666665,0.636574074074074,1.2592592592592595,0.3181818181818182,n/a (not Neutral)
2025-09-26,CHFJPY,Neutral,-0.4497354497354494,-2.083333333333333,-0.29761904761904745,1.9312169312169312,0.5,SILENT
2025-09-26,AUDNZD,Very Bullish,3.2128159905937688,1.8749999999999998,-0.13558201058201047,1.4733980011757795,0.18181818181818182,n/a (not Neutral)
2025-09-26,AUDCAD,Very Bullish,3.416666666666667,3.645833333333333,-1.5162037037037033,1.2870370370370372,0.18181818181818182,n/a (not Neutral)
2025-09-26,AUDCHF,Neutral,0.5937683715461494,2.5,-0.5820105820105821,-1.3242210464432684,0.36363636363636365,BALANCED
2025-09-26,NZDCAD,Bearish,-1.319811875367431,1.7708333333333333,-1.380621693121693,-1.710023515579071,0.18181818181818182,n/a (not Neutral)
2025-09-26,NZDCHF,Bearish,-1.71875,0.625,-0.4464285714285715,-1.8973214285714284,0.36363636363636365,n/a (not Neutral)
2025-09-26,CADCHF,Bearish,-1.8547912992357438,-1.1458333333333333,0.9341931216931216,-1.6431510875955322,0.36363636363636365,n/a (not Neutral)
2025-10-03,EURUSD,Neutral,0.25006091617933707,-0.36458333333333337,-0.5324074074074074,1.147051656920078,0.11538461538461539,BALANCED
2025-10-03,GBPUSD,Bullish,1.5341739766081872,0.0,0.5381944444444444,0.9959795321637428,0.0,n/a (not Neutral)
2025-10-03,USDJPY,Neutral,-1.1613669590643276,0.78125,-0.9027777777777778,-1.03983918128655,0.19230769230769232,BALANCED
2025-10-03,USDCHF,Bearish,-1.3537289915966386,0.15625,-0.3571428571428571,-1.1528361344537816,0.23076923076923078,n/a (not Neutral)
2025-10-03,USDCAD,Neutral,0.3054946393762184,1.3020833333333335,-0.9606481481481481,-0.035940545808966884,0.07692307692307693,BALANCED
2025-10-03,AUDUSD,Bullish,1.7412889863547756,0.8854166666666665,-0.1157407407407407,0.9716130604288498,0.07692307692307693,n/a (not Neutral)
2025-10-03,NZDUSD,Bearish,-1.7870273109243697,-0.3645833333333333,-0.3273809523809524,-1.095063025210084,0.07692307692307693,n/a (not Neutral)
2025-10-03,EURGBP,Neutral,0.20833333333333326,-0.36458333333333337,-1.0706018518518516,1.6435185185185184,0.13636363636363635,BALANCED
2025-10-03,EURJPY,Neutral,0.5833333333333333,0.41666666666666663,-1.4351851851851851,1.6018518518518519,0.36363636363636365,BALANCED
2025-10-03,EURCHF,Bearish,-2.087007642563198,-0.20833333333333337,-0.8895502645502645,-0.9891240446796001,0.4090909090909091,n/a (not Neutral)
2025-10-03,EURAUD,Neutral,-1.0,-1.25,-0.4166666666666665,0.6666666666666665,0.22727272727272727,BALANCED
2025-10-03,EURNZD,Bullish,1.4844209288653731,-5.551115123125783e-17,-0.20502645502645506,1.6894473838918282,0.22727272727272727,n/a (not Neutral)
2025-10-03,EURCAD,Neutral,1.0,0.9375000000000001,-1.4930555555555558,1.5555555555555556,0.22727272727272727,BALANCED
2025-10-03,GBPJPY,Neutral,0.875,0.78125,-0.36458333333333337,0.45833333333333337,0.22727272727272727,BALANCED
2025-10-03,GBPCHF,Neutral,-0.8112874779541446,0.15625,0.18105158730158732,-1.1485890652557318,0.2727272727272727,BALANCED
2025-10-03,GBPAUD,Neutral,-1.2083333333333333,-0.8854166666666665,0.6539351851851851,-0.9768518518518519,0.09090909090909091,BALANCED
2025-10-03,GBPNZD,Bullish,2.760141093474427,0.3645833333333333,0.865575396825397,1.5299823633156966,0.09090909090909091,n/a (not Neutral)
2025-10-03,GBPCAD,Bullish,2.291666666666667,1.3020833333333335,-0.4224537037037037,1.4120370370370372,0.09090909090909091,n/a (not Neutral)
2025-10-03,AUDJPY,Bullish,2.083333333333333,1.6666666666666665,-1.0185185185185186,1.4351851851851851,0.3181818181818182,n/a (not Neutral)
2025-10-03,NZDJPY,Bearish,-1.8342151675485008,0.4166666666666667,-1.2301587301587302,-1.0207231040564373,0.3181818181818182,n/a (not Neutral)
2025-10-03,CADJPY,Neutral,-0.9166666666666667,-0.5208333333333335,0.057870370370370405,-0.45370370370370366,0.3181818181818182,BALANCED
2025-10-03,CHFJPY,Bullish,1.7372134038800704,0.625,-0.5456349206349207,1.657848324514991,0.5,n/a (not Neutral)
2025-10-03,AUDNZD,Bullish,2.9659024103468545,1.2499999999999998,0.21164021164021185,1.504262198706643,0.18181818181818182,n/a (not Neutral)
2025-10-03,AUDCAD,Bullish,2.5,2.1875,-1.0763888888888888,1.3888888888888888,0.18181818181818182,n/a (not Neutral)
2025-10-03,AUDCHF,Neutral,-0.04997060552616111,1.0416666666666665,-0.4728835978835978,-0.6187536743092298,0.36363636363636365,BALANCED
2025-10-03,NZDCAD,Bearish,-1.422692533803645,0.9375000000000002,-1.2880291005291007,-1.0721634332745444,0.18181818181818182,n/a (not Neutral)
2025-10-03,NZDCHF,Bearish,-2.65625,-0.20833333333333331,-0.6845238095238095,-1.7633928571428572,0.36363636363636365,n/a (not Neutral)
2025-10-03,CADCHF,Bearish,-2.1487360376249267,-1.1458333333333335,0.6035052910052912,-1.6064079952968844,0.36363636363636365,n/a (not Neutral)
2025-10-10,EURUSD,Neutral,-0.10745614035087717,-0.1875,-0.5208333333333333,0.6008771929824561,0.11538461538461539,BALANCED
2025-10-10,GBPUSD,Bullish,1.3837719298245612,0.4375,0.5208333333333333,0.42543859649122795,0.0,n/a (not Neutral)
2025-10-10,USDJPY,Bullish,1.6864035087719298,1.4375,-0.7291666666666667,0.9780701754385965,0.19230769230769232,n/a (not Neutral)
2025-10-10,USDCHF,Neutral,-1.2867647058823528,0.7083333333333333,-0.8333333333333333,-1.1617647058823528,0.23076923076923078,BALANCED
2025-10-10,USDCAD,Neutral,0.3608674463937622,-0.22916666666666663,-0.5439814814814815,1.1340155945419104,0.07692307692307693,BALANCED
2025-10-10,AUDUSD,Bullish,1.7151559454191032,1.7916666666666665,-0.4629629629629628,0.3864522417153995,0.07692307692307693,n/a (not Neutral)
2025-10-10,NZDUSD,Neutral,-0.5934873949579832,-0.08333333333333331,0.7440476190476191,-1.254201680672269,0.07692307692307693,BALANCED
2025-10-10,EURGBP,Neutral,0.0,-0.625,-1.0416666666666665,1.6666666666666665,0.13636363636363635,BALANCED
2025-10-10,EURJPY,Bullish,1.5,1.25,-1.25,1.5,0.36363636363636365,n/a (not Neutral)
2025-10-10,EURCHF,Bearish,-1.8518518518518516,0.5208333333333333,-1.3541666666666665,-1.0185185185185184,0.4090909090909091,n/a (not Neutral)
2025-10-10,EURAUD,Neutral,-0.8333333333333335,-1.9791666666666665,-0.05787037037037068,1.2037037037037037,0.22727272727272727,BALANCED
2025-10-10,EURNZD,Neutral,0.44973544973544965,-0.10416666666666669,-1.2648809523809523,1.8187830687830688,0.22727272727272727,BALANCED
2025-10-10,EURCAD,Neutral,0.16666666666666674,-0.41666666666666663,-1.0648148148148149,1.6481481481481481,0.22727272727272727,BALANCED
2025-10-10,GBPJPY,Bullish,2.5,1.875,-0.20833333333333348,0.8333333333333335,0.22727272727272727,n/a (not Neutral)
2025-10-10,GBPCHF,Neutral,-0.3703703703703704,1.1458333333333333,-0.3125,-1.2037037037037037,0.2727272727272727,BALANCED
2025-10-10,GBPAUD,Neutral,0.16666666666666657,-1.3541666666666665,0.9837962962962961,0.537037037037037,0.09090909090909091,BALANCED
2025-10-10,GBPNZD,Bullish,1.9312169312169314,0.5208333333333333,-0.2232142857142857,1.6335978835978837,0.09090909090909091,n/a (not Neutral)
2025-10-10,GBPCAD,Bullish,1.6666666666666665,0.20833333333333337,-0.02314814814814825,1.4814814814814814,0.09090909090909091,n/a (not Neutral)
2025-10-10,AUDJPY,Very Bullish,3.333333333333334,3.2291666666666665,-1.1921296296296293,1.2962962962962967,0.3181818181818182,n/a (not Neutral)
2025-10-10,NZDJPY,Neutral,0.10582010582010594,1.3541666666666667,0.014880952380952328,-1.263227513227513,0.3181818181818182,BALANCED
2025-10-10,CADJPY,Bullish,2.333333333333333,1.6666666666666667,-0.18518518518518534,0.8518518518518516,0.3181818181818182,n/a (not Neutral)
2025-10-10,CHFJPY,Bullish,2.4074074074074074,0.7291666666666667,0.10416666666666652,1.5740740740740742,0.5,n/a (not Neutral)
2025-10-10,AUDNZD,Bullish,2.260435038212816,1.8749999999999998,-1.2070105820105819,1.592445620223398,0.18181818181818182,n/a (not Neutral)
2025-10-10,AUDCAD,Bullish,1.5,1.5624999999999998,-1.0069444444444442,0.9444444444444444,0.18181818181818182,n/a (not Neutral)
2025-10-10,AUDCHF,Neutral,-0.041152263374485534,2.5,-1.2962962962962963,-1.2448559670781894,0.36363636363636365,BALANCED
2025-10-10,NZDCAD,Neutral,-1.2110523221634333,-0.31249999999999994,0.2000661375661375,-1.098618459729571,0.18181818181818182,BALANCED
2025-10-10,NZDCHF,Bearish,-1.40625,0.625,-0.0892857142857143,-1.9419642857142856,0.36363636363636365,n/a (not Neutral)
2025-10-10,CADCHF,Neutral,-1.0905349794238683,0.9374999999999999,-0.28935185185185175,-1.7386831275720165,0.36363636363636365,BALANCED
2025-10-17,EURUSD,Neutral,0.14108187134502925,-0.8125,0.3819444444444444,0.5716374269005848,0.11538461538461539,BALANCED
2025-10-17,GBPUSD,Neutral,0.38961988304093564,-0.5,0.3472222222222222,0.5423976608187134,0.0,BALANCED
2025-10-17,USDJPY,Bullish,1.9349415204678364,2.0625,-1.0763888888888888,0.9488304093567252,0.19230769230769232,n/a (not Neutral)
2025-10-17,USDCHF,Bearish,-1.6018907563025209,0.7083333333333333,-1.1904761904761902,-1.1197478991596639,0.23076923076923078,n/a (not Neutral)
2025-10-17,USDCAD,Neutral,0.3608674463937622,-0.22916666666666657,-0.5439814814814816,1.1340155945419104,0.07692307692307693,BALANCED
2025-10-17,AUDUSD,Neutral,1.2180799220272904,1.1666666666666665,-0.3935185185185184,0.4449317738791423,0.07692307692307693,BALANCED
2025-10-17,NZDUSD,Neutral,-0.5934873949579832,-0.08333333333333331,0.7440476190476191,-1.254201680672269,0.07692307692307693,BALANCED
2025-10-17,EURGBP,Neutral,0.75,-0.3125,0.03472222222222221,1.0277777777777777,0.13636363636363635,BALANCED
2025-10-17,EURJPY,Bullish,2.0,1.25,-0.6944444444444444,1.4444444444444444,0.36363636363636365,n/a (not Neutral)
2025-10-17,EURCHF,Bearish,-1.922398589065256,-0.10416666666666674,-0.8085317460317459,-1.0097001763668434,0.4090909090909091,n/a (not Neutral)
2025-10-17,EURAUD,Neutral,-0.08333333333333348,-1.9791666666666665,0.7754629629629628,1.1203703703703702,0.22727272727272727,BALANCED
2025-10-17,EURNZD,Neutral,0.6966490299823631,-0.7291666666666667,-0.36210317460317465,1.7879188712522045,0.22727272727272727,BALANCED
2025-10-17,EURCAD,Neutral,0.4166666666666665,-1.0416666666666665,-0.1620370370370372,1.6203703703703702,0.22727272727272727,BALANCED
2025-10-17,GBPJPY,Bullish,2.25,1.5625,-0.7291666666666666,1.4166666666666665,0.22727272727272727,n/a (not Neutral)
2025-10-17,GBPCHF,Bearish,-1.6754850088183422,0.20833333333333326,-0.8432539682539681,-1.0405643738977073,0.2727272727272727,n/a (not Neutral)
2025-10-17,GBPAUD,Neutral,0.16666666666666674,-1.6666666666666665,0.7407407407407406,1.0925925925925926,0.09090909090909091,BALANCED
2025-10-17,GBPNZD,Neutral,0.9435626102292769,-0.4166666666666667,-0.3968253968253968,1.7570546737213404,0.09090909090909091,BALANCED
2025-10-17,GBPCAD,Neutral,0.6666666666666667,-0.7291666666666665,-0.1967592592592594,1.5925925925925926,0.09090909090909091,BALANCED
2025-10-17,AUDJPY,Very Bullish,3.0833333333333335,3.2291666666666665,-1.4699074074074072,1.3240740740740742,0.3181818181818182,n/a (not Neutral)
2025-10-17,NZDJPY,Neutral,0.3527336860670194,1.9791666666666667,-0.33234126984127,-1.2940917107583774,0.3181818181818182,BALANCED
2025-10-17,CADJPY,Bullish,2.5833333333333335,2.2916666666666665,-0.5324074074074072,0.8240740740740742,0.3181818181818182,n/a (not Neutral)
2025-10-17,CHFJPY,Bullish,2.9717813051146384,1.3541666666666667,0.11408730158730163,1.50352733686067,0.5,n/a (not Neutral)
2025-10-17,AUDNZD,Bullish,1.7666078777189889,1.2499999999999998,-1.1375661375661372,1.6541740152851263,0.18181818181818182,n/a (not Neutral)
2025-10-17,AUDCAD,Bullish,1.5,0.9375,-0.9375,1.5,0.18181818181818182,n/a (not Neutral)
2025-10-17,AUDCHF,Neutral,-0.8524397413286302,1.8749999999999998,-1.5839947089947088,-1.1434450323339211,0.36363636363636365,BALANCED
2025-10-17,NZDCAD,Bearish,-1.7666078777189889,-0.3124999999999999,0.20006613756613745,-1.6541740152851263,0.18181818181818182,n/a (not Neutral)
2025-10-17,NZDCHF,Bearish,-1.71875,0.625,-0.4464285714285714,-1.8973214285714286,0.36363636363636365,n/a (not Neutral)
2025-10-17,CADCHF,Bearish,-1.4079952968841858,0.9374999999999998,-0.6464947089947087,-1.699000587889477,0.36363636363636365,n/a (not Neutral)
2025-10-24,EURUSD,Neutral,0.30884502923976603,-0.625,0.3819444444444444,0.5519005847953216,0.11538461538461539,BALANCED
2025-10-24,GBPUSD,Neutral,-0.27107699805068236,-1.3541666666666665,0.4629629629629628,0.6201267056530213,0.0,BALANCED
2025-10-24,USDJPY,Bullish,2.5420321637426895,1.875,-0.7986111111111112,1.4656432748538006,0.19230769230769232,n/a (not Neutral)
2025-10-24,USDCHF,Neutral,-1.1370798319327733,0.5208333333333333,-0.47619047619047616,-1.1817226890756305,0.23076923076923078,BALANCED
2025-10-24,USDCAD,Neutral,-0.4696637426900585,-1.25,-0.45138888888888884,1.2317251461988303,0.07692307692307693,BALANCED
2025-10-24,AUDUSD,Neutral,0.8887670565302144,0.7291666666666665,-0.324074074074074,0.48367446393762187,0.07692307692307693,BALANCED
2025-10-24,NZDUSD,Neutral,-0.7011554621848739,0.5208333333333333,0.6845238095238095,-1.9065126050420167,0.07692307692307693,BALANCED
2025-10-24,EURGBP,Bullish,1.5833333333333333,0.7291666666666665,-0.08101851851851838,0.9351851851851851,0.13636363636363635,n/a (not Neutral)
2025-10-24,EURJPY,Bullish,2.25,1.25,-0.41666666666666674,1.4166666666666667,0.36363636363636365,n/a (not Neutral)
2025-10-24,EURCHF,Neutral,-1.287477954144621,-0.10416666666666674,-0.09424603174603174,-1.0890652557319225,0.4090909090909091,BALANCED
2025-10-24,EURAUD,Neutral,0.41666666666666674,-1.3541666666666665,0.7060185185185184,1.0648148148148149,0.22727272727272727,BALANCED
2025-10-24,EURNZD,Neutral,0.3791887125220458,-1.1458333333333333,-0.30257936507936534,1.8276014109347445,0.22727272727272727,BALANCED
2025-10-24,EURCAD,Neutral,-0.25,-1.875,-0.06944444444444442,1.6944444444444444,0.22727272727272727,BALANCED
2025-10-24,GBPJPY,Bullish,1.6666666666666665,0.5208333333333335,-0.33564814814814836,1.4814814814814814,0.22727272727272727,n/a (not Neutral)
2025-10-24,GBPCHF,Bearish,-2.419165196942975,-0.8333333333333333,-0.013227513227513366,-1.5726043503821283,0.2727272727272727,n/a (not Neutral)
2025-10-24,GBPAUD,Bearish,-2.1666666666666665,-2.083333333333333,0.7870370370370368,-0.8703703703703702,0.09090909090909091,n/a (not Neutral)
2025-10-24,GBPNZD,Neutral,-0.19694297472075245,-1.8749999999999998,-0.22156084656084674,1.899617871840094,0.09090909090909091,BALANCED
2025-10-24,GBPCAD,Bearish,-1.333333333333333,-2.6041666666666665,0.011574074074073959,1.2592592592592595,0.09090909090909091,n/a (not Neutral)
2025-10-24,AUDJPY,Bullish,2.833333333333333,2.6041666666666665,-1.1226851851851851,1.3518518518518516,0.3181818181818182,n/a (not Neutral)
2025-10-24,NZDJPY,Bullish,2.583774250440917,2.3958333333333335,-0.11408730158730185,0.3020282186948853,0.3181818181818182,n/a (not Neutral)
2025-10-24,CADJPY,Very Bullish,3.5,3.125,-0.3472222222222223,0.7222222222222223,0.3181818181818182,n/a (not Neutral)
2025-10-24,CHFJPY,Bullish,2.583774250440917,1.3541666666666667,-0.3224206349206351,1.5520282186948853,0.5,n/a (not Neutral)
2025-10-24,AUDNZD,Neutral,0.9553203997648442,0.20833333333333326,-1.0085978835978837,1.7555849500293945,0.18181818181818182,BALANCED
2025-10-24,AUDCAD,Neutral,0.3333333333333335,-0.5208333333333335,-0.7754629629629628,1.6296296296296298,0.18181818181818182,BALANCED
2025-10-24,AUDCHF,Neutral,-0.7113462669018227,1.2499999999999998,-0.8002645502645502,-1.1610817166372722,0.36363636363636365,BALANCED
2025-10-24,NZDCAD,Bearish,-2.1075837742504406,-0.7291666666666667,0.2331349206349208,-1.6115520282186946,0.18181818181818182,n/a (not Neutral)
2025-10-24,NZDCHF,Neutral,-0.78125,1.0416666666666665,0.20833333333333348,-2.03125,0.36363636363636365,BALANCED
2025-10-24,CADCHF,Neutral,-0.11463844797178138,1.7708333333333333,-0.024801587301587213,-1.8606701940035275,0.36363636363636365,BALANCED
2025-10-31,EURUSD,Neutral,1.1787280701754383,0.4166666666666665,0.3125,0.44956140350877183,0.11538461538461539,BALANCED
2025-10-31,GBPUSD,Neutral,-0.7852095516569203,-0.729166666666667,0.4398148148148149,-0.4958576998050682,0.0,BALANCED
2025-10-31,USDJPY,Neutral,0.9265350877192984,-0.10416666666666652,-0.625,1.655701754385965,0.19230769230769232,BALANCED
2025-10-31,USDCHF,Bearish,-1.8198529411764706,0.10416666666666674,-0.8333333333333333,-1.090686274509804,0.23076923076923078,n/a (not Neutral)
2025-10-31,USDCAD,Bearish,-1.3395467836257302,-2.2916666666666665,-0.3819444444444442,1.3340643274853805,0.07692307692307693,n/a (not Neutral)
2025-10-31,AUDUSD,Bullish,2.4214181286549703,1.9791666666666665,0.13888888888888884,0.30336257309941494,0.07692307692307693,n/a (not Neutral)
2025-10-31,NZDUSD,Neutral,-0.33350840336134474,0.9374999999999998,0.6845238095238095,-1.955532212885154,0.07692307692307693,BALANCED
2025-10-31,EURGBP,Bullish,1.9166666666666667,1.1458333333333335,-0.12731481481481488,0.8981481481481481,0.13636363636363635,n/a (not Neutral)
2025-10-31,EURJPY,Bullish,1.5,0.3125,-0.3125,1.5,0.36363636363636365,n/a (not Neutral)
2025-10-31,EURCHF,Bearish,-1.6666666666666665,0.5208333333333333,-0.5208333333333333,-1.6666666666666665,0.4090909090909091,n/a (not Neutral)
2025-10-31,EURAUD,Neutral,-0.75,-1.5625,0.17361111111111116,0.6388888888888888,0.22727272727272727,BALANCED
2025-10-31,EURNZD,Neutral,0.873015873015873,-0.5208333333333333,-0.37202380952380965,1.7658730158730158,0.22727272727272727,BALANCED
2025-10-31,EURCAD,Neutral,-0.75,-1.875,-0.06944444444444442,1.1944444444444444,0.22727272727272727,BALANCED
2025-10-31,GBPJPY,Neutral,0.5833333333333333,-0.8333333333333335,-0.18518518518518512,1.6018518518518519,0.22727272727272727,BALANCED
2025-10-31,GBPCHF,Bearish,-2.57201646090535,-0.6250000000000002,-0.3935185185185184,-1.5534979423868314,0.2727272727272727,n/a (not Neutral)
2025-10-31,GBPAUD,Very Bearish,-3.166666666666667,-2.7083333333333335,0.30092592592592604,-0.7592592592592595,0.09090909090909091,n/a (not Neutral)
2025-10-31,GBPNZD,Neutral,-0.5878894767783657,-1.6666666666666667,-0.24470899470899465,1.3234861845972956,0.09090909090909091,BALANCED
2025-10-31,GBPCAD,Bearish,-2.6666666666666665,-3.0208333333333335,0.05787037037037068,0.2962962962962963,0.09090909090909091,n/a (not Neutral)
2025-10-31,AUDJPY,Bullish,2.75,1.875,-0.48611111111111116,1.3611111111111112,0.3181818181818182,n/a (not Neutral)
2025-10-31,NZDJPY,Bullish,1.9047619047619049,0.8333333333333333,0.059523809523809645,1.0119047619047619,0.3181818181818182,n/a (not Neutral)
2025-10-31,CADJPY,Bullish,2.75,2.1875,-0.24305555555555558,0.8055555555555556,0.3181818181818182,n/a (not Neutral)
2025-10-31,CHFJPY,Bullish,1.6666666666666665,-0.20833333333333326,0.20833333333333326,1.6666666666666665,0.5,n/a (not Neutral)
2025-10-31,AUDNZD,Bullish,2.1075837742504406,1.0416666666666667,-0.5456349206349208,1.6115520282186946,0.18181818181818182,n/a (not Neutral)
2025-10-31,AUDCAD,Neutral,1.0,-0.3125,-0.24305555555555558,1.5555555555555556,0.18181818181818182,BALANCED
2025-10-31,AUDCHF,Neutral,0.6790123456790125,2.083333333333333,-0.6944444444444442,-0.7098765432098764,0.36363636363636365,BALANCED
2025-10-31,NZDCAD,Bearish,-2.6014109347442678,-1.3541666666666667,0.30257936507936534,-1.5498236331569664,0.18181818181818182,n/a (not Neutral)
2025-10-31,NZDCHF,Neutral,-1.09375,1.0416666666666665,-0.14880952380952361,-1.9866071428571428,0.36363636363636365,BALANCED
2025-10-31,CADCHF,Neutral,0.617283950617284,2.395833333333333,-0.4513888888888886,-1.3271604938271604,0.36363636363636365,BALANCED
2025-11-07,EURUSD,Bullish,1.313352826510721,0.31249999999999994,0.5671296296296295,0.4337231968810915,0.11538461538461539,n/a (not Neutral)
2025-11-07,GBPUSD,Bearish,-1.3840155945419106,-1.09375,0.7233796296296297,-1.0136452241715403,0.0,n/a (not Neutral)
2025-11-07,USDJPY,Neutral,0.7090643274853801,-0.10416666666666663,-0.8680555555555556,1.6812865497076022,0.19230769230769232,BALANCED
2025-11-07,USDCHF,Neutral,-0.9558823529411764,0.41666666666666663,-0.8333333333333333,-0.5392156862745098,0.23076923076923078,BALANCED
2025-11-07,USDCAD,Neutral,-0.562865497076023,-1.3541666666666665,-0.45138888888888884,1.2426900584795324,0.07692307692307693,BALANCED
2025-11-07,AUDUSD,Bullish,1.8932748538011692,1.6666666666666665,-0.13888888888888884,0.36549707602339154,0.07692307692307693,n/a (not Neutral)
2025-11-07,NZDUSD,Neutral,-0.6092436974789915,0.625,0.6845238095238095,-1.918767507002801,0.07692307692307693,BALANCED
2025-11-07,EURGBP,Bullish,2.625,1.4062499999999998,-0.15624999999999978,1.375,0.13636363636363635,n/a (not Neutral)
2025-11-07,EURJPY,Bullish,1.4166666666666665,0.20833333333333331,-0.300925925925926,1.509259259259259,0.36363636363636365,n/a (not Neutral)
2025-11-07,EURCHF,Neutral,-1.2551440329218109,0.7291666666666665,-0.2662037037037036,-1.718106995884774,0.4090909090909091,BALANCED
2025-11-07,EURAUD,Neutral,0.4166666666666665,-1.3541666666666667,0.7060185185185185,1.0648148148148149,0.22727272727272727,BALANCED
2025-11-07,EURNZD,Neutral,1.284538506760729,-0.3125,-0.11739417989418,1.7144326866549089,0.22727272727272727,BALANCED
2025-11-07,EURCAD,Neutral,0.16666666666666674,-1.0416666666666667,0.11574074074074081,1.0925925925925926,0.22727272727272727,BALANCED
2025-11-07,GBPJPY,Neutral,0.29166666666666674,-1.1979166666666665,-0.14467592592592604,1.6342592592592593,0.22727272727272727,BALANCED
2025-11-07,GBPCHF,Bearish,-2.366255144032922,-0.6770833333333333,-0.10995370370370372,-1.5792181069958848,0.2727272727272727,n/a (not Neutral)
2025-11-07,GBPAUD,Very Bearish,-3.2083333333333335,-2.7604166666666665,0.8622685185185184,-1.3101851851851853,0.09090909090909091,n/a (not Neutral)
2025-11-07,GBPNZD,Neutral,0.17342739564961782,-1.7187499999999998,0.03885582010581978,1.8533215755437977,0.09090909090909091,BALANCED
2025-11-07,GBPCAD,Bearish,-1.458333333333333,-2.4479166666666665,0.2719907407407409,0.7175925925925926,0.09090909090909091,n/a (not Neutral)
2025-11-07,AUDJPY,Bullish,2.0,1.5625,-1.0069444444444444,1.4444444444444444,0.3181818181818182,n/a (not Neutral)
2025-11-07,NZDJPY,Neutral,-0.255731922398589,0.5208333333333333,-0.18353174603174593,-0.5930335097001763,0.3181818181818182,BALANCED
2025-11-07,CADJPY,Bullish,2.25,1.25,-0.41666666666666674,1.4166666666666667,0.3181818181818182,n/a (not Neutral)
2025-11-07,CHFJPY,Neutral,1.1728395061728396,-0.5208333333333333,-0.03472222222222232,1.7283950617283952,0.5,SILENT
2025-11-07,AUDNZD,Bullish,1.8606701940035275,1.0416666666666667,-0.8234126984126985,1.6424162257495594,0.18181818181818182,n/a (not Neutral)
2025-11-07,AUDCAD,Neutral,0.7500000000000001,0.3125,-0.5902777777777777,1.0277777777777777,0.18181818181818182,BALANCED
2025-11-07,AUDCHF,Neutral,-0.12345679012345671,2.083333333333333,-0.9722222222222219,-1.2345679012345678,0.36363636363636365,BALANCED
2025-11-07,NZDCAD,Bearish,-2.1075837742504406,-0.7291666666666667,0.2331349206349208,-1.6115520282186946,0.18181818181818182,n/a (not Neutral)
2025-11-07,NZDCHF,Neutral,-1.09375,1.0416666666666665,-0.14880952380952361,-1.9866071428571428,0.36363636363636365,BALANCED
2025-11-07,CADCHF,Neutral,0.12345679012345685,1.7708333333333333,-0.3819444444444444,-1.265432098765432,0.36363636363636365,BALANCED
2025-11-14,EURUSD,Neutral,1.189083820662768,0.5208333333333333,0.21990740740740744,0.4483430799220274,0.11538461538461539,BALANCED
2025-11-14,GBPUSD,Neutral,-1.259746588693957,-0.8854166666666665,0.6539351851851851,-1.0282651072124755,0.0,BALANCED
2025-11-14,USDJPY,Neutral,1.0818713450292397,0.3125,-0.8680555555555556,1.6374269005847952,0.19230769230769232,BALANCED
2025-11-14,USDCHF,Neutral,-1.1764705882352942,0.8333333333333333,-0.8333333333333333,-1.1764705882352942,0.23076923076923078,BALANCED
2025-11-14,USDCAD,Neutral,0.08771929824561418,-1.25,-0.4166666666666665,1.7543859649122806,0.07692307692307693,BALANCED
2025-11-14,AUDUSD,Bullish,2.6803118908382073,2.708333333333334,-0.30092592592592604,0.2729044834307994,0.07692307692307693,n/a (not Neutral)
2025-11-14,NZDUSD,Neutral,-0.9768907563025209,0.20833333333333331,0.6845238095238095,-1.8697478991596639,0.07692307692307693,BALANCED
2025-11-14,EURGBP,Bullish,2.375,1.4062499999999998,-0.4340277777777777,1.402777777777778,0.13636363636363635,n/a (not Neutral)
2025-11-14,EURJPY,Bullish,1.6666666666666665,0.8333333333333333,-0.6481481481481481,1.4814814814814814,0.36363636363636365,n/a (not Neutral)
2025-11-14,EURCHF,Neutral,-1.008230452674897,1.3541666666666665,-0.6134259259259258,-1.7489711934156378,0.4090909090909091,BALANCED
2025-11-14,EURAUD,Neutral,-0.5000000000000004,-2.187500000000001,0.5208333333333337,1.1666666666666667,0.22727272727272727,BALANCED
2025-11-14,EURNZD,Bullish,1.5314520870076422,0.31249999999999994,-0.46461640211640215,1.6835684891240446,0.22727272727272727,n/a (not Neutral)
2025-11-14,EURCAD,Neutral,0.6666666666666667,-0.7291666666666667,-0.19675925925925908,1.5925925925925926,0.22727272727272727,BALANCED
2025-11-14,GBPJPY,Neutral,0.7916666666666667,-0.5729166666666665,-0.21412037037037046,1.5787037037037037,0.22727272727272727,BALANCED
2025-11-14,GBPCHF,Bearish,-1.8724279835390945,-0.05208333333333326,-0.17939814814814814,-1.640946502057613,0.2727272727272727,n/a (not Neutral)
2025-11-14,GBPAUD,Very Bearish,-3.875000000000001,-3.5937500000000004,0.9548611111111112,-1.2361111111111116,0.09090909090909091,n/a (not Neutral)
2025-11-14,GBPNZD,Neutral,0.6672545561434452,-1.0937499999999998,-0.030588624338624415,1.7915931804820695,0.09090909090909091,BALANCED
2025-11-14,GBPCAD,Bearish,-2.208333333333333,-2.1354166666666665,0.2372685185185186,-0.3101851851851851,0.09090909090909091,n/a (not Neutral)
2025-11-14,AUDJPY,Very Bullish,3.166666666666667,3.020833333333334,-1.1689814814814816,1.3148148148148147,0.3181818181818182,n/a (not Neutral)
2025-11-14,NZDJPY,Bullish,1.4109347442680775,0.5208333333333333,-0.18353174603174593,1.07363315696649,0.3181818181818182,n/a (not Neutral)
2025-11-14,CADJPY,Bullish,2.5,1.5625,-0.45138888888888906,1.388888888888889,0.3181818181818182,n/a (not Neutral)
2025-11-14,CHFJPY,Neutral,1.1728395061728396,-0.5208333333333333,-0.03472222222222232,1.7283950617283952,0.5,SILENT
2025-11-14,AUDNZD,Very Bullish,3.0129335684891245,2.5000000000000004,-0.9854497354497354,1.4983833039388594,0.18181818181818182,n/a (not Neutral)
2025-11-14,AUDCAD,Bullish,2.1666666666666674,1.458333333333334,-0.7175925925925926,1.425925925925926,0.18181818181818182,n/a (not Neutral)
2025-11-14,AUDCHF,Neutral,1.0288065843621403,3.541666666666667,-1.134259259259259,-1.3786008230452675,0.36363636363636365,BALANCED
2025-11-14,NZDCAD,Bearish,-2.354497354497354,-1.0416666666666667,0.2678571428571431,-1.5806878306878303,0.18181818181818182,n/a (not Neutral)
2025-11-14,NZDCHF,Neutral,-1.09375,1.0416666666666665,-0.14880952380952361,-1.9866071428571428,0.36363636363636365,BALANCED
2025-11-14,CADCHF,Neutral,-0.18518518518518529,2.083333333333333,-0.4166666666666665,-1.8518518518518519,0.36363636363636365,BALANCED
2025-11-21,EURUSD,Neutral,0.8056773879142299,0.3333333333333333,0.5671296296296295,-0.09478557504873297,0.11538461538461539,BALANCED
2025-11-21,GBPUSD,Neutral,-0.5369152046783626,-0.03125,0.6076388888888888,-1.1133040935672516,0.0,BALANCED
2025-11-21,USDJPY,Neutral,0.9389619883040935,-0.125,-0.5902777777777778,1.6542397660818713,0.19230769230769232,BALANCED
2025-11-21,USDCHF,Neutral,-0.9742647058823529,0.39583333333333326,-0.8333333333333333,-0.5367647058823529,0.23076923076923078,BALANCED
2025-11-21,USDCAD,Neutral,-0.13803606237816765,-1.4791666666666665,-0.4398148148148149,1.7809454191033138,0.07692307692307693,BALANCED
2025-11-21,AUDUSD,Bullish,2.2676656920077978,3.145833333333334,-0.023148148148148362,-0.8550194931773878,0.07692307692307693,n/a (not Neutral)
2025-11-21,NZDUSD,Neutral,-0.5908613445378151,0.6458333333333333,0.6845238095238095,-1.9212184873949578,0.07692307692307693,BALANCED
2025-11-21,EURGBP,Bullish,1.7916666666666665,0.3645833333333333,-0.0405092592592593,1.4675925925925926,0.13636363636363635,n/a (not Neutral)
2025-11-21,EURJPY,Bullish,1.6666666666666665,0.20833333333333331,-0.023148148148148195,1.4814814814814814,0.36363636363636365,n/a (not Neutral)
2025-11-21,EURCHF,Neutral,-0.6995884773662552,0.7291666666666665,-0.2662037037037036,-1.162551440329218,0.4090909090909091,BALANCED
2025-11-21,EURAUD,Neutral,-1.0000000000000004,-2.8125000000000004,0.5902777777777777,1.2222222222222223,0.22727272727272727,BALANCED
2025-11-21,EURNZD,Neutral,1.284538506760729,-0.3125,-0.11739417989418,1.7144326866549089,0.22727272727272727,BALANCED
2025-11-21,EURCAD,Neutral,-0.41666666666666674,-1.1458333333333333,0.12731481481481466,0.6018518518518519,0.22727272727272727,BALANCED
2025-11-21,GBPJPY,Bullish,1.375,-0.15625,0.017361111111111105,1.5138888888888888,0.22727272727272727,n/a (not Neutral)
2025-11-21,GBPCHF,Bearish,-1.5432098765432098,0.36458333333333326,-0.22569444444444436,-1.6820987654320987,0.2727272727272727,n/a (not Neutral)
2025-11-21,GBPAUD,Very Bearish,-3.791666666666667,-3.177083333333334,0.6307870370370372,-1.2453703703703702,0.09090909090909091,n/a (not Neutral)
2025-11-21,GBPNZD,Neutral,0.9964726631393299,-0.6770833333333333,-0.0768849206349207,1.7504409171075839,0.09090909090909091,BALANCED
2025-11-21,GBPCAD,Bearish,-2.208333333333333,-1.5104166666666665,0.16782407407407396,-0.8657407407407405,0.09090909090909091,n/a (not Neutral)
2025-11-21,AUDJPY,Very Bullish,3.666666666666667,3.020833333333334,-0.613425925925926,1.259259259259259,0.3181818181818182,n/a (not Neutral)
2025-11-21,NZDJPY,Bullish,1.657848324514991,0.5208333333333333,0.09424603174603186,1.042768959435626,0.3181818181818182,n/a (not Neutral)
2025-11-21,CADJPY,Bullish,2.5833333333333335,1.3541666666666665,-0.1504629629629628,1.3796296296296298,0.3181818181818182,n/a (not Neutral)
2025-11-21,CHFJPY,Bullish,1.419753086419753,-0.5208333333333333,0.24305555555555547,1.6975308641975309,0.5,n/a (not Neutral)
2025-11-21,AUDNZD,Very Bullish,3.2598471487360383,2.5000000000000004,-0.7076719576719577,1.4675191064079955,0.18181818181818182,n/a (not Neutral)
2025-11-21,AUDCAD,Bullish,2.083333333333334,1.6666666666666674,-0.46296296296296324,0.8796296296296298,0.18181818181818182,n/a (not Neutral)
2025-11-21,AUDCHF,Neutral,1.2757201646090537,3.541666666666667,-0.8564814814814814,-1.4094650205761319,0.36363636363636365,BALANCED
2025-11-21,NZDCAD,Bearish,-2.189888300999412,-0.8333333333333333,0.24470899470899476,-1.6012639623750733,0.18181818181818182,n/a (not Neutral)
2025-11-21,NZDCHF,Neutral,-1.09375,1.0416666666666665,-0.14880952380952361,-1.9866071428571428,0.36363636363636365,BALANCED
2025-11-21,CADCHF,Neutral,0.2057613168724279,1.8749999999999998,-0.3935185185185184,-1.2757201646090535,0.36363636363636365,BALANCED
2025-11-28,EURUSD,Neutral,0.6006335282651071,0.10416666666666663,0.5671296296296297,-0.0706627680311892,0.11538461538461539,BALANCED
2025-11-28,GBPUSD,Bearish,-1.516812865497076,-0.5729166666666667,0.6423611111111112,-1.5862573099415205,0.0,n/a (not Neutral)
2025-11-28,USDJPY,Neutral,0.6469298245614036,-0.5208333333333333,-0.5208333333333333,1.6885964912280702,0.19230769230769232,BALANCED
2025-11-28,USDCHF,Neutral,-0.7720588235294118,0.625,-0.8333333333333333,-0.5637254901960784,0.23076923076923078,BALANCED
2025-11-28,USDCAD,Neutral,-0.4593079922027288,-1.2499999999999998,-0.4398148148148149,1.2305068226120859,0.07692307692307693,BALANCED
2025-11-28,AUDUSD,Very Bullish,3.7244152046783623,2.7083333333333335,0.2777777777777777,0.7383040935672511,0.07692307692307693,n/a (not Neutral)
2025-11-28,NZDUSD,Neutral,-0.047268907563025306,0.625,0.6547619047619047,-1.32703081232493,0.07692307692307693,BALANCED
2025-11-28,EURGBP,Bullish,2.041666666666667,0.6770833333333333,-0.0752314814814814,1.439814814814815,0.13636363636363635,n/a (not Neutral)
2025-11-28,EURJPY,Neutral,1.1666666666666667,-0.4166666666666667,0.046296296296296335,1.5370370370370372,0.36363636363636365,BALANCED
2025-11-28,EURCHF,Neutral,-0.6995884773662552,0.7291666666666665,-0.2662037037037036,-1.162551440329218,0.4090909090909091,BALANCED
2025-11-28,EURAUD,Bearish,-1.5833333333333335,-2.6041666666666665,0.28935185185185164,0.7314814814814814,0.22727272727272727,n/a (not Neutral)
2025-11-28,EURNZD,Neutral,0.5702527924750147,-0.5208333333333333,-0.08763227513227523,1.1787184009406233,0.22727272727272727,BALANCED
2025-11-28,EURCAD,Neutral,-0.41666666666666674,-1.1458333333333333,0.12731481481481466,0.6018518518518519,0.22727272727272727,BALANCED
2025-11-28,GBPJPY,Neutral,0.6250000000000001,-1.09375,0.1215277777777779,1.5972222222222223,0.22727272727272727,BALANCED
2025-11-28,GBPCHF,Neutral,-1.234567901234568,0.05208333333333326,-0.19097222222222215,-1.0956790123456792,0.2727272727272727,BALANCED
2025-11-28,GBPAUD,Very Bearish,-4.125,-3.28125,0.3645833333333335,-1.2083333333333335,0.09090909090909091,n/a (not Neutral)
2025-11-28,GBPNZD,Neutral,0.03527336860670206,-1.1979166666666665,-0.012400793650793718,1.2455908289241624,0.09090909090909091,BALANCED
2025-11-28,GBPCAD,Bearish,-2.458333333333333,-1.8229166666666665,0.20254629629629628,-0.8379629629629628,0.09090909090909091,n/a (not Neutral)
2025-11-28,AUDJPY,Very Bullish,3.25,2.1875,-0.24305555555555558,1.3055555555555556,0.3181818181818182,n/a (not Neutral)
2025-11-28,NZDJPY,Bullish,1.3227513227513228,0.10416666666666663,0.1339285714285715,1.0846560846560847,0.3181818181818182,n/a (not Neutral)
2025-11-28,CADJPY,Bullish,2.083333333333333,0.7291666666666665,-0.08101851851851838,1.435185185185185,0.3181818181818182,n/a (not Neutral)
2025-11-28,CHFJPY,Neutral,0.925925925925926,-1.1458333333333333,0.3125,1.7592592592592593,0.5,SILENT
2025-11-28,AUDNZD,Bullish,2.6278659611992943,2.0833333333333335,-0.3769841269841272,0.921516754850088,0.18181818181818182,n/a (not Neutral)
2025-11-28,AUDCAD,Bullish,2.6666666666666665,1.4583333333333335,-0.1620370370370372,1.3703703703703702,0.18181818181818182,n/a (not Neutral)
2025-11-28,AUDCHF,Bullish,1.9135802469135803,3.333333333333333,-0.5555555555555554,-0.8641975308641974,0.36363636363636365,n/a (not Neutral)
2025-11-28,NZDCAD,Bearish,-2.0311581422692533,-0.6249999999999999,0.2149470899470899,-1.6211052322163433,0.18181818181818182,n/a (not Neutral)
2025-11-28,NZDCHF,Neutral,-0.3125,1.25,-0.1785714285714286,-1.3839285714285714,0.36363636363636365,BALANCED
2025-11-28,CADCHF,Neutral,0.2057613168724279,1.8749999999999998,-0.3935185185185184,-1.2757201646090535,0.36363636363636365,BALANCED
2025-12-05,EURUSD,Bullish,1.6364522417153995,1.3333333333333333,-0.09259259259259256,0.3957115009746588,0.11538461538461539,n/a (not Neutral)
2025-12-05,GBPUSD,Neutral,0.19883040935672514,-0.4375,0.6597222222222222,-0.023391812865497075,0.0,BALANCED
2025-12-05,USDJPY,Neutral,-0.35964912280701744,-1.4375,-0.7291666666666665,1.807017543859649,0.19230769230769232,BALANCED
2025-12-05,USDCHF,Bearish,-1.6596638655462184,-0.08333333333333337,-1.130952380952381,-0.4453781512605042,0.23076923076923078,n/a (not Neutral)
2025-12-05,USDCAD,Bearish,-2.7670565302144245,-2.7916666666666665,-0.30092592592592604,0.325536062378168,0.07692307692307693,n/a (not Neutral)
2025-12-05,AUDUSD,Bullish,1.9678362573099415,1.125,0.48611111111111116,0.35672514619883033,0.07692307692307693,n/a (not Neutral)
2025-12-05,NZDUSD,Neutral,0.21008403361344544,0.9166666666666666,0.6547619047619048,-1.3613445378151259,0.07692307692307693,BALANCED
2025-12-05,EURGBP,Bullish,1.9166666666666667,1.7708333333333333,-0.7523148148148147,0.8981481481481481,0.13636363636363635,n/a (not Neutral)
2025-12-05,EURJPY,Neutral,0.6666666666666667,-0.10416666666666674,-0.8217592592592591,1.5925925925925926,0.36363636363636365,BALANCED
2025-12-05,EURCHF,Neutral,0.5790711346266901,1.25,-1.2235449735449735,0.5526161081716636,0.4090909090909091,BALANCED
2025-12-05,EURAUD,Neutral,-0.8333333333333335,0.20833333333333337,-0.5787037037037038,-0.462962962962963,0.22727272727272727,BALANCED
2025-12-05,EURNZD,Neutral,0.8171663727219283,0.41666666666666663,-0.7473544973544973,1.147854203409759,0.22727272727272727,BALANCED
2025-12-05,EURCAD,Neutral,-1.1666666666666665,-1.4583333333333333,-0.3935185185185186,0.6851851851851853,0.22727272727272727,BALANCED
2025-12-05,GBPJPY,Neutral,-0.24999999999999978,-1.875,-0.0694444444444442,1.6944444444444444,0.22727272727272727,BALANCED
2025-12-05,GBPCHF,Bearish,-1.9929453262786594,-0.5208333333333334,-0.4712301587301586,-1.0008818342151673,0.2727272727272727,n/a (not Neutral)
2025-12-05,GBPAUD,Bearish,-2.75,-1.5625,0.17361111111111116,-1.3611111111111112,0.09090909090909091,n/a (not Neutral)
2025-12-05,GBPNZD,Neutral,-0.08818342151675504,-1.3541666666666665,0.004960317460317221,1.2610229276895943,0.09090909090909091,BALANCED
2025-12-05,GBPCAD,Very Bearish,-3.5833333333333335,-3.2291666666666665,0.3587962962962963,-0.7129629629629632,0.09090909090909091,n/a (not Neutral)
2025-12-05,AUDJPY,Neutral,1.0000000000000002,-0.3125000000000001,-0.24305555555555525,1.5555555555555556,0.3181818181818182,BALANCED
2025-12-05,NZDJPY,Neutral,0.5820105820105822,-0.5208333333333334,-0.07440476190476175,1.1772486772486772,0.3181818181818182,BALANCED
2025-12-05,CADJPY,Bullish,2.3333333333333335,1.3541666666666665,-0.4282407407407405,1.4074074074074074,0.3181818181818182,n/a (not Neutral)
2025-12-05,CHFJPY,Neutral,0.8201058201058202,-1.3541666666666665,0.4017857142857142,1.7724867724867726,0.5,SILENT
2025-12-05,AUDNZD,Bullish,1.7019400352733687,0.20833333333333326,-0.1686507936507935,1.662257495590829,0.18181818181818182,n/a (not Neutral)
2025-12-05,AUDCAD,Neutral,-0.33333333333333326,-1.6666666666666665,0.18518518518518512,1.1481481481481481,0.18181818181818182,BALANCED
2025-12-05,AUDCHF,Neutral,0.9082892416225751,1.0416666666666665,-0.6448412698412695,0.5114638447971781,0.36363636363636365,BALANCED
2025-12-05,NZDCAD,Very Bearish,-3.0188124632569076,-1.875,0.35383597883597884,-1.4976484420928864,0.18181818181818182,n/a (not Neutral)
2025-12-05,NZDCHF,Neutral,-0.9375,0.8333333333333333,-0.47619047619047605,-1.2946428571428572,0.36363636363636365,BALANCED
2025-12-05,CADCHF,Neutral,1.1140505584950031,2.708333333333333,-0.8300264550264547,-0.7642563198118753,0.36363636363636365,BALANCED
2025-12-12,EURUSD,Neutral,0.878411306042885,1.0416666666666665,-0.648148148148148,0.4848927875243665,0.11538461538461539,BALANCED
2025-12-12,GBPUSD,Neutral,0.4349415204678363,-0.10416666666666669,0.5902777777777778,-0.05116959064327481,0.0,BALANCED
2025-12-12,USDJPY,Neutral,0.14985380116959068,-1.1458333333333333,-0.45138888888888884,1.7470760233918128,0.19230769230769232,BALANCED
2025-12-12,USDCHF,Bearish,-1.9905462184873948,0.20833333333333331,-1.1309523809523807,-1.0679271708683473,0.23076923076923078,n/a (not Neutral)
2025-12-12,USDCAD,Bearish,-2.2575536062378165,-2.1875,-0.3356481481481479,0.2655945419103314,0.07692307692307693,n/a (not Neutral)
2025-12-12,AUDUSD,Bullish,1.3218810916179335,0.6249999999999999,-0.32407407407407407,1.0209551656920077,0.07692307692307693,n/a (not Neutral)
2025-12-12,NZDUSD,Neutral,-0.047268907563025306,0.625,0.6547619047619047,-1.32703081232493,0.07692307692307693,BALANCED
2025-12-12,EURGBP,Bullish,1.4166666666666665,1.1458333333333333,-1.2384259259259258,1.509259259259259,0.13636363636363635,n/a (not Neutral)
2025-12-12,EURJPY,Neutral,0.4166666666666665,-0.10416666666666674,-1.099537037037037,1.6203703703703702,0.36363636363636365,BALANCED
2025-12-12,EURCHF,Neutral,-1.0258671369782482,1.25,-1.779100529100529,-0.4967666078777191,0.4090909090909091,BALANCED
2025-12-12,EURAUD,Neutral,-0.41666666666666663,0.4166666666666667,-0.32407407407407407,-0.5092592592592593,0.22727272727272727,BALANCED
2025-12-12,EURNZD,Neutral,0.323339212228101,0.41666666666666663,-1.302910052910053,1.2095825984714872,0.22727272727272727,BALANCED
2025-12-12,EURCAD,Bearish,-1.4166666666666665,-1.1458333333333333,-0.9837962962962961,0.7129629629629628,0.22727272727272727,n/a (not Neutral)
2025-12-12,GBPJPY,Neutral,0.5,-1.25,0.13888888888888884,1.6111111111111112,0.22727272727272727,BALANCED
2025-12-12,GBPCHF,Bearish,-1.4991181657848323,0.10416666666666663,-0.540674603174603,-1.062610229276896,0.2727272727272727,n/a (not Neutral)
2025-12-12,GBPAUD,Bearish,-1.3333333333333333,-0.7291666666666665,0.9143518518518519,-1.5185185185185186,0.09090909090909091,n/a (not Neutral)
2025-12-12,GBPNZD,Neutral,0.40564373897707234,-0.7291666666666666,-0.06448412698412698,1.199294532627866,0.09090909090909091,BALANCED
2025-12-12,GBPCAD,Bearish,-2.833333333333333,-2.2916666666666665,0.25462962962962976,-0.7962962962962963,0.09090909090909091,n/a (not Neutral)
2025-12-12,AUDJPY,Neutral,0.3333333333333335,-0.5208333333333335,-0.7754629629629628,1.6296296296296298,0.3181818181818182,BALANCED
2025-12-12,NZDJPY,Bullish,1.384479717813051,-0.5208333333333334,0.20337301587301593,1.7019400352733685,0.3181818181818182,n/a (not Neutral)
2025-12-12,CADJPY,Bullish,2.333333333333333,1.0416666666666665,-0.11574074074074092,1.4074074074074074,0.3181818181818182,n/a (not Neutral)
2025-12-12,CHFJPY,Neutral,1.0670194003527336,-1.3541666666666665,0.6795634920634919,1.7416225749559082,0.5,SILENT
2025-12-12,AUDNZD,Neutral,0.7965902410346855,-5.551115123125783e-17,-0.9788359788359788,1.7754262198706643,0.18181818181818182,BALANCED
2025-12-12,AUDCAD,Neutral,-0.9999999999999996,-1.5625,-0.6597222222222219,1.2222222222222223,0.18181818181818182,BALANCED
2025-12-12,AUDCHF,Neutral,0.0029394473838918593,0.8333333333333333,-1.455026455026455,0.6246325690770135,0.36363636363636365,BALANCED
2025-12-12,NZDCAD,Bearish,-2.7718988830099938,-1.5625,0.31911375661375696,-1.5285126396237507,0.18181818181818182,n/a (not Neutral)
2025-12-12,NZDCHF,Neutral,-0.9375,0.8333333333333333,-0.47619047619047605,-1.2946428571428572,0.36363636363636365,BALANCED
2025-12-12,CADCHF,Neutral,0.8671369782480892,2.395833333333333,-0.7953042328042328,-0.733392122281011,0.36363636363636365,BALANCED
2025-12-19,EURUSD,Bullish,2.616349902534113,2.395833333333333,-0.6481481481481479,0.8686647173489277,0.11538461538461539,n/a (not Neutral)
2025-12-19,GBPUSD,Bullish,1.480872319688109,0.7291666666666665,0.925925925925926,-0.1742202729044835,0.0,n/a (not Neutral)
2025-12-19,USDJPY,Neutral,-1.0617690058479534,-2.5,-0.45138888888888884,1.8896198830409354,0.19230769230769232,BALANCED
2025-12-19,USDCHF,Bearish,-2.2400210084033616,-0.3125,-0.8928571428571428,-1.0346638655462188,0.23076923076923078,n/a (not Neutral)
2025-12-19,USDCAD,Bearish,-2.7528021442495128,-2.9166666666666665,0.4282407407407409,-0.26437621832358715,0.07692307692307693,n/a (not Neutral)
2025-12-19,AUDUSD,Bullish,2.2849658869395713,1.9791666666666665,-0.6018518518518519,0.9076510721247566,0.07692307692307693,n/a (not Neutral)
2025-12-19,NZDUSD,Bullish,1.3051470588235294,2.1875,0.625,-1.5073529411764706,0.07692307692307693,n/a (not Neutral)
2025-12-19,EURGBP,Neutral,1.0833333333333333,1.6666666666666667,-1.5740740740740742,0.9907407407407406,0.13636363636363635,BALANCED
2025-12-19,EURJPY,Neutral,0.4166666666666665,-0.10416666666666674,-1.099537037037037,1.6203703703703702,0.36363636363636365,BALANCED
2025-12-19,EURCHF,Neutral,-0.07348618459729579,2.083333333333333,-1.5410052910052907,-0.615814226925338,0.4090909090909091,BALANCED
2025-12-19,EURAUD,Neutral,-0.16666666666666657,0.4166666666666667,-0.046296296296296224,-0.537037037037037,0.22727272727272727,BALANCED
2025-12-19,EURNZD,Neutral,0.720164609053498,0.20833333333333326,-1.2731481481481481,1.7849794238683128,0.22727272727272727,BALANCED
2025-12-19,EURCAD,Neutral,-0.16666666666666663,-0.5208333333333333,-0.21990740740740744,0.5740740740740741,0.22727272727272727,BALANCED
2025-12-19,GBPJPY,Neutral,0.3333333333333335,-1.7708333333333335,0.4745370370370372,1.6296296296296298,0.22727272727272727,BALANCED
2025-12-19,GBPCHF,Neutral,-0.15579071134626704,0.4166666666666665,0.03306878306878308,-0.6055261610817166,0.2727272727272727,BALANCED
2025-12-19,GBPAUD,Neutral,-1.25,-1.25,1.5277777777777777,-1.5277777777777777,0.09090909090909091,BALANCED
2025-12-19,GBPNZD,Neutral,0.08230452674897118,-1.4583333333333335,0.30092592592592604,1.2397119341563787,0.09090909090909091,BALANCED
2025-12-19,GBPCAD,Bearish,-2.25,-2.1875,1.3541666666666667,-1.4166666666666667,0.09090909090909091,n/a (not Neutral)
2025-12-19,AUDJPY,Neutral,0.08333333333333326,-0.5208333333333335,-1.0532407407407407,1.6574074074074074,0.3181818181818182,BALANCED
2025-12-19,NZDJPY,Bullish,1.5432098765432098,-0.3125,0.17361111111111116,1.6820987654320987,0.3181818181818182,n/a (not Neutral)
2025-12-19,CADJPY,Neutral,1.0833333333333333,0.4166666666666665,-0.8796296296296295,1.5462962962962963,0.3181818181818182,BALANCED
2025-12-19,CHFJPY,Neutral,0.11463844797178138,-2.1875,0.44146825396825395,1.8606701940035275,0.5,SILENT
2025-12-19,AUDNZD,Neutral,0.39094650205761294,-0.20833333333333343,-1.2268518518518519,1.8261316872427984,0.18181818181818182,BALANCED
2025-12-19,AUDCAD,Neutral,-0.5,-0.9375,-0.17361111111111116,0.6111111111111112,0.18181818181818182,BALANCED
2025-12-19,AUDCHF,Neutral,-0.4027042915931806,1.6666666666666665,-1.4947089947089947,-0.5746619635508524,0.36363636363636365,BALANCED
2025-12-19,NZDCAD,Bearish,-1.3786008230452673,-0.7291666666666665,1.0532407407407407,-1.7026748971193415,0.18181818181818182,n/a (not Neutral)
2025-12-19,NZDCHF,Neutral,0.78125,1.875,-0.2678571428571428,-0.8258928571428572,0.36363636363636365,BALANCED
2025-12-19,CADCHF,Neutral,0.5849500293944736,2.6041666666666665,-1.3210978835978837,-0.6981187536743092,0.36363636363636365,BALANCED
2025-12-26,EURUSD,Bullish,2.0571393762183234,1.7708333333333333,-0.6481481481481481,0.9344541910331383,0.11538461538461539,n/a (not Neutral)
2025-12-26,GBPUSD,Bullish,1.8207846003898633,0.8854166666666665,0.5613425925925926,0.37402534113060426,0.0,n/a (not Neutral)
2025-12-26,USDJPY,Neutral,-0.75109649122807,-2.1875,-0.4166666666666665,1.8530701754385965,0.19230769230769232,BALANCED
2025-12-26,USDCHF,Bearish,-1.6885504201680672,0.3125,-0.8928571428571429,-1.1081932773109244,0.23076923076923078,n/a (not Neutral)
2025-12-26,USDCAD,Bearish,-2.554215399610136,-2.3958333333333335,0.7175925925925926,-0.8759746588693953,0.07692307692307693,n/a (not Neutral)
2025-12-26,AUDUSD,Bullish,1.7257553606237817,1.3541666666666665,-0.6018518518518519,0.973440545808967,0.07692307692307693,n/a (not Neutral)
2025-12-26,NZDUSD,Bullish,1.6570378151260503,1.5625,0.9821428571428572,-0.8876050420168069,0.07692307692307693,n/a (not Neutral)
2025-12-26,EURGBP,Neutral,0.20833333333333337,0.8854166666666667,-1.209490740740741,0.5324074074074074,0.13636363636363635,BALANCED
2025-12-26,EURJPY,Neutral,0.16666666666666674,-0.41666666666666674,-1.0648148148148147,1.6481481481481481,0.36363636363636365,BALANCED
2025-12-26,EURCHF,Neutral,-0.6290417401528514,2.083333333333333,-1.5410052910052907,-1.1713697824808937,0.4090909090909091,BALANCED
2025-12-26,EURAUD,Neutral,-0.6666666666666665,0.4166666666666667,-0.046296296296296224,-1.037037037037037,0.22727272727272727,BALANCED
2025-12-26,EURNZD,Neutral,-0.7084068195179307,0.20833333333333326,-1.6302910052910053,0.7135508524397414,0.22727272727272727,BALANCED
2025-12-26,EURCAD,Neutral,-0.5000000000000001,-0.6250000000000002,0.06944444444444453,0.05555555555555558,0.22727272727272727,BALANCED
2025-12-26,GBPJPY,Neutral,0.45833333333333326,-1.3020833333333335,0.14467592592592604,1.6157407407407407,0.22727272727272727,BALANCED
2025-12-26,GBPCHF,Neutral,0.21457965902410336,1.1979166666666665,-0.33151455026455023,-0.6518224573780129,0.2727272727272727,BALANCED
2025-12-26,GBPAUD,Neutral,-0.875,-0.46875,1.1631944444444444,-1.5694444444444444,0.09090909090909091,BALANCED
2025-12-26,GBPNZD,Neutral,-0.42034097589653163,-0.6770833333333335,-0.42080026455026465,0.6775426219870665,0.09090909090909091,BALANCED
2025-12-26,GBPCAD,Bearish,-1.7083333333333335,-1.510416666666667,1.2789351851851853,-1.4768518518518519,0.09090909090909091,n/a (not Neutral)
2025-12-26,AUDJPY,Neutral,-0.16666666666666652,-0.8333333333333335,-1.0185185185185184,1.6851851851851853,0.3181818181818182,BALANCED
2025-12-26,NZDJPY,Bullish,1.613756613756614,-0.625,0.5654761904761907,1.6732804232804233,0.3181818181818182,n/a (not Neutral)
2025-12-26,CADJPY,Neutral,0.6666666666666667,0.20833333333333348,-1.134259259259259,1.5925925925925926,0.3181818181818182,BALANCED
2025-12-26,CHFJPY,Neutral,-0.1322751322751323,-2.5,0.4761904761904763,1.8915343915343914,0.5,SILENT
2025-12-26,AUDNZD,Neutral,0.07348618459729561,-0.20833333333333343,-1.583994708994709,1.8658142269253382,0.18181818181818182,BALANCED
2025-12-26,AUDCAD,Neutral,0.16666666666666663,-1.041666666666667,0.11574074074074092,1.0925925925925926,0.18181818181818182,BALANCED
2025-12-26,AUDCHF,Neutral,0.7084068195179305,1.6666666666666665,-1.4947089947089947,0.5364491475602586,0.36363636363636365,BALANCED
2025-12-26,NZDCAD,Neutral,-0.8965314520870077,-0.8333333333333335,1.6997354497354498,-1.762933568489124,0.18181818181818182,BALANCED
2025-12-26,NZDCHF,Neutral,1.0937500000000002,1.875,0.08928571428571441,-0.8705357142857142,0.36363636363636365,BALANCED
2025-12-26,CADCHF,Neutral,0.4203409758965315,2.7083333333333335,-1.6104497354497356,-0.6775426219870664,0.36363636363636365,BALANCED
2026-01-02,EURUSD,Bullish,1.9639376218323585,1.6666666666666665,-0.6481481481481481,0.9454191033138402,0.11538461538461539,n/a (not Neutral)
2026-01-02,GBPUSD,Bullish,1.479044834307992,0.7812499999999998,0.2835648148148149,0.4142300194931774,0.0,n/a (not Neutral)
2026-01-02,USDJPY,Neutral,-0.9064327485380118,-2.083333333333333,-0.6944444444444446,1.871345029239766,0.19230769230769232,BALANCED
2026-01-02,USDCHF,Bearish,-1.596638655462185,0.41666666666666674,-0.8928571428571429,-1.1204481792717087,0.23076923076923078,n/a (not Neutral)
2026-01-02,USDCAD,Bearish,-1.9639376218323585,-1.6666666666666665,0.6481481481481481,-0.9454191033138402,0.07692307692307693,n/a (not Neutral)
2026-01-02,AUDUSD,Bullish,2.1588693957115006,1.2499999999999998,-0.6018518518518519,1.5107212475633527,0.07692307692307693,n/a (not Neutral)
2026-01-02,NZDUSD,Neutral,1.2499999999999998,1.4583333333333333,0.6249999999999998,-0.8333333333333333,0.07692307692307693,BALANCED
2026-01-02,EURGBP,Neutral,0.45833333333333337,0.8854166666666667,-0.931712962962963,0.5046296296296297,0.13636363636363635,BALANCED
2026-01-02,EURJPY,Neutral,-0.08333333333333348,-0.41666666666666674,-1.3425925925925926,1.6759259259259258,0.36363636363636365,BALANCED
2026-01-02,EURCHF,Neutral,-0.6290417401528514,2.083333333333333,-1.5410052910052907,-1.1713697824808937,0.4090909090909091,BALANCED
2026-01-02,EURAUD,Neutral,-1.1666666666666665,0.4166666666666667,-0.046296296296296224,-1.537037037037037,0.22727272727272727,BALANCED
2026-01-02,EURNZD,Neutral,-0.39094650205761317,0.20833333333333326,-1.2731481481481481,0.6738683127572017,0.22727272727272727,BALANCED
2026-01-02,EURCAD,Neutral,0.0,0.0,0.0,0.0,0.22727272727272727,BALANCED
2026-01-02,GBPJPY,Neutral,-0.04166666666666674,-1.3020833333333335,-0.41087962962962954,1.6712962962962963,0.22727272727272727,BALANCED
2026-01-02,GBPCHF,Neutral,-0.0323339212228102,1.1979166666666665,-0.609292328042328,-0.6209582598471487,0.2727272727272727,BALANCED
2026-01-02,GBPAUD,Neutral,-1.125,-0.46875,0.8854166666666667,-1.5416666666666667,0.09090909090909091,BALANCED
2026-01-02,GBPNZD,Neutral,0.2057613168724279,-0.6770833333333335,-0.3414351851851851,1.2242798353909465,0.09090909090909091,BALANCED
2026-01-02,GBPCAD,Neutral,-0.9583333333333334,-0.8854166666666667,0.931712962962963,-1.0046296296296295,0.09090909090909091,BALANCED
2026-01-02,AUDJPY,Neutral,-0.41666666666666674,-0.8333333333333335,-1.2962962962962963,1.712962962962963,0.3181818181818182,BALANCED
2026-01-02,NZDJPY,Neutral,1.0493827160493827,-0.625,-0.06944444444444442,1.7438271604938271,0.3181818181818182,BALANCED
2026-01-02,CADJPY,Neutral,-0.08333333333333348,-0.41666666666666674,-1.3425925925925926,1.6759259259259258,0.3181818181818182,BALANCED
2026-01-02,CHFJPY,Neutral,-0.3791887125220458,-2.5,0.1984126984126986,1.9223985890652555,0.5,SILENT
2026-01-02,AUDNZD,Neutral,0.39094650205761294,-0.20833333333333343,-1.2268518518518519,1.8261316872427984,0.18181818181818182,BALANCED
2026-01-02,AUDCAD,Neutral,0.6666666666666665,-0.4166666666666667,0.046296296296296224,1.037037037037037,0.18181818181818182,BALANCED
2026-01-02,AUDCHF,Neutral,1.263962375073486,1.6666666666666665,-1.4947089947089947,1.0920047031158142,0.36363636363636365,BALANCED
2026-01-02,NZDCAD,Neutral,-0.720164609053498,-0.20833333333333326,1.2731481481481481,-1.7849794238683128,0.18181818181818182,BALANCED
2026-01-02,NZDCHF,Neutral,0.15625,1.875,-0.2678571428571428,-1.4508928571428572,0.36363636363636365,BALANCED
2026-01-02,CADCHF,Neutral,0.48206937095825975,2.083333333333333,-1.5410052910052907,-0.06025867136978247,0.36363636363636365,BALANCED
2026-01-09,EURUSD,Bullish,1.6325536062378168,1.2500000000000002,-0.6018518518518519,0.9844054580896684,0.11538461538461539,n/a (not Neutral)
2026-01-09,GBPUSD,Neutral,0.3606237816764133,-0.625,0.4398148148148149,0.5458089668615984,0.0,BALANCED
2026-01-09,USDJPY,Neutral,0.08771929824561396,-0.8333333333333335,-0.8333333333333333,1.7543859649122806,0.19230769230769232,BALANCED
2026-01-09,USDCHF,Neutral,-0.9033613445378152,0.9722222222222221,-1.3293650793650795,-0.5462184873949578,0.19230769230769232,BALANCED
2026-01-09,USDCAD,Neutral,0.6091617933723197,-0.41666666666666674,0.5092592592592593,0.5165692007797271,0.07692307692307693,BALANCED
2026-01-09,AUDUSD,Neutral,0.8333333333333337,-0.4166666666666665,-0.4166666666666665,1.6666666666666667,0.07692307692307693,BALANCED
2026-01-09,NZDUSD,Neutral,0.6617647058823529,1.4583333333333335,0.625,-1.4215686274509807,0.07692307692307693,BALANCED
2026-01-09,EURGBP,Neutral,1.25,1.8750000000000002,-1.0416666666666667,0.4166666666666665,0.13636363636363635,BALANCED
2026-01-09,EURJPY,Neutral,0.5833333333333335,0.41666666666666674,-1.4351851851851851,1.6018518518518519,0.36363636363636365,BALANCED
2026-01-09,EURCHF,Neutral,-0.29688418577307474,2.2222222222222223,-1.9312169312169314,-0.5878894767783657,0.36363636363636365,BALANCED
2026-01-09,EURAUD,Neutral,-0.16666666666666674,1.6666666666666667,-0.18518518518518534,-1.6481481481481481,0.22727272727272727,BALANCED
2026-01-09,EURNZD,Neutral,-0.720164609053498,-0.20833333333333326,-1.2268518518518519,0.7150205761316871,0.22727272727272727,BALANCED
2026-01-09,EURCAD,Neutral,0.6666666666666667,0.8333333333333335,-0.09259259259259256,-0.07407407407407418,0.22727272727272727,BALANCED
2026-01-09,GBPJPY,Neutral,-0.16666666666666652,-1.4583333333333335,-0.3935185185185184,1.6851851851851853,0.22727272727272727,BALANCED
2026-01-09,GBPCHF,Neutral,-1.0376249265138155,0.3472222222222221,-0.8895502645502646,-0.495296884185773,0.22727272727272727,BALANCED
2026-01-09,GBPAUD,Neutral,-0.9166666666666669,-0.20833333333333348,0.8564814814814814,-1.5648148148148149,0.09090909090909091,BALANCED
2026-01-09,GBPNZD,Neutral,-0.9053497942386832,-2.0833333333333335,-0.18518518518518512,1.3631687242798354,0.09090909090909091,BALANCED
2026-01-09,GBPCAD,Neutral,-0.0833333333333333,-1.0416666666666667,0.9490740740740742,0.009259259259259259,0.09090909090909091,BALANCED
2026-01-09,AUDJPY,Neutral,-0.75,-1.25,-1.25,1.75,0.3181818181818182,BALANCED
2026-01-09,NZDJPY,Bullish,2.037037037037037,0.625,-0.20833333333333326,1.6203703703703705,0.3181818181818182,n/a (not Neutral)
2026-01-09,CADJPY,Neutral,-0.08333333333333348,-0.41666666666666674,-1.3425925925925926,1.6759259259259258,0.3181818181818182,BALANCED
2026-01-09,CHFJPY,Neutral,0.5026455026455028,-1.8055555555555556,0.49603174603174627,1.812169312169312,0.45454545454545453,BALANCED
2026-01-09,AUDNZD,Neutral,-0.9259259259259256,-1.875,-1.0416666666666665,1.990740740740741,0.18181818181818182,BALANCED
2026-01-09,AUDCAD,Neutral,0.3333333333333336,-0.8333333333333333,0.09259259259259278,1.074074074074074,0.18181818181818182,BALANCED
2026-01-09,AUDCHF,Neutral,0.6084656084656085,0.5555555555555556,-1.746031746031746,1.798941798941799,0.3181818181818182,BALANCED
2026-01-09,NZDCAD,Neutral,0.8230452674897121,1.0416666666666667,1.1342592592592593,-1.3528806584362139,0.18181818181818182,BALANCED
2026-01-09,NZDCHF,Neutral,0.8854166666666665,2.4305555555555554,-0.7043650793650793,-0.8407738095238095,0.3181818181818182,BALANCED
2026-01-09,CADCHF,Neutral,-0.3997648442092888,1.3888888888888888,-1.8386243386243388,0.049970605526161116,0.3181818181818182,BALANCED
2026-01-16,EURUSD,Neutral,0.23452729044834308,-0.3125,-0.6018518518518519,1.148879142300195,0.11538461538461539,BALANCED
2026-01-16,GBPUSD,Neutral,-0.8181042884990254,-0.9375000000000001,0.02314814814814814,0.09624756335282658,0.0,BALANCED
2026-01-16,USDJPY,Neutral,1.2372076023391814,0.10416666666666674,-0.48611111111111116,1.6191520467836258,0.19230769230769232,BALANCED
2026-01-16,USDCHF,Neutral,0.7904411764705882,2.5347222222222223,-0.9722222222222223,-0.7720588235294118,0.19230769230769232,BALANCED
2026-01-16,USDCAD,Bullish,1.758650097465887,0.8333333333333335,0.5439814814814814,0.3813352826510721,0.07692307692307693,n/a (not Neutral)
2026-01-16,AUDUSD,Neutral,-0.8132309941520466,-1.9791666666666667,-0.6944444444444444,1.8603801169590646,0.07692307692307693,BALANCED
2026-01-16,NZDUSD,Neutral,-0.12867647058823536,-0.10416666666666674,0.625,-0.6495098039215687,0.07692307692307693,BALANCED
2026-01-16,EURGBP,Neutral,0.5,0.6250000000000001,-0.625,0.49999999999999994,0.13636363636363635,BALANCED
2026-01-16,EURJPY,Neutral,0.3333333333333335,-0.20833333333333326,-1.087962962962963,1.6296296296296298,0.36363636363636365,BALANCED
2026-01-16,EURCHF,Neutral,0.020576131687242767,2.2222222222222223,-1.5740740740740742,-0.6275720164609053,0.36363636363636365,BALANCED
2026-01-16,EURAUD,Neutral,0.08333333333333348,1.6666666666666667,0.09259259259259256,-1.6759259259259258,0.22727272727272727,BALANCED
2026-01-16,EURNZD,Neutral,-0.720164609053498,-0.20833333333333326,-1.2268518518518519,0.7150205761316871,0.22727272727272727,BALANCED
2026-01-16,EURCAD,Neutral,0.41666666666666685,0.5208333333333335,-0.05787037037037035,-0.04629629629629628,0.22727272727272727,BALANCED
2026-01-16,GBPJPY,Neutral,0.3333333333333335,-0.8333333333333334,-0.4629629629629629,1.6296296296296298,0.22727272727272727,BALANCED
2026-01-16,GBPCHF,Neutral,0.020576131687242642,1.5972222222222223,-0.9490740740740743,-0.6275720164609054,0.22727272727272727,BALANCED
2026-01-16,GBPAUD,Neutral,0.08333333333333348,1.0416666666666665,0.7175925925925928,-1.6759259259259258,0.09090909090909091,BALANCED
2026-01-16,GBPNZD,Neutral,-0.16460905349794236,-0.8333333333333334,-0.6018518518518517,1.2705761316872428,0.09090909090909091,BALANCED
2026-01-16,GBPCAD,Neutral,0.9166666666666667,-0.10416666666666669,0.5671296296296298,0.4537037037037037,0.09090909090909091,BALANCED
2026-01-16,AUDJPY,Neutral,-1.2499999999999996,-1.875,-1.1805555555555554,1.8055555555555558,0.3181818181818182,BALANCED
2026-01-16,NZDJPY,Bullish,1.7901234567901236,0.0,0.13888888888888884,1.6512345679012348,0.3181818181818182,n/a (not Neutral)
2026-01-16,CADJPY,Neutral,-0.0833333333333337,-0.7291666666666667,-1.0300925925925928,1.6759259259259258,0.3181818181818182,BALANCED
2026-01-16,CHFJPY,Neutral,-0.061728395061728426,-2.4305555555555554,0.48611111111111094,1.882716049382716,0.45454545454545453,BALANCED
2026-01-16,AUDNZD,Neutral,-1.1728395061728398,-1.875,-1.3194444444444446,2.021604938271605,0.18181818181818182,BALANCED
2026-01-16,AUDCAD,Neutral,0.3333333333333335,-1.1458333333333333,-0.15046296296296302,1.6296296296296298,0.18181818181818182,BALANCED
2026-01-16,AUDCHF,Neutral,0.6790123456790123,0.5555555555555556,-1.6666666666666667,1.7901234567901234,0.3181818181818182,BALANCED
2026-01-16,NZDCAD,Neutral,0.5761316872427984,0.7291666666666667,1.1689814814814816,-1.32201646090535,0.18181818181818182,BALANCED
2026-01-16,NZDCHF,Neutral,1.1979166666666665,2.4305555555555554,-0.3472222222222223,-0.8854166666666665,0.3181818181818182,BALANCED
2026-01-16,CADCHF,Neutral,0.16460905349794222,1.7013888888888888,-1.5162037037037037,-0.020576131687242788,0.3181818181818182,BALANCED
2026-01-23,EURUSD,Neutral,0.6521076998050683,-0.9895833333333333,-0.04629629629629628,1.6879873294346979,0.11538461538461539,BALANCED
2026-01-23,GBPUSD,Neutral,-0.45413011695906413,-1.40625,-0.2777777777777777,1.2298976608187135,0.0,BALANCED
2026-01-23,USDJPY,Bullish,1.316703216374269,0.78125,-0.48611111111111116,1.02156432748538,0.19230769230769232,n/a (not Neutral)
2026-01-23,USDCHF,Neutral,-0.14574579831932777,1.9618055555555556,-0.7936507936507937,-1.3139005602240896,0.19230769230769232,BALANCED
2026-01-23,USDCAD,Bullish,1.3654361598440548,1.9270833333333333,0.775462962962963,-1.3371101364522415,0.07692307692307693,n/a (not Neutral)
2026-01-23,AUDUSD,Neutral,-0.2591983430799219,-1.1979166666666665,-0.8564814814814814,1.795199805068226,0.0,BALANCED
2026-01-23,NZDUSD,Neutral,0.7234768907563026,-1.1979166666666667,0.6845238095238096,1.2368697478991597,0.07692307692307693,BALANCED
2026-01-23,EURGBP,Neutral,0.5833333333333333,0.41666666666666674,0.2314814814814814,-0.06481481481481488,0.13636363636363635,BALANCED
2026-01-23,EURJPY,Neutral,0.8333333333333335,-0.20833333333333326,-0.5324074074074074,1.5740740740740742,0.36363636363636365,BALANCED
2026-01-23,EURCHF,Neutral,-0.993533215755438,0.9722222222222223,-0.83994708994709,-1.1258083480305703,0.36363636363636365,BALANCED
2026-01-23,EURAUD,Neutral,-0.5833333333333333,0.20833333333333337,0.8101851851851852,-1.6018518518518519,0.13636363636363635,BALANCED
2026-01-23,EURNZD,Neutral,0.09112286890064665,0.20833333333333343,-0.730820105820106,0.6136096413874192,0.22727272727272727,BALANCED
2026-01-23,EURCAD,Bullish,2.0,0.9375,0.7291666666666667,0.33333333333333326,0.22727272727272727,n/a (not Neutral)
2026-01-23,GBPJPY,Neutral,0.25,-0.625,-0.7638888888888888,1.6388888888888888,0.22727272727272727,BALANCED
2026-01-23,GBPCHF,Neutral,-1.0141093474426808,0.5555555555555556,-1.0714285714285716,-0.49823633156966485,0.22727272727272727,BALANCED
2026-01-23,GBPAUD,Neutral,-1.1666666666666667,-0.20833333333333337,0.5787037037037037,-1.5370370370370372,0.0,BALANCED
2026-01-23,GBPNZD,Neutral,-0.48500881834215165,-0.20833333333333331,-0.9623015873015874,0.685626102292769,0.09090909090909091,BALANCED
2026-01-23,GBPCAD,Bullish,1.4166666666666665,0.5208333333333333,0.49768518518518534,0.3981481481481479,0.09090909090909091,n/a (not Neutral)
2026-01-23,AUDJPY,Neutral,-0.08333333333333348,-0.41666666666666663,-1.3425925925925926,1.6759259259259258,0.22727272727272727,BALANCED
2026-01-23,NZDJPY,Bullish,1.472663139329806,-0.4166666666666667,0.19841269841269843,1.6909171075837741,0.3181818181818182,n/a (not Neutral)
2026-01-23,CADJPY,Neutral,-0.666666666666667,-1.1458333333333333,-1.2615740740740742,1.7407407407407405,0.3181818181818182,BALANCED
2026-01-23,CHFJPY,Neutral,0.8906525573192241,-1.1805555555555556,0.30753968253968256,1.7636684303350971,0.45454545454545453,BALANCED
2026-01-23,AUDNZD,Neutral,0.2968841857730744,5.551115123125783e-17,-1.5410052910052912,1.8378894767783656,0.09090909090909091,BALANCED
2026-01-23,AUDCAD,Bullish,2.083333333333333,0.7291666666666666,-0.08101851851851849,1.435185185185185,0.09090909090909091,n/a (not Neutral)
2026-01-23,AUDCHF,Neutral,0.8788947677836566,0.763888888888889,-1.6501322751322753,1.765138154027043,0.22727272727272727,BALANCED
2026-01-23,NZDCAD,Bullish,2.5014697236919456,0.7291666666666665,1.4599867724867726,0.31231628453850657,0.18181818181818182,n/a (not Neutral)
2026-01-23,NZDCHF,Neutral,-0.05208333333333329,0.7638888888888888,-0.10912698412698407,-0.706845238095238,0.3181818181818182,BALANCED
2026-01-23,CADCHF,Bearish,-2.4750146972369196,0.03472222222222232,-1.5691137566137567,-0.9406231628453852,0.3181818181818182,n/a (not Neutral)
2026-01-30,EURUSD,Neutral,0.9938474658869395,0.20833333333333337,-0.8622685185185186,1.6477826510721247,0.038461538461538464,BALANCED
2026-01-30,GBPUSD,Neutral,0.7574926900584795,-0.05208333333333332,-0.2777777777777778,1.0873538011695907,0.0,BALANCED
2026-01-30,USDJPY,Neutral,0.1050804093567251,-0.5729166666666666,-0.48611111111111127,1.164108187134503,0.15384615384615385,BALANCED
2026-01-30,USDCHF,Bearish,-1.3405987394957983,0.607638888888889,-0.7936507936507937,-1.1545868347338935,0.19230769230769232,n/a (not Neutral)
2026-01-30,USDCAD,Neutral,-0.6210404483430801,0.5729166666666666,0.497685185185185,-1.691642300194932,0.07692307692307693,BALANCED
2026-01-30,AUDUSD,Bullish,2.029422514619883,1.1979166666666667,-0.6944444444444445,1.5259502923976607,0.0,n/a (not Neutral)
2026-01-30,NZDUSD,Bullish,1.6032037815126052,0.15625,0.3273809523809524,1.119572829131653,0.07692307692307693,n/a (not Neutral)
2026-01-30,EURGBP,Neutral,-0.29166666666666663,0.2604166666666667,-0.5844907407407407,0.03240740740740744,0.045454545454545456,BALANCED
2026-01-30,EURJPY,Neutral,-0.04166666666666674,-0.3645833333333333,-1.3483796296296298,1.6712962962962963,0.22727272727272727,BALANCED
2026-01-30,EURCHF,Bearish,-1.8577307466196358,0.8159722222222223,-1.6559193121693123,-1.0177836566725458,0.2727272727272727,n/a (not Neutral)
2026-01-30,EURAUD,Bearish,-2.541666666666667,-0.9895833333333333,-0.16782407407407418,-1.3842592592592595,0.045454545454545456,n/a (not Neutral)
2026-01-30,EURNZD,Bearish,-2.1222810111699,0.05208333333333337,-1.1896494708994712,-0.9847148736037625,0.13636363636363635,n/a (not Neutral)
2026-01-30,EURCAD,Neutral,0.8749999999999998,0.78125,-0.3645833333333335,0.45833333333333326,0.13636363636363635,BALANCED
2026-01-30,GBPJPY,Neutral,0.25,-0.625,-0.7638888888888888,1.6388888888888888,0.18181818181818182,BALANCED
2026-01-30,GBPCHF,Neutral,-1.0141093474426808,0.5555555555555556,-1.0714285714285716,-0.49823633156966485,0.22727272727272727,BALANCED
2026-01-30,GBPAUD,Bearish,-2.25,-1.25,0.41666666666666663,-1.4166666666666665,0.0,n/a (not Neutral)
2026-01-30,GBPNZD,Neutral,-1.2786596119929452,-0.20833333333333331,-0.6051587301587302,-0.4651675485008817,0.09090909090909091,BALANCED
2026-01-30,GBPCAD,Bullish,1.6666666666666665,0.5208333333333333,0.21990740740740733,0.9259259259259259,0.09090909090909091,n/a (not Neutral)
2026-01-30,AUDJPY,Neutral,1.0,0.625,-1.1805555555555556,1.5555555555555556,0.18181818181818182,BALANCED
2026-01-30,NZDJPY,Neutral,1.1552028218694883,-0.4166666666666667,-0.15873015873015878,1.7305996472663137,0.2727272727272727,BALANCED
2026-01-30,CADJPY,Neutral,-0.41666666666666674,-1.1458333333333333,-0.9837962962962965,1.712962962962963,0.2727272727272727,BALANCED
2026-01-30,CHFJPY,Neutral,0.8906525573192241,-1.1805555555555556,0.30753968253968256,1.7636684303350971,0.4090909090909091,BALANCED
2026-01-30,AUDNZD,Bullish,1.6843033509700176,1.0416666666666667,-1.0218253968253967,1.6644620811287476,0.09090909090909091,n/a (not Neutral)
2026-01-30,AUDCAD,Bullish,2.916666666666666,1.7708333333333333,-0.1967592592592593,1.3425925925925921,0.09090909090909091,n/a (not Neutral)
2026-01-30,AUDCHF,Bullish,1.948853615520282,1.8055555555555556,-1.4880952380952381,1.6313932980599646,0.22727272727272727,n/a (not Neutral)
2026-01-30,NZDCAD,Bullish,1.9370958259847149,0.7291666666666665,0.8250661375661377,0.38286302175191067,0.18181818181818182,n/a (not Neutral)
2026-01-30,NZDCHF,Neutral,-0.3645833333333334,0.7638888888888888,-0.4662698412698413,-0.6622023809523809,0.3181818181818182,BALANCED
2026-01-30,CADCHF,Bearish,-2.228101116990006,0.03472222222222232,-1.2913359788359788,-0.9714873603762493,0.3181818181818182,n/a (not Neutral)
2026-02-06,EURUSD,Neutral,0.6055068226120857,-0.26041666666666663,-0.8275462962962964,1.6934697855750487,0.038461538461538464,BALANCED
2026-02-06,GBPUSD,Neutral,1.1440058479532165,0.10416666666666669,-0.5902777777777778,1.6301169590643276,0.0,BALANCED
2026-02-06,USDJPY,Neutral,1.019736842105263,-0.4166666666666667,-0.20833333333333331,1.644736842105263,0.15384615384615385,BALANCED
2026-02-06,USDCHF,Bearish,-2.2111344537815123,0.20833333333333331,-0.7142857142857142,-1.7051820728291314,0.19230769230769232,n/a (not Neutral)
2026-02-06,USDCAD,Neutral,-0.4812378167641327,0.7291666666666665,0.4976851851851851,-1.7080896686159843,0.07692307692307693,BALANCED
2026-02-06,AUDUSD,Bullish,1.8896198830409356,1.0416666666666667,-0.6944444444444444,1.5423976608187133,0.0,n/a (not Neutral)
2026-02-06,NZDUSD,Neutral,0.7300420168067228,-0.5555555555555555,0.04960317460317454,1.2359943977591037,0.07692307692307693,BALANCED
2026-02-06,EURGBP,Neutral,-0.5416666666666667,-0.36458333333333326,-0.2372685185185186,0.06018518518518512,0.045454545454545456,BALANCED
2026-02-06,EURJPY,Neutral,-0.04166666666666652,-0.6770833333333333,-1.0358796296296295,1.6712962962962963,0.22727272727272727,BALANCED
2026-02-06,EURCHF,Bearish,-2.527924750146972,-0.05208333333333329,-1.5418320105820105,-0.9340094062316284,0.2727272727272727,n/a (not Neutral)
2026-02-06,EURAUD,Bearish,-2.791666666666667,-1.3020833333333333,-0.13310185185185186,-1.3564814814814818,0.045454545454545456,n/a (not Neutral)
2026-02-06,EURNZD,Bearish,-1.6284538506760728,0.29513888888888884,-0.8771494708994709,-1.0464432686654908,0.13636363636363635,n/a (not Neutral)
2026-02-06,EURCAD,Neutral,0.6249999999999999,0.46875,-0.32986111111111127,0.48611111111111116,0.13636363636363635,BALANCED
2026-02-06,GBPJPY,Neutral,0.5,-0.3125,-0.7986111111111112,1.6111111111111112,0.18181818181818182,BALANCED
2026-02-06,GBPCHF,Bearish,-1.9929453262786594,0.3125,-1.304563492063492,-1.0008818342151673,0.22727272727272727,n/a (not Neutral)
2026-02-06,GBPAUD,Bearish,-2.25,-0.9375,0.10416666666666663,-1.4166666666666665,0.0,n/a (not Neutral)
2026-02-06,GBPNZD,Neutral,-0.5379188712522045,0.6597222222222221,-0.6398809523809523,-0.5577601410934743,0.09090909090909091,BALANCED
2026-02-06,GBPCAD,Bullish,1.6666666666666665,0.8333333333333333,-0.09259259259259267,0.9259259259259259,0.09090909090909091,n/a (not Neutral)
2026-02-06,AUDJPY,Neutral,1.25,0.625,-0.9027777777777777,1.5277777777777777,0.18181818181818182,BALANCED
2026-02-06,NZDJPY,Neutral,0.6613756613756614,-0.9722222222222221,-0.15873015873015883,1.7923280423280423,0.2727272727272727,BALANCED
2026-02-06,CADJPY,Neutral,-0.16666666666666652,-1.1458333333333333,-0.7060185185185184,1.6851851851851851,0.2727272727272727,BALANCED
2026-02-06,CHFJPY,Bullish,1.5608465608465607,-0.625,0.5059523809523809,1.6798941798941798,0.4090909090909091,n/a (not Neutral)
2026-02-06,AUDNZD,Bullish,2.4250440917107587,1.597222222222222,-0.7440476190476188,1.5718694885361555,0.09090909090909091,n/a (not Neutral)
2026-02-06,AUDCAD,Bullish,2.916666666666666,1.7708333333333333,-0.1967592592592593,1.3425925925925921,0.09090909090909091,n/a (not Neutral)
2026-02-06,AUDCHF,Bullish,1.5255731922398588,1.25,-1.4087301587301586,1.6843033509700174,0.22727272727272727,n/a (not Neutral)
2026-02-06,NZDCAD,Bullish,1.7519106407995295,0.1736111111111111,0.5472883597883595,1.0310111699000588,0.18181818181818182,n/a (not Neutral)
2026-02-06,NZDCHF,Neutral,-0.8854166666666667,-0.34722222222222215,-0.6646825396825398,0.12648809523809512,0.3181818181818182,BALANCED
2026-02-06,CADCHF,Bearish,-2.651381540270429,-0.5208333333333333,-1.2119708994708993,-0.9185773074661965,0.3181818181818182,n/a (not Neutral)
2026-02-13,EURUSD,Neutral,0.9627802144249514,-0.20833333333333326,-0.48032407407407396,1.6514376218323585,0.038461538461538464,BALANCED
2026-02-13,GBPUSD,Bullish,1.7498172514619883,0.46875,-0.2777777777777778,1.558845029239766,0.0,n/a (not Neutral)
2026-02-13,USDJPY,Bearish,-1.6328581871345031,-1.71875,-0.6944444444444446,0.7803362573099415,0.15384615384615385,n/a (not Neutral)
2026-02-13,USDCHF,Very Bearish,-4.06906512605042,-2.1354166666666665,-0.4761904761904763,-1.4574579831932772,0.19230769230769232,n/a (not Neutral)
2026-02-13,USDCAD,Bearish,-1.8326632553606237,-0.8854166666666667,0.6018518518518519,-1.5490984405458088,0.07692307692307693,n/a (not Neutral)
2026-02-13,AUDUSD,Bullish,2.495431286549708,1.71875,-0.6944444444444444,1.4711257309941523,0.0,n/a (not Neutral)
2026-02-13,NZDUSD,Bullish,1.3274684873949583,0.12152777777777785,0.04960317460317454,1.156337535014006,0.07692307692307693,n/a (not Neutral)
2026-02-13,EURGBP,Neutral,-0.7916666666666663,-0.6770833333333333,-0.20254629629629617,0.08796296296296313,0.045454545454545456,BALANCED
2026-02-13,EURJPY,Bearish,-1.7916666666666665,-1.9270833333333333,-1.1747685185185184,1.3101851851851851,0.22727272727272727,n/a (not Neutral)
2026-02-13,EURCHF,Very Bearish,-4.6002351557907115,-2.34375,-0.9565145502645498,-1.2999706055261617,0.2727272727272727,n/a (not Neutral)
2026-02-13,EURAUD,Very Bearish,-3.0416666666666665,-1.9270833333333333,0.21412037037037046,-1.3287037037037037,0.045454545454545456,n/a (not Neutral)
2026-02-13,EURNZD,Bearish,-1.8753674309229862,-0.3298611111111111,-0.5299272486772484,-1.0155790711346266,0.13636363636363635,n/a (not Neutral)
2026-02-13,EURCAD,Neutral,0.1250000000000001,-1.09375,0.1215277777777779,1.0972222222222223,0.13636363636363635,BALANCED
2026-02-13,GBPJPY,Neutral,-1.0,-1.25,-0.9722222222222223,1.2222222222222223,0.18181818181818182,BALANCED
2026-02-13,GBPCHF,Very Bearish,-3.262786596119929,-1.6666666666666665,-0.753968253968254,-0.8421516754850087,0.22727272727272727,n/a (not Neutral)
2026-02-13,GBPAUD,Bearish,-2.25,-1.25,0.41666666666666663,-1.4166666666666665,0.0,n/a (not Neutral)
2026-02-13,GBPNZD,Neutral,-1.0934744268077603,0.34722222222222215,-0.32738095238095233,-1.11331569664903,0.09090909090909091,BALANCED
2026-02-13,GBPCAD,Neutral,0.9166666666666666,-0.41666666666666674,0.32407407407407407,1.0092592592592593,0.09090909090909091,BALANCED
2026-02-13,AUDJPY,Neutral,0.25,0.0,-1.3888888888888888,1.6388888888888888,0.18181818181818182,BALANCED
2026-02-13,NZDJPY,Neutral,-0.326278659611993,-1.597222222222222,-0.64484126984127,1.9157848324514992,0.2727272727272727,BALANCED
2026-02-13,CADJPY,Neutral,-0.9166666666666667,-0.8333333333333333,-1.2962962962962965,1.212962962962963,0.2727272727272727,BALANCED
2026-02-13,CHFJPY,Bullish,1.8430335097001762,0.4166666666666665,-0.21825396825396814,1.6446208112874778,0.4090909090909091,n/a (not Neutral)
2026-02-13,AUDNZD,Bullish,2.4250440917107587,1.597222222222222,-0.7440476190476188,1.5718694885361555,0.09090909090909091,n/a (not Neutral)
2026-02-13,AUDCAD,Bullish,2.1666666666666665,0.8333333333333333,-0.09259259259259256,1.4259259259259258,0.09090909090909091,n/a (not Neutral)
2026-02-13,AUDCHF,Neutral,0.25573192239858916,-0.4166666666666665,-1.1706349206349207,1.8430335097001764,0.22727272727272727,BALANCED
2026-02-13,NZDCAD,Neutral,1.0111699000587888,-0.7638888888888888,0.6514550264550264,1.1236037624926514,0.18181818181818182,BALANCED
2026-02-13,NZDCHF,Bearish,-2.135416666666666,-2.013888888888889,-0.4265873015873014,0.30505952380952417,0.3181818181818182,n/a (not Neutral)
2026-02-13,CADCHF,Very Bearish,-3.180482069370958,-1.2499999999999998,-1.0780423280423281,-0.85243974132863,0.3181818181818182,n/a (not Neutral)
2026-02-20,EURUSD,Neutral,0.9783138401559455,-0.1562499999999999,-0.5150462962962964,1.6496101364522417,0.038461538461538464,BALANCED
2026-02-20,GBPUSD,Neutral,-0.08650097465886929,-1.458333333333333,0.18518518518518512,1.1866471734892787,0.0,BALANCED
2026-02-20,USDJPY,Neutral,0.17422027290448336,0.20833333333333326,-0.6018518518518519,0.567738791423002,0.11538461538461539,BALANCED
2026-02-20,USDCHF,Very Bearish,-3.8392857142857144,-1.875,-0.4761904761904763,-1.4880952380952381,0.19230769230769232,n/a (not Neutral)
2026-02-20,USDCAD,Neutral,-1.1025828460038987,-8.326672684688674e-17,0.5324074074074074,-1.6349902534113059,0.07692307692307693,BALANCED
2026-02-20,AUDUSD,Bullish,1.848196881091618,0.9375000000000001,-0.6365740740740741,1.547270955165692,0.0,n/a (not Neutral)
2026-02-20,NZDUSD,Bullish,1.6859243697478994,-0.13888888888888878,0.04960317460317454,1.7752100840336136,0.07692307692307693,n/a (not Neutral)
2026-02-20,EURGBP,Neutral,1.0416666666666665,1.3020833333333333,-0.7002314814814815,0.43981481481481477,0.045454545454545456,BALANCED
2026-02-20,EURJPY,Neutral,0.04166666666666663,0.05208333333333337,-1.1168981481481484,1.1064814814814814,0.18181818181818182,BALANCED
2026-02-20,EURCHF,Very Bearish,-4.353321575543799,-2.03125,-0.9912367724867726,-1.330834803057026,0.2727272727272727,n/a (not Neutral)
2026-02-20,EURAUD,Bearish,-2.375,-1.09375,0.12152777777777768,-1.4027777777777777,0.045454545454545456,n/a (not Neutral)
2026-02-20,EURNZD,Bearish,-1.6284538506760728,-0.017361111111111105,-0.5646494708994709,-1.0464432686654908,0.13636363636363635,n/a (not Neutral)
2026-02-20,EURCAD,Neutral,0.3749999999999999,-0.15624999999999997,0.01736111111111102,0.5138888888888888,0.13636363636363635,BALANCED
2026-02-20,GBPJPY,Neutral,-0.5,-1.25,-0.4166666666666665,1.1666666666666665,0.13636363636363635,BALANCED
2026-02-20,GBPCHF,Very Bearish,-4.332745443856555,-3.333333333333333,-0.29100529100529116,-0.7084068195179309,0.22727272727272727,n/a (not Neutral)
2026-02-20,GBPAUD,Bearish,-2.916666666666666,-2.395833333333333,0.8217592592592591,-1.3425925925925921,0.0,n/a (not Neutral)
2026-02-20,GBPNZD,Bearish,-2.1634332745443854,-1.3194444444444444,0.1355820105820107,-0.9795708406819517,0.09090909090909091,n/a (not Neutral)
2026-02-20,GBPCAD,Bearish,-1.6666666666666665,-1.4583333333333333,0.7175925925925926,-0.9259259259259258,0.09090909090909091,n/a (not Neutral)
2026-02-20,AUDJPY,Bullish,1.4166666666666665,1.1458333333333335,-1.238425925925926,1.509259259259259,0.13636363636363635,n/a (not Neutral)
2026-02-20,NZDJPY,Neutral,1.2375073486184598,0.06944444444444448,-0.5522486772486772,1.7203115814226926,0.22727272727272727,BALANCED
2026-02-20,CADJPY,Neutral,0.16666666666666674,0.20833333333333334,-1.1342592592592593,1.0925925925925926,0.22727272727272727,BALANCED
2026-02-20,CHFJPY,Very Bullish,3.4068195179306286,2.083333333333333,-0.12566137566137536,1.449147560258671,0.36363636363636365,n/a (not Neutral)
2026-02-20,AUDNZD,Bullish,2.0135214579659024,1.0763888888888888,-0.6861772486772486,1.6233098177542622,0.09090909090909091,n/a (not Neutral)
2026-02-20,AUDCAD,Bullish,2.25,0.9375,-0.10416666666666663,1.4166666666666665,0.09090909090909091,n/a (not Neutral)
2026-02-20,AUDCHF,Neutral,-0.15579071134626693,-0.9374999999999998,-1.1127645502645505,1.8944738389182834,0.22727272727272727,BALANCED
2026-02-20,NZDCAD,Bullish,1.5049970605526162,-0.13888888888888887,0.582010582010582,1.0618753674309231,0.18181818181818182,n/a (not Neutral)
2026-02-20,NZDCHF,Bearish,-2.135416666666666,-2.013888888888889,-0.4265873015873014,0.30505952380952417,0.3181818181818182,n/a (not Neutral)
2026-02-20,CADCHF,Very Bearish,-4.229864785420341,-1.8749999999999998,-1.008597883597884,-1.3462669018224576,0.3181818181818182,n/a (not Neutral)
2026-02-27,EURUSD,Bullish,2.1278021442495128,1.1979166666666667,-0.5844907407407408,1.5143762183235867,0.038461538461538464,n/a (not Neutral)
2026-02-27,GBPUSD,Neutral,0.9387183235867448,-0.5729166666666665,0.44560185185185186,1.0660331384015596,0.0,BALANCED
2026-02-27,USDJPY,Neutral,-0.11756822612085777,-0.7291666666666667,-0.5787037037037037,1.1903021442495128,0.11538461538461539,BALANCED
2026-02-27,USDCHF,Very Bearish,-3.8524159663865545,-2.1875,-0.17857142857142838,-1.486344537815126,0.19230769230769232,n/a (not Neutral)
2026-02-27,USDCAD,Bearish,-1.589303118908382,-0.5208333333333333,0.5092592592592593,-1.577729044834308,0.07692307692307693,n/a (not Neutral)
2026-02-27,AUDUSD,Bullish,2.0035331384015596,1.0416666666666667,-0.5671296296296297,1.5289961013645224,0.0,n/a (not Neutral)
2026-02-27,NZDUSD,Bullish,2.0141806722689077,0.5902777777777779,-0.30753968253968267,1.7314425770308124,0.07692307692307693,n/a (not Neutral)
2026-02-27,EURGBP,Neutral,1.1666666666666665,1.7708333333333333,-1.0300925925925926,0.42592592592592593,0.045454545454545456,BALANCED
2026-02-27,EURJPY,Neutral,0.875,0.46875000000000006,-1.1631944444444444,1.5694444444444444,0.18181818181818182,BALANCED
2026-02-27,EURCHF,Very Bearish,-3.2245737801293357,-0.9895833333333333,-0.7630621693121691,-1.4719282774838334,0.2727272727272727,n/a (not Neutral)
2026-02-27,EURAUD,Bearish,-1.375,0.15625000000000006,-0.017361111111111216,-1.5138888888888888,0.045454545454545456,n/a (not Neutral)
2026-02-27,EURNZD,Neutral,-0.8171663727219283,0.6076388888888888,-0.27695105820105814,-1.147854203409759,0.13636363636363635,BALANCED
2026-02-27,EURCAD,Neutral,1.0416666666666667,0.6770833333333335,-0.07523148148148151,0.43981481481481477,0.13636363636363635,BALANCED
2026-02-27,GBPJPY,Neutral,-0.29166666666666674,-1.3020833333333333,-0.13310185185185186,1.1435185185185184,0.13636363636363635,BALANCED
2026-02-27,GBPCHF,Very Bearish,-3.883009994121105,-2.7604166666666665,0.2670304232804237,-1.389623750734862,0.22727272727272727,n/a (not Neutral)
2026-02-27,GBPAUD,Bearish,-2.0416666666666665,-1.6145833333333333,1.0127314814814814,-1.4398148148148149,0.0,n/a (not Neutral)
2026-02-27,GBPNZD,Bearish,-1.4756025867136977,-1.1631944444444444,0.7531415343915345,-1.0655496766607877,0.09090909090909091,n/a (not Neutral)
2026-02-27,GBPCAD,Neutral,-0.6249999999999998,-1.0937499999999998,0.9548611111111112,-0.48611111111111116,0.09090909090909091,BALANCED
2026-02-27,AUDJPY,Neutral,0.75,0.3125,-1.1458333333333333,1.5833333333333333,0.13636363636363635,BALANCED
2026-02-27,NZDJPY,Neutral,0.7554379776601999,-0.13888888888888884,-0.8862433862433863,1.780570252792475,0.22727272727272727,BALANCED
2026-02-27,CADJPY,Neutral,0.33333333333333304,-0.20833333333333343,-1.087962962962963,1.6296296296296295,0.22727272727272727,BALANCED
2026-02-27,CHFJPY,Bullish,2.6072898295120517,1.4583333333333333,-0.40013227513227534,1.5490887713109938,0.36363636363636365,n/a (not Neutral)
2026-02-27,AUDNZD,Bullish,1.8371546149323927,0.45138888888888884,-0.259589947089947,1.6453556731334509,0.09090909090909091,n/a (not Neutral)
2026-02-27,AUDCAD,Bullish,1.916666666666667,0.5208333333333335,-0.05787037037037035,1.4537037037037037,0.09090909090909091,n/a (not Neutral)
2026-02-27,AUDCHF,Neutral,-0.014697236919458925,-1.1458333333333333,-0.7457010582010579,1.8768371546149323,0.22727272727272727,BALANCED
2026-02-27,NZDCAD,Bullish,1.352145796590241,0.06944444444444459,0.2017195767195767,1.0809817754262196,0.18181818181818182,n/a (not Neutral)
2026-02-27,NZDCHF,Very Bearish,-3.072916666666666,-1.597222222222222,-0.48611111111111094,-0.989583333333333,0.3181818181818182,n/a (not Neutral)
2026-02-27,CADCHF,Very Bearish,-3.7595532039976485,-1.6666666666666667,-0.6878306878306877,-1.405055849500294,0.3181818181818182,n/a (not Neutral)
2026-03-06,EURUSD,Bullish,1.990131578947369,2.8645833333333335,-0.05208333333333304,-0.8223684210526314,0.038461538461538464,n/a (not Neutral)
2026-03-06,GBPUSD,Neutral,0.9423732943469785,0.8854166666666669,0.16782407407407385,-0.11086744639376223,0.0,BALANCED
2026-03-06,USDJPY,Neutral,1.0629873294346979,0.6249999999999999,-0.6134259259259258,1.051413255360624,0.11538461538461539,BALANCED
2026-03-06,USDCHF,Neutral,-0.09716386554621834,2.6041666666666665,-0.714285714285714,-1.987044817927171,0.19230769230769232,BALANCED
2026-03-06,USDCAD,Bearish,-1.4028996101364521,-0.7291666666666666,0.9259259259259259,-1.5996588693957114,0.07692307692307693,n/a (not Neutral)
2026-03-06,AUDUSD,Bullish,1.4028996101364521,0.41666666666666663,-0.6134259259259259,1.5996588693957114,0.0,n/a (not Neutral)
2026-03-06,NZDUSD,Neutral,0.5068277310924371,-0.45138888888888884,-0.30753968253968256,1.2657563025210083,0.07692307692307693,BALANCED
2026-03-06,EURGBP,Neutral,1.0833333333333337,1.9791666666666665,-0.219907407407407,-0.6759259259259258,0.045454545454545456,BALANCED
2026-03-06,EURJPY,Very Bullish,3.041666666666667,3.489583333333333,-0.6655092592592586,0.21759259259259256,0.18181818181818182,n/a (not Neutral)
2026-03-06,EURCHF,Bullish,2.5132275132275135,5.46875,-0.7663690476190474,-2.189153439153439,0.2727272727272727,n/a (not Neutral)
2026-03-06,EURAUD,Neutral,1.2083333333333335,2.447916666666667,0.5613425925925926,-1.800925925925926,0.045454545454545456,BALANCED
2026-03-06,EURNZD,Bullish,2.0634920634920637,3.3159722222222223,0.2554563492063493,-1.507936507936508,0.13636363636363635,n/a (not Neutral)
2026-03-06,EURCAD,Bullish,2.2083333333333335,2.135416666666667,0.8738425925925926,-0.800925925925926,0.13636363636363635,n/a (not Neutral)
2026-03-06,GBPJPY,Bullish,1.9583333333333335,1.5104166666666667,-0.44560185185185186,0.8935185185185186,0.13636363636363635,n/a (not Neutral)
2026-03-06,GBPCHF,Neutral,0.9494415049970605,3.4895833333333335,-0.5464616402116405,-1.9936801881246327,0.22727272727272727,BALANCED
2026-03-06,GBPAUD,Neutral,-0.375,0.4687500000000002,0.7812499999999998,-1.625,0.0,BALANCED
2026-03-06,GBPNZD,Neutral,0.4997060552616109,1.3368055555555556,0.4753637566137565,-1.3124632569077013,0.09090909090909091,BALANCED
2026-03-06,GBPCAD,Neutral,0.125,0.15625000000000022,1.0937499999999998,-1.125,0.09090909090909091,BALANCED
2026-03-06,AUDJPY,Bullish,1.3333333333333333,1.0416666666666665,-1.2268518518518519,1.5185185185185186,0.13636363636363635,n/a (not Neutral)
2026-03-06,NZDJPY,Neutral,1.0023515579071134,0.1736111111111111,-0.9209656084656086,1.7497060552616108,0.22727272727272727,BALANCED
2026-03-06,CADJPY,Bullish,1.3333333333333333,1.3541666666666665,-1.5393518518518519,1.5185185185185186,0.22727272727272727,n/a (not Neutral)
2026-03-06,CHFJPY,Neutral,-0.0029394473838919824,-1.9791666666666667,0.10085978835978837,1.8753674309229864,0.36363636363636365,BALANCED
2026-03-06,AUDNZD,Bullish,2.1663727219282776,0.8680555555555554,-0.30588624338624326,1.6042034097589655,0.09090909090909091,n/a (not Neutral)
2026-03-06,AUDCAD,Bullish,1.5,-0.3125,0.3125,1.5,0.09090909090909091,n/a (not Neutral)
2026-03-06,AUDCHF,Very Bullish,3.1716637272192827,3.020833333333333,-1.3277116402116398,1.4785420340975894,0.22727272727272727,n/a (not Neutral)
2026-03-06,NZDCAD,Neutral,-1.0552616108171662,-1.1805555555555554,0.6183862433862433,-0.4930922986478541,0.18181818181818182,BALANCED
2026-03-06,NZDCHF,Neutral,-0.26041666666666674,2.1527777777777777,-1.0218253968253967,-1.3913690476190477,0.3181818181818182,BALANCED
2026-03-06,CADCHF,Neutral,0.3938859494415051,3.333333333333333,-1.6402116402116398,-1.299235743680188,0.3181818181818182,BALANCED
2026-03-13,EURUSD,Bullish,1.3998538011695905,1.9270833333333333,0.22569444444444442,-0.7529239766081872,0.038461538461538464,n/a (not Neutral)
2026-03-13,GBPUSD,Neutral,-0.17422027290448353,-0.05208333333333326,0.44560185185185164,-0.5677387914230019,0.0,BALANCED
2026-03-13,USDJPY,Bullish,1.901803118908382,1.5625,-0.6134259259259259,0.9527290448343079,0.11538461538461539,n/a (not Neutral)
2026-03-13,USDCHF,Neutral,1.0031512605042014,3.541666666666667,-1.071428571428572,-1.4670868347338935,0.19230769230769232,BALANCED
2026-03-13,USDCAD,Bearish,-1.7775341130604285,-1.6666666666666663,0.8564814814814814,-0.9673489278752436,0.07692307692307693,n/a (not Neutral)
2026-03-13,AUDUSD,Bullish,1.5582358674463936,0.7291666666666663,-0.7523148148148147,1.581384015594542,0.0,n/a (not Neutral)
2026-03-13,NZDUSD,Neutral,-1.1817226890756303,-1.3888888888888888,0.04960317460317443,0.15756302521008414,0.07692307692307693,BALANCED
2026-03-13,EURGBP,Neutral,1.083333333333333,1.9791666666666665,-0.21990740740740744,-0.675925925925926,0.045454545454545456,BALANCED
2026-03-13,EURJPY,Very Bullish,3.2916666666666665,3.489583333333333,-0.3877314814814814,0.18981481481481488,0.18181818181818182,n/a (not Neutral)
2026-03-13,EURCHF,Bullish,2.442680776014109,5.46875,-0.8457341269841274,-2.1803350970017634,0.2727272727272727,n/a (not Neutral)
2026-03-13,EURAUD,Neutral,0.45833333333333304,1.197916666666667,0.9780092592592586,-1.7175925925925926,0.045454545454545456,BALANCED
2026-03-13,EURNZD,Bullish,1.437389770723104,3.3159722222222223,0.17609126984126933,-2.0546737213403876,0.13636363636363635,n/a (not Neutral)
2026-03-13,EURCAD,Neutral,-0.29166666666666674,0.26041666666666696,1.0821759259259256,-1.6342592592592593,0.13636363636363635,BALANCED
2026-03-13,GBPJPY,Bullish,1.7083333333333335,1.5104166666666667,-0.16782407407407418,0.3657407407407409,0.13636363636363635,n/a (not Neutral)
2026-03-13,GBPCHF,Neutral,0.8788947677836563,3.4895833333333335,-0.62582671957672,-1.9848618459729572,0.22727272727272727,BALANCED
2026-03-13,GBPAUD,Neutral,-1.125,-0.7812499999999996,1.1979166666666663,-1.5416666666666667,0.0,BALANCED
2026-03-13,GBPNZD,Bullish,1.540270429159318,1.3368055555555556,0.3959986772486772,-0.19253380364491468,0.09090909090909091,n/a (not Neutral)
2026-03-13,GBPCAD,Bearish,-1.3749999999999998,-1.7187499999999996,1.302083333333333,-0.9583333333333333,0.09090909090909091,n/a (not Neutral)
2026-03-13,AUDJPY,Bullish,2.333333333333333,2.291666666666666,-1.3657407407407405,1.4074074074074074,0.13636363636363635,n/a (not Neutral)
2026-03-13,NZDJPY,Neutral,0.7642563198118753,0.1736111111111111,-0.5638227513227514,1.1544679600235155,0.22727272727272727,BALANCED
2026-03-13,CADJPY,Bullish,2.583333333333333,3.229166666666666,-1.469907407407407,0.824074074074074,0.22727272727272727,n/a (not Neutral)
2026-03-13,CHFJPY,Neutral,0.3145208700764258,-1.9791666666666667,0.4580026455026458,1.8356848912404469,0.36363636363636365,BALANCED
2026-03-13,AUDNZD,Bullish,2.836566725455614,2.1180555555555554,-0.8019179894179893,1.5204291593180481,0.09090909090909091,n/a (not Neutral)
2026-03-13,AUDCAD,Neutral,0.75,-0.9375,0.10416666666666674,1.5833333333333333,0.09090909090909091,BALANCED
2026-03-13,AUDCHF,Very Bullish,3.8418577307466197,4.270833333333333,-1.823743386243386,1.3947677836566728,0.22727272727272727,n/a (not Neutral)
2026-03-13,NZDCAD,Bearish,-1.9106407995296881,-3.0555555555555554,0.9060846560846563,0.23883009994121096,0.18181818181818182,n/a (not Neutral)
2026-03-13,NZDCHF,Neutral,-0.26041666666666685,2.1527777777777777,-1.021825396825397,-1.3913690476190474,0.3181818181818182,BALANCED
2026-03-13,CADCHF,Bullish,2.9159318048206933,5.208333333333333,-1.927910052910053,-0.36449147560258677,0.3181818181818182,n/a (not Neutral)
2026-03-20,EURUSD,Neutral,0.9804459064327484,1.4583333333333335,0.2256944444444442,-0.7035818713450293,0.038461538461538464,BALANCED
2026-03-20,GBPUSD,Neutral,-0.17939814814814822,0.3125,0.0752314814814814,-0.5671296296296297,0.0,BALANCED
2026-03-20,USDJPY,Bullish,2.5697490253411304,2.03125,-0.33564814814814836,0.8741471734892787,0.11538461538461539,n/a (not Neutral)
2026-03-20,USDCHF,Bullish,2.047006302521008,3.59375,0.05952380952380931,-1.6062675070028014,0.19230769230769232,n/a (not Neutral)
2026-03-20,USDCAD,Neutral,0.38163986354775814,0.36458333333333326,1.2384259259259258,-1.221369395711501,0.07692307692307693,BALANCED
2026-03-20,AUDUSD,Neutral,0.9731359649122807,0.05208333333333348,-0.7291666666666667,1.6502192982456139,0.0,BALANCED
2026-03-20,NZDUSD,Bearish,-1.7528886554621848,-2.0659722222222223,0.07936507936507953,0.23371848739495804,0.07692307692307693,n/a (not Neutral)
2026-03-20,EURGBP,Neutral,0.16666666666666652,1.1458333333333335,0.1504629629629628,-1.1296296296296298,0.045454545454545456,BALANCED
2026-03-20,EURJPY,Very Bullish,4.041666666666666,3.489583333333333,-0.10995370370370372,0.6620370370370368,0.18181818181818182,n/a (not Neutral)
2026-03-20,EURCHF,Very Bullish,3.0776014109347445,5.052083333333334,0.28521825396825307,-2.2597001763668425,0.2727272727272727,n/a (not Neutral)
2026-03-20,EURAUD,Neutral,0.6249999999999996,1.40625,0.9548611111111107,-1.7361111111111112,0.045454545454545456,BALANCED
2026-03-20,EURNZD,Bullish,2.151675485008818,3.5243055555555554,0.14632936507936511,-1.5189594356261025,0.13636363636363635,n/a (not Neutral)
2026-03-20,EURCAD,Bullish,1.458333333333333,1.8229166666666667,1.46412037037037,-1.8287037037037037,0.13636363636363635,n/a (not Neutral)
2026-03-20,GBPJPY,Bullish,2.875,2.34375,-0.26041666666666696,0.791666666666667,0.13636363636363635,n/a (not Neutral)
2026-03-20,GBPCHF,Bullish,1.925338036449148,3.90625,0.13475529100529116,-2.1156672545561435,0.22727272727272727,n/a (not Neutral)
2026-03-20,GBPAUD,Neutral,-0.5416666666666667,0.2604166666666665,0.8043981481481481,-1.6064814814814814,0.0,BALANCED
2026-03-20,GBPNZD,Neutral,0.9994121105232214,2.3784722222222223,-0.004133597883598128,-1.3749265138154028,0.09090909090909091,BALANCED
2026-03-20,GBPCAD,Neutral,0.7916666666666663,0.6770833333333333,1.3136574074074072,-1.1990740740740742,0.09090909090909091,BALANCED
2026-03-20,AUDJPY,Bullish,2.4166666666666665,2.083333333333333,-1.0648148148148147,1.3981481481481481,0.13636363636363635,n/a (not Neutral)
2026-03-20,NZDJPY,Neutral,0.8524397413286302,-0.03472222222222232,-0.2562830687830687,1.1434450323339211,0.22727272727272727,BALANCED
2026-03-20,CADJPY,Bullish,1.5833333333333333,1.6666666666666665,-1.574074074074074,1.4907407407407407,0.22727272727272727,n/a (not Neutral)
2026-03-20,CHFJPY,Neutral,-0.07348618459729561,-1.5625000000000002,-0.39517195767195745,1.884185773074662,0.36363636363636365,BALANCED
2026-03-20,AUDNZD,Bullish,2.8306878306878303,2.1180555555555554,-0.808531746031746,1.521164021164021,0.09090909090909091,n/a (not Neutral)
2026-03-20,AUDCAD,Bullish,2.333333333333333,0.41666666666666674,0.5092592592592592,1.407407407407407,0.09090909090909091,n/a (not Neutral)
2026-03-20,AUDCHF,Very Bullish,4.3121693121693125,3.6458333333333335,-0.6696428571428572,1.3359788359788363,0.22727272727272727,n/a (not Neutral)
2026-03-20,NZDCAD,Neutral,-0.340975896531452,-1.7013888888888888,1.3177910052910053,0.0426219870664315,0.18181818181818182,BALANCED
2026-03-20,NZDCHF,Neutral,0.20833333333333315,1.527777777777778,0.13888888888888862,-1.4583333333333335,0.3181818181818182,BALANCED
2026-03-20,CADCHF,Neutral,1.266901822457378,3.229166666666667,-1.1789021164021167,-0.7833627278071722,0.3181818181818182,BALANCED
2026-03-27,EURUSD,Neutral,1.1979166666666665,1.71875,0.20833333333333304,-0.7291666666666665,0.038461538461538464,BALANCED
2026-03-27,GBPUSD,Neutral,-0.16904239766081866,0.0,0.3993055555555556,-0.5683479532163742,0.0,BALANCED
2026-03-27,USDJPY,Bullish,2.0623172514619883,1.40625,-0.2777777777777777,0.933845029239766,0.11538461538461539,n/a (not Neutral)
2026-03-27,USDCHF,Bullish,2.8164390756302513,3.4895833333333335,-0.2976190476190479,-0.3755252100840343,0.19230769230769232,n/a (not Neutral)
2026-03-27,USDCAD,Bullish,1.6724537037037035,0.9895833333333333,0.8796296296296295,-0.1967592592592593,0.07692307692307693,n/a (not Neutral)
2026-03-27,AUDUSD,Neutral,0.04294590643274836,-0.46875,-0.6597222222222223,1.1714181286549707,0.0,BALANCED
2026-03-27,NZDUSD,Bearish,-2.5643382352941173,-1.9618055555555556,-0.27777777777777746,-0.32475490196078427,0.07692307692307693,n/a (not Neutral)
2026-03-27,EURGBP,Neutral,0.37499999999999956,1.71875,-0.19097222222222254,-1.152777777777778,0.045454545454545456,BALANCED
2026-03-27,EURJPY,Very Bullish,3.7499999999999996,3.125,-0.06944444444444464,0.6944444444444442,0.18181818181818182,n/a (not Neutral)
2026-03-27,EURCHF,Very Bullish,3.439153439153439,5.208333333333334,-0.0892857142857153,-1.6798941798941796,0.2727272727272727,n/a (not Neutral)
2026-03-27,EURAUD,Bullish,1.7499999999999996,2.1875,0.8680555555555554,-1.3055555555555558,0.045454545454545456,n/a (not Neutral)
2026-03-27,EURNZD,Very Bullish,3.7037037037037033,3.6805555555555554,0.4861111111111107,-0.4629629629629628,0.13636363636363635,n/a (not Neutral)
2026-03-27,EURCAD,Bullish,1.9166666666666665,2.708333333333333,1.0879629629629628,-1.8796296296296293,0.13636363636363635,n/a (not Neutral)
2026-03-27,GBPJPY,Bullish,2.375,1.40625,0.12152777777777768,0.8472222222222223,0.13636363636363635,n/a (not Neutral)
2026-03-27,GBPCHF,Bullish,2.0811287477954146,3.4895833333333335,0.10168650793650791,-1.5101410934744268,0.22727272727272727,n/a (not Neutral)
2026-03-27,GBPAUD,Neutral,0.3749999999999998,0.46875,1.0590277777777777,-1.152777777777778,0.0,BALANCED
2026-03-27,GBPNZD,Bullish,2.345679012345679,1.9618055555555556,0.6770833333333333,-0.2932098765432096,0.09090909090909091,n/a (not Neutral)
2026-03-27,GBPCAD,Neutral,0.541666666666667,0.9895833333333333,1.2789351851851853,-1.7268518518518516,0.09090909090909091,BALANCED
2026-03-27,AUDJPY,Bullish,1.5,0.9375,-0.9375,1.5,0.13636363636363635,n/a (not Neutral)
2026-03-27,NZDJPY,Neutral,0.12345679012345671,-0.5555555555555556,-0.5555555555555556,1.2345679012345678,0.22727272727272727,BALANCED
2026-03-27,CADJPY,Neutral,0.8333333333333335,0.41666666666666674,-1.1574074074074074,1.5740740740740742,0.22727272727272727,BALANCED
2026-03-27,CHFJPY,Neutral,-0.7231040564373898,-2.0833333333333335,0.01984126984126977,1.3403880070546739,0.36363636363636365,BALANCED
2026-03-27,AUDNZD,Bullish,2.6543209876543212,1.4930555555555556,-0.3819444444444444,1.54320987654321,0.09090909090909091,n/a (not Neutral)
2026-03-27,AUDCAD,Bullish,1.6666666666666665,0.5208333333333333,0.21990740740740744,0.9259259259259258,0.09090909090909091,n/a (not Neutral)
2026-03-27,AUDCHF,Very Bullish,3.500881834215168,3.0208333333333335,-0.9573412698412698,1.4373897707231045,0.22727272727272727,n/a (not Neutral)
2026-03-27,NZDCAD,Neutral,-0.8847736625514403,-0.9722222222222223,0.601851851851852,-0.51440329218107,0.18181818181818182,BALANCED
2026-03-27,NZDCHF,Neutral,-0.4166666666666664,1.527777777777778,-0.5753968253968254,-1.369047619047619,0.3181818181818182,BALANCED
2026-03-27,CADCHF,Bullish,1.7313345091122867,2.5,-1.1772486772486772,0.4085831863609639,0.3181818181818182,n/a (not Neutral)
2026-04-03,EURUSD,Neutral,-0.912828947368421,-0.2604166666666665,0.4166666666666665,-1.069078947368421,0.038461538461538464,BALANCED
2026-04-03,GBPUSD,Neutral,-0.2622441520467835,-0.4166666666666665,0.7118055555555556,-0.5573830409356726,0.0,BALANCED
2026-04-03,USDJPY,Bullish,1.824134990253411,1.0937499999999998,-0.2314814814814815,0.9618664717348927,0.11538461538461539,n/a (not Neutral)
2026-04-03,USDCHF,Very Bullish,3.3915441176470598,3.4548611111111107,-0.27777777777777724,0.21446078431372628,0.19230769230769232,n/a (not Neutral)
2026-04-03,USDCAD,Bullish,2.6233552631578947,1.5104166666666665,0.8333333333333335,0.2796052631578947,0.07692307692307693,n/a (not Neutral)
2026-04-03,AUDUSD,Neutral,-0.29879385964912264,-0.5729166666666665,-0.9375,1.2116228070175439,0.0,BALANCED
2026-04-03,NZDUSD,Bearish,-2.65625,-2.0659722222222223,-0.2777777777777777,-0.3125,0.07692307692307693,n/a (not Neutral)
2026-04-03,EURGBP,Neutral,0.3749999999999999,0.15625,-0.29513888888888906,0.513888888888889,0.045454545454545456,BALANCED
2026-04-03,EURJPY,Bullish,1.9166666666666665,0.8333333333333333,0.1851851851851849,0.8981481481481484,0.18181818181818182,n/a (not Neutral)
2026-04-03,EURCHF,Bullish,1.8518518518518523,3.1944444444444446,0.13888888888888884,-1.4814814814814812,0.2727272727272727,n/a (not Neutral)
2026-04-03,EURAUD,Neutral,0.5,0.3125,1.3541666666666665,-1.1666666666666665,0.045454545454545456,BALANCED
2026-04-03,EURNZD,Bullish,2.2222222222222223,1.8055555555555556,0.6944444444444444,-0.2777777777777777,0.13636363636363635,n/a (not Neutral)
2026-04-03,EURCAD,Neutral,1.25,1.25,1.25,-1.25,0.13636363636363635,BALANCED
2026-04-03,GBPJPY,Bullish,1.5416666666666667,0.6770833333333333,0.4803240740740742,0.3842592592592593,0.13636363636363635,n/a (not Neutral)
2026-04-03,GBPCHF,Bullish,1.9753086419753085,3.0381944444444446,0.4340277777777777,-1.4969135802469138,0.22727272727272727,n/a (not Neutral)
2026-04-03,GBPAUD,Neutral,0.125,0.15625,1.6493055555555556,-1.6805555555555556,0.0,BALANCED
2026-04-03,GBPNZD,Bullish,2.345679012345679,1.6493055555555556,0.9895833333333333,-0.2932098765432096,0.09090909090909091,n/a (not Neutral)
2026-04-03,GBPCAD,Neutral,0.875,1.09375,1.5451388888888888,-1.7638888888888888,0.09090909090909091,BALANCED
2026-04-03,AUDJPY,Neutral,0.4166666666666665,0.5208333333333333,-1.1689814814814814,1.0648148148148149,0.13636363636363635,BALANCED
2026-04-03,NZDJPY,Neutral,-0.2057613168724279,-0.9722222222222223,-0.5092592592592591,1.2757201646090535,0.22727272727272727,BALANCED
2026-04-03,CADJPY,Neutral,0.16666666666666674,-0.41666666666666674,-1.0648148148148147,1.6481481481481481,0.22727272727272727,BALANCED
2026-04-03,CHFJPY,Neutral,-0.9465020576131693,-2.361111111111111,0.046296296296295836,1.368312757201646,0.36363636363636365,BALANCED
2026-04-03,AUDNZD,Bullish,2.4074074074074074,1.4930555555555556,-0.6597222222222223,1.5740740740740742,0.09090909090909091,n/a (not Neutral)
2026-04-03,AUDCAD,Bullish,2.25,0.9375,-0.10416666666666674,1.4166666666666667,0.09090909090909091,n/a (not Neutral)
2026-04-03,AUDCHF,Very Bullish,3.1481481481481484,2.8819444444444446,-1.2152777777777777,1.4814814814814814,0.22727272727272727,n/a (not Neutral)
2026-04-03,NZDCAD,Neutral,-0.5555555555555556,-0.5555555555555556,0.5555555555555556,-0.5555555555555556,0.18181818181818182,BALANCED
2026-04-03,NZDCHF,Neutral,-0.520833333333333,1.3888888888888888,-0.5555555555555551,-1.3541666666666667,0.3181818181818182,BALANCED
2026-04-03,CADCHF,Neutral,0.1851851851851855,1.9444444444444444,-1.1111111111111107,-0.6481481481481481,0.3181818181818182,BALANCED
2026-04-10,EURUSD,Bullish,1.888096978557505,1.0937500000000002,0.4282407407407407,0.3661062378167641,0.038461538461538464,n/a (not Neutral)
2026-04-10,GBPUSD,Bullish,1.9709429824561404,0.8854166666666667,0.7291666666666665,0.35635964912280715,0.0,n/a (not Neutral)
2026-04-10,USDJPY,Neutral,1.0456262183235867,-0.3645833333333335,-0.2314814814814815,1.6416910331384016,0.11538461538461539,BALANCED
2026-04-10,USDCHF,Neutral,-0.6473214285714286,0.32986111111111105,-0.3968253968253968,-0.5803571428571429,0.19230769230769232,BALANCED
2026-04-10,USDCAD,Bullish,1.815606725146199,1.3020833333333333,0.13888888888888884,0.3746345029239768,0.07692307692307693,n/a (not Neutral)
2026-04-10,AUDUSD,Bullish,1.7808845029239766,0.8854166666666667,-0.6597222222222222,1.5551900584795322,0.0,n/a (not Neutral)
2026-04-10,NZDUSD,Neutral,-0.7392331932773109,-0.6076388888888888,0.4365079365079365,-0.5681022408963585,0.07692307692307693,BALANCED
2026-04-10,EURGBP,Neutral,0.4166666666666669,0.20833333333333348,-0.3009259259259258,0.5092592592592593,0.045454545454545456,BALANCED
2026-04-10,EURJPY,Bullish,1.8333333333333333,0.7291666666666667,0.1967592592592592,0.9074074074074073,0.18181818181818182,n/a (not Neutral)
2026-04-10,EURCHF,Neutral,0.18224573780129355,1.4236111111111112,0.03141534391534395,-1.2727807172251615,0.2727272727272727,BALANCED
2026-04-10,EURAUD,Neutral,-0.3333333333333335,0.20833333333333348,1.0879629629629628,-1.6296296296296298,0.045454545454545456,BALANCED
2026-04-10,EURNZD,Bullish,2.060552616108172,1.701388888888889,-0.008267195767195812,0.3674309229864787,0.13636363636363635,n/a (not Neutral)
2026-04-10,EURCAD,Bullish,2.6666666666666665,2.3958333333333335,0.5671296296296293,-0.2962962962962963,0.13636363636363635,n/a (not Neutral)
2026-04-10,GBPJPY,Bullish,1.9166666666666665,0.5208333333333333,0.4976851851851849,0.8981481481481484,0.13636363636363635,n/a (not Neutral)
2026-04-10,GBPCHF,Neutral,0.26455026455026437,1.2152777777777777,0.33234126984126977,-1.283068783068783,0.22727272727272727,BALANCED
2026-04-10,GBPAUD,Neutral,-0.25,0.0,1.3888888888888888,-1.6388888888888888,0.0,BALANCED
2026-04-10,GBPNZD,Bullish,2.142857142857143,1.4930555555555556,0.29265873015873,0.3571428571428572,0.09090909090909091,n/a (not Neutral)
2026-04-10,GBPCAD,Bullish,2.7499999999999996,2.1875,0.8680555555555554,-0.3055555555555558,0.09090909090909091,n/a (not Neutral)
2026-04-10,AUDJPY,Neutral,1.1666666666666665,0.5208333333333333,-0.8912037037037037,1.537037037037037,0.13636363636363635,BALANCED
2026-04-10,NZDJPY,Neutral,0.42915931804820684,-0.9722222222222223,0.205026455026455,1.1963550852439742,0.22727272727272727,BALANCED
2026-04-10,CADJPY,Neutral,-0.3333333333333335,-1.6666666666666667,-0.37037037037037046,1.7037037037037037,0.22727272727272727,BALANCED
2026-04-10,CHFJPY,Neutral,1.1963550852439742,-0.6944444444444445,0.16534391534391535,1.7254556143445035,0.36363636363636365,BALANCED
2026-04-10,AUDNZD,Bullish,2.019400352733686,1.4930555555555556,-1.0962301587301588,1.6225749559082892,0.09090909090909091,n/a (not Neutral)
2026-04-10,AUDCAD,Very Bullish,3.0,2.1875,-0.5208333333333335,1.3333333333333335,0.09090909090909091,n/a (not Neutral)
2026-04-10,AUDCHF,Bullish,1.8077601410934743,1.2152777777777777,-1.0565476190476188,1.6490299823633154,0.22727272727272727,n/a (not Neutral)
2026-04-10,NZDCAD,Neutral,0.5731922398589064,0.6944444444444444,0.5753968253968254,-0.6966490299823633,0.18181818181818182,BALANCED
2026-04-10,NZDCHF,Bearish,-1.458333333333333,-0.2777777777777778,0.039682539682539736,-1.220238095238095,0.3181818181818182,n/a (not Neutral)
2026-04-10,CADCHF,Bearish,-1.8959435626102292,-0.9722222222222222,-0.5357142857142857,-0.3880070546737213,0.3181818181818182,n/a (not Neutral)
2026-04-17,EURUSD,Bullish,1.4705165692007798,1.1458333333333335,0.4976851851851851,-0.17300194931773882,0.038461538461538464,n/a (not Neutral)
2026-04-17,GBPUSD,Bullish,1.3340643274853803,0.625,0.2777777777777778,0.4312865497076025,0.0,n/a (not Neutral)
2026-04-17,USDJPY,Neutral,0.43981481481481466,-1.0416666666666667,-0.23148148148148162,1.712962962962963,0.11538461538461539,BALANCED
2026-04-17,USDCHF,Neutral,-0.8876050420168067,0.06944444444444442,0.257936507936508,-1.2149859943977592,0.19230769230769232,BALANCED
2026-04-17,USDCAD,Neutral,-1.114766081871345,0.0,-0.06944444444444442,-1.0453216374269005,0.07692307692307693,BALANCED
2026-04-17,AUDUSD,Bullish,1.6410818713450293,0.9375,-0.8680555555555556,1.5716374269005848,0.0,n/a (not Neutral)
2026-04-17,NZDUSD,Neutral,0.1313025210084034,0.06944444444444442,0.07936507936507942,-0.01750700280112044,0.07692307692307693,BALANCED
2026-04-17,EURGBP,Neutral,1.1666666666666667,0.5208333333333334,0.21990740740740744,0.42592592592592593,0.045454545454545456,BALANCED
2026-04-17,EURJPY,Bullish,1.3333333333333333,0.10416666666666663,0.2662037037037037,0.9629629629629629,0.18181818181818182,n/a (not Neutral)
2026-04-17,EURCHF,Neutral,1.1963550852439744,1.2152777777777777,0.7556216931216935,-0.7745443856554968,0.2727272727272727,BALANCED
2026-04-17,EURAUD,Neutral,-0.08333333333333326,0.20833333333333337,1.365740740740741,-1.6574074074074074,0.045454545454545456,BALANCED
2026-04-17,EURNZD,Bullish,1.884185773074662,1.0763888888888888,0.41832010582010604,0.3894767783656672,0.13636363636363635,n/a (not Neutral)
2026-04-17,EURCAD,Neutral,0.9166666666666667,1.1458333333333335,0.4282407407407407,-0.6574074074074074,0.13636363636363635,BALANCED
2026-04-17,GBPJPY,Neutral,0.6666666666666665,-0.41666666666666674,0.04629629629629628,1.037037037037037,0.13636363636363635,BALANCED
2026-04-17,GBPCHF,Neutral,0.5379188712522046,0.6944444444444444,0.5357142857142858,-0.6922398589065256,0.22727272727272727,BALANCED
2026-04-17,GBPAUD,Neutral,-0.7499999999999998,-0.3125,1.1458333333333335,-1.583333333333333,0.0,BALANCED
2026-04-17,GBPNZD,Neutral,1.2257495590828924,0.5555555555555556,0.19841269841269837,0.47178130511463845,0.09090909090909091,BALANCED
2026-04-17,GBPCAD,Neutral,-0.2499999999999999,0.625,0.20833333333333337,-1.0833333333333333,0.09090909090909091,BALANCED
2026-04-17,AUDJPY,Neutral,0.4166666666666665,-0.10416666666666674,-1.099537037037037,1.6203703703703702,0.13636363636363635,BALANCED
2026-04-17,NZDJPY,Neutral,0.11169900058788941,-0.9722222222222223,-0.1521164021164021,1.236037624926514,0.22727272727272727,BALANCED
2026-04-17,CADJPY,Neutral,0.4166666666666665,-1.0416666666666667,-0.16203703703703698,1.6203703703703702,0.22727272727272727,BALANCED
2026-04-17,CHFJPY,Neutral,-0.31158142269253386,-1.1111111111111112,-0.48941798941798953,1.2889476778365667,0.36363636363636365,BALANCED
2026-04-17,AUDNZD,Bullish,1.5961199294532626,0.8680555555555556,-0.947420634920635,1.6754850088183422,0.09090909090909091,n/a (not Neutral)
2026-04-17,AUDCAD,Bullish,1.5,0.9375,-0.9375,1.5,0.09090909090909091,n/a (not Neutral)
2026-04-17,AUDCHF,Bullish,2.019400352733686,1.0069444444444444,-0.6101190476190476,1.6225749559082892,0.22727272727272727,n/a (not Neutral)
2026-04-17,NZDCAD,Neutral,-0.48500881834215165,0.06944444444444442,0.009920634920634996,-0.564373897707231,0.18181818181818182,BALANCED
2026-04-17,NZDCHF,Neutral,-0.8333333333333331,0.13888888888888884,0.33730158730158744,-1.3095238095238093,0.3181818181818182,BALANCED
2026-04-17,CADCHF,Neutral,-0.20282186948853612,0.06944444444444442,0.32738095238095244,-0.599647266313933,0.3181818181818182,BALANCED
2026-04-24,EURUSD,Bullish,1.9365253411306043,1.3020833333333335,0.8622685185185186,-0.22782651072124782,0.038461538461538464,n/a (not Neutral)
2026-04-24,GBPUSD,Bullish,2.1436403508771926,2.1875,0.20833333333333304,-0.2521929824561404,0.0,n/a (not Neutral)
2026-04-24,USDJPY,Neutral,-0.2333089668615983,-1.7708333333333335,-0.2546296296296293,1.7921539961013644,0.11538461538461539,BALANCED
2026-04-24,USDCHF,Neutral,-0.5383403361344536,-0.8680555555555556,0.257936507936508,0.07177871148459392,0.19230769230769232,BALANCED
2026-04-24,USDCAD,Bearish,-1.5101120857699808,-1.3541666666666667,0.25462962962962954,-0.4105750487329436,0.07692307692307693,n/a (not Neutral)
2026-04-24,AUDUSD,Bullish,1.9828216374269003,1.25,-0.7986111111111112,1.5314327485380115,0.0,n/a (not Neutral)
2026-04-24,NZDUSD,Bullish,2.1769957983193278,1.4236111111111112,0.376984126984127,0.37640056022408963,0.07692307692307693,n/a (not Neutral)
2026-04-24,EURGBP,Neutral,-1.2083333333333333,-0.8854166666666666,0.6539351851851853,-0.976851851851852,0.045454545454545456,BALANCED
2026-04-24,EURJPY,Bullish,1.625,-0.46875,0.607638888888889,1.4861111111111112,0.18181818181818182,n/a (not Neutral)
2026-04-24,EURCHF,Neutral,0.8259847148736038,0.4340277777777778,1.1202050264550265,-0.7282480893592006,0.2727272727272727,BALANCED
2026-04-24,EURAUD,Neutral,0.04166666666666696,0.05208333333333337,1.6608796296296298,-1.6712962962962963,0.045454545454545456,BALANCED
2026-04-24,EURNZD,Neutral,0.3233392122281012,-0.12152777777777776,0.4852843915343916,-0.04041740152851264,0.13636363636363635,BALANCED
2026-04-24,EURCAD,Neutral,0.45833333333333337,-0.052083333333333315,1.1168981481481481,-0.6064814814814815,0.13636363636363635,BALANCED
2026-04-24,GBPJPY,Bullish,1.3333333333333333,0.41666666666666663,-0.04629629629629639,0.962962962962963,0.13636363636363635,n/a (not Neutral)
2026-04-24,GBPCHF,Neutral,1.0317460317460316,1.3194444444444444,0.46626984126984117,-0.753968253968254,0.22727272727272727,BALANCED
2026-04-24,GBPAUD,Neutral,0.25,0.9375,1.0069444444444444,-1.6944444444444444,0.0,BALANCED
2026-04-24,GBPNZD,Bullish,1.64021164021164,0.7638888888888888,-0.16865079365079372,1.0449735449735449,0.09090909090909091,n/a (not Neutral)
2026-04-24,GBPCAD,Neutral,0.6666666666666665,0.8333333333333333,0.462962962962963,-0.6296296296296298,0.09090909090909091,BALANCED
2026-04-24,AUDJPY,Neutral,0.08333333333333326,-0.5208333333333334,-1.053240740740741,1.6574074074074074,0.13636363636363635,BALANCED
2026-04-24,NZDJPY,Neutral,0.9112286890064667,-0.3472222222222222,0.1223544973544973,1.1360964138741916,0.22727272727272727,BALANCED
2026-04-24,CADJPY,Neutral,0.6666666666666667,-0.4166666666666667,-0.5092592592592593,1.5925925925925926,0.22727272727272727,BALANCED
2026-04-24,CHFJPY,Neutral,-0.14697236919459147,-0.9027777777777778,-0.5125661375661376,1.268371546149324,0.36363636363636365,BALANCED
2026-04-24,AUDNZD,Neutral,0.4673721340388005,-0.17361111111111113,-1.1755952380952381,1.81657848324515,0.09090909090909091,BALANCED
2026-04-24,AUDCAD,Neutral,0.9166666666666665,-0.10416666666666669,-0.5439814814814816,1.5648148148148149,0.09090909090909091,BALANCED
2026-04-24,AUDCHF,Bullish,1.5255731922398588,0.3819444444444444,-0.5406746031746031,1.6843033509700174,0.22727272727272727,n/a (not Neutral)
2026-04-24,NZDCAD,Neutral,-1.043503821281599,0.06944444444444445,0.6316137566137566,-1.7445620223398,0.18181818181818182,BALANCED
2026-04-24,NZDCHF,Neutral,0.4166666666666666,0.5555555555555556,0.6349206349206349,-0.773809523809524,0.3181818181818182,BALANCED
2026-04-24,CADCHF,Neutral,0.9905937683715462,0.4861111111111111,0.0033068783068784247,0.5011757789535567,0.3181818181818182,BALANCED
2026-05-01,EURUSD,Neutral,0.3106725146198831,-0.4687499999999999,0.8159722222222222,-0.03654970760233922,0.038461538461538464,BALANCED
2026-05-01,GBPUSD,Neutral,0.4349415204678364,1.1102230246251565e-16,0.48611111111111116,-0.051169590643274865,0.0,BALANCED
2026-05-01,USDJPY,Bullish,1.6946881091617936,1.3541666666666665,-0.6365740740740741,0.9770955165692011,0.11538461538461539,n/a (not Neutral)
2026-05-01,USDCHF,Neutral,0.4884453781512604,1.3194444444444442,-0.09920634920634908,-0.7317927170868348,0.19230769230769232,BALANCED
2026-05-01,USDCAD,Neutral,-0.04995126705653041,0.20833333333333315,0.32407407407407407,-0.5823586744639376,0.07692307692307693,BALANCED
2026-05-01,AUDUSD,Neutral,-0.5007309941520468,-0.9374999999999999,-0.7986111111111113,1.2353801169590644,0.0,BALANCED
2026-05-01,NZDUSD,Neutral,0.2468487394957984,-0.7638888888888887,0.376984126984127,0.6337535014005602,0.07692307692307693,BALANCED
2026-05-01,EURGBP,Neutral,-1.125,-0.46875,0.32986111111111105,-0.986111111111111,0.045454545454545456,BALANCED
2026-05-01,EURJPY,Bullish,1.9583333333333333,0.8854166666666665,0.17939814814814814,0.8935185185185186,0.18181818181818182,n/a (not Neutral)
2026-05-01,EURCHF,Neutral,0.8377425044091711,0.8506944444444444,0.716765873015873,-0.7297178130511464,0.2727272727272727,BALANCED
2026-05-01,EURAUD,Neutral,0.375,0.46875,1.6145833333333335,-1.7083333333333335,0.045454545454545456,BALANCED
2026-05-01,EURNZD,Neutral,0.09700176366843025,0.29513888888888884,0.43898809523809523,-0.6371252204585538,0.13636363636363635,BALANCED
2026-05-01,EURCAD,Neutral,-0.20833333333333348,-0.26041666666666674,1.1400462962962963,-1.087962962962963,0.13636363636363635,BALANCED
2026-05-01,GBPJPY,Bullish,2.5833333333333335,1.3541666666666665,-0.1504629629629628,1.3796296296296298,0.13636363636363635,n/a (not Neutral)
2026-05-01,GBPCHF,Bullish,1.5167548500881833,1.3194444444444444,0.3869047619047621,-0.18959435626102317,0.22727272727272727,n/a (not Neutral)
2026-05-01,GBPAUD,Neutral,0.5,0.9375,1.2847222222222223,-1.7222222222222223,0.0,BALANCED
2026-05-01,GBPNZD,Bullish,1.8871252204585538,0.7638888888888888,0.10912698412698418,1.0141093474426808,0.09090909090909091,n/a (not Neutral)
2026-05-01,GBPCAD,Neutral,0.41666666666666674,0.20833333333333326,0.8101851851851853,-0.6018518518518519,0.09090909090909091,BALANCED
2026-05-01,AUDJPY,Neutral,0.5833333333333333,0.4166666666666665,-1.4351851851851851,1.6018518518518519,0.13636363636363635,BALANCED
2026-05-01,NZDJPY,Neutral,0.8495002939447384,0.5902777777777777,-0.25958994708994704,0.5188124632569078,0.22727272727272727,BALANCED
2026-05-01,CADJPY,Bullish,1.666666666666667,1.1458333333333333,-0.9606481481481481,1.4814814814814818,0.22727272727272727,n/a (not Neutral)
2026-05-01,CHFJPY,Neutral,0.10875955320399762,0.0347222222222221,-0.5373677248677248,0.6114050558495003,0.36363636363636365,BALANCED
2026-05-01,AUDNZD,Neutral,0.4673721340388005,-0.17361111111111113,-1.1755952380952381,1.81657848324515,0.09090909090909091,BALANCED
2026-05-01,AUDCAD,Neutral,0.4166666666666665,-0.7291666666666667,-0.474537037037037,1.6203703703703702,0.09090909090909091,BALANCED
2026-05-01,AUDCHF,Neutral,1.2081128747795413,0.3819444444444444,-0.8978174603174603,1.7239858906525574,0.22727272727272727,BALANCED
2026-05-01,NZDCAD,Bearish,-1.5373309817754264,-0.5555555555555556,0.701058201058201,-1.6828336272780717,0.18181818181818182,n/a (not Neutral)
2026-05-01,NZDCHF,Neutral,0.10416666666666671,0.5555555555555556,0.2777777777777778,-0.7291666666666666,0.3181818181818182,BALANCED
2026-05-01,CADCHF,Bullish,1.7225161669606115,1.1111111111111112,-0.42328042328042326,1.0346854791299236,0.3181818181818182,n/a (not Neutral)
2026-05-08,EURUSD,Bullish,1.8777412280701753,0.78125,0.7291666666666665,0.3673245614035088,0.038461538461538464,n/a (not Neutral)
2026-05-08,GBPUSD,Bullish,2.871893274853801,2.34375,0.2777777777777777,0.2503654970760234,0.0,n/a (not Neutral)
2026-05-08,USDJPY,Neutral,1.275280214424951,0.8854166666666665,-0.636574074074074,1.0264376218323585,0.11538461538461539,BALANCED
2026-05-08,USDCHF,Neutral,-0.0301995798319327,0.2951388888888889,0.3373015873015874,-0.6626400560224089,0.19230769230769232,BALANCED
2026-05-08,USDCAD,Neutral,-0.4985989278752437,0.3645833333333333,0.2546296296296296,-1.1178118908382066,0.07692307692307693,BALANCED
2026-05-08,AUDUSD,Neutral,-0.08132309941520464,-0.78125,-0.48611111111111116,1.1860380116959066,0.0,BALANCED
2026-05-08,NZDUSD,Bullish,1.5007878151260503,0.8159722222222221,0.21825396825396837,0.46656162464985984,0.07692307692307693,n/a (not Neutral)
2026-05-08,EURGBP,Bearish,-2.0,-1.5625,0.45138888888888884,-0.8888888888888888,0.045454545454545456,n/a (not Neutral)
2026-05-08,EURJPY,Bullish,2.583333333333333,1.6666666666666665,0.09259259259259256,0.824074074074074,0.18181818181818182,n/a (not Neutral)
2026-05-08,EURCHF,Bullish,1.349206349206349,1.0763888888888888,1.066468253968254,-0.7936507936507937,0.2727272727272727,n/a (not Neutral)
2026-05-08,EURAUD,Neutral,1.0,1.5625,1.2152777777777777,-1.7777777777777777,0.045454545454545456,BALANCED
2026-05-08,EURNZD,Neutral,-0.13227513227513243,-0.0347222222222221,0.5109126984126982,-0.6084656084656085,0.13636363636363635,BALANCED
2026-05-08,EURCAD,Bullish,1.4166666666666665,1.1458333333333333,0.9837962962962961,-0.7129629629629628,0.13636363636363635,n/a (not Neutral)
2026-05-08,GBPJPY,Very Bullish,4.083333333333334,3.2291666666666665,-0.3587962962962963,1.2129629629629637,0.13636363636363635,n/a (not Neutral)
2026-05-08,GBPCHF,Bullish,2.892416225749559,2.638888888888889,0.6150793650793651,-0.36155202821869503,0.22727272727272727,n/a (not Neutral)
2026-05-08,GBPAUD,Bullish,2.0,3.125,0.7638888888888888,-1.8888888888888888,0.0,n/a (not Neutral)
2026-05-08,GBPNZD,Neutral,0.8553791887125219,1.527777777777778,0.05952380952380931,-0.7319223985890653,0.09090909090909091,BALANCED
2026-05-08,GBPCAD,Very Bullish,3.416666666666667,2.7083333333333335,0.532407407407407,0.17592592592592649,0.09090909090909091,n/a (not Neutral)
2026-05-08,AUDJPY,Neutral,0.5833333333333333,0.10416666666666652,-1.1226851851851851,1.6018518518518519,0.13636363636363635,BALANCED
2026-05-08,NZDJPY,Bullish,2.2516166960611406,1.7013888888888886,-0.4183201058201056,0.9685479129923575,0.22727272727272727,n/a (not Neutral)
2026-05-08,CADJPY,Neutral,0.6666666666666666,0.5208333333333333,-0.8912037037037037,1.037037037037037,0.22727272727272727,BALANCED
2026-05-08,CHFJPY,Neutral,0.7701352145796589,0.5902777777777777,-0.9738756613756614,1.1537330981775427,0.36363636363636365,BALANCED
2026-05-08,AUDNZD,Neutral,-0.3791887125220458,-1.597222222222222,-0.7043650793650793,1.9223985890652555,0.09090909090909091,BALANCED
2026-05-08,AUDCAD,Neutral,0.9166666666666665,-0.4166666666666667,-0.23148148148148157,1.5648148148148149,0.09090909090909091,BALANCED
2026-05-08,AUDCHF,Neutral,1.1022927689594357,-0.4861111111111111,-0.14880952380952378,1.7372134038800706,0.22727272727272727,BALANCED
2026-05-08,NZDCAD,Bullish,1.4697236919459142,1.1805555555555554,0.47288359788359813,-0.18371546149323925,0.18181818181818182,n/a (not Neutral)
2026-05-08,NZDCHF,Bullish,2.0833333333333335,1.111111111111111,0.5555555555555558,0.41666666666666674,0.3181818181818182,n/a (not Neutral)
2026-05-08,CADCHF,Neutral,-0.5437977660199882,-0.06944444444444442,0.08267195767195773,-0.5570252792475014,0.3181818181818182,BALANCED
2026-05-15,EURUSD,Neutral,-0.7574926900584799,-0.05208333333333348,0.3819444444444444,-1.087353801169591,0.038461538461538464,BALANCED
2026-05-15,GBPUSD,Neutral,0.2658991228070175,0.8854166666666665,0.0,-0.619517543859649,0.0,BALANCED
2026-05-15,USDJPY,Very Bullish,3.106420565302144,2.34375,-0.636574074074074,1.3992446393762181,0.11538461538461539,n/a (not Neutral)
2026-05-15,USDCHF,Neutral,0.5842962184873951,0.9201388888888892,-0.257936507936508,-0.07790616246498605,0.19230769230769232,BALANCED
2026-05-15,USDCAD,Neutral,0.5869273879142302,0.8854166666666667,0.3587962962962963,-0.6572855750487329,0.07692307692307693,BALANCED
2026-05-15,AUDUSD,Neutral,-0.36275584795321664,-1.6145833333333335,-0.5555555555555558,1.8073830409356726,0.0,BALANCED
2026-05-15,NZDUSD,Bearish,-1.5506827731092439,-0.6423611111111114,0.21825396825396837,-1.1265756302521008,0.07692307692307693,n/a (not Neutral)
2026-05-15,EURGBP,Neutral,-0.5,-0.9375,0.3819444444444444,0.05555555555555558,0.045454545454545456,BALANCED
2026-05-15,EURJPY,Bullish,2.833333333333333,2.2916666666666665,-0.25462962962962976,0.7962962962962963,0.18181818181818182,n/a (not Neutral)
2026-05-15,EURCHF,Neutral,0.326278659611993,0.8680555555555557,0.1240079365079364,-0.6657848324514991,0.2727272727272727,BALANCED
2026-05-15,EURAUD,Neutral,0.75,1.5625,0.9375,-1.75,0.045454545454545456,BALANCED
2026-05-15,EURNZD,Neutral,0.11463844797178127,0.5902777777777779,0.16369047619047605,-0.6393298059964727,0.13636363636363635,BALANCED
2026-05-15,EURCAD,Neutral,0.4166666666666665,0.8333333333333333,0.7407407407407407,-1.1574074074074074,0.13636363636363635,BALANCED
2026-05-15,GBPJPY,Very Bullish,3.333333333333333,3.2291666666666665,-0.636574074074074,0.7407407407407405,0.13636363636363635,n/a (not Neutral)
2026-05-15,GBPCHF,Neutral,0.8201058201058202,1.8055555555555558,-0.25793650793650813,-0.7275132275132274,0.22727272727272727,BALANCED
2026-05-15,GBPAUD,Neutral,1.2499999999999996,2.5,0.5555555555555554,-1.8055555555555558,0.0,BALANCED
2026-05-15,GBPNZD,Neutral,0.6084656084656085,1.527777777777778,-0.21825396825396837,-0.701058201058201,0.09090909090909091,BALANCED
2026-05-15,GBPCAD,Neutral,0.9166666666666667,1.7708333333333333,0.3587962962962965,-1.212962962962963,0.09090909090909091,BALANCED
2026-05-15,AUDJPY,Neutral,1.0833333333333333,0.7291666666666665,-1.1921296296296295,1.5462962962962963,0.13636363636363635,BALANCED
2026-05-15,NZDJPY,Bullish,1.696061140505585,1.7013888888888886,-0.4183201058201056,0.41299235743680196,0.22727272727272727,n/a (not Neutral)
2026-05-15,CADJPY,Bullish,1.4166666666666665,1.4583333333333333,-0.9953703703703703,0.9537037037037036,0.22727272727272727,n/a (not Neutral)
2026-05-15,CHFJPY,Bullish,2.0399764844209285,1.4236111111111107,-0.37863756613756583,0.9950029394473836,0.36363636363636365,n/a (not Neutral)
2026-05-15,AUDNZD,Neutral,0.11463844797178138,-0.9722222222222221,-0.773809523809524,1.8606701940035275,0.09090909090909091,BALANCED
2026-05-15,AUDCAD,Neutral,0.6666666666666666,-0.7291666666666667,-0.1967592592592593,1.5925925925925926,0.09090909090909091,BALANCED
2026-05-15,AUDCHF,Neutral,0.326278659611993,-0.6944444444444443,-0.8134920634920636,1.8342151675485008,0.22727272727272727,BALANCED
2026-05-15,NZDCAD,Neutral,-0.9376837154614932,0.24305555555555536,0.5770502645502646,-1.7577895355673132,0.18181818181818182,BALANCED
2026-05-15,NZDCHF,Neutral,-1.0416666666666665,0.2777777777777778,-0.03968253968253965,-1.2797619047619047,0.3181818181818182,BALANCED
2026-05-15,CADCHF,Neutral,-0.5173427395649617,0.03472222222222243,-0.6167328042328043,0.06466784244562018,0.3181818181818182,BALANCED
2026-05-22,EURUSD,Bearish,-1.3788377192982457,-0.8333333333333335,0.46875,-1.0142543859649122,0.038461538461538464,n/a (not Neutral)
2026-05-22,GBPUSD,Neutral,0.07584064327485374,-0.9895833333333335,0.48611111111111116,0.5793128654970761,0.0,BALANCED
2026-05-22,USDJPY,Bullish,2.360806530214425,1.4062500000000002,-0.5324074074074074,1.4869639376218322,0.11538461538461539,n/a (not Neutral)
2026-05-22,USDCHF,Neutral,0.311186974789916,0.9201388888888892,0.09920634920634896,-0.708158263305322,0.19230769230769232,BALANCED
2026-05-22,USDCAD,Bullish,2.053788986354776,1.71875,-0.011574074074073959,0.34661306042885,0.07692307692307693,n/a (not Neutral)
2026-05-22,AUDUSD,Bearish,-1.688291910331384,-3.28125,-0.37037037037037024,1.9633284600389862,0.0,n/a (not Neutral)
2026-05-22,NZDUSD,Neutral,0.5291491596638652,-0.6423611111111114,0.5753968253968254,0.5961134453781513,0.07692307692307693,BALANCED
2026-05-22,EURGBP,Neutral,-0.875,0.15625,-0.01736111111111116,-1.0138888888888888,0.045454545454545456,BALANCED
2026-05-22,EURJPY,Bullish,1.4583333333333335,0.5729166666666667,-0.06365740740740744,0.9490740740740742,0.18181818181818182,n/a (not Neutral)
2026-05-22,EURCHF,Neutral,0.026455026455026485,0.08680555555555569,0.5679563492063491,-0.6283068783068783,0.2727272727272727,BALANCED
2026-05-22,EURAUD,Bullish,1.458333333333333,2.4479166666666665,0.8391203703703702,-1.8287037037037037,0.045454545454545456,n/a (not Neutral)
2026-05-22,EURNZD,Neutral,-0.8201058201058199,-0.1909722222222221,-0.10664682539682535,-0.5224867724867724,0.13636363636363635,BALANCED
2026-05-22,EURCAD,Neutral,0.7083333333333333,0.8854166666666665,0.45717592592592604,-0.6342592592592593,0.13636363636363635,BALANCED
2026-05-22,GBPJPY,Bullish,1.8333333333333335,0.41666666666666674,-0.04629629629629628,1.462962962962963,0.13636363636363635,n/a (not Neutral)
2026-05-22,GBPCHF,Neutral,-0.0970017636684303,-0.06944444444444431,0.5853174603174602,-0.6128747795414462,0.22727272727272727,BALANCED
2026-05-22,GBPAUD,Bullish,1.333333333333333,2.2916666666666665,0.8564814814814814,-1.8148148148148149,0.0,n/a (not Neutral)
2026-05-22,GBPNZD,Neutral,-0.9435626102292767,-0.3472222222222221,-0.08928571428571419,-0.5070546737213404,0.09090909090909091,BALANCED
2026-05-22,GBPCAD,Bullish,1.5833333333333335,0.7291666666666665,0.4745370370370372,0.37962962962962976,0.09090909090909091,n/a (not Neutral)
2026-05-22,AUDJPY,Neutral,-1.0,-1.8749999999999998,-0.9027777777777779,1.7777777777777777,0.13636363636363635,BALANCED
2026-05-22,NZDJPY,Bullish,1.828336272780717,0.7638888888888888,0.04298941798941791,1.0214579659024103,0.22727272727272727,n/a (not Neutral)
2026-05-22,CADJPY,Neutral,0.25,-0.3124999999999999,-0.5208333333333334,1.0833333333333333,0.22727272727272727,BALANCED
2026-05-22,CHFJPY,Neutral,0.9817754262198707,0.48611111111111105,-0.6316137566137565,1.1272780717225162,0.36363636363636365,BALANCED
2026-05-22,AUDNZD,Bearish,-1.519694297472075,-2.6388888888888884,-0.9457671957671958,2.064961787184009,0.09090909090909091,n/a (not Neutral)
2026-05-22,AUDCAD,Neutral,-0.24999999999999978,-1.5625,-0.3819444444444442,1.6944444444444444,0.09090909090909091,BALANCED
2026-05-22,AUDCHF,Neutral,-0.6731334509112284,-2.3611111111111107,-0.2711640211640214,1.9591416813639038,0.22727272727272727,BALANCED
2026-05-22,NZDCAD,Bullish,2.0135214579659024,1.0763888888888886,0.5638227513227514,0.3733098177542624,0.18181818181818182,n/a (not Neutral)
2026-05-22,NZDCHF,Neutral,-0.41666666666666685,0.2777777777777778,0.6746031746031744,-1.369047619047619,0.3181818181818182,BALANCED
2026-05-22,CADCHF,Neutral,-0.6114050558495002,-0.7986111111111109,0.11078042328042315,0.07642563198118757,0.3181818181818182,BALANCED
2026-05-29,EURUSD,Bearish,-1.4720394736842104,-1.1458333333333333,0.6770833333333333,-1.0032894736842104,0.038461538461538464,n/a (not Neutral)
2026-05-29,GBPUSD,Bullish,1.503106725146199,-0.05208333333333334,0.5555555555555556,0.9996345029239767,0.0,n/a (not Neutral)
2026-05-29,USDJPY,Neutral,0.0222344054580896,-0.36458333333333326,-0.7870370370370372,1.17385477582846,0.11538461538461539,BALANCED
2026-05-29,USDCHF,Bearish,-1.6557247899159664,-0.6423611111111109,0.09920634920634908,-1.1125700280112045,0.19230769230769232,n/a (not Neutral)
2026-05-29,USDCAD,Neutral,0.7629751461988303,1.6145833333333333,-0.17361111111111116,-0.6779970760233918,0.07692307692307693,BALANCED
2026-05-29,AUDUSD,Neutral,-1.0358796296296293,-2.34375,-0.5787037037037033,1.886574074074074,0.0,BALANCED
2026-05-29,NZDUSD,Bullish,1.8658088235294117,0.9201388888888887,-0.13888888888888884,1.0845588235294117,0.07692307692307693,n/a (not Neutral)
2026-05-29,EURGBP,Bearish,-1.875,-1.09375,0.12152777777777779,-0.9027777777777778,0.045454545454545456,n/a (not Neutral)
2026-05-29,EURJPY,Neutral,0.04166666666666674,-1.5104166666666665,-0.10995370370370372,1.662037037037037,0.18181818181818182,BALANCED
2026-05-29,EURCHF,Bearish,-1.455026455026455,-1.7881944444444442,0.7762896825396823,-0.443121693121693,0.2727272727272727,n/a (not Neutral)
2026-05-29,EURAUD,Neutral,0.708333333333333,1.1979166666666665,1.2557870370370368,-1.7453703703703702,0.045454545454545456,BALANCED
2026-05-29,EURNZD,Bearish,-2.2222222222222223,-2.0659722222222223,0.8159722222222223,-0.9722222222222223,0.13636363636363635,n/a (not Neutral)
2026-05-29,EURCAD,Neutral,0.875,0.46875,0.5034722222222222,-0.09722222222222221,0.13636363636363635,BALANCED
2026-05-29,GBPJPY,Neutral,0.9166666666666667,-0.4166666666666666,-0.23148148148148157,1.5648148148148149,0.13636363636363635,BALANCED
2026-05-29,GBPCHF,Neutral,-0.5908289241622575,-0.6944444444444443,0.6547619047619047,-0.5511463844797179,0.22727272727272727,BALANCED
2026-05-29,GBPAUD,Bullish,1.583333333333333,2.2916666666666665,1.134259259259259,-1.8425925925925926,0.0,n/a (not Neutral)
2026-05-29,GBPNZD,Bearish,-1.3580246913580245,-0.9722222222222221,0.6944444444444444,-1.0802469135802468,0.09090909090909091,n/a (not Neutral)
2026-05-29,GBPCAD,Bullish,2.75,1.5625,0.3819444444444444,0.8055555555555556,0.09090909090909091,n/a (not Neutral)
2026-05-29,AUDJPY,Bearish,-2.166666666666666,-2.708333333333333,-1.3657407407407405,1.9074074074074074,0.13636363636363635,n/a (not Neutral)
2026-05-29,NZDJPY,Neutral,0.7818930041152262,0.5555555555555556,-0.925925925925926,1.1522633744855968,0.22727272727272727,BALANCED
2026-05-29,CADJPY,Bearish,-1.333333333333333,-1.9791666666666665,-0.613425925925926,1.2592592592592595,0.22727272727272727,n/a (not Neutral)
2026-05-29,CHFJPY,Neutral,0.5702527924750147,0.27777777777777773,-0.8862433862433863,1.1787184009406233,0.36363636363636365,BALANCED
2026-05-29,AUDNZD,Bearish,-2.1810699588477362,-3.2638888888888884,-0.4398148148148149,1.522633744855967,0.09090909090909091,n/a (not Neutral)
2026-05-29,AUDCAD,Neutral,0.16666666666666718,-0.7291666666666665,-0.7523148148148144,1.6481481481481481,0.09090909090909091,BALANCED
2026-05-29,AUDCHF,Bearish,-1.413874191651969,-2.9861111111111107,-0.4794973544973544,2.0517342739564963,0.22727272727272727,n/a (not Neutral)
2026-05-29,NZDCAD,Bullish,2.5308641975308643,2.5347222222222223,-0.3125,0.308641975308642,0.18181818181818182,n/a (not Neutral)
2026-05-29,NZDCHF,Neutral,0.8333333333333333,0.2777777777777778,-0.039682539682539764,0.5952380952380952,0.3181818181818182,BALANCED
2026-05-29,CADCHF,Bearish,-2.8747795414462085,-2.256944444444444,0.27281746031746,-0.8906525573192243,0.3181818181818182,n/a (not Neutral)
2026-06-05,EURUSD,Bearish,-1.6480872319688111,-0.8854166666666667,0.21990740740740744,-0.9825779727095518,0.038461538461538464,n/a (not Neutral)
2026-06-05,GBPUSD,Neutral,-1.0389254385964914,-0.78125,0.20833333333333326,-0.4660087719298247,0.0,BALANCED
2026-06-05,USDJPY,Bullish,1.48239522417154,0.9895833333333335,-0.5092592592592593,1.0020711500974657,0.11538461538461539,n/a (not Neutral)
2026-06-05,USDCHF,Bullish,2.984506302521008,2.517361111111111,0.19841269841269815,0.2687324929971986,0.19230769230769232,n/a (not Neutral)
2026-06-05,USDCAD,Bullish,2.6422392787524367,2.1354166666666665,-0.3587962962962963,0.8656189083820665,0.07692307692307693,n/a (not Neutral)
2026-06-05,AUDUSD,Bearish,-1.8625121832358673,-2.864583333333333,-0.3935185185185186,1.3955896686159843,0.0,n/a (not Neutral)
2026-06-05,NZDUSD,Neutral,-1.09375,-0.4340277777777779,-0.13888888888888884,-0.5208333333333333,0.07692307692307693,BALANCED
2026-06-05,EURGBP,Neutral,-1.0833333333333333,-0.10416666666666674,0.011574074074074181,-0.9907407407407407,0.045454545454545456,BALANCED
2026-06-05,EURJPY,Neutral,0.8333333333333335,0.10416666666666669,-0.2893518518518518,1.0185185185185186,0.18181818181818182,BALANCED
2026-06-05,EURCHF,Neutral,1.266901822457378,1.6319444444444444,0.4183201058201058,-0.7833627278071722,0.2727272727272727,BALANCED
2026-06-05,EURAUD,Neutral,0.833333333333333,1.9791666666666663,0.6134259259259263,-1.7592592592592595,0.045454545454545456,BALANCED
2026-06-05,EURNZD,Neutral,-1.1934156378600822,-0.45138888888888884,0.3587962962962963,-1.1008230452674896,0.13636363636363635,BALANCED
2026-06-05,EURCAD,Neutral,0.9999999999999998,1.2499999999999998,-0.13888888888888884,-0.11111111111111116,0.13636363636363635,BALANCED
2026-06-05,GBPJPY,Bullish,1.4166666666666665,0.20833333333333343,-0.300925925925926,1.509259259259259,0.13636363636363635,n/a (not Neutral)
2026-06-05,GBPCHF,Very Bullish,3.0158730158730163,1.7361111111111112,0.40674603174603163,0.8730158730158735,0.22727272727272727,n/a (not Neutral)
2026-06-05,GBPAUD,Bullish,1.4166666666666665,2.083333333333333,0.6018518518518521,-1.2685185185185186,0.0,n/a (not Neutral)
2026-06-05,GBPNZD,Neutral,0.5555555555555556,-0.3472222222222221,0.3472222222222221,0.5555555555555556,0.09090909090909091,BALANCED
2026-06-05,GBPCAD,Bullish,2.083333333333333,1.3541666666666665,-0.15046296296296302,0.8796296296296295,0.09090909090909091,n/a (not Neutral)
2026-06-05,AUDJPY,Bearish,-1.5,-1.8749999999999996,-0.9027777777777781,1.2777777777777777,0.13636363636363635,n/a (not Neutral)
2026-06-05,NZDJPY,Neutral,0.4732510288065844,0.5555555555555556,-0.6481481481481481,0.5658436213991769,0.22727272727272727,BALANCED
2026-06-05,CADJPY,Neutral,-0.6666666666666663,-1.145833333333333,-0.15046296296296302,0.6296296296296298,0.22727272727272727,BALANCED
2026-06-05,CHFJPY,Bearish,-1.4315108759553206,-1.5277777777777777,-0.7076719576719577,0.8039388594944148,0.36363636363636365,n/a (not Neutral)
2026-06-05,AUDNZD,Neutral,-0.7201646090534977,-2.4305555555555554,-0.25462962962962976,1.9650205761316875,0.09090909090909091,BALANCED
2026-06-05,AUDCAD,Neutral,0.16666666666666674,-0.7291666666666665,-0.7523148148148149,1.6481481481481481,0.09090909090909091,BALANCED
2026-06-05,AUDCHF,Neutral,1.184597295708407,-0.3472222222222219,-0.19510582010582023,1.726925338036449,0.22727272727272727,BALANCED
2026-06-05,NZDCAD,Bullish,2.1810699588477362,1.7013888888888886,-0.4976851851851851,0.9773662551440327,0.18181818181818182,n/a (not Neutral)
2026-06-05,NZDCHF,Neutral,1.25,2.083333333333333,0.059523809523809756,-0.8928571428571428,0.3181818181818182,BALANCED
2026-06-05,CADCHF,Neutral,-0.2763080540858318,0.38194444444444464,0.5572089947089947,-1.215461493239271,0.3181818181818182,BALANCED
2026-06-12,EURUSD,Bearish,-1.3529483430799218,-0.625,0.2893518518518519,-1.0173001949317737,0.038461538461538464,n/a (not Neutral)
2026-06-12,GBPUSD,Neutral,-0.9923245614035087,-1.1458333333333333,0.625,-0.4714912280701754,0.0,BALANCED
2026-06-12,USDJPY,Neutral,1.187256335282651,0.7291666666666667,-0.5787037037037037,1.036793372319688,0.11538461538461539,BALANCED
2026-06-12,USDCHF,Bullish,1.5730042016806725,1.6319444444444444,-0.5158730158730158,0.45693277310924385,0.19230769230769232,n/a (not Neutral)
2026-06-12,USDCAD,Bullish,1.8500243664717346,1.2499999999999998,-0.3587962962962963,0.9588206627680311,0.07692307692307693,n/a (not Neutral)
2026-06-12,AUDUSD,Bearish,-2.0644493177387915,-3.229166666666666,-0.25462962962962976,1.4193469785575044,0.0,n/a (not Neutral)
2026-06-12,NZDUSD,Neutral,-0.3125,0.45138888888888884,-0.13888888888888884,-0.625,0.07692307692307693,BALANCED
2026-06-12,EURGBP,Neutral,-0.8333333333333335,0.5208333333333333,-0.3356481481481481,-1.0185185185185186,0.045454545454545456,BALANCED
2026-06-12,EURJPY,Neutral,0.8333333333333335,0.10416666666666674,-0.28935185185185186,1.0185185185185186,0.18181818181818182,BALANCED
2026-06-12,EURCHF,Neutral,0.13815402704291602,1.0069444444444444,-0.22652116402116396,-0.6422692533803644,0.2727272727272727,BALANCED
2026-06-12,EURAUD,Bullish,1.833333333333333,2.6041666666666665,0.5439814814814814,-1.3148148148148149,0.045454545454545456,n/a (not Neutral)
2026-06-12,EURNZD,Bearish,-1.6872427983539096,-1.0763888888888888,0.4282407407407407,-1.0390946502057614,0.13636363636363635,n/a (not Neutral)
2026-06-12,EURCAD,Bullish,1.5,0.6249999999999998,-0.06944444444444431,0.9444444444444445,0.13636363636363635,n/a (not Neutral)
2026-06-12,GBPJPY,Neutral,1.1666666666666667,-0.4166666666666666,0.04629629629629628,1.537037037037037,0.13636363636363635,BALANCED
2026-06-12,GBPCHF,Bullish,1.6402116402116405,0.48611111111111116,0.10912698412698418,1.044973544973545,0.22727272727272727,n/a (not Neutral)
2026-06-12,GBPAUD,Bullish,1.6666666666666665,2.083333333333333,0.8796296296296298,-1.2962962962962963,0.0,n/a (not Neutral)
2026-06-12,GBPNZD,Neutral,-0.18518518518518515,-1.597222222222222,0.7638888888888888,0.6481481481481481,0.09090909090909091,BALANCED
2026-06-12,GBPCAD,Bullish,1.8333333333333333,0.10416666666666652,0.2662037037037038,1.462962962962963,0.09090909090909091,n/a (not Neutral)
2026-06-12,AUDJPY,Bearish,-2.0,-2.4999999999999996,-0.8333333333333335,1.333333333333333,0.13636363636363635,n/a (not Neutral)
2026-06-12,NZDJPY,Bullish,1.5226337448559668,1.1805555555555556,-0.7175925925925926,1.0596707818930038,0.22727272727272727,n/a (not Neutral)
2026-06-12,CADJPY,Neutral,-0.16666666666666652,-0.520833333333333,-0.21990740740740755,0.5740740740740741,0.22727272727272727,BALANCED
2026-06-12,CHFJPY,Neutral,-0.30276308054085826,-0.9027777777777777,-0.0628306878306879,0.6628453850676073,0.36363636363636365,BALANCED
2026-06-12,AUDNZD,Bearish,-2.2633744855967075,-3.6805555555555554,-0.11574074074074048,1.5329218106995883,0.09090909090909091,n/a (not Neutral)
2026-06-12,AUDCAD,Neutral,-0.833333333333333,-1.9791666666666665,-0.613425925925926,1.7592592592592595,0.09090909090909091,BALANCED
2026-06-12,AUDCHF,Neutral,-0.4379776601998822,-1.5972222222222219,-0.7705026455026456,1.9297472075249853,0.22727272727272727,BALANCED
2026-06-12,NZDCAD,Bullish,2.736625514403292,1.7013888888888886,-0.4976851851851851,1.5329218106995885,0.18181818181818182,n/a (not Neutral)
2026-06-12,NZDCHF,Bullish,2.5,2.083333333333333,-0.6547619047619044,1.0714285714285714,0.3181818181818182,n/a (not Neutral)
2026-06-12,CADCHF,Neutral,-0.9112286890064667,0.38194444444444464,-0.1570767195767196,-1.1360964138741918,0.3181818181818182,BALANCED
2026-06-19,EURUSD,Neutral,-1.0267422027290447,-0.2604166666666667,0.28935185185185186,-1.0556773879142298,0.038461538461538464,BALANCED
2026-06-19,GBPUSD,Neutral,-0.33473440545808963,-0.6770833333333333,0.8912037037037037,-0.5488547758284601,0.0,BALANCED
2026-06-19,USDJPY,Neutral,0.8610501949317739,0.36458333333333337,-0.5787037037037037,1.0751705653021442,0.11538461538461539,BALANCED
2026-06-19,USDCHF,Bullish,2.511817226890756,2.517361111111111,-0.33730158730158744,0.3317577030812324,0.19230769230769232,n/a (not Neutral)
2026-06-19,USDCAD,Neutral,0.9438961988304093,0.46875,-0.5902777777777778,1.0654239766081872,0.07692307692307693,BALANCED
2026-06-19,AUDUSD,Bearish,-1.4897051656920075,-2.864583333333333,0.023148148148147918,1.3517300194931776,0.0,n/a (not Neutral)
2026-06-19,NZDUSD,Neutral,0.6394432773109242,0.8159722222222221,0.5753968253968254,-0.7519257703081232,0.07692307692307693,BALANCED
2026-06-19,EURGBP,Neutral,-0.6666666666666667,0.4166666666666666,-0.6018518518518519,-0.4814814814814815,0.045454545454545456,BALANCED
2026-06-19,EURJPY,Neutral,0.8333333333333335,0.10416666666666669,-0.28935185185185186,1.0185185185185186,0.18181818181818182,BALANCED
2026-06-19,EURCHF,Bullish,2.519106407995297,2.2569444444444446,-0.0479497354497358,0.3101116990005881,0.2727272727272727,n/a (not Neutral)
2026-06-19,EURAUD,Bullish,1.5833333333333335,2.6041666666666665,0.2662037037037037,-1.2870370370370368,0.045454545454545456,n/a (not Neutral)
2026-06-19,EURNZD,Bearish,-1.7666078777189886,-1.0763888888888888,-0.2860449735449735,-0.4041740152851263,0.13636363636363635,n/a (not Neutral)
2026-06-19,EURCAD,Neutral,0.9166666666666666,0.20833333333333331,-0.30092592592592593,1.0092592592592593,0.13636363636363635,BALANCED
2026-06-19,GBPJPY,Neutral,1.0,-0.3124999999999999,0.31249999999999994,1.0,0.13636363636363635,BALANCED
2026-06-19,GBPCHF,Very Bullish,3.239271017048795,1.840277777777778,0.5539021164021161,0.8450911228689009,0.22727272727272727,n/a (not Neutral)
2026-06-19,GBPAUD,Bullish,1.7499999999999996,2.1875,0.8680555555555554,-1.3055555555555558,0.0,n/a (not Neutral)
2026-06-19,GBPNZD,Neutral,-0.4908877131099351,-1.4930555555555554,0.31580687830687837,0.6863609641387418,0.09090909090909091,BALANCED
2026-06-19,GBPCAD,Bullish,1.5833333333333333,-0.20833333333333326,0.3009259259259259,1.4907407407407407,0.09090909090909091,n/a (not Neutral)
2026-06-19,AUDJPY,Bearish,-1.7499999999999996,-2.4999999999999996,-0.5555555555555558,1.3055555555555558,0.13636363636363635,n/a (not Neutral)
2026-06-19,NZDJPY,Bullish,2.157554379776602,1.1805555555555554,-0.003306878306878147,0.9803057025279247,0.22727272727272727,n/a (not Neutral)
2026-06-19,CADJPY,Neutral,0.41666666666666674,-0.10416666666666663,0.01157407407407407,0.5092592592592593,0.22727272727272727,BALANCED
2026-06-19,CHFJPY,Bearish,-1.5726043503821279,-2.1527777777777777,-0.24140211640211628,0.8215755437977661,0.36363636363636365,n/a (not Neutral)
2026-06-19,AUDNZD,Bearish,-2.651381540270429,-3.6805555555555554,-0.5522486772486772,1.5814226925338035,0.09090909090909091,n/a (not Neutral)
2026-06-19,AUDCAD,Neutral,-1.1666666666666665,-2.395833333333333,-0.5671296296296298,1.7962962962962963,0.09090909090909091,BALANCED
2026-06-19,AUDCHF,Neutral,1.078777189888301,-0.3472222222222219,-0.3141534391534395,1.7401528512639624,0.22727272727272727,BALANCED
2026-06-19,NZDCAD,Bullish,2.795414462081129,1.284722222222222,-0.014880952380952328,1.5255731922398592,0.18181818181818182,n/a (not Neutral)
2026-06-19,NZDCHF,Very Bullish,4.374999999999999,3.333333333333333,0.23809523809523814,0.8035714285714279,0.3181818181818182,n/a (not Neutral)
2026-06-19,CADCHF,Neutral,0.9347442680776014,2.048611111111111,0.25297619047619024,-1.3668430335097002,0.3181818181818182,BALANCED
2026-06-26,EURUSD,Bearish,-1.8015960038986356,-1.1458333333333335,0.8969907407407409,-1.552753411306043,0.038461538461538464,n/a (not Neutral)
2026-06-26,GBPUSD,Neutral,0.038072612085770244,0.1562500000000001,0.4745370370370372,-0.592714424951267,0.0,BALANCED
2026-06-26,USDJPY,Neutral,0.26894493177387907,-1.09375,-0.37037037037037024,1.7330653021442493,0.11538461538461539,BALANCED
2026-06-26,USDCHF,Bullish,2.5643382352941173,2.9340277777777777,-0.6944444444444442,0.3247549019607838,0.19230769230769232,n/a (not Neutral)
2026-06-26,USDCAD,Bullish,1.3459429824561404,0.26041666666666663,-0.5208333333333333,1.606359649122807,0.07692307692307693,n/a (not Neutral)
2026-06-26,AUDUSD,Bearish,-1.3118299220272902,-2.239583333333333,0.18518518518518512,0.7425682261208577,0.0,n/a (not Neutral)
2026-06-26,NZDUSD,Neutral,0.2717962184873948,0.39930555555555547,0.5753968253968254,-0.7029061624649859,0.07692307692307693,BALANCED
2026-06-26,EURGBP,Bearish,-2.291666666666667,-1.3020833333333335,0.4224537037037036,-1.4120370370370372,0.045454545454545456,n/a (not Neutral)
2026-06-26,EURJPY,Neutral,-1.0416666666666665,-2.239583333333333,0.5266203703703702,0.6712962962962963,0.18181818181818182,BALANCED
2026-06-26,EURCHF,Bullish,2.325102880658436,1.7881944444444444,0.2025462962962965,0.33436213991769526,0.2727272727272727,n/a (not Neutral)
2026-06-26,EURAUD,Neutral,0.6249999999999998,1.0937499999999998,0.7118055555555556,-1.1805555555555556,0.045454545454545456,BALANCED
2026-06-26,EURNZD,Neutral,-0.5320399764844209,-1.5451388888888888,0.32159391534391535,0.6915049970605526,0.13636363636363635,BALANCED
2026-06-26,EURCAD,Neutral,0.04166666666666674,-0.8854166666666667,0.37615740740740755,0.5509259259259259,0.13636363636363635,BALANCED
2026-06-26,GBPJPY,Neutral,-0.24999999999999956,-0.9374999999999998,0.10416666666666696,0.5833333333333333,0.13636363636363635,BALANCED
2026-06-26,GBPCHF,Very Bullish,3.6625514403292185,3.0902777777777777,-0.21990740740740655,0.7921810699588474,0.22727272727272727,n/a (not Neutral)
2026-06-26,GBPAUD,Bullish,1.4166666666666665,2.395833333333333,0.2893518518518521,-1.2685185185185186,0.0,n/a (not Neutral)
2026-06-26,GBPNZD,Neutral,0.2498530276308058,-0.24305555555555536,-0.10085978835978815,0.5937683715461493,0.09090909090909091,BALANCED
2026-06-26,GBPCAD,Bullish,1.8333333333333337,0.41666666666666674,-0.04629629629629606,1.462962962962963,0.09090909090909091,n/a (not Neutral)
2026-06-26,AUDJPY,Bearish,-2.166666666666666,-3.333333333333333,-0.18518518518518512,1.351851851851852,0.13636363636363635,n/a (not Neutral)
2026-06-26,NZDJPY,Neutral,0.12051734273956505,-0.6944444444444444,0.2050264550264551,0.6099353321575544,0.22727272727272727,BALANCED
2026-06-26,CADJPY,Neutral,-0.583333333333333,-1.3541666666666665,0.15046296296296302,0.6203703703703705,0.22727272727272727,BALANCED
2026-06-26,CHFJPY,Bearish,-2.736625514403292,-4.027777777777778,0.32407407407407396,0.9670781893004117,0.36363636363636365,n/a (not Neutral)
2026-06-26,AUDNZD,Bearish,-1.5814226925338037,-2.6388888888888884,-0.39021164021164045,1.447677836566725,0.09090909090909091,n/a (not Neutral)
2026-06-26,AUDCAD,Neutral,-1.0833333333333335,-1.9791666666666665,-0.33564814814814836,1.2314814814814814,0.09090909090909091,BALANCED
2026-06-26,AUDCHF,Neutral,1.2757201646090537,0.6944444444444446,-0.5092592592592591,1.0905349794238681,0.22727272727272727,BALANCED
2026-06-26,NZDCAD,Neutral,0.6349206349206349,0.6597222222222221,0.05456349206349209,-0.0793650793650793,0.18181818181818182,BALANCED
2026-06-26,NZDCHF,Bullish,2.1875,3.333333333333333,-0.11904761904761862,-1.0267857142857144,0.3181818181818182,n/a (not Neutral)
2026-06-26,CADCHF,Neutral,1.1111111111111112,2.673611111111111,-0.17361111111111116,-1.3888888888888888,0.3181818181818182,BALANCED
2026-07-03,EURUSD,Bearish,-2.4022295321637426,-1.5625,0.6423611111111112,-1.4820906432748537,0.038461538461538464,n/a (not Neutral)
2026-07-03,GBPUSD,Neutral,-0.7696759259259258,-0.8333333333333333,0.5613425925925926,-0.4976851851851851,0.0,BALANCED
2026-07-03,USDJPY,Neutral,1.1181164717348928,-0.05208333333333326,-0.462962962962963,1.633162768031189,0.11538461538461539,BALANCED
2026-07-03,USDCHF,Very Bullish,4.2397584033613445,3.142361111111111,-0.33730158730158744,1.4346988795518207,0.19230769230769232,n/a (not Neutral)
2026-07-03,USDCAD,Neutral,0.3725024366471738,-0.989583333333333,-0.3587962962962963,1.7208820662768032,0.07692307692307693,BALANCED
2026-07-03,AUDUSD,Bearish,-1.4982334307992202,-2.4479166666666665,0.18518518518518512,0.7644980506822612,0.0,n/a (not Neutral)
2026-07-03,NZDUSD,Neutral,-0.5002626050420169,0.1909722222222221,0.5753968253968254,-1.2666316526610644,0.07692307692307693,BALANCED
2026-07-03,EURGBP,Bearish,-2.083333333333333,-0.7291666666666667,0.0810185185185186,-1.435185185185185,0.045454545454545456,n/a (not Neutral)
2026-07-03,EURJPY,Neutral,-0.7916666666666667,-1.6145833333333333,0.17939814814814814,0.6435185185185184,0.18181818181818182,BALANCED
2026-07-03,EURCHF,Neutral,1.1199294532627866,1.5798611111111112,0.3050595238095237,-0.7649911816578483,0.2727272727272727,BALANCED
2026-07-03,EURAUD,Neutral,0.20833333333333326,0.8854166666666665,0.45717592592592604,-1.1342592592592593,0.045454545454545456,BALANCED
2026-07-03,EURNZD,Neutral,-0.9435626102292767,-1.753472222222222,0.06696428571428581,0.7429453262786596,0.13636363636363635,BALANCED
2026-07-03,EURCAD,Bearish,-1.541666666666666,-2.552083333333333,0.2835648148148149,0.7268518518518521,0.13636363636363635,n/a (not Neutral)
2026-07-03,GBPJPY,Neutral,0.29166666666666674,-0.8854166666666665,0.09837962962962954,1.0787037037037037,0.13636363636363635,BALANCED
2026-07-03,GBPCHF,Very Bullish,3.9182833627278075,2.3090277777777777,0.22404100529100557,1.3852145796590243,0.22727272727272727,n/a (not Neutral)
2026-07-03,GBPAUD,Neutral,1.2916666666666665,1.6145833333333333,0.37615740740740744,-0.6990740740740742,0.0,BALANCED
2026-07-03,GBPNZD,Neutral,-0.36743092298647834,-1.0243055555555554,-0.014054232804232791,0.6709288653733099,0.09090909090909091,BALANCED
2026-07-03,GBPCAD,Neutral,0.04166666666666696,-1.8229166666666663,0.20254629629629628,1.662037037037037,0.09090909090909091,BALANCED
2026-07-03,AUDJPY,Bearish,-2.0,-2.5,-0.2777777777777777,0.7777777777777777,0.13636363636363635,n/a (not Neutral)
2026-07-03,NZDJPY,Neutral,0.7789535567313344,0.13888888888888884,0.11243386243386233,0.5276308054085832,0.22727272727272727,BALANCED
2026-07-03,CADJPY,Neutral,0.7499999999999997,0.9374999999999998,-0.10416666666666674,-0.08333333333333337,0.22727272727272727,BALANCED
2026-07-03,CHFJPY,Bearish,-2.3956496178718396,-3.1944444444444446,-0.12566137566137536,0.9244562022339804,0.36363636363636365,n/a (not Neutral)
2026-07-03,AUDNZD,Bearish,-2.1369782480893593,-2.6388888888888884,-0.39021164021164045,0.8921222810111695,0.09090909090909091,n/a (not Neutral)
2026-07-03,AUDCAD,Bearish,-2.2499999999999996,-3.4374999999999996,-0.17361111111111116,1.3611111111111112,0.09090909090909091,n/a (not Neutral)
2026-07-03,AUDCHF,Neutral,1.0376249265138155,0.6944444444444446,-0.15211640211640232,0.4952968841857732,0.22727272727272727,BALANCED
2026-07-03,NZDCAD,Neutral,0.5937683715461495,-0.7986111111111109,0.21660052910052907,1.1757789535567313,0.18181818181818182,BALANCED
2026-07-03,NZDCHF,Bullish,2.4999999999999996,3.333333333333333,0.23809523809523814,-1.0714285714285716,0.3181818181818182,n/a (not Neutral)
2026-07-03,CADCHF,Bullish,2.5808348030570256,4.131944444444445,0.021494708994708844,-1.5726043503821279,0.3181818181818182,n/a (not Neutral)
2026-07-10,EURUSD,Bearish,-1.6566154970760236,-0.9375,0.8506944444444444,-1.569809941520468,0.038461538461538464,n/a (not Neutral)
2026-07-10,GBPUSD,Neutral,0.005177875243664766,-0.5208333333333333,0.5266203703703703,-0.0006091617933723249,0.0,BALANCED
2026-07-10,USDJPY,Neutral,0.6683298319327733,-0.32986111111111116,-0.9126984126984126,1.910889355742297,0.11538461538461539,BALANCED
2026-07-10,USDCHF,Bullish,2.664128151260505,1.4756944444444444,-0.4563492063492063,1.6447829131652667,0.19230769230769232,n/a (not Neutral)
2026-07-10,USDCAD,Neutral,0.3725024366471738,-0.989583333333333,-0.3587962962962963,1.7208820662768032,0.07692307692307693,BALANCED
2026-07-10,AUDUSD,Bearish,-1.5274731968810915,-1.8229166666666665,0.1157407407407407,0.1797027290448343,0.0,n/a (not Neutral)
2026-07-10,NZDUSD,Neutral,-1.088497899159664,0.1909722222222221,0.5753968253968254,-1.8548669467787116,0.07692307692307693,BALANCED
2026-07-10,EURGBP,Bearish,-1.5833333333333335,-0.41666666666666674,0.32407407407407407,-1.490740740740741,0.045454545454545456,n/a (not Neutral)
2026-07-10,EURJPY,Neutral,-0.6261022927689595,-1.2673611111111112,-0.062003968253968145,0.7032627865961198,0.18181818181818182,BALANCED
2026-07-10,EURCHF,Bullish,1.384479717813051,0.5381944444444444,0.39434523809523814,0.45194003527336846,0.2727272727272727,n/a (not Neutral)
2026-07-10,EURAUD,Neutral,0.9583333333333333,0.8854166666666665,0.7349537037037037,-0.662037037037037,0.045454545454545456,BALANCED
2026-07-10,EURNZD,Bearish,-1.8694885361552027,-1.128472222222222,0.27529761904761907,-1.0163139329805997,0.13636363636363635,n/a (not Neutral)
2026-07-10,EURCAD,Neutral,-0.2916666666666665,-1.927083333333333,0.49189814814814814,1.1435185185185184,0.13636363636363635,BALANCED
2026-07-10,GBPJPY,Neutral,0.011757789535567558,-0.8506944444444444,-0.3860780423280421,1.2485302763080541,0.13636363636363635,BALANCED
2026-07-10,GBPCHF,Bullish,2.5778953556731334,0.9548611111111112,0.07027116402116396,1.5527630805408583,0.22727272727272727,n/a (not Neutral)
2026-07-10,GBPAUD,Bullish,1.5416666666666665,1.3020833333333333,0.41087962962962954,-0.17129629629629628,0.0,n/a (not Neutral)
2026-07-10,GBPNZD,Neutral,0.9905937683715464,-0.7118055555555554,-0.048776455026455,1.7511757789535567,0.09090909090909091,BALANCED
2026-07-10,GBPCAD,Neutral,0.29166666666666696,-1.5104166666666663,0.16782407407407418,1.634259259259259,0.09090909090909091,BALANCED
2026-07-10,AUDJPY,Bearish,-2.066431510875955,-2.1527777777777777,-0.7969576719576716,0.8833039388594943,0.13636363636363635,n/a (not Neutral)
2026-07-10,NZDJPY,Neutral,0.8333333333333331,-0.13888888888888906,-0.3373015873015872,1.3095238095238093,0.22727272727272727,BALANCED
2026-07-10,CADJPY,Neutral,0.0940623162845383,0.6597222222222219,-0.5539021164021163,-0.01175778953556729,0.22727272727272727,BALANCED
2026-07-10,CHFJPY,Bearish,-1.3541666666666665,-1.8055555555555556,-0.4563492063492063,0.9077380952380953,0.36363636363636365,n/a (not Neutral)
2026-07-10,AUDNZD,Bearish,-1.6431510875955315,-2.0138888888888884,-0.45965608465608465,0.8303938859494415,0.09090909090909091,n/a (not Neutral)
2026-07-10,AUDCAD,Bearish,-1.7499999999999996,-2.8124999999999996,-0.2430555555555558,1.3055555555555558,0.09090909090909091,n/a (not Neutral)
2026-07-10,AUDCHF,Neutral,0.49970605526161094,-0.3472222222222221,-0.3406084656084656,1.1875367430922985,0.22727272727272727,BALANCED
2026-07-10,NZDCAD,Neutral,0.5937683715461495,-0.7986111111111109,0.21660052910052907,1.1757789535567313,0.18181818181818182,BALANCED
2026-07-10,NZDCHF,Bullish,2.8125,1.6666666666666665,0.11904761904761907,1.0267857142857144,0.3181818181818182,n/a (not Neutral)
2026-07-10,CADCHF,Bullish,1.5490887713109933,2.4652777777777777,-0.09755291005291022,-0.8186360964138741,0.3181818181818182,n/a (not Neutral)
2026-07-17,EURUSD,Neutral,-1.190606725146199,0.20833333333333337,0.22569444444444442,-1.6246345029239766,0.038461538461538464,BALANCED
2026-07-17,GBPUSD,Bullish,1.4653386939571156,1.2500000000000004,0.3877314814814814,-0.17239278752436626,0.0,n/a (not Neutral)
2026-07-17,USDJPY,Neutral,0.20877100840336116,-0.8506944444444445,-0.9126984126984127,1.9721638655462184,0.11538461538461539,BALANCED
2026-07-17,USDCHF,Bullish,1.5743172268907561,0.12152777777777776,-0.3373015873015873,1.7900910364145657,0.19230769230769232,n/a (not Neutral)
2026-07-17,USDCAD,Neutral,0.652107699805068,-0.5729166666666666,-0.46296296296296313,1.6879873294346979,0.07692307692307693,BALANCED
2026-07-17,AUDUSD,Neutral,-1.061464424951267,-1.302083333333333,0.11574074074074048,0.12487816764132553,0.0,BALANCED
2026-07-17,NZDUSD,Neutral,1.135766806722689,0.7118055555555555,0.5753968253968255,-0.151435574229692,0.07692307692307693,BALANCED
2026-07-17,EURGBP,Bearish,-2.5833333333333335,-1.041666666666667,-0.16203703703703698,-1.3796296296296295,0.045454545454545456,n/a (not Neutral)
2026-07-17,EURJPY,Neutral,-0.07054673721340388,-0.6423611111111112,-0.6870039682539681,1.2588183421516754,0.18181818181818182,BALANCED
2026-07-17,EURCHF,Neutral,0.7495590828924164,0.32986111111111116,-0.1116071428571429,0.5313051146384481,0.2727272727272727,BALANCED
2026-07-17,EURAUD,Neutral,0.9583333333333333,1.5104166666666665,0.10995370370370372,-0.662037037037037,0.045454545454545456,BALANCED
2026-07-17,EURNZD,Bearish,-1.8694885361552027,-0.5034722222222221,-0.34970238095238093,-1.0163139329805997,0.13636363636363635,n/a (not Neutral)
2026-07-17,EURCAD,Neutral,-0.5416666666666667,-0.36458333333333326,-0.2372685185185186,0.06018518518518512,0.13636363636363635,BALANCED
2026-07-17,GBPJPY,Neutral,0.9994121105232219,0.3993055555555558,-0.5249669312169312,1.1250734861845972,0.13636363636363635,BALANCED
2026-07-17,GBPCHF,Bullish,2.9306290417401533,1.3715277777777781,0.050429894179893964,1.5086713697824812,0.22727272727272727,n/a (not Neutral)
2026-07-17,GBPAUD,Bullish,2.541666666666667,2.5520833333333335,0.2719907407407409,-0.28240740740740744,0.0,n/a (not Neutral)
2026-07-17,GBPNZD,Bullish,1.4226925338036454,0.5381944444444449,-0.18766534391534395,1.0721634332745444,0.09090909090909091,n/a (not Neutral)
2026-07-17,GBPCAD,Bullish,2.041666666666667,0.6770833333333337,-0.07523148148148162,1.4398148148148149,0.09090909090909091,n/a (not Neutral)
2026-07-17,AUDJPY,Bearish,-1.5108759553203996,-2.1527777777777777,-0.7969576719576716,1.4388594944150497,0.13636363636363635,n/a (not Neutral)
2026-07-17,NZDJPY,Neutral,0.8333333333333331,-0.13888888888888906,-0.3373015873015872,1.3095238095238093,0.22727272727272727,BALANCED
2026-07-17,CADJPY,Neutral,-0.09112286890064665,-0.2777777777777779,-0.44973544973544954,0.6363903586125808,0.22727272727272727,BALANCED
2026-07-17,CHFJPY,Bearish,-1.3541666666666665,-0.9722222222222223,-0.5753968253968251,0.19345238095238093,0.36363636363636365,n/a (not Neutral)
2026-07-17,AUDNZD,Bearish,-1.6431510875955315,-2.0138888888888884,-0.45965608465608465,0.8303938859494415,0.09090909090909091,n/a (not Neutral)
2026-07-17,AUDCAD,Bearish,-1.5,-1.8749999999999998,-0.34722222222222254,0.7222222222222223,0.09090909090909091,n/a (not Neutral)
2026-07-17,AUDCHF,Neutral,-0.13521457965902378,-1.1805555555555554,-0.2215608465608465,1.266901822457378,0.22727272727272727,BALANCED
2026-07-17,NZDCAD,Bullish,1.33450911228689,0.13888888888888884,0.11243386243386233,1.0831863609641388,0.18181818181818182,n/a (not Neutral)
2026-07-17,NZDCHF,Bullish,2.1875,0.8333333333333333,0.23809523809523792,1.1160714285714288,0.3181818181818182,n/a (not Neutral)
2026-07-17,CADCHF,Neutral,1.284538506760729,0.6944444444444444,0.1256613756613757,0.4644326866549088,0.3181818181818182,BALANCED
2026-07-21,EURUSD,Neutral,0.11421783625730991,1.4583333333333335,0.4340277777777777,-1.7781432748538013,0.038461538461538464,BALANCED
2026-07-21,GBPUSD,Neutral,0.9719176413255366,1.8750000000000004,0.3877314814814814,-1.2908138401559452,0.0,BALANCED
2026-07-21,USDJPY,Neutral,-0.34269957983193294,-1.4756944444444446,-0.9126984126984126,2.0456932773109244,0.11538461538461539,BALANCED
2026-07-21,USDCHF,Neutral,0.7077205882352943,-0.920138888888889,-0.27777777777777757,1.905637254901961,0.19230769230769232,BALANCED
2026-07-21,USDCAD,Neutral,0.5899731968810916,-0.5729166666666667,-0.5324074074074072,1.6952972709551655,0.07692307692307693,BALANCED
2026-07-21,AUDUSD,Neutral,-0.2537158869395711,-0.6770833333333331,0.3935185185185184,0.02984892787524368,0.0,BALANCED
2026-07-21,NZDUSD,Bullish,2.002363445378151,1.3368055555555554,0.9325396825396828,-0.266981792717087,0.07692307692307693,n/a (not Neutral)
2026-07-21,EURGBP,Bearish,-1.8333333333333335,-0.41666666666666696,0.0462962962962965,-1.462962962962963,0.045454545454545456,n/a (not Neutral)
2026-07-21,EURJPY,Neutral,0.670194003527337,-0.01736111111111116,-0.47867063492063466,1.1662257495590829,0.18181818181818182,BALANCED
2026-07-21,EURCHF,Neutral,1.1728395061728398,0.5381944444444444,0.15625000000000022,0.4783950617283952,0.2727272727272727,BALANCED
2026-07-21,EURAUD,Neutral,0.9583333333333335,2.1354166666666665,0.04050925925925952,-1.2175925925925926,0.045454545454545456,BALANCED
2026-07-21,EURNZD,Bearish,-1.4462081128747795,0.1215277777777779,-0.49851190476190466,-1.0692239858906527,0.13636363636363635,n/a (not Neutral)
2026-07-21,EURCAD,Neutral,0.7083333333333335,0.8854166666666667,-0.09837962962962954,-0.07870370370370372,0.13636363636363635,BALANCED
2026-07-21,GBPJPY,Neutral,0.9994121105232219,0.3993055555555558,-0.5249669312169312,1.1250734861845972,0.13636363636363635,BALANCED
2026-07-21,GBPCHF,Bullish,2.6131687242798356,0.9548611111111114,0.10995370370370372,1.5483539094650205,0.22727272727272727,n/a (not Neutral)
2026-07-21,GBPAUD,Bullish,2.291666666666667,2.5520833333333335,-0.005787037037036757,-0.25462962962962976,0.0,n/a (not Neutral)
2026-07-21,GBPNZD,Neutral,-0.005878894767783372,0.5381944444444449,-0.5448082010582012,0.0007348618459729218,0.09090909090909091,BALANCED
2026-07-21,GBPCAD,Bullish,2.541666666666667,1.3020833333333337,-0.14467592592592604,1.3842592592592593,0.09090909090909091,n/a (not Neutral)
2026-07-21,AUDJPY,Neutral,-1.2639623750734859,-2.1527777777777777,-0.519179894179894,1.4079952968841858,0.13636363636363635,BALANCED
2026-07-21,NZDJPY,Neutral,1.1458333333333333,-0.13888888888888906,0.019841269841269993,1.2648809523809523,0.22727272727272727,BALANCED
2026-07-21,CADJPY,Neutral,-0.5849500293944739,-0.9027777777777779,-0.3802910052910051,0.6981187536743091,0.22727272727272727,BALANCED
2026-07-21,CHFJPY,Neutral,-1.0416666666666665,-0.5555555555555556,-0.6349206349206349,0.14880952380952395,0.36363636363636365,BALANCED
2026-07-21,AUDNZD,Bearish,-1.713697824808936,-2.0138888888888884,-0.5390211640211646,0.839212228101117,0.09090909090909091,n/a (not Neutral)
2026-07-21,AUDCAD,Neutral,-0.25,-1.2499999999999998,-0.13888888888888906,1.1388888888888888,0.09090909090909091,BALANCED
2026-07-21,AUDCHF,Neutral,-0.2057613168724279,-1.597222222222222,0.1157407407407407,1.2757201646090535,0.22727272727272727,BALANCED
2026-07-21,NZDCAD,Bullish,2.1457965902410345,0.7638888888888888,0.4001322751322751,0.9817754262198706,0.18181818181818182,n/a (not Neutral)
2026-07-21,NZDCHF,Bullish,2.1875,0.4166666666666665,0.6547619047619049,1.1160714285714286,0.3181818181818182,n/a (not Neutral)
2026-07-21,CADCHF,Neutral,0.4732510288065844,-0.34722222222222227,0.2546296296296297,0.5658436213991769,0.3181818181818182,BALANCED
