symbol,column,path1_displayed,path3_marginal,as_of
EURUSD,manufacturing_pmi,0.0,0.0,2025-07-25
EURUSD,services_pmi,0.0,0.0,2025-07-25
EURUSD,gdp_qoq,2.0,0.625,2025-07-25
EURUSD,retail_sales,-1.0,-0.15625,2025-07-25
EURUSD,cpi_yoy,-1.0,-0.15625,2025-07-25
EURUSD,core_cpi,1.0,0.15625,2025-07-25
EURUSD,core_pce,-2.0,-0.3125,2025-07-25
EURUSD,ppi_yoy,0.0,0.0,2025-07-25
EURUSD,employment_change,1.0,0.3125,2025-07-25
EURUSD,unemployment_rate,-3.0,-0.5208333333333333,2025-07-25
EURUSD,wage_growth,1.0,0.10416666666666666,2025-07-25
EURUSD,adp,2.0,0.20833333333333331,2025-07-25
EURUSD,jolts,-1.0,-0.10416666666666666,2025-07-25
EURUSD,jobless_claims,-1.0,-0.10416666666666666,2025-07-25
EURUSD,rate_expectations,0.0,0.0,2025-07-25
GBPUSD,manufacturing_pmi,2.0,0.3125,2025-07-25
GBPUSD,services_pmi,0.0,0.0,2025-07-25
GBPUSD,gdp_qoq,-2.0,-0.3125,2025-07-25
GBPUSD,retail_sales,-3.0,-0.46875,2025-07-25
GBPUSD,cpi_yoy,0.0,0.15625,2025-07-25
GBPUSD,core_cpi,2.0,0.46875,2025-07-25
GBPUSD,core_pce,-2.0,-0.3125,2025-07-25
GBPUSD,ppi_yoy,1.0,0.0,2025-07-25
GBPUSD,employment_change,0.0,0.0,2025-07-25
GBPUSD,unemployment_rate,-2.0,-0.20833333333333331,2025-07-25
GBPUSD,wage_growth,1.0,0.10416666666666666,2025-07-25
GBPUSD,adp,2.0,0.20833333333333331,2025-07-25
GBPUSD,jolts,-1.0,-0.10416666666666666,2025-07-25
GBPUSD,jobless_claims,-1.0,-0.10416666666666666,2025-07-25
GBPUSD,rate_expectations,-1.0,-0.625,2025-07-25
USDJPY,manufacturing_pmi,0.0,0.0,2025-07-25
USDJPY,services_pmi,0.0,0.0,2025-07-25
USDJPY,gdp_qoq,0.0,0.0,2025-07-25
USDJPY,retail_sales,1.0,0.15625,2025-07-25
USDJPY,cpi_yoy,2.0,0.46875,2025-07-25
USDJPY,core_cpi,0.0,0.15625,2025-07-25
USDJPY,core_pce,2.0,0.3125,2025-07-25
USDJPY,ppi_yoy,0.0,0.0,2025-07-25
USDJPY,employment_change,0.0,0.0,2025-07-25
USDJPY,unemployment_rate,2.0,0.20833333333333331,2025-07-25
USDJPY,wage_growth,1.0,0.5208333333333334,2025-07-25
USDJPY,adp,-2.0,-0.20833333333333331,2025-07-25
USDJPY,jolts,1.0,0.10416666666666666,2025-07-25
USDJPY,jobless_claims,1.0,0.10416666666666666,2025-07-25
USDJPY,rate_expectations,-1.0,-0.625,2025-07-25
USDCHF,manufacturing_pmi,0.0,0.0,2025-07-25
USDCHF,services_pmi,0.0,0.0,2025-07-25
USDCHF,gdp_qoq,-1.0,-0.41666666666666663,2025-07-25
USDCHF,retail_sales,1.0,0.15625,2025-07-25
USDCHF,cpi_yoy,1.0,0.15625,2025-07-25
USDCHF,core_cpi,-1.0,-0.15625,2025-07-25
USDCHF,core_pce,2.0,0.3125,2025-07-25
USDCHF,ppi_yoy,0.0,0.0,2025-07-25
USDCHF,employment_change,0.0,0.0,2025-07-25
USDCHF,unemployment_rate,2.0,0.20833333333333331,2025-07-25
USDCHF,wage_growth,-1.0,-0.10416666666666666,2025-07-25
USDCHF,adp,-2.0,-0.20833333333333331,2025-07-25
USDCHF,jolts,1.0,0.10416666666666666,2025-07-25
USDCHF,jobless_claims,1.0,0.10416666666666666,2025-07-25
USDCHF,rate_expectations,1.0,0.625,2025-07-25
USDCAD,manufacturing_pmi,0.0,0.0,2025-07-25
USDCAD,services_pmi,0.0,0.0,2025-07-25
USDCAD,gdp_qoq,0.0,0.0,2025-07-25
USDCAD,retail_sales,1.0,0.15625,2025-07-25
USDCAD,cpi_yoy,1.0,0.15625,2025-07-25
USDCAD,core_cpi,-1.0,-0.15625,2025-07-25
USDCAD,core_pce,2.0,0.3125,2025-07-25
USDCAD,ppi_yoy,0.0,0.0,2025-07-25
USDCAD,employment_change,-2.0,-0.625,2025-07-25
USDCAD,unemployment_rate,1.0,-0.10416666666666669,2025-07-25
USDCAD,wage_growth,-1.0,-0.10416666666666666,2025-07-25
USDCAD,adp,-2.0,-0.20833333333333331,2025-07-25
USDCAD,jolts,1.0,0.10416666666666666,2025-07-25
USDCAD,jobless_claims,1.0,0.10416666666666666,2025-07-25
USDCAD,rate_expectations,0.0,0.0,2025-07-25
AUDUSD,manufacturing_pmi,0.0,0.0,2025-07-25
AUDUSD,services_pmi,0.0,0.0,2025-07-25
AUDUSD,gdp_qoq,-2.0,-0.625,2025-07-25
AUDUSD,retail_sales,-1.0,-0.15625,2025-07-25
AUDUSD,cpi_yoy,-2.0,-0.3645833333333333,2025-07-25
AUDUSD,core_cpi,1.0,0.15625,2025-07-25
AUDUSD,core_pce,-2.0,-0.3125,2025-07-25
AUDUSD,ppi_yoy,0.0,0.0,2025-07-25
AUDUSD,employment_change,0.0,0.0,2025-07-25
AUDUSD,unemployment_rate,-4.0,-0.625,2025-07-25
AUDUSD,wage_growth,2.0,0.3125,2025-07-25
AUDUSD,adp,2.0,0.20833333333333331,2025-07-25
AUDUSD,jolts,-1.0,-0.10416666666666666,2025-07-25
AUDUSD,jobless_claims,-1.0,-0.10416666666666666,2025-07-25
AUDUSD,rate_expectations,0.0,0.0,2025-07-25
NZDUSD,manufacturing_pmi,0.0,0.0,2025-07-25
NZDUSD,services_pmi,0.0,0.0,2025-07-25
NZDUSD,gdp_qoq,0.0,0.0,2025-07-25
NZDUSD,retail_sales,0.0,0.052083333333333315,2025-07-25
NZDUSD,cpi_yoy,-1.0,-0.15625,2025-07-25
NZDUSD,core_cpi,1.0,0.15625,2025-07-25
NZDUSD,core_pce,-2.0,-0.3125,2025-07-25
NZDUSD,ppi_yoy,2.0,0.8333333333333333,2025-07-25
NZDUSD,employment_change,0.0,0.0,2025-07-25
NZDUSD,unemployment_rate,-1.0,0.06944444444444448,2025-07-25
NZDUSD,wage_growth,1.0,0.10416666666666666,2025-07-25
NZDUSD,adp,2.0,0.20833333333333331,2025-07-25
NZDUSD,jolts,-1.0,-0.10416666666666666,2025-07-25
NZDUSD,jobless_claims,-1.0,-0.10416666666666666,2025-07-25
NZDUSD,rate_expectations,-1.0,-0.625,2025-07-25
EURGBP,manufacturing_pmi,-2.0,-0.3125,2025-07-25
EURGBP,services_pmi,0.0,0.0,2025-07-25
EURGBP,gdp_qoq,4.0,0.9375,2025-07-25
EURGBP,retail_sales,2.0,0.3125,2025-07-25
EURGBP,cpi_yoy,-1.0,-0.3125,2025-07-25
EURGBP,core_cpi,-1.0,-0.3125,2025-07-25
EURGBP,core_pce,,0.0,2025-07-25
EURGBP,ppi_yoy,-1.0,0.0,2025-07-25
EURGBP,employment_change,1.0,0.3125,2025-07-25
EURGBP,unemployment_rate,-1.0,-0.3125,2025-07-25
EURGBP,wage_growth,0.0,0.0,2025-07-25
EURGBP,adp,,0.0,2025-07-25
EURGBP,jolts,,0.0,2025-07-25
EURGBP,jobless_claims,,0.0,2025-07-25
EURGBP,rate_expectations,1.0,0.625,2025-07-25
EURJPY,manufacturing_pmi,,0.0,2025-07-25
EURJPY,services_pmi,,0.0,2025-07-25
EURJPY,gdp_qoq,2.0,0.625,2025-07-25
EURJPY,retail_sales,0.0,0.0,2025-07-25
EURJPY,cpi_yoy,1.0,0.3125,2025-07-25
EURJPY,core_cpi,1.0,0.3125,2025-07-25
EURJPY,core_pce,,0.0,2025-07-25
EURJPY,ppi_yoy,0.0,0.0,2025-07-25
EURJPY,employment_change,1.0,0.3125,2025-07-25
EURJPY,unemployment_rate,-1.0,-0.3125,2025-07-25
EURJPY,wage_growth,2.0,0.625,2025-07-25
EURJPY,adp,,0.0,2025-07-25
EURJPY,jolts,,0.0,2025-07-25
EURJPY,jobless_claims,,0.0,2025-07-25
EURJPY,rate_expectations,-1.0,-0.625,2025-07-25
EURCHF,manufacturing_pmi,,0.0,2025-07-25
EURCHF,services_pmi,,0.0,2025-07-25
EURCHF,gdp_qoq,1.0,0.20833333333333337,2025-07-25
EURCHF,retail_sales,0.0,0.0,2025-07-25
EURCHF,cpi_yoy,0.0,0.0,2025-07-25
EURCHF,core_cpi,0.0,0.0,2025-07-25
EURCHF,core_pce,,0.0,2025-07-25
EURCHF,ppi_yoy,0.0,0.0,2025-07-25
EURCHF,employment_change,1.0,0.3125,2025-07-25
EURCHF,unemployment_rate,-1.0,-0.3125,2025-07-25
EURCHF,wage_growth,,0.0,2025-07-25
EURCHF,adp,,0.0,2025-07-25
EURCHF,jolts,,0.0,2025-07-25
EURCHF,jobless_claims,,0.0,2025-07-25
EURCHF,rate_expectations,1.0,0.625,2025-07-25
EURAUD,manufacturing_pmi,,0.0,2025-07-25
EURAUD,services_pmi,,0.0,2025-07-25
EURAUD,gdp_qoq,4.0,1.25,2025-07-25
EURAUD,retail_sales,0.0,0.0,2025-07-25
EURAUD,cpi_yoy,1.0,0.20833333333333331,2025-07-25
EURAUD,core_cpi,0.0,0.0,2025-07-25
EURAUD,core_pce,,0.0,2025-07-25
EURAUD,ppi_yoy,0.0,0.0,2025-07-25
EURAUD,employment_change,1.0,0.3125,2025-07-25
EURAUD,unemployment_rate,1.0,0.10416666666666663,2025-07-25
EURAUD,wage_growth,-1.0,-0.20833333333333331,2025-07-25
EURAUD,adp,,0.0,2025-07-25
EURAUD,jolts,,0.0,2025-07-25
EURAUD,jobless_claims,,0.0,2025-07-25
EURAUD,rate_expectations,0.0,0.0,2025-07-25
EURNZD,manufacturing_pmi,0.0,0.0,2025-07-25
EURNZD,services_pmi,0.0,0.0,2025-07-25
EURNZD,gdp_qoq,2.0,0.625,2025-07-25
EURNZD,retail_sales,-1.0,-0.20833333333333331,2025-07-25
EURNZD,cpi_yoy,0.0,0.0,2025-07-25
EURNZD,core_cpi,0.0,0.0,2025-07-25
EURNZD,core_pce,,0.0,2025-07-25
EURNZD,ppi_yoy,-2.0,-0.8333333333333333,2025-07-25
EURNZD,employment_change,1.0,0.3125,2025-07-25
EURNZD,unemployment_rate,-2.0,-0.5902777777777778,2025-07-25
EURNZD,wage_growth,0.0,0.0,2025-07-25
EURNZD,adp,,0.0,2025-07-25
EURNZD,jolts,,0.0,2025-07-25
EURNZD,jobless_claims,,0.0,2025-07-25
EURNZD,rate_expectations,1.0,0.625,2025-07-25
EURCAD,manufacturing_pmi,0.0,0.0,2025-07-25
EURCAD,services_pmi,,0.0,2025-07-25
EURCAD,gdp_qoq,2.0,0.625,2025-07-25
EURCAD,retail_sales,0.0,0.0,2025-07-25
EURCAD,cpi_yoy,0.0,0.0,2025-07-25
EURCAD,core_cpi,0.0,0.0,2025-07-25
EURCAD,core_pce,,0.0,2025-07-25
EURCAD,ppi_yoy,0.0,0.0,2025-07-25
EURCAD,employment_change,-1.0,-0.3125,2025-07-25
EURCAD,unemployment_rate,-2.0,-0.625,2025-07-25
EURCAD,wage_growth,,0.0,2025-07-25
EURCAD,adp,,0.0,2025-07-25
EURCAD,jolts,,0.0,2025-07-25
EURCAD,jobless_claims,,0.0,2025-07-25
EURCAD,rate_expectations,0.0,0.0,2025-07-25
GBPJPY,manufacturing_pmi,2.0,0.3125,2025-07-25
GBPJPY,services_pmi,0.0,0.0,2025-07-25
GBPJPY,gdp_qoq,-2.0,-0.3125,2025-07-25
GBPJPY,retail_sales,-2.0,-0.3125,2025-07-25
GBPJPY,cpi_yoy,2.0,0.625,2025-07-25
GBPJPY,core_cpi,2.0,0.625,2025-07-25
GBPJPY,core_pce,,0.0,2025-07-25
GBPJPY,ppi_yoy,1.0,0.0,2025-07-25
GBPJPY,employment_change,0.0,0.0,2025-07-25
GBPJPY,unemployment_rate,0.0,0.0,2025-07-25
GBPJPY,wage_growth,2.0,0.625,2025-07-25
GBPJPY,adp,,0.0,2025-07-25
GBPJPY,jolts,,0.0,2025-07-25
GBPJPY,jobless_claims,,0.0,2025-07-25
GBPJPY,rate_expectations,-2.0,-1.25,2025-07-25
GBPCHF,manufacturing_pmi,2.0,0.3125,2025-07-25
GBPCHF,services_pmi,0.0,0.0,2025-07-25
GBPCHF,gdp_qoq,-3.0,-0.7291666666666666,2025-07-25
GBPCHF,retail_sales,-2.0,-0.3125,2025-07-25
GBPCHF,cpi_yoy,1.0,0.3125,2025-07-25
GBPCHF,core_cpi,1.0,0.3125,2025-07-25
GBPCHF,core_pce,,0.0,2025-07-25
GBPCHF,ppi_yoy,1.0,0.0,2025-07-25
GBPCHF,employment_change,0.0,0.0,2025-07-25
GBPCHF,unemployment_rate,0.0,0.0,2025-07-25
GBPCHF,wage_growth,0.0,0.0,2025-07-25
GBPCHF,adp,,0.0,2025-07-25
GBPCHF,jolts,,0.0,2025-07-25
GBPCHF,jobless_claims,,0.0,2025-07-25
GBPCHF,rate_expectations,0.0,0.0,2025-07-25
GBPAUD,manufacturing_pmi,2.0,0.3125,2025-07-25
GBPAUD,services_pmi,0.0,0.0,2025-07-25
GBPAUD,gdp_qoq,0.0,0.3125,2025-07-25
GBPAUD,retail_sales,-2.0,-0.3125,2025-07-25
GBPAUD,cpi_yoy,2.0,0.5208333333333333,2025-07-25
GBPAUD,core_cpi,1.0,0.3125,2025-07-25
GBPAUD,core_pce,,0.0,2025-07-25
GBPAUD,ppi_yoy,1.0,0.0,2025-07-25
GBPAUD,employment_change,0.0,0.0,2025-07-25
GBPAUD,unemployment_rate,2.0,0.41666666666666663,2025-07-25
GBPAUD,wage_growth,-1.0,-0.20833333333333331,2025-07-25
GBPAUD,adp,,0.0,2025-07-25
GBPAUD,jolts,,0.0,2025-07-25
GBPAUD,jobless_claims,,0.0,2025-07-25
GBPAUD,rate_expectations,-1.0,-0.625,2025-07-25
GBPNZD,manufacturing_pmi,2.0,0.3125,2025-07-25
GBPNZD,services_pmi,0.0,0.0,2025-07-25
GBPNZD,gdp_qoq,-2.0,-0.3125,2025-07-25
GBPNZD,retail_sales,-3.0,-0.5208333333333333,2025-07-25
GBPNZD,cpi_yoy,1.0,0.3125,2025-07-25
GBPNZD,core_cpi,1.0,0.3125,2025-07-25
GBPNZD,core_pce,,0.0,2025-07-25
GBPNZD,ppi_yoy,-1.0,-0.8333333333333333,2025-07-25
GBPNZD,employment_change,0.0,0.0,2025-07-25
GBPNZD,unemployment_rate,-1.0,-0.2777777777777778,2025-07-25
GBPNZD,wage_growth,0.0,0.0,2025-07-25
GBPNZD,adp,,0.0,2025-07-25
GBPNZD,jolts,,0.0,2025-07-25
GBPNZD,jobless_claims,,0.0,2025-07-25
GBPNZD,rate_expectations,0.0,0.0,2025-07-25
GBPCAD,manufacturing_pmi,2.0,0.3125,2025-07-25
GBPCAD,services_pmi,0.0,0.0,2025-07-25
GBPCAD,gdp_qoq,-2.0,-0.3125,2025-07-25
GBPCAD,retail_sales,-2.0,-0.3125,2025-07-25
GBPCAD,cpi_yoy,1.0,0.3125,2025-07-25
GBPCAD,core_cpi,1.0,0.3125,2025-07-25
GBPCAD,core_pce,,0.0,2025-07-25
GBPCAD,ppi_yoy,1.0,0.0,2025-07-25
GBPCAD,employment_change,-2.0,-0.625,2025-07-25
GBPCAD,unemployment_rate,-1.0,-0.3125,2025-07-25
GBPCAD,wage_growth,0.0,0.0,2025-07-25
GBPCAD,adp,,0.0,2025-07-25
GBPCAD,jolts,,0.0,2025-07-25
GBPCAD,jobless_claims,,0.0,2025-07-25
GBPCAD,rate_expectations,-1.0,-0.625,2025-07-25
AUDJPY,manufacturing_pmi,,0.0,2025-07-25
AUDJPY,services_pmi,,0.0,2025-07-25
AUDJPY,gdp_qoq,-2.0,-0.625,2025-07-25
AUDJPY,retail_sales,0.0,0.0,2025-07-25
AUDJPY,cpi_yoy,0.0,0.10416666666666669,2025-07-25
AUDJPY,core_cpi,1.0,0.3125,2025-07-25
AUDJPY,core_pce,,0.0,2025-07-25
AUDJPY,ppi_yoy,0.0,0.0,2025-07-25
AUDJPY,employment_change,0.0,0.0,2025-07-25
AUDJPY,unemployment_rate,-2.0,-0.41666666666666663,2025-07-25
AUDJPY,wage_growth,3.0,0.8333333333333333,2025-07-25
AUDJPY,adp,,0.0,2025-07-25
AUDJPY,jolts,,0.0,2025-07-25
AUDJPY,jobless_claims,,0.0,2025-07-25
AUDJPY,rate_expectations,-1.0,-0.625,2025-07-25
NZDJPY,manufacturing_pmi,0.0,0.0,2025-07-25
NZDJPY,services_pmi,0.0,0.0,2025-07-25
NZDJPY,gdp_qoq,0.0,0.0,2025-07-25
NZDJPY,retail_sales,1.0,0.20833333333333331,2025-07-25
NZDJPY,cpi_yoy,1.0,0.3125,2025-07-25
NZDJPY,core_cpi,1.0,0.3125,2025-07-25
NZDJPY,core_pce,,0.0,2025-07-25
NZDJPY,ppi_yoy,2.0,0.8333333333333333,2025-07-25
NZDJPY,employment_change,0.0,0.0,2025-07-25
NZDJPY,unemployment_rate,1.0,0.2777777777777778,2025-07-25
NZDJPY,wage_growth,2.0,0.625,2025-07-25
NZDJPY,adp,,0.0,2025-07-25
NZDJPY,jolts,,0.0,2025-07-25
NZDJPY,jobless_claims,,0.0,2025-07-25
NZDJPY,rate_expectations,-2.0,-1.25,2025-07-25
CADJPY,manufacturing_pmi,0.0,0.0,2025-07-25
CADJPY,services_pmi,,0.0,2025-07-25
CADJPY,gdp_qoq,0.0,0.0,2025-07-25
CADJPY,retail_sales,0.0,0.0,2025-07-25
CADJPY,cpi_yoy,1.0,0.3125,2025-07-25
CADJPY,core_cpi,1.0,0.3125,2025-07-25
CADJPY,core_pce,,0.0,2025-07-25
CADJPY,ppi_yoy,0.0,0.0,2025-07-25
CADJPY,employment_change,2.0,0.625,2025-07-25
CADJPY,unemployment_rate,1.0,0.3125,2025-07-25
CADJPY,wage_growth,2.0,0.625,2025-07-25
CADJPY,adp,,0.0,2025-07-25
CADJPY,jolts,,0.0,2025-07-25
CADJPY,jobless_claims,,0.0,2025-07-25
CADJPY,rate_expectations,-1.0,-0.625,2025-07-25
CHFJPY,manufacturing_pmi,,0.0,2025-07-25
CHFJPY,services_pmi,,0.0,2025-07-25
CHFJPY,gdp_qoq,1.0,0.41666666666666663,2025-07-25
CHFJPY,retail_sales,0.0,0.0,2025-07-25
CHFJPY,cpi_yoy,1.0,0.3125,2025-07-25
CHFJPY,core_cpi,1.0,0.3125,2025-07-25
CHFJPY,core_pce,,0.0,2025-07-25
CHFJPY,ppi_yoy,0.0,0.0,2025-07-25
CHFJPY,employment_change,,0.0,2025-07-25
CHFJPY,unemployment_rate,0.0,0.0,2025-07-25
CHFJPY,wage_growth,2.0,0.625,2025-07-25
CHFJPY,adp,,0.0,2025-07-25
CHFJPY,jolts,,0.0,2025-07-25
CHFJPY,jobless_claims,,0.0,2025-07-25
CHFJPY,rate_expectations,-2.0,-1.25,2025-07-25
AUDNZD,manufacturing_pmi,0.0,0.0,2025-07-25
AUDNZD,services_pmi,0.0,0.0,2025-07-25
AUDNZD,gdp_qoq,-2.0,-0.625,2025-07-25
AUDNZD,retail_sales,-1.0,-0.20833333333333331,2025-07-25
AUDNZD,cpi_yoy,-1.0,-0.20833333333333331,2025-07-25
AUDNZD,core_cpi,0.0,0.0,2025-07-25
AUDNZD,core_pce,,0.0,2025-07-25
AUDNZD,ppi_yoy,-2.0,-0.8333333333333333,2025-07-25
AUDNZD,employment_change,0.0,0.0,2025-07-25
AUDNZD,unemployment_rate,-3.0,-0.6944444444444444,2025-07-25
AUDNZD,wage_growth,1.0,0.20833333333333331,2025-07-25
AUDNZD,adp,,0.0,2025-07-25
AUDNZD,jolts,,0.0,2025-07-25
AUDNZD,jobless_claims,,0.0,2025-07-25
AUDNZD,rate_expectations,1.0,0.625,2025-07-25
AUDCAD,manufacturing_pmi,0.0,0.0,2025-07-25
AUDCAD,services_pmi,,0.0,2025-07-25
AUDCAD,gdp_qoq,-2.0,-0.625,2025-07-25
AUDCAD,retail_sales,0.0,0.0,2025-07-25
AUDCAD,cpi_yoy,-1.0,-0.20833333333333331,2025-07-25
AUDCAD,core_cpi,0.0,0.0,2025-07-25
AUDCAD,core_pce,,0.0,2025-07-25
AUDCAD,ppi_yoy,0.0,0.0,2025-07-25
AUDCAD,employment_change,-2.0,-0.625,2025-07-25
AUDCAD,unemployment_rate,-3.0,-0.7291666666666666,2025-07-25
AUDCAD,wage_growth,1.0,0.20833333333333331,2025-07-25
AUDCAD,adp,,0.0,2025-07-25
AUDCAD,jolts,,0.0,2025-07-25
AUDCAD,jobless_claims,,0.0,2025-07-25
AUDCAD,rate_expectations,0.0,0.0,2025-07-25
AUDCHF,manufacturing_pmi,,0.0,2025-07-25
AUDCHF,services_pmi,,0.0,2025-07-25
AUDCHF,gdp_qoq,-3.0,-1.0416666666666665,2025-07-25
AUDCHF,retail_sales,0.0,0.0,2025-07-25
AUDCHF,cpi_yoy,-1.0,-0.20833333333333331,2025-07-25
AUDCHF,core_cpi,0.0,0.0,2025-07-25
AUDCHF,core_pce,,0.0,2025-07-25
AUDCHF,ppi_yoy,0.0,0.0,2025-07-25
AUDCHF,employment_change,0.0,0.0,2025-07-25
AUDCHF,unemployment_rate,-2.0,-0.41666666666666663,2025-07-25
AUDCHF,wage_growth,1.0,0.20833333333333331,2025-07-25
AUDCHF,adp,,0.0,2025-07-25
AUDCHF,jolts,,0.0,2025-07-25
AUDCHF,jobless_claims,,0.0,2025-07-25
AUDCHF,rate_expectations,1.0,0.625,2025-07-25
NZDCAD,manufacturing_pmi,0.0,0.0,2025-07-25
NZDCAD,services_pmi,0.0,0.0,2025-07-25
NZDCAD,gdp_qoq,0.0,0.0,2025-07-25
NZDCAD,retail_sales,1.0,0.20833333333333331,2025-07-25
NZDCAD,cpi_yoy,0.0,0.0,2025-07-25
NZDCAD,core_cpi,0.0,0.0,2025-07-25
NZDCAD,core_pce,,0.0,2025-07-25
NZDCAD,ppi_yoy,2.0,0.8333333333333333,2025-07-25
NZDCAD,employment_change,-2.0,-0.625,2025-07-25
NZDCAD,unemployment_rate,0.0,-0.03472222222222221,2025-07-25
NZDCAD,wage_growth,0.0,0.0,2025-07-25
NZDCAD,adp,,0.0,2025-07-25
NZDCAD,jolts,,0.0,2025-07-25
NZDCAD,jobless_claims,,0.0,2025-07-25
NZDCAD,rate_expectations,-1.0,-0.625,2025-07-25
NZDCHF,manufacturing_pmi,0.0,0.0,2025-07-25
NZDCHF,services_pmi,0.0,0.0,2025-07-25
NZDCHF,gdp_qoq,-1.0,-0.41666666666666663,2025-07-25
NZDCHF,retail_sales,1.0,0.20833333333333331,2025-07-25
NZDCHF,cpi_yoy,0.0,0.0,2025-07-25
NZDCHF,core_cpi,,0.0,2025-07-25
NZDCHF,core_pce,,0.0,2025-07-25
NZDCHF,ppi_yoy,2.0,0.8333333333333333,2025-07-25
NZDCHF,employment_change,0.0,0.0,2025-07-25
NZDCHF,unemployment_rate,1.0,0.2777777777777778,2025-07-25
NZDCHF,wage_growth,0.0,0.0,2025-07-25
NZDCHF,adp,,0.0,2025-07-25
NZDCHF,jolts,,0.0,2025-07-25
NZDCHF,jobless_claims,,0.0,2025-07-25
NZDCHF,rate_expectations,,0.0,2025-07-25
CADCHF,manufacturing_pmi,0.0,0.0,2025-07-25
CADCHF,services_pmi,,0.0,2025-07-25
CADCHF,gdp_qoq,-1.0,-0.41666666666666663,2025-07-25
CADCHF,retail_sales,0.0,0.0,2025-07-25
CADCHF,cpi_yoy,0.0,0.0,2025-07-25
CADCHF,core_cpi,0.0,0.0,2025-07-25
CADCHF,core_pce,,0.0,2025-07-25
CADCHF,ppi_yoy,0.0,0.0,2025-07-25
CADCHF,employment_change,2.0,0.625,2025-07-25
CADCHF,unemployment_rate,1.0,0.3125,2025-07-25
CADCHF,wage_growth,,0.0,2025-07-25
CADCHF,adp,,0.0,2025-07-25
CADCHF,jolts,,0.0,2025-07-25
CADCHF,jobless_claims,,0.0,2025-07-25
CADCHF,rate_expectations,1.0,0.625,2025-07-25
EURUSD,manufacturing_pmi,0.0,0.0,2025-08-01
EURUSD,services_pmi,0.0,0.0,2025-08-01
EURUSD,gdp_qoq,0.0,0.0,2025-08-01
EURUSD,retail_sales,-1.0,-0.15625,2025-08-01
EURUSD,cpi_yoy,-1.0,-0.20833333333333331,2025-08-01
EURUSD,core_cpi,1.0,0.20833333333333331,2025-08-01
EURUSD,core_pce,0.0,0.0,2025-08-01
EURUSD,ppi_yoy,0.0,0.0,2025-08-01
EURUSD,employment_change,1.0,0.3125,2025-08-01
EURUSD,unemployment_rate,-1.0,0.10416666666666669,2025-08-01
EURUSD,wage_growth,1.0,0.10416666666666666,2025-08-01
EURUSD,adp,0.0,0.0,2025-08-01
EURUSD,jolts,0.0,0.0,2025-08-01
EURUSD,jobless_claims,0.0,0.0,2025-08-01
EURUSD,rate_expectations,0.0,0.0,2025-08-01
GBPUSD,manufacturing_pmi,2.0,0.3125,2025-08-01
GBPUSD,services_pmi,0.0,0.0,2025-08-01
GBPUSD,gdp_qoq,-2.0,-0.3125,2025-08-01
GBPUSD,retail_sales,-1.0,-0.15625,2025-08-01
GBPUSD,cpi_yoy,0.0,0.10416666666666669,2025-08-01
GBPUSD,core_cpi,2.0,0.5208333333333333,2025-08-01
GBPUSD,core_pce,0.0,0.0,2025-08-01
GBPUSD,ppi_yoy,1.0,0.0,2025-08-01
GBPUSD,employment_change,0.0,0.0,2025-08-01
GBPUSD,unemployment_rate,-2.0,-0.20833333333333331,2025-08-01
GBPUSD,wage_growth,1.0,0.10416666666666666,2025-08-01
GBPUSD,adp,0.0,0.0,2025-08-01
GBPUSD,jolts,0.0,0.0,2025-08-01
GBPUSD,jobless_claims,0.0,0.0,2025-08-01
GBPUSD,rate_expectations,0.0,0.0,2025-08-01
USDJPY,manufacturing_pmi,0.0,0.0,2025-08-01
USDJPY,services_pmi,0.0,0.0,2025-08-01
USDJPY,gdp_qoq,0.0,0.0,2025-08-01
USDJPY,retail_sales,1.0,0.15625,2025-08-01
USDJPY,cpi_yoy,2.0,0.5208333333333333,2025-08-01
USDJPY,core_cpi,0.0,0.10416666666666669,2025-08-01
USDJPY,core_pce,0.0,0.0,2025-08-01
USDJPY,ppi_yoy,0.0,0.0,2025-08-01
USDJPY,employment_change,0.0,0.0,2025-08-01
USDJPY,unemployment_rate,2.0,0.20833333333333331,2025-08-01
USDJPY,wage_growth,1.0,0.5208333333333334,2025-08-01
USDJPY,adp,0.0,0.0,2025-08-01
USDJPY,jolts,0.0,0.0,2025-08-01
USDJPY,jobless_claims,0.0,0.0,2025-08-01
USDJPY,rate_expectations,-1.0,-0.625,2025-08-01
USDCHF,manufacturing_pmi,0.0,0.0,2025-08-01
USDCHF,services_pmi,0.0,0.0,2025-08-01
USDCHF,gdp_qoq,-1.0,-0.41666666666666663,2025-08-01
USDCHF,retail_sales,-1.0,-0.6770833333333333,2025-08-01
USDCHF,cpi_yoy,1.0,0.20833333333333331,2025-08-01
USDCHF,core_cpi,-1.0,-0.20833333333333331,2025-08-01
USDCHF,core_pce,0.0,0.0,2025-08-01
USDCHF,ppi_yoy,0.0,0.0,2025-08-01
USDCHF,employment_change,0.0,0.0,2025-08-01
USDCHF,unemployment_rate,2.0,0.20833333333333331,2025-08-01
USDCHF,wage_growth,-1.0,-0.10416666666666666,2025-08-01
USDCHF,adp,0.0,0.0,2025-08-01
USDCHF,jolts,0.0,0.0,2025-08-01
USDCHF,jobless_claims,0.0,0.0,2025-08-01
USDCHF,rate_expectations,0.0,0.0,2025-08-01
USDCAD,manufacturing_pmi,0.0,0.0,2025-08-01
USDCAD,services_pmi,0.0,0.0,2025-08-01
USDCAD,gdp_qoq,0.0,0.0,2025-08-01
USDCAD,retail_sales,1.0,0.15625,2025-08-01
USDCAD,cpi_yoy,1.0,0.20833333333333331,2025-08-01
USDCAD,core_cpi,-1.0,-0.20833333333333331,2025-08-01
USDCAD,core_pce,0.0,0.0,2025-08-01
USDCAD,ppi_yoy,0.0,0.0,2025-08-01
USDCAD,employment_change,-2.0,-0.625,2025-08-01
USDCAD,unemployment_rate,1.0,-0.10416666666666669,2025-08-01
USDCAD,wage_growth,-1.0,-0.10416666666666666,2025-08-01
USDCAD,adp,0.0,0.0,2025-08-01
USDCAD,jolts,0.0,0.0,2025-08-01
USDCAD,jobless_claims,0.0,0.0,2025-08-01
USDCAD,rate_expectations,0.0,0.0,2025-08-01
AUDUSD,manufacturing_pmi,0.0,0.0,2025-08-01
AUDUSD,services_pmi,0.0,0.0,2025-08-01
AUDUSD,gdp_qoq,-2.0,-0.625,2025-08-01
AUDUSD,retail_sales,1.0,0.46875,2025-08-01
AUDUSD,cpi_yoy,-2.0,-0.41666666666666663,2025-08-01
AUDUSD,core_cpi,1.0,0.20833333333333331,2025-08-01
AUDUSD,core_pce,0.0,0.0,2025-08-01
AUDUSD,ppi_yoy,0.0,0.0,2025-08-01
AUDUSD,employment_change,0.0,0.0,2025-08-01
AUDUSD,unemployment_rate,-4.0,-0.625,2025-08-01
AUDUSD,wage_growth,2.0,0.3125,2025-08-01
AUDUSD,adp,0.0,0.0,2025-08-01
AUDUSD,jolts,0.0,0.0,2025-08-01
AUDUSD,jobless_claims,0.0,0.0,2025-08-01
AUDUSD,rate_expectations,1.0,0.625,2025-08-01
NZDUSD,manufacturing_pmi,0.0,0.0,2025-08-01
NZDUSD,services_pmi,0.0,0.0,2025-08-01
NZDUSD,gdp_qoq,0.0,0.0,2025-08-01
NZDUSD,retail_sales,0.0,0.052083333333333315,2025-08-01
NZDUSD,cpi_yoy,-1.0,-0.20833333333333331,2025-08-01
NZDUSD,core_cpi,1.0,0.20833333333333331,2025-08-01
NZDUSD,core_pce,0.0,0.0,2025-08-01
NZDUSD,ppi_yoy,2.0,0.8333333333333333,2025-08-01
NZDUSD,employment_change,0.0,0.0,2025-08-01
NZDUSD,unemployment_rate,-1.0,0.06944444444444448,2025-08-01
NZDUSD,wage_growth,1.0,0.10416666666666666,2025-08-01
NZDUSD,adp,0.0,0.0,2025-08-01
NZDUSD,jolts,0.0,0.0,2025-08-01
NZDUSD,jobless_claims,0.0,0.0,2025-08-01
NZDUSD,rate_expectations,0.0,0.0,2025-08-01
EURGBP,manufacturing_pmi,-2.0,-0.3125,2025-08-01
EURGBP,services_pmi,0.0,0.0,2025-08-01
EURGBP,gdp_qoq,2.0,0.3125,2025-08-01
EURGBP,retail_sales,0.0,0.0,2025-08-01
EURGBP,cpi_yoy,-1.0,-0.3125,2025-08-01
EURGBP,core_cpi,-1.0,-0.3125,2025-08-01
EURGBP,core_pce,,0.0,2025-08-01
EURGBP,ppi_yoy,-1.0,0.0,2025-08-01
EURGBP,employment_change,1.0,0.3125,2025-08-01
EURGBP,unemployment_rate,1.0,0.3125,2025-08-01
EURGBP,wage_growth,0.0,0.0,2025-08-01
EURGBP,adp,,0.0,2025-08-01
EURGBP,jolts,,0.0,2025-08-01
EURGBP,jobless_claims,,0.0,2025-08-01
EURGBP,rate_expectations,0.0,0.0,2025-08-01
EURJPY,manufacturing_pmi,,0.0,2025-08-01
EURJPY,services_pmi,,0.0,2025-08-01
EURJPY,gdp_qoq,0.0,0.0,2025-08-01
EURJPY,retail_sales,0.0,0.0,2025-08-01
EURJPY,cpi_yoy,1.0,0.3125,2025-08-01
EURJPY,core_cpi,1.0,0.3125,2025-08-01
EURJPY,core_pce,,0.0,2025-08-01
EURJPY,ppi_yoy,0.0,0.0,2025-08-01
EURJPY,employment_change,1.0,0.3125,2025-08-01
EURJPY,unemployment_rate,1.0,0.3125,2025-08-01
EURJPY,wage_growth,2.0,0.625,2025-08-01
EURJPY,adp,,0.0,2025-08-01
EURJPY,jolts,,0.0,2025-08-01
EURJPY,jobless_claims,,0.0,2025-08-01
EURJPY,rate_expectations,-1.0,-0.625,2025-08-01
EURCHF,manufacturing_pmi,,0.0,2025-08-01
EURCHF,services_pmi,,0.0,2025-08-01
EURCHF,gdp_qoq,-1.0,-0.41666666666666663,2025-08-01
EURCHF,retail_sales,-2.0,-0.8333333333333333,2025-08-01
EURCHF,cpi_yoy,0.0,0.0,2025-08-01
EURCHF,core_cpi,0.0,0.0,2025-08-01
EURCHF,core_pce,,0.0,2025-08-01
EURCHF,ppi_yoy,0.0,0.0,2025-08-01
EURCHF,employment_change,1.0,0.3125,2025-08-01
EURCHF,unemployment_rate,1.0,0.3125,2025-08-01
EURCHF,wage_growth,,0.0,2025-08-01
EURCHF,adp,,0.0,2025-08-01
EURCHF,jolts,,0.0,2025-08-01
EURCHF,jobless_claims,,0.0,2025-08-01
EURCHF,rate_expectations,0.0,0.0,2025-08-01
EURAUD,manufacturing_pmi,,0.0,2025-08-01
EURAUD,services_pmi,,0.0,2025-08-01
EURAUD,gdp_qoq,2.0,0.625,2025-08-01
EURAUD,retail_sales,-2.0,-0.625,2025-08-01
EURAUD,cpi_yoy,1.0,0.20833333333333331,2025-08-01
EURAUD,core_cpi,0.0,0.0,2025-08-01
EURAUD,core_pce,,0.0,2025-08-01
EURAUD,ppi_yoy,0.0,0.0,2025-08-01
EURAUD,employment_change,1.0,0.3125,2025-08-01
EURAUD,unemployment_rate,3.0,0.7291666666666666,2025-08-01
EURAUD,wage_growth,-1.0,-0.20833333333333331,2025-08-01
EURAUD,adp,,0.0,2025-08-01
EURAUD,jolts,,0.0,2025-08-01
EURAUD,jobless_claims,,0.0,2025-08-01
EURAUD,rate_expectations,-1.0,-0.625,2025-08-01
EURNZD,manufacturing_pmi,0.0,0.0,2025-08-01
EURNZD,services_pmi,0.0,0.0,2025-08-01
EURNZD,gdp_qoq,0.0,0.0,2025-08-01
EURNZD,retail_sales,-1.0,-0.20833333333333331,2025-08-01
EURNZD,cpi_yoy,0.0,0.0,2025-08-01
EURNZD,core_cpi,0.0,0.0,2025-08-01
EURNZD,core_pce,,0.0,2025-08-01
EURNZD,ppi_yoy,-2.0,-0.8333333333333333,2025-08-01
EURNZD,employment_change,1.0,0.3125,2025-08-01
EURNZD,unemployment_rate,0.0,0.03472222222222221,2025-08-01
EURNZD,wage_growth,0.0,0.0,2025-08-01
EURNZD,adp,,0.0,2025-08-01
EURNZD,jolts,,0.0,2025-08-01
EURNZD,jobless_claims,,0.0,2025-08-01
EURNZD,rate_expectations,0.0,0.0,2025-08-01
EURCAD,manufacturing_pmi,0.0,0.0,2025-08-01
EURCAD,services_pmi,,0.0,2025-08-01
EURCAD,gdp_qoq,0.0,0.0,2025-08-01
EURCAD,retail_sales,0.0,0.0,2025-08-01
EURCAD,cpi_yoy,0.0,0.0,2025-08-01
EURCAD,core_cpi,0.0,0.0,2025-08-01
EURCAD,core_pce,,0.0,2025-08-01
EURCAD,ppi_yoy,0.0,0.0,2025-08-01
EURCAD,employment_change,-1.0,-0.3125,2025-08-01
EURCAD,unemployment_rate,0.0,0.0,2025-08-01
EURCAD,wage_growth,,0.0,2025-08-01
EURCAD,adp,,0.0,2025-08-01
EURCAD,jolts,,0.0,2025-08-01
EURCAD,jobless_claims,,0.0,2025-08-01
EURCAD,rate_expectations,0.0,0.0,2025-08-01
GBPJPY,manufacturing_pmi,2.0,0.3125,2025-08-01
GBPJPY,services_pmi,0.0,0.0,2025-08-01
GBPJPY,gdp_qoq,-2.0,-0.3125,2025-08-01
GBPJPY,retail_sales,0.0,0.0,2025-08-01
GBPJPY,cpi_yoy,2.0,0.625,2025-08-01
GBPJPY,core_cpi,2.0,0.625,2025-08-01
GBPJPY,core_pce,,0.0,2025-08-01
GBPJPY,ppi_yoy,1.0,0.0,2025-08-01
GBPJPY,employment_change,0.0,0.0,2025-08-01
GBPJPY,unemployment_rate,0.0,0.0,2025-08-01
GBPJPY,wage_growth,2.0,0.625,2025-08-01
GBPJPY,adp,,0.0,2025-08-01
GBPJPY,jolts,,0.0,2025-08-01
GBPJPY,jobless_claims,,0.0,2025-08-01
GBPJPY,rate_expectations,-1.0,-0.625,2025-08-01
GBPCHF,manufacturing_pmi,2.0,0.3125,2025-08-01
GBPCHF,services_pmi,0.0,0.0,2025-08-01
GBPCHF,gdp_qoq,-3.0,-0.7291666666666666,2025-08-01
GBPCHF,retail_sales,-2.0,-0.8333333333333333,2025-08-01
GBPCHF,cpi_yoy,1.0,0.3125,2025-08-01
GBPCHF,core_cpi,1.0,0.3125,2025-08-01
GBPCHF,core_pce,,0.0,2025-08-01
GBPCHF,ppi_yoy,1.0,0.0,2025-08-01
GBPCHF,employment_change,0.0,0.0,2025-08-01
GBPCHF,unemployment_rate,0.0,0.0,2025-08-01
GBPCHF,wage_growth,0.0,0.0,2025-08-01
GBPCHF,adp,,0.0,2025-08-01
GBPCHF,jolts,,0.0,2025-08-01
GBPCHF,jobless_claims,,0.0,2025-08-01
GBPCHF,rate_expectations,0.0,0.0,2025-08-01
GBPAUD,manufacturing_pmi,2.0,0.3125,2025-08-01
GBPAUD,services_pmi,0.0,0.0,2025-08-01
GBPAUD,gdp_qoq,0.0,0.3125,2025-08-01
GBPAUD,retail_sales,-2.0,-0.625,2025-08-01
GBPAUD,cpi_yoy,2.0,0.5208333333333333,2025-08-01
GBPAUD,core_cpi,1.0,0.3125,2025-08-01
GBPAUD,core_pce,,0.0,2025-08-01
GBPAUD,ppi_yoy,1.0,0.0,2025-08-01
GBPAUD,employment_change,0.0,0.0,2025-08-01
GBPAUD,unemployment_rate,2.0,0.41666666666666663,2025-08-01
GBPAUD,wage_growth,-1.0,-0.20833333333333331,2025-08-01
GBPAUD,adp,,0.0,2025-08-01
GBPAUD,jolts,,0.0,2025-08-01
GBPAUD,jobless_claims,,0.0,2025-08-01
GBPAUD,rate_expectations,-1.0,-0.625,2025-08-01
GBPNZD,manufacturing_pmi,2.0,0.3125,2025-08-01
GBPNZD,services_pmi,0.0,0.0,2025-08-01
GBPNZD,gdp_qoq,-2.0,-0.3125,2025-08-01
GBPNZD,retail_sales,-1.0,-0.20833333333333331,2025-08-01
GBPNZD,cpi_yoy,1.0,0.3125,2025-08-01
GBPNZD,core_cpi,1.0,0.3125,2025-08-01
GBPNZD,core_pce,,0.0,2025-08-01
GBPNZD,ppi_yoy,-1.0,-0.8333333333333333,2025-08-01
GBPNZD,employment_change,0.0,0.0,2025-08-01
GBPNZD,unemployment_rate,-1.0,-0.2777777777777778,2025-08-01
GBPNZD,wage_growth,0.0,0.0,2025-08-01
GBPNZD,adp,,0.0,2025-08-01
GBPNZD,jolts,,0.0,2025-08-01
GBPNZD,jobless_claims,,0.0,2025-08-01
GBPNZD,rate_expectations,0.0,0.0,2025-08-01
GBPCAD,manufacturing_pmi,2.0,0.3125,2025-08-01
GBPCAD,services_pmi,0.0,0.0,2025-08-01
GBPCAD,gdp_qoq,-2.0,-0.3125,2025-08-01
GBPCAD,retail_sales,0.0,0.0,2025-08-01
GBPCAD,cpi_yoy,1.0,0.3125,2025-08-01
GBPCAD,core_cpi,1.0,0.3125,2025-08-01
GBPCAD,core_pce,,0.0,2025-08-01
GBPCAD,ppi_yoy,1.0,0.0,2025-08-01
GBPCAD,employment_change,-2.0,-0.625,2025-08-01
GBPCAD,unemployment_rate,-1.0,-0.3125,2025-08-01
GBPCAD,wage_growth,0.0,0.0,2025-08-01
GBPCAD,adp,,0.0,2025-08-01
GBPCAD,jolts,,0.0,2025-08-01
GBPCAD,jobless_claims,,0.0,2025-08-01
GBPCAD,rate_expectations,0.0,0.0,2025-08-01
AUDJPY,manufacturing_pmi,,0.0,2025-08-01
AUDJPY,services_pmi,,0.0,2025-08-01
AUDJPY,gdp_qoq,-2.0,-0.625,2025-08-01
AUDJPY,retail_sales,2.0,0.625,2025-08-01
AUDJPY,cpi_yoy,0.0,0.10416666666666669,2025-08-01
AUDJPY,core_cpi,1.0,0.3125,2025-08-01
AUDJPY,core_pce,,0.0,2025-08-01
AUDJPY,ppi_yoy,0.0,0.0,2025-08-01
AUDJPY,employment_change,0.0,0.0,2025-08-01
AUDJPY,unemployment_rate,-2.0,-0.41666666666666663,2025-08-01
AUDJPY,wage_growth,3.0,0.8333333333333333,2025-08-01
AUDJPY,adp,,0.0,2025-08-01
AUDJPY,jolts,,0.0,2025-08-01
AUDJPY,jobless_claims,,0.0,2025-08-01
AUDJPY,rate_expectations,0.0,0.0,2025-08-01
NZDJPY,manufacturing_pmi,0.0,0.0,2025-08-01
NZDJPY,services_pmi,0.0,0.0,2025-08-01
NZDJPY,gdp_qoq,0.0,0.0,2025-08-01
NZDJPY,retail_sales,1.0,0.20833333333333331,2025-08-01
NZDJPY,cpi_yoy,1.0,0.3125,2025-08-01
NZDJPY,core_cpi,1.0,0.3125,2025-08-01
NZDJPY,core_pce,,0.0,2025-08-01
NZDJPY,ppi_yoy,2.0,0.8333333333333333,2025-08-01
NZDJPY,employment_change,0.0,0.0,2025-08-01
NZDJPY,unemployment_rate,1.0,0.2777777777777778,2025-08-01
NZDJPY,wage_growth,2.0,0.625,2025-08-01
NZDJPY,adp,,0.0,2025-08-01
NZDJPY,jolts,,0.0,2025-08-01
NZDJPY,jobless_claims,,0.0,2025-08-01
NZDJPY,rate_expectations,-1.0,-0.625,2025-08-01
CADJPY,manufacturing_pmi,0.0,0.0,2025-08-01
CADJPY,services_pmi,,0.0,2025-08-01
CADJPY,gdp_qoq,0.0,0.0,2025-08-01
CADJPY,retail_sales,0.0,0.0,2025-08-01
CADJPY,cpi_yoy,1.0,0.3125,2025-08-01
CADJPY,core_cpi,1.0,0.3125,2025-08-01
CADJPY,core_pce,,0.0,2025-08-01
CADJPY,ppi_yoy,0.0,0.0,2025-08-01
CADJPY,employment_change,2.0,0.625,2025-08-01
CADJPY,unemployment_rate,1.0,0.3125,2025-08-01
CADJPY,wage_growth,2.0,0.625,2025-08-01
CADJPY,adp,,0.0,2025-08-01
CADJPY,jolts,,0.0,2025-08-01
CADJPY,jobless_claims,,0.0,2025-08-01
CADJPY,rate_expectations,-1.0,-0.625,2025-08-01
CHFJPY,manufacturing_pmi,,0.0,2025-08-01
CHFJPY,services_pmi,,0.0,2025-08-01
CHFJPY,gdp_qoq,1.0,0.41666666666666663,2025-08-01
CHFJPY,retail_sales,2.0,0.8333333333333333,2025-08-01
CHFJPY,cpi_yoy,1.0,0.3125,2025-08-01
CHFJPY,core_cpi,1.0,0.3125,2025-08-01
CHFJPY,core_pce,,0.0,2025-08-01
CHFJPY,ppi_yoy,0.0,0.0,2025-08-01
CHFJPY,employment_change,,0.0,2025-08-01
CHFJPY,unemployment_rate,0.0,0.0,2025-08-01
CHFJPY,wage_growth,2.0,0.625,2025-08-01
CHFJPY,adp,,0.0,2025-08-01
CHFJPY,jolts,,0.0,2025-08-01
CHFJPY,jobless_claims,,0.0,2025-08-01
CHFJPY,rate_expectations,-1.0,-0.625,2025-08-01
AUDNZD,manufacturing_pmi,0.0,0.0,2025-08-01
AUDNZD,services_pmi,0.0,0.0,2025-08-01
AUDNZD,gdp_qoq,-2.0,-0.625,2025-08-01
AUDNZD,retail_sales,1.0,0.4166666666666667,2025-08-01
AUDNZD,cpi_yoy,-1.0,-0.20833333333333331,2025-08-01
AUDNZD,core_cpi,0.0,0.0,2025-08-01
AUDNZD,core_pce,,0.0,2025-08-01
AUDNZD,ppi_yoy,-2.0,-0.8333333333333333,2025-08-01
AUDNZD,employment_change,0.0,0.0,2025-08-01
AUDNZD,unemployment_rate,-3.0,-0.6944444444444444,2025-08-01
AUDNZD,wage_growth,1.0,0.20833333333333331,2025-08-01
AUDNZD,adp,,0.0,2025-08-01
AUDNZD,jolts,,0.0,2025-08-01
AUDNZD,jobless_claims,,0.0,2025-08-01
AUDNZD,rate_expectations,1.0,0.625,2025-08-01
AUDCAD,manufacturing_pmi,0.0,0.0,2025-08-01
AUDCAD,services_pmi,,0.0,2025-08-01
AUDCAD,gdp_qoq,-2.0,-0.625,2025-08-01
AUDCAD,retail_sales,2.0,0.625,2025-08-01
AUDCAD,cpi_yoy,-1.0,-0.20833333333333331,2025-08-01
AUDCAD,core_cpi,0.0,0.0,2025-08-01
AUDCAD,core_pce,,0.0,2025-08-01
AUDCAD,ppi_yoy,0.0,0.0,2025-08-01
AUDCAD,employment_change,-2.0,-0.625,2025-08-01
AUDCAD,unemployment_rate,-3.0,-0.7291666666666666,2025-08-01
AUDCAD,wage_growth,1.0,0.20833333333333331,2025-08-01
AUDCAD,adp,,0.0,2025-08-01
AUDCAD,jolts,,0.0,2025-08-01
AUDCAD,jobless_claims,,0.0,2025-08-01
AUDCAD,rate_expectations,1.0,0.625,2025-08-01
AUDCHF,manufacturing_pmi,,0.0,2025-08-01
AUDCHF,services_pmi,,0.0,2025-08-01
AUDCHF,gdp_qoq,-3.0,-1.0416666666666665,2025-08-01
AUDCHF,retail_sales,0.0,-0.20833333333333326,2025-08-01
AUDCHF,cpi_yoy,-1.0,-0.20833333333333331,2025-08-01
AUDCHF,core_cpi,0.0,0.0,2025-08-01
AUDCHF,core_pce,,0.0,2025-08-01
AUDCHF,ppi_yoy,0.0,0.0,2025-08-01
AUDCHF,employment_change,0.0,0.0,2025-08-01
AUDCHF,unemployment_rate,-2.0,-0.41666666666666663,2025-08-01
AUDCHF,wage_growth,1.0,0.20833333333333331,2025-08-01
AUDCHF,adp,,0.0,2025-08-01
AUDCHF,jolts,,0.0,2025-08-01
AUDCHF,jobless_claims,,0.0,2025-08-01
AUDCHF,rate_expectations,1.0,0.625,2025-08-01
NZDCAD,manufacturing_pmi,0.0,0.0,2025-08-01
NZDCAD,services_pmi,0.0,0.0,2025-08-01
NZDCAD,gdp_qoq,0.0,0.0,2025-08-01
NZDCAD,retail_sales,1.0,0.20833333333333331,2025-08-01
NZDCAD,cpi_yoy,0.0,0.0,2025-08-01
NZDCAD,core_cpi,0.0,0.0,2025-08-01
NZDCAD,core_pce,,0.0,2025-08-01
NZDCAD,ppi_yoy,2.0,0.8333333333333333,2025-08-01
NZDCAD,employment_change,-2.0,-0.625,2025-08-01
NZDCAD,unemployment_rate,0.0,-0.03472222222222221,2025-08-01
NZDCAD,wage_growth,0.0,0.0,2025-08-01
NZDCAD,adp,,0.0,2025-08-01
NZDCAD,jolts,,0.0,2025-08-01
NZDCAD,jobless_claims,,0.0,2025-08-01
NZDCAD,rate_expectations,0.0,0.0,2025-08-01
NZDCHF,manufacturing_pmi,0.0,0.0,2025-08-01
NZDCHF,services_pmi,0.0,0.0,2025-08-01
NZDCHF,gdp_qoq,-1.0,-0.41666666666666663,2025-08-01
NZDCHF,retail_sales,-1.0,-0.625,2025-08-01
NZDCHF,cpi_yoy,0.0,0.0,2025-08-01
NZDCHF,core_cpi,,0.0,2025-08-01
NZDCHF,core_pce,,0.0,2025-08-01
NZDCHF,ppi_yoy,2.0,0.8333333333333333,2025-08-01
NZDCHF,employment_change,0.0,0.0,2025-08-01
NZDCHF,unemployment_rate,1.0,0.2777777777777778,2025-08-01
NZDCHF,wage_growth,0.0,0.0,2025-08-01
NZDCHF,adp,,0.0,2025-08-01
NZDCHF,jolts,,0.0,2025-08-01
NZDCHF,jobless_claims,,0.0,2025-08-01
NZDCHF,rate_expectations,,0.0,2025-08-01
CADCHF,manufacturing_pmi,0.0,0.0,2025-08-01
CADCHF,services_pmi,,0.0,2025-08-01
CADCHF,gdp_qoq,-1.0,-0.41666666666666663,2025-08-01
CADCHF,retail_sales,-2.0,-0.8333333333333333,2025-08-01
CADCHF,cpi_yoy,0.0,0.0,2025-08-01
CADCHF,core_cpi,0.0,0.0,2025-08-01
CADCHF,core_pce,,0.0,2025-08-01
CADCHF,ppi_yoy,0.0,0.0,2025-08-01
CADCHF,employment_change,2.0,0.625,2025-08-01
CADCHF,unemployment_rate,1.0,0.3125,2025-08-01
CADCHF,wage_growth,,0.0,2025-08-01
CADCHF,adp,,0.0,2025-08-01
CADCHF,jolts,,0.0,2025-08-01
CADCHF,jobless_claims,,0.0,2025-08-01
CADCHF,rate_expectations,0.0,0.0,2025-08-01
EURUSD,manufacturing_pmi,2.0,0.3125,2025-08-08
EURUSD,services_pmi,0.0,0.0,2025-08-08
EURUSD,gdp_qoq,0.0,0.0,2025-08-08
EURUSD,retail_sales,-1.0,-0.15625,2025-08-08
EURUSD,cpi_yoy,0.0,0.0,2025-08-08
EURUSD,core_cpi,1.0,0.20833333333333331,2025-08-08
EURUSD,core_pce,0.0,0.0,2025-08-08
EURUSD,ppi_yoy,0.0,0.0,2025-08-08
EURUSD,employment_change,1.0,0.3125,2025-08-08
EURUSD,unemployment_rate,1.0,0.3125,2025-08-08
EURUSD,wage_growth,0.0,0.0,2025-08-08
EURUSD,adp,0.0,0.0,2025-08-08
EURUSD,jolts,0.0,0.0,2025-08-08
EURUSD,jobless_claims,0.0,0.0,2025-08-08
EURUSD,rate_expectations,0.0,0.0,2025-08-08
GBPUSD,manufacturing_pmi,2.0,0.3125,2025-08-08
GBPUSD,services_pmi,0.0,0.0,2025-08-08
GBPUSD,gdp_qoq,-2.0,-0.3125,2025-08-08
GBPUSD,retail_sales,-1.0,-0.15625,2025-08-08
GBPUSD,cpi_yoy,0.0,0.10416666666666669,2025-08-08
GBPUSD,core_cpi,2.0,0.5208333333333333,2025-08-08
GBPUSD,core_pce,0.0,0.0,2025-08-08
GBPUSD,ppi_yoy,1.0,0.0,2025-08-08
GBPUSD,employment_change,0.0,0.0,2025-08-08
GBPUSD,unemployment_rate,0.0,0.0,2025-08-08
GBPUSD,wage_growth,0.0,0.0,2025-08-08
GBPUSD,adp,0.0,0.0,2025-08-08
GBPUSD,jolts,0.0,0.0,2025-08-08
GBPUSD,jobless_claims,0.0,0.0,2025-08-08
GBPUSD,rate_expectations,0.0,0.0,2025-08-08
USDJPY,manufacturing_pmi,-2.0,-0.3125,2025-08-08
USDJPY,services_pmi,0.0,0.0,2025-08-08
USDJPY,gdp_qoq,0.0,0.0,2025-08-08
USDJPY,retail_sales,1.0,0.15625,2025-08-08
USDJPY,cpi_yoy,2.0,0.5208333333333333,2025-08-08
USDJPY,core_cpi,0.0,0.10416666666666669,2025-08-08
USDJPY,core_pce,0.0,0.0,2025-08-08
USDJPY,ppi_yoy,0.0,0.0,2025-08-08
USDJPY,employment_change,0.0,0.0,2025-08-08
USDJPY,unemployment_rate,0.0,0.0,2025-08-08
USDJPY,wage_growth,1.0,0.3125,2025-08-08
USDJPY,adp,0.0,0.0,2025-08-08
USDJPY,jolts,0.0,0.0,2025-08-08
USDJPY,jobless_claims,0.0,0.0,2025-08-08
USDJPY,rate_expectations,0.0,0.0,2025-08-08
USDCHF,manufacturing_pmi,-2.0,-0.3125,2025-08-08
USDCHF,services_pmi,0.0,0.0,2025-08-08
USDCHF,gdp_qoq,-1.0,-0.41666666666666663,2025-08-08
USDCHF,retail_sales,-1.0,-0.6770833333333333,2025-08-08
USDCHF,cpi_yoy,1.0,0.20833333333333331,2025-08-08
USDCHF,core_cpi,-1.0,-0.20833333333333331,2025-08-08
USDCHF,core_pce,0.0,0.0,2025-08-08
USDCHF,ppi_yoy,0.0,0.0,2025-08-08
USDCHF,employment_change,0.0,0.0,2025-08-08
USDCHF,unemployment_rate,0.0,0.0,2025-08-08
USDCHF,wage_growth,0.0,0.0,2025-08-08
USDCHF,adp,0.0,0.0,2025-08-08
USDCHF,jolts,0.0,0.0,2025-08-08
USDCHF,jobless_claims,0.0,0.0,2025-08-08
USDCHF,rate_expectations,0.0,0.0,2025-08-08
USDCAD,manufacturing_pmi,-2.0,-0.3125,2025-08-08
USDCAD,services_pmi,0.0,0.0,2025-08-08
USDCAD,gdp_qoq,0.0,0.0,2025-08-08
USDCAD,retail_sales,1.0,0.15625,2025-08-08
USDCAD,cpi_yoy,1.0,0.20833333333333331,2025-08-08
USDCAD,core_cpi,-1.0,-0.20833333333333331,2025-08-08
USDCAD,core_pce,0.0,0.0,2025-08-08
USDCAD,ppi_yoy,0.0,0.0,2025-08-08
USDCAD,employment_change,-2.0,-0.625,2025-08-08
USDCAD,unemployment_rate,-1.0,-0.3125,2025-08-08
USDCAD,wage_growth,0.0,0.0,2025-08-08
USDCAD,adp,0.0,0.0,2025-08-08
USDCAD,jolts,0.0,0.0,2025-08-08
USDCAD,jobless_claims,0.0,0.0,2025-08-08
USDCAD,rate_expectations,0.0,0.0,2025-08-08
AUDUSD,manufacturing_pmi,2.0,0.3125,2025-08-08
AUDUSD,services_pmi,0.0,0.0,2025-08-08
AUDUSD,gdp_qoq,-2.0,-0.625,2025-08-08
AUDUSD,retail_sales,1.0,0.46875,2025-08-08
AUDUSD,cpi_yoy,-2.0,-0.41666666666666663,2025-08-08
AUDUSD,core_cpi,1.0,0.20833333333333331,2025-08-08
AUDUSD,core_pce,0.0,0.0,2025-08-08
AUDUSD,ppi_yoy,0.0,0.0,2025-08-08
AUDUSD,employment_change,0.0,0.0,2025-08-08
AUDUSD,unemployment_rate,-2.0,-0.41666666666666663,2025-08-08
AUDUSD,wage_growth,1.0,0.20833333333333331,2025-08-08
AUDUSD,adp,0.0,0.0,2025-08-08
AUDUSD,jolts,0.0,0.0,2025-08-08
AUDUSD,jobless_claims,0.0,0.0,2025-08-08
AUDUSD,rate_expectations,0.0,0.0,2025-08-08
NZDUSD,manufacturing_pmi,2.0,0.3125,2025-08-08
NZDUSD,services_pmi,0.0,0.0,2025-08-08
NZDUSD,gdp_qoq,0.0,0.0,2025-08-08
NZDUSD,retail_sales,0.0,0.052083333333333315,2025-08-08
NZDUSD,cpi_yoy,-1.0,-0.20833333333333331,2025-08-08
NZDUSD,core_cpi,1.0,0.20833333333333331,2025-08-08
NZDUSD,core_pce,0.0,0.0,2025-08-08
NZDUSD,ppi_yoy,2.0,0.8333333333333333,2025-08-08
NZDUSD,employment_change,0.0,0.0,2025-08-08
NZDUSD,unemployment_rate,0.0,0.0,2025-08-08
NZDUSD,wage_growth,0.0,0.0,2025-08-08
NZDUSD,adp,0.0,0.0,2025-08-08
NZDUSD,jolts,0.0,0.0,2025-08-08
NZDUSD,jobless_claims,0.0,0.0,2025-08-08
NZDUSD,rate_expectations,0.0,0.0,2025-08-08
EURGBP,manufacturing_pmi,0.0,0.0,2025-08-08
EURGBP,services_pmi,0.0,0.0,2025-08-08
EURGBP,gdp_qoq,2.0,0.3125,2025-08-08
EURGBP,retail_sales,0.0,0.0,2025-08-08
EURGBP,cpi_yoy,0.0,-0.10416666666666669,2025-08-08
EURGBP,core_cpi,-1.0,-0.3125,2025-08-08
EURGBP,core_pce,,0.0,2025-08-08
EURGBP,ppi_yoy,-1.0,0.0,2025-08-08
EURGBP,employment_change,1.0,0.3125,2025-08-08
EURGBP,unemployment_rate,1.0,0.3125,2025-08-08
EURGBP,wage_growth,0.0,0.0,2025-08-08
EURGBP,adp,,0.0,2025-08-08
EURGBP,jolts,,0.0,2025-08-08
EURGBP,jobless_claims,,0.0,2025-08-08
EURGBP,rate_expectations,0.0,0.0,2025-08-08
EURJPY,manufacturing_pmi,,0.0,2025-08-08
EURJPY,services_pmi,,0.0,2025-08-08
EURJPY,gdp_qoq,0.0,0.0,2025-08-08
EURJPY,retail_sales,0.0,0.0,2025-08-08
EURJPY,cpi_yoy,2.0,0.5208333333333333,2025-08-08
EURJPY,core_cpi,1.0,0.3125,2025-08-08
EURJPY,core_pce,,0.0,2025-08-08
EURJPY,ppi_yoy,0.0,0.0,2025-08-08
EURJPY,employment_change,1.0,0.3125,2025-08-08
EURJPY,unemployment_rate,1.0,0.3125,2025-08-08
EURJPY,wage_growth,1.0,0.3125,2025-08-08
EURJPY,adp,,0.0,2025-08-08
EURJPY,jolts,,0.0,2025-08-08
EURJPY,jobless_claims,,0.0,2025-08-08
EURJPY,rate_expectations,0.0,0.0,2025-08-08
EURCHF,manufacturing_pmi,,0.0,2025-08-08
EURCHF,services_pmi,,0.0,2025-08-08
EURCHF,gdp_qoq,-1.0,-0.41666666666666663,2025-08-08
EURCHF,retail_sales,-2.0,-0.8333333333333333,2025-08-08
EURCHF,cpi_yoy,1.0,0.20833333333333331,2025-08-08
EURCHF,core_cpi,0.0,0.0,2025-08-08
EURCHF,core_pce,,0.0,2025-08-08
EURCHF,ppi_yoy,0.0,0.0,2025-08-08
EURCHF,employment_change,1.0,0.3125,2025-08-08
EURCHF,unemployment_rate,1.0,0.3125,2025-08-08
EURCHF,wage_growth,,0.0,2025-08-08
EURCHF,adp,,0.0,2025-08-08
EURCHF,jolts,,0.0,2025-08-08
EURCHF,jobless_claims,,0.0,2025-08-08
EURCHF,rate_expectations,0.0,0.0,2025-08-08
EURAUD,manufacturing_pmi,,0.0,2025-08-08
EURAUD,services_pmi,,0.0,2025-08-08
EURAUD,gdp_qoq,2.0,0.625,2025-08-08
EURAUD,retail_sales,-2.0,-0.625,2025-08-08
EURAUD,cpi_yoy,2.0,0.41666666666666663,2025-08-08
EURAUD,core_cpi,0.0,0.0,2025-08-08
EURAUD,core_pce,,0.0,2025-08-08
EURAUD,ppi_yoy,0.0,0.0,2025-08-08
EURAUD,employment_change,1.0,0.3125,2025-08-08
EURAUD,unemployment_rate,3.0,0.7291666666666666,2025-08-08
EURAUD,wage_growth,-1.0,-0.20833333333333331,2025-08-08
EURAUD,adp,,0.0,2025-08-08
EURAUD,jolts,,0.0,2025-08-08
EURAUD,jobless_claims,,0.0,2025-08-08
EURAUD,rate_expectations,0.0,0.0,2025-08-08
EURNZD,manufacturing_pmi,0.0,0.0,2025-08-08
EURNZD,services_pmi,0.0,0.0,2025-08-08
EURNZD,gdp_qoq,0.0,0.0,2025-08-08
EURNZD,retail_sales,-1.0,-0.20833333333333331,2025-08-08
EURNZD,cpi_yoy,1.0,0.20833333333333331,2025-08-08
EURNZD,core_cpi,0.0,0.0,2025-08-08
EURNZD,core_pce,,0.0,2025-08-08
EURNZD,ppi_yoy,-2.0,-0.8333333333333333,2025-08-08
EURNZD,employment_change,1.0,0.3125,2025-08-08
EURNZD,unemployment_rate,1.0,0.3125,2025-08-08
EURNZD,wage_growth,0.0,0.0,2025-08-08
EURNZD,adp,,0.0,2025-08-08
EURNZD,jolts,,0.0,2025-08-08
EURNZD,jobless_claims,,0.0,2025-08-08
EURNZD,rate_expectations,0.0,0.0,2025-08-08
EURCAD,manufacturing_pmi,0.0,0.0,2025-08-08
EURCAD,services_pmi,,0.0,2025-08-08
EURCAD,gdp_qoq,0.0,0.0,2025-08-08
EURCAD,retail_sales,0.0,0.0,2025-08-08
EURCAD,cpi_yoy,1.0,0.20833333333333331,2025-08-08
EURCAD,core_cpi,0.0,0.0,2025-08-08
EURCAD,core_pce,,0.0,2025-08-08
EURCAD,ppi_yoy,0.0,0.0,2025-08-08
EURCAD,employment_change,-1.0,-0.3125,2025-08-08
EURCAD,unemployment_rate,0.0,0.0,2025-08-08
EURCAD,wage_growth,,0.0,2025-08-08
EURCAD,adp,,0.0,2025-08-08
EURCAD,jolts,,0.0,2025-08-08
EURCAD,jobless_claims,,0.0,2025-08-08
EURCAD,rate_expectations,0.0,0.0,2025-08-08
GBPJPY,manufacturing_pmi,0.0,0.0,2025-08-08
GBPJPY,services_pmi,0.0,0.0,2025-08-08
GBPJPY,gdp_qoq,-2.0,-0.3125,2025-08-08
GBPJPY,retail_sales,0.0,0.0,2025-08-08
GBPJPY,cpi_yoy,2.0,0.625,2025-08-08
GBPJPY,core_cpi,2.0,0.625,2025-08-08
GBPJPY,core_pce,,0.0,2025-08-08
GBPJPY,ppi_yoy,1.0,0.0,2025-08-08
GBPJPY,employment_change,0.0,0.0,2025-08-08
GBPJPY,unemployment_rate,0.0,0.0,2025-08-08
GBPJPY,wage_growth,1.0,0.3125,2025-08-08
GBPJPY,adp,,0.0,2025-08-08
GBPJPY,jolts,,0.0,2025-08-08
GBPJPY,jobless_claims,,0.0,2025-08-08
GBPJPY,rate_expectations,0.0,0.0,2025-08-08
GBPCHF,manufacturing_pmi,0.0,0.0,2025-08-08
GBPCHF,services_pmi,0.0,0.0,2025-08-08
GBPCHF,gdp_qoq,-3.0,-0.7291666666666666,2025-08-08
GBPCHF,retail_sales,-2.0,-0.8333333333333333,2025-08-08
GBPCHF,cpi_yoy,1.0,0.3125,2025-08-08
GBPCHF,core_cpi,1.0,0.3125,2025-08-08
GBPCHF,core_pce,,0.0,2025-08-08
GBPCHF,ppi_yoy,1.0,0.0,2025-08-08
GBPCHF,employment_change,0.0,0.0,2025-08-08
GBPCHF,unemployment_rate,0.0,0.0,2025-08-08
GBPCHF,wage_growth,0.0,0.0,2025-08-08
GBPCHF,adp,,0.0,2025-08-08
GBPCHF,jolts,,0.0,2025-08-08
GBPCHF,jobless_claims,,0.0,2025-08-08
GBPCHF,rate_expectations,0.0,0.0,2025-08-08
GBPAUD,manufacturing_pmi,0.0,0.0,2025-08-08
GBPAUD,services_pmi,0.0,0.0,2025-08-08
GBPAUD,gdp_qoq,0.0,0.3125,2025-08-08
GBPAUD,retail_sales,-2.0,-0.625,2025-08-08
GBPAUD,cpi_yoy,2.0,0.5208333333333333,2025-08-08
GBPAUD,core_cpi,1.0,0.3125,2025-08-08
GBPAUD,core_pce,,0.0,2025-08-08
GBPAUD,ppi_yoy,1.0,0.0,2025-08-08
GBPAUD,employment_change,0.0,0.0,2025-08-08
GBPAUD,unemployment_rate,2.0,0.41666666666666663,2025-08-08
GBPAUD,wage_growth,-1.0,-0.20833333333333331,2025-08-08
GBPAUD,adp,,0.0,2025-08-08
GBPAUD,jolts,,0.0,2025-08-08
GBPAUD,jobless_claims,,0.0,2025-08-08
GBPAUD,rate_expectations,0.0,0.0,2025-08-08
GBPNZD,manufacturing_pmi,0.0,0.0,2025-08-08
GBPNZD,services_pmi,0.0,0.0,2025-08-08
GBPNZD,gdp_qoq,-2.0,-0.3125,2025-08-08
GBPNZD,retail_sales,-1.0,-0.20833333333333331,2025-08-08
GBPNZD,cpi_yoy,1.0,0.3125,2025-08-08
GBPNZD,core_cpi,1.0,0.3125,2025-08-08
GBPNZD,core_pce,,0.0,2025-08-08
GBPNZD,ppi_yoy,-1.0,-0.8333333333333333,2025-08-08
GBPNZD,employment_change,0.0,0.0,2025-08-08
GBPNZD,unemployment_rate,0.0,0.0,2025-08-08
GBPNZD,wage_growth,0.0,0.0,2025-08-08
GBPNZD,adp,,0.0,2025-08-08
GBPNZD,jolts,,0.0,2025-08-08
GBPNZD,jobless_claims,,0.0,2025-08-08
GBPNZD,rate_expectations,0.0,0.0,2025-08-08
GBPCAD,manufacturing_pmi,0.0,0.0,2025-08-08
GBPCAD,services_pmi,0.0,0.0,2025-08-08
GBPCAD,gdp_qoq,-2.0,-0.3125,2025-08-08
GBPCAD,retail_sales,0.0,0.0,2025-08-08
GBPCAD,cpi_yoy,1.0,0.3125,2025-08-08
GBPCAD,core_cpi,1.0,0.3125,2025-08-08
GBPCAD,core_pce,,0.0,2025-08-08
GBPCAD,ppi_yoy,1.0,0.0,2025-08-08
GBPCAD,employment_change,-2.0,-0.625,2025-08-08
GBPCAD,unemployment_rate,-1.0,-0.3125,2025-08-08
GBPCAD,wage_growth,0.0,0.0,2025-08-08
GBPCAD,adp,,0.0,2025-08-08
GBPCAD,jolts,,0.0,2025-08-08
GBPCAD,jobless_claims,,0.0,2025-08-08
GBPCAD,rate_expectations,0.0,0.0,2025-08-08
AUDJPY,manufacturing_pmi,,0.0,2025-08-08
AUDJPY,services_pmi,,0.0,2025-08-08
AUDJPY,gdp_qoq,-2.0,-0.625,2025-08-08
AUDJPY,retail_sales,2.0,0.625,2025-08-08
AUDJPY,cpi_yoy,0.0,0.10416666666666669,2025-08-08
AUDJPY,core_cpi,1.0,0.3125,2025-08-08
AUDJPY,core_pce,,0.0,2025-08-08
AUDJPY,ppi_yoy,0.0,0.0,2025-08-08
AUDJPY,employment_change,0.0,0.0,2025-08-08
AUDJPY,unemployment_rate,-2.0,-0.41666666666666663,2025-08-08
AUDJPY,wage_growth,2.0,0.5208333333333333,2025-08-08
AUDJPY,adp,,0.0,2025-08-08
AUDJPY,jolts,,0.0,2025-08-08
AUDJPY,jobless_claims,,0.0,2025-08-08
AUDJPY,rate_expectations,0.0,0.0,2025-08-08
NZDJPY,manufacturing_pmi,0.0,0.0,2025-08-08
NZDJPY,services_pmi,0.0,0.0,2025-08-08
NZDJPY,gdp_qoq,0.0,0.0,2025-08-08
NZDJPY,retail_sales,1.0,0.20833333333333331,2025-08-08
NZDJPY,cpi_yoy,1.0,0.3125,2025-08-08
NZDJPY,core_cpi,1.0,0.3125,2025-08-08
NZDJPY,core_pce,,0.0,2025-08-08
NZDJPY,ppi_yoy,2.0,0.8333333333333333,2025-08-08
NZDJPY,employment_change,0.0,0.0,2025-08-08
NZDJPY,unemployment_rate,0.0,0.0,2025-08-08
NZDJPY,wage_growth,1.0,0.3125,2025-08-08
NZDJPY,adp,,0.0,2025-08-08
NZDJPY,jolts,,0.0,2025-08-08
NZDJPY,jobless_claims,,0.0,2025-08-08
NZDJPY,rate_expectations,0.0,0.0,2025-08-08
CADJPY,manufacturing_pmi,0.0,0.0,2025-08-08
CADJPY,services_pmi,,0.0,2025-08-08
CADJPY,gdp_qoq,0.0,0.0,2025-08-08
CADJPY,retail_sales,0.0,0.0,2025-08-08
CADJPY,cpi_yoy,1.0,0.3125,2025-08-08
CADJPY,core_cpi,1.0,0.3125,2025-08-08
CADJPY,core_pce,,0.0,2025-08-08
CADJPY,ppi_yoy,0.0,0.0,2025-08-08
CADJPY,employment_change,2.0,0.625,2025-08-08
CADJPY,unemployment_rate,1.0,0.3125,2025-08-08
CADJPY,wage_growth,1.0,0.3125,2025-08-08
CADJPY,adp,,0.0,2025-08-08
CADJPY,jolts,,0.0,2025-08-08
CADJPY,jobless_claims,,0.0,2025-08-08
CADJPY,rate_expectations,0.0,0.0,2025-08-08
CHFJPY,manufacturing_pmi,,0.0,2025-08-08
CHFJPY,services_pmi,,0.0,2025-08-08
CHFJPY,gdp_qoq,1.0,0.41666666666666663,2025-08-08
CHFJPY,retail_sales,2.0,0.8333333333333333,2025-08-08
CHFJPY,cpi_yoy,1.0,0.3125,2025-08-08
CHFJPY,core_cpi,1.0,0.3125,2025-08-08
CHFJPY,core_pce,,0.0,2025-08-08
CHFJPY,ppi_yoy,0.0,0.0,2025-08-08
CHFJPY,employment_change,,0.0,2025-08-08
CHFJPY,unemployment_rate,0.0,0.0,2025-08-08
CHFJPY,wage_growth,1.0,0.3125,2025-08-08
CHFJPY,adp,,0.0,2025-08-08
CHFJPY,jolts,,0.0,2025-08-08
CHFJPY,jobless_claims,,0.0,2025-08-08
CHFJPY,rate_expectations,0.0,0.0,2025-08-08
AUDNZD,manufacturing_pmi,0.0,0.0,2025-08-08
AUDNZD,services_pmi,0.0,0.0,2025-08-08
AUDNZD,gdp_qoq,-2.0,-0.625,2025-08-08
AUDNZD,retail_sales,1.0,0.4166666666666667,2025-08-08
AUDNZD,cpi_yoy,-1.0,-0.20833333333333331,2025-08-08
AUDNZD,core_cpi,0.0,0.0,2025-08-08
AUDNZD,core_pce,,0.0,2025-08-08
AUDNZD,ppi_yoy,-2.0,-0.8333333333333333,2025-08-08
AUDNZD,employment_change,0.0,0.0,2025-08-08
AUDNZD,unemployment_rate,-2.0,-0.41666666666666663,2025-08-08
AUDNZD,wage_growth,1.0,0.20833333333333331,2025-08-08
AUDNZD,adp,,0.0,2025-08-08
AUDNZD,jolts,,0.0,2025-08-08
AUDNZD,jobless_claims,,0.0,2025-08-08
AUDNZD,rate_expectations,0.0,0.0,2025-08-08
AUDCAD,manufacturing_pmi,0.0,0.0,2025-08-08
AUDCAD,services_pmi,,0.0,2025-08-08
AUDCAD,gdp_qoq,-2.0,-0.625,2025-08-08
AUDCAD,retail_sales,2.0,0.625,2025-08-08
AUDCAD,cpi_yoy,-1.0,-0.20833333333333331,2025-08-08
AUDCAD,core_cpi,0.0,0.0,2025-08-08
AUDCAD,core_pce,,0.0,2025-08-08
AUDCAD,ppi_yoy,0.0,0.0,2025-08-08
AUDCAD,employment_change,-2.0,-0.625,2025-08-08
AUDCAD,unemployment_rate,-3.0,-0.7291666666666666,2025-08-08
AUDCAD,wage_growth,1.0,0.20833333333333331,2025-08-08
AUDCAD,adp,,0.0,2025-08-08
AUDCAD,jolts,,0.0,2025-08-08
AUDCAD,jobless_claims,,0.0,2025-08-08
AUDCAD,rate_expectations,0.0,0.0,2025-08-08
AUDCHF,manufacturing_pmi,,0.0,2025-08-08
AUDCHF,services_pmi,,0.0,2025-08-08
AUDCHF,gdp_qoq,-3.0,-1.0416666666666665,2025-08-08
AUDCHF,retail_sales,0.0,-0.20833333333333326,2025-08-08
AUDCHF,cpi_yoy,-1.0,-0.20833333333333331,2025-08-08
AUDCHF,core_cpi,0.0,0.0,2025-08-08
AUDCHF,core_pce,,0.0,2025-08-08
AUDCHF,ppi_yoy,0.0,0.0,2025-08-08
AUDCHF,employment_change,0.0,0.0,2025-08-08
AUDCHF,unemployment_rate,-2.0,-0.41666666666666663,2025-08-08
AUDCHF,wage_growth,1.0,0.20833333333333331,2025-08-08
AUDCHF,adp,,0.0,2025-08-08
AUDCHF,jolts,,0.0,2025-08-08
AUDCHF,jobless_claims,,0.0,2025-08-08
AUDCHF,rate_expectations,0.0,0.0,2025-08-08
NZDCAD,manufacturing_pmi,0.0,0.0,2025-08-08
NZDCAD,services_pmi,0.0,0.0,2025-08-08
NZDCAD,gdp_qoq,0.0,0.0,2025-08-08
NZDCAD,retail_sales,1.0,0.20833333333333331,2025-08-08
NZDCAD,cpi_yoy,0.0,0.0,2025-08-08
NZDCAD,core_cpi,0.0,0.0,2025-08-08
NZDCAD,core_pce,,0.0,2025-08-08
NZDCAD,ppi_yoy,2.0,0.8333333333333333,2025-08-08
NZDCAD,employment_change,-2.0,-0.625,2025-08-08
NZDCAD,unemployment_rate,-1.0,-0.3125,2025-08-08
NZDCAD,wage_growth,0.0,0.0,2025-08-08
NZDCAD,adp,,0.0,2025-08-08
NZDCAD,jolts,,0.0,2025-08-08
NZDCAD,jobless_claims,,0.0,2025-08-08
NZDCAD,rate_expectations,0.0,0.0,2025-08-08
NZDCHF,manufacturing_pmi,0.0,0.0,2025-08-08
NZDCHF,services_pmi,0.0,0.0,2025-08-08
NZDCHF,gdp_qoq,-1.0,-0.41666666666666663,2025-08-08
NZDCHF,retail_sales,-1.0,-0.625,2025-08-08
NZDCHF,cpi_yoy,0.0,0.0,2025-08-08
NZDCHF,core_cpi,,0.0,2025-08-08
NZDCHF,core_pce,,0.0,2025-08-08
NZDCHF,ppi_yoy,2.0,0.8333333333333333,2025-08-08
NZDCHF,employment_change,0.0,0.0,2025-08-08
NZDCHF,unemployment_rate,0.0,0.0,2025-08-08
NZDCHF,wage_growth,0.0,0.0,2025-08-08
NZDCHF,adp,,0.0,2025-08-08
NZDCHF,jolts,,0.0,2025-08-08
NZDCHF,jobless_claims,,0.0,2025-08-08
NZDCHF,rate_expectations,,0.0,2025-08-08
CADCHF,manufacturing_pmi,0.0,0.0,2025-08-08
CADCHF,services_pmi,,0.0,2025-08-08
CADCHF,gdp_qoq,-1.0,-0.41666666666666663,2025-08-08
CADCHF,retail_sales,-2.0,-0.8333333333333333,2025-08-08
CADCHF,cpi_yoy,0.0,0.0,2025-08-08
CADCHF,core_cpi,0.0,0.0,2025-08-08
CADCHF,core_pce,,0.0,2025-08-08
CADCHF,ppi_yoy,0.0,0.0,2025-08-08
CADCHF,employment_change,2.0,0.625,2025-08-08
CADCHF,unemployment_rate,1.0,0.3125,2025-08-08
CADCHF,wage_growth,,0.0,2025-08-08
CADCHF,adp,,0.0,2025-08-08
CADCHF,jolts,,0.0,2025-08-08
CADCHF,jobless_claims,,0.0,2025-08-08
CADCHF,rate_expectations,0.0,0.0,2025-08-08
EURUSD,manufacturing_pmi,2.0,0.3125,2025-08-15
EURUSD,services_pmi,0.0,0.0,2025-08-15
EURUSD,gdp_qoq,0.0,0.0,2025-08-15
EURUSD,retail_sales,-1.0,-0.15625,2025-08-15
EURUSD,cpi_yoy,2.0,0.41666666666666663,2025-08-15
EURUSD,core_cpi,0.0,0.0,2025-08-15
EURUSD,core_pce,0.0,0.0,2025-08-15
EURUSD,ppi_yoy,0.0,0.0,2025-08-15
EURUSD,employment_change,0.0,0.0,2025-08-15
EURUSD,unemployment_rate,1.0,0.3125,2025-08-15
EURUSD,wage_growth,0.0,0.0,2025-08-15
EURUSD,adp,0.0,0.0,2025-08-15
EURUSD,jolts,0.0,0.0,2025-08-15
EURUSD,jobless_claims,0.0,0.0,2025-08-15
EURUSD,rate_expectations,2.0,1.25,2025-08-15
GBPUSD,manufacturing_pmi,2.0,0.3125,2025-08-15
GBPUSD,services_pmi,0.0,0.0,2025-08-15
GBPUSD,gdp_qoq,2.0,0.3125,2025-08-15
GBPUSD,retail_sales,-1.0,-0.15625,2025-08-15
GBPUSD,cpi_yoy,2.0,0.5208333333333333,2025-08-15
GBPUSD,core_cpi,1.0,0.3125,2025-08-15
GBPUSD,core_pce,0.0,0.0,2025-08-15
GBPUSD,ppi_yoy,1.0,0.0,2025-08-15
GBPUSD,employment_change,-1.0,-0.20833333333333331,2025-08-15
GBPUSD,unemployment_rate,0.0,0.0,2025-08-15
GBPUSD,wage_growth,0.0,0.0,2025-08-15
GBPUSD,adp,0.0,0.0,2025-08-15
GBPUSD,jolts,0.0,0.0,2025-08-15
GBPUSD,jobless_claims,0.0,0.0,2025-08-15
GBPUSD,rate_expectations,1.0,0.625,2025-08-15
USDJPY,manufacturing_pmi,-2.0,-0.3125,2025-08-15
USDJPY,services_pmi,0.0,0.0,2025-08-15
USDJPY,gdp_qoq,0.0,0.0,2025-08-15
USDJPY,retail_sales,1.0,0.15625,2025-08-15
USDJPY,cpi_yoy,0.0,0.10416666666666669,2025-08-15
USDJPY,core_cpi,1.0,0.3125,2025-08-15
USDJPY,core_pce,0.0,0.0,2025-08-15
USDJPY,ppi_yoy,0.0,0.0,2025-08-15
USDJPY,employment_change,0.0,0.0,2025-08-15
USDJPY,unemployment_rate,0.0,0.0,2025-08-15
USDJPY,wage_growth,1.0,0.3125,2025-08-15
USDJPY,adp,0.0,0.0,2025-08-15
USDJPY,jolts,0.0,0.0,2025-08-15
USDJPY,jobless_claims,0.0,0.0,2025-08-15
USDJPY,rate_expectations,-1.0,-0.625,2025-08-15
USDCHF,manufacturing_pmi,-2.0,-0.3125,2025-08-15
USDCHF,services_pmi,0.0,0.0,2025-08-15
USDCHF,gdp_qoq,-1.0,-0.41666666666666663,2025-08-15
USDCHF,retail_sales,-1.0,-0.6770833333333333,2025-08-15
USDCHF,cpi_yoy,-1.0,-0.20833333333333331,2025-08-15
USDCHF,core_cpi,0.0,0.0,2025-08-15
USDCHF,core_pce,0.0,0.0,2025-08-15
USDCHF,ppi_yoy,0.0,0.0,2025-08-15
USDCHF,employment_change,0.0,0.0,2025-08-15
USDCHF,unemployment_rate,0.0,0.0,2025-08-15
USDCHF,wage_growth,0.0,0.0,2025-08-15
USDCHF,adp,0.0,0.0,2025-08-15
USDCHF,jolts,0.0,0.0,2025-08-15
USDCHF,jobless_claims,0.0,0.0,2025-08-15
USDCHF,rate_expectations,-1.0,-0.625,2025-08-15
USDCAD,manufacturing_pmi,-2.0,-0.3125,2025-08-15
USDCAD,services_pmi,0.0,0.0,2025-08-15
USDCAD,gdp_qoq,0.0,0.0,2025-08-15
USDCAD,retail_sales,1.0,0.15625,2025-08-15
USDCAD,cpi_yoy,-1.0,-0.20833333333333331,2025-08-15
USDCAD,core_cpi,0.0,0.0,2025-08-15
USDCAD,core_pce,0.0,0.0,2025-08-15
USDCAD,ppi_yoy,0.0,0.0,2025-08-15
USDCAD,employment_change,1.0,0.3125,2025-08-15
USDCAD,unemployment_rate,0.0,0.0,2025-08-15
USDCAD,wage_growth,0.0,0.0,2025-08-15
USDCAD,adp,0.0,0.0,2025-08-15
USDCAD,jolts,0.0,0.0,2025-08-15
USDCAD,jobless_claims,0.0,0.0,2025-08-15
USDCAD,rate_expectations,-1.0,-0.625,2025-08-15
AUDUSD,manufacturing_pmi,2.0,0.3125,2025-08-15
AUDUSD,services_pmi,0.0,0.0,2025-08-15
AUDUSD,gdp_qoq,-2.0,-0.625,2025-08-15
AUDUSD,retail_sales,1.0,0.46875,2025-08-15
AUDUSD,cpi_yoy,0.0,0.0,2025-08-15
AUDUSD,core_cpi,0.0,0.0,2025-08-15
AUDUSD,core_pce,0.0,0.0,2025-08-15
AUDUSD,ppi_yoy,0.0,0.0,2025-08-15
AUDUSD,employment_change,0.0,0.0,2025-08-15
AUDUSD,unemployment_rate,0.0,0.0,2025-08-15
AUDUSD,wage_growth,0.0,0.0,2025-08-15
AUDUSD,adp,0.0,0.0,2025-08-15
AUDUSD,jolts,0.0,0.0,2025-08-15
AUDUSD,jobless_claims,0.0,0.0,2025-08-15
AUDUSD,rate_expectations,1.0,0.625,2025-08-15
NZDUSD,manufacturing_pmi,2.0,0.3125,2025-08-15
NZDUSD,services_pmi,0.0,0.0,2025-08-15
NZDUSD,gdp_qoq,0.0,0.0,2025-08-15
NZDUSD,retail_sales,0.0,0.052083333333333315,2025-08-15
NZDUSD,cpi_yoy,1.0,0.20833333333333331,2025-08-15
NZDUSD,core_cpi,0.0,0.0,2025-08-15
NZDUSD,core_pce,0.0,0.0,2025-08-15
NZDUSD,ppi_yoy,2.0,0.8333333333333333,2025-08-15
NZDUSD,employment_change,0.0,0.0,2025-08-15
NZDUSD,unemployment_rate,0.0,0.0,2025-08-15
NZDUSD,wage_growth,0.0,0.0,2025-08-15
NZDUSD,adp,0.0,0.0,2025-08-15
NZDUSD,jolts,0.0,0.0,2025-08-15
NZDUSD,jobless_claims,0.0,0.0,2025-08-15
NZDUSD,rate_expectations,1.0,0.625,2025-08-15
EURGBP,manufacturing_pmi,0.0,0.0,2025-08-15
EURGBP,services_pmi,0.0,0.0,2025-08-15
EURGBP,gdp_qoq,-2.0,-0.3125,2025-08-15
EURGBP,retail_sales,0.0,0.0,2025-08-15
EURGBP,cpi_yoy,0.0,-0.10416666666666669,2025-08-15
EURGBP,core_cpi,-1.0,-0.3125,2025-08-15
EURGBP,core_pce,,0.0,2025-08-15
EURGBP,ppi_yoy,-1.0,0.0,2025-08-15
EURGBP,employment_change,1.0,0.20833333333333331,2025-08-15
EURGBP,unemployment_rate,1.0,0.3125,2025-08-15
EURGBP,wage_growth,0.0,0.0,2025-08-15
EURGBP,adp,,0.0,2025-08-15
EURGBP,jolts,,0.0,2025-08-15
EURGBP,jobless_claims,,0.0,2025-08-15
EURGBP,rate_expectations,1.0,0.625,2025-08-15
EURJPY,manufacturing_pmi,,0.0,2025-08-15
EURJPY,services_pmi,,0.0,2025-08-15
EURJPY,gdp_qoq,0.0,0.0,2025-08-15
EURJPY,retail_sales,0.0,0.0,2025-08-15
EURJPY,cpi_yoy,2.0,0.5208333333333333,2025-08-15
EURJPY,core_cpi,1.0,0.3125,2025-08-15
EURJPY,core_pce,,0.0,2025-08-15
EURJPY,ppi_yoy,0.0,0.0,2025-08-15
EURJPY,employment_change,0.0,0.0,2025-08-15
EURJPY,unemployment_rate,1.0,0.3125,2025-08-15
EURJPY,wage_growth,1.0,0.3125,2025-08-15
EURJPY,adp,,0.0,2025-08-15
EURJPY,jolts,,0.0,2025-08-15
EURJPY,jobless_claims,,0.0,2025-08-15
EURJPY,rate_expectations,1.0,0.625,2025-08-15
EURCHF,manufacturing_pmi,,0.0,2025-08-15
EURCHF,services_pmi,,0.0,2025-08-15
EURCHF,gdp_qoq,-1.0,-0.41666666666666663,2025-08-15
EURCHF,retail_sales,-2.0,-0.8333333333333333,2025-08-15
EURCHF,cpi_yoy,1.0,0.20833333333333331,2025-08-15
EURCHF,core_cpi,0.0,0.0,2025-08-15
EURCHF,core_pce,,0.0,2025-08-15
EURCHF,ppi_yoy,0.0,0.0,2025-08-15
EURCHF,employment_change,0.0,0.0,2025-08-15
EURCHF,unemployment_rate,1.0,0.3125,2025-08-15
EURCHF,wage_growth,,0.0,2025-08-15
EURCHF,adp,,0.0,2025-08-15
EURCHF,jolts,,0.0,2025-08-15
EURCHF,jobless_claims,,0.0,2025-08-15
EURCHF,rate_expectations,1.0,0.625,2025-08-15
EURAUD,manufacturing_pmi,,0.0,2025-08-15
EURAUD,services_pmi,,0.0,2025-08-15
EURAUD,gdp_qoq,2.0,0.625,2025-08-15
EURAUD,retail_sales,-2.0,-0.625,2025-08-15
EURAUD,cpi_yoy,2.0,0.41666666666666663,2025-08-15
EURAUD,core_cpi,0.0,0.0,2025-08-15
EURAUD,core_pce,,0.0,2025-08-15
EURAUD,ppi_yoy,0.0,0.0,2025-08-15
EURAUD,employment_change,0.0,0.0,2025-08-15
EURAUD,unemployment_rate,1.0,0.3125,2025-08-15
EURAUD,wage_growth,0.0,0.0,2025-08-15
EURAUD,adp,,0.0,2025-08-15
EURAUD,jolts,,0.0,2025-08-15
EURAUD,jobless_claims,,0.0,2025-08-15
EURAUD,rate_expectations,1.0,0.625,2025-08-15
EURNZD,manufacturing_pmi,0.0,0.0,2025-08-15
EURNZD,services_pmi,0.0,0.0,2025-08-15
EURNZD,gdp_qoq,0.0,0.0,2025-08-15
EURNZD,retail_sales,-1.0,-0.20833333333333331,2025-08-15
EURNZD,cpi_yoy,1.0,0.20833333333333331,2025-08-15
EURNZD,core_cpi,0.0,0.0,2025-08-15
EURNZD,core_pce,,0.0,2025-08-15
EURNZD,ppi_yoy,-2.0,-0.8333333333333333,2025-08-15
EURNZD,employment_change,0.0,0.0,2025-08-15
EURNZD,unemployment_rate,1.0,0.3125,2025-08-15
EURNZD,wage_growth,0.0,0.0,2025-08-15
EURNZD,adp,,0.0,2025-08-15
EURNZD,jolts,,0.0,2025-08-15
EURNZD,jobless_claims,,0.0,2025-08-15
EURNZD,rate_expectations,1.0,0.625,2025-08-15
EURCAD,manufacturing_pmi,0.0,0.0,2025-08-15
EURCAD,services_pmi,,0.0,2025-08-15
EURCAD,gdp_qoq,0.0,0.0,2025-08-15
EURCAD,retail_sales,0.0,0.0,2025-08-15
EURCAD,cpi_yoy,1.0,0.20833333333333331,2025-08-15
EURCAD,core_cpi,0.0,0.0,2025-08-15
EURCAD,core_pce,,0.0,2025-08-15
EURCAD,ppi_yoy,0.0,0.0,2025-08-15
EURCAD,employment_change,1.0,0.3125,2025-08-15
EURCAD,unemployment_rate,1.0,0.3125,2025-08-15
EURCAD,wage_growth,,0.0,2025-08-15
EURCAD,adp,,0.0,2025-08-15
EURCAD,jolts,,0.0,2025-08-15
EURCAD,jobless_claims,,0.0,2025-08-15
EURCAD,rate_expectations,1.0,0.625,2025-08-15
GBPJPY,manufacturing_pmi,0.0,0.0,2025-08-15
GBPJPY,services_pmi,0.0,0.0,2025-08-15
GBPJPY,gdp_qoq,2.0,0.3125,2025-08-15
GBPJPY,retail_sales,0.0,0.0,2025-08-15
GBPJPY,cpi_yoy,2.0,0.625,2025-08-15
GBPJPY,core_cpi,2.0,0.625,2025-08-15
GBPJPY,core_pce,,0.0,2025-08-15
GBPJPY,ppi_yoy,1.0,0.0,2025-08-15
GBPJPY,employment_change,-1.0,-0.20833333333333331,2025-08-15
GBPJPY,unemployment_rate,0.0,0.0,2025-08-15
GBPJPY,wage_growth,1.0,0.3125,2025-08-15
GBPJPY,adp,,0.0,2025-08-15
GBPJPY,jolts,,0.0,2025-08-15
GBPJPY,jobless_claims,,0.0,2025-08-15
GBPJPY,rate_expectations,0.0,0.0,2025-08-15
GBPCHF,manufacturing_pmi,0.0,0.0,2025-08-15
GBPCHF,services_pmi,0.0,0.0,2025-08-15
GBPCHF,gdp_qoq,1.0,-0.10416666666666663,2025-08-15
GBPCHF,retail_sales,-2.0,-0.8333333333333333,2025-08-15
GBPCHF,cpi_yoy,1.0,0.3125,2025-08-15
GBPCHF,core_cpi,1.0,0.3125,2025-08-15
GBPCHF,core_pce,,0.0,2025-08-15
GBPCHF,ppi_yoy,1.0,0.0,2025-08-15
GBPCHF,employment_change,-1.0,-0.20833333333333331,2025-08-15
GBPCHF,unemployment_rate,0.0,0.0,2025-08-15
GBPCHF,wage_growth,0.0,0.0,2025-08-15
GBPCHF,adp,,0.0,2025-08-15
GBPCHF,jolts,,0.0,2025-08-15
GBPCHF,jobless_claims,,0.0,2025-08-15
GBPCHF,rate_expectations,0.0,0.0,2025-08-15
GBPAUD,manufacturing_pmi,0.0,0.0,2025-08-15
GBPAUD,services_pmi,0.0,0.0,2025-08-15
GBPAUD,gdp_qoq,4.0,0.9375,2025-08-15
GBPAUD,retail_sales,-2.0,-0.625,2025-08-15
GBPAUD,cpi_yoy,2.0,0.5208333333333333,2025-08-15
GBPAUD,core_cpi,1.0,0.3125,2025-08-15
GBPAUD,core_pce,,0.0,2025-08-15
GBPAUD,ppi_yoy,1.0,0.0,2025-08-15
GBPAUD,employment_change,-1.0,-0.20833333333333331,2025-08-15
GBPAUD,unemployment_rate,0.0,0.0,2025-08-15
GBPAUD,wage_growth,0.0,0.0,2025-08-15
GBPAUD,adp,,0.0,2025-08-15
GBPAUD,jolts,,0.0,2025-08-15
GBPAUD,jobless_claims,,0.0,2025-08-15
GBPAUD,rate_expectations,0.0,0.0,2025-08-15
GBPNZD,manufacturing_pmi,0.0,0.0,2025-08-15
GBPNZD,services_pmi,0.0,0.0,2025-08-15
GBPNZD,gdp_qoq,2.0,0.3125,2025-08-15
GBPNZD,retail_sales,-1.0,-0.20833333333333331,2025-08-15
GBPNZD,cpi_yoy,1.0,0.3125,2025-08-15
GBPNZD,core_cpi,1.0,0.3125,2025-08-15
GBPNZD,core_pce,,0.0,2025-08-15
GBPNZD,ppi_yoy,-1.0,-0.8333333333333333,2025-08-15
GBPNZD,employment_change,-1.0,-0.20833333333333331,2025-08-15
GBPNZD,unemployment_rate,0.0,0.0,2025-08-15
GBPNZD,wage_growth,0.0,0.0,2025-08-15
GBPNZD,adp,,0.0,2025-08-15
GBPNZD,jolts,,0.0,2025-08-15
GBPNZD,jobless_claims,,0.0,2025-08-15
GBPNZD,rate_expectations,0.0,0.0,2025-08-15
GBPCAD,manufacturing_pmi,0.0,0.0,2025-08-15
GBPCAD,services_pmi,0.0,0.0,2025-08-15
GBPCAD,gdp_qoq,2.0,0.3125,2025-08-15
GBPCAD,retail_sales,0.0,0.0,2025-08-15
GBPCAD,cpi_yoy,1.0,0.3125,2025-08-15
GBPCAD,core_cpi,1.0,0.3125,2025-08-15
GBPCAD,core_pce,,0.0,2025-08-15
GBPCAD,ppi_yoy,1.0,0.0,2025-08-15
GBPCAD,employment_change,0.0,0.10416666666666669,2025-08-15
GBPCAD,unemployment_rate,0.0,0.0,2025-08-15
GBPCAD,wage_growth,0.0,0.0,2025-08-15
GBPCAD,adp,,0.0,2025-08-15
GBPCAD,jolts,,0.0,2025-08-15
GBPCAD,jobless_claims,,0.0,2025-08-15
GBPCAD,rate_expectations,0.0,0.0,2025-08-15
AUDJPY,manufacturing_pmi,,0.0,2025-08-15
AUDJPY,services_pmi,,0.0,2025-08-15
AUDJPY,gdp_qoq,-2.0,-0.625,2025-08-15
AUDJPY,retail_sales,2.0,0.625,2025-08-15
AUDJPY,cpi_yoy,0.0,0.10416666666666669,2025-08-15
AUDJPY,core_cpi,1.0,0.3125,2025-08-15
AUDJPY,core_pce,,0.0,2025-08-15
AUDJPY,ppi_yoy,0.0,0.0,2025-08-15
AUDJPY,employment_change,0.0,0.0,2025-08-15
AUDJPY,unemployment_rate,0.0,0.0,2025-08-15
AUDJPY,wage_growth,1.0,0.3125,2025-08-15
AUDJPY,adp,,0.0,2025-08-15
AUDJPY,jolts,,0.0,2025-08-15
AUDJPY,jobless_claims,,0.0,2025-08-15
AUDJPY,rate_expectations,0.0,0.0,2025-08-15
NZDJPY,manufacturing_pmi,0.0,0.0,2025-08-15
NZDJPY,services_pmi,0.0,0.0,2025-08-15
NZDJPY,gdp_qoq,0.0,0.0,2025-08-15
NZDJPY,retail_sales,1.0,0.20833333333333331,2025-08-15
NZDJPY,cpi_yoy,1.0,0.3125,2025-08-15
NZDJPY,core_cpi,1.0,0.3125,2025-08-15
NZDJPY,core_pce,,0.0,2025-08-15
NZDJPY,ppi_yoy,2.0,0.8333333333333333,2025-08-15
NZDJPY,employment_change,0.0,0.0,2025-08-15
NZDJPY,unemployment_rate,0.0,0.0,2025-08-15
NZDJPY,wage_growth,1.0,0.3125,2025-08-15
NZDJPY,adp,,0.0,2025-08-15
NZDJPY,jolts,,0.0,2025-08-15
NZDJPY,jobless_claims,,0.0,2025-08-15
NZDJPY,rate_expectations,0.0,0.0,2025-08-15
CADJPY,manufacturing_pmi,0.0,0.0,2025-08-15
CADJPY,services_pmi,,0.0,2025-08-15
CADJPY,gdp_qoq,0.0,0.0,2025-08-15
CADJPY,retail_sales,0.0,0.0,2025-08-15
CADJPY,cpi_yoy,1.0,0.3125,2025-08-15
CADJPY,core_cpi,1.0,0.3125,2025-08-15
CADJPY,core_pce,,0.0,2025-08-15
CADJPY,ppi_yoy,0.0,0.0,2025-08-15
CADJPY,employment_change,-1.0,-0.3125,2025-08-15
CADJPY,unemployment_rate,0.0,0.0,2025-08-15
CADJPY,wage_growth,1.0,0.3125,2025-08-15
CADJPY,adp,,0.0,2025-08-15
CADJPY,jolts,,0.0,2025-08-15
CADJPY,jobless_claims,,0.0,2025-08-15
CADJPY,rate_expectations,0.0,0.0,2025-08-15
CHFJPY,manufacturing_pmi,,0.0,2025-08-15
CHFJPY,services_pmi,,0.0,2025-08-15
CHFJPY,gdp_qoq,1.0,0.41666666666666663,2025-08-15
CHFJPY,retail_sales,2.0,0.8333333333333333,2025-08-15
CHFJPY,cpi_yoy,1.0,0.3125,2025-08-15
CHFJPY,core_cpi,1.0,0.3125,2025-08-15
CHFJPY,core_pce,,0.0,2025-08-15
CHFJPY,ppi_yoy,0.0,0.0,2025-08-15
CHFJPY,employment_change,,0.0,2025-08-15
CHFJPY,unemployment_rate,0.0,0.0,2025-08-15
CHFJPY,wage_growth,1.0,0.3125,2025-08-15
CHFJPY,adp,,0.0,2025-08-15
CHFJPY,jolts,,0.0,2025-08-15
CHFJPY,jobless_claims,,0.0,2025-08-15
CHFJPY,rate_expectations,0.0,0.0,2025-08-15
AUDNZD,manufacturing_pmi,0.0,0.0,2025-08-15
AUDNZD,services_pmi,0.0,0.0,2025-08-15
AUDNZD,gdp_qoq,-2.0,-0.625,2025-08-15
AUDNZD,retail_sales,1.0,0.4166666666666667,2025-08-15
AUDNZD,cpi_yoy,-1.0,-0.20833333333333331,2025-08-15
AUDNZD,core_cpi,0.0,0.0,2025-08-15
AUDNZD,core_pce,,0.0,2025-08-15
AUDNZD,ppi_yoy,-2.0,-0.8333333333333333,2025-08-15
AUDNZD,employment_change,0.0,0.0,2025-08-15
AUDNZD,unemployment_rate,0.0,0.0,2025-08-15
AUDNZD,wage_growth,0.0,0.0,2025-08-15
AUDNZD,adp,,0.0,2025-08-15
AUDNZD,jolts,,0.0,2025-08-15
AUDNZD,jobless_claims,,0.0,2025-08-15
AUDNZD,rate_expectations,0.0,0.0,2025-08-15
AUDCAD,manufacturing_pmi,0.0,0.0,2025-08-15
AUDCAD,services_pmi,,0.0,2025-08-15
AUDCAD,gdp_qoq,-2.0,-0.625,2025-08-15
AUDCAD,retail_sales,2.0,0.625,2025-08-15
AUDCAD,cpi_yoy,-1.0,-0.20833333333333331,2025-08-15
AUDCAD,core_cpi,0.0,0.0,2025-08-15
AUDCAD,core_pce,,0.0,2025-08-15
AUDCAD,ppi_yoy,0.0,0.0,2025-08-15
AUDCAD,employment_change,1.0,0.3125,2025-08-15
AUDCAD,unemployment_rate,0.0,0.0,2025-08-15
AUDCAD,wage_growth,0.0,0.0,2025-08-15
AUDCAD,adp,,0.0,2025-08-15
AUDCAD,jolts,,0.0,2025-08-15
AUDCAD,jobless_claims,,0.0,2025-08-15
AUDCAD,rate_expectations,0.0,0.0,2025-08-15
AUDCHF,manufacturing_pmi,,0.0,2025-08-15
AUDCHF,services_pmi,,0.0,2025-08-15
AUDCHF,gdp_qoq,-3.0,-1.0416666666666665,2025-08-15
AUDCHF,retail_sales,0.0,-0.20833333333333326,2025-08-15
AUDCHF,cpi_yoy,-1.0,-0.20833333333333331,2025-08-15
AUDCHF,core_cpi,0.0,0.0,2025-08-15
AUDCHF,core_pce,,0.0,2025-08-15
AUDCHF,ppi_yoy,0.0,0.0,2025-08-15
AUDCHF,employment_change,0.0,0.0,2025-08-15
AUDCHF,unemployment_rate,0.0,0.0,2025-08-15
AUDCHF,wage_growth,0.0,0.0,2025-08-15
AUDCHF,adp,,0.0,2025-08-15
AUDCHF,jolts,,0.0,2025-08-15
AUDCHF,jobless_claims,,0.0,2025-08-15
AUDCHF,rate_expectations,0.0,0.0,2025-08-15
NZDCAD,manufacturing_pmi,0.0,0.0,2025-08-15
NZDCAD,services_pmi,0.0,0.0,2025-08-15
NZDCAD,gdp_qoq,0.0,0.0,2025-08-15
NZDCAD,retail_sales,1.0,0.20833333333333331,2025-08-15
NZDCAD,cpi_yoy,0.0,0.0,2025-08-15
NZDCAD,core_cpi,0.0,0.0,2025-08-15
NZDCAD,core_pce,,0.0,2025-08-15
NZDCAD,ppi_yoy,2.0,0.8333333333333333,2025-08-15
NZDCAD,employment_change,1.0,0.3125,2025-08-15
NZDCAD,unemployment_rate,0.0,0.0,2025-08-15
NZDCAD,wage_growth,0.0,0.0,2025-08-15
NZDCAD,adp,,0.0,2025-08-15
NZDCAD,jolts,,0.0,2025-08-15
NZDCAD,jobless_claims,,0.0,2025-08-15
NZDCAD,rate_expectations,0.0,0.0,2025-08-15
NZDCHF,manufacturing_pmi,0.0,0.0,2025-08-15
NZDCHF,services_pmi,0.0,0.0,2025-08-15
NZDCHF,gdp_qoq,-1.0,-0.41666666666666663,2025-08-15
NZDCHF,retail_sales,-1.0,-0.625,2025-08-15
NZDCHF,cpi_yoy,0.0,0.0,2025-08-15
NZDCHF,core_cpi,,0.0,2025-08-15
NZDCHF,core_pce,,0.0,2025-08-15
NZDCHF,ppi_yoy,2.0,0.8333333333333333,2025-08-15
NZDCHF,employment_change,0.0,0.0,2025-08-15
NZDCHF,unemployment_rate,0.0,0.0,2025-08-15
NZDCHF,wage_growth,0.0,0.0,2025-08-15
NZDCHF,adp,,0.0,2025-08-15
NZDCHF,jolts,,0.0,2025-08-15
NZDCHF,jobless_claims,,0.0,2025-08-15
NZDCHF,rate_expectations,,0.0,2025-08-15
CADCHF,manufacturing_pmi,0.0,0.0,2025-08-15
CADCHF,services_pmi,,0.0,2025-08-15
CADCHF,gdp_qoq,-1.0,-0.41666666666666663,2025-08-15
CADCHF,retail_sales,-2.0,-0.8333333333333333,2025-08-15
CADCHF,cpi_yoy,0.0,0.0,2025-08-15
CADCHF,core_cpi,0.0,0.0,2025-08-15
CADCHF,core_pce,,0.0,2025-08-15
CADCHF,ppi_yoy,0.0,0.0,2025-08-15
CADCHF,employment_change,-1.0,-0.3125,2025-08-15
CADCHF,unemployment_rate,0.0,0.0,2025-08-15
CADCHF,wage_growth,,0.0,2025-08-15
CADCHF,adp,,0.0,2025-08-15
CADCHF,jolts,,0.0,2025-08-15
CADCHF,jobless_claims,,0.0,2025-08-15
CADCHF,rate_expectations,0.0,0.0,2025-08-15
EURUSD,manufacturing_pmi,2.0,0.3125,2025-08-22
EURUSD,services_pmi,0.0,0.0,2025-08-22
EURUSD,gdp_qoq,0.0,0.0,2025-08-22
EURUSD,retail_sales,0.0,0.0,2025-08-22
EURUSD,cpi_yoy,2.0,0.41666666666666663,2025-08-22
EURUSD,core_cpi,0.0,0.0,2025-08-22
EURUSD,core_pce,0.0,0.0,2025-08-22
EURUSD,ppi_yoy,0.0,0.0,2025-08-22
EURUSD,employment_change,0.0,0.0,2025-08-22
EURUSD,unemployment_rate,1.0,0.3125,2025-08-22
EURUSD,wage_growth,0.0,0.0,2025-08-22
EURUSD,adp,0.0,0.0,2025-08-22
EURUSD,jolts,0.0,0.0,2025-08-22
EURUSD,jobless_claims,1.0,0.10416666666666666,2025-08-22
EURUSD,rate_expectations,1.0,0.625,2025-08-22
GBPUSD,manufacturing_pmi,2.0,0.3125,2025-08-22
GBPUSD,services_pmi,0.0,0.0,2025-08-22
GBPUSD,gdp_qoq,2.0,0.3125,2025-08-22
GBPUSD,retail_sales,0.0,0.0,2025-08-22
GBPUSD,cpi_yoy,1.0,0.20833333333333331,2025-08-22
GBPUSD,core_cpi,0.0,0.0,2025-08-22
GBPUSD,core_pce,0.0,0.0,2025-08-22
GBPUSD,ppi_yoy,1.0,0.0,2025-08-22
GBPUSD,employment_change,-1.0,-0.20833333333333331,2025-08-22
GBPUSD,unemployment_rate,0.0,0.0,2025-08-22
GBPUSD,wage_growth,0.0,0.0,2025-08-22
GBPUSD,adp,0.0,0.0,2025-08-22
GBPUSD,jolts,0.0,0.0,2025-08-22
GBPUSD,jobless_claims,1.0,0.10416666666666666,2025-08-22
GBPUSD,rate_expectations,1.0,0.625,2025-08-22
USDJPY,manufacturing_pmi,-2.0,-0.3125,2025-08-22
USDJPY,services_pmi,0.0,0.0,2025-08-22
USDJPY,gdp_qoq,0.0,0.0,2025-08-22
USDJPY,retail_sales,0.0,0.0,2025-08-22
USDJPY,cpi_yoy,-2.0,-0.5208333333333333,2025-08-22
USDJPY,core_cpi,1.0,0.3125,2025-08-22
USDJPY,core_pce,0.0,0.0,2025-08-22
USDJPY,ppi_yoy,0.0,0.0,2025-08-22
USDJPY,employment_change,0.0,0.0,2025-08-22
USDJPY,unemployment_rate,0.0,0.0,2025-08-22
USDJPY,wage_growth,1.0,0.3125,2025-08-22
USDJPY,adp,0.0,0.0,2025-08-22
USDJPY,jolts,0.0,0.0,2025-08-22
USDJPY,jobless_claims,-1.0,-0.10416666666666666,2025-08-22
USDJPY,rate_expectations,-1.0,-0.625,2025-08-22
USDCHF,manufacturing_pmi,-2.0,-0.3125,2025-08-22
USDCHF,services_pmi,0.0,0.0,2025-08-22
USDCHF,gdp_qoq,-1.0,-0.41666666666666663,2025-08-22
USDCHF,retail_sales,-2.0,-0.8333333333333333,2025-08-22
USDCHF,cpi_yoy,-1.0,-0.20833333333333331,2025-08-22
USDCHF,core_cpi,0.0,0.0,2025-08-22
USDCHF,core_pce,0.0,0.0,2025-08-22
USDCHF,ppi_yoy,0.0,0.0,2025-08-22
USDCHF,employment_change,0.0,0.0,2025-08-22
USDCHF,unemployment_rate,0.0,0.0,2025-08-22
USDCHF,wage_growth,0.0,0.0,2025-08-22
USDCHF,adp,0.0,0.0,2025-08-22
USDCHF,jolts,0.0,0.0,2025-08-22
USDCHF,jobless_claims,-1.0,-0.10416666666666666,2025-08-22
USDCHF,rate_expectations,-1.0,-0.625,2025-08-22
USDCAD,manufacturing_pmi,-2.0,-0.3125,2025-08-22
USDCAD,services_pmi,0.0,0.0,2025-08-22
USDCAD,gdp_qoq,0.0,0.0,2025-08-22
USDCAD,retail_sales,0.0,0.0,2025-08-22
USDCAD,cpi_yoy,-1.0,-0.20833333333333331,2025-08-22
USDCAD,core_cpi,0.0,0.0,2025-08-22
USDCAD,core_pce,0.0,0.0,2025-08-22
USDCAD,ppi_yoy,-1.0,-0.20833333333333331,2025-08-22
USDCAD,employment_change,1.0,0.3125,2025-08-22
USDCAD,unemployment_rate,0.0,0.0,2025-08-22
USDCAD,wage_growth,0.0,0.0,2025-08-22
USDCAD,adp,0.0,0.0,2025-08-22
USDCAD,jolts,0.0,0.0,2025-08-22
USDCAD,jobless_claims,-1.0,-0.10416666666666666,2025-08-22
USDCAD,rate_expectations,0.0,0.0,2025-08-22
AUDUSD,manufacturing_pmi,2.0,0.3125,2025-08-22
AUDUSD,services_pmi,0.0,0.0,2025-08-22
AUDUSD,gdp_qoq,-2.0,-0.625,2025-08-22
AUDUSD,retail_sales,2.0,0.625,2025-08-22
AUDUSD,cpi_yoy,0.0,0.0,2025-08-22
AUDUSD,core_cpi,0.0,0.0,2025-08-22
AUDUSD,core_pce,0.0,0.0,2025-08-22
AUDUSD,ppi_yoy,0.0,0.0,2025-08-22
AUDUSD,employment_change,0.0,0.0,2025-08-22
AUDUSD,unemployment_rate,0.0,0.0,2025-08-22
AUDUSD,wage_growth,0.0,0.0,2025-08-22
AUDUSD,adp,0.0,0.0,2025-08-22
AUDUSD,jolts,0.0,0.0,2025-08-22
AUDUSD,jobless_claims,1.0,0.10416666666666666,2025-08-22
AUDUSD,rate_expectations,1.0,0.625,2025-08-22
NZDUSD,manufacturing_pmi,2.0,0.3125,2025-08-22
NZDUSD,services_pmi,0.0,0.0,2025-08-22
NZDUSD,gdp_qoq,0.0,0.0,2025-08-22
NZDUSD,retail_sales,1.0,0.20833333333333331,2025-08-22
NZDUSD,cpi_yoy,1.0,0.20833333333333331,2025-08-22
NZDUSD,core_cpi,0.0,0.0,2025-08-22
NZDUSD,core_pce,0.0,0.0,2025-08-22
NZDUSD,ppi_yoy,0.0,0.0,2025-08-22
NZDUSD,employment_change,0.0,0.0,2025-08-22
NZDUSD,unemployment_rate,0.0,0.0,2025-08-22
NZDUSD,wage_growth,0.0,0.0,2025-08-22
NZDUSD,adp,0.0,0.0,2025-08-22
NZDUSD,jolts,0.0,0.0,2025-08-22
NZDUSD,jobless_claims,1.0,0.10416666666666666,2025-08-22
NZDUSD,rate_expectations,1.0,0.625,2025-08-22
EURGBP,manufacturing_pmi,0.0,0.0,2025-08-22
EURGBP,services_pmi,0.0,0.0,2025-08-22
EURGBP,gdp_qoq,-2.0,-0.3125,2025-08-22
EURGBP,retail_sales,0.0,0.0,2025-08-22
EURGBP,cpi_yoy,1.0,0.20833333333333331,2025-08-22
EURGBP,core_cpi,0.0,0.0,2025-08-22
EURGBP,core_pce,,0.0,2025-08-22
EURGBP,ppi_yoy,-1.0,0.0,2025-08-22
EURGBP,employment_change,1.0,0.20833333333333331,2025-08-22
EURGBP,unemployment_rate,1.0,0.3125,2025-08-22
EURGBP,wage_growth,0.0,0.0,2025-08-22
EURGBP,adp,,0.0,2025-08-22
EURGBP,jolts,,0.0,2025-08-22
EURGBP,jobless_claims,,0.0,2025-08-22
EURGBP,rate_expectations,0.0,0.0,2025-08-22
EURJPY,manufacturing_pmi,,0.0,2025-08-22
EURJPY,services_pmi,,0.0,2025-08-22
EURJPY,gdp_qoq,0.0,0.0,2025-08-22
EURJPY,retail_sales,0.0,0.0,2025-08-22
EURJPY,cpi_yoy,0.0,-0.10416666666666669,2025-08-22
EURJPY,core_cpi,1.0,0.3125,2025-08-22
EURJPY,core_pce,,0.0,2025-08-22
EURJPY,ppi_yoy,0.0,0.0,2025-08-22
EURJPY,employment_change,0.0,0.0,2025-08-22
EURJPY,unemployment_rate,1.0,0.3125,2025-08-22
EURJPY,wage_growth,1.0,0.3125,2025-08-22
EURJPY,adp,,0.0,2025-08-22
EURJPY,jolts,,0.0,2025-08-22
EURJPY,jobless_claims,,0.0,2025-08-22
EURJPY,rate_expectations,0.0,0.0,2025-08-22
EURCHF,manufacturing_pmi,,0.0,2025-08-22
EURCHF,services_pmi,,0.0,2025-08-22
EURCHF,gdp_qoq,-1.0,-0.41666666666666663,2025-08-22
EURCHF,retail_sales,-2.0,-0.8333333333333333,2025-08-22
EURCHF,cpi_yoy,1.0,0.20833333333333331,2025-08-22
EURCHF,core_cpi,0.0,0.0,2025-08-22
EURCHF,core_pce,,0.0,2025-08-22
EURCHF,ppi_yoy,0.0,0.0,2025-08-22
EURCHF,employment_change,0.0,0.0,2025-08-22
EURCHF,unemployment_rate,1.0,0.3125,2025-08-22
EURCHF,wage_growth,,0.0,2025-08-22
EURCHF,adp,,0.0,2025-08-22
EURCHF,jolts,,0.0,2025-08-22
EURCHF,jobless_claims,,0.0,2025-08-22
EURCHF,rate_expectations,0.0,0.0,2025-08-22
EURAUD,manufacturing_pmi,,0.0,2025-08-22
EURAUD,services_pmi,,0.0,2025-08-22
EURAUD,gdp_qoq,2.0,0.625,2025-08-22
EURAUD,retail_sales,-2.0,-0.625,2025-08-22
EURAUD,cpi_yoy,2.0,0.41666666666666663,2025-08-22
EURAUD,core_cpi,0.0,0.0,2025-08-22
EURAUD,core_pce,,0.0,2025-08-22
EURAUD,ppi_yoy,0.0,0.0,2025-08-22
EURAUD,employment_change,0.0,0.0,2025-08-22
EURAUD,unemployment_rate,1.0,0.3125,2025-08-22
EURAUD,wage_growth,0.0,0.0,2025-08-22
EURAUD,adp,,0.0,2025-08-22
EURAUD,jolts,,0.0,2025-08-22
EURAUD,jobless_claims,,0.0,2025-08-22
EURAUD,rate_expectations,0.0,0.0,2025-08-22
EURNZD,manufacturing_pmi,0.0,0.0,2025-08-22
EURNZD,services_pmi,0.0,0.0,2025-08-22
EURNZD,gdp_qoq,0.0,0.0,2025-08-22
EURNZD,retail_sales,-1.0,-0.20833333333333331,2025-08-22
EURNZD,cpi_yoy,1.0,0.20833333333333331,2025-08-22
EURNZD,core_cpi,0.0,0.0,2025-08-22
EURNZD,core_pce,,0.0,2025-08-22
EURNZD,ppi_yoy,0.0,0.0,2025-08-22
EURNZD,employment_change,0.0,0.0,2025-08-22
EURNZD,unemployment_rate,1.0,0.3125,2025-08-22
EURNZD,wage_growth,0.0,0.0,2025-08-22
EURNZD,adp,,0.0,2025-08-22
EURNZD,jolts,,0.0,2025-08-22
EURNZD,jobless_claims,,0.0,2025-08-22
EURNZD,rate_expectations,0.0,0.0,2025-08-22
EURCAD,manufacturing_pmi,0.0,0.0,2025-08-22
EURCAD,services_pmi,,0.0,2025-08-22
EURCAD,gdp_qoq,0.0,0.0,2025-08-22
EURCAD,retail_sales,0.0,0.0,2025-08-22
EURCAD,cpi_yoy,1.0,0.20833333333333331,2025-08-22
EURCAD,core_cpi,0.0,0.0,2025-08-22
EURCAD,core_pce,,0.0,2025-08-22
EURCAD,ppi_yoy,-1.0,-0.20833333333333331,2025-08-22
EURCAD,employment_change,1.0,0.3125,2025-08-22
EURCAD,unemployment_rate,1.0,0.3125,2025-08-22
EURCAD,wage_growth,,0.0,2025-08-22
EURCAD,adp,,0.0,2025-08-22
EURCAD,jolts,,0.0,2025-08-22
EURCAD,jobless_claims,,0.0,2025-08-22
EURCAD,rate_expectations,1.0,0.625,2025-08-22
GBPJPY,manufacturing_pmi,0.0,0.0,2025-08-22
GBPJPY,services_pmi,0.0,0.0,2025-08-22
GBPJPY,gdp_qoq,2.0,0.3125,2025-08-22
GBPJPY,retail_sales,0.0,0.0,2025-08-22
GBPJPY,cpi_yoy,-1.0,-0.3125,2025-08-22
GBPJPY,core_cpi,1.0,0.3125,2025-08-22
GBPJPY,core_pce,,0.0,2025-08-22
GBPJPY,ppi_yoy,1.0,0.0,2025-08-22
GBPJPY,employment_change,-1.0,-0.20833333333333331,2025-08-22
GBPJPY,unemployment_rate,0.0,0.0,2025-08-22
GBPJPY,wage_growth,1.0,0.3125,2025-08-22
GBPJPY,adp,,0.0,2025-08-22
GBPJPY,jolts,,0.0,2025-08-22
GBPJPY,jobless_claims,,0.0,2025-08-22
GBPJPY,rate_expectations,0.0,0.0,2025-08-22
GBPCHF,manufacturing_pmi,0.0,0.0,2025-08-22
GBPCHF,services_pmi,0.0,0.0,2025-08-22
GBPCHF,gdp_qoq,1.0,-0.10416666666666663,2025-08-22
GBPCHF,retail_sales,-2.0,-0.8333333333333333,2025-08-22
GBPCHF,cpi_yoy,0.0,0.0,2025-08-22
GBPCHF,core_cpi,0.0,0.0,2025-08-22
GBPCHF,core_pce,,0.0,2025-08-22
GBPCHF,ppi_yoy,1.0,0.0,2025-08-22
GBPCHF,employment_change,-1.0,-0.20833333333333331,2025-08-22
GBPCHF,unemployment_rate,0.0,0.0,2025-08-22
GBPCHF,wage_growth,0.0,0.0,2025-08-22
GBPCHF,adp,,0.0,2025-08-22
GBPCHF,jolts,,0.0,2025-08-22
GBPCHF,jobless_claims,,0.0,2025-08-22
GBPCHF,rate_expectations,0.0,0.0,2025-08-22
GBPAUD,manufacturing_pmi,0.0,0.0,2025-08-22
GBPAUD,services_pmi,0.0,0.0,2025-08-22
GBPAUD,gdp_qoq,4.0,0.9375,2025-08-22
GBPAUD,retail_sales,-2.0,-0.625,2025-08-22
GBPAUD,cpi_yoy,1.0,0.20833333333333331,2025-08-22
GBPAUD,core_cpi,0.0,0.0,2025-08-22
GBPAUD,core_pce,,0.0,2025-08-22
GBPAUD,ppi_yoy,1.0,0.0,2025-08-22
GBPAUD,employment_change,-1.0,-0.20833333333333331,2025-08-22
GBPAUD,unemployment_rate,0.0,0.0,2025-08-22
GBPAUD,wage_growth,0.0,0.0,2025-08-22
GBPAUD,adp,,0.0,2025-08-22
GBPAUD,jolts,,0.0,2025-08-22
GBPAUD,jobless_claims,,0.0,2025-08-22
GBPAUD,rate_expectations,0.0,0.0,2025-08-22
GBPNZD,manufacturing_pmi,0.0,0.0,2025-08-22
GBPNZD,services_pmi,0.0,0.0,2025-08-22
GBPNZD,gdp_qoq,2.0,0.3125,2025-08-22
GBPNZD,retail_sales,-1.0,-0.20833333333333331,2025-08-22
GBPNZD,cpi_yoy,0.0,0.0,2025-08-22
GBPNZD,core_cpi,0.0,0.0,2025-08-22
GBPNZD,core_pce,,0.0,2025-08-22
GBPNZD,ppi_yoy,1.0,0.0,2025-08-22
GBPNZD,employment_change,-1.0,-0.20833333333333331,2025-08-22
GBPNZD,unemployment_rate,0.0,0.0,2025-08-22
GBPNZD,wage_growth,0.0,0.0,2025-08-22
GBPNZD,adp,,0.0,2025-08-22
GBPNZD,jolts,,0.0,2025-08-22
GBPNZD,jobless_claims,,0.0,2025-08-22
GBPNZD,rate_expectations,0.0,0.0,2025-08-22
GBPCAD,manufacturing_pmi,0.0,0.0,2025-08-22
GBPCAD,services_pmi,0.0,0.0,2025-08-22
GBPCAD,gdp_qoq,2.0,0.3125,2025-08-22
GBPCAD,retail_sales,0.0,0.0,2025-08-22
GBPCAD,cpi_yoy,0.0,0.0,2025-08-22
GBPCAD,core_cpi,0.0,0.0,2025-08-22
GBPCAD,core_pce,,0.0,2025-08-22
GBPCAD,ppi_yoy,0.0,-0.20833333333333331,2025-08-22
GBPCAD,employment_change,0.0,0.10416666666666669,2025-08-22
GBPCAD,unemployment_rate,0.0,0.0,2025-08-22
GBPCAD,wage_growth,0.0,0.0,2025-08-22
GBPCAD,adp,,0.0,2025-08-22
GBPCAD,jolts,,0.0,2025-08-22
GBPCAD,jobless_claims,,0.0,2025-08-22
GBPCAD,rate_expectations,1.0,0.625,2025-08-22
AUDJPY,manufacturing_pmi,,0.0,2025-08-22
AUDJPY,services_pmi,,0.0,2025-08-22
AUDJPY,gdp_qoq,-2.0,-0.625,2025-08-22
AUDJPY,retail_sales,2.0,0.625,2025-08-22
AUDJPY,cpi_yoy,-2.0,-0.5208333333333333,2025-08-22
AUDJPY,core_cpi,1.0,0.3125,2025-08-22
AUDJPY,core_pce,,0.0,2025-08-22
AUDJPY,ppi_yoy,0.0,0.0,2025-08-22
AUDJPY,employment_change,0.0,0.0,2025-08-22
AUDJPY,unemployment_rate,0.0,0.0,2025-08-22
AUDJPY,wage_growth,1.0,0.3125,2025-08-22
AUDJPY,adp,,0.0,2025-08-22
AUDJPY,jolts,,0.0,2025-08-22
AUDJPY,jobless_claims,,0.0,2025-08-22
AUDJPY,rate_expectations,0.0,0.0,2025-08-22
NZDJPY,manufacturing_pmi,0.0,0.0,2025-08-22
NZDJPY,services_pmi,0.0,0.0,2025-08-22
NZDJPY,gdp_qoq,0.0,0.0,2025-08-22
NZDJPY,retail_sales,1.0,0.20833333333333331,2025-08-22
NZDJPY,cpi_yoy,-1.0,-0.3125,2025-08-22
NZDJPY,core_cpi,1.0,0.3125,2025-08-22
NZDJPY,core_pce,,0.0,2025-08-22
NZDJPY,ppi_yoy,0.0,0.0,2025-08-22
NZDJPY,employment_change,0.0,0.0,2025-08-22
NZDJPY,unemployment_rate,0.0,0.0,2025-08-22
NZDJPY,wage_growth,1.0,0.3125,2025-08-22
NZDJPY,adp,,0.0,2025-08-22
NZDJPY,jolts,,0.0,2025-08-22
NZDJPY,jobless_claims,,0.0,2025-08-22
NZDJPY,rate_expectations,0.0,0.0,2025-08-22
CADJPY,manufacturing_pmi,0.0,0.0,2025-08-22
CADJPY,services_pmi,,0.0,2025-08-22
CADJPY,gdp_qoq,0.0,0.0,2025-08-22
CADJPY,retail_sales,0.0,0.0,2025-08-22
CADJPY,cpi_yoy,-1.0,-0.3125,2025-08-22
CADJPY,core_cpi,1.0,0.3125,2025-08-22
CADJPY,core_pce,,0.0,2025-08-22
CADJPY,ppi_yoy,1.0,0.20833333333333331,2025-08-22
CADJPY,employment_change,-1.0,-0.3125,2025-08-22
CADJPY,unemployment_rate,0.0,0.0,2025-08-22
CADJPY,wage_growth,1.0,0.3125,2025-08-22
CADJPY,adp,,0.0,2025-08-22
CADJPY,jolts,,0.0,2025-08-22
CADJPY,jobless_claims,,0.0,2025-08-22
CADJPY,rate_expectations,-1.0,-0.625,2025-08-22
CHFJPY,manufacturing_pmi,,0.0,2025-08-22
CHFJPY,services_pmi,,0.0,2025-08-22
CHFJPY,gdp_qoq,1.0,0.41666666666666663,2025-08-22
CHFJPY,retail_sales,2.0,0.8333333333333333,2025-08-22
CHFJPY,cpi_yoy,-1.0,-0.3125,2025-08-22
CHFJPY,core_cpi,1.0,0.3125,2025-08-22
CHFJPY,core_pce,,0.0,2025-08-22
CHFJPY,ppi_yoy,0.0,0.0,2025-08-22
CHFJPY,employment_change,,0.0,2025-08-22
CHFJPY,unemployment_rate,0.0,0.0,2025-08-22
CHFJPY,wage_growth,1.0,0.3125,2025-08-22
CHFJPY,adp,,0.0,2025-08-22
CHFJPY,jolts,,0.0,2025-08-22
CHFJPY,jobless_claims,,0.0,2025-08-22
CHFJPY,rate_expectations,0.0,0.0,2025-08-22
AUDNZD,manufacturing_pmi,0.0,0.0,2025-08-22
AUDNZD,services_pmi,0.0,0.0,2025-08-22
AUDNZD,gdp_qoq,-2.0,-0.625,2025-08-22
AUDNZD,retail_sales,1.0,0.4166666666666667,2025-08-22
AUDNZD,cpi_yoy,-1.0,-0.20833333333333331,2025-08-22
AUDNZD,core_cpi,0.0,0.0,2025-08-22
AUDNZD,core_pce,,0.0,2025-08-22
AUDNZD,ppi_yoy,0.0,0.0,2025-08-22
AUDNZD,employment_change,0.0,0.0,2025-08-22
AUDNZD,unemployment_rate,0.0,0.0,2025-08-22
AUDNZD,wage_growth,0.0,0.0,2025-08-22
AUDNZD,adp,,0.0,2025-08-22
AUDNZD,jolts,,0.0,2025-08-22
AUDNZD,jobless_claims,,0.0,2025-08-22
AUDNZD,rate_expectations,0.0,0.0,2025-08-22
AUDCAD,manufacturing_pmi,0.0,0.0,2025-08-22
AUDCAD,services_pmi,,0.0,2025-08-22
AUDCAD,gdp_qoq,-2.0,-0.625,2025-08-22
AUDCAD,retail_sales,2.0,0.625,2025-08-22
AUDCAD,cpi_yoy,-1.0,-0.20833333333333331,2025-08-22
AUDCAD,core_cpi,0.0,0.0,2025-08-22
AUDCAD,core_pce,,0.0,2025-08-22
AUDCAD,ppi_yoy,-1.0,-0.20833333333333331,2025-08-22
AUDCAD,employment_change,1.0,0.3125,2025-08-22
AUDCAD,unemployment_rate,0.0,0.0,2025-08-22
AUDCAD,wage_growth,0.0,0.0,2025-08-22
AUDCAD,adp,,0.0,2025-08-22
AUDCAD,jolts,,0.0,2025-08-22
AUDCAD,jobless_claims,,0.0,2025-08-22
AUDCAD,rate_expectations,1.0,0.625,2025-08-22
AUDCHF,manufacturing_pmi,,0.0,2025-08-22
AUDCHF,services_pmi,,0.0,2025-08-22
AUDCHF,gdp_qoq,-3.0,-1.0416666666666665,2025-08-22
AUDCHF,retail_sales,0.0,-0.20833333333333326,2025-08-22
AUDCHF,cpi_yoy,-1.0,-0.20833333333333331,2025-08-22
AUDCHF,core_cpi,0.0,0.0,2025-08-22
AUDCHF,core_pce,,0.0,2025-08-22
AUDCHF,ppi_yoy,0.0,0.0,2025-08-22
AUDCHF,employment_change,0.0,0.0,2025-08-22
AUDCHF,unemployment_rate,0.0,0.0,2025-08-22
AUDCHF,wage_growth,0.0,0.0,2025-08-22
AUDCHF,adp,,0.0,2025-08-22
AUDCHF,jolts,,0.0,2025-08-22
AUDCHF,jobless_claims,,0.0,2025-08-22
AUDCHF,rate_expectations,0.0,0.0,2025-08-22
NZDCAD,manufacturing_pmi,0.0,0.0,2025-08-22
NZDCAD,services_pmi,0.0,0.0,2025-08-22
NZDCAD,gdp_qoq,0.0,0.0,2025-08-22
NZDCAD,retail_sales,1.0,0.20833333333333331,2025-08-22
NZDCAD,cpi_yoy,0.0,0.0,2025-08-22
NZDCAD,core_cpi,0.0,0.0,2025-08-22
NZDCAD,core_pce,,0.0,2025-08-22
NZDCAD,ppi_yoy,-1.0,-0.20833333333333331,2025-08-22
NZDCAD,employment_change,1.0,0.3125,2025-08-22
NZDCAD,unemployment_rate,0.0,0.0,2025-08-22
NZDCAD,wage_growth,0.0,0.0,2025-08-22
NZDCAD,adp,,0.0,2025-08-22
NZDCAD,jolts,,0.0,2025-08-22
NZDCAD,jobless_claims,,0.0,2025-08-22
NZDCAD,rate_expectations,1.0,0.625,2025-08-22
NZDCHF,manufacturing_pmi,0.0,0.0,2025-08-22
NZDCHF,services_pmi,0.0,0.0,2025-08-22
NZDCHF,gdp_qoq,-1.0,-0.41666666666666663,2025-08-22
NZDCHF,retail_sales,-1.0,-0.625,2025-08-22
NZDCHF,cpi_yoy,0.0,0.0,2025-08-22
NZDCHF,core_cpi,,0.0,2025-08-22
NZDCHF,core_pce,,0.0,2025-08-22
NZDCHF,ppi_yoy,0.0,0.0,2025-08-22
NZDCHF,employment_change,0.0,0.0,2025-08-22
NZDCHF,unemployment_rate,0.0,0.0,2025-08-22
NZDCHF,wage_growth,0.0,0.0,2025-08-22
NZDCHF,adp,,0.0,2025-08-22
NZDCHF,jolts,,0.0,2025-08-22
NZDCHF,jobless_claims,,0.0,2025-08-22
NZDCHF,rate_expectations,,0.0,2025-08-22
CADCHF,manufacturing_pmi,0.0,0.0,2025-08-22
CADCHF,services_pmi,,0.0,2025-08-22
CADCHF,gdp_qoq,-1.0,-0.41666666666666663,2025-08-22
CADCHF,retail_sales,-2.0,-0.8333333333333333,2025-08-22
CADCHF,cpi_yoy,0.0,0.0,2025-08-22
CADCHF,core_cpi,0.0,0.0,2025-08-22
CADCHF,core_pce,,0.0,2025-08-22
CADCHF,ppi_yoy,1.0,0.20833333333333331,2025-08-22
CADCHF,employment_change,-1.0,-0.3125,2025-08-22
CADCHF,unemployment_rate,0.0,0.0,2025-08-22
CADCHF,wage_growth,,0.0,2025-08-22
CADCHF,adp,,0.0,2025-08-22
CADCHF,jolts,,0.0,2025-08-22
CADCHF,jobless_claims,,0.0,2025-08-22
CADCHF,rate_expectations,-1.0,-0.625,2025-08-22
EURUSD,manufacturing_pmi,2.0,0.3125,2025-08-29
EURUSD,services_pmi,0.0,0.0,2025-08-29
EURUSD,gdp_qoq,0.0,0.0,2025-08-29
EURUSD,retail_sales,0.0,0.0,2025-08-29
EURUSD,cpi_yoy,2.0,0.41666666666666663,2025-08-29
EURUSD,core_cpi,0.0,0.0,2025-08-29
EURUSD,core_pce,0.0,0.0,2025-08-29
EURUSD,ppi_yoy,0.0,0.0,2025-08-29
EURUSD,employment_change,0.0,0.0,2025-08-29
EURUSD,unemployment_rate,1.0,0.3125,2025-08-29
EURUSD,wage_growth,0.0,0.0,2025-08-29
EURUSD,adp,0.0,0.0,2025-08-29
EURUSD,jolts,0.0,0.0,2025-08-29
EURUSD,jobless_claims,0.0,0.0,2025-08-29
EURUSD,rate_expectations,2.0,1.25,2025-08-29
GBPUSD,manufacturing_pmi,2.0,0.3125,2025-08-29
GBPUSD,services_pmi,0.0,0.0,2025-08-29
GBPUSD,gdp_qoq,2.0,0.3125,2025-08-29
GBPUSD,retail_sales,0.0,0.0,2025-08-29
GBPUSD,cpi_yoy,1.0,0.20833333333333331,2025-08-29
GBPUSD,core_cpi,0.0,0.0,2025-08-29
GBPUSD,core_pce,0.0,0.0,2025-08-29
GBPUSD,ppi_yoy,1.0,0.0,2025-08-29
GBPUSD,employment_change,-1.0,-0.20833333333333331,2025-08-29
GBPUSD,unemployment_rate,0.0,0.0,2025-08-29
GBPUSD,wage_growth,0.0,0.0,2025-08-29
GBPUSD,adp,0.0,0.0,2025-08-29
GBPUSD,jolts,0.0,0.0,2025-08-29
GBPUSD,jobless_claims,0.0,0.0,2025-08-29
GBPUSD,rate_expectations,2.0,1.25,2025-08-29
USDJPY,manufacturing_pmi,-2.0,-0.3125,2025-08-29
USDJPY,services_pmi,0.0,0.0,2025-08-29
USDJPY,gdp_qoq,0.0,0.0,2025-08-29
USDJPY,retail_sales,1.0,0.625,2025-08-29
USDJPY,cpi_yoy,-2.0,-0.5208333333333333,2025-08-29
USDJPY,core_cpi,2.0,0.625,2025-08-29
USDJPY,core_pce,0.0,0.0,2025-08-29
USDJPY,ppi_yoy,0.0,0.0,2025-08-29
USDJPY,employment_change,0.0,0.0,2025-08-29
USDJPY,unemployment_rate,-2.0,-0.625,2025-08-29
USDJPY,wage_growth,1.0,0.3125,2025-08-29
USDJPY,adp,0.0,0.0,2025-08-29
USDJPY,jolts,0.0,0.0,2025-08-29
USDJPY,jobless_claims,0.0,0.0,2025-08-29
USDJPY,rate_expectations,-2.0,-1.25,2025-08-29
USDCHF,manufacturing_pmi,-2.0,-0.3125,2025-08-29
USDCHF,services_pmi,0.0,0.0,2025-08-29
USDCHF,gdp_qoq,0.0,0.0,2025-08-29
USDCHF,retail_sales,-2.0,-0.8333333333333333,2025-08-29
USDCHF,cpi_yoy,-1.0,-0.20833333333333331,2025-08-29
USDCHF,core_cpi,0.0,0.0,2025-08-29
USDCHF,core_pce,0.0,0.0,2025-08-29
USDCHF,ppi_yoy,0.0,0.0,2025-08-29
USDCHF,employment_change,0.0,0.0,2025-08-29
USDCHF,unemployment_rate,0.0,0.0,2025-08-29
USDCHF,wage_growth,0.0,0.0,2025-08-29
USDCHF,adp,0.0,0.0,2025-08-29
USDCHF,jolts,0.0,0.0,2025-08-29
USDCHF,jobless_claims,0.0,0.0,2025-08-29
USDCHF,rate_expectations,-2.0,-1.25,2025-08-29
USDCAD,manufacturing_pmi,-2.0,-0.3125,2025-08-29
USDCAD,services_pmi,0.0,0.0,2025-08-29
USDCAD,gdp_qoq,0.0,0.0,2025-08-29
USDCAD,retail_sales,0.0,0.0,2025-08-29
USDCAD,cpi_yoy,-1.0,-0.20833333333333331,2025-08-29
USDCAD,core_cpi,0.0,0.0,2025-08-29
USDCAD,core_pce,0.0,0.0,2025-08-29
USDCAD,ppi_yoy,-1.0,-0.20833333333333331,2025-08-29
USDCAD,employment_change,1.0,0.3125,2025-08-29
USDCAD,unemployment_rate,0.0,0.0,2025-08-29
USDCAD,wage_growth,0.0,0.0,2025-08-29
USDCAD,adp,0.0,0.0,2025-08-29
USDCAD,jolts,0.0,0.0,2025-08-29
USDCAD,jobless_claims,0.0,0.0,2025-08-29
USDCAD,rate_expectations,-1.0,-0.625,2025-08-29
AUDUSD,manufacturing_pmi,2.0,0.3125,2025-08-29
AUDUSD,services_pmi,0.0,0.0,2025-08-29
AUDUSD,gdp_qoq,-2.0,-0.625,2025-08-29
AUDUSD,retail_sales,2.0,0.625,2025-08-29
AUDUSD,cpi_yoy,3.0,0.625,2025-08-29
AUDUSD,core_cpi,0.0,0.0,2025-08-29
AUDUSD,core_pce,0.0,0.0,2025-08-29
AUDUSD,ppi_yoy,0.0,0.0,2025-08-29
AUDUSD,employment_change,0.0,0.0,2025-08-29
AUDUSD,unemployment_rate,0.0,0.0,2025-08-29
AUDUSD,wage_growth,0.0,0.0,2025-08-29
AUDUSD,adp,0.0,0.0,2025-08-29
AUDUSD,jolts,0.0,0.0,2025-08-29
AUDUSD,jobless_claims,0.0,0.0,2025-08-29
AUDUSD,rate_expectations,2.0,1.25,2025-08-29
NZDUSD,manufacturing_pmi,2.0,0.3125,2025-08-29
NZDUSD,services_pmi,0.0,0.0,2025-08-29
NZDUSD,gdp_qoq,0.0,0.0,2025-08-29
NZDUSD,retail_sales,0.0,0.0,2025-08-29
NZDUSD,cpi_yoy,1.0,0.20833333333333331,2025-08-29
NZDUSD,core_cpi,0.0,0.0,2025-08-29
NZDUSD,core_pce,0.0,0.0,2025-08-29
NZDUSD,ppi_yoy,0.0,0.0,2025-08-29
NZDUSD,employment_change,0.0,0.0,2025-08-29
NZDUSD,unemployment_rate,0.0,0.0,2025-08-29
NZDUSD,wage_growth,0.0,0.0,2025-08-29
NZDUSD,adp,0.0,0.0,2025-08-29
NZDUSD,jolts,0.0,0.0,2025-08-29
NZDUSD,jobless_claims,0.0,0.0,2025-08-29
NZDUSD,rate_expectations,2.0,1.25,2025-08-29
EURGBP,manufacturing_pmi,0.0,0.0,2025-08-29
EURGBP,services_pmi,0.0,0.0,2025-08-29
EURGBP,gdp_qoq,-2.0,-0.3125,2025-08-29
EURGBP,retail_sales,0.0,0.0,2025-08-29
EURGBP,cpi_yoy,1.0,0.20833333333333331,2025-08-29
EURGBP,core_cpi,0.0,0.0,2025-08-29
EURGBP,core_pce,,0.0,2025-08-29
EURGBP,ppi_yoy,-1.0,0.0,2025-08-29
EURGBP,employment_change,1.0,0.20833333333333331,2025-08-29
EURGBP,unemployment_rate,1.0,0.3125,2025-08-29
EURGBP,wage_growth,0.0,0.0,2025-08-29
EURGBP,adp,,0.0,2025-08-29
EURGBP,jolts,,0.0,2025-08-29
EURGBP,jobless_claims,,0.0,2025-08-29
EURGBP,rate_expectations,0.0,0.0,2025-08-29
EURJPY,manufacturing_pmi,,0.0,2025-08-29
EURJPY,services_pmi,,0.0,2025-08-29
EURJPY,gdp_qoq,0.0,0.0,2025-08-29
EURJPY,retail_sales,1.0,0.625,2025-08-29
EURJPY,cpi_yoy,0.0,-0.10416666666666669,2025-08-29
EURJPY,core_cpi,2.0,0.625,2025-08-29
EURJPY,core_pce,,0.0,2025-08-29
EURJPY,ppi_yoy,0.0,0.0,2025-08-29
EURJPY,employment_change,0.0,0.0,2025-08-29
EURJPY,unemployment_rate,-1.0,-0.3125,2025-08-29
EURJPY,wage_growth,1.0,0.3125,2025-08-29
EURJPY,adp,,0.0,2025-08-29
EURJPY,jolts,,0.0,2025-08-29
EURJPY,jobless_claims,,0.0,2025-08-29
EURJPY,rate_expectations,0.0,0.0,2025-08-29
EURCHF,manufacturing_pmi,,0.0,2025-08-29
EURCHF,services_pmi,,0.0,2025-08-29
EURCHF,gdp_qoq,0.0,0.0,2025-08-29
EURCHF,retail_sales,-2.0,-0.8333333333333333,2025-08-29
EURCHF,cpi_yoy,1.0,0.20833333333333331,2025-08-29
EURCHF,core_cpi,0.0,0.0,2025-08-29
EURCHF,core_pce,,0.0,2025-08-29
EURCHF,ppi_yoy,0.0,0.0,2025-08-29
EURCHF,employment_change,0.0,0.0,2025-08-29
EURCHF,unemployment_rate,1.0,0.3125,2025-08-29
EURCHF,wage_growth,,0.0,2025-08-29
EURCHF,adp,,0.0,2025-08-29
EURCHF,jolts,,0.0,2025-08-29
EURCHF,jobless_claims,,0.0,2025-08-29
EURCHF,rate_expectations,0.0,0.0,2025-08-29
EURAUD,manufacturing_pmi,,0.0,2025-08-29
EURAUD,services_pmi,,0.0,2025-08-29
EURAUD,gdp_qoq,2.0,0.625,2025-08-29
EURAUD,retail_sales,-2.0,-0.625,2025-08-29
EURAUD,cpi_yoy,-1.0,-0.20833333333333331,2025-08-29
EURAUD,core_cpi,0.0,0.0,2025-08-29
EURAUD,core_pce,,0.0,2025-08-29
EURAUD,ppi_yoy,0.0,0.0,2025-08-29
EURAUD,employment_change,0.0,0.0,2025-08-29
EURAUD,unemployment_rate,1.0,0.3125,2025-08-29
EURAUD,wage_growth,0.0,0.0,2025-08-29
EURAUD,adp,,0.0,2025-08-29
EURAUD,jolts,,0.0,2025-08-29
EURAUD,jobless_claims,,0.0,2025-08-29
EURAUD,rate_expectations,0.0,0.0,2025-08-29
EURNZD,manufacturing_pmi,0.0,0.0,2025-08-29
EURNZD,services_pmi,0.0,0.0,2025-08-29
EURNZD,gdp_qoq,0.0,0.0,2025-08-29
EURNZD,retail_sales,0.0,0.0,2025-08-29
EURNZD,cpi_yoy,1.0,0.20833333333333331,2025-08-29
EURNZD,core_cpi,0.0,0.0,2025-08-29
EURNZD,core_pce,,0.0,2025-08-29
EURNZD,ppi_yoy,0.0,0.0,2025-08-29
EURNZD,employment_change,0.0,0.0,2025-08-29
EURNZD,unemployment_rate,1.0,0.3125,2025-08-29
EURNZD,wage_growth,0.0,0.0,2025-08-29
EURNZD,adp,,0.0,2025-08-29
EURNZD,jolts,,0.0,2025-08-29
EURNZD,jobless_claims,,0.0,2025-08-29
EURNZD,rate_expectations,0.0,0.0,2025-08-29
EURCAD,manufacturing_pmi,0.0,0.0,2025-08-29
EURCAD,services_pmi,,0.0,2025-08-29
EURCAD,gdp_qoq,0.0,0.0,2025-08-29
EURCAD,retail_sales,0.0,0.0,2025-08-29
EURCAD,cpi_yoy,1.0,0.20833333333333331,2025-08-29
EURCAD,core_cpi,0.0,0.0,2025-08-29
EURCAD,core_pce,,0.0,2025-08-29
EURCAD,ppi_yoy,-1.0,-0.20833333333333331,2025-08-29
EURCAD,employment_change,1.0,0.3125,2025-08-29
EURCAD,unemployment_rate,1.0,0.3125,2025-08-29
EURCAD,wage_growth,,0.0,2025-08-29
EURCAD,adp,,0.0,2025-08-29
EURCAD,jolts,,0.0,2025-08-29
EURCAD,jobless_claims,,0.0,2025-08-29
EURCAD,rate_expectations,1.0,0.625,2025-08-29
GBPJPY,manufacturing_pmi,0.0,0.0,2025-08-29
GBPJPY,services_pmi,0.0,0.0,2025-08-29
GBPJPY,gdp_qoq,2.0,0.3125,2025-08-29
GBPJPY,retail_sales,1.0,0.625,2025-08-29
GBPJPY,cpi_yoy,-1.0,-0.3125,2025-08-29
GBPJPY,core_cpi,2.0,0.625,2025-08-29
GBPJPY,core_pce,,0.0,2025-08-29
GBPJPY,ppi_yoy,1.0,0.0,2025-08-29
GBPJPY,employment_change,-1.0,-0.20833333333333331,2025-08-29
GBPJPY,unemployment_rate,-2.0,-0.625,2025-08-29
GBPJPY,wage_growth,1.0,0.3125,2025-08-29
GBPJPY,adp,,0.0,2025-08-29
GBPJPY,jolts,,0.0,2025-08-29
GBPJPY,jobless_claims,,0.0,2025-08-29
GBPJPY,rate_expectations,0.0,0.0,2025-08-29
GBPCHF,manufacturing_pmi,0.0,0.0,2025-08-29
GBPCHF,services_pmi,0.0,0.0,2025-08-29
GBPCHF,gdp_qoq,2.0,0.3125,2025-08-29
GBPCHF,retail_sales,-2.0,-0.8333333333333333,2025-08-29
GBPCHF,cpi_yoy,0.0,0.0,2025-08-29
GBPCHF,core_cpi,0.0,0.0,2025-08-29
GBPCHF,core_pce,,0.0,2025-08-29
GBPCHF,ppi_yoy,1.0,0.0,2025-08-29
GBPCHF,employment_change,-1.0,-0.20833333333333331,2025-08-29
GBPCHF,unemployment_rate,0.0,0.0,2025-08-29
GBPCHF,wage_growth,0.0,0.0,2025-08-29
GBPCHF,adp,,0.0,2025-08-29
GBPCHF,jolts,,0.0,2025-08-29
GBPCHF,jobless_claims,,0.0,2025-08-29
GBPCHF,rate_expectations,0.0,0.0,2025-08-29
GBPAUD,manufacturing_pmi,0.0,0.0,2025-08-29
GBPAUD,services_pmi,0.0,0.0,2025-08-29
GBPAUD,gdp_qoq,4.0,0.9375,2025-08-29
GBPAUD,retail_sales,-2.0,-0.625,2025-08-29
GBPAUD,cpi_yoy,-2.0,-0.41666666666666663,2025-08-29
GBPAUD,core_cpi,0.0,0.0,2025-08-29
GBPAUD,core_pce,,0.0,2025-08-29
GBPAUD,ppi_yoy,1.0,0.0,2025-08-29
GBPAUD,employment_change,-1.0,-0.20833333333333331,2025-08-29
GBPAUD,unemployment_rate,0.0,0.0,2025-08-29
GBPAUD,wage_growth,0.0,0.0,2025-08-29
GBPAUD,adp,,0.0,2025-08-29
GBPAUD,jolts,,0.0,2025-08-29
GBPAUD,jobless_claims,,0.0,2025-08-29
GBPAUD,rate_expectations,0.0,0.0,2025-08-29
GBPNZD,manufacturing_pmi,0.0,0.0,2025-08-29
GBPNZD,services_pmi,0.0,0.0,2025-08-29
GBPNZD,gdp_qoq,2.0,0.3125,2025-08-29
GBPNZD,retail_sales,0.0,0.0,2025-08-29
GBPNZD,cpi_yoy,0.0,0.0,2025-08-29
GBPNZD,core_cpi,0.0,0.0,2025-08-29
GBPNZD,core_pce,,0.0,2025-08-29
GBPNZD,ppi_yoy,1.0,0.0,2025-08-29
GBPNZD,employment_change,-1.0,-0.20833333333333331,2025-08-29
GBPNZD,unemployment_rate,0.0,0.0,2025-08-29
GBPNZD,wage_growth,0.0,0.0,2025-08-29
GBPNZD,adp,,0.0,2025-08-29
GBPNZD,jolts,,0.0,2025-08-29
GBPNZD,jobless_claims,,0.0,2025-08-29
GBPNZD,rate_expectations,0.0,0.0,2025-08-29
GBPCAD,manufacturing_pmi,0.0,0.0,2025-08-29
GBPCAD,services_pmi,0.0,0.0,2025-08-29
GBPCAD,gdp_qoq,2.0,0.3125,2025-08-29
GBPCAD,retail_sales,0.0,0.0,2025-08-29
GBPCAD,cpi_yoy,0.0,0.0,2025-08-29
GBPCAD,core_cpi,0.0,0.0,2025-08-29
GBPCAD,core_pce,,0.0,2025-08-29
GBPCAD,ppi_yoy,0.0,-0.20833333333333331,2025-08-29
GBPCAD,employment_change,0.0,0.10416666666666669,2025-08-29
GBPCAD,unemployment_rate,0.0,0.0,2025-08-29
GBPCAD,wage_growth,0.0,0.0,2025-08-29
GBPCAD,adp,,0.0,2025-08-29
GBPCAD,jolts,,0.0,2025-08-29
GBPCAD,jobless_claims,,0.0,2025-08-29
GBPCAD,rate_expectations,1.0,0.625,2025-08-29
AUDJPY,manufacturing_pmi,,0.0,2025-08-29
AUDJPY,services_pmi,,0.0,2025-08-29
AUDJPY,gdp_qoq,-2.0,-0.625,2025-08-29
AUDJPY,retail_sales,3.0,1.25,2025-08-29
AUDJPY,cpi_yoy,1.0,0.10416666666666663,2025-08-29
AUDJPY,core_cpi,2.0,0.625,2025-08-29
AUDJPY,core_pce,,0.0,2025-08-29
AUDJPY,ppi_yoy,0.0,0.0,2025-08-29
AUDJPY,employment_change,0.0,0.0,2025-08-29
AUDJPY,unemployment_rate,-2.0,-0.625,2025-08-29
AUDJPY,wage_growth,1.0,0.3125,2025-08-29
AUDJPY,adp,,0.0,2025-08-29
AUDJPY,jolts,,0.0,2025-08-29
AUDJPY,jobless_claims,,0.0,2025-08-29
AUDJPY,rate_expectations,0.0,0.0,2025-08-29
NZDJPY,manufacturing_pmi,0.0,0.0,2025-08-29
NZDJPY,services_pmi,0.0,0.0,2025-08-29
NZDJPY,gdp_qoq,0.0,0.0,2025-08-29
NZDJPY,retail_sales,1.0,0.625,2025-08-29
NZDJPY,cpi_yoy,-1.0,-0.3125,2025-08-29
NZDJPY,core_cpi,2.0,0.625,2025-08-29
NZDJPY,core_pce,,0.0,2025-08-29
NZDJPY,ppi_yoy,0.0,0.0,2025-08-29
NZDJPY,employment_change,0.0,0.0,2025-08-29
NZDJPY,unemployment_rate,-2.0,-0.625,2025-08-29
NZDJPY,wage_growth,1.0,0.3125,2025-08-29
NZDJPY,adp,,0.0,2025-08-29
NZDJPY,jolts,,0.0,2025-08-29
NZDJPY,jobless_claims,,0.0,2025-08-29
NZDJPY,rate_expectations,0.0,0.0,2025-08-29
CADJPY,manufacturing_pmi,0.0,0.0,2025-08-29
CADJPY,services_pmi,,0.0,2025-08-29
CADJPY,gdp_qoq,0.0,0.0,2025-08-29
CADJPY,retail_sales,1.0,0.625,2025-08-29
CADJPY,cpi_yoy,-1.0,-0.3125,2025-08-29
CADJPY,core_cpi,2.0,0.625,2025-08-29
CADJPY,core_pce,,0.0,2025-08-29
CADJPY,ppi_yoy,1.0,0.20833333333333331,2025-08-29
CADJPY,employment_change,-1.0,-0.3125,2025-08-29
CADJPY,unemployment_rate,-2.0,-0.625,2025-08-29
CADJPY,wage_growth,1.0,0.3125,2025-08-29
CADJPY,adp,,0.0,2025-08-29
CADJPY,jolts,,0.0,2025-08-29
CADJPY,jobless_claims,,0.0,2025-08-29
CADJPY,rate_expectations,-1.0,-0.625,2025-08-29
CHFJPY,manufacturing_pmi,,0.0,2025-08-29
CHFJPY,services_pmi,,0.0,2025-08-29
CHFJPY,gdp_qoq,0.0,0.0,2025-08-29
CHFJPY,retail_sales,3.0,1.4583333333333333,2025-08-29
CHFJPY,cpi_yoy,-1.0,-0.3125,2025-08-29
CHFJPY,core_cpi,2.0,0.625,2025-08-29
CHFJPY,core_pce,,0.0,2025-08-29
CHFJPY,ppi_yoy,0.0,0.0,2025-08-29
CHFJPY,employment_change,,0.0,2025-08-29
CHFJPY,unemployment_rate,-2.0,-0.625,2025-08-29
CHFJPY,wage_growth,1.0,0.3125,2025-08-29
CHFJPY,adp,,0.0,2025-08-29
CHFJPY,jolts,,0.0,2025-08-29
CHFJPY,jobless_claims,,0.0,2025-08-29
CHFJPY,rate_expectations,0.0,0.0,2025-08-29
AUDNZD,manufacturing_pmi,0.0,0.0,2025-08-29
AUDNZD,services_pmi,0.0,0.0,2025-08-29
AUDNZD,gdp_qoq,-2.0,-0.625,2025-08-29
AUDNZD,retail_sales,2.0,0.625,2025-08-29
AUDNZD,cpi_yoy,2.0,0.41666666666666663,2025-08-29
AUDNZD,core_cpi,0.0,0.0,2025-08-29
AUDNZD,core_pce,,0.0,2025-08-29
AUDNZD,ppi_yoy,0.0,0.0,2025-08-29
AUDNZD,employment_change,0.0,0.0,2025-08-29
AUDNZD,unemployment_rate,0.0,0.0,2025-08-29
AUDNZD,wage_growth,0.0,0.0,2025-08-29
AUDNZD,adp,,0.0,2025-08-29
AUDNZD,jolts,,0.0,2025-08-29
AUDNZD,jobless_claims,,0.0,2025-08-29
AUDNZD,rate_expectations,0.0,0.0,2025-08-29
AUDCAD,manufacturing_pmi,0.0,0.0,2025-08-29
AUDCAD,services_pmi,,0.0,2025-08-29
AUDCAD,gdp_qoq,-2.0,-0.625,2025-08-29
AUDCAD,retail_sales,2.0,0.625,2025-08-29
AUDCAD,cpi_yoy,2.0,0.41666666666666663,2025-08-29
AUDCAD,core_cpi,0.0,0.0,2025-08-29
AUDCAD,core_pce,,0.0,2025-08-29
AUDCAD,ppi_yoy,-1.0,-0.20833333333333331,2025-08-29
AUDCAD,employment_change,1.0,0.3125,2025-08-29
AUDCAD,unemployment_rate,0.0,0.0,2025-08-29
AUDCAD,wage_growth,0.0,0.0,2025-08-29
AUDCAD,adp,,0.0,2025-08-29
AUDCAD,jolts,,0.0,2025-08-29
AUDCAD,jobless_claims,,0.0,2025-08-29
AUDCAD,rate_expectations,1.0,0.625,2025-08-29
AUDCHF,manufacturing_pmi,,0.0,2025-08-29
AUDCHF,services_pmi,,0.0,2025-08-29
AUDCHF,gdp_qoq,-2.0,-0.625,2025-08-29
AUDCHF,retail_sales,0.0,-0.20833333333333326,2025-08-29
AUDCHF,cpi_yoy,2.0,0.41666666666666663,2025-08-29
AUDCHF,core_cpi,0.0,0.0,2025-08-29
AUDCHF,core_pce,,0.0,2025-08-29
AUDCHF,ppi_yoy,0.0,0.0,2025-08-29
AUDCHF,employment_change,0.0,0.0,2025-08-29
AUDCHF,unemployment_rate,0.0,0.0,2025-08-29
AUDCHF,wage_growth,0.0,0.0,2025-08-29
AUDCHF,adp,,0.0,2025-08-29
AUDCHF,jolts,,0.0,2025-08-29
AUDCHF,jobless_claims,,0.0,2025-08-29
AUDCHF,rate_expectations,0.0,0.0,2025-08-29
NZDCAD,manufacturing_pmi,0.0,0.0,2025-08-29
NZDCAD,services_pmi,0.0,0.0,2025-08-29
NZDCAD,gdp_qoq,0.0,0.0,2025-08-29
NZDCAD,retail_sales,0.0,0.0,2025-08-29
NZDCAD,cpi_yoy,0.0,0.0,2025-08-29
NZDCAD,core_cpi,0.0,0.0,2025-08-29
NZDCAD,core_pce,,0.0,2025-08-29
NZDCAD,ppi_yoy,-1.0,-0.20833333333333331,2025-08-29
NZDCAD,employment_change,1.0,0.3125,2025-08-29
NZDCAD,unemployment_rate,0.0,0.0,2025-08-29
NZDCAD,wage_growth,0.0,0.0,2025-08-29
NZDCAD,adp,,0.0,2025-08-29
NZDCAD,jolts,,0.0,2025-08-29
NZDCAD,jobless_claims,,0.0,2025-08-29
NZDCAD,rate_expectations,1.0,0.625,2025-08-29
NZDCHF,manufacturing_pmi,0.0,0.0,2025-08-29
NZDCHF,services_pmi,0.0,0.0,2025-08-29
NZDCHF,gdp_qoq,0.0,0.0,2025-08-29
NZDCHF,retail_sales,-2.0,-0.8333333333333333,2025-08-29
NZDCHF,cpi_yoy,0.0,0.0,2025-08-29
NZDCHF,core_cpi,,0.0,2025-08-29
NZDCHF,core_pce,,0.0,2025-08-29
NZDCHF,ppi_yoy,0.0,0.0,2025-08-29
NZDCHF,employment_change,0.0,0.0,2025-08-29
NZDCHF,unemployment_rate,0.0,0.0,2025-08-29
NZDCHF,wage_growth,0.0,0.0,2025-08-29
NZDCHF,adp,,0.0,2025-08-29
NZDCHF,jolts,,0.0,2025-08-29
NZDCHF,jobless_claims,,0.0,2025-08-29
NZDCHF,rate_expectations,,0.0,2025-08-29
CADCHF,manufacturing_pmi,0.0,0.0,2025-08-29
CADCHF,services_pmi,,0.0,2025-08-29
CADCHF,gdp_qoq,0.0,0.0,2025-08-29
CADCHF,retail_sales,-2.0,-0.8333333333333333,2025-08-29
CADCHF,cpi_yoy,0.0,0.0,2025-08-29
CADCHF,core_cpi,0.0,0.0,2025-08-29
CADCHF,core_pce,,0.0,2025-08-29
CADCHF,ppi_yoy,1.0,0.20833333333333331,2025-08-29
CADCHF,employment_change,-1.0,-0.3125,2025-08-29
CADCHF,unemployment_rate,0.0,0.0,2025-08-29
CADCHF,wage_growth,,0.0,2025-08-29
CADCHF,adp,,0.0,2025-08-29
CADCHF,jolts,,0.0,2025-08-29
CADCHF,jobless_claims,,0.0,2025-08-29
CADCHF,rate_expectations,-1.0,-0.625,2025-08-29
EURUSD,manufacturing_pmi,0.0,0.0,2025-09-05
EURUSD,services_pmi,0.0,0.0,2025-09-05
EURUSD,gdp_qoq,0.0,0.0,2025-09-05
EURUSD,retail_sales,-1.0,-0.3125,2025-09-05
EURUSD,cpi_yoy,1.0,0.20833333333333331,2025-09-05
EURUSD,core_cpi,1.0,0.20833333333333331,2025-09-05
EURUSD,core_pce,0.0,0.0,2025-09-05
EURUSD,ppi_yoy,1.0,0.20833333333333331,2025-09-05
EURUSD,employment_change,0.0,0.0,2025-09-05
EURUSD,unemployment_rate,0.0,0.0,2025-09-05
EURUSD,wage_growth,0.0,0.0,2025-09-05
EURUSD,adp,0.0,0.0,2025-09-05
EURUSD,jolts,0.0,0.0,2025-09-05
EURUSD,jobless_claims,1.0,0.10416666666666666,2025-09-05
EURUSD,rate_expectations,1.0,0.625,2025-09-05
GBPUSD,manufacturing_pmi,0.0,0.0,2025-09-05
GBPUSD,services_pmi,-1.0,-0.15625,2025-09-05
GBPUSD,gdp_qoq,2.0,0.3125,2025-09-05
GBPUSD,retail_sales,0.0,0.0,2025-09-05
GBPUSD,cpi_yoy,1.0,0.20833333333333331,2025-09-05
GBPUSD,core_cpi,0.0,0.0,2025-09-05
GBPUSD,core_pce,0.0,0.0,2025-09-05
GBPUSD,ppi_yoy,1.0,0.0,2025-09-05
GBPUSD,employment_change,-1.0,-0.20833333333333331,2025-09-05
GBPUSD,unemployment_rate,0.0,0.0,2025-09-05
GBPUSD,wage_growth,0.0,0.0,2025-09-05
GBPUSD,adp,0.0,0.0,2025-09-05
GBPUSD,jolts,0.0,0.0,2025-09-05
GBPUSD,jobless_claims,1.0,0.10416666666666666,2025-09-05
GBPUSD,rate_expectations,2.0,1.25,2025-09-05
USDJPY,manufacturing_pmi,0.0,0.0,2025-09-05
USDJPY,services_pmi,0.0,0.0,2025-09-05
USDJPY,gdp_qoq,0.0,0.0,2025-09-05
USDJPY,retail_sales,1.0,0.625,2025-09-05
USDJPY,cpi_yoy,-2.0,-0.5208333333333333,2025-09-05
USDJPY,core_cpi,2.0,0.625,2025-09-05
USDJPY,core_pce,0.0,0.0,2025-09-05
USDJPY,ppi_yoy,0.0,0.0,2025-09-05
USDJPY,employment_change,0.0,0.0,2025-09-05
USDJPY,unemployment_rate,-2.0,-0.625,2025-09-05
USDJPY,wage_growth,-2.0,-0.625,2025-09-05
USDJPY,adp,0.0,0.0,2025-09-05
USDJPY,jolts,0.0,0.0,2025-09-05
USDJPY,jobless_claims,-1.0,-0.10416666666666666,2025-09-05
USDJPY,rate_expectations,-2.0,-1.25,2025-09-05
USDCHF,manufacturing_pmi,0.0,0.0,2025-09-05
USDCHF,services_pmi,0.0,0.0,2025-09-05
USDCHF,gdp_qoq,0.0,0.0,2025-09-05
USDCHF,retail_sales,2.0,0.8333333333333333,2025-09-05
USDCHF,cpi_yoy,-1.0,-0.20833333333333331,2025-09-05
USDCHF,core_cpi,0.0,0.0,2025-09-05
USDCHF,core_pce,0.0,0.0,2025-09-05
USDCHF,ppi_yoy,0.0,0.0,2025-09-05
USDCHF,employment_change,0.0,0.0,2025-09-05
USDCHF,unemployment_rate,0.0,0.0,2025-09-05
USDCHF,wage_growth,0.0,0.0,2025-09-05
USDCHF,adp,0.0,0.0,2025-09-05
USDCHF,jolts,0.0,0.0,2025-09-05
USDCHF,jobless_claims,-1.0,-0.10416666666666666,2025-09-05
USDCHF,rate_expectations,-1.0,-0.625,2025-09-05
USDCAD,manufacturing_pmi,0.0,0.0,2025-09-05
USDCAD,services_pmi,0.0,0.0,2025-09-05
USDCAD,gdp_qoq,2.0,0.41666666666666663,2025-09-05
USDCAD,retail_sales,0.0,0.0,2025-09-05
USDCAD,cpi_yoy,-1.0,-0.20833333333333331,2025-09-05
USDCAD,core_cpi,0.0,0.0,2025-09-05
USDCAD,core_pce,0.0,0.0,2025-09-05
USDCAD,ppi_yoy,-1.0,-0.20833333333333331,2025-09-05
USDCAD,employment_change,1.0,0.3125,2025-09-05
USDCAD,unemployment_rate,0.0,0.0,2025-09-05
USDCAD,wage_growth,0.0,0.0,2025-09-05
USDCAD,adp,0.0,0.0,2025-09-05
USDCAD,jolts,0.0,0.0,2025-09-05
USDCAD,jobless_claims,-1.0,-0.10416666666666666,2025-09-05
USDCAD,rate_expectations,0.0,0.0,2025-09-05
AUDUSD,manufacturing_pmi,0.0,0.0,2025-09-05
AUDUSD,services_pmi,0.0,0.0,2025-09-05
AUDUSD,gdp_qoq,1.0,0.3125,2025-09-05
AUDUSD,retail_sales,2.0,0.625,2025-09-05
AUDUSD,cpi_yoy,3.0,0.625,2025-09-05
AUDUSD,core_cpi,0.0,0.0,2025-09-05
AUDUSD,core_pce,0.0,0.0,2025-09-05
AUDUSD,ppi_yoy,0.0,0.0,2025-09-05
AUDUSD,employment_change,0.0,0.0,2025-09-05
AUDUSD,unemployment_rate,0.0,0.0,2025-09-05
AUDUSD,wage_growth,0.0,0.0,2025-09-05
AUDUSD,adp,0.0,0.0,2025-09-05
AUDUSD,jolts,0.0,0.0,2025-09-05
AUDUSD,jobless_claims,1.0,0.10416666666666666,2025-09-05
AUDUSD,rate_expectations,1.0,0.625,2025-09-05
NZDUSD,manufacturing_pmi,0.0,0.0,2025-09-05
NZDUSD,services_pmi,0.0,0.0,2025-09-05
NZDUSD,gdp_qoq,0.0,0.0,2025-09-05
NZDUSD,retail_sales,0.0,0.0,2025-09-05
NZDUSD,cpi_yoy,1.0,0.20833333333333331,2025-09-05
NZDUSD,core_cpi,0.0,0.0,2025-09-05
NZDUSD,core_pce,0.0,0.0,2025-09-05
NZDUSD,ppi_yoy,0.0,0.0,2025-09-05
NZDUSD,employment_change,0.0,0.0,2025-09-05
NZDUSD,unemployment_rate,0.0,0.0,2025-09-05
NZDUSD,wage_growth,0.0,0.0,2025-09-05
NZDUSD,adp,0.0,0.0,2025-09-05
NZDUSD,jolts,0.0,0.0,2025-09-05
NZDUSD,jobless_claims,1.0,0.10416666666666666,2025-09-05
NZDUSD,rate_expectations,1.0,0.625,2025-09-05
EURGBP,manufacturing_pmi,0.0,0.0,2025-09-05
EURGBP,services_pmi,1.0,0.15625,2025-09-05
EURGBP,gdp_qoq,-2.0,-0.3125,2025-09-05
EURGBP,retail_sales,-1.0,-0.3125,2025-09-05
EURGBP,cpi_yoy,0.0,0.0,2025-09-05
EURGBP,core_cpi,1.0,0.20833333333333331,2025-09-05
EURGBP,core_pce,,0.0,2025-09-05
EURGBP,ppi_yoy,0.0,0.20833333333333331,2025-09-05
EURGBP,employment_change,1.0,0.20833333333333331,2025-09-05
EURGBP,unemployment_rate,0.0,0.0,2025-09-05
EURGBP,wage_growth,0.0,0.0,2025-09-05
EURGBP,adp,,0.0,2025-09-05
EURGBP,jolts,,0.0,2025-09-05
EURGBP,jobless_claims,,0.0,2025-09-05
EURGBP,rate_expectations,-1.0,-0.625,2025-09-05
EURJPY,manufacturing_pmi,,0.0,2025-09-05
EURJPY,services_pmi,,0.0,2025-09-05
EURJPY,gdp_qoq,0.0,0.0,2025-09-05
EURJPY,retail_sales,0.0,0.3125,2025-09-05
EURJPY,cpi_yoy,-1.0,-0.3125,2025-09-05
EURJPY,core_cpi,3.0,0.8333333333333333,2025-09-05
EURJPY,core_pce,,0.0,2025-09-05
EURJPY,ppi_yoy,1.0,0.20833333333333331,2025-09-05
EURJPY,employment_change,0.0,0.0,2025-09-05
EURJPY,unemployment_rate,-2.0,-0.625,2025-09-05
EURJPY,wage_growth,-2.0,-0.625,2025-09-05
EURJPY,adp,,0.0,2025-09-05
EURJPY,jolts,,0.0,2025-09-05
EURJPY,jobless_claims,,0.0,2025-09-05
EURJPY,rate_expectations,-1.0,-0.625,2025-09-05
EURCHF,manufacturing_pmi,,0.0,2025-09-05
EURCHF,services_pmi,,0.0,2025-09-05
EURCHF,gdp_qoq,0.0,0.0,2025-09-05
EURCHF,retail_sales,1.0,0.5208333333333333,2025-09-05
EURCHF,cpi_yoy,0.0,0.0,2025-09-05
EURCHF,core_cpi,1.0,0.20833333333333331,2025-09-05
EURCHF,core_pce,,0.0,2025-09-05
EURCHF,ppi_yoy,1.0,0.20833333333333331,2025-09-05
EURCHF,employment_change,0.0,0.0,2025-09-05
EURCHF,unemployment_rate,0.0,0.0,2025-09-05
EURCHF,wage_growth,,0.0,2025-09-05
EURCHF,adp,,0.0,2025-09-05
EURCHF,jolts,,0.0,2025-09-05
EURCHF,jobless_claims,,0.0,2025-09-05
EURCHF,rate_expectations,0.0,0.0,2025-09-05
EURAUD,manufacturing_pmi,,0.0,2025-09-05
EURAUD,services_pmi,,0.0,2025-09-05
EURAUD,gdp_qoq,-1.0,-0.3125,2025-09-05
EURAUD,retail_sales,-3.0,-0.9375,2025-09-05
EURAUD,cpi_yoy,-2.0,-0.41666666666666663,2025-09-05
EURAUD,core_cpi,1.0,0.20833333333333331,2025-09-05
EURAUD,core_pce,,0.0,2025-09-05
EURAUD,ppi_yoy,1.0,0.20833333333333331,2025-09-05
EURAUD,employment_change,0.0,0.0,2025-09-05
EURAUD,unemployment_rate,0.0,0.0,2025-09-05
EURAUD,wage_growth,0.0,0.0,2025-09-05
EURAUD,adp,,0.0,2025-09-05
EURAUD,jolts,,0.0,2025-09-05
EURAUD,jobless_claims,,0.0,2025-09-05
EURAUD,rate_expectations,0.0,0.0,2025-09-05
EURNZD,manufacturing_pmi,0.0,0.0,2025-09-05
EURNZD,services_pmi,0.0,0.0,2025-09-05
EURNZD,gdp_qoq,0.0,0.0,2025-09-05
EURNZD,retail_sales,-1.0,-0.3125,2025-09-05
EURNZD,cpi_yoy,0.0,0.0,2025-09-05
EURNZD,core_cpi,1.0,0.20833333333333331,2025-09-05
EURNZD,core_pce,,0.0,2025-09-05
EURNZD,ppi_yoy,1.0,0.20833333333333331,2025-09-05
EURNZD,employment_change,0.0,0.0,2025-09-05
EURNZD,unemployment_rate,0.0,0.0,2025-09-05
EURNZD,wage_growth,0.0,0.0,2025-09-05
EURNZD,adp,,0.0,2025-09-05
EURNZD,jolts,,0.0,2025-09-05
EURNZD,jobless_claims,,0.0,2025-09-05
EURNZD,rate_expectations,0.0,0.0,2025-09-05
EURCAD,manufacturing_pmi,0.0,0.0,2025-09-05
EURCAD,services_pmi,,0.0,2025-09-05
EURCAD,gdp_qoq,2.0,0.41666666666666663,2025-09-05
EURCAD,retail_sales,-1.0,-0.3125,2025-09-05
EURCAD,cpi_yoy,0.0,0.0,2025-09-05
EURCAD,core_cpi,1.0,0.20833333333333331,2025-09-05
EURCAD,core_pce,,0.0,2025-09-05
EURCAD,ppi_yoy,0.0,0.0,2025-09-05
EURCAD,employment_change,1.0,0.3125,2025-09-05
EURCAD,unemployment_rate,0.0,0.0,2025-09-05
EURCAD,wage_growth,,0.0,2025-09-05
EURCAD,adp,,0.0,2025-09-05
EURCAD,jolts,,0.0,2025-09-05
EURCAD,jobless_claims,,0.0,2025-09-05
EURCAD,rate_expectations,1.0,0.625,2025-09-05
GBPJPY,manufacturing_pmi,0.0,0.0,2025-09-05
GBPJPY,services_pmi,-1.0,-0.15625,2025-09-05
GBPJPY,gdp_qoq,2.0,0.3125,2025-09-05
GBPJPY,retail_sales,1.0,0.625,2025-09-05
GBPJPY,cpi_yoy,-1.0,-0.3125,2025-09-05
GBPJPY,core_cpi,2.0,0.625,2025-09-05
GBPJPY,core_pce,,0.0,2025-09-05
GBPJPY,ppi_yoy,1.0,0.0,2025-09-05
GBPJPY,employment_change,-1.0,-0.20833333333333331,2025-09-05
GBPJPY,unemployment_rate,-2.0,-0.625,2025-09-05
GBPJPY,wage_growth,-2.0,-0.625,2025-09-05
GBPJPY,adp,,0.0,2025-09-05
GBPJPY,jolts,,0.0,2025-09-05
GBPJPY,jobless_claims,,0.0,2025-09-05
GBPJPY,rate_expectations,0.0,0.0,2025-09-05
GBPCHF,manufacturing_pmi,0.0,0.0,2025-09-05
GBPCHF,services_pmi,-1.0,-0.15625,2025-09-05
GBPCHF,gdp_qoq,2.0,0.3125,2025-09-05
GBPCHF,retail_sales,2.0,0.8333333333333333,2025-09-05
GBPCHF,cpi_yoy,0.0,0.0,2025-09-05
GBPCHF,core_cpi,0.0,0.0,2025-09-05
GBPCHF,core_pce,,0.0,2025-09-05
GBPCHF,ppi_yoy,1.0,0.0,2025-09-05
GBPCHF,employment_change,-1.0,-0.20833333333333331,2025-09-05
GBPCHF,unemployment_rate,0.0,0.0,2025-09-05
GBPCHF,wage_growth,0.0,0.0,2025-09-05
GBPCHF,adp,,0.0,2025-09-05
GBPCHF,jolts,,0.0,2025-09-05
GBPCHF,jobless_claims,,0.0,2025-09-05
GBPCHF,rate_expectations,1.0,0.625,2025-09-05
GBPAUD,manufacturing_pmi,0.0,0.0,2025-09-05
GBPAUD,services_pmi,-1.0,-0.15625,2025-09-05
GBPAUD,gdp_qoq,1.0,0.0,2025-09-05
GBPAUD,retail_sales,-2.0,-0.625,2025-09-05
GBPAUD,cpi_yoy,-2.0,-0.41666666666666663,2025-09-05
GBPAUD,core_cpi,0.0,0.0,2025-09-05
GBPAUD,core_pce,,0.0,2025-09-05
GBPAUD,ppi_yoy,1.0,0.0,2025-09-05
GBPAUD,employment_change,-1.0,-0.20833333333333331,2025-09-05
GBPAUD,unemployment_rate,0.0,0.0,2025-09-05
GBPAUD,wage_growth,0.0,0.0,2025-09-05
GBPAUD,adp,,0.0,2025-09-05
GBPAUD,jolts,,0.0,2025-09-05
GBPAUD,jobless_claims,,0.0,2025-09-05
GBPAUD,rate_expectations,1.0,0.625,2025-09-05
GBPNZD,manufacturing_pmi,0.0,0.0,2025-09-05
GBPNZD,services_pmi,-1.0,-0.15625,2025-09-05
GBPNZD,gdp_qoq,2.0,0.3125,2025-09-05
GBPNZD,retail_sales,0.0,0.0,2025-09-05
GBPNZD,cpi_yoy,0.0,0.0,2025-09-05
GBPNZD,core_cpi,0.0,0.0,2025-09-05
GBPNZD,core_pce,,0.0,2025-09-05
GBPNZD,ppi_yoy,1.0,0.0,2025-09-05
GBPNZD,employment_change,-1.0,-0.20833333333333331,2025-09-05
GBPNZD,unemployment_rate,0.0,0.0,2025-09-05
GBPNZD,wage_growth,0.0,0.0,2025-09-05
GBPNZD,adp,,0.0,2025-09-05
GBPNZD,jolts,,0.0,2025-09-05
GBPNZD,jobless_claims,,0.0,2025-09-05
GBPNZD,rate_expectations,1.0,0.625,2025-09-05
GBPCAD,manufacturing_pmi,0.0,0.0,2025-09-05
GBPCAD,services_pmi,-1.0,-0.15625,2025-09-05
GBPCAD,gdp_qoq,4.0,0.7291666666666666,2025-09-05
GBPCAD,retail_sales,0.0,0.0,2025-09-05
GBPCAD,cpi_yoy,0.0,0.0,2025-09-05
GBPCAD,core_cpi,0.0,0.0,2025-09-05
GBPCAD,core_pce,,0.0,2025-09-05
GBPCAD,ppi_yoy,0.0,-0.20833333333333331,2025-09-05
GBPCAD,employment_change,0.0,0.10416666666666669,2025-09-05
GBPCAD,unemployment_rate,0.0,0.0,2025-09-05
GBPCAD,wage_growth,0.0,0.0,2025-09-05
GBPCAD,adp,,0.0,2025-09-05
GBPCAD,jolts,,0.0,2025-09-05
GBPCAD,jobless_claims,,0.0,2025-09-05
GBPCAD,rate_expectations,2.0,1.25,2025-09-05
AUDJPY,manufacturing_pmi,,0.0,2025-09-05
AUDJPY,services_pmi,,0.0,2025-09-05
AUDJPY,gdp_qoq,1.0,0.3125,2025-09-05
AUDJPY,retail_sales,3.0,1.25,2025-09-05
AUDJPY,cpi_yoy,1.0,0.10416666666666663,2025-09-05
AUDJPY,core_cpi,2.0,0.625,2025-09-05
AUDJPY,core_pce,,0.0,2025-09-05
AUDJPY,ppi_yoy,0.0,0.0,2025-09-05
AUDJPY,employment_change,0.0,0.0,2025-09-05
AUDJPY,unemployment_rate,-2.0,-0.625,2025-09-05
AUDJPY,wage_growth,-2.0,-0.625,2025-09-05
AUDJPY,adp,,0.0,2025-09-05
AUDJPY,jolts,,0.0,2025-09-05
AUDJPY,jobless_claims,,0.0,2025-09-05
AUDJPY,rate_expectations,-1.0,-0.625,2025-09-05
NZDJPY,manufacturing_pmi,0.0,0.0,2025-09-05
NZDJPY,services_pmi,0.0,0.0,2025-09-05
NZDJPY,gdp_qoq,0.0,0.0,2025-09-05
NZDJPY,retail_sales,1.0,0.625,2025-09-05
NZDJPY,cpi_yoy,-1.0,-0.3125,2025-09-05
NZDJPY,core_cpi,2.0,0.625,2025-09-05
NZDJPY,core_pce,,0.0,2025-09-05
NZDJPY,ppi_yoy,0.0,0.0,2025-09-05
NZDJPY,employment_change,0.0,0.0,2025-09-05
NZDJPY,unemployment_rate,-2.0,-0.625,2025-09-05
NZDJPY,wage_growth,-2.0,-0.625,2025-09-05
NZDJPY,adp,,0.0,2025-09-05
NZDJPY,jolts,,0.0,2025-09-05
NZDJPY,jobless_claims,,0.0,2025-09-05
NZDJPY,rate_expectations,-1.0,-0.625,2025-09-05
CADJPY,manufacturing_pmi,0.0,0.0,2025-09-05
CADJPY,services_pmi,,0.0,2025-09-05
CADJPY,gdp_qoq,-2.0,-0.41666666666666663,2025-09-05
CADJPY,retail_sales,1.0,0.625,2025-09-05
CADJPY,cpi_yoy,-1.0,-0.3125,2025-09-05
CADJPY,core_cpi,2.0,0.625,2025-09-05
CADJPY,core_pce,,0.0,2025-09-05
CADJPY,ppi_yoy,1.0,0.20833333333333331,2025-09-05
CADJPY,employment_change,-1.0,-0.3125,2025-09-05
CADJPY,unemployment_rate,-2.0,-0.625,2025-09-05
CADJPY,wage_growth,-2.0,-0.625,2025-09-05
CADJPY,adp,,0.0,2025-09-05
CADJPY,jolts,,0.0,2025-09-05
CADJPY,jobless_claims,,0.0,2025-09-05
CADJPY,rate_expectations,-2.0,-1.25,2025-09-05
CHFJPY,manufacturing_pmi,,0.0,2025-09-05
CHFJPY,services_pmi,,0.0,2025-09-05
CHFJPY,gdp_qoq,0.0,0.0,2025-09-05
CHFJPY,retail_sales,-1.0,-0.20833333333333326,2025-09-05
CHFJPY,cpi_yoy,-1.0,-0.3125,2025-09-05
CHFJPY,core_cpi,2.0,0.625,2025-09-05
CHFJPY,core_pce,,0.0,2025-09-05
CHFJPY,ppi_yoy,0.0,0.0,2025-09-05
CHFJPY,employment_change,,0.0,2025-09-05
CHFJPY,unemployment_rate,-2.0,-0.625,2025-09-05
CHFJPY,wage_growth,-2.0,-0.625,2025-09-05
CHFJPY,adp,,0.0,2025-09-05
CHFJPY,jolts,,0.0,2025-09-05
CHFJPY,jobless_claims,,0.0,2025-09-05
CHFJPY,rate_expectations,-1.0,-0.625,2025-09-05
AUDNZD,manufacturing_pmi,0.0,0.0,2025-09-05
AUDNZD,services_pmi,0.0,0.0,2025-09-05
AUDNZD,gdp_qoq,1.0,0.3125,2025-09-05
AUDNZD,retail_sales,2.0,0.625,2025-09-05
AUDNZD,cpi_yoy,2.0,0.41666666666666663,2025-09-05
AUDNZD,core_cpi,0.0,0.0,2025-09-05
AUDNZD,core_pce,,0.0,2025-09-05
AUDNZD,ppi_yoy,0.0,0.0,2025-09-05
AUDNZD,employment_change,0.0,0.0,2025-09-05
AUDNZD,unemployment_rate,0.0,0.0,2025-09-05
AUDNZD,wage_growth,0.0,0.0,2025-09-05
AUDNZD,adp,,0.0,2025-09-05
AUDNZD,jolts,,0.0,2025-09-05
AUDNZD,jobless_claims,,0.0,2025-09-05
AUDNZD,rate_expectations,0.0,0.0,2025-09-05
AUDCAD,manufacturing_pmi,0.0,0.0,2025-09-05
AUDCAD,services_pmi,,0.0,2025-09-05
AUDCAD,gdp_qoq,3.0,0.7291666666666666,2025-09-05
AUDCAD,retail_sales,2.0,0.625,2025-09-05
AUDCAD,cpi_yoy,2.0,0.41666666666666663,2025-09-05
AUDCAD,core_cpi,0.0,0.0,2025-09-05
AUDCAD,core_pce,,0.0,2025-09-05
AUDCAD,ppi_yoy,-1.0,-0.20833333333333331,2025-09-05
AUDCAD,employment_change,1.0,0.3125,2025-09-05
AUDCAD,unemployment_rate,0.0,0.0,2025-09-05
AUDCAD,wage_growth,0.0,0.0,2025-09-05
AUDCAD,adp,,0.0,2025-09-05
AUDCAD,jolts,,0.0,2025-09-05
AUDCAD,jobless_claims,,0.0,2025-09-05
AUDCAD,rate_expectations,1.0,0.625,2025-09-05
AUDCHF,manufacturing_pmi,,0.0,2025-09-05
AUDCHF,services_pmi,,0.0,2025-09-05
AUDCHF,gdp_qoq,1.0,0.3125,2025-09-05
AUDCHF,retail_sales,4.0,1.4583333333333333,2025-09-05
AUDCHF,cpi_yoy,2.0,0.41666666666666663,2025-09-05
AUDCHF,core_cpi,0.0,0.0,2025-09-05
AUDCHF,core_pce,,0.0,2025-09-05
AUDCHF,ppi_yoy,0.0,0.0,2025-09-05
AUDCHF,employment_change,0.0,0.0,2025-09-05
AUDCHF,unemployment_rate,0.0,0.0,2025-09-05
AUDCHF,wage_growth,0.0,0.0,2025-09-05
AUDCHF,adp,,0.0,2025-09-05
AUDCHF,jolts,,0.0,2025-09-05
AUDCHF,jobless_claims,,0.0,2025-09-05
AUDCHF,rate_expectations,0.0,0.0,2025-09-05
NZDCAD,manufacturing_pmi,0.0,0.0,2025-09-05
NZDCAD,services_pmi,0.0,0.0,2025-09-05
NZDCAD,gdp_qoq,2.0,0.41666666666666663,2025-09-05
NZDCAD,retail_sales,0.0,0.0,2025-09-05
NZDCAD,cpi_yoy,0.0,0.0,2025-09-05
NZDCAD,core_cpi,0.0,0.0,2025-09-05
NZDCAD,core_pce,,0.0,2025-09-05
NZDCAD,ppi_yoy,-1.0,-0.20833333333333331,2025-09-05
NZDCAD,employment_change,1.0,0.3125,2025-09-05
NZDCAD,unemployment_rate,0.0,0.0,2025-09-05
NZDCAD,wage_growth,0.0,0.0,2025-09-05
NZDCAD,adp,,0.0,2025-09-05
NZDCAD,jolts,,0.0,2025-09-05
NZDCAD,jobless_claims,,0.0,2025-09-05
NZDCAD,rate_expectations,1.0,0.625,2025-09-05
NZDCHF,manufacturing_pmi,0.0,0.0,2025-09-05
NZDCHF,services_pmi,0.0,0.0,2025-09-05
NZDCHF,gdp_qoq,0.0,0.0,2025-09-05
NZDCHF,retail_sales,2.0,0.8333333333333333,2025-09-05
NZDCHF,cpi_yoy,0.0,0.0,2025-09-05
NZDCHF,core_cpi,,0.0,2025-09-05
NZDCHF,core_pce,,0.0,2025-09-05
NZDCHF,ppi_yoy,0.0,0.0,2025-09-05
NZDCHF,employment_change,0.0,0.0,2025-09-05
NZDCHF,unemployment_rate,0.0,0.0,2025-09-05
NZDCHF,wage_growth,0.0,0.0,2025-09-05
NZDCHF,adp,,0.0,2025-09-05
NZDCHF,jolts,,0.0,2025-09-05
NZDCHF,jobless_claims,,0.0,2025-09-05
NZDCHF,rate_expectations,,0.0,2025-09-05
CADCHF,manufacturing_pmi,0.0,0.0,2025-09-05
CADCHF,services_pmi,,0.0,2025-09-05
CADCHF,gdp_qoq,-2.0,-0.41666666666666663,2025-09-05
CADCHF,retail_sales,2.0,0.8333333333333333,2025-09-05
CADCHF,cpi_yoy,0.0,0.0,2025-09-05
CADCHF,core_cpi,0.0,0.0,2025-09-05
CADCHF,core_pce,,0.0,2025-09-05
CADCHF,ppi_yoy,1.0,0.20833333333333331,2025-09-05
CADCHF,employment_change,-1.0,-0.3125,2025-09-05
CADCHF,unemployment_rate,0.0,0.0,2025-09-05
CADCHF,wage_growth,,0.0,2025-09-05
CADCHF,adp,,0.0,2025-09-05
CADCHF,jolts,,0.0,2025-09-05
CADCHF,jobless_claims,,0.0,2025-09-05
CADCHF,rate_expectations,-1.0,-0.625,2025-09-05
EURUSD,manufacturing_pmi,0.0,0.0,2025-09-12
EURUSD,services_pmi,0.0,0.0,2025-09-12
EURUSD,gdp_qoq,0.0,0.0,2025-09-12
EURUSD,retail_sales,-1.0,-0.3125,2025-09-12
EURUSD,cpi_yoy,0.0,0.0,2025-09-12
EURUSD,core_cpi,1.0,0.20833333333333331,2025-09-12
EURUSD,core_pce,0.0,0.0,2025-09-12
EURUSD,ppi_yoy,1.0,0.20833333333333331,2025-09-12
EURUSD,employment_change,1.0,0.10416666666666666,2025-09-12
EURUSD,unemployment_rate,0.0,0.0,2025-09-12
EURUSD,wage_growth,0.0,0.0,2025-09-12
EURUSD,adp,0.0,0.0,2025-09-12
EURUSD,jolts,0.0,0.0,2025-09-12
EURUSD,jobless_claims,2.0,0.20833333333333331,2025-09-12
EURUSD,rate_expectations,0.0,0.0,2025-09-12
GBPUSD,manufacturing_pmi,0.0,0.0,2025-09-12
GBPUSD,services_pmi,-1.0,-0.15625,2025-09-12
GBPUSD,gdp_qoq,2.0,0.3125,2025-09-12
GBPUSD,retail_sales,0.0,0.0,2025-09-12
GBPUSD,cpi_yoy,0.0,0.0,2025-09-12
GBPUSD,core_cpi,0.0,0.0,2025-09-12
GBPUSD,core_pce,0.0,0.0,2025-09-12
GBPUSD,ppi_yoy,1.0,0.0,2025-09-12
GBPUSD,employment_change,0.0,-0.10416666666666666,2025-09-12
GBPUSD,unemployment_rate,0.0,0.0,2025-09-12
GBPUSD,wage_growth,0.0,0.0,2025-09-12
GBPUSD,adp,0.0,0.0,2025-09-12
GBPUSD,jolts,0.0,0.0,2025-09-12
GBPUSD,jobless_claims,2.0,0.20833333333333331,2025-09-12
GBPUSD,rate_expectations,1.0,0.625,2025-09-12
USDJPY,manufacturing_pmi,0.0,0.0,2025-09-12
USDJPY,services_pmi,0.0,0.0,2025-09-12
USDJPY,gdp_qoq,0.0,0.0,2025-09-12
USDJPY,retail_sales,1.0,0.625,2025-09-12
USDJPY,cpi_yoy,-1.0,-0.3125,2025-09-12
USDJPY,core_cpi,2.0,0.625,2025-09-12
USDJPY,core_pce,0.0,0.0,2025-09-12
USDJPY,ppi_yoy,0.0,0.0,2025-09-12
USDJPY,employment_change,-1.0,-0.10416666666666666,2025-09-12
USDJPY,unemployment_rate,-2.0,-0.625,2025-09-12
USDJPY,wage_growth,-2.0,-0.625,2025-09-12
USDJPY,adp,0.0,0.0,2025-09-12
USDJPY,jolts,0.0,0.0,2025-09-12
USDJPY,jobless_claims,-2.0,-0.20833333333333331,2025-09-12
USDJPY,rate_expectations,-1.0,-0.625,2025-09-12
USDCHF,manufacturing_pmi,0.0,0.0,2025-09-12
USDCHF,services_pmi,0.0,0.0,2025-09-12
USDCHF,gdp_qoq,0.0,0.0,2025-09-12
USDCHF,retail_sales,2.0,0.8333333333333333,2025-09-12
USDCHF,cpi_yoy,0.0,0.0,2025-09-12
USDCHF,core_cpi,0.0,0.0,2025-09-12
USDCHF,core_pce,0.0,0.0,2025-09-12
USDCHF,ppi_yoy,0.0,0.0,2025-09-12
USDCHF,employment_change,-1.0,-0.10416666666666666,2025-09-12
USDCHF,unemployment_rate,0.0,0.0,2025-09-12
USDCHF,wage_growth,0.0,0.0,2025-09-12
USDCHF,adp,0.0,0.0,2025-09-12
USDCHF,jolts,0.0,0.0,2025-09-12
USDCHF,jobless_claims,-2.0,-0.20833333333333331,2025-09-12
USDCHF,rate_expectations,0.0,0.0,2025-09-12
USDCAD,manufacturing_pmi,0.0,0.0,2025-09-12
USDCAD,services_pmi,0.0,0.0,2025-09-12
USDCAD,gdp_qoq,2.0,0.41666666666666663,2025-09-12
USDCAD,retail_sales,0.0,0.0,2025-09-12
USDCAD,cpi_yoy,0.0,0.0,2025-09-12
USDCAD,core_cpi,0.0,0.0,2025-09-12
USDCAD,core_pce,0.0,0.0,2025-09-12
USDCAD,ppi_yoy,-1.0,-0.20833333333333331,2025-09-12
USDCAD,employment_change,0.0,0.20833333333333334,2025-09-12
USDCAD,unemployment_rate,0.0,0.0,2025-09-12
USDCAD,wage_growth,0.0,0.0,2025-09-12
USDCAD,adp,0.0,0.0,2025-09-12
USDCAD,jolts,0.0,0.0,2025-09-12
USDCAD,jobless_claims,-2.0,-0.20833333333333331,2025-09-12
USDCAD,rate_expectations,2.0,1.25,2025-09-12
AUDUSD,manufacturing_pmi,0.0,0.0,2025-09-12
AUDUSD,services_pmi,0.0,0.0,2025-09-12
AUDUSD,gdp_qoq,1.0,0.3125,2025-09-12
AUDUSD,retail_sales,2.0,0.625,2025-09-12
AUDUSD,cpi_yoy,2.0,0.41666666666666663,2025-09-12
AUDUSD,core_cpi,0.0,0.0,2025-09-12
AUDUSD,core_pce,0.0,0.0,2025-09-12
AUDUSD,ppi_yoy,0.0,0.0,2025-09-12
AUDUSD,employment_change,1.0,0.10416666666666666,2025-09-12
AUDUSD,unemployment_rate,0.0,0.0,2025-09-12
AUDUSD,wage_growth,0.0,0.0,2025-09-12
AUDUSD,adp,0.0,0.0,2025-09-12
AUDUSD,jolts,0.0,0.0,2025-09-12
AUDUSD,jobless_claims,2.0,0.20833333333333331,2025-09-12
AUDUSD,rate_expectations,0.0,0.0,2025-09-12
NZDUSD,manufacturing_pmi,0.0,0.0,2025-09-12
NZDUSD,services_pmi,0.0,0.0,2025-09-12
NZDUSD,gdp_qoq,0.0,0.0,2025-09-12
NZDUSD,retail_sales,0.0,0.0,2025-09-12
NZDUSD,cpi_yoy,0.0,0.0,2025-09-12
NZDUSD,core_cpi,0.0,0.0,2025-09-12
NZDUSD,core_pce,0.0,0.0,2025-09-12
NZDUSD,ppi_yoy,0.0,0.0,2025-09-12
NZDUSD,employment_change,1.0,0.10416666666666666,2025-09-12
NZDUSD,unemployment_rate,0.0,0.0,2025-09-12
NZDUSD,wage_growth,0.0,0.0,2025-09-12
NZDUSD,adp,0.0,0.0,2025-09-12
NZDUSD,jolts,0.0,0.0,2025-09-12
NZDUSD,jobless_claims,2.0,0.20833333333333331,2025-09-12
NZDUSD,rate_expectations,0.0,0.0,2025-09-12
EURGBP,manufacturing_pmi,0.0,0.0,2025-09-12
EURGBP,services_pmi,1.0,0.15625,2025-09-12
EURGBP,gdp_qoq,-2.0,-0.3125,2025-09-12
EURGBP,retail_sales,-1.0,-0.3125,2025-09-12
EURGBP,cpi_yoy,0.0,0.0,2025-09-12
EURGBP,core_cpi,1.0,0.20833333333333331,2025-09-12
EURGBP,core_pce,,0.0,2025-09-12
EURGBP,ppi_yoy,0.0,0.20833333333333331,2025-09-12
EURGBP,employment_change,1.0,0.20833333333333331,2025-09-12
EURGBP,unemployment_rate,0.0,0.0,2025-09-12
EURGBP,wage_growth,0.0,0.0,2025-09-12
EURGBP,adp,,0.0,2025-09-12
EURGBP,jolts,,0.0,2025-09-12
EURGBP,jobless_claims,,0.0,2025-09-12
EURGBP,rate_expectations,-1.0,-0.625,2025-09-12
EURJPY,manufacturing_pmi,,0.0,2025-09-12
EURJPY,services_pmi,,0.0,2025-09-12
EURJPY,gdp_qoq,0.0,0.0,2025-09-12
EURJPY,retail_sales,0.0,0.3125,2025-09-12
EURJPY,cpi_yoy,-1.0,-0.3125,2025-09-12
EURJPY,core_cpi,3.0,0.8333333333333333,2025-09-12
EURJPY,core_pce,,0.0,2025-09-12
EURJPY,ppi_yoy,1.0,0.20833333333333331,2025-09-12
EURJPY,employment_change,0.0,0.0,2025-09-12
EURJPY,unemployment_rate,-2.0,-0.625,2025-09-12
EURJPY,wage_growth,-2.0,-0.625,2025-09-12
EURJPY,adp,,0.0,2025-09-12
EURJPY,jolts,,0.0,2025-09-12
EURJPY,jobless_claims,,0.0,2025-09-12
EURJPY,rate_expectations,-1.0,-0.625,2025-09-12
EURCHF,manufacturing_pmi,,0.0,2025-09-12
EURCHF,services_pmi,,0.0,2025-09-12
EURCHF,gdp_qoq,0.0,0.0,2025-09-12
EURCHF,retail_sales,1.0,0.5208333333333333,2025-09-12
EURCHF,cpi_yoy,0.0,0.0,2025-09-12
EURCHF,core_cpi,1.0,0.20833333333333331,2025-09-12
EURCHF,core_pce,,0.0,2025-09-12
EURCHF,ppi_yoy,1.0,0.20833333333333331,2025-09-12
EURCHF,employment_change,0.0,0.0,2025-09-12
EURCHF,unemployment_rate,0.0,0.0,2025-09-12
EURCHF,wage_growth,,0.0,2025-09-12
EURCHF,adp,,0.0,2025-09-12
EURCHF,jolts,,0.0,2025-09-12
EURCHF,jobless_claims,,0.0,2025-09-12
EURCHF,rate_expectations,0.0,0.0,2025-09-12
EURAUD,manufacturing_pmi,,0.0,2025-09-12
EURAUD,services_pmi,,0.0,2025-09-12
EURAUD,gdp_qoq,-1.0,-0.3125,2025-09-12
EURAUD,retail_sales,-3.0,-0.9375,2025-09-12
EURAUD,cpi_yoy,-2.0,-0.41666666666666663,2025-09-12
EURAUD,core_cpi,1.0,0.20833333333333331,2025-09-12
EURAUD,core_pce,,0.0,2025-09-12
EURAUD,ppi_yoy,1.0,0.20833333333333331,2025-09-12
EURAUD,employment_change,0.0,0.0,2025-09-12
EURAUD,unemployment_rate,0.0,0.0,2025-09-12
EURAUD,wage_growth,0.0,0.0,2025-09-12
EURAUD,adp,,0.0,2025-09-12
EURAUD,jolts,,0.0,2025-09-12
EURAUD,jobless_claims,,0.0,2025-09-12
EURAUD,rate_expectations,0.0,0.0,2025-09-12
EURNZD,manufacturing_pmi,0.0,0.0,2025-09-12
EURNZD,services_pmi,0.0,0.0,2025-09-12
EURNZD,gdp_qoq,0.0,0.0,2025-09-12
EURNZD,retail_sales,-1.0,-0.3125,2025-09-12
EURNZD,cpi_yoy,0.0,0.0,2025-09-12
EURNZD,core_cpi,1.0,0.20833333333333331,2025-09-12
EURNZD,core_pce,,0.0,2025-09-12
EURNZD,ppi_yoy,1.0,0.20833333333333331,2025-09-12
EURNZD,employment_change,0.0,0.0,2025-09-12
EURNZD,unemployment_rate,0.0,0.0,2025-09-12
EURNZD,wage_growth,0.0,0.0,2025-09-12
EURNZD,adp,,0.0,2025-09-12
EURNZD,jolts,,0.0,2025-09-12
EURNZD,jobless_claims,,0.0,2025-09-12
EURNZD,rate_expectations,0.0,0.0,2025-09-12
EURCAD,manufacturing_pmi,0.0,0.0,2025-09-12
EURCAD,services_pmi,,0.0,2025-09-12
EURCAD,gdp_qoq,2.0,0.41666666666666663,2025-09-12
EURCAD,retail_sales,-1.0,-0.3125,2025-09-12
EURCAD,cpi_yoy,0.0,0.0,2025-09-12
EURCAD,core_cpi,1.0,0.20833333333333331,2025-09-12
EURCAD,core_pce,,0.0,2025-09-12
EURCAD,ppi_yoy,0.0,0.0,2025-09-12
EURCAD,employment_change,1.0,0.3125,2025-09-12
EURCAD,unemployment_rate,0.0,0.0,2025-09-12
EURCAD,wage_growth,,0.0,2025-09-12
EURCAD,adp,,0.0,2025-09-12
EURCAD,jolts,,0.0,2025-09-12
EURCAD,jobless_claims,,0.0,2025-09-12
EURCAD,rate_expectations,2.0,1.25,2025-09-12
GBPJPY,manufacturing_pmi,0.0,0.0,2025-09-12
GBPJPY,services_pmi,-1.0,-0.15625,2025-09-12
GBPJPY,gdp_qoq,2.0,0.3125,2025-09-12
GBPJPY,retail_sales,1.0,0.625,2025-09-12
GBPJPY,cpi_yoy,-1.0,-0.3125,2025-09-12
GBPJPY,core_cpi,2.0,0.625,2025-09-12
GBPJPY,core_pce,,0.0,2025-09-12
GBPJPY,ppi_yoy,1.0,0.0,2025-09-12
GBPJPY,employment_change,-1.0,-0.20833333333333331,2025-09-12
GBPJPY,unemployment_rate,-2.0,-0.625,2025-09-12
GBPJPY,wage_growth,-2.0,-0.625,2025-09-12
GBPJPY,adp,,0.0,2025-09-12
GBPJPY,jolts,,0.0,2025-09-12
GBPJPY,jobless_claims,,0.0,2025-09-12
GBPJPY,rate_expectations,0.0,0.0,2025-09-12
GBPCHF,manufacturing_pmi,0.0,0.0,2025-09-12
GBPCHF,services_pmi,-1.0,-0.15625,2025-09-12
GBPCHF,gdp_qoq,2.0,0.3125,2025-09-12
GBPCHF,retail_sales,2.0,0.8333333333333333,2025-09-12
GBPCHF,cpi_yoy,0.0,0.0,2025-09-12
GBPCHF,core_cpi,0.0,0.0,2025-09-12
GBPCHF,core_pce,,0.0,2025-09-12
GBPCHF,ppi_yoy,1.0,0.0,2025-09-12
GBPCHF,employment_change,-1.0,-0.20833333333333331,2025-09-12
GBPCHF,unemployment_rate,0.0,0.0,2025-09-12
GBPCHF,wage_growth,0.0,0.0,2025-09-12
GBPCHF,adp,,0.0,2025-09-12
GBPCHF,jolts,,0.0,2025-09-12
GBPCHF,jobless_claims,,0.0,2025-09-12
GBPCHF,rate_expectations,1.0,0.625,2025-09-12
GBPAUD,manufacturing_pmi,0.0,0.0,2025-09-12
GBPAUD,services_pmi,-1.0,-0.15625,2025-09-12
GBPAUD,gdp_qoq,1.0,0.0,2025-09-12
GBPAUD,retail_sales,-2.0,-0.625,2025-09-12
GBPAUD,cpi_yoy,-2.0,-0.41666666666666663,2025-09-12
GBPAUD,core_cpi,0.0,0.0,2025-09-12
GBPAUD,core_pce,,0.0,2025-09-12
GBPAUD,ppi_yoy,1.0,0.0,2025-09-12
GBPAUD,employment_change,-1.0,-0.20833333333333331,2025-09-12
GBPAUD,unemployment_rate,0.0,0.0,2025-09-12
GBPAUD,wage_growth,0.0,0.0,2025-09-12
GBPAUD,adp,,0.0,2025-09-12
GBPAUD,jolts,,0.0,2025-09-12
GBPAUD,jobless_claims,,0.0,2025-09-12
GBPAUD,rate_expectations,1.0,0.625,2025-09-12
GBPNZD,manufacturing_pmi,0.0,0.0,2025-09-12
GBPNZD,services_pmi,-1.0,-0.15625,2025-09-12
GBPNZD,gdp_qoq,2.0,0.3125,2025-09-12
GBPNZD,retail_sales,0.0,0.0,2025-09-12
GBPNZD,cpi_yoy,0.0,0.0,2025-09-12
GBPNZD,core_cpi,0.0,0.0,2025-09-12
GBPNZD,core_pce,,0.0,2025-09-12
GBPNZD,ppi_yoy,1.0,0.0,2025-09-12
GBPNZD,employment_change,-1.0,-0.20833333333333331,2025-09-12
GBPNZD,unemployment_rate,0.0,0.0,2025-09-12
GBPNZD,wage_growth,0.0,0.0,2025-09-12
GBPNZD,adp,,0.0,2025-09-12
GBPNZD,jolts,,0.0,2025-09-12
GBPNZD,jobless_claims,,0.0,2025-09-12
GBPNZD,rate_expectations,1.0,0.625,2025-09-12
GBPCAD,manufacturing_pmi,0.0,0.0,2025-09-12
GBPCAD,services_pmi,-1.0,-0.15625,2025-09-12
GBPCAD,gdp_qoq,4.0,0.7291666666666666,2025-09-12
GBPCAD,retail_sales,0.0,0.0,2025-09-12
GBPCAD,cpi_yoy,0.0,0.0,2025-09-12
GBPCAD,core_cpi,0.0,0.0,2025-09-12
GBPCAD,core_pce,,0.0,2025-09-12
GBPCAD,ppi_yoy,0.0,-0.20833333333333331,2025-09-12
GBPCAD,employment_change,0.0,0.10416666666666669,2025-09-12
GBPCAD,unemployment_rate,0.0,0.0,2025-09-12
GBPCAD,wage_growth,0.0,0.0,2025-09-12
GBPCAD,adp,,0.0,2025-09-12
GBPCAD,jolts,,0.0,2025-09-12
GBPCAD,jobless_claims,,0.0,2025-09-12
GBPCAD,rate_expectations,3.0,1.875,2025-09-12
AUDJPY,manufacturing_pmi,,0.0,2025-09-12
AUDJPY,services_pmi,,0.0,2025-09-12
AUDJPY,gdp_qoq,1.0,0.3125,2025-09-12
AUDJPY,retail_sales,3.0,1.25,2025-09-12
AUDJPY,cpi_yoy,1.0,0.10416666666666663,2025-09-12
AUDJPY,core_cpi,2.0,0.625,2025-09-12
AUDJPY,core_pce,,0.0,2025-09-12
AUDJPY,ppi_yoy,0.0,0.0,2025-09-12
AUDJPY,employment_change,0.0,0.0,2025-09-12
AUDJPY,unemployment_rate,-2.0,-0.625,2025-09-12
AUDJPY,wage_growth,-2.0,-0.625,2025-09-12
AUDJPY,adp,,0.0,2025-09-12
AUDJPY,jolts,,0.0,2025-09-12
AUDJPY,jobless_claims,,0.0,2025-09-12
AUDJPY,rate_expectations,-1.0,-0.625,2025-09-12
NZDJPY,manufacturing_pmi,0.0,0.0,2025-09-12
NZDJPY,services_pmi,0.0,0.0,2025-09-12
NZDJPY,gdp_qoq,0.0,0.0,2025-09-12
NZDJPY,retail_sales,1.0,0.625,2025-09-12
NZDJPY,cpi_yoy,-1.0,-0.3125,2025-09-12
NZDJPY,core_cpi,2.0,0.625,2025-09-12
NZDJPY,core_pce,,0.0,2025-09-12
NZDJPY,ppi_yoy,0.0,0.0,2025-09-12
NZDJPY,employment_change,0.0,0.0,2025-09-12
NZDJPY,unemployment_rate,-2.0,-0.625,2025-09-12
NZDJPY,wage_growth,-2.0,-0.625,2025-09-12
NZDJPY,adp,,0.0,2025-09-12
NZDJPY,jolts,,0.0,2025-09-12
NZDJPY,jobless_claims,,0.0,2025-09-12
NZDJPY,rate_expectations,-1.0,-0.625,2025-09-12
CADJPY,manufacturing_pmi,0.0,0.0,2025-09-12
CADJPY,services_pmi,,0.0,2025-09-12
CADJPY,gdp_qoq,-2.0,-0.41666666666666663,2025-09-12
CADJPY,retail_sales,1.0,0.625,2025-09-12
CADJPY,cpi_yoy,-1.0,-0.3125,2025-09-12
CADJPY,core_cpi,2.0,0.625,2025-09-12
CADJPY,core_pce,,0.0,2025-09-12
CADJPY,ppi_yoy,1.0,0.20833333333333331,2025-09-12
CADJPY,employment_change,-1.0,-0.3125,2025-09-12
CADJPY,unemployment_rate,-2.0,-0.625,2025-09-12
CADJPY,wage_growth,-2.0,-0.625,2025-09-12
CADJPY,adp,,0.0,2025-09-12
CADJPY,jolts,,0.0,2025-09-12
CADJPY,jobless_claims,,0.0,2025-09-12
CADJPY,rate_expectations,-3.0,-1.875,2025-09-12
CHFJPY,manufacturing_pmi,,0.0,2025-09-12
CHFJPY,services_pmi,,0.0,2025-09-12
CHFJPY,gdp_qoq,0.0,0.0,2025-09-12
CHFJPY,retail_sales,-1.0,-0.20833333333333326,2025-09-12
CHFJPY,cpi_yoy,-1.0,-0.3125,2025-09-12
CHFJPY,core_cpi,2.0,0.625,2025-09-12
CHFJPY,core_pce,,0.0,2025-09-12
CHFJPY,ppi_yoy,0.0,0.0,2025-09-12
CHFJPY,employment_change,,0.0,2025-09-12
CHFJPY,unemployment_rate,-2.0,-0.625,2025-09-12
CHFJPY,wage_growth,-2.0,-0.625,2025-09-12
CHFJPY,adp,,0.0,2025-09-12
CHFJPY,jolts,,0.0,2025-09-12
CHFJPY,jobless_claims,,0.0,2025-09-12
CHFJPY,rate_expectations,-1.0,-0.625,2025-09-12
AUDNZD,manufacturing_pmi,0.0,0.0,2025-09-12
AUDNZD,services_pmi,0.0,0.0,2025-09-12
AUDNZD,gdp_qoq,1.0,0.3125,2025-09-12
AUDNZD,retail_sales,2.0,0.625,2025-09-12
AUDNZD,cpi_yoy,2.0,0.41666666666666663,2025-09-12
AUDNZD,core_cpi,0.0,0.0,2025-09-12
AUDNZD,core_pce,,0.0,2025-09-12
AUDNZD,ppi_yoy,0.0,0.0,2025-09-12
AUDNZD,employment_change,0.0,0.0,2025-09-12
AUDNZD,unemployment_rate,0.0,0.0,2025-09-12
AUDNZD,wage_growth,0.0,0.0,2025-09-12
AUDNZD,adp,,0.0,2025-09-12
AUDNZD,jolts,,0.0,2025-09-12
AUDNZD,jobless_claims,,0.0,2025-09-12
AUDNZD,rate_expectations,0.0,0.0,2025-09-12
AUDCAD,manufacturing_pmi,0.0,0.0,2025-09-12
AUDCAD,services_pmi,,0.0,2025-09-12
AUDCAD,gdp_qoq,3.0,0.7291666666666666,2025-09-12
AUDCAD,retail_sales,2.0,0.625,2025-09-12
AUDCAD,cpi_yoy,2.0,0.41666666666666663,2025-09-12
AUDCAD,core_cpi,0.0,0.0,2025-09-12
AUDCAD,core_pce,,0.0,2025-09-12
AUDCAD,ppi_yoy,-1.0,-0.20833333333333331,2025-09-12
AUDCAD,employment_change,1.0,0.3125,2025-09-12
AUDCAD,unemployment_rate,0.0,0.0,2025-09-12
AUDCAD,wage_growth,0.0,0.0,2025-09-12
AUDCAD,adp,,0.0,2025-09-12
AUDCAD,jolts,,0.0,2025-09-12
AUDCAD,jobless_claims,,0.0,2025-09-12
AUDCAD,rate_expectations,2.0,1.25,2025-09-12
AUDCHF,manufacturing_pmi,,0.0,2025-09-12
AUDCHF,services_pmi,,0.0,2025-09-12
AUDCHF,gdp_qoq,1.0,0.3125,2025-09-12
AUDCHF,retail_sales,4.0,1.4583333333333333,2025-09-12
AUDCHF,cpi_yoy,2.0,0.41666666666666663,2025-09-12
AUDCHF,core_cpi,0.0,0.0,2025-09-12
AUDCHF,core_pce,,0.0,2025-09-12
AUDCHF,ppi_yoy,0.0,0.0,2025-09-12
AUDCHF,employment_change,0.0,0.0,2025-09-12
AUDCHF,unemployment_rate,0.0,0.0,2025-09-12
AUDCHF,wage_growth,0.0,0.0,2025-09-12
AUDCHF,adp,,0.0,2025-09-12
AUDCHF,jolts,,0.0,2025-09-12
AUDCHF,jobless_claims,,0.0,2025-09-12
AUDCHF,rate_expectations,0.0,0.0,2025-09-12
NZDCAD,manufacturing_pmi,0.0,0.0,2025-09-12
NZDCAD,services_pmi,0.0,0.0,2025-09-12
NZDCAD,gdp_qoq,2.0,0.41666666666666663,2025-09-12
NZDCAD,retail_sales,0.0,0.0,2025-09-12
NZDCAD,cpi_yoy,0.0,0.0,2025-09-12
NZDCAD,core_cpi,0.0,0.0,2025-09-12
NZDCAD,core_pce,,0.0,2025-09-12
NZDCAD,ppi_yoy,-1.0,-0.20833333333333331,2025-09-12
NZDCAD,employment_change,1.0,0.3125,2025-09-12
NZDCAD,unemployment_rate,0.0,0.0,2025-09-12
NZDCAD,wage_growth,0.0,0.0,2025-09-12
NZDCAD,adp,,0.0,2025-09-12
NZDCAD,jolts,,0.0,2025-09-12
NZDCAD,jobless_claims,,0.0,2025-09-12
NZDCAD,rate_expectations,2.0,1.25,2025-09-12
NZDCHF,manufacturing_pmi,0.0,0.0,2025-09-12
NZDCHF,services_pmi,0.0,0.0,2025-09-12
NZDCHF,gdp_qoq,0.0,0.0,2025-09-12
NZDCHF,retail_sales,2.0,0.8333333333333333,2025-09-12
NZDCHF,cpi_yoy,0.0,0.0,2025-09-12
NZDCHF,core_cpi,,0.0,2025-09-12
NZDCHF,core_pce,,0.0,2025-09-12
NZDCHF,ppi_yoy,0.0,0.0,2025-09-12
NZDCHF,employment_change,0.0,0.0,2025-09-12
NZDCHF,unemployment_rate,0.0,0.0,2025-09-12
NZDCHF,wage_growth,0.0,0.0,2025-09-12
NZDCHF,adp,,0.0,2025-09-12
NZDCHF,jolts,,0.0,2025-09-12
NZDCHF,jobless_claims,,0.0,2025-09-12
NZDCHF,rate_expectations,,0.0,2025-09-12
CADCHF,manufacturing_pmi,0.0,0.0,2025-09-12
CADCHF,services_pmi,,0.0,2025-09-12
CADCHF,gdp_qoq,-2.0,-0.41666666666666663,2025-09-12
CADCHF,retail_sales,2.0,0.8333333333333333,2025-09-12
CADCHF,cpi_yoy,0.0,0.0,2025-09-12
CADCHF,core_cpi,0.0,0.0,2025-09-12
CADCHF,core_pce,,0.0,2025-09-12
CADCHF,ppi_yoy,1.0,0.20833333333333331,2025-09-12
CADCHF,employment_change,-1.0,-0.3125,2025-09-12
CADCHF,unemployment_rate,0.0,0.0,2025-09-12
CADCHF,wage_growth,,0.0,2025-09-12
CADCHF,adp,,0.0,2025-09-12
CADCHF,jolts,,0.0,2025-09-12
CADCHF,jobless_claims,,0.0,2025-09-12
CADCHF,rate_expectations,-2.0,-1.25,2025-09-12
EURUSD,manufacturing_pmi,0.0,0.0,2025-09-19
EURUSD,services_pmi,0.0,0.0,2025-09-19
EURUSD,gdp_qoq,0.0,0.0,2025-09-19
EURUSD,retail_sales,-2.0,-0.46875,2025-09-19
EURUSD,cpi_yoy,0.0,0.0,2025-09-19
EURUSD,core_cpi,1.0,0.20833333333333331,2025-09-19
EURUSD,core_pce,0.0,0.0,2025-09-19
EURUSD,ppi_yoy,1.0,0.20833333333333331,2025-09-19
EURUSD,employment_change,1.0,0.10416666666666666,2025-09-19
EURUSD,unemployment_rate,0.0,0.0,2025-09-19
EURUSD,wage_growth,0.0,0.0,2025-09-19
EURUSD,adp,0.0,0.0,2025-09-19
EURUSD,jolts,0.0,0.0,2025-09-19
EURUSD,jobless_claims,-1.0,-0.10416666666666666,2025-09-19
EURUSD,rate_expectations,1.0,0.625,2025-09-19
GBPUSD,manufacturing_pmi,0.0,0.0,2025-09-19
GBPUSD,services_pmi,-1.0,-0.15625,2025-09-19
GBPUSD,gdp_qoq,2.0,0.3125,2025-09-19
GBPUSD,retail_sales,-1.0,-0.15625,2025-09-19
GBPUSD,cpi_yoy,0.0,0.0,2025-09-19
GBPUSD,core_cpi,0.0,0.0,2025-09-19
GBPUSD,core_pce,0.0,0.0,2025-09-19
GBPUSD,ppi_yoy,1.0,0.0,2025-09-19
GBPUSD,employment_change,1.0,0.10416666666666666,2025-09-19
GBPUSD,unemployment_rate,0.0,0.0,2025-09-19
GBPUSD,wage_growth,0.0,0.0,2025-09-19
GBPUSD,adp,0.0,0.0,2025-09-19
GBPUSD,jolts,0.0,0.0,2025-09-19
GBPUSD,jobless_claims,-1.0,-0.10416666666666666,2025-09-19
GBPUSD,rate_expectations,1.0,0.625,2025-09-19
USDJPY,manufacturing_pmi,0.0,0.0,2025-09-19
USDJPY,services_pmi,0.0,0.0,2025-09-19
USDJPY,gdp_qoq,0.0,0.0,2025-09-19
USDJPY,retail_sales,2.0,0.78125,2025-09-19
USDJPY,cpi_yoy,0.0,0.0,2025-09-19
USDJPY,core_cpi,2.0,0.625,2025-09-19
USDJPY,core_pce,0.0,0.0,2025-09-19
USDJPY,ppi_yoy,0.0,0.0,2025-09-19
USDJPY,employment_change,-1.0,-0.10416666666666666,2025-09-19
USDJPY,unemployment_rate,-2.0,-0.625,2025-09-19
USDJPY,wage_growth,-2.0,-0.625,2025-09-19
USDJPY,adp,0.0,0.0,2025-09-19
USDJPY,jolts,0.0,0.0,2025-09-19
USDJPY,jobless_claims,1.0,0.10416666666666666,2025-09-19
USDJPY,rate_expectations,-2.0,-1.25,2025-09-19
USDCHF,manufacturing_pmi,0.0,0.0,2025-09-19
USDCHF,services_pmi,0.0,0.0,2025-09-19
USDCHF,gdp_qoq,0.0,0.0,2025-09-19
USDCHF,retail_sales,3.0,0.9895833333333333,2025-09-19
USDCHF,cpi_yoy,0.0,0.0,2025-09-19
USDCHF,core_cpi,0.0,0.0,2025-09-19
USDCHF,core_pce,0.0,0.0,2025-09-19
USDCHF,ppi_yoy,0.0,0.0,2025-09-19
USDCHF,employment_change,-1.0,-0.10416666666666666,2025-09-19
USDCHF,unemployment_rate,0.0,0.0,2025-09-19
USDCHF,wage_growth,0.0,0.0,2025-09-19
USDCHF,adp,0.0,0.0,2025-09-19
USDCHF,jolts,0.0,0.0,2025-09-19
USDCHF,jobless_claims,1.0,0.10416666666666666,2025-09-19
USDCHF,rate_expectations,-1.0,-0.625,2025-09-19
USDCAD,manufacturing_pmi,0.0,0.0,2025-09-19
USDCAD,services_pmi,0.0,0.0,2025-09-19
USDCAD,gdp_qoq,2.0,0.41666666666666663,2025-09-19
USDCAD,retail_sales,1.0,0.15625,2025-09-19
USDCAD,cpi_yoy,0.0,0.0,2025-09-19
USDCAD,core_cpi,0.0,0.0,2025-09-19
USDCAD,core_pce,0.0,0.0,2025-09-19
USDCAD,ppi_yoy,-1.0,-0.20833333333333331,2025-09-19
USDCAD,employment_change,0.0,0.20833333333333334,2025-09-19
USDCAD,unemployment_rate,0.0,0.0,2025-09-19
USDCAD,wage_growth,0.0,0.0,2025-09-19
USDCAD,adp,0.0,0.0,2025-09-19
USDCAD,jolts,0.0,0.0,2025-09-19
USDCAD,jobless_claims,1.0,0.10416666666666666,2025-09-19
USDCAD,rate_expectations,1.0,0.625,2025-09-19
AUDUSD,manufacturing_pmi,0.0,0.0,2025-09-19
AUDUSD,services_pmi,0.0,0.0,2025-09-19
AUDUSD,gdp_qoq,1.0,0.625,2025-09-19
AUDUSD,retail_sales,1.0,-0.15625,2025-09-19
AUDUSD,cpi_yoy,2.0,0.41666666666666663,2025-09-19
AUDUSD,core_cpi,0.0,0.0,2025-09-19
AUDUSD,core_pce,0.0,0.0,2025-09-19
AUDUSD,ppi_yoy,0.0,0.0,2025-09-19
AUDUSD,employment_change,1.0,0.10416666666666666,2025-09-19
AUDUSD,unemployment_rate,0.0,0.0,2025-09-19
AUDUSD,wage_growth,0.0,0.0,2025-09-19
AUDUSD,adp,0.0,0.0,2025-09-19
AUDUSD,jolts,0.0,0.0,2025-09-19
AUDUSD,jobless_claims,-1.0,-0.10416666666666666,2025-09-19
AUDUSD,rate_expectations,1.0,0.625,2025-09-19
NZDUSD,manufacturing_pmi,0.0,0.0,2025-09-19
NZDUSD,services_pmi,0.0,0.0,2025-09-19
NZDUSD,gdp_qoq,-1.0,-0.20833333333333331,2025-09-19
NZDUSD,retail_sales,-1.0,-0.15625,2025-09-19
NZDUSD,cpi_yoy,0.0,0.0,2025-09-19
NZDUSD,core_cpi,0.0,0.0,2025-09-19
NZDUSD,core_pce,0.0,0.0,2025-09-19
NZDUSD,ppi_yoy,0.0,0.0,2025-09-19
NZDUSD,employment_change,1.0,0.10416666666666666,2025-09-19
NZDUSD,unemployment_rate,0.0,0.0,2025-09-19
NZDUSD,wage_growth,0.0,0.0,2025-09-19
NZDUSD,adp,0.0,0.0,2025-09-19
NZDUSD,jolts,0.0,0.0,2025-09-19
NZDUSD,jobless_claims,-1.0,-0.10416666666666666,2025-09-19
NZDUSD,rate_expectations,1.0,0.625,2025-09-19
EURGBP,manufacturing_pmi,0.0,0.0,2025-09-19
EURGBP,services_pmi,1.0,0.15625,2025-09-19
EURGBP,gdp_qoq,-2.0,-0.3125,2025-09-19
EURGBP,retail_sales,-1.0,-0.3125,2025-09-19
EURGBP,cpi_yoy,0.0,0.0,2025-09-19
EURGBP,core_cpi,1.0,0.20833333333333331,2025-09-19
EURGBP,core_pce,,0.0,2025-09-19
EURGBP,ppi_yoy,0.0,0.20833333333333331,2025-09-19
EURGBP,employment_change,0.0,0.0,2025-09-19
EURGBP,unemployment_rate,0.0,0.0,2025-09-19
EURGBP,wage_growth,0.0,0.0,2025-09-19
EURGBP,adp,,0.0,2025-09-19
EURGBP,jolts,,0.0,2025-09-19
EURGBP,jobless_claims,,0.0,2025-09-19
EURGBP,rate_expectations,0.0,0.0,2025-09-19
EURJPY,manufacturing_pmi,,0.0,2025-09-19
EURJPY,services_pmi,,0.0,2025-09-19
EURJPY,gdp_qoq,0.0,0.0,2025-09-19
EURJPY,retail_sales,0.0,0.3125,2025-09-19
EURJPY,cpi_yoy,0.0,0.0,2025-09-19
EURJPY,core_cpi,3.0,0.8333333333333333,2025-09-19
EURJPY,core_pce,,0.0,2025-09-19
EURJPY,ppi_yoy,1.0,0.20833333333333331,2025-09-19
EURJPY,employment_change,0.0,0.0,2025-09-19
EURJPY,unemployment_rate,-2.0,-0.625,2025-09-19
EURJPY,wage_growth,-2.0,-0.625,2025-09-19
EURJPY,adp,,0.0,2025-09-19
EURJPY,jolts,,0.0,2025-09-19
EURJPY,jobless_claims,,0.0,2025-09-19
EURJPY,rate_expectations,-1.0,-0.625,2025-09-19
EURCHF,manufacturing_pmi,,0.0,2025-09-19
EURCHF,services_pmi,,0.0,2025-09-19
EURCHF,gdp_qoq,0.0,0.0,2025-09-19
EURCHF,retail_sales,1.0,0.5208333333333333,2025-09-19
EURCHF,cpi_yoy,0.0,0.0,2025-09-19
EURCHF,core_cpi,1.0,0.20833333333333331,2025-09-19
EURCHF,core_pce,,0.0,2025-09-19
EURCHF,ppi_yoy,1.0,0.20833333333333331,2025-09-19
EURCHF,employment_change,0.0,0.0,2025-09-19
EURCHF,unemployment_rate,0.0,0.0,2025-09-19
EURCHF,wage_growth,,0.0,2025-09-19
EURCHF,adp,,0.0,2025-09-19
EURCHF,jolts,,0.0,2025-09-19
EURCHF,jobless_claims,,0.0,2025-09-19
EURCHF,rate_expectations,0.0,0.0,2025-09-19
EURAUD,manufacturing_pmi,,0.0,2025-09-19
EURAUD,services_pmi,,0.0,2025-09-19
EURAUD,gdp_qoq,-1.0,-0.625,2025-09-19
EURAUD,retail_sales,-3.0,-0.3125,2025-09-19
EURAUD,cpi_yoy,-2.0,-0.41666666666666663,2025-09-19
EURAUD,core_cpi,1.0,0.20833333333333331,2025-09-19
EURAUD,core_pce,,0.0,2025-09-19
EURAUD,ppi_yoy,1.0,0.20833333333333331,2025-09-19
EURAUD,employment_change,0.0,0.0,2025-09-19
EURAUD,unemployment_rate,0.0,0.0,2025-09-19
EURAUD,wage_growth,0.0,0.0,2025-09-19
EURAUD,adp,,0.0,2025-09-19
EURAUD,jolts,,0.0,2025-09-19
EURAUD,jobless_claims,,0.0,2025-09-19
EURAUD,rate_expectations,0.0,0.0,2025-09-19
EURNZD,manufacturing_pmi,0.0,0.0,2025-09-19
EURNZD,services_pmi,0.0,0.0,2025-09-19
EURNZD,gdp_qoq,1.0,0.20833333333333331,2025-09-19
EURNZD,retail_sales,-1.0,-0.3125,2025-09-19
EURNZD,cpi_yoy,0.0,0.0,2025-09-19
EURNZD,core_cpi,1.0,0.20833333333333331,2025-09-19
EURNZD,core_pce,,0.0,2025-09-19
EURNZD,ppi_yoy,1.0,0.20833333333333331,2025-09-19
EURNZD,employment_change,0.0,0.0,2025-09-19
EURNZD,unemployment_rate,0.0,0.0,2025-09-19
EURNZD,wage_growth,0.0,0.0,2025-09-19
EURNZD,adp,,0.0,2025-09-19
EURNZD,jolts,,0.0,2025-09-19
EURNZD,jobless_claims,,0.0,2025-09-19
EURNZD,rate_expectations,0.0,0.0,2025-09-19
EURCAD,manufacturing_pmi,0.0,0.0,2025-09-19
EURCAD,services_pmi,,0.0,2025-09-19
EURCAD,gdp_qoq,2.0,0.41666666666666663,2025-09-19
EURCAD,retail_sales,-1.0,-0.3125,2025-09-19
EURCAD,cpi_yoy,0.0,0.0,2025-09-19
EURCAD,core_cpi,1.0,0.20833333333333331,2025-09-19
EURCAD,core_pce,,0.0,2025-09-19
EURCAD,ppi_yoy,0.0,0.0,2025-09-19
EURCAD,employment_change,1.0,0.3125,2025-09-19
EURCAD,unemployment_rate,0.0,0.0,2025-09-19
EURCAD,wage_growth,,0.0,2025-09-19
EURCAD,adp,,0.0,2025-09-19
EURCAD,jolts,,0.0,2025-09-19
EURCAD,jobless_claims,,0.0,2025-09-19
EURCAD,rate_expectations,2.0,1.25,2025-09-19
GBPJPY,manufacturing_pmi,0.0,0.0,2025-09-19
GBPJPY,services_pmi,-1.0,-0.15625,2025-09-19
GBPJPY,gdp_qoq,2.0,0.3125,2025-09-19
GBPJPY,retail_sales,1.0,0.625,2025-09-19
GBPJPY,cpi_yoy,0.0,0.0,2025-09-19
GBPJPY,core_cpi,2.0,0.625,2025-09-19
GBPJPY,core_pce,,0.0,2025-09-19
GBPJPY,ppi_yoy,1.0,0.0,2025-09-19
GBPJPY,employment_change,0.0,0.0,2025-09-19
GBPJPY,unemployment_rate,-2.0,-0.625,2025-09-19
GBPJPY,wage_growth,-2.0,-0.625,2025-09-19
GBPJPY,adp,,0.0,2025-09-19
GBPJPY,jolts,,0.0,2025-09-19
GBPJPY,jobless_claims,,0.0,2025-09-19
GBPJPY,rate_expectations,-1.0,-0.625,2025-09-19
GBPCHF,manufacturing_pmi,0.0,0.0,2025-09-19
GBPCHF,services_pmi,-1.0,-0.15625,2025-09-19
GBPCHF,gdp_qoq,2.0,0.3125,2025-09-19
GBPCHF,retail_sales,2.0,0.8333333333333333,2025-09-19
GBPCHF,cpi_yoy,0.0,0.0,2025-09-19
GBPCHF,core_cpi,0.0,0.0,2025-09-19
GBPCHF,core_pce,,0.0,2025-09-19
GBPCHF,ppi_yoy,1.0,0.0,2025-09-19
GBPCHF,employment_change,0.0,0.0,2025-09-19
GBPCHF,unemployment_rate,0.0,0.0,2025-09-19
GBPCHF,wage_growth,0.0,0.0,2025-09-19
GBPCHF,adp,,0.0,2025-09-19
GBPCHF,jolts,,0.0,2025-09-19
GBPCHF,jobless_claims,,0.0,2025-09-19
GBPCHF,rate_expectations,0.0,0.0,2025-09-19
GBPAUD,manufacturing_pmi,0.0,0.0,2025-09-19
GBPAUD,services_pmi,-1.0,-0.15625,2025-09-19
GBPAUD,gdp_qoq,1.0,-0.3125,2025-09-19
GBPAUD,retail_sales,-2.0,0.0,2025-09-19
GBPAUD,cpi_yoy,-2.0,-0.41666666666666663,2025-09-19
GBPAUD,core_cpi,0.0,0.0,2025-09-19
GBPAUD,core_pce,,0.0,2025-09-19
GBPAUD,ppi_yoy,1.0,0.0,2025-09-19
GBPAUD,employment_change,0.0,0.0,2025-09-19
GBPAUD,unemployment_rate,0.0,0.0,2025-09-19
GBPAUD,wage_growth,0.0,0.0,2025-09-19
GBPAUD,adp,,0.0,2025-09-19
GBPAUD,jolts,,0.0,2025-09-19
GBPAUD,jobless_claims,,0.0,2025-09-19
GBPAUD,rate_expectations,0.0,0.0,2025-09-19
GBPNZD,manufacturing_pmi,0.0,0.0,2025-09-19
GBPNZD,services_pmi,-1.0,-0.15625,2025-09-19
GBPNZD,gdp_qoq,3.0,0.5208333333333333,2025-09-19
GBPNZD,retail_sales,0.0,0.0,2025-09-19
GBPNZD,cpi_yoy,0.0,0.0,2025-09-19
GBPNZD,core_cpi,0.0,0.0,2025-09-19
GBPNZD,core_pce,,0.0,2025-09-19
GBPNZD,ppi_yoy,1.0,0.0,2025-09-19
GBPNZD,employment_change,0.0,0.0,2025-09-19
GBPNZD,unemployment_rate,0.0,0.0,2025-09-19
GBPNZD,wage_growth,0.0,0.0,2025-09-19
GBPNZD,adp,,0.0,2025-09-19
GBPNZD,jolts,,0.0,2025-09-19
GBPNZD,jobless_claims,,0.0,2025-09-19
GBPNZD,rate_expectations,0.0,0.0,2025-09-19
GBPCAD,manufacturing_pmi,0.0,0.0,2025-09-19
GBPCAD,services_pmi,-1.0,-0.15625,2025-09-19
GBPCAD,gdp_qoq,4.0,0.7291666666666666,2025-09-19
GBPCAD,retail_sales,0.0,0.0,2025-09-19
GBPCAD,cpi_yoy,0.0,0.0,2025-09-19
GBPCAD,core_cpi,0.0,0.0,2025-09-19
GBPCAD,core_pce,,0.0,2025-09-19
GBPCAD,ppi_yoy,0.0,-0.20833333333333331,2025-09-19
GBPCAD,employment_change,1.0,0.3125,2025-09-19
GBPCAD,unemployment_rate,0.0,0.0,2025-09-19
GBPCAD,wage_growth,0.0,0.0,2025-09-19
GBPCAD,adp,,0.0,2025-09-19
GBPCAD,jolts,,0.0,2025-09-19
GBPCAD,jobless_claims,,0.0,2025-09-19
GBPCAD,rate_expectations,2.0,1.25,2025-09-19
AUDJPY,manufacturing_pmi,,0.0,2025-09-19
AUDJPY,services_pmi,,0.0,2025-09-19
AUDJPY,gdp_qoq,1.0,0.625,2025-09-19
AUDJPY,retail_sales,3.0,0.625,2025-09-19
AUDJPY,cpi_yoy,2.0,0.41666666666666663,2025-09-19
AUDJPY,core_cpi,2.0,0.625,2025-09-19
AUDJPY,core_pce,,0.0,2025-09-19
AUDJPY,ppi_yoy,0.0,0.0,2025-09-19
AUDJPY,employment_change,0.0,0.0,2025-09-19
AUDJPY,unemployment_rate,-2.0,-0.625,2025-09-19
AUDJPY,wage_growth,-2.0,-0.625,2025-09-19
AUDJPY,adp,,0.0,2025-09-19
AUDJPY,jolts,,0.0,2025-09-19
AUDJPY,jobless_claims,,0.0,2025-09-19
AUDJPY,rate_expectations,-1.0,-0.625,2025-09-19
NZDJPY,manufacturing_pmi,0.0,0.0,2025-09-19
NZDJPY,services_pmi,0.0,0.0,2025-09-19
NZDJPY,gdp_qoq,-1.0,-0.20833333333333331,2025-09-19
NZDJPY,retail_sales,1.0,0.625,2025-09-19
NZDJPY,cpi_yoy,0.0,0.0,2025-09-19
NZDJPY,core_cpi,2.0,0.625,2025-09-19
NZDJPY,core_pce,,0.0,2025-09-19
NZDJPY,ppi_yoy,0.0,0.0,2025-09-19
NZDJPY,employment_change,0.0,0.0,2025-09-19
NZDJPY,unemployment_rate,-2.0,-0.625,2025-09-19
NZDJPY,wage_growth,-2.0,-0.625,2025-09-19
NZDJPY,adp,,0.0,2025-09-19
NZDJPY,jolts,,0.0,2025-09-19
NZDJPY,jobless_claims,,0.0,2025-09-19
NZDJPY,rate_expectations,-1.0,-0.625,2025-09-19
CADJPY,manufacturing_pmi,0.0,0.0,2025-09-19
CADJPY,services_pmi,,0.0,2025-09-19
CADJPY,gdp_qoq,-2.0,-0.41666666666666663,2025-09-19
CADJPY,retail_sales,1.0,0.625,2025-09-19
CADJPY,cpi_yoy,0.0,0.0,2025-09-19
CADJPY,core_cpi,2.0,0.625,2025-09-19
CADJPY,core_pce,,0.0,2025-09-19
CADJPY,ppi_yoy,1.0,0.20833333333333331,2025-09-19
CADJPY,employment_change,-1.0,-0.3125,2025-09-19
CADJPY,unemployment_rate,-2.0,-0.625,2025-09-19
CADJPY,wage_growth,-2.0,-0.625,2025-09-19
CADJPY,adp,,0.0,2025-09-19
CADJPY,jolts,,0.0,2025-09-19
CADJPY,jobless_claims,,0.0,2025-09-19
CADJPY,rate_expectations,-3.0,-1.875,2025-09-19
CHFJPY,manufacturing_pmi,,0.0,2025-09-19
CHFJPY,services_pmi,,0.0,2025-09-19
CHFJPY,gdp_qoq,0.0,0.0,2025-09-19
CHFJPY,retail_sales,-1.0,-0.20833333333333326,2025-09-19
CHFJPY,cpi_yoy,0.0,0.0,2025-09-19
CHFJPY,core_cpi,2.0,0.625,2025-09-19
CHFJPY,core_pce,,0.0,2025-09-19
CHFJPY,ppi_yoy,0.0,0.0,2025-09-19
CHFJPY,employment_change,,0.0,2025-09-19
CHFJPY,unemployment_rate,-2.0,-0.625,2025-09-19
CHFJPY,wage_growth,-2.0,-0.625,2025-09-19
CHFJPY,adp,,0.0,2025-09-19
CHFJPY,jolts,,0.0,2025-09-19
CHFJPY,jobless_claims,,0.0,2025-09-19
CHFJPY,rate_expectations,-1.0,-0.625,2025-09-19
AUDNZD,manufacturing_pmi,0.0,0.0,2025-09-19
AUDNZD,services_pmi,0.0,0.0,2025-09-19
AUDNZD,gdp_qoq,2.0,0.8333333333333333,2025-09-19
AUDNZD,retail_sales,2.0,0.0,2025-09-19
AUDNZD,cpi_yoy,2.0,0.41666666666666663,2025-09-19
AUDNZD,core_cpi,0.0,0.0,2025-09-19
AUDNZD,core_pce,,0.0,2025-09-19
AUDNZD,ppi_yoy,0.0,0.0,2025-09-19
AUDNZD,employment_change,0.0,0.0,2025-09-19
AUDNZD,unemployment_rate,0.0,0.0,2025-09-19
AUDNZD,wage_growth,0.0,0.0,2025-09-19
AUDNZD,adp,,0.0,2025-09-19
AUDNZD,jolts,,0.0,2025-09-19
AUDNZD,jobless_claims,,0.0,2025-09-19
AUDNZD,rate_expectations,0.0,0.0,2025-09-19
AUDCAD,manufacturing_pmi,0.0,0.0,2025-09-19
AUDCAD,services_pmi,,0.0,2025-09-19
AUDCAD,gdp_qoq,3.0,1.0416666666666665,2025-09-19
AUDCAD,retail_sales,2.0,0.0,2025-09-19
AUDCAD,cpi_yoy,2.0,0.41666666666666663,2025-09-19
AUDCAD,core_cpi,0.0,0.0,2025-09-19
AUDCAD,core_pce,,0.0,2025-09-19
AUDCAD,ppi_yoy,-1.0,-0.20833333333333331,2025-09-19
AUDCAD,employment_change,1.0,0.3125,2025-09-19
AUDCAD,unemployment_rate,0.0,0.0,2025-09-19
AUDCAD,wage_growth,0.0,0.0,2025-09-19
AUDCAD,adp,,0.0,2025-09-19
AUDCAD,jolts,,0.0,2025-09-19
AUDCAD,jobless_claims,,0.0,2025-09-19
AUDCAD,rate_expectations,2.0,1.25,2025-09-19
AUDCHF,manufacturing_pmi,,0.0,2025-09-19
AUDCHF,services_pmi,,0.0,2025-09-19
AUDCHF,gdp_qoq,1.0,0.625,2025-09-19
AUDCHF,retail_sales,4.0,0.8333333333333333,2025-09-19
AUDCHF,cpi_yoy,2.0,0.41666666666666663,2025-09-19
AUDCHF,core_cpi,0.0,0.0,2025-09-19
AUDCHF,core_pce,,0.0,2025-09-19
AUDCHF,ppi_yoy,0.0,0.0,2025-09-19
AUDCHF,employment_change,0.0,0.0,2025-09-19
AUDCHF,unemployment_rate,0.0,0.0,2025-09-19
AUDCHF,wage_growth,0.0,0.0,2025-09-19
AUDCHF,adp,,0.0,2025-09-19
AUDCHF,jolts,,0.0,2025-09-19
AUDCHF,jobless_claims,,0.0,2025-09-19
AUDCHF,rate_expectations,0.0,0.0,2025-09-19
NZDCAD,manufacturing_pmi,0.0,0.0,2025-09-19
NZDCAD,services_pmi,0.0,0.0,2025-09-19
NZDCAD,gdp_qoq,1.0,0.20833333333333331,2025-09-19
NZDCAD,retail_sales,0.0,0.0,2025-09-19
NZDCAD,cpi_yoy,0.0,0.0,2025-09-19
NZDCAD,core_cpi,0.0,0.0,2025-09-19
NZDCAD,core_pce,,0.0,2025-09-19
NZDCAD,ppi_yoy,-1.0,-0.20833333333333331,2025-09-19
NZDCAD,employment_change,1.0,0.3125,2025-09-19
NZDCAD,unemployment_rate,0.0,0.0,2025-09-19
NZDCAD,wage_growth,0.0,0.0,2025-09-19
NZDCAD,adp,,0.0,2025-09-19
NZDCAD,jolts,,0.0,2025-09-19
NZDCAD,jobless_claims,,0.0,2025-09-19
NZDCAD,rate_expectations,2.0,1.25,2025-09-19
NZDCHF,manufacturing_pmi,0.0,0.0,2025-09-19
NZDCHF,services_pmi,0.0,0.0,2025-09-19
NZDCHF,gdp_qoq,-1.0,-0.20833333333333331,2025-09-19
NZDCHF,retail_sales,2.0,0.8333333333333333,2025-09-19
NZDCHF,cpi_yoy,0.0,0.0,2025-09-19
NZDCHF,core_cpi,,0.0,2025-09-19
NZDCHF,core_pce,,0.0,2025-09-19
NZDCHF,ppi_yoy,0.0,0.0,2025-09-19
NZDCHF,employment_change,0.0,0.0,2025-09-19
NZDCHF,unemployment_rate,0.0,0.0,2025-09-19
NZDCHF,wage_growth,0.0,0.0,2025-09-19
NZDCHF,adp,,0.0,2025-09-19
NZDCHF,jolts,,0.0,2025-09-19
NZDCHF,jobless_claims,,0.0,2025-09-19
NZDCHF,rate_expectations,,0.0,2025-09-19
CADCHF,manufacturing_pmi,0.0,0.0,2025-09-19
CADCHF,services_pmi,,0.0,2025-09-19
CADCHF,gdp_qoq,-2.0,-0.41666666666666663,2025-09-19
CADCHF,retail_sales,2.0,0.8333333333333333,2025-09-19
CADCHF,cpi_yoy,0.0,0.0,2025-09-19
CADCHF,core_cpi,0.0,0.0,2025-09-19
CADCHF,core_pce,,0.0,2025-09-19
CADCHF,ppi_yoy,1.0,0.20833333333333331,2025-09-19
CADCHF,employment_change,-1.0,-0.3125,2025-09-19
CADCHF,unemployment_rate,0.0,0.0,2025-09-19
CADCHF,wage_growth,,0.0,2025-09-19
CADCHF,adp,,0.0,2025-09-19
CADCHF,jolts,,0.0,2025-09-19
CADCHF,jobless_claims,,0.0,2025-09-19
CADCHF,rate_expectations,-2.0,-1.25,2025-09-19
EURUSD,manufacturing_pmi,0.0,0.0,2025-09-26
EURUSD,services_pmi,0.0,0.0,2025-09-26
EURUSD,gdp_qoq,0.0,0.0,2025-09-26
EURUSD,retail_sales,-2.0,-0.46875,2025-09-26
EURUSD,cpi_yoy,0.0,0.0,2025-09-26
EURUSD,core_cpi,1.0,0.20833333333333331,2025-09-26
EURUSD,core_pce,0.0,0.0,2025-09-26
EURUSD,ppi_yoy,1.0,0.20833333333333331,2025-09-26
EURUSD,employment_change,1.0,0.10416666666666666,2025-09-26
EURUSD,unemployment_rate,0.0,0.0,2025-09-26
EURUSD,wage_growth,0.0,0.0,2025-09-26
EURUSD,adp,0.0,0.0,2025-09-26
EURUSD,jolts,0.0,0.0,2025-09-26
EURUSD,jobless_claims,-1.0,-0.10416666666666666,2025-09-26
EURUSD,rate_expectations,1.0,0.625,2025-09-26
GBPUSD,manufacturing_pmi,0.0,0.0,2025-09-26
GBPUSD,services_pmi,-1.0,-0.15625,2025-09-26
GBPUSD,gdp_qoq,2.0,0.3125,2025-09-26
GBPUSD,retail_sales,-1.0,-0.15625,2025-09-26
GBPUSD,cpi_yoy,0.0,0.0,2025-09-26
GBPUSD,core_cpi,0.0,0.0,2025-09-26
GBPUSD,core_pce,0.0,0.0,2025-09-26
GBPUSD,ppi_yoy,1.0,0.0,2025-09-26
GBPUSD,employment_change,1.0,0.10416666666666666,2025-09-26
GBPUSD,unemployment_rate,0.0,0.0,2025-09-26
GBPUSD,wage_growth,0.0,0.0,2025-09-26
GBPUSD,adp,0.0,0.0,2025-09-26
GBPUSD,jolts,0.0,0.0,2025-09-26
GBPUSD,jobless_claims,-1.0,-0.10416666666666666,2025-09-26
GBPUSD,rate_expectations,0.0,0.0,2025-09-26
USDJPY,manufacturing_pmi,0.0,0.0,2025-09-26
USDJPY,services_pmi,0.0,0.0,2025-09-26
USDJPY,gdp_qoq,0.0,0.0,2025-09-26
USDJPY,retail_sales,2.0,0.78125,2025-09-26
USDJPY,cpi_yoy,0.0,0.0,2025-09-26
USDJPY,core_cpi,0.0,0.0,2025-09-26
USDJPY,core_pce,0.0,0.0,2025-09-26
USDJPY,ppi_yoy,0.0,0.0,2025-09-26
USDJPY,employment_change,-1.0,-0.10416666666666666,2025-09-26
USDJPY,unemployment_rate,-2.0,-0.625,2025-09-26
USDJPY,wage_growth,-2.0,-0.625,2025-09-26
USDJPY,adp,0.0,0.0,2025-09-26
USDJPY,jolts,0.0,0.0,2025-09-26
USDJPY,jobless_claims,1.0,0.10416666666666666,2025-09-26
USDJPY,rate_expectations,-1.0,-0.625,2025-09-26
USDCHF,manufacturing_pmi,0.0,0.0,2025-09-26
USDCHF,services_pmi,0.0,0.0,2025-09-26
USDCHF,gdp_qoq,0.0,0.0,2025-09-26
USDCHF,retail_sales,3.0,0.9895833333333333,2025-09-26
USDCHF,cpi_yoy,0.0,0.0,2025-09-26
USDCHF,core_cpi,0.0,0.0,2025-09-26
USDCHF,core_pce,0.0,0.0,2025-09-26
USDCHF,ppi_yoy,0.0,0.0,2025-09-26
USDCHF,employment_change,-1.0,-0.10416666666666666,2025-09-26
USDCHF,unemployment_rate,0.0,0.0,2025-09-26
USDCHF,wage_growth,0.0,0.0,2025-09-26
USDCHF,adp,0.0,0.0,2025-09-26
USDCHF,jolts,0.0,0.0,2025-09-26
USDCHF,jobless_claims,1.0,0.10416666666666666,2025-09-26
USDCHF,rate_expectations,0.0,0.0,2025-09-26
USDCAD,manufacturing_pmi,0.0,0.0,2025-09-26
USDCAD,services_pmi,0.0,0.0,2025-09-26
USDCAD,gdp_qoq,2.0,0.41666666666666663,2025-09-26
USDCAD,retail_sales,1.0,0.15625,2025-09-26
USDCAD,cpi_yoy,0.0,0.0,2025-09-26
USDCAD,core_cpi,0.0,0.0,2025-09-26
USDCAD,core_pce,0.0,0.0,2025-09-26
USDCAD,ppi_yoy,0.0,0.0,2025-09-26
USDCAD,employment_change,0.0,0.20833333333333334,2025-09-26
USDCAD,unemployment_rate,0.0,0.0,2025-09-26
USDCAD,wage_growth,0.0,0.0,2025-09-26
USDCAD,adp,0.0,0.0,2025-09-26
USDCAD,jolts,0.0,0.0,2025-09-26
USDCAD,jobless_claims,1.0,0.10416666666666666,2025-09-26
USDCAD,rate_expectations,2.0,1.25,2025-09-26
AUDUSD,manufacturing_pmi,0.0,0.0,2025-09-26
AUDUSD,services_pmi,0.0,0.0,2025-09-26
AUDUSD,gdp_qoq,1.0,0.625,2025-09-26
AUDUSD,retail_sales,1.0,-0.15625,2025-09-26
AUDUSD,cpi_yoy,2.0,0.41666666666666663,2025-09-26
AUDUSD,core_cpi,0.0,0.0,2025-09-26
AUDUSD,core_pce,0.0,0.0,2025-09-26
AUDUSD,ppi_yoy,0.0,0.0,2025-09-26
AUDUSD,employment_change,1.0,0.10416666666666666,2025-09-26
AUDUSD,unemployment_rate,0.0,0.0,2025-09-26
AUDUSD,wage_growth,0.0,0.0,2025-09-26
AUDUSD,adp,0.0,0.0,2025-09-26
AUDUSD,jolts,0.0,0.0,2025-09-26
AUDUSD,jobless_claims,-1.0,-0.10416666666666666,2025-09-26
AUDUSD,rate_expectations,1.0,0.625,2025-09-26
NZDUSD,manufacturing_pmi,0.0,0.0,2025-09-26
NZDUSD,services_pmi,0.0,0.0,2025-09-26
NZDUSD,gdp_qoq,-1.0,-0.20833333333333331,2025-09-26
NZDUSD,retail_sales,-1.0,-0.15625,2025-09-26
NZDUSD,cpi_yoy,0.0,0.0,2025-09-26
NZDUSD,core_cpi,0.0,0.0,2025-09-26
NZDUSD,core_pce,0.0,0.0,2025-09-26
NZDUSD,ppi_yoy,0.0,0.0,2025-09-26
NZDUSD,employment_change,1.0,0.10416666666666666,2025-09-26
NZDUSD,unemployment_rate,0.0,0.0,2025-09-26
NZDUSD,wage_growth,0.0,0.0,2025-09-26
NZDUSD,adp,0.0,0.0,2025-09-26
NZDUSD,jolts,0.0,0.0,2025-09-26
NZDUSD,jobless_claims,-1.0,-0.10416666666666666,2025-09-26
NZDUSD,rate_expectations,0.0,0.0,2025-09-26
EURGBP,manufacturing_pmi,0.0,0.0,2025-09-26
EURGBP,services_pmi,1.0,0.15625,2025-09-26
EURGBP,gdp_qoq,-2.0,-0.3125,2025-09-26
EURGBP,retail_sales,-1.0,-0.3125,2025-09-26
EURGBP,cpi_yoy,0.0,0.0,2025-09-26
EURGBP,core_cpi,1.0,0.20833333333333331,2025-09-26
EURGBP,core_pce,,0.0,2025-09-26
EURGBP,ppi_yoy,0.0,0.20833333333333331,2025-09-26
EURGBP,employment_change,0.0,0.0,2025-09-26
EURGBP,unemployment_rate,0.0,0.0,2025-09-26
EURGBP,wage_growth,0.0,0.0,2025-09-26
EURGBP,adp,,0.0,2025-09-26
EURGBP,jolts,,0.0,2025-09-26
EURGBP,jobless_claims,,0.0,2025-09-26
EURGBP,rate_expectations,1.0,0.625,2025-09-26
EURJPY,manufacturing_pmi,,0.0,2025-09-26
EURJPY,services_pmi,,0.0,2025-09-26
EURJPY,gdp_qoq,0.0,0.0,2025-09-26
EURJPY,retail_sales,0.0,0.3125,2025-09-26
EURJPY,cpi_yoy,0.0,0.0,2025-09-26
EURJPY,core_cpi,1.0,0.20833333333333331,2025-09-26
EURJPY,core_pce,,0.0,2025-09-26
EURJPY,ppi_yoy,1.0,0.20833333333333331,2025-09-26
EURJPY,employment_change,0.0,0.0,2025-09-26
EURJPY,unemployment_rate,-2.0,-0.625,2025-09-26
EURJPY,wage_growth,-2.0,-0.625,2025-09-26
EURJPY,adp,,0.0,2025-09-26
EURJPY,jolts,,0.0,2025-09-26
EURJPY,jobless_claims,,0.0,2025-09-26
EURJPY,rate_expectations,0.0,0.0,2025-09-26
EURCHF,manufacturing_pmi,,0.0,2025-09-26
EURCHF,services_pmi,,0.0,2025-09-26
EURCHF,gdp_qoq,0.0,0.0,2025-09-26
EURCHF,retail_sales,1.0,0.5208333333333333,2025-09-26
EURCHF,cpi_yoy,0.0,0.0,2025-09-26
EURCHF,core_cpi,1.0,0.20833333333333331,2025-09-26
EURCHF,core_pce,,0.0,2025-09-26
EURCHF,ppi_yoy,1.0,0.20833333333333331,2025-09-26
EURCHF,employment_change,0.0,0.0,2025-09-26
EURCHF,unemployment_rate,0.0,0.0,2025-09-26
EURCHF,wage_growth,,0.0,2025-09-26
EURCHF,adp,,0.0,2025-09-26
EURCHF,jolts,,0.0,2025-09-26
EURCHF,jobless_claims,,0.0,2025-09-26
EURCHF,rate_expectations,1.0,0.625,2025-09-26
EURAUD,manufacturing_pmi,,0.0,2025-09-26
EURAUD,services_pmi,,0.0,2025-09-26
EURAUD,gdp_qoq,-1.0,-0.625,2025-09-26
EURAUD,retail_sales,-3.0,-0.3125,2025-09-26
EURAUD,cpi_yoy,-2.0,-0.41666666666666663,2025-09-26
EURAUD,core_cpi,1.0,0.20833333333333331,2025-09-26
EURAUD,core_pce,,0.0,2025-09-26
EURAUD,ppi_yoy,1.0,0.20833333333333331,2025-09-26
EURAUD,employment_change,0.0,0.0,2025-09-26
EURAUD,unemployment_rate,0.0,0.0,2025-09-26
EURAUD,wage_growth,0.0,0.0,2025-09-26
EURAUD,adp,,0.0,2025-09-26
EURAUD,jolts,,0.0,2025-09-26
EURAUD,jobless_claims,,0.0,2025-09-26
EURAUD,rate_expectations,0.0,0.0,2025-09-26
EURNZD,manufacturing_pmi,0.0,0.0,2025-09-26
EURNZD,services_pmi,0.0,0.0,2025-09-26
EURNZD,gdp_qoq,1.0,0.20833333333333331,2025-09-26
EURNZD,retail_sales,-1.0,-0.3125,2025-09-26
EURNZD,cpi_yoy,0.0,0.0,2025-09-26
EURNZD,core_cpi,1.0,0.20833333333333331,2025-09-26
EURNZD,core_pce,,0.0,2025-09-26
EURNZD,ppi_yoy,1.0,0.20833333333333331,2025-09-26
EURNZD,employment_change,0.0,0.0,2025-09-26
EURNZD,unemployment_rate,0.0,0.0,2025-09-26
EURNZD,wage_growth,0.0,0.0,2025-09-26
EURNZD,adp,,0.0,2025-09-26
EURNZD,jolts,,0.0,2025-09-26
EURNZD,jobless_claims,,0.0,2025-09-26
EURNZD,rate_expectations,1.0,0.625,2025-09-26
EURCAD,manufacturing_pmi,0.0,0.0,2025-09-26
EURCAD,services_pmi,,0.0,2025-09-26
EURCAD,gdp_qoq,2.0,0.41666666666666663,2025-09-26
EURCAD,retail_sales,-1.0,-0.3125,2025-09-26
EURCAD,cpi_yoy,0.0,0.0,2025-09-26
EURCAD,core_cpi,1.0,0.20833333333333331,2025-09-26
EURCAD,core_pce,,0.0,2025-09-26
EURCAD,ppi_yoy,1.0,0.20833333333333331,2025-09-26
EURCAD,employment_change,1.0,0.3125,2025-09-26
EURCAD,unemployment_rate,0.0,0.0,2025-09-26
EURCAD,wage_growth,,0.0,2025-09-26
EURCAD,adp,,0.0,2025-09-26
EURCAD,jolts,,0.0,2025-09-26
EURCAD,jobless_claims,,0.0,2025-09-26
EURCAD,rate_expectations,3.0,1.875,2025-09-26
GBPJPY,manufacturing_pmi,0.0,0.0,2025-09-26
GBPJPY,services_pmi,-1.0,-0.15625,2025-09-26
GBPJPY,gdp_qoq,2.0,0.3125,2025-09-26
GBPJPY,retail_sales,1.0,0.625,2025-09-26
GBPJPY,cpi_yoy,0.0,0.0,2025-09-26
GBPJPY,core_cpi,0.0,0.0,2025-09-26
GBPJPY,core_pce,,0.0,2025-09-26
GBPJPY,ppi_yoy,1.0,0.0,2025-09-26
GBPJPY,employment_change,0.0,0.0,2025-09-26
GBPJPY,unemployment_rate,-2.0,-0.625,2025-09-26
GBPJPY,wage_growth,-2.0,-0.625,2025-09-26
GBPJPY,adp,,0.0,2025-09-26
GBPJPY,jolts,,0.0,2025-09-26
GBPJPY,jobless_claims,,0.0,2025-09-26
GBPJPY,rate_expectations,-1.0,-0.625,2025-09-26
GBPCHF,manufacturing_pmi,0.0,0.0,2025-09-26
GBPCHF,services_pmi,-1.0,-0.15625,2025-09-26
GBPCHF,gdp_qoq,2.0,0.3125,2025-09-26
GBPCHF,retail_sales,2.0,0.8333333333333333,2025-09-26
GBPCHF,cpi_yoy,0.0,0.0,2025-09-26
GBPCHF,core_cpi,0.0,0.0,2025-09-26
GBPCHF,core_pce,,0.0,2025-09-26
GBPCHF,ppi_yoy,1.0,0.0,2025-09-26
GBPCHF,employment_change,0.0,0.0,2025-09-26
GBPCHF,unemployment_rate,0.0,0.0,2025-09-26
GBPCHF,wage_growth,0.0,0.0,2025-09-26
GBPCHF,adp,,0.0,2025-09-26
GBPCHF,jolts,,0.0,2025-09-26
GBPCHF,jobless_claims,,0.0,2025-09-26
GBPCHF,rate_expectations,0.0,0.0,2025-09-26
GBPAUD,manufacturing_pmi,0.0,0.0,2025-09-26
GBPAUD,services_pmi,-1.0,-0.15625,2025-09-26
GBPAUD,gdp_qoq,1.0,-0.3125,2025-09-26
GBPAUD,retail_sales,-2.0,0.0,2025-09-26
GBPAUD,cpi_yoy,-2.0,-0.41666666666666663,2025-09-26
GBPAUD,core_cpi,0.0,0.0,2025-09-26
GBPAUD,core_pce,,0.0,2025-09-26
GBPAUD,ppi_yoy,1.0,0.0,2025-09-26
GBPAUD,employment_change,0.0,0.0,2025-09-26
GBPAUD,unemployment_rate,0.0,0.0,2025-09-26
GBPAUD,wage_growth,0.0,0.0,2025-09-26
GBPAUD,adp,,0.0,2025-09-26
GBPAUD,jolts,,0.0,2025-09-26
GBPAUD,jobless_claims,,0.0,2025-09-26
GBPAUD,rate_expectations,-1.0,-0.625,2025-09-26
GBPNZD,manufacturing_pmi,0.0,0.0,2025-09-26
GBPNZD,services_pmi,-1.0,-0.15625,2025-09-26
GBPNZD,gdp_qoq,3.0,0.5208333333333333,2025-09-26
GBPNZD,retail_sales,0.0,0.0,2025-09-26
GBPNZD,cpi_yoy,0.0,0.0,2025-09-26
GBPNZD,core_cpi,0.0,0.0,2025-09-26
GBPNZD,core_pce,,0.0,2025-09-26
GBPNZD,ppi_yoy,1.0,0.0,2025-09-26
GBPNZD,employment_change,0.0,0.0,2025-09-26
GBPNZD,unemployment_rate,0.0,0.0,2025-09-26
GBPNZD,wage_growth,0.0,0.0,2025-09-26
GBPNZD,adp,,0.0,2025-09-26
GBPNZD,jolts,,0.0,2025-09-26
GBPNZD,jobless_claims,,0.0,2025-09-26
GBPNZD,rate_expectations,0.0,0.0,2025-09-26
GBPCAD,manufacturing_pmi,0.0,0.0,2025-09-26
GBPCAD,services_pmi,-1.0,-0.15625,2025-09-26
GBPCAD,gdp_qoq,4.0,0.7291666666666666,2025-09-26
GBPCAD,retail_sales,0.0,0.0,2025-09-26
GBPCAD,cpi_yoy,0.0,0.0,2025-09-26
GBPCAD,core_cpi,0.0,0.0,2025-09-26
GBPCAD,core_pce,,0.0,2025-09-26
GBPCAD,ppi_yoy,1.0,0.0,2025-09-26
GBPCAD,employment_change,1.0,0.3125,2025-09-26
GBPCAD,unemployment_rate,0.0,0.0,2025-09-26
GBPCAD,wage_growth,0.0,0.0,2025-09-26
GBPCAD,adp,,0.0,2025-09-26
GBPCAD,jolts,,0.0,2025-09-26
GBPCAD,jobless_claims,,0.0,2025-09-26
GBPCAD,rate_expectations,2.0,1.25,2025-09-26
AUDJPY,manufacturing_pmi,,0.0,2025-09-26
AUDJPY,services_pmi,,0.0,2025-09-26
AUDJPY,gdp_qoq,1.0,0.625,2025-09-26
AUDJPY,retail_sales,3.0,0.625,2025-09-26
AUDJPY,cpi_yoy,2.0,0.41666666666666663,2025-09-26
AUDJPY,core_cpi,0.0,0.0,2025-09-26
AUDJPY,core_pce,,0.0,2025-09-26
AUDJPY,ppi_yoy,0.0,0.0,2025-09-26
AUDJPY,employment_change,0.0,0.0,2025-09-26
AUDJPY,unemployment_rate,-2.0,-0.625,2025-09-26
AUDJPY,wage_growth,-2.0,-0.625,2025-09-26
AUDJPY,adp,,0.0,2025-09-26
AUDJPY,jolts,,0.0,2025-09-26
AUDJPY,jobless_claims,,0.0,2025-09-26
AUDJPY,rate_expectations,0.0,0.0,2025-09-26
NZDJPY,manufacturing_pmi,0.0,0.0,2025-09-26
NZDJPY,services_pmi,0.0,0.0,2025-09-26
NZDJPY,gdp_qoq,-1.0,-0.20833333333333331,2025-09-26
NZDJPY,retail_sales,1.0,0.625,2025-09-26
NZDJPY,cpi_yoy,0.0,0.0,2025-09-26
NZDJPY,core_cpi,0.0,0.0,2025-09-26
NZDJPY,core_pce,,0.0,2025-09-26
NZDJPY,ppi_yoy,0.0,0.0,2025-09-26
NZDJPY,employment_change,0.0,0.0,2025-09-26
NZDJPY,unemployment_rate,-2.0,-0.625,2025-09-26
NZDJPY,wage_growth,-2.0,-0.625,2025-09-26
NZDJPY,adp,,0.0,2025-09-26
NZDJPY,jolts,,0.0,2025-09-26
NZDJPY,jobless_claims,,0.0,2025-09-26
NZDJPY,rate_expectations,-1.0,-0.625,2025-09-26
CADJPY,manufacturing_pmi,0.0,0.0,2025-09-26
CADJPY,services_pmi,,0.0,2025-09-26
CADJPY,gdp_qoq,-2.0,-0.41666666666666663,2025-09-26
CADJPY,retail_sales,1.0,0.625,2025-09-26
CADJPY,cpi_yoy,0.0,0.0,2025-09-26
CADJPY,core_cpi,0.0,0.0,2025-09-26
CADJPY,core_pce,,0.0,2025-09-26
CADJPY,ppi_yoy,0.0,0.0,2025-09-26
CADJPY,employment_change,-1.0,-0.3125,2025-09-26
CADJPY,unemployment_rate,-2.0,-0.625,2025-09-26
CADJPY,wage_growth,-2.0,-0.625,2025-09-26
CADJPY,adp,,0.0,2025-09-26
CADJPY,jolts,,0.0,2025-09-26
CADJPY,jobless_claims,,0.0,2025-09-26
CADJPY,rate_expectations,-3.0,-1.875,2025-09-26
CHFJPY,manufacturing_pmi,,0.0,2025-09-26
CHFJPY,services_pmi,,0.0,2025-09-26
CHFJPY,gdp_qoq,0.0,0.0,2025-09-26
CHFJPY,retail_sales,-1.0,-0.20833333333333326,2025-09-26
CHFJPY,cpi_yoy,0.0,0.0,2025-09-26
CHFJPY,core_cpi,0.0,0.0,2025-09-26
CHFJPY,core_pce,,0.0,2025-09-26
CHFJPY,ppi_yoy,0.0,0.0,2025-09-26
CHFJPY,employment_change,,0.0,2025-09-26
CHFJPY,unemployment_rate,-2.0,-0.625,2025-09-26
CHFJPY,wage_growth,-2.0,-0.625,2025-09-26
CHFJPY,adp,,0.0,2025-09-26
CHFJPY,jolts,,0.0,2025-09-26
CHFJPY,jobless_claims,,0.0,2025-09-26
CHFJPY,rate_expectations,-1.0,-0.625,2025-09-26
AUDNZD,manufacturing_pmi,0.0,0.0,2025-09-26
AUDNZD,services_pmi,0.0,0.0,2025-09-26
AUDNZD,gdp_qoq,2.0,0.8333333333333333,2025-09-26
AUDNZD,retail_sales,2.0,0.0,2025-09-26
AUDNZD,cpi_yoy,2.0,0.41666666666666663,2025-09-26
AUDNZD,core_cpi,0.0,0.0,2025-09-26
AUDNZD,core_pce,,0.0,2025-09-26
AUDNZD,ppi_yoy,0.0,0.0,2025-09-26
AUDNZD,employment_change,0.0,0.0,2025-09-26
AUDNZD,unemployment_rate,0.0,0.0,2025-09-26
AUDNZD,wage_growth,0.0,0.0,2025-09-26
AUDNZD,adp,,0.0,2025-09-26
AUDNZD,jolts,,0.0,2025-09-26
AUDNZD,jobless_claims,,0.0,2025-09-26
AUDNZD,rate_expectations,1.0,0.625,2025-09-26
AUDCAD,manufacturing_pmi,0.0,0.0,2025-09-26
AUDCAD,services_pmi,,0.0,2025-09-26
AUDCAD,gdp_qoq,3.0,1.0416666666666665,2025-09-26
AUDCAD,retail_sales,2.0,0.0,2025-09-26
AUDCAD,cpi_yoy,2.0,0.41666666666666663,2025-09-26
AUDCAD,core_cpi,0.0,0.0,2025-09-26
AUDCAD,core_pce,,0.0,2025-09-26
AUDCAD,ppi_yoy,0.0,0.0,2025-09-26
AUDCAD,employment_change,1.0,0.3125,2025-09-26
AUDCAD,unemployment_rate,0.0,0.0,2025-09-26
AUDCAD,wage_growth,0.0,0.0,2025-09-26
AUDCAD,adp,,0.0,2025-09-26
AUDCAD,jolts,,0.0,2025-09-26
AUDCAD,jobless_claims,,0.0,2025-09-26
AUDCAD,rate_expectations,3.0,1.875,2025-09-26
AUDCHF,manufacturing_pmi,,0.0,2025-09-26
AUDCHF,services_pmi,,0.0,2025-09-26
AUDCHF,gdp_qoq,1.0,0.625,2025-09-26
AUDCHF,retail_sales,4.0,0.8333333333333333,2025-09-26
AUDCHF,cpi_yoy,2.0,0.41666666666666663,2025-09-26
AUDCHF,core_cpi,0.0,0.0,2025-09-26
AUDCHF,core_pce,,0.0,2025-09-26
AUDCHF,ppi_yoy,0.0,0.0,2025-09-26
AUDCHF,employment_change,0.0,0.0,2025-09-26
AUDCHF,unemployment_rate,0.0,0.0,2025-09-26
AUDCHF,wage_growth,0.0,0.0,2025-09-26
AUDCHF,adp,,0.0,2025-09-26
AUDCHF,jolts,,0.0,2025-09-26
AUDCHF,jobless_claims,,0.0,2025-09-26
AUDCHF,rate_expectations,1.0,0.625,2025-09-26
NZDCAD,manufacturing_pmi,0.0,0.0,2025-09-26
NZDCAD,services_pmi,0.0,0.0,2025-09-26
NZDCAD,gdp_qoq,1.0,0.20833333333333331,2025-09-26
NZDCAD,retail_sales,0.0,0.0,2025-09-26
NZDCAD,cpi_yoy,0.0,0.0,2025-09-26
NZDCAD,core_cpi,0.0,0.0,2025-09-26
NZDCAD,core_pce,,0.0,2025-09-26
NZDCAD,ppi_yoy,0.0,0.0,2025-09-26
NZDCAD,employment_change,1.0,0.3125,2025-09-26
NZDCAD,unemployment_rate,0.0,0.0,2025-09-26
NZDCAD,wage_growth,0.0,0.0,2025-09-26
NZDCAD,adp,,0.0,2025-09-26
NZDCAD,jolts,,0.0,2025-09-26
NZDCAD,jobless_claims,,0.0,2025-09-26
NZDCAD,rate_expectations,2.0,1.25,2025-09-26
NZDCHF,manufacturing_pmi,0.0,0.0,2025-09-26
NZDCHF,services_pmi,0.0,0.0,2025-09-26
NZDCHF,gdp_qoq,-1.0,-0.20833333333333331,2025-09-26
NZDCHF,retail_sales,2.0,0.8333333333333333,2025-09-26
NZDCHF,cpi_yoy,0.0,0.0,2025-09-26
NZDCHF,core_cpi,,0.0,2025-09-26
NZDCHF,core_pce,,0.0,2025-09-26
NZDCHF,ppi_yoy,0.0,0.0,2025-09-26
NZDCHF,employment_change,0.0,0.0,2025-09-26
NZDCHF,unemployment_rate,0.0,0.0,2025-09-26
NZDCHF,wage_growth,0.0,0.0,2025-09-26
NZDCHF,adp,,0.0,2025-09-26
NZDCHF,jolts,,0.0,2025-09-26
NZDCHF,jobless_claims,,0.0,2025-09-26
NZDCHF,rate_expectations,,0.0,2025-09-26
CADCHF,manufacturing_pmi,0.0,0.0,2025-09-26
CADCHF,services_pmi,,0.0,2025-09-26
CADCHF,gdp_qoq,-2.0,-0.41666666666666663,2025-09-26
CADCHF,retail_sales,2.0,0.8333333333333333,2025-09-26
CADCHF,cpi_yoy,0.0,0.0,2025-09-26
CADCHF,core_cpi,0.0,0.0,2025-09-26
CADCHF,core_pce,,0.0,2025-09-26
CADCHF,ppi_yoy,0.0,0.0,2025-09-26
CADCHF,employment_change,-1.0,-0.3125,2025-09-26
CADCHF,unemployment_rate,0.0,0.0,2025-09-26
CADCHF,wage_growth,,0.0,2025-09-26
CADCHF,adp,,0.0,2025-09-26
CADCHF,jolts,,0.0,2025-09-26
CADCHF,jobless_claims,,0.0,2025-09-26
CADCHF,rate_expectations,-2.0,-1.25,2025-09-26
EURUSD,manufacturing_pmi,0.0,0.0,2025-10-03
EURUSD,services_pmi,0.0,0.0,2025-10-03
EURUSD,gdp_qoq,0.0,0.0,2025-10-03
EURUSD,retail_sales,-2.0,-0.46875,2025-10-03
EURUSD,cpi_yoy,0.0,0.0,2025-10-03
EURUSD,core_cpi,1.0,0.20833333333333331,2025-10-03
EURUSD,core_pce,0.0,0.0,2025-10-03
EURUSD,ppi_yoy,1.0,0.20833333333333331,2025-10-03
EURUSD,employment_change,1.0,0.10416666666666666,2025-10-03
EURUSD,unemployment_rate,-1.0,-0.3125,2025-10-03
EURUSD,wage_growth,0.0,0.0,2025-10-03
EURUSD,adp,0.0,0.0,2025-10-03
EURUSD,jolts,0.0,0.0,2025-10-03
EURUSD,jobless_claims,-1.0,-0.10416666666666666,2025-10-03
EURUSD,rate_expectations,0.0,0.0,2025-10-03
GBPUSD,manufacturing_pmi,0.0,0.0,2025-10-03
GBPUSD,services_pmi,-1.0,-0.15625,2025-10-03
GBPUSD,gdp_qoq,2.0,0.3125,2025-10-03
GBPUSD,retail_sales,-1.0,-0.15625,2025-10-03
GBPUSD,cpi_yoy,0.0,0.0,2025-10-03
GBPUSD,core_cpi,0.0,0.0,2025-10-03
GBPUSD,core_pce,0.0,0.0,2025-10-03
GBPUSD,ppi_yoy,1.0,0.0,2025-10-03
GBPUSD,employment_change,1.0,0.10416666666666666,2025-10-03
GBPUSD,unemployment_rate,0.0,0.0,2025-10-03
GBPUSD,wage_growth,0.0,0.0,2025-10-03
GBPUSD,adp,0.0,0.0,2025-10-03
GBPUSD,jolts,0.0,0.0,2025-10-03
GBPUSD,jobless_claims,-1.0,-0.10416666666666666,2025-10-03
GBPUSD,rate_expectations,0.0,0.0,2025-10-03
USDJPY,manufacturing_pmi,0.0,0.0,2025-10-03
USDJPY,services_pmi,0.0,0.0,2025-10-03
USDJPY,gdp_qoq,0.0,0.0,2025-10-03
USDJPY,retail_sales,3.0,1.40625,2025-10-03
USDJPY,cpi_yoy,0.0,0.0,2025-10-03
USDJPY,core_cpi,0.0,0.0,2025-10-03
USDJPY,core_pce,0.0,0.0,2025-10-03
USDJPY,ppi_yoy,0.0,0.0,2025-10-03
USDJPY,employment_change,-1.0,-0.10416666666666666,2025-10-03
USDJPY,unemployment_rate,2.0,0.625,2025-10-03
USDJPY,wage_growth,-2.0,-0.625,2025-10-03
USDJPY,adp,0.0,0.0,2025-10-03
USDJPY,jolts,0.0,0.0,2025-10-03
USDJPY,jobless_claims,1.0,0.10416666666666666,2025-10-03
USDJPY,rate_expectations,-1.0,-0.625,2025-10-03
USDCHF,manufacturing_pmi,0.0,0.0,2025-10-03
USDCHF,services_pmi,0.0,0.0,2025-10-03
USDCHF,gdp_qoq,0.0,0.0,2025-10-03
USDCHF,retail_sales,1.0,0.15625,2025-10-03
USDCHF,cpi_yoy,0.0,0.0,2025-10-03
USDCHF,core_cpi,0.0,0.0,2025-10-03
USDCHF,core_pce,0.0,0.0,2025-10-03
USDCHF,ppi_yoy,0.0,0.0,2025-10-03
USDCHF,employment_change,-1.0,-0.10416666666666666,2025-10-03
USDCHF,unemployment_rate,0.0,0.0,2025-10-03
USDCHF,wage_growth,0.0,0.0,2025-10-03
USDCHF,adp,0.0,0.0,2025-10-03
USDCHF,jolts,0.0,0.0,2025-10-03
USDCHF,jobless_claims,1.0,0.10416666666666666,2025-10-03
USDCHF,rate_expectations,0.0,0.0,2025-10-03
USDCAD,manufacturing_pmi,0.0,0.0,2025-10-03
USDCAD,services_pmi,0.0,0.0,2025-10-03
USDCAD,gdp_qoq,-2.0,-0.41666666666666663,2025-10-03
USDCAD,retail_sales,1.0,0.15625,2025-10-03
USDCAD,cpi_yoy,0.0,0.0,2025-10-03
USDCAD,core_cpi,0.0,0.0,2025-10-03
USDCAD,core_pce,0.0,0.0,2025-10-03
USDCAD,ppi_yoy,0.0,0.0,2025-10-03
USDCAD,employment_change,0.0,0.20833333333333334,2025-10-03
USDCAD,unemployment_rate,0.0,0.0,2025-10-03
USDCAD,wage_growth,0.0,0.0,2025-10-03
USDCAD,adp,0.0,0.0,2025-10-03
USDCAD,jolts,0.0,0.0,2025-10-03
USDCAD,jobless_claims,1.0,0.10416666666666666,2025-10-03
USDCAD,rate_expectations,2.0,1.25,2025-10-03
AUDUSD,manufacturing_pmi,0.0,0.0,2025-10-03
AUDUSD,services_pmi,0.0,0.0,2025-10-03
AUDUSD,gdp_qoq,1.0,0.625,2025-10-03
AUDUSD,retail_sales,1.0,-0.15625,2025-10-03
AUDUSD,cpi_yoy,2.0,0.41666666666666663,2025-10-03
AUDUSD,core_cpi,0.0,0.0,2025-10-03
AUDUSD,core_pce,0.0,0.0,2025-10-03
AUDUSD,ppi_yoy,0.0,0.0,2025-10-03
AUDUSD,employment_change,1.0,0.10416666666666666,2025-10-03
AUDUSD,unemployment_rate,0.0,0.0,2025-10-03
AUDUSD,wage_growth,0.0,0.0,2025-10-03
AUDUSD,adp,0.0,0.0,2025-10-03
AUDUSD,jolts,0.0,0.0,2025-10-03
AUDUSD,jobless_claims,-1.0,-0.10416666666666666,2025-10-03
AUDUSD,rate_expectations,0.0,0.0,2025-10-03
NZDUSD,manufacturing_pmi,0.0,0.0,2025-10-03
NZDUSD,services_pmi,0.0,0.0,2025-10-03
NZDUSD,gdp_qoq,-1.0,-0.20833333333333331,2025-10-03
NZDUSD,retail_sales,-1.0,-0.15625,2025-10-03
NZDUSD,cpi_yoy,0.0,0.0,2025-10-03
NZDUSD,core_cpi,0.0,0.0,2025-10-03
NZDUSD,core_pce,0.0,0.0,2025-10-03
NZDUSD,ppi_yoy,0.0,0.0,2025-10-03
NZDUSD,employment_change,1.0,0.10416666666666666,2025-10-03
NZDUSD,unemployment_rate,0.0,0.0,2025-10-03
NZDUSD,wage_growth,0.0,0.0,2025-10-03
NZDUSD,adp,0.0,0.0,2025-10-03
NZDUSD,jolts,0.0,0.0,2025-10-03
NZDUSD,jobless_claims,-1.0,-0.10416666666666666,2025-10-03
NZDUSD,rate_expectations,0.0,0.0,2025-10-03
EURGBP,manufacturing_pmi,0.0,0.0,2025-10-03
EURGBP,services_pmi,1.0,0.15625,2025-10-03
EURGBP,gdp_qoq,-2.0,-0.3125,2025-10-03
EURGBP,retail_sales,-1.0,-0.3125,2025-10-03
EURGBP,cpi_yoy,0.0,0.0,2025-10-03
EURGBP,core_cpi,1.0,0.20833333333333331,2025-10-03
EURGBP,core_pce,,0.0,2025-10-03
EURGBP,ppi_yoy,0.0,0.20833333333333331,2025-10-03
EURGBP,employment_change,0.0,0.0,2025-10-03
EURGBP,unemployment_rate,-1.0,-0.3125,2025-10-03
EURGBP,wage_growth,0.0,0.0,2025-10-03
EURGBP,adp,,0.0,2025-10-03
EURGBP,jolts,,0.0,2025-10-03
EURGBP,jobless_claims,,0.0,2025-10-03
EURGBP,rate_expectations,0.0,0.0,2025-10-03
EURJPY,manufacturing_pmi,,0.0,2025-10-03
EURJPY,services_pmi,,0.0,2025-10-03
EURJPY,gdp_qoq,0.0,0.0,2025-10-03
EURJPY,retail_sales,1.0,0.9375,2025-10-03
EURJPY,cpi_yoy,0.0,0.0,2025-10-03
EURJPY,core_cpi,1.0,0.20833333333333331,2025-10-03
EURJPY,core_pce,,0.0,2025-10-03
EURJPY,ppi_yoy,1.0,0.20833333333333331,2025-10-03
EURJPY,employment_change,0.0,0.0,2025-10-03
EURJPY,unemployment_rate,1.0,0.3125,2025-10-03
EURJPY,wage_growth,-2.0,-0.625,2025-10-03
EURJPY,adp,,0.0,2025-10-03
EURJPY,jolts,,0.0,2025-10-03
EURJPY,jobless_claims,,0.0,2025-10-03
EURJPY,rate_expectations,-1.0,-0.625,2025-10-03
EURCHF,manufacturing_pmi,,0.0,2025-10-03
EURCHF,services_pmi,,0.0,2025-10-03
EURCHF,gdp_qoq,0.0,0.0,2025-10-03
EURCHF,retail_sales,-1.0,-0.3125,2025-10-03
EURCHF,cpi_yoy,0.0,0.0,2025-10-03
EURCHF,core_cpi,1.0,0.20833333333333331,2025-10-03
EURCHF,core_pce,,0.0,2025-10-03
EURCHF,ppi_yoy,1.0,0.20833333333333331,2025-10-03
EURCHF,employment_change,0.0,0.0,2025-10-03
EURCHF,unemployment_rate,-1.0,-0.3125,2025-10-03
EURCHF,wage_growth,,0.0,2025-10-03
EURCHF,adp,,0.0,2025-10-03
EURCHF,jolts,,0.0,2025-10-03
EURCHF,jobless_claims,,0.0,2025-10-03
EURCHF,rate_expectations,0.0,0.0,2025-10-03
EURAUD,manufacturing_pmi,,0.0,2025-10-03
EURAUD,services_pmi,,0.0,2025-10-03
EURAUD,gdp_qoq,-1.0,-0.625,2025-10-03
EURAUD,retail_sales,-3.0,-0.3125,2025-10-03
EURAUD,cpi_yoy,-2.0,-0.41666666666666663,2025-10-03
EURAUD,core_cpi,1.0,0.20833333333333331,2025-10-03
EURAUD,core_pce,,0.0,2025-10-03
EURAUD,ppi_yoy,1.0,0.20833333333333331,2025-10-03
EURAUD,employment_change,0.0,0.0,2025-10-03
EURAUD,unemployment_rate,-1.0,-0.3125,2025-10-03
EURAUD,wage_growth,0.0,0.0,2025-10-03
EURAUD,adp,,0.0,2025-10-03
EURAUD,jolts,,0.0,2025-10-03
EURAUD,jobless_claims,,0.0,2025-10-03
EURAUD,rate_expectations,0.0,0.0,2025-10-03
EURNZD,manufacturing_pmi,0.0,0.0,2025-10-03
EURNZD,services_pmi,0.0,0.0,2025-10-03
EURNZD,gdp_qoq,1.0,0.20833333333333331,2025-10-03
EURNZD,retail_sales,-1.0,-0.3125,2025-10-03
EURNZD,cpi_yoy,0.0,0.0,2025-10-03
EURNZD,core_cpi,1.0,0.20833333333333331,2025-10-03
EURNZD,core_pce,,0.0,2025-10-03
EURNZD,ppi_yoy,1.0,0.20833333333333331,2025-10-03
EURNZD,employment_change,0.0,0.0,2025-10-03
EURNZD,unemployment_rate,-1.0,-0.3125,2025-10-03
EURNZD,wage_growth,0.0,0.0,2025-10-03
EURNZD,adp,,0.0,2025-10-03
EURNZD,jolts,,0.0,2025-10-03
EURNZD,jobless_claims,,0.0,2025-10-03
EURNZD,rate_expectations,0.0,0.0,2025-10-03
EURCAD,manufacturing_pmi,0.0,0.0,2025-10-03
EURCAD,services_pmi,,0.0,2025-10-03
EURCAD,gdp_qoq,-2.0,-0.41666666666666663,2025-10-03
EURCAD,retail_sales,-1.0,-0.3125,2025-10-03
EURCAD,cpi_yoy,0.0,0.0,2025-10-03
EURCAD,core_cpi,1.0,0.20833333333333331,2025-10-03
EURCAD,core_pce,,0.0,2025-10-03
EURCAD,ppi_yoy,1.0,0.20833333333333331,2025-10-03
EURCAD,employment_change,1.0,0.3125,2025-10-03
EURCAD,unemployment_rate,-1.0,-0.3125,2025-10-03
EURCAD,wage_growth,,0.0,2025-10-03
EURCAD,adp,,0.0,2025-10-03
EURCAD,jolts,,0.0,2025-10-03
EURCAD,jobless_claims,,0.0,2025-10-03
EURCAD,rate_expectations,2.0,1.25,2025-10-03
GBPJPY,manufacturing_pmi,0.0,0.0,2025-10-03
GBPJPY,services_pmi,-1.0,-0.15625,2025-10-03
GBPJPY,gdp_qoq,2.0,0.3125,2025-10-03
GBPJPY,retail_sales,2.0,1.25,2025-10-03
GBPJPY,cpi_yoy,0.0,0.0,2025-10-03
GBPJPY,core_cpi,0.0,0.0,2025-10-03
GBPJPY,core_pce,,0.0,2025-10-03
GBPJPY,ppi_yoy,1.0,0.0,2025-10-03
GBPJPY,employment_change,0.0,0.0,2025-10-03
GBPJPY,unemployment_rate,2.0,0.625,2025-10-03
GBPJPY,wage_growth,-2.0,-0.625,2025-10-03
GBPJPY,adp,,0.0,2025-10-03
GBPJPY,jolts,,0.0,2025-10-03
GBPJPY,jobless_claims,,0.0,2025-10-03
GBPJPY,rate_expectations,-1.0,-0.625,2025-10-03
GBPCHF,manufacturing_pmi,0.0,0.0,2025-10-03
GBPCHF,services_pmi,-1.0,-0.15625,2025-10-03
GBPCHF,gdp_qoq,2.0,0.3125,2025-10-03
GBPCHF,retail_sales,0.0,0.0,2025-10-03
GBPCHF,cpi_yoy,0.0,0.0,2025-10-03
GBPCHF,core_cpi,0.0,0.0,2025-10-03
GBPCHF,core_pce,,0.0,2025-10-03
GBPCHF,ppi_yoy,1.0,0.0,2025-10-03
GBPCHF,employment_change,0.0,0.0,2025-10-03
GBPCHF,unemployment_rate,0.0,0.0,2025-10-03
GBPCHF,wage_growth,0.0,0.0,2025-10-03
GBPCHF,adp,,0.0,2025-10-03
GBPCHF,jolts,,0.0,2025-10-03
GBPCHF,jobless_claims,,0.0,2025-10-03
GBPCHF,rate_expectations,0.0,0.0,2025-10-03
GBPAUD,manufacturing_pmi,0.0,0.0,2025-10-03
GBPAUD,services_pmi,-1.0,-0.15625,2025-10-03
GBPAUD,gdp_qoq,1.0,-0.3125,2025-10-03
GBPAUD,retail_sales,-2.0,0.0,2025-10-03
GBPAUD,cpi_yoy,-2.0,-0.41666666666666663,2025-10-03
GBPAUD,core_cpi,0.0,0.0,2025-10-03
GBPAUD,core_pce,,0.0,2025-10-03
GBPAUD,ppi_yoy,1.0,0.0,2025-10-03
GBPAUD,employment_change,0.0,0.0,2025-10-03
GBPAUD,unemployment_rate,0.0,0.0,2025-10-03
GBPAUD,wage_growth,0.0,0.0,2025-10-03
GBPAUD,adp,,0.0,2025-10-03
GBPAUD,jolts,,0.0,2025-10-03
GBPAUD,jobless_claims,,0.0,2025-10-03
GBPAUD,rate_expectations,0.0,0.0,2025-10-03
GBPNZD,manufacturing_pmi,0.0,0.0,2025-10-03
GBPNZD,services_pmi,-1.0,-0.15625,2025-10-03
GBPNZD,gdp_qoq,3.0,0.5208333333333333,2025-10-03
GBPNZD,retail_sales,0.0,0.0,2025-10-03
GBPNZD,cpi_yoy,0.0,0.0,2025-10-03
GBPNZD,core_cpi,0.0,0.0,2025-10-03
GBPNZD,core_pce,,0.0,2025-10-03
GBPNZD,ppi_yoy,1.0,0.0,2025-10-03
GBPNZD,employment_change,0.0,0.0,2025-10-03
GBPNZD,unemployment_rate,0.0,0.0,2025-10-03
GBPNZD,wage_growth,0.0,0.0,2025-10-03
GBPNZD,adp,,0.0,2025-10-03
GBPNZD,jolts,,0.0,2025-10-03
GBPNZD,jobless_claims,,0.0,2025-10-03
GBPNZD,rate_expectations,0.0,0.0,2025-10-03
GBPCAD,manufacturing_pmi,0.0,0.0,2025-10-03
GBPCAD,services_pmi,-1.0,-0.15625,2025-10-03
GBPCAD,gdp_qoq,0.0,-0.10416666666666663,2025-10-03
GBPCAD,retail_sales,0.0,0.0,2025-10-03
GBPCAD,cpi_yoy,0.0,0.0,2025-10-03
GBPCAD,core_cpi,0.0,0.0,2025-10-03
GBPCAD,core_pce,,0.0,2025-10-03
GBPCAD,ppi_yoy,1.0,0.0,2025-10-03
GBPCAD,employment_change,1.0,0.3125,2025-10-03
GBPCAD,unemployment_rate,0.0,0.0,2025-10-03
GBPCAD,wage_growth,0.0,0.0,2025-10-03
GBPCAD,adp,,0.0,2025-10-03
GBPCAD,jolts,,0.0,2025-10-03
GBPCAD,jobless_claims,,0.0,2025-10-03
GBPCAD,rate_expectations,2.0,1.25,2025-10-03
AUDJPY,manufacturing_pmi,,0.0,2025-10-03
AUDJPY,services_pmi,,0.0,2025-10-03
AUDJPY,gdp_qoq,1.0,0.625,2025-10-03
AUDJPY,retail_sales,4.0,1.25,2025-10-03
AUDJPY,cpi_yoy,2.0,0.41666666666666663,2025-10-03
AUDJPY,core_cpi,0.0,0.0,2025-10-03
AUDJPY,core_pce,,0.0,2025-10-03
AUDJPY,ppi_yoy,0.0,0.0,2025-10-03
AUDJPY,employment_change,0.0,0.0,2025-10-03
AUDJPY,unemployment_rate,2.0,0.625,2025-10-03
AUDJPY,wage_growth,-2.0,-0.625,2025-10-03
AUDJPY,adp,,0.0,2025-10-03
AUDJPY,jolts,,0.0,2025-10-03
AUDJPY,jobless_claims,,0.0,2025-10-03
AUDJPY,rate_expectations,-1.0,-0.625,2025-10-03
NZDJPY,manufacturing_pmi,0.0,0.0,2025-10-03
NZDJPY,services_pmi,0.0,0.0,2025-10-03
NZDJPY,gdp_qoq,-1.0,-0.20833333333333331,2025-10-03
NZDJPY,retail_sales,2.0,1.25,2025-10-03
NZDJPY,cpi_yoy,0.0,0.0,2025-10-03
NZDJPY,core_cpi,0.0,0.0,2025-10-03
NZDJPY,core_pce,,0.0,2025-10-03
NZDJPY,ppi_yoy,0.0,0.0,2025-10-03
NZDJPY,employment_change,0.0,0.0,2025-10-03
NZDJPY,unemployment_rate,2.0,0.625,2025-10-03
NZDJPY,wage_growth,-2.0,-0.625,2025-10-03
NZDJPY,adp,,0.0,2025-10-03
NZDJPY,jolts,,0.0,2025-10-03
NZDJPY,jobless_claims,,0.0,2025-10-03
NZDJPY,rate_expectations,-1.0,-0.625,2025-10-03
CADJPY,manufacturing_pmi,0.0,0.0,2025-10-03
CADJPY,services_pmi,,0.0,2025-10-03
CADJPY,gdp_qoq,2.0,0.41666666666666663,2025-10-03
CADJPY,retail_sales,2.0,1.25,2025-10-03
CADJPY,cpi_yoy,0.0,0.0,2025-10-03
CADJPY,core_cpi,0.0,0.0,2025-10-03
CADJPY,core_pce,,0.0,2025-10-03
CADJPY,ppi_yoy,0.0,0.0,2025-10-03
CADJPY,employment_change,-1.0,-0.3125,2025-10-03
CADJPY,unemployment_rate,2.0,0.625,2025-10-03
CADJPY,wage_growth,-2.0,-0.625,2025-10-03
CADJPY,adp,,0.0,2025-10-03
CADJPY,jolts,,0.0,2025-10-03
CADJPY,jobless_claims,,0.0,2025-10-03
CADJPY,rate_expectations,-3.0,-1.875,2025-10-03
CHFJPY,manufacturing_pmi,,0.0,2025-10-03
CHFJPY,services_pmi,,0.0,2025-10-03
CHFJPY,gdp_qoq,0.0,0.0,2025-10-03
CHFJPY,retail_sales,2.0,1.25,2025-10-03
CHFJPY,cpi_yoy,0.0,0.0,2025-10-03
CHFJPY,core_cpi,0.0,0.0,2025-10-03
CHFJPY,core_pce,,0.0,2025-10-03
CHFJPY,ppi_yoy,0.0,0.0,2025-10-03
CHFJPY,employment_change,,0.0,2025-10-03
CHFJPY,unemployment_rate,2.0,0.625,2025-10-03
CHFJPY,wage_growth,-2.0,-0.625,2025-10-03
CHFJPY,adp,,0.0,2025-10-03
CHFJPY,jolts,,0.0,2025-10-03
CHFJPY,jobless_claims,,0.0,2025-10-03
CHFJPY,rate_expectations,-1.0,-0.625,2025-10-03
AUDNZD,manufacturing_pmi,0.0,0.0,2025-10-03
AUDNZD,services_pmi,0.0,0.0,2025-10-03
AUDNZD,gdp_qoq,2.0,0.8333333333333333,2025-10-03
AUDNZD,retail_sales,2.0,0.0,2025-10-03
AUDNZD,cpi_yoy,2.0,0.41666666666666663,2025-10-03
AUDNZD,core_cpi,0.0,0.0,2025-10-03
AUDNZD,core_pce,,0.0,2025-10-03
AUDNZD,ppi_yoy,0.0,0.0,2025-10-03
AUDNZD,employment_change,0.0,0.0,2025-10-03
AUDNZD,unemployment_rate,0.0,0.0,2025-10-03
AUDNZD,wage_growth,0.0,0.0,2025-10-03
AUDNZD,adp,,0.0,2025-10-03
AUDNZD,jolts,,0.0,2025-10-03
AUDNZD,jobless_claims,,0.0,2025-10-03
AUDNZD,rate_expectations,0.0,0.0,2025-10-03
AUDCAD,manufacturing_pmi,0.0,0.0,2025-10-03
AUDCAD,services_pmi,,0.0,2025-10-03
AUDCAD,gdp_qoq,-1.0,0.20833333333333337,2025-10-03
AUDCAD,retail_sales,2.0,0.0,2025-10-03
AUDCAD,cpi_yoy,2.0,0.41666666666666663,2025-10-03
AUDCAD,core_cpi,0.0,0.0,2025-10-03
AUDCAD,core_pce,,0.0,2025-10-03
AUDCAD,ppi_yoy,0.0,0.0,2025-10-03
AUDCAD,employment_change,1.0,0.3125,2025-10-03
AUDCAD,unemployment_rate,0.0,0.0,2025-10-03
AUDCAD,wage_growth,0.0,0.0,2025-10-03
AUDCAD,adp,,0.0,2025-10-03
AUDCAD,jolts,,0.0,2025-10-03
AUDCAD,jobless_claims,,0.0,2025-10-03
AUDCAD,rate_expectations,2.0,1.25,2025-10-03
AUDCHF,manufacturing_pmi,,0.0,2025-10-03
AUDCHF,services_pmi,,0.0,2025-10-03
AUDCHF,gdp_qoq,1.0,0.625,2025-10-03
AUDCHF,retail_sales,2.0,0.0,2025-10-03
AUDCHF,cpi_yoy,2.0,0.41666666666666663,2025-10-03
AUDCHF,core_cpi,0.0,0.0,2025-10-03
AUDCHF,core_pce,,0.0,2025-10-03
AUDCHF,ppi_yoy,0.0,0.0,2025-10-03
AUDCHF,employment_change,0.0,0.0,2025-10-03
AUDCHF,unemployment_rate,0.0,0.0,2025-10-03
AUDCHF,wage_growth,0.0,0.0,2025-10-03
AUDCHF,adp,,0.0,2025-10-03
AUDCHF,jolts,,0.0,2025-10-03
AUDCHF,jobless_claims,,0.0,2025-10-03
AUDCHF,rate_expectations,0.0,0.0,2025-10-03
NZDCAD,manufacturing_pmi,0.0,0.0,2025-10-03
NZDCAD,services_pmi,0.0,0.0,2025-10-03
NZDCAD,gdp_qoq,-3.0,-0.625,2025-10-03
NZDCAD,retail_sales,0.0,0.0,2025-10-03
NZDCAD,cpi_yoy,0.0,0.0,2025-10-03
NZDCAD,core_cpi,0.0,0.0,2025-10-03
NZDCAD,core_pce,,0.0,2025-10-03
NZDCAD,ppi_yoy,0.0,0.0,2025-10-03
NZDCAD,employment_change,1.0,0.3125,2025-10-03
NZDCAD,unemployment_rate,0.0,0.0,2025-10-03
NZDCAD,wage_growth,0.0,0.0,2025-10-03
NZDCAD,adp,,0.0,2025-10-03
NZDCAD,jolts,,0.0,2025-10-03
NZDCAD,jobless_claims,,0.0,2025-10-03
NZDCAD,rate_expectations,2.0,1.25,2025-10-03
NZDCHF,manufacturing_pmi,0.0,0.0,2025-10-03
NZDCHF,services_pmi,0.0,0.0,2025-10-03
NZDCHF,gdp_qoq,-1.0,-0.20833333333333331,2025-10-03
NZDCHF,retail_sales,0.0,0.0,2025-10-03
NZDCHF,cpi_yoy,0.0,0.0,2025-10-03
NZDCHF,core_cpi,,0.0,2025-10-03
NZDCHF,core_pce,,0.0,2025-10-03
NZDCHF,ppi_yoy,0.0,0.0,2025-10-03
NZDCHF,employment_change,0.0,0.0,2025-10-03
NZDCHF,unemployment_rate,0.0,0.0,2025-10-03
NZDCHF,wage_growth,0.0,0.0,2025-10-03
NZDCHF,adp,,0.0,2025-10-03
NZDCHF,jolts,,0.0,2025-10-03
NZDCHF,jobless_claims,,0.0,2025-10-03
NZDCHF,rate_expectations,,0.0,2025-10-03
CADCHF,manufacturing_pmi,0.0,0.0,2025-10-03
CADCHF,services_pmi,,0.0,2025-10-03
CADCHF,gdp_qoq,2.0,0.41666666666666663,2025-10-03
CADCHF,retail_sales,0.0,0.0,2025-10-03
CADCHF,cpi_yoy,0.0,0.0,2025-10-03
CADCHF,core_cpi,0.0,0.0,2025-10-03
CADCHF,core_pce,,0.0,2025-10-03
CADCHF,ppi_yoy,0.0,0.0,2025-10-03
CADCHF,employment_change,-1.0,-0.3125,2025-10-03
CADCHF,unemployment_rate,0.0,0.0,2025-10-03
CADCHF,wage_growth,,0.0,2025-10-03
CADCHF,adp,,0.0,2025-10-03
CADCHF,jolts,,0.0,2025-10-03
CADCHF,jobless_claims,,0.0,2025-10-03
CADCHF,rate_expectations,-2.0,-1.25,2025-10-03
EURUSD,manufacturing_pmi,0.0,0.0,2025-10-10
EURUSD,services_pmi,1.0,0.15625,2025-10-10
EURUSD,gdp_qoq,0.0,0.0,2025-10-10
EURUSD,retail_sales,-1.0,-0.15625,2025-10-10
EURUSD,cpi_yoy,0.0,0.0,2025-10-10
EURUSD,core_cpi,1.0,0.20833333333333331,2025-10-10
EURUSD,core_pce,0.0,0.0,2025-10-10
EURUSD,ppi_yoy,-1.0,-0.20833333333333331,2025-10-10
EURUSD,employment_change,1.0,0.125,2025-10-10
EURUSD,unemployment_rate,-1.0,-0.3125,2025-10-10
EURUSD,wage_growth,0.0,0.0,2025-10-10
EURUSD,adp,0.0,0.0,2025-10-10
EURUSD,jolts,0.0,0.0,2025-10-10
EURUSD,jobless_claims,-1.0,0.0,2025-10-10
EURUSD,rate_expectations,0.0,0.0,2025-10-10
GBPUSD,manufacturing_pmi,0.0,0.0,2025-10-10
GBPUSD,services_pmi,1.0,0.15625,2025-10-10
GBPUSD,gdp_qoq,2.0,0.3125,2025-10-10
GBPUSD,retail_sales,-1.0,-0.15625,2025-10-10
GBPUSD,cpi_yoy,0.0,0.0,2025-10-10
GBPUSD,core_cpi,0.0,0.0,2025-10-10
GBPUSD,core_pce,0.0,0.0,2025-10-10
GBPUSD,ppi_yoy,1.0,0.0,2025-10-10
GBPUSD,employment_change,1.0,0.125,2025-10-10
GBPUSD,unemployment_rate,0.0,0.0,2025-10-10
GBPUSD,wage_growth,0.0,0.0,2025-10-10
GBPUSD,adp,0.0,0.0,2025-10-10
GBPUSD,jolts,0.0,0.0,2025-10-10
GBPUSD,jobless_claims,-1.0,0.0,2025-10-10
GBPUSD,rate_expectations,0.0,0.0,2025-10-10
USDJPY,manufacturing_pmi,0.0,0.0,2025-10-10
USDJPY,services_pmi,-1.0,-0.15625,2025-10-10
USDJPY,gdp_qoq,0.0,0.0,2025-10-10
USDJPY,retail_sales,3.0,1.40625,2025-10-10
USDJPY,cpi_yoy,0.0,0.0,2025-10-10
USDJPY,core_cpi,0.0,0.0,2025-10-10
USDJPY,core_pce,0.0,0.0,2025-10-10
USDJPY,ppi_yoy,0.0,0.0,2025-10-10
USDJPY,employment_change,-1.0,-0.125,2025-10-10
USDJPY,unemployment_rate,2.0,0.625,2025-10-10
USDJPY,wage_growth,1.0,0.3125,2025-10-10
USDJPY,adp,0.0,0.0,2025-10-10
USDJPY,jolts,0.0,0.0,2025-10-10
USDJPY,jobless_claims,1.0,0.0,2025-10-10
USDJPY,rate_expectations,-1.0,-0.625,2025-10-10
USDCHF,manufacturing_pmi,0.0,0.0,2025-10-10
USDCHF,services_pmi,-1.0,-0.15625,2025-10-10
USDCHF,gdp_qoq,0.0,0.0,2025-10-10
USDCHF,retail_sales,1.0,0.15625,2025-10-10
USDCHF,cpi_yoy,0.0,0.0,2025-10-10
USDCHF,core_cpi,0.0,0.0,2025-10-10
USDCHF,core_pce,0.0,0.0,2025-10-10
USDCHF,ppi_yoy,0.0,0.0,2025-10-10
USDCHF,employment_change,-1.0,-0.125,2025-10-10
USDCHF,unemployment_rate,1.0,0.8333333333333333,2025-10-10
USDCHF,wage_growth,0.0,0.0,2025-10-10
USDCHF,adp,0.0,0.0,2025-10-10
USDCHF,jolts,0.0,0.0,2025-10-10
USDCHF,jobless_claims,1.0,0.0,2025-10-10
USDCHF,rate_expectations,0.0,0.0,2025-10-10
USDCAD,manufacturing_pmi,0.0,0.0,2025-10-10
USDCAD,services_pmi,-1.0,-0.15625,2025-10-10
USDCAD,gdp_qoq,-2.0,-0.41666666666666663,2025-10-10
USDCAD,retail_sales,1.0,0.15625,2025-10-10
USDCAD,cpi_yoy,0.0,0.0,2025-10-10
USDCAD,core_cpi,0.0,0.0,2025-10-10
USDCAD,core_pce,0.0,0.0,2025-10-10
USDCAD,ppi_yoy,0.0,0.0,2025-10-10
USDCAD,employment_change,0.0,0.1875,2025-10-10
USDCAD,unemployment_rate,0.0,0.0,2025-10-10
USDCAD,wage_growth,0.0,0.0,2025-10-10
USDCAD,adp,0.0,0.0,2025-10-10
USDCAD,jolts,0.0,0.0,2025-10-10
USDCAD,jobless_claims,1.0,0.0,2025-10-10
USDCAD,rate_expectations,0.0,0.0,2025-10-10
AUDUSD,manufacturing_pmi,0.0,0.0,2025-10-10
AUDUSD,services_pmi,1.0,0.15625,2025-10-10
AUDUSD,gdp_qoq,1.0,0.625,2025-10-10
AUDUSD,retail_sales,1.0,-0.15625,2025-10-10
AUDUSD,cpi_yoy,2.0,0.41666666666666663,2025-10-10
AUDUSD,core_cpi,0.0,0.0,2025-10-10
AUDUSD,core_pce,0.0,0.0,2025-10-10
AUDUSD,ppi_yoy,0.0,0.0,2025-10-10
AUDUSD,employment_change,1.0,0.125,2025-10-10
AUDUSD,unemployment_rate,0.0,0.0,2025-10-10
AUDUSD,wage_growth,0.0,0.0,2025-10-10
AUDUSD,adp,0.0,0.0,2025-10-10
AUDUSD,jolts,0.0,0.0,2025-10-10
AUDUSD,jobless_claims,-1.0,0.0,2025-10-10
AUDUSD,rate_expectations,1.0,0.625,2025-10-10
NZDUSD,manufacturing_pmi,0.0,0.0,2025-10-10
NZDUSD,services_pmi,1.0,0.15625,2025-10-10
NZDUSD,gdp_qoq,-1.0,-0.20833333333333331,2025-10-10
NZDUSD,retail_sales,-1.0,-0.15625,2025-10-10
NZDUSD,cpi_yoy,0.0,0.0,2025-10-10
NZDUSD,core_cpi,0.0,0.0,2025-10-10
NZDUSD,core_pce,0.0,0.0,2025-10-10
NZDUSD,ppi_yoy,0.0,0.0,2025-10-10
NZDUSD,employment_change,1.0,0.125,2025-10-10
NZDUSD,unemployment_rate,0.0,0.0,2025-10-10
NZDUSD,wage_growth,0.0,0.0,2025-10-10
NZDUSD,adp,0.0,0.0,2025-10-10
NZDUSD,jolts,0.0,0.0,2025-10-10
NZDUSD,jobless_claims,-1.0,0.0,2025-10-10
NZDUSD,rate_expectations,0.0,0.0,2025-10-10
EURGBP,manufacturing_pmi,0.0,0.0,2025-10-10
EURGBP,services_pmi,0.0,0.0,2025-10-10
EURGBP,gdp_qoq,-2.0,-0.3125,2025-10-10
EURGBP,retail_sales,0.0,0.0,2025-10-10
EURGBP,cpi_yoy,0.0,0.0,2025-10-10
EURGBP,core_cpi,1.0,0.20833333333333331,2025-10-10
EURGBP,core_pce,,0.0,2025-10-10
EURGBP,ppi_yoy,-2.0,-0.20833333333333331,2025-10-10
EURGBP,employment_change,0.0,0.0,2025-10-10
EURGBP,unemployment_rate,-1.0,-0.3125,2025-10-10
EURGBP,wage_growth,0.0,0.0,2025-10-10
EURGBP,adp,,0.0,2025-10-10
EURGBP,jolts,,0.0,2025-10-10
EURGBP,jobless_claims,,0.0,2025-10-10
EURGBP,rate_expectations,0.0,0.0,2025-10-10
EURJPY,manufacturing_pmi,,0.0,2025-10-10
EURJPY,services_pmi,,0.0,2025-10-10
EURJPY,gdp_qoq,0.0,0.0,2025-10-10
EURJPY,retail_sales,2.0,1.25,2025-10-10
EURJPY,cpi_yoy,0.0,0.0,2025-10-10
EURJPY,core_cpi,1.0,0.20833333333333331,2025-10-10
EURJPY,core_pce,,0.0,2025-10-10
EURJPY,ppi_yoy,-1.0,-0.20833333333333331,2025-10-10
EURJPY,employment_change,0.0,0.0,2025-10-10
EURJPY,unemployment_rate,1.0,0.3125,2025-10-10
EURJPY,wage_growth,1.0,0.3125,2025-10-10
EURJPY,adp,,0.0,2025-10-10
EURJPY,jolts,,0.0,2025-10-10
EURJPY,jobless_claims,,0.0,2025-10-10
EURJPY,rate_expectations,-1.0,-0.625,2025-10-10
EURCHF,manufacturing_pmi,,0.0,2025-10-10
EURCHF,services_pmi,,0.0,2025-10-10
EURCHF,gdp_qoq,0.0,0.0,2025-10-10
EURCHF,retail_sales,0.0,0.0,2025-10-10
EURCHF,cpi_yoy,0.0,0.0,2025-10-10
EURCHF,core_cpi,1.0,0.20833333333333331,2025-10-10
EURCHF,core_pce,,0.0,2025-10-10
EURCHF,ppi_yoy,-1.0,-0.20833333333333331,2025-10-10
EURCHF,employment_change,0.0,0.0,2025-10-10
EURCHF,unemployment_rate,0.0,0.5208333333333333,2025-10-10
EURCHF,wage_growth,,0.0,2025-10-10
EURCHF,adp,,0.0,2025-10-10
EURCHF,jolts,,0.0,2025-10-10
EURCHF,jobless_claims,,0.0,2025-10-10
EURCHF,rate_expectations,0.0,0.0,2025-10-10
EURAUD,manufacturing_pmi,,0.0,2025-10-10
EURAUD,services_pmi,,0.0,2025-10-10
EURAUD,gdp_qoq,-1.0,-0.625,2025-10-10
EURAUD,retail_sales,-2.0,0.0,2025-10-10
EURAUD,cpi_yoy,-2.0,-0.41666666666666663,2025-10-10
EURAUD,core_cpi,1.0,0.20833333333333331,2025-10-10
EURAUD,core_pce,,0.0,2025-10-10
EURAUD,ppi_yoy,-1.0,-0.20833333333333331,2025-10-10
EURAUD,employment_change,0.0,0.0,2025-10-10
EURAUD,unemployment_rate,-1.0,-0.3125,2025-10-10
EURAUD,wage_growth,0.0,0.0,2025-10-10
EURAUD,adp,,0.0,2025-10-10
EURAUD,jolts,,0.0,2025-10-10
EURAUD,jobless_claims,,0.0,2025-10-10
EURAUD,rate_expectations,-1.0,-0.625,2025-10-10
EURNZD,manufacturing_pmi,0.0,0.0,2025-10-10
EURNZD,services_pmi,0.0,0.0,2025-10-10
EURNZD,gdp_qoq,1.0,0.20833333333333331,2025-10-10
EURNZD,retail_sales,0.0,0.0,2025-10-10
EURNZD,cpi_yoy,0.0,0.0,2025-10-10
EURNZD,core_cpi,1.0,0.20833333333333331,2025-10-10
EURNZD,core_pce,,0.0,2025-10-10
EURNZD,ppi_yoy,-1.0,-0.20833333333333331,2025-10-10
EURNZD,employment_change,0.0,0.0,2025-10-10
EURNZD,unemployment_rate,-1.0,-0.3125,2025-10-10
EURNZD,wage_growth,0.0,0.0,2025-10-10
EURNZD,adp,,0.0,2025-10-10
EURNZD,jolts,,0.0,2025-10-10
EURNZD,jobless_claims,,0.0,2025-10-10
EURNZD,rate_expectations,0.0,0.0,2025-10-10
EURCAD,manufacturing_pmi,0.0,0.0,2025-10-10
EURCAD,services_pmi,,0.0,2025-10-10
EURCAD,gdp_qoq,-2.0,-0.41666666666666663,2025-10-10
EURCAD,retail_sales,0.0,0.0,2025-10-10
EURCAD,cpi_yoy,0.0,0.0,2025-10-10
EURCAD,core_cpi,1.0,0.20833333333333331,2025-10-10
EURCAD,core_pce,,0.0,2025-10-10
EURCAD,ppi_yoy,-1.0,-0.20833333333333331,2025-10-10
EURCAD,employment_change,1.0,0.3125,2025-10-10
EURCAD,unemployment_rate,-1.0,-0.3125,2025-10-10
EURCAD,wage_growth,,0.0,2025-10-10
EURCAD,adp,,0.0,2025-10-10
EURCAD,jolts,,0.0,2025-10-10
EURCAD,jobless_claims,,0.0,2025-10-10
EURCAD,rate_expectations,0.0,0.0,2025-10-10
GBPJPY,manufacturing_pmi,0.0,0.0,2025-10-10
GBPJPY,services_pmi,0.0,0.0,2025-10-10
GBPJPY,gdp_qoq,2.0,0.3125,2025-10-10
GBPJPY,retail_sales,2.0,1.25,2025-10-10
GBPJPY,cpi_yoy,0.0,0.0,2025-10-10
GBPJPY,core_cpi,0.0,0.0,2025-10-10
GBPJPY,core_pce,,0.0,2025-10-10
GBPJPY,ppi_yoy,1.0,0.0,2025-10-10
GBPJPY,employment_change,0.0,0.0,2025-10-10
GBPJPY,unemployment_rate,2.0,0.625,2025-10-10
GBPJPY,wage_growth,1.0,0.3125,2025-10-10
GBPJPY,adp,,0.0,2025-10-10
GBPJPY,jolts,,0.0,2025-10-10
GBPJPY,jobless_claims,,0.0,2025-10-10
GBPJPY,rate_expectations,-1.0,-0.625,2025-10-10
GBPCHF,manufacturing_pmi,0.0,0.0,2025-10-10
GBPCHF,services_pmi,0.0,0.0,2025-10-10
GBPCHF,gdp_qoq,2.0,0.3125,2025-10-10
GBPCHF,retail_sales,0.0,0.0,2025-10-10
GBPCHF,cpi_yoy,0.0,0.0,2025-10-10
GBPCHF,core_cpi,0.0,0.0,2025-10-10
GBPCHF,core_pce,,0.0,2025-10-10
GBPCHF,ppi_yoy,1.0,0.0,2025-10-10
GBPCHF,employment_change,0.0,0.0,2025-10-10
GBPCHF,unemployment_rate,1.0,0.8333333333333333,2025-10-10
GBPCHF,wage_growth,0.0,0.0,2025-10-10
GBPCHF,adp,,0.0,2025-10-10
GBPCHF,jolts,,0.0,2025-10-10
GBPCHF,jobless_claims,,0.0,2025-10-10
GBPCHF,rate_expectations,0.0,0.0,2025-10-10
GBPAUD,manufacturing_pmi,0.0,0.0,2025-10-10
GBPAUD,services_pmi,0.0,0.0,2025-10-10
GBPAUD,gdp_qoq,1.0,-0.3125,2025-10-10
GBPAUD,retail_sales,-2.0,0.0,2025-10-10
GBPAUD,cpi_yoy,-2.0,-0.41666666666666663,2025-10-10
GBPAUD,core_cpi,0.0,0.0,2025-10-10
GBPAUD,core_pce,,0.0,2025-10-10
GBPAUD,ppi_yoy,1.0,0.0,2025-10-10
GBPAUD,employment_change,0.0,0.0,2025-10-10
GBPAUD,unemployment_rate,0.0,0.0,2025-10-10
GBPAUD,wage_growth,0.0,0.0,2025-10-10
GBPAUD,adp,,0.0,2025-10-10
GBPAUD,jolts,,0.0,2025-10-10
GBPAUD,jobless_claims,,0.0,2025-10-10
GBPAUD,rate_expectations,-1.0,-0.625,2025-10-10
GBPNZD,manufacturing_pmi,0.0,0.0,2025-10-10
GBPNZD,services_pmi,0.0,0.0,2025-10-10
GBPNZD,gdp_qoq,3.0,0.5208333333333333,2025-10-10
GBPNZD,retail_sales,0.0,0.0,2025-10-10
GBPNZD,cpi_yoy,0.0,0.0,2025-10-10
GBPNZD,core_cpi,0.0,0.0,2025-10-10
GBPNZD,core_pce,,0.0,2025-10-10
GBPNZD,ppi_yoy,1.0,0.0,2025-10-10
GBPNZD,employment_change,0.0,0.0,2025-10-10
GBPNZD,unemployment_rate,0.0,0.0,2025-10-10
GBPNZD,wage_growth,0.0,0.0,2025-10-10
GBPNZD,adp,,0.0,2025-10-10
GBPNZD,jolts,,0.0,2025-10-10
GBPNZD,jobless_claims,,0.0,2025-10-10
GBPNZD,rate_expectations,0.0,0.0,2025-10-10
GBPCAD,manufacturing_pmi,0.0,0.0,2025-10-10
GBPCAD,services_pmi,0.0,0.0,2025-10-10
GBPCAD,gdp_qoq,0.0,-0.10416666666666663,2025-10-10
GBPCAD,retail_sales,0.0,0.0,2025-10-10
GBPCAD,cpi_yoy,0.0,0.0,2025-10-10
GBPCAD,core_cpi,0.0,0.0,2025-10-10
GBPCAD,core_pce,,0.0,2025-10-10
GBPCAD,ppi_yoy,1.0,0.0,2025-10-10
GBPCAD,employment_change,1.0,0.3125,2025-10-10
GBPCAD,unemployment_rate,0.0,0.0,2025-10-10
GBPCAD,wage_growth,0.0,0.0,2025-10-10
GBPCAD,adp,,0.0,2025-10-10
GBPCAD,jolts,,0.0,2025-10-10
GBPCAD,jobless_claims,,0.0,2025-10-10
GBPCAD,rate_expectations,0.0,0.0,2025-10-10
AUDJPY,manufacturing_pmi,,0.0,2025-10-10
AUDJPY,services_pmi,,0.0,2025-10-10
AUDJPY,gdp_qoq,1.0,0.625,2025-10-10
AUDJPY,retail_sales,4.0,1.25,2025-10-10
AUDJPY,cpi_yoy,2.0,0.41666666666666663,2025-10-10
AUDJPY,core_cpi,0.0,0.0,2025-10-10
AUDJPY,core_pce,,0.0,2025-10-10
AUDJPY,ppi_yoy,0.0,0.0,2025-10-10
AUDJPY,employment_change,0.0,0.0,2025-10-10
AUDJPY,unemployment_rate,2.0,0.625,2025-10-10
AUDJPY,wage_growth,1.0,0.3125,2025-10-10
AUDJPY,adp,,0.0,2025-10-10
AUDJPY,jolts,,0.0,2025-10-10
AUDJPY,jobless_claims,,0.0,2025-10-10
AUDJPY,rate_expectations,0.0,0.0,2025-10-10
NZDJPY,manufacturing_pmi,0.0,0.0,2025-10-10
NZDJPY,services_pmi,0.0,0.0,2025-10-10
NZDJPY,gdp_qoq,-1.0,-0.20833333333333331,2025-10-10
NZDJPY,retail_sales,2.0,1.25,2025-10-10
NZDJPY,cpi_yoy,0.0,0.0,2025-10-10
NZDJPY,core_cpi,0.0,0.0,2025-10-10
NZDJPY,core_pce,,0.0,2025-10-10
NZDJPY,ppi_yoy,0.0,0.0,2025-10-10
NZDJPY,employment_change,0.0,0.0,2025-10-10
NZDJPY,unemployment_rate,2.0,0.625,2025-10-10
NZDJPY,wage_growth,1.0,0.3125,2025-10-10
NZDJPY,adp,,0.0,2025-10-10
NZDJPY,jolts,,0.0,2025-10-10
NZDJPY,jobless_claims,,0.0,2025-10-10
NZDJPY,rate_expectations,-1.0,-0.625,2025-10-10
CADJPY,manufacturing_pmi,0.0,0.0,2025-10-10
CADJPY,services_pmi,,0.0,2025-10-10
CADJPY,gdp_qoq,2.0,0.41666666666666663,2025-10-10
CADJPY,retail_sales,2.0,1.25,2025-10-10
CADJPY,cpi_yoy,0.0,0.0,2025-10-10
CADJPY,core_cpi,0.0,0.0,2025-10-10
CADJPY,core_pce,,0.0,2025-10-10
CADJPY,ppi_yoy,0.0,0.0,2025-10-10
CADJPY,employment_change,-1.0,-0.3125,2025-10-10
CADJPY,unemployment_rate,2.0,0.625,2025-10-10
CADJPY,wage_growth,1.0,0.3125,2025-10-10
CADJPY,adp,,0.0,2025-10-10
CADJPY,jolts,,0.0,2025-10-10
CADJPY,jobless_claims,,0.0,2025-10-10
CADJPY,rate_expectations,-1.0,-0.625,2025-10-10
CHFJPY,manufacturing_pmi,,0.0,2025-10-10
CHFJPY,services_pmi,,0.0,2025-10-10
CHFJPY,gdp_qoq,0.0,0.0,2025-10-10
CHFJPY,retail_sales,2.0,1.25,2025-10-10
CHFJPY,cpi_yoy,0.0,0.0,2025-10-10
CHFJPY,core_cpi,0.0,0.0,2025-10-10
CHFJPY,core_pce,,0.0,2025-10-10
CHFJPY,ppi_yoy,0.0,0.0,2025-10-10
CHFJPY,employment_change,,0.0,2025-10-10
CHFJPY,unemployment_rate,1.0,-0.20833333333333326,2025-10-10
CHFJPY,wage_growth,1.0,0.3125,2025-10-10
CHFJPY,adp,,0.0,2025-10-10
CHFJPY,jolts,,0.0,2025-10-10
CHFJPY,jobless_claims,,0.0,2025-10-10
CHFJPY,rate_expectations,-1.0,-0.625,2025-10-10
AUDNZD,manufacturing_pmi,0.0,0.0,2025-10-10
AUDNZD,services_pmi,0.0,0.0,2025-10-10
AUDNZD,gdp_qoq,2.0,0.8333333333333333,2025-10-10
AUDNZD,retail_sales,2.0,0.0,2025-10-10
AUDNZD,cpi_yoy,2.0,0.41666666666666663,2025-10-10
AUDNZD,core_cpi,0.0,0.0,2025-10-10
AUDNZD,core_pce,,0.0,2025-10-10
AUDNZD,ppi_yoy,0.0,0.0,2025-10-10
AUDNZD,employment_change,0.0,0.0,2025-10-10
AUDNZD,unemployment_rate,0.0,0.0,2025-10-10
AUDNZD,wage_growth,0.0,0.0,2025-10-10
AUDNZD,adp,,0.0,2025-10-10
AUDNZD,jolts,,0.0,2025-10-10
AUDNZD,jobless_claims,,0.0,2025-10-10
AUDNZD,rate_expectations,1.0,0.625,2025-10-10
AUDCAD,manufacturing_pmi,0.0,0.0,2025-10-10
AUDCAD,services_pmi,,0.0,2025-10-10
AUDCAD,gdp_qoq,-1.0,0.20833333333333337,2025-10-10
AUDCAD,retail_sales,2.0,0.0,2025-10-10
AUDCAD,cpi_yoy,2.0,0.41666666666666663,2025-10-10
AUDCAD,core_cpi,0.0,0.0,2025-10-10
AUDCAD,core_pce,,0.0,2025-10-10
AUDCAD,ppi_yoy,0.0,0.0,2025-10-10
AUDCAD,employment_change,1.0,0.3125,2025-10-10
AUDCAD,unemployment_rate,0.0,0.0,2025-10-10
AUDCAD,wage_growth,0.0,0.0,2025-10-10
AUDCAD,adp,,0.0,2025-10-10
AUDCAD,jolts,,0.0,2025-10-10
AUDCAD,jobless_claims,,0.0,2025-10-10
AUDCAD,rate_expectations,1.0,0.625,2025-10-10
AUDCHF,manufacturing_pmi,,0.0,2025-10-10
AUDCHF,services_pmi,,0.0,2025-10-10
AUDCHF,gdp_qoq,1.0,0.625,2025-10-10
AUDCHF,retail_sales,2.0,0.0,2025-10-10
AUDCHF,cpi_yoy,2.0,0.41666666666666663,2025-10-10
AUDCHF,core_cpi,0.0,0.0,2025-10-10
AUDCHF,core_pce,,0.0,2025-10-10
AUDCHF,ppi_yoy,0.0,0.0,2025-10-10
AUDCHF,employment_change,0.0,0.0,2025-10-10
AUDCHF,unemployment_rate,1.0,0.8333333333333333,2025-10-10
AUDCHF,wage_growth,0.0,0.0,2025-10-10
AUDCHF,adp,,0.0,2025-10-10
AUDCHF,jolts,,0.0,2025-10-10
AUDCHF,jobless_claims,,0.0,2025-10-10
AUDCHF,rate_expectations,1.0,0.625,2025-10-10
NZDCAD,manufacturing_pmi,0.0,0.0,2025-10-10
NZDCAD,services_pmi,0.0,0.0,2025-10-10
NZDCAD,gdp_qoq,-3.0,-0.625,2025-10-10
NZDCAD,retail_sales,0.0,0.0,2025-10-10
NZDCAD,cpi_yoy,0.0,0.0,2025-10-10
NZDCAD,core_cpi,0.0,0.0,2025-10-10
NZDCAD,core_pce,,0.0,2025-10-10
NZDCAD,ppi_yoy,0.0,0.0,2025-10-10
NZDCAD,employment_change,1.0,0.3125,2025-10-10
NZDCAD,unemployment_rate,0.0,0.0,2025-10-10
NZDCAD,wage_growth,0.0,0.0,2025-10-10
NZDCAD,adp,,0.0,2025-10-10
NZDCAD,jolts,,0.0,2025-10-10
NZDCAD,jobless_claims,,0.0,2025-10-10
NZDCAD,rate_expectations,0.0,0.0,2025-10-10
NZDCHF,manufacturing_pmi,0.0,0.0,2025-10-10
NZDCHF,services_pmi,0.0,0.0,2025-10-10
NZDCHF,gdp_qoq,-1.0,-0.20833333333333331,2025-10-10
NZDCHF,retail_sales,0.0,0.0,2025-10-10
NZDCHF,cpi_yoy,0.0,0.0,2025-10-10
NZDCHF,core_cpi,,0.0,2025-10-10
NZDCHF,core_pce,,0.0,2025-10-10
NZDCHF,ppi_yoy,0.0,0.0,2025-10-10
NZDCHF,employment_change,0.0,0.0,2025-10-10
NZDCHF,unemployment_rate,1.0,0.8333333333333333,2025-10-10
NZDCHF,wage_growth,0.0,0.0,2025-10-10
NZDCHF,adp,,0.0,2025-10-10
NZDCHF,jolts,,0.0,2025-10-10
NZDCHF,jobless_claims,,0.0,2025-10-10
NZDCHF,rate_expectations,,0.0,2025-10-10
CADCHF,manufacturing_pmi,0.0,0.0,2025-10-10
CADCHF,services_pmi,,0.0,2025-10-10
CADCHF,gdp_qoq,2.0,0.41666666666666663,2025-10-10
CADCHF,retail_sales,0.0,0.0,2025-10-10
CADCHF,cpi_yoy,0.0,0.0,2025-10-10
CADCHF,core_cpi,0.0,0.0,2025-10-10
CADCHF,core_pce,,0.0,2025-10-10
CADCHF,ppi_yoy,0.0,0.0,2025-10-10
CADCHF,employment_change,-1.0,-0.3125,2025-10-10
CADCHF,unemployment_rate,1.0,0.8333333333333333,2025-10-10
CADCHF,wage_growth,,0.0,2025-10-10
CADCHF,adp,,0.0,2025-10-10
CADCHF,jolts,,0.0,2025-10-10
CADCHF,jobless_claims,,0.0,2025-10-10
CADCHF,rate_expectations,0.0,0.0,2025-10-10
EURUSD,manufacturing_pmi,0.0,0.0,2025-10-17
EURUSD,services_pmi,1.0,0.15625,2025-10-17
EURUSD,gdp_qoq,0.0,0.0,2025-10-17
EURUSD,retail_sales,-1.0,-0.15625,2025-10-17
EURUSD,cpi_yoy,0.0,0.0,2025-10-17
EURUSD,core_cpi,1.0,0.20833333333333331,2025-10-17
EURUSD,core_pce,0.0,0.0,2025-10-17
EURUSD,ppi_yoy,-1.0,-0.20833333333333331,2025-10-17
EURUSD,employment_change,1.0,0.125,2025-10-17
EURUSD,unemployment_rate,-1.0,-0.3125,2025-10-17
EURUSD,wage_growth,0.0,0.0,2025-10-17
EURUSD,adp,0.0,0.0,2025-10-17
EURUSD,jolts,0.0,0.0,2025-10-17
EURUSD,jobless_claims,-1.0,0.0,2025-10-17
EURUSD,rate_expectations,-1.0,-0.625,2025-10-17
GBPUSD,manufacturing_pmi,0.0,0.0,2025-10-17
GBPUSD,services_pmi,1.0,0.15625,2025-10-17
GBPUSD,gdp_qoq,0.0,0.0,2025-10-17
GBPUSD,retail_sales,-1.0,-0.15625,2025-10-17
GBPUSD,cpi_yoy,0.0,0.0,2025-10-17
GBPUSD,core_cpi,0.0,0.0,2025-10-17
GBPUSD,core_pce,0.0,0.0,2025-10-17
GBPUSD,ppi_yoy,1.0,0.0,2025-10-17
GBPUSD,employment_change,1.0,0.125,2025-10-17
GBPUSD,unemployment_rate,-1.0,-0.20833333333333331,2025-10-17
GBPUSD,wage_growth,1.0,0.20833333333333331,2025-10-17
GBPUSD,adp,0.0,0.0,2025-10-17
GBPUSD,jolts,0.0,0.0,2025-10-17
GBPUSD,jobless_claims,-1.0,0.0,2025-10-17
GBPUSD,rate_expectations,-1.0,-0.625,2025-10-17
USDJPY,manufacturing_pmi,0.0,0.0,2025-10-17
USDJPY,services_pmi,-1.0,-0.15625,2025-10-17
USDJPY,gdp_qoq,0.0,0.0,2025-10-17
USDJPY,retail_sales,3.0,1.40625,2025-10-17
USDJPY,cpi_yoy,0.0,0.0,2025-10-17
USDJPY,core_cpi,0.0,0.0,2025-10-17
USDJPY,core_pce,0.0,0.0,2025-10-17
USDJPY,ppi_yoy,0.0,0.0,2025-10-17
USDJPY,employment_change,-1.0,-0.125,2025-10-17
USDJPY,unemployment_rate,2.0,0.625,2025-10-17
USDJPY,wage_growth,1.0,0.3125,2025-10-17
USDJPY,adp,0.0,0.0,2025-10-17
USDJPY,jolts,0.0,0.0,2025-10-17
USDJPY,jobless_claims,1.0,0.0,2025-10-17
USDJPY,rate_expectations,0.0,0.0,2025-10-17
USDCHF,manufacturing_pmi,0.0,0.0,2025-10-17
USDCHF,services_pmi,-1.0,-0.15625,2025-10-17
USDCHF,gdp_qoq,0.0,0.0,2025-10-17
USDCHF,retail_sales,1.0,0.15625,2025-10-17
USDCHF,cpi_yoy,0.0,0.0,2025-10-17
USDCHF,core_cpi,0.0,0.0,2025-10-17
USDCHF,core_pce,0.0,0.0,2025-10-17
USDCHF,ppi_yoy,0.0,0.0,2025-10-17
USDCHF,employment_change,-1.0,-0.125,2025-10-17
USDCHF,unemployment_rate,1.0,0.8333333333333333,2025-10-17
USDCHF,wage_growth,0.0,0.0,2025-10-17
USDCHF,adp,0.0,0.0,2025-10-17
USDCHF,jolts,0.0,0.0,2025-10-17
USDCHF,jobless_claims,1.0,0.0,2025-10-17
USDCHF,rate_expectations,0.0,0.0,2025-10-17
USDCAD,manufacturing_pmi,0.0,0.0,2025-10-17
USDCAD,services_pmi,-1.0,-0.15625,2025-10-17
USDCAD,gdp_qoq,-2.0,-0.41666666666666663,2025-10-17
USDCAD,retail_sales,1.0,0.15625,2025-10-17
USDCAD,cpi_yoy,0.0,0.0,2025-10-17
USDCAD,core_cpi,0.0,0.0,2025-10-17
USDCAD,core_pce,0.0,0.0,2025-10-17
USDCAD,ppi_yoy,0.0,0.0,2025-10-17
USDCAD,employment_change,-2.0,-0.4375,2025-10-17
USDCAD,unemployment_rate,0.0,0.0,2025-10-17
USDCAD,wage_growth,0.0,0.0,2025-10-17
USDCAD,adp,0.0,0.0,2025-10-17
USDCAD,jolts,0.0,0.0,2025-10-17
USDCAD,jobless_claims,1.0,0.0,2025-10-17
USDCAD,rate_expectations,1.0,0.625,2025-10-17
AUDUSD,manufacturing_pmi,0.0,0.0,2025-10-17
AUDUSD,services_pmi,1.0,0.15625,2025-10-17
AUDUSD,gdp_qoq,1.0,0.625,2025-10-17
AUDUSD,retail_sales,1.0,-0.15625,2025-10-17
AUDUSD,cpi_yoy,2.0,0.41666666666666663,2025-10-17
AUDUSD,core_cpi,0.0,0.0,2025-10-17
AUDUSD,core_pce,0.0,0.0,2025-10-17
AUDUSD,ppi_yoy,0.0,0.0,2025-10-17
AUDUSD,employment_change,1.0,0.125,2025-10-17
AUDUSD,unemployment_rate,0.0,0.0,2025-10-17
AUDUSD,wage_growth,0.0,0.0,2025-10-17
AUDUSD,adp,0.0,0.0,2025-10-17
AUDUSD,jolts,0.0,0.0,2025-10-17
AUDUSD,jobless_claims,-1.0,0.0,2025-10-17
AUDUSD,rate_expectations,0.0,0.0,2025-10-17
NZDUSD,manufacturing_pmi,0.0,0.0,2025-10-17
NZDUSD,services_pmi,1.0,0.15625,2025-10-17
NZDUSD,gdp_qoq,-1.0,-0.20833333333333331,2025-10-17
NZDUSD,retail_sales,-1.0,-0.15625,2025-10-17
NZDUSD,cpi_yoy,0.0,0.0,2025-10-17
NZDUSD,core_cpi,0.0,0.0,2025-10-17
NZDUSD,core_pce,0.0,0.0,2025-10-17
NZDUSD,ppi_yoy,0.0,0.0,2025-10-17
NZDUSD,employment_change,1.0,0.125,2025-10-17
NZDUSD,unemployment_rate,0.0,0.0,2025-10-17
NZDUSD,wage_growth,0.0,0.0,2025-10-17
NZDUSD,adp,0.0,0.0,2025-10-17
NZDUSD,jolts,0.0,0.0,2025-10-17
NZDUSD,jobless_claims,-1.0,0.0,2025-10-17
NZDUSD,rate_expectations,0.0,0.0,2025-10-17
EURGBP,manufacturing_pmi,0.0,0.0,2025-10-17
EURGBP,services_pmi,0.0,0.0,2025-10-17
EURGBP,gdp_qoq,0.0,0.0,2025-10-17
EURGBP,retail_sales,0.0,0.0,2025-10-17
EURGBP,cpi_yoy,0.0,0.0,2025-10-17
EURGBP,core_cpi,1.0,0.20833333333333331,2025-10-17
EURGBP,core_pce,,0.0,2025-10-17
EURGBP,ppi_yoy,-2.0,-0.20833333333333331,2025-10-17
EURGBP,employment_change,0.0,0.0,2025-10-17
EURGBP,unemployment_rate,0.0,-0.10416666666666669,2025-10-17
EURGBP,wage_growth,-1.0,-0.20833333333333331,2025-10-17
EURGBP,adp,,0.0,2025-10-17
EURGBP,jolts,,0.0,2025-10-17
EURGBP,jobless_claims,,0.0,2025-10-17
EURGBP,rate_expectations,0.0,0.0,2025-10-17
EURJPY,manufacturing_pmi,,0.0,2025-10-17
EURJPY,services_pmi,,0.0,2025-10-17
EURJPY,gdp_qoq,0.0,0.0,2025-10-17
EURJPY,retail_sales,2.0,1.25,2025-10-17
EURJPY,cpi_yoy,0.0,0.0,2025-10-17
EURJPY,core_cpi,1.0,0.20833333333333331,2025-10-17
EURJPY,core_pce,,0.0,2025-10-17
EURJPY,ppi_yoy,-1.0,-0.20833333333333331,2025-10-17
EURJPY,employment_change,0.0,0.0,2025-10-17
EURJPY,unemployment_rate,1.0,0.3125,2025-10-17
EURJPY,wage_growth,1.0,0.3125,2025-10-17
EURJPY,adp,,0.0,2025-10-17
EURJPY,jolts,,0.0,2025-10-17
EURJPY,jobless_claims,,0.0,2025-10-17
EURJPY,rate_expectations,-1.0,-0.625,2025-10-17
EURCHF,manufacturing_pmi,,0.0,2025-10-17
EURCHF,services_pmi,,0.0,2025-10-17
EURCHF,gdp_qoq,0.0,0.0,2025-10-17
EURCHF,retail_sales,0.0,0.0,2025-10-17
EURCHF,cpi_yoy,0.0,0.0,2025-10-17
EURCHF,core_cpi,1.0,0.20833333333333331,2025-10-17
EURCHF,core_pce,,0.0,2025-10-17
EURCHF,ppi_yoy,-1.0,-0.20833333333333331,2025-10-17
EURCHF,employment_change,0.0,0.0,2025-10-17
EURCHF,unemployment_rate,0.0,0.5208333333333333,2025-10-17
EURCHF,wage_growth,,0.0,2025-10-17
EURCHF,adp,,0.0,2025-10-17
EURCHF,jolts,,0.0,2025-10-17
EURCHF,jobless_claims,,0.0,2025-10-17
EURCHF,rate_expectations,-1.0,-0.625,2025-10-17
EURAUD,manufacturing_pmi,,0.0,2025-10-17
EURAUD,services_pmi,,0.0,2025-10-17
EURAUD,gdp_qoq,-1.0,-0.625,2025-10-17
EURAUD,retail_sales,-2.0,0.0,2025-10-17
EURAUD,cpi_yoy,-2.0,-0.41666666666666663,2025-10-17
EURAUD,core_cpi,1.0,0.20833333333333331,2025-10-17
EURAUD,core_pce,,0.0,2025-10-17
EURAUD,ppi_yoy,-1.0,-0.20833333333333331,2025-10-17
EURAUD,employment_change,0.0,0.0,2025-10-17
EURAUD,unemployment_rate,-1.0,-0.3125,2025-10-17
EURAUD,wage_growth,0.0,0.0,2025-10-17
EURAUD,adp,,0.0,2025-10-17
EURAUD,jolts,,0.0,2025-10-17
EURAUD,jobless_claims,,0.0,2025-10-17
EURAUD,rate_expectations,-1.0,-0.625,2025-10-17
EURNZD,manufacturing_pmi,0.0,0.0,2025-10-17
EURNZD,services_pmi,0.0,0.0,2025-10-17
EURNZD,gdp_qoq,1.0,0.20833333333333331,2025-10-17
EURNZD,retail_sales,0.0,0.0,2025-10-17
EURNZD,cpi_yoy,0.0,0.0,2025-10-17
EURNZD,core_cpi,1.0,0.20833333333333331,2025-10-17
EURNZD,core_pce,,0.0,2025-10-17
EURNZD,ppi_yoy,-1.0,-0.20833333333333331,2025-10-17
EURNZD,employment_change,0.0,0.0,2025-10-17
EURNZD,unemployment_rate,-1.0,-0.3125,2025-10-17
EURNZD,wage_growth,0.0,0.0,2025-10-17
EURNZD,adp,,0.0,2025-10-17
EURNZD,jolts,,0.0,2025-10-17
EURNZD,jobless_claims,,0.0,2025-10-17
EURNZD,rate_expectations,-1.0,-0.625,2025-10-17
EURCAD,manufacturing_pmi,0.0,0.0,2025-10-17
EURCAD,services_pmi,,0.0,2025-10-17
EURCAD,gdp_qoq,-2.0,-0.41666666666666663,2025-10-17
EURCAD,retail_sales,0.0,0.0,2025-10-17
EURCAD,cpi_yoy,0.0,0.0,2025-10-17
EURCAD,core_cpi,1.0,0.20833333333333331,2025-10-17
EURCAD,core_pce,,0.0,2025-10-17
EURCAD,ppi_yoy,-1.0,-0.20833333333333331,2025-10-17
EURCAD,employment_change,-1.0,-0.3125,2025-10-17
EURCAD,unemployment_rate,-1.0,-0.3125,2025-10-17
EURCAD,wage_growth,,0.0,2025-10-17
EURCAD,adp,,0.0,2025-10-17
EURCAD,jolts,,0.0,2025-10-17
EURCAD,jobless_claims,,0.0,2025-10-17
EURCAD,rate_expectations,0.0,0.0,2025-10-17
GBPJPY,manufacturing_pmi,0.0,0.0,2025-10-17
GBPJPY,services_pmi,0.0,0.0,2025-10-17
GBPJPY,gdp_qoq,0.0,0.0,2025-10-17
GBPJPY,retail_sales,2.0,1.25,2025-10-17
GBPJPY,cpi_yoy,0.0,0.0,2025-10-17
GBPJPY,core_cpi,0.0,0.0,2025-10-17
GBPJPY,core_pce,,0.0,2025-10-17
GBPJPY,ppi_yoy,1.0,0.0,2025-10-17
GBPJPY,employment_change,0.0,0.0,2025-10-17
GBPJPY,unemployment_rate,1.0,0.4166666666666667,2025-10-17
GBPJPY,wage_growth,2.0,0.5208333333333333,2025-10-17
GBPJPY,adp,,0.0,2025-10-17
GBPJPY,jolts,,0.0,2025-10-17
GBPJPY,jobless_claims,,0.0,2025-10-17
GBPJPY,rate_expectations,-1.0,-0.625,2025-10-17
GBPCHF,manufacturing_pmi,0.0,0.0,2025-10-17
GBPCHF,services_pmi,0.0,0.0,2025-10-17
GBPCHF,gdp_qoq,0.0,0.0,2025-10-17
GBPCHF,retail_sales,0.0,0.0,2025-10-17
GBPCHF,cpi_yoy,0.0,0.0,2025-10-17
GBPCHF,core_cpi,0.0,0.0,2025-10-17
GBPCHF,core_pce,,0.0,2025-10-17
GBPCHF,ppi_yoy,1.0,0.0,2025-10-17
GBPCHF,employment_change,0.0,0.0,2025-10-17
GBPCHF,unemployment_rate,0.0,0.625,2025-10-17
GBPCHF,wage_growth,1.0,0.20833333333333331,2025-10-17
GBPCHF,adp,,0.0,2025-10-17
GBPCHF,jolts,,0.0,2025-10-17
GBPCHF,jobless_claims,,0.0,2025-10-17
GBPCHF,rate_expectations,-1.0,-0.625,2025-10-17
GBPAUD,manufacturing_pmi,0.0,0.0,2025-10-17
GBPAUD,services_pmi,0.0,0.0,2025-10-17
GBPAUD,gdp_qoq,-1.0,-0.625,2025-10-17
GBPAUD,retail_sales,-2.0,0.0,2025-10-17
GBPAUD,cpi_yoy,-2.0,-0.41666666666666663,2025-10-17
GBPAUD,core_cpi,0.0,0.0,2025-10-17
GBPAUD,core_pce,,0.0,2025-10-17
GBPAUD,ppi_yoy,1.0,0.0,2025-10-17
GBPAUD,employment_change,0.0,0.0,2025-10-17
GBPAUD,unemployment_rate,-1.0,-0.20833333333333331,2025-10-17
GBPAUD,wage_growth,1.0,0.20833333333333331,2025-10-17
GBPAUD,adp,,0.0,2025-10-17
GBPAUD,jolts,,0.0,2025-10-17
GBPAUD,jobless_claims,,0.0,2025-10-17
GBPAUD,rate_expectations,-1.0,-0.625,2025-10-17
GBPNZD,manufacturing_pmi,0.0,0.0,2025-10-17
GBPNZD,services_pmi,0.0,0.0,2025-10-17
GBPNZD,gdp_qoq,1.0,0.20833333333333331,2025-10-17
GBPNZD,retail_sales,0.0,0.0,2025-10-17
GBPNZD,cpi_yoy,0.0,0.0,2025-10-17
GBPNZD,core_cpi,0.0,0.0,2025-10-17
GBPNZD,core_pce,,0.0,2025-10-17
GBPNZD,ppi_yoy,1.0,0.0,2025-10-17
GBPNZD,employment_change,0.0,0.0,2025-10-17
GBPNZD,unemployment_rate,-1.0,-0.20833333333333331,2025-10-17
GBPNZD,wage_growth,1.0,0.20833333333333331,2025-10-17
GBPNZD,adp,,0.0,2025-10-17
GBPNZD,jolts,,0.0,2025-10-17
GBPNZD,jobless_claims,,0.0,2025-10-17
GBPNZD,rate_expectations,-1.0,-0.625,2025-10-17
GBPCAD,manufacturing_pmi,0.0,0.0,2025-10-17
GBPCAD,services_pmi,0.0,0.0,2025-10-17
GBPCAD,gdp_qoq,-2.0,-0.41666666666666663,2025-10-17
GBPCAD,retail_sales,0.0,0.0,2025-10-17
GBPCAD,cpi_yoy,0.0,0.0,2025-10-17
GBPCAD,core_cpi,0.0,0.0,2025-10-17
GBPCAD,core_pce,,0.0,2025-10-17
GBPCAD,ppi_yoy,1.0,0.0,2025-10-17
GBPCAD,employment_change,-1.0,-0.3125,2025-10-17
GBPCAD,unemployment_rate,-1.0,-0.20833333333333331,2025-10-17
GBPCAD,wage_growth,1.0,0.20833333333333331,2025-10-17
GBPCAD,adp,,0.0,2025-10-17
GBPCAD,jolts,,0.0,2025-10-17
GBPCAD,jobless_claims,,0.0,2025-10-17
GBPCAD,rate_expectations,0.0,0.0,2025-10-17
AUDJPY,manufacturing_pmi,,0.0,2025-10-17
AUDJPY,services_pmi,,0.0,2025-10-17
AUDJPY,gdp_qoq,1.0,0.625,2025-10-17
AUDJPY,retail_sales,4.0,1.25,2025-10-17
AUDJPY,cpi_yoy,2.0,0.41666666666666663,2025-10-17
AUDJPY,core_cpi,0.0,0.0,2025-10-17
AUDJPY,core_pce,,0.0,2025-10-17
AUDJPY,ppi_yoy,0.0,0.0,2025-10-17
AUDJPY,employment_change,0.0,0.0,2025-10-17
AUDJPY,unemployment_rate,2.0,0.625,2025-10-17
AUDJPY,wage_growth,1.0,0.3125,2025-10-17
AUDJPY,adp,,0.0,2025-10-17
AUDJPY,jolts,,0.0,2025-10-17
AUDJPY,jobless_claims,,0.0,2025-10-17
AUDJPY,rate_expectations,0.0,0.0,2025-10-17
NZDJPY,manufacturing_pmi,0.0,0.0,2025-10-17
NZDJPY,services_pmi,0.0,0.0,2025-10-17
NZDJPY,gdp_qoq,-1.0,-0.20833333333333331,2025-10-17
NZDJPY,retail_sales,2.0,1.25,2025-10-17
NZDJPY,cpi_yoy,0.0,0.0,2025-10-17
NZDJPY,core_cpi,0.0,0.0,2025-10-17
NZDJPY,core_pce,,0.0,2025-10-17
NZDJPY,ppi_yoy,0.0,0.0,2025-10-17
NZDJPY,employment_change,0.0,0.0,2025-10-17
NZDJPY,unemployment_rate,2.0,0.625,2025-10-17
NZDJPY,wage_growth,1.0,0.3125,2025-10-17
NZDJPY,adp,,0.0,2025-10-17
NZDJPY,jolts,,0.0,2025-10-17
NZDJPY,jobless_claims,,0.0,2025-10-17
NZDJPY,rate_expectations,0.0,0.0,2025-10-17
CADJPY,manufacturing_pmi,0.0,0.0,2025-10-17
CADJPY,services_pmi,,0.0,2025-10-17
CADJPY,gdp_qoq,2.0,0.41666666666666663,2025-10-17
CADJPY,retail_sales,2.0,1.25,2025-10-17
CADJPY,cpi_yoy,0.0,0.0,2025-10-17
CADJPY,core_cpi,0.0,0.0,2025-10-17
CADJPY,core_pce,,0.0,2025-10-17
CADJPY,ppi_yoy,0.0,0.0,2025-10-17
CADJPY,employment_change,1.0,0.3125,2025-10-17
CADJPY,unemployment_rate,2.0,0.625,2025-10-17
CADJPY,wage_growth,1.0,0.3125,2025-10-17
CADJPY,adp,,0.0,2025-10-17
CADJPY,jolts,,0.0,2025-10-17
CADJPY,jobless_claims,,0.0,2025-10-17
CADJPY,rate_expectations,-1.0,-0.625,2025-10-17
CHFJPY,manufacturing_pmi,,0.0,2025-10-17
CHFJPY,services_pmi,,0.0,2025-10-17
CHFJPY,gdp_qoq,0.0,0.0,2025-10-17
CHFJPY,retail_sales,2.0,1.25,2025-10-17
CHFJPY,cpi_yoy,0.0,0.0,2025-10-17
CHFJPY,core_cpi,0.0,0.0,2025-10-17
CHFJPY,core_pce,,0.0,2025-10-17
CHFJPY,ppi_yoy,0.0,0.0,2025-10-17
CHFJPY,employment_change,,0.0,2025-10-17
CHFJPY,unemployment_rate,1.0,-0.20833333333333326,2025-10-17
CHFJPY,wage_growth,1.0,0.3125,2025-10-17
CHFJPY,adp,,0.0,2025-10-17
CHFJPY,jolts,,0.0,2025-10-17
CHFJPY,jobless_claims,,0.0,2025-10-17
CHFJPY,rate_expectations,0.0,0.0,2025-10-17
AUDNZD,manufacturing_pmi,0.0,0.0,2025-10-17
AUDNZD,services_pmi,0.0,0.0,2025-10-17
AUDNZD,gdp_qoq,2.0,0.8333333333333333,2025-10-17
AUDNZD,retail_sales,2.0,0.0,2025-10-17
AUDNZD,cpi_yoy,2.0,0.41666666666666663,2025-10-17
AUDNZD,core_cpi,0.0,0.0,2025-10-17
AUDNZD,core_pce,,0.0,2025-10-17
AUDNZD,ppi_yoy,0.0,0.0,2025-10-17
AUDNZD,employment_change,0.0,0.0,2025-10-17
AUDNZD,unemployment_rate,0.0,0.0,2025-10-17
AUDNZD,wage_growth,0.0,0.0,2025-10-17
AUDNZD,adp,,0.0,2025-10-17
AUDNZD,jolts,,0.0,2025-10-17
AUDNZD,jobless_claims,,0.0,2025-10-17
AUDNZD,rate_expectations,0.0,0.0,2025-10-17
AUDCAD,manufacturing_pmi,0.0,0.0,2025-10-17
AUDCAD,services_pmi,,0.0,2025-10-17
AUDCAD,gdp_qoq,-1.0,0.20833333333333337,2025-10-17
AUDCAD,retail_sales,2.0,0.0,2025-10-17
AUDCAD,cpi_yoy,2.0,0.41666666666666663,2025-10-17
AUDCAD,core_cpi,0.0,0.0,2025-10-17
AUDCAD,core_pce,,0.0,2025-10-17
AUDCAD,ppi_yoy,0.0,0.0,2025-10-17
AUDCAD,employment_change,-1.0,-0.3125,2025-10-17
AUDCAD,unemployment_rate,0.0,0.0,2025-10-17
AUDCAD,wage_growth,0.0,0.0,2025-10-17
AUDCAD,adp,,0.0,2025-10-17
AUDCAD,jolts,,0.0,2025-10-17
AUDCAD,jobless_claims,,0.0,2025-10-17
AUDCAD,rate_expectations,1.0,0.625,2025-10-17
AUDCHF,manufacturing_pmi,,0.0,2025-10-17
AUDCHF,services_pmi,,0.0,2025-10-17
AUDCHF,gdp_qoq,1.0,0.625,2025-10-17
AUDCHF,retail_sales,2.0,0.0,2025-10-17
AUDCHF,cpi_yoy,2.0,0.41666666666666663,2025-10-17
AUDCHF,core_cpi,0.0,0.0,2025-10-17
AUDCHF,core_pce,,0.0,2025-10-17
AUDCHF,ppi_yoy,0.0,0.0,2025-10-17
AUDCHF,employment_change,0.0,0.0,2025-10-17
AUDCHF,unemployment_rate,1.0,0.8333333333333333,2025-10-17
AUDCHF,wage_growth,0.0,0.0,2025-10-17
AUDCHF,adp,,0.0,2025-10-17
AUDCHF,jolts,,0.0,2025-10-17
AUDCHF,jobless_claims,,0.0,2025-10-17
AUDCHF,rate_expectations,0.0,0.0,2025-10-17
NZDCAD,manufacturing_pmi,0.0,0.0,2025-10-17
NZDCAD,services_pmi,0.0,0.0,2025-10-17
NZDCAD,gdp_qoq,-3.0,-0.625,2025-10-17
NZDCAD,retail_sales,0.0,0.0,2025-10-17
NZDCAD,cpi_yoy,0.0,0.0,2025-10-17
NZDCAD,core_cpi,0.0,0.0,2025-10-17
NZDCAD,core_pce,,0.0,2025-10-17
NZDCAD,ppi_yoy,0.0,0.0,2025-10-17
NZDCAD,employment_change,-1.0,-0.3125,2025-10-17
NZDCAD,unemployment_rate,0.0,0.0,2025-10-17
NZDCAD,wage_growth,0.0,0.0,2025-10-17
NZDCAD,adp,,0.0,2025-10-17
NZDCAD,jolts,,0.0,2025-10-17
NZDCAD,jobless_claims,,0.0,2025-10-17
NZDCAD,rate_expectations,1.0,0.625,2025-10-17
NZDCHF,manufacturing_pmi,0.0,0.0,2025-10-17
NZDCHF,services_pmi,0.0,0.0,2025-10-17
NZDCHF,gdp_qoq,-1.0,-0.20833333333333331,2025-10-17
NZDCHF,retail_sales,0.0,0.0,2025-10-17
NZDCHF,cpi_yoy,0.0,0.0,2025-10-17
NZDCHF,core_cpi,,0.0,2025-10-17
NZDCHF,core_pce,,0.0,2025-10-17
NZDCHF,ppi_yoy,0.0,0.0,2025-10-17
NZDCHF,employment_change,0.0,0.0,2025-10-17
NZDCHF,unemployment_rate,1.0,0.8333333333333333,2025-10-17
NZDCHF,wage_growth,0.0,0.0,2025-10-17
NZDCHF,adp,,0.0,2025-10-17
NZDCHF,jolts,,0.0,2025-10-17
NZDCHF,jobless_claims,,0.0,2025-10-17
NZDCHF,rate_expectations,,0.0,2025-10-17
CADCHF,manufacturing_pmi,0.0,0.0,2025-10-17
CADCHF,services_pmi,,0.0,2025-10-17
CADCHF,gdp_qoq,2.0,0.41666666666666663,2025-10-17
CADCHF,retail_sales,0.0,0.0,2025-10-17
CADCHF,cpi_yoy,0.0,0.0,2025-10-17
CADCHF,core_cpi,0.0,0.0,2025-10-17
CADCHF,core_pce,,0.0,2025-10-17
CADCHF,ppi_yoy,0.0,0.0,2025-10-17
CADCHF,employment_change,1.0,0.3125,2025-10-17
CADCHF,unemployment_rate,1.0,0.8333333333333333,2025-10-17
CADCHF,wage_growth,,0.0,2025-10-17
CADCHF,adp,,0.0,2025-10-17
CADCHF,jolts,,0.0,2025-10-17
CADCHF,jobless_claims,,0.0,2025-10-17
CADCHF,rate_expectations,-1.0,-0.625,2025-10-17
EURUSD,manufacturing_pmi,0.0,0.0,2025-10-24
EURUSD,services_pmi,1.0,0.20833333333333331,2025-10-24
EURUSD,gdp_qoq,0.0,0.0,2025-10-24
EURUSD,retail_sales,-1.0,-0.20833333333333331,2025-10-24
EURUSD,cpi_yoy,0.0,0.0,2025-10-24
EURUSD,core_cpi,1.0,0.0,2025-10-24
EURUSD,core_pce,0.0,0.0,2025-10-24
EURUSD,ppi_yoy,-1.0,-0.625,2025-10-24
EURUSD,employment_change,1.0,0.3125,2025-10-24
EURUSD,unemployment_rate,-1.0,-0.3125,2025-10-24
EURUSD,wage_growth,0.0,0.0,2025-10-24
EURUSD,adp,0.0,0.0,2025-10-24
EURUSD,jolts,0.0,0.0,2025-10-24
EURUSD,jobless_claims,-1.0,0.0,2025-10-24
EURUSD,rate_expectations,0.0,0.0,2025-10-24
GBPUSD,manufacturing_pmi,0.0,0.0,2025-10-24
GBPUSD,services_pmi,1.0,0.20833333333333331,2025-10-24
GBPUSD,gdp_qoq,0.0,0.0,2025-10-24
GBPUSD,retail_sales,-1.0,-0.20833333333333331,2025-10-24
GBPUSD,cpi_yoy,-1.0,-0.20833333333333331,2025-10-24
GBPUSD,core_cpi,-1.0,-0.20833333333333331,2025-10-24
GBPUSD,core_pce,0.0,0.0,2025-10-24
GBPUSD,ppi_yoy,0.0,0.0,2025-10-24
GBPUSD,employment_change,1.0,0.3125,2025-10-24
GBPUSD,unemployment_rate,-1.0,-0.20833333333333331,2025-10-24
GBPUSD,wage_growth,1.0,0.20833333333333331,2025-10-24
GBPUSD,adp,0.0,0.0,2025-10-24
GBPUSD,jolts,0.0,0.0,2025-10-24
GBPUSD,jobless_claims,-1.0,0.0,2025-10-24
GBPUSD,rate_expectations,-2.0,-1.25,2025-10-24
USDJPY,manufacturing_pmi,0.0,0.0,2025-10-24
USDJPY,services_pmi,-1.0,-0.20833333333333331,2025-10-24
USDJPY,gdp_qoq,0.0,0.0,2025-10-24
USDJPY,retail_sales,3.0,1.4583333333333333,2025-10-24
USDJPY,cpi_yoy,0.0,0.0,2025-10-24
USDJPY,core_cpi,0.0,0.0,2025-10-24
USDJPY,core_pce,0.0,0.0,2025-10-24
USDJPY,ppi_yoy,0.0,0.0,2025-10-24
USDJPY,employment_change,-1.0,-0.3125,2025-10-24
USDJPY,unemployment_rate,2.0,0.625,2025-10-24
USDJPY,wage_growth,1.0,0.3125,2025-10-24
USDJPY,adp,0.0,0.0,2025-10-24
USDJPY,jolts,0.0,0.0,2025-10-24
USDJPY,jobless_claims,1.0,0.0,2025-10-24
USDJPY,rate_expectations,0.0,0.0,2025-10-24
USDCHF,manufacturing_pmi,0.0,0.0,2025-10-24
USDCHF,services_pmi,-1.0,-0.20833333333333331,2025-10-24
USDCHF,gdp_qoq,0.0,0.0,2025-10-24
USDCHF,retail_sales,1.0,0.20833333333333331,2025-10-24
USDCHF,cpi_yoy,0.0,0.0,2025-10-24
USDCHF,core_cpi,0.0,0.0,2025-10-24
USDCHF,core_pce,0.0,0.0,2025-10-24
USDCHF,ppi_yoy,0.0,0.0,2025-10-24
USDCHF,employment_change,-1.0,-0.3125,2025-10-24
USDCHF,unemployment_rate,1.0,0.8333333333333333,2025-10-24
USDCHF,wage_growth,0.0,0.0,2025-10-24
USDCHF,adp,0.0,0.0,2025-10-24
USDCHF,jolts,0.0,0.0,2025-10-24
USDCHF,jobless_claims,1.0,0.0,2025-10-24
USDCHF,rate_expectations,0.0,0.0,2025-10-24
USDCAD,manufacturing_pmi,0.0,0.0,2025-10-24
USDCAD,services_pmi,-1.0,-0.20833333333333331,2025-10-24
USDCAD,gdp_qoq,-2.0,-0.625,2025-10-24
USDCAD,retail_sales,1.0,0.20833333333333331,2025-10-24
USDCAD,cpi_yoy,-1.0,-0.20833333333333331,2025-10-24
USDCAD,core_cpi,0.0,0.0,2025-10-24
USDCAD,core_pce,0.0,0.0,2025-10-24
USDCAD,ppi_yoy,-2.0,-0.41666666666666663,2025-10-24
USDCAD,employment_change,-2.0,-0.625,2025-10-24
USDCAD,unemployment_rate,0.0,0.0,2025-10-24
USDCAD,wage_growth,0.0,0.0,2025-10-24
USDCAD,adp,0.0,0.0,2025-10-24
USDCAD,jolts,0.0,0.0,2025-10-24
USDCAD,jobless_claims,1.0,0.0,2025-10-24
USDCAD,rate_expectations,1.0,0.625,2025-10-24
AUDUSD,manufacturing_pmi,0.0,0.0,2025-10-24
AUDUSD,services_pmi,1.0,0.20833333333333331,2025-10-24
AUDUSD,gdp_qoq,1.0,0.625,2025-10-24
AUDUSD,retail_sales,1.0,-0.20833333333333331,2025-10-24
AUDUSD,cpi_yoy,2.0,0.41666666666666663,2025-10-24
AUDUSD,core_cpi,0.0,0.0,2025-10-24
AUDUSD,core_pce,0.0,0.0,2025-10-24
AUDUSD,ppi_yoy,0.0,0.0,2025-10-24
AUDUSD,employment_change,1.0,0.3125,2025-10-24
AUDUSD,unemployment_rate,0.0,0.0,2025-10-24
AUDUSD,wage_growth,0.0,0.0,2025-10-24
AUDUSD,adp,0.0,0.0,2025-10-24
AUDUSD,jolts,0.0,0.0,2025-10-24
AUDUSD,jobless_claims,-1.0,0.0,2025-10-24
AUDUSD,rate_expectations,-1.0,-0.625,2025-10-24
NZDUSD,manufacturing_pmi,0.0,0.0,2025-10-24
NZDUSD,services_pmi,1.0,0.20833333333333331,2025-10-24
NZDUSD,gdp_qoq,-1.0,-0.20833333333333331,2025-10-24
NZDUSD,retail_sales,-1.0,-0.20833333333333331,2025-10-24
NZDUSD,cpi_yoy,1.0,0.41666666666666663,2025-10-24
NZDUSD,core_cpi,0.0,0.0,2025-10-24
NZDUSD,core_pce,0.0,0.0,2025-10-24
NZDUSD,ppi_yoy,0.0,0.0,2025-10-24
NZDUSD,employment_change,1.0,0.3125,2025-10-24
NZDUSD,unemployment_rate,0.0,0.0,2025-10-24
NZDUSD,wage_growth,0.0,0.0,2025-10-24
NZDUSD,adp,0.0,0.0,2025-10-24
NZDUSD,jolts,0.0,0.0,2025-10-24
NZDUSD,jobless_claims,-1.0,0.0,2025-10-24
NZDUSD,rate_expectations,0.0,0.0,2025-10-24
EURGBP,manufacturing_pmi,0.0,0.0,2025-10-24
EURGBP,services_pmi,0.0,0.0,2025-10-24
EURGBP,gdp_qoq,0.0,0.0,2025-10-24
EURGBP,retail_sales,0.0,0.0,2025-10-24
EURGBP,cpi_yoy,1.0,0.20833333333333331,2025-10-24
EURGBP,core_cpi,2.0,0.20833333333333331,2025-10-24
EURGBP,core_pce,,0.0,2025-10-24
EURGBP,ppi_yoy,-1.0,-0.625,2025-10-24
EURGBP,employment_change,0.0,0.0,2025-10-24
EURGBP,unemployment_rate,0.0,-0.10416666666666669,2025-10-24
EURGBP,wage_growth,-1.0,-0.20833333333333331,2025-10-24
EURGBP,adp,,0.0,2025-10-24
EURGBP,jolts,,0.0,2025-10-24
EURGBP,jobless_claims,,0.0,2025-10-24
EURGBP,rate_expectations,2.0,1.25,2025-10-24
EURJPY,manufacturing_pmi,,0.0,2025-10-24
EURJPY,services_pmi,,0.0,2025-10-24
EURJPY,gdp_qoq,0.0,0.0,2025-10-24
EURJPY,retail_sales,2.0,1.25,2025-10-24
EURJPY,cpi_yoy,0.0,0.0,2025-10-24
EURJPY,core_cpi,1.0,0.0,2025-10-24
EURJPY,core_pce,,0.0,2025-10-24
EURJPY,ppi_yoy,-1.0,-0.625,2025-10-24
EURJPY,employment_change,0.0,0.0,2025-10-24
EURJPY,unemployment_rate,1.0,0.3125,2025-10-24
EURJPY,wage_growth,1.0,0.3125,2025-10-24
EURJPY,adp,,0.0,2025-10-24
EURJPY,jolts,,0.0,2025-10-24
EURJPY,jobless_claims,,0.0,2025-10-24
EURJPY,rate_expectations,0.0,0.0,2025-10-24
EURCHF,manufacturing_pmi,,0.0,2025-10-24
EURCHF,services_pmi,,0.0,2025-10-24
EURCHF,gdp_qoq,0.0,0.0,2025-10-24
EURCHF,retail_sales,0.0,0.0,2025-10-24
EURCHF,cpi_yoy,0.0,0.0,2025-10-24
EURCHF,core_cpi,1.0,0.0,2025-10-24
EURCHF,core_pce,,0.0,2025-10-24
EURCHF,ppi_yoy,-1.0,-0.625,2025-10-24
EURCHF,employment_change,0.0,0.0,2025-10-24
EURCHF,unemployment_rate,0.0,0.5208333333333333,2025-10-24
EURCHF,wage_growth,,0.0,2025-10-24
EURCHF,adp,,0.0,2025-10-24
EURCHF,jolts,,0.0,2025-10-24
EURCHF,jobless_claims,,0.0,2025-10-24
EURCHF,rate_expectations,0.0,0.0,2025-10-24
EURAUD,manufacturing_pmi,,0.0,2025-10-24
EURAUD,services_pmi,,0.0,2025-10-24
EURAUD,gdp_qoq,-1.0,-0.625,2025-10-24
EURAUD,retail_sales,-2.0,0.0,2025-10-24
EURAUD,cpi_yoy,-2.0,-0.41666666666666663,2025-10-24
EURAUD,core_cpi,1.0,0.0,2025-10-24
EURAUD,core_pce,,0.0,2025-10-24
EURAUD,ppi_yoy,-1.0,-0.625,2025-10-24
EURAUD,employment_change,0.0,0.0,2025-10-24
EURAUD,unemployment_rate,-1.0,-0.3125,2025-10-24
EURAUD,wage_growth,0.0,0.0,2025-10-24
EURAUD,adp,,0.0,2025-10-24
EURAUD,jolts,,0.0,2025-10-24
EURAUD,jobless_claims,,0.0,2025-10-24
EURAUD,rate_expectations,1.0,0.625,2025-10-24
EURNZD,manufacturing_pmi,0.0,0.0,2025-10-24
EURNZD,services_pmi,0.0,0.0,2025-10-24
EURNZD,gdp_qoq,1.0,0.20833333333333331,2025-10-24
EURNZD,retail_sales,0.0,0.0,2025-10-24
EURNZD,cpi_yoy,-1.0,-0.41666666666666663,2025-10-24
EURNZD,core_cpi,1.0,0.0,2025-10-24
EURNZD,core_pce,,0.0,2025-10-24
EURNZD,ppi_yoy,-1.0,-0.625,2025-10-24
EURNZD,employment_change,0.0,0.0,2025-10-24
EURNZD,unemployment_rate,-1.0,-0.3125,2025-10-24
EURNZD,wage_growth,0.0,0.0,2025-10-24
EURNZD,adp,,0.0,2025-10-24
EURNZD,jolts,,0.0,2025-10-24
EURNZD,jobless_claims,,0.0,2025-10-24
EURNZD,rate_expectations,0.0,0.0,2025-10-24
EURCAD,manufacturing_pmi,0.0,0.0,2025-10-24
EURCAD,services_pmi,,0.0,2025-10-24
EURCAD,gdp_qoq,-2.0,-0.625,2025-10-24
EURCAD,retail_sales,0.0,0.0,2025-10-24
EURCAD,cpi_yoy,-1.0,-0.20833333333333331,2025-10-24
EURCAD,core_cpi,1.0,0.0,2025-10-24
EURCAD,core_pce,,0.0,2025-10-24
EURCAD,ppi_yoy,-3.0,-1.0416666666666665,2025-10-24
EURCAD,employment_change,-1.0,-0.3125,2025-10-24
EURCAD,unemployment_rate,-1.0,-0.3125,2025-10-24
EURCAD,wage_growth,,0.0,2025-10-24
EURCAD,adp,,0.0,2025-10-24
EURCAD,jolts,,0.0,2025-10-24
EURCAD,jobless_claims,,0.0,2025-10-24
EURCAD,rate_expectations,1.0,0.625,2025-10-24
GBPJPY,manufacturing_pmi,0.0,0.0,2025-10-24
GBPJPY,services_pmi,0.0,0.0,2025-10-24
GBPJPY,gdp_qoq,0.0,0.0,2025-10-24
GBPJPY,retail_sales,2.0,1.25,2025-10-24
GBPJPY,cpi_yoy,-1.0,-0.20833333333333331,2025-10-24
GBPJPY,core_cpi,-1.0,-0.20833333333333331,2025-10-24
GBPJPY,core_pce,,0.0,2025-10-24
GBPJPY,ppi_yoy,0.0,0.0,2025-10-24
GBPJPY,employment_change,0.0,0.0,2025-10-24
GBPJPY,unemployment_rate,1.0,0.4166666666666667,2025-10-24
GBPJPY,wage_growth,2.0,0.5208333333333333,2025-10-24
GBPJPY,adp,,0.0,2025-10-24
GBPJPY,jolts,,0.0,2025-10-24
GBPJPY,jobless_claims,,0.0,2025-10-24
GBPJPY,rate_expectations,-2.0,-1.25,2025-10-24
GBPCHF,manufacturing_pmi,0.0,0.0,2025-10-24
GBPCHF,services_pmi,0.0,0.0,2025-10-24
GBPCHF,gdp_qoq,0.0,0.0,2025-10-24
GBPCHF,retail_sales,0.0,0.0,2025-10-24
GBPCHF,cpi_yoy,-1.0,-0.20833333333333331,2025-10-24
GBPCHF,core_cpi,-1.0,-0.20833333333333331,2025-10-24
GBPCHF,core_pce,,0.0,2025-10-24
GBPCHF,ppi_yoy,0.0,0.0,2025-10-24
GBPCHF,employment_change,0.0,0.0,2025-10-24
GBPCHF,unemployment_rate,0.0,0.625,2025-10-24
GBPCHF,wage_growth,1.0,0.20833333333333331,2025-10-24
GBPCHF,adp,,0.0,2025-10-24
GBPCHF,jolts,,0.0,2025-10-24
GBPCHF,jobless_claims,,0.0,2025-10-24
GBPCHF,rate_expectations,-2.0,-1.25,2025-10-24
GBPAUD,manufacturing_pmi,0.0,0.0,2025-10-24
GBPAUD,services_pmi,0.0,0.0,2025-10-24
GBPAUD,gdp_qoq,-1.0,-0.625,2025-10-24
GBPAUD,retail_sales,-2.0,0.0,2025-10-24
GBPAUD,cpi_yoy,-3.0,-0.625,2025-10-24
GBPAUD,core_cpi,-1.0,-0.20833333333333331,2025-10-24
GBPAUD,core_pce,,0.0,2025-10-24
GBPAUD,ppi_yoy,0.0,0.0,2025-10-24
GBPAUD,employment_change,0.0,0.0,2025-10-24
GBPAUD,unemployment_rate,-1.0,-0.20833333333333331,2025-10-24
GBPAUD,wage_growth,1.0,0.20833333333333331,2025-10-24
GBPAUD,adp,,0.0,2025-10-24
GBPAUD,jolts,,0.0,2025-10-24
GBPAUD,jobless_claims,,0.0,2025-10-24
GBPAUD,rate_expectations,-1.0,-0.625,2025-10-24
GBPNZD,manufacturing_pmi,0.0,0.0,2025-10-24
GBPNZD,services_pmi,0.0,0.0,2025-10-24
GBPNZD,gdp_qoq,1.0,0.20833333333333331,2025-10-24
GBPNZD,retail_sales,0.0,0.0,2025-10-24
GBPNZD,cpi_yoy,-2.0,-0.625,2025-10-24
GBPNZD,core_cpi,-1.0,-0.20833333333333331,2025-10-24
GBPNZD,core_pce,,0.0,2025-10-24
GBPNZD,ppi_yoy,0.0,0.0,2025-10-24
GBPNZD,employment_change,0.0,0.0,2025-10-24
GBPNZD,unemployment_rate,-1.0,-0.20833333333333331,2025-10-24
GBPNZD,wage_growth,1.0,0.20833333333333331,2025-10-24
GBPNZD,adp,,0.0,2025-10-24
GBPNZD,jolts,,0.0,2025-10-24
GBPNZD,jobless_claims,,0.0,2025-10-24
GBPNZD,rate_expectations,-2.0,-1.25,2025-10-24
GBPCAD,manufacturing_pmi,0.0,0.0,2025-10-24
GBPCAD,services_pmi,0.0,0.0,2025-10-24
GBPCAD,gdp_qoq,-2.0,-0.625,2025-10-24
GBPCAD,retail_sales,0.0,0.0,2025-10-24
GBPCAD,cpi_yoy,-2.0,-0.41666666666666663,2025-10-24
GBPCAD,core_cpi,-1.0,-0.20833333333333331,2025-10-24
GBPCAD,core_pce,,0.0,2025-10-24
GBPCAD,ppi_yoy,-2.0,-0.41666666666666663,2025-10-24
GBPCAD,employment_change,-1.0,-0.3125,2025-10-24
GBPCAD,unemployment_rate,-1.0,-0.20833333333333331,2025-10-24
GBPCAD,wage_growth,1.0,0.20833333333333331,2025-10-24
GBPCAD,adp,,0.0,2025-10-24
GBPCAD,jolts,,0.0,2025-10-24
GBPCAD,jobless_claims,,0.0,2025-10-24
GBPCAD,rate_expectations,-1.0,-0.625,2025-10-24
AUDJPY,manufacturing_pmi,,0.0,2025-10-24
AUDJPY,services_pmi,,0.0,2025-10-24
AUDJPY,gdp_qoq,1.0,0.625,2025-10-24
AUDJPY,retail_sales,4.0,1.25,2025-10-24
AUDJPY,cpi_yoy,2.0,0.41666666666666663,2025-10-24
AUDJPY,core_cpi,0.0,0.0,2025-10-24
AUDJPY,core_pce,,0.0,2025-10-24
AUDJPY,ppi_yoy,0.0,0.0,2025-10-24
AUDJPY,employment_change,0.0,0.0,2025-10-24
AUDJPY,unemployment_rate,2.0,0.625,2025-10-24
AUDJPY,wage_growth,1.0,0.3125,2025-10-24
AUDJPY,adp,,0.0,2025-10-24
AUDJPY,jolts,,0.0,2025-10-24
AUDJPY,jobless_claims,,0.0,2025-10-24
AUDJPY,rate_expectations,-1.0,-0.625,2025-10-24
NZDJPY,manufacturing_pmi,0.0,0.0,2025-10-24
NZDJPY,services_pmi,0.0,0.0,2025-10-24
NZDJPY,gdp_qoq,-1.0,-0.20833333333333331,2025-10-24
NZDJPY,retail_sales,2.0,1.25,2025-10-24
NZDJPY,cpi_yoy,1.0,0.41666666666666663,2025-10-24
NZDJPY,core_cpi,0.0,0.0,2025-10-24
NZDJPY,core_pce,,0.0,2025-10-24
NZDJPY,ppi_yoy,0.0,0.0,2025-10-24
NZDJPY,employment_change,0.0,0.0,2025-10-24
NZDJPY,unemployment_rate,2.0,0.625,2025-10-24
NZDJPY,wage_growth,1.0,0.3125,2025-10-24
NZDJPY,adp,,0.0,2025-10-24
NZDJPY,jolts,,0.0,2025-10-24
NZDJPY,jobless_claims,,0.0,2025-10-24
NZDJPY,rate_expectations,0.0,0.0,2025-10-24
CADJPY,manufacturing_pmi,0.0,0.0,2025-10-24
CADJPY,services_pmi,,0.0,2025-10-24
CADJPY,gdp_qoq,2.0,0.625,2025-10-24
CADJPY,retail_sales,2.0,1.25,2025-10-24
CADJPY,cpi_yoy,1.0,0.20833333333333331,2025-10-24
CADJPY,core_cpi,0.0,0.0,2025-10-24
CADJPY,core_pce,,0.0,2025-10-24
CADJPY,ppi_yoy,2.0,0.41666666666666663,2025-10-24
CADJPY,employment_change,1.0,0.3125,2025-10-24
CADJPY,unemployment_rate,2.0,0.625,2025-10-24
CADJPY,wage_growth,1.0,0.3125,2025-10-24
CADJPY,adp,,0.0,2025-10-24
CADJPY,jolts,,0.0,2025-10-24
CADJPY,jobless_claims,,0.0,2025-10-24
CADJPY,rate_expectations,-1.0,-0.625,2025-10-24
CHFJPY,manufacturing_pmi,,0.0,2025-10-24
CHFJPY,services_pmi,,0.0,2025-10-24
CHFJPY,gdp_qoq,0.0,0.0,2025-10-24
CHFJPY,retail_sales,2.0,1.25,2025-10-24
CHFJPY,cpi_yoy,0.0,0.0,2025-10-24
CHFJPY,core_cpi,0.0,0.0,2025-10-24
CHFJPY,core_pce,,0.0,2025-10-24
CHFJPY,ppi_yoy,0.0,0.0,2025-10-24
CHFJPY,employment_change,,0.0,2025-10-24
CHFJPY,unemployment_rate,1.0,-0.20833333333333326,2025-10-24
CHFJPY,wage_growth,1.0,0.3125,2025-10-24
CHFJPY,adp,,0.0,2025-10-24
CHFJPY,jolts,,0.0,2025-10-24
CHFJPY,jobless_claims,,0.0,2025-10-24
CHFJPY,rate_expectations,0.0,0.0,2025-10-24
AUDNZD,manufacturing_pmi,0.0,0.0,2025-10-24
AUDNZD,services_pmi,0.0,0.0,2025-10-24
AUDNZD,gdp_qoq,2.0,0.8333333333333333,2025-10-24
AUDNZD,retail_sales,2.0,0.0,2025-10-24
AUDNZD,cpi_yoy,1.0,0.0,2025-10-24
AUDNZD,core_cpi,0.0,0.0,2025-10-24
AUDNZD,core_pce,,0.0,2025-10-24
AUDNZD,ppi_yoy,0.0,0.0,2025-10-24
AUDNZD,employment_change,0.0,0.0,2025-10-24
AUDNZD,unemployment_rate,0.0,0.0,2025-10-24
AUDNZD,wage_growth,0.0,0.0,2025-10-24
AUDNZD,adp,,0.0,2025-10-24
AUDNZD,jolts,,0.0,2025-10-24
AUDNZD,jobless_claims,,0.0,2025-10-24
AUDNZD,rate_expectations,-1.0,-0.625,2025-10-24
AUDCAD,manufacturing_pmi,0.0,0.0,2025-10-24
AUDCAD,services_pmi,,0.0,2025-10-24
AUDCAD,gdp_qoq,-1.0,0.0,2025-10-24
AUDCAD,retail_sales,2.0,0.0,2025-10-24
AUDCAD,cpi_yoy,1.0,0.20833333333333331,2025-10-24
AUDCAD,core_cpi,0.0,0.0,2025-10-24
AUDCAD,core_pce,,0.0,2025-10-24
AUDCAD,ppi_yoy,-2.0,-0.41666666666666663,2025-10-24
AUDCAD,employment_change,-1.0,-0.3125,2025-10-24
AUDCAD,unemployment_rate,0.0,0.0,2025-10-24
AUDCAD,wage_growth,0.0,0.0,2025-10-24
AUDCAD,adp,,0.0,2025-10-24
AUDCAD,jolts,,0.0,2025-10-24
AUDCAD,jobless_claims,,0.0,2025-10-24
AUDCAD,rate_expectations,0.0,0.0,2025-10-24
AUDCHF,manufacturing_pmi,,0.0,2025-10-24
AUDCHF,services_pmi,,0.0,2025-10-24
AUDCHF,gdp_qoq,1.0,0.625,2025-10-24
AUDCHF,retail_sales,2.0,0.0,2025-10-24
AUDCHF,cpi_yoy,2.0,0.41666666666666663,2025-10-24
AUDCHF,core_cpi,0.0,0.0,2025-10-24
AUDCHF,core_pce,,0.0,2025-10-24
AUDCHF,ppi_yoy,0.0,0.0,2025-10-24
AUDCHF,employment_change,0.0,0.0,2025-10-24
AUDCHF,unemployment_rate,1.0,0.8333333333333333,2025-10-24
AUDCHF,wage_growth,0.0,0.0,2025-10-24
AUDCHF,adp,,0.0,2025-10-24
AUDCHF,jolts,,0.0,2025-10-24
AUDCHF,jobless_claims,,0.0,2025-10-24
AUDCHF,rate_expectations,-1.0,-0.625,2025-10-24
NZDCAD,manufacturing_pmi,0.0,0.0,2025-10-24
NZDCAD,services_pmi,0.0,0.0,2025-10-24
NZDCAD,gdp_qoq,-3.0,-0.8333333333333333,2025-10-24
NZDCAD,retail_sales,0.0,0.0,2025-10-24
NZDCAD,cpi_yoy,0.0,0.20833333333333331,2025-10-24
NZDCAD,core_cpi,0.0,0.0,2025-10-24
NZDCAD,core_pce,,0.0,2025-10-24
NZDCAD,ppi_yoy,-2.0,-0.41666666666666663,2025-10-24
NZDCAD,employment_change,-1.0,-0.3125,2025-10-24
NZDCAD,unemployment_rate,0.0,0.0,2025-10-24
NZDCAD,wage_growth,0.0,0.0,2025-10-24
NZDCAD,adp,,0.0,2025-10-24
NZDCAD,jolts,,0.0,2025-10-24
NZDCAD,jobless_claims,,0.0,2025-10-24
NZDCAD,rate_expectations,1.0,0.625,2025-10-24
NZDCHF,manufacturing_pmi,0.0,0.0,2025-10-24
NZDCHF,services_pmi,0.0,0.0,2025-10-24
NZDCHF,gdp_qoq,-1.0,-0.20833333333333331,2025-10-24
NZDCHF,retail_sales,0.0,0.0,2025-10-24
NZDCHF,cpi_yoy,1.0,0.41666666666666663,2025-10-24
NZDCHF,core_cpi,,0.0,2025-10-24
NZDCHF,core_pce,,0.0,2025-10-24
NZDCHF,ppi_yoy,0.0,0.0,2025-10-24
NZDCHF,employment_change,0.0,0.0,2025-10-24
NZDCHF,unemployment_rate,1.0,0.8333333333333333,2025-10-24
NZDCHF,wage_growth,0.0,0.0,2025-10-24
NZDCHF,adp,,0.0,2025-10-24
NZDCHF,jolts,,0.0,2025-10-24
NZDCHF,jobless_claims,,0.0,2025-10-24
NZDCHF,rate_expectations,,0.0,2025-10-24
CADCHF,manufacturing_pmi,0.0,0.0,2025-10-24
CADCHF,services_pmi,,0.0,2025-10-24
CADCHF,gdp_qoq,2.0,0.625,2025-10-24
CADCHF,retail_sales,0.0,0.0,2025-10-24
CADCHF,cpi_yoy,1.0,0.20833333333333331,2025-10-24
CADCHF,core_cpi,0.0,0.0,2025-10-24
CADCHF,core_pce,,0.0,2025-10-24
CADCHF,ppi_yoy,2.0,0.41666666666666663,2025-10-24
CADCHF,employment_change,1.0,0.3125,2025-10-24
CADCHF,unemployment_rate,1.0,0.8333333333333333,2025-10-24
CADCHF,wage_growth,,0.0,2025-10-24
CADCHF,adp,,0.0,2025-10-24
CADCHF,jolts,,0.0,2025-10-24
CADCHF,jobless_claims,,0.0,2025-10-24
CADCHF,rate_expectations,-1.0,-0.625,2025-10-24
EURUSD,manufacturing_pmi,0.0,0.0,2025-10-31
EURUSD,services_pmi,1.0,0.20833333333333331,2025-10-31
EURUSD,gdp_qoq,1.0,0.3125,2025-10-31
EURUSD,retail_sales,-1.0,-0.20833333333333331,2025-10-31
EURUSD,cpi_yoy,1.0,0.20833333333333331,2025-10-31
EURUSD,core_cpi,2.0,0.20833333333333331,2025-10-31
EURUSD,core_pce,0.0,0.0,2025-10-31
EURUSD,ppi_yoy,-1.0,-0.625,2025-10-31
EURUSD,employment_change,1.0,0.3125,2025-10-31
EURUSD,unemployment_rate,0.0,0.0,2025-10-31
EURUSD,wage_growth,0.0,0.0,2025-10-31
EURUSD,adp,0.0,0.0,2025-10-31
EURUSD,jolts,0.0,0.0,2025-10-31
EURUSD,jobless_claims,-1.0,0.0,2025-10-31
EURUSD,rate_expectations,0.0,0.0,2025-10-31
GBPUSD,manufacturing_pmi,0.0,0.0,2025-10-31
GBPUSD,services_pmi,1.0,0.20833333333333331,2025-10-31
GBPUSD,gdp_qoq,0.0,0.0,2025-10-31
GBPUSD,retail_sales,0.0,0.0,2025-10-31
GBPUSD,cpi_yoy,0.0,0.0,2025-10-31
GBPUSD,core_cpi,0.0,0.0,2025-10-31
GBPUSD,core_pce,0.0,0.0,2025-10-31
GBPUSD,ppi_yoy,0.0,0.0,2025-10-31
GBPUSD,employment_change,1.0,0.3125,2025-10-31
GBPUSD,unemployment_rate,-1.0,-0.20833333333333331,2025-10-31
GBPUSD,wage_growth,1.0,0.20833333333333331,2025-10-31
GBPUSD,adp,0.0,0.0,2025-10-31
GBPUSD,jolts,0.0,0.0,2025-10-31
GBPUSD,jobless_claims,-1.0,0.0,2025-10-31
GBPUSD,rate_expectations,-2.0,-1.25,2025-10-31
USDJPY,manufacturing_pmi,0.0,0.0,2025-10-31
USDJPY,services_pmi,-1.0,-0.20833333333333331,2025-10-31
USDJPY,gdp_qoq,0.0,0.0,2025-10-31
USDJPY,retail_sales,1.0,0.20833333333333331,2025-10-31
USDJPY,cpi_yoy,-1.0,-0.20833333333333331,2025-10-31
USDJPY,core_cpi,-1.0,-0.20833333333333331,2025-10-31
USDJPY,core_pce,0.0,0.0,2025-10-31
USDJPY,ppi_yoy,0.0,0.0,2025-10-31
USDJPY,employment_change,-1.0,-0.3125,2025-10-31
USDJPY,unemployment_rate,1.0,0.3125,2025-10-31
USDJPY,wage_growth,1.0,0.3125,2025-10-31
USDJPY,adp,0.0,0.0,2025-10-31
USDJPY,jolts,0.0,0.0,2025-10-31
USDJPY,jobless_claims,1.0,0.0,2025-10-31
USDJPY,rate_expectations,0.0,0.0,2025-10-31
USDCHF,manufacturing_pmi,0.0,0.0,2025-10-31
USDCHF,services_pmi,-1.0,-0.20833333333333331,2025-10-31
USDCHF,gdp_qoq,0.0,0.0,2025-10-31
USDCHF,retail_sales,1.0,0.20833333333333331,2025-10-31
USDCHF,cpi_yoy,-1.0,-0.20833333333333331,2025-10-31
USDCHF,core_cpi,-1.0,-0.20833333333333331,2025-10-31
USDCHF,core_pce,0.0,0.0,2025-10-31
USDCHF,ppi_yoy,0.0,0.0,2025-10-31
USDCHF,employment_change,-1.0,-0.3125,2025-10-31
USDCHF,unemployment_rate,1.0,0.8333333333333333,2025-10-31
USDCHF,wage_growth,0.0,0.0,2025-10-31
USDCHF,adp,0.0,0.0,2025-10-31
USDCHF,jolts,0.0,0.0,2025-10-31
USDCHF,jobless_claims,1.0,0.0,2025-10-31
USDCHF,rate_expectations,0.0,0.0,2025-10-31
USDCAD,manufacturing_pmi,0.0,0.0,2025-10-31
USDCAD,services_pmi,-1.0,-0.20833333333333331,2025-10-31
USDCAD,gdp_qoq,-2.0,-0.625,2025-10-31
USDCAD,retail_sales,1.0,0.20833333333333331,2025-10-31
USDCAD,cpi_yoy,-2.0,-0.41666666666666663,2025-10-31
USDCAD,core_cpi,-1.0,-0.20833333333333331,2025-10-31
USDCAD,core_pce,0.0,0.0,2025-10-31
USDCAD,ppi_yoy,-2.0,-0.41666666666666663,2025-10-31
USDCAD,employment_change,-2.0,-0.625,2025-10-31
USDCAD,unemployment_rate,0.0,0.0,2025-10-31
USDCAD,wage_growth,0.0,0.0,2025-10-31
USDCAD,adp,0.0,0.0,2025-10-31
USDCAD,jolts,0.0,0.0,2025-10-31
USDCAD,jobless_claims,1.0,0.0,2025-10-31
USDCAD,rate_expectations,0.0,0.0,2025-10-31
AUDUSD,manufacturing_pmi,0.0,0.0,2025-10-31
AUDUSD,services_pmi,1.0,0.20833333333333331,2025-10-31
AUDUSD,gdp_qoq,1.0,0.625,2025-10-31
AUDUSD,retail_sales,1.0,-0.20833333333333331,2025-10-31
AUDUSD,cpi_yoy,3.0,0.625,2025-10-31
AUDUSD,core_cpi,2.0,0.41666666666666663,2025-10-31
AUDUSD,core_pce,0.0,0.0,2025-10-31
AUDUSD,ppi_yoy,0.0,0.0,2025-10-31
AUDUSD,employment_change,1.0,0.3125,2025-10-31
AUDUSD,unemployment_rate,0.0,0.0,2025-10-31
AUDUSD,wage_growth,0.0,0.0,2025-10-31
AUDUSD,adp,0.0,0.0,2025-10-31
AUDUSD,jolts,0.0,0.0,2025-10-31
AUDUSD,jobless_claims,-1.0,0.0,2025-10-31
AUDUSD,rate_expectations,0.0,0.0,2025-10-31
NZDUSD,manufacturing_pmi,0.0,0.0,2025-10-31
NZDUSD,services_pmi,1.0,0.20833333333333331,2025-10-31
NZDUSD,gdp_qoq,-1.0,-0.20833333333333331,2025-10-31
NZDUSD,retail_sales,-1.0,-0.20833333333333331,2025-10-31
NZDUSD,cpi_yoy,2.0,0.625,2025-10-31
NZDUSD,core_cpi,1.0,0.20833333333333331,2025-10-31
NZDUSD,core_pce,0.0,0.0,2025-10-31
NZDUSD,ppi_yoy,0.0,0.0,2025-10-31
NZDUSD,employment_change,1.0,0.3125,2025-10-31
NZDUSD,unemployment_rate,0.0,0.0,2025-10-31
NZDUSD,wage_growth,0.0,0.0,2025-10-31
NZDUSD,adp,0.0,0.0,2025-10-31
NZDUSD,jolts,0.0,0.0,2025-10-31
NZDUSD,jobless_claims,-1.0,0.0,2025-10-31
NZDUSD,rate_expectations,0.0,0.0,2025-10-31
EURGBP,manufacturing_pmi,0.0,0.0,2025-10-31
EURGBP,services_pmi,0.0,0.0,2025-10-31
EURGBP,gdp_qoq,1.0,0.3125,2025-10-31
EURGBP,retail_sales,-1.0,-0.20833333333333331,2025-10-31
EURGBP,cpi_yoy,1.0,0.20833333333333331,2025-10-31
EURGBP,core_cpi,2.0,0.20833333333333331,2025-10-31
EURGBP,core_pce,,0.0,2025-10-31
EURGBP,ppi_yoy,-1.0,-0.625,2025-10-31
EURGBP,employment_change,0.0,0.0,2025-10-31
EURGBP,unemployment_rate,1.0,0.20833333333333331,2025-10-31
EURGBP,wage_growth,-1.0,-0.20833333333333331,2025-10-31
EURGBP,adp,,0.0,2025-10-31
EURGBP,jolts,,0.0,2025-10-31
EURGBP,jobless_claims,,0.0,2025-10-31
EURGBP,rate_expectations,2.0,1.25,2025-10-31
EURJPY,manufacturing_pmi,,0.0,2025-10-31
EURJPY,services_pmi,,0.0,2025-10-31
EURJPY,gdp_qoq,1.0,0.3125,2025-10-31
EURJPY,retail_sales,0.0,0.0,2025-10-31
EURJPY,cpi_yoy,0.0,0.0,2025-10-31
EURJPY,core_cpi,1.0,0.0,2025-10-31
EURJPY,core_pce,,0.0,2025-10-31
EURJPY,ppi_yoy,-1.0,-0.625,2025-10-31
EURJPY,employment_change,0.0,0.0,2025-10-31
EURJPY,unemployment_rate,1.0,0.3125,2025-10-31
EURJPY,wage_growth,1.0,0.3125,2025-10-31
EURJPY,adp,,0.0,2025-10-31
EURJPY,jolts,,0.0,2025-10-31
EURJPY,jobless_claims,,0.0,2025-10-31
EURJPY,rate_expectations,0.0,0.0,2025-10-31
EURCHF,manufacturing_pmi,,0.0,2025-10-31
EURCHF,services_pmi,,0.0,2025-10-31
EURCHF,gdp_qoq,1.0,0.3125,2025-10-31
EURCHF,retail_sales,0.0,0.0,2025-10-31
EURCHF,cpi_yoy,0.0,0.0,2025-10-31
EURCHF,core_cpi,1.0,0.0,2025-10-31
EURCHF,core_pce,,0.0,2025-10-31
EURCHF,ppi_yoy,-1.0,-0.625,2025-10-31
EURCHF,employment_change,0.0,0.0,2025-10-31
EURCHF,unemployment_rate,1.0,0.8333333333333333,2025-10-31
EURCHF,wage_growth,,0.0,2025-10-31
EURCHF,adp,,0.0,2025-10-31
EURCHF,jolts,,0.0,2025-10-31
EURCHF,jobless_claims,,0.0,2025-10-31
EURCHF,rate_expectations,0.0,0.0,2025-10-31
EURAUD,manufacturing_pmi,,0.0,2025-10-31
EURAUD,services_pmi,,0.0,2025-10-31
EURAUD,gdp_qoq,0.0,-0.3125,2025-10-31
EURAUD,retail_sales,-2.0,0.0,2025-10-31
EURAUD,cpi_yoy,-2.0,-0.41666666666666663,2025-10-31
EURAUD,core_cpi,0.0,-0.20833333333333331,2025-10-31
EURAUD,core_pce,,0.0,2025-10-31
EURAUD,ppi_yoy,-1.0,-0.625,2025-10-31
EURAUD,employment_change,0.0,0.0,2025-10-31
EURAUD,unemployment_rate,0.0,0.0,2025-10-31
EURAUD,wage_growth,0.0,0.0,2025-10-31
EURAUD,adp,,0.0,2025-10-31
EURAUD,jolts,,0.0,2025-10-31
EURAUD,jobless_claims,,0.0,2025-10-31
EURAUD,rate_expectations,0.0,0.0,2025-10-31
EURNZD,manufacturing_pmi,0.0,0.0,2025-10-31
EURNZD,services_pmi,0.0,0.0,2025-10-31
EURNZD,gdp_qoq,2.0,0.5208333333333333,2025-10-31
EURNZD,retail_sales,0.0,0.0,2025-10-31
EURNZD,cpi_yoy,-1.0,-0.41666666666666663,2025-10-31
EURNZD,core_cpi,1.0,0.0,2025-10-31
EURNZD,core_pce,,0.0,2025-10-31
EURNZD,ppi_yoy,-1.0,-0.625,2025-10-31
EURNZD,employment_change,0.0,0.0,2025-10-31
EURNZD,unemployment_rate,0.0,0.0,2025-10-31
EURNZD,wage_growth,0.0,0.0,2025-10-31
EURNZD,adp,,0.0,2025-10-31
EURNZD,jolts,,0.0,2025-10-31
EURNZD,jobless_claims,,0.0,2025-10-31
EURNZD,rate_expectations,0.0,0.0,2025-10-31
EURCAD,manufacturing_pmi,0.0,0.0,2025-10-31
EURCAD,services_pmi,,0.0,2025-10-31
EURCAD,gdp_qoq,-1.0,-0.3125,2025-10-31
EURCAD,retail_sales,0.0,0.0,2025-10-31
EURCAD,cpi_yoy,-1.0,-0.20833333333333331,2025-10-31
EURCAD,core_cpi,1.0,0.0,2025-10-31
EURCAD,core_pce,,0.0,2025-10-31
EURCAD,ppi_yoy,-3.0,-1.0416666666666665,2025-10-31
EURCAD,employment_change,-1.0,-0.3125,2025-10-31
EURCAD,unemployment_rate,0.0,0.0,2025-10-31
EURCAD,wage_growth,,0.0,2025-10-31
EURCAD,adp,,0.0,2025-10-31
EURCAD,jolts,,0.0,2025-10-31
EURCAD,jobless_claims,,0.0,2025-10-31
EURCAD,rate_expectations,0.0,0.0,2025-10-31
GBPJPY,manufacturing_pmi,0.0,0.0,2025-10-31
GBPJPY,services_pmi,0.0,0.0,2025-10-31
GBPJPY,gdp_qoq,0.0,0.0,2025-10-31
GBPJPY,retail_sales,1.0,0.20833333333333331,2025-10-31
GBPJPY,cpi_yoy,-1.0,-0.20833333333333331,2025-10-31
GBPJPY,core_cpi,-1.0,-0.20833333333333331,2025-10-31
GBPJPY,core_pce,,0.0,2025-10-31
GBPJPY,ppi_yoy,0.0,0.0,2025-10-31
GBPJPY,employment_change,0.0,0.0,2025-10-31
GBPJPY,unemployment_rate,0.0,0.10416666666666669,2025-10-31
GBPJPY,wage_growth,2.0,0.5208333333333333,2025-10-31
GBPJPY,adp,,0.0,2025-10-31
GBPJPY,jolts,,0.0,2025-10-31
GBPJPY,jobless_claims,,0.0,2025-10-31
GBPJPY,rate_expectations,-2.0,-1.25,2025-10-31
GBPCHF,manufacturing_pmi,0.0,0.0,2025-10-31
GBPCHF,services_pmi,0.0,0.0,2025-10-31
GBPCHF,gdp_qoq,0.0,0.0,2025-10-31
GBPCHF,retail_sales,1.0,0.20833333333333331,2025-10-31
GBPCHF,cpi_yoy,-1.0,-0.20833333333333331,2025-10-31
GBPCHF,core_cpi,-1.0,-0.20833333333333331,2025-10-31
GBPCHF,core_pce,,0.0,2025-10-31
GBPCHF,ppi_yoy,0.0,0.0,2025-10-31
GBPCHF,employment_change,0.0,0.0,2025-10-31
GBPCHF,unemployment_rate,0.0,0.625,2025-10-31
GBPCHF,wage_growth,1.0,0.20833333333333331,2025-10-31
GBPCHF,adp,,0.0,2025-10-31
GBPCHF,jolts,,0.0,2025-10-31
GBPCHF,jobless_claims,,0.0,2025-10-31
GBPCHF,rate_expectations,-2.0,-1.25,2025-10-31
GBPAUD,manufacturing_pmi,0.0,0.0,2025-10-31
GBPAUD,services_pmi,0.0,0.0,2025-10-31
GBPAUD,gdp_qoq,-1.0,-0.625,2025-10-31
GBPAUD,retail_sales,-1.0,0.20833333333333331,2025-10-31
GBPAUD,cpi_yoy,-3.0,-0.625,2025-10-31
GBPAUD,core_cpi,-2.0,-0.41666666666666663,2025-10-31
GBPAUD,core_pce,,0.0,2025-10-31
GBPAUD,ppi_yoy,0.0,0.0,2025-10-31
GBPAUD,employment_change,0.0,0.0,2025-10-31
GBPAUD,unemployment_rate,-1.0,-0.20833333333333331,2025-10-31
GBPAUD,wage_growth,1.0,0.20833333333333331,2025-10-31
GBPAUD,adp,,0.0,2025-10-31
GBPAUD,jolts,,0.0,2025-10-31
GBPAUD,jobless_claims,,0.0,2025-10-31
GBPAUD,rate_expectations,-2.0,-1.25,2025-10-31
GBPNZD,manufacturing_pmi,0.0,0.0,2025-10-31
GBPNZD,services_pmi,0.0,0.0,2025-10-31
GBPNZD,gdp_qoq,1.0,0.20833333333333331,2025-10-31
GBPNZD,retail_sales,1.0,0.20833333333333331,2025-10-31
GBPNZD,cpi_yoy,-2.0,-0.625,2025-10-31
GBPNZD,core_cpi,-1.0,-0.20833333333333331,2025-10-31
GBPNZD,core_pce,,0.0,2025-10-31
GBPNZD,ppi_yoy,0.0,0.0,2025-10-31
GBPNZD,employment_change,0.0,0.0,2025-10-31
GBPNZD,unemployment_rate,-1.0,-0.20833333333333331,2025-10-31
GBPNZD,wage_growth,1.0,0.20833333333333331,2025-10-31
GBPNZD,adp,,0.0,2025-10-31
GBPNZD,jolts,,0.0,2025-10-31
GBPNZD,jobless_claims,,0.0,2025-10-31
GBPNZD,rate_expectations,-2.0,-1.25,2025-10-31
GBPCAD,manufacturing_pmi,0.0,0.0,2025-10-31
GBPCAD,services_pmi,0.0,0.0,2025-10-31
GBPCAD,gdp_qoq,-2.0,-0.625,2025-10-31
GBPCAD,retail_sales,1.0,0.20833333333333331,2025-10-31
GBPCAD,cpi_yoy,-2.0,-0.41666666666666663,2025-10-31
GBPCAD,core_cpi,-1.0,-0.20833333333333331,2025-10-31
GBPCAD,core_pce,,0.0,2025-10-31
GBPCAD,ppi_yoy,-2.0,-0.41666666666666663,2025-10-31
GBPCAD,employment_change,-1.0,-0.3125,2025-10-31
GBPCAD,unemployment_rate,-1.0,-0.20833333333333331,2025-10-31
GBPCAD,wage_growth,1.0,0.20833333333333331,2025-10-31
GBPCAD,adp,,0.0,2025-10-31
GBPCAD,jolts,,0.0,2025-10-31
GBPCAD,jobless_claims,,0.0,2025-10-31
GBPCAD,rate_expectations,-2.0,-1.25,2025-10-31
AUDJPY,manufacturing_pmi,,0.0,2025-10-31
AUDJPY,services_pmi,,0.0,2025-10-31
AUDJPY,gdp_qoq,1.0,0.625,2025-10-31
AUDJPY,retail_sales,2.0,0.0,2025-10-31
AUDJPY,cpi_yoy,2.0,0.41666666666666663,2025-10-31
AUDJPY,core_cpi,1.0,0.20833333333333331,2025-10-31
AUDJPY,core_pce,,0.0,2025-10-31
AUDJPY,ppi_yoy,0.0,0.0,2025-10-31
AUDJPY,employment_change,0.0,0.0,2025-10-31
AUDJPY,unemployment_rate,1.0,0.3125,2025-10-31
AUDJPY,wage_growth,1.0,0.3125,2025-10-31
AUDJPY,adp,,0.0,2025-10-31
AUDJPY,jolts,,0.0,2025-10-31
AUDJPY,jobless_claims,,0.0,2025-10-31
AUDJPY,rate_expectations,0.0,0.0,2025-10-31
NZDJPY,manufacturing_pmi,0.0,0.0,2025-10-31
NZDJPY,services_pmi,0.0,0.0,2025-10-31
NZDJPY,gdp_qoq,-1.0,-0.20833333333333331,2025-10-31
NZDJPY,retail_sales,0.0,0.0,2025-10-31
NZDJPY,cpi_yoy,1.0,0.41666666666666663,2025-10-31
NZDJPY,core_cpi,0.0,0.0,2025-10-31
NZDJPY,core_pce,,0.0,2025-10-31
NZDJPY,ppi_yoy,0.0,0.0,2025-10-31
NZDJPY,employment_change,0.0,0.0,2025-10-31
NZDJPY,unemployment_rate,1.0,0.3125,2025-10-31
NZDJPY,wage_growth,1.0,0.3125,2025-10-31
NZDJPY,adp,,0.0,2025-10-31
NZDJPY,jolts,,0.0,2025-10-31
NZDJPY,jobless_claims,,0.0,2025-10-31
NZDJPY,rate_expectations,0.0,0.0,2025-10-31
CADJPY,manufacturing_pmi,0.0,0.0,2025-10-31
CADJPY,services_pmi,,0.0,2025-10-31
CADJPY,gdp_qoq,2.0,0.625,2025-10-31
CADJPY,retail_sales,0.0,0.0,2025-10-31
CADJPY,cpi_yoy,1.0,0.20833333333333331,2025-10-31
CADJPY,core_cpi,0.0,0.0,2025-10-31
CADJPY,core_pce,,0.0,2025-10-31
CADJPY,ppi_yoy,2.0,0.41666666666666663,2025-10-31
CADJPY,employment_change,1.0,0.3125,2025-10-31
CADJPY,unemployment_rate,1.0,0.3125,2025-10-31
CADJPY,wage_growth,1.0,0.3125,2025-10-31
CADJPY,adp,,0.0,2025-10-31
CADJPY,jolts,,0.0,2025-10-31
CADJPY,jobless_claims,,0.0,2025-10-31
CADJPY,rate_expectations,0.0,0.0,2025-10-31
CHFJPY,manufacturing_pmi,,0.0,2025-10-31
CHFJPY,services_pmi,,0.0,2025-10-31
CHFJPY,gdp_qoq,0.0,0.0,2025-10-31
CHFJPY,retail_sales,0.0,0.0,2025-10-31
CHFJPY,cpi_yoy,0.0,0.0,2025-10-31
CHFJPY,core_cpi,0.0,0.0,2025-10-31
CHFJPY,core_pce,,0.0,2025-10-31
CHFJPY,ppi_yoy,0.0,0.0,2025-10-31
CHFJPY,employment_change,,0.0,2025-10-31
CHFJPY,unemployment_rate,0.0,-0.5208333333333333,2025-10-31
CHFJPY,wage_growth,1.0,0.3125,2025-10-31
CHFJPY,adp,,0.0,2025-10-31
CHFJPY,jolts,,0.0,2025-10-31
CHFJPY,jobless_claims,,0.0,2025-10-31
CHFJPY,rate_expectations,0.0,0.0,2025-10-31
AUDNZD,manufacturing_pmi,0.0,0.0,2025-10-31
AUDNZD,services_pmi,0.0,0.0,2025-10-31
AUDNZD,gdp_qoq,2.0,0.8333333333333333,2025-10-31
AUDNZD,retail_sales,2.0,0.0,2025-10-31
AUDNZD,cpi_yoy,1.0,0.0,2025-10-31
AUDNZD,core_cpi,1.0,0.20833333333333331,2025-10-31
AUDNZD,core_pce,,0.0,2025-10-31
AUDNZD,ppi_yoy,0.0,0.0,2025-10-31
AUDNZD,employment_change,0.0,0.0,2025-10-31
AUDNZD,unemployment_rate,0.0,0.0,2025-10-31
AUDNZD,wage_growth,0.0,0.0,2025-10-31
AUDNZD,adp,,0.0,2025-10-31
AUDNZD,jolts,,0.0,2025-10-31
AUDNZD,jobless_claims,,0.0,2025-10-31
AUDNZD,rate_expectations,0.0,0.0,2025-10-31
AUDCAD,manufacturing_pmi,0.0,0.0,2025-10-31
AUDCAD,services_pmi,,0.0,2025-10-31
AUDCAD,gdp_qoq,-1.0,0.0,2025-10-31
AUDCAD,retail_sales,2.0,0.0,2025-10-31
AUDCAD,cpi_yoy,1.0,0.20833333333333331,2025-10-31
AUDCAD,core_cpi,1.0,0.20833333333333331,2025-10-31
AUDCAD,core_pce,,0.0,2025-10-31
AUDCAD,ppi_yoy,-2.0,-0.41666666666666663,2025-10-31
AUDCAD,employment_change,-1.0,-0.3125,2025-10-31
AUDCAD,unemployment_rate,0.0,0.0,2025-10-31
AUDCAD,wage_growth,0.0,0.0,2025-10-31
AUDCAD,adp,,0.0,2025-10-31
AUDCAD,jolts,,0.0,2025-10-31
AUDCAD,jobless_claims,,0.0,2025-10-31
AUDCAD,rate_expectations,0.0,0.0,2025-10-31
AUDCHF,manufacturing_pmi,,0.0,2025-10-31
AUDCHF,services_pmi,,0.0,2025-10-31
AUDCHF,gdp_qoq,1.0,0.625,2025-10-31
AUDCHF,retail_sales,2.0,0.0,2025-10-31
AUDCHF,cpi_yoy,2.0,0.41666666666666663,2025-10-31
AUDCHF,core_cpi,1.0,0.20833333333333331,2025-10-31
AUDCHF,core_pce,,0.0,2025-10-31
AUDCHF,ppi_yoy,0.0,0.0,2025-10-31
AUDCHF,employment_change,0.0,0.0,2025-10-31
AUDCHF,unemployment_rate,1.0,0.8333333333333333,2025-10-31
AUDCHF,wage_growth,0.0,0.0,2025-10-31
AUDCHF,adp,,0.0,2025-10-31
AUDCHF,jolts,,0.0,2025-10-31
AUDCHF,jobless_claims,,0.0,2025-10-31
AUDCHF,rate_expectations,0.0,0.0,2025-10-31
NZDCAD,manufacturing_pmi,0.0,0.0,2025-10-31
NZDCAD,services_pmi,0.0,0.0,2025-10-31
NZDCAD,gdp_qoq,-3.0,-0.8333333333333333,2025-10-31
NZDCAD,retail_sales,0.0,0.0,2025-10-31
NZDCAD,cpi_yoy,0.0,0.20833333333333331,2025-10-31
NZDCAD,core_cpi,0.0,0.0,2025-10-31
NZDCAD,core_pce,,0.0,2025-10-31
NZDCAD,ppi_yoy,-2.0,-0.41666666666666663,2025-10-31
NZDCAD,employment_change,-1.0,-0.3125,2025-10-31
NZDCAD,unemployment_rate,0.0,0.0,2025-10-31
NZDCAD,wage_growth,0.0,0.0,2025-10-31
NZDCAD,adp,,0.0,2025-10-31
NZDCAD,jolts,,0.0,2025-10-31
NZDCAD,jobless_claims,,0.0,2025-10-31
NZDCAD,rate_expectations,0.0,0.0,2025-10-31
NZDCHF,manufacturing_pmi,0.0,0.0,2025-10-31
NZDCHF,services_pmi,0.0,0.0,2025-10-31
NZDCHF,gdp_qoq,-1.0,-0.20833333333333331,2025-10-31
NZDCHF,retail_sales,0.0,0.0,2025-10-31
NZDCHF,cpi_yoy,1.0,0.41666666666666663,2025-10-31
NZDCHF,core_cpi,,0.0,2025-10-31
NZDCHF,core_pce,,0.0,2025-10-31
NZDCHF,ppi_yoy,0.0,0.0,2025-10-31
NZDCHF,employment_change,0.0,0.0,2025-10-31
NZDCHF,unemployment_rate,1.0,0.8333333333333333,2025-10-31
NZDCHF,wage_growth,0.0,0.0,2025-10-31
NZDCHF,adp,,0.0,2025-10-31
NZDCHF,jolts,,0.0,2025-10-31
NZDCHF,jobless_claims,,0.0,2025-10-31
NZDCHF,rate_expectations,,0.0,2025-10-31
CADCHF,manufacturing_pmi,0.0,0.0,2025-10-31
CADCHF,services_pmi,,0.0,2025-10-31
CADCHF,gdp_qoq,2.0,0.625,2025-10-31
CADCHF,retail_sales,0.0,0.0,2025-10-31
CADCHF,cpi_yoy,1.0,0.20833333333333331,2025-10-31
CADCHF,core_cpi,0.0,0.0,2025-10-31
CADCHF,core_pce,,0.0,2025-10-31
CADCHF,ppi_yoy,2.0,0.41666666666666663,2025-10-31
CADCHF,employment_change,1.0,0.3125,2025-10-31
CADCHF,unemployment_rate,1.0,0.8333333333333333,2025-10-31
CADCHF,wage_growth,,0.0,2025-10-31
CADCHF,adp,,0.0,2025-10-31
CADCHF,jolts,,0.0,2025-10-31
CADCHF,jobless_claims,,0.0,2025-10-31
CADCHF,rate_expectations,0.0,0.0,2025-10-31
EURUSD,manufacturing_pmi,0.0,0.0,2025-11-07
EURUSD,services_pmi,-1.0,-0.20833333333333331,2025-11-07
EURUSD,gdp_qoq,1.0,0.3125,2025-11-07
EURUSD,retail_sales,-3.0,-0.625,2025-11-07
EURUSD,cpi_yoy,1.0,0.20833333333333331,2025-11-07
EURUSD,core_cpi,2.0,0.41666666666666663,2025-11-07
EURUSD,core_pce,0.0,0.0,2025-11-07
EURUSD,ppi_yoy,0.0,0.0,2025-11-07
EURUSD,employment_change,1.0,0.20833333333333331,2025-11-07
EURUSD,unemployment_rate,0.0,0.0,2025-11-07
EURUSD,wage_growth,0.0,0.0,2025-11-07
EURUSD,adp,0.0,0.0,2025-11-07
EURUSD,jolts,0.0,0.0,2025-11-07
EURUSD,jobless_claims,-1.0,0.0,2025-11-07
EURUSD,rate_expectations,0.0,0.0,2025-11-07
GBPUSD,manufacturing_pmi,0.0,0.0,2025-11-07
GBPUSD,services_pmi,-1.0,-0.20833333333333331,2025-11-07
GBPUSD,gdp_qoq,0.0,0.0,2025-11-07
GBPUSD,retail_sales,0.0,0.15625,2025-11-07
GBPUSD,cpi_yoy,0.0,0.0,2025-11-07
GBPUSD,core_cpi,0.0,0.0,2025-11-07
GBPUSD,core_pce,0.0,0.0,2025-11-07
GBPUSD,ppi_yoy,0.0,0.0,2025-11-07
GBPUSD,employment_change,1.0,0.20833333333333331,2025-11-07
GBPUSD,unemployment_rate,-1.0,-0.20833333333333331,2025-11-07
GBPUSD,wage_growth,1.0,0.20833333333333331,2025-11-07
GBPUSD,adp,0.0,0.0,2025-11-07
GBPUSD,jolts,0.0,0.0,2025-11-07
GBPUSD,jobless_claims,-1.0,0.0,2025-11-07
GBPUSD,rate_expectations,-2.0,-1.25,2025-11-07
USDJPY,manufacturing_pmi,0.0,0.0,2025-11-07
USDJPY,services_pmi,1.0,0.20833333333333331,2025-11-07
USDJPY,gdp_qoq,0.0,0.0,2025-11-07
USDJPY,retail_sales,1.0,0.0,2025-11-07
USDJPY,cpi_yoy,-1.0,-0.20833333333333331,2025-11-07
USDJPY,core_cpi,-1.0,-0.20833333333333331,2025-11-07
USDJPY,core_pce,0.0,0.0,2025-11-07
USDJPY,ppi_yoy,0.0,0.0,2025-11-07
USDJPY,employment_change,-1.0,-0.20833333333333331,2025-11-07
USDJPY,unemployment_rate,1.0,0.3125,2025-11-07
USDJPY,wage_growth,0.0,0.0,2025-11-07
USDJPY,adp,0.0,0.0,2025-11-07
USDJPY,jolts,0.0,0.0,2025-11-07
USDJPY,jobless_claims,1.0,0.0,2025-11-07
USDJPY,rate_expectations,0.0,0.0,2025-11-07
USDCHF,manufacturing_pmi,0.0,0.0,2025-11-07
USDCHF,services_pmi,1.0,0.20833333333333331,2025-11-07
USDCHF,gdp_qoq,0.0,0.0,2025-11-07
USDCHF,retail_sales,1.0,0.0,2025-11-07
USDCHF,cpi_yoy,1.0,0.625,2025-11-07
USDCHF,core_cpi,-1.0,-0.20833333333333331,2025-11-07
USDCHF,core_pce,0.0,0.0,2025-11-07
USDCHF,ppi_yoy,0.0,0.0,2025-11-07
USDCHF,employment_change,-1.0,-0.20833333333333331,2025-11-07
USDCHF,unemployment_rate,0.0,0.0,2025-11-07
USDCHF,wage_growth,0.0,0.0,2025-11-07
USDCHF,adp,0.0,0.0,2025-11-07
USDCHF,jolts,0.0,0.0,2025-11-07
USDCHF,jobless_claims,1.0,0.0,2025-11-07
USDCHF,rate_expectations,0.0,0.0,2025-11-07
USDCAD,manufacturing_pmi,0.0,0.0,2025-11-07
USDCAD,services_pmi,1.0,0.20833333333333331,2025-11-07
USDCAD,gdp_qoq,0.0,0.0,2025-11-07
USDCAD,retail_sales,1.0,0.0,2025-11-07
USDCAD,cpi_yoy,-2.0,-0.41666666666666663,2025-11-07
USDCAD,core_cpi,-1.0,-0.20833333333333331,2025-11-07
USDCAD,core_pce,0.0,0.0,2025-11-07
USDCAD,ppi_yoy,-2.0,-0.41666666666666663,2025-11-07
USDCAD,employment_change,-2.0,-0.5208333333333333,2025-11-07
USDCAD,unemployment_rate,0.0,0.0,2025-11-07
USDCAD,wage_growth,0.0,0.0,2025-11-07
USDCAD,adp,0.0,0.0,2025-11-07
USDCAD,jolts,0.0,0.0,2025-11-07
USDCAD,jobless_claims,1.0,0.0,2025-11-07
USDCAD,rate_expectations,0.0,0.0,2025-11-07
AUDUSD,manufacturing_pmi,0.0,0.0,2025-11-07
AUDUSD,services_pmi,-1.0,-0.20833333333333331,2025-11-07
AUDUSD,gdp_qoq,1.0,0.625,2025-11-07
AUDUSD,retail_sales,1.0,0.0,2025-11-07
AUDUSD,cpi_yoy,3.0,0.625,2025-11-07
AUDUSD,core_cpi,2.0,0.41666666666666663,2025-11-07
AUDUSD,core_pce,0.0,0.0,2025-11-07
AUDUSD,ppi_yoy,0.0,0.0,2025-11-07
AUDUSD,employment_change,1.0,0.20833333333333331,2025-11-07
AUDUSD,unemployment_rate,0.0,0.0,2025-11-07
AUDUSD,wage_growth,0.0,0.0,2025-11-07
AUDUSD,adp,0.0,0.0,2025-11-07
AUDUSD,jolts,0.0,0.0,2025-11-07
AUDUSD,jobless_claims,-1.0,0.0,2025-11-07
AUDUSD,rate_expectations,0.0,0.0,2025-11-07
NZDUSD,manufacturing_pmi,0.0,0.0,2025-11-07
NZDUSD,services_pmi,-1.0,-0.20833333333333331,2025-11-07
NZDUSD,gdp_qoq,-1.0,-0.20833333333333331,2025-11-07
NZDUSD,retail_sales,-1.0,0.0,2025-11-07
NZDUSD,cpi_yoy,2.0,0.625,2025-11-07
NZDUSD,core_cpi,1.0,0.20833333333333331,2025-11-07
NZDUSD,core_pce,0.0,0.0,2025-11-07
NZDUSD,ppi_yoy,0.0,0.0,2025-11-07
NZDUSD,employment_change,1.0,0.20833333333333331,2025-11-07
NZDUSD,unemployment_rate,0.0,0.0,2025-11-07
NZDUSD,wage_growth,0.0,0.0,2025-11-07
NZDUSD,adp,0.0,0.0,2025-11-07
NZDUSD,jolts,0.0,0.0,2025-11-07
NZDUSD,jobless_claims,-1.0,0.0,2025-11-07
NZDUSD,rate_expectations,0.0,0.0,2025-11-07
EURGBP,manufacturing_pmi,0.0,0.0,2025-11-07
EURGBP,services_pmi,0.0,0.0,2025-11-07
EURGBP,gdp_qoq,1.0,0.3125,2025-11-07
EURGBP,retail_sales,-3.0,-0.78125,2025-11-07
EURGBP,cpi_yoy,1.0,0.20833333333333331,2025-11-07
EURGBP,core_cpi,2.0,0.41666666666666663,2025-11-07
EURGBP,core_pce,,0.0,2025-11-07
EURGBP,ppi_yoy,0.0,0.0,2025-11-07
EURGBP,employment_change,0.0,0.0,2025-11-07
EURGBP,unemployment_rate,1.0,0.20833333333333331,2025-11-07
EURGBP,wage_growth,-1.0,-0.20833333333333331,2025-11-07
EURGBP,adp,,0.0,2025-11-07
EURGBP,jolts,,0.0,2025-11-07
EURGBP,jobless_claims,,0.0,2025-11-07
EURGBP,rate_expectations,2.0,1.25,2025-11-07
EURJPY,manufacturing_pmi,,0.0,2025-11-07
EURJPY,services_pmi,,0.0,2025-11-07
EURJPY,gdp_qoq,1.0,0.3125,2025-11-07
EURJPY,retail_sales,-2.0,-0.625,2025-11-07
EURJPY,cpi_yoy,0.0,0.0,2025-11-07
EURJPY,core_cpi,1.0,0.20833333333333331,2025-11-07
EURJPY,core_pce,,0.0,2025-11-07
EURJPY,ppi_yoy,0.0,0.0,2025-11-07
EURJPY,employment_change,0.0,0.0,2025-11-07
EURJPY,unemployment_rate,1.0,0.3125,2025-11-07
EURJPY,wage_growth,0.0,0.0,2025-11-07
EURJPY,adp,,0.0,2025-11-07
EURJPY,jolts,,0.0,2025-11-07
EURJPY,jobless_claims,,0.0,2025-11-07
EURJPY,rate_expectations,0.0,0.0,2025-11-07
EURCHF,manufacturing_pmi,,0.0,2025-11-07
EURCHF,services_pmi,,0.0,2025-11-07
EURCHF,gdp_qoq,1.0,0.3125,2025-11-07
EURCHF,retail_sales,-2.0,-0.625,2025-11-07
EURCHF,cpi_yoy,2.0,0.8333333333333333,2025-11-07
EURCHF,core_cpi,1.0,0.20833333333333331,2025-11-07
EURCHF,core_pce,,0.0,2025-11-07
EURCHF,ppi_yoy,0.0,0.0,2025-11-07
EURCHF,employment_change,0.0,0.0,2025-11-07
EURCHF,unemployment_rate,0.0,0.0,2025-11-07
EURCHF,wage_growth,,0.0,2025-11-07
EURCHF,adp,,0.0,2025-11-07
EURCHF,jolts,,0.0,2025-11-07
EURCHF,jobless_claims,,0.0,2025-11-07
EURCHF,rate_expectations,0.0,0.0,2025-11-07
EURAUD,manufacturing_pmi,,0.0,2025-11-07
EURAUD,services_pmi,,0.0,2025-11-07
EURAUD,gdp_qoq,0.0,-0.3125,2025-11-07
EURAUD,retail_sales,-4.0,-0.625,2025-11-07
EURAUD,cpi_yoy,-2.0,-0.41666666666666663,2025-11-07
EURAUD,core_cpi,0.0,0.0,2025-11-07
EURAUD,core_pce,,0.0,2025-11-07
EURAUD,ppi_yoy,0.0,0.0,2025-11-07
EURAUD,employment_change,0.0,0.0,2025-11-07
EURAUD,unemployment_rate,0.0,0.0,2025-11-07
EURAUD,wage_growth,0.0,0.0,2025-11-07
EURAUD,adp,,0.0,2025-11-07
EURAUD,jolts,,0.0,2025-11-07
EURAUD,jobless_claims,,0.0,2025-11-07
EURAUD,rate_expectations,0.0,0.0,2025-11-07
EURNZD,manufacturing_pmi,0.0,0.0,2025-11-07
EURNZD,services_pmi,0.0,0.0,2025-11-07
EURNZD,gdp_qoq,2.0,0.5208333333333333,2025-11-07
EURNZD,retail_sales,-2.0,-0.625,2025-11-07
EURNZD,cpi_yoy,-1.0,-0.41666666666666663,2025-11-07
EURNZD,core_cpi,1.0,0.20833333333333331,2025-11-07
EURNZD,core_pce,,0.0,2025-11-07
EURNZD,ppi_yoy,0.0,0.0,2025-11-07
EURNZD,employment_change,0.0,0.0,2025-11-07
EURNZD,unemployment_rate,0.0,0.0,2025-11-07
EURNZD,wage_growth,0.0,0.0,2025-11-07
EURNZD,adp,,0.0,2025-11-07
EURNZD,jolts,,0.0,2025-11-07
EURNZD,jobless_claims,,0.0,2025-11-07
EURNZD,rate_expectations,0.0,0.0,2025-11-07
EURCAD,manufacturing_pmi,0.0,0.0,2025-11-07
EURCAD,services_pmi,,0.0,2025-11-07
EURCAD,gdp_qoq,1.0,0.3125,2025-11-07
EURCAD,retail_sales,-2.0,-0.625,2025-11-07
EURCAD,cpi_yoy,-1.0,-0.20833333333333331,2025-11-07
EURCAD,core_cpi,1.0,0.20833333333333331,2025-11-07
EURCAD,core_pce,,0.0,2025-11-07
EURCAD,ppi_yoy,-2.0,-0.41666666666666663,2025-11-07
EURCAD,employment_change,-1.0,-0.3125,2025-11-07
EURCAD,unemployment_rate,0.0,0.0,2025-11-07
EURCAD,wage_growth,,0.0,2025-11-07
EURCAD,adp,,0.0,2025-11-07
EURCAD,jolts,,0.0,2025-11-07
EURCAD,jobless_claims,,0.0,2025-11-07
EURCAD,rate_expectations,0.0,0.0,2025-11-07
GBPJPY,manufacturing_pmi,0.0,0.0,2025-11-07
GBPJPY,services_pmi,0.0,0.0,2025-11-07
GBPJPY,gdp_qoq,0.0,0.0,2025-11-07
GBPJPY,retail_sales,1.0,0.15625,2025-11-07
GBPJPY,cpi_yoy,-1.0,-0.20833333333333331,2025-11-07
GBPJPY,core_cpi,-1.0,-0.20833333333333331,2025-11-07
GBPJPY,core_pce,,0.0,2025-11-07
GBPJPY,ppi_yoy,0.0,0.0,2025-11-07
GBPJPY,employment_change,0.0,0.0,2025-11-07
GBPJPY,unemployment_rate,0.0,0.10416666666666669,2025-11-07
GBPJPY,wage_growth,1.0,0.20833333333333331,2025-11-07
GBPJPY,adp,,0.0,2025-11-07
GBPJPY,jolts,,0.0,2025-11-07
GBPJPY,jobless_claims,,0.0,2025-11-07
GBPJPY,rate_expectations,-2.0,-1.25,2025-11-07
GBPCHF,manufacturing_pmi,0.0,0.0,2025-11-07
GBPCHF,services_pmi,0.0,0.0,2025-11-07
GBPCHF,gdp_qoq,0.0,0.0,2025-11-07
GBPCHF,retail_sales,1.0,0.15625,2025-11-07
GBPCHF,cpi_yoy,1.0,0.625,2025-11-07
GBPCHF,core_cpi,-1.0,-0.20833333333333331,2025-11-07
GBPCHF,core_pce,,0.0,2025-11-07
GBPCHF,ppi_yoy,0.0,0.0,2025-11-07
GBPCHF,employment_change,0.0,0.0,2025-11-07
GBPCHF,unemployment_rate,-1.0,-0.20833333333333331,2025-11-07
GBPCHF,wage_growth,1.0,0.20833333333333331,2025-11-07
GBPCHF,adp,,0.0,2025-11-07
GBPCHF,jolts,,0.0,2025-11-07
GBPCHF,jobless_claims,,0.0,2025-11-07
GBPCHF,rate_expectations,-2.0,-1.25,2025-11-07
GBPAUD,manufacturing_pmi,0.0,0.0,2025-11-07
GBPAUD,services_pmi,0.0,0.0,2025-11-07
GBPAUD,gdp_qoq,-1.0,-0.625,2025-11-07
GBPAUD,retail_sales,-1.0,0.15625,2025-11-07
GBPAUD,cpi_yoy,-3.0,-0.625,2025-11-07
GBPAUD,core_cpi,-2.0,-0.41666666666666663,2025-11-07
GBPAUD,core_pce,,0.0,2025-11-07
GBPAUD,ppi_yoy,0.0,0.0,2025-11-07
GBPAUD,employment_change,0.0,0.0,2025-11-07
GBPAUD,unemployment_rate,-1.0,-0.20833333333333331,2025-11-07
GBPAUD,wage_growth,1.0,0.20833333333333331,2025-11-07
GBPAUD,adp,,0.0,2025-11-07
GBPAUD,jolts,,0.0,2025-11-07
GBPAUD,jobless_claims,,0.0,2025-11-07
GBPAUD,rate_expectations,-2.0,-1.25,2025-11-07
GBPNZD,manufacturing_pmi,0.0,0.0,2025-11-07
GBPNZD,services_pmi,0.0,0.0,2025-11-07
GBPNZD,gdp_qoq,1.0,0.20833333333333331,2025-11-07
GBPNZD,retail_sales,1.0,0.15625,2025-11-07
GBPNZD,cpi_yoy,-2.0,-0.625,2025-11-07
GBPNZD,core_cpi,-1.0,-0.20833333333333331,2025-11-07
GBPNZD,core_pce,,0.0,2025-11-07
GBPNZD,ppi_yoy,0.0,0.0,2025-11-07
GBPNZD,employment_change,0.0,0.0,2025-11-07
GBPNZD,unemployment_rate,-1.0,-0.20833333333333331,2025-11-07
GBPNZD,wage_growth,1.0,0.20833333333333331,2025-11-07
GBPNZD,adp,,0.0,2025-11-07
GBPNZD,jolts,,0.0,2025-11-07
GBPNZD,jobless_claims,,0.0,2025-11-07
GBPNZD,rate_expectations,-2.0,-1.25,2025-11-07
GBPCAD,manufacturing_pmi,0.0,0.0,2025-11-07
GBPCAD,services_pmi,0.0,0.0,2025-11-07
GBPCAD,gdp_qoq,0.0,0.0,2025-11-07
GBPCAD,retail_sales,1.0,0.15625,2025-11-07
GBPCAD,cpi_yoy,-2.0,-0.41666666666666663,2025-11-07
GBPCAD,core_cpi,-1.0,-0.20833333333333331,2025-11-07
GBPCAD,core_pce,,0.0,2025-11-07
GBPCAD,ppi_yoy,-2.0,-0.41666666666666663,2025-11-07
GBPCAD,employment_change,-1.0,-0.3125,2025-11-07
GBPCAD,unemployment_rate,-1.0,-0.20833333333333331,2025-11-07
GBPCAD,wage_growth,1.0,0.20833333333333331,2025-11-07
GBPCAD,adp,,0.0,2025-11-07
GBPCAD,jolts,,0.0,2025-11-07
GBPCAD,jobless_claims,,0.0,2025-11-07
GBPCAD,rate_expectations,-2.0,-1.25,2025-11-07
AUDJPY,manufacturing_pmi,,0.0,2025-11-07
AUDJPY,services_pmi,,0.0,2025-11-07
AUDJPY,gdp_qoq,1.0,0.625,2025-11-07
AUDJPY,retail_sales,2.0,0.0,2025-11-07
AUDJPY,cpi_yoy,2.0,0.41666666666666663,2025-11-07
AUDJPY,core_cpi,1.0,0.20833333333333331,2025-11-07
AUDJPY,core_pce,,0.0,2025-11-07
AUDJPY,ppi_yoy,0.0,0.0,2025-11-07
AUDJPY,employment_change,0.0,0.0,2025-11-07
AUDJPY,unemployment_rate,1.0,0.3125,2025-11-07
AUDJPY,wage_growth,0.0,0.0,2025-11-07
AUDJPY,adp,,0.0,2025-11-07
AUDJPY,jolts,,0.0,2025-11-07
AUDJPY,jobless_claims,,0.0,2025-11-07
AUDJPY,rate_expectations,0.0,0.0,2025-11-07
NZDJPY,manufacturing_pmi,0.0,0.0,2025-11-07
NZDJPY,services_pmi,0.0,0.0,2025-11-07
NZDJPY,gdp_qoq,-1.0,-0.20833333333333331,2025-11-07
NZDJPY,retail_sales,0.0,0.0,2025-11-07
NZDJPY,cpi_yoy,1.0,0.41666666666666663,2025-11-07
NZDJPY,core_cpi,0.0,0.0,2025-11-07
NZDJPY,core_pce,,0.0,2025-11-07
NZDJPY,ppi_yoy,0.0,0.0,2025-11-07
NZDJPY,employment_change,0.0,0.0,2025-11-07
NZDJPY,unemployment_rate,1.0,0.3125,2025-11-07
NZDJPY,wage_growth,0.0,0.0,2025-11-07
NZDJPY,adp,,0.0,2025-11-07
NZDJPY,jolts,,0.0,2025-11-07
NZDJPY,jobless_claims,,0.0,2025-11-07
NZDJPY,rate_expectations,0.0,0.0,2025-11-07
CADJPY,manufacturing_pmi,0.0,0.0,2025-11-07
CADJPY,services_pmi,,0.0,2025-11-07
CADJPY,gdp_qoq,0.0,0.0,2025-11-07
CADJPY,retail_sales,0.0,0.0,2025-11-07
CADJPY,cpi_yoy,1.0,0.20833333333333331,2025-11-07
CADJPY,core_cpi,0.0,0.0,2025-11-07
CADJPY,core_pce,,0.0,2025-11-07
CADJPY,ppi_yoy,2.0,0.41666666666666663,2025-11-07
CADJPY,employment_change,1.0,0.3125,2025-11-07
CADJPY,unemployment_rate,1.0,0.3125,2025-11-07
CADJPY,wage_growth,0.0,0.0,2025-11-07
CADJPY,adp,,0.0,2025-11-07
CADJPY,jolts,,0.0,2025-11-07
CADJPY,jobless_claims,,0.0,2025-11-07
CADJPY,rate_expectations,0.0,0.0,2025-11-07
CHFJPY,manufacturing_pmi,,0.0,2025-11-07
CHFJPY,services_pmi,,0.0,2025-11-07
CHFJPY,gdp_qoq,0.0,0.0,2025-11-07
CHFJPY,retail_sales,0.0,0.0,2025-11-07
CHFJPY,cpi_yoy,-2.0,-0.8333333333333333,2025-11-07
CHFJPY,core_cpi,0.0,0.0,2025-11-07
CHFJPY,core_pce,,0.0,2025-11-07
CHFJPY,ppi_yoy,0.0,0.0,2025-11-07
CHFJPY,employment_change,,0.0,2025-11-07
CHFJPY,unemployment_rate,1.0,0.3125,2025-11-07
CHFJPY,wage_growth,0.0,0.0,2025-11-07
CHFJPY,adp,,0.0,2025-11-07
CHFJPY,jolts,,0.0,2025-11-07
CHFJPY,jobless_claims,,0.0,2025-11-07
CHFJPY,rate_expectations,0.0,0.0,2025-11-07
AUDNZD,manufacturing_pmi,0.0,0.0,2025-11-07
AUDNZD,services_pmi,0.0,0.0,2025-11-07
AUDNZD,gdp_qoq,2.0,0.8333333333333333,2025-11-07
AUDNZD,retail_sales,2.0,0.0,2025-11-07
AUDNZD,cpi_yoy,1.0,0.0,2025-11-07
AUDNZD,core_cpi,1.0,0.20833333333333331,2025-11-07
AUDNZD,core_pce,,0.0,2025-11-07
AUDNZD,ppi_yoy,0.0,0.0,2025-11-07
AUDNZD,employment_change,0.0,0.0,2025-11-07
AUDNZD,unemployment_rate,0.0,0.0,2025-11-07
AUDNZD,wage_growth,0.0,0.0,2025-11-07
AUDNZD,adp,,0.0,2025-11-07
AUDNZD,jolts,,0.0,2025-11-07
AUDNZD,jobless_claims,,0.0,2025-11-07
AUDNZD,rate_expectations,0.0,0.0,2025-11-07
AUDCAD,manufacturing_pmi,0.0,0.0,2025-11-07
AUDCAD,services_pmi,,0.0,2025-11-07
AUDCAD,gdp_qoq,1.0,0.625,2025-11-07
AUDCAD,retail_sales,2.0,0.0,2025-11-07
AUDCAD,cpi_yoy,1.0,0.20833333333333331,2025-11-07
AUDCAD,core_cpi,1.0,0.20833333333333331,2025-11-07
AUDCAD,core_pce,,0.0,2025-11-07
AUDCAD,ppi_yoy,-2.0,-0.41666666666666663,2025-11-07
AUDCAD,employment_change,-1.0,-0.3125,2025-11-07
AUDCAD,unemployment_rate,0.0,0.0,2025-11-07
AUDCAD,wage_growth,0.0,0.0,2025-11-07
AUDCAD,adp,,0.0,2025-11-07
AUDCAD,jolts,,0.0,2025-11-07
AUDCAD,jobless_claims,,0.0,2025-11-07
AUDCAD,rate_expectations,0.0,0.0,2025-11-07
AUDCHF,manufacturing_pmi,,0.0,2025-11-07
AUDCHF,services_pmi,,0.0,2025-11-07
AUDCHF,gdp_qoq,1.0,0.625,2025-11-07
AUDCHF,retail_sales,2.0,0.0,2025-11-07
AUDCHF,cpi_yoy,4.0,1.25,2025-11-07
AUDCHF,core_cpi,1.0,0.20833333333333331,2025-11-07
AUDCHF,core_pce,,0.0,2025-11-07
AUDCHF,ppi_yoy,0.0,0.0,2025-11-07
AUDCHF,employment_change,0.0,0.0,2025-11-07
AUDCHF,unemployment_rate,0.0,0.0,2025-11-07
AUDCHF,wage_growth,0.0,0.0,2025-11-07
AUDCHF,adp,,0.0,2025-11-07
AUDCHF,jolts,,0.0,2025-11-07
AUDCHF,jobless_claims,,0.0,2025-11-07
AUDCHF,rate_expectations,0.0,0.0,2025-11-07
NZDCAD,manufacturing_pmi,0.0,0.0,2025-11-07
NZDCAD,services_pmi,0.0,0.0,2025-11-07
NZDCAD,gdp_qoq,-1.0,-0.20833333333333331,2025-11-07
NZDCAD,retail_sales,0.0,0.0,2025-11-07
NZDCAD,cpi_yoy,0.0,0.20833333333333331,2025-11-07
NZDCAD,core_cpi,0.0,0.0,2025-11-07
NZDCAD,core_pce,,0.0,2025-11-07
NZDCAD,ppi_yoy,-2.0,-0.41666666666666663,2025-11-07
NZDCAD,employment_change,-1.0,-0.3125,2025-11-07
NZDCAD,unemployment_rate,0.0,0.0,2025-11-07
NZDCAD,wage_growth,0.0,0.0,2025-11-07
NZDCAD,adp,,0.0,2025-11-07
NZDCAD,jolts,,0.0,2025-11-07
NZDCAD,jobless_claims,,0.0,2025-11-07
NZDCAD,rate_expectations,0.0,0.0,2025-11-07
NZDCHF,manufacturing_pmi,0.0,0.0,2025-11-07
NZDCHF,services_pmi,0.0,0.0,2025-11-07
NZDCHF,gdp_qoq,-1.0,-0.20833333333333331,2025-11-07
NZDCHF,retail_sales,0.0,0.0,2025-11-07
NZDCHF,cpi_yoy,3.0,1.25,2025-11-07
NZDCHF,core_cpi,,0.0,2025-11-07
NZDCHF,core_pce,,0.0,2025-11-07
NZDCHF,ppi_yoy,0.0,0.0,2025-11-07
NZDCHF,employment_change,0.0,0.0,2025-11-07
NZDCHF,unemployment_rate,0.0,0.0,2025-11-07
NZDCHF,wage_growth,0.0,0.0,2025-11-07
NZDCHF,adp,,0.0,2025-11-07
NZDCHF,jolts,,0.0,2025-11-07
NZDCHF,jobless_claims,,0.0,2025-11-07
NZDCHF,rate_expectations,,0.0,2025-11-07
CADCHF,manufacturing_pmi,0.0,0.0,2025-11-07
CADCHF,services_pmi,,0.0,2025-11-07
CADCHF,gdp_qoq,0.0,0.0,2025-11-07
CADCHF,retail_sales,0.0,0.0,2025-11-07
CADCHF,cpi_yoy,3.0,1.0416666666666665,2025-11-07
CADCHF,core_cpi,0.0,0.0,2025-11-07
CADCHF,core_pce,,0.0,2025-11-07
CADCHF,ppi_yoy,2.0,0.41666666666666663,2025-11-07
CADCHF,employment_change,1.0,0.3125,2025-11-07
CADCHF,unemployment_rate,0.0,0.0,2025-11-07
CADCHF,wage_growth,,0.0,2025-11-07
CADCHF,adp,,0.0,2025-11-07
CADCHF,jolts,,0.0,2025-11-07
CADCHF,jobless_claims,,0.0,2025-11-07
CADCHF,rate_expectations,0.0,0.0,2025-11-07
EURUSD,manufacturing_pmi,0.0,0.0,2025-11-14
EURUSD,services_pmi,-1.0,-0.20833333333333331,2025-11-14
EURUSD,gdp_qoq,1.0,0.3125,2025-11-14
EURUSD,retail_sales,-3.0,-0.625,2025-11-14
EURUSD,cpi_yoy,1.0,0.3125,2025-11-14
EURUSD,core_cpi,2.0,0.5208333333333333,2025-11-14
EURUSD,core_pce,0.0,0.0,2025-11-14
EURUSD,ppi_yoy,0.0,0.0,2025-11-14
EURUSD,employment_change,1.0,0.20833333333333331,2025-11-14
EURUSD,unemployment_rate,0.0,0.0,2025-11-14
EURUSD,wage_growth,0.0,0.0,2025-11-14
EURUSD,adp,0.0,0.0,2025-11-14
EURUSD,jolts,0.0,0.0,2025-11-14
EURUSD,jobless_claims,-1.0,0.0,2025-11-14
EURUSD,rate_expectations,0.0,0.0,2025-11-14
GBPUSD,manufacturing_pmi,0.0,0.0,2025-11-14
GBPUSD,services_pmi,-1.0,-0.20833333333333331,2025-11-14
GBPUSD,gdp_qoq,0.0,0.0,2025-11-14
GBPUSD,retail_sales,0.0,0.15625,2025-11-14
GBPUSD,cpi_yoy,0.0,0.10416666666666669,2025-11-14
GBPUSD,core_cpi,0.0,0.10416666666666669,2025-11-14
GBPUSD,core_pce,0.0,0.0,2025-11-14
GBPUSD,ppi_yoy,0.0,0.0,2025-11-14
GBPUSD,employment_change,1.0,0.20833333333333331,2025-11-14
GBPUSD,unemployment_rate,-2.0,-0.41666666666666663,2025-11-14
GBPUSD,wage_growth,-1.0,-0.20833333333333331,2025-11-14
GBPUSD,adp,0.0,0.0,2025-11-14
GBPUSD,jolts,0.0,0.0,2025-11-14
GBPUSD,jobless_claims,-1.0,0.0,2025-11-14
GBPUSD,rate_expectations,-1.0,-0.625,2025-11-14
USDJPY,manufacturing_pmi,0.0,0.0,2025-11-14
USDJPY,services_pmi,1.0,0.20833333333333331,2025-11-14
USDJPY,gdp_qoq,0.0,0.0,2025-11-14
USDJPY,retail_sales,1.0,0.0,2025-11-14
USDJPY,cpi_yoy,-1.0,-0.3125,2025-11-14
USDJPY,core_cpi,-1.0,-0.3125,2025-11-14
USDJPY,core_pce,0.0,0.0,2025-11-14
USDJPY,ppi_yoy,0.0,0.0,2025-11-14
USDJPY,employment_change,-1.0,-0.20833333333333331,2025-11-14
USDJPY,unemployment_rate,1.0,0.3125,2025-11-14
USDJPY,wage_growth,0.0,0.0,2025-11-14
USDJPY,adp,0.0,0.0,2025-11-14
USDJPY,jolts,0.0,0.0,2025-11-14
USDJPY,jobless_claims,1.0,0.0,2025-11-14
USDJPY,rate_expectations,1.0,0.625,2025-11-14
USDCHF,manufacturing_pmi,0.0,0.0,2025-11-14
USDCHF,services_pmi,1.0,0.20833333333333331,2025-11-14
USDCHF,gdp_qoq,0.0,0.0,2025-11-14
USDCHF,retail_sales,1.0,0.0,2025-11-14
USDCHF,cpi_yoy,1.0,0.5208333333333333,2025-11-14
USDCHF,core_cpi,-1.0,-0.3125,2025-11-14
USDCHF,core_pce,0.0,0.0,2025-11-14
USDCHF,ppi_yoy,0.0,0.0,2025-11-14
USDCHF,employment_change,-1.0,-0.20833333333333331,2025-11-14
USDCHF,unemployment_rate,0.0,0.0,2025-11-14
USDCHF,wage_growth,0.0,0.0,2025-11-14
USDCHF,adp,0.0,0.0,2025-11-14
USDCHF,jolts,0.0,0.0,2025-11-14
USDCHF,jobless_claims,1.0,0.0,2025-11-14
USDCHF,rate_expectations,1.0,0.625,2025-11-14
USDCAD,manufacturing_pmi,0.0,0.0,2025-11-14
USDCAD,services_pmi,1.0,0.20833333333333331,2025-11-14
USDCAD,gdp_qoq,0.0,0.0,2025-11-14
USDCAD,retail_sales,1.0,0.0,2025-11-14
USDCAD,cpi_yoy,-2.0,-0.5208333333333333,2025-11-14
USDCAD,core_cpi,-1.0,-0.3125,2025-11-14
USDCAD,core_pce,0.0,0.0,2025-11-14
USDCAD,ppi_yoy,-2.0,-0.41666666666666663,2025-11-14
USDCAD,employment_change,-2.0,-0.5208333333333333,2025-11-14
USDCAD,unemployment_rate,-1.0,-0.3125,2025-11-14
USDCAD,wage_growth,0.0,0.0,2025-11-14
USDCAD,adp,0.0,0.0,2025-11-14
USDCAD,jolts,0.0,0.0,2025-11-14
USDCAD,jobless_claims,1.0,0.0,2025-11-14
USDCAD,rate_expectations,1.0,0.625,2025-11-14
AUDUSD,manufacturing_pmi,0.0,0.0,2025-11-14
AUDUSD,services_pmi,-1.0,-0.20833333333333331,2025-11-14
AUDUSD,gdp_qoq,1.0,0.625,2025-11-14
AUDUSD,retail_sales,1.0,0.0,2025-11-14
AUDUSD,cpi_yoy,3.0,0.7291666666666666,2025-11-14
AUDUSD,core_cpi,2.0,0.5208333333333333,2025-11-14
AUDUSD,core_pce,0.0,0.0,2025-11-14
AUDUSD,ppi_yoy,0.0,0.0,2025-11-14
AUDUSD,employment_change,1.0,0.20833333333333331,2025-11-14
AUDUSD,unemployment_rate,1.0,0.20833333333333331,2025-11-14
AUDUSD,wage_growth,0.0,0.0,2025-11-14
AUDUSD,adp,0.0,0.0,2025-11-14
AUDUSD,jolts,0.0,0.0,2025-11-14
AUDUSD,jobless_claims,-1.0,0.0,2025-11-14
AUDUSD,rate_expectations,1.0,0.625,2025-11-14
NZDUSD,manufacturing_pmi,0.0,0.0,2025-11-14
NZDUSD,services_pmi,-1.0,-0.20833333333333331,2025-11-14
NZDUSD,gdp_qoq,-1.0,-0.20833333333333331,2025-11-14
NZDUSD,retail_sales,-1.0,0.0,2025-11-14
NZDUSD,cpi_yoy,2.0,0.7291666666666666,2025-11-14
NZDUSD,core_cpi,1.0,0.3125,2025-11-14
NZDUSD,core_pce,0.0,0.0,2025-11-14
NZDUSD,ppi_yoy,0.0,0.0,2025-11-14
NZDUSD,employment_change,1.0,0.20833333333333331,2025-11-14
NZDUSD,unemployment_rate,0.0,0.0,2025-11-14
NZDUSD,wage_growth,0.0,0.0,2025-11-14
NZDUSD,adp,0.0,0.0,2025-11-14
NZDUSD,jolts,0.0,0.0,2025-11-14
NZDUSD,jobless_claims,-1.0,0.0,2025-11-14
NZDUSD,rate_expectations,-1.0,-0.625,2025-11-14
EURGBP,manufacturing_pmi,0.0,0.0,2025-11-14
EURGBP,services_pmi,0.0,0.0,2025-11-14
EURGBP,gdp_qoq,1.0,0.3125,2025-11-14
EURGBP,retail_sales,-3.0,-0.78125,2025-11-14
EURGBP,cpi_yoy,1.0,0.20833333333333331,2025-11-14
EURGBP,core_cpi,2.0,0.41666666666666663,2025-11-14
EURGBP,core_pce,,0.0,2025-11-14
EURGBP,ppi_yoy,0.0,0.0,2025-11-14
EURGBP,employment_change,0.0,0.0,2025-11-14
EURGBP,unemployment_rate,2.0,0.41666666666666663,2025-11-14
EURGBP,wage_growth,1.0,0.20833333333333331,2025-11-14
EURGBP,adp,,0.0,2025-11-14
EURGBP,jolts,,0.0,2025-11-14
EURGBP,jobless_claims,,0.0,2025-11-14
EURGBP,rate_expectations,1.0,0.625,2025-11-14
EURJPY,manufacturing_pmi,,0.0,2025-11-14
EURJPY,services_pmi,,0.0,2025-11-14
EURJPY,gdp_qoq,1.0,0.3125,2025-11-14
EURJPY,retail_sales,-2.0,-0.625,2025-11-14
EURJPY,cpi_yoy,0.0,0.0,2025-11-14
EURJPY,core_cpi,1.0,0.20833333333333331,2025-11-14
EURJPY,core_pce,,0.0,2025-11-14
EURJPY,ppi_yoy,0.0,0.0,2025-11-14
EURJPY,employment_change,0.0,0.0,2025-11-14
EURJPY,unemployment_rate,1.0,0.3125,2025-11-14
EURJPY,wage_growth,0.0,0.0,2025-11-14
EURJPY,adp,,0.0,2025-11-14
EURJPY,jolts,,0.0,2025-11-14
EURJPY,jobless_claims,,0.0,2025-11-14
EURJPY,rate_expectations,1.0,0.625,2025-11-14
EURCHF,manufacturing_pmi,,0.0,2025-11-14
EURCHF,services_pmi,,0.0,2025-11-14
EURCHF,gdp_qoq,1.0,0.3125,2025-11-14
EURCHF,retail_sales,-2.0,-0.625,2025-11-14
EURCHF,cpi_yoy,2.0,0.8333333333333333,2025-11-14
EURCHF,core_cpi,1.0,0.20833333333333331,2025-11-14
EURCHF,core_pce,,0.0,2025-11-14
EURCHF,ppi_yoy,0.0,0.0,2025-11-14
EURCHF,employment_change,0.0,0.0,2025-11-14
EURCHF,unemployment_rate,0.0,0.0,2025-11-14
EURCHF,wage_growth,,0.0,2025-11-14
EURCHF,adp,,0.0,2025-11-14
EURCHF,jolts,,0.0,2025-11-14
EURCHF,jobless_claims,,0.0,2025-11-14
EURCHF,rate_expectations,1.0,0.625,2025-11-14
EURAUD,manufacturing_pmi,,0.0,2025-11-14
EURAUD,services_pmi,,0.0,2025-11-14
EURAUD,gdp_qoq,0.0,-0.3125,2025-11-14
EURAUD,retail_sales,-4.0,-0.625,2025-11-14
EURAUD,cpi_yoy,-2.0,-0.41666666666666663,2025-11-14
EURAUD,core_cpi,0.0,0.0,2025-11-14
EURAUD,core_pce,,0.0,2025-11-14
EURAUD,ppi_yoy,0.0,0.0,2025-11-14
EURAUD,employment_change,0.0,0.0,2025-11-14
EURAUD,unemployment_rate,-1.0,-0.20833333333333331,2025-11-14
EURAUD,wage_growth,0.0,0.0,2025-11-14
EURAUD,adp,,0.0,2025-11-14
EURAUD,jolts,,0.0,2025-11-14
EURAUD,jobless_claims,,0.0,2025-11-14
EURAUD,rate_expectations,-1.0,-0.625,2025-11-14
EURNZD,manufacturing_pmi,0.0,0.0,2025-11-14
EURNZD,services_pmi,0.0,0.0,2025-11-14
EURNZD,gdp_qoq,2.0,0.5208333333333333,2025-11-14
EURNZD,retail_sales,-2.0,-0.625,2025-11-14
EURNZD,cpi_yoy,-1.0,-0.41666666666666663,2025-11-14
EURNZD,core_cpi,1.0,0.20833333333333331,2025-11-14
EURNZD,core_pce,,0.0,2025-11-14
EURNZD,ppi_yoy,0.0,0.0,2025-11-14
EURNZD,employment_change,0.0,0.0,2025-11-14
EURNZD,unemployment_rate,0.0,0.0,2025-11-14
EURNZD,wage_growth,0.0,0.0,2025-11-14
EURNZD,adp,,0.0,2025-11-14
EURNZD,jolts,,0.0,2025-11-14
EURNZD,jobless_claims,,0.0,2025-11-14
EURNZD,rate_expectations,1.0,0.625,2025-11-14
EURCAD,manufacturing_pmi,0.0,0.0,2025-11-14
EURCAD,services_pmi,,0.0,2025-11-14
EURCAD,gdp_qoq,1.0,0.3125,2025-11-14
EURCAD,retail_sales,-2.0,-0.625,2025-11-14
EURCAD,cpi_yoy,-1.0,-0.20833333333333331,2025-11-14
EURCAD,core_cpi,1.0,0.20833333333333331,2025-11-14
EURCAD,core_pce,,0.0,2025-11-14
EURCAD,ppi_yoy,-2.0,-0.41666666666666663,2025-11-14
EURCAD,employment_change,-1.0,-0.3125,2025-11-14
EURCAD,unemployment_rate,-1.0,-0.3125,2025-11-14
EURCAD,wage_growth,,0.0,2025-11-14
EURCAD,adp,,0.0,2025-11-14
EURCAD,jolts,,0.0,2025-11-14
EURCAD,jobless_claims,,0.0,2025-11-14
EURCAD,rate_expectations,1.0,0.625,2025-11-14
GBPJPY,manufacturing_pmi,0.0,0.0,2025-11-14
GBPJPY,services_pmi,0.0,0.0,2025-11-14
GBPJPY,gdp_qoq,0.0,0.0,2025-11-14
GBPJPY,retail_sales,1.0,0.15625,2025-11-14
GBPJPY,cpi_yoy,-1.0,-0.20833333333333331,2025-11-14
GBPJPY,core_cpi,-1.0,-0.20833333333333331,2025-11-14
GBPJPY,core_pce,,0.0,2025-11-14
GBPJPY,ppi_yoy,0.0,0.0,2025-11-14
GBPJPY,employment_change,0.0,0.0,2025-11-14
GBPJPY,unemployment_rate,-1.0,-0.10416666666666663,2025-11-14
GBPJPY,wage_growth,-1.0,-0.20833333333333331,2025-11-14
GBPJPY,adp,,0.0,2025-11-14
GBPJPY,jolts,,0.0,2025-11-14
GBPJPY,jobless_claims,,0.0,2025-11-14
GBPJPY,rate_expectations,0.0,0.0,2025-11-14
GBPCHF,manufacturing_pmi,0.0,0.0,2025-11-14
GBPCHF,services_pmi,0.0,0.0,2025-11-14
GBPCHF,gdp_qoq,0.0,0.0,2025-11-14
GBPCHF,retail_sales,1.0,0.15625,2025-11-14
GBPCHF,cpi_yoy,1.0,0.625,2025-11-14
GBPCHF,core_cpi,-1.0,-0.20833333333333331,2025-11-14
GBPCHF,core_pce,,0.0,2025-11-14
GBPCHF,ppi_yoy,0.0,0.0,2025-11-14
GBPCHF,employment_change,0.0,0.0,2025-11-14
GBPCHF,unemployment_rate,-2.0,-0.41666666666666663,2025-11-14
GBPCHF,wage_growth,-1.0,-0.20833333333333331,2025-11-14
GBPCHF,adp,,0.0,2025-11-14
GBPCHF,jolts,,0.0,2025-11-14
GBPCHF,jobless_claims,,0.0,2025-11-14
GBPCHF,rate_expectations,0.0,0.0,2025-11-14
GBPAUD,manufacturing_pmi,0.0,0.0,2025-11-14
GBPAUD,services_pmi,0.0,0.0,2025-11-14
GBPAUD,gdp_qoq,-1.0,-0.625,2025-11-14
GBPAUD,retail_sales,-1.0,0.15625,2025-11-14
GBPAUD,cpi_yoy,-3.0,-0.625,2025-11-14
GBPAUD,core_cpi,-2.0,-0.41666666666666663,2025-11-14
GBPAUD,core_pce,,0.0,2025-11-14
GBPAUD,ppi_yoy,0.0,0.0,2025-11-14
GBPAUD,employment_change,0.0,0.0,2025-11-14
GBPAUD,unemployment_rate,-3.0,-0.625,2025-11-14
GBPAUD,wage_growth,-1.0,-0.20833333333333331,2025-11-14
GBPAUD,adp,,0.0,2025-11-14
GBPAUD,jolts,,0.0,2025-11-14
GBPAUD,jobless_claims,,0.0,2025-11-14
GBPAUD,rate_expectations,-2.0,-1.25,2025-11-14
GBPNZD,manufacturing_pmi,0.0,0.0,2025-11-14
GBPNZD,services_pmi,0.0,0.0,2025-11-14
GBPNZD,gdp_qoq,1.0,0.20833333333333331,2025-11-14
GBPNZD,retail_sales,1.0,0.15625,2025-11-14
GBPNZD,cpi_yoy,-2.0,-0.625,2025-11-14
GBPNZD,core_cpi,-1.0,-0.20833333333333331,2025-11-14
GBPNZD,core_pce,,0.0,2025-11-14
GBPNZD,ppi_yoy,0.0,0.0,2025-11-14
GBPNZD,employment_change,0.0,0.0,2025-11-14
GBPNZD,unemployment_rate,-2.0,-0.41666666666666663,2025-11-14
GBPNZD,wage_growth,-1.0,-0.20833333333333331,2025-11-14
GBPNZD,adp,,0.0,2025-11-14
GBPNZD,jolts,,0.0,2025-11-14
GBPNZD,jobless_claims,,0.0,2025-11-14
GBPNZD,rate_expectations,0.0,0.0,2025-11-14
GBPCAD,manufacturing_pmi,0.0,0.0,2025-11-14
GBPCAD,services_pmi,0.0,0.0,2025-11-14
GBPCAD,gdp_qoq,0.0,0.0,2025-11-14
GBPCAD,retail_sales,1.0,0.15625,2025-11-14
GBPCAD,cpi_yoy,-2.0,-0.41666666666666663,2025-11-14
GBPCAD,core_cpi,-1.0,-0.20833333333333331,2025-11-14
GBPCAD,core_pce,,0.0,2025-11-14
GBPCAD,ppi_yoy,-2.0,-0.41666666666666663,2025-11-14
GBPCAD,employment_change,-1.0,-0.3125,2025-11-14
GBPCAD,unemployment_rate,-3.0,-0.7291666666666666,2025-11-14
GBPCAD,wage_growth,-1.0,-0.20833333333333331,2025-11-14
GBPCAD,adp,,0.0,2025-11-14
GBPCAD,jolts,,0.0,2025-11-14
GBPCAD,jobless_claims,,0.0,2025-11-14
GBPCAD,rate_expectations,0.0,0.0,2025-11-14
AUDJPY,manufacturing_pmi,,0.0,2025-11-14
AUDJPY,services_pmi,,0.0,2025-11-14
AUDJPY,gdp_qoq,1.0,0.625,2025-11-14
AUDJPY,retail_sales,2.0,0.0,2025-11-14
AUDJPY,cpi_yoy,2.0,0.41666666666666663,2025-11-14
AUDJPY,core_cpi,1.0,0.20833333333333331,2025-11-14
AUDJPY,core_pce,,0.0,2025-11-14
AUDJPY,ppi_yoy,0.0,0.0,2025-11-14
AUDJPY,employment_change,0.0,0.0,2025-11-14
AUDJPY,unemployment_rate,2.0,0.5208333333333333,2025-11-14
AUDJPY,wage_growth,0.0,0.0,2025-11-14
AUDJPY,adp,,0.0,2025-11-14
AUDJPY,jolts,,0.0,2025-11-14
AUDJPY,jobless_claims,,0.0,2025-11-14
AUDJPY,rate_expectations,2.0,1.25,2025-11-14
NZDJPY,manufacturing_pmi,0.0,0.0,2025-11-14
NZDJPY,services_pmi,0.0,0.0,2025-11-14
NZDJPY,gdp_qoq,-1.0,-0.20833333333333331,2025-11-14
NZDJPY,retail_sales,0.0,0.0,2025-11-14
NZDJPY,cpi_yoy,1.0,0.41666666666666663,2025-11-14
NZDJPY,core_cpi,0.0,0.0,2025-11-14
NZDJPY,core_pce,,0.0,2025-11-14
NZDJPY,ppi_yoy,0.0,0.0,2025-11-14
NZDJPY,employment_change,0.0,0.0,2025-11-14
NZDJPY,unemployment_rate,1.0,0.3125,2025-11-14
NZDJPY,wage_growth,0.0,0.0,2025-11-14
NZDJPY,adp,,0.0,2025-11-14
NZDJPY,jolts,,0.0,2025-11-14
NZDJPY,jobless_claims,,0.0,2025-11-14
NZDJPY,rate_expectations,0.0,0.0,2025-11-14
CADJPY,manufacturing_pmi,0.0,0.0,2025-11-14
CADJPY,services_pmi,,0.0,2025-11-14
CADJPY,gdp_qoq,0.0,0.0,2025-11-14
CADJPY,retail_sales,0.0,0.0,2025-11-14
CADJPY,cpi_yoy,1.0,0.20833333333333331,2025-11-14
CADJPY,core_cpi,0.0,0.0,2025-11-14
CADJPY,core_pce,,0.0,2025-11-14
CADJPY,ppi_yoy,2.0,0.41666666666666663,2025-11-14
CADJPY,employment_change,1.0,0.3125,2025-11-14
CADJPY,unemployment_rate,2.0,0.625,2025-11-14
CADJPY,wage_growth,0.0,0.0,2025-11-14
CADJPY,adp,,0.0,2025-11-14
CADJPY,jolts,,0.0,2025-11-14
CADJPY,jobless_claims,,0.0,2025-11-14
CADJPY,rate_expectations,0.0,0.0,2025-11-14
CHFJPY,manufacturing_pmi,,0.0,2025-11-14
CHFJPY,services_pmi,,0.0,2025-11-14
CHFJPY,gdp_qoq,0.0,0.0,2025-11-14
CHFJPY,retail_sales,0.0,0.0,2025-11-14
CHFJPY,cpi_yoy,-2.0,-0.8333333333333333,2025-11-14
CHFJPY,core_cpi,0.0,0.0,2025-11-14
CHFJPY,core_pce,,0.0,2025-11-14
CHFJPY,ppi_yoy,0.0,0.0,2025-11-14
CHFJPY,employment_change,,0.0,2025-11-14
CHFJPY,unemployment_rate,1.0,0.3125,2025-11-14
CHFJPY,wage_growth,0.0,0.0,2025-11-14
CHFJPY,adp,,0.0,2025-11-14
CHFJPY,jolts,,0.0,2025-11-14
CHFJPY,jobless_claims,,0.0,2025-11-14
CHFJPY,rate_expectations,0.0,0.0,2025-11-14
AUDNZD,manufacturing_pmi,0.0,0.0,2025-11-14
AUDNZD,services_pmi,0.0,0.0,2025-11-14
AUDNZD,gdp_qoq,2.0,0.8333333333333333,2025-11-14
AUDNZD,retail_sales,2.0,0.0,2025-11-14
AUDNZD,cpi_yoy,1.0,0.0,2025-11-14
AUDNZD,core_cpi,1.0,0.20833333333333331,2025-11-14
AUDNZD,core_pce,,0.0,2025-11-14
AUDNZD,ppi_yoy,0.0,0.0,2025-11-14
AUDNZD,employment_change,0.0,0.0,2025-11-14
AUDNZD,unemployment_rate,1.0,0.20833333333333331,2025-11-14
AUDNZD,wage_growth,0.0,0.0,2025-11-14
AUDNZD,adp,,0.0,2025-11-14
AUDNZD,jolts,,0.0,2025-11-14
AUDNZD,jobless_claims,,0.0,2025-11-14
AUDNZD,rate_expectations,2.0,1.25,2025-11-14
AUDCAD,manufacturing_pmi,0.0,0.0,2025-11-14
AUDCAD,services_pmi,,0.0,2025-11-14
AUDCAD,gdp_qoq,1.0,0.625,2025-11-14
AUDCAD,retail_sales,2.0,0.0,2025-11-14
AUDCAD,cpi_yoy,1.0,0.20833333333333331,2025-11-14
AUDCAD,core_cpi,1.0,0.20833333333333331,2025-11-14
AUDCAD,core_pce,,0.0,2025-11-14
AUDCAD,ppi_yoy,-2.0,-0.41666666666666663,2025-11-14
AUDCAD,employment_change,-1.0,-0.3125,2025-11-14
AUDCAD,unemployment_rate,0.0,-0.10416666666666669,2025-11-14
AUDCAD,wage_growth,0.0,0.0,2025-11-14
AUDCAD,adp,,0.0,2025-11-14
AUDCAD,jolts,,0.0,2025-11-14
AUDCAD,jobless_claims,,0.0,2025-11-14
AUDCAD,rate_expectations,2.0,1.25,2025-11-14
AUDCHF,manufacturing_pmi,,0.0,2025-11-14
AUDCHF,services_pmi,,0.0,2025-11-14
AUDCHF,gdp_qoq,1.0,0.625,2025-11-14
AUDCHF,retail_sales,2.0,0.0,2025-11-14
AUDCHF,cpi_yoy,4.0,1.25,2025-11-14
AUDCHF,core_cpi,1.0,0.20833333333333331,2025-11-14
AUDCHF,core_pce,,0.0,2025-11-14
AUDCHF,ppi_yoy,0.0,0.0,2025-11-14
AUDCHF,employment_change,0.0,0.0,2025-11-14
AUDCHF,unemployment_rate,1.0,0.20833333333333331,2025-11-14
AUDCHF,wage_growth,0.0,0.0,2025-11-14
AUDCHF,adp,,0.0,2025-11-14
AUDCHF,jolts,,0.0,2025-11-14
AUDCHF,jobless_claims,,0.0,2025-11-14
AUDCHF,rate_expectations,2.0,1.25,2025-11-14
NZDCAD,manufacturing_pmi,0.0,0.0,2025-11-14
NZDCAD,services_pmi,0.0,0.0,2025-11-14
NZDCAD,gdp_qoq,-1.0,-0.20833333333333331,2025-11-14
NZDCAD,retail_sales,0.0,0.0,2025-11-14
NZDCAD,cpi_yoy,0.0,0.20833333333333331,2025-11-14
NZDCAD,core_cpi,0.0,0.0,2025-11-14
NZDCAD,core_pce,,0.0,2025-11-14
NZDCAD,ppi_yoy,-2.0,-0.41666666666666663,2025-11-14
NZDCAD,employment_change,-1.0,-0.3125,2025-11-14
NZDCAD,unemployment_rate,-1.0,-0.3125,2025-11-14
NZDCAD,wage_growth,0.0,0.0,2025-11-14
NZDCAD,adp,,0.0,2025-11-14
NZDCAD,jolts,,0.0,2025-11-14
NZDCAD,jobless_claims,,0.0,2025-11-14
NZDCAD,rate_expectations,0.0,0.0,2025-11-14
NZDCHF,manufacturing_pmi,0.0,0.0,2025-11-14
NZDCHF,services_pmi,0.0,0.0,2025-11-14
NZDCHF,gdp_qoq,-1.0,-0.20833333333333331,2025-11-14
NZDCHF,retail_sales,0.0,0.0,2025-11-14
NZDCHF,cpi_yoy,3.0,1.25,2025-11-14
NZDCHF,core_cpi,,0.0,2025-11-14
NZDCHF,core_pce,,0.0,2025-11-14
NZDCHF,ppi_yoy,0.0,0.0,2025-11-14
NZDCHF,employment_change,0.0,0.0,2025-11-14
NZDCHF,unemployment_rate,0.0,0.0,2025-11-14
NZDCHF,wage_growth,0.0,0.0,2025-11-14
NZDCHF,adp,,0.0,2025-11-14
NZDCHF,jolts,,0.0,2025-11-14
NZDCHF,jobless_claims,,0.0,2025-11-14
NZDCHF,rate_expectations,,0.0,2025-11-14
CADCHF,manufacturing_pmi,0.0,0.0,2025-11-14
CADCHF,services_pmi,,0.0,2025-11-14
CADCHF,gdp_qoq,0.0,0.0,2025-11-14
CADCHF,retail_sales,0.0,0.0,2025-11-14
CADCHF,cpi_yoy,3.0,1.0416666666666665,2025-11-14
CADCHF,core_cpi,0.0,0.0,2025-11-14
CADCHF,core_pce,,0.0,2025-11-14
CADCHF,ppi_yoy,2.0,0.41666666666666663,2025-11-14
CADCHF,employment_change,1.0,0.3125,2025-11-14
CADCHF,unemployment_rate,1.0,0.3125,2025-11-14
CADCHF,wage_growth,,0.0,2025-11-14
CADCHF,adp,,0.0,2025-11-14
CADCHF,jolts,,0.0,2025-11-14
CADCHF,jobless_claims,,0.0,2025-11-14
CADCHF,rate_expectations,0.0,0.0,2025-11-14
EURUSD,manufacturing_pmi,0.0,0.0,2025-11-21
EURUSD,services_pmi,-1.0,-0.3125,2025-11-21
EURUSD,gdp_qoq,1.0,0.3125,2025-11-21
EURUSD,retail_sales,-3.0,-0.625,2025-11-21
EURUSD,cpi_yoy,1.0,0.3125,2025-11-21
EURUSD,core_cpi,2.0,0.5208333333333333,2025-11-21
EURUSD,core_pce,0.0,0.0,2025-11-21
EURUSD,ppi_yoy,0.0,0.0,2025-11-21
EURUSD,employment_change,-1.0,-0.125,2025-11-21
EURUSD,unemployment_rate,1.0,0.125,2025-11-21
EURUSD,wage_growth,1.0,0.125,2025-11-21
EURUSD,adp,0.0,0.0,2025-11-21
EURUSD,jolts,0.0,0.0,2025-11-21
EURUSD,jobless_claims,0.0,0.0,2025-11-21
EURUSD,rate_expectations,0.0,0.0,2025-11-21
GBPUSD,manufacturing_pmi,0.0,0.0,2025-11-21
GBPUSD,services_pmi,-1.0,-0.3125,2025-11-21
GBPUSD,gdp_qoq,0.0,0.0,2025-11-21
GBPUSD,retail_sales,0.0,0.15625,2025-11-21
GBPUSD,cpi_yoy,1.0,0.3125,2025-11-21
GBPUSD,core_cpi,1.0,0.3125,2025-11-21
GBPUSD,core_pce,0.0,0.0,2025-11-21
GBPUSD,ppi_yoy,0.0,0.0,2025-11-21
GBPUSD,employment_change,-1.0,-0.125,2025-11-21
GBPUSD,unemployment_rate,-1.0,-0.29166666666666663,2025-11-21
GBPUSD,wage_growth,0.0,-0.08333333333333331,2025-11-21
GBPUSD,adp,0.0,0.0,2025-11-21
GBPUSD,jolts,0.0,0.0,2025-11-21
GBPUSD,jobless_claims,0.0,0.0,2025-11-21
GBPUSD,rate_expectations,0.0,0.0,2025-11-21
USDJPY,manufacturing_pmi,0.0,0.0,2025-11-21
USDJPY,services_pmi,1.0,0.3125,2025-11-21
USDJPY,gdp_qoq,0.0,0.0,2025-11-21
USDJPY,retail_sales,1.0,0.0,2025-11-21
USDJPY,cpi_yoy,-1.0,-0.3125,2025-11-21
USDJPY,core_cpi,-1.0,-0.3125,2025-11-21
USDJPY,core_pce,0.0,0.0,2025-11-21
USDJPY,ppi_yoy,0.0,0.0,2025-11-21
USDJPY,employment_change,1.0,0.125,2025-11-21
USDJPY,unemployment_rate,0.0,0.1875,2025-11-21
USDJPY,wage_growth,-1.0,-0.125,2025-11-21
USDJPY,adp,0.0,0.0,2025-11-21
USDJPY,jolts,0.0,0.0,2025-11-21
USDJPY,jobless_claims,0.0,0.0,2025-11-21
USDJPY,rate_expectations,0.0,0.0,2025-11-21
USDCHF,manufacturing_pmi,0.0,0.0,2025-11-21
USDCHF,services_pmi,1.0,0.3125,2025-11-21
USDCHF,gdp_qoq,0.0,0.0,2025-11-21
USDCHF,retail_sales,1.0,0.0,2025-11-21
USDCHF,cpi_yoy,1.0,0.5208333333333333,2025-11-21
USDCHF,core_cpi,-1.0,-0.3125,2025-11-21
USDCHF,core_pce,0.0,0.0,2025-11-21
USDCHF,ppi_yoy,0.0,0.0,2025-11-21
USDCHF,employment_change,1.0,0.125,2025-11-21
USDCHF,unemployment_rate,-1.0,-0.125,2025-11-21
USDCHF,wage_growth,-1.0,-0.125,2025-11-21
USDCHF,adp,0.0,0.0,2025-11-21
USDCHF,jolts,0.0,0.0,2025-11-21
USDCHF,jobless_claims,0.0,0.0,2025-11-21
USDCHF,rate_expectations,0.0,0.0,2025-11-21
USDCAD,manufacturing_pmi,0.0,0.0,2025-11-21
USDCAD,services_pmi,1.0,0.3125,2025-11-21
USDCAD,gdp_qoq,0.0,0.0,2025-11-21
USDCAD,retail_sales,1.0,0.0,2025-11-21
USDCAD,cpi_yoy,-1.0,-0.3125,2025-11-21
USDCAD,core_cpi,-1.0,-0.3125,2025-11-21
USDCAD,core_pce,0.0,0.0,2025-11-21
USDCAD,ppi_yoy,-2.0,-0.41666666666666663,2025-11-21
USDCAD,employment_change,0.0,-0.1875,2025-11-21
USDCAD,unemployment_rate,-2.0,-0.4375,2025-11-21
USDCAD,wage_growth,-1.0,-0.125,2025-11-21
USDCAD,adp,0.0,0.0,2025-11-21
USDCAD,jolts,0.0,0.0,2025-11-21
USDCAD,jobless_claims,0.0,0.0,2025-11-21
USDCAD,rate_expectations,0.0,0.0,2025-11-21
AUDUSD,manufacturing_pmi,0.0,0.0,2025-11-21
AUDUSD,services_pmi,-1.0,-0.3125,2025-11-21
AUDUSD,gdp_qoq,1.0,0.625,2025-11-21
AUDUSD,retail_sales,1.0,0.0,2025-11-21
AUDUSD,cpi_yoy,3.0,0.7291666666666666,2025-11-21
AUDUSD,core_cpi,2.0,0.5208333333333333,2025-11-21
AUDUSD,core_pce,0.0,0.0,2025-11-21
AUDUSD,ppi_yoy,0.0,0.0,2025-11-21
AUDUSD,employment_change,-1.0,-0.125,2025-11-21
AUDUSD,unemployment_rate,2.0,0.3333333333333333,2025-11-21
AUDUSD,wage_growth,1.0,0.125,2025-11-21
AUDUSD,adp,0.0,0.0,2025-11-21
AUDUSD,jolts,0.0,0.0,2025-11-21
AUDUSD,jobless_claims,0.0,0.0,2025-11-21
AUDUSD,rate_expectations,2.0,1.25,2025-11-21
NZDUSD,manufacturing_pmi,0.0,0.0,2025-11-21
NZDUSD,services_pmi,-1.0,-0.3125,2025-11-21
NZDUSD,gdp_qoq,-1.0,-0.20833333333333331,2025-11-21
NZDUSD,retail_sales,-1.0,0.0,2025-11-21
NZDUSD,cpi_yoy,2.0,0.7291666666666666,2025-11-21
NZDUSD,core_cpi,1.0,0.3125,2025-11-21
NZDUSD,core_pce,0.0,0.0,2025-11-21
NZDUSD,ppi_yoy,0.0,0.0,2025-11-21
NZDUSD,employment_change,-1.0,-0.125,2025-11-21
NZDUSD,unemployment_rate,1.0,0.125,2025-11-21
NZDUSD,wage_growth,1.0,0.125,2025-11-21
NZDUSD,adp,0.0,0.0,2025-11-21
NZDUSD,jolts,0.0,0.0,2025-11-21
NZDUSD,jobless_claims,0.0,0.0,2025-11-21
NZDUSD,rate_expectations,0.0,0.0,2025-11-21
EURGBP,manufacturing_pmi,0.0,0.0,2025-11-21
EURGBP,services_pmi,0.0,0.0,2025-11-21
EURGBP,gdp_qoq,1.0,0.3125,2025-11-21
EURGBP,retail_sales,-3.0,-0.78125,2025-11-21
EURGBP,cpi_yoy,0.0,0.0,2025-11-21
EURGBP,core_cpi,1.0,0.20833333333333331,2025-11-21
EURGBP,core_pce,,0.0,2025-11-21
EURGBP,ppi_yoy,0.0,0.0,2025-11-21
EURGBP,employment_change,0.0,0.0,2025-11-21
EURGBP,unemployment_rate,2.0,0.41666666666666663,2025-11-21
EURGBP,wage_growth,1.0,0.20833333333333331,2025-11-21
EURGBP,adp,,0.0,2025-11-21
EURGBP,jolts,,0.0,2025-11-21
EURGBP,jobless_claims,,0.0,2025-11-21
EURGBP,rate_expectations,0.0,0.0,2025-11-21
EURJPY,manufacturing_pmi,,0.0,2025-11-21
EURJPY,services_pmi,,0.0,2025-11-21
EURJPY,gdp_qoq,1.0,0.3125,2025-11-21
EURJPY,retail_sales,-2.0,-0.625,2025-11-21
EURJPY,cpi_yoy,0.0,0.0,2025-11-21
EURJPY,core_cpi,1.0,0.20833333333333331,2025-11-21
EURJPY,core_pce,,0.0,2025-11-21
EURJPY,ppi_yoy,0.0,0.0,2025-11-21
EURJPY,employment_change,0.0,0.0,2025-11-21
EURJPY,unemployment_rate,1.0,0.3125,2025-11-21
EURJPY,wage_growth,0.0,0.0,2025-11-21
EURJPY,adp,,0.0,2025-11-21
EURJPY,jolts,,0.0,2025-11-21
EURJPY,jobless_claims,,0.0,2025-11-21
EURJPY,rate_expectations,0.0,0.0,2025-11-21
EURCHF,manufacturing_pmi,,0.0,2025-11-21
EURCHF,services_pmi,,0.0,2025-11-21
EURCHF,gdp_qoq,1.0,0.3125,2025-11-21
EURCHF,retail_sales,-2.0,-0.625,2025-11-21
EURCHF,cpi_yoy,2.0,0.8333333333333333,2025-11-21
EURCHF,core_cpi,1.0,0.20833333333333331,2025-11-21
EURCHF,core_pce,,0.0,2025-11-21
EURCHF,ppi_yoy,0.0,0.0,2025-11-21
EURCHF,employment_change,0.0,0.0,2025-11-21
EURCHF,unemployment_rate,0.0,0.0,2025-11-21
EURCHF,wage_growth,,0.0,2025-11-21
EURCHF,adp,,0.0,2025-11-21
EURCHF,jolts,,0.0,2025-11-21
EURCHF,jobless_claims,,0.0,2025-11-21
EURCHF,rate_expectations,0.0,0.0,2025-11-21
EURAUD,manufacturing_pmi,,0.0,2025-11-21
EURAUD,services_pmi,,0.0,2025-11-21
EURAUD,gdp_qoq,0.0,-0.3125,2025-11-21
EURAUD,retail_sales,-4.0,-0.625,2025-11-21
EURAUD,cpi_yoy,-2.0,-0.41666666666666663,2025-11-21
EURAUD,core_cpi,0.0,0.0,2025-11-21
EURAUD,core_pce,,0.0,2025-11-21
EURAUD,ppi_yoy,0.0,0.0,2025-11-21
EURAUD,employment_change,0.0,0.0,2025-11-21
EURAUD,unemployment_rate,-1.0,-0.20833333333333331,2025-11-21
EURAUD,wage_growth,0.0,0.0,2025-11-21
EURAUD,adp,,0.0,2025-11-21
EURAUD,jolts,,0.0,2025-11-21
EURAUD,jobless_claims,,0.0,2025-11-21
EURAUD,rate_expectations,-2.0,-1.25,2025-11-21
EURNZD,manufacturing_pmi,0.0,0.0,2025-11-21
EURNZD,services_pmi,0.0,0.0,2025-11-21
EURNZD,gdp_qoq,2.0,0.5208333333333333,2025-11-21
EURNZD,retail_sales,-2.0,-0.625,2025-11-21
EURNZD,cpi_yoy,-1.0,-0.41666666666666663,2025-11-21
EURNZD,core_cpi,1.0,0.20833333333333331,2025-11-21
EURNZD,core_pce,,0.0,2025-11-21
EURNZD,ppi_yoy,0.0,0.0,2025-11-21
EURNZD,employment_change,0.0,0.0,2025-11-21
EURNZD,unemployment_rate,0.0,0.0,2025-11-21
EURNZD,wage_growth,0.0,0.0,2025-11-21
EURNZD,adp,,0.0,2025-11-21
EURNZD,jolts,,0.0,2025-11-21
EURNZD,jobless_claims,,0.0,2025-11-21
EURNZD,rate_expectations,0.0,0.0,2025-11-21
EURCAD,manufacturing_pmi,0.0,0.0,2025-11-21
EURCAD,services_pmi,,0.0,2025-11-21
EURCAD,gdp_qoq,1.0,0.3125,2025-11-21
EURCAD,retail_sales,-2.0,-0.625,2025-11-21
EURCAD,cpi_yoy,0.0,0.0,2025-11-21
EURCAD,core_cpi,1.0,0.20833333333333331,2025-11-21
EURCAD,core_pce,,0.0,2025-11-21
EURCAD,ppi_yoy,-2.0,-0.41666666666666663,2025-11-21
EURCAD,employment_change,-1.0,-0.3125,2025-11-21
EURCAD,unemployment_rate,-1.0,-0.3125,2025-11-21
EURCAD,wage_growth,,0.0,2025-11-21
EURCAD,adp,,0.0,2025-11-21
EURCAD,jolts,,0.0,2025-11-21
EURCAD,jobless_claims,,0.0,2025-11-21
EURCAD,rate_expectations,0.0,0.0,2025-11-21
GBPJPY,manufacturing_pmi,0.0,0.0,2025-11-21
GBPJPY,services_pmi,0.0,0.0,2025-11-21
GBPJPY,gdp_qoq,0.0,0.0,2025-11-21
GBPJPY,retail_sales,1.0,0.15625,2025-11-21
GBPJPY,cpi_yoy,0.0,0.0,2025-11-21
GBPJPY,core_cpi,0.0,0.0,2025-11-21
GBPJPY,core_pce,,0.0,2025-11-21
GBPJPY,ppi_yoy,0.0,0.0,2025-11-21
GBPJPY,employment_change,0.0,0.0,2025-11-21
GBPJPY,unemployment_rate,-1.0,-0.10416666666666663,2025-11-21
GBPJPY,wage_growth,-1.0,-0.20833333333333331,2025-11-21
GBPJPY,adp,,0.0,2025-11-21
GBPJPY,jolts,,0.0,2025-11-21
GBPJPY,jobless_claims,,0.0,2025-11-21
GBPJPY,rate_expectations,0.0,0.0,2025-11-21
GBPCHF,manufacturing_pmi,0.0,0.0,2025-11-21
GBPCHF,services_pmi,0.0,0.0,2025-11-21
GBPCHF,gdp_qoq,0.0,0.0,2025-11-21
GBPCHF,retail_sales,1.0,0.15625,2025-11-21
GBPCHF,cpi_yoy,2.0,0.8333333333333333,2025-11-21
GBPCHF,core_cpi,0.0,0.0,2025-11-21
GBPCHF,core_pce,,0.0,2025-11-21
GBPCHF,ppi_yoy,0.0,0.0,2025-11-21
GBPCHF,employment_change,0.0,0.0,2025-11-21
GBPCHF,unemployment_rate,-2.0,-0.41666666666666663,2025-11-21
GBPCHF,wage_growth,-1.0,-0.20833333333333331,2025-11-21
GBPCHF,adp,,0.0,2025-11-21
GBPCHF,jolts,,0.0,2025-11-21
GBPCHF,jobless_claims,,0.0,2025-11-21
GBPCHF,rate_expectations,0.0,0.0,2025-11-21
GBPAUD,manufacturing_pmi,0.0,0.0,2025-11-21
GBPAUD,services_pmi,0.0,0.0,2025-11-21
GBPAUD,gdp_qoq,-1.0,-0.625,2025-11-21
GBPAUD,retail_sales,-1.0,0.15625,2025-11-21
GBPAUD,cpi_yoy,-2.0,-0.41666666666666663,2025-11-21
GBPAUD,core_cpi,-1.0,-0.20833333333333331,2025-11-21
GBPAUD,core_pce,,0.0,2025-11-21
GBPAUD,ppi_yoy,0.0,0.0,2025-11-21
GBPAUD,employment_change,0.0,0.0,2025-11-21
GBPAUD,unemployment_rate,-3.0,-0.625,2025-11-21
GBPAUD,wage_growth,-1.0,-0.20833333333333331,2025-11-21
GBPAUD,adp,,0.0,2025-11-21
GBPAUD,jolts,,0.0,2025-11-21
GBPAUD,jobless_claims,,0.0,2025-11-21
GBPAUD,rate_expectations,-2.0,-1.25,2025-11-21
GBPNZD,manufacturing_pmi,0.0,0.0,2025-11-21
GBPNZD,services_pmi,0.0,0.0,2025-11-21
GBPNZD,gdp_qoq,1.0,0.20833333333333331,2025-11-21
GBPNZD,retail_sales,1.0,0.15625,2025-11-21
GBPNZD,cpi_yoy,-1.0,-0.41666666666666663,2025-11-21
GBPNZD,core_cpi,0.0,0.0,2025-11-21
GBPNZD,core_pce,,0.0,2025-11-21
GBPNZD,ppi_yoy,0.0,0.0,2025-11-21
GBPNZD,employment_change,0.0,0.0,2025-11-21
GBPNZD,unemployment_rate,-2.0,-0.41666666666666663,2025-11-21
GBPNZD,wage_growth,-1.0,-0.20833333333333331,2025-11-21
GBPNZD,adp,,0.0,2025-11-21
GBPNZD,jolts,,0.0,2025-11-21
GBPNZD,jobless_claims,,0.0,2025-11-21
GBPNZD,rate_expectations,0.0,0.0,2025-11-21
GBPCAD,manufacturing_pmi,0.0,0.0,2025-11-21
GBPCAD,services_pmi,0.0,0.0,2025-11-21
GBPCAD,gdp_qoq,0.0,0.0,2025-11-21
GBPCAD,retail_sales,1.0,0.15625,2025-11-21
GBPCAD,cpi_yoy,0.0,0.0,2025-11-21
GBPCAD,core_cpi,0.0,0.0,2025-11-21
GBPCAD,core_pce,,0.0,2025-11-21
GBPCAD,ppi_yoy,-2.0,-0.41666666666666663,2025-11-21
GBPCAD,employment_change,-1.0,-0.3125,2025-11-21
GBPCAD,unemployment_rate,-3.0,-0.7291666666666666,2025-11-21
GBPCAD,wage_growth,-1.0,-0.20833333333333331,2025-11-21
GBPCAD,adp,,0.0,2025-11-21
GBPCAD,jolts,,0.0,2025-11-21
GBPCAD,jobless_claims,,0.0,2025-11-21
GBPCAD,rate_expectations,0.0,0.0,2025-11-21
AUDJPY,manufacturing_pmi,,0.0,2025-11-21
AUDJPY,services_pmi,,0.0,2025-11-21
AUDJPY,gdp_qoq,1.0,0.625,2025-11-21
AUDJPY,retail_sales,2.0,0.0,2025-11-21
AUDJPY,cpi_yoy,2.0,0.41666666666666663,2025-11-21
AUDJPY,core_cpi,1.0,0.20833333333333331,2025-11-21
AUDJPY,core_pce,,0.0,2025-11-21
AUDJPY,ppi_yoy,0.0,0.0,2025-11-21
AUDJPY,employment_change,0.0,0.0,2025-11-21
AUDJPY,unemployment_rate,2.0,0.5208333333333333,2025-11-21
AUDJPY,wage_growth,0.0,0.0,2025-11-21
AUDJPY,adp,,0.0,2025-11-21
AUDJPY,jolts,,0.0,2025-11-21
AUDJPY,jobless_claims,,0.0,2025-11-21
AUDJPY,rate_expectations,2.0,1.25,2025-11-21
NZDJPY,manufacturing_pmi,0.0,0.0,2025-11-21
NZDJPY,services_pmi,0.0,0.0,2025-11-21
NZDJPY,gdp_qoq,-1.0,-0.20833333333333331,2025-11-21
NZDJPY,retail_sales,0.0,0.0,2025-11-21
NZDJPY,cpi_yoy,1.0,0.41666666666666663,2025-11-21
NZDJPY,core_cpi,0.0,0.0,2025-11-21
NZDJPY,core_pce,,0.0,2025-11-21
NZDJPY,ppi_yoy,0.0,0.0,2025-11-21
NZDJPY,employment_change,0.0,0.0,2025-11-21
NZDJPY,unemployment_rate,1.0,0.3125,2025-11-21
NZDJPY,wage_growth,0.0,0.0,2025-11-21
NZDJPY,adp,,0.0,2025-11-21
NZDJPY,jolts,,0.0,2025-11-21
NZDJPY,jobless_claims,,0.0,2025-11-21
NZDJPY,rate_expectations,0.0,0.0,2025-11-21
CADJPY,manufacturing_pmi,0.0,0.0,2025-11-21
CADJPY,services_pmi,,0.0,2025-11-21
CADJPY,gdp_qoq,0.0,0.0,2025-11-21
CADJPY,retail_sales,0.0,0.0,2025-11-21
CADJPY,cpi_yoy,0.0,0.0,2025-11-21
CADJPY,core_cpi,0.0,0.0,2025-11-21
CADJPY,core_pce,,0.0,2025-11-21
CADJPY,ppi_yoy,2.0,0.41666666666666663,2025-11-21
CADJPY,employment_change,1.0,0.3125,2025-11-21
CADJPY,unemployment_rate,2.0,0.625,2025-11-21
CADJPY,wage_growth,0.0,0.0,2025-11-21
CADJPY,adp,,0.0,2025-11-21
CADJPY,jolts,,0.0,2025-11-21
CADJPY,jobless_claims,,0.0,2025-11-21
CADJPY,rate_expectations,0.0,0.0,2025-11-21
CHFJPY,manufacturing_pmi,,0.0,2025-11-21
CHFJPY,services_pmi,,0.0,2025-11-21
CHFJPY,gdp_qoq,0.0,0.0,2025-11-21
CHFJPY,retail_sales,0.0,0.0,2025-11-21
CHFJPY,cpi_yoy,-2.0,-0.8333333333333333,2025-11-21
CHFJPY,core_cpi,0.0,0.0,2025-11-21
CHFJPY,core_pce,,0.0,2025-11-21
CHFJPY,ppi_yoy,0.0,0.0,2025-11-21
CHFJPY,employment_change,,0.0,2025-11-21
CHFJPY,unemployment_rate,1.0,0.3125,2025-11-21
CHFJPY,wage_growth,0.0,0.0,2025-11-21
CHFJPY,adp,,0.0,2025-11-21
CHFJPY,jolts,,0.0,2025-11-21
CHFJPY,jobless_claims,,0.0,2025-11-21
CHFJPY,rate_expectations,0.0,0.0,2025-11-21
AUDNZD,manufacturing_pmi,0.0,0.0,2025-11-21
AUDNZD,services_pmi,0.0,0.0,2025-11-21
AUDNZD,gdp_qoq,2.0,0.8333333333333333,2025-11-21
AUDNZD,retail_sales,2.0,0.0,2025-11-21
AUDNZD,cpi_yoy,1.0,0.0,2025-11-21
AUDNZD,core_cpi,1.0,0.20833333333333331,2025-11-21
AUDNZD,core_pce,,0.0,2025-11-21
AUDNZD,ppi_yoy,0.0,0.0,2025-11-21
AUDNZD,employment_change,0.0,0.0,2025-11-21
AUDNZD,unemployment_rate,1.0,0.20833333333333331,2025-11-21
AUDNZD,wage_growth,0.0,0.0,2025-11-21
AUDNZD,adp,,0.0,2025-11-21
AUDNZD,jolts,,0.0,2025-11-21
AUDNZD,jobless_claims,,0.0,2025-11-21
AUDNZD,rate_expectations,2.0,1.25,2025-11-21
AUDCAD,manufacturing_pmi,0.0,0.0,2025-11-21
AUDCAD,services_pmi,,0.0,2025-11-21
AUDCAD,gdp_qoq,1.0,0.625,2025-11-21
AUDCAD,retail_sales,2.0,0.0,2025-11-21
AUDCAD,cpi_yoy,2.0,0.41666666666666663,2025-11-21
AUDCAD,core_cpi,1.0,0.20833333333333331,2025-11-21
AUDCAD,core_pce,,0.0,2025-11-21
AUDCAD,ppi_yoy,-2.0,-0.41666666666666663,2025-11-21
AUDCAD,employment_change,-1.0,-0.3125,2025-11-21
AUDCAD,unemployment_rate,0.0,-0.10416666666666669,2025-11-21
AUDCAD,wage_growth,0.0,0.0,2025-11-21
AUDCAD,adp,,0.0,2025-11-21
AUDCAD,jolts,,0.0,2025-11-21
AUDCAD,jobless_claims,,0.0,2025-11-21
AUDCAD,rate_expectations,2.0,1.25,2025-11-21
AUDCHF,manufacturing_pmi,,0.0,2025-11-21
AUDCHF,services_pmi,,0.0,2025-11-21
AUDCHF,gdp_qoq,1.0,0.625,2025-11-21
AUDCHF,retail_sales,2.0,0.0,2025-11-21
AUDCHF,cpi_yoy,4.0,1.25,2025-11-21
AUDCHF,core_cpi,1.0,0.20833333333333331,2025-11-21
AUDCHF,core_pce,,0.0,2025-11-21
AUDCHF,ppi_yoy,0.0,0.0,2025-11-21
AUDCHF,employment_change,0.0,0.0,2025-11-21
AUDCHF,unemployment_rate,1.0,0.20833333333333331,2025-11-21
AUDCHF,wage_growth,0.0,0.0,2025-11-21
AUDCHF,adp,,0.0,2025-11-21
AUDCHF,jolts,,0.0,2025-11-21
AUDCHF,jobless_claims,,0.0,2025-11-21
AUDCHF,rate_expectations,2.0,1.25,2025-11-21
NZDCAD,manufacturing_pmi,0.0,0.0,2025-11-21
NZDCAD,services_pmi,0.0,0.0,2025-11-21
NZDCAD,gdp_qoq,-1.0,-0.20833333333333331,2025-11-21
NZDCAD,retail_sales,0.0,0.0,2025-11-21
NZDCAD,cpi_yoy,1.0,0.41666666666666663,2025-11-21
NZDCAD,core_cpi,0.0,0.0,2025-11-21
NZDCAD,core_pce,,0.0,2025-11-21
NZDCAD,ppi_yoy,-2.0,-0.41666666666666663,2025-11-21
NZDCAD,employment_change,-1.0,-0.3125,2025-11-21
NZDCAD,unemployment_rate,-1.0,-0.3125,2025-11-21
NZDCAD,wage_growth,0.0,0.0,2025-11-21
NZDCAD,adp,,0.0,2025-11-21
NZDCAD,jolts,,0.0,2025-11-21
NZDCAD,jobless_claims,,0.0,2025-11-21
NZDCAD,rate_expectations,0.0,0.0,2025-11-21
NZDCHF,manufacturing_pmi,0.0,0.0,2025-11-21
NZDCHF,services_pmi,0.0,0.0,2025-11-21
NZDCHF,gdp_qoq,-1.0,-0.20833333333333331,2025-11-21
NZDCHF,retail_sales,0.0,0.0,2025-11-21
NZDCHF,cpi_yoy,3.0,1.25,2025-11-21
NZDCHF,core_cpi,,0.0,2025-11-21
NZDCHF,core_pce,,0.0,2025-11-21
NZDCHF,ppi_yoy,0.0,0.0,2025-11-21
NZDCHF,employment_change,0.0,0.0,2025-11-21
NZDCHF,unemployment_rate,0.0,0.0,2025-11-21
NZDCHF,wage_growth,0.0,0.0,2025-11-21
NZDCHF,adp,,0.0,2025-11-21
NZDCHF,jolts,,0.0,2025-11-21
NZDCHF,jobless_claims,,0.0,2025-11-21
NZDCHF,rate_expectations,,0.0,2025-11-21
CADCHF,manufacturing_pmi,0.0,0.0,2025-11-21
CADCHF,services_pmi,,0.0,2025-11-21
CADCHF,gdp_qoq,0.0,0.0,2025-11-21
CADCHF,retail_sales,0.0,0.0,2025-11-21
CADCHF,cpi_yoy,2.0,0.8333333333333333,2025-11-21
CADCHF,core_cpi,0.0,0.0,2025-11-21
CADCHF,core_pce,,0.0,2025-11-21
CADCHF,ppi_yoy,2.0,0.41666666666666663,2025-11-21
CADCHF,employment_change,1.0,0.3125,2025-11-21
CADCHF,unemployment_rate,1.0,0.3125,2025-11-21
CADCHF,wage_growth,,0.0,2025-11-21
CADCHF,adp,,0.0,2025-11-21
CADCHF,jolts,,0.0,2025-11-21
CADCHF,jobless_claims,,0.0,2025-11-21
CADCHF,rate_expectations,0.0,0.0,2025-11-21
EURUSD,manufacturing_pmi,0.0,0.0,2025-11-28
EURUSD,services_pmi,-1.0,-0.20833333333333331,2025-11-28
EURUSD,gdp_qoq,1.0,0.3125,2025-11-28
EURUSD,retail_sales,-2.0,-0.625,2025-11-28
EURUSD,cpi_yoy,1.0,0.20833333333333331,2025-11-28
EURUSD,core_cpi,2.0,0.41666666666666663,2025-11-28
EURUSD,core_pce,0.0,0.0,2025-11-28
EURUSD,ppi_yoy,0.0,0.0,2025-11-28
EURUSD,employment_change,-1.0,-0.125,2025-11-28
EURUSD,unemployment_rate,1.0,0.125,2025-11-28
EURUSD,wage_growth,1.0,0.125,2025-11-28
EURUSD,adp,0.0,0.0,2025-11-28
EURUSD,jolts,0.0,0.0,2025-11-28
EURUSD,jobless_claims,-1.0,-0.125,2025-11-28
EURUSD,rate_expectations,0.0,0.0,2025-11-28
GBPUSD,manufacturing_pmi,0.0,0.0,2025-11-28
GBPUSD,services_pmi,-1.0,-0.20833333333333331,2025-11-28
GBPUSD,gdp_qoq,0.0,0.0,2025-11-28
GBPUSD,retail_sales,-1.0,-0.15625,2025-11-28
GBPUSD,cpi_yoy,1.0,0.20833333333333331,2025-11-28
GBPUSD,core_cpi,1.0,0.20833333333333331,2025-11-28
GBPUSD,core_pce,0.0,0.0,2025-11-28
GBPUSD,ppi_yoy,0.0,0.0,2025-11-28
GBPUSD,employment_change,-1.0,-0.125,2025-11-28
GBPUSD,unemployment_rate,-1.0,-0.29166666666666663,2025-11-28
GBPUSD,wage_growth,0.0,-0.08333333333333331,2025-11-28
GBPUSD,adp,0.0,0.0,2025-11-28
GBPUSD,jolts,0.0,0.0,2025-11-28
GBPUSD,jobless_claims,-1.0,-0.125,2025-11-28
GBPUSD,rate_expectations,0.0,0.0,2025-11-28
USDJPY,manufacturing_pmi,0.0,0.0,2025-11-28
USDJPY,services_pmi,1.0,0.20833333333333331,2025-11-28
USDJPY,gdp_qoq,0.0,0.0,2025-11-28
USDJPY,retail_sales,0.0,0.0,2025-11-28
USDJPY,cpi_yoy,-1.0,-0.20833333333333331,2025-11-28
USDJPY,core_cpi,-1.0,-0.20833333333333331,2025-11-28
USDJPY,core_pce,0.0,0.0,2025-11-28
USDJPY,ppi_yoy,0.0,0.0,2025-11-28
USDJPY,employment_change,1.0,0.125,2025-11-28
USDJPY,unemployment_rate,0.0,0.1875,2025-11-28
USDJPY,wage_growth,-1.0,-0.125,2025-11-28
USDJPY,adp,0.0,0.0,2025-11-28
USDJPY,jolts,0.0,0.0,2025-11-28
USDJPY,jobless_claims,1.0,0.125,2025-11-28
USDJPY,rate_expectations,-1.0,-0.625,2025-11-28
USDCHF,manufacturing_pmi,0.0,0.0,2025-11-28
USDCHF,services_pmi,1.0,0.20833333333333331,2025-11-28
USDCHF,gdp_qoq,0.0,0.0,2025-11-28
USDCHF,retail_sales,0.0,0.0,2025-11-28
USDCHF,cpi_yoy,1.0,0.625,2025-11-28
USDCHF,core_cpi,-1.0,-0.20833333333333331,2025-11-28
USDCHF,core_pce,0.0,0.0,2025-11-28
USDCHF,ppi_yoy,0.0,0.0,2025-11-28
USDCHF,employment_change,1.0,0.125,2025-11-28
USDCHF,unemployment_rate,-1.0,-0.125,2025-11-28
USDCHF,wage_growth,-1.0,-0.125,2025-11-28
USDCHF,adp,0.0,0.0,2025-11-28
USDCHF,jolts,0.0,0.0,2025-11-28
USDCHF,jobless_claims,1.0,0.125,2025-11-28
USDCHF,rate_expectations,0.0,0.0,2025-11-28
USDCAD,manufacturing_pmi,0.0,0.0,2025-11-28
USDCAD,services_pmi,1.0,0.20833333333333331,2025-11-28
USDCAD,gdp_qoq,0.0,0.0,2025-11-28
USDCAD,retail_sales,0.0,0.0,2025-11-28
USDCAD,cpi_yoy,-1.0,-0.20833333333333331,2025-11-28
USDCAD,core_cpi,-1.0,-0.20833333333333331,2025-11-28
USDCAD,core_pce,0.0,0.0,2025-11-28
USDCAD,ppi_yoy,-2.0,-0.41666666666666663,2025-11-28
USDCAD,employment_change,0.0,-0.1875,2025-11-28
USDCAD,unemployment_rate,-2.0,-0.4375,2025-11-28
USDCAD,wage_growth,-1.0,-0.125,2025-11-28
USDCAD,adp,0.0,0.0,2025-11-28
USDCAD,jolts,0.0,0.0,2025-11-28
USDCAD,jobless_claims,1.0,0.125,2025-11-28
USDCAD,rate_expectations,0.0,0.0,2025-11-28
AUDUSD,manufacturing_pmi,0.0,0.0,2025-11-28
AUDUSD,services_pmi,-1.0,-0.20833333333333331,2025-11-28
AUDUSD,gdp_qoq,1.0,0.625,2025-11-28
AUDUSD,retail_sales,2.0,0.0,2025-11-28
AUDUSD,cpi_yoy,2.0,0.41666666666666663,2025-11-28
AUDUSD,core_cpi,2.0,0.41666666666666663,2025-11-28
AUDUSD,core_pce,0.0,0.0,2025-11-28
AUDUSD,ppi_yoy,0.0,0.0,2025-11-28
AUDUSD,employment_change,-1.0,-0.125,2025-11-28
AUDUSD,unemployment_rate,2.0,0.3333333333333333,2025-11-28
AUDUSD,wage_growth,1.0,0.125,2025-11-28
AUDUSD,adp,0.0,0.0,2025-11-28
AUDUSD,jolts,0.0,0.0,2025-11-28
AUDUSD,jobless_claims,-1.0,-0.125,2025-11-28
AUDUSD,rate_expectations,2.0,1.25,2025-11-28
NZDUSD,manufacturing_pmi,0.0,0.0,2025-11-28
NZDUSD,services_pmi,-1.0,-0.20833333333333331,2025-11-28
NZDUSD,gdp_qoq,-1.0,-0.20833333333333331,2025-11-28
NZDUSD,retail_sales,1.0,0.20833333333333331,2025-11-28
NZDUSD,cpi_yoy,2.0,0.625,2025-11-28
NZDUSD,core_cpi,1.0,0.20833333333333331,2025-11-28
NZDUSD,core_pce,0.0,0.0,2025-11-28
NZDUSD,ppi_yoy,0.0,0.0,2025-11-28
NZDUSD,employment_change,-1.0,-0.125,2025-11-28
NZDUSD,unemployment_rate,1.0,0.125,2025-11-28
NZDUSD,wage_growth,1.0,0.125,2025-11-28
NZDUSD,adp,0.0,0.0,2025-11-28
NZDUSD,jolts,0.0,0.0,2025-11-28
NZDUSD,jobless_claims,-1.0,-0.125,2025-11-28
NZDUSD,rate_expectations,0.0,0.0,2025-11-28
EURGBP,manufacturing_pmi,0.0,0.0,2025-11-28
EURGBP,services_pmi,0.0,0.0,2025-11-28
EURGBP,gdp_qoq,1.0,0.3125,2025-11-28
EURGBP,retail_sales,-1.0,-0.46875,2025-11-28
EURGBP,cpi_yoy,0.0,0.0,2025-11-28
EURGBP,core_cpi,1.0,0.20833333333333331,2025-11-28
EURGBP,core_pce,,0.0,2025-11-28
EURGBP,ppi_yoy,0.0,0.0,2025-11-28
EURGBP,employment_change,0.0,0.0,2025-11-28
EURGBP,unemployment_rate,2.0,0.41666666666666663,2025-11-28
EURGBP,wage_growth,1.0,0.20833333333333331,2025-11-28
EURGBP,adp,,0.0,2025-11-28
EURGBP,jolts,,0.0,2025-11-28
EURGBP,jobless_claims,,0.0,2025-11-28
EURGBP,rate_expectations,0.0,0.0,2025-11-28
EURJPY,manufacturing_pmi,,0.0,2025-11-28
EURJPY,services_pmi,,0.0,2025-11-28
EURJPY,gdp_qoq,1.0,0.3125,2025-11-28
EURJPY,retail_sales,-2.0,-0.625,2025-11-28
EURJPY,cpi_yoy,0.0,0.0,2025-11-28
EURJPY,core_cpi,1.0,0.20833333333333331,2025-11-28
EURJPY,core_pce,,0.0,2025-11-28
EURJPY,ppi_yoy,0.0,0.0,2025-11-28
EURJPY,employment_change,0.0,0.0,2025-11-28
EURJPY,unemployment_rate,1.0,0.3125,2025-11-28
EURJPY,wage_growth,0.0,0.0,2025-11-28
EURJPY,adp,,0.0,2025-11-28
EURJPY,jolts,,0.0,2025-11-28
EURJPY,jobless_claims,,0.0,2025-11-28
EURJPY,rate_expectations,-1.0,-0.625,2025-11-28
EURCHF,manufacturing_pmi,,0.0,2025-11-28
EURCHF,services_pmi,,0.0,2025-11-28
EURCHF,gdp_qoq,1.0,0.3125,2025-11-28
EURCHF,retail_sales,-2.0,-0.625,2025-11-28
EURCHF,cpi_yoy,2.0,0.8333333333333333,2025-11-28
EURCHF,core_cpi,1.0,0.20833333333333331,2025-11-28
EURCHF,core_pce,,0.0,2025-11-28
EURCHF,ppi_yoy,0.0,0.0,2025-11-28
EURCHF,employment_change,0.0,0.0,2025-11-28
EURCHF,unemployment_rate,0.0,0.0,2025-11-28
EURCHF,wage_growth,,0.0,2025-11-28
EURCHF,adp,,0.0,2025-11-28
EURCHF,jolts,,0.0,2025-11-28
EURCHF,jobless_claims,,0.0,2025-11-28
EURCHF,rate_expectations,0.0,0.0,2025-11-28
EURAUD,manufacturing_pmi,,0.0,2025-11-28
EURAUD,services_pmi,,0.0,2025-11-28
EURAUD,gdp_qoq,0.0,-0.3125,2025-11-28
EURAUD,retail_sales,-4.0,-0.625,2025-11-28
EURAUD,cpi_yoy,-1.0,-0.20833333333333331,2025-11-28
EURAUD,core_cpi,0.0,0.0,2025-11-28
EURAUD,core_pce,,0.0,2025-11-28
EURAUD,ppi_yoy,0.0,0.0,2025-11-28
EURAUD,employment_change,0.0,0.0,2025-11-28
EURAUD,unemployment_rate,-1.0,-0.20833333333333331,2025-11-28
EURAUD,wage_growth,0.0,0.0,2025-11-28
EURAUD,adp,,0.0,2025-11-28
EURAUD,jolts,,0.0,2025-11-28
EURAUD,jobless_claims,,0.0,2025-11-28
EURAUD,rate_expectations,-2.0,-1.25,2025-11-28
EURNZD,manufacturing_pmi,0.0,0.0,2025-11-28
EURNZD,services_pmi,0.0,0.0,2025-11-28
EURNZD,gdp_qoq,2.0,0.5208333333333333,2025-11-28
EURNZD,retail_sales,-3.0,-0.8333333333333333,2025-11-28
EURNZD,cpi_yoy,-1.0,-0.41666666666666663,2025-11-28
EURNZD,core_cpi,1.0,0.20833333333333331,2025-11-28
EURNZD,core_pce,,0.0,2025-11-28
EURNZD,ppi_yoy,0.0,0.0,2025-11-28
EURNZD,employment_change,0.0,0.0,2025-11-28
EURNZD,unemployment_rate,0.0,0.0,2025-11-28
EURNZD,wage_growth,0.0,0.0,2025-11-28
EURNZD,adp,,0.0,2025-11-28
EURNZD,jolts,,0.0,2025-11-28
EURNZD,jobless_claims,,0.0,2025-11-28
EURNZD,rate_expectations,0.0,0.0,2025-11-28
EURCAD,manufacturing_pmi,0.0,0.0,2025-11-28
EURCAD,services_pmi,,0.0,2025-11-28
EURCAD,gdp_qoq,1.0,0.3125,2025-11-28
EURCAD,retail_sales,-2.0,-0.625,2025-11-28
EURCAD,cpi_yoy,0.0,0.0,2025-11-28
EURCAD,core_cpi,1.0,0.20833333333333331,2025-11-28
EURCAD,core_pce,,0.0,2025-11-28
EURCAD,ppi_yoy,-2.0,-0.41666666666666663,2025-11-28
EURCAD,employment_change,-1.0,-0.3125,2025-11-28
EURCAD,unemployment_rate,-1.0,-0.3125,2025-11-28
EURCAD,wage_growth,,0.0,2025-11-28
EURCAD,adp,,0.0,2025-11-28
EURCAD,jolts,,0.0,2025-11-28
EURCAD,jobless_claims,,0.0,2025-11-28
EURCAD,rate_expectations,0.0,0.0,2025-11-28
GBPJPY,manufacturing_pmi,0.0,0.0,2025-11-28
GBPJPY,services_pmi,0.0,0.0,2025-11-28
GBPJPY,gdp_qoq,0.0,0.0,2025-11-28
GBPJPY,retail_sales,-1.0,-0.15625,2025-11-28
GBPJPY,cpi_yoy,0.0,0.0,2025-11-28
GBPJPY,core_cpi,0.0,0.0,2025-11-28
GBPJPY,core_pce,,0.0,2025-11-28
GBPJPY,ppi_yoy,0.0,0.0,2025-11-28
GBPJPY,employment_change,0.0,0.0,2025-11-28
GBPJPY,unemployment_rate,-1.0,-0.10416666666666663,2025-11-28
GBPJPY,wage_growth,-1.0,-0.20833333333333331,2025-11-28
GBPJPY,adp,,0.0,2025-11-28
GBPJPY,jolts,,0.0,2025-11-28
GBPJPY,jobless_claims,,0.0,2025-11-28
GBPJPY,rate_expectations,-1.0,-0.625,2025-11-28
GBPCHF,manufacturing_pmi,0.0,0.0,2025-11-28
GBPCHF,services_pmi,0.0,0.0,2025-11-28
GBPCHF,gdp_qoq,0.0,0.0,2025-11-28
GBPCHF,retail_sales,-1.0,-0.15625,2025-11-28
GBPCHF,cpi_yoy,2.0,0.8333333333333333,2025-11-28
GBPCHF,core_cpi,0.0,0.0,2025-11-28
GBPCHF,core_pce,,0.0,2025-11-28
GBPCHF,ppi_yoy,0.0,0.0,2025-11-28
GBPCHF,employment_change,0.0,0.0,2025-11-28
GBPCHF,unemployment_rate,-2.0,-0.41666666666666663,2025-11-28
GBPCHF,wage_growth,-1.0,-0.20833333333333331,2025-11-28
GBPCHF,adp,,0.0,2025-11-28
GBPCHF,jolts,,0.0,2025-11-28
GBPCHF,jobless_claims,,0.0,2025-11-28
GBPCHF,rate_expectations,0.0,0.0,2025-11-28
GBPAUD,manufacturing_pmi,0.0,0.0,2025-11-28
GBPAUD,services_pmi,0.0,0.0,2025-11-28
GBPAUD,gdp_qoq,-1.0,-0.625,2025-11-28
GBPAUD,retail_sales,-3.0,-0.15625,2025-11-28
GBPAUD,cpi_yoy,-1.0,-0.20833333333333331,2025-11-28
GBPAUD,core_cpi,-1.0,-0.20833333333333331,2025-11-28
GBPAUD,core_pce,,0.0,2025-11-28
GBPAUD,ppi_yoy,0.0,0.0,2025-11-28
GBPAUD,employment_change,0.0,0.0,2025-11-28
GBPAUD,unemployment_rate,-3.0,-0.625,2025-11-28
GBPAUD,wage_growth,-1.0,-0.20833333333333331,2025-11-28
GBPAUD,adp,,0.0,2025-11-28
GBPAUD,jolts,,0.0,2025-11-28
GBPAUD,jobless_claims,,0.0,2025-11-28
GBPAUD,rate_expectations,-2.0,-1.25,2025-11-28
GBPNZD,manufacturing_pmi,0.0,0.0,2025-11-28
GBPNZD,services_pmi,0.0,0.0,2025-11-28
GBPNZD,gdp_qoq,1.0,0.20833333333333331,2025-11-28
GBPNZD,retail_sales,-2.0,-0.3645833333333333,2025-11-28
GBPNZD,cpi_yoy,-1.0,-0.41666666666666663,2025-11-28
GBPNZD,core_cpi,0.0,0.0,2025-11-28
GBPNZD,core_pce,,0.0,2025-11-28
GBPNZD,ppi_yoy,0.0,0.0,2025-11-28
GBPNZD,employment_change,0.0,0.0,2025-11-28
GBPNZD,unemployment_rate,-2.0,-0.41666666666666663,2025-11-28
GBPNZD,wage_growth,-1.0,-0.20833333333333331,2025-11-28
GBPNZD,adp,,0.0,2025-11-28
GBPNZD,jolts,,0.0,2025-11-28
GBPNZD,jobless_claims,,0.0,2025-11-28
GBPNZD,rate_expectations,0.0,0.0,2025-11-28
GBPCAD,manufacturing_pmi,0.0,0.0,2025-11-28
GBPCAD,services_pmi,0.0,0.0,2025-11-28
GBPCAD,gdp_qoq,0.0,0.0,2025-11-28
GBPCAD,retail_sales,-1.0,-0.15625,2025-11-28
GBPCAD,cpi_yoy,0.0,0.0,2025-11-28
GBPCAD,core_cpi,0.0,0.0,2025-11-28
GBPCAD,core_pce,,0.0,2025-11-28
GBPCAD,ppi_yoy,-2.0,-0.41666666666666663,2025-11-28
GBPCAD,employment_change,-1.0,-0.3125,2025-11-28
GBPCAD,unemployment_rate,-3.0,-0.7291666666666666,2025-11-28
GBPCAD,wage_growth,-1.0,-0.20833333333333331,2025-11-28
GBPCAD,adp,,0.0,2025-11-28
GBPCAD,jolts,,0.0,2025-11-28
GBPCAD,jobless_claims,,0.0,2025-11-28
GBPCAD,rate_expectations,0.0,0.0,2025-11-28
AUDJPY,manufacturing_pmi,,0.0,2025-11-28
AUDJPY,services_pmi,,0.0,2025-11-28
AUDJPY,gdp_qoq,1.0,0.625,2025-11-28
AUDJPY,retail_sales,2.0,0.0,2025-11-28
AUDJPY,cpi_yoy,1.0,0.20833333333333331,2025-11-28
AUDJPY,core_cpi,1.0,0.20833333333333331,2025-11-28
AUDJPY,core_pce,,0.0,2025-11-28
AUDJPY,ppi_yoy,0.0,0.0,2025-11-28
AUDJPY,employment_change,0.0,0.0,2025-11-28
AUDJPY,unemployment_rate,2.0,0.5208333333333333,2025-11-28
AUDJPY,wage_growth,0.0,0.0,2025-11-28
AUDJPY,adp,,0.0,2025-11-28
AUDJPY,jolts,,0.0,2025-11-28
AUDJPY,jobless_claims,,0.0,2025-11-28
AUDJPY,rate_expectations,1.0,0.625,2025-11-28
NZDJPY,manufacturing_pmi,0.0,0.0,2025-11-28
NZDJPY,services_pmi,0.0,0.0,2025-11-28
NZDJPY,gdp_qoq,-1.0,-0.20833333333333331,2025-11-28
NZDJPY,retail_sales,1.0,0.20833333333333331,2025-11-28
NZDJPY,cpi_yoy,1.0,0.41666666666666663,2025-11-28
NZDJPY,core_cpi,0.0,0.0,2025-11-28
NZDJPY,core_pce,,0.0,2025-11-28
NZDJPY,ppi_yoy,0.0,0.0,2025-11-28
NZDJPY,employment_change,0.0,0.0,2025-11-28
NZDJPY,unemployment_rate,1.0,0.3125,2025-11-28
NZDJPY,wage_growth,0.0,0.0,2025-11-28
NZDJPY,adp,,0.0,2025-11-28
NZDJPY,jolts,,0.0,2025-11-28
NZDJPY,jobless_claims,,0.0,2025-11-28
NZDJPY,rate_expectations,-1.0,-0.625,2025-11-28
CADJPY,manufacturing_pmi,0.0,0.0,2025-11-28
CADJPY,services_pmi,,0.0,2025-11-28
CADJPY,gdp_qoq,0.0,0.0,2025-11-28
CADJPY,retail_sales,0.0,0.0,2025-11-28
CADJPY,cpi_yoy,0.0,0.0,2025-11-28
CADJPY,core_cpi,0.0,0.0,2025-11-28
CADJPY,core_pce,,0.0,2025-11-28
CADJPY,ppi_yoy,2.0,0.41666666666666663,2025-11-28
CADJPY,employment_change,1.0,0.3125,2025-11-28
CADJPY,unemployment_rate,2.0,0.625,2025-11-28
CADJPY,wage_growth,0.0,0.0,2025-11-28
CADJPY,adp,,0.0,2025-11-28
CADJPY,jolts,,0.0,2025-11-28
CADJPY,jobless_claims,,0.0,2025-11-28
CADJPY,rate_expectations,-1.0,-0.625,2025-11-28
CHFJPY,manufacturing_pmi,,0.0,2025-11-28
CHFJPY,services_pmi,,0.0,2025-11-28
CHFJPY,gdp_qoq,0.0,0.0,2025-11-28
CHFJPY,retail_sales,0.0,0.0,2025-11-28
CHFJPY,cpi_yoy,-2.0,-0.8333333333333333,2025-11-28
CHFJPY,core_cpi,0.0,0.0,2025-11-28
CHFJPY,core_pce,,0.0,2025-11-28
CHFJPY,ppi_yoy,0.0,0.0,2025-11-28
CHFJPY,employment_change,,0.0,2025-11-28
CHFJPY,unemployment_rate,1.0,0.3125,2025-11-28
CHFJPY,wage_growth,0.0,0.0,2025-11-28
CHFJPY,adp,,0.0,2025-11-28
CHFJPY,jolts,,0.0,2025-11-28
CHFJPY,jobless_claims,,0.0,2025-11-28
CHFJPY,rate_expectations,-1.0,-0.625,2025-11-28
AUDNZD,manufacturing_pmi,0.0,0.0,2025-11-28
AUDNZD,services_pmi,0.0,0.0,2025-11-28
AUDNZD,gdp_qoq,2.0,0.8333333333333333,2025-11-28
AUDNZD,retail_sales,1.0,-0.20833333333333331,2025-11-28
AUDNZD,cpi_yoy,0.0,-0.20833333333333331,2025-11-28
AUDNZD,core_cpi,1.0,0.20833333333333331,2025-11-28
AUDNZD,core_pce,,0.0,2025-11-28
AUDNZD,ppi_yoy,0.0,0.0,2025-11-28
AUDNZD,employment_change,0.0,0.0,2025-11-28
AUDNZD,unemployment_rate,1.0,0.20833333333333331,2025-11-28
AUDNZD,wage_growth,0.0,0.0,2025-11-28
AUDNZD,adp,,0.0,2025-11-28
AUDNZD,jolts,,0.0,2025-11-28
AUDNZD,jobless_claims,,0.0,2025-11-28
AUDNZD,rate_expectations,2.0,1.25,2025-11-28
AUDCAD,manufacturing_pmi,0.0,0.0,2025-11-28
AUDCAD,services_pmi,,0.0,2025-11-28
AUDCAD,gdp_qoq,1.0,0.625,2025-11-28
AUDCAD,retail_sales,2.0,0.0,2025-11-28
AUDCAD,cpi_yoy,1.0,0.20833333333333331,2025-11-28
AUDCAD,core_cpi,1.0,0.20833333333333331,2025-11-28
AUDCAD,core_pce,,0.0,2025-11-28
AUDCAD,ppi_yoy,-2.0,-0.41666666666666663,2025-11-28
AUDCAD,employment_change,-1.0,-0.3125,2025-11-28
AUDCAD,unemployment_rate,0.0,-0.10416666666666669,2025-11-28
AUDCAD,wage_growth,0.0,0.0,2025-11-28
AUDCAD,adp,,0.0,2025-11-28
AUDCAD,jolts,,0.0,2025-11-28
AUDCAD,jobless_claims,,0.0,2025-11-28
AUDCAD,rate_expectations,2.0,1.25,2025-11-28
AUDCHF,manufacturing_pmi,,0.0,2025-11-28
AUDCHF,services_pmi,,0.0,2025-11-28
AUDCHF,gdp_qoq,1.0,0.625,2025-11-28
AUDCHF,retail_sales,2.0,0.0,2025-11-28
AUDCHF,cpi_yoy,3.0,1.0416666666666665,2025-11-28
AUDCHF,core_cpi,1.0,0.20833333333333331,2025-11-28
AUDCHF,core_pce,,0.0,2025-11-28
AUDCHF,ppi_yoy,0.0,0.0,2025-11-28
AUDCHF,employment_change,0.0,0.0,2025-11-28
AUDCHF,unemployment_rate,1.0,0.20833333333333331,2025-11-28
AUDCHF,wage_growth,0.0,0.0,2025-11-28
AUDCHF,adp,,0.0,2025-11-28
AUDCHF,jolts,,0.0,2025-11-28
AUDCHF,jobless_claims,,0.0,2025-11-28
AUDCHF,rate_expectations,2.0,1.25,2025-11-28
NZDCAD,manufacturing_pmi,0.0,0.0,2025-11-28
NZDCAD,services_pmi,0.0,0.0,2025-11-28
NZDCAD,gdp_qoq,-1.0,-0.20833333333333331,2025-11-28
NZDCAD,retail_sales,1.0,0.20833333333333331,2025-11-28
NZDCAD,cpi_yoy,1.0,0.41666666666666663,2025-11-28
NZDCAD,core_cpi,0.0,0.0,2025-11-28
NZDCAD,core_pce,,0.0,2025-11-28
NZDCAD,ppi_yoy,-2.0,-0.41666666666666663,2025-11-28
NZDCAD,employment_change,-1.0,-0.3125,2025-11-28
NZDCAD,unemployment_rate,-1.0,-0.3125,2025-11-28
NZDCAD,wage_growth,0.0,0.0,2025-11-28
NZDCAD,adp,,0.0,2025-11-28
NZDCAD,jolts,,0.0,2025-11-28
NZDCAD,jobless_claims,,0.0,2025-11-28
NZDCAD,rate_expectations,0.0,0.0,2025-11-28
NZDCHF,manufacturing_pmi,0.0,0.0,2025-11-28
NZDCHF,services_pmi,0.0,0.0,2025-11-28
NZDCHF,gdp_qoq,-1.0,-0.20833333333333331,2025-11-28
NZDCHF,retail_sales,1.0,0.20833333333333331,2025-11-28
NZDCHF,cpi_yoy,3.0,1.25,2025-11-28
NZDCHF,core_cpi,,0.0,2025-11-28
NZDCHF,core_pce,,0.0,2025-11-28
NZDCHF,ppi_yoy,0.0,0.0,2025-11-28
NZDCHF,employment_change,0.0,0.0,2025-11-28
NZDCHF,unemployment_rate,0.0,0.0,2025-11-28
NZDCHF,wage_growth,0.0,0.0,2025-11-28
NZDCHF,adp,,0.0,2025-11-28
NZDCHF,jolts,,0.0,2025-11-28
NZDCHF,jobless_claims,,0.0,2025-11-28
NZDCHF,rate_expectations,,0.0,2025-11-28
CADCHF,manufacturing_pmi,0.0,0.0,2025-11-28
CADCHF,services_pmi,,0.0,2025-11-28
CADCHF,gdp_qoq,0.0,0.0,2025-11-28
CADCHF,retail_sales,0.0,0.0,2025-11-28
CADCHF,cpi_yoy,2.0,0.8333333333333333,2025-11-28
CADCHF,core_cpi,0.0,0.0,2025-11-28
CADCHF,core_pce,,0.0,2025-11-28
CADCHF,ppi_yoy,2.0,0.41666666666666663,2025-11-28
CADCHF,employment_change,1.0,0.3125,2025-11-28
CADCHF,unemployment_rate,1.0,0.3125,2025-11-28
CADCHF,wage_growth,,0.0,2025-11-28
CADCHF,adp,,0.0,2025-11-28
CADCHF,jolts,,0.0,2025-11-28
CADCHF,jobless_claims,,0.0,2025-11-28
CADCHF,rate_expectations,0.0,0.0,2025-11-28
EURUSD,manufacturing_pmi,1.0,0.20833333333333331,2025-12-05
EURUSD,services_pmi,0.0,0.0,2025-12-05
EURUSD,gdp_qoq,1.0,0.3125,2025-12-05
EURUSD,retail_sales,0.0,0.0,2025-12-05
EURUSD,cpi_yoy,2.0,0.41666666666666663,2025-12-05
EURUSD,core_cpi,1.0,0.20833333333333331,2025-12-05
EURUSD,core_pce,0.0,0.0,2025-12-05
EURUSD,ppi_yoy,0.0,0.0,2025-12-05
EURUSD,employment_change,-1.0,-0.125,2025-12-05
EURUSD,unemployment_rate,0.0,-0.1875,2025-12-05
EURUSD,wage_growth,1.0,0.125,2025-12-05
EURUSD,adp,0.0,0.0,2025-12-05
EURUSD,jolts,0.0,0.0,2025-12-05
EURUSD,jobless_claims,-2.0,-0.25,2025-12-05
EURUSD,rate_expectations,1.0,0.625,2025-12-05
GBPUSD,manufacturing_pmi,1.0,0.20833333333333331,2025-12-05
GBPUSD,services_pmi,-1.0,-0.15625,2025-12-05
GBPUSD,gdp_qoq,0.0,0.0,2025-12-05
GBPUSD,retail_sales,-1.0,-0.15625,2025-12-05
GBPUSD,cpi_yoy,1.0,0.20833333333333331,2025-12-05
GBPUSD,core_cpi,1.0,0.20833333333333331,2025-12-05
GBPUSD,core_pce,0.0,0.0,2025-12-05
GBPUSD,ppi_yoy,0.0,0.0,2025-12-05
GBPUSD,employment_change,-1.0,-0.125,2025-12-05
GBPUSD,unemployment_rate,-1.0,-0.29166666666666663,2025-12-05
GBPUSD,wage_growth,0.0,-0.08333333333333331,2025-12-05
GBPUSD,adp,0.0,0.0,2025-12-05
GBPUSD,jolts,0.0,0.0,2025-12-05
GBPUSD,jobless_claims,-2.0,-0.25,2025-12-05
GBPUSD,rate_expectations,0.0,0.0,2025-12-05
USDJPY,manufacturing_pmi,-1.0,-0.20833333333333331,2025-12-05
USDJPY,services_pmi,0.0,0.0,2025-12-05
USDJPY,gdp_qoq,0.0,0.0,2025-12-05
USDJPY,retail_sales,0.0,0.0,2025-12-05
USDJPY,cpi_yoy,-1.0,-0.20833333333333331,2025-12-05
USDJPY,core_cpi,-1.0,-0.20833333333333331,2025-12-05
USDJPY,core_pce,0.0,0.0,2025-12-05
USDJPY,ppi_yoy,0.0,0.0,2025-12-05
USDJPY,employment_change,1.0,0.125,2025-12-05
USDJPY,unemployment_rate,0.0,0.1875,2025-12-05
USDJPY,wage_growth,-1.0,-0.125,2025-12-05
USDJPY,adp,0.0,0.0,2025-12-05
USDJPY,jolts,0.0,0.0,2025-12-05
USDJPY,jobless_claims,2.0,0.25,2025-12-05
USDJPY,rate_expectations,-2.0,-1.25,2025-12-05
USDCHF,manufacturing_pmi,-1.0,-0.20833333333333331,2025-12-05
USDCHF,services_pmi,0.0,0.0,2025-12-05
USDCHF,gdp_qoq,1.0,0.41666666666666663,2025-12-05
USDCHF,retail_sales,-1.0,-0.41666666666666663,2025-12-05
USDCHF,cpi_yoy,0.0,0.20833333333333331,2025-12-05
USDCHF,core_cpi,-1.0,-0.20833333333333331,2025-12-05
USDCHF,core_pce,0.0,0.0,2025-12-05
USDCHF,ppi_yoy,0.0,0.0,2025-12-05
USDCHF,employment_change,1.0,0.125,2025-12-05
USDCHF,unemployment_rate,-1.0,-0.125,2025-12-05
USDCHF,wage_growth,-1.0,-0.125,2025-12-05
USDCHF,adp,0.0,0.0,2025-12-05
USDCHF,jolts,0.0,0.0,2025-12-05
USDCHF,jobless_claims,2.0,0.25,2025-12-05
USDCHF,rate_expectations,0.0,0.0,2025-12-05
USDCAD,manufacturing_pmi,-1.0,-0.20833333333333331,2025-12-05
USDCAD,services_pmi,0.0,0.0,2025-12-05
USDCAD,gdp_qoq,0.0,0.0,2025-12-05
USDCAD,retail_sales,0.0,0.0,2025-12-05
USDCAD,cpi_yoy,-1.0,-0.20833333333333331,2025-12-05
USDCAD,core_cpi,-1.0,-0.20833333333333331,2025-12-05
USDCAD,core_pce,0.0,0.0,2025-12-05
USDCAD,ppi_yoy,-2.0,-0.41666666666666663,2025-12-05
USDCAD,employment_change,0.0,-0.1875,2025-12-05
USDCAD,unemployment_rate,-2.0,-0.4375,2025-12-05
USDCAD,wage_growth,-1.0,-0.125,2025-12-05
USDCAD,adp,0.0,0.0,2025-12-05
USDCAD,jolts,0.0,0.0,2025-12-05
USDCAD,jobless_claims,2.0,0.25,2025-12-05
USDCAD,rate_expectations,-2.0,-1.25,2025-12-05
AUDUSD,manufacturing_pmi,1.0,0.20833333333333331,2025-12-05
AUDUSD,services_pmi,0.0,0.0,2025-12-05
AUDUSD,gdp_qoq,-2.0,-1.25,2025-12-05
AUDUSD,retail_sales,2.0,0.0,2025-12-05
AUDUSD,cpi_yoy,2.0,0.41666666666666663,2025-12-05
AUDUSD,core_cpi,2.0,0.41666666666666663,2025-12-05
AUDUSD,core_pce,0.0,0.0,2025-12-05
AUDUSD,ppi_yoy,0.0,0.0,2025-12-05
AUDUSD,employment_change,-1.0,-0.125,2025-12-05
AUDUSD,unemployment_rate,2.0,0.3333333333333333,2025-12-05
AUDUSD,wage_growth,1.0,0.125,2025-12-05
AUDUSD,adp,0.0,0.0,2025-12-05
AUDUSD,jolts,0.0,0.0,2025-12-05
AUDUSD,jobless_claims,-2.0,-0.25,2025-12-05
AUDUSD,rate_expectations,2.0,1.25,2025-12-05
NZDUSD,manufacturing_pmi,1.0,0.20833333333333331,2025-12-05
NZDUSD,services_pmi,0.0,0.0,2025-12-05
NZDUSD,gdp_qoq,-1.0,-0.20833333333333331,2025-12-05
NZDUSD,retail_sales,1.0,0.20833333333333331,2025-12-05
NZDUSD,cpi_yoy,2.0,0.625,2025-12-05
NZDUSD,core_cpi,1.0,0.20833333333333331,2025-12-05
NZDUSD,core_pce,0.0,0.0,2025-12-05
NZDUSD,ppi_yoy,0.0,0.0,2025-12-05
NZDUSD,employment_change,-1.0,-0.125,2025-12-05
NZDUSD,unemployment_rate,1.0,0.125,2025-12-05
NZDUSD,wage_growth,1.0,0.125,2025-12-05
NZDUSD,adp,0.0,0.0,2025-12-05
NZDUSD,jolts,0.0,0.0,2025-12-05
NZDUSD,jobless_claims,-2.0,-0.25,2025-12-05
NZDUSD,rate_expectations,0.0,0.0,2025-12-05
EURGBP,manufacturing_pmi,0.0,0.0,2025-12-05
EURGBP,services_pmi,1.0,0.15625,2025-12-05
EURGBP,gdp_qoq,1.0,0.3125,2025-12-05
EURGBP,retail_sales,1.0,0.15625,2025-12-05
EURGBP,cpi_yoy,1.0,0.20833333333333331,2025-12-05
EURGBP,core_cpi,0.0,0.0,2025-12-05
EURGBP,core_pce,,0.0,2025-12-05
EURGBP,ppi_yoy,0.0,0.0,2025-12-05
EURGBP,employment_change,0.0,0.0,2025-12-05
EURGBP,unemployment_rate,1.0,0.10416666666666663,2025-12-05
EURGBP,wage_growth,1.0,0.20833333333333331,2025-12-05
EURGBP,adp,,0.0,2025-12-05
EURGBP,jolts,,0.0,2025-12-05
EURGBP,jobless_claims,,0.0,2025-12-05
EURGBP,rate_expectations,1.0,0.625,2025-12-05
EURJPY,manufacturing_pmi,,0.0,2025-12-05
EURJPY,services_pmi,,0.0,2025-12-05
EURJPY,gdp_qoq,1.0,0.3125,2025-12-05
EURJPY,retail_sales,0.0,0.0,2025-12-05
EURJPY,cpi_yoy,1.0,0.20833333333333331,2025-12-05
EURJPY,core_cpi,0.0,0.0,2025-12-05
EURJPY,core_pce,,0.0,2025-12-05
EURJPY,ppi_yoy,0.0,0.0,2025-12-05
EURJPY,employment_change,0.0,0.0,2025-12-05
EURJPY,unemployment_rate,0.0,0.0,2025-12-05
EURJPY,wage_growth,0.0,0.0,2025-12-05
EURJPY,adp,,0.0,2025-12-05
EURJPY,jolts,,0.0,2025-12-05
EURJPY,jobless_claims,,0.0,2025-12-05
EURJPY,rate_expectations,-1.0,-0.625,2025-12-05
EURCHF,manufacturing_pmi,,0.0,2025-12-05
EURCHF,services_pmi,,0.0,2025-12-05
EURCHF,gdp_qoq,2.0,0.7291666666666666,2025-12-05
EURCHF,retail_sales,-1.0,-0.41666666666666663,2025-12-05
EURCHF,cpi_yoy,2.0,0.625,2025-12-05
EURCHF,core_cpi,0.0,0.0,2025-12-05
EURCHF,core_pce,,0.0,2025-12-05
EURCHF,ppi_yoy,0.0,0.0,2025-12-05
EURCHF,employment_change,0.0,0.0,2025-12-05
EURCHF,unemployment_rate,-1.0,-0.3125,2025-12-05
EURCHF,wage_growth,,0.0,2025-12-05
EURCHF,adp,,0.0,2025-12-05
EURCHF,jolts,,0.0,2025-12-05
EURCHF,jobless_claims,,0.0,2025-12-05
EURCHF,rate_expectations,1.0,0.625,2025-12-05
EURAUD,manufacturing_pmi,,0.0,2025-12-05
EURAUD,services_pmi,,0.0,2025-12-05
EURAUD,gdp_qoq,3.0,1.5625,2025-12-05
EURAUD,retail_sales,-2.0,0.0,2025-12-05
EURAUD,cpi_yoy,0.0,0.0,2025-12-05
EURAUD,core_cpi,-1.0,-0.20833333333333331,2025-12-05
EURAUD,core_pce,,0.0,2025-12-05
EURAUD,ppi_yoy,0.0,0.0,2025-12-05
EURAUD,employment_change,0.0,0.0,2025-12-05
EURAUD,unemployment_rate,-2.0,-0.5208333333333333,2025-12-05
EURAUD,wage_growth,0.0,0.0,2025-12-05
EURAUD,adp,,0.0,2025-12-05
EURAUD,jolts,,0.0,2025-12-05
EURAUD,jobless_claims,,0.0,2025-12-05
EURAUD,rate_expectations,-1.0,-0.625,2025-12-05
EURNZD,manufacturing_pmi,0.0,0.0,2025-12-05
EURNZD,services_pmi,0.0,0.0,2025-12-05
EURNZD,gdp_qoq,2.0,0.5208333333333333,2025-12-05
EURNZD,retail_sales,-1.0,-0.20833333333333331,2025-12-05
EURNZD,cpi_yoy,0.0,-0.20833333333333331,2025-12-05
EURNZD,core_cpi,0.0,0.0,2025-12-05
EURNZD,core_pce,,0.0,2025-12-05
EURNZD,ppi_yoy,0.0,0.0,2025-12-05
EURNZD,employment_change,0.0,0.0,2025-12-05
EURNZD,unemployment_rate,-1.0,-0.3125,2025-12-05
EURNZD,wage_growth,0.0,0.0,2025-12-05
EURNZD,adp,,0.0,2025-12-05
EURNZD,jolts,,0.0,2025-12-05
EURNZD,jobless_claims,,0.0,2025-12-05
EURNZD,rate_expectations,1.0,0.625,2025-12-05
EURCAD,manufacturing_pmi,0.0,0.0,2025-12-05
EURCAD,services_pmi,,0.0,2025-12-05
EURCAD,gdp_qoq,1.0,0.3125,2025-12-05
EURCAD,retail_sales,0.0,0.0,2025-12-05
EURCAD,cpi_yoy,1.0,0.20833333333333331,2025-12-05
EURCAD,core_cpi,0.0,0.0,2025-12-05
EURCAD,core_pce,,0.0,2025-12-05
EURCAD,ppi_yoy,-2.0,-0.41666666666666663,2025-12-05
EURCAD,employment_change,-1.0,-0.3125,2025-12-05
EURCAD,unemployment_rate,-2.0,-0.625,2025-12-05
EURCAD,wage_growth,,0.0,2025-12-05
EURCAD,adp,,0.0,2025-12-05
EURCAD,jolts,,0.0,2025-12-05
EURCAD,jobless_claims,,0.0,2025-12-05
EURCAD,rate_expectations,-1.0,-0.625,2025-12-05
GBPJPY,manufacturing_pmi,0.0,0.0,2025-12-05
GBPJPY,services_pmi,-1.0,-0.15625,2025-12-05
GBPJPY,gdp_qoq,0.0,0.0,2025-12-05
GBPJPY,retail_sales,-1.0,-0.15625,2025-12-05
GBPJPY,cpi_yoy,0.0,0.0,2025-12-05
GBPJPY,core_cpi,0.0,0.0,2025-12-05
GBPJPY,core_pce,,0.0,2025-12-05
GBPJPY,ppi_yoy,0.0,0.0,2025-12-05
GBPJPY,employment_change,0.0,0.0,2025-12-05
GBPJPY,unemployment_rate,-1.0,-0.10416666666666663,2025-12-05
GBPJPY,wage_growth,-1.0,-0.20833333333333331,2025-12-05
GBPJPY,adp,,0.0,2025-12-05
GBPJPY,jolts,,0.0,2025-12-05
GBPJPY,jobless_claims,,0.0,2025-12-05
GBPJPY,rate_expectations,-2.0,-1.25,2025-12-05
GBPCHF,manufacturing_pmi,0.0,0.0,2025-12-05
GBPCHF,services_pmi,-1.0,-0.15625,2025-12-05
GBPCHF,gdp_qoq,1.0,0.41666666666666663,2025-12-05
GBPCHF,retail_sales,-2.0,-0.5729166666666666,2025-12-05
GBPCHF,cpi_yoy,1.0,0.41666666666666663,2025-12-05
GBPCHF,core_cpi,0.0,0.0,2025-12-05
GBPCHF,core_pce,,0.0,2025-12-05
GBPCHF,ppi_yoy,0.0,0.0,2025-12-05
GBPCHF,employment_change,0.0,0.0,2025-12-05
GBPCHF,unemployment_rate,-2.0,-0.41666666666666663,2025-12-05
GBPCHF,wage_growth,-1.0,-0.20833333333333331,2025-12-05
GBPCHF,adp,,0.0,2025-12-05
GBPCHF,jolts,,0.0,2025-12-05
GBPCHF,jobless_claims,,0.0,2025-12-05
GBPCHF,rate_expectations,0.0,0.0,2025-12-05
GBPAUD,manufacturing_pmi,0.0,0.0,2025-12-05
GBPAUD,services_pmi,-1.0,-0.15625,2025-12-05
GBPAUD,gdp_qoq,2.0,1.25,2025-12-05
GBPAUD,retail_sales,-3.0,-0.15625,2025-12-05
GBPAUD,cpi_yoy,-1.0,-0.20833333333333331,2025-12-05
GBPAUD,core_cpi,-1.0,-0.20833333333333331,2025-12-05
GBPAUD,core_pce,,0.0,2025-12-05
GBPAUD,ppi_yoy,0.0,0.0,2025-12-05
GBPAUD,employment_change,0.0,0.0,2025-12-05
GBPAUD,unemployment_rate,-3.0,-0.625,2025-12-05
GBPAUD,wage_growth,-1.0,-0.20833333333333331,2025-12-05
GBPAUD,adp,,0.0,2025-12-05
GBPAUD,jolts,,0.0,2025-12-05
GBPAUD,jobless_claims,,0.0,2025-12-05
GBPAUD,rate_expectations,-2.0,-1.25,2025-12-05
GBPNZD,manufacturing_pmi,0.0,0.0,2025-12-05
GBPNZD,services_pmi,-1.0,-0.15625,2025-12-05
GBPNZD,gdp_qoq,1.0,0.20833333333333331,2025-12-05
GBPNZD,retail_sales,-2.0,-0.3645833333333333,2025-12-05
GBPNZD,cpi_yoy,-1.0,-0.41666666666666663,2025-12-05
GBPNZD,core_cpi,0.0,0.0,2025-12-05
GBPNZD,core_pce,,0.0,2025-12-05
GBPNZD,ppi_yoy,0.0,0.0,2025-12-05
GBPNZD,employment_change,0.0,0.0,2025-12-05
GBPNZD,unemployment_rate,-2.0,-0.41666666666666663,2025-12-05
GBPNZD,wage_growth,-1.0,-0.20833333333333331,2025-12-05
GBPNZD,adp,,0.0,2025-12-05
GBPNZD,jolts,,0.0,2025-12-05
GBPNZD,jobless_claims,,0.0,2025-12-05
GBPNZD,rate_expectations,0.0,0.0,2025-12-05
GBPCAD,manufacturing_pmi,0.0,0.0,2025-12-05
GBPCAD,services_pmi,-1.0,-0.15625,2025-12-05
GBPCAD,gdp_qoq,0.0,0.0,2025-12-05
GBPCAD,retail_sales,-1.0,-0.15625,2025-12-05
GBPCAD,cpi_yoy,0.0,0.0,2025-12-05
GBPCAD,core_cpi,0.0,0.0,2025-12-05
GBPCAD,core_pce,,0.0,2025-12-05
GBPCAD,ppi_yoy,-2.0,-0.41666666666666663,2025-12-05
GBPCAD,employment_change,-1.0,-0.3125,2025-12-05
GBPCAD,unemployment_rate,-3.0,-0.7291666666666666,2025-12-05
GBPCAD,wage_growth,-1.0,-0.20833333333333331,2025-12-05
GBPCAD,adp,,0.0,2025-12-05
GBPCAD,jolts,,0.0,2025-12-05
GBPCAD,jobless_claims,,0.0,2025-12-05
GBPCAD,rate_expectations,-2.0,-1.25,2025-12-05
AUDJPY,manufacturing_pmi,,0.0,2025-12-05
AUDJPY,services_pmi,,0.0,2025-12-05
AUDJPY,gdp_qoq,-2.0,-1.25,2025-12-05
AUDJPY,retail_sales,2.0,0.0,2025-12-05
AUDJPY,cpi_yoy,1.0,0.20833333333333331,2025-12-05
AUDJPY,core_cpi,1.0,0.20833333333333331,2025-12-05
AUDJPY,core_pce,,0.0,2025-12-05
AUDJPY,ppi_yoy,0.0,0.0,2025-12-05
AUDJPY,employment_change,0.0,0.0,2025-12-05
AUDJPY,unemployment_rate,2.0,0.5208333333333333,2025-12-05
AUDJPY,wage_growth,0.0,0.0,2025-12-05
AUDJPY,adp,,0.0,2025-12-05
AUDJPY,jolts,,0.0,2025-12-05
AUDJPY,jobless_claims,,0.0,2025-12-05
AUDJPY,rate_expectations,0.0,0.0,2025-12-05
NZDJPY,manufacturing_pmi,0.0,0.0,2025-12-05
NZDJPY,services_pmi,0.0,0.0,2025-12-05
NZDJPY,gdp_qoq,-1.0,-0.20833333333333331,2025-12-05
NZDJPY,retail_sales,1.0,0.20833333333333331,2025-12-05
NZDJPY,cpi_yoy,1.0,0.41666666666666663,2025-12-05
NZDJPY,core_cpi,0.0,0.0,2025-12-05
NZDJPY,core_pce,,0.0,2025-12-05
NZDJPY,ppi_yoy,0.0,0.0,2025-12-05
NZDJPY,employment_change,0.0,0.0,2025-12-05
NZDJPY,unemployment_rate,1.0,0.3125,2025-12-05
NZDJPY,wage_growth,0.0,0.0,2025-12-05
NZDJPY,adp,,0.0,2025-12-05
NZDJPY,jolts,,0.0,2025-12-05
NZDJPY,jobless_claims,,0.0,2025-12-05
NZDJPY,rate_expectations,-2.0,-1.25,2025-12-05
CADJPY,manufacturing_pmi,0.0,0.0,2025-12-05
CADJPY,services_pmi,,0.0,2025-12-05
CADJPY,gdp_qoq,0.0,0.0,2025-12-05
CADJPY,retail_sales,0.0,0.0,2025-12-05
CADJPY,cpi_yoy,0.0,0.0,2025-12-05
CADJPY,core_cpi,0.0,0.0,2025-12-05
CADJPY,core_pce,,0.0,2025-12-05
CADJPY,ppi_yoy,2.0,0.41666666666666663,2025-12-05
CADJPY,employment_change,1.0,0.3125,2025-12-05
CADJPY,unemployment_rate,2.0,0.625,2025-12-05
CADJPY,wage_growth,0.0,0.0,2025-12-05
CADJPY,adp,,0.0,2025-12-05
CADJPY,jolts,,0.0,2025-12-05
CADJPY,jobless_claims,,0.0,2025-12-05
CADJPY,rate_expectations,0.0,0.0,2025-12-05
CHFJPY,manufacturing_pmi,,0.0,2025-12-05
CHFJPY,services_pmi,,0.0,2025-12-05
CHFJPY,gdp_qoq,-1.0,-0.41666666666666663,2025-12-05
CHFJPY,retail_sales,1.0,0.41666666666666663,2025-12-05
CHFJPY,cpi_yoy,-1.0,-0.41666666666666663,2025-12-05
CHFJPY,core_cpi,0.0,0.0,2025-12-05
CHFJPY,core_pce,,0.0,2025-12-05
CHFJPY,ppi_yoy,0.0,0.0,2025-12-05
CHFJPY,employment_change,,0.0,2025-12-05
CHFJPY,unemployment_rate,1.0,0.3125,2025-12-05
CHFJPY,wage_growth,0.0,0.0,2025-12-05
CHFJPY,adp,,0.0,2025-12-05
CHFJPY,jolts,,0.0,2025-12-05
CHFJPY,jobless_claims,,0.0,2025-12-05
CHFJPY,rate_expectations,-2.0,-1.25,2025-12-05
AUDNZD,manufacturing_pmi,0.0,0.0,2025-12-05
AUDNZD,services_pmi,0.0,0.0,2025-12-05
AUDNZD,gdp_qoq,-1.0,-1.0416666666666667,2025-12-05
AUDNZD,retail_sales,1.0,-0.20833333333333331,2025-12-05
AUDNZD,cpi_yoy,0.0,-0.20833333333333331,2025-12-05
AUDNZD,core_cpi,1.0,0.20833333333333331,2025-12-05
AUDNZD,core_pce,,0.0,2025-12-05
AUDNZD,ppi_yoy,0.0,0.0,2025-12-05
AUDNZD,employment_change,0.0,0.0,2025-12-05
AUDNZD,unemployment_rate,1.0,0.20833333333333331,2025-12-05
AUDNZD,wage_growth,0.0,0.0,2025-12-05
AUDNZD,adp,,0.0,2025-12-05
AUDNZD,jolts,,0.0,2025-12-05
AUDNZD,jobless_claims,,0.0,2025-12-05
AUDNZD,rate_expectations,2.0,1.25,2025-12-05
AUDCAD,manufacturing_pmi,0.0,0.0,2025-12-05
AUDCAD,services_pmi,,0.0,2025-12-05
AUDCAD,gdp_qoq,-2.0,-1.25,2025-12-05
AUDCAD,retail_sales,2.0,0.0,2025-12-05
AUDCAD,cpi_yoy,1.0,0.20833333333333331,2025-12-05
AUDCAD,core_cpi,1.0,0.20833333333333331,2025-12-05
AUDCAD,core_pce,,0.0,2025-12-05
AUDCAD,ppi_yoy,-2.0,-0.41666666666666663,2025-12-05
AUDCAD,employment_change,-1.0,-0.3125,2025-12-05
AUDCAD,unemployment_rate,0.0,-0.10416666666666669,2025-12-05
AUDCAD,wage_growth,0.0,0.0,2025-12-05
AUDCAD,adp,,0.0,2025-12-05
AUDCAD,jolts,,0.0,2025-12-05
AUDCAD,jobless_claims,,0.0,2025-12-05
AUDCAD,rate_expectations,0.0,0.0,2025-12-05
AUDCHF,manufacturing_pmi,,0.0,2025-12-05
AUDCHF,services_pmi,,0.0,2025-12-05
AUDCHF,gdp_qoq,-1.0,-0.8333333333333334,2025-12-05
AUDCHF,retail_sales,1.0,-0.41666666666666663,2025-12-05
AUDCHF,cpi_yoy,2.0,0.625,2025-12-05
AUDCHF,core_cpi,1.0,0.20833333333333331,2025-12-05
AUDCHF,core_pce,,0.0,2025-12-05
AUDCHF,ppi_yoy,0.0,0.0,2025-12-05
AUDCHF,employment_change,0.0,0.0,2025-12-05
AUDCHF,unemployment_rate,1.0,0.20833333333333331,2025-12-05
AUDCHF,wage_growth,0.0,0.0,2025-12-05
AUDCHF,adp,,0.0,2025-12-05
AUDCHF,jolts,,0.0,2025-12-05
AUDCHF,jobless_claims,,0.0,2025-12-05
AUDCHF,rate_expectations,2.0,1.25,2025-12-05
NZDCAD,manufacturing_pmi,0.0,0.0,2025-12-05
NZDCAD,services_pmi,0.0,0.0,2025-12-05
NZDCAD,gdp_qoq,-1.0,-0.20833333333333331,2025-12-05
NZDCAD,retail_sales,1.0,0.20833333333333331,2025-12-05
NZDCAD,cpi_yoy,1.0,0.41666666666666663,2025-12-05
NZDCAD,core_cpi,0.0,0.0,2025-12-05
NZDCAD,core_pce,,0.0,2025-12-05
NZDCAD,ppi_yoy,-2.0,-0.41666666666666663,2025-12-05
NZDCAD,employment_change,-1.0,-0.3125,2025-12-05
NZDCAD,unemployment_rate,-1.0,-0.3125,2025-12-05
NZDCAD,wage_growth,0.0,0.0,2025-12-05
NZDCAD,adp,,0.0,2025-12-05
NZDCAD,jolts,,0.0,2025-12-05
NZDCAD,jobless_claims,,0.0,2025-12-05
NZDCAD,rate_expectations,-2.0,-1.25,2025-12-05
NZDCHF,manufacturing_pmi,0.0,0.0,2025-12-05
NZDCHF,services_pmi,0.0,0.0,2025-12-05
NZDCHF,gdp_qoq,0.0,0.20833333333333331,2025-12-05
NZDCHF,retail_sales,0.0,-0.20833333333333331,2025-12-05
NZDCHF,cpi_yoy,2.0,0.8333333333333333,2025-12-05
NZDCHF,core_cpi,,0.0,2025-12-05
NZDCHF,core_pce,,0.0,2025-12-05
NZDCHF,ppi_yoy,0.0,0.0,2025-12-05
NZDCHF,employment_change,0.0,0.0,2025-12-05
NZDCHF,unemployment_rate,0.0,0.0,2025-12-05
NZDCHF,wage_growth,0.0,0.0,2025-12-05
NZDCHF,adp,,0.0,2025-12-05
NZDCHF,jolts,,0.0,2025-12-05
NZDCHF,jobless_claims,,0.0,2025-12-05
NZDCHF,rate_expectations,,0.0,2025-12-05
CADCHF,manufacturing_pmi,0.0,0.0,2025-12-05
CADCHF,services_pmi,,0.0,2025-12-05
CADCHF,gdp_qoq,1.0,0.41666666666666663,2025-12-05
CADCHF,retail_sales,-1.0,-0.41666666666666663,2025-12-05
CADCHF,cpi_yoy,1.0,0.41666666666666663,2025-12-05
CADCHF,core_cpi,0.0,0.0,2025-12-05
CADCHF,core_pce,,0.0,2025-12-05
CADCHF,ppi_yoy,2.0,0.41666666666666663,2025-12-05
CADCHF,employment_change,1.0,0.3125,2025-12-05
CADCHF,unemployment_rate,1.0,0.3125,2025-12-05
CADCHF,wage_growth,,0.0,2025-12-05
CADCHF,adp,,0.0,2025-12-05
CADCHF,jolts,,0.0,2025-12-05
CADCHF,jobless_claims,,0.0,2025-12-05
CADCHF,rate_expectations,2.0,1.25,2025-12-05
EURUSD,manufacturing_pmi,1.0,0.20833333333333331,2025-12-12
EURUSD,services_pmi,0.0,0.0,2025-12-12
EURUSD,gdp_qoq,1.0,0.3125,2025-12-12
EURUSD,retail_sales,0.0,0.0,2025-12-12
EURUSD,cpi_yoy,2.0,0.20833333333333331,2025-12-12
EURUSD,core_cpi,1.0,0.0,2025-12-12
EURUSD,core_pce,0.0,0.0,2025-12-12
EURUSD,ppi_yoy,0.0,0.0,2025-12-12
EURUSD,employment_change,-1.0,-0.10416666666666666,2025-12-12
EURUSD,unemployment_rate,0.0,-0.20833333333333334,2025-12-12
EURUSD,wage_growth,1.0,0.10416666666666666,2025-12-12
EURUSD,adp,0.0,0.0,2025-12-12
EURUSD,jolts,-2.0,-0.20833333333333331,2025-12-12
EURUSD,jobless_claims,1.0,0.10416666666666666,2025-12-12
EURUSD,rate_expectations,1.0,0.625,2025-12-12
GBPUSD,manufacturing_pmi,1.0,0.20833333333333331,2025-12-12
GBPUSD,services_pmi,-1.0,-0.15625,2025-12-12
GBPUSD,gdp_qoq,0.0,0.0,2025-12-12
GBPUSD,retail_sales,-1.0,-0.15625,2025-12-12
GBPUSD,cpi_yoy,1.0,0.0,2025-12-12
GBPUSD,core_cpi,1.0,0.0,2025-12-12
GBPUSD,core_pce,0.0,0.0,2025-12-12
GBPUSD,ppi_yoy,0.0,0.0,2025-12-12
GBPUSD,employment_change,-1.0,-0.10416666666666666,2025-12-12
GBPUSD,unemployment_rate,-1.0,-0.3125,2025-12-12
GBPUSD,wage_growth,0.0,-0.10416666666666666,2025-12-12
GBPUSD,adp,0.0,0.0,2025-12-12
GBPUSD,jolts,-2.0,-0.20833333333333331,2025-12-12
GBPUSD,jobless_claims,1.0,0.10416666666666666,2025-12-12
GBPUSD,rate_expectations,1.0,0.625,2025-12-12
USDJPY,manufacturing_pmi,-1.0,-0.20833333333333331,2025-12-12
USDJPY,services_pmi,0.0,0.0,2025-12-12
USDJPY,gdp_qoq,0.0,0.0,2025-12-12
USDJPY,retail_sales,0.0,0.0,2025-12-12
USDJPY,cpi_yoy,-1.0,0.0,2025-12-12
USDJPY,core_cpi,-1.0,0.0,2025-12-12
USDJPY,core_pce,0.0,0.0,2025-12-12
USDJPY,ppi_yoy,0.0,0.0,2025-12-12
USDJPY,employment_change,1.0,0.10416666666666666,2025-12-12
USDJPY,unemployment_rate,0.0,0.20833333333333334,2025-12-12
USDJPY,wage_growth,-1.0,-0.10416666666666666,2025-12-12
USDJPY,adp,0.0,0.0,2025-12-12
USDJPY,jolts,2.0,0.20833333333333331,2025-12-12
USDJPY,jobless_claims,-1.0,-0.10416666666666666,2025-12-12
USDJPY,rate_expectations,-2.0,-1.25,2025-12-12
USDCHF,manufacturing_pmi,-1.0,-0.20833333333333331,2025-12-12
USDCHF,services_pmi,0.0,0.0,2025-12-12
USDCHF,gdp_qoq,1.0,0.41666666666666663,2025-12-12
USDCHF,retail_sales,-1.0,-0.41666666666666663,2025-12-12
USDCHF,cpi_yoy,0.0,0.41666666666666663,2025-12-12
USDCHF,core_cpi,-1.0,0.0,2025-12-12
USDCHF,core_pce,0.0,0.0,2025-12-12
USDCHF,ppi_yoy,0.0,0.0,2025-12-12
USDCHF,employment_change,1.0,0.10416666666666666,2025-12-12
USDCHF,unemployment_rate,-1.0,-0.10416666666666666,2025-12-12
USDCHF,wage_growth,-1.0,-0.10416666666666666,2025-12-12
USDCHF,adp,0.0,0.0,2025-12-12
USDCHF,jolts,2.0,0.20833333333333331,2025-12-12
USDCHF,jobless_claims,-1.0,-0.10416666666666666,2025-12-12
USDCHF,rate_expectations,0.0,0.0,2025-12-12
USDCAD,manufacturing_pmi,-1.0,-0.20833333333333331,2025-12-12
USDCAD,services_pmi,0.0,0.0,2025-12-12
USDCAD,gdp_qoq,0.0,0.0,2025-12-12
USDCAD,retail_sales,0.0,0.0,2025-12-12
USDCAD,cpi_yoy,-1.0,0.0,2025-12-12
USDCAD,core_cpi,-1.0,0.0,2025-12-12
USDCAD,core_pce,0.0,0.0,2025-12-12
USDCAD,ppi_yoy,-2.0,-0.41666666666666663,2025-12-12
USDCAD,employment_change,1.0,0.10416666666666666,2025-12-12
USDCAD,unemployment_rate,-2.0,-0.41666666666666663,2025-12-12
USDCAD,wage_growth,-1.0,-0.10416666666666666,2025-12-12
USDCAD,adp,0.0,0.0,2025-12-12
USDCAD,jolts,2.0,0.20833333333333331,2025-12-12
USDCAD,jobless_claims,-1.0,-0.10416666666666666,2025-12-12
USDCAD,rate_expectations,-2.0,-1.25,2025-12-12
AUDUSD,manufacturing_pmi,1.0,0.20833333333333331,2025-12-12
AUDUSD,services_pmi,0.0,0.0,2025-12-12
AUDUSD,gdp_qoq,-2.0,-1.25,2025-12-12
AUDUSD,retail_sales,2.0,0.0,2025-12-12
AUDUSD,cpi_yoy,2.0,0.20833333333333331,2025-12-12
AUDUSD,core_cpi,2.0,0.20833333333333331,2025-12-12
AUDUSD,core_pce,0.0,0.0,2025-12-12
AUDUSD,ppi_yoy,0.0,0.0,2025-12-12
AUDUSD,employment_change,-2.0,-0.3125,2025-12-12
AUDUSD,unemployment_rate,2.0,0.3125,2025-12-12
AUDUSD,wage_growth,1.0,0.10416666666666666,2025-12-12
AUDUSD,adp,0.0,0.0,2025-12-12
AUDUSD,jolts,-2.0,-0.20833333333333331,2025-12-12
AUDUSD,jobless_claims,1.0,0.10416666666666666,2025-12-12
AUDUSD,rate_expectations,2.0,1.25,2025-12-12
NZDUSD,manufacturing_pmi,1.0,0.20833333333333331,2025-12-12
NZDUSD,services_pmi,0.0,0.0,2025-12-12
NZDUSD,gdp_qoq,-1.0,-0.20833333333333331,2025-12-12
NZDUSD,retail_sales,1.0,0.20833333333333331,2025-12-12
NZDUSD,cpi_yoy,2.0,0.41666666666666663,2025-12-12
NZDUSD,core_cpi,1.0,0.0,2025-12-12
NZDUSD,core_pce,0.0,0.0,2025-12-12
NZDUSD,ppi_yoy,0.0,0.0,2025-12-12
NZDUSD,employment_change,-1.0,-0.10416666666666666,2025-12-12
NZDUSD,unemployment_rate,1.0,0.10416666666666666,2025-12-12
NZDUSD,wage_growth,1.0,0.10416666666666666,2025-12-12
NZDUSD,adp,0.0,0.0,2025-12-12
NZDUSD,jolts,-2.0,-0.20833333333333331,2025-12-12
NZDUSD,jobless_claims,1.0,0.10416666666666666,2025-12-12
NZDUSD,rate_expectations,0.0,0.0,2025-12-12
EURGBP,manufacturing_pmi,0.0,0.0,2025-12-12
EURGBP,services_pmi,1.0,0.15625,2025-12-12
EURGBP,gdp_qoq,1.0,0.3125,2025-12-12
EURGBP,retail_sales,1.0,0.15625,2025-12-12
EURGBP,cpi_yoy,1.0,0.20833333333333331,2025-12-12
EURGBP,core_cpi,0.0,0.0,2025-12-12
EURGBP,core_pce,,0.0,2025-12-12
EURGBP,ppi_yoy,0.0,0.0,2025-12-12
EURGBP,employment_change,0.0,0.0,2025-12-12
EURGBP,unemployment_rate,1.0,0.10416666666666663,2025-12-12
EURGBP,wage_growth,1.0,0.20833333333333331,2025-12-12
EURGBP,adp,,0.0,2025-12-12
EURGBP,jolts,,0.0,2025-12-12
EURGBP,jobless_claims,,0.0,2025-12-12
EURGBP,rate_expectations,0.0,0.0,2025-12-12
EURJPY,manufacturing_pmi,,0.0,2025-12-12
EURJPY,services_pmi,,0.0,2025-12-12
EURJPY,gdp_qoq,1.0,0.3125,2025-12-12
EURJPY,retail_sales,0.0,0.0,2025-12-12
EURJPY,cpi_yoy,1.0,0.20833333333333331,2025-12-12
EURJPY,core_cpi,0.0,0.0,2025-12-12
EURJPY,core_pce,,0.0,2025-12-12
EURJPY,ppi_yoy,0.0,0.0,2025-12-12
EURJPY,employment_change,0.0,0.0,2025-12-12
EURJPY,unemployment_rate,0.0,0.0,2025-12-12
EURJPY,wage_growth,0.0,0.0,2025-12-12
EURJPY,adp,,0.0,2025-12-12
EURJPY,jolts,,0.0,2025-12-12
EURJPY,jobless_claims,,0.0,2025-12-12
EURJPY,rate_expectations,-1.0,-0.625,2025-12-12
EURCHF,manufacturing_pmi,,0.0,2025-12-12
EURCHF,services_pmi,,0.0,2025-12-12
EURCHF,gdp_qoq,2.0,0.7291666666666666,2025-12-12
EURCHF,retail_sales,-1.0,-0.41666666666666663,2025-12-12
EURCHF,cpi_yoy,2.0,0.625,2025-12-12
EURCHF,core_cpi,0.0,0.0,2025-12-12
EURCHF,core_pce,,0.0,2025-12-12
EURCHF,ppi_yoy,0.0,0.0,2025-12-12
EURCHF,employment_change,0.0,0.0,2025-12-12
EURCHF,unemployment_rate,-1.0,-0.3125,2025-12-12
EURCHF,wage_growth,,0.0,2025-12-12
EURCHF,adp,,0.0,2025-12-12
EURCHF,jolts,,0.0,2025-12-12
EURCHF,jobless_claims,,0.0,2025-12-12
EURCHF,rate_expectations,1.0,0.625,2025-12-12
EURAUD,manufacturing_pmi,,0.0,2025-12-12
EURAUD,services_pmi,,0.0,2025-12-12
EURAUD,gdp_qoq,3.0,1.5625,2025-12-12
EURAUD,retail_sales,-2.0,0.0,2025-12-12
EURAUD,cpi_yoy,0.0,0.0,2025-12-12
EURAUD,core_cpi,-1.0,-0.20833333333333331,2025-12-12
EURAUD,core_pce,,0.0,2025-12-12
EURAUD,ppi_yoy,0.0,0.0,2025-12-12
EURAUD,employment_change,1.0,0.20833333333333331,2025-12-12
EURAUD,unemployment_rate,-2.0,-0.5208333333333333,2025-12-12
EURAUD,wage_growth,0.0,0.0,2025-12-12
EURAUD,adp,,0.0,2025-12-12
EURAUD,jolts,,0.0,2025-12-12
EURAUD,jobless_claims,,0.0,2025-12-12
EURAUD,rate_expectations,-1.0,-0.625,2025-12-12
EURNZD,manufacturing_pmi,0.0,0.0,2025-12-12
EURNZD,services_pmi,0.0,0.0,2025-12-12
EURNZD,gdp_qoq,2.0,0.5208333333333333,2025-12-12
EURNZD,retail_sales,-1.0,-0.20833333333333331,2025-12-12
EURNZD,cpi_yoy,0.0,-0.20833333333333331,2025-12-12
EURNZD,core_cpi,0.0,0.0,2025-12-12
EURNZD,core_pce,,0.0,2025-12-12
EURNZD,ppi_yoy,0.0,0.0,2025-12-12
EURNZD,employment_change,0.0,0.0,2025-12-12
EURNZD,unemployment_rate,-1.0,-0.3125,2025-12-12
EURNZD,wage_growth,0.0,0.0,2025-12-12
EURNZD,adp,,0.0,2025-12-12
EURNZD,jolts,,0.0,2025-12-12
EURNZD,jobless_claims,,0.0,2025-12-12
EURNZD,rate_expectations,1.0,0.625,2025-12-12
EURCAD,manufacturing_pmi,0.0,0.0,2025-12-12
EURCAD,services_pmi,,0.0,2025-12-12
EURCAD,gdp_qoq,1.0,0.3125,2025-12-12
EURCAD,retail_sales,0.0,0.0,2025-12-12
EURCAD,cpi_yoy,1.0,0.20833333333333331,2025-12-12
EURCAD,core_cpi,0.0,0.0,2025-12-12
EURCAD,core_pce,,0.0,2025-12-12
EURCAD,ppi_yoy,-2.0,-0.41666666666666663,2025-12-12
EURCAD,employment_change,0.0,0.0,2025-12-12
EURCAD,unemployment_rate,-2.0,-0.625,2025-12-12
EURCAD,wage_growth,,0.0,2025-12-12
EURCAD,adp,,0.0,2025-12-12
EURCAD,jolts,,0.0,2025-12-12
EURCAD,jobless_claims,,0.0,2025-12-12
EURCAD,rate_expectations,-1.0,-0.625,2025-12-12
GBPJPY,manufacturing_pmi,0.0,0.0,2025-12-12
GBPJPY,services_pmi,-1.0,-0.15625,2025-12-12
GBPJPY,gdp_qoq,0.0,0.0,2025-12-12
GBPJPY,retail_sales,-1.0,-0.15625,2025-12-12
GBPJPY,cpi_yoy,0.0,0.0,2025-12-12
GBPJPY,core_cpi,0.0,0.0,2025-12-12
GBPJPY,core_pce,,0.0,2025-12-12
GBPJPY,ppi_yoy,0.0,0.0,2025-12-12
GBPJPY,employment_change,0.0,0.0,2025-12-12
GBPJPY,unemployment_rate,-1.0,-0.10416666666666663,2025-12-12
GBPJPY,wage_growth,-1.0,-0.20833333333333331,2025-12-12
GBPJPY,adp,,0.0,2025-12-12
GBPJPY,jolts,,0.0,2025-12-12
GBPJPY,jobless_claims,,0.0,2025-12-12
GBPJPY,rate_expectations,-1.0,-0.625,2025-12-12
GBPCHF,manufacturing_pmi,0.0,0.0,2025-12-12
GBPCHF,services_pmi,-1.0,-0.15625,2025-12-12
GBPCHF,gdp_qoq,1.0,0.41666666666666663,2025-12-12
GBPCHF,retail_sales,-2.0,-0.5729166666666666,2025-12-12
GBPCHF,cpi_yoy,1.0,0.41666666666666663,2025-12-12
GBPCHF,core_cpi,0.0,0.0,2025-12-12
GBPCHF,core_pce,,0.0,2025-12-12
GBPCHF,ppi_yoy,0.0,0.0,2025-12-12
GBPCHF,employment_change,0.0,0.0,2025-12-12
GBPCHF,unemployment_rate,-2.0,-0.41666666666666663,2025-12-12
GBPCHF,wage_growth,-1.0,-0.20833333333333331,2025-12-12
GBPCHF,adp,,0.0,2025-12-12
GBPCHF,jolts,,0.0,2025-12-12
GBPCHF,jobless_claims,,0.0,2025-12-12
GBPCHF,rate_expectations,1.0,0.625,2025-12-12
GBPAUD,manufacturing_pmi,0.0,0.0,2025-12-12
GBPAUD,services_pmi,-1.0,-0.15625,2025-12-12
GBPAUD,gdp_qoq,2.0,1.25,2025-12-12
GBPAUD,retail_sales,-3.0,-0.15625,2025-12-12
GBPAUD,cpi_yoy,-1.0,-0.20833333333333331,2025-12-12
GBPAUD,core_cpi,-1.0,-0.20833333333333331,2025-12-12
GBPAUD,core_pce,,0.0,2025-12-12
GBPAUD,ppi_yoy,0.0,0.0,2025-12-12
GBPAUD,employment_change,1.0,0.20833333333333331,2025-12-12
GBPAUD,unemployment_rate,-3.0,-0.625,2025-12-12
GBPAUD,wage_growth,-1.0,-0.20833333333333331,2025-12-12
GBPAUD,adp,,0.0,2025-12-12
GBPAUD,jolts,,0.0,2025-12-12
GBPAUD,jobless_claims,,0.0,2025-12-12
GBPAUD,rate_expectations,-1.0,-0.625,2025-12-12
GBPNZD,manufacturing_pmi,0.0,0.0,2025-12-12
GBPNZD,services_pmi,-1.0,-0.15625,2025-12-12
GBPNZD,gdp_qoq,1.0,0.20833333333333331,2025-12-12
GBPNZD,retail_sales,-2.0,-0.3645833333333333,2025-12-12
GBPNZD,cpi_yoy,-1.0,-0.41666666666666663,2025-12-12
GBPNZD,core_cpi,0.0,0.0,2025-12-12
GBPNZD,core_pce,,0.0,2025-12-12
GBPNZD,ppi_yoy,0.0,0.0,2025-12-12
GBPNZD,employment_change,0.0,0.0,2025-12-12
GBPNZD,unemployment_rate,-2.0,-0.41666666666666663,2025-12-12
GBPNZD,wage_growth,-1.0,-0.20833333333333331,2025-12-12
GBPNZD,adp,,0.0,2025-12-12
GBPNZD,jolts,,0.0,2025-12-12
GBPNZD,jobless_claims,,0.0,2025-12-12
GBPNZD,rate_expectations,1.0,0.625,2025-12-12
GBPCAD,manufacturing_pmi,0.0,0.0,2025-12-12
GBPCAD,services_pmi,-1.0,-0.15625,2025-12-12
GBPCAD,gdp_qoq,0.0,0.0,2025-12-12
GBPCAD,retail_sales,-1.0,-0.15625,2025-12-12
GBPCAD,cpi_yoy,0.0,0.0,2025-12-12
GBPCAD,core_cpi,0.0,0.0,2025-12-12
GBPCAD,core_pce,,0.0,2025-12-12
GBPCAD,ppi_yoy,-2.0,-0.41666666666666663,2025-12-12
GBPCAD,employment_change,0.0,0.0,2025-12-12
GBPCAD,unemployment_rate,-3.0,-0.7291666666666666,2025-12-12
GBPCAD,wage_growth,-1.0,-0.20833333333333331,2025-12-12
GBPCAD,adp,,0.0,2025-12-12
GBPCAD,jolts,,0.0,2025-12-12
GBPCAD,jobless_claims,,0.0,2025-12-12
GBPCAD,rate_expectations,-1.0,-0.625,2025-12-12
AUDJPY,manufacturing_pmi,,0.0,2025-12-12
AUDJPY,services_pmi,,0.0,2025-12-12
AUDJPY,gdp_qoq,-2.0,-1.25,2025-12-12
AUDJPY,retail_sales,2.0,0.0,2025-12-12
AUDJPY,cpi_yoy,1.0,0.20833333333333331,2025-12-12
AUDJPY,core_cpi,1.0,0.20833333333333331,2025-12-12
AUDJPY,core_pce,,0.0,2025-12-12
AUDJPY,ppi_yoy,0.0,0.0,2025-12-12
AUDJPY,employment_change,-1.0,-0.20833333333333331,2025-12-12
AUDJPY,unemployment_rate,2.0,0.5208333333333333,2025-12-12
AUDJPY,wage_growth,0.0,0.0,2025-12-12
AUDJPY,adp,,0.0,2025-12-12
AUDJPY,jolts,,0.0,2025-12-12
AUDJPY,jobless_claims,,0.0,2025-12-12
AUDJPY,rate_expectations,0.0,0.0,2025-12-12
NZDJPY,manufacturing_pmi,0.0,0.0,2025-12-12
NZDJPY,services_pmi,0.0,0.0,2025-12-12
NZDJPY,gdp_qoq,-1.0,-0.20833333333333331,2025-12-12
NZDJPY,retail_sales,1.0,0.20833333333333331,2025-12-12
NZDJPY,cpi_yoy,1.0,0.41666666666666663,2025-12-12
NZDJPY,core_cpi,0.0,0.0,2025-12-12
NZDJPY,core_pce,,0.0,2025-12-12
NZDJPY,ppi_yoy,0.0,0.0,2025-12-12
NZDJPY,employment_change,0.0,0.0,2025-12-12
NZDJPY,unemployment_rate,1.0,0.3125,2025-12-12
NZDJPY,wage_growth,0.0,0.0,2025-12-12
NZDJPY,adp,,0.0,2025-12-12
NZDJPY,jolts,,0.0,2025-12-12
NZDJPY,jobless_claims,,0.0,2025-12-12
NZDJPY,rate_expectations,-2.0,-1.25,2025-12-12
CADJPY,manufacturing_pmi,0.0,0.0,2025-12-12
CADJPY,services_pmi,,0.0,2025-12-12
CADJPY,gdp_qoq,0.0,0.0,2025-12-12
CADJPY,retail_sales,0.0,0.0,2025-12-12
CADJPY,cpi_yoy,0.0,0.0,2025-12-12
CADJPY,core_cpi,0.0,0.0,2025-12-12
CADJPY,core_pce,,0.0,2025-12-12
CADJPY,ppi_yoy,2.0,0.41666666666666663,2025-12-12
CADJPY,employment_change,0.0,0.0,2025-12-12
CADJPY,unemployment_rate,2.0,0.625,2025-12-12
CADJPY,wage_growth,0.0,0.0,2025-12-12
CADJPY,adp,,0.0,2025-12-12
CADJPY,jolts,,0.0,2025-12-12
CADJPY,jobless_claims,,0.0,2025-12-12
CADJPY,rate_expectations,0.0,0.0,2025-12-12
CHFJPY,manufacturing_pmi,,0.0,2025-12-12
CHFJPY,services_pmi,,0.0,2025-12-12
CHFJPY,gdp_qoq,-1.0,-0.41666666666666663,2025-12-12
CHFJPY,retail_sales,1.0,0.41666666666666663,2025-12-12
CHFJPY,cpi_yoy,-1.0,-0.41666666666666663,2025-12-12
CHFJPY,core_cpi,0.0,0.0,2025-12-12
CHFJPY,core_pce,,0.0,2025-12-12
CHFJPY,ppi_yoy,0.0,0.0,2025-12-12
CHFJPY,employment_change,,0.0,2025-12-12
CHFJPY,unemployment_rate,1.0,0.3125,2025-12-12
CHFJPY,wage_growth,0.0,0.0,2025-12-12
CHFJPY,adp,,0.0,2025-12-12
CHFJPY,jolts,,0.0,2025-12-12
CHFJPY,jobless_claims,,0.0,2025-12-12
CHFJPY,rate_expectations,-2.0,-1.25,2025-12-12
AUDNZD,manufacturing_pmi,0.0,0.0,2025-12-12
AUDNZD,services_pmi,0.0,0.0,2025-12-12
AUDNZD,gdp_qoq,-1.0,-1.0416666666666667,2025-12-12
AUDNZD,retail_sales,1.0,-0.20833333333333331,2025-12-12
AUDNZD,cpi_yoy,0.0,-0.20833333333333331,2025-12-12
AUDNZD,core_cpi,1.0,0.20833333333333331,2025-12-12
AUDNZD,core_pce,,0.0,2025-12-12
AUDNZD,ppi_yoy,0.0,0.0,2025-12-12
AUDNZD,employment_change,-1.0,-0.20833333333333331,2025-12-12
AUDNZD,unemployment_rate,1.0,0.20833333333333331,2025-12-12
AUDNZD,wage_growth,0.0,0.0,2025-12-12
AUDNZD,adp,,0.0,2025-12-12
AUDNZD,jolts,,0.0,2025-12-12
AUDNZD,jobless_claims,,0.0,2025-12-12
AUDNZD,rate_expectations,2.0,1.25,2025-12-12
AUDCAD,manufacturing_pmi,0.0,0.0,2025-12-12
AUDCAD,services_pmi,,0.0,2025-12-12
AUDCAD,gdp_qoq,-2.0,-1.25,2025-12-12
AUDCAD,retail_sales,2.0,0.0,2025-12-12
AUDCAD,cpi_yoy,1.0,0.20833333333333331,2025-12-12
AUDCAD,core_cpi,1.0,0.20833333333333331,2025-12-12
AUDCAD,core_pce,,0.0,2025-12-12
AUDCAD,ppi_yoy,-2.0,-0.41666666666666663,2025-12-12
AUDCAD,employment_change,-1.0,-0.20833333333333331,2025-12-12
AUDCAD,unemployment_rate,0.0,-0.10416666666666669,2025-12-12
AUDCAD,wage_growth,0.0,0.0,2025-12-12
AUDCAD,adp,,0.0,2025-12-12
AUDCAD,jolts,,0.0,2025-12-12
AUDCAD,jobless_claims,,0.0,2025-12-12
AUDCAD,rate_expectations,0.0,0.0,2025-12-12
AUDCHF,manufacturing_pmi,,0.0,2025-12-12
AUDCHF,services_pmi,,0.0,2025-12-12
AUDCHF,gdp_qoq,-1.0,-0.8333333333333334,2025-12-12
AUDCHF,retail_sales,1.0,-0.41666666666666663,2025-12-12
AUDCHF,cpi_yoy,2.0,0.625,2025-12-12
AUDCHF,core_cpi,1.0,0.20833333333333331,2025-12-12
AUDCHF,core_pce,,0.0,2025-12-12
AUDCHF,ppi_yoy,0.0,0.0,2025-12-12
AUDCHF,employment_change,-1.0,-0.20833333333333331,2025-12-12
AUDCHF,unemployment_rate,1.0,0.20833333333333331,2025-12-12
AUDCHF,wage_growth,0.0,0.0,2025-12-12
AUDCHF,adp,,0.0,2025-12-12
AUDCHF,jolts,,0.0,2025-12-12
AUDCHF,jobless_claims,,0.0,2025-12-12
AUDCHF,rate_expectations,2.0,1.25,2025-12-12
NZDCAD,manufacturing_pmi,0.0,0.0,2025-12-12
NZDCAD,services_pmi,0.0,0.0,2025-12-12
NZDCAD,gdp_qoq,-1.0,-0.20833333333333331,2025-12-12
NZDCAD,retail_sales,1.0,0.20833333333333331,2025-12-12
NZDCAD,cpi_yoy,1.0,0.41666666666666663,2025-12-12
NZDCAD,core_cpi,0.0,0.0,2025-12-12
NZDCAD,core_pce,,0.0,2025-12-12
NZDCAD,ppi_yoy,-2.0,-0.41666666666666663,2025-12-12
NZDCAD,employment_change,0.0,0.0,2025-12-12
NZDCAD,unemployment_rate,-1.0,-0.3125,2025-12-12
NZDCAD,wage_growth,0.0,0.0,2025-12-12
NZDCAD,adp,,0.0,2025-12-12
NZDCAD,jolts,,0.0,2025-12-12
NZDCAD,jobless_claims,,0.0,2025-12-12
NZDCAD,rate_expectations,-2.0,-1.25,2025-12-12
NZDCHF,manufacturing_pmi,0.0,0.0,2025-12-12
NZDCHF,services_pmi,0.0,0.0,2025-12-12
NZDCHF,gdp_qoq,0.0,0.20833333333333331,2025-12-12
NZDCHF,retail_sales,0.0,-0.20833333333333331,2025-12-12
NZDCHF,cpi_yoy,2.0,0.8333333333333333,2025-12-12
NZDCHF,core_cpi,,0.0,2025-12-12
NZDCHF,core_pce,,0.0,2025-12-12
NZDCHF,ppi_yoy,0.0,0.0,2025-12-12
NZDCHF,employment_change,0.0,0.0,2025-12-12
NZDCHF,unemployment_rate,0.0,0.0,2025-12-12
NZDCHF,wage_growth,0.0,0.0,2025-12-12
NZDCHF,adp,,0.0,2025-12-12
NZDCHF,jolts,,0.0,2025-12-12
NZDCHF,jobless_claims,,0.0,2025-12-12
NZDCHF,rate_expectations,,0.0,2025-12-12
CADCHF,manufacturing_pmi,0.0,0.0,2025-12-12
CADCHF,services_pmi,,0.0,2025-12-12
CADCHF,gdp_qoq,1.0,0.41666666666666663,2025-12-12
CADCHF,retail_sales,-1.0,-0.41666666666666663,2025-12-12
CADCHF,cpi_yoy,1.0,0.41666666666666663,2025-12-12
CADCHF,core_cpi,0.0,0.0,2025-12-12
CADCHF,core_pce,,0.0,2025-12-12
CADCHF,ppi_yoy,2.0,0.41666666666666663,2025-12-12
CADCHF,employment_change,0.0,0.0,2025-12-12
CADCHF,unemployment_rate,1.0,0.3125,2025-12-12
CADCHF,wage_growth,,0.0,2025-12-12
CADCHF,adp,,0.0,2025-12-12
CADCHF,jolts,,0.0,2025-12-12
CADCHF,jobless_claims,,0.0,2025-12-12
CADCHF,rate_expectations,2.0,1.25,2025-12-12
EURUSD,manufacturing_pmi,1.0,0.20833333333333331,2025-12-19
EURUSD,services_pmi,0.0,0.0,2025-12-19
EURUSD,gdp_qoq,1.0,0.3125,2025-12-19
EURUSD,retail_sales,0.0,0.0,2025-12-19
EURUSD,cpi_yoy,3.0,0.8333333333333333,2025-12-19
EURUSD,core_cpi,1.0,0.0,2025-12-19
EURUSD,core_pce,0.0,0.0,2025-12-19
EURUSD,ppi_yoy,0.0,0.0,2025-12-19
EURUSD,employment_change,0.0,0.0,2025-12-19
EURUSD,unemployment_rate,0.0,-0.20833333333333334,2025-12-19
EURUSD,wage_growth,2.0,0.20833333333333331,2025-12-19
EURUSD,adp,0.0,0.0,2025-12-19
EURUSD,jolts,-2.0,-0.20833333333333331,2025-12-19
EURUSD,jobless_claims,0.0,0.0,2025-12-19
EURUSD,rate_expectations,2.0,1.25,2025-12-19
GBPUSD,manufacturing_pmi,1.0,0.20833333333333331,2025-12-19
GBPUSD,services_pmi,-1.0,-0.15625,2025-12-19
GBPUSD,gdp_qoq,-2.0,-0.3125,2025-12-19
GBPUSD,retail_sales,-1.0,-0.15625,2025-12-19
GBPUSD,cpi_yoy,0.0,0.20833333333333337,2025-12-19
GBPUSD,core_cpi,0.0,-0.20833333333333331,2025-12-19
GBPUSD,core_pce,0.0,0.0,2025-12-19
GBPUSD,ppi_yoy,0.0,0.0,2025-12-19
GBPUSD,employment_change,0.0,0.0,2025-12-19
GBPUSD,unemployment_rate,1.0,0.10416666666666666,2025-12-19
GBPUSD,wage_growth,4.0,0.625,2025-12-19
GBPUSD,adp,0.0,0.0,2025-12-19
GBPUSD,jolts,-2.0,-0.20833333333333331,2025-12-19
GBPUSD,jobless_claims,0.0,0.0,2025-12-19
GBPUSD,rate_expectations,1.0,0.625,2025-12-19
USDJPY,manufacturing_pmi,-1.0,-0.20833333333333331,2025-12-19
USDJPY,services_pmi,0.0,0.0,2025-12-19
USDJPY,gdp_qoq,0.0,0.0,2025-12-19
USDJPY,retail_sales,0.0,0.0,2025-12-19
USDJPY,cpi_yoy,-2.0,-0.625,2025-12-19
USDJPY,core_cpi,-1.0,0.0,2025-12-19
USDJPY,core_pce,0.0,0.0,2025-12-19
USDJPY,ppi_yoy,0.0,0.0,2025-12-19
USDJPY,employment_change,0.0,0.0,2025-12-19
USDJPY,unemployment_rate,0.0,0.20833333333333334,2025-12-19
USDJPY,wage_growth,-2.0,-0.20833333333333331,2025-12-19
USDJPY,adp,0.0,0.0,2025-12-19
USDJPY,jolts,2.0,0.20833333333333331,2025-12-19
USDJPY,jobless_claims,0.0,0.0,2025-12-19
USDJPY,rate_expectations,-3.0,-1.875,2025-12-19
USDCHF,manufacturing_pmi,-1.0,-0.20833333333333331,2025-12-19
USDCHF,services_pmi,0.0,0.0,2025-12-19
USDCHF,gdp_qoq,1.0,0.41666666666666663,2025-12-19
USDCHF,retail_sales,-1.0,-0.41666666666666663,2025-12-19
USDCHF,cpi_yoy,-1.0,-0.20833333333333337,2025-12-19
USDCHF,core_cpi,-1.0,0.0,2025-12-19
USDCHF,core_pce,0.0,0.0,2025-12-19
USDCHF,ppi_yoy,2.0,0.8333333333333333,2025-12-19
USDCHF,employment_change,0.0,0.0,2025-12-19
USDCHF,unemployment_rate,-1.0,-0.10416666666666666,2025-12-19
USDCHF,wage_growth,-2.0,-0.20833333333333331,2025-12-19
USDCHF,adp,0.0,0.0,2025-12-19
USDCHF,jolts,2.0,0.20833333333333331,2025-12-19
USDCHF,jobless_claims,0.0,0.0,2025-12-19
USDCHF,rate_expectations,-1.0,-0.625,2025-12-19
USDCAD,manufacturing_pmi,-1.0,-0.20833333333333331,2025-12-19
USDCAD,services_pmi,0.0,0.0,2025-12-19
USDCAD,gdp_qoq,0.0,0.0,2025-12-19
USDCAD,retail_sales,0.0,0.0,2025-12-19
USDCAD,cpi_yoy,-2.0,-0.625,2025-12-19
USDCAD,core_cpi,-1.0,0.0,2025-12-19
USDCAD,core_pce,0.0,0.0,2025-12-19
USDCAD,ppi_yoy,-2.0,-0.41666666666666663,2025-12-19
USDCAD,employment_change,0.0,0.0,2025-12-19
USDCAD,unemployment_rate,-2.0,-0.41666666666666663,2025-12-19
USDCAD,wage_growth,-2.0,-0.20833333333333331,2025-12-19
USDCAD,adp,0.0,0.0,2025-12-19
USDCAD,jolts,2.0,0.20833333333333331,2025-12-19
USDCAD,jobless_claims,0.0,0.0,2025-12-19
USDCAD,rate_expectations,-2.0,-1.25,2025-12-19
AUDUSD,manufacturing_pmi,1.0,0.20833333333333331,2025-12-19
AUDUSD,services_pmi,0.0,0.0,2025-12-19
AUDUSD,gdp_qoq,-2.0,-1.25,2025-12-19
AUDUSD,retail_sales,2.0,0.0,2025-12-19
AUDUSD,cpi_yoy,3.0,0.8333333333333333,2025-12-19
AUDUSD,core_cpi,2.0,0.20833333333333331,2025-12-19
AUDUSD,core_pce,0.0,0.0,2025-12-19
AUDUSD,ppi_yoy,0.0,0.0,2025-12-19
AUDUSD,employment_change,-1.0,-0.20833333333333331,2025-12-19
AUDUSD,unemployment_rate,2.0,0.3125,2025-12-19
AUDUSD,wage_growth,2.0,0.20833333333333331,2025-12-19
AUDUSD,adp,0.0,0.0,2025-12-19
AUDUSD,jolts,-2.0,-0.20833333333333331,2025-12-19
AUDUSD,jobless_claims,0.0,0.0,2025-12-19
AUDUSD,rate_expectations,3.0,1.875,2025-12-19
NZDUSD,manufacturing_pmi,1.0,0.20833333333333331,2025-12-19
NZDUSD,services_pmi,0.0,0.0,2025-12-19
NZDUSD,gdp_qoq,0.0,0.0,2025-12-19
NZDUSD,retail_sales,1.0,0.20833333333333331,2025-12-19
NZDUSD,cpi_yoy,3.0,1.0416666666666665,2025-12-19
NZDUSD,core_cpi,1.0,0.0,2025-12-19
NZDUSD,core_pce,0.0,0.0,2025-12-19
NZDUSD,ppi_yoy,0.0,0.0,2025-12-19
NZDUSD,employment_change,0.0,0.0,2025-12-19
NZDUSD,unemployment_rate,1.0,0.10416666666666666,2025-12-19
NZDUSD,wage_growth,2.0,0.20833333333333331,2025-12-19
NZDUSD,adp,0.0,0.0,2025-12-19
NZDUSD,jolts,-2.0,-0.20833333333333331,2025-12-19
NZDUSD,jobless_claims,0.0,0.0,2025-12-19
NZDUSD,rate_expectations,1.0,0.625,2025-12-19
EURGBP,manufacturing_pmi,0.0,0.0,2025-12-19
EURGBP,services_pmi,1.0,0.15625,2025-12-19
EURGBP,gdp_qoq,3.0,0.625,2025-12-19
EURGBP,retail_sales,1.0,0.15625,2025-12-19
EURGBP,cpi_yoy,3.0,0.625,2025-12-19
EURGBP,core_cpi,1.0,0.20833333333333331,2025-12-19
EURGBP,core_pce,,0.0,2025-12-19
EURGBP,ppi_yoy,0.0,0.0,2025-12-19
EURGBP,employment_change,0.0,0.0,2025-12-19
EURGBP,unemployment_rate,-1.0,-0.3125,2025-12-19
EURGBP,wage_growth,-2.0,-0.41666666666666663,2025-12-19
EURGBP,adp,,0.0,2025-12-19
EURGBP,jolts,,0.0,2025-12-19
EURGBP,jobless_claims,,0.0,2025-12-19
EURGBP,rate_expectations,1.0,0.625,2025-12-19
EURJPY,manufacturing_pmi,,0.0,2025-12-19
EURJPY,services_pmi,,0.0,2025-12-19
EURJPY,gdp_qoq,1.0,0.3125,2025-12-19
EURJPY,retail_sales,0.0,0.0,2025-12-19
EURJPY,cpi_yoy,1.0,0.20833333333333331,2025-12-19
EURJPY,core_cpi,0.0,0.0,2025-12-19
EURJPY,core_pce,,0.0,2025-12-19
EURJPY,ppi_yoy,0.0,0.0,2025-12-19
EURJPY,employment_change,0.0,0.0,2025-12-19
EURJPY,unemployment_rate,0.0,0.0,2025-12-19
EURJPY,wage_growth,0.0,0.0,2025-12-19
EURJPY,adp,,0.0,2025-12-19
EURJPY,jolts,,0.0,2025-12-19
EURJPY,jobless_claims,,0.0,2025-12-19
EURJPY,rate_expectations,-1.0,-0.625,2025-12-19
EURCHF,manufacturing_pmi,,0.0,2025-12-19
EURCHF,services_pmi,,0.0,2025-12-19
EURCHF,gdp_qoq,2.0,0.7291666666666666,2025-12-19
EURCHF,retail_sales,-1.0,-0.41666666666666663,2025-12-19
EURCHF,cpi_yoy,2.0,0.625,2025-12-19
EURCHF,core_cpi,0.0,0.0,2025-12-19
EURCHF,core_pce,,0.0,2025-12-19
EURCHF,ppi_yoy,2.0,0.8333333333333333,2025-12-19
EURCHF,employment_change,0.0,0.0,2025-12-19
EURCHF,unemployment_rate,-1.0,-0.3125,2025-12-19
EURCHF,wage_growth,,0.0,2025-12-19
EURCHF,adp,,0.0,2025-12-19
EURCHF,jolts,,0.0,2025-12-19
EURCHF,jobless_claims,,0.0,2025-12-19
EURCHF,rate_expectations,1.0,0.625,2025-12-19
EURAUD,manufacturing_pmi,,0.0,2025-12-19
EURAUD,services_pmi,,0.0,2025-12-19
EURAUD,gdp_qoq,3.0,1.5625,2025-12-19
EURAUD,retail_sales,-2.0,0.0,2025-12-19
EURAUD,cpi_yoy,0.0,0.0,2025-12-19
EURAUD,core_cpi,-1.0,-0.20833333333333331,2025-12-19
EURAUD,core_pce,,0.0,2025-12-19
EURAUD,ppi_yoy,0.0,0.0,2025-12-19
EURAUD,employment_change,1.0,0.20833333333333331,2025-12-19
EURAUD,unemployment_rate,-2.0,-0.5208333333333333,2025-12-19
EURAUD,wage_growth,0.0,0.0,2025-12-19
EURAUD,adp,,0.0,2025-12-19
EURAUD,jolts,,0.0,2025-12-19
EURAUD,jobless_claims,,0.0,2025-12-19
EURAUD,rate_expectations,-1.0,-0.625,2025-12-19
EURNZD,manufacturing_pmi,0.0,0.0,2025-12-19
EURNZD,services_pmi,0.0,0.0,2025-12-19
EURNZD,gdp_qoq,1.0,0.3125,2025-12-19
EURNZD,retail_sales,-1.0,-0.20833333333333331,2025-12-19
EURNZD,cpi_yoy,0.0,-0.20833333333333331,2025-12-19
EURNZD,core_cpi,0.0,0.0,2025-12-19
EURNZD,core_pce,,0.0,2025-12-19
EURNZD,ppi_yoy,0.0,0.0,2025-12-19
EURNZD,employment_change,0.0,0.0,2025-12-19
EURNZD,unemployment_rate,-1.0,-0.3125,2025-12-19
EURNZD,wage_growth,0.0,0.0,2025-12-19
EURNZD,adp,,0.0,2025-12-19
EURNZD,jolts,,0.0,2025-12-19
EURNZD,jobless_claims,,0.0,2025-12-19
EURNZD,rate_expectations,1.0,0.625,2025-12-19
EURCAD,manufacturing_pmi,0.0,0.0,2025-12-19
EURCAD,services_pmi,,0.0,2025-12-19
EURCAD,gdp_qoq,1.0,0.3125,2025-12-19
EURCAD,retail_sales,0.0,0.0,2025-12-19
EURCAD,cpi_yoy,1.0,0.20833333333333331,2025-12-19
EURCAD,core_cpi,0.0,0.0,2025-12-19
EURCAD,core_pce,,0.0,2025-12-19
EURCAD,ppi_yoy,-2.0,-0.41666666666666663,2025-12-19
EURCAD,employment_change,0.0,0.0,2025-12-19
EURCAD,unemployment_rate,-2.0,-0.625,2025-12-19
EURCAD,wage_growth,,0.0,2025-12-19
EURCAD,adp,,0.0,2025-12-19
EURCAD,jolts,,0.0,2025-12-19
EURCAD,jobless_claims,,0.0,2025-12-19
EURCAD,rate_expectations,0.0,0.0,2025-12-19
GBPJPY,manufacturing_pmi,0.0,0.0,2025-12-19
GBPJPY,services_pmi,-1.0,-0.15625,2025-12-19
GBPJPY,gdp_qoq,-2.0,-0.3125,2025-12-19
GBPJPY,retail_sales,-1.0,-0.15625,2025-12-19
GBPJPY,cpi_yoy,-2.0,-0.41666666666666663,2025-12-19
GBPJPY,core_cpi,-1.0,-0.20833333333333331,2025-12-19
GBPJPY,core_pce,,0.0,2025-12-19
GBPJPY,ppi_yoy,0.0,0.0,2025-12-19
GBPJPY,employment_change,0.0,0.0,2025-12-19
GBPJPY,unemployment_rate,1.0,0.3125,2025-12-19
GBPJPY,wage_growth,2.0,0.41666666666666663,2025-12-19
GBPJPY,adp,,0.0,2025-12-19
GBPJPY,jolts,,0.0,2025-12-19
GBPJPY,jobless_claims,,0.0,2025-12-19
GBPJPY,rate_expectations,-2.0,-1.25,2025-12-19
GBPCHF,manufacturing_pmi,0.0,0.0,2025-12-19
GBPCHF,services_pmi,-1.0,-0.15625,2025-12-19
GBPCHF,gdp_qoq,-1.0,0.10416666666666663,2025-12-19
GBPCHF,retail_sales,-2.0,-0.5729166666666666,2025-12-19
GBPCHF,cpi_yoy,-1.0,0.0,2025-12-19
GBPCHF,core_cpi,-1.0,-0.20833333333333331,2025-12-19
GBPCHF,core_pce,,0.0,2025-12-19
GBPCHF,ppi_yoy,2.0,0.8333333333333333,2025-12-19
GBPCHF,employment_change,0.0,0.0,2025-12-19
GBPCHF,unemployment_rate,0.0,0.0,2025-12-19
GBPCHF,wage_growth,2.0,0.41666666666666663,2025-12-19
GBPCHF,adp,,0.0,2025-12-19
GBPCHF,jolts,,0.0,2025-12-19
GBPCHF,jobless_claims,,0.0,2025-12-19
GBPCHF,rate_expectations,0.0,0.0,2025-12-19
GBPAUD,manufacturing_pmi,0.0,0.0,2025-12-19
GBPAUD,services_pmi,-1.0,-0.15625,2025-12-19
GBPAUD,gdp_qoq,0.0,0.9375,2025-12-19
GBPAUD,retail_sales,-3.0,-0.15625,2025-12-19
GBPAUD,cpi_yoy,-3.0,-0.625,2025-12-19
GBPAUD,core_cpi,-2.0,-0.41666666666666663,2025-12-19
GBPAUD,core_pce,,0.0,2025-12-19
GBPAUD,ppi_yoy,0.0,0.0,2025-12-19
GBPAUD,employment_change,1.0,0.20833333333333331,2025-12-19
GBPAUD,unemployment_rate,-1.0,-0.20833333333333331,2025-12-19
GBPAUD,wage_growth,2.0,0.41666666666666663,2025-12-19
GBPAUD,adp,,0.0,2025-12-19
GBPAUD,jolts,,0.0,2025-12-19
GBPAUD,jobless_claims,,0.0,2025-12-19
GBPAUD,rate_expectations,-2.0,-1.25,2025-12-19
GBPNZD,manufacturing_pmi,0.0,0.0,2025-12-19
GBPNZD,services_pmi,-1.0,-0.15625,2025-12-19
GBPNZD,gdp_qoq,-2.0,-0.3125,2025-12-19
GBPNZD,retail_sales,-2.0,-0.3645833333333333,2025-12-19
GBPNZD,cpi_yoy,-3.0,-0.8333333333333333,2025-12-19
GBPNZD,core_cpi,-1.0,-0.20833333333333331,2025-12-19
GBPNZD,core_pce,,0.0,2025-12-19
GBPNZD,ppi_yoy,0.0,0.0,2025-12-19
GBPNZD,employment_change,0.0,0.0,2025-12-19
GBPNZD,unemployment_rate,0.0,0.0,2025-12-19
GBPNZD,wage_growth,2.0,0.41666666666666663,2025-12-19
GBPNZD,adp,,0.0,2025-12-19
GBPNZD,jolts,,0.0,2025-12-19
GBPNZD,jobless_claims,,0.0,2025-12-19
GBPNZD,rate_expectations,0.0,0.0,2025-12-19
GBPCAD,manufacturing_pmi,0.0,0.0,2025-12-19
GBPCAD,services_pmi,-1.0,-0.15625,2025-12-19
GBPCAD,gdp_qoq,-2.0,-0.3125,2025-12-19
GBPCAD,retail_sales,-1.0,-0.15625,2025-12-19
GBPCAD,cpi_yoy,-2.0,-0.41666666666666663,2025-12-19
GBPCAD,core_cpi,-1.0,-0.20833333333333331,2025-12-19
GBPCAD,core_pce,,0.0,2025-12-19
GBPCAD,ppi_yoy,-2.0,-0.41666666666666663,2025-12-19
GBPCAD,employment_change,0.0,0.0,2025-12-19
GBPCAD,unemployment_rate,-1.0,-0.3125,2025-12-19
GBPCAD,wage_growth,2.0,0.41666666666666663,2025-12-19
GBPCAD,adp,,0.0,2025-12-19
GBPCAD,jolts,,0.0,2025-12-19
GBPCAD,jobless_claims,,0.0,2025-12-19
GBPCAD,rate_expectations,-1.0,-0.625,2025-12-19
AUDJPY,manufacturing_pmi,,0.0,2025-12-19
AUDJPY,services_pmi,,0.0,2025-12-19
AUDJPY,gdp_qoq,-2.0,-1.25,2025-12-19
AUDJPY,retail_sales,2.0,0.0,2025-12-19
AUDJPY,cpi_yoy,1.0,0.20833333333333331,2025-12-19
AUDJPY,core_cpi,1.0,0.20833333333333331,2025-12-19
AUDJPY,core_pce,,0.0,2025-12-19
AUDJPY,ppi_yoy,0.0,0.0,2025-12-19
AUDJPY,employment_change,-1.0,-0.20833333333333331,2025-12-19
AUDJPY,unemployment_rate,2.0,0.5208333333333333,2025-12-19
AUDJPY,wage_growth,0.0,0.0,2025-12-19
AUDJPY,adp,,0.0,2025-12-19
AUDJPY,jolts,,0.0,2025-12-19
AUDJPY,jobless_claims,,0.0,2025-12-19
AUDJPY,rate_expectations,0.0,0.0,2025-12-19
NZDJPY,manufacturing_pmi,0.0,0.0,2025-12-19
NZDJPY,services_pmi,0.0,0.0,2025-12-19
NZDJPY,gdp_qoq,0.0,0.0,2025-12-19
NZDJPY,retail_sales,1.0,0.20833333333333331,2025-12-19
NZDJPY,cpi_yoy,1.0,0.41666666666666663,2025-12-19
NZDJPY,core_cpi,0.0,0.0,2025-12-19
NZDJPY,core_pce,,0.0,2025-12-19
NZDJPY,ppi_yoy,0.0,0.0,2025-12-19
NZDJPY,employment_change,0.0,0.0,2025-12-19
NZDJPY,unemployment_rate,1.0,0.3125,2025-12-19
NZDJPY,wage_growth,0.0,0.0,2025-12-19
NZDJPY,adp,,0.0,2025-12-19
NZDJPY,jolts,,0.0,2025-12-19
NZDJPY,jobless_claims,,0.0,2025-12-19
NZDJPY,rate_expectations,-2.0,-1.25,2025-12-19
CADJPY,manufacturing_pmi,0.0,0.0,2025-12-19
CADJPY,services_pmi,,0.0,2025-12-19
CADJPY,gdp_qoq,0.0,0.0,2025-12-19
CADJPY,retail_sales,0.0,0.0,2025-12-19
CADJPY,cpi_yoy,0.0,0.0,2025-12-19
CADJPY,core_cpi,0.0,0.0,2025-12-19
CADJPY,core_pce,,0.0,2025-12-19
CADJPY,ppi_yoy,2.0,0.41666666666666663,2025-12-19
CADJPY,employment_change,0.0,0.0,2025-12-19
CADJPY,unemployment_rate,2.0,0.625,2025-12-19
CADJPY,wage_growth,0.0,0.0,2025-12-19
CADJPY,adp,,0.0,2025-12-19
CADJPY,jolts,,0.0,2025-12-19
CADJPY,jobless_claims,,0.0,2025-12-19
CADJPY,rate_expectations,-1.0,-0.625,2025-12-19
CHFJPY,manufacturing_pmi,,0.0,2025-12-19
CHFJPY,services_pmi,,0.0,2025-12-19
CHFJPY,gdp_qoq,-1.0,-0.41666666666666663,2025-12-19
CHFJPY,retail_sales,1.0,0.41666666666666663,2025-12-19
CHFJPY,cpi_yoy,-1.0,-0.41666666666666663,2025-12-19
CHFJPY,core_cpi,0.0,0.0,2025-12-19
CHFJPY,core_pce,,0.0,2025-12-19
CHFJPY,ppi_yoy,-2.0,-0.8333333333333333,2025-12-19
CHFJPY,employment_change,,0.0,2025-12-19
CHFJPY,unemployment_rate,1.0,0.3125,2025-12-19
CHFJPY,wage_growth,0.0,0.0,2025-12-19
CHFJPY,adp,,0.0,2025-12-19
CHFJPY,jolts,,0.0,2025-12-19
CHFJPY,jobless_claims,,0.0,2025-12-19
CHFJPY,rate_expectations,-2.0,-1.25,2025-12-19
AUDNZD,manufacturing_pmi,0.0,0.0,2025-12-19
AUDNZD,services_pmi,0.0,0.0,2025-12-19
AUDNZD,gdp_qoq,-2.0,-1.25,2025-12-19
AUDNZD,retail_sales,1.0,-0.20833333333333331,2025-12-19
AUDNZD,cpi_yoy,0.0,-0.20833333333333331,2025-12-19
AUDNZD,core_cpi,1.0,0.20833333333333331,2025-12-19
AUDNZD,core_pce,,0.0,2025-12-19
AUDNZD,ppi_yoy,0.0,0.0,2025-12-19
AUDNZD,employment_change,-1.0,-0.20833333333333331,2025-12-19
AUDNZD,unemployment_rate,1.0,0.20833333333333331,2025-12-19
AUDNZD,wage_growth,0.0,0.0,2025-12-19
AUDNZD,adp,,0.0,2025-12-19
AUDNZD,jolts,,0.0,2025-12-19
AUDNZD,jobless_claims,,0.0,2025-12-19
AUDNZD,rate_expectations,2.0,1.25,2025-12-19
AUDCAD,manufacturing_pmi,0.0,0.0,2025-12-19
AUDCAD,services_pmi,,0.0,2025-12-19
AUDCAD,gdp_qoq,-2.0,-1.25,2025-12-19
AUDCAD,retail_sales,2.0,0.0,2025-12-19
AUDCAD,cpi_yoy,1.0,0.20833333333333331,2025-12-19
AUDCAD,core_cpi,1.0,0.20833333333333331,2025-12-19
AUDCAD,core_pce,,0.0,2025-12-19
AUDCAD,ppi_yoy,-2.0,-0.41666666666666663,2025-12-19
AUDCAD,employment_change,-1.0,-0.20833333333333331,2025-12-19
AUDCAD,unemployment_rate,0.0,-0.10416666666666669,2025-12-19
AUDCAD,wage_growth,0.0,0.0,2025-12-19
AUDCAD,adp,,0.0,2025-12-19
AUDCAD,jolts,,0.0,2025-12-19
AUDCAD,jobless_claims,,0.0,2025-12-19
AUDCAD,rate_expectations,1.0,0.625,2025-12-19
AUDCHF,manufacturing_pmi,,0.0,2025-12-19
AUDCHF,services_pmi,,0.0,2025-12-19
AUDCHF,gdp_qoq,-1.0,-0.8333333333333334,2025-12-19
AUDCHF,retail_sales,1.0,-0.41666666666666663,2025-12-19
AUDCHF,cpi_yoy,2.0,0.625,2025-12-19
AUDCHF,core_cpi,1.0,0.20833333333333331,2025-12-19
AUDCHF,core_pce,,0.0,2025-12-19
AUDCHF,ppi_yoy,2.0,0.8333333333333333,2025-12-19
AUDCHF,employment_change,-1.0,-0.20833333333333331,2025-12-19
AUDCHF,unemployment_rate,1.0,0.20833333333333331,2025-12-19
AUDCHF,wage_growth,0.0,0.0,2025-12-19
AUDCHF,adp,,0.0,2025-12-19
AUDCHF,jolts,,0.0,2025-12-19
AUDCHF,jobless_claims,,0.0,2025-12-19
AUDCHF,rate_expectations,2.0,1.25,2025-12-19
NZDCAD,manufacturing_pmi,0.0,0.0,2025-12-19
NZDCAD,services_pmi,0.0,0.0,2025-12-19
NZDCAD,gdp_qoq,0.0,0.0,2025-12-19
NZDCAD,retail_sales,1.0,0.20833333333333331,2025-12-19
NZDCAD,cpi_yoy,1.0,0.41666666666666663,2025-12-19
NZDCAD,core_cpi,0.0,0.0,2025-12-19
NZDCAD,core_pce,,0.0,2025-12-19
NZDCAD,ppi_yoy,-2.0,-0.41666666666666663,2025-12-19
NZDCAD,employment_change,0.0,0.0,2025-12-19
NZDCAD,unemployment_rate,-1.0,-0.3125,2025-12-19
NZDCAD,wage_growth,0.0,0.0,2025-12-19
NZDCAD,adp,,0.0,2025-12-19
NZDCAD,jolts,,0.0,2025-12-19
NZDCAD,jobless_claims,,0.0,2025-12-19
NZDCAD,rate_expectations,-1.0,-0.625,2025-12-19
NZDCHF,manufacturing_pmi,0.0,0.0,2025-12-19
NZDCHF,services_pmi,0.0,0.0,2025-12-19
NZDCHF,gdp_qoq,1.0,0.41666666666666663,2025-12-19
NZDCHF,retail_sales,0.0,-0.20833333333333331,2025-12-19
NZDCHF,cpi_yoy,2.0,0.8333333333333333,2025-12-19
NZDCHF,core_cpi,,0.0,2025-12-19
NZDCHF,core_pce,,0.0,2025-12-19
NZDCHF,ppi_yoy,2.0,0.8333333333333333,2025-12-19
NZDCHF,employment_change,0.0,0.0,2025-12-19
NZDCHF,unemployment_rate,0.0,0.0,2025-12-19
NZDCHF,wage_growth,0.0,0.0,2025-12-19
NZDCHF,adp,,0.0,2025-12-19
NZDCHF,jolts,,0.0,2025-12-19
NZDCHF,jobless_claims,,0.0,2025-12-19
NZDCHF,rate_expectations,,0.0,2025-12-19
CADCHF,manufacturing_pmi,0.0,0.0,2025-12-19
CADCHF,services_pmi,,0.0,2025-12-19
CADCHF,gdp_qoq,1.0,0.41666666666666663,2025-12-19
CADCHF,retail_sales,-1.0,-0.41666666666666663,2025-12-19
CADCHF,cpi_yoy,1.0,0.41666666666666663,2025-12-19
CADCHF,core_cpi,0.0,0.0,2025-12-19
CADCHF,core_pce,,0.0,2025-12-19
CADCHF,ppi_yoy,4.0,1.25,2025-12-19
CADCHF,employment_change,0.0,0.0,2025-12-19
CADCHF,unemployment_rate,1.0,0.3125,2025-12-19
CADCHF,wage_growth,,0.0,2025-12-19
CADCHF,adp,,0.0,2025-12-19
CADCHF,jolts,,0.0,2025-12-19
CADCHF,jobless_claims,,0.0,2025-12-19
CADCHF,rate_expectations,1.0,0.625,2025-12-19
EURUSD,manufacturing_pmi,1.0,0.20833333333333331,2025-12-26
EURUSD,services_pmi,0.0,0.0,2025-12-26
EURUSD,gdp_qoq,1.0,0.3125,2025-12-26
EURUSD,retail_sales,0.0,0.0,2025-12-26
EURUSD,cpi_yoy,3.0,0.8333333333333333,2025-12-26
EURUSD,core_cpi,1.0,0.0,2025-12-26
EURUSD,core_pce,0.0,0.0,2025-12-26
EURUSD,ppi_yoy,0.0,0.0,2025-12-26
EURUSD,employment_change,0.0,0.0,2025-12-26
EURUSD,unemployment_rate,0.0,-0.20833333333333334,2025-12-26
EURUSD,wage_growth,2.0,0.20833333333333331,2025-12-26
EURUSD,adp,0.0,0.0,2025-12-26
EURUSD,jolts,-2.0,-0.20833333333333331,2025-12-26
EURUSD,jobless_claims,0.0,0.0,2025-12-26
EURUSD,rate_expectations,1.0,0.625,2025-12-26
GBPUSD,manufacturing_pmi,1.0,0.20833333333333331,2025-12-26
GBPUSD,services_pmi,-1.0,-0.15625,2025-12-26
GBPUSD,gdp_qoq,-2.0,-0.3125,2025-12-26
GBPUSD,retail_sales,0.0,0.0,2025-12-26
GBPUSD,cpi_yoy,0.0,0.20833333333333337,2025-12-26
GBPUSD,core_cpi,0.0,-0.20833333333333331,2025-12-26
GBPUSD,core_pce,0.0,0.0,2025-12-26
GBPUSD,ppi_yoy,0.0,0.0,2025-12-26
GBPUSD,employment_change,0.0,0.0,2025-12-26
GBPUSD,unemployment_rate,1.0,0.10416666666666666,2025-12-26
GBPUSD,wage_growth,4.0,0.625,2025-12-26
GBPUSD,adp,0.0,0.0,2025-12-26
GBPUSD,jolts,-2.0,-0.20833333333333331,2025-12-26
GBPUSD,jobless_claims,0.0,0.0,2025-12-26
GBPUSD,rate_expectations,1.0,0.625,2025-12-26
USDJPY,manufacturing_pmi,-1.0,-0.20833333333333331,2025-12-26
USDJPY,services_pmi,0.0,0.0,2025-12-26
USDJPY,gdp_qoq,0.0,0.0,2025-12-26
USDJPY,retail_sales,0.0,0.0,2025-12-26
USDJPY,cpi_yoy,-2.0,-0.625,2025-12-26
USDJPY,core_cpi,-1.0,0.0,2025-12-26
USDJPY,core_pce,0.0,0.0,2025-12-26
USDJPY,ppi_yoy,0.0,0.0,2025-12-26
USDJPY,employment_change,0.0,0.0,2025-12-26
USDJPY,unemployment_rate,-1.0,-0.10416666666666666,2025-12-26
USDJPY,wage_growth,-2.0,-0.20833333333333331,2025-12-26
USDJPY,adp,0.0,0.0,2025-12-26
USDJPY,jolts,2.0,0.20833333333333331,2025-12-26
USDJPY,jobless_claims,0.0,0.0,2025-12-26
USDJPY,rate_expectations,-2.0,-1.25,2025-12-26
USDCHF,manufacturing_pmi,-1.0,-0.20833333333333331,2025-12-26
USDCHF,services_pmi,0.0,0.0,2025-12-26
USDCHF,gdp_qoq,1.0,0.41666666666666663,2025-12-26
USDCHF,retail_sales,-1.0,-0.41666666666666663,2025-12-26
USDCHF,cpi_yoy,-1.0,-0.20833333333333337,2025-12-26
USDCHF,core_cpi,-1.0,0.0,2025-12-26
USDCHF,core_pce,0.0,0.0,2025-12-26
USDCHF,ppi_yoy,2.0,0.8333333333333333,2025-12-26
USDCHF,employment_change,0.0,0.0,2025-12-26
USDCHF,unemployment_rate,-1.0,-0.10416666666666666,2025-12-26
USDCHF,wage_growth,-2.0,-0.20833333333333331,2025-12-26
USDCHF,adp,0.0,0.0,2025-12-26
USDCHF,jolts,2.0,0.20833333333333331,2025-12-26
USDCHF,jobless_claims,0.0,0.0,2025-12-26
USDCHF,rate_expectations,0.0,0.0,2025-12-26
USDCAD,manufacturing_pmi,-1.0,-0.20833333333333331,2025-12-26
USDCAD,services_pmi,0.0,0.0,2025-12-26
USDCAD,gdp_qoq,0.0,0.0,2025-12-26
USDCAD,retail_sales,0.0,0.0,2025-12-26
USDCAD,cpi_yoy,-2.0,-0.625,2025-12-26
USDCAD,core_cpi,-1.0,0.0,2025-12-26
USDCAD,core_pce,0.0,0.0,2025-12-26
USDCAD,ppi_yoy,-1.0,-0.20833333333333331,2025-12-26
USDCAD,employment_change,0.0,0.0,2025-12-26
USDCAD,unemployment_rate,-2.0,-0.10416666666666666,2025-12-26
USDCAD,wage_growth,-2.0,-0.20833333333333331,2025-12-26
USDCAD,adp,0.0,0.0,2025-12-26
USDCAD,jolts,2.0,0.20833333333333331,2025-12-26
USDCAD,jobless_claims,0.0,0.0,2025-12-26
USDCAD,rate_expectations,-2.0,-1.25,2025-12-26
AUDUSD,manufacturing_pmi,1.0,0.20833333333333331,2025-12-26
AUDUSD,services_pmi,0.0,0.0,2025-12-26
AUDUSD,gdp_qoq,-2.0,-1.25,2025-12-26
AUDUSD,retail_sales,2.0,0.0,2025-12-26
AUDUSD,cpi_yoy,3.0,0.8333333333333333,2025-12-26
AUDUSD,core_cpi,2.0,0.20833333333333331,2025-12-26
AUDUSD,core_pce,0.0,0.0,2025-12-26
AUDUSD,ppi_yoy,0.0,0.0,2025-12-26
AUDUSD,employment_change,-1.0,-0.20833333333333331,2025-12-26
AUDUSD,unemployment_rate,2.0,0.3125,2025-12-26
AUDUSD,wage_growth,2.0,0.20833333333333331,2025-12-26
AUDUSD,adp,0.0,0.0,2025-12-26
AUDUSD,jolts,-2.0,-0.20833333333333331,2025-12-26
AUDUSD,jobless_claims,0.0,0.0,2025-12-26
AUDUSD,rate_expectations,2.0,1.25,2025-12-26
NZDUSD,manufacturing_pmi,1.0,0.20833333333333331,2025-12-26
NZDUSD,services_pmi,0.0,0.0,2025-12-26
NZDUSD,gdp_qoq,0.0,0.0,2025-12-26
NZDUSD,retail_sales,1.0,0.20833333333333331,2025-12-26
NZDUSD,cpi_yoy,3.0,1.0416666666666665,2025-12-26
NZDUSD,core_cpi,1.0,0.0,2025-12-26
NZDUSD,core_pce,0.0,0.0,2025-12-26
NZDUSD,ppi_yoy,0.0,0.0,2025-12-26
NZDUSD,employment_change,0.0,0.0,2025-12-26
NZDUSD,unemployment_rate,1.0,0.10416666666666666,2025-12-26
NZDUSD,wage_growth,2.0,0.20833333333333331,2025-12-26
NZDUSD,adp,0.0,0.0,2025-12-26
NZDUSD,jolts,-2.0,-0.20833333333333331,2025-12-26
NZDUSD,jobless_claims,0.0,0.0,2025-12-26
NZDUSD,rate_expectations,0.0,0.0,2025-12-26
EURGBP,manufacturing_pmi,0.0,0.0,2025-12-26
EURGBP,services_pmi,1.0,0.15625,2025-12-26
EURGBP,gdp_qoq,3.0,0.625,2025-12-26
EURGBP,retail_sales,0.0,0.0,2025-12-26
EURGBP,cpi_yoy,3.0,0.625,2025-12-26
EURGBP,core_cpi,1.0,0.20833333333333331,2025-12-26
EURGBP,core_pce,,0.0,2025-12-26
EURGBP,ppi_yoy,0.0,0.0,2025-12-26
EURGBP,employment_change,0.0,0.0,2025-12-26
EURGBP,unemployment_rate,-1.0,-0.3125,2025-12-26
EURGBP,wage_growth,-2.0,-0.41666666666666663,2025-12-26
EURGBP,adp,,0.0,2025-12-26
EURGBP,jolts,,0.0,2025-12-26
EURGBP,jobless_claims,,0.0,2025-12-26
EURGBP,rate_expectations,0.0,0.0,2025-12-26
EURJPY,manufacturing_pmi,,0.0,2025-12-26
EURJPY,services_pmi,,0.0,2025-12-26
EURJPY,gdp_qoq,1.0,0.3125,2025-12-26
EURJPY,retail_sales,0.0,0.0,2025-12-26
EURJPY,cpi_yoy,1.0,0.20833333333333331,2025-12-26
EURJPY,core_cpi,0.0,0.0,2025-12-26
EURJPY,core_pce,,0.0,2025-12-26
EURJPY,ppi_yoy,0.0,0.0,2025-12-26
EURJPY,employment_change,0.0,0.0,2025-12-26
EURJPY,unemployment_rate,-1.0,-0.3125,2025-12-26
EURJPY,wage_growth,0.0,0.0,2025-12-26
EURJPY,adp,,0.0,2025-12-26
EURJPY,jolts,,0.0,2025-12-26
EURJPY,jobless_claims,,0.0,2025-12-26
EURJPY,rate_expectations,-1.0,-0.625,2025-12-26
EURCHF,manufacturing_pmi,,0.0,2025-12-26
EURCHF,services_pmi,,0.0,2025-12-26
EURCHF,gdp_qoq,2.0,0.7291666666666666,2025-12-26
EURCHF,retail_sales,-1.0,-0.41666666666666663,2025-12-26
EURCHF,cpi_yoy,2.0,0.625,2025-12-26
EURCHF,core_cpi,0.0,0.0,2025-12-26
EURCHF,core_pce,,0.0,2025-12-26
EURCHF,ppi_yoy,2.0,0.8333333333333333,2025-12-26
EURCHF,employment_change,0.0,0.0,2025-12-26
EURCHF,unemployment_rate,-1.0,-0.3125,2025-12-26
EURCHF,wage_growth,,0.0,2025-12-26
EURCHF,adp,,0.0,2025-12-26
EURCHF,jolts,,0.0,2025-12-26
EURCHF,jobless_claims,,0.0,2025-12-26
EURCHF,rate_expectations,1.0,0.625,2025-12-26
EURAUD,manufacturing_pmi,,0.0,2025-12-26
EURAUD,services_pmi,,0.0,2025-12-26
EURAUD,gdp_qoq,3.0,1.5625,2025-12-26
EURAUD,retail_sales,-2.0,0.0,2025-12-26
EURAUD,cpi_yoy,0.0,0.0,2025-12-26
EURAUD,core_cpi,-1.0,-0.20833333333333331,2025-12-26
EURAUD,core_pce,,0.0,2025-12-26
EURAUD,ppi_yoy,0.0,0.0,2025-12-26
EURAUD,employment_change,1.0,0.20833333333333331,2025-12-26
EURAUD,unemployment_rate,-2.0,-0.5208333333333333,2025-12-26
EURAUD,wage_growth,0.0,0.0,2025-12-26
EURAUD,adp,,0.0,2025-12-26
EURAUD,jolts,,0.0,2025-12-26
EURAUD,jobless_claims,,0.0,2025-12-26
EURAUD,rate_expectations,-1.0,-0.625,2025-12-26
EURNZD,manufacturing_pmi,0.0,0.0,2025-12-26
EURNZD,services_pmi,0.0,0.0,2025-12-26
EURNZD,gdp_qoq,1.0,0.3125,2025-12-26
EURNZD,retail_sales,-1.0,-0.20833333333333331,2025-12-26
EURNZD,cpi_yoy,0.0,-0.20833333333333331,2025-12-26
EURNZD,core_cpi,0.0,0.0,2025-12-26
EURNZD,core_pce,,0.0,2025-12-26
EURNZD,ppi_yoy,0.0,0.0,2025-12-26
EURNZD,employment_change,0.0,0.0,2025-12-26
EURNZD,unemployment_rate,-1.0,-0.3125,2025-12-26
EURNZD,wage_growth,0.0,0.0,2025-12-26
EURNZD,adp,,0.0,2025-12-26
EURNZD,jolts,,0.0,2025-12-26
EURNZD,jobless_claims,,0.0,2025-12-26
EURNZD,rate_expectations,1.0,0.625,2025-12-26
EURCAD,manufacturing_pmi,0.0,0.0,2025-12-26
EURCAD,services_pmi,,0.0,2025-12-26
EURCAD,gdp_qoq,1.0,0.3125,2025-12-26
EURCAD,retail_sales,0.0,0.0,2025-12-26
EURCAD,cpi_yoy,1.0,0.20833333333333331,2025-12-26
EURCAD,core_cpi,0.0,0.0,2025-12-26
EURCAD,core_pce,,0.0,2025-12-26
EURCAD,ppi_yoy,-1.0,-0.20833333333333331,2025-12-26
EURCAD,employment_change,0.0,0.0,2025-12-26
EURCAD,unemployment_rate,-2.0,-0.3125,2025-12-26
EURCAD,wage_growth,,0.0,2025-12-26
EURCAD,adp,,0.0,2025-12-26
EURCAD,jolts,,0.0,2025-12-26
EURCAD,jobless_claims,,0.0,2025-12-26
EURCAD,rate_expectations,-1.0,-0.625,2025-12-26
GBPJPY,manufacturing_pmi,0.0,0.0,2025-12-26
GBPJPY,services_pmi,-1.0,-0.15625,2025-12-26
GBPJPY,gdp_qoq,-2.0,-0.3125,2025-12-26
GBPJPY,retail_sales,0.0,0.0,2025-12-26
GBPJPY,cpi_yoy,-2.0,-0.41666666666666663,2025-12-26
GBPJPY,core_cpi,-1.0,-0.20833333333333331,2025-12-26
GBPJPY,core_pce,,0.0,2025-12-26
GBPJPY,ppi_yoy,0.0,0.0,2025-12-26
GBPJPY,employment_change,0.0,0.0,2025-12-26
GBPJPY,unemployment_rate,0.0,0.0,2025-12-26
GBPJPY,wage_growth,2.0,0.41666666666666663,2025-12-26
GBPJPY,adp,,0.0,2025-12-26
GBPJPY,jolts,,0.0,2025-12-26
GBPJPY,jobless_claims,,0.0,2025-12-26
GBPJPY,rate_expectations,-1.0,-0.625,2025-12-26
GBPCHF,manufacturing_pmi,0.0,0.0,2025-12-26
GBPCHF,services_pmi,-1.0,-0.15625,2025-12-26
GBPCHF,gdp_qoq,-1.0,0.10416666666666663,2025-12-26
GBPCHF,retail_sales,-1.0,-0.41666666666666663,2025-12-26
GBPCHF,cpi_yoy,-1.0,0.0,2025-12-26
GBPCHF,core_cpi,-1.0,-0.20833333333333331,2025-12-26
GBPCHF,core_pce,,0.0,2025-12-26
GBPCHF,ppi_yoy,2.0,0.8333333333333333,2025-12-26
GBPCHF,employment_change,0.0,0.0,2025-12-26
GBPCHF,unemployment_rate,0.0,0.0,2025-12-26
GBPCHF,wage_growth,2.0,0.41666666666666663,2025-12-26
GBPCHF,adp,,0.0,2025-12-26
GBPCHF,jolts,,0.0,2025-12-26
GBPCHF,jobless_claims,,0.0,2025-12-26
GBPCHF,rate_expectations,1.0,0.625,2025-12-26
GBPAUD,manufacturing_pmi,0.0,0.0,2025-12-26
GBPAUD,services_pmi,-1.0,-0.15625,2025-12-26
GBPAUD,gdp_qoq,0.0,0.9375,2025-12-26
GBPAUD,retail_sales,-2.0,0.0,2025-12-26
GBPAUD,cpi_yoy,-3.0,-0.625,2025-12-26
GBPAUD,core_cpi,-2.0,-0.41666666666666663,2025-12-26
GBPAUD,core_pce,,0.0,2025-12-26
GBPAUD,ppi_yoy,0.0,0.0,2025-12-26
GBPAUD,employment_change,1.0,0.20833333333333331,2025-12-26
GBPAUD,unemployment_rate,-1.0,-0.20833333333333331,2025-12-26
GBPAUD,wage_growth,2.0,0.41666666666666663,2025-12-26
GBPAUD,adp,,0.0,2025-12-26
GBPAUD,jolts,,0.0,2025-12-26
GBPAUD,jobless_claims,,0.0,2025-12-26
GBPAUD,rate_expectations,-1.0,-0.625,2025-12-26
GBPNZD,manufacturing_pmi,0.0,0.0,2025-12-26
GBPNZD,services_pmi,-1.0,-0.15625,2025-12-26
GBPNZD,gdp_qoq,-2.0,-0.3125,2025-12-26
GBPNZD,retail_sales,-1.0,-0.20833333333333331,2025-12-26
GBPNZD,cpi_yoy,-3.0,-0.8333333333333333,2025-12-26
GBPNZD,core_cpi,-1.0,-0.20833333333333331,2025-12-26
GBPNZD,core_pce,,0.0,2025-12-26
GBPNZD,ppi_yoy,0.0,0.0,2025-12-26
GBPNZD,employment_change,0.0,0.0,2025-12-26
GBPNZD,unemployment_rate,0.0,0.0,2025-12-26
GBPNZD,wage_growth,2.0,0.41666666666666663,2025-12-26
GBPNZD,adp,,0.0,2025-12-26
GBPNZD,jolts,,0.0,2025-12-26
GBPNZD,jobless_claims,,0.0,2025-12-26
GBPNZD,rate_expectations,1.0,0.625,2025-12-26
GBPCAD,manufacturing_pmi,0.0,0.0,2025-12-26
GBPCAD,services_pmi,-1.0,-0.15625,2025-12-26
GBPCAD,gdp_qoq,-2.0,-0.3125,2025-12-26
GBPCAD,retail_sales,0.0,0.0,2025-12-26
GBPCAD,cpi_yoy,-2.0,-0.41666666666666663,2025-12-26
GBPCAD,core_cpi,-1.0,-0.20833333333333331,2025-12-26
GBPCAD,core_pce,,0.0,2025-12-26
GBPCAD,ppi_yoy,-1.0,-0.20833333333333331,2025-12-26
GBPCAD,employment_change,0.0,0.0,2025-12-26
GBPCAD,unemployment_rate,-1.0,0.0,2025-12-26
GBPCAD,wage_growth,2.0,0.41666666666666663,2025-12-26
GBPCAD,adp,,0.0,2025-12-26
GBPCAD,jolts,,0.0,2025-12-26
GBPCAD,jobless_claims,,0.0,2025-12-26
GBPCAD,rate_expectations,-1.0,-0.625,2025-12-26
AUDJPY,manufacturing_pmi,,0.0,2025-12-26
AUDJPY,services_pmi,,0.0,2025-12-26
AUDJPY,gdp_qoq,-2.0,-1.25,2025-12-26
AUDJPY,retail_sales,2.0,0.0,2025-12-26
AUDJPY,cpi_yoy,1.0,0.20833333333333331,2025-12-26
AUDJPY,core_cpi,1.0,0.20833333333333331,2025-12-26
AUDJPY,core_pce,,0.0,2025-12-26
AUDJPY,ppi_yoy,0.0,0.0,2025-12-26
AUDJPY,employment_change,-1.0,-0.20833333333333331,2025-12-26
AUDJPY,unemployment_rate,1.0,0.20833333333333331,2025-12-26
AUDJPY,wage_growth,0.0,0.0,2025-12-26
AUDJPY,adp,,0.0,2025-12-26
AUDJPY,jolts,,0.0,2025-12-26
AUDJPY,jobless_claims,,0.0,2025-12-26
AUDJPY,rate_expectations,0.0,0.0,2025-12-26
NZDJPY,manufacturing_pmi,0.0,0.0,2025-12-26
NZDJPY,services_pmi,0.0,0.0,2025-12-26
NZDJPY,gdp_qoq,0.0,0.0,2025-12-26
NZDJPY,retail_sales,1.0,0.20833333333333331,2025-12-26
NZDJPY,cpi_yoy,1.0,0.41666666666666663,2025-12-26
NZDJPY,core_cpi,0.0,0.0,2025-12-26
NZDJPY,core_pce,,0.0,2025-12-26
NZDJPY,ppi_yoy,0.0,0.0,2025-12-26
NZDJPY,employment_change,0.0,0.0,2025-12-26
NZDJPY,unemployment_rate,0.0,0.0,2025-12-26
NZDJPY,wage_growth,0.0,0.0,2025-12-26
NZDJPY,adp,,0.0,2025-12-26
NZDJPY,jolts,,0.0,2025-12-26
NZDJPY,jobless_claims,,0.0,2025-12-26
NZDJPY,rate_expectations,-2.0,-1.25,2025-12-26
CADJPY,manufacturing_pmi,0.0,0.0,2025-12-26
CADJPY,services_pmi,,0.0,2025-12-26
CADJPY,gdp_qoq,0.0,0.0,2025-12-26
CADJPY,retail_sales,0.0,0.0,2025-12-26
CADJPY,cpi_yoy,0.0,0.0,2025-12-26
CADJPY,core_cpi,0.0,0.0,2025-12-26
CADJPY,core_pce,,0.0,2025-12-26
CADJPY,ppi_yoy,1.0,0.20833333333333331,2025-12-26
CADJPY,employment_change,0.0,0.0,2025-12-26
CADJPY,unemployment_rate,1.0,0.0,2025-12-26
CADJPY,wage_growth,0.0,0.0,2025-12-26
CADJPY,adp,,0.0,2025-12-26
CADJPY,jolts,,0.0,2025-12-26
CADJPY,jobless_claims,,0.0,2025-12-26
CADJPY,rate_expectations,0.0,0.0,2025-12-26
CHFJPY,manufacturing_pmi,,0.0,2025-12-26
CHFJPY,services_pmi,,0.0,2025-12-26
CHFJPY,gdp_qoq,-1.0,-0.41666666666666663,2025-12-26
CHFJPY,retail_sales,1.0,0.41666666666666663,2025-12-26
CHFJPY,cpi_yoy,-1.0,-0.41666666666666663,2025-12-26
CHFJPY,core_cpi,0.0,0.0,2025-12-26
CHFJPY,core_pce,,0.0,2025-12-26
CHFJPY,ppi_yoy,-2.0,-0.8333333333333333,2025-12-26
CHFJPY,employment_change,,0.0,2025-12-26
CHFJPY,unemployment_rate,0.0,0.0,2025-12-26
CHFJPY,wage_growth,0.0,0.0,2025-12-26
CHFJPY,adp,,0.0,2025-12-26
CHFJPY,jolts,,0.0,2025-12-26
CHFJPY,jobless_claims,,0.0,2025-12-26
CHFJPY,rate_expectations,-2.0,-1.25,2025-12-26
AUDNZD,manufacturing_pmi,0.0,0.0,2025-12-26
AUDNZD,services_pmi,0.0,0.0,2025-12-26
AUDNZD,gdp_qoq,-2.0,-1.25,2025-12-26
AUDNZD,retail_sales,1.0,-0.20833333333333331,2025-12-26
AUDNZD,cpi_yoy,0.0,-0.20833333333333331,2025-12-26
AUDNZD,core_cpi,1.0,0.20833333333333331,2025-12-26
AUDNZD,core_pce,,0.0,2025-12-26
AUDNZD,ppi_yoy,0.0,0.0,2025-12-26
AUDNZD,employment_change,-1.0,-0.20833333333333331,2025-12-26
AUDNZD,unemployment_rate,1.0,0.20833333333333331,2025-12-26
AUDNZD,wage_growth,0.0,0.0,2025-12-26
AUDNZD,adp,,0.0,2025-12-26
AUDNZD,jolts,,0.0,2025-12-26
AUDNZD,jobless_claims,,0.0,2025-12-26
AUDNZD,rate_expectations,2.0,1.25,2025-12-26
AUDCAD,manufacturing_pmi,0.0,0.0,2025-12-26
AUDCAD,services_pmi,,0.0,2025-12-26
AUDCAD,gdp_qoq,-2.0,-1.25,2025-12-26
AUDCAD,retail_sales,2.0,0.0,2025-12-26
AUDCAD,cpi_yoy,1.0,0.20833333333333331,2025-12-26
AUDCAD,core_cpi,1.0,0.20833333333333331,2025-12-26
AUDCAD,core_pce,,0.0,2025-12-26
AUDCAD,ppi_yoy,-1.0,-0.20833333333333331,2025-12-26
AUDCAD,employment_change,-1.0,-0.20833333333333331,2025-12-26
AUDCAD,unemployment_rate,0.0,0.20833333333333331,2025-12-26
AUDCAD,wage_growth,0.0,0.0,2025-12-26
AUDCAD,adp,,0.0,2025-12-26
AUDCAD,jolts,,0.0,2025-12-26
AUDCAD,jobless_claims,,0.0,2025-12-26
AUDCAD,rate_expectations,0.0,0.0,2025-12-26
AUDCHF,manufacturing_pmi,,0.0,2025-12-26
AUDCHF,services_pmi,,0.0,2025-12-26
AUDCHF,gdp_qoq,-1.0,-0.8333333333333334,2025-12-26
AUDCHF,retail_sales,1.0,-0.41666666666666663,2025-12-26
AUDCHF,cpi_yoy,2.0,0.625,2025-12-26
AUDCHF,core_cpi,1.0,0.20833333333333331,2025-12-26
AUDCHF,core_pce,,0.0,2025-12-26
AUDCHF,ppi_yoy,2.0,0.8333333333333333,2025-12-26
AUDCHF,employment_change,-1.0,-0.20833333333333331,2025-12-26
AUDCHF,unemployment_rate,1.0,0.20833333333333331,2025-12-26
AUDCHF,wage_growth,0.0,0.0,2025-12-26
AUDCHF,adp,,0.0,2025-12-26
AUDCHF,jolts,,0.0,2025-12-26
AUDCHF,jobless_claims,,0.0,2025-12-26
AUDCHF,rate_expectations,2.0,1.25,2025-12-26
NZDCAD,manufacturing_pmi,0.0,0.0,2025-12-26
NZDCAD,services_pmi,0.0,0.0,2025-12-26
NZDCAD,gdp_qoq,0.0,0.0,2025-12-26
NZDCAD,retail_sales,1.0,0.20833333333333331,2025-12-26
NZDCAD,cpi_yoy,1.0,0.41666666666666663,2025-12-26
NZDCAD,core_cpi,0.0,0.0,2025-12-26
NZDCAD,core_pce,,0.0,2025-12-26
NZDCAD,ppi_yoy,-1.0,-0.20833333333333331,2025-12-26
NZDCAD,employment_change,0.0,0.0,2025-12-26
NZDCAD,unemployment_rate,-1.0,0.0,2025-12-26
NZDCAD,wage_growth,0.0,0.0,2025-12-26
NZDCAD,adp,,0.0,2025-12-26
NZDCAD,jolts,,0.0,2025-12-26
NZDCAD,jobless_claims,,0.0,2025-12-26
NZDCAD,rate_expectations,-2.0,-1.25,2025-12-26
NZDCHF,manufacturing_pmi,0.0,0.0,2025-12-26
NZDCHF,services_pmi,0.0,0.0,2025-12-26
NZDCHF,gdp_qoq,1.0,0.41666666666666663,2025-12-26
NZDCHF,retail_sales,0.0,-0.20833333333333331,2025-12-26
NZDCHF,cpi_yoy,2.0,0.8333333333333333,2025-12-26
NZDCHF,core_cpi,,0.0,2025-12-26
NZDCHF,core_pce,,0.0,2025-12-26
NZDCHF,ppi_yoy,2.0,0.8333333333333333,2025-12-26
NZDCHF,employment_change,0.0,0.0,2025-12-26
NZDCHF,unemployment_rate,0.0,0.0,2025-12-26
NZDCHF,wage_growth,0.0,0.0,2025-12-26
NZDCHF,adp,,0.0,2025-12-26
NZDCHF,jolts,,0.0,2025-12-26
NZDCHF,jobless_claims,,0.0,2025-12-26
NZDCHF,rate_expectations,,0.0,2025-12-26
CADCHF,manufacturing_pmi,0.0,0.0,2025-12-26
CADCHF,services_pmi,,0.0,2025-12-26
CADCHF,gdp_qoq,1.0,0.41666666666666663,2025-12-26
CADCHF,retail_sales,-1.0,-0.41666666666666663,2025-12-26
CADCHF,cpi_yoy,1.0,0.41666666666666663,2025-12-26
CADCHF,core_cpi,0.0,0.0,2025-12-26
CADCHF,core_pce,,0.0,2025-12-26
CADCHF,ppi_yoy,3.0,1.0416666666666665,2025-12-26
CADCHF,employment_change,0.0,0.0,2025-12-26
CADCHF,unemployment_rate,1.0,0.0,2025-12-26
CADCHF,wage_growth,,0.0,2025-12-26
CADCHF,adp,,0.0,2025-12-26
CADCHF,jolts,,0.0,2025-12-26
CADCHF,jobless_claims,,0.0,2025-12-26
CADCHF,rate_expectations,2.0,1.25,2025-12-26
EURUSD,manufacturing_pmi,1.0,0.20833333333333331,2026-01-02
EURUSD,services_pmi,0.0,0.0,2026-01-02
EURUSD,gdp_qoq,1.0,0.3125,2026-01-02
EURUSD,retail_sales,0.0,0.0,2026-01-02
EURUSD,cpi_yoy,3.0,0.8333333333333333,2026-01-02
EURUSD,core_cpi,1.0,0.0,2026-01-02
EURUSD,core_pce,0.0,0.0,2026-01-02
EURUSD,ppi_yoy,0.0,0.0,2026-01-02
EURUSD,employment_change,0.0,0.0,2026-01-02
EURUSD,unemployment_rate,0.0,-0.20833333333333334,2026-01-02
EURUSD,wage_growth,2.0,0.20833333333333331,2026-01-02
EURUSD,adp,0.0,0.0,2026-01-02
EURUSD,jolts,-2.0,-0.20833333333333331,2026-01-02
EURUSD,jobless_claims,-1.0,-0.10416666666666666,2026-01-02
EURUSD,rate_expectations,1.0,0.625,2026-01-02
GBPUSD,manufacturing_pmi,1.0,0.20833333333333331,2026-01-02
GBPUSD,services_pmi,-1.0,-0.15625,2026-01-02
GBPUSD,gdp_qoq,-2.0,-0.3125,2026-01-02
GBPUSD,retail_sales,0.0,0.0,2026-01-02
GBPUSD,cpi_yoy,0.0,0.20833333333333337,2026-01-02
GBPUSD,core_cpi,0.0,-0.20833333333333331,2026-01-02
GBPUSD,core_pce,0.0,0.0,2026-01-02
GBPUSD,ppi_yoy,0.0,0.0,2026-01-02
GBPUSD,employment_change,0.0,0.0,2026-01-02
GBPUSD,unemployment_rate,1.0,0.10416666666666666,2026-01-02
GBPUSD,wage_growth,4.0,0.625,2026-01-02
GBPUSD,adp,0.0,0.0,2026-01-02
GBPUSD,jolts,-2.0,-0.20833333333333331,2026-01-02
GBPUSD,jobless_claims,-1.0,-0.10416666666666666,2026-01-02
GBPUSD,rate_expectations,1.0,0.625,2026-01-02
USDJPY,manufacturing_pmi,-1.0,-0.20833333333333331,2026-01-02
USDJPY,services_pmi,0.0,0.0,2026-01-02
USDJPY,gdp_qoq,0.0,0.0,2026-01-02
USDJPY,retail_sales,0.0,0.0,2026-01-02
USDJPY,cpi_yoy,-2.0,-0.625,2026-01-02
USDJPY,core_cpi,-1.0,0.0,2026-01-02
USDJPY,core_pce,0.0,0.0,2026-01-02
USDJPY,ppi_yoy,0.0,0.0,2026-01-02
USDJPY,employment_change,0.0,0.0,2026-01-02
USDJPY,unemployment_rate,-1.0,-0.10416666666666666,2026-01-02
USDJPY,wage_growth,-2.0,-0.20833333333333331,2026-01-02
USDJPY,adp,0.0,0.0,2026-01-02
USDJPY,jolts,2.0,0.20833333333333331,2026-01-02
USDJPY,jobless_claims,1.0,0.10416666666666666,2026-01-02
USDJPY,rate_expectations,-2.0,-1.25,2026-01-02
USDCHF,manufacturing_pmi,-1.0,-0.20833333333333331,2026-01-02
USDCHF,services_pmi,0.0,0.0,2026-01-02
USDCHF,gdp_qoq,1.0,0.41666666666666663,2026-01-02
USDCHF,retail_sales,-1.0,-0.41666666666666663,2026-01-02
USDCHF,cpi_yoy,-1.0,-0.20833333333333337,2026-01-02
USDCHF,core_cpi,-1.0,0.0,2026-01-02
USDCHF,core_pce,0.0,0.0,2026-01-02
USDCHF,ppi_yoy,2.0,0.8333333333333333,2026-01-02
USDCHF,employment_change,0.0,0.0,2026-01-02
USDCHF,unemployment_rate,-1.0,-0.10416666666666666,2026-01-02
USDCHF,wage_growth,-2.0,-0.20833333333333331,2026-01-02
USDCHF,adp,0.0,0.0,2026-01-02
USDCHF,jolts,2.0,0.20833333333333331,2026-01-02
USDCHF,jobless_claims,1.0,0.10416666666666666,2026-01-02
USDCHF,rate_expectations,0.0,0.0,2026-01-02
USDCAD,manufacturing_pmi,-1.0,-0.20833333333333331,2026-01-02
USDCAD,services_pmi,0.0,0.0,2026-01-02
USDCAD,gdp_qoq,0.0,0.0,2026-01-02
USDCAD,retail_sales,0.0,0.0,2026-01-02
USDCAD,cpi_yoy,-2.0,-0.625,2026-01-02
USDCAD,core_cpi,-1.0,0.0,2026-01-02
USDCAD,core_pce,0.0,0.0,2026-01-02
USDCAD,ppi_yoy,-1.0,-0.20833333333333331,2026-01-02
USDCAD,employment_change,0.0,0.0,2026-01-02
USDCAD,unemployment_rate,-2.0,-0.10416666666666666,2026-01-02
USDCAD,wage_growth,-2.0,-0.20833333333333331,2026-01-02
USDCAD,adp,0.0,0.0,2026-01-02
USDCAD,jolts,2.0,0.20833333333333331,2026-01-02
USDCAD,jobless_claims,1.0,0.10416666666666666,2026-01-02
USDCAD,rate_expectations,-1.0,-0.625,2026-01-02
AUDUSD,manufacturing_pmi,1.0,0.20833333333333331,2026-01-02
AUDUSD,services_pmi,0.0,0.0,2026-01-02
AUDUSD,gdp_qoq,-2.0,-1.25,2026-01-02
AUDUSD,retail_sales,2.0,0.0,2026-01-02
AUDUSD,cpi_yoy,3.0,0.8333333333333333,2026-01-02
AUDUSD,core_cpi,2.0,0.20833333333333331,2026-01-02
AUDUSD,core_pce,0.0,0.0,2026-01-02
AUDUSD,ppi_yoy,0.0,0.0,2026-01-02
AUDUSD,employment_change,-1.0,-0.20833333333333331,2026-01-02
AUDUSD,unemployment_rate,2.0,0.3125,2026-01-02
AUDUSD,wage_growth,2.0,0.20833333333333331,2026-01-02
AUDUSD,adp,0.0,0.0,2026-01-02
AUDUSD,jolts,-2.0,-0.20833333333333331,2026-01-02
AUDUSD,jobless_claims,-1.0,-0.10416666666666666,2026-01-02
AUDUSD,rate_expectations,2.0,1.25,2026-01-02
NZDUSD,manufacturing_pmi,1.0,0.20833333333333331,2026-01-02
NZDUSD,services_pmi,0.0,0.0,2026-01-02
NZDUSD,gdp_qoq,0.0,0.0,2026-01-02
NZDUSD,retail_sales,1.0,0.20833333333333331,2026-01-02
NZDUSD,cpi_yoy,3.0,1.0416666666666665,2026-01-02
NZDUSD,core_cpi,1.0,0.0,2026-01-02
NZDUSD,core_pce,0.0,0.0,2026-01-02
NZDUSD,ppi_yoy,0.0,0.0,2026-01-02
NZDUSD,employment_change,0.0,0.0,2026-01-02
NZDUSD,unemployment_rate,1.0,0.10416666666666666,2026-01-02
NZDUSD,wage_growth,2.0,0.20833333333333331,2026-01-02
NZDUSD,adp,0.0,0.0,2026-01-02
NZDUSD,jolts,-2.0,-0.20833333333333331,2026-01-02
NZDUSD,jobless_claims,-1.0,-0.10416666666666666,2026-01-02
NZDUSD,rate_expectations,0.0,0.0,2026-01-02
EURGBP,manufacturing_pmi,0.0,0.0,2026-01-02
EURGBP,services_pmi,1.0,0.15625,2026-01-02
EURGBP,gdp_qoq,3.0,0.625,2026-01-02
EURGBP,retail_sales,0.0,0.0,2026-01-02
EURGBP,cpi_yoy,3.0,0.625,2026-01-02
EURGBP,core_cpi,1.0,0.20833333333333331,2026-01-02
EURGBP,core_pce,,0.0,2026-01-02
EURGBP,ppi_yoy,0.0,0.0,2026-01-02
EURGBP,employment_change,0.0,0.0,2026-01-02
EURGBP,unemployment_rate,-1.0,-0.3125,2026-01-02
EURGBP,wage_growth,-2.0,-0.41666666666666663,2026-01-02
EURGBP,adp,,0.0,2026-01-02
EURGBP,jolts,,0.0,2026-01-02
EURGBP,jobless_claims,,0.0,2026-01-02
EURGBP,rate_expectations,0.0,0.0,2026-01-02
EURJPY,manufacturing_pmi,,0.0,2026-01-02
EURJPY,services_pmi,,0.0,2026-01-02
EURJPY,gdp_qoq,1.0,0.3125,2026-01-02
EURJPY,retail_sales,0.0,0.0,2026-01-02
EURJPY,cpi_yoy,1.0,0.20833333333333331,2026-01-02
EURJPY,core_cpi,0.0,0.0,2026-01-02
EURJPY,core_pce,,0.0,2026-01-02
EURJPY,ppi_yoy,0.0,0.0,2026-01-02
EURJPY,employment_change,0.0,0.0,2026-01-02
EURJPY,unemployment_rate,-1.0,-0.3125,2026-01-02
EURJPY,wage_growth,0.0,0.0,2026-01-02
EURJPY,adp,,0.0,2026-01-02
EURJPY,jolts,,0.0,2026-01-02
EURJPY,jobless_claims,,0.0,2026-01-02
EURJPY,rate_expectations,-1.0,-0.625,2026-01-02
EURCHF,manufacturing_pmi,,0.0,2026-01-02
EURCHF,services_pmi,,0.0,2026-01-02
EURCHF,gdp_qoq,2.0,0.7291666666666666,2026-01-02
EURCHF,retail_sales,-1.0,-0.41666666666666663,2026-01-02
EURCHF,cpi_yoy,2.0,0.625,2026-01-02
EURCHF,core_cpi,0.0,0.0,2026-01-02
EURCHF,core_pce,,0.0,2026-01-02
EURCHF,ppi_yoy,2.0,0.8333333333333333,2026-01-02
EURCHF,employment_change,0.0,0.0,2026-01-02
EURCHF,unemployment_rate,-1.0,-0.3125,2026-01-02
EURCHF,wage_growth,,0.0,2026-01-02
EURCHF,adp,,0.0,2026-01-02
EURCHF,jolts,,0.0,2026-01-02
EURCHF,jobless_claims,,0.0,2026-01-02
EURCHF,rate_expectations,1.0,0.625,2026-01-02
EURAUD,manufacturing_pmi,,0.0,2026-01-02
EURAUD,services_pmi,,0.0,2026-01-02
EURAUD,gdp_qoq,3.0,1.5625,2026-01-02
EURAUD,retail_sales,-2.0,0.0,2026-01-02
EURAUD,cpi_yoy,0.0,0.0,2026-01-02
EURAUD,core_cpi,-1.0,-0.20833333333333331,2026-01-02
EURAUD,core_pce,,0.0,2026-01-02
EURAUD,ppi_yoy,0.0,0.0,2026-01-02
EURAUD,employment_change,1.0,0.20833333333333331,2026-01-02
EURAUD,unemployment_rate,-2.0,-0.5208333333333333,2026-01-02
EURAUD,wage_growth,0.0,0.0,2026-01-02
EURAUD,adp,,0.0,2026-01-02
EURAUD,jolts,,0.0,2026-01-02
EURAUD,jobless_claims,,0.0,2026-01-02
EURAUD,rate_expectations,-1.0,-0.625,2026-01-02
EURNZD,manufacturing_pmi,0.0,0.0,2026-01-02
EURNZD,services_pmi,0.0,0.0,2026-01-02
EURNZD,gdp_qoq,1.0,0.3125,2026-01-02
EURNZD,retail_sales,-1.0,-0.20833333333333331,2026-01-02
EURNZD,cpi_yoy,0.0,-0.20833333333333331,2026-01-02
EURNZD,core_cpi,0.0,0.0,2026-01-02
EURNZD,core_pce,,0.0,2026-01-02
EURNZD,ppi_yoy,0.0,0.0,2026-01-02
EURNZD,employment_change,0.0,0.0,2026-01-02
EURNZD,unemployment_rate,-1.0,-0.3125,2026-01-02
EURNZD,wage_growth,0.0,0.0,2026-01-02
EURNZD,adp,,0.0,2026-01-02
EURNZD,jolts,,0.0,2026-01-02
EURNZD,jobless_claims,,0.0,2026-01-02
EURNZD,rate_expectations,1.0,0.625,2026-01-02
EURCAD,manufacturing_pmi,0.0,0.0,2026-01-02
EURCAD,services_pmi,,0.0,2026-01-02
EURCAD,gdp_qoq,1.0,0.3125,2026-01-02
EURCAD,retail_sales,0.0,0.0,2026-01-02
EURCAD,cpi_yoy,1.0,0.20833333333333331,2026-01-02
EURCAD,core_cpi,0.0,0.0,2026-01-02
EURCAD,core_pce,,0.0,2026-01-02
EURCAD,ppi_yoy,-1.0,-0.20833333333333331,2026-01-02
EURCAD,employment_change,0.0,0.0,2026-01-02
EURCAD,unemployment_rate,-2.0,-0.3125,2026-01-02
EURCAD,wage_growth,,0.0,2026-01-02
EURCAD,adp,,0.0,2026-01-02
EURCAD,jolts,,0.0,2026-01-02
EURCAD,jobless_claims,,0.0,2026-01-02
EURCAD,rate_expectations,0.0,0.0,2026-01-02
GBPJPY,manufacturing_pmi,0.0,0.0,2026-01-02
GBPJPY,services_pmi,-1.0,-0.15625,2026-01-02
GBPJPY,gdp_qoq,-2.0,-0.3125,2026-01-02
GBPJPY,retail_sales,0.0,0.0,2026-01-02
GBPJPY,cpi_yoy,-2.0,-0.41666666666666663,2026-01-02
GBPJPY,core_cpi,-1.0,-0.20833333333333331,2026-01-02
GBPJPY,core_pce,,0.0,2026-01-02
GBPJPY,ppi_yoy,0.0,0.0,2026-01-02
GBPJPY,employment_change,0.0,0.0,2026-01-02
GBPJPY,unemployment_rate,0.0,0.0,2026-01-02
GBPJPY,wage_growth,2.0,0.41666666666666663,2026-01-02
GBPJPY,adp,,0.0,2026-01-02
GBPJPY,jolts,,0.0,2026-01-02
GBPJPY,jobless_claims,,0.0,2026-01-02
GBPJPY,rate_expectations,-1.0,-0.625,2026-01-02
GBPCHF,manufacturing_pmi,0.0,0.0,2026-01-02
GBPCHF,services_pmi,-1.0,-0.15625,2026-01-02
GBPCHF,gdp_qoq,-1.0,0.10416666666666663,2026-01-02
GBPCHF,retail_sales,-1.0,-0.41666666666666663,2026-01-02
GBPCHF,cpi_yoy,-1.0,0.0,2026-01-02
GBPCHF,core_cpi,-1.0,-0.20833333333333331,2026-01-02
GBPCHF,core_pce,,0.0,2026-01-02
GBPCHF,ppi_yoy,2.0,0.8333333333333333,2026-01-02
GBPCHF,employment_change,0.0,0.0,2026-01-02
GBPCHF,unemployment_rate,0.0,0.0,2026-01-02
GBPCHF,wage_growth,2.0,0.41666666666666663,2026-01-02
GBPCHF,adp,,0.0,2026-01-02
GBPCHF,jolts,,0.0,2026-01-02
GBPCHF,jobless_claims,,0.0,2026-01-02
GBPCHF,rate_expectations,1.0,0.625,2026-01-02
GBPAUD,manufacturing_pmi,0.0,0.0,2026-01-02
GBPAUD,services_pmi,-1.0,-0.15625,2026-01-02
GBPAUD,gdp_qoq,0.0,0.9375,2026-01-02
GBPAUD,retail_sales,-2.0,0.0,2026-01-02
GBPAUD,cpi_yoy,-3.0,-0.625,2026-01-02
GBPAUD,core_cpi,-2.0,-0.41666666666666663,2026-01-02
GBPAUD,core_pce,,0.0,2026-01-02
GBPAUD,ppi_yoy,0.0,0.0,2026-01-02
GBPAUD,employment_change,1.0,0.20833333333333331,2026-01-02
GBPAUD,unemployment_rate,-1.0,-0.20833333333333331,2026-01-02
GBPAUD,wage_growth,2.0,0.41666666666666663,2026-01-02
GBPAUD,adp,,0.0,2026-01-02
GBPAUD,jolts,,0.0,2026-01-02
GBPAUD,jobless_claims,,0.0,2026-01-02
GBPAUD,rate_expectations,-1.0,-0.625,2026-01-02
GBPNZD,manufacturing_pmi,0.0,0.0,2026-01-02
GBPNZD,services_pmi,-1.0,-0.15625,2026-01-02
GBPNZD,gdp_qoq,-2.0,-0.3125,2026-01-02
GBPNZD,retail_sales,-1.0,-0.20833333333333331,2026-01-02
GBPNZD,cpi_yoy,-3.0,-0.8333333333333333,2026-01-02
GBPNZD,core_cpi,-1.0,-0.20833333333333331,2026-01-02
GBPNZD,core_pce,,0.0,2026-01-02
GBPNZD,ppi_yoy,0.0,0.0,2026-01-02
GBPNZD,employment_change,0.0,0.0,2026-01-02
GBPNZD,unemployment_rate,0.0,0.0,2026-01-02
GBPNZD,wage_growth,2.0,0.41666666666666663,2026-01-02
GBPNZD,adp,,0.0,2026-01-02
GBPNZD,jolts,,0.0,2026-01-02
GBPNZD,jobless_claims,,0.0,2026-01-02
GBPNZD,rate_expectations,1.0,0.625,2026-01-02
GBPCAD,manufacturing_pmi,0.0,0.0,2026-01-02
GBPCAD,services_pmi,-1.0,-0.15625,2026-01-02
GBPCAD,gdp_qoq,-2.0,-0.3125,2026-01-02
GBPCAD,retail_sales,0.0,0.0,2026-01-02
GBPCAD,cpi_yoy,-2.0,-0.41666666666666663,2026-01-02
GBPCAD,core_cpi,-1.0,-0.20833333333333331,2026-01-02
GBPCAD,core_pce,,0.0,2026-01-02
GBPCAD,ppi_yoy,-1.0,-0.20833333333333331,2026-01-02
GBPCAD,employment_change,0.0,0.0,2026-01-02
GBPCAD,unemployment_rate,-1.0,0.0,2026-01-02
GBPCAD,wage_growth,2.0,0.41666666666666663,2026-01-02
GBPCAD,adp,,0.0,2026-01-02
GBPCAD,jolts,,0.0,2026-01-02
GBPCAD,jobless_claims,,0.0,2026-01-02
GBPCAD,rate_expectations,0.0,0.0,2026-01-02
AUDJPY,manufacturing_pmi,,0.0,2026-01-02
AUDJPY,services_pmi,,0.0,2026-01-02
AUDJPY,gdp_qoq,-2.0,-1.25,2026-01-02
AUDJPY,retail_sales,2.0,0.0,2026-01-02
AUDJPY,cpi_yoy,1.0,0.20833333333333331,2026-01-02
AUDJPY,core_cpi,1.0,0.20833333333333331,2026-01-02
AUDJPY,core_pce,,0.0,2026-01-02
AUDJPY,ppi_yoy,0.0,0.0,2026-01-02
AUDJPY,employment_change,-1.0,-0.20833333333333331,2026-01-02
AUDJPY,unemployment_rate,1.0,0.20833333333333331,2026-01-02
AUDJPY,wage_growth,0.0,0.0,2026-01-02
AUDJPY,adp,,0.0,2026-01-02
AUDJPY,jolts,,0.0,2026-01-02
AUDJPY,jobless_claims,,0.0,2026-01-02
AUDJPY,rate_expectations,0.0,0.0,2026-01-02
NZDJPY,manufacturing_pmi,0.0,0.0,2026-01-02
NZDJPY,services_pmi,0.0,0.0,2026-01-02
NZDJPY,gdp_qoq,0.0,0.0,2026-01-02
NZDJPY,retail_sales,1.0,0.20833333333333331,2026-01-02
NZDJPY,cpi_yoy,1.0,0.41666666666666663,2026-01-02
NZDJPY,core_cpi,0.0,0.0,2026-01-02
NZDJPY,core_pce,,0.0,2026-01-02
NZDJPY,ppi_yoy,0.0,0.0,2026-01-02
NZDJPY,employment_change,0.0,0.0,2026-01-02
NZDJPY,unemployment_rate,0.0,0.0,2026-01-02
NZDJPY,wage_growth,0.0,0.0,2026-01-02
NZDJPY,adp,,0.0,2026-01-02
NZDJPY,jolts,,0.0,2026-01-02
NZDJPY,jobless_claims,,0.0,2026-01-02
NZDJPY,rate_expectations,-2.0,-1.25,2026-01-02
CADJPY,manufacturing_pmi,0.0,0.0,2026-01-02
CADJPY,services_pmi,,0.0,2026-01-02
CADJPY,gdp_qoq,0.0,0.0,2026-01-02
CADJPY,retail_sales,0.0,0.0,2026-01-02
CADJPY,cpi_yoy,0.0,0.0,2026-01-02
CADJPY,core_cpi,0.0,0.0,2026-01-02
CADJPY,core_pce,,0.0,2026-01-02
CADJPY,ppi_yoy,1.0,0.20833333333333331,2026-01-02
CADJPY,employment_change,0.0,0.0,2026-01-02
CADJPY,unemployment_rate,1.0,0.0,2026-01-02
CADJPY,wage_growth,0.0,0.0,2026-01-02
CADJPY,adp,,0.0,2026-01-02
CADJPY,jolts,,0.0,2026-01-02
CADJPY,jobless_claims,,0.0,2026-01-02
CADJPY,rate_expectations,-1.0,-0.625,2026-01-02
CHFJPY,manufacturing_pmi,,0.0,2026-01-02
CHFJPY,services_pmi,,0.0,2026-01-02
CHFJPY,gdp_qoq,-1.0,-0.41666666666666663,2026-01-02
CHFJPY,retail_sales,1.0,0.41666666666666663,2026-01-02
CHFJPY,cpi_yoy,-1.0,-0.41666666666666663,2026-01-02
CHFJPY,core_cpi,0.0,0.0,2026-01-02
CHFJPY,core_pce,,0.0,2026-01-02
CHFJPY,ppi_yoy,-2.0,-0.8333333333333333,2026-01-02
CHFJPY,employment_change,,0.0,2026-01-02
CHFJPY,unemployment_rate,0.0,0.0,2026-01-02
CHFJPY,wage_growth,0.0,0.0,2026-01-02
CHFJPY,adp,,0.0,2026-01-02
CHFJPY,jolts,,0.0,2026-01-02
CHFJPY,jobless_claims,,0.0,2026-01-02
CHFJPY,rate_expectations,-2.0,-1.25,2026-01-02
AUDNZD,manufacturing_pmi,0.0,0.0,2026-01-02
AUDNZD,services_pmi,0.0,0.0,2026-01-02
AUDNZD,gdp_qoq,-2.0,-1.25,2026-01-02
AUDNZD,retail_sales,1.0,-0.20833333333333331,2026-01-02
AUDNZD,cpi_yoy,0.0,-0.20833333333333331,2026-01-02
AUDNZD,core_cpi,1.0,0.20833333333333331,2026-01-02
AUDNZD,core_pce,,0.0,2026-01-02
AUDNZD,ppi_yoy,0.0,0.0,2026-01-02
AUDNZD,employment_change,-1.0,-0.20833333333333331,2026-01-02
AUDNZD,unemployment_rate,1.0,0.20833333333333331,2026-01-02
AUDNZD,wage_growth,0.0,0.0,2026-01-02
AUDNZD,adp,,0.0,2026-01-02
AUDNZD,jolts,,0.0,2026-01-02
AUDNZD,jobless_claims,,0.0,2026-01-02
AUDNZD,rate_expectations,2.0,1.25,2026-01-02
AUDCAD,manufacturing_pmi,0.0,0.0,2026-01-02
AUDCAD,services_pmi,,0.0,2026-01-02
AUDCAD,gdp_qoq,-2.0,-1.25,2026-01-02
AUDCAD,retail_sales,2.0,0.0,2026-01-02
AUDCAD,cpi_yoy,1.0,0.20833333333333331,2026-01-02
AUDCAD,core_cpi,1.0,0.20833333333333331,2026-01-02
AUDCAD,core_pce,,0.0,2026-01-02
AUDCAD,ppi_yoy,-1.0,-0.20833333333333331,2026-01-02
AUDCAD,employment_change,-1.0,-0.20833333333333331,2026-01-02
AUDCAD,unemployment_rate,0.0,0.20833333333333331,2026-01-02
AUDCAD,wage_growth,0.0,0.0,2026-01-02
AUDCAD,adp,,0.0,2026-01-02
AUDCAD,jolts,,0.0,2026-01-02
AUDCAD,jobless_claims,,0.0,2026-01-02
AUDCAD,rate_expectations,1.0,0.625,2026-01-02
AUDCHF,manufacturing_pmi,,0.0,2026-01-02
AUDCHF,services_pmi,,0.0,2026-01-02
AUDCHF,gdp_qoq,-1.0,-0.8333333333333334,2026-01-02
AUDCHF,retail_sales,1.0,-0.41666666666666663,2026-01-02
AUDCHF,cpi_yoy,2.0,0.625,2026-01-02
AUDCHF,core_cpi,1.0,0.20833333333333331,2026-01-02
AUDCHF,core_pce,,0.0,2026-01-02
AUDCHF,ppi_yoy,2.0,0.8333333333333333,2026-01-02
AUDCHF,employment_change,-1.0,-0.20833333333333331,2026-01-02
AUDCHF,unemployment_rate,1.0,0.20833333333333331,2026-01-02
AUDCHF,wage_growth,0.0,0.0,2026-01-02
AUDCHF,adp,,0.0,2026-01-02
AUDCHF,jolts,,0.0,2026-01-02
AUDCHF,jobless_claims,,0.0,2026-01-02
AUDCHF,rate_expectations,2.0,1.25,2026-01-02
NZDCAD,manufacturing_pmi,0.0,0.0,2026-01-02
NZDCAD,services_pmi,0.0,0.0,2026-01-02
NZDCAD,gdp_qoq,0.0,0.0,2026-01-02
NZDCAD,retail_sales,1.0,0.20833333333333331,2026-01-02
NZDCAD,cpi_yoy,1.0,0.41666666666666663,2026-01-02
NZDCAD,core_cpi,0.0,0.0,2026-01-02
NZDCAD,core_pce,,0.0,2026-01-02
NZDCAD,ppi_yoy,-1.0,-0.20833333333333331,2026-01-02
NZDCAD,employment_change,0.0,0.0,2026-01-02
NZDCAD,unemployment_rate,-1.0,0.0,2026-01-02
NZDCAD,wage_growth,0.0,0.0,2026-01-02
NZDCAD,adp,,0.0,2026-01-02
NZDCAD,jolts,,0.0,2026-01-02
NZDCAD,jobless_claims,,0.0,2026-01-02
NZDCAD,rate_expectations,-1.0,-0.625,2026-01-02
NZDCHF,manufacturing_pmi,0.0,0.0,2026-01-02
NZDCHF,services_pmi,0.0,0.0,2026-01-02
NZDCHF,gdp_qoq,1.0,0.41666666666666663,2026-01-02
NZDCHF,retail_sales,0.0,-0.20833333333333331,2026-01-02
NZDCHF,cpi_yoy,2.0,0.8333333333333333,2026-01-02
NZDCHF,core_cpi,,0.0,2026-01-02
NZDCHF,core_pce,,0.0,2026-01-02
NZDCHF,ppi_yoy,2.0,0.8333333333333333,2026-01-02
NZDCHF,employment_change,0.0,0.0,2026-01-02
NZDCHF,unemployment_rate,0.0,0.0,2026-01-02
NZDCHF,wage_growth,0.0,0.0,2026-01-02
NZDCHF,adp,,0.0,2026-01-02
NZDCHF,jolts,,0.0,2026-01-02
NZDCHF,jobless_claims,,0.0,2026-01-02
NZDCHF,rate_expectations,,0.0,2026-01-02
CADCHF,manufacturing_pmi,0.0,0.0,2026-01-02
CADCHF,services_pmi,,0.0,2026-01-02
CADCHF,gdp_qoq,1.0,0.41666666666666663,2026-01-02
CADCHF,retail_sales,-1.0,-0.41666666666666663,2026-01-02
CADCHF,cpi_yoy,1.0,0.41666666666666663,2026-01-02
CADCHF,core_cpi,0.0,0.0,2026-01-02
CADCHF,core_pce,,0.0,2026-01-02
CADCHF,ppi_yoy,3.0,1.0416666666666665,2026-01-02
CADCHF,employment_change,0.0,0.0,2026-01-02
CADCHF,unemployment_rate,1.0,0.0,2026-01-02
CADCHF,wage_growth,,0.0,2026-01-02
CADCHF,adp,,0.0,2026-01-02
CADCHF,jolts,,0.0,2026-01-02
CADCHF,jobless_claims,,0.0,2026-01-02
CADCHF,rate_expectations,1.0,0.625,2026-01-02
EURUSD,manufacturing_pmi,0.0,0.0,2026-01-09
EURUSD,services_pmi,-1.0,-0.20833333333333331,2026-01-09
EURUSD,gdp_qoq,1.0,0.3125,2026-01-09
EURUSD,retail_sales,0.0,0.0,2026-01-09
EURUSD,cpi_yoy,2.0,0.625,2026-01-09
EURUSD,core_cpi,0.0,-0.20833333333333331,2026-01-09
EURUSD,core_pce,0.0,0.0,2026-01-09
EURUSD,ppi_yoy,0.0,0.0,2026-01-09
EURUSD,employment_change,0.0,0.0,2026-01-09
EURUSD,unemployment_rate,2.0,0.41666666666666663,2026-01-09
EURUSD,wage_growth,2.0,0.20833333333333331,2026-01-09
EURUSD,adp,0.0,0.0,2026-01-09
EURUSD,jolts,1.0,0.10416666666666666,2026-01-09
EURUSD,jobless_claims,0.0,0.0,2026-01-09
EURUSD,rate_expectations,0.0,0.0,2026-01-09
GBPUSD,manufacturing_pmi,-1.0,-0.15625,2026-01-09
GBPUSD,services_pmi,-2.0,-0.3645833333333333,2026-01-09
GBPUSD,gdp_qoq,-2.0,-0.3125,2026-01-09
GBPUSD,retail_sales,0.0,0.0,2026-01-09
GBPUSD,cpi_yoy,0.0,0.20833333333333337,2026-01-09
GBPUSD,core_cpi,0.0,-0.20833333333333331,2026-01-09
GBPUSD,core_pce,0.0,0.0,2026-01-09
GBPUSD,ppi_yoy,0.0,0.0,2026-01-09
GBPUSD,employment_change,0.0,0.0,2026-01-09
GBPUSD,unemployment_rate,1.0,0.10416666666666666,2026-01-09
GBPUSD,wage_growth,4.0,0.625,2026-01-09
GBPUSD,adp,0.0,0.0,2026-01-09
GBPUSD,jolts,1.0,0.10416666666666666,2026-01-09
GBPUSD,jobless_claims,0.0,0.0,2026-01-09
GBPUSD,rate_expectations,-1.0,-0.625,2026-01-09
USDJPY,manufacturing_pmi,0.0,0.0,2026-01-09
USDJPY,services_pmi,1.0,0.20833333333333331,2026-01-09
USDJPY,gdp_qoq,0.0,0.0,2026-01-09
USDJPY,retail_sales,0.0,0.0,2026-01-09
USDJPY,cpi_yoy,-2.0,-0.625,2026-01-09
USDJPY,core_cpi,-1.0,0.0,2026-01-09
USDJPY,core_pce,0.0,0.0,2026-01-09
USDJPY,ppi_yoy,0.0,0.0,2026-01-09
USDJPY,employment_change,0.0,0.0,2026-01-09
USDJPY,unemployment_rate,-1.0,-0.10416666666666666,2026-01-09
USDJPY,wage_growth,0.0,0.4166666666666667,2026-01-09
USDJPY,adp,0.0,0.0,2026-01-09
USDJPY,jolts,-1.0,-0.10416666666666666,2026-01-09
USDJPY,jobless_claims,0.0,0.0,2026-01-09
USDJPY,rate_expectations,-1.0,-0.625,2026-01-09
USDCHF,manufacturing_pmi,1.0,0.2777777777777778,2026-01-09
USDCHF,services_pmi,1.0,0.20833333333333331,2026-01-09
USDCHF,gdp_qoq,1.0,0.2777777777777778,2026-01-09
USDCHF,retail_sales,0.0,0.0,2026-01-09
USDCHF,cpi_yoy,-1.0,-0.20833333333333337,2026-01-09
USDCHF,core_cpi,-1.0,0.0,2026-01-09
USDCHF,core_pce,0.0,0.0,2026-01-09
USDCHF,ppi_yoy,2.0,0.8333333333333333,2026-01-09
USDCHF,employment_change,0.0,0.0,2026-01-09
USDCHF,unemployment_rate,-1.0,-0.10416666666666666,2026-01-09
USDCHF,wage_growth,-2.0,-0.20833333333333331,2026-01-09
USDCHF,adp,0.0,0.0,2026-01-09
USDCHF,jolts,-1.0,-0.10416666666666666,2026-01-09
USDCHF,jobless_claims,0.0,0.0,2026-01-09
USDCHF,rate_expectations,0.0,0.0,2026-01-09
USDCAD,manufacturing_pmi,0.0,0.0,2026-01-09
USDCAD,services_pmi,1.0,0.20833333333333331,2026-01-09
USDCAD,gdp_qoq,0.0,0.0,2026-01-09
USDCAD,retail_sales,0.0,0.0,2026-01-09
USDCAD,cpi_yoy,-2.0,-0.625,2026-01-09
USDCAD,core_cpi,-1.0,0.0,2026-01-09
USDCAD,core_pce,0.0,0.0,2026-01-09
USDCAD,ppi_yoy,-1.0,-0.20833333333333331,2026-01-09
USDCAD,employment_change,0.0,0.0,2026-01-09
USDCAD,unemployment_rate,-2.0,-0.10416666666666666,2026-01-09
USDCAD,wage_growth,-2.0,-0.20833333333333331,2026-01-09
USDCAD,adp,0.0,0.0,2026-01-09
USDCAD,jolts,-1.0,-0.10416666666666666,2026-01-09
USDCAD,jobless_claims,0.0,0.0,2026-01-09
USDCAD,rate_expectations,1.0,0.625,2026-01-09
AUDUSD,manufacturing_pmi,0.0,0.0,2026-01-09
AUDUSD,services_pmi,-1.0,-0.20833333333333331,2026-01-09
AUDUSD,gdp_qoq,-2.0,-1.25,2026-01-09
AUDUSD,retail_sales,2.0,0.0,2026-01-09
AUDUSD,cpi_yoy,1.0,0.4166666666666667,2026-01-09
AUDUSD,core_cpi,2.0,0.20833333333333331,2026-01-09
AUDUSD,core_pce,0.0,0.0,2026-01-09
AUDUSD,ppi_yoy,0.0,0.0,2026-01-09
AUDUSD,employment_change,-1.0,-0.20833333333333331,2026-01-09
AUDUSD,unemployment_rate,2.0,0.3125,2026-01-09
AUDUSD,wage_growth,2.0,0.20833333333333331,2026-01-09
AUDUSD,adp,0.0,0.0,2026-01-09
AUDUSD,jolts,1.0,0.10416666666666666,2026-01-09
AUDUSD,jobless_claims,0.0,0.0,2026-01-09
AUDUSD,rate_expectations,0.0,0.0,2026-01-09
NZDUSD,manufacturing_pmi,0.0,0.0,2026-01-09
NZDUSD,services_pmi,-1.0,-0.20833333333333331,2026-01-09
NZDUSD,gdp_qoq,0.0,0.0,2026-01-09
NZDUSD,retail_sales,1.0,0.20833333333333331,2026-01-09
NZDUSD,cpi_yoy,3.0,1.0416666666666665,2026-01-09
NZDUSD,core_cpi,1.0,0.0,2026-01-09
NZDUSD,core_pce,0.0,0.0,2026-01-09
NZDUSD,ppi_yoy,0.0,0.0,2026-01-09
NZDUSD,employment_change,0.0,0.0,2026-01-09
NZDUSD,unemployment_rate,1.0,0.10416666666666666,2026-01-09
NZDUSD,wage_growth,2.0,0.20833333333333331,2026-01-09
NZDUSD,adp,0.0,0.0,2026-01-09
NZDUSD,jolts,1.0,0.10416666666666666,2026-01-09
NZDUSD,jobless_claims,0.0,0.0,2026-01-09
NZDUSD,rate_expectations,0.0,0.0,2026-01-09
EURGBP,manufacturing_pmi,1.0,0.15625,2026-01-09
EURGBP,services_pmi,1.0,0.15625,2026-01-09
EURGBP,gdp_qoq,3.0,0.625,2026-01-09
EURGBP,retail_sales,0.0,0.0,2026-01-09
EURGBP,cpi_yoy,2.0,0.41666666666666663,2026-01-09
EURGBP,core_cpi,0.0,0.0,2026-01-09
EURGBP,core_pce,,0.0,2026-01-09
EURGBP,ppi_yoy,0.0,0.0,2026-01-09
EURGBP,employment_change,0.0,0.0,2026-01-09
EURGBP,unemployment_rate,1.0,0.3125,2026-01-09
EURGBP,wage_growth,-2.0,-0.41666666666666663,2026-01-09
EURGBP,adp,,0.0,2026-01-09
EURGBP,jolts,,0.0,2026-01-09
EURGBP,jobless_claims,,0.0,2026-01-09
EURGBP,rate_expectations,1.0,0.625,2026-01-09
EURJPY,manufacturing_pmi,,0.0,2026-01-09
EURJPY,services_pmi,,0.0,2026-01-09
EURJPY,gdp_qoq,1.0,0.3125,2026-01-09
EURJPY,retail_sales,0.0,0.0,2026-01-09
EURJPY,cpi_yoy,0.0,0.0,2026-01-09
EURJPY,core_cpi,-1.0,-0.20833333333333331,2026-01-09
EURJPY,core_pce,,0.0,2026-01-09
EURJPY,ppi_yoy,0.0,0.0,2026-01-09
EURJPY,employment_change,0.0,0.0,2026-01-09
EURJPY,unemployment_rate,1.0,0.3125,2026-01-09
EURJPY,wage_growth,2.0,0.625,2026-01-09
EURJPY,adp,,0.0,2026-01-09
EURJPY,jolts,,0.0,2026-01-09
EURJPY,jobless_claims,,0.0,2026-01-09
EURJPY,rate_expectations,-1.0,-0.625,2026-01-09
EURCHF,manufacturing_pmi,1.0,0.2777777777777778,2026-01-09
EURCHF,services_pmi,,0.0,2026-01-09
EURCHF,gdp_qoq,2.0,0.5902777777777778,2026-01-09
EURCHF,retail_sales,0.0,0.0,2026-01-09
EURCHF,cpi_yoy,1.0,0.41666666666666663,2026-01-09
EURCHF,core_cpi,-1.0,-0.20833333333333331,2026-01-09
EURCHF,core_pce,,0.0,2026-01-09
EURCHF,ppi_yoy,2.0,0.8333333333333333,2026-01-09
EURCHF,employment_change,0.0,0.0,2026-01-09
EURCHF,unemployment_rate,1.0,0.3125,2026-01-09
EURCHF,wage_growth,,0.0,2026-01-09
EURCHF,adp,,0.0,2026-01-09
EURCHF,jolts,,0.0,2026-01-09
EURCHF,jobless_claims,,0.0,2026-01-09
EURCHF,rate_expectations,0.0,0.0,2026-01-09
EURAUD,manufacturing_pmi,,0.0,2026-01-09
EURAUD,services_pmi,,0.0,2026-01-09
EURAUD,gdp_qoq,3.0,1.5625,2026-01-09
EURAUD,retail_sales,-2.0,0.0,2026-01-09
EURAUD,cpi_yoy,1.0,0.20833333333333331,2026-01-09
EURAUD,core_cpi,-2.0,-0.41666666666666663,2026-01-09
EURAUD,core_pce,,0.0,2026-01-09
EURAUD,ppi_yoy,0.0,0.0,2026-01-09
EURAUD,employment_change,1.0,0.20833333333333331,2026-01-09
EURAUD,unemployment_rate,0.0,0.10416666666666669,2026-01-09
EURAUD,wage_growth,0.0,0.0,2026-01-09
EURAUD,adp,,0.0,2026-01-09
EURAUD,jolts,,0.0,2026-01-09
EURAUD,jobless_claims,,0.0,2026-01-09
EURAUD,rate_expectations,0.0,0.0,2026-01-09
EURNZD,manufacturing_pmi,0.0,0.0,2026-01-09
EURNZD,services_pmi,0.0,0.0,2026-01-09
EURNZD,gdp_qoq,1.0,0.3125,2026-01-09
EURNZD,retail_sales,-1.0,-0.20833333333333331,2026-01-09
EURNZD,cpi_yoy,-1.0,-0.41666666666666663,2026-01-09
EURNZD,core_cpi,-1.0,-0.20833333333333331,2026-01-09
EURNZD,core_pce,,0.0,2026-01-09
EURNZD,ppi_yoy,0.0,0.0,2026-01-09
EURNZD,employment_change,0.0,0.0,2026-01-09
EURNZD,unemployment_rate,1.0,0.3125,2026-01-09
EURNZD,wage_growth,0.0,0.0,2026-01-09
EURNZD,adp,,0.0,2026-01-09
EURNZD,jolts,,0.0,2026-01-09
EURNZD,jobless_claims,,0.0,2026-01-09
EURNZD,rate_expectations,0.0,0.0,2026-01-09
EURCAD,manufacturing_pmi,0.0,0.0,2026-01-09
EURCAD,services_pmi,,0.0,2026-01-09
EURCAD,gdp_qoq,1.0,0.3125,2026-01-09
EURCAD,retail_sales,0.0,0.0,2026-01-09
EURCAD,cpi_yoy,0.0,0.0,2026-01-09
EURCAD,core_cpi,-1.0,-0.20833333333333331,2026-01-09
EURCAD,core_pce,,0.0,2026-01-09
EURCAD,ppi_yoy,-1.0,-0.20833333333333331,2026-01-09
EURCAD,employment_change,0.0,0.0,2026-01-09
EURCAD,unemployment_rate,0.0,0.3125,2026-01-09
EURCAD,wage_growth,,0.0,2026-01-09
EURCAD,adp,,0.0,2026-01-09
EURCAD,jolts,,0.0,2026-01-09
EURCAD,jobless_claims,,0.0,2026-01-09
EURCAD,rate_expectations,1.0,0.625,2026-01-09
GBPJPY,manufacturing_pmi,-1.0,-0.15625,2026-01-09
GBPJPY,services_pmi,-1.0,-0.15625,2026-01-09
GBPJPY,gdp_qoq,-2.0,-0.3125,2026-01-09
GBPJPY,retail_sales,0.0,0.0,2026-01-09
GBPJPY,cpi_yoy,-2.0,-0.41666666666666663,2026-01-09
GBPJPY,core_cpi,-1.0,-0.20833333333333331,2026-01-09
GBPJPY,core_pce,,0.0,2026-01-09
GBPJPY,ppi_yoy,0.0,0.0,2026-01-09
GBPJPY,employment_change,0.0,0.0,2026-01-09
GBPJPY,unemployment_rate,0.0,0.0,2026-01-09
GBPJPY,wage_growth,4.0,1.0416666666666665,2026-01-09
GBPJPY,adp,,0.0,2026-01-09
GBPJPY,jolts,,0.0,2026-01-09
GBPJPY,jobless_claims,,0.0,2026-01-09
GBPJPY,rate_expectations,-2.0,-1.25,2026-01-09
GBPCHF,manufacturing_pmi,0.0,0.12152777777777779,2026-01-09
GBPCHF,services_pmi,-1.0,-0.15625,2026-01-09
GBPCHF,gdp_qoq,-1.0,-0.03472222222222221,2026-01-09
GBPCHF,retail_sales,0.0,0.0,2026-01-09
GBPCHF,cpi_yoy,-1.0,0.0,2026-01-09
GBPCHF,core_cpi,-1.0,-0.20833333333333331,2026-01-09
GBPCHF,core_pce,,0.0,2026-01-09
GBPCHF,ppi_yoy,2.0,0.8333333333333333,2026-01-09
GBPCHF,employment_change,0.0,0.0,2026-01-09
GBPCHF,unemployment_rate,0.0,0.0,2026-01-09
GBPCHF,wage_growth,2.0,0.41666666666666663,2026-01-09
GBPCHF,adp,,0.0,2026-01-09
GBPCHF,jolts,,0.0,2026-01-09
GBPCHF,jobless_claims,,0.0,2026-01-09
GBPCHF,rate_expectations,-1.0,-0.625,2026-01-09
GBPAUD,manufacturing_pmi,-1.0,-0.15625,2026-01-09
GBPAUD,services_pmi,-1.0,-0.15625,2026-01-09
GBPAUD,gdp_qoq,0.0,0.9375,2026-01-09
GBPAUD,retail_sales,-2.0,0.0,2026-01-09
GBPAUD,cpi_yoy,-1.0,-0.20833333333333331,2026-01-09
GBPAUD,core_cpi,-2.0,-0.41666666666666663,2026-01-09
GBPAUD,core_pce,,0.0,2026-01-09
GBPAUD,ppi_yoy,0.0,0.0,2026-01-09
GBPAUD,employment_change,1.0,0.20833333333333331,2026-01-09
GBPAUD,unemployment_rate,-1.0,-0.20833333333333331,2026-01-09
GBPAUD,wage_growth,2.0,0.41666666666666663,2026-01-09
GBPAUD,adp,,0.0,2026-01-09
GBPAUD,jolts,,0.0,2026-01-09
GBPAUD,jobless_claims,,0.0,2026-01-09
GBPAUD,rate_expectations,-1.0,-0.625,2026-01-09
GBPNZD,manufacturing_pmi,-1.0,-0.15625,2026-01-09
GBPNZD,services_pmi,-1.0,-0.15625,2026-01-09
GBPNZD,gdp_qoq,-2.0,-0.3125,2026-01-09
GBPNZD,retail_sales,-1.0,-0.20833333333333331,2026-01-09
GBPNZD,cpi_yoy,-3.0,-0.8333333333333333,2026-01-09
GBPNZD,core_cpi,-1.0,-0.20833333333333331,2026-01-09
GBPNZD,core_pce,,0.0,2026-01-09
GBPNZD,ppi_yoy,0.0,0.0,2026-01-09
GBPNZD,employment_change,0.0,0.0,2026-01-09
GBPNZD,unemployment_rate,0.0,0.0,2026-01-09
GBPNZD,wage_growth,2.0,0.41666666666666663,2026-01-09
GBPNZD,adp,,0.0,2026-01-09
GBPNZD,jolts,,0.0,2026-01-09
GBPNZD,jobless_claims,,0.0,2026-01-09
GBPNZD,rate_expectations,-1.0,-0.625,2026-01-09
GBPCAD,manufacturing_pmi,-1.0,-0.15625,2026-01-09
GBPCAD,services_pmi,-1.0,-0.15625,2026-01-09
GBPCAD,gdp_qoq,-2.0,-0.3125,2026-01-09
GBPCAD,retail_sales,0.0,0.0,2026-01-09
GBPCAD,cpi_yoy,-2.0,-0.41666666666666663,2026-01-09
GBPCAD,core_cpi,-1.0,-0.20833333333333331,2026-01-09
GBPCAD,core_pce,,0.0,2026-01-09
GBPCAD,ppi_yoy,-1.0,-0.20833333333333331,2026-01-09
GBPCAD,employment_change,0.0,0.0,2026-01-09
GBPCAD,unemployment_rate,-1.0,0.0,2026-01-09
GBPCAD,wage_growth,2.0,0.41666666666666663,2026-01-09
GBPCAD,adp,,0.0,2026-01-09
GBPCAD,jolts,,0.0,2026-01-09
GBPCAD,jobless_claims,,0.0,2026-01-09
GBPCAD,rate_expectations,0.0,0.0,2026-01-09
AUDJPY,manufacturing_pmi,,0.0,2026-01-09
AUDJPY,services_pmi,,0.0,2026-01-09
AUDJPY,gdp_qoq,-2.0,-1.25,2026-01-09
AUDJPY,retail_sales,2.0,0.0,2026-01-09
AUDJPY,cpi_yoy,-1.0,-0.20833333333333331,2026-01-09
AUDJPY,core_cpi,1.0,0.20833333333333331,2026-01-09
AUDJPY,core_pce,,0.0,2026-01-09
AUDJPY,ppi_yoy,0.0,0.0,2026-01-09
AUDJPY,employment_change,-1.0,-0.20833333333333331,2026-01-09
AUDJPY,unemployment_rate,1.0,0.20833333333333331,2026-01-09
AUDJPY,wage_growth,2.0,0.625,2026-01-09
AUDJPY,adp,,0.0,2026-01-09
AUDJPY,jolts,,0.0,2026-01-09
AUDJPY,jobless_claims,,0.0,2026-01-09
AUDJPY,rate_expectations,-1.0,-0.625,2026-01-09
NZDJPY,manufacturing_pmi,0.0,0.0,2026-01-09
NZDJPY,services_pmi,0.0,0.0,2026-01-09
NZDJPY,gdp_qoq,0.0,0.0,2026-01-09
NZDJPY,retail_sales,1.0,0.20833333333333331,2026-01-09
NZDJPY,cpi_yoy,1.0,0.41666666666666663,2026-01-09
NZDJPY,core_cpi,0.0,0.0,2026-01-09
NZDJPY,core_pce,,0.0,2026-01-09
NZDJPY,ppi_yoy,0.0,0.0,2026-01-09
NZDJPY,employment_change,0.0,0.0,2026-01-09
NZDJPY,unemployment_rate,0.0,0.0,2026-01-09
NZDJPY,wage_growth,2.0,0.625,2026-01-09
NZDJPY,adp,,0.0,2026-01-09
NZDJPY,jolts,,0.0,2026-01-09
NZDJPY,jobless_claims,,0.0,2026-01-09
NZDJPY,rate_expectations,-1.0,-0.625,2026-01-09
CADJPY,manufacturing_pmi,0.0,0.0,2026-01-09
CADJPY,services_pmi,,0.0,2026-01-09
CADJPY,gdp_qoq,0.0,0.0,2026-01-09
CADJPY,retail_sales,0.0,0.0,2026-01-09
CADJPY,cpi_yoy,0.0,0.0,2026-01-09
CADJPY,core_cpi,0.0,0.0,2026-01-09
CADJPY,core_pce,,0.0,2026-01-09
CADJPY,ppi_yoy,1.0,0.20833333333333331,2026-01-09
CADJPY,employment_change,0.0,0.0,2026-01-09
CADJPY,unemployment_rate,1.0,0.0,2026-01-09
CADJPY,wage_growth,2.0,0.625,2026-01-09
CADJPY,adp,,0.0,2026-01-09
CADJPY,jolts,,0.0,2026-01-09
CADJPY,jobless_claims,,0.0,2026-01-09
CADJPY,rate_expectations,-2.0,-1.25,2026-01-09
CHFJPY,manufacturing_pmi,-1.0,-0.2777777777777778,2026-01-09
CHFJPY,services_pmi,,0.0,2026-01-09
CHFJPY,gdp_qoq,-1.0,-0.2777777777777778,2026-01-09
CHFJPY,retail_sales,0.0,0.0,2026-01-09
CHFJPY,cpi_yoy,-1.0,-0.41666666666666663,2026-01-09
CHFJPY,core_cpi,0.0,0.0,2026-01-09
CHFJPY,core_pce,,0.0,2026-01-09
CHFJPY,ppi_yoy,-2.0,-0.8333333333333333,2026-01-09
CHFJPY,employment_change,,0.0,2026-01-09
CHFJPY,unemployment_rate,0.0,0.0,2026-01-09
CHFJPY,wage_growth,2.0,0.625,2026-01-09
CHFJPY,adp,,0.0,2026-01-09
CHFJPY,jolts,,0.0,2026-01-09
CHFJPY,jobless_claims,,0.0,2026-01-09
CHFJPY,rate_expectations,-1.0,-0.625,2026-01-09
AUDNZD,manufacturing_pmi,0.0,0.0,2026-01-09
AUDNZD,services_pmi,0.0,0.0,2026-01-09
AUDNZD,gdp_qoq,-2.0,-1.25,2026-01-09
AUDNZD,retail_sales,1.0,-0.20833333333333331,2026-01-09
AUDNZD,cpi_yoy,-2.0,-0.625,2026-01-09
AUDNZD,core_cpi,1.0,0.20833333333333331,2026-01-09
AUDNZD,core_pce,,0.0,2026-01-09
AUDNZD,ppi_yoy,0.0,0.0,2026-01-09
AUDNZD,employment_change,-1.0,-0.20833333333333331,2026-01-09
AUDNZD,unemployment_rate,1.0,0.20833333333333331,2026-01-09
AUDNZD,wage_growth,0.0,0.0,2026-01-09
AUDNZD,adp,,0.0,2026-01-09
AUDNZD,jolts,,0.0,2026-01-09
AUDNZD,jobless_claims,,0.0,2026-01-09
AUDNZD,rate_expectations,0.0,0.0,2026-01-09
AUDCAD,manufacturing_pmi,0.0,0.0,2026-01-09
AUDCAD,services_pmi,,0.0,2026-01-09
AUDCAD,gdp_qoq,-2.0,-1.25,2026-01-09
AUDCAD,retail_sales,2.0,0.0,2026-01-09
AUDCAD,cpi_yoy,-1.0,-0.20833333333333331,2026-01-09
AUDCAD,core_cpi,1.0,0.20833333333333331,2026-01-09
AUDCAD,core_pce,,0.0,2026-01-09
AUDCAD,ppi_yoy,-1.0,-0.20833333333333331,2026-01-09
AUDCAD,employment_change,-1.0,-0.20833333333333331,2026-01-09
AUDCAD,unemployment_rate,0.0,0.20833333333333331,2026-01-09
AUDCAD,wage_growth,0.0,0.0,2026-01-09
AUDCAD,adp,,0.0,2026-01-09
AUDCAD,jolts,,0.0,2026-01-09
AUDCAD,jobless_claims,,0.0,2026-01-09
AUDCAD,rate_expectations,1.0,0.625,2026-01-09
AUDCHF,manufacturing_pmi,1.0,0.2777777777777778,2026-01-09
AUDCHF,services_pmi,,0.0,2026-01-09
AUDCHF,gdp_qoq,-1.0,-0.9722222222222222,2026-01-09
AUDCHF,retail_sales,2.0,0.0,2026-01-09
AUDCHF,cpi_yoy,0.0,0.20833333333333331,2026-01-09
AUDCHF,core_cpi,1.0,0.20833333333333331,2026-01-09
AUDCHF,core_pce,,0.0,2026-01-09
AUDCHF,ppi_yoy,2.0,0.8333333333333333,2026-01-09
AUDCHF,employment_change,-1.0,-0.20833333333333331,2026-01-09
AUDCHF,unemployment_rate,1.0,0.20833333333333331,2026-01-09
AUDCHF,wage_growth,0.0,0.0,2026-01-09
AUDCHF,adp,,0.0,2026-01-09
AUDCHF,jolts,,0.0,2026-01-09
AUDCHF,jobless_claims,,0.0,2026-01-09
AUDCHF,rate_expectations,0.0,0.0,2026-01-09
NZDCAD,manufacturing_pmi,0.0,0.0,2026-01-09
NZDCAD,services_pmi,0.0,0.0,2026-01-09
NZDCAD,gdp_qoq,0.0,0.0,2026-01-09
NZDCAD,retail_sales,1.0,0.20833333333333331,2026-01-09
NZDCAD,cpi_yoy,1.0,0.41666666666666663,2026-01-09
NZDCAD,core_cpi,0.0,0.0,2026-01-09
NZDCAD,core_pce,,0.0,2026-01-09
NZDCAD,ppi_yoy,-1.0,-0.20833333333333331,2026-01-09
NZDCAD,employment_change,0.0,0.0,2026-01-09
NZDCAD,unemployment_rate,-1.0,0.0,2026-01-09
NZDCAD,wage_growth,0.0,0.0,2026-01-09
NZDCAD,adp,,0.0,2026-01-09
NZDCAD,jolts,,0.0,2026-01-09
NZDCAD,jobless_claims,,0.0,2026-01-09
NZDCAD,rate_expectations,1.0,0.625,2026-01-09
NZDCHF,manufacturing_pmi,1.0,0.2777777777777778,2026-01-09
NZDCHF,services_pmi,0.0,0.0,2026-01-09
NZDCHF,gdp_qoq,1.0,0.2777777777777778,2026-01-09
NZDCHF,retail_sales,1.0,0.20833333333333331,2026-01-09
NZDCHF,cpi_yoy,2.0,0.8333333333333333,2026-01-09
NZDCHF,core_cpi,,0.0,2026-01-09
NZDCHF,core_pce,,0.0,2026-01-09
NZDCHF,ppi_yoy,2.0,0.8333333333333333,2026-01-09
NZDCHF,employment_change,0.0,0.0,2026-01-09
NZDCHF,unemployment_rate,0.0,0.0,2026-01-09
NZDCHF,wage_growth,0.0,0.0,2026-01-09
NZDCHF,adp,,0.0,2026-01-09
NZDCHF,jolts,,0.0,2026-01-09
NZDCHF,jobless_claims,,0.0,2026-01-09
NZDCHF,rate_expectations,,0.0,2026-01-09
CADCHF,manufacturing_pmi,1.0,0.2777777777777778,2026-01-09
CADCHF,services_pmi,,0.0,2026-01-09
CADCHF,gdp_qoq,1.0,0.2777777777777778,2026-01-09
CADCHF,retail_sales,0.0,0.0,2026-01-09
CADCHF,cpi_yoy,1.0,0.41666666666666663,2026-01-09
CADCHF,core_cpi,0.0,0.0,2026-01-09
CADCHF,core_pce,,0.0,2026-01-09
CADCHF,ppi_yoy,3.0,1.0416666666666665,2026-01-09
CADCHF,employment_change,0.0,0.0,2026-01-09
CADCHF,unemployment_rate,1.0,0.0,2026-01-09
CADCHF,wage_growth,,0.0,2026-01-09
CADCHF,adp,,0.0,2026-01-09
CADCHF,jolts,,0.0,2026-01-09
CADCHF,jobless_claims,,0.0,2026-01-09
CADCHF,rate_expectations,-1.0,-0.625,2026-01-09
EURUSD,manufacturing_pmi,0.0,0.0,2026-01-16
EURUSD,services_pmi,-1.0,-0.20833333333333331,2026-01-16
EURUSD,gdp_qoq,1.0,0.3125,2026-01-16
EURUSD,retail_sales,0.0,0.0,2026-01-16
EURUSD,cpi_yoy,0.0,0.0,2026-01-16
EURUSD,core_cpi,0.0,0.0,2026-01-16
EURUSD,core_pce,0.0,0.0,2026-01-16
EURUSD,ppi_yoy,0.0,0.0,2026-01-16
EURUSD,employment_change,0.0,0.0,2026-01-16
EURUSD,unemployment_rate,0.0,0.20833333333333334,2026-01-16
EURUSD,wage_growth,0.0,0.0,2026-01-16
EURUSD,adp,0.0,0.0,2026-01-16
EURUSD,jolts,1.0,0.10416666666666666,2026-01-16
EURUSD,jobless_claims,-1.0,-0.10416666666666666,2026-01-16
EURUSD,rate_expectations,-1.0,-0.625,2026-01-16
GBPUSD,manufacturing_pmi,-1.0,-0.15625,2026-01-16
GBPUSD,services_pmi,-2.0,-0.3645833333333333,2026-01-16
GBPUSD,gdp_qoq,2.0,0.3125,2026-01-16
GBPUSD,retail_sales,0.0,0.0,2026-01-16
GBPUSD,cpi_yoy,-2.0,-0.41666666666666663,2026-01-16
GBPUSD,core_cpi,0.0,0.0,2026-01-16
GBPUSD,core_pce,0.0,0.0,2026-01-16
GBPUSD,ppi_yoy,0.0,0.0,2026-01-16
GBPUSD,employment_change,0.0,0.0,2026-01-16
GBPUSD,unemployment_rate,-1.0,-0.10416666666666666,2026-01-16
GBPUSD,wage_growth,2.0,0.41666666666666663,2026-01-16
GBPUSD,adp,0.0,0.0,2026-01-16
GBPUSD,jolts,1.0,0.10416666666666666,2026-01-16
GBPUSD,jobless_claims,-1.0,-0.10416666666666666,2026-01-16
GBPUSD,rate_expectations,-1.0,-0.625,2026-01-16
USDJPY,manufacturing_pmi,0.0,0.0,2026-01-16
USDJPY,services_pmi,1.0,0.20833333333333331,2026-01-16
USDJPY,gdp_qoq,0.0,0.0,2026-01-16
USDJPY,retail_sales,0.0,0.0,2026-01-16
USDJPY,cpi_yoy,0.0,0.0,2026-01-16
USDJPY,core_cpi,-1.0,-0.20833333333333331,2026-01-16
USDJPY,core_pce,0.0,0.0,2026-01-16
USDJPY,ppi_yoy,0.0,0.0,2026-01-16
USDJPY,employment_change,0.0,0.0,2026-01-16
USDJPY,unemployment_rate,1.0,0.10416666666666666,2026-01-16
USDJPY,wage_growth,2.0,0.625,2026-01-16
USDJPY,adp,0.0,0.0,2026-01-16
USDJPY,jolts,-1.0,-0.10416666666666666,2026-01-16
USDJPY,jobless_claims,1.0,0.10416666666666666,2026-01-16
USDJPY,rate_expectations,-1.0,-0.625,2026-01-16
USDCHF,manufacturing_pmi,1.0,0.2777777777777778,2026-01-16
USDCHF,services_pmi,1.0,0.20833333333333331,2026-01-16
USDCHF,gdp_qoq,1.0,0.2777777777777778,2026-01-16
USDCHF,retail_sales,0.0,0.0,2026-01-16
USDCHF,cpi_yoy,1.0,0.41666666666666663,2026-01-16
USDCHF,core_cpi,-1.0,-0.20833333333333331,2026-01-16
USDCHF,core_pce,0.0,0.0,2026-01-16
USDCHF,ppi_yoy,2.0,0.8333333333333333,2026-01-16
USDCHF,employment_change,0.0,0.0,2026-01-16
USDCHF,unemployment_rate,1.0,0.10416666666666666,2026-01-16
USDCHF,wage_growth,0.0,0.0,2026-01-16
USDCHF,adp,0.0,0.0,2026-01-16
USDCHF,jolts,-1.0,-0.10416666666666666,2026-01-16
USDCHF,jobless_claims,1.0,0.10416666666666666,2026-01-16
USDCHF,rate_expectations,1.0,0.625,2026-01-16
USDCAD,manufacturing_pmi,0.0,0.0,2026-01-16
USDCAD,services_pmi,1.0,0.20833333333333331,2026-01-16
USDCAD,gdp_qoq,0.0,0.0,2026-01-16
USDCAD,retail_sales,0.0,0.0,2026-01-16
USDCAD,cpi_yoy,0.0,0.0,2026-01-16
USDCAD,core_cpi,-1.0,-0.20833333333333331,2026-01-16
USDCAD,core_pce,0.0,0.0,2026-01-16
USDCAD,ppi_yoy,-1.0,-0.20833333333333331,2026-01-16
USDCAD,employment_change,0.0,0.0,2026-01-16
USDCAD,unemployment_rate,2.0,0.41666666666666663,2026-01-16
USDCAD,wage_growth,0.0,0.0,2026-01-16
USDCAD,adp,0.0,0.0,2026-01-16
USDCAD,jolts,-1.0,-0.10416666666666666,2026-01-16
USDCAD,jobless_claims,1.0,0.10416666666666666,2026-01-16
USDCAD,rate_expectations,1.0,0.625,2026-01-16
AUDUSD,manufacturing_pmi,0.0,0.0,2026-01-16
AUDUSD,services_pmi,-1.0,-0.20833333333333331,2026-01-16
AUDUSD,gdp_qoq,-2.0,-1.25,2026-01-16
AUDUSD,retail_sales,2.0,0.0,2026-01-16
AUDUSD,cpi_yoy,-1.0,-0.20833333333333331,2026-01-16
AUDUSD,core_cpi,2.0,0.41666666666666663,2026-01-16
AUDUSD,core_pce,0.0,0.0,2026-01-16
AUDUSD,ppi_yoy,0.0,0.0,2026-01-16
AUDUSD,employment_change,-1.0,-0.20833333333333331,2026-01-16
AUDUSD,unemployment_rate,0.0,0.10416666666666666,2026-01-16
AUDUSD,wage_growth,0.0,0.0,2026-01-16
AUDUSD,adp,0.0,0.0,2026-01-16
AUDUSD,jolts,1.0,0.10416666666666666,2026-01-16
AUDUSD,jobless_claims,-1.0,-0.10416666666666666,2026-01-16
AUDUSD,rate_expectations,-1.0,-0.625,2026-01-16
NZDUSD,manufacturing_pmi,0.0,0.0,2026-01-16
NZDUSD,services_pmi,-1.0,-0.20833333333333331,2026-01-16
NZDUSD,gdp_qoq,0.0,0.0,2026-01-16
NZDUSD,retail_sales,1.0,0.20833333333333331,2026-01-16
NZDUSD,cpi_yoy,1.0,0.41666666666666663,2026-01-16
NZDUSD,core_cpi,1.0,0.20833333333333331,2026-01-16
NZDUSD,core_pce,0.0,0.0,2026-01-16
NZDUSD,ppi_yoy,0.0,0.0,2026-01-16
NZDUSD,employment_change,0.0,0.0,2026-01-16
NZDUSD,unemployment_rate,-1.0,-0.10416666666666666,2026-01-16
NZDUSD,wage_growth,0.0,0.0,2026-01-16
NZDUSD,adp,0.0,0.0,2026-01-16
NZDUSD,jolts,1.0,0.10416666666666666,2026-01-16
NZDUSD,jobless_claims,-1.0,-0.10416666666666666,2026-01-16
NZDUSD,rate_expectations,-1.0,-0.625,2026-01-16
EURGBP,manufacturing_pmi,1.0,0.15625,2026-01-16
EURGBP,services_pmi,1.0,0.15625,2026-01-16
EURGBP,gdp_qoq,-1.0,0.0,2026-01-16
EURGBP,retail_sales,0.0,0.0,2026-01-16
EURGBP,cpi_yoy,2.0,0.41666666666666663,2026-01-16
EURGBP,core_cpi,0.0,0.0,2026-01-16
EURGBP,core_pce,,0.0,2026-01-16
EURGBP,ppi_yoy,0.0,0.0,2026-01-16
EURGBP,employment_change,0.0,0.0,2026-01-16
EURGBP,unemployment_rate,1.0,0.3125,2026-01-16
EURGBP,wage_growth,-2.0,-0.41666666666666663,2026-01-16
EURGBP,adp,,0.0,2026-01-16
EURGBP,jolts,,0.0,2026-01-16
EURGBP,jobless_claims,,0.0,2026-01-16
EURGBP,rate_expectations,0.0,0.0,2026-01-16
EURJPY,manufacturing_pmi,,0.0,2026-01-16
EURJPY,services_pmi,,0.0,2026-01-16
EURJPY,gdp_qoq,1.0,0.3125,2026-01-16
EURJPY,retail_sales,0.0,0.0,2026-01-16
EURJPY,cpi_yoy,0.0,0.0,2026-01-16
EURJPY,core_cpi,-1.0,-0.20833333333333331,2026-01-16
EURJPY,core_pce,,0.0,2026-01-16
EURJPY,ppi_yoy,0.0,0.0,2026-01-16
EURJPY,employment_change,0.0,0.0,2026-01-16
EURJPY,unemployment_rate,1.0,0.3125,2026-01-16
EURJPY,wage_growth,2.0,0.625,2026-01-16
EURJPY,adp,,0.0,2026-01-16
EURJPY,jolts,,0.0,2026-01-16
EURJPY,jobless_claims,,0.0,2026-01-16
EURJPY,rate_expectations,-2.0,-1.25,2026-01-16
EURCHF,manufacturing_pmi,1.0,0.2777777777777778,2026-01-16
EURCHF,services_pmi,,0.0,2026-01-16
EURCHF,gdp_qoq,2.0,0.5902777777777778,2026-01-16
EURCHF,retail_sales,0.0,0.0,2026-01-16
EURCHF,cpi_yoy,1.0,0.41666666666666663,2026-01-16
EURCHF,core_cpi,-1.0,-0.20833333333333331,2026-01-16
EURCHF,core_pce,,0.0,2026-01-16
EURCHF,ppi_yoy,2.0,0.8333333333333333,2026-01-16
EURCHF,employment_change,0.0,0.0,2026-01-16
EURCHF,unemployment_rate,1.0,0.3125,2026-01-16
EURCHF,wage_growth,,0.0,2026-01-16
EURCHF,adp,,0.0,2026-01-16
EURCHF,jolts,,0.0,2026-01-16
EURCHF,jobless_claims,,0.0,2026-01-16
EURCHF,rate_expectations,0.0,0.0,2026-01-16
EURAUD,manufacturing_pmi,,0.0,2026-01-16
EURAUD,services_pmi,,0.0,2026-01-16
EURAUD,gdp_qoq,3.0,1.5625,2026-01-16
EURAUD,retail_sales,-2.0,0.0,2026-01-16
EURAUD,cpi_yoy,1.0,0.20833333333333331,2026-01-16
EURAUD,core_cpi,-2.0,-0.41666666666666663,2026-01-16
EURAUD,core_pce,,0.0,2026-01-16
EURAUD,ppi_yoy,0.0,0.0,2026-01-16
EURAUD,employment_change,1.0,0.20833333333333331,2026-01-16
EURAUD,unemployment_rate,0.0,0.10416666666666669,2026-01-16
EURAUD,wage_growth,0.0,0.0,2026-01-16
EURAUD,adp,,0.0,2026-01-16
EURAUD,jolts,,0.0,2026-01-16
EURAUD,jobless_claims,,0.0,2026-01-16
EURAUD,rate_expectations,0.0,0.0,2026-01-16
EURNZD,manufacturing_pmi,0.0,0.0,2026-01-16
EURNZD,services_pmi,0.0,0.0,2026-01-16
EURNZD,gdp_qoq,1.0,0.3125,2026-01-16
EURNZD,retail_sales,-1.0,-0.20833333333333331,2026-01-16
EURNZD,cpi_yoy,-1.0,-0.41666666666666663,2026-01-16
EURNZD,core_cpi,-1.0,-0.20833333333333331,2026-01-16
EURNZD,core_pce,,0.0,2026-01-16
EURNZD,ppi_yoy,0.0,0.0,2026-01-16
EURNZD,employment_change,0.0,0.0,2026-01-16
EURNZD,unemployment_rate,1.0,0.3125,2026-01-16
EURNZD,wage_growth,0.0,0.0,2026-01-16
EURNZD,adp,,0.0,2026-01-16
EURNZD,jolts,,0.0,2026-01-16
EURNZD,jobless_claims,,0.0,2026-01-16
EURNZD,rate_expectations,0.0,0.0,2026-01-16
EURCAD,manufacturing_pmi,0.0,0.0,2026-01-16
EURCAD,services_pmi,,0.0,2026-01-16
EURCAD,gdp_qoq,1.0,0.3125,2026-01-16
EURCAD,retail_sales,0.0,0.0,2026-01-16
EURCAD,cpi_yoy,0.0,0.0,2026-01-16
EURCAD,core_cpi,-1.0,-0.20833333333333331,2026-01-16
EURCAD,core_pce,,0.0,2026-01-16
EURCAD,ppi_yoy,-1.0,-0.20833333333333331,2026-01-16
EURCAD,employment_change,0.0,0.0,2026-01-16
EURCAD,unemployment_rate,2.0,0.625,2026-01-16
EURCAD,wage_growth,,0.0,2026-01-16
EURCAD,adp,,0.0,2026-01-16
EURCAD,jolts,,0.0,2026-01-16
EURCAD,jobless_claims,,0.0,2026-01-16
EURCAD,rate_expectations,0.0,0.0,2026-01-16
GBPJPY,manufacturing_pmi,-1.0,-0.15625,2026-01-16
GBPJPY,services_pmi,-1.0,-0.15625,2026-01-16
GBPJPY,gdp_qoq,2.0,0.3125,2026-01-16
GBPJPY,retail_sales,0.0,0.0,2026-01-16
GBPJPY,cpi_yoy,-2.0,-0.41666666666666663,2026-01-16
GBPJPY,core_cpi,-1.0,-0.20833333333333331,2026-01-16
GBPJPY,core_pce,,0.0,2026-01-16
GBPJPY,ppi_yoy,0.0,0.0,2026-01-16
GBPJPY,employment_change,0.0,0.0,2026-01-16
GBPJPY,unemployment_rate,0.0,0.0,2026-01-16
GBPJPY,wage_growth,4.0,1.0416666666666665,2026-01-16
GBPJPY,adp,,0.0,2026-01-16
GBPJPY,jolts,,0.0,2026-01-16
GBPJPY,jobless_claims,,0.0,2026-01-16
GBPJPY,rate_expectations,-2.0,-1.25,2026-01-16
GBPCHF,manufacturing_pmi,0.0,0.12152777777777779,2026-01-16
GBPCHF,services_pmi,-1.0,-0.15625,2026-01-16
GBPCHF,gdp_qoq,3.0,0.5902777777777778,2026-01-16
GBPCHF,retail_sales,0.0,0.0,2026-01-16
GBPCHF,cpi_yoy,-1.0,0.0,2026-01-16
GBPCHF,core_cpi,-1.0,-0.20833333333333331,2026-01-16
GBPCHF,core_pce,,0.0,2026-01-16
GBPCHF,ppi_yoy,2.0,0.8333333333333333,2026-01-16
GBPCHF,employment_change,0.0,0.0,2026-01-16
GBPCHF,unemployment_rate,0.0,0.0,2026-01-16
GBPCHF,wage_growth,2.0,0.41666666666666663,2026-01-16
GBPCHF,adp,,0.0,2026-01-16
GBPCHF,jolts,,0.0,2026-01-16
GBPCHF,jobless_claims,,0.0,2026-01-16
GBPCHF,rate_expectations,0.0,0.0,2026-01-16
GBPAUD,manufacturing_pmi,-1.0,-0.15625,2026-01-16
GBPAUD,services_pmi,-1.0,-0.15625,2026-01-16
GBPAUD,gdp_qoq,4.0,1.5625,2026-01-16
GBPAUD,retail_sales,-2.0,0.0,2026-01-16
GBPAUD,cpi_yoy,-1.0,-0.20833333333333331,2026-01-16
GBPAUD,core_cpi,-2.0,-0.41666666666666663,2026-01-16
GBPAUD,core_pce,,0.0,2026-01-16
GBPAUD,ppi_yoy,0.0,0.0,2026-01-16
GBPAUD,employment_change,1.0,0.20833333333333331,2026-01-16
GBPAUD,unemployment_rate,-1.0,-0.20833333333333331,2026-01-16
GBPAUD,wage_growth,2.0,0.41666666666666663,2026-01-16
GBPAUD,adp,,0.0,2026-01-16
GBPAUD,jolts,,0.0,2026-01-16
GBPAUD,jobless_claims,,0.0,2026-01-16
GBPAUD,rate_expectations,0.0,0.0,2026-01-16
GBPNZD,manufacturing_pmi,-1.0,-0.15625,2026-01-16
GBPNZD,services_pmi,-1.0,-0.15625,2026-01-16
GBPNZD,gdp_qoq,2.0,0.3125,2026-01-16
GBPNZD,retail_sales,-1.0,-0.20833333333333331,2026-01-16
GBPNZD,cpi_yoy,-3.0,-0.8333333333333333,2026-01-16
GBPNZD,core_cpi,-1.0,-0.20833333333333331,2026-01-16
GBPNZD,core_pce,,0.0,2026-01-16
GBPNZD,ppi_yoy,0.0,0.0,2026-01-16
GBPNZD,employment_change,0.0,0.0,2026-01-16
GBPNZD,unemployment_rate,0.0,0.0,2026-01-16
GBPNZD,wage_growth,2.0,0.41666666666666663,2026-01-16
GBPNZD,adp,,0.0,2026-01-16
GBPNZD,jolts,,0.0,2026-01-16
GBPNZD,jobless_claims,,0.0,2026-01-16
GBPNZD,rate_expectations,0.0,0.0,2026-01-16
GBPCAD,manufacturing_pmi,-1.0,-0.15625,2026-01-16
GBPCAD,services_pmi,-1.0,-0.15625,2026-01-16
GBPCAD,gdp_qoq,2.0,0.3125,2026-01-16
GBPCAD,retail_sales,0.0,0.0,2026-01-16
GBPCAD,cpi_yoy,-2.0,-0.41666666666666663,2026-01-16
GBPCAD,core_cpi,-1.0,-0.20833333333333331,2026-01-16
GBPCAD,core_pce,,0.0,2026-01-16
GBPCAD,ppi_yoy,-1.0,-0.20833333333333331,2026-01-16
GBPCAD,employment_change,0.0,0.0,2026-01-16
GBPCAD,unemployment_rate,1.0,0.3125,2026-01-16
GBPCAD,wage_growth,2.0,0.41666666666666663,2026-01-16
GBPCAD,adp,,0.0,2026-01-16
GBPCAD,jolts,,0.0,2026-01-16
GBPCAD,jobless_claims,,0.0,2026-01-16
GBPCAD,rate_expectations,0.0,0.0,2026-01-16
AUDJPY,manufacturing_pmi,,0.0,2026-01-16
AUDJPY,services_pmi,,0.0,2026-01-16
AUDJPY,gdp_qoq,-2.0,-1.25,2026-01-16
AUDJPY,retail_sales,2.0,0.0,2026-01-16
AUDJPY,cpi_yoy,-1.0,-0.20833333333333331,2026-01-16
AUDJPY,core_cpi,1.0,0.20833333333333331,2026-01-16
AUDJPY,core_pce,,0.0,2026-01-16
AUDJPY,ppi_yoy,0.0,0.0,2026-01-16
AUDJPY,employment_change,-1.0,-0.20833333333333331,2026-01-16
AUDJPY,unemployment_rate,1.0,0.20833333333333331,2026-01-16
AUDJPY,wage_growth,2.0,0.625,2026-01-16
AUDJPY,adp,,0.0,2026-01-16
AUDJPY,jolts,,0.0,2026-01-16
AUDJPY,jobless_claims,,0.0,2026-01-16
AUDJPY,rate_expectations,-2.0,-1.25,2026-01-16
NZDJPY,manufacturing_pmi,0.0,0.0,2026-01-16
NZDJPY,services_pmi,0.0,0.0,2026-01-16
NZDJPY,gdp_qoq,0.0,0.0,2026-01-16
NZDJPY,retail_sales,1.0,0.20833333333333331,2026-01-16
NZDJPY,cpi_yoy,1.0,0.41666666666666663,2026-01-16
NZDJPY,core_cpi,0.0,0.0,2026-01-16
NZDJPY,core_pce,,0.0,2026-01-16
NZDJPY,ppi_yoy,0.0,0.0,2026-01-16
NZDJPY,employment_change,0.0,0.0,2026-01-16
NZDJPY,unemployment_rate,0.0,0.0,2026-01-16
NZDJPY,wage_growth,2.0,0.625,2026-01-16
NZDJPY,adp,,0.0,2026-01-16
NZDJPY,jolts,,0.0,2026-01-16
NZDJPY,jobless_claims,,0.0,2026-01-16
NZDJPY,rate_expectations,-2.0,-1.25,2026-01-16
CADJPY,manufacturing_pmi,0.0,0.0,2026-01-16
CADJPY,services_pmi,,0.0,2026-01-16
CADJPY,gdp_qoq,0.0,0.0,2026-01-16
CADJPY,retail_sales,0.0,0.0,2026-01-16
CADJPY,cpi_yoy,0.0,0.0,2026-01-16
CADJPY,core_cpi,0.0,0.0,2026-01-16
CADJPY,core_pce,,0.0,2026-01-16
CADJPY,ppi_yoy,1.0,0.20833333333333331,2026-01-16
CADJPY,employment_change,0.0,0.0,2026-01-16
CADJPY,unemployment_rate,-1.0,-0.3125,2026-01-16
CADJPY,wage_growth,2.0,0.625,2026-01-16
CADJPY,adp,,0.0,2026-01-16
CADJPY,jolts,,0.0,2026-01-16
CADJPY,jobless_claims,,0.0,2026-01-16
CADJPY,rate_expectations,-2.0,-1.25,2026-01-16
CHFJPY,manufacturing_pmi,-1.0,-0.2777777777777778,2026-01-16
CHFJPY,services_pmi,,0.0,2026-01-16
CHFJPY,gdp_qoq,-1.0,-0.2777777777777778,2026-01-16
CHFJPY,retail_sales,0.0,0.0,2026-01-16
CHFJPY,cpi_yoy,-1.0,-0.41666666666666663,2026-01-16
CHFJPY,core_cpi,0.0,0.0,2026-01-16
CHFJPY,core_pce,,0.0,2026-01-16
CHFJPY,ppi_yoy,-2.0,-0.8333333333333333,2026-01-16
CHFJPY,employment_change,,0.0,2026-01-16
CHFJPY,unemployment_rate,0.0,0.0,2026-01-16
CHFJPY,wage_growth,2.0,0.625,2026-01-16
CHFJPY,adp,,0.0,2026-01-16
CHFJPY,jolts,,0.0,2026-01-16
CHFJPY,jobless_claims,,0.0,2026-01-16
CHFJPY,rate_expectations,-2.0,-1.25,2026-01-16
AUDNZD,manufacturing_pmi,0.0,0.0,2026-01-16
AUDNZD,services_pmi,0.0,0.0,2026-01-16
AUDNZD,gdp_qoq,-2.0,-1.25,2026-01-16
AUDNZD,retail_sales,1.0,-0.20833333333333331,2026-01-16
AUDNZD,cpi_yoy,-2.0,-0.625,2026-01-16
AUDNZD,core_cpi,1.0,0.20833333333333331,2026-01-16
AUDNZD,core_pce,,0.0,2026-01-16
AUDNZD,ppi_yoy,0.0,0.0,2026-01-16
AUDNZD,employment_change,-1.0,-0.20833333333333331,2026-01-16
AUDNZD,unemployment_rate,1.0,0.20833333333333331,2026-01-16
AUDNZD,wage_growth,0.0,0.0,2026-01-16
AUDNZD,adp,,0.0,2026-01-16
AUDNZD,jolts,,0.0,2026-01-16
AUDNZD,jobless_claims,,0.0,2026-01-16
AUDNZD,rate_expectations,0.0,0.0,2026-01-16
AUDCAD,manufacturing_pmi,0.0,0.0,2026-01-16
AUDCAD,services_pmi,,0.0,2026-01-16
AUDCAD,gdp_qoq,-2.0,-1.25,2026-01-16
AUDCAD,retail_sales,2.0,0.0,2026-01-16
AUDCAD,cpi_yoy,-1.0,-0.20833333333333331,2026-01-16
AUDCAD,core_cpi,1.0,0.20833333333333331,2026-01-16
AUDCAD,core_pce,,0.0,2026-01-16
AUDCAD,ppi_yoy,-1.0,-0.20833333333333331,2026-01-16
AUDCAD,employment_change,-1.0,-0.20833333333333331,2026-01-16
AUDCAD,unemployment_rate,2.0,0.5208333333333333,2026-01-16
AUDCAD,wage_growth,0.0,0.0,2026-01-16
AUDCAD,adp,,0.0,2026-01-16
AUDCAD,jolts,,0.0,2026-01-16
AUDCAD,jobless_claims,,0.0,2026-01-16
AUDCAD,rate_expectations,0.0,0.0,2026-01-16
AUDCHF,manufacturing_pmi,1.0,0.2777777777777778,2026-01-16
AUDCHF,services_pmi,,0.0,2026-01-16
AUDCHF,gdp_qoq,-1.0,-0.9722222222222222,2026-01-16
AUDCHF,retail_sales,2.0,0.0,2026-01-16
AUDCHF,cpi_yoy,0.0,0.20833333333333331,2026-01-16
AUDCHF,core_cpi,1.0,0.20833333333333331,2026-01-16
AUDCHF,core_pce,,0.0,2026-01-16
AUDCHF,ppi_yoy,2.0,0.8333333333333333,2026-01-16
AUDCHF,employment_change,-1.0,-0.20833333333333331,2026-01-16
AUDCHF,unemployment_rate,1.0,0.20833333333333331,2026-01-16
AUDCHF,wage_growth,0.0,0.0,2026-01-16
AUDCHF,adp,,0.0,2026-01-16
AUDCHF,jolts,,0.0,2026-01-16
AUDCHF,jobless_claims,,0.0,2026-01-16
AUDCHF,rate_expectations,0.0,0.0,2026-01-16
NZDCAD,manufacturing_pmi,0.0,0.0,2026-01-16
NZDCAD,services_pmi,0.0,0.0,2026-01-16
NZDCAD,gdp_qoq,0.0,0.0,2026-01-16
NZDCAD,retail_sales,1.0,0.20833333333333331,2026-01-16
NZDCAD,cpi_yoy,1.0,0.41666666666666663,2026-01-16
NZDCAD,core_cpi,0.0,0.0,2026-01-16
NZDCAD,core_pce,,0.0,2026-01-16
NZDCAD,ppi_yoy,-1.0,-0.20833333333333331,2026-01-16
NZDCAD,employment_change,0.0,0.0,2026-01-16
NZDCAD,unemployment_rate,1.0,0.3125,2026-01-16
NZDCAD,wage_growth,0.0,0.0,2026-01-16
NZDCAD,adp,,0.0,2026-01-16
NZDCAD,jolts,,0.0,2026-01-16
NZDCAD,jobless_claims,,0.0,2026-01-16
NZDCAD,rate_expectations,0.0,0.0,2026-01-16
NZDCHF,manufacturing_pmi,1.0,0.2777777777777778,2026-01-16
NZDCHF,services_pmi,0.0,0.0,2026-01-16
NZDCHF,gdp_qoq,1.0,0.2777777777777778,2026-01-16
NZDCHF,retail_sales,1.0,0.20833333333333331,2026-01-16
NZDCHF,cpi_yoy,2.0,0.8333333333333333,2026-01-16
NZDCHF,core_cpi,,0.0,2026-01-16
NZDCHF,core_pce,,0.0,2026-01-16
NZDCHF,ppi_yoy,2.0,0.8333333333333333,2026-01-16
NZDCHF,employment_change,0.0,0.0,2026-01-16
NZDCHF,unemployment_rate,0.0,0.0,2026-01-16
NZDCHF,wage_growth,0.0,0.0,2026-01-16
NZDCHF,adp,,0.0,2026-01-16
NZDCHF,jolts,,0.0,2026-01-16
NZDCHF,jobless_claims,,0.0,2026-01-16
NZDCHF,rate_expectations,,0.0,2026-01-16
CADCHF,manufacturing_pmi,1.0,0.2777777777777778,2026-01-16
CADCHF,services_pmi,,0.0,2026-01-16
CADCHF,gdp_qoq,1.0,0.2777777777777778,2026-01-16
CADCHF,retail_sales,0.0,0.0,2026-01-16
CADCHF,cpi_yoy,1.0,0.41666666666666663,2026-01-16
CADCHF,core_cpi,0.0,0.0,2026-01-16
CADCHF,core_pce,,0.0,2026-01-16
CADCHF,ppi_yoy,3.0,1.0416666666666665,2026-01-16
CADCHF,employment_change,0.0,0.0,2026-01-16
CADCHF,unemployment_rate,-1.0,-0.3125,2026-01-16
CADCHF,wage_growth,,0.0,2026-01-16
CADCHF,adp,,0.0,2026-01-16
CADCHF,jolts,,0.0,2026-01-16
CADCHF,jobless_claims,,0.0,2026-01-16
CADCHF,rate_expectations,0.0,0.0,2026-01-16
EURUSD,manufacturing_pmi,0.0,0.0,2026-01-23
EURUSD,services_pmi,-1.0,-0.20833333333333331,2026-01-23
EURUSD,gdp_qoq,1.0,0.3125,2026-01-23
EURUSD,retail_sales,0.0,0.0,2026-01-23
EURUSD,cpi_yoy,0.0,0.0,2026-01-23
EURUSD,core_cpi,0.0,-0.052083333333333315,2026-01-23
EURUSD,core_pce,0.0,0.0,2026-01-23
EURUSD,ppi_yoy,0.0,0.0,2026-01-23
EURUSD,employment_change,0.0,0.0,2026-01-23
EURUSD,unemployment_rate,0.0,0.20833333333333334,2026-01-23
EURUSD,wage_growth,0.0,0.0,2026-01-23
EURUSD,adp,0.0,0.0,2026-01-23
EURUSD,jolts,1.0,0.10416666666666666,2026-01-23
EURUSD,jobless_claims,-1.0,-0.10416666666666666,2026-01-23
EURUSD,rate_expectations,-2.0,-1.25,2026-01-23
GBPUSD,manufacturing_pmi,-1.0,-0.15625,2026-01-23
GBPUSD,services_pmi,-2.0,-0.3645833333333333,2026-01-23
GBPUSD,gdp_qoq,2.0,0.3125,2026-01-23
GBPUSD,retail_sales,0.0,0.0,2026-01-23
GBPUSD,cpi_yoy,0.0,0.0,2026-01-23
GBPUSD,core_cpi,1.0,0.15625,2026-01-23
GBPUSD,core_pce,0.0,0.0,2026-01-23
GBPUSD,ppi_yoy,0.0,0.0,2026-01-23
GBPUSD,employment_change,0.0,0.0,2026-01-23
GBPUSD,unemployment_rate,-1.0,-0.10416666666666666,2026-01-23
GBPUSD,wage_growth,0.0,0.0,2026-01-23
GBPUSD,adp,0.0,0.0,2026-01-23
GBPUSD,jolts,1.0,0.10416666666666666,2026-01-23
GBPUSD,jobless_claims,-1.0,-0.10416666666666666,2026-01-23
GBPUSD,rate_expectations,-2.0,-1.25,2026-01-23
USDJPY,manufacturing_pmi,0.0,0.0,2026-01-23
USDJPY,services_pmi,1.0,0.20833333333333331,2026-01-23
USDJPY,gdp_qoq,0.0,0.0,2026-01-23
USDJPY,retail_sales,0.0,0.0,2026-01-23
USDJPY,cpi_yoy,0.0,0.0,2026-01-23
USDJPY,core_cpi,-1.0,-0.15625,2026-01-23
USDJPY,core_pce,0.0,0.0,2026-01-23
USDJPY,ppi_yoy,0.0,0.0,2026-01-23
USDJPY,employment_change,0.0,0.0,2026-01-23
USDJPY,unemployment_rate,1.0,0.10416666666666666,2026-01-23
USDJPY,wage_growth,2.0,0.625,2026-01-23
USDJPY,adp,0.0,0.0,2026-01-23
USDJPY,jolts,-1.0,-0.10416666666666666,2026-01-23
USDJPY,jobless_claims,1.0,0.10416666666666666,2026-01-23
USDJPY,rate_expectations,0.0,0.0,2026-01-23
USDCHF,manufacturing_pmi,1.0,0.2777777777777778,2026-01-23
USDCHF,services_pmi,1.0,0.20833333333333331,2026-01-23
USDCHF,gdp_qoq,1.0,0.2777777777777778,2026-01-23
USDCHF,retail_sales,0.0,0.0,2026-01-23
USDCHF,cpi_yoy,1.0,0.0,2026-01-23
USDCHF,core_cpi,-1.0,-0.15625,2026-01-23
USDCHF,core_pce,0.0,0.0,2026-01-23
USDCHF,ppi_yoy,0.0,0.0,2026-01-23
USDCHF,employment_change,0.0,0.0,2026-01-23
USDCHF,unemployment_rate,1.0,0.10416666666666666,2026-01-23
USDCHF,wage_growth,0.0,0.0,2026-01-23
USDCHF,adp,0.0,0.0,2026-01-23
USDCHF,jolts,-1.0,-0.10416666666666666,2026-01-23
USDCHF,jobless_claims,1.0,0.10416666666666666,2026-01-23
USDCHF,rate_expectations,2.0,1.25,2026-01-23
USDCAD,manufacturing_pmi,0.0,0.0,2026-01-23
USDCAD,services_pmi,1.0,0.20833333333333331,2026-01-23
USDCAD,gdp_qoq,0.0,0.0,2026-01-23
USDCAD,retail_sales,0.0,0.0,2026-01-23
USDCAD,cpi_yoy,-1.0,-0.20833333333333331,2026-01-23
USDCAD,core_cpi,-1.0,-0.15625,2026-01-23
USDCAD,core_pce,0.0,0.0,2026-01-23
USDCAD,ppi_yoy,2.0,0.41666666666666663,2026-01-23
USDCAD,employment_change,0.0,0.0,2026-01-23
USDCAD,unemployment_rate,2.0,0.41666666666666663,2026-01-23
USDCAD,wage_growth,0.0,0.0,2026-01-23
USDCAD,adp,0.0,0.0,2026-01-23
USDCAD,jolts,-1.0,-0.10416666666666666,2026-01-23
USDCAD,jobless_claims,1.0,0.10416666666666666,2026-01-23
USDCAD,rate_expectations,2.0,1.25,2026-01-23
AUDUSD,manufacturing_pmi,0.0,0.0,2026-01-23
AUDUSD,services_pmi,-1.0,-0.20833333333333331,2026-01-23
AUDUSD,gdp_qoq,-2.0,-0.41666666666666663,2026-01-23
AUDUSD,retail_sales,2.0,0.0,2026-01-23
AUDUSD,cpi_yoy,-1.0,-0.20833333333333331,2026-01-23
AUDUSD,core_cpi,2.0,0.3645833333333333,2026-01-23
AUDUSD,core_pce,0.0,0.0,2026-01-23
AUDUSD,ppi_yoy,0.0,0.0,2026-01-23
AUDUSD,employment_change,1.0,0.20833333333333331,2026-01-23
AUDUSD,unemployment_rate,1.0,0.3125,2026-01-23
AUDUSD,wage_growth,0.0,0.0,2026-01-23
AUDUSD,adp,0.0,0.0,2026-01-23
AUDUSD,jolts,1.0,0.10416666666666666,2026-01-23
AUDUSD,jobless_claims,-1.0,-0.10416666666666666,2026-01-23
AUDUSD,rate_expectations,-2.0,-1.25,2026-01-23
NZDUSD,manufacturing_pmi,0.0,0.0,2026-01-23
NZDUSD,services_pmi,-1.0,-0.20833333333333331,2026-01-23
NZDUSD,gdp_qoq,0.0,0.0,2026-01-23
NZDUSD,retail_sales,1.0,0.20833333333333331,2026-01-23
NZDUSD,cpi_yoy,0.0,0.0,2026-01-23
NZDUSD,core_cpi,1.0,0.15625,2026-01-23
NZDUSD,core_pce,0.0,0.0,2026-01-23
NZDUSD,ppi_yoy,0.0,0.0,2026-01-23
NZDUSD,employment_change,0.0,0.0,2026-01-23
NZDUSD,unemployment_rate,-1.0,-0.10416666666666666,2026-01-23
NZDUSD,wage_growth,0.0,0.0,2026-01-23
NZDUSD,adp,0.0,0.0,2026-01-23
NZDUSD,jolts,1.0,0.10416666666666666,2026-01-23
NZDUSD,jobless_claims,-1.0,-0.10416666666666666,2026-01-23
NZDUSD,rate_expectations,-2.0,-1.25,2026-01-23
EURGBP,manufacturing_pmi,1.0,0.15625,2026-01-23
EURGBP,services_pmi,1.0,0.15625,2026-01-23
EURGBP,gdp_qoq,-1.0,0.0,2026-01-23
EURGBP,retail_sales,0.0,0.0,2026-01-23
EURGBP,cpi_yoy,0.0,0.0,2026-01-23
EURGBP,core_cpi,-1.0,-0.20833333333333331,2026-01-23
EURGBP,core_pce,,0.0,2026-01-23
EURGBP,ppi_yoy,0.0,0.0,2026-01-23
EURGBP,employment_change,0.0,0.0,2026-01-23
EURGBP,unemployment_rate,1.0,0.3125,2026-01-23
EURGBP,wage_growth,0.0,0.0,2026-01-23
EURGBP,adp,,0.0,2026-01-23
EURGBP,jolts,,0.0,2026-01-23
EURGBP,jobless_claims,,0.0,2026-01-23
EURGBP,rate_expectations,0.0,0.0,2026-01-23
EURJPY,manufacturing_pmi,,0.0,2026-01-23
EURJPY,services_pmi,,0.0,2026-01-23
EURJPY,gdp_qoq,1.0,0.3125,2026-01-23
EURJPY,retail_sales,0.0,0.0,2026-01-23
EURJPY,cpi_yoy,0.0,0.0,2026-01-23
EURJPY,core_cpi,-1.0,-0.20833333333333331,2026-01-23
EURJPY,core_pce,,0.0,2026-01-23
EURJPY,ppi_yoy,0.0,0.0,2026-01-23
EURJPY,employment_change,0.0,0.0,2026-01-23
EURJPY,unemployment_rate,1.0,0.3125,2026-01-23
EURJPY,wage_growth,2.0,0.625,2026-01-23
EURJPY,adp,,0.0,2026-01-23
EURJPY,jolts,,0.0,2026-01-23
EURJPY,jobless_claims,,0.0,2026-01-23
EURJPY,rate_expectations,-2.0,-1.25,2026-01-23
EURCHF,manufacturing_pmi,1.0,0.2777777777777778,2026-01-23
EURCHF,services_pmi,,0.0,2026-01-23
EURCHF,gdp_qoq,2.0,0.5902777777777778,2026-01-23
EURCHF,retail_sales,0.0,0.0,2026-01-23
EURCHF,cpi_yoy,1.0,0.0,2026-01-23
EURCHF,core_cpi,-1.0,-0.20833333333333331,2026-01-23
EURCHF,core_pce,,0.0,2026-01-23
EURCHF,ppi_yoy,0.0,0.0,2026-01-23
EURCHF,employment_change,0.0,0.0,2026-01-23
EURCHF,unemployment_rate,1.0,0.3125,2026-01-23
EURCHF,wage_growth,,0.0,2026-01-23
EURCHF,adp,,0.0,2026-01-23
EURCHF,jolts,,0.0,2026-01-23
EURCHF,jobless_claims,,0.0,2026-01-23
EURCHF,rate_expectations,0.0,0.0,2026-01-23
EURAUD,manufacturing_pmi,0.0,0.0,2026-01-23
EURAUD,services_pmi,0.0,0.0,2026-01-23
EURAUD,gdp_qoq,3.0,0.7291666666666666,2026-01-23
EURAUD,retail_sales,-2.0,0.0,2026-01-23
EURAUD,cpi_yoy,1.0,0.20833333333333331,2026-01-23
EURAUD,core_cpi,-2.0,-0.41666666666666663,2026-01-23
EURAUD,core_pce,,0.0,2026-01-23
EURAUD,ppi_yoy,0.0,0.0,2026-01-23
EURAUD,employment_change,-1.0,-0.20833333333333331,2026-01-23
EURAUD,unemployment_rate,-1.0,-0.10416666666666663,2026-01-23
EURAUD,wage_growth,0.0,0.0,2026-01-23
EURAUD,adp,,0.0,2026-01-23
EURAUD,jolts,,0.0,2026-01-23
EURAUD,jobless_claims,,0.0,2026-01-23
EURAUD,rate_expectations,0.0,0.0,2026-01-23
EURNZD,manufacturing_pmi,0.0,0.0,2026-01-23
EURNZD,services_pmi,0.0,0.0,2026-01-23
EURNZD,gdp_qoq,1.0,0.3125,2026-01-23
EURNZD,retail_sales,-1.0,-0.20833333333333331,2026-01-23
EURNZD,cpi_yoy,0.0,0.0,2026-01-23
EURNZD,core_cpi,-1.0,-0.20833333333333331,2026-01-23
EURNZD,core_pce,,0.0,2026-01-23
EURNZD,ppi_yoy,0.0,0.0,2026-01-23
EURNZD,employment_change,0.0,0.0,2026-01-23
EURNZD,unemployment_rate,1.0,0.3125,2026-01-23
EURNZD,wage_growth,0.0,0.0,2026-01-23
EURNZD,adp,,0.0,2026-01-23
EURNZD,jolts,,0.0,2026-01-23
EURNZD,jobless_claims,,0.0,2026-01-23
EURNZD,rate_expectations,0.0,0.0,2026-01-23
EURCAD,manufacturing_pmi,0.0,0.0,2026-01-23
EURCAD,services_pmi,,0.0,2026-01-23
EURCAD,gdp_qoq,1.0,0.3125,2026-01-23
EURCAD,retail_sales,0.0,0.0,2026-01-23
EURCAD,cpi_yoy,-1.0,-0.20833333333333331,2026-01-23
EURCAD,core_cpi,-1.0,-0.20833333333333331,2026-01-23
EURCAD,core_pce,,0.0,2026-01-23
EURCAD,ppi_yoy,2.0,0.41666666666666663,2026-01-23
EURCAD,employment_change,0.0,0.0,2026-01-23
EURCAD,unemployment_rate,2.0,0.625,2026-01-23
EURCAD,wage_growth,,0.0,2026-01-23
EURCAD,adp,,0.0,2026-01-23
EURCAD,jolts,,0.0,2026-01-23
EURCAD,jobless_claims,,0.0,2026-01-23
EURCAD,rate_expectations,0.0,0.0,2026-01-23
GBPJPY,manufacturing_pmi,-1.0,-0.15625,2026-01-23
GBPJPY,services_pmi,-1.0,-0.15625,2026-01-23
GBPJPY,gdp_qoq,2.0,0.3125,2026-01-23
GBPJPY,retail_sales,0.0,0.0,2026-01-23
GBPJPY,cpi_yoy,0.0,0.0,2026-01-23
GBPJPY,core_cpi,0.0,0.0,2026-01-23
GBPJPY,core_pce,,0.0,2026-01-23
GBPJPY,ppi_yoy,0.0,0.0,2026-01-23
GBPJPY,employment_change,0.0,0.0,2026-01-23
GBPJPY,unemployment_rate,0.0,0.0,2026-01-23
GBPJPY,wage_growth,2.0,0.625,2026-01-23
GBPJPY,adp,,0.0,2026-01-23
GBPJPY,jolts,,0.0,2026-01-23
GBPJPY,jobless_claims,,0.0,2026-01-23
GBPJPY,rate_expectations,-2.0,-1.25,2026-01-23
GBPCHF,manufacturing_pmi,0.0,0.12152777777777779,2026-01-23
GBPCHF,services_pmi,-1.0,-0.15625,2026-01-23
GBPCHF,gdp_qoq,3.0,0.5902777777777778,2026-01-23
GBPCHF,retail_sales,0.0,0.0,2026-01-23
GBPCHF,cpi_yoy,1.0,0.0,2026-01-23
GBPCHF,core_cpi,0.0,0.0,2026-01-23
GBPCHF,core_pce,,0.0,2026-01-23
GBPCHF,ppi_yoy,0.0,0.0,2026-01-23
GBPCHF,employment_change,0.0,0.0,2026-01-23
GBPCHF,unemployment_rate,0.0,0.0,2026-01-23
GBPCHF,wage_growth,0.0,0.0,2026-01-23
GBPCHF,adp,,0.0,2026-01-23
GBPCHF,jolts,,0.0,2026-01-23
GBPCHF,jobless_claims,,0.0,2026-01-23
GBPCHF,rate_expectations,0.0,0.0,2026-01-23
GBPAUD,manufacturing_pmi,-1.0,-0.15625,2026-01-23
GBPAUD,services_pmi,-1.0,-0.15625,2026-01-23
GBPAUD,gdp_qoq,4.0,0.7291666666666666,2026-01-23
GBPAUD,retail_sales,-2.0,0.0,2026-01-23
GBPAUD,cpi_yoy,1.0,0.20833333333333331,2026-01-23
GBPAUD,core_cpi,-1.0,-0.20833333333333331,2026-01-23
GBPAUD,core_pce,,0.0,2026-01-23
GBPAUD,ppi_yoy,0.0,0.0,2026-01-23
GBPAUD,employment_change,-1.0,-0.20833333333333331,2026-01-23
GBPAUD,unemployment_rate,-2.0,-0.41666666666666663,2026-01-23
GBPAUD,wage_growth,0.0,0.0,2026-01-23
GBPAUD,adp,,0.0,2026-01-23
GBPAUD,jolts,,0.0,2026-01-23
GBPAUD,jobless_claims,,0.0,2026-01-23
GBPAUD,rate_expectations,0.0,0.0,2026-01-23
GBPNZD,manufacturing_pmi,-1.0,-0.15625,2026-01-23
GBPNZD,services_pmi,-1.0,-0.15625,2026-01-23
GBPNZD,gdp_qoq,2.0,0.3125,2026-01-23
GBPNZD,retail_sales,-1.0,-0.20833333333333331,2026-01-23
GBPNZD,cpi_yoy,0.0,0.0,2026-01-23
GBPNZD,core_cpi,0.0,0.0,2026-01-23
GBPNZD,core_pce,,0.0,2026-01-23
GBPNZD,ppi_yoy,0.0,0.0,2026-01-23
GBPNZD,employment_change,0.0,0.0,2026-01-23
GBPNZD,unemployment_rate,0.0,0.0,2026-01-23
GBPNZD,wage_growth,0.0,0.0,2026-01-23
GBPNZD,adp,,0.0,2026-01-23
GBPNZD,jolts,,0.0,2026-01-23
GBPNZD,jobless_claims,,0.0,2026-01-23
GBPNZD,rate_expectations,0.0,0.0,2026-01-23
GBPCAD,manufacturing_pmi,-1.0,-0.15625,2026-01-23
GBPCAD,services_pmi,-1.0,-0.15625,2026-01-23
GBPCAD,gdp_qoq,2.0,0.3125,2026-01-23
GBPCAD,retail_sales,0.0,0.0,2026-01-23
GBPCAD,cpi_yoy,-1.0,-0.20833333333333331,2026-01-23
GBPCAD,core_cpi,0.0,0.0,2026-01-23
GBPCAD,core_pce,,0.0,2026-01-23
GBPCAD,ppi_yoy,2.0,0.41666666666666663,2026-01-23
GBPCAD,employment_change,0.0,0.0,2026-01-23
GBPCAD,unemployment_rate,1.0,0.3125,2026-01-23
GBPCAD,wage_growth,0.0,0.0,2026-01-23
GBPCAD,adp,,0.0,2026-01-23
GBPCAD,jolts,,0.0,2026-01-23
GBPCAD,jobless_claims,,0.0,2026-01-23
GBPCAD,rate_expectations,0.0,0.0,2026-01-23
AUDJPY,manufacturing_pmi,0.0,0.0,2026-01-23
AUDJPY,services_pmi,0.0,0.0,2026-01-23
AUDJPY,gdp_qoq,-2.0,-0.41666666666666663,2026-01-23
AUDJPY,retail_sales,2.0,0.0,2026-01-23
AUDJPY,cpi_yoy,-1.0,-0.20833333333333331,2026-01-23
AUDJPY,core_cpi,1.0,0.20833333333333331,2026-01-23
AUDJPY,core_pce,,0.0,2026-01-23
AUDJPY,ppi_yoy,0.0,0.0,2026-01-23
AUDJPY,employment_change,1.0,0.20833333333333331,2026-01-23
AUDJPY,unemployment_rate,2.0,0.41666666666666663,2026-01-23
AUDJPY,wage_growth,2.0,0.625,2026-01-23
AUDJPY,adp,,0.0,2026-01-23
AUDJPY,jolts,,0.0,2026-01-23
AUDJPY,jobless_claims,,0.0,2026-01-23
AUDJPY,rate_expectations,-2.0,-1.25,2026-01-23
NZDJPY,manufacturing_pmi,0.0,0.0,2026-01-23
NZDJPY,services_pmi,0.0,0.0,2026-01-23
NZDJPY,gdp_qoq,0.0,0.0,2026-01-23
NZDJPY,retail_sales,1.0,0.20833333333333331,2026-01-23
NZDJPY,cpi_yoy,0.0,0.0,2026-01-23
NZDJPY,core_cpi,0.0,0.0,2026-01-23
NZDJPY,core_pce,,0.0,2026-01-23
NZDJPY,ppi_yoy,0.0,0.0,2026-01-23
NZDJPY,employment_change,0.0,0.0,2026-01-23
NZDJPY,unemployment_rate,0.0,0.0,2026-01-23
NZDJPY,wage_growth,2.0,0.625,2026-01-23
NZDJPY,adp,,0.0,2026-01-23
NZDJPY,jolts,,0.0,2026-01-23
NZDJPY,jobless_claims,,0.0,2026-01-23
NZDJPY,rate_expectations,-2.0,-1.25,2026-01-23
CADJPY,manufacturing_pmi,0.0,0.0,2026-01-23
CADJPY,services_pmi,,0.0,2026-01-23
CADJPY,gdp_qoq,0.0,0.0,2026-01-23
CADJPY,retail_sales,0.0,0.0,2026-01-23
CADJPY,cpi_yoy,1.0,0.20833333333333331,2026-01-23
CADJPY,core_cpi,0.0,0.0,2026-01-23
CADJPY,core_pce,,0.0,2026-01-23
CADJPY,ppi_yoy,-2.0,-0.41666666666666663,2026-01-23
CADJPY,employment_change,0.0,0.0,2026-01-23
CADJPY,unemployment_rate,-1.0,-0.3125,2026-01-23
CADJPY,wage_growth,2.0,0.625,2026-01-23
CADJPY,adp,,0.0,2026-01-23
CADJPY,jolts,,0.0,2026-01-23
CADJPY,jobless_claims,,0.0,2026-01-23
CADJPY,rate_expectations,-2.0,-1.25,2026-01-23
CHFJPY,manufacturing_pmi,-1.0,-0.2777777777777778,2026-01-23
CHFJPY,services_pmi,,0.0,2026-01-23
CHFJPY,gdp_qoq,-1.0,-0.2777777777777778,2026-01-23
CHFJPY,retail_sales,0.0,0.0,2026-01-23
CHFJPY,cpi_yoy,-1.0,0.0,2026-01-23
CHFJPY,core_cpi,0.0,0.0,2026-01-23
CHFJPY,core_pce,,0.0,2026-01-23
CHFJPY,ppi_yoy,0.0,0.0,2026-01-23
CHFJPY,employment_change,,0.0,2026-01-23
CHFJPY,unemployment_rate,0.0,0.0,2026-01-23
CHFJPY,wage_growth,2.0,0.625,2026-01-23
CHFJPY,adp,,0.0,2026-01-23
CHFJPY,jolts,,0.0,2026-01-23
CHFJPY,jobless_claims,,0.0,2026-01-23
CHFJPY,rate_expectations,-2.0,-1.25,2026-01-23
AUDNZD,manufacturing_pmi,0.0,0.0,2026-01-23
AUDNZD,services_pmi,0.0,0.0,2026-01-23
AUDNZD,gdp_qoq,-2.0,-0.41666666666666663,2026-01-23
AUDNZD,retail_sales,1.0,-0.20833333333333331,2026-01-23
AUDNZD,cpi_yoy,-1.0,-0.20833333333333331,2026-01-23
AUDNZD,core_cpi,1.0,0.20833333333333331,2026-01-23
AUDNZD,core_pce,,0.0,2026-01-23
AUDNZD,ppi_yoy,0.0,0.0,2026-01-23
AUDNZD,employment_change,1.0,0.20833333333333331,2026-01-23
AUDNZD,unemployment_rate,2.0,0.41666666666666663,2026-01-23
AUDNZD,wage_growth,0.0,0.0,2026-01-23
AUDNZD,adp,,0.0,2026-01-23
AUDNZD,jolts,,0.0,2026-01-23
AUDNZD,jobless_claims,,0.0,2026-01-23
AUDNZD,rate_expectations,0.0,0.0,2026-01-23
AUDCAD,manufacturing_pmi,0.0,0.0,2026-01-23
AUDCAD,services_pmi,0.0,0.0,2026-01-23
AUDCAD,gdp_qoq,-2.0,-0.41666666666666663,2026-01-23
AUDCAD,retail_sales,2.0,0.0,2026-01-23
AUDCAD,cpi_yoy,-2.0,-0.41666666666666663,2026-01-23
AUDCAD,core_cpi,1.0,0.20833333333333331,2026-01-23
AUDCAD,core_pce,,0.0,2026-01-23
AUDCAD,ppi_yoy,2.0,0.41666666666666663,2026-01-23
AUDCAD,employment_change,1.0,0.20833333333333331,2026-01-23
AUDCAD,unemployment_rate,3.0,0.7291666666666666,2026-01-23
AUDCAD,wage_growth,0.0,0.0,2026-01-23
AUDCAD,adp,,0.0,2026-01-23
AUDCAD,jolts,,0.0,2026-01-23
AUDCAD,jobless_claims,,0.0,2026-01-23
AUDCAD,rate_expectations,0.0,0.0,2026-01-23
AUDCHF,manufacturing_pmi,1.0,0.2777777777777778,2026-01-23
AUDCHF,services_pmi,0.0,0.0,2026-01-23
AUDCHF,gdp_qoq,-1.0,-0.13888888888888884,2026-01-23
AUDCHF,retail_sales,2.0,0.0,2026-01-23
AUDCHF,cpi_yoy,0.0,-0.20833333333333331,2026-01-23
AUDCHF,core_cpi,1.0,0.20833333333333331,2026-01-23
AUDCHF,core_pce,,0.0,2026-01-23
AUDCHF,ppi_yoy,0.0,0.0,2026-01-23
AUDCHF,employment_change,1.0,0.20833333333333331,2026-01-23
AUDCHF,unemployment_rate,2.0,0.41666666666666663,2026-01-23
AUDCHF,wage_growth,0.0,0.0,2026-01-23
AUDCHF,adp,,0.0,2026-01-23
AUDCHF,jolts,,0.0,2026-01-23
AUDCHF,jobless_claims,,0.0,2026-01-23
AUDCHF,rate_expectations,0.0,0.0,2026-01-23
NZDCAD,manufacturing_pmi,0.0,0.0,2026-01-23
NZDCAD,services_pmi,0.0,0.0,2026-01-23
NZDCAD,gdp_qoq,0.0,0.0,2026-01-23
NZDCAD,retail_sales,1.0,0.20833333333333331,2026-01-23
NZDCAD,cpi_yoy,-1.0,-0.20833333333333331,2026-01-23
NZDCAD,core_cpi,0.0,0.0,2026-01-23
NZDCAD,core_pce,,0.0,2026-01-23
NZDCAD,ppi_yoy,2.0,0.41666666666666663,2026-01-23
NZDCAD,employment_change,0.0,0.0,2026-01-23
NZDCAD,unemployment_rate,1.0,0.3125,2026-01-23
NZDCAD,wage_growth,0.0,0.0,2026-01-23
NZDCAD,adp,,0.0,2026-01-23
NZDCAD,jolts,,0.0,2026-01-23
NZDCAD,jobless_claims,,0.0,2026-01-23
NZDCAD,rate_expectations,0.0,0.0,2026-01-23
NZDCHF,manufacturing_pmi,1.0,0.2777777777777778,2026-01-23
NZDCHF,services_pmi,0.0,0.0,2026-01-23
NZDCHF,gdp_qoq,1.0,0.2777777777777778,2026-01-23
NZDCHF,retail_sales,1.0,0.20833333333333331,2026-01-23
NZDCHF,cpi_yoy,1.0,0.0,2026-01-23
NZDCHF,core_cpi,,0.0,2026-01-23
NZDCHF,core_pce,,0.0,2026-01-23
NZDCHF,ppi_yoy,0.0,0.0,2026-01-23
NZDCHF,employment_change,0.0,0.0,2026-01-23
NZDCHF,unemployment_rate,0.0,0.0,2026-01-23
NZDCHF,wage_growth,0.0,0.0,2026-01-23
NZDCHF,adp,,0.0,2026-01-23
NZDCHF,jolts,,0.0,2026-01-23
NZDCHF,jobless_claims,,0.0,2026-01-23
NZDCHF,rate_expectations,,0.0,2026-01-23
CADCHF,manufacturing_pmi,1.0,0.2777777777777778,2026-01-23
CADCHF,services_pmi,,0.0,2026-01-23
CADCHF,gdp_qoq,1.0,0.2777777777777778,2026-01-23
CADCHF,retail_sales,0.0,0.0,2026-01-23
CADCHF,cpi_yoy,2.0,0.20833333333333331,2026-01-23
CADCHF,core_cpi,0.0,0.0,2026-01-23
CADCHF,core_pce,,0.0,2026-01-23
CADCHF,ppi_yoy,-2.0,-0.41666666666666663,2026-01-23
CADCHF,employment_change,0.0,0.0,2026-01-23
CADCHF,unemployment_rate,-1.0,-0.3125,2026-01-23
CADCHF,wage_growth,,0.0,2026-01-23
CADCHF,adp,,0.0,2026-01-23
CADCHF,jolts,,0.0,2026-01-23
CADCHF,jobless_claims,,0.0,2026-01-23
CADCHF,rate_expectations,0.0,0.0,2026-01-23
EURUSD,manufacturing_pmi,0.0,0.0,2026-01-30
EURUSD,services_pmi,-1.0,-0.20833333333333331,2026-01-30
EURUSD,gdp_qoq,1.0,0.15625,2026-01-30
EURUSD,retail_sales,0.0,0.0,2026-01-30
EURUSD,cpi_yoy,0.0,0.0,2026-01-30
EURUSD,core_cpi,0.0,-0.052083333333333315,2026-01-30
EURUSD,core_pce,0.0,0.0,2026-01-30
EURUSD,ppi_yoy,0.0,0.0,2026-01-30
EURUSD,employment_change,0.0,0.0,2026-01-30
EURUSD,unemployment_rate,0.0,0.20833333333333334,2026-01-30
EURUSD,wage_growth,0.0,0.0,2026-01-30
EURUSD,adp,0.0,0.0,2026-01-30
EURUSD,jolts,1.0,0.10416666666666666,2026-01-30
EURUSD,jobless_claims,0.0,0.0,2026-01-30
EURUSD,rate_expectations,0.0,0.0,2026-01-30
GBPUSD,manufacturing_pmi,-1.0,-0.15625,2026-01-30
GBPUSD,services_pmi,-2.0,-0.3645833333333333,2026-01-30
GBPUSD,gdp_qoq,2.0,0.3125,2026-01-30
GBPUSD,retail_sales,0.0,0.0,2026-01-30
GBPUSD,cpi_yoy,0.0,0.0,2026-01-30
GBPUSD,core_cpi,1.0,0.15625,2026-01-30
GBPUSD,core_pce,0.0,0.0,2026-01-30
GBPUSD,ppi_yoy,0.0,0.0,2026-01-30
GBPUSD,employment_change,0.0,0.0,2026-01-30
GBPUSD,unemployment_rate,-1.0,-0.10416666666666666,2026-01-30
GBPUSD,wage_growth,0.0,0.0,2026-01-30
GBPUSD,adp,0.0,0.0,2026-01-30
GBPUSD,jolts,1.0,0.10416666666666666,2026-01-30
GBPUSD,jobless_claims,0.0,0.0,2026-01-30
GBPUSD,rate_expectations,0.0,0.0,2026-01-30
USDJPY,manufacturing_pmi,-1.0,-0.3125,2026-01-30
USDJPY,services_pmi,1.0,0.20833333333333331,2026-01-30
USDJPY,gdp_qoq,0.0,0.0,2026-01-30
USDJPY,retail_sales,1.0,0.3125,2026-01-30
USDJPY,cpi_yoy,0.0,0.0,2026-01-30
USDJPY,core_cpi,-1.0,-0.15625,2026-01-30
USDJPY,core_pce,0.0,0.0,2026-01-30
USDJPY,ppi_yoy,0.0,0.0,2026-01-30
USDJPY,employment_change,0.0,0.0,2026-01-30
USDJPY,unemployment_rate,1.0,0.10416666666666666,2026-01-30
USDJPY,wage_growth,2.0,0.625,2026-01-30
USDJPY,adp,0.0,0.0,2026-01-30
USDJPY,jolts,-1.0,-0.10416666666666666,2026-01-30
USDJPY,jobless_claims,0.0,0.0,2026-01-30
USDJPY,rate_expectations,-2.0,-1.25,2026-01-30
USDCHF,manufacturing_pmi,1.0,0.2777777777777778,2026-01-30
USDCHF,services_pmi,1.0,0.20833333333333331,2026-01-30
USDCHF,gdp_qoq,1.0,0.2777777777777778,2026-01-30
USDCHF,retail_sales,0.0,0.0,2026-01-30
USDCHF,cpi_yoy,1.0,0.0,2026-01-30
USDCHF,core_cpi,-1.0,-0.15625,2026-01-30
USDCHF,core_pce,0.0,0.0,2026-01-30
USDCHF,ppi_yoy,0.0,0.0,2026-01-30
USDCHF,employment_change,0.0,0.0,2026-01-30
USDCHF,unemployment_rate,1.0,0.10416666666666666,2026-01-30
USDCHF,wage_growth,0.0,0.0,2026-01-30
USDCHF,adp,0.0,0.0,2026-01-30
USDCHF,jolts,-1.0,-0.10416666666666666,2026-01-30
USDCHF,jobless_claims,0.0,0.0,2026-01-30
USDCHF,rate_expectations,0.0,0.0,2026-01-30
USDCAD,manufacturing_pmi,0.0,0.0,2026-01-30
USDCAD,services_pmi,1.0,0.20833333333333331,2026-01-30
USDCAD,gdp_qoq,0.0,0.0,2026-01-30
USDCAD,retail_sales,0.0,0.0,2026-01-30
USDCAD,cpi_yoy,-1.0,-0.20833333333333331,2026-01-30
USDCAD,core_cpi,-1.0,-0.15625,2026-01-30
USDCAD,core_pce,0.0,0.0,2026-01-30
USDCAD,ppi_yoy,2.0,0.41666666666666663,2026-01-30
USDCAD,employment_change,0.0,0.0,2026-01-30
USDCAD,unemployment_rate,2.0,0.41666666666666663,2026-01-30
USDCAD,wage_growth,0.0,0.0,2026-01-30
USDCAD,adp,0.0,0.0,2026-01-30
USDCAD,jolts,-1.0,-0.10416666666666666,2026-01-30
USDCAD,jobless_claims,0.0,0.0,2026-01-30
USDCAD,rate_expectations,0.0,0.0,2026-01-30
AUDUSD,manufacturing_pmi,0.0,0.0,2026-01-30
AUDUSD,services_pmi,-1.0,-0.20833333333333331,2026-01-30
AUDUSD,gdp_qoq,-2.0,-0.41666666666666663,2026-01-30
AUDUSD,retail_sales,2.0,0.0,2026-01-30
AUDUSD,cpi_yoy,1.0,0.20833333333333331,2026-01-30
AUDUSD,core_cpi,2.0,0.3645833333333333,2026-01-30
AUDUSD,core_pce,0.0,0.0,2026-01-30
AUDUSD,ppi_yoy,0.0,0.0,2026-01-30
AUDUSD,employment_change,1.0,0.20833333333333331,2026-01-30
AUDUSD,unemployment_rate,1.0,0.3125,2026-01-30
AUDUSD,wage_growth,0.0,0.0,2026-01-30
AUDUSD,adp,0.0,0.0,2026-01-30
AUDUSD,jolts,1.0,0.10416666666666666,2026-01-30
AUDUSD,jobless_claims,0.0,0.0,2026-01-30
AUDUSD,rate_expectations,1.0,0.625,2026-01-30
NZDUSD,manufacturing_pmi,0.0,0.0,2026-01-30
NZDUSD,services_pmi,-1.0,-0.20833333333333331,2026-01-30
NZDUSD,gdp_qoq,0.0,0.0,2026-01-30
NZDUSD,retail_sales,1.0,0.20833333333333331,2026-01-30
NZDUSD,cpi_yoy,0.0,0.0,2026-01-30
NZDUSD,core_cpi,1.0,0.15625,2026-01-30
NZDUSD,core_pce,0.0,0.0,2026-01-30
NZDUSD,ppi_yoy,0.0,0.0,2026-01-30
NZDUSD,employment_change,0.0,0.0,2026-01-30
NZDUSD,unemployment_rate,-1.0,-0.10416666666666666,2026-01-30
NZDUSD,wage_growth,0.0,0.0,2026-01-30
NZDUSD,adp,0.0,0.0,2026-01-30
NZDUSD,jolts,1.0,0.10416666666666666,2026-01-30
NZDUSD,jobless_claims,0.0,0.0,2026-01-30
NZDUSD,rate_expectations,0.0,0.0,2026-01-30
EURGBP,manufacturing_pmi,1.0,0.15625,2026-01-30
EURGBP,services_pmi,1.0,0.15625,2026-01-30
EURGBP,gdp_qoq,-1.0,-0.15625,2026-01-30
EURGBP,retail_sales,0.0,0.0,2026-01-30
EURGBP,cpi_yoy,0.0,0.0,2026-01-30
EURGBP,core_cpi,-1.0,-0.20833333333333331,2026-01-30
EURGBP,core_pce,,0.0,2026-01-30
EURGBP,ppi_yoy,0.0,0.0,2026-01-30
EURGBP,employment_change,0.0,0.0,2026-01-30
EURGBP,unemployment_rate,1.0,0.3125,2026-01-30
EURGBP,wage_growth,0.0,0.0,2026-01-30
EURGBP,adp,,0.0,2026-01-30
EURGBP,jolts,,0.0,2026-01-30
EURGBP,jobless_claims,,0.0,2026-01-30
EURGBP,rate_expectations,0.0,0.0,2026-01-30
EURJPY,manufacturing_pmi,-1.0,-0.3125,2026-01-30
EURJPY,services_pmi,0.0,0.0,2026-01-30
EURJPY,gdp_qoq,1.0,0.15625,2026-01-30
EURJPY,retail_sales,1.0,0.3125,2026-01-30
EURJPY,cpi_yoy,0.0,0.0,2026-01-30
EURJPY,core_cpi,-1.0,-0.20833333333333331,2026-01-30
EURJPY,core_pce,,0.0,2026-01-30
EURJPY,ppi_yoy,0.0,0.0,2026-01-30
EURJPY,employment_change,0.0,0.0,2026-01-30
EURJPY,unemployment_rate,1.0,0.3125,2026-01-30
EURJPY,wage_growth,2.0,0.625,2026-01-30
EURJPY,adp,,0.0,2026-01-30
EURJPY,jolts,,0.0,2026-01-30
EURJPY,jobless_claims,,0.0,2026-01-30
EURJPY,rate_expectations,-2.0,-1.25,2026-01-30
EURCHF,manufacturing_pmi,1.0,0.2777777777777778,2026-01-30
EURCHF,services_pmi,0.0,0.0,2026-01-30
EURCHF,gdp_qoq,2.0,0.4340277777777778,2026-01-30
EURCHF,retail_sales,0.0,0.0,2026-01-30
EURCHF,cpi_yoy,1.0,0.0,2026-01-30
EURCHF,core_cpi,-1.0,-0.20833333333333331,2026-01-30
EURCHF,core_pce,,0.0,2026-01-30
EURCHF,ppi_yoy,0.0,0.0,2026-01-30
EURCHF,employment_change,0.0,0.0,2026-01-30
EURCHF,unemployment_rate,1.0,0.3125,2026-01-30
EURCHF,wage_growth,,0.0,2026-01-30
EURCHF,adp,,0.0,2026-01-30
EURCHF,jolts,,0.0,2026-01-30
EURCHF,jobless_claims,,0.0,2026-01-30
EURCHF,rate_expectations,0.0,0.0,2026-01-30
EURAUD,manufacturing_pmi,0.0,0.0,2026-01-30
EURAUD,services_pmi,0.0,0.0,2026-01-30
EURAUD,gdp_qoq,3.0,0.5729166666666666,2026-01-30
EURAUD,retail_sales,-2.0,0.0,2026-01-30
EURAUD,cpi_yoy,-1.0,-0.20833333333333331,2026-01-30
EURAUD,core_cpi,-2.0,-0.41666666666666663,2026-01-30
EURAUD,core_pce,,0.0,2026-01-30
EURAUD,ppi_yoy,0.0,0.0,2026-01-30
EURAUD,employment_change,-1.0,-0.20833333333333331,2026-01-30
EURAUD,unemployment_rate,-1.0,-0.10416666666666663,2026-01-30
EURAUD,wage_growth,0.0,0.0,2026-01-30
EURAUD,adp,,0.0,2026-01-30
EURAUD,jolts,,0.0,2026-01-30
EURAUD,jobless_claims,,0.0,2026-01-30
EURAUD,rate_expectations,-1.0,-0.625,2026-01-30
EURNZD,manufacturing_pmi,0.0,0.0,2026-01-30
EURNZD,services_pmi,0.0,0.0,2026-01-30
EURNZD,gdp_qoq,1.0,0.15625,2026-01-30
EURNZD,retail_sales,-1.0,-0.20833333333333331,2026-01-30
EURNZD,cpi_yoy,0.0,0.0,2026-01-30
EURNZD,core_cpi,-1.0,-0.20833333333333331,2026-01-30
EURNZD,core_pce,,0.0,2026-01-30
EURNZD,ppi_yoy,0.0,0.0,2026-01-30
EURNZD,employment_change,0.0,0.0,2026-01-30
EURNZD,unemployment_rate,1.0,0.3125,2026-01-30
EURNZD,wage_growth,0.0,0.0,2026-01-30
EURNZD,adp,,0.0,2026-01-30
EURNZD,jolts,,0.0,2026-01-30
EURNZD,jobless_claims,,0.0,2026-01-30
EURNZD,rate_expectations,0.0,0.0,2026-01-30
EURCAD,manufacturing_pmi,0.0,0.0,2026-01-30
EURCAD,services_pmi,0.0,0.0,2026-01-30
EURCAD,gdp_qoq,1.0,0.15625,2026-01-30
EURCAD,retail_sales,0.0,0.0,2026-01-30
EURCAD,cpi_yoy,-1.0,-0.20833333333333331,2026-01-30
EURCAD,core_cpi,-1.0,-0.20833333333333331,2026-01-30
EURCAD,core_pce,,0.0,2026-01-30
EURCAD,ppi_yoy,2.0,0.41666666666666663,2026-01-30
EURCAD,employment_change,0.0,0.0,2026-01-30
EURCAD,unemployment_rate,2.0,0.625,2026-01-30
EURCAD,wage_growth,,0.0,2026-01-30
EURCAD,adp,,0.0,2026-01-30
EURCAD,jolts,,0.0,2026-01-30
EURCAD,jobless_claims,,0.0,2026-01-30
EURCAD,rate_expectations,0.0,0.0,2026-01-30
GBPJPY,manufacturing_pmi,-2.0,-0.46875,2026-01-30
GBPJPY,services_pmi,-1.0,-0.15625,2026-01-30
GBPJPY,gdp_qoq,2.0,0.3125,2026-01-30
GBPJPY,retail_sales,1.0,0.3125,2026-01-30
GBPJPY,cpi_yoy,0.0,0.0,2026-01-30
GBPJPY,core_cpi,0.0,0.0,2026-01-30
GBPJPY,core_pce,,0.0,2026-01-30
GBPJPY,ppi_yoy,0.0,0.0,2026-01-30
GBPJPY,employment_change,0.0,0.0,2026-01-30
GBPJPY,unemployment_rate,0.0,0.0,2026-01-30
GBPJPY,wage_growth,2.0,0.625,2026-01-30
GBPJPY,adp,,0.0,2026-01-30
GBPJPY,jolts,,0.0,2026-01-30
GBPJPY,jobless_claims,,0.0,2026-01-30
GBPJPY,rate_expectations,-2.0,-1.25,2026-01-30
GBPCHF,manufacturing_pmi,0.0,0.12152777777777779,2026-01-30
GBPCHF,services_pmi,-1.0,-0.15625,2026-01-30
GBPCHF,gdp_qoq,3.0,0.5902777777777778,2026-01-30
GBPCHF,retail_sales,0.0,0.0,2026-01-30
GBPCHF,cpi_yoy,1.0,0.0,2026-01-30
GBPCHF,core_cpi,0.0,0.0,2026-01-30
GBPCHF,core_pce,,0.0,2026-01-30
GBPCHF,ppi_yoy,0.0,0.0,2026-01-30
GBPCHF,employment_change,0.0,0.0,2026-01-30
GBPCHF,unemployment_rate,0.0,0.0,2026-01-30
GBPCHF,wage_growth,0.0,0.0,2026-01-30
GBPCHF,adp,,0.0,2026-01-30
GBPCHF,jolts,,0.0,2026-01-30
GBPCHF,jobless_claims,,0.0,2026-01-30
GBPCHF,rate_expectations,0.0,0.0,2026-01-30
GBPAUD,manufacturing_pmi,-1.0,-0.15625,2026-01-30
GBPAUD,services_pmi,-1.0,-0.15625,2026-01-30
GBPAUD,gdp_qoq,4.0,0.7291666666666666,2026-01-30
GBPAUD,retail_sales,-2.0,0.0,2026-01-30
GBPAUD,cpi_yoy,-1.0,-0.20833333333333331,2026-01-30
GBPAUD,core_cpi,-1.0,-0.20833333333333331,2026-01-30
GBPAUD,core_pce,,0.0,2026-01-30
GBPAUD,ppi_yoy,0.0,0.0,2026-01-30
GBPAUD,employment_change,-1.0,-0.20833333333333331,2026-01-30
GBPAUD,unemployment_rate,-2.0,-0.41666666666666663,2026-01-30
GBPAUD,wage_growth,0.0,0.0,2026-01-30
GBPAUD,adp,,0.0,2026-01-30
GBPAUD,jolts,,0.0,2026-01-30
GBPAUD,jobless_claims,,0.0,2026-01-30
GBPAUD,rate_expectations,-1.0,-0.625,2026-01-30
GBPNZD,manufacturing_pmi,-1.0,-0.15625,2026-01-30
GBPNZD,services_pmi,-1.0,-0.15625,2026-01-30
GBPNZD,gdp_qoq,2.0,0.3125,2026-01-30
GBPNZD,retail_sales,-1.0,-0.20833333333333331,2026-01-30
GBPNZD,cpi_yoy,0.0,0.0,2026-01-30
GBPNZD,core_cpi,0.0,0.0,2026-01-30
GBPNZD,core_pce,,0.0,2026-01-30
GBPNZD,ppi_yoy,0.0,0.0,2026-01-30
GBPNZD,employment_change,0.0,0.0,2026-01-30
GBPNZD,unemployment_rate,0.0,0.0,2026-01-30
GBPNZD,wage_growth,0.0,0.0,2026-01-30
GBPNZD,adp,,0.0,2026-01-30
GBPNZD,jolts,,0.0,2026-01-30
GBPNZD,jobless_claims,,0.0,2026-01-30
GBPNZD,rate_expectations,0.0,0.0,2026-01-30
GBPCAD,manufacturing_pmi,-1.0,-0.15625,2026-01-30
GBPCAD,services_pmi,-1.0,-0.15625,2026-01-30
GBPCAD,gdp_qoq,2.0,0.3125,2026-01-30
GBPCAD,retail_sales,0.0,0.0,2026-01-30
GBPCAD,cpi_yoy,-1.0,-0.20833333333333331,2026-01-30
GBPCAD,core_cpi,0.0,0.0,2026-01-30
GBPCAD,core_pce,,0.0,2026-01-30
GBPCAD,ppi_yoy,2.0,0.41666666666666663,2026-01-30
GBPCAD,employment_change,0.0,0.0,2026-01-30
GBPCAD,unemployment_rate,1.0,0.3125,2026-01-30
GBPCAD,wage_growth,0.0,0.0,2026-01-30
GBPCAD,adp,,0.0,2026-01-30
GBPCAD,jolts,,0.0,2026-01-30
GBPCAD,jobless_claims,,0.0,2026-01-30
GBPCAD,rate_expectations,0.0,0.0,2026-01-30
AUDJPY,manufacturing_pmi,-1.0,-0.3125,2026-01-30
AUDJPY,services_pmi,0.0,0.0,2026-01-30
AUDJPY,gdp_qoq,-2.0,-0.41666666666666663,2026-01-30
AUDJPY,retail_sales,3.0,0.3125,2026-01-30
AUDJPY,cpi_yoy,1.0,0.20833333333333331,2026-01-30
AUDJPY,core_cpi,1.0,0.20833333333333331,2026-01-30
AUDJPY,core_pce,,0.0,2026-01-30
AUDJPY,ppi_yoy,0.0,0.0,2026-01-30
AUDJPY,employment_change,1.0,0.20833333333333331,2026-01-30
AUDJPY,unemployment_rate,2.0,0.41666666666666663,2026-01-30
AUDJPY,wage_growth,2.0,0.625,2026-01-30
AUDJPY,adp,,0.0,2026-01-30
AUDJPY,jolts,,0.0,2026-01-30
AUDJPY,jobless_claims,,0.0,2026-01-30
AUDJPY,rate_expectations,-1.0,-0.625,2026-01-30
NZDJPY,manufacturing_pmi,-1.0,-0.3125,2026-01-30
NZDJPY,services_pmi,0.0,0.0,2026-01-30
NZDJPY,gdp_qoq,0.0,0.0,2026-01-30
NZDJPY,retail_sales,2.0,0.5208333333333333,2026-01-30
NZDJPY,cpi_yoy,0.0,0.0,2026-01-30
NZDJPY,core_cpi,0.0,0.0,2026-01-30
NZDJPY,core_pce,,0.0,2026-01-30
NZDJPY,ppi_yoy,0.0,0.0,2026-01-30
NZDJPY,employment_change,0.0,0.0,2026-01-30
NZDJPY,unemployment_rate,0.0,0.0,2026-01-30
NZDJPY,wage_growth,2.0,0.625,2026-01-30
NZDJPY,adp,,0.0,2026-01-30
NZDJPY,jolts,,0.0,2026-01-30
NZDJPY,jobless_claims,,0.0,2026-01-30
NZDJPY,rate_expectations,-2.0,-1.25,2026-01-30
CADJPY,manufacturing_pmi,-1.0,-0.3125,2026-01-30
CADJPY,services_pmi,,0.0,2026-01-30
CADJPY,gdp_qoq,0.0,0.0,2026-01-30
CADJPY,retail_sales,1.0,0.3125,2026-01-30
CADJPY,cpi_yoy,1.0,0.20833333333333331,2026-01-30
CADJPY,core_cpi,0.0,0.0,2026-01-30
CADJPY,core_pce,,0.0,2026-01-30
CADJPY,ppi_yoy,-2.0,-0.41666666666666663,2026-01-30
CADJPY,employment_change,0.0,0.0,2026-01-30
CADJPY,unemployment_rate,-1.0,-0.3125,2026-01-30
CADJPY,wage_growth,2.0,0.625,2026-01-30
CADJPY,adp,,0.0,2026-01-30
CADJPY,jolts,,0.0,2026-01-30
CADJPY,jobless_claims,,0.0,2026-01-30
CADJPY,rate_expectations,-2.0,-1.25,2026-01-30
CHFJPY,manufacturing_pmi,-2.0,-0.5902777777777778,2026-01-30
CHFJPY,services_pmi,,0.0,2026-01-30
CHFJPY,gdp_qoq,-1.0,-0.2777777777777778,2026-01-30
CHFJPY,retail_sales,1.0,0.3125,2026-01-30
CHFJPY,cpi_yoy,-1.0,0.0,2026-01-30
CHFJPY,core_cpi,0.0,0.0,2026-01-30
CHFJPY,core_pce,,0.0,2026-01-30
CHFJPY,ppi_yoy,0.0,0.0,2026-01-30
CHFJPY,employment_change,,0.0,2026-01-30
CHFJPY,unemployment_rate,0.0,0.0,2026-01-30
CHFJPY,wage_growth,2.0,0.625,2026-01-30
CHFJPY,adp,,0.0,2026-01-30
CHFJPY,jolts,,0.0,2026-01-30
CHFJPY,jobless_claims,,0.0,2026-01-30
CHFJPY,rate_expectations,-2.0,-1.25,2026-01-30
AUDNZD,manufacturing_pmi,0.0,0.0,2026-01-30
AUDNZD,services_pmi,0.0,0.0,2026-01-30
AUDNZD,gdp_qoq,-2.0,-0.41666666666666663,2026-01-30
AUDNZD,retail_sales,1.0,-0.20833333333333331,2026-01-30
AUDNZD,cpi_yoy,1.0,0.20833333333333331,2026-01-30
AUDNZD,core_cpi,1.0,0.20833333333333331,2026-01-30
AUDNZD,core_pce,,0.0,2026-01-30
AUDNZD,ppi_yoy,0.0,0.0,2026-01-30
AUDNZD,employment_change,1.0,0.20833333333333331,2026-01-30
AUDNZD,unemployment_rate,2.0,0.41666666666666663,2026-01-30
AUDNZD,wage_growth,0.0,0.0,2026-01-30
AUDNZD,adp,,0.0,2026-01-30
AUDNZD,jolts,,0.0,2026-01-30
AUDNZD,jobless_claims,,0.0,2026-01-30
AUDNZD,rate_expectations,1.0,0.625,2026-01-30
AUDCAD,manufacturing_pmi,0.0,0.0,2026-01-30
AUDCAD,services_pmi,0.0,0.0,2026-01-30
AUDCAD,gdp_qoq,-2.0,-0.41666666666666663,2026-01-30
AUDCAD,retail_sales,2.0,0.0,2026-01-30
AUDCAD,cpi_yoy,0.0,0.0,2026-01-30
AUDCAD,core_cpi,1.0,0.20833333333333331,2026-01-30
AUDCAD,core_pce,,0.0,2026-01-30
AUDCAD,ppi_yoy,2.0,0.41666666666666663,2026-01-30
AUDCAD,employment_change,1.0,0.20833333333333331,2026-01-30
AUDCAD,unemployment_rate,3.0,0.7291666666666666,2026-01-30
AUDCAD,wage_growth,0.0,0.0,2026-01-30
AUDCAD,adp,,0.0,2026-01-30
AUDCAD,jolts,,0.0,2026-01-30
AUDCAD,jobless_claims,,0.0,2026-01-30
AUDCAD,rate_expectations,1.0,0.625,2026-01-30
AUDCHF,manufacturing_pmi,1.0,0.2777777777777778,2026-01-30
AUDCHF,services_pmi,0.0,0.0,2026-01-30
AUDCHF,gdp_qoq,-1.0,-0.13888888888888884,2026-01-30
AUDCHF,retail_sales,2.0,0.0,2026-01-30
AUDCHF,cpi_yoy,2.0,0.20833333333333331,2026-01-30
AUDCHF,core_cpi,1.0,0.20833333333333331,2026-01-30
AUDCHF,core_pce,,0.0,2026-01-30
AUDCHF,ppi_yoy,0.0,0.0,2026-01-30
AUDCHF,employment_change,1.0,0.20833333333333331,2026-01-30
AUDCHF,unemployment_rate,2.0,0.41666666666666663,2026-01-30
AUDCHF,wage_growth,0.0,0.0,2026-01-30
AUDCHF,adp,,0.0,2026-01-30
AUDCHF,jolts,,0.0,2026-01-30
AUDCHF,jobless_claims,,0.0,2026-01-30
AUDCHF,rate_expectations,1.0,0.625,2026-01-30
NZDCAD,manufacturing_pmi,0.0,0.0,2026-01-30
NZDCAD,services_pmi,0.0,0.0,2026-01-30
NZDCAD,gdp_qoq,0.0,0.0,2026-01-30
NZDCAD,retail_sales,1.0,0.20833333333333331,2026-01-30
NZDCAD,cpi_yoy,-1.0,-0.20833333333333331,2026-01-30
NZDCAD,core_cpi,0.0,0.0,2026-01-30
NZDCAD,core_pce,,0.0,2026-01-30
NZDCAD,ppi_yoy,2.0,0.41666666666666663,2026-01-30
NZDCAD,employment_change,0.0,0.0,2026-01-30
NZDCAD,unemployment_rate,1.0,0.3125,2026-01-30
NZDCAD,wage_growth,0.0,0.0,2026-01-30
NZDCAD,adp,,0.0,2026-01-30
NZDCAD,jolts,,0.0,2026-01-30
NZDCAD,jobless_claims,,0.0,2026-01-30
NZDCAD,rate_expectations,0.0,0.0,2026-01-30
NZDCHF,manufacturing_pmi,1.0,0.2777777777777778,2026-01-30
NZDCHF,services_pmi,0.0,0.0,2026-01-30
NZDCHF,gdp_qoq,1.0,0.2777777777777778,2026-01-30
NZDCHF,retail_sales,1.0,0.20833333333333331,2026-01-30
NZDCHF,cpi_yoy,1.0,0.0,2026-01-30
NZDCHF,core_cpi,,0.0,2026-01-30
NZDCHF,core_pce,,0.0,2026-01-30
NZDCHF,ppi_yoy,0.0,0.0,2026-01-30
NZDCHF,employment_change,0.0,0.0,2026-01-30
NZDCHF,unemployment_rate,0.0,0.0,2026-01-30
NZDCHF,wage_growth,0.0,0.0,2026-01-30
NZDCHF,adp,,0.0,2026-01-30
NZDCHF,jolts,,0.0,2026-01-30
NZDCHF,jobless_claims,,0.0,2026-01-30
NZDCHF,rate_expectations,,0.0,2026-01-30
CADCHF,manufacturing_pmi,1.0,0.2777777777777778,2026-01-30
CADCHF,services_pmi,,0.0,2026-01-30
CADCHF,gdp_qoq,1.0,0.2777777777777778,2026-01-30
CADCHF,retail_sales,0.0,0.0,2026-01-30
CADCHF,cpi_yoy,2.0,0.20833333333333331,2026-01-30
CADCHF,core_cpi,0.0,0.0,2026-01-30
CADCHF,core_pce,,0.0,2026-01-30
CADCHF,ppi_yoy,-2.0,-0.41666666666666663,2026-01-30
CADCHF,employment_change,0.0,0.0,2026-01-30
CADCHF,unemployment_rate,-1.0,-0.3125,2026-01-30
CADCHF,wage_growth,,0.0,2026-01-30
CADCHF,adp,,0.0,2026-01-30
CADCHF,jolts,,0.0,2026-01-30
CADCHF,jobless_claims,,0.0,2026-01-30
CADCHF,rate_expectations,0.0,0.0,2026-01-30
EURUSD,manufacturing_pmi,-2.0,-0.41666666666666663,2026-02-06
EURUSD,services_pmi,0.0,0.0,2026-02-06
EURUSD,gdp_qoq,1.0,0.15625,2026-02-06
EURUSD,retail_sales,-2.0,-0.3125,2026-02-06
EURUSD,cpi_yoy,0.0,0.0,2026-02-06
EURUSD,core_cpi,0.0,-0.052083333333333315,2026-02-06
EURUSD,core_pce,0.0,0.0,2026-02-06
EURUSD,ppi_yoy,-1.0,-0.15625,2026-02-06
EURUSD,employment_change,0.0,0.0,2026-02-06
EURUSD,unemployment_rate,0.0,0.20833333333333334,2026-02-06
EURUSD,wage_growth,0.0,0.0,2026-02-06
EURUSD,adp,0.0,0.0,2026-02-06
EURUSD,jolts,2.0,0.20833333333333331,2026-02-06
EURUSD,jobless_claims,1.0,0.10416666666666666,2026-02-06
EURUSD,rate_expectations,0.0,0.0,2026-02-06
GBPUSD,manufacturing_pmi,-2.0,-0.41666666666666663,2026-02-06
GBPUSD,services_pmi,0.0,0.0,2026-02-06
GBPUSD,gdp_qoq,2.0,0.3125,2026-02-06
GBPUSD,retail_sales,0.0,0.0,2026-02-06
GBPUSD,cpi_yoy,0.0,0.0,2026-02-06
GBPUSD,core_cpi,1.0,0.15625,2026-02-06
GBPUSD,core_pce,0.0,0.0,2026-02-06
GBPUSD,ppi_yoy,-1.0,-0.15625,2026-02-06
GBPUSD,employment_change,0.0,0.0,2026-02-06
GBPUSD,unemployment_rate,-1.0,-0.10416666666666666,2026-02-06
GBPUSD,wage_growth,0.0,0.0,2026-02-06
GBPUSD,adp,0.0,0.0,2026-02-06
GBPUSD,jolts,2.0,0.20833333333333331,2026-02-06
GBPUSD,jobless_claims,1.0,0.10416666666666666,2026-02-06
GBPUSD,rate_expectations,0.0,0.0,2026-02-06
USDJPY,manufacturing_pmi,1.0,0.10416666666666663,2026-02-06
USDJPY,services_pmi,0.0,0.0,2026-02-06
USDJPY,gdp_qoq,0.0,0.0,2026-02-06
USDJPY,retail_sales,1.0,0.3125,2026-02-06
USDJPY,cpi_yoy,0.0,0.0,2026-02-06
USDJPY,core_cpi,-1.0,-0.15625,2026-02-06
USDJPY,core_pce,0.0,0.0,2026-02-06
USDJPY,ppi_yoy,1.0,0.15625,2026-02-06
USDJPY,employment_change,0.0,0.0,2026-02-06
USDJPY,unemployment_rate,1.0,0.10416666666666666,2026-02-06
USDJPY,wage_growth,2.0,0.625,2026-02-06
USDJPY,adp,0.0,0.0,2026-02-06
USDJPY,jolts,-2.0,-0.20833333333333331,2026-02-06
USDJPY,jobless_claims,-1.0,-0.10416666666666666,2026-02-06
USDJPY,rate_expectations,-2.0,-1.25,2026-02-06
USDCHF,manufacturing_pmi,1.0,0.13888888888888884,2026-02-06
USDCHF,services_pmi,0.0,0.0,2026-02-06
USDCHF,gdp_qoq,1.0,0.2777777777777778,2026-02-06
USDCHF,retail_sales,0.0,0.0,2026-02-06
USDCHF,cpi_yoy,1.0,0.0,2026-02-06
USDCHF,core_cpi,-1.0,-0.15625,2026-02-06
USDCHF,core_pce,0.0,0.0,2026-02-06
USDCHF,ppi_yoy,1.0,0.15625,2026-02-06
USDCHF,employment_change,0.0,0.0,2026-02-06
USDCHF,unemployment_rate,1.0,0.10416666666666666,2026-02-06
USDCHF,wage_growth,0.0,0.0,2026-02-06
USDCHF,adp,0.0,0.0,2026-02-06
USDCHF,jolts,-2.0,-0.20833333333333331,2026-02-06
USDCHF,jobless_claims,-1.0,-0.10416666666666666,2026-02-06
USDCHF,rate_expectations,0.0,0.0,2026-02-06
USDCAD,manufacturing_pmi,2.0,0.41666666666666663,2026-02-06
USDCAD,services_pmi,0.0,0.0,2026-02-06
USDCAD,gdp_qoq,0.0,0.0,2026-02-06
USDCAD,retail_sales,0.0,0.0,2026-02-06
USDCAD,cpi_yoy,-1.0,-0.20833333333333331,2026-02-06
USDCAD,core_cpi,-1.0,-0.15625,2026-02-06
USDCAD,core_pce,0.0,0.0,2026-02-06
USDCAD,ppi_yoy,3.0,0.5729166666666666,2026-02-06
USDCAD,employment_change,0.0,0.0,2026-02-06
USDCAD,unemployment_rate,2.0,0.41666666666666663,2026-02-06
USDCAD,wage_growth,0.0,0.0,2026-02-06
USDCAD,adp,0.0,0.0,2026-02-06
USDCAD,jolts,-2.0,-0.20833333333333331,2026-02-06
USDCAD,jobless_claims,-1.0,-0.10416666666666666,2026-02-06
USDCAD,rate_expectations,0.0,0.0,2026-02-06
AUDUSD,manufacturing_pmi,-2.0,-0.41666666666666663,2026-02-06
AUDUSD,services_pmi,0.0,0.0,2026-02-06
AUDUSD,gdp_qoq,-2.0,-0.41666666666666663,2026-02-06
AUDUSD,retail_sales,2.0,0.0,2026-02-06
AUDUSD,cpi_yoy,1.0,0.20833333333333331,2026-02-06
AUDUSD,core_cpi,2.0,0.3645833333333333,2026-02-06
AUDUSD,core_pce,0.0,0.0,2026-02-06
AUDUSD,ppi_yoy,-1.0,-0.15625,2026-02-06
AUDUSD,employment_change,1.0,0.20833333333333331,2026-02-06
AUDUSD,unemployment_rate,1.0,0.3125,2026-02-06
AUDUSD,wage_growth,0.0,0.0,2026-02-06
AUDUSD,adp,0.0,0.0,2026-02-06
AUDUSD,jolts,2.0,0.20833333333333331,2026-02-06
AUDUSD,jobless_claims,1.0,0.10416666666666666,2026-02-06
AUDUSD,rate_expectations,1.0,0.625,2026-02-06
NZDUSD,manufacturing_pmi,-2.0,-0.41666666666666663,2026-02-06
NZDUSD,services_pmi,0.0,0.0,2026-02-06
NZDUSD,gdp_qoq,0.0,0.0,2026-02-06
NZDUSD,retail_sales,1.0,0.20833333333333331,2026-02-06
NZDUSD,cpi_yoy,0.0,0.0,2026-02-06
NZDUSD,core_cpi,1.0,0.15625,2026-02-06
NZDUSD,core_pce,0.0,0.0,2026-02-06
NZDUSD,ppi_yoy,-1.0,-0.15625,2026-02-06
NZDUSD,employment_change,0.0,0.0,2026-02-06
NZDUSD,unemployment_rate,-2.0,-0.3819444444444444,2026-02-06
NZDUSD,wage_growth,-1.0,-0.2777777777777778,2026-02-06
NZDUSD,adp,0.0,0.0,2026-02-06
NZDUSD,jolts,2.0,0.20833333333333331,2026-02-06
NZDUSD,jobless_claims,1.0,0.10416666666666666,2026-02-06
NZDUSD,rate_expectations,0.0,0.0,2026-02-06
EURGBP,manufacturing_pmi,0.0,0.0,2026-02-06
EURGBP,services_pmi,0.0,0.0,2026-02-06
EURGBP,gdp_qoq,-1.0,-0.15625,2026-02-06
EURGBP,retail_sales,-2.0,-0.3125,2026-02-06
EURGBP,cpi_yoy,0.0,0.0,2026-02-06
EURGBP,core_cpi,-1.0,-0.20833333333333331,2026-02-06
EURGBP,core_pce,,0.0,2026-02-06
EURGBP,ppi_yoy,0.0,0.0,2026-02-06
EURGBP,employment_change,0.0,0.0,2026-02-06
EURGBP,unemployment_rate,1.0,0.3125,2026-02-06
EURGBP,wage_growth,0.0,0.0,2026-02-06
EURGBP,adp,,0.0,2026-02-06
EURGBP,jolts,,0.0,2026-02-06
EURGBP,jobless_claims,,0.0,2026-02-06
EURGBP,rate_expectations,0.0,0.0,2026-02-06
EURJPY,manufacturing_pmi,-1.0,-0.3125,2026-02-06
EURJPY,services_pmi,0.0,0.0,2026-02-06
EURJPY,gdp_qoq,1.0,0.15625,2026-02-06
EURJPY,retail_sales,-1.0,0.0,2026-02-06
EURJPY,cpi_yoy,0.0,0.0,2026-02-06
EURJPY,core_cpi,-1.0,-0.20833333333333331,2026-02-06
EURJPY,core_pce,,0.0,2026-02-06
EURJPY,ppi_yoy,0.0,0.0,2026-02-06
EURJPY,employment_change,0.0,0.0,2026-02-06
EURJPY,unemployment_rate,1.0,0.3125,2026-02-06
EURJPY,wage_growth,2.0,0.625,2026-02-06
EURJPY,adp,,0.0,2026-02-06
EURJPY,jolts,,0.0,2026-02-06
EURJPY,jobless_claims,,0.0,2026-02-06
EURJPY,rate_expectations,-2.0,-1.25,2026-02-06
EURCHF,manufacturing_pmi,-1.0,-0.2777777777777778,2026-02-06
EURCHF,services_pmi,0.0,0.0,2026-02-06
EURCHF,gdp_qoq,2.0,0.4340277777777778,2026-02-06
EURCHF,retail_sales,-2.0,-0.3125,2026-02-06
EURCHF,cpi_yoy,1.0,0.0,2026-02-06
EURCHF,core_cpi,-1.0,-0.20833333333333331,2026-02-06
EURCHF,core_pce,,0.0,2026-02-06
EURCHF,ppi_yoy,0.0,0.0,2026-02-06
EURCHF,employment_change,0.0,0.0,2026-02-06
EURCHF,unemployment_rate,1.0,0.3125,2026-02-06
EURCHF,wage_growth,,0.0,2026-02-06
EURCHF,adp,,0.0,2026-02-06
EURCHF,jolts,,0.0,2026-02-06
EURCHF,jobless_claims,,0.0,2026-02-06
EURCHF,rate_expectations,0.0,0.0,2026-02-06
EURAUD,manufacturing_pmi,0.0,0.0,2026-02-06
EURAUD,services_pmi,0.0,0.0,2026-02-06
EURAUD,gdp_qoq,3.0,0.5729166666666666,2026-02-06
EURAUD,retail_sales,-4.0,-0.3125,2026-02-06
EURAUD,cpi_yoy,-1.0,-0.20833333333333331,2026-02-06
EURAUD,core_cpi,-2.0,-0.41666666666666663,2026-02-06
EURAUD,core_pce,,0.0,2026-02-06
EURAUD,ppi_yoy,0.0,0.0,2026-02-06
EURAUD,employment_change,-1.0,-0.20833333333333331,2026-02-06
EURAUD,unemployment_rate,-1.0,-0.10416666666666663,2026-02-06
EURAUD,wage_growth,0.0,0.0,2026-02-06
EURAUD,adp,,0.0,2026-02-06
EURAUD,jolts,,0.0,2026-02-06
EURAUD,jobless_claims,,0.0,2026-02-06
EURAUD,rate_expectations,-1.0,-0.625,2026-02-06
EURNZD,manufacturing_pmi,0.0,0.0,2026-02-06
EURNZD,services_pmi,0.0,0.0,2026-02-06
EURNZD,gdp_qoq,1.0,0.15625,2026-02-06
EURNZD,retail_sales,-3.0,-0.5208333333333333,2026-02-06
EURNZD,cpi_yoy,0.0,0.0,2026-02-06
EURNZD,core_cpi,-1.0,-0.20833333333333331,2026-02-06
EURNZD,core_pce,,0.0,2026-02-06
EURNZD,ppi_yoy,0.0,0.0,2026-02-06
EURNZD,employment_change,0.0,0.0,2026-02-06
EURNZD,unemployment_rate,2.0,0.5902777777777778,2026-02-06
EURNZD,wage_growth,1.0,0.2777777777777778,2026-02-06
EURNZD,adp,,0.0,2026-02-06
EURNZD,jolts,,0.0,2026-02-06
EURNZD,jobless_claims,,0.0,2026-02-06
EURNZD,rate_expectations,0.0,0.0,2026-02-06
EURCAD,manufacturing_pmi,0.0,0.0,2026-02-06
EURCAD,services_pmi,0.0,0.0,2026-02-06
EURCAD,gdp_qoq,1.0,0.15625,2026-02-06
EURCAD,retail_sales,-2.0,-0.3125,2026-02-06
EURCAD,cpi_yoy,-1.0,-0.20833333333333331,2026-02-06
EURCAD,core_cpi,-1.0,-0.20833333333333331,2026-02-06
EURCAD,core_pce,,0.0,2026-02-06
EURCAD,ppi_yoy,2.0,0.41666666666666663,2026-02-06
EURCAD,employment_change,0.0,0.0,2026-02-06
EURCAD,unemployment_rate,2.0,0.625,2026-02-06
EURCAD,wage_growth,,0.0,2026-02-06
EURCAD,adp,,0.0,2026-02-06
EURCAD,jolts,,0.0,2026-02-06
EURCAD,jobless_claims,,0.0,2026-02-06
EURCAD,rate_expectations,0.0,0.0,2026-02-06
GBPJPY,manufacturing_pmi,-1.0,-0.3125,2026-02-06
GBPJPY,services_pmi,0.0,0.0,2026-02-06
GBPJPY,gdp_qoq,2.0,0.3125,2026-02-06
GBPJPY,retail_sales,1.0,0.3125,2026-02-06
GBPJPY,cpi_yoy,0.0,0.0,2026-02-06
GBPJPY,core_cpi,0.0,0.0,2026-02-06
GBPJPY,core_pce,,0.0,2026-02-06
GBPJPY,ppi_yoy,0.0,0.0,2026-02-06
GBPJPY,employment_change,0.0,0.0,2026-02-06
GBPJPY,unemployment_rate,0.0,0.0,2026-02-06
GBPJPY,wage_growth,2.0,0.625,2026-02-06
GBPJPY,adp,,0.0,2026-02-06
GBPJPY,jolts,,0.0,2026-02-06
GBPJPY,jobless_claims,,0.0,2026-02-06
GBPJPY,rate_expectations,-2.0,-1.25,2026-02-06
GBPCHF,manufacturing_pmi,-1.0,-0.2777777777777778,2026-02-06
GBPCHF,services_pmi,0.0,0.0,2026-02-06
GBPCHF,gdp_qoq,3.0,0.5902777777777778,2026-02-06
GBPCHF,retail_sales,0.0,0.0,2026-02-06
GBPCHF,cpi_yoy,1.0,0.0,2026-02-06
GBPCHF,core_cpi,0.0,0.0,2026-02-06
GBPCHF,core_pce,,0.0,2026-02-06
GBPCHF,ppi_yoy,0.0,0.0,2026-02-06
GBPCHF,employment_change,0.0,0.0,2026-02-06
GBPCHF,unemployment_rate,0.0,0.0,2026-02-06
GBPCHF,wage_growth,0.0,0.0,2026-02-06
GBPCHF,adp,,0.0,2026-02-06
GBPCHF,jolts,,0.0,2026-02-06
GBPCHF,jobless_claims,,0.0,2026-02-06
GBPCHF,rate_expectations,0.0,0.0,2026-02-06
GBPAUD,manufacturing_pmi,0.0,0.0,2026-02-06
GBPAUD,services_pmi,0.0,0.0,2026-02-06
GBPAUD,gdp_qoq,4.0,0.7291666666666666,2026-02-06
GBPAUD,retail_sales,-2.0,0.0,2026-02-06
GBPAUD,cpi_yoy,-1.0,-0.20833333333333331,2026-02-06
GBPAUD,core_cpi,-1.0,-0.20833333333333331,2026-02-06
GBPAUD,core_pce,,0.0,2026-02-06
GBPAUD,ppi_yoy,0.0,0.0,2026-02-06
GBPAUD,employment_change,-1.0,-0.20833333333333331,2026-02-06
GBPAUD,unemployment_rate,-2.0,-0.41666666666666663,2026-02-06
GBPAUD,wage_growth,0.0,0.0,2026-02-06
GBPAUD,adp,,0.0,2026-02-06
GBPAUD,jolts,,0.0,2026-02-06
GBPAUD,jobless_claims,,0.0,2026-02-06
GBPAUD,rate_expectations,-1.0,-0.625,2026-02-06
GBPNZD,manufacturing_pmi,0.0,0.0,2026-02-06
GBPNZD,services_pmi,0.0,0.0,2026-02-06
GBPNZD,gdp_qoq,2.0,0.3125,2026-02-06
GBPNZD,retail_sales,-1.0,-0.20833333333333331,2026-02-06
GBPNZD,cpi_yoy,0.0,0.0,2026-02-06
GBPNZD,core_cpi,0.0,0.0,2026-02-06
GBPNZD,core_pce,,0.0,2026-02-06
GBPNZD,ppi_yoy,0.0,0.0,2026-02-06
GBPNZD,employment_change,0.0,0.0,2026-02-06
GBPNZD,unemployment_rate,1.0,0.2777777777777778,2026-02-06
GBPNZD,wage_growth,1.0,0.2777777777777778,2026-02-06
GBPNZD,adp,,0.0,2026-02-06
GBPNZD,jolts,,0.0,2026-02-06
GBPNZD,jobless_claims,,0.0,2026-02-06
GBPNZD,rate_expectations,0.0,0.0,2026-02-06
GBPCAD,manufacturing_pmi,0.0,0.0,2026-02-06
GBPCAD,services_pmi,0.0,0.0,2026-02-06
GBPCAD,gdp_qoq,2.0,0.3125,2026-02-06
GBPCAD,retail_sales,0.0,0.0,2026-02-06
GBPCAD,cpi_yoy,-1.0,-0.20833333333333331,2026-02-06
GBPCAD,core_cpi,0.0,0.0,2026-02-06
GBPCAD,core_pce,,0.0,2026-02-06
GBPCAD,ppi_yoy,2.0,0.41666666666666663,2026-02-06
GBPCAD,employment_change,0.0,0.0,2026-02-06
GBPCAD,unemployment_rate,1.0,0.3125,2026-02-06
GBPCAD,wage_growth,0.0,0.0,2026-02-06
GBPCAD,adp,,0.0,2026-02-06
GBPCAD,jolts,,0.0,2026-02-06
GBPCAD,jobless_claims,,0.0,2026-02-06
GBPCAD,rate_expectations,0.0,0.0,2026-02-06
AUDJPY,manufacturing_pmi,-1.0,-0.3125,2026-02-06
AUDJPY,services_pmi,0.0,0.0,2026-02-06
AUDJPY,gdp_qoq,-2.0,-0.41666666666666663,2026-02-06
AUDJPY,retail_sales,3.0,0.3125,2026-02-06
AUDJPY,cpi_yoy,1.0,0.20833333333333331,2026-02-06
AUDJPY,core_cpi,1.0,0.20833333333333331,2026-02-06
AUDJPY,core_pce,,0.0,2026-02-06
AUDJPY,ppi_yoy,0.0,0.0,2026-02-06
AUDJPY,employment_change,1.0,0.20833333333333331,2026-02-06
AUDJPY,unemployment_rate,2.0,0.41666666666666663,2026-02-06
AUDJPY,wage_growth,2.0,0.625,2026-02-06
AUDJPY,adp,,0.0,2026-02-06
AUDJPY,jolts,,0.0,2026-02-06
AUDJPY,jobless_claims,,0.0,2026-02-06
AUDJPY,rate_expectations,-1.0,-0.625,2026-02-06
NZDJPY,manufacturing_pmi,-1.0,-0.3125,2026-02-06
NZDJPY,services_pmi,0.0,0.0,2026-02-06
NZDJPY,gdp_qoq,0.0,0.0,2026-02-06
NZDJPY,retail_sales,2.0,0.5208333333333333,2026-02-06
NZDJPY,cpi_yoy,0.0,0.0,2026-02-06
NZDJPY,core_cpi,0.0,0.0,2026-02-06
NZDJPY,core_pce,,0.0,2026-02-06
NZDJPY,ppi_yoy,0.0,0.0,2026-02-06
NZDJPY,employment_change,0.0,0.0,2026-02-06
NZDJPY,unemployment_rate,-1.0,-0.2777777777777778,2026-02-06
NZDJPY,wage_growth,1.0,0.3472222222222222,2026-02-06
NZDJPY,adp,,0.0,2026-02-06
NZDJPY,jolts,,0.0,2026-02-06
NZDJPY,jobless_claims,,0.0,2026-02-06
NZDJPY,rate_expectations,-2.0,-1.25,2026-02-06
CADJPY,manufacturing_pmi,-1.0,-0.3125,2026-02-06
CADJPY,services_pmi,,0.0,2026-02-06
CADJPY,gdp_qoq,0.0,0.0,2026-02-06
CADJPY,retail_sales,1.0,0.3125,2026-02-06
CADJPY,cpi_yoy,1.0,0.20833333333333331,2026-02-06
CADJPY,core_cpi,0.0,0.0,2026-02-06
CADJPY,core_pce,,0.0,2026-02-06
CADJPY,ppi_yoy,-2.0,-0.41666666666666663,2026-02-06
CADJPY,employment_change,0.0,0.0,2026-02-06
CADJPY,unemployment_rate,-1.0,-0.3125,2026-02-06
CADJPY,wage_growth,2.0,0.625,2026-02-06
CADJPY,adp,,0.0,2026-02-06
CADJPY,jolts,,0.0,2026-02-06
CADJPY,jobless_claims,,0.0,2026-02-06
CADJPY,rate_expectations,-2.0,-1.25,2026-02-06
CHFJPY,manufacturing_pmi,0.0,-0.03472222222222221,2026-02-06
CHFJPY,services_pmi,,0.0,2026-02-06
CHFJPY,gdp_qoq,-1.0,-0.2777777777777778,2026-02-06
CHFJPY,retail_sales,1.0,0.3125,2026-02-06
CHFJPY,cpi_yoy,-1.0,0.0,2026-02-06
CHFJPY,core_cpi,0.0,0.0,2026-02-06
CHFJPY,core_pce,,0.0,2026-02-06
CHFJPY,ppi_yoy,0.0,0.0,2026-02-06
CHFJPY,employment_change,,0.0,2026-02-06
CHFJPY,unemployment_rate,0.0,0.0,2026-02-06
CHFJPY,wage_growth,2.0,0.625,2026-02-06
CHFJPY,adp,,0.0,2026-02-06
CHFJPY,jolts,,0.0,2026-02-06
CHFJPY,jobless_claims,,0.0,2026-02-06
CHFJPY,rate_expectations,-2.0,-1.25,2026-02-06
AUDNZD,manufacturing_pmi,0.0,0.0,2026-02-06
AUDNZD,services_pmi,0.0,0.0,2026-02-06
AUDNZD,gdp_qoq,-2.0,-0.41666666666666663,2026-02-06
AUDNZD,retail_sales,1.0,-0.20833333333333331,2026-02-06
AUDNZD,cpi_yoy,1.0,0.20833333333333331,2026-02-06
AUDNZD,core_cpi,1.0,0.20833333333333331,2026-02-06
AUDNZD,core_pce,,0.0,2026-02-06
AUDNZD,ppi_yoy,0.0,0.0,2026-02-06
AUDNZD,employment_change,1.0,0.20833333333333331,2026-02-06
AUDNZD,unemployment_rate,3.0,0.6944444444444444,2026-02-06
AUDNZD,wage_growth,1.0,0.2777777777777778,2026-02-06
AUDNZD,adp,,0.0,2026-02-06
AUDNZD,jolts,,0.0,2026-02-06
AUDNZD,jobless_claims,,0.0,2026-02-06
AUDNZD,rate_expectations,1.0,0.625,2026-02-06
AUDCAD,manufacturing_pmi,0.0,0.0,2026-02-06
AUDCAD,services_pmi,0.0,0.0,2026-02-06
AUDCAD,gdp_qoq,-2.0,-0.41666666666666663,2026-02-06
AUDCAD,retail_sales,2.0,0.0,2026-02-06
AUDCAD,cpi_yoy,0.0,0.0,2026-02-06
AUDCAD,core_cpi,1.0,0.20833333333333331,2026-02-06
AUDCAD,core_pce,,0.0,2026-02-06
AUDCAD,ppi_yoy,2.0,0.41666666666666663,2026-02-06
AUDCAD,employment_change,1.0,0.20833333333333331,2026-02-06
AUDCAD,unemployment_rate,3.0,0.7291666666666666,2026-02-06
AUDCAD,wage_growth,0.0,0.0,2026-02-06
AUDCAD,adp,,0.0,2026-02-06
AUDCAD,jolts,,0.0,2026-02-06
AUDCAD,jobless_claims,,0.0,2026-02-06
AUDCAD,rate_expectations,1.0,0.625,2026-02-06
AUDCHF,manufacturing_pmi,-1.0,-0.2777777777777778,2026-02-06
AUDCHF,services_pmi,0.0,0.0,2026-02-06
AUDCHF,gdp_qoq,-1.0,-0.13888888888888884,2026-02-06
AUDCHF,retail_sales,2.0,0.0,2026-02-06
AUDCHF,cpi_yoy,2.0,0.20833333333333331,2026-02-06
AUDCHF,core_cpi,1.0,0.20833333333333331,2026-02-06
AUDCHF,core_pce,,0.0,2026-02-06
AUDCHF,ppi_yoy,0.0,0.0,2026-02-06
AUDCHF,employment_change,1.0,0.20833333333333331,2026-02-06
AUDCHF,unemployment_rate,2.0,0.41666666666666663,2026-02-06
AUDCHF,wage_growth,0.0,0.0,2026-02-06
AUDCHF,adp,,0.0,2026-02-06
AUDCHF,jolts,,0.0,2026-02-06
AUDCHF,jobless_claims,,0.0,2026-02-06
AUDCHF,rate_expectations,1.0,0.625,2026-02-06
NZDCAD,manufacturing_pmi,0.0,0.0,2026-02-06
NZDCAD,services_pmi,0.0,0.0,2026-02-06
NZDCAD,gdp_qoq,0.0,0.0,2026-02-06
NZDCAD,retail_sales,1.0,0.20833333333333331,2026-02-06
NZDCAD,cpi_yoy,-1.0,-0.20833333333333331,2026-02-06
NZDCAD,core_cpi,0.0,0.0,2026-02-06
NZDCAD,core_pce,,0.0,2026-02-06
NZDCAD,ppi_yoy,2.0,0.41666666666666663,2026-02-06
NZDCAD,employment_change,0.0,0.0,2026-02-06
NZDCAD,unemployment_rate,0.0,0.03472222222222221,2026-02-06
NZDCAD,wage_growth,-1.0,-0.2777777777777778,2026-02-06
NZDCAD,adp,,0.0,2026-02-06
NZDCAD,jolts,,0.0,2026-02-06
NZDCAD,jobless_claims,,0.0,2026-02-06
NZDCAD,rate_expectations,0.0,0.0,2026-02-06
NZDCHF,manufacturing_pmi,-1.0,-0.2777777777777778,2026-02-06
NZDCHF,services_pmi,0.0,0.0,2026-02-06
NZDCHF,gdp_qoq,1.0,0.2777777777777778,2026-02-06
NZDCHF,retail_sales,1.0,0.20833333333333331,2026-02-06
NZDCHF,cpi_yoy,1.0,0.0,2026-02-06
NZDCHF,core_cpi,,0.0,2026-02-06
NZDCHF,core_pce,,0.0,2026-02-06
NZDCHF,ppi_yoy,0.0,0.0,2026-02-06
NZDCHF,employment_change,0.0,0.0,2026-02-06
NZDCHF,unemployment_rate,-1.0,-0.2777777777777778,2026-02-06
NZDCHF,wage_growth,-1.0,-0.2777777777777778,2026-02-06
NZDCHF,adp,,0.0,2026-02-06
NZDCHF,jolts,,0.0,2026-02-06
NZDCHF,jobless_claims,,0.0,2026-02-06
NZDCHF,rate_expectations,,0.0,2026-02-06
CADCHF,manufacturing_pmi,-1.0,-0.2777777777777778,2026-02-06
CADCHF,services_pmi,,0.0,2026-02-06
CADCHF,gdp_qoq,1.0,0.2777777777777778,2026-02-06
CADCHF,retail_sales,0.0,0.0,2026-02-06
CADCHF,cpi_yoy,2.0,0.20833333333333331,2026-02-06
CADCHF,core_cpi,0.0,0.0,2026-02-06
CADCHF,core_pce,,0.0,2026-02-06
CADCHF,ppi_yoy,-2.0,-0.41666666666666663,2026-02-06
CADCHF,employment_change,0.0,0.0,2026-02-06
CADCHF,unemployment_rate,-1.0,-0.3125,2026-02-06
CADCHF,wage_growth,,0.0,2026-02-06
CADCHF,adp,,0.0,2026-02-06
CADCHF,jolts,,0.0,2026-02-06
CADCHF,jobless_claims,,0.0,2026-02-06
CADCHF,rate_expectations,0.0,0.0,2026-02-06
EURUSD,manufacturing_pmi,-2.0,-0.41666666666666663,2026-02-13
EURUSD,services_pmi,0.0,0.0,2026-02-13
EURUSD,gdp_qoq,1.0,0.15625,2026-02-13
EURUSD,retail_sales,-1.0,-0.10416666666666669,2026-02-13
EURUSD,cpi_yoy,0.0,0.0,2026-02-13
EURUSD,core_cpi,0.0,-0.052083333333333315,2026-02-13
EURUSD,core_pce,0.0,0.0,2026-02-13
EURUSD,ppi_yoy,0.0,0.0,2026-02-13
EURUSD,employment_change,-1.0,-0.10416666666666666,2026-02-13
EURUSD,unemployment_rate,0.0,0.20833333333333334,2026-02-13
EURUSD,wage_growth,-1.0,-0.10416666666666666,2026-02-13
EURUSD,adp,0.0,0.0,2026-02-13
EURUSD,jolts,2.0,0.20833333333333331,2026-02-13
EURUSD,jobless_claims,0.0,0.0,2026-02-13
EURUSD,rate_expectations,0.0,0.0,2026-02-13
GBPUSD,manufacturing_pmi,-2.0,-0.41666666666666663,2026-02-13
GBPUSD,services_pmi,0.0,0.0,2026-02-13
GBPUSD,gdp_qoq,0.0,0.0,2026-02-13
GBPUSD,retail_sales,1.0,0.20833333333333331,2026-02-13
GBPUSD,cpi_yoy,0.0,0.0,2026-02-13
GBPUSD,core_cpi,1.0,0.15625,2026-02-13
GBPUSD,core_pce,0.0,0.0,2026-02-13
GBPUSD,ppi_yoy,0.0,0.0,2026-02-13
GBPUSD,employment_change,-1.0,-0.10416666666666666,2026-02-13
GBPUSD,unemployment_rate,-1.0,-0.10416666666666666,2026-02-13
GBPUSD,wage_growth,-1.0,-0.10416666666666666,2026-02-13
GBPUSD,adp,0.0,0.0,2026-02-13
GBPUSD,jolts,2.0,0.20833333333333331,2026-02-13
GBPUSD,jobless_claims,0.0,0.0,2026-02-13
GBPUSD,rate_expectations,1.0,0.625,2026-02-13
USDJPY,manufacturing_pmi,1.0,0.10416666666666663,2026-02-13
USDJPY,services_pmi,0.0,0.0,2026-02-13
USDJPY,gdp_qoq,0.0,0.0,2026-02-13
USDJPY,retail_sales,0.0,0.10416666666666669,2026-02-13
USDJPY,cpi_yoy,0.0,0.0,2026-02-13
USDJPY,core_cpi,-1.0,-0.15625,2026-02-13
USDJPY,core_pce,0.0,0.0,2026-02-13
USDJPY,ppi_yoy,0.0,0.0,2026-02-13
USDJPY,employment_change,1.0,0.10416666666666666,2026-02-13
USDJPY,unemployment_rate,1.0,0.10416666666666666,2026-02-13
USDJPY,wage_growth,1.0,0.10416666666666666,2026-02-13
USDJPY,adp,0.0,0.0,2026-02-13
USDJPY,jolts,-2.0,-0.20833333333333331,2026-02-13
USDJPY,jobless_claims,0.0,0.0,2026-02-13
USDJPY,rate_expectations,-3.0,-1.875,2026-02-13
USDCHF,manufacturing_pmi,1.0,0.13888888888888884,2026-02-13
USDCHF,services_pmi,0.0,0.0,2026-02-13
USDCHF,gdp_qoq,1.0,0.2777777777777778,2026-02-13
USDCHF,retail_sales,-1.0,-0.20833333333333331,2026-02-13
USDCHF,cpi_yoy,1.0,0.0,2026-02-13
USDCHF,core_cpi,-1.0,-0.15625,2026-02-13
USDCHF,core_pce,0.0,0.0,2026-02-13
USDCHF,ppi_yoy,0.0,0.0,2026-02-13
USDCHF,employment_change,1.0,0.10416666666666666,2026-02-13
USDCHF,unemployment_rate,-1.0,-1.5624999999999998,2026-02-13
USDCHF,wage_growth,1.0,0.10416666666666666,2026-02-13
USDCHF,adp,0.0,0.0,2026-02-13
USDCHF,jolts,-2.0,-0.20833333333333331,2026-02-13
USDCHF,jobless_claims,0.0,0.0,2026-02-13
USDCHF,rate_expectations,-1.0,-0.625,2026-02-13
USDCAD,manufacturing_pmi,2.0,0.41666666666666663,2026-02-13
USDCAD,services_pmi,0.0,0.0,2026-02-13
USDCAD,gdp_qoq,0.0,0.0,2026-02-13
USDCAD,retail_sales,-1.0,-0.20833333333333331,2026-02-13
USDCAD,cpi_yoy,-1.0,-0.20833333333333331,2026-02-13
USDCAD,core_cpi,-1.0,-0.15625,2026-02-13
USDCAD,core_pce,0.0,0.0,2026-02-13
USDCAD,ppi_yoy,2.0,0.41666666666666663,2026-02-13
USDCAD,employment_change,1.0,0.10416666666666666,2026-02-13
USDCAD,unemployment_rate,-1.0,-0.5208333333333334,2026-02-13
USDCAD,wage_growth,1.0,0.10416666666666666,2026-02-13
USDCAD,adp,0.0,0.0,2026-02-13
USDCAD,jolts,-2.0,-0.20833333333333331,2026-02-13
USDCAD,jobless_claims,0.0,0.0,2026-02-13
USDCAD,rate_expectations,-1.0,-0.625,2026-02-13
AUDUSD,manufacturing_pmi,-2.0,-0.41666666666666663,2026-02-13
AUDUSD,services_pmi,0.0,0.0,2026-02-13
AUDUSD,gdp_qoq,-2.0,-0.41666666666666663,2026-02-13
AUDUSD,retail_sales,3.0,0.20833333333333331,2026-02-13
AUDUSD,cpi_yoy,1.0,0.20833333333333331,2026-02-13
AUDUSD,core_cpi,2.0,0.3645833333333333,2026-02-13
AUDUSD,core_pce,0.0,0.0,2026-02-13
AUDUSD,ppi_yoy,0.0,0.0,2026-02-13
AUDUSD,employment_change,0.0,0.10416666666666666,2026-02-13
AUDUSD,unemployment_rate,1.0,0.3125,2026-02-13
AUDUSD,wage_growth,-1.0,-0.10416666666666666,2026-02-13
AUDUSD,adp,0.0,0.0,2026-02-13
AUDUSD,jolts,2.0,0.20833333333333331,2026-02-13
AUDUSD,jobless_claims,0.0,0.0,2026-02-13
AUDUSD,rate_expectations,2.0,1.25,2026-02-13
NZDUSD,manufacturing_pmi,-2.0,-0.41666666666666663,2026-02-13
NZDUSD,services_pmi,0.0,0.0,2026-02-13
NZDUSD,gdp_qoq,0.0,0.0,2026-02-13
NZDUSD,retail_sales,2.0,0.41666666666666663,2026-02-13
NZDUSD,cpi_yoy,0.0,0.0,2026-02-13
NZDUSD,core_cpi,1.0,0.15625,2026-02-13
NZDUSD,core_pce,0.0,0.0,2026-02-13
NZDUSD,ppi_yoy,0.0,0.0,2026-02-13
NZDUSD,employment_change,-1.0,-0.10416666666666666,2026-02-13
NZDUSD,unemployment_rate,-2.0,-0.3819444444444444,2026-02-13
NZDUSD,wage_growth,-2.0,-0.3819444444444444,2026-02-13
NZDUSD,adp,0.0,0.0,2026-02-13
NZDUSD,jolts,2.0,0.20833333333333331,2026-02-13
NZDUSD,jobless_claims,0.0,0.0,2026-02-13
NZDUSD,rate_expectations,1.0,0.625,2026-02-13
EURGBP,manufacturing_pmi,0.0,0.0,2026-02-13
EURGBP,services_pmi,0.0,0.0,2026-02-13
EURGBP,gdp_qoq,1.0,0.15625,2026-02-13
EURGBP,retail_sales,-2.0,-0.3125,2026-02-13
EURGBP,cpi_yoy,0.0,0.0,2026-02-13
EURGBP,core_cpi,-1.0,-0.20833333333333331,2026-02-13
EURGBP,core_pce,,0.0,2026-02-13
EURGBP,ppi_yoy,0.0,0.0,2026-02-13
EURGBP,employment_change,0.0,0.0,2026-02-13
EURGBP,unemployment_rate,1.0,0.3125,2026-02-13
EURGBP,wage_growth,0.0,0.0,2026-02-13
EURGBP,adp,,0.0,2026-02-13
EURGBP,jolts,,0.0,2026-02-13
EURGBP,jobless_claims,,0.0,2026-02-13
EURGBP,rate_expectations,-1.0,-0.625,2026-02-13
EURJPY,manufacturing_pmi,-1.0,-0.3125,2026-02-13
EURJPY,services_pmi,0.0,0.0,2026-02-13
EURJPY,gdp_qoq,1.0,0.15625,2026-02-13
EURJPY,retail_sales,-1.0,0.0,2026-02-13
EURJPY,cpi_yoy,0.0,0.0,2026-02-13
EURJPY,core_cpi,-1.0,-0.20833333333333331,2026-02-13
EURJPY,core_pce,,0.0,2026-02-13
EURJPY,ppi_yoy,0.0,0.0,2026-02-13
EURJPY,employment_change,0.0,0.0,2026-02-13
EURJPY,unemployment_rate,1.0,0.3125,2026-02-13
EURJPY,wage_growth,0.0,0.0,2026-02-13
EURJPY,adp,,0.0,2026-02-13
EURJPY,jolts,,0.0,2026-02-13
EURJPY,jobless_claims,,0.0,2026-02-13
EURJPY,rate_expectations,-3.0,-1.875,2026-02-13
EURCHF,manufacturing_pmi,-1.0,-0.2777777777777778,2026-02-13
EURCHF,services_pmi,0.0,0.0,2026-02-13
EURCHF,gdp_qoq,2.0,0.4340277777777778,2026-02-13
EURCHF,retail_sales,-2.0,-0.3125,2026-02-13
EURCHF,cpi_yoy,1.0,0.0,2026-02-13
EURCHF,core_cpi,-1.0,-0.20833333333333331,2026-02-13
EURCHF,core_pce,,0.0,2026-02-13
EURCHF,ppi_yoy,0.0,0.0,2026-02-13
EURCHF,employment_change,0.0,0.0,2026-02-13
EURCHF,unemployment_rate,-1.0,-1.3541666666666665,2026-02-13
EURCHF,wage_growth,,0.0,2026-02-13
EURCHF,adp,,0.0,2026-02-13
EURCHF,jolts,,0.0,2026-02-13
EURCHF,jobless_claims,,0.0,2026-02-13
EURCHF,rate_expectations,-1.0,-0.625,2026-02-13
EURAUD,manufacturing_pmi,0.0,0.0,2026-02-13
EURAUD,services_pmi,0.0,0.0,2026-02-13
EURAUD,gdp_qoq,3.0,0.5729166666666666,2026-02-13
EURAUD,retail_sales,-4.0,-0.3125,2026-02-13
EURAUD,cpi_yoy,-1.0,-0.20833333333333331,2026-02-13
EURAUD,core_cpi,-2.0,-0.41666666666666663,2026-02-13
EURAUD,core_pce,,0.0,2026-02-13
EURAUD,ppi_yoy,0.0,0.0,2026-02-13
EURAUD,employment_change,-1.0,-0.20833333333333331,2026-02-13
EURAUD,unemployment_rate,-1.0,-0.10416666666666663,2026-02-13
EURAUD,wage_growth,0.0,0.0,2026-02-13
EURAUD,adp,,0.0,2026-02-13
EURAUD,jolts,,0.0,2026-02-13
EURAUD,jobless_claims,,0.0,2026-02-13
EURAUD,rate_expectations,-2.0,-1.25,2026-02-13
EURNZD,manufacturing_pmi,0.0,0.0,2026-02-13
EURNZD,services_pmi,0.0,0.0,2026-02-13
EURNZD,gdp_qoq,1.0,0.15625,2026-02-13
EURNZD,retail_sales,-3.0,-0.5208333333333333,2026-02-13
EURNZD,cpi_yoy,0.0,0.0,2026-02-13
EURNZD,core_cpi,-1.0,-0.20833333333333331,2026-02-13
EURNZD,core_pce,,0.0,2026-02-13
EURNZD,ppi_yoy,0.0,0.0,2026-02-13
EURNZD,employment_change,0.0,0.0,2026-02-13
EURNZD,unemployment_rate,2.0,0.5902777777777778,2026-02-13
EURNZD,wage_growth,1.0,0.2777777777777778,2026-02-13
EURNZD,adp,,0.0,2026-02-13
EURNZD,jolts,,0.0,2026-02-13
EURNZD,jobless_claims,,0.0,2026-02-13
EURNZD,rate_expectations,-1.0,-0.625,2026-02-13
EURCAD,manufacturing_pmi,0.0,0.0,2026-02-13
EURCAD,services_pmi,0.0,0.0,2026-02-13
EURCAD,gdp_qoq,1.0,0.15625,2026-02-13
EURCAD,retail_sales,-2.0,-0.3125,2026-02-13
EURCAD,cpi_yoy,-1.0,-0.20833333333333331,2026-02-13
EURCAD,core_cpi,-1.0,-0.20833333333333331,2026-02-13
EURCAD,core_pce,,0.0,2026-02-13
EURCAD,ppi_yoy,2.0,0.41666666666666663,2026-02-13
EURCAD,employment_change,0.0,0.0,2026-02-13
EURCAD,unemployment_rate,-1.0,-0.3125,2026-02-13
EURCAD,wage_growth,,0.0,2026-02-13
EURCAD,adp,,0.0,2026-02-13
EURCAD,jolts,,0.0,2026-02-13
EURCAD,jobless_claims,,0.0,2026-02-13
EURCAD,rate_expectations,-1.0,-0.625,2026-02-13
GBPJPY,manufacturing_pmi,-1.0,-0.3125,2026-02-13
GBPJPY,services_pmi,0.0,0.0,2026-02-13
GBPJPY,gdp_qoq,0.0,0.0,2026-02-13
GBPJPY,retail_sales,1.0,0.3125,2026-02-13
GBPJPY,cpi_yoy,0.0,0.0,2026-02-13
GBPJPY,core_cpi,0.0,0.0,2026-02-13
GBPJPY,core_pce,,0.0,2026-02-13
GBPJPY,ppi_yoy,0.0,0.0,2026-02-13
GBPJPY,employment_change,0.0,0.0,2026-02-13
GBPJPY,unemployment_rate,0.0,0.0,2026-02-13
GBPJPY,wage_growth,0.0,0.0,2026-02-13
GBPJPY,adp,,0.0,2026-02-13
GBPJPY,jolts,,0.0,2026-02-13
GBPJPY,jobless_claims,,0.0,2026-02-13
GBPJPY,rate_expectations,-2.0,-1.25,2026-02-13
GBPCHF,manufacturing_pmi,-1.0,-0.2777777777777778,2026-02-13
GBPCHF,services_pmi,0.0,0.0,2026-02-13
GBPCHF,gdp_qoq,1.0,0.2777777777777778,2026-02-13
GBPCHF,retail_sales,0.0,0.0,2026-02-13
GBPCHF,cpi_yoy,1.0,0.0,2026-02-13
GBPCHF,core_cpi,0.0,0.0,2026-02-13
GBPCHF,core_pce,,0.0,2026-02-13
GBPCHF,ppi_yoy,0.0,0.0,2026-02-13
GBPCHF,employment_change,0.0,0.0,2026-02-13
GBPCHF,unemployment_rate,-2.0,-1.6666666666666665,2026-02-13
GBPCHF,wage_growth,0.0,0.0,2026-02-13
GBPCHF,adp,,0.0,2026-02-13
GBPCHF,jolts,,0.0,2026-02-13
GBPCHF,jobless_claims,,0.0,2026-02-13
GBPCHF,rate_expectations,0.0,0.0,2026-02-13
GBPAUD,manufacturing_pmi,0.0,0.0,2026-02-13
GBPAUD,services_pmi,0.0,0.0,2026-02-13
GBPAUD,gdp_qoq,2.0,0.41666666666666663,2026-02-13
GBPAUD,retail_sales,-2.0,0.0,2026-02-13
GBPAUD,cpi_yoy,-1.0,-0.20833333333333331,2026-02-13
GBPAUD,core_cpi,-1.0,-0.20833333333333331,2026-02-13
GBPAUD,core_pce,,0.0,2026-02-13
GBPAUD,ppi_yoy,0.0,0.0,2026-02-13
GBPAUD,employment_change,-1.0,-0.20833333333333331,2026-02-13
GBPAUD,unemployment_rate,-2.0,-0.41666666666666663,2026-02-13
GBPAUD,wage_growth,0.0,0.0,2026-02-13
GBPAUD,adp,,0.0,2026-02-13
GBPAUD,jolts,,0.0,2026-02-13
GBPAUD,jobless_claims,,0.0,2026-02-13
GBPAUD,rate_expectations,-1.0,-0.625,2026-02-13
GBPNZD,manufacturing_pmi,0.0,0.0,2026-02-13
GBPNZD,services_pmi,0.0,0.0,2026-02-13
GBPNZD,gdp_qoq,0.0,0.0,2026-02-13
GBPNZD,retail_sales,-1.0,-0.20833333333333331,2026-02-13
GBPNZD,cpi_yoy,0.0,0.0,2026-02-13
GBPNZD,core_cpi,0.0,0.0,2026-02-13
GBPNZD,core_pce,,0.0,2026-02-13
GBPNZD,ppi_yoy,0.0,0.0,2026-02-13
GBPNZD,employment_change,0.0,0.0,2026-02-13
GBPNZD,unemployment_rate,1.0,0.2777777777777778,2026-02-13
GBPNZD,wage_growth,1.0,0.2777777777777778,2026-02-13
GBPNZD,adp,,0.0,2026-02-13
GBPNZD,jolts,,0.0,2026-02-13
GBPNZD,jobless_claims,,0.0,2026-02-13
GBPNZD,rate_expectations,0.0,0.0,2026-02-13
GBPCAD,manufacturing_pmi,0.0,0.0,2026-02-13
GBPCAD,services_pmi,0.0,0.0,2026-02-13
GBPCAD,gdp_qoq,0.0,0.0,2026-02-13
GBPCAD,retail_sales,0.0,0.0,2026-02-13
GBPCAD,cpi_yoy,-1.0,-0.20833333333333331,2026-02-13
GBPCAD,core_cpi,0.0,0.0,2026-02-13
GBPCAD,core_pce,,0.0,2026-02-13
GBPCAD,ppi_yoy,2.0,0.41666666666666663,2026-02-13
GBPCAD,employment_change,0.0,0.0,2026-02-13
GBPCAD,unemployment_rate,-2.0,-0.625,2026-02-13
GBPCAD,wage_growth,0.0,0.0,2026-02-13
GBPCAD,adp,,0.0,2026-02-13
GBPCAD,jolts,,0.0,2026-02-13
GBPCAD,jobless_claims,,0.0,2026-02-13
GBPCAD,rate_expectations,0.0,0.0,2026-02-13
AUDJPY,manufacturing_pmi,-1.0,-0.3125,2026-02-13
AUDJPY,services_pmi,0.0,0.0,2026-02-13
AUDJPY,gdp_qoq,-2.0,-0.41666666666666663,2026-02-13
AUDJPY,retail_sales,3.0,0.3125,2026-02-13
AUDJPY,cpi_yoy,1.0,0.20833333333333331,2026-02-13
AUDJPY,core_cpi,1.0,0.20833333333333331,2026-02-13
AUDJPY,core_pce,,0.0,2026-02-13
AUDJPY,ppi_yoy,0.0,0.0,2026-02-13
AUDJPY,employment_change,1.0,0.20833333333333331,2026-02-13
AUDJPY,unemployment_rate,2.0,0.41666666666666663,2026-02-13
AUDJPY,wage_growth,0.0,0.0,2026-02-13
AUDJPY,adp,,0.0,2026-02-13
AUDJPY,jolts,,0.0,2026-02-13
AUDJPY,jobless_claims,,0.0,2026-02-13
AUDJPY,rate_expectations,-1.0,-0.625,2026-02-13
NZDJPY,manufacturing_pmi,-1.0,-0.3125,2026-02-13
NZDJPY,services_pmi,0.0,0.0,2026-02-13
NZDJPY,gdp_qoq,0.0,0.0,2026-02-13
NZDJPY,retail_sales,2.0,0.5208333333333333,2026-02-13
NZDJPY,cpi_yoy,0.0,0.0,2026-02-13
NZDJPY,core_cpi,0.0,0.0,2026-02-13
NZDJPY,core_pce,,0.0,2026-02-13
NZDJPY,ppi_yoy,0.0,0.0,2026-02-13
NZDJPY,employment_change,0.0,0.0,2026-02-13
NZDJPY,unemployment_rate,-1.0,-0.2777777777777778,2026-02-13
NZDJPY,wage_growth,-1.0,-0.2777777777777778,2026-02-13
NZDJPY,adp,,0.0,2026-02-13
NZDJPY,jolts,,0.0,2026-02-13
NZDJPY,jobless_claims,,0.0,2026-02-13
NZDJPY,rate_expectations,-2.0,-1.25,2026-02-13
CADJPY,manufacturing_pmi,-1.0,-0.3125,2026-02-13
CADJPY,services_pmi,,0.0,2026-02-13
CADJPY,gdp_qoq,0.0,0.0,2026-02-13
CADJPY,retail_sales,1.0,0.3125,2026-02-13
CADJPY,cpi_yoy,1.0,0.20833333333333331,2026-02-13
CADJPY,core_cpi,0.0,0.0,2026-02-13
CADJPY,core_pce,,0.0,2026-02-13
CADJPY,ppi_yoy,-2.0,-0.41666666666666663,2026-02-13
CADJPY,employment_change,0.0,0.0,2026-02-13
CADJPY,unemployment_rate,2.0,0.625,2026-02-13
CADJPY,wage_growth,0.0,0.0,2026-02-13
CADJPY,adp,,0.0,2026-02-13
CADJPY,jolts,,0.0,2026-02-13
CADJPY,jobless_claims,,0.0,2026-02-13
CADJPY,rate_expectations,-2.0,-1.25,2026-02-13
CHFJPY,manufacturing_pmi,0.0,-0.03472222222222221,2026-02-13
CHFJPY,services_pmi,,0.0,2026-02-13
CHFJPY,gdp_qoq,-1.0,-0.2777777777777778,2026-02-13
CHFJPY,retail_sales,1.0,0.3125,2026-02-13
CHFJPY,cpi_yoy,-1.0,0.0,2026-02-13
CHFJPY,core_cpi,0.0,0.0,2026-02-13
CHFJPY,core_pce,,0.0,2026-02-13
CHFJPY,ppi_yoy,0.0,0.0,2026-02-13
CHFJPY,employment_change,,0.0,2026-02-13
CHFJPY,unemployment_rate,2.0,1.6666666666666665,2026-02-13
CHFJPY,wage_growth,0.0,0.0,2026-02-13
CHFJPY,adp,,0.0,2026-02-13
CHFJPY,jolts,,0.0,2026-02-13
CHFJPY,jobless_claims,,0.0,2026-02-13
CHFJPY,rate_expectations,-2.0,-1.25,2026-02-13
AUDNZD,manufacturing_pmi,0.0,0.0,2026-02-13
AUDNZD,services_pmi,0.0,0.0,2026-02-13
AUDNZD,gdp_qoq,-2.0,-0.41666666666666663,2026-02-13
AUDNZD,retail_sales,1.0,-0.20833333333333331,2026-02-13
AUDNZD,cpi_yoy,1.0,0.20833333333333331,2026-02-13
AUDNZD,core_cpi,1.0,0.20833333333333331,2026-02-13
AUDNZD,core_pce,,0.0,2026-02-13
AUDNZD,ppi_yoy,0.0,0.0,2026-02-13
AUDNZD,employment_change,1.0,0.20833333333333331,2026-02-13
AUDNZD,unemployment_rate,3.0,0.6944444444444444,2026-02-13
AUDNZD,wage_growth,1.0,0.2777777777777778,2026-02-13
AUDNZD,adp,,0.0,2026-02-13
AUDNZD,jolts,,0.0,2026-02-13
AUDNZD,jobless_claims,,0.0,2026-02-13
AUDNZD,rate_expectations,1.0,0.625,2026-02-13
AUDCAD,manufacturing_pmi,0.0,0.0,2026-02-13
AUDCAD,services_pmi,0.0,0.0,2026-02-13
AUDCAD,gdp_qoq,-2.0,-0.41666666666666663,2026-02-13
AUDCAD,retail_sales,2.0,0.0,2026-02-13
AUDCAD,cpi_yoy,0.0,0.0,2026-02-13
AUDCAD,core_cpi,1.0,0.20833333333333331,2026-02-13
AUDCAD,core_pce,,0.0,2026-02-13
AUDCAD,ppi_yoy,2.0,0.41666666666666663,2026-02-13
AUDCAD,employment_change,1.0,0.20833333333333331,2026-02-13
AUDCAD,unemployment_rate,0.0,-0.20833333333333337,2026-02-13
AUDCAD,wage_growth,0.0,0.0,2026-02-13
AUDCAD,adp,,0.0,2026-02-13
AUDCAD,jolts,,0.0,2026-02-13
AUDCAD,jobless_claims,,0.0,2026-02-13
AUDCAD,rate_expectations,1.0,0.625,2026-02-13
AUDCHF,manufacturing_pmi,-1.0,-0.2777777777777778,2026-02-13
AUDCHF,services_pmi,0.0,0.0,2026-02-13
AUDCHF,gdp_qoq,-1.0,-0.13888888888888884,2026-02-13
AUDCHF,retail_sales,2.0,0.0,2026-02-13
AUDCHF,cpi_yoy,2.0,0.20833333333333331,2026-02-13
AUDCHF,core_cpi,1.0,0.20833333333333331,2026-02-13
AUDCHF,core_pce,,0.0,2026-02-13
AUDCHF,ppi_yoy,0.0,0.0,2026-02-13
AUDCHF,employment_change,1.0,0.20833333333333331,2026-02-13
AUDCHF,unemployment_rate,0.0,-1.25,2026-02-13
AUDCHF,wage_growth,0.0,0.0,2026-02-13
AUDCHF,adp,,0.0,2026-02-13
AUDCHF,jolts,,0.0,2026-02-13
AUDCHF,jobless_claims,,0.0,2026-02-13
AUDCHF,rate_expectations,1.0,0.625,2026-02-13
NZDCAD,manufacturing_pmi,0.0,0.0,2026-02-13
NZDCAD,services_pmi,0.0,0.0,2026-02-13
NZDCAD,gdp_qoq,0.0,0.0,2026-02-13
NZDCAD,retail_sales,1.0,0.20833333333333331,2026-02-13
NZDCAD,cpi_yoy,-1.0,-0.20833333333333331,2026-02-13
NZDCAD,core_cpi,0.0,0.0,2026-02-13
NZDCAD,core_pce,,0.0,2026-02-13
NZDCAD,ppi_yoy,2.0,0.41666666666666663,2026-02-13
NZDCAD,employment_change,0.0,0.0,2026-02-13
NZDCAD,unemployment_rate,-3.0,-0.9027777777777778,2026-02-13
NZDCAD,wage_growth,-1.0,-0.2777777777777778,2026-02-13
NZDCAD,adp,,0.0,2026-02-13
NZDCAD,jolts,,0.0,2026-02-13
NZDCAD,jobless_claims,,0.0,2026-02-13
NZDCAD,rate_expectations,0.0,0.0,2026-02-13
NZDCHF,manufacturing_pmi,-1.0,-0.2777777777777778,2026-02-13
NZDCHF,services_pmi,0.0,0.0,2026-02-13
NZDCHF,gdp_qoq,1.0,0.2777777777777778,2026-02-13
NZDCHF,retail_sales,1.0,0.20833333333333331,2026-02-13
NZDCHF,cpi_yoy,1.0,0.0,2026-02-13
NZDCHF,core_cpi,,0.0,2026-02-13
NZDCHF,core_pce,,0.0,2026-02-13
NZDCHF,ppi_yoy,0.0,0.0,2026-02-13
NZDCHF,employment_change,0.0,0.0,2026-02-13
NZDCHF,unemployment_rate,-3.0,-1.9444444444444442,2026-02-13
NZDCHF,wage_growth,-1.0,-0.2777777777777778,2026-02-13
NZDCHF,adp,,0.0,2026-02-13
NZDCHF,jolts,,0.0,2026-02-13
NZDCHF,jobless_claims,,0.0,2026-02-13
NZDCHF,rate_expectations,,0.0,2026-02-13
CADCHF,manufacturing_pmi,-1.0,-0.2777777777777778,2026-02-13
CADCHF,services_pmi,,0.0,2026-02-13
CADCHF,gdp_qoq,1.0,0.2777777777777778,2026-02-13
CADCHF,retail_sales,0.0,0.0,2026-02-13
CADCHF,cpi_yoy,2.0,0.20833333333333331,2026-02-13
CADCHF,core_cpi,0.0,0.0,2026-02-13
CADCHF,core_pce,,0.0,2026-02-13
CADCHF,ppi_yoy,-2.0,-0.41666666666666663,2026-02-13
CADCHF,employment_change,0.0,0.0,2026-02-13
CADCHF,unemployment_rate,0.0,-1.0416666666666665,2026-02-13
CADCHF,wage_growth,,0.0,2026-02-13
CADCHF,adp,,0.0,2026-02-13
CADCHF,jolts,,0.0,2026-02-13
CADCHF,jobless_claims,,0.0,2026-02-13
CADCHF,rate_expectations,0.0,0.0,2026-02-13
EURUSD,manufacturing_pmi,-2.0,-0.41666666666666663,2026-02-20
EURUSD,services_pmi,0.0,0.0,2026-02-20
EURUSD,gdp_qoq,1.0,0.15625,2026-02-20
EURUSD,retail_sales,-1.0,-0.10416666666666669,2026-02-20
EURUSD,cpi_yoy,0.0,0.0,2026-02-20
EURUSD,core_cpi,-1.0,-0.20833333333333331,2026-02-20
EURUSD,core_pce,0.0,0.0,2026-02-20
EURUSD,ppi_yoy,0.0,0.0,2026-02-20
EURUSD,employment_change,0.0,0.20833333333333334,2026-02-20
EURUSD,unemployment_rate,0.0,0.20833333333333334,2026-02-20
EURUSD,wage_growth,-1.0,-0.10416666666666666,2026-02-20
EURUSD,adp,0.0,0.0,2026-02-20
EURUSD,jolts,2.0,0.20833333333333331,2026-02-20
EURUSD,jobless_claims,-1.0,-0.10416666666666666,2026-02-20
EURUSD,rate_expectations,0.0,0.0,2026-02-20
GBPUSD,manufacturing_pmi,-2.0,-0.41666666666666663,2026-02-20
GBPUSD,services_pmi,0.0,0.0,2026-02-20
GBPUSD,gdp_qoq,0.0,0.0,2026-02-20
GBPUSD,retail_sales,1.0,0.20833333333333331,2026-02-20
GBPUSD,cpi_yoy,0.0,0.0,2026-02-20
GBPUSD,core_cpi,0.0,0.0,2026-02-20
GBPUSD,core_pce,0.0,0.0,2026-02-20
GBPUSD,ppi_yoy,0.0,0.0,2026-02-20
GBPUSD,employment_change,-1.0,-0.10416666666666666,2026-02-20
GBPUSD,unemployment_rate,-1.0,-0.10416666666666666,2026-02-20
GBPUSD,wage_growth,-3.0,-0.5208333333333333,2026-02-20
GBPUSD,adp,0.0,0.0,2026-02-20
GBPUSD,jolts,2.0,0.20833333333333331,2026-02-20
GBPUSD,jobless_claims,-1.0,-0.10416666666666666,2026-02-20
GBPUSD,rate_expectations,-1.0,-0.625,2026-02-20
USDJPY,manufacturing_pmi,1.0,0.20833333333333331,2026-02-20
USDJPY,services_pmi,0.0,0.0,2026-02-20
USDJPY,gdp_qoq,2.0,0.41666666666666663,2026-02-20
USDJPY,retail_sales,0.0,0.0,2026-02-20
USDJPY,cpi_yoy,0.0,0.0,2026-02-20
USDJPY,core_cpi,0.0,0.0,2026-02-20
USDJPY,core_pce,0.0,0.0,2026-02-20
USDJPY,ppi_yoy,0.0,0.0,2026-02-20
USDJPY,employment_change,1.0,0.10416666666666666,2026-02-20
USDJPY,unemployment_rate,1.0,0.10416666666666666,2026-02-20
USDJPY,wage_growth,1.0,0.10416666666666666,2026-02-20
USDJPY,adp,0.0,0.0,2026-02-20
USDJPY,jolts,-2.0,-0.20833333333333331,2026-02-20
USDJPY,jobless_claims,1.0,0.10416666666666666,2026-02-20
USDJPY,rate_expectations,-1.0,-0.625,2026-02-20
USDCHF,manufacturing_pmi,1.0,0.13888888888888884,2026-02-20
USDCHF,services_pmi,0.0,0.0,2026-02-20
USDCHF,gdp_qoq,1.0,0.2777777777777778,2026-02-20
USDCHF,retail_sales,-1.0,-0.20833333333333331,2026-02-20
USDCHF,cpi_yoy,0.0,0.0,2026-02-20
USDCHF,core_cpi,0.0,0.0,2026-02-20
USDCHF,core_pce,0.0,0.0,2026-02-20
USDCHF,ppi_yoy,0.0,0.0,2026-02-20
USDCHF,employment_change,1.0,0.10416666666666666,2026-02-20
USDCHF,unemployment_rate,-1.0,-1.5624999999999998,2026-02-20
USDCHF,wage_growth,1.0,0.10416666666666666,2026-02-20
USDCHF,adp,0.0,0.0,2026-02-20
USDCHF,jolts,-2.0,-0.20833333333333331,2026-02-20
USDCHF,jobless_claims,1.0,0.10416666666666666,2026-02-20
USDCHF,rate_expectations,-1.0,-0.625,2026-02-20
USDCAD,manufacturing_pmi,2.0,0.41666666666666663,2026-02-20
USDCAD,services_pmi,0.0,0.0,2026-02-20
USDCAD,gdp_qoq,0.0,0.0,2026-02-20
USDCAD,retail_sales,-1.0,-0.20833333333333331,2026-02-20
USDCAD,cpi_yoy,-1.0,-0.20833333333333331,2026-02-20
USDCAD,core_cpi,0.0,0.0,2026-02-20
USDCAD,core_pce,0.0,0.0,2026-02-20
USDCAD,ppi_yoy,2.0,0.41666666666666663,2026-02-20
USDCAD,employment_change,1.0,0.10416666666666666,2026-02-20
USDCAD,unemployment_rate,-1.0,-0.5208333333333334,2026-02-20
USDCAD,wage_growth,1.0,0.10416666666666666,2026-02-20
USDCAD,adp,0.0,0.0,2026-02-20
USDCAD,jolts,-2.0,-0.20833333333333331,2026-02-20
USDCAD,jobless_claims,1.0,0.10416666666666666,2026-02-20
USDCAD,rate_expectations,0.0,0.0,2026-02-20
AUDUSD,manufacturing_pmi,-2.0,-0.41666666666666663,2026-02-20
AUDUSD,services_pmi,0.0,0.0,2026-02-20
AUDUSD,gdp_qoq,-2.0,-0.41666666666666663,2026-02-20
AUDUSD,retail_sales,3.0,0.20833333333333331,2026-02-20
AUDUSD,cpi_yoy,1.0,0.3125,2026-02-20
AUDUSD,core_cpi,1.0,0.0,2026-02-20
AUDUSD,core_pce,0.0,0.0,2026-02-20
AUDUSD,ppi_yoy,0.0,0.0,2026-02-20
AUDUSD,employment_change,-1.0,-0.10416666666666666,2026-02-20
AUDUSD,unemployment_rate,0.0,0.10416666666666666,2026-02-20
AUDUSD,wage_growth,-1.0,-0.10416666666666666,2026-02-20
AUDUSD,adp,0.0,0.0,2026-02-20
AUDUSD,jolts,2.0,0.20833333333333331,2026-02-20
AUDUSD,jobless_claims,-1.0,-0.10416666666666666,2026-02-20
AUDUSD,rate_expectations,2.0,1.25,2026-02-20
NZDUSD,manufacturing_pmi,-2.0,-0.41666666666666663,2026-02-20
NZDUSD,services_pmi,0.0,0.0,2026-02-20
NZDUSD,gdp_qoq,0.0,0.0,2026-02-20
NZDUSD,retail_sales,2.0,0.41666666666666663,2026-02-20
NZDUSD,cpi_yoy,0.0,0.0,2026-02-20
NZDUSD,core_cpi,0.0,0.0,2026-02-20
NZDUSD,core_pce,0.0,0.0,2026-02-20
NZDUSD,ppi_yoy,0.0,0.0,2026-02-20
NZDUSD,employment_change,-1.0,-0.10416666666666666,2026-02-20
NZDUSD,unemployment_rate,-2.0,-0.3819444444444444,2026-02-20
NZDUSD,wage_growth,-2.0,-0.3819444444444444,2026-02-20
NZDUSD,adp,0.0,0.0,2026-02-20
NZDUSD,jolts,2.0,0.20833333333333331,2026-02-20
NZDUSD,jobless_claims,-1.0,-0.10416666666666666,2026-02-20
NZDUSD,rate_expectations,1.0,0.625,2026-02-20
EURGBP,manufacturing_pmi,0.0,0.0,2026-02-20
EURGBP,services_pmi,0.0,0.0,2026-02-20
EURGBP,gdp_qoq,1.0,0.15625,2026-02-20
EURGBP,retail_sales,-2.0,-0.3125,2026-02-20
EURGBP,cpi_yoy,0.0,0.0,2026-02-20
EURGBP,core_cpi,-1.0,-0.20833333333333331,2026-02-20
EURGBP,core_pce,,0.0,2026-02-20
EURGBP,ppi_yoy,0.0,0.0,2026-02-20
EURGBP,employment_change,1.0,0.3125,2026-02-20
EURGBP,unemployment_rate,1.0,0.3125,2026-02-20
EURGBP,wage_growth,2.0,0.41666666666666663,2026-02-20
EURGBP,adp,,0.0,2026-02-20
EURGBP,jolts,,0.0,2026-02-20
EURGBP,jobless_claims,,0.0,2026-02-20
EURGBP,rate_expectations,1.0,0.625,2026-02-20
EURJPY,manufacturing_pmi,-1.0,-0.20833333333333331,2026-02-20
EURJPY,services_pmi,0.0,0.0,2026-02-20
EURJPY,gdp_qoq,3.0,0.5729166666666666,2026-02-20
EURJPY,retail_sales,-1.0,-0.10416666666666669,2026-02-20
EURJPY,cpi_yoy,0.0,0.0,2026-02-20
EURJPY,core_cpi,-1.0,-0.20833333333333331,2026-02-20
EURJPY,core_pce,,0.0,2026-02-20
EURJPY,ppi_yoy,0.0,0.0,2026-02-20
EURJPY,employment_change,1.0,0.3125,2026-02-20
EURJPY,unemployment_rate,1.0,0.3125,2026-02-20
EURJPY,wage_growth,0.0,0.0,2026-02-20
EURJPY,adp,,0.0,2026-02-20
EURJPY,jolts,,0.0,2026-02-20
EURJPY,jobless_claims,,0.0,2026-02-20
EURJPY,rate_expectations,-1.0,-0.625,2026-02-20
EURCHF,manufacturing_pmi,-1.0,-0.2777777777777778,2026-02-20
EURCHF,services_pmi,0.0,0.0,2026-02-20
EURCHF,gdp_qoq,2.0,0.4340277777777778,2026-02-20
EURCHF,retail_sales,-2.0,-0.3125,2026-02-20
EURCHF,cpi_yoy,0.0,0.0,2026-02-20
EURCHF,core_cpi,-1.0,-0.20833333333333331,2026-02-20
EURCHF,core_pce,,0.0,2026-02-20
EURCHF,ppi_yoy,0.0,0.0,2026-02-20
EURCHF,employment_change,1.0,0.3125,2026-02-20
EURCHF,unemployment_rate,-1.0,-1.3541666666666665,2026-02-20
EURCHF,wage_growth,,0.0,2026-02-20
EURCHF,adp,,0.0,2026-02-20
EURCHF,jolts,,0.0,2026-02-20
EURCHF,jobless_claims,,0.0,2026-02-20
EURCHF,rate_expectations,-1.0,-0.625,2026-02-20
EURAUD,manufacturing_pmi,0.0,0.0,2026-02-20
EURAUD,services_pmi,0.0,0.0,2026-02-20
EURAUD,gdp_qoq,3.0,0.5729166666666666,2026-02-20
EURAUD,retail_sales,-4.0,-0.3125,2026-02-20
EURAUD,cpi_yoy,-1.0,-0.3125,2026-02-20
EURAUD,core_cpi,-2.0,-0.20833333333333331,2026-02-20
EURAUD,core_pce,,0.0,2026-02-20
EURAUD,ppi_yoy,0.0,0.0,2026-02-20
EURAUD,employment_change,1.0,0.3125,2026-02-20
EURAUD,unemployment_rate,0.0,0.10416666666666669,2026-02-20
EURAUD,wage_growth,0.0,0.0,2026-02-20
EURAUD,adp,,0.0,2026-02-20
EURAUD,jolts,,0.0,2026-02-20
EURAUD,jobless_claims,,0.0,2026-02-20
EURAUD,rate_expectations,-2.0,-1.25,2026-02-20
EURNZD,manufacturing_pmi,0.0,0.0,2026-02-20
EURNZD,services_pmi,0.0,0.0,2026-02-20
EURNZD,gdp_qoq,1.0,0.15625,2026-02-20
EURNZD,retail_sales,-3.0,-0.5208333333333333,2026-02-20
EURNZD,cpi_yoy,0.0,0.0,2026-02-20
EURNZD,core_cpi,-1.0,-0.20833333333333331,2026-02-20
EURNZD,core_pce,,0.0,2026-02-20
EURNZD,ppi_yoy,0.0,0.0,2026-02-20
EURNZD,employment_change,1.0,0.3125,2026-02-20
EURNZD,unemployment_rate,2.0,0.5902777777777778,2026-02-20
EURNZD,wage_growth,1.0,0.2777777777777778,2026-02-20
EURNZD,adp,,0.0,2026-02-20
EURNZD,jolts,,0.0,2026-02-20
EURNZD,jobless_claims,,0.0,2026-02-20
EURNZD,rate_expectations,-1.0,-0.625,2026-02-20
EURCAD,manufacturing_pmi,0.0,0.0,2026-02-20
EURCAD,services_pmi,0.0,0.0,2026-02-20
EURCAD,gdp_qoq,1.0,0.15625,2026-02-20
EURCAD,retail_sales,-2.0,-0.3125,2026-02-20
EURCAD,cpi_yoy,-1.0,-0.20833333333333331,2026-02-20
EURCAD,core_cpi,-1.0,-0.20833333333333331,2026-02-20
EURCAD,core_pce,,0.0,2026-02-20
EURCAD,ppi_yoy,2.0,0.41666666666666663,2026-02-20
EURCAD,employment_change,1.0,0.3125,2026-02-20
EURCAD,unemployment_rate,-1.0,-0.3125,2026-02-20
EURCAD,wage_growth,,0.0,2026-02-20
EURCAD,adp,,0.0,2026-02-20
EURCAD,jolts,,0.0,2026-02-20
EURCAD,jobless_claims,,0.0,2026-02-20
EURCAD,rate_expectations,0.0,0.0,2026-02-20
GBPJPY,manufacturing_pmi,-1.0,-0.20833333333333331,2026-02-20
GBPJPY,services_pmi,0.0,0.0,2026-02-20
GBPJPY,gdp_qoq,2.0,0.41666666666666663,2026-02-20
GBPJPY,retail_sales,1.0,0.20833333333333331,2026-02-20
GBPJPY,cpi_yoy,0.0,0.0,2026-02-20
GBPJPY,core_cpi,0.0,0.0,2026-02-20
GBPJPY,core_pce,,0.0,2026-02-20
GBPJPY,ppi_yoy,0.0,0.0,2026-02-20
GBPJPY,employment_change,0.0,0.0,2026-02-20
GBPJPY,unemployment_rate,0.0,0.0,2026-02-20
GBPJPY,wage_growth,-2.0,-0.41666666666666663,2026-02-20
GBPJPY,adp,,0.0,2026-02-20
GBPJPY,jolts,,0.0,2026-02-20
GBPJPY,jobless_claims,,0.0,2026-02-20
GBPJPY,rate_expectations,-2.0,-1.25,2026-02-20
GBPCHF,manufacturing_pmi,-1.0,-0.2777777777777778,2026-02-20
GBPCHF,services_pmi,0.0,0.0,2026-02-20
GBPCHF,gdp_qoq,1.0,0.2777777777777778,2026-02-20
GBPCHF,retail_sales,0.0,0.0,2026-02-20
GBPCHF,cpi_yoy,0.0,0.0,2026-02-20
GBPCHF,core_cpi,0.0,0.0,2026-02-20
GBPCHF,core_pce,,0.0,2026-02-20
GBPCHF,ppi_yoy,0.0,0.0,2026-02-20
GBPCHF,employment_change,0.0,0.0,2026-02-20
GBPCHF,unemployment_rate,-2.0,-1.6666666666666665,2026-02-20
GBPCHF,wage_growth,-2.0,-0.41666666666666663,2026-02-20
GBPCHF,adp,,0.0,2026-02-20
GBPCHF,jolts,,0.0,2026-02-20
GBPCHF,jobless_claims,,0.0,2026-02-20
GBPCHF,rate_expectations,-2.0,-1.25,2026-02-20
GBPAUD,manufacturing_pmi,0.0,0.0,2026-02-20
GBPAUD,services_pmi,0.0,0.0,2026-02-20
GBPAUD,gdp_qoq,2.0,0.41666666666666663,2026-02-20
GBPAUD,retail_sales,-2.0,0.0,2026-02-20
GBPAUD,cpi_yoy,-1.0,-0.3125,2026-02-20
GBPAUD,core_cpi,-1.0,0.0,2026-02-20
GBPAUD,core_pce,,0.0,2026-02-20
GBPAUD,ppi_yoy,0.0,0.0,2026-02-20
GBPAUD,employment_change,0.0,0.0,2026-02-20
GBPAUD,unemployment_rate,-1.0,-0.20833333333333331,2026-02-20
GBPAUD,wage_growth,-2.0,-0.41666666666666663,2026-02-20
GBPAUD,adp,,0.0,2026-02-20
GBPAUD,jolts,,0.0,2026-02-20
GBPAUD,jobless_claims,,0.0,2026-02-20
GBPAUD,rate_expectations,-3.0,-1.875,2026-02-20
GBPNZD,manufacturing_pmi,0.0,0.0,2026-02-20
GBPNZD,services_pmi,0.0,0.0,2026-02-20
GBPNZD,gdp_qoq,0.0,0.0,2026-02-20
GBPNZD,retail_sales,-1.0,-0.20833333333333331,2026-02-20
GBPNZD,cpi_yoy,0.0,0.0,2026-02-20
GBPNZD,core_cpi,0.0,0.0,2026-02-20
GBPNZD,core_pce,,0.0,2026-02-20
GBPNZD,ppi_yoy,0.0,0.0,2026-02-20
GBPNZD,employment_change,0.0,0.0,2026-02-20
GBPNZD,unemployment_rate,1.0,0.2777777777777778,2026-02-20
GBPNZD,wage_growth,-1.0,-0.13888888888888884,2026-02-20
GBPNZD,adp,,0.0,2026-02-20
GBPNZD,jolts,,0.0,2026-02-20
GBPNZD,jobless_claims,,0.0,2026-02-20
GBPNZD,rate_expectations,-2.0,-1.25,2026-02-20
GBPCAD,manufacturing_pmi,0.0,0.0,2026-02-20
GBPCAD,services_pmi,0.0,0.0,2026-02-20
GBPCAD,gdp_qoq,0.0,0.0,2026-02-20
GBPCAD,retail_sales,0.0,0.0,2026-02-20
GBPCAD,cpi_yoy,-1.0,-0.20833333333333331,2026-02-20
GBPCAD,core_cpi,0.0,0.0,2026-02-20
GBPCAD,core_pce,,0.0,2026-02-20
GBPCAD,ppi_yoy,2.0,0.41666666666666663,2026-02-20
GBPCAD,employment_change,0.0,0.0,2026-02-20
GBPCAD,unemployment_rate,-2.0,-0.625,2026-02-20
GBPCAD,wage_growth,-2.0,-0.41666666666666663,2026-02-20
GBPCAD,adp,,0.0,2026-02-20
GBPCAD,jolts,,0.0,2026-02-20
GBPCAD,jobless_claims,,0.0,2026-02-20
GBPCAD,rate_expectations,-1.0,-0.625,2026-02-20
AUDJPY,manufacturing_pmi,-1.0,-0.20833333333333331,2026-02-20
AUDJPY,services_pmi,0.0,0.0,2026-02-20
AUDJPY,gdp_qoq,0.0,0.0,2026-02-20
AUDJPY,retail_sales,3.0,0.20833333333333331,2026-02-20
AUDJPY,cpi_yoy,1.0,0.3125,2026-02-20
AUDJPY,core_cpi,1.0,0.0,2026-02-20
AUDJPY,core_pce,,0.0,2026-02-20
AUDJPY,ppi_yoy,0.0,0.0,2026-02-20
AUDJPY,employment_change,0.0,0.0,2026-02-20
AUDJPY,unemployment_rate,1.0,0.20833333333333331,2026-02-20
AUDJPY,wage_growth,0.0,0.0,2026-02-20
AUDJPY,adp,,0.0,2026-02-20
AUDJPY,jolts,,0.0,2026-02-20
AUDJPY,jobless_claims,,0.0,2026-02-20
AUDJPY,rate_expectations,1.0,0.625,2026-02-20
NZDJPY,manufacturing_pmi,-1.0,-0.20833333333333331,2026-02-20
NZDJPY,services_pmi,0.0,0.0,2026-02-20
NZDJPY,gdp_qoq,2.0,0.41666666666666663,2026-02-20
NZDJPY,retail_sales,2.0,0.41666666666666663,2026-02-20
NZDJPY,cpi_yoy,0.0,0.0,2026-02-20
NZDJPY,core_cpi,0.0,0.0,2026-02-20
NZDJPY,core_pce,,0.0,2026-02-20
NZDJPY,ppi_yoy,0.0,0.0,2026-02-20
NZDJPY,employment_change,0.0,0.0,2026-02-20
NZDJPY,unemployment_rate,-1.0,-0.2777777777777778,2026-02-20
NZDJPY,wage_growth,-1.0,-0.2777777777777778,2026-02-20
NZDJPY,adp,,0.0,2026-02-20
NZDJPY,jolts,,0.0,2026-02-20
NZDJPY,jobless_claims,,0.0,2026-02-20
NZDJPY,rate_expectations,0.0,0.0,2026-02-20
CADJPY,manufacturing_pmi,-1.0,-0.20833333333333331,2026-02-20
CADJPY,services_pmi,,0.0,2026-02-20
CADJPY,gdp_qoq,2.0,0.41666666666666663,2026-02-20
CADJPY,retail_sales,1.0,0.20833333333333331,2026-02-20
CADJPY,cpi_yoy,1.0,0.20833333333333331,2026-02-20
CADJPY,core_cpi,0.0,0.0,2026-02-20
CADJPY,core_pce,,0.0,2026-02-20
CADJPY,ppi_yoy,-2.0,-0.41666666666666663,2026-02-20
CADJPY,employment_change,0.0,0.0,2026-02-20
CADJPY,unemployment_rate,2.0,0.625,2026-02-20
CADJPY,wage_growth,0.0,0.0,2026-02-20
CADJPY,adp,,0.0,2026-02-20
CADJPY,jolts,,0.0,2026-02-20
CADJPY,jobless_claims,,0.0,2026-02-20
CADJPY,rate_expectations,-1.0,-0.625,2026-02-20
CHFJPY,manufacturing_pmi,0.0,0.06944444444444448,2026-02-20
CHFJPY,services_pmi,,0.0,2026-02-20
CHFJPY,gdp_qoq,1.0,0.13888888888888884,2026-02-20
CHFJPY,retail_sales,1.0,0.20833333333333331,2026-02-20
CHFJPY,cpi_yoy,0.0,0.0,2026-02-20
CHFJPY,core_cpi,0.0,0.0,2026-02-20
CHFJPY,core_pce,,0.0,2026-02-20
CHFJPY,ppi_yoy,0.0,0.0,2026-02-20
CHFJPY,employment_change,,0.0,2026-02-20
CHFJPY,unemployment_rate,2.0,1.6666666666666665,2026-02-20
CHFJPY,wage_growth,0.0,0.0,2026-02-20
CHFJPY,adp,,0.0,2026-02-20
CHFJPY,jolts,,0.0,2026-02-20
CHFJPY,jobless_claims,,0.0,2026-02-20
CHFJPY,rate_expectations,0.0,0.0,2026-02-20
AUDNZD,manufacturing_pmi,0.0,0.0,2026-02-20
AUDNZD,services_pmi,0.0,0.0,2026-02-20
AUDNZD,gdp_qoq,-2.0,-0.41666666666666663,2026-02-20
AUDNZD,retail_sales,1.0,-0.20833333333333331,2026-02-20
AUDNZD,cpi_yoy,1.0,0.3125,2026-02-20
AUDNZD,core_cpi,1.0,0.0,2026-02-20
AUDNZD,core_pce,,0.0,2026-02-20
AUDNZD,ppi_yoy,0.0,0.0,2026-02-20
AUDNZD,employment_change,0.0,0.0,2026-02-20
AUDNZD,unemployment_rate,2.0,0.4861111111111111,2026-02-20
AUDNZD,wage_growth,1.0,0.2777777777777778,2026-02-20
AUDNZD,adp,,0.0,2026-02-20
AUDNZD,jolts,,0.0,2026-02-20
AUDNZD,jobless_claims,,0.0,2026-02-20
AUDNZD,rate_expectations,1.0,0.625,2026-02-20
AUDCAD,manufacturing_pmi,0.0,0.0,2026-02-20
AUDCAD,services_pmi,0.0,0.0,2026-02-20
AUDCAD,gdp_qoq,-2.0,-0.41666666666666663,2026-02-20
AUDCAD,retail_sales,2.0,0.0,2026-02-20
AUDCAD,cpi_yoy,0.0,0.10416666666666669,2026-02-20
AUDCAD,core_cpi,1.0,0.0,2026-02-20
AUDCAD,core_pce,,0.0,2026-02-20
AUDCAD,ppi_yoy,2.0,0.41666666666666663,2026-02-20
AUDCAD,employment_change,0.0,0.0,2026-02-20
AUDCAD,unemployment_rate,-1.0,-0.4166666666666667,2026-02-20
AUDCAD,wage_growth,0.0,0.0,2026-02-20
AUDCAD,adp,,0.0,2026-02-20
AUDCAD,jolts,,0.0,2026-02-20
AUDCAD,jobless_claims,,0.0,2026-02-20
AUDCAD,rate_expectations,2.0,1.25,2026-02-20
AUDCHF,manufacturing_pmi,-1.0,-0.2777777777777778,2026-02-20
AUDCHF,services_pmi,0.0,0.0,2026-02-20
AUDCHF,gdp_qoq,-1.0,-0.13888888888888884,2026-02-20
AUDCHF,retail_sales,2.0,0.0,2026-02-20
AUDCHF,cpi_yoy,1.0,0.3125,2026-02-20
AUDCHF,core_cpi,1.0,0.0,2026-02-20
AUDCHF,core_pce,,0.0,2026-02-20
AUDCHF,ppi_yoy,0.0,0.0,2026-02-20
AUDCHF,employment_change,0.0,0.0,2026-02-20
AUDCHF,unemployment_rate,-1.0,-1.4583333333333333,2026-02-20
AUDCHF,wage_growth,0.0,0.0,2026-02-20
AUDCHF,adp,,0.0,2026-02-20
AUDCHF,jolts,,0.0,2026-02-20
AUDCHF,jobless_claims,,0.0,2026-02-20
AUDCHF,rate_expectations,1.0,0.625,2026-02-20
NZDCAD,manufacturing_pmi,0.0,0.0,2026-02-20
NZDCAD,services_pmi,0.0,0.0,2026-02-20
NZDCAD,gdp_qoq,0.0,0.0,2026-02-20
NZDCAD,retail_sales,1.0,0.20833333333333331,2026-02-20
NZDCAD,cpi_yoy,-1.0,-0.20833333333333331,2026-02-20
NZDCAD,core_cpi,0.0,0.0,2026-02-20
NZDCAD,core_pce,,0.0,2026-02-20
NZDCAD,ppi_yoy,2.0,0.41666666666666663,2026-02-20
NZDCAD,employment_change,0.0,0.0,2026-02-20
NZDCAD,unemployment_rate,-3.0,-0.9027777777777778,2026-02-20
NZDCAD,wage_growth,-1.0,-0.2777777777777778,2026-02-20
NZDCAD,adp,,0.0,2026-02-20
NZDCAD,jolts,,0.0,2026-02-20
NZDCAD,jobless_claims,,0.0,2026-02-20
NZDCAD,rate_expectations,1.0,0.625,2026-02-20
NZDCHF,manufacturing_pmi,-1.0,-0.2777777777777778,2026-02-20
NZDCHF,services_pmi,0.0,0.0,2026-02-20
NZDCHF,gdp_qoq,1.0,0.2777777777777778,2026-02-20
NZDCHF,retail_sales,1.0,0.20833333333333331,2026-02-20
NZDCHF,cpi_yoy,0.0,0.0,2026-02-20
NZDCHF,core_cpi,,0.0,2026-02-20
NZDCHF,core_pce,,0.0,2026-02-20
NZDCHF,ppi_yoy,0.0,0.0,2026-02-20
NZDCHF,employment_change,0.0,0.0,2026-02-20
NZDCHF,unemployment_rate,-3.0,-1.9444444444444442,2026-02-20
NZDCHF,wage_growth,-1.0,-0.2777777777777778,2026-02-20
NZDCHF,adp,,0.0,2026-02-20
NZDCHF,jolts,,0.0,2026-02-20
NZDCHF,jobless_claims,,0.0,2026-02-20
NZDCHF,rate_expectations,,0.0,2026-02-20
CADCHF,manufacturing_pmi,-1.0,-0.2777777777777778,2026-02-20
CADCHF,services_pmi,,0.0,2026-02-20
CADCHF,gdp_qoq,1.0,0.2777777777777778,2026-02-20
CADCHF,retail_sales,0.0,0.0,2026-02-20
CADCHF,cpi_yoy,1.0,0.20833333333333331,2026-02-20
CADCHF,core_cpi,0.0,0.0,2026-02-20
CADCHF,core_pce,,0.0,2026-02-20
CADCHF,ppi_yoy,-2.0,-0.41666666666666663,2026-02-20
CADCHF,employment_change,0.0,0.0,2026-02-20
CADCHF,unemployment_rate,0.0,-1.0416666666666665,2026-02-20
CADCHF,wage_growth,,0.0,2026-02-20
CADCHF,adp,,0.0,2026-02-20
CADCHF,jolts,,0.0,2026-02-20
CADCHF,jobless_claims,,0.0,2026-02-20
CADCHF,rate_expectations,-1.0,-0.625,2026-02-20
EURUSD,manufacturing_pmi,-2.0,-0.41666666666666663,2026-02-27
EURUSD,services_pmi,0.0,0.0,2026-02-27
EURUSD,gdp_qoq,1.0,0.15625,2026-02-27
EURUSD,retail_sales,-1.0,-0.10416666666666669,2026-02-27
EURUSD,cpi_yoy,0.0,0.0,2026-02-27
EURUSD,core_cpi,-1.0,-0.20833333333333331,2026-02-27
EURUSD,core_pce,0.0,0.0,2026-02-27
EURUSD,ppi_yoy,0.0,0.0,2026-02-27
EURUSD,employment_change,0.0,0.20833333333333334,2026-02-27
EURUSD,unemployment_rate,0.0,0.20833333333333334,2026-02-27
EURUSD,wage_growth,-1.0,-0.10416666666666666,2026-02-27
EURUSD,adp,0.0,0.0,2026-02-27
EURUSD,jolts,2.0,0.20833333333333331,2026-02-27
EURUSD,jobless_claims,0.0,0.0,2026-02-27
EURUSD,rate_expectations,2.0,1.25,2026-02-27
GBPUSD,manufacturing_pmi,-2.0,-0.41666666666666663,2026-02-27
GBPUSD,services_pmi,0.0,0.0,2026-02-27
GBPUSD,gdp_qoq,0.0,0.0,2026-02-27
GBPUSD,retail_sales,2.0,0.3645833333333333,2026-02-27
GBPUSD,cpi_yoy,0.0,0.0,2026-02-27
GBPUSD,core_cpi,0.0,0.0,2026-02-27
GBPUSD,core_pce,0.0,0.0,2026-02-27
GBPUSD,ppi_yoy,0.0,0.0,2026-02-27
GBPUSD,employment_change,-1.0,-0.10416666666666666,2026-02-27
GBPUSD,unemployment_rate,-1.0,-0.10416666666666666,2026-02-27
GBPUSD,wage_growth,-3.0,-0.5208333333333333,2026-02-27
GBPUSD,adp,0.0,0.0,2026-02-27
GBPUSD,jolts,2.0,0.20833333333333331,2026-02-27
GBPUSD,jobless_claims,0.0,0.0,2026-02-27
GBPUSD,rate_expectations,0.0,0.0,2026-02-27
USDJPY,manufacturing_pmi,1.0,0.20833333333333331,2026-02-27
USDJPY,services_pmi,0.0,0.0,2026-02-27
USDJPY,gdp_qoq,2.0,0.41666666666666663,2026-02-27
USDJPY,retail_sales,-1.0,-0.20833333333333331,2026-02-27
USDJPY,cpi_yoy,0.0,0.0,2026-02-27
USDJPY,core_cpi,0.0,0.0,2026-02-27
USDJPY,core_pce,0.0,0.0,2026-02-27
USDJPY,ppi_yoy,0.0,0.0,2026-02-27
USDJPY,employment_change,1.0,0.10416666666666666,2026-02-27
USDJPY,unemployment_rate,1.0,0.10416666666666666,2026-02-27
USDJPY,wage_growth,1.0,0.10416666666666666,2026-02-27
USDJPY,adp,0.0,0.0,2026-02-27
USDJPY,jolts,-2.0,-0.20833333333333331,2026-02-27
USDJPY,jobless_claims,0.0,0.0,2026-02-27
USDJPY,rate_expectations,-2.0,-1.25,2026-02-27
USDCHF,manufacturing_pmi,1.0,0.13888888888888884,2026-02-27
USDCHF,services_pmi,0.0,0.0,2026-02-27
USDCHF,gdp_qoq,1.0,0.2777777777777778,2026-02-27
USDCHF,retail_sales,-1.0,-0.20833333333333331,2026-02-27
USDCHF,cpi_yoy,0.0,0.0,2026-02-27
USDCHF,core_cpi,0.0,0.0,2026-02-27
USDCHF,core_pce,0.0,0.0,2026-02-27
USDCHF,ppi_yoy,1.0,0.41666666666666663,2026-02-27
USDCHF,employment_change,1.0,0.10416666666666666,2026-02-27
USDCHF,unemployment_rate,-1.0,-1.5624999999999998,2026-02-27
USDCHF,wage_growth,1.0,0.10416666666666666,2026-02-27
USDCHF,adp,0.0,0.0,2026-02-27
USDCHF,jolts,-2.0,-0.20833333333333331,2026-02-27
USDCHF,jobless_claims,0.0,0.0,2026-02-27
USDCHF,rate_expectations,-2.0,-1.25,2026-02-27
USDCAD,manufacturing_pmi,2.0,0.41666666666666663,2026-02-27
USDCAD,services_pmi,0.0,0.0,2026-02-27
USDCAD,gdp_qoq,0.0,0.0,2026-02-27
USDCAD,retail_sales,-3.0,-0.625,2026-02-27
USDCAD,cpi_yoy,-1.0,-0.20833333333333331,2026-02-27
USDCAD,core_cpi,0.0,0.0,2026-02-27
USDCAD,core_pce,0.0,0.0,2026-02-27
USDCAD,ppi_yoy,2.0,0.41666666666666663,2026-02-27
USDCAD,employment_change,1.0,0.10416666666666666,2026-02-27
USDCAD,unemployment_rate,-1.0,-0.5208333333333334,2026-02-27
USDCAD,wage_growth,1.0,0.10416666666666666,2026-02-27
USDCAD,adp,0.0,0.0,2026-02-27
USDCAD,jolts,-2.0,-0.20833333333333331,2026-02-27
USDCAD,jobless_claims,0.0,0.0,2026-02-27
USDCAD,rate_expectations,0.0,0.0,2026-02-27
AUDUSD,manufacturing_pmi,-2.0,-0.41666666666666663,2026-02-27
AUDUSD,services_pmi,0.0,0.0,2026-02-27
AUDUSD,gdp_qoq,-2.0,-0.41666666666666663,2026-02-27
AUDUSD,retail_sales,3.0,0.20833333333333331,2026-02-27
AUDUSD,cpi_yoy,1.0,0.3125,2026-02-27
AUDUSD,core_cpi,1.0,0.0,2026-02-27
AUDUSD,core_pce,0.0,0.0,2026-02-27
AUDUSD,ppi_yoy,0.0,0.0,2026-02-27
AUDUSD,employment_change,-1.0,-0.10416666666666666,2026-02-27
AUDUSD,unemployment_rate,0.0,0.10416666666666666,2026-02-27
AUDUSD,wage_growth,-1.0,-0.10416666666666666,2026-02-27
AUDUSD,adp,0.0,0.0,2026-02-27
AUDUSD,jolts,2.0,0.20833333333333331,2026-02-27
AUDUSD,jobless_claims,0.0,0.0,2026-02-27
AUDUSD,rate_expectations,2.0,1.25,2026-02-27
NZDUSD,manufacturing_pmi,-2.0,-0.41666666666666663,2026-02-27
NZDUSD,services_pmi,0.0,0.0,2026-02-27
NZDUSD,gdp_qoq,0.0,0.0,2026-02-27
NZDUSD,retail_sales,2.0,0.41666666666666663,2026-02-27
NZDUSD,cpi_yoy,0.0,0.0,2026-02-27
NZDUSD,core_cpi,0.0,0.0,2026-02-27
NZDUSD,core_pce,0.0,0.0,2026-02-27
NZDUSD,ppi_yoy,0.0,0.0,2026-02-27
NZDUSD,employment_change,-1.0,-0.10416666666666666,2026-02-27
NZDUSD,unemployment_rate,-2.0,-0.3819444444444444,2026-02-27
NZDUSD,wage_growth,-2.0,-0.3819444444444444,2026-02-27
NZDUSD,adp,0.0,0.0,2026-02-27
NZDUSD,jolts,2.0,0.20833333333333331,2026-02-27
NZDUSD,jobless_claims,0.0,0.0,2026-02-27
NZDUSD,rate_expectations,2.0,1.25,2026-02-27
EURGBP,manufacturing_pmi,0.0,0.0,2026-02-27
EURGBP,services_pmi,0.0,0.0,2026-02-27
EURGBP,gdp_qoq,1.0,0.15625,2026-02-27
EURGBP,retail_sales,-3.0,-0.46875,2026-02-27
EURGBP,cpi_yoy,0.0,0.0,2026-02-27
EURGBP,core_cpi,-1.0,-0.20833333333333331,2026-02-27
EURGBP,core_pce,,0.0,2026-02-27
EURGBP,ppi_yoy,0.0,0.0,2026-02-27
EURGBP,employment_change,1.0,0.3125,2026-02-27
EURGBP,unemployment_rate,1.0,0.3125,2026-02-27
EURGBP,wage_growth,2.0,0.41666666666666663,2026-02-27
EURGBP,adp,,0.0,2026-02-27
EURGBP,jolts,,0.0,2026-02-27
EURGBP,jobless_claims,,0.0,2026-02-27
EURGBP,rate_expectations,2.0,1.25,2026-02-27
EURJPY,manufacturing_pmi,-1.0,-0.20833333333333331,2026-02-27
EURJPY,services_pmi,0.0,0.0,2026-02-27
EURJPY,gdp_qoq,3.0,0.5729166666666666,2026-02-27
EURJPY,retail_sales,-2.0,-0.3125,2026-02-27
EURJPY,cpi_yoy,0.0,0.0,2026-02-27
EURJPY,core_cpi,-1.0,-0.20833333333333331,2026-02-27
EURJPY,core_pce,,0.0,2026-02-27
EURJPY,ppi_yoy,0.0,0.0,2026-02-27
EURJPY,employment_change,1.0,0.3125,2026-02-27
EURJPY,unemployment_rate,1.0,0.3125,2026-02-27
EURJPY,wage_growth,0.0,0.0,2026-02-27
EURJPY,adp,,0.0,2026-02-27
EURJPY,jolts,,0.0,2026-02-27
EURJPY,jobless_claims,,0.0,2026-02-27
EURJPY,rate_expectations,0.0,0.0,2026-02-27
EURCHF,manufacturing_pmi,-1.0,-0.2777777777777778,2026-02-27
EURCHF,services_pmi,0.0,0.0,2026-02-27
EURCHF,gdp_qoq,2.0,0.4340277777777778,2026-02-27
EURCHF,retail_sales,-2.0,-0.3125,2026-02-27
EURCHF,cpi_yoy,0.0,0.0,2026-02-27
EURCHF,core_cpi,-1.0,-0.20833333333333331,2026-02-27
EURCHF,core_pce,,0.0,2026-02-27
EURCHF,ppi_yoy,1.0,0.41666666666666663,2026-02-27
EURCHF,employment_change,1.0,0.3125,2026-02-27
EURCHF,unemployment_rate,-1.0,-1.3541666666666665,2026-02-27
EURCHF,wage_growth,,0.0,2026-02-27
EURCHF,adp,,0.0,2026-02-27
EURCHF,jolts,,0.0,2026-02-27
EURCHF,jobless_claims,,0.0,2026-02-27
EURCHF,rate_expectations,0.0,0.0,2026-02-27
EURAUD,manufacturing_pmi,0.0,0.0,2026-02-27
EURAUD,services_pmi,0.0,0.0,2026-02-27
EURAUD,gdp_qoq,3.0,0.5729166666666666,2026-02-27
EURAUD,retail_sales,-4.0,-0.3125,2026-02-27
EURAUD,cpi_yoy,-1.0,-0.3125,2026-02-27
EURAUD,core_cpi,-2.0,-0.20833333333333331,2026-02-27
EURAUD,core_pce,,0.0,2026-02-27
EURAUD,ppi_yoy,0.0,0.0,2026-02-27
EURAUD,employment_change,1.0,0.3125,2026-02-27
EURAUD,unemployment_rate,0.0,0.10416666666666669,2026-02-27
EURAUD,wage_growth,0.0,0.0,2026-02-27
EURAUD,adp,,0.0,2026-02-27
EURAUD,jolts,,0.0,2026-02-27
EURAUD,jobless_claims,,0.0,2026-02-27
EURAUD,rate_expectations,0.0,0.0,2026-02-27
EURNZD,manufacturing_pmi,0.0,0.0,2026-02-27
EURNZD,services_pmi,0.0,0.0,2026-02-27
EURNZD,gdp_qoq,1.0,0.15625,2026-02-27
EURNZD,retail_sales,-3.0,-0.5208333333333333,2026-02-27
EURNZD,cpi_yoy,0.0,0.0,2026-02-27
EURNZD,core_cpi,-1.0,-0.20833333333333331,2026-02-27
EURNZD,core_pce,,0.0,2026-02-27
EURNZD,ppi_yoy,0.0,0.0,2026-02-27
EURNZD,employment_change,1.0,0.3125,2026-02-27
EURNZD,unemployment_rate,2.0,0.5902777777777778,2026-02-27
EURNZD,wage_growth,1.0,0.2777777777777778,2026-02-27
EURNZD,adp,,0.0,2026-02-27
EURNZD,jolts,,0.0,2026-02-27
EURNZD,jobless_claims,,0.0,2026-02-27
EURNZD,rate_expectations,0.0,0.0,2026-02-27
EURCAD,manufacturing_pmi,0.0,0.0,2026-02-27
EURCAD,services_pmi,0.0,0.0,2026-02-27
EURCAD,gdp_qoq,1.0,0.15625,2026-02-27
EURCAD,retail_sales,-4.0,-0.7291666666666666,2026-02-27
EURCAD,cpi_yoy,-1.0,-0.20833333333333331,2026-02-27
EURCAD,core_cpi,-1.0,-0.20833333333333331,2026-02-27
EURCAD,core_pce,,0.0,2026-02-27
EURCAD,ppi_yoy,2.0,0.41666666666666663,2026-02-27
EURCAD,employment_change,1.0,0.3125,2026-02-27
EURCAD,unemployment_rate,-1.0,-0.3125,2026-02-27
EURCAD,wage_growth,,0.0,2026-02-27
EURCAD,adp,,0.0,2026-02-27
EURCAD,jolts,,0.0,2026-02-27
EURCAD,jobless_claims,,0.0,2026-02-27
EURCAD,rate_expectations,2.0,1.25,2026-02-27
GBPJPY,manufacturing_pmi,-1.0,-0.20833333333333331,2026-02-27
GBPJPY,services_pmi,0.0,0.0,2026-02-27
GBPJPY,gdp_qoq,2.0,0.41666666666666663,2026-02-27
GBPJPY,retail_sales,1.0,0.15625,2026-02-27
GBPJPY,cpi_yoy,0.0,0.0,2026-02-27
GBPJPY,core_cpi,0.0,0.0,2026-02-27
GBPJPY,core_pce,,0.0,2026-02-27
GBPJPY,ppi_yoy,0.0,0.0,2026-02-27
GBPJPY,employment_change,0.0,0.0,2026-02-27
GBPJPY,unemployment_rate,0.0,0.0,2026-02-27
GBPJPY,wage_growth,-2.0,-0.41666666666666663,2026-02-27
GBPJPY,adp,,0.0,2026-02-27
GBPJPY,jolts,,0.0,2026-02-27
GBPJPY,jobless_claims,,0.0,2026-02-27
GBPJPY,rate_expectations,-2.0,-1.25,2026-02-27
GBPCHF,manufacturing_pmi,-1.0,-0.2777777777777778,2026-02-27
GBPCHF,services_pmi,0.0,0.0,2026-02-27
GBPCHF,gdp_qoq,1.0,0.2777777777777778,2026-02-27
GBPCHF,retail_sales,1.0,0.15625,2026-02-27
GBPCHF,cpi_yoy,0.0,0.0,2026-02-27
GBPCHF,core_cpi,0.0,0.0,2026-02-27
GBPCHF,core_pce,,0.0,2026-02-27
GBPCHF,ppi_yoy,1.0,0.41666666666666663,2026-02-27
GBPCHF,employment_change,0.0,0.0,2026-02-27
GBPCHF,unemployment_rate,-2.0,-1.6666666666666665,2026-02-27
GBPCHF,wage_growth,-2.0,-0.41666666666666663,2026-02-27
GBPCHF,adp,,0.0,2026-02-27
GBPCHF,jolts,,0.0,2026-02-27
GBPCHF,jobless_claims,,0.0,2026-02-27
GBPCHF,rate_expectations,-2.0,-1.25,2026-02-27
GBPAUD,manufacturing_pmi,0.0,0.0,2026-02-27
GBPAUD,services_pmi,0.0,0.0,2026-02-27
GBPAUD,gdp_qoq,2.0,0.41666666666666663,2026-02-27
GBPAUD,retail_sales,-1.0,0.15625,2026-02-27
GBPAUD,cpi_yoy,-1.0,-0.3125,2026-02-27
GBPAUD,core_cpi,-1.0,0.0,2026-02-27
GBPAUD,core_pce,,0.0,2026-02-27
GBPAUD,ppi_yoy,0.0,0.0,2026-02-27
GBPAUD,employment_change,0.0,0.0,2026-02-27
GBPAUD,unemployment_rate,-1.0,-0.20833333333333331,2026-02-27
GBPAUD,wage_growth,-2.0,-0.41666666666666663,2026-02-27
GBPAUD,adp,,0.0,2026-02-27
GBPAUD,jolts,,0.0,2026-02-27
GBPAUD,jobless_claims,,0.0,2026-02-27
GBPAUD,rate_expectations,-2.0,-1.25,2026-02-27
GBPNZD,manufacturing_pmi,0.0,0.0,2026-02-27
GBPNZD,services_pmi,0.0,0.0,2026-02-27
GBPNZD,gdp_qoq,0.0,0.0,2026-02-27
GBPNZD,retail_sales,0.0,-0.052083333333333315,2026-02-27
GBPNZD,cpi_yoy,0.0,0.0,2026-02-27
GBPNZD,core_cpi,0.0,0.0,2026-02-27
GBPNZD,core_pce,,0.0,2026-02-27
GBPNZD,ppi_yoy,0.0,0.0,2026-02-27
GBPNZD,employment_change,0.0,0.0,2026-02-27
GBPNZD,unemployment_rate,1.0,0.2777777777777778,2026-02-27
GBPNZD,wage_growth,-1.0,-0.13888888888888884,2026-02-27
GBPNZD,adp,,0.0,2026-02-27
GBPNZD,jolts,,0.0,2026-02-27
GBPNZD,jobless_claims,,0.0,2026-02-27
GBPNZD,rate_expectations,-2.0,-1.25,2026-02-27
GBPCAD,manufacturing_pmi,0.0,0.0,2026-02-27
GBPCAD,services_pmi,0.0,0.0,2026-02-27
GBPCAD,gdp_qoq,0.0,0.0,2026-02-27
GBPCAD,retail_sales,-1.0,-0.26041666666666663,2026-02-27
GBPCAD,cpi_yoy,-1.0,-0.20833333333333331,2026-02-27
GBPCAD,core_cpi,0.0,0.0,2026-02-27
GBPCAD,core_pce,,0.0,2026-02-27
GBPCAD,ppi_yoy,2.0,0.41666666666666663,2026-02-27
GBPCAD,employment_change,0.0,0.0,2026-02-27
GBPCAD,unemployment_rate,-2.0,-0.625,2026-02-27
GBPCAD,wage_growth,-2.0,-0.41666666666666663,2026-02-27
GBPCAD,adp,,0.0,2026-02-27
GBPCAD,jolts,,0.0,2026-02-27
GBPCAD,jobless_claims,,0.0,2026-02-27
GBPCAD,rate_expectations,0.0,0.0,2026-02-27
AUDJPY,manufacturing_pmi,-1.0,-0.20833333333333331,2026-02-27
AUDJPY,services_pmi,0.0,0.0,2026-02-27
AUDJPY,gdp_qoq,0.0,0.0,2026-02-27
AUDJPY,retail_sales,2.0,0.0,2026-02-27
AUDJPY,cpi_yoy,1.0,0.3125,2026-02-27
AUDJPY,core_cpi,1.0,0.0,2026-02-27
AUDJPY,core_pce,,0.0,2026-02-27
AUDJPY,ppi_yoy,0.0,0.0,2026-02-27
AUDJPY,employment_change,0.0,0.0,2026-02-27
AUDJPY,unemployment_rate,1.0,0.20833333333333331,2026-02-27
AUDJPY,wage_growth,0.0,0.0,2026-02-27
AUDJPY,adp,,0.0,2026-02-27
AUDJPY,jolts,,0.0,2026-02-27
AUDJPY,jobless_claims,,0.0,2026-02-27
AUDJPY,rate_expectations,0.0,0.0,2026-02-27
NZDJPY,manufacturing_pmi,-1.0,-0.20833333333333331,2026-02-27
NZDJPY,services_pmi,0.0,0.0,2026-02-27
NZDJPY,gdp_qoq,2.0,0.41666666666666663,2026-02-27
NZDJPY,retail_sales,1.0,0.20833333333333331,2026-02-27
NZDJPY,cpi_yoy,0.0,0.0,2026-02-27
NZDJPY,core_cpi,0.0,0.0,2026-02-27
NZDJPY,core_pce,,0.0,2026-02-27
NZDJPY,ppi_yoy,0.0,0.0,2026-02-27
NZDJPY,employment_change,0.0,0.0,2026-02-27
NZDJPY,unemployment_rate,-1.0,-0.2777777777777778,2026-02-27
NZDJPY,wage_growth,-1.0,-0.2777777777777778,2026-02-27
NZDJPY,adp,,0.0,2026-02-27
NZDJPY,jolts,,0.0,2026-02-27
NZDJPY,jobless_claims,,0.0,2026-02-27
NZDJPY,rate_expectations,0.0,0.0,2026-02-27
CADJPY,manufacturing_pmi,-1.0,-0.20833333333333331,2026-02-27
CADJPY,services_pmi,,0.0,2026-02-27
CADJPY,gdp_qoq,2.0,0.41666666666666663,2026-02-27
CADJPY,retail_sales,2.0,0.41666666666666663,2026-02-27
CADJPY,cpi_yoy,1.0,0.20833333333333331,2026-02-27
CADJPY,core_cpi,0.0,0.0,2026-02-27
CADJPY,core_pce,,0.0,2026-02-27
CADJPY,ppi_yoy,-2.0,-0.41666666666666663,2026-02-27
CADJPY,employment_change,0.0,0.0,2026-02-27
CADJPY,unemployment_rate,2.0,0.625,2026-02-27
CADJPY,wage_growth,0.0,0.0,2026-02-27
CADJPY,adp,,0.0,2026-02-27
CADJPY,jolts,,0.0,2026-02-27
CADJPY,jobless_claims,,0.0,2026-02-27
CADJPY,rate_expectations,-2.0,-1.25,2026-02-27
CHFJPY,manufacturing_pmi,0.0,0.06944444444444448,2026-02-27
CHFJPY,services_pmi,,0.0,2026-02-27
CHFJPY,gdp_qoq,1.0,0.13888888888888884,2026-02-27
CHFJPY,retail_sales,0.0,0.0,2026-02-27
CHFJPY,cpi_yoy,0.0,0.0,2026-02-27
CHFJPY,core_cpi,0.0,0.0,2026-02-27
CHFJPY,core_pce,,0.0,2026-02-27
CHFJPY,ppi_yoy,-1.0,-0.41666666666666663,2026-02-27
CHFJPY,employment_change,,0.0,2026-02-27
CHFJPY,unemployment_rate,2.0,1.6666666666666665,2026-02-27
CHFJPY,wage_growth,0.0,0.0,2026-02-27
CHFJPY,adp,,0.0,2026-02-27
CHFJPY,jolts,,0.0,2026-02-27
CHFJPY,jobless_claims,,0.0,2026-02-27
CHFJPY,rate_expectations,0.0,0.0,2026-02-27
AUDNZD,manufacturing_pmi,0.0,0.0,2026-02-27
AUDNZD,services_pmi,0.0,0.0,2026-02-27
AUDNZD,gdp_qoq,-2.0,-0.41666666666666663,2026-02-27
AUDNZD,retail_sales,1.0,-0.20833333333333331,2026-02-27
AUDNZD,cpi_yoy,1.0,0.3125,2026-02-27
AUDNZD,core_cpi,1.0,0.0,2026-02-27
AUDNZD,core_pce,,0.0,2026-02-27
AUDNZD,ppi_yoy,0.0,0.0,2026-02-27
AUDNZD,employment_change,0.0,0.0,2026-02-27
AUDNZD,unemployment_rate,2.0,0.4861111111111111,2026-02-27
AUDNZD,wage_growth,1.0,0.2777777777777778,2026-02-27
AUDNZD,adp,,0.0,2026-02-27
AUDNZD,jolts,,0.0,2026-02-27
AUDNZD,jobless_claims,,0.0,2026-02-27
AUDNZD,rate_expectations,0.0,0.0,2026-02-27
AUDCAD,manufacturing_pmi,0.0,0.0,2026-02-27
AUDCAD,services_pmi,0.0,0.0,2026-02-27
AUDCAD,gdp_qoq,-2.0,-0.41666666666666663,2026-02-27
AUDCAD,retail_sales,0.0,-0.41666666666666663,2026-02-27
AUDCAD,cpi_yoy,0.0,0.10416666666666669,2026-02-27
AUDCAD,core_cpi,1.0,0.0,2026-02-27
AUDCAD,core_pce,,0.0,2026-02-27
AUDCAD,ppi_yoy,2.0,0.41666666666666663,2026-02-27
AUDCAD,employment_change,0.0,0.0,2026-02-27
AUDCAD,unemployment_rate,-1.0,-0.4166666666666667,2026-02-27
AUDCAD,wage_growth,0.0,0.0,2026-02-27
AUDCAD,adp,,0.0,2026-02-27
AUDCAD,jolts,,0.0,2026-02-27
AUDCAD,jobless_claims,,0.0,2026-02-27
AUDCAD,rate_expectations,2.0,1.25,2026-02-27
AUDCHF,manufacturing_pmi,-1.0,-0.2777777777777778,2026-02-27
AUDCHF,services_pmi,0.0,0.0,2026-02-27
AUDCHF,gdp_qoq,-1.0,-0.13888888888888884,2026-02-27
AUDCHF,retail_sales,2.0,0.0,2026-02-27
AUDCHF,cpi_yoy,1.0,0.3125,2026-02-27
AUDCHF,core_cpi,1.0,0.0,2026-02-27
AUDCHF,core_pce,,0.0,2026-02-27
AUDCHF,ppi_yoy,1.0,0.41666666666666663,2026-02-27
AUDCHF,employment_change,0.0,0.0,2026-02-27
AUDCHF,unemployment_rate,-1.0,-1.4583333333333333,2026-02-27
AUDCHF,wage_growth,0.0,0.0,2026-02-27
AUDCHF,adp,,0.0,2026-02-27
AUDCHF,jolts,,0.0,2026-02-27
AUDCHF,jobless_claims,,0.0,2026-02-27
AUDCHF,rate_expectations,0.0,0.0,2026-02-27
NZDCAD,manufacturing_pmi,0.0,0.0,2026-02-27
NZDCAD,services_pmi,0.0,0.0,2026-02-27
NZDCAD,gdp_qoq,0.0,0.0,2026-02-27
NZDCAD,retail_sales,-1.0,-0.20833333333333331,2026-02-27
NZDCAD,cpi_yoy,-1.0,-0.20833333333333331,2026-02-27
NZDCAD,core_cpi,0.0,0.0,2026-02-27
NZDCAD,core_pce,,0.0,2026-02-27
NZDCAD,ppi_yoy,2.0,0.41666666666666663,2026-02-27
NZDCAD,employment_change,0.0,0.0,2026-02-27
NZDCAD,unemployment_rate,-3.0,-0.9027777777777778,2026-02-27
NZDCAD,wage_growth,-1.0,-0.2777777777777778,2026-02-27
NZDCAD,adp,,0.0,2026-02-27
NZDCAD,jolts,,0.0,2026-02-27
NZDCAD,jobless_claims,,0.0,2026-02-27
NZDCAD,rate_expectations,2.0,1.25,2026-02-27
NZDCHF,manufacturing_pmi,-1.0,-0.2777777777777778,2026-02-27
NZDCHF,services_pmi,0.0,0.0,2026-02-27
NZDCHF,gdp_qoq,1.0,0.2777777777777778,2026-02-27
NZDCHF,retail_sales,1.0,0.20833333333333331,2026-02-27
NZDCHF,cpi_yoy,0.0,0.0,2026-02-27
NZDCHF,core_cpi,,0.0,2026-02-27
NZDCHF,core_pce,,0.0,2026-02-27
NZDCHF,ppi_yoy,1.0,0.41666666666666663,2026-02-27
NZDCHF,employment_change,0.0,0.0,2026-02-27
NZDCHF,unemployment_rate,-3.0,-1.9444444444444442,2026-02-27
NZDCHF,wage_growth,-1.0,-0.2777777777777778,2026-02-27
NZDCHF,adp,,0.0,2026-02-27
NZDCHF,jolts,,0.0,2026-02-27
NZDCHF,jobless_claims,,0.0,2026-02-27
NZDCHF,rate_expectations,,0.0,2026-02-27
CADCHF,manufacturing_pmi,-1.0,-0.2777777777777778,2026-02-27
CADCHF,services_pmi,,0.0,2026-02-27
CADCHF,gdp_qoq,1.0,0.2777777777777778,2026-02-27
CADCHF,retail_sales,2.0,0.41666666666666663,2026-02-27
CADCHF,cpi_yoy,1.0,0.20833333333333331,2026-02-27
CADCHF,core_cpi,0.0,0.0,2026-02-27
CADCHF,core_pce,,0.0,2026-02-27
CADCHF,ppi_yoy,-1.0,0.0,2026-02-27
CADCHF,employment_change,0.0,0.0,2026-02-27
CADCHF,unemployment_rate,0.0,-1.0416666666666665,2026-02-27
CADCHF,wage_growth,,0.0,2026-02-27
CADCHF,adp,,0.0,2026-02-27
CADCHF,jolts,,0.0,2026-02-27
CADCHF,jobless_claims,,0.0,2026-02-27
CADCHF,rate_expectations,-2.0,-1.25,2026-02-27
EURUSD,manufacturing_pmi,0.0,0.0,2026-03-06
EURUSD,services_pmi,-1.0,-0.20833333333333331,2026-03-06
EURUSD,gdp_qoq,1.0,0.15625,2026-03-06
EURUSD,retail_sales,-1.0,-0.10416666666666669,2026-03-06
EURUSD,cpi_yoy,2.0,0.41666666666666663,2026-03-06
EURUSD,core_cpi,2.0,0.41666666666666663,2026-03-06
EURUSD,core_pce,0.0,0.0,2026-03-06
EURUSD,ppi_yoy,2.0,0.41666666666666663,2026-03-06
EURUSD,employment_change,0.0,0.20833333333333334,2026-03-06
EURUSD,unemployment_rate,0.0,0.20833333333333334,2026-03-06
EURUSD,wage_growth,-1.0,-0.10416666666666666,2026-03-06
EURUSD,adp,0.0,0.0,2026-03-06
EURUSD,jolts,2.0,0.20833333333333331,2026-03-06
EURUSD,jobless_claims,0.0,0.0,2026-03-06
EURUSD,rate_expectations,2.0,1.25,2026-03-06
GBPUSD,manufacturing_pmi,0.0,0.0,2026-03-06
GBPUSD,services_pmi,-1.0,-0.20833333333333331,2026-03-06
GBPUSD,gdp_qoq,0.0,0.0,2026-03-06
GBPUSD,retail_sales,2.0,0.3645833333333333,2026-03-06
GBPUSD,cpi_yoy,0.0,0.0,2026-03-06
GBPUSD,core_cpi,0.0,0.0,2026-03-06
GBPUSD,core_pce,0.0,0.0,2026-03-06
GBPUSD,ppi_yoy,0.0,0.0,2026-03-06
GBPUSD,employment_change,-1.0,-0.10416666666666666,2026-03-06
GBPUSD,unemployment_rate,-1.0,-0.10416666666666666,2026-03-06
GBPUSD,wage_growth,-3.0,-0.5208333333333333,2026-03-06
GBPUSD,adp,0.0,0.0,2026-03-06
GBPUSD,jolts,2.0,0.20833333333333331,2026-03-06
GBPUSD,jobless_claims,0.0,0.0,2026-03-06
GBPUSD,rate_expectations,2.0,1.25,2026-03-06
USDJPY,manufacturing_pmi,-1.0,-0.20833333333333331,2026-03-06
USDJPY,services_pmi,1.0,0.20833333333333331,2026-03-06
USDJPY,gdp_qoq,2.0,0.41666666666666663,2026-03-06
USDJPY,retail_sales,-1.0,-0.20833333333333331,2026-03-06
USDJPY,cpi_yoy,0.0,0.0,2026-03-06
USDJPY,core_cpi,0.0,0.0,2026-03-06
USDJPY,core_pce,0.0,0.0,2026-03-06
USDJPY,ppi_yoy,0.0,0.0,2026-03-06
USDJPY,employment_change,1.0,0.10416666666666666,2026-03-06
USDJPY,unemployment_rate,2.0,0.41666666666666663,2026-03-06
USDJPY,wage_growth,1.0,0.10416666666666666,2026-03-06
USDJPY,adp,0.0,0.0,2026-03-06
USDJPY,jolts,-2.0,-0.20833333333333331,2026-03-06
USDJPY,jobless_claims,0.0,0.0,2026-03-06
USDJPY,rate_expectations,0.0,0.0,2026-03-06
USDCHF,manufacturing_pmi,1.0,0.2777777777777778,2026-03-06
USDCHF,services_pmi,1.0,0.20833333333333331,2026-03-06
USDCHF,gdp_qoq,0.0,0.0,2026-03-06
USDCHF,retail_sales,1.0,0.34722222222222227,2026-03-06
USDCHF,cpi_yoy,-1.0,-0.41666666666666663,2026-03-06
USDCHF,core_cpi,0.0,0.0,2026-03-06
USDCHF,core_pce,0.0,0.0,2026-03-06
USDCHF,ppi_yoy,1.0,0.41666666666666663,2026-03-06
USDCHF,employment_change,1.0,0.10416666666666666,2026-03-06
USDCHF,unemployment_rate,3.0,1.7708333333333333,2026-03-06
USDCHF,wage_growth,1.0,0.10416666666666666,2026-03-06
USDCHF,adp,0.0,0.0,2026-03-06
USDCHF,jolts,-2.0,-0.20833333333333331,2026-03-06
USDCHF,jobless_claims,0.0,0.0,2026-03-06
USDCHF,rate_expectations,0.0,0.0,2026-03-06
USDCAD,manufacturing_pmi,0.0,0.0,2026-03-06
USDCAD,services_pmi,1.0,0.20833333333333331,2026-03-06
USDCAD,gdp_qoq,-2.0,-0.41666666666666663,2026-03-06
USDCAD,retail_sales,-3.0,-0.625,2026-03-06
USDCAD,cpi_yoy,-1.0,0.0,2026-03-06
USDCAD,core_cpi,0.0,0.0,2026-03-06
USDCAD,core_pce,0.0,0.0,2026-03-06
USDCAD,ppi_yoy,2.0,0.625,2026-03-06
USDCAD,employment_change,1.0,0.10416666666666666,2026-03-06
USDCAD,unemployment_rate,-1.0,-0.5208333333333334,2026-03-06
USDCAD,wage_growth,1.0,0.10416666666666666,2026-03-06
USDCAD,adp,0.0,0.0,2026-03-06
USDCAD,jolts,-2.0,-0.20833333333333331,2026-03-06
USDCAD,jobless_claims,0.0,0.0,2026-03-06
USDCAD,rate_expectations,0.0,0.0,2026-03-06
AUDUSD,manufacturing_pmi,0.0,0.0,2026-03-06
AUDUSD,services_pmi,-1.0,-0.20833333333333331,2026-03-06
AUDUSD,gdp_qoq,0.0,0.0,2026-03-06
AUDUSD,retail_sales,3.0,0.20833333333333331,2026-03-06
AUDUSD,cpi_yoy,1.0,0.3125,2026-03-06
AUDUSD,core_cpi,1.0,0.0,2026-03-06
AUDUSD,core_pce,0.0,0.0,2026-03-06
AUDUSD,ppi_yoy,0.0,0.0,2026-03-06
AUDUSD,employment_change,-1.0,-0.10416666666666666,2026-03-06
AUDUSD,unemployment_rate,0.0,0.10416666666666666,2026-03-06
AUDUSD,wage_growth,-1.0,-0.10416666666666666,2026-03-06
AUDUSD,adp,0.0,0.0,2026-03-06
AUDUSD,jolts,2.0,0.20833333333333331,2026-03-06
AUDUSD,jobless_claims,0.0,0.0,2026-03-06
AUDUSD,rate_expectations,0.0,0.0,2026-03-06
NZDUSD,manufacturing_pmi,0.0,0.0,2026-03-06
NZDUSD,services_pmi,-1.0,-0.20833333333333331,2026-03-06
NZDUSD,gdp_qoq,0.0,0.0,2026-03-06
NZDUSD,retail_sales,2.0,0.41666666666666663,2026-03-06
NZDUSD,cpi_yoy,0.0,0.0,2026-03-06
NZDUSD,core_cpi,0.0,0.0,2026-03-06
NZDUSD,core_pce,0.0,0.0,2026-03-06
NZDUSD,ppi_yoy,0.0,0.0,2026-03-06
NZDUSD,employment_change,-1.0,-0.10416666666666666,2026-03-06
NZDUSD,unemployment_rate,-2.0,-0.3819444444444444,2026-03-06
NZDUSD,wage_growth,-2.0,-0.3819444444444444,2026-03-06
NZDUSD,adp,0.0,0.0,2026-03-06
NZDUSD,jolts,2.0,0.20833333333333331,2026-03-06
NZDUSD,jobless_claims,0.0,0.0,2026-03-06
NZDUSD,rate_expectations,0.0,0.0,2026-03-06
EURGBP,manufacturing_pmi,0.0,0.0,2026-03-06
EURGBP,services_pmi,0.0,0.0,2026-03-06
EURGBP,gdp_qoq,1.0,0.15625,2026-03-06
EURGBP,retail_sales,-3.0,-0.46875,2026-03-06
EURGBP,cpi_yoy,2.0,0.41666666666666663,2026-03-06
EURGBP,core_cpi,2.0,0.41666666666666663,2026-03-06
EURGBP,core_pce,,0.0,2026-03-06
EURGBP,ppi_yoy,2.0,0.41666666666666663,2026-03-06
EURGBP,employment_change,1.0,0.3125,2026-03-06
EURGBP,unemployment_rate,1.0,0.3125,2026-03-06
EURGBP,wage_growth,2.0,0.41666666666666663,2026-03-06
EURGBP,adp,,0.0,2026-03-06
EURGBP,jolts,,0.0,2026-03-06
EURGBP,jobless_claims,,0.0,2026-03-06
EURGBP,rate_expectations,0.0,0.0,2026-03-06
EURJPY,manufacturing_pmi,-1.0,-0.20833333333333331,2026-03-06
EURJPY,services_pmi,0.0,0.0,2026-03-06
EURJPY,gdp_qoq,3.0,0.5729166666666666,2026-03-06
EURJPY,retail_sales,-2.0,-0.3125,2026-03-06
EURJPY,cpi_yoy,2.0,0.41666666666666663,2026-03-06
EURJPY,core_cpi,2.0,0.41666666666666663,2026-03-06
EURJPY,core_pce,,0.0,2026-03-06
EURJPY,ppi_yoy,2.0,0.41666666666666663,2026-03-06
EURJPY,employment_change,1.0,0.3125,2026-03-06
EURJPY,unemployment_rate,2.0,0.625,2026-03-06
EURJPY,wage_growth,0.0,0.0,2026-03-06
EURJPY,adp,,0.0,2026-03-06
EURJPY,jolts,,0.0,2026-03-06
EURJPY,jobless_claims,,0.0,2026-03-06
EURJPY,rate_expectations,2.0,1.25,2026-03-06
EURCHF,manufacturing_pmi,1.0,0.2777777777777778,2026-03-06
EURCHF,services_pmi,0.0,0.0,2026-03-06
EURCHF,gdp_qoq,1.0,0.15625,2026-03-06
EURCHF,retail_sales,0.0,0.24305555555555558,2026-03-06
EURCHF,cpi_yoy,1.0,0.0,2026-03-06
EURCHF,core_cpi,2.0,0.41666666666666663,2026-03-06
EURCHF,core_pce,,0.0,2026-03-06
EURCHF,ppi_yoy,3.0,0.8333333333333333,2026-03-06
EURCHF,employment_change,1.0,0.3125,2026-03-06
EURCHF,unemployment_rate,3.0,1.9791666666666665,2026-03-06
EURCHF,wage_growth,,0.0,2026-03-06
EURCHF,adp,,0.0,2026-03-06
EURCHF,jolts,,0.0,2026-03-06
EURCHF,jobless_claims,,0.0,2026-03-06
EURCHF,rate_expectations,2.0,1.25,2026-03-06
EURAUD,manufacturing_pmi,0.0,0.0,2026-03-06
EURAUD,services_pmi,0.0,0.0,2026-03-06
EURAUD,gdp_qoq,1.0,0.15625,2026-03-06
EURAUD,retail_sales,-4.0,-0.3125,2026-03-06
EURAUD,cpi_yoy,1.0,0.10416666666666663,2026-03-06
EURAUD,core_cpi,1.0,0.41666666666666663,2026-03-06
EURAUD,core_pce,,0.0,2026-03-06
EURAUD,ppi_yoy,2.0,0.41666666666666663,2026-03-06
EURAUD,employment_change,1.0,0.3125,2026-03-06
EURAUD,unemployment_rate,0.0,0.10416666666666669,2026-03-06
EURAUD,wage_growth,0.0,0.0,2026-03-06
EURAUD,adp,,0.0,2026-03-06
EURAUD,jolts,,0.0,2026-03-06
EURAUD,jobless_claims,,0.0,2026-03-06
EURAUD,rate_expectations,2.0,1.25,2026-03-06
EURNZD,manufacturing_pmi,0.0,0.0,2026-03-06
EURNZD,services_pmi,0.0,0.0,2026-03-06
EURNZD,gdp_qoq,1.0,0.15625,2026-03-06
EURNZD,retail_sales,-3.0,-0.5208333333333333,2026-03-06
EURNZD,cpi_yoy,2.0,0.41666666666666663,2026-03-06
EURNZD,core_cpi,2.0,0.41666666666666663,2026-03-06
EURNZD,core_pce,,0.0,2026-03-06
EURNZD,ppi_yoy,2.0,0.41666666666666663,2026-03-06
EURNZD,employment_change,1.0,0.3125,2026-03-06
EURNZD,unemployment_rate,2.0,0.5902777777777778,2026-03-06
EURNZD,wage_growth,1.0,0.2777777777777778,2026-03-06
EURNZD,adp,,0.0,2026-03-06
EURNZD,jolts,,0.0,2026-03-06
EURNZD,jobless_claims,,0.0,2026-03-06
EURNZD,rate_expectations,2.0,1.25,2026-03-06
EURCAD,manufacturing_pmi,0.0,0.0,2026-03-06
EURCAD,services_pmi,0.0,0.0,2026-03-06
EURCAD,gdp_qoq,-1.0,-0.26041666666666663,2026-03-06
EURCAD,retail_sales,-4.0,-0.7291666666666666,2026-03-06
EURCAD,cpi_yoy,1.0,0.41666666666666663,2026-03-06
EURCAD,core_cpi,2.0,0.41666666666666663,2026-03-06
EURCAD,core_pce,,0.0,2026-03-06
EURCAD,ppi_yoy,4.0,1.0416666666666665,2026-03-06
EURCAD,employment_change,1.0,0.3125,2026-03-06
EURCAD,unemployment_rate,-1.0,-0.3125,2026-03-06
EURCAD,wage_growth,,0.0,2026-03-06
EURCAD,adp,,0.0,2026-03-06
EURCAD,jolts,,0.0,2026-03-06
EURCAD,jobless_claims,,0.0,2026-03-06
EURCAD,rate_expectations,2.0,1.25,2026-03-06
GBPJPY,manufacturing_pmi,-1.0,-0.20833333333333331,2026-03-06
GBPJPY,services_pmi,0.0,0.0,2026-03-06
GBPJPY,gdp_qoq,2.0,0.41666666666666663,2026-03-06
GBPJPY,retail_sales,1.0,0.15625,2026-03-06
GBPJPY,cpi_yoy,0.0,0.0,2026-03-06
GBPJPY,core_cpi,0.0,0.0,2026-03-06
GBPJPY,core_pce,,0.0,2026-03-06
GBPJPY,ppi_yoy,0.0,0.0,2026-03-06
GBPJPY,employment_change,0.0,0.0,2026-03-06
GBPJPY,unemployment_rate,1.0,0.3125,2026-03-06
GBPJPY,wage_growth,-2.0,-0.41666666666666663,2026-03-06
GBPJPY,adp,,0.0,2026-03-06
GBPJPY,jolts,,0.0,2026-03-06
GBPJPY,jobless_claims,,0.0,2026-03-06
GBPJPY,rate_expectations,2.0,1.25,2026-03-06
GBPCHF,manufacturing_pmi,1.0,0.2777777777777778,2026-03-06
GBPCHF,services_pmi,0.0,0.0,2026-03-06
GBPCHF,gdp_qoq,0.0,0.0,2026-03-06
GBPCHF,retail_sales,3.0,0.7118055555555556,2026-03-06
GBPCHF,cpi_yoy,-1.0,-0.41666666666666663,2026-03-06
GBPCHF,core_cpi,0.0,0.0,2026-03-06
GBPCHF,core_pce,,0.0,2026-03-06
GBPCHF,ppi_yoy,1.0,0.41666666666666663,2026-03-06
GBPCHF,employment_change,0.0,0.0,2026-03-06
GBPCHF,unemployment_rate,2.0,1.6666666666666665,2026-03-06
GBPCHF,wage_growth,-2.0,-0.41666666666666663,2026-03-06
GBPCHF,adp,,0.0,2026-03-06
GBPCHF,jolts,,0.0,2026-03-06
GBPCHF,jobless_claims,,0.0,2026-03-06
GBPCHF,rate_expectations,2.0,1.25,2026-03-06
GBPAUD,manufacturing_pmi,0.0,0.0,2026-03-06
GBPAUD,services_pmi,0.0,0.0,2026-03-06
GBPAUD,gdp_qoq,0.0,0.0,2026-03-06
GBPAUD,retail_sales,-1.0,0.15625,2026-03-06
GBPAUD,cpi_yoy,-1.0,-0.3125,2026-03-06
GBPAUD,core_cpi,-1.0,0.0,2026-03-06
GBPAUD,core_pce,,0.0,2026-03-06
GBPAUD,ppi_yoy,0.0,0.0,2026-03-06
GBPAUD,employment_change,0.0,0.0,2026-03-06
GBPAUD,unemployment_rate,-1.0,-0.20833333333333331,2026-03-06
GBPAUD,wage_growth,-2.0,-0.41666666666666663,2026-03-06
GBPAUD,adp,,0.0,2026-03-06
GBPAUD,jolts,,0.0,2026-03-06
GBPAUD,jobless_claims,,0.0,2026-03-06
GBPAUD,rate_expectations,2.0,1.25,2026-03-06
GBPNZD,manufacturing_pmi,0.0,0.0,2026-03-06
GBPNZD,services_pmi,0.0,0.0,2026-03-06
GBPNZD,gdp_qoq,0.0,0.0,2026-03-06
GBPNZD,retail_sales,0.0,-0.052083333333333315,2026-03-06
GBPNZD,cpi_yoy,0.0,0.0,2026-03-06
GBPNZD,core_cpi,0.0,0.0,2026-03-06
GBPNZD,core_pce,,0.0,2026-03-06
GBPNZD,ppi_yoy,0.0,0.0,2026-03-06
GBPNZD,employment_change,0.0,0.0,2026-03-06
GBPNZD,unemployment_rate,1.0,0.2777777777777778,2026-03-06
GBPNZD,wage_growth,-1.0,-0.13888888888888884,2026-03-06
GBPNZD,adp,,0.0,2026-03-06
GBPNZD,jolts,,0.0,2026-03-06
GBPNZD,jobless_claims,,0.0,2026-03-06
GBPNZD,rate_expectations,2.0,1.25,2026-03-06
GBPCAD,manufacturing_pmi,0.0,0.0,2026-03-06
GBPCAD,services_pmi,0.0,0.0,2026-03-06
GBPCAD,gdp_qoq,-2.0,-0.41666666666666663,2026-03-06
GBPCAD,retail_sales,-1.0,-0.26041666666666663,2026-03-06
GBPCAD,cpi_yoy,-1.0,0.0,2026-03-06
GBPCAD,core_cpi,0.0,0.0,2026-03-06
GBPCAD,core_pce,,0.0,2026-03-06
GBPCAD,ppi_yoy,2.0,0.625,2026-03-06
GBPCAD,employment_change,0.0,0.0,2026-03-06
GBPCAD,unemployment_rate,-2.0,-0.625,2026-03-06
GBPCAD,wage_growth,-2.0,-0.41666666666666663,2026-03-06
GBPCAD,adp,,0.0,2026-03-06
GBPCAD,jolts,,0.0,2026-03-06
GBPCAD,jobless_claims,,0.0,2026-03-06
GBPCAD,rate_expectations,2.0,1.25,2026-03-06
AUDJPY,manufacturing_pmi,-1.0,-0.20833333333333331,2026-03-06
AUDJPY,services_pmi,0.0,0.0,2026-03-06
AUDJPY,gdp_qoq,2.0,0.41666666666666663,2026-03-06
AUDJPY,retail_sales,2.0,0.0,2026-03-06
AUDJPY,cpi_yoy,1.0,0.3125,2026-03-06
AUDJPY,core_cpi,1.0,0.0,2026-03-06
AUDJPY,core_pce,,0.0,2026-03-06
AUDJPY,ppi_yoy,0.0,0.0,2026-03-06
AUDJPY,employment_change,0.0,0.0,2026-03-06
AUDJPY,unemployment_rate,2.0,0.5208333333333333,2026-03-06
AUDJPY,wage_growth,0.0,0.0,2026-03-06
AUDJPY,adp,,0.0,2026-03-06
AUDJPY,jolts,,0.0,2026-03-06
AUDJPY,jobless_claims,,0.0,2026-03-06
AUDJPY,rate_expectations,0.0,0.0,2026-03-06
NZDJPY,manufacturing_pmi,-1.0,-0.20833333333333331,2026-03-06
NZDJPY,services_pmi,0.0,0.0,2026-03-06
NZDJPY,gdp_qoq,2.0,0.41666666666666663,2026-03-06
NZDJPY,retail_sales,1.0,0.20833333333333331,2026-03-06
NZDJPY,cpi_yoy,0.0,0.0,2026-03-06
NZDJPY,core_cpi,0.0,0.0,2026-03-06
NZDJPY,core_pce,,0.0,2026-03-06
NZDJPY,ppi_yoy,0.0,0.0,2026-03-06
NZDJPY,employment_change,0.0,0.0,2026-03-06
NZDJPY,unemployment_rate,0.0,0.03472222222222221,2026-03-06
NZDJPY,wage_growth,-1.0,-0.2777777777777778,2026-03-06
NZDJPY,adp,,0.0,2026-03-06
NZDJPY,jolts,,0.0,2026-03-06
NZDJPY,jobless_claims,,0.0,2026-03-06
NZDJPY,rate_expectations,0.0,0.0,2026-03-06
CADJPY,manufacturing_pmi,-1.0,-0.20833333333333331,2026-03-06
CADJPY,services_pmi,,0.0,2026-03-06
CADJPY,gdp_qoq,4.0,0.8333333333333333,2026-03-06
CADJPY,retail_sales,2.0,0.41666666666666663,2026-03-06
CADJPY,cpi_yoy,1.0,0.0,2026-03-06
CADJPY,core_cpi,0.0,0.0,2026-03-06
CADJPY,core_pce,,0.0,2026-03-06
CADJPY,ppi_yoy,-2.0,-0.625,2026-03-06
CADJPY,employment_change,0.0,0.0,2026-03-06
CADJPY,unemployment_rate,3.0,0.9375,2026-03-06
CADJPY,wage_growth,0.0,0.0,2026-03-06
CADJPY,adp,,0.0,2026-03-06
CADJPY,jolts,,0.0,2026-03-06
CADJPY,jobless_claims,,0.0,2026-03-06
CADJPY,rate_expectations,0.0,0.0,2026-03-06
CHFJPY,manufacturing_pmi,-2.0,-0.4861111111111111,2026-03-06
CHFJPY,services_pmi,,0.0,2026-03-06
CHFJPY,gdp_qoq,2.0,0.41666666666666663,2026-03-06
CHFJPY,retail_sales,-2.0,-0.5555555555555556,2026-03-06
CHFJPY,cpi_yoy,1.0,0.41666666666666663,2026-03-06
CHFJPY,core_cpi,0.0,0.0,2026-03-06
CHFJPY,core_pce,,0.0,2026-03-06
CHFJPY,ppi_yoy,-1.0,-0.41666666666666663,2026-03-06
CHFJPY,employment_change,,0.0,2026-03-06
CHFJPY,unemployment_rate,-1.0,-1.3541666666666665,2026-03-06
CHFJPY,wage_growth,0.0,0.0,2026-03-06
CHFJPY,adp,,0.0,2026-03-06
CHFJPY,jolts,,0.0,2026-03-06
CHFJPY,jobless_claims,,0.0,2026-03-06
CHFJPY,rate_expectations,0.0,0.0,2026-03-06
AUDNZD,manufacturing_pmi,0.0,0.0,2026-03-06
AUDNZD,services_pmi,0.0,0.0,2026-03-06
AUDNZD,gdp_qoq,0.0,0.0,2026-03-06
AUDNZD,retail_sales,1.0,-0.20833333333333331,2026-03-06
AUDNZD,cpi_yoy,1.0,0.3125,2026-03-06
AUDNZD,core_cpi,1.0,0.0,2026-03-06
AUDNZD,core_pce,,0.0,2026-03-06
AUDNZD,ppi_yoy,0.0,0.0,2026-03-06
AUDNZD,employment_change,0.0,0.0,2026-03-06
AUDNZD,unemployment_rate,2.0,0.4861111111111111,2026-03-06
AUDNZD,wage_growth,1.0,0.2777777777777778,2026-03-06
AUDNZD,adp,,0.0,2026-03-06
AUDNZD,jolts,,0.0,2026-03-06
AUDNZD,jobless_claims,,0.0,2026-03-06
AUDNZD,rate_expectations,0.0,0.0,2026-03-06
AUDCAD,manufacturing_pmi,0.0,0.0,2026-03-06
AUDCAD,services_pmi,0.0,0.0,2026-03-06
AUDCAD,gdp_qoq,-2.0,-0.41666666666666663,2026-03-06
AUDCAD,retail_sales,0.0,-0.41666666666666663,2026-03-06
AUDCAD,cpi_yoy,0.0,0.3125,2026-03-06
AUDCAD,core_cpi,1.0,0.0,2026-03-06
AUDCAD,core_pce,,0.0,2026-03-06
AUDCAD,ppi_yoy,2.0,0.625,2026-03-06
AUDCAD,employment_change,0.0,0.0,2026-03-06
AUDCAD,unemployment_rate,-1.0,-0.4166666666666667,2026-03-06
AUDCAD,wage_growth,0.0,0.0,2026-03-06
AUDCAD,adp,,0.0,2026-03-06
AUDCAD,jolts,,0.0,2026-03-06
AUDCAD,jobless_claims,,0.0,2026-03-06
AUDCAD,rate_expectations,0.0,0.0,2026-03-06
AUDCHF,manufacturing_pmi,1.0,0.2777777777777778,2026-03-06
AUDCHF,services_pmi,0.0,0.0,2026-03-06
AUDCHF,gdp_qoq,0.0,0.0,2026-03-06
AUDCHF,retail_sales,4.0,0.5555555555555556,2026-03-06
AUDCHF,cpi_yoy,0.0,-0.10416666666666663,2026-03-06
AUDCHF,core_cpi,1.0,0.0,2026-03-06
AUDCHF,core_pce,,0.0,2026-03-06
AUDCHF,ppi_yoy,1.0,0.41666666666666663,2026-03-06
AUDCHF,employment_change,0.0,0.0,2026-03-06
AUDCHF,unemployment_rate,3.0,1.8749999999999998,2026-03-06
AUDCHF,wage_growth,0.0,0.0,2026-03-06
AUDCHF,adp,,0.0,2026-03-06
AUDCHF,jolts,,0.0,2026-03-06
AUDCHF,jobless_claims,,0.0,2026-03-06
AUDCHF,rate_expectations,0.0,0.0,2026-03-06
NZDCAD,manufacturing_pmi,0.0,0.0,2026-03-06
NZDCAD,services_pmi,0.0,0.0,2026-03-06
NZDCAD,gdp_qoq,-2.0,-0.41666666666666663,2026-03-06
NZDCAD,retail_sales,-1.0,-0.20833333333333331,2026-03-06
NZDCAD,cpi_yoy,-1.0,0.0,2026-03-06
NZDCAD,core_cpi,0.0,0.0,2026-03-06
NZDCAD,core_pce,,0.0,2026-03-06
NZDCAD,ppi_yoy,2.0,0.625,2026-03-06
NZDCAD,employment_change,0.0,0.0,2026-03-06
NZDCAD,unemployment_rate,-3.0,-0.9027777777777778,2026-03-06
NZDCAD,wage_growth,-1.0,-0.2777777777777778,2026-03-06
NZDCAD,adp,,0.0,2026-03-06
NZDCAD,jolts,,0.0,2026-03-06
NZDCAD,jobless_claims,,0.0,2026-03-06
NZDCAD,rate_expectations,0.0,0.0,2026-03-06
NZDCHF,manufacturing_pmi,1.0,0.2777777777777778,2026-03-06
NZDCHF,services_pmi,0.0,0.0,2026-03-06
NZDCHF,gdp_qoq,0.0,0.0,2026-03-06
NZDCHF,retail_sales,3.0,0.7638888888888888,2026-03-06
NZDCHF,cpi_yoy,-1.0,-0.41666666666666663,2026-03-06
NZDCHF,core_cpi,,0.0,2026-03-06
NZDCHF,core_pce,,0.0,2026-03-06
NZDCHF,ppi_yoy,1.0,0.41666666666666663,2026-03-06
NZDCHF,employment_change,0.0,0.0,2026-03-06
NZDCHF,unemployment_rate,1.0,1.3888888888888888,2026-03-06
NZDCHF,wage_growth,-1.0,-0.2777777777777778,2026-03-06
NZDCHF,adp,,0.0,2026-03-06
NZDCHF,jolts,,0.0,2026-03-06
NZDCHF,jobless_claims,,0.0,2026-03-06
NZDCHF,rate_expectations,,0.0,2026-03-06
CADCHF,manufacturing_pmi,1.0,0.2777777777777778,2026-03-06
CADCHF,services_pmi,,0.0,2026-03-06
CADCHF,gdp_qoq,2.0,0.41666666666666663,2026-03-06
CADCHF,retail_sales,4.0,0.9722222222222222,2026-03-06
CADCHF,cpi_yoy,0.0,-0.41666666666666663,2026-03-06
CADCHF,core_cpi,0.0,0.0,2026-03-06
CADCHF,core_pce,,0.0,2026-03-06
CADCHF,ppi_yoy,-1.0,-0.20833333333333337,2026-03-06
CADCHF,employment_change,0.0,0.0,2026-03-06
CADCHF,unemployment_rate,4.0,2.2916666666666665,2026-03-06
CADCHF,wage_growth,,0.0,2026-03-06
CADCHF,adp,,0.0,2026-03-06
CADCHF,jolts,,0.0,2026-03-06
CADCHF,jobless_claims,,0.0,2026-03-06
CADCHF,rate_expectations,0.0,0.0,2026-03-06
EURUSD,manufacturing_pmi,0.0,0.0,2026-03-13
EURUSD,services_pmi,-1.0,-0.20833333333333331,2026-03-13
EURUSD,gdp_qoq,1.0,0.15625,2026-03-13
EURUSD,retail_sales,-2.0,-0.3125,2026-03-13
EURUSD,cpi_yoy,2.0,0.41666666666666663,2026-03-13
EURUSD,core_cpi,2.0,0.41666666666666663,2026-03-13
EURUSD,core_pce,0.0,0.0,2026-03-13
EURUSD,ppi_yoy,2.0,0.41666666666666663,2026-03-13
EURUSD,employment_change,3.0,0.5208333333333333,2026-03-13
EURUSD,unemployment_rate,2.0,0.41666666666666663,2026-03-13
EURUSD,wage_growth,-1.0,-0.10416666666666666,2026-03-13
EURUSD,adp,0.0,0.0,2026-03-13
EURUSD,jolts,2.0,0.20833333333333331,2026-03-13
EURUSD,jobless_claims,0.0,0.0,2026-03-13
EURUSD,rate_expectations,0.0,0.0,2026-03-13
GBPUSD,manufacturing_pmi,0.0,0.0,2026-03-13
GBPUSD,services_pmi,-1.0,-0.20833333333333331,2026-03-13
GBPUSD,gdp_qoq,0.0,0.0,2026-03-13
GBPUSD,retail_sales,1.0,0.15625,2026-03-13
GBPUSD,cpi_yoy,0.0,0.0,2026-03-13
GBPUSD,core_cpi,0.0,0.0,2026-03-13
GBPUSD,core_pce,0.0,0.0,2026-03-13
GBPUSD,ppi_yoy,0.0,0.0,2026-03-13
GBPUSD,employment_change,2.0,0.20833333333333331,2026-03-13
GBPUSD,unemployment_rate,1.0,0.10416666666666666,2026-03-13
GBPUSD,wage_growth,-3.0,-0.5208333333333333,2026-03-13
GBPUSD,adp,0.0,0.0,2026-03-13
GBPUSD,jolts,2.0,0.20833333333333331,2026-03-13
GBPUSD,jobless_claims,0.0,0.0,2026-03-13
GBPUSD,rate_expectations,0.0,0.0,2026-03-13
USDJPY,manufacturing_pmi,-1.0,-0.20833333333333331,2026-03-13
USDJPY,services_pmi,1.0,0.20833333333333331,2026-03-13
USDJPY,gdp_qoq,2.0,0.41666666666666663,2026-03-13
USDJPY,retail_sales,0.0,0.0,2026-03-13
USDJPY,cpi_yoy,0.0,0.0,2026-03-13
USDJPY,core_cpi,0.0,0.0,2026-03-13
USDJPY,core_pce,0.0,0.0,2026-03-13
USDJPY,ppi_yoy,0.0,0.0,2026-03-13
USDJPY,employment_change,-2.0,-0.20833333333333331,2026-03-13
USDJPY,unemployment_rate,0.0,0.20833333333333334,2026-03-13
USDJPY,wage_growth,1.0,0.10416666666666666,2026-03-13
USDJPY,adp,0.0,0.0,2026-03-13
USDJPY,jolts,-2.0,-0.20833333333333331,2026-03-13
USDJPY,jobless_claims,0.0,0.0,2026-03-13
USDJPY,rate_expectations,2.0,1.25,2026-03-13
USDCHF,manufacturing_pmi,1.0,0.2777777777777778,2026-03-13
USDCHF,services_pmi,1.0,0.20833333333333331,2026-03-13
USDCHF,gdp_qoq,0.0,0.0,2026-03-13
USDCHF,retail_sales,2.0,0.5555555555555556,2026-03-13
USDCHF,cpi_yoy,-1.0,-0.41666666666666663,2026-03-13
USDCHF,core_cpi,0.0,0.0,2026-03-13
USDCHF,core_pce,0.0,0.0,2026-03-13
USDCHF,ppi_yoy,1.0,0.41666666666666663,2026-03-13
USDCHF,employment_change,-2.0,-0.20833333333333331,2026-03-13
USDCHF,unemployment_rate,1.0,1.5624999999999998,2026-03-13
USDCHF,wage_growth,1.0,0.10416666666666666,2026-03-13
USDCHF,adp,0.0,0.0,2026-03-13
USDCHF,jolts,-2.0,-0.20833333333333331,2026-03-13
USDCHF,jobless_claims,0.0,0.0,2026-03-13
USDCHF,rate_expectations,2.0,1.25,2026-03-13
USDCAD,manufacturing_pmi,0.0,0.0,2026-03-13
USDCAD,services_pmi,1.0,0.20833333333333331,2026-03-13
USDCAD,gdp_qoq,-2.0,-0.41666666666666663,2026-03-13
USDCAD,retail_sales,-2.0,-0.41666666666666663,2026-03-13
USDCAD,cpi_yoy,-1.0,0.0,2026-03-13
USDCAD,core_cpi,0.0,0.0,2026-03-13
USDCAD,core_pce,0.0,0.0,2026-03-13
USDCAD,ppi_yoy,2.0,0.0,2026-03-13
USDCAD,employment_change,-2.0,-0.20833333333333331,2026-03-13
USDCAD,unemployment_rate,-3.0,-0.7291666666666666,2026-03-13
USDCAD,wage_growth,1.0,0.10416666666666666,2026-03-13
USDCAD,adp,0.0,0.0,2026-03-13
USDCAD,jolts,-2.0,-0.20833333333333331,2026-03-13
USDCAD,jobless_claims,0.0,0.0,2026-03-13
USDCAD,rate_expectations,0.0,0.0,2026-03-13
AUDUSD,manufacturing_pmi,0.0,0.0,2026-03-13
AUDUSD,services_pmi,-1.0,-0.20833333333333331,2026-03-13
AUDUSD,gdp_qoq,0.0,0.0,2026-03-13
AUDUSD,retail_sales,2.0,0.0,2026-03-13
AUDUSD,cpi_yoy,1.0,0.3125,2026-03-13
AUDUSD,core_cpi,1.0,0.0,2026-03-13
AUDUSD,core_pce,0.0,0.0,2026-03-13
AUDUSD,ppi_yoy,0.0,0.0,2026-03-13
AUDUSD,employment_change,2.0,0.20833333333333331,2026-03-13
AUDUSD,unemployment_rate,2.0,0.3125,2026-03-13
AUDUSD,wage_growth,-1.0,-0.10416666666666666,2026-03-13
AUDUSD,adp,0.0,0.0,2026-03-13
AUDUSD,jolts,2.0,0.20833333333333331,2026-03-13
AUDUSD,jobless_claims,0.0,0.0,2026-03-13
AUDUSD,rate_expectations,0.0,0.0,2026-03-13
NZDUSD,manufacturing_pmi,0.0,0.0,2026-03-13
NZDUSD,services_pmi,-1.0,-0.20833333333333331,2026-03-13
NZDUSD,gdp_qoq,0.0,0.0,2026-03-13
NZDUSD,retail_sales,1.0,0.20833333333333331,2026-03-13
NZDUSD,cpi_yoy,0.0,0.0,2026-03-13
NZDUSD,core_cpi,0.0,0.0,2026-03-13
NZDUSD,core_pce,0.0,0.0,2026-03-13
NZDUSD,ppi_yoy,0.0,0.0,2026-03-13
NZDUSD,employment_change,2.0,0.20833333333333331,2026-03-13
NZDUSD,unemployment_rate,0.0,-0.17361111111111113,2026-03-13
NZDUSD,wage_growth,-2.0,-0.3819444444444444,2026-03-13
NZDUSD,adp,0.0,0.0,2026-03-13
NZDUSD,jolts,2.0,0.20833333333333331,2026-03-13
NZDUSD,jobless_claims,0.0,0.0,2026-03-13
NZDUSD,rate_expectations,-2.0,-1.25,2026-03-13
EURGBP,manufacturing_pmi,0.0,0.0,2026-03-13
EURGBP,services_pmi,0.0,0.0,2026-03-13
EURGBP,gdp_qoq,1.0,0.15625,2026-03-13
EURGBP,retail_sales,-3.0,-0.46875,2026-03-13
EURGBP,cpi_yoy,2.0,0.41666666666666663,2026-03-13
EURGBP,core_cpi,2.0,0.41666666666666663,2026-03-13
EURGBP,core_pce,,0.0,2026-03-13
EURGBP,ppi_yoy,2.0,0.41666666666666663,2026-03-13
EURGBP,employment_change,1.0,0.3125,2026-03-13
EURGBP,unemployment_rate,1.0,0.3125,2026-03-13
EURGBP,wage_growth,2.0,0.41666666666666663,2026-03-13
EURGBP,adp,,0.0,2026-03-13
EURGBP,jolts,,0.0,2026-03-13
EURGBP,jobless_claims,,0.0,2026-03-13
EURGBP,rate_expectations,0.0,0.0,2026-03-13
EURJPY,manufacturing_pmi,-1.0,-0.20833333333333331,2026-03-13
EURJPY,services_pmi,0.0,0.0,2026-03-13
EURJPY,gdp_qoq,3.0,0.5729166666666666,2026-03-13
EURJPY,retail_sales,-2.0,-0.3125,2026-03-13
EURJPY,cpi_yoy,2.0,0.41666666666666663,2026-03-13
EURJPY,core_cpi,2.0,0.41666666666666663,2026-03-13
EURJPY,core_pce,,0.0,2026-03-13
EURJPY,ppi_yoy,2.0,0.41666666666666663,2026-03-13
EURJPY,employment_change,1.0,0.3125,2026-03-13
EURJPY,unemployment_rate,2.0,0.625,2026-03-13
EURJPY,wage_growth,0.0,0.0,2026-03-13
EURJPY,adp,,0.0,2026-03-13
EURJPY,jolts,,0.0,2026-03-13
EURJPY,jobless_claims,,0.0,2026-03-13
EURJPY,rate_expectations,2.0,1.25,2026-03-13
EURCHF,manufacturing_pmi,1.0,0.2777777777777778,2026-03-13
EURCHF,services_pmi,0.0,0.0,2026-03-13
EURCHF,gdp_qoq,1.0,0.15625,2026-03-13
EURCHF,retail_sales,0.0,0.24305555555555558,2026-03-13
EURCHF,cpi_yoy,1.0,0.0,2026-03-13
EURCHF,core_cpi,2.0,0.41666666666666663,2026-03-13
EURCHF,core_pce,,0.0,2026-03-13
EURCHF,ppi_yoy,3.0,0.8333333333333333,2026-03-13
EURCHF,employment_change,1.0,0.3125,2026-03-13
EURCHF,unemployment_rate,3.0,1.9791666666666665,2026-03-13
EURCHF,wage_growth,,0.0,2026-03-13
EURCHF,adp,,0.0,2026-03-13
EURCHF,jolts,,0.0,2026-03-13
EURCHF,jobless_claims,,0.0,2026-03-13
EURCHF,rate_expectations,2.0,1.25,2026-03-13
EURAUD,manufacturing_pmi,0.0,0.0,2026-03-13
EURAUD,services_pmi,0.0,0.0,2026-03-13
EURAUD,gdp_qoq,1.0,0.15625,2026-03-13
EURAUD,retail_sales,-4.0,-0.3125,2026-03-13
EURAUD,cpi_yoy,1.0,0.10416666666666663,2026-03-13
EURAUD,core_cpi,1.0,0.41666666666666663,2026-03-13
EURAUD,core_pce,,0.0,2026-03-13
EURAUD,ppi_yoy,2.0,0.41666666666666663,2026-03-13
EURAUD,employment_change,1.0,0.3125,2026-03-13
EURAUD,unemployment_rate,0.0,0.10416666666666669,2026-03-13
EURAUD,wage_growth,0.0,0.0,2026-03-13
EURAUD,adp,,0.0,2026-03-13
EURAUD,jolts,,0.0,2026-03-13
EURAUD,jobless_claims,,0.0,2026-03-13
EURAUD,rate_expectations,0.0,0.0,2026-03-13
EURNZD,manufacturing_pmi,0.0,0.0,2026-03-13
EURNZD,services_pmi,0.0,0.0,2026-03-13
EURNZD,gdp_qoq,1.0,0.15625,2026-03-13
EURNZD,retail_sales,-3.0,-0.5208333333333333,2026-03-13
EURNZD,cpi_yoy,2.0,0.41666666666666663,2026-03-13
EURNZD,core_cpi,2.0,0.41666666666666663,2026-03-13
EURNZD,core_pce,,0.0,2026-03-13
EURNZD,ppi_yoy,2.0,0.41666666666666663,2026-03-13
EURNZD,employment_change,1.0,0.3125,2026-03-13
EURNZD,unemployment_rate,2.0,0.5902777777777778,2026-03-13
EURNZD,wage_growth,1.0,0.2777777777777778,2026-03-13
EURNZD,adp,,0.0,2026-03-13
EURNZD,jolts,,0.0,2026-03-13
EURNZD,jobless_claims,,0.0,2026-03-13
EURNZD,rate_expectations,2.0,1.25,2026-03-13
EURCAD,manufacturing_pmi,0.0,0.0,2026-03-13
EURCAD,services_pmi,0.0,0.0,2026-03-13
EURCAD,gdp_qoq,-1.0,-0.26041666666666663,2026-03-13
EURCAD,retail_sales,-4.0,-0.7291666666666666,2026-03-13
EURCAD,cpi_yoy,1.0,0.41666666666666663,2026-03-13
EURCAD,core_cpi,2.0,0.41666666666666663,2026-03-13
EURCAD,core_pce,,0.0,2026-03-13
EURCAD,ppi_yoy,4.0,0.41666666666666663,2026-03-13
EURCAD,employment_change,1.0,0.3125,2026-03-13
EURCAD,unemployment_rate,-1.0,-0.3125,2026-03-13
EURCAD,wage_growth,,0.0,2026-03-13
EURCAD,adp,,0.0,2026-03-13
EURCAD,jolts,,0.0,2026-03-13
EURCAD,jobless_claims,,0.0,2026-03-13
EURCAD,rate_expectations,0.0,0.0,2026-03-13
GBPJPY,manufacturing_pmi,-1.0,-0.20833333333333331,2026-03-13
GBPJPY,services_pmi,0.0,0.0,2026-03-13
GBPJPY,gdp_qoq,2.0,0.41666666666666663,2026-03-13
GBPJPY,retail_sales,1.0,0.15625,2026-03-13
GBPJPY,cpi_yoy,0.0,0.0,2026-03-13
GBPJPY,core_cpi,0.0,0.0,2026-03-13
GBPJPY,core_pce,,0.0,2026-03-13
GBPJPY,ppi_yoy,0.0,0.0,2026-03-13
GBPJPY,employment_change,0.0,0.0,2026-03-13
GBPJPY,unemployment_rate,1.0,0.3125,2026-03-13
GBPJPY,wage_growth,-2.0,-0.41666666666666663,2026-03-13
GBPJPY,adp,,0.0,2026-03-13
GBPJPY,jolts,,0.0,2026-03-13
GBPJPY,jobless_claims,,0.0,2026-03-13
GBPJPY,rate_expectations,2.0,1.25,2026-03-13
GBPCHF,manufacturing_pmi,1.0,0.2777777777777778,2026-03-13
GBPCHF,services_pmi,0.0,0.0,2026-03-13
GBPCHF,gdp_qoq,0.0,0.0,2026-03-13
GBPCHF,retail_sales,3.0,0.7118055555555556,2026-03-13
GBPCHF,cpi_yoy,-1.0,-0.41666666666666663,2026-03-13
GBPCHF,core_cpi,0.0,0.0,2026-03-13
GBPCHF,core_pce,,0.0,2026-03-13
GBPCHF,ppi_yoy,1.0,0.41666666666666663,2026-03-13
GBPCHF,employment_change,0.0,0.0,2026-03-13
GBPCHF,unemployment_rate,2.0,1.6666666666666665,2026-03-13
GBPCHF,wage_growth,-2.0,-0.41666666666666663,2026-03-13
GBPCHF,adp,,0.0,2026-03-13
GBPCHF,jolts,,0.0,2026-03-13
GBPCHF,jobless_claims,,0.0,2026-03-13
GBPCHF,rate_expectations,2.0,1.25,2026-03-13
GBPAUD,manufacturing_pmi,0.0,0.0,2026-03-13
GBPAUD,services_pmi,0.0,0.0,2026-03-13
GBPAUD,gdp_qoq,0.0,0.0,2026-03-13
GBPAUD,retail_sales,-1.0,0.15625,2026-03-13
GBPAUD,cpi_yoy,-1.0,-0.3125,2026-03-13
GBPAUD,core_cpi,-1.0,0.0,2026-03-13
GBPAUD,core_pce,,0.0,2026-03-13
GBPAUD,ppi_yoy,0.0,0.0,2026-03-13
GBPAUD,employment_change,0.0,0.0,2026-03-13
GBPAUD,unemployment_rate,-1.0,-0.20833333333333331,2026-03-13
GBPAUD,wage_growth,-2.0,-0.41666666666666663,2026-03-13
GBPAUD,adp,,0.0,2026-03-13
GBPAUD,jolts,,0.0,2026-03-13
GBPAUD,jobless_claims,,0.0,2026-03-13
GBPAUD,rate_expectations,0.0,0.0,2026-03-13
GBPNZD,manufacturing_pmi,0.0,0.0,2026-03-13
GBPNZD,services_pmi,0.0,0.0,2026-03-13
GBPNZD,gdp_qoq,0.0,0.0,2026-03-13
GBPNZD,retail_sales,0.0,-0.052083333333333315,2026-03-13
GBPNZD,cpi_yoy,0.0,0.0,2026-03-13
GBPNZD,core_cpi,0.0,0.0,2026-03-13
GBPNZD,core_pce,,0.0,2026-03-13
GBPNZD,ppi_yoy,0.0,0.0,2026-03-13
GBPNZD,employment_change,0.0,0.0,2026-03-13
GBPNZD,unemployment_rate,1.0,0.2777777777777778,2026-03-13
GBPNZD,wage_growth,-1.0,-0.13888888888888884,2026-03-13
GBPNZD,adp,,0.0,2026-03-13
GBPNZD,jolts,,0.0,2026-03-13
GBPNZD,jobless_claims,,0.0,2026-03-13
GBPNZD,rate_expectations,2.0,1.25,2026-03-13
GBPCAD,manufacturing_pmi,0.0,0.0,2026-03-13
GBPCAD,services_pmi,0.0,0.0,2026-03-13
GBPCAD,gdp_qoq,-2.0,-0.41666666666666663,2026-03-13
GBPCAD,retail_sales,-1.0,-0.26041666666666663,2026-03-13
GBPCAD,cpi_yoy,-1.0,0.0,2026-03-13
GBPCAD,core_cpi,0.0,0.0,2026-03-13
GBPCAD,core_pce,,0.0,2026-03-13
GBPCAD,ppi_yoy,2.0,0.0,2026-03-13
GBPCAD,employment_change,0.0,0.0,2026-03-13
GBPCAD,unemployment_rate,-2.0,-0.625,2026-03-13
GBPCAD,wage_growth,-2.0,-0.41666666666666663,2026-03-13
GBPCAD,adp,,0.0,2026-03-13
GBPCAD,jolts,,0.0,2026-03-13
GBPCAD,jobless_claims,,0.0,2026-03-13
GBPCAD,rate_expectations,0.0,0.0,2026-03-13
AUDJPY,manufacturing_pmi,-1.0,-0.20833333333333331,2026-03-13
AUDJPY,services_pmi,0.0,0.0,2026-03-13
AUDJPY,gdp_qoq,2.0,0.41666666666666663,2026-03-13
AUDJPY,retail_sales,2.0,0.0,2026-03-13
AUDJPY,cpi_yoy,1.0,0.3125,2026-03-13
AUDJPY,core_cpi,1.0,0.0,2026-03-13
AUDJPY,core_pce,,0.0,2026-03-13
AUDJPY,ppi_yoy,0.0,0.0,2026-03-13
AUDJPY,employment_change,0.0,0.0,2026-03-13
AUDJPY,unemployment_rate,2.0,0.5208333333333333,2026-03-13
AUDJPY,wage_growth,0.0,0.0,2026-03-13
AUDJPY,adp,,0.0,2026-03-13
AUDJPY,jolts,,0.0,2026-03-13
AUDJPY,jobless_claims,,0.0,2026-03-13
AUDJPY,rate_expectations,2.0,1.25,2026-03-13
NZDJPY,manufacturing_pmi,-1.0,-0.20833333333333331,2026-03-13
NZDJPY,services_pmi,0.0,0.0,2026-03-13
NZDJPY,gdp_qoq,2.0,0.41666666666666663,2026-03-13
NZDJPY,retail_sales,1.0,0.20833333333333331,2026-03-13
NZDJPY,cpi_yoy,0.0,0.0,2026-03-13
NZDJPY,core_cpi,0.0,0.0,2026-03-13
NZDJPY,core_pce,,0.0,2026-03-13
NZDJPY,ppi_yoy,0.0,0.0,2026-03-13
NZDJPY,employment_change,0.0,0.0,2026-03-13
NZDJPY,unemployment_rate,0.0,0.03472222222222221,2026-03-13
NZDJPY,wage_growth,-1.0,-0.2777777777777778,2026-03-13
NZDJPY,adp,,0.0,2026-03-13
NZDJPY,jolts,,0.0,2026-03-13
NZDJPY,jobless_claims,,0.0,2026-03-13
NZDJPY,rate_expectations,0.0,0.0,2026-03-13
CADJPY,manufacturing_pmi,-1.0,-0.20833333333333331,2026-03-13
CADJPY,services_pmi,,0.0,2026-03-13
CADJPY,gdp_qoq,4.0,0.8333333333333333,2026-03-13
CADJPY,retail_sales,2.0,0.41666666666666663,2026-03-13
CADJPY,cpi_yoy,1.0,0.0,2026-03-13
CADJPY,core_cpi,0.0,0.0,2026-03-13
CADJPY,core_pce,,0.0,2026-03-13
CADJPY,ppi_yoy,-2.0,0.0,2026-03-13
CADJPY,employment_change,0.0,0.0,2026-03-13
CADJPY,unemployment_rate,3.0,0.9375,2026-03-13
CADJPY,wage_growth,0.0,0.0,2026-03-13
CADJPY,adp,,0.0,2026-03-13
CADJPY,jolts,,0.0,2026-03-13
CADJPY,jobless_claims,,0.0,2026-03-13
CADJPY,rate_expectations,2.0,1.25,2026-03-13
CHFJPY,manufacturing_pmi,-2.0,-0.4861111111111111,2026-03-13
CHFJPY,services_pmi,,0.0,2026-03-13
CHFJPY,gdp_qoq,2.0,0.41666666666666663,2026-03-13
CHFJPY,retail_sales,-2.0,-0.5555555555555556,2026-03-13
CHFJPY,cpi_yoy,1.0,0.41666666666666663,2026-03-13
CHFJPY,core_cpi,0.0,0.0,2026-03-13
CHFJPY,core_pce,,0.0,2026-03-13
CHFJPY,ppi_yoy,-1.0,-0.41666666666666663,2026-03-13
CHFJPY,employment_change,,0.0,2026-03-13
CHFJPY,unemployment_rate,-1.0,-1.3541666666666665,2026-03-13
CHFJPY,wage_growth,0.0,0.0,2026-03-13
CHFJPY,adp,,0.0,2026-03-13
CHFJPY,jolts,,0.0,2026-03-13
CHFJPY,jobless_claims,,0.0,2026-03-13
CHFJPY,rate_expectations,0.0,0.0,2026-03-13
AUDNZD,manufacturing_pmi,0.0,0.0,2026-03-13
AUDNZD,services_pmi,0.0,0.0,2026-03-13
AUDNZD,gdp_qoq,0.0,0.0,2026-03-13
AUDNZD,retail_sales,1.0,-0.20833333333333331,2026-03-13
AUDNZD,cpi_yoy,1.0,0.3125,2026-03-13
AUDNZD,core_cpi,1.0,0.0,2026-03-13
AUDNZD,core_pce,,0.0,2026-03-13
AUDNZD,ppi_yoy,0.0,0.0,2026-03-13
AUDNZD,employment_change,0.0,0.0,2026-03-13
AUDNZD,unemployment_rate,2.0,0.4861111111111111,2026-03-13
AUDNZD,wage_growth,1.0,0.2777777777777778,2026-03-13
AUDNZD,adp,,0.0,2026-03-13
AUDNZD,jolts,,0.0,2026-03-13
AUDNZD,jobless_claims,,0.0,2026-03-13
AUDNZD,rate_expectations,2.0,1.25,2026-03-13
AUDCAD,manufacturing_pmi,0.0,0.0,2026-03-13
AUDCAD,services_pmi,0.0,0.0,2026-03-13
AUDCAD,gdp_qoq,-2.0,-0.41666666666666663,2026-03-13
AUDCAD,retail_sales,0.0,-0.41666666666666663,2026-03-13
AUDCAD,cpi_yoy,0.0,0.3125,2026-03-13
AUDCAD,core_cpi,1.0,0.0,2026-03-13
AUDCAD,core_pce,,0.0,2026-03-13
AUDCAD,ppi_yoy,2.0,0.0,2026-03-13
AUDCAD,employment_change,0.0,0.0,2026-03-13
AUDCAD,unemployment_rate,-1.0,-0.4166666666666667,2026-03-13
AUDCAD,wage_growth,0.0,0.0,2026-03-13
AUDCAD,adp,,0.0,2026-03-13
AUDCAD,jolts,,0.0,2026-03-13
AUDCAD,jobless_claims,,0.0,2026-03-13
AUDCAD,rate_expectations,0.0,0.0,2026-03-13
AUDCHF,manufacturing_pmi,1.0,0.2777777777777778,2026-03-13
AUDCHF,services_pmi,0.0,0.0,2026-03-13
AUDCHF,gdp_qoq,0.0,0.0,2026-03-13
AUDCHF,retail_sales,4.0,0.5555555555555556,2026-03-13
AUDCHF,cpi_yoy,0.0,-0.10416666666666663,2026-03-13
AUDCHF,core_cpi,1.0,0.0,2026-03-13
AUDCHF,core_pce,,0.0,2026-03-13
AUDCHF,ppi_yoy,1.0,0.41666666666666663,2026-03-13
AUDCHF,employment_change,0.0,0.0,2026-03-13
AUDCHF,unemployment_rate,3.0,1.8749999999999998,2026-03-13
AUDCHF,wage_growth,0.0,0.0,2026-03-13
AUDCHF,adp,,0.0,2026-03-13
AUDCHF,jolts,,0.0,2026-03-13
AUDCHF,jobless_claims,,0.0,2026-03-13
AUDCHF,rate_expectations,2.0,1.25,2026-03-13
NZDCAD,manufacturing_pmi,0.0,0.0,2026-03-13
NZDCAD,services_pmi,0.0,0.0,2026-03-13
NZDCAD,gdp_qoq,-2.0,-0.41666666666666663,2026-03-13
NZDCAD,retail_sales,-1.0,-0.20833333333333331,2026-03-13
NZDCAD,cpi_yoy,-1.0,0.0,2026-03-13
NZDCAD,core_cpi,0.0,0.0,2026-03-13
NZDCAD,core_pce,,0.0,2026-03-13
NZDCAD,ppi_yoy,2.0,0.0,2026-03-13
NZDCAD,employment_change,0.0,0.0,2026-03-13
NZDCAD,unemployment_rate,-3.0,-0.9027777777777778,2026-03-13
NZDCAD,wage_growth,-1.0,-0.2777777777777778,2026-03-13
NZDCAD,adp,,0.0,2026-03-13
NZDCAD,jolts,,0.0,2026-03-13
NZDCAD,jobless_claims,,0.0,2026-03-13
NZDCAD,rate_expectations,-2.0,-1.25,2026-03-13
NZDCHF,manufacturing_pmi,1.0,0.2777777777777778,2026-03-13
NZDCHF,services_pmi,0.0,0.0,2026-03-13
NZDCHF,gdp_qoq,0.0,0.0,2026-03-13
NZDCHF,retail_sales,3.0,0.7638888888888888,2026-03-13
NZDCHF,cpi_yoy,-1.0,-0.41666666666666663,2026-03-13
NZDCHF,core_cpi,,0.0,2026-03-13
NZDCHF,core_pce,,0.0,2026-03-13
NZDCHF,ppi_yoy,1.0,0.41666666666666663,2026-03-13
NZDCHF,employment_change,0.0,0.0,2026-03-13
NZDCHF,unemployment_rate,1.0,1.3888888888888888,2026-03-13
NZDCHF,wage_growth,-1.0,-0.2777777777777778,2026-03-13
NZDCHF,adp,,0.0,2026-03-13
NZDCHF,jolts,,0.0,2026-03-13
NZDCHF,jobless_claims,,0.0,2026-03-13
NZDCHF,rate_expectations,,0.0,2026-03-13
CADCHF,manufacturing_pmi,1.0,0.2777777777777778,2026-03-13
CADCHF,services_pmi,,0.0,2026-03-13
CADCHF,gdp_qoq,2.0,0.41666666666666663,2026-03-13
CADCHF,retail_sales,4.0,0.9722222222222222,2026-03-13
CADCHF,cpi_yoy,0.0,-0.41666666666666663,2026-03-13
CADCHF,core_cpi,0.0,0.0,2026-03-13
CADCHF,core_pce,,0.0,2026-03-13
CADCHF,ppi_yoy,-1.0,0.41666666666666663,2026-03-13
CADCHF,employment_change,0.0,0.0,2026-03-13
CADCHF,unemployment_rate,4.0,2.2916666666666665,2026-03-13
CADCHF,wage_growth,,0.0,2026-03-13
CADCHF,adp,,0.0,2026-03-13
CADCHF,jolts,,0.0,2026-03-13
CADCHF,jobless_claims,,0.0,2026-03-13
CADCHF,rate_expectations,2.0,1.25,2026-03-13
EURUSD,manufacturing_pmi,0.0,0.0,2026-03-20
EURUSD,services_pmi,-1.0,-0.20833333333333331,2026-03-20
EURUSD,gdp_qoq,1.0,0.15625,2026-03-20
EURUSD,retail_sales,-2.0,-0.3125,2026-03-20
EURUSD,cpi_yoy,2.0,0.41666666666666663,2026-03-20
EURUSD,core_cpi,2.0,0.41666666666666663,2026-03-20
EURUSD,core_pce,0.0,0.0,2026-03-20
EURUSD,ppi_yoy,1.0,0.26041666666666663,2026-03-20
EURUSD,employment_change,3.0,0.5208333333333333,2026-03-20
EURUSD,unemployment_rate,2.0,0.41666666666666663,2026-03-20
EURUSD,wage_growth,-1.0,-0.10416666666666666,2026-03-20
EURUSD,adp,0.0,0.0,2026-03-20
EURUSD,jolts,0.0,0.0,2026-03-20
EURUSD,jobless_claims,-1.0,-0.10416666666666666,2026-03-20
EURUSD,rate_expectations,0.0,0.0,2026-03-20
GBPUSD,manufacturing_pmi,0.0,0.0,2026-03-20
GBPUSD,services_pmi,-1.0,-0.20833333333333331,2026-03-20
GBPUSD,gdp_qoq,0.0,0.0,2026-03-20
GBPUSD,retail_sales,1.0,0.15625,2026-03-20
GBPUSD,cpi_yoy,0.0,0.0,2026-03-20
GBPUSD,core_cpi,0.0,0.0,2026-03-20
GBPUSD,core_pce,0.0,0.0,2026-03-20
GBPUSD,ppi_yoy,-1.0,-0.15625,2026-03-20
GBPUSD,employment_change,2.0,0.20833333333333331,2026-03-20
GBPUSD,unemployment_rate,3.0,0.5208333333333333,2026-03-20
GBPUSD,wage_growth,-1.0,-0.10416666666666666,2026-03-20
GBPUSD,adp,0.0,0.0,2026-03-20
GBPUSD,jolts,0.0,0.0,2026-03-20
GBPUSD,jobless_claims,-1.0,-0.10416666666666666,2026-03-20
GBPUSD,rate_expectations,0.0,0.0,2026-03-20
USDJPY,manufacturing_pmi,-1.0,-0.20833333333333331,2026-03-20
USDJPY,services_pmi,1.0,0.20833333333333331,2026-03-20
USDJPY,gdp_qoq,2.0,0.41666666666666663,2026-03-20
USDJPY,retail_sales,0.0,0.0,2026-03-20
USDJPY,cpi_yoy,0.0,0.0,2026-03-20
USDJPY,core_cpi,0.0,0.0,2026-03-20
USDJPY,core_pce,0.0,0.0,2026-03-20
USDJPY,ppi_yoy,1.0,0.15625,2026-03-20
USDJPY,employment_change,-2.0,-0.20833333333333331,2026-03-20
USDJPY,unemployment_rate,0.0,0.20833333333333334,2026-03-20
USDJPY,wage_growth,1.0,0.10416666666666666,2026-03-20
USDJPY,adp,0.0,0.0,2026-03-20
USDJPY,jolts,0.0,0.0,2026-03-20
USDJPY,jobless_claims,1.0,0.10416666666666666,2026-03-20
USDJPY,rate_expectations,2.0,1.25,2026-03-20
USDCHF,manufacturing_pmi,1.0,0.2777777777777778,2026-03-20
USDCHF,services_pmi,1.0,0.20833333333333331,2026-03-20
USDCHF,gdp_qoq,0.0,0.0,2026-03-20
USDCHF,retail_sales,2.0,0.5555555555555556,2026-03-20
USDCHF,cpi_yoy,-1.0,-0.41666666666666663,2026-03-20
USDCHF,core_cpi,0.0,0.0,2026-03-20
USDCHF,core_pce,0.0,0.0,2026-03-20
USDCHF,ppi_yoy,1.0,0.15625,2026-03-20
USDCHF,employment_change,-2.0,-0.20833333333333331,2026-03-20
USDCHF,unemployment_rate,1.0,1.5624999999999998,2026-03-20
USDCHF,wage_growth,1.0,0.10416666666666666,2026-03-20
USDCHF,adp,0.0,0.0,2026-03-20
USDCHF,jolts,0.0,0.0,2026-03-20
USDCHF,jobless_claims,1.0,0.10416666666666666,2026-03-20
USDCHF,rate_expectations,2.0,1.25,2026-03-20
USDCAD,manufacturing_pmi,0.0,0.0,2026-03-20
USDCAD,services_pmi,1.0,0.20833333333333331,2026-03-20
USDCAD,gdp_qoq,-2.0,-0.41666666666666663,2026-03-20
USDCAD,retail_sales,-2.0,-0.41666666666666663,2026-03-20
USDCAD,cpi_yoy,1.0,0.3125,2026-03-20
USDCAD,core_cpi,0.0,0.0,2026-03-20
USDCAD,core_pce,0.0,0.0,2026-03-20
USDCAD,ppi_yoy,3.0,0.15625,2026-03-20
USDCAD,employment_change,0.0,0.4166666666666667,2026-03-20
USDCAD,unemployment_rate,-1.0,-0.10416666666666666,2026-03-20
USDCAD,wage_growth,1.0,0.10416666666666666,2026-03-20
USDCAD,adp,0.0,0.0,2026-03-20
USDCAD,jolts,0.0,0.0,2026-03-20
USDCAD,jobless_claims,1.0,0.10416666666666666,2026-03-20
USDCAD,rate_expectations,0.0,0.0,2026-03-20
AUDUSD,manufacturing_pmi,0.0,0.0,2026-03-20
AUDUSD,services_pmi,-1.0,-0.20833333333333331,2026-03-20
AUDUSD,gdp_qoq,0.0,0.0,2026-03-20
AUDUSD,retail_sales,2.0,0.0,2026-03-20
AUDUSD,cpi_yoy,1.0,0.3125,2026-03-20
AUDUSD,core_cpi,1.0,0.0,2026-03-20
AUDUSD,core_pce,0.0,0.0,2026-03-20
AUDUSD,ppi_yoy,-1.0,-0.15625,2026-03-20
AUDUSD,employment_change,3.0,0.41666666666666663,2026-03-20
AUDUSD,unemployment_rate,0.0,-0.10416666666666666,2026-03-20
AUDUSD,wage_growth,-1.0,-0.10416666666666666,2026-03-20
AUDUSD,adp,0.0,0.0,2026-03-20
AUDUSD,jolts,0.0,0.0,2026-03-20
AUDUSD,jobless_claims,-1.0,-0.10416666666666666,2026-03-20
AUDUSD,rate_expectations,0.0,0.0,2026-03-20
NZDUSD,manufacturing_pmi,0.0,0.0,2026-03-20
NZDUSD,services_pmi,-1.0,-0.20833333333333331,2026-03-20
NZDUSD,gdp_qoq,0.0,0.0,2026-03-20
NZDUSD,retail_sales,1.0,0.0,2026-03-20
NZDUSD,cpi_yoy,0.0,0.0,2026-03-20
NZDUSD,core_cpi,0.0,0.0,2026-03-20
NZDUSD,core_pce,0.0,0.0,2026-03-20
NZDUSD,ppi_yoy,-1.0,-0.15625,2026-03-20
NZDUSD,employment_change,2.0,0.20833333333333331,2026-03-20
NZDUSD,unemployment_rate,0.0,-0.17361111111111113,2026-03-20
NZDUSD,wage_growth,-2.0,-0.3819444444444444,2026-03-20
NZDUSD,adp,0.0,0.0,2026-03-20
NZDUSD,jolts,0.0,0.0,2026-03-20
NZDUSD,jobless_claims,-1.0,-0.10416666666666666,2026-03-20
NZDUSD,rate_expectations,-2.0,-1.25,2026-03-20
EURGBP,manufacturing_pmi,0.0,0.0,2026-03-20
EURGBP,services_pmi,0.0,0.0,2026-03-20
EURGBP,gdp_qoq,1.0,0.15625,2026-03-20
EURGBP,retail_sales,-3.0,-0.46875,2026-03-20
EURGBP,cpi_yoy,2.0,0.41666666666666663,2026-03-20
EURGBP,core_cpi,2.0,0.41666666666666663,2026-03-20
EURGBP,core_pce,,0.0,2026-03-20
EURGBP,ppi_yoy,2.0,0.41666666666666663,2026-03-20
EURGBP,employment_change,1.0,0.3125,2026-03-20
EURGBP,unemployment_rate,-1.0,-0.10416666666666663,2026-03-20
EURGBP,wage_growth,0.0,0.0,2026-03-20
EURGBP,adp,,0.0,2026-03-20
EURGBP,jolts,,0.0,2026-03-20
EURGBP,jobless_claims,,0.0,2026-03-20
EURGBP,rate_expectations,0.0,0.0,2026-03-20
EURJPY,manufacturing_pmi,-1.0,-0.20833333333333331,2026-03-20
EURJPY,services_pmi,0.0,0.0,2026-03-20
EURJPY,gdp_qoq,3.0,0.5729166666666666,2026-03-20
EURJPY,retail_sales,-2.0,-0.3125,2026-03-20
EURJPY,cpi_yoy,2.0,0.41666666666666663,2026-03-20
EURJPY,core_cpi,2.0,0.41666666666666663,2026-03-20
EURJPY,core_pce,,0.0,2026-03-20
EURJPY,ppi_yoy,2.0,0.41666666666666663,2026-03-20
EURJPY,employment_change,1.0,0.3125,2026-03-20
EURJPY,unemployment_rate,2.0,0.625,2026-03-20
EURJPY,wage_growth,0.0,0.0,2026-03-20
EURJPY,adp,,0.0,2026-03-20
EURJPY,jolts,,0.0,2026-03-20
EURJPY,jobless_claims,,0.0,2026-03-20
EURJPY,rate_expectations,2.0,1.25,2026-03-20
EURCHF,manufacturing_pmi,1.0,0.2777777777777778,2026-03-20
EURCHF,services_pmi,0.0,0.0,2026-03-20
EURCHF,gdp_qoq,1.0,0.15625,2026-03-20
EURCHF,retail_sales,0.0,0.24305555555555558,2026-03-20
EURCHF,cpi_yoy,1.0,0.0,2026-03-20
EURCHF,core_cpi,2.0,0.41666666666666663,2026-03-20
EURCHF,core_pce,,0.0,2026-03-20
EURCHF,ppi_yoy,2.0,0.41666666666666663,2026-03-20
EURCHF,employment_change,1.0,0.3125,2026-03-20
EURCHF,unemployment_rate,3.0,1.9791666666666665,2026-03-20
EURCHF,wage_growth,,0.0,2026-03-20
EURCHF,adp,,0.0,2026-03-20
EURCHF,jolts,,0.0,2026-03-20
EURCHF,jobless_claims,,0.0,2026-03-20
EURCHF,rate_expectations,2.0,1.25,2026-03-20
EURAUD,manufacturing_pmi,0.0,0.0,2026-03-20
EURAUD,services_pmi,0.0,0.0,2026-03-20
EURAUD,gdp_qoq,1.0,0.15625,2026-03-20
EURAUD,retail_sales,-4.0,-0.3125,2026-03-20
EURAUD,cpi_yoy,1.0,0.10416666666666663,2026-03-20
EURAUD,core_cpi,1.0,0.41666666666666663,2026-03-20
EURAUD,core_pce,,0.0,2026-03-20
EURAUD,ppi_yoy,2.0,0.41666666666666663,2026-03-20
EURAUD,employment_change,0.0,0.10416666666666669,2026-03-20
EURAUD,unemployment_rate,2.0,0.5208333333333333,2026-03-20
EURAUD,wage_growth,0.0,0.0,2026-03-20
EURAUD,adp,,0.0,2026-03-20
EURAUD,jolts,,0.0,2026-03-20
EURAUD,jobless_claims,,0.0,2026-03-20
EURAUD,rate_expectations,0.0,0.0,2026-03-20
EURNZD,manufacturing_pmi,0.0,0.0,2026-03-20
EURNZD,services_pmi,0.0,0.0,2026-03-20
EURNZD,gdp_qoq,1.0,0.15625,2026-03-20
EURNZD,retail_sales,-3.0,-0.3125,2026-03-20
EURNZD,cpi_yoy,2.0,0.41666666666666663,2026-03-20
EURNZD,core_cpi,2.0,0.41666666666666663,2026-03-20
EURNZD,core_pce,,0.0,2026-03-20
EURNZD,ppi_yoy,2.0,0.41666666666666663,2026-03-20
EURNZD,employment_change,1.0,0.3125,2026-03-20
EURNZD,unemployment_rate,2.0,0.5902777777777778,2026-03-20
EURNZD,wage_growth,1.0,0.2777777777777778,2026-03-20
EURNZD,adp,,0.0,2026-03-20
EURNZD,jolts,,0.0,2026-03-20
EURNZD,jobless_claims,,0.0,2026-03-20
EURNZD,rate_expectations,2.0,1.25,2026-03-20
EURCAD,manufacturing_pmi,0.0,0.0,2026-03-20
EURCAD,services_pmi,0.0,0.0,2026-03-20
EURCAD,gdp_qoq,-1.0,-0.26041666666666663,2026-03-20
EURCAD,retail_sales,-4.0,-0.7291666666666666,2026-03-20
EURCAD,cpi_yoy,3.0,0.7291666666666666,2026-03-20
EURCAD,core_cpi,2.0,0.41666666666666663,2026-03-20
EURCAD,core_pce,,0.0,2026-03-20
EURCAD,ppi_yoy,4.0,0.41666666666666663,2026-03-20
EURCAD,employment_change,3.0,0.9375,2026-03-20
EURCAD,unemployment_rate,1.0,0.3125,2026-03-20
EURCAD,wage_growth,,0.0,2026-03-20
EURCAD,adp,,0.0,2026-03-20
EURCAD,jolts,,0.0,2026-03-20
EURCAD,jobless_claims,,0.0,2026-03-20
EURCAD,rate_expectations,0.0,0.0,2026-03-20
GBPJPY,manufacturing_pmi,-1.0,-0.20833333333333331,2026-03-20
GBPJPY,services_pmi,0.0,0.0,2026-03-20
GBPJPY,gdp_qoq,2.0,0.41666666666666663,2026-03-20
GBPJPY,retail_sales,1.0,0.15625,2026-03-20
GBPJPY,cpi_yoy,0.0,0.0,2026-03-20
GBPJPY,core_cpi,0.0,0.0,2026-03-20
GBPJPY,core_pce,,0.0,2026-03-20
GBPJPY,ppi_yoy,0.0,0.0,2026-03-20
GBPJPY,employment_change,0.0,0.0,2026-03-20
GBPJPY,unemployment_rate,3.0,0.7291666666666666,2026-03-20
GBPJPY,wage_growth,0.0,0.0,2026-03-20
GBPJPY,adp,,0.0,2026-03-20
GBPJPY,jolts,,0.0,2026-03-20
GBPJPY,jobless_claims,,0.0,2026-03-20
GBPJPY,rate_expectations,2.0,1.25,2026-03-20
GBPCHF,manufacturing_pmi,1.0,0.2777777777777778,2026-03-20
GBPCHF,services_pmi,0.0,0.0,2026-03-20
GBPCHF,gdp_qoq,0.0,0.0,2026-03-20
GBPCHF,retail_sales,3.0,0.7118055555555556,2026-03-20
GBPCHF,cpi_yoy,-1.0,-0.41666666666666663,2026-03-20
GBPCHF,core_cpi,0.0,0.0,2026-03-20
GBPCHF,core_pce,,0.0,2026-03-20
GBPCHF,ppi_yoy,0.0,0.0,2026-03-20
GBPCHF,employment_change,0.0,0.0,2026-03-20
GBPCHF,unemployment_rate,4.0,2.083333333333333,2026-03-20
GBPCHF,wage_growth,0.0,0.0,2026-03-20
GBPCHF,adp,,0.0,2026-03-20
GBPCHF,jolts,,0.0,2026-03-20
GBPCHF,jobless_claims,,0.0,2026-03-20
GBPCHF,rate_expectations,2.0,1.25,2026-03-20
GBPAUD,manufacturing_pmi,0.0,0.0,2026-03-20
GBPAUD,services_pmi,0.0,0.0,2026-03-20
GBPAUD,gdp_qoq,0.0,0.0,2026-03-20
GBPAUD,retail_sales,-1.0,0.15625,2026-03-20
GBPAUD,cpi_yoy,-1.0,-0.3125,2026-03-20
GBPAUD,core_cpi,-1.0,0.0,2026-03-20
GBPAUD,core_pce,,0.0,2026-03-20
GBPAUD,ppi_yoy,0.0,0.0,2026-03-20
GBPAUD,employment_change,-1.0,-0.20833333333333331,2026-03-20
GBPAUD,unemployment_rate,3.0,0.625,2026-03-20
GBPAUD,wage_growth,0.0,0.0,2026-03-20
GBPAUD,adp,,0.0,2026-03-20
GBPAUD,jolts,,0.0,2026-03-20
GBPAUD,jobless_claims,,0.0,2026-03-20
GBPAUD,rate_expectations,0.0,0.0,2026-03-20
GBPNZD,manufacturing_pmi,0.0,0.0,2026-03-20
GBPNZD,services_pmi,0.0,0.0,2026-03-20
GBPNZD,gdp_qoq,0.0,0.0,2026-03-20
GBPNZD,retail_sales,0.0,0.15625,2026-03-20
GBPNZD,cpi_yoy,0.0,0.0,2026-03-20
GBPNZD,core_cpi,0.0,0.0,2026-03-20
GBPNZD,core_pce,,0.0,2026-03-20
GBPNZD,ppi_yoy,0.0,0.0,2026-03-20
GBPNZD,employment_change,0.0,0.0,2026-03-20
GBPNZD,unemployment_rate,3.0,0.6944444444444444,2026-03-20
GBPNZD,wage_growth,1.0,0.2777777777777778,2026-03-20
GBPNZD,adp,,0.0,2026-03-20
GBPNZD,jolts,,0.0,2026-03-20
GBPNZD,jobless_claims,,0.0,2026-03-20
GBPNZD,rate_expectations,2.0,1.25,2026-03-20
GBPCAD,manufacturing_pmi,0.0,0.0,2026-03-20
GBPCAD,services_pmi,0.0,0.0,2026-03-20
GBPCAD,gdp_qoq,-2.0,-0.41666666666666663,2026-03-20
GBPCAD,retail_sales,-1.0,-0.26041666666666663,2026-03-20
GBPCAD,cpi_yoy,1.0,0.3125,2026-03-20
GBPCAD,core_cpi,0.0,0.0,2026-03-20
GBPCAD,core_pce,,0.0,2026-03-20
GBPCAD,ppi_yoy,2.0,0.0,2026-03-20
GBPCAD,employment_change,2.0,0.625,2026-03-20
GBPCAD,unemployment_rate,2.0,0.41666666666666663,2026-03-20
GBPCAD,wage_growth,0.0,0.0,2026-03-20
GBPCAD,adp,,0.0,2026-03-20
GBPCAD,jolts,,0.0,2026-03-20
GBPCAD,jobless_claims,,0.0,2026-03-20
GBPCAD,rate_expectations,0.0,0.0,2026-03-20
AUDJPY,manufacturing_pmi,-1.0,-0.20833333333333331,2026-03-20
AUDJPY,services_pmi,0.0,0.0,2026-03-20
AUDJPY,gdp_qoq,2.0,0.41666666666666663,2026-03-20
AUDJPY,retail_sales,2.0,0.0,2026-03-20
AUDJPY,cpi_yoy,1.0,0.3125,2026-03-20
AUDJPY,core_cpi,1.0,0.0,2026-03-20
AUDJPY,core_pce,,0.0,2026-03-20
AUDJPY,ppi_yoy,0.0,0.0,2026-03-20
AUDJPY,employment_change,1.0,0.20833333333333331,2026-03-20
AUDJPY,unemployment_rate,0.0,0.10416666666666669,2026-03-20
AUDJPY,wage_growth,0.0,0.0,2026-03-20
AUDJPY,adp,,0.0,2026-03-20
AUDJPY,jolts,,0.0,2026-03-20
AUDJPY,jobless_claims,,0.0,2026-03-20
AUDJPY,rate_expectations,2.0,1.25,2026-03-20
NZDJPY,manufacturing_pmi,-1.0,-0.20833333333333331,2026-03-20
NZDJPY,services_pmi,0.0,0.0,2026-03-20
NZDJPY,gdp_qoq,2.0,0.41666666666666663,2026-03-20
NZDJPY,retail_sales,1.0,0.0,2026-03-20
NZDJPY,cpi_yoy,0.0,0.0,2026-03-20
NZDJPY,core_cpi,0.0,0.0,2026-03-20
NZDJPY,core_pce,,0.0,2026-03-20
NZDJPY,ppi_yoy,0.0,0.0,2026-03-20
NZDJPY,employment_change,0.0,0.0,2026-03-20
NZDJPY,unemployment_rate,0.0,0.03472222222222221,2026-03-20
NZDJPY,wage_growth,-1.0,-0.2777777777777778,2026-03-20
NZDJPY,adp,,0.0,2026-03-20
NZDJPY,jolts,,0.0,2026-03-20
NZDJPY,jobless_claims,,0.0,2026-03-20
NZDJPY,rate_expectations,0.0,0.0,2026-03-20
CADJPY,manufacturing_pmi,-1.0,-0.20833333333333331,2026-03-20
CADJPY,services_pmi,,0.0,2026-03-20
CADJPY,gdp_qoq,4.0,0.8333333333333333,2026-03-20
CADJPY,retail_sales,2.0,0.41666666666666663,2026-03-20
CADJPY,cpi_yoy,-1.0,-0.3125,2026-03-20
CADJPY,core_cpi,0.0,0.0,2026-03-20
CADJPY,core_pce,,0.0,2026-03-20
CADJPY,ppi_yoy,-2.0,0.0,2026-03-20
CADJPY,employment_change,-2.0,-0.625,2026-03-20
CADJPY,unemployment_rate,1.0,0.3125,2026-03-20
CADJPY,wage_growth,0.0,0.0,2026-03-20
CADJPY,adp,,0.0,2026-03-20
CADJPY,jolts,,0.0,2026-03-20
CADJPY,jobless_claims,,0.0,2026-03-20
CADJPY,rate_expectations,2.0,1.25,2026-03-20
CHFJPY,manufacturing_pmi,-2.0,-0.4861111111111111,2026-03-20
CHFJPY,services_pmi,,0.0,2026-03-20
CHFJPY,gdp_qoq,2.0,0.41666666666666663,2026-03-20
CHFJPY,retail_sales,-2.0,-0.5555555555555556,2026-03-20
CHFJPY,cpi_yoy,1.0,0.41666666666666663,2026-03-20
CHFJPY,core_cpi,0.0,0.0,2026-03-20
CHFJPY,core_pce,,0.0,2026-03-20
CHFJPY,ppi_yoy,0.0,0.0,2026-03-20
CHFJPY,employment_change,,0.0,2026-03-20
CHFJPY,unemployment_rate,-1.0,-1.3541666666666665,2026-03-20
CHFJPY,wage_growth,0.0,0.0,2026-03-20
CHFJPY,adp,,0.0,2026-03-20
CHFJPY,jolts,,0.0,2026-03-20
CHFJPY,jobless_claims,,0.0,2026-03-20
CHFJPY,rate_expectations,0.0,0.0,2026-03-20
AUDNZD,manufacturing_pmi,0.0,0.0,2026-03-20
AUDNZD,services_pmi,0.0,0.0,2026-03-20
AUDNZD,gdp_qoq,0.0,0.0,2026-03-20
AUDNZD,retail_sales,1.0,0.0,2026-03-20
AUDNZD,cpi_yoy,1.0,0.3125,2026-03-20
AUDNZD,core_cpi,1.0,0.0,2026-03-20
AUDNZD,core_pce,,0.0,2026-03-20
AUDNZD,ppi_yoy,0.0,0.0,2026-03-20
AUDNZD,employment_change,1.0,0.20833333333333331,2026-03-20
AUDNZD,unemployment_rate,0.0,0.06944444444444448,2026-03-20
AUDNZD,wage_growth,1.0,0.2777777777777778,2026-03-20
AUDNZD,adp,,0.0,2026-03-20
AUDNZD,jolts,,0.0,2026-03-20
AUDNZD,jobless_claims,,0.0,2026-03-20
AUDNZD,rate_expectations,2.0,1.25,2026-03-20
AUDCAD,manufacturing_pmi,0.0,0.0,2026-03-20
AUDCAD,services_pmi,0.0,0.0,2026-03-20
AUDCAD,gdp_qoq,-2.0,-0.41666666666666663,2026-03-20
AUDCAD,retail_sales,0.0,-0.41666666666666663,2026-03-20
AUDCAD,cpi_yoy,2.0,0.625,2026-03-20
AUDCAD,core_cpi,1.0,0.0,2026-03-20
AUDCAD,core_pce,,0.0,2026-03-20
AUDCAD,ppi_yoy,2.0,0.0,2026-03-20
AUDCAD,employment_change,3.0,0.8333333333333333,2026-03-20
AUDCAD,unemployment_rate,-1.0,-0.20833333333333331,2026-03-20
AUDCAD,wage_growth,0.0,0.0,2026-03-20
AUDCAD,adp,,0.0,2026-03-20
AUDCAD,jolts,,0.0,2026-03-20
AUDCAD,jobless_claims,,0.0,2026-03-20
AUDCAD,rate_expectations,0.0,0.0,2026-03-20
AUDCHF,manufacturing_pmi,1.0,0.2777777777777778,2026-03-20
AUDCHF,services_pmi,0.0,0.0,2026-03-20
AUDCHF,gdp_qoq,0.0,0.0,2026-03-20
AUDCHF,retail_sales,4.0,0.5555555555555556,2026-03-20
AUDCHF,cpi_yoy,0.0,-0.10416666666666663,2026-03-20
AUDCHF,core_cpi,1.0,0.0,2026-03-20
AUDCHF,core_pce,,0.0,2026-03-20
AUDCHF,ppi_yoy,0.0,0.0,2026-03-20
AUDCHF,employment_change,1.0,0.20833333333333331,2026-03-20
AUDCHF,unemployment_rate,1.0,1.4583333333333333,2026-03-20
AUDCHF,wage_growth,0.0,0.0,2026-03-20
AUDCHF,adp,,0.0,2026-03-20
AUDCHF,jolts,,0.0,2026-03-20
AUDCHF,jobless_claims,,0.0,2026-03-20
AUDCHF,rate_expectations,2.0,1.25,2026-03-20
NZDCAD,manufacturing_pmi,0.0,0.0,2026-03-20
NZDCAD,services_pmi,0.0,0.0,2026-03-20
NZDCAD,gdp_qoq,-2.0,-0.41666666666666663,2026-03-20
NZDCAD,retail_sales,-1.0,-0.41666666666666663,2026-03-20
NZDCAD,cpi_yoy,1.0,0.3125,2026-03-20
NZDCAD,core_cpi,0.0,0.0,2026-03-20
NZDCAD,core_pce,,0.0,2026-03-20
NZDCAD,ppi_yoy,2.0,0.0,2026-03-20
NZDCAD,employment_change,2.0,0.625,2026-03-20
NZDCAD,unemployment_rate,-1.0,-0.2777777777777778,2026-03-20
NZDCAD,wage_growth,-1.0,-0.2777777777777778,2026-03-20
NZDCAD,adp,,0.0,2026-03-20
NZDCAD,jolts,,0.0,2026-03-20
NZDCAD,jobless_claims,,0.0,2026-03-20
NZDCAD,rate_expectations,-2.0,-1.25,2026-03-20
NZDCHF,manufacturing_pmi,1.0,0.2777777777777778,2026-03-20
NZDCHF,services_pmi,0.0,0.0,2026-03-20
NZDCHF,gdp_qoq,0.0,0.0,2026-03-20
NZDCHF,retail_sales,3.0,0.5555555555555556,2026-03-20
NZDCHF,cpi_yoy,-1.0,-0.41666666666666663,2026-03-20
NZDCHF,core_cpi,,0.0,2026-03-20
NZDCHF,core_pce,,0.0,2026-03-20
NZDCHF,ppi_yoy,0.0,0.0,2026-03-20
NZDCHF,employment_change,0.0,0.0,2026-03-20
NZDCHF,unemployment_rate,1.0,1.3888888888888888,2026-03-20
NZDCHF,wage_growth,-1.0,-0.2777777777777778,2026-03-20
NZDCHF,adp,,0.0,2026-03-20
NZDCHF,jolts,,0.0,2026-03-20
NZDCHF,jobless_claims,,0.0,2026-03-20
NZDCHF,rate_expectations,,0.0,2026-03-20
CADCHF,manufacturing_pmi,1.0,0.2777777777777778,2026-03-20
CADCHF,services_pmi,,0.0,2026-03-20
CADCHF,gdp_qoq,2.0,0.41666666666666663,2026-03-20
CADCHF,retail_sales,4.0,0.9722222222222222,2026-03-20
CADCHF,cpi_yoy,-2.0,-0.7291666666666666,2026-03-20
CADCHF,core_cpi,0.0,0.0,2026-03-20
CADCHF,core_pce,,0.0,2026-03-20
CADCHF,ppi_yoy,-2.0,0.0,2026-03-20
CADCHF,employment_change,-2.0,-0.625,2026-03-20
CADCHF,unemployment_rate,2.0,1.6666666666666665,2026-03-20
CADCHF,wage_growth,,0.0,2026-03-20
CADCHF,adp,,0.0,2026-03-20
CADCHF,jolts,,0.0,2026-03-20
CADCHF,jobless_claims,,0.0,2026-03-20
CADCHF,rate_expectations,2.0,1.25,2026-03-20
EURUSD,manufacturing_pmi,1.0,0.15625,2026-03-27
EURUSD,services_pmi,-1.0,-0.20833333333333331,2026-03-27
EURUSD,gdp_qoq,1.0,0.15625,2026-03-27
EURUSD,retail_sales,-2.0,-0.3125,2026-03-27
EURUSD,cpi_yoy,2.0,0.41666666666666663,2026-03-27
EURUSD,core_cpi,2.0,0.41666666666666663,2026-03-27
EURUSD,core_pce,0.0,0.0,2026-03-27
EURUSD,ppi_yoy,1.0,0.26041666666666663,2026-03-27
EURUSD,employment_change,3.0,0.5208333333333333,2026-03-27
EURUSD,unemployment_rate,2.0,0.41666666666666663,2026-03-27
EURUSD,wage_growth,-1.0,-0.10416666666666666,2026-03-27
EURUSD,adp,0.0,0.0,2026-03-27
EURUSD,jolts,0.0,0.0,2026-03-27
EURUSD,jobless_claims,0.0,0.0,2026-03-27
EURUSD,rate_expectations,0.0,0.0,2026-03-27
GBPUSD,manufacturing_pmi,0.0,0.0,2026-03-27
GBPUSD,services_pmi,-1.0,-0.20833333333333331,2026-03-27
GBPUSD,gdp_qoq,0.0,0.0,2026-03-27
GBPUSD,retail_sales,1.0,0.15625,2026-03-27
GBPUSD,cpi_yoy,0.0,0.0,2026-03-27
GBPUSD,core_cpi,0.0,0.0,2026-03-27
GBPUSD,core_pce,0.0,0.0,2026-03-27
GBPUSD,ppi_yoy,-3.0,-0.5729166666666666,2026-03-27
GBPUSD,employment_change,2.0,0.20833333333333331,2026-03-27
GBPUSD,unemployment_rate,3.0,0.5208333333333333,2026-03-27
GBPUSD,wage_growth,-1.0,-0.10416666666666666,2026-03-27
GBPUSD,adp,0.0,0.0,2026-03-27
GBPUSD,jolts,0.0,0.0,2026-03-27
GBPUSD,jobless_claims,0.0,0.0,2026-03-27
GBPUSD,rate_expectations,0.0,0.0,2026-03-27
USDJPY,manufacturing_pmi,1.0,0.20833333333333331,2026-03-27
USDJPY,services_pmi,1.0,0.20833333333333331,2026-03-27
USDJPY,gdp_qoq,2.0,0.41666666666666663,2026-03-27
USDJPY,retail_sales,0.0,0.0,2026-03-27
USDJPY,cpi_yoy,1.0,0.3125,2026-03-27
USDJPY,core_cpi,0.0,0.0,2026-03-27
USDJPY,core_pce,0.0,0.0,2026-03-27
USDJPY,ppi_yoy,1.0,0.15625,2026-03-27
USDJPY,employment_change,-2.0,-0.20833333333333331,2026-03-27
USDJPY,unemployment_rate,0.0,0.20833333333333334,2026-03-27
USDJPY,wage_growth,1.0,0.10416666666666666,2026-03-27
USDJPY,adp,0.0,0.0,2026-03-27
USDJPY,jolts,0.0,0.0,2026-03-27
USDJPY,jobless_claims,0.0,0.0,2026-03-27
USDJPY,rate_expectations,0.0,0.0,2026-03-27
USDCHF,manufacturing_pmi,1.0,0.2777777777777778,2026-03-27
USDCHF,services_pmi,1.0,0.20833333333333331,2026-03-27
USDCHF,gdp_qoq,0.0,0.0,2026-03-27
USDCHF,retail_sales,2.0,0.5555555555555556,2026-03-27
USDCHF,cpi_yoy,-1.0,-0.41666666666666663,2026-03-27
USDCHF,core_cpi,0.0,0.0,2026-03-27
USDCHF,core_pce,0.0,0.0,2026-03-27
USDCHF,ppi_yoy,1.0,0.15625,2026-03-27
USDCHF,employment_change,-2.0,-0.20833333333333331,2026-03-27
USDCHF,unemployment_rate,1.0,1.5624999999999998,2026-03-27
USDCHF,wage_growth,1.0,0.10416666666666666,2026-03-27
USDCHF,adp,0.0,0.0,2026-03-27
USDCHF,jolts,0.0,0.0,2026-03-27
USDCHF,jobless_claims,0.0,0.0,2026-03-27
USDCHF,rate_expectations,2.0,1.25,2026-03-27
USDCAD,manufacturing_pmi,0.0,0.0,2026-03-27
USDCAD,services_pmi,1.0,0.20833333333333331,2026-03-27
USDCAD,gdp_qoq,-2.0,-0.41666666666666663,2026-03-27
USDCAD,retail_sales,1.0,0.20833333333333331,2026-03-27
USDCAD,cpi_yoy,1.0,0.20833333333333331,2026-03-27
USDCAD,core_cpi,0.0,0.0,2026-03-27
USDCAD,core_pce,0.0,0.0,2026-03-27
USDCAD,ppi_yoy,2.0,0.3645833333333333,2026-03-27
USDCAD,employment_change,0.0,0.4166666666666667,2026-03-27
USDCAD,unemployment_rate,-1.0,-0.10416666666666666,2026-03-27
USDCAD,wage_growth,1.0,0.10416666666666666,2026-03-27
USDCAD,adp,0.0,0.0,2026-03-27
USDCAD,jolts,0.0,0.0,2026-03-27
USDCAD,jobless_claims,0.0,0.0,2026-03-27
USDCAD,rate_expectations,0.0,0.0,2026-03-27
AUDUSD,manufacturing_pmi,0.0,0.0,2026-03-27
AUDUSD,services_pmi,-1.0,-0.20833333333333331,2026-03-27
AUDUSD,gdp_qoq,0.0,0.0,2026-03-27
AUDUSD,retail_sales,2.0,0.0,2026-03-27
AUDUSD,cpi_yoy,-1.0,-0.3125,2026-03-27
AUDUSD,core_cpi,1.0,0.0,2026-03-27
AUDUSD,core_pce,0.0,0.0,2026-03-27
AUDUSD,ppi_yoy,-1.0,-0.15625,2026-03-27
AUDUSD,employment_change,3.0,0.41666666666666663,2026-03-27
AUDUSD,unemployment_rate,0.0,-0.10416666666666666,2026-03-27
AUDUSD,wage_growth,-1.0,-0.10416666666666666,2026-03-27
AUDUSD,adp,0.0,0.0,2026-03-27
AUDUSD,jolts,0.0,0.0,2026-03-27
AUDUSD,jobless_claims,0.0,0.0,2026-03-27
AUDUSD,rate_expectations,0.0,0.0,2026-03-27
NZDUSD,manufacturing_pmi,0.0,0.0,2026-03-27
NZDUSD,services_pmi,-1.0,-0.20833333333333331,2026-03-27
NZDUSD,gdp_qoq,0.0,0.0,2026-03-27
NZDUSD,retail_sales,1.0,0.0,2026-03-27
NZDUSD,cpi_yoy,0.0,0.0,2026-03-27
NZDUSD,core_cpi,0.0,0.0,2026-03-27
NZDUSD,core_pce,0.0,0.0,2026-03-27
NZDUSD,ppi_yoy,-1.0,-0.15625,2026-03-27
NZDUSD,employment_change,2.0,0.20833333333333331,2026-03-27
NZDUSD,unemployment_rate,0.0,-0.17361111111111113,2026-03-27
NZDUSD,wage_growth,-2.0,-0.3819444444444444,2026-03-27
NZDUSD,adp,0.0,0.0,2026-03-27
NZDUSD,jolts,0.0,0.0,2026-03-27
NZDUSD,jobless_claims,0.0,0.0,2026-03-27
NZDUSD,rate_expectations,-2.0,-1.25,2026-03-27
EURGBP,manufacturing_pmi,1.0,0.15625,2026-03-27
EURGBP,services_pmi,0.0,0.0,2026-03-27
EURGBP,gdp_qoq,1.0,0.15625,2026-03-27
EURGBP,retail_sales,-3.0,-0.46875,2026-03-27
EURGBP,cpi_yoy,2.0,0.41666666666666663,2026-03-27
EURGBP,core_cpi,2.0,0.41666666666666663,2026-03-27
EURGBP,core_pce,,0.0,2026-03-27
EURGBP,ppi_yoy,4.0,0.8333333333333333,2026-03-27
EURGBP,employment_change,1.0,0.3125,2026-03-27
EURGBP,unemployment_rate,-1.0,-0.10416666666666663,2026-03-27
EURGBP,wage_growth,0.0,0.0,2026-03-27
EURGBP,adp,,0.0,2026-03-27
EURGBP,jolts,,0.0,2026-03-27
EURGBP,jobless_claims,,0.0,2026-03-27
EURGBP,rate_expectations,0.0,0.0,2026-03-27
EURJPY,manufacturing_pmi,2.0,0.3645833333333333,2026-03-27
EURJPY,services_pmi,0.0,0.0,2026-03-27
EURJPY,gdp_qoq,3.0,0.5729166666666666,2026-03-27
EURJPY,retail_sales,-2.0,-0.3125,2026-03-27
EURJPY,cpi_yoy,3.0,0.7291666666666666,2026-03-27
EURJPY,core_cpi,2.0,0.41666666666666663,2026-03-27
EURJPY,core_pce,,0.0,2026-03-27
EURJPY,ppi_yoy,2.0,0.41666666666666663,2026-03-27
EURJPY,employment_change,1.0,0.3125,2026-03-27
EURJPY,unemployment_rate,2.0,0.625,2026-03-27
EURJPY,wage_growth,0.0,0.0,2026-03-27
EURJPY,adp,,0.0,2026-03-27
EURJPY,jolts,,0.0,2026-03-27
EURJPY,jobless_claims,,0.0,2026-03-27
EURJPY,rate_expectations,0.0,0.0,2026-03-27
EURCHF,manufacturing_pmi,2.0,0.4340277777777778,2026-03-27
EURCHF,services_pmi,0.0,0.0,2026-03-27
EURCHF,gdp_qoq,1.0,0.15625,2026-03-27
EURCHF,retail_sales,0.0,0.24305555555555558,2026-03-27
EURCHF,cpi_yoy,1.0,0.0,2026-03-27
EURCHF,core_cpi,2.0,0.41666666666666663,2026-03-27
EURCHF,core_pce,,0.0,2026-03-27
EURCHF,ppi_yoy,2.0,0.41666666666666663,2026-03-27
EURCHF,employment_change,1.0,0.3125,2026-03-27
EURCHF,unemployment_rate,3.0,1.9791666666666665,2026-03-27
EURCHF,wage_growth,,0.0,2026-03-27
EURCHF,adp,,0.0,2026-03-27
EURCHF,jolts,,0.0,2026-03-27
EURCHF,jobless_claims,,0.0,2026-03-27
EURCHF,rate_expectations,2.0,1.25,2026-03-27
EURAUD,manufacturing_pmi,1.0,0.15625,2026-03-27
EURAUD,services_pmi,0.0,0.0,2026-03-27
EURAUD,gdp_qoq,1.0,0.15625,2026-03-27
EURAUD,retail_sales,-4.0,-0.3125,2026-03-27
EURAUD,cpi_yoy,3.0,0.7291666666666666,2026-03-27
EURAUD,core_cpi,1.0,0.41666666666666663,2026-03-27
EURAUD,core_pce,,0.0,2026-03-27
EURAUD,ppi_yoy,2.0,0.41666666666666663,2026-03-27
EURAUD,employment_change,0.0,0.10416666666666669,2026-03-27
EURAUD,unemployment_rate,2.0,0.5208333333333333,2026-03-27
EURAUD,wage_growth,0.0,0.0,2026-03-27
EURAUD,adp,,0.0,2026-03-27
EURAUD,jolts,,0.0,2026-03-27
EURAUD,jobless_claims,,0.0,2026-03-27
EURAUD,rate_expectations,0.0,0.0,2026-03-27
EURNZD,manufacturing_pmi,1.0,0.15625,2026-03-27
EURNZD,services_pmi,0.0,0.0,2026-03-27
EURNZD,gdp_qoq,1.0,0.15625,2026-03-27
EURNZD,retail_sales,-3.0,-0.3125,2026-03-27
EURNZD,cpi_yoy,2.0,0.41666666666666663,2026-03-27
EURNZD,core_cpi,2.0,0.41666666666666663,2026-03-27
EURNZD,core_pce,,0.0,2026-03-27
EURNZD,ppi_yoy,2.0,0.41666666666666663,2026-03-27
EURNZD,employment_change,1.0,0.3125,2026-03-27
EURNZD,unemployment_rate,2.0,0.5902777777777778,2026-03-27
EURNZD,wage_growth,1.0,0.2777777777777778,2026-03-27
EURNZD,adp,,0.0,2026-03-27
EURNZD,jolts,,0.0,2026-03-27
EURNZD,jobless_claims,,0.0,2026-03-27
EURNZD,rate_expectations,2.0,1.25,2026-03-27
EURCAD,manufacturing_pmi,1.0,0.15625,2026-03-27
EURCAD,services_pmi,0.0,0.0,2026-03-27
EURCAD,gdp_qoq,-1.0,-0.26041666666666663,2026-03-27
EURCAD,retail_sales,-1.0,-0.10416666666666669,2026-03-27
EURCAD,cpi_yoy,3.0,0.625,2026-03-27
EURCAD,core_cpi,2.0,0.41666666666666663,2026-03-27
EURCAD,core_pce,,0.0,2026-03-27
EURCAD,ppi_yoy,3.0,0.625,2026-03-27
EURCAD,employment_change,3.0,0.9375,2026-03-27
EURCAD,unemployment_rate,1.0,0.3125,2026-03-27
EURCAD,wage_growth,,0.0,2026-03-27
EURCAD,adp,,0.0,2026-03-27
EURCAD,jolts,,0.0,2026-03-27
EURCAD,jobless_claims,,0.0,2026-03-27
EURCAD,rate_expectations,0.0,0.0,2026-03-27
GBPJPY,manufacturing_pmi,1.0,0.20833333333333331,2026-03-27
GBPJPY,services_pmi,0.0,0.0,2026-03-27
GBPJPY,gdp_qoq,2.0,0.41666666666666663,2026-03-27
GBPJPY,retail_sales,1.0,0.15625,2026-03-27
GBPJPY,cpi_yoy,1.0,0.3125,2026-03-27
GBPJPY,core_cpi,0.0,0.0,2026-03-27
GBPJPY,core_pce,,0.0,2026-03-27
GBPJPY,ppi_yoy,-2.0,-0.41666666666666663,2026-03-27
GBPJPY,employment_change,0.0,0.0,2026-03-27
GBPJPY,unemployment_rate,3.0,0.7291666666666666,2026-03-27
GBPJPY,wage_growth,0.0,0.0,2026-03-27
GBPJPY,adp,,0.0,2026-03-27
GBPJPY,jolts,,0.0,2026-03-27
GBPJPY,jobless_claims,,0.0,2026-03-27
GBPJPY,rate_expectations,0.0,0.0,2026-03-27
GBPCHF,manufacturing_pmi,1.0,0.2777777777777778,2026-03-27
GBPCHF,services_pmi,0.0,0.0,2026-03-27
GBPCHF,gdp_qoq,0.0,0.0,2026-03-27
GBPCHF,retail_sales,3.0,0.7118055555555556,2026-03-27
GBPCHF,cpi_yoy,-1.0,-0.41666666666666663,2026-03-27
GBPCHF,core_cpi,0.0,0.0,2026-03-27
GBPCHF,core_pce,,0.0,2026-03-27
GBPCHF,ppi_yoy,-2.0,-0.41666666666666663,2026-03-27
GBPCHF,employment_change,0.0,0.0,2026-03-27
GBPCHF,unemployment_rate,4.0,2.083333333333333,2026-03-27
GBPCHF,wage_growth,0.0,0.0,2026-03-27
GBPCHF,adp,,0.0,2026-03-27
GBPCHF,jolts,,0.0,2026-03-27
GBPCHF,jobless_claims,,0.0,2026-03-27
GBPCHF,rate_expectations,2.0,1.25,2026-03-27
GBPAUD,manufacturing_pmi,0.0,0.0,2026-03-27
GBPAUD,services_pmi,0.0,0.0,2026-03-27
GBPAUD,gdp_qoq,0.0,0.0,2026-03-27
GBPAUD,retail_sales,-1.0,0.15625,2026-03-27
GBPAUD,cpi_yoy,1.0,0.3125,2026-03-27
GBPAUD,core_cpi,-1.0,0.0,2026-03-27
GBPAUD,core_pce,,0.0,2026-03-27
GBPAUD,ppi_yoy,-2.0,-0.41666666666666663,2026-03-27
GBPAUD,employment_change,-1.0,-0.20833333333333331,2026-03-27
GBPAUD,unemployment_rate,3.0,0.625,2026-03-27
GBPAUD,wage_growth,0.0,0.0,2026-03-27
GBPAUD,adp,,0.0,2026-03-27
GBPAUD,jolts,,0.0,2026-03-27
GBPAUD,jobless_claims,,0.0,2026-03-27
GBPAUD,rate_expectations,0.0,0.0,2026-03-27
GBPNZD,manufacturing_pmi,0.0,0.0,2026-03-27
GBPNZD,services_pmi,0.0,0.0,2026-03-27
GBPNZD,gdp_qoq,0.0,0.0,2026-03-27
GBPNZD,retail_sales,0.0,0.15625,2026-03-27
GBPNZD,cpi_yoy,0.0,0.0,2026-03-27
GBPNZD,core_cpi,0.0,0.0,2026-03-27
GBPNZD,core_pce,,0.0,2026-03-27
GBPNZD,ppi_yoy,-2.0,-0.41666666666666663,2026-03-27
GBPNZD,employment_change,0.0,0.0,2026-03-27
GBPNZD,unemployment_rate,3.0,0.6944444444444444,2026-03-27
GBPNZD,wage_growth,1.0,0.2777777777777778,2026-03-27
GBPNZD,adp,,0.0,2026-03-27
GBPNZD,jolts,,0.0,2026-03-27
GBPNZD,jobless_claims,,0.0,2026-03-27
GBPNZD,rate_expectations,2.0,1.25,2026-03-27
GBPCAD,manufacturing_pmi,0.0,0.0,2026-03-27
GBPCAD,services_pmi,0.0,0.0,2026-03-27
GBPCAD,gdp_qoq,-2.0,-0.41666666666666663,2026-03-27
GBPCAD,retail_sales,2.0,0.3645833333333333,2026-03-27
GBPCAD,cpi_yoy,1.0,0.20833333333333331,2026-03-27
GBPCAD,core_cpi,0.0,0.0,2026-03-27
GBPCAD,core_pce,,0.0,2026-03-27
GBPCAD,ppi_yoy,-1.0,-0.20833333333333331,2026-03-27
GBPCAD,employment_change,2.0,0.625,2026-03-27
GBPCAD,unemployment_rate,2.0,0.41666666666666663,2026-03-27
GBPCAD,wage_growth,0.0,0.0,2026-03-27
GBPCAD,adp,,0.0,2026-03-27
GBPCAD,jolts,,0.0,2026-03-27
GBPCAD,jobless_claims,,0.0,2026-03-27
GBPCAD,rate_expectations,0.0,0.0,2026-03-27
AUDJPY,manufacturing_pmi,1.0,0.20833333333333331,2026-03-27
AUDJPY,services_pmi,0.0,0.0,2026-03-27
AUDJPY,gdp_qoq,2.0,0.41666666666666663,2026-03-27
AUDJPY,retail_sales,2.0,0.0,2026-03-27
AUDJPY,cpi_yoy,0.0,0.0,2026-03-27
AUDJPY,core_cpi,1.0,0.0,2026-03-27
AUDJPY,core_pce,,0.0,2026-03-27
AUDJPY,ppi_yoy,0.0,0.0,2026-03-27
AUDJPY,employment_change,1.0,0.20833333333333331,2026-03-27
AUDJPY,unemployment_rate,0.0,0.10416666666666669,2026-03-27
AUDJPY,wage_growth,0.0,0.0,2026-03-27
AUDJPY,adp,,0.0,2026-03-27
AUDJPY,jolts,,0.0,2026-03-27
AUDJPY,jobless_claims,,0.0,2026-03-27
AUDJPY,rate_expectations,0.0,0.0,2026-03-27
NZDJPY,manufacturing_pmi,1.0,0.20833333333333331,2026-03-27
NZDJPY,services_pmi,0.0,0.0,2026-03-27
NZDJPY,gdp_qoq,2.0,0.41666666666666663,2026-03-27
NZDJPY,retail_sales,1.0,0.0,2026-03-27
NZDJPY,cpi_yoy,1.0,0.3125,2026-03-27
NZDJPY,core_cpi,0.0,0.0,2026-03-27
NZDJPY,core_pce,,0.0,2026-03-27
NZDJPY,ppi_yoy,0.0,0.0,2026-03-27
NZDJPY,employment_change,0.0,0.0,2026-03-27
NZDJPY,unemployment_rate,0.0,0.03472222222222221,2026-03-27
NZDJPY,wage_growth,-1.0,-0.2777777777777778,2026-03-27
NZDJPY,adp,,0.0,2026-03-27
NZDJPY,jolts,,0.0,2026-03-27
NZDJPY,jobless_claims,,0.0,2026-03-27
NZDJPY,rate_expectations,-2.0,-1.25,2026-03-27
CADJPY,manufacturing_pmi,1.0,0.20833333333333331,2026-03-27
CADJPY,services_pmi,,0.0,2026-03-27
CADJPY,gdp_qoq,4.0,0.8333333333333333,2026-03-27
CADJPY,retail_sales,-1.0,-0.20833333333333331,2026-03-27
CADJPY,cpi_yoy,0.0,0.10416666666666669,2026-03-27
CADJPY,core_cpi,0.0,0.0,2026-03-27
CADJPY,core_pce,,0.0,2026-03-27
CADJPY,ppi_yoy,-1.0,-0.20833333333333331,2026-03-27
CADJPY,employment_change,-2.0,-0.625,2026-03-27
CADJPY,unemployment_rate,1.0,0.3125,2026-03-27
CADJPY,wage_growth,0.0,0.0,2026-03-27
CADJPY,adp,,0.0,2026-03-27
CADJPY,jolts,,0.0,2026-03-27
CADJPY,jobless_claims,,0.0,2026-03-27
CADJPY,rate_expectations,0.0,0.0,2026-03-27
CHFJPY,manufacturing_pmi,0.0,-0.06944444444444448,2026-03-27
CHFJPY,services_pmi,,0.0,2026-03-27
CHFJPY,gdp_qoq,2.0,0.41666666666666663,2026-03-27
CHFJPY,retail_sales,-2.0,-0.5555555555555556,2026-03-27
CHFJPY,cpi_yoy,2.0,0.7291666666666666,2026-03-27
CHFJPY,core_cpi,0.0,0.0,2026-03-27
CHFJPY,core_pce,,0.0,2026-03-27
CHFJPY,ppi_yoy,0.0,0.0,2026-03-27
CHFJPY,employment_change,,0.0,2026-03-27
CHFJPY,unemployment_rate,-1.0,-1.3541666666666665,2026-03-27
CHFJPY,wage_growth,0.0,0.0,2026-03-27
CHFJPY,adp,,0.0,2026-03-27
CHFJPY,jolts,,0.0,2026-03-27
CHFJPY,jobless_claims,,0.0,2026-03-27
CHFJPY,rate_expectations,-2.0,-1.25,2026-03-27
AUDNZD,manufacturing_pmi,0.0,0.0,2026-03-27
AUDNZD,services_pmi,0.0,0.0,2026-03-27
AUDNZD,gdp_qoq,0.0,0.0,2026-03-27
AUDNZD,retail_sales,1.0,0.0,2026-03-27
AUDNZD,cpi_yoy,-1.0,-0.3125,2026-03-27
AUDNZD,core_cpi,1.0,0.0,2026-03-27
AUDNZD,core_pce,,0.0,2026-03-27
AUDNZD,ppi_yoy,0.0,0.0,2026-03-27
AUDNZD,employment_change,1.0,0.20833333333333331,2026-03-27
AUDNZD,unemployment_rate,0.0,0.06944444444444448,2026-03-27
AUDNZD,wage_growth,1.0,0.2777777777777778,2026-03-27
AUDNZD,adp,,0.0,2026-03-27
AUDNZD,jolts,,0.0,2026-03-27
AUDNZD,jobless_claims,,0.0,2026-03-27
AUDNZD,rate_expectations,2.0,1.25,2026-03-27
AUDCAD,manufacturing_pmi,0.0,0.0,2026-03-27
AUDCAD,services_pmi,0.0,0.0,2026-03-27
AUDCAD,gdp_qoq,-2.0,-0.41666666666666663,2026-03-27
AUDCAD,retail_sales,3.0,0.20833333333333331,2026-03-27
AUDCAD,cpi_yoy,0.0,-0.10416666666666669,2026-03-27
AUDCAD,core_cpi,1.0,0.0,2026-03-27
AUDCAD,core_pce,,0.0,2026-03-27
AUDCAD,ppi_yoy,1.0,0.20833333333333331,2026-03-27
AUDCAD,employment_change,3.0,0.8333333333333333,2026-03-27
AUDCAD,unemployment_rate,-1.0,-0.20833333333333331,2026-03-27
AUDCAD,wage_growth,0.0,0.0,2026-03-27
AUDCAD,adp,,0.0,2026-03-27
AUDCAD,jolts,,0.0,2026-03-27
AUDCAD,jobless_claims,,0.0,2026-03-27
AUDCAD,rate_expectations,0.0,0.0,2026-03-27
AUDCHF,manufacturing_pmi,1.0,0.2777777777777778,2026-03-27
AUDCHF,services_pmi,0.0,0.0,2026-03-27
AUDCHF,gdp_qoq,0.0,0.0,2026-03-27
AUDCHF,retail_sales,4.0,0.5555555555555556,2026-03-27
AUDCHF,cpi_yoy,-2.0,-0.7291666666666666,2026-03-27
AUDCHF,core_cpi,1.0,0.0,2026-03-27
AUDCHF,core_pce,,0.0,2026-03-27
AUDCHF,ppi_yoy,0.0,0.0,2026-03-27
AUDCHF,employment_change,1.0,0.20833333333333331,2026-03-27
AUDCHF,unemployment_rate,1.0,1.4583333333333333,2026-03-27
AUDCHF,wage_growth,0.0,0.0,2026-03-27
AUDCHF,adp,,0.0,2026-03-27
AUDCHF,jolts,,0.0,2026-03-27
AUDCHF,jobless_claims,,0.0,2026-03-27
AUDCHF,rate_expectations,2.0,1.25,2026-03-27
NZDCAD,manufacturing_pmi,0.0,0.0,2026-03-27
NZDCAD,services_pmi,0.0,0.0,2026-03-27
NZDCAD,gdp_qoq,-2.0,-0.41666666666666663,2026-03-27
NZDCAD,retail_sales,2.0,0.20833333333333331,2026-03-27
NZDCAD,cpi_yoy,1.0,0.20833333333333331,2026-03-27
NZDCAD,core_cpi,0.0,0.0,2026-03-27
NZDCAD,core_pce,,0.0,2026-03-27
NZDCAD,ppi_yoy,1.0,0.20833333333333331,2026-03-27
NZDCAD,employment_change,2.0,0.625,2026-03-27
NZDCAD,unemployment_rate,-1.0,-0.2777777777777778,2026-03-27
NZDCAD,wage_growth,-1.0,-0.2777777777777778,2026-03-27
NZDCAD,adp,,0.0,2026-03-27
NZDCAD,jolts,,0.0,2026-03-27
NZDCAD,jobless_claims,,0.0,2026-03-27
NZDCAD,rate_expectations,-2.0,-1.25,2026-03-27
NZDCHF,manufacturing_pmi,1.0,0.2777777777777778,2026-03-27
NZDCHF,services_pmi,0.0,0.0,2026-03-27
NZDCHF,gdp_qoq,0.0,0.0,2026-03-27
NZDCHF,retail_sales,3.0,0.5555555555555556,2026-03-27
NZDCHF,cpi_yoy,-1.0,-0.41666666666666663,2026-03-27
NZDCHF,core_cpi,,0.0,2026-03-27
NZDCHF,core_pce,,0.0,2026-03-27
NZDCHF,ppi_yoy,0.0,0.0,2026-03-27
NZDCHF,employment_change,0.0,0.0,2026-03-27
NZDCHF,unemployment_rate,1.0,1.3888888888888888,2026-03-27
NZDCHF,wage_growth,-1.0,-0.2777777777777778,2026-03-27
NZDCHF,adp,,0.0,2026-03-27
NZDCHF,jolts,,0.0,2026-03-27
NZDCHF,jobless_claims,,0.0,2026-03-27
NZDCHF,rate_expectations,,0.0,2026-03-27
CADCHF,manufacturing_pmi,1.0,0.2777777777777778,2026-03-27
CADCHF,services_pmi,,0.0,2026-03-27
CADCHF,gdp_qoq,2.0,0.41666666666666663,2026-03-27
CADCHF,retail_sales,1.0,0.34722222222222227,2026-03-27
CADCHF,cpi_yoy,-2.0,-0.625,2026-03-27
CADCHF,core_cpi,0.0,0.0,2026-03-27
CADCHF,core_pce,,0.0,2026-03-27
CADCHF,ppi_yoy,-1.0,-0.20833333333333331,2026-03-27
CADCHF,employment_change,-2.0,-0.625,2026-03-27
CADCHF,unemployment_rate,2.0,1.6666666666666665,2026-03-27
CADCHF,wage_growth,,0.0,2026-03-27
CADCHF,adp,,0.0,2026-03-27
CADCHF,jolts,,0.0,2026-03-27
CADCHF,jobless_claims,,0.0,2026-03-27
CADCHF,rate_expectations,2.0,1.25,2026-03-27
EURUSD,manufacturing_pmi,1.0,0.15625,2026-04-03
EURUSD,services_pmi,-1.0,-0.20833333333333331,2026-04-03
EURUSD,gdp_qoq,1.0,0.15625,2026-04-03
EURUSD,retail_sales,-2.0,-0.3125,2026-04-03
EURUSD,cpi_yoy,-1.0,-0.20833333333333331,2026-04-03
EURUSD,core_cpi,-1.0,-0.20833333333333331,2026-04-03
EURUSD,core_pce,0.0,0.0,2026-04-03
EURUSD,ppi_yoy,1.0,0.26041666666666663,2026-04-03
EURUSD,employment_change,3.0,0.5208333333333333,2026-04-03
EURUSD,unemployment_rate,0.0,-0.20833333333333334,2026-04-03
EURUSD,wage_growth,-1.0,-0.10416666666666666,2026-04-03
EURUSD,adp,0.0,0.0,2026-04-03
EURUSD,jolts,0.0,0.0,2026-04-03
EURUSD,jobless_claims,-1.0,-0.10416666666666666,2026-04-03
EURUSD,rate_expectations,0.0,0.0,2026-04-03
GBPUSD,manufacturing_pmi,-1.0,-0.15625,2026-04-03
GBPUSD,services_pmi,-1.0,-0.20833333333333331,2026-04-03
GBPUSD,gdp_qoq,0.0,0.0,2026-04-03
GBPUSD,retail_sales,0.0,0.0,2026-04-03
GBPUSD,cpi_yoy,0.0,0.0,2026-04-03
GBPUSD,core_cpi,0.0,0.0,2026-04-03
GBPUSD,core_pce,0.0,0.0,2026-04-03
GBPUSD,ppi_yoy,-3.0,-0.5729166666666666,2026-04-03
GBPUSD,employment_change,2.0,0.20833333333333331,2026-04-03
GBPUSD,unemployment_rate,3.0,0.5208333333333333,2026-04-03
GBPUSD,wage_growth,-1.0,-0.10416666666666666,2026-04-03
GBPUSD,adp,0.0,0.0,2026-04-03
GBPUSD,jolts,0.0,0.0,2026-04-03
GBPUSD,jobless_claims,-1.0,-0.10416666666666666,2026-04-03
GBPUSD,rate_expectations,0.0,0.0,2026-04-03
USDJPY,manufacturing_pmi,1.0,0.20833333333333331,2026-04-03
USDJPY,services_pmi,1.0,0.20833333333333331,2026-04-03
USDJPY,gdp_qoq,2.0,0.41666666666666663,2026-04-03
USDJPY,retail_sales,1.0,0.20833333333333331,2026-04-03
USDJPY,cpi_yoy,1.0,0.3125,2026-04-03
USDJPY,core_cpi,0.0,0.0,2026-04-03
USDJPY,core_pce,0.0,0.0,2026-04-03
USDJPY,ppi_yoy,1.0,0.15625,2026-04-03
USDJPY,employment_change,-2.0,-0.20833333333333331,2026-04-03
USDJPY,unemployment_rate,-2.0,-0.41666666666666663,2026-04-03
USDJPY,wage_growth,1.0,0.10416666666666666,2026-04-03
USDJPY,adp,0.0,0.0,2026-04-03
USDJPY,jolts,0.0,0.0,2026-04-03
USDJPY,jobless_claims,1.0,0.10416666666666666,2026-04-03
USDJPY,rate_expectations,0.0,0.0,2026-04-03
USDCHF,manufacturing_pmi,-2.0,-0.5555555555555556,2026-04-03
USDCHF,services_pmi,1.0,0.20833333333333331,2026-04-03
USDCHF,gdp_qoq,0.0,0.0,2026-04-03
USDCHF,retail_sales,0.0,0.0,2026-04-03
USDCHF,cpi_yoy,2.0,0.8333333333333333,2026-04-03
USDCHF,core_cpi,0.0,0.0,2026-04-03
USDCHF,core_pce,0.0,0.0,2026-04-03
USDCHF,ppi_yoy,1.0,0.15625,2026-04-03
USDCHF,employment_change,-2.0,-0.20833333333333331,2026-04-03
USDCHF,unemployment_rate,1.0,1.5624999999999998,2026-04-03
USDCHF,wage_growth,1.0,0.10416666666666666,2026-04-03
USDCHF,adp,0.0,0.0,2026-04-03
USDCHF,jolts,0.0,0.0,2026-04-03
USDCHF,jobless_claims,1.0,0.10416666666666666,2026-04-03
USDCHF,rate_expectations,2.0,1.25,2026-04-03
USDCAD,manufacturing_pmi,0.0,0.0,2026-04-03
USDCAD,services_pmi,1.0,0.20833333333333331,2026-04-03
USDCAD,gdp_qoq,0.0,0.0,2026-04-03
USDCAD,retail_sales,1.0,0.20833333333333331,2026-04-03
USDCAD,cpi_yoy,1.0,0.20833333333333331,2026-04-03
USDCAD,core_cpi,0.0,0.0,2026-04-03
USDCAD,core_pce,0.0,0.0,2026-04-03
USDCAD,ppi_yoy,2.0,0.3645833333333333,2026-04-03
USDCAD,employment_change,0.0,0.4166666666666667,2026-04-03
USDCAD,unemployment_rate,-1.0,-0.10416666666666666,2026-04-03
USDCAD,wage_growth,1.0,0.10416666666666666,2026-04-03
USDCAD,adp,0.0,0.0,2026-04-03
USDCAD,jolts,0.0,0.0,2026-04-03
USDCAD,jobless_claims,1.0,0.10416666666666666,2026-04-03
USDCAD,rate_expectations,0.0,0.0,2026-04-03
AUDUSD,manufacturing_pmi,0.0,0.0,2026-04-03
AUDUSD,services_pmi,-1.0,-0.20833333333333331,2026-04-03
AUDUSD,gdp_qoq,0.0,0.0,2026-04-03
AUDUSD,retail_sales,2.0,0.0,2026-04-03
AUDUSD,cpi_yoy,-1.0,-0.3125,2026-04-03
AUDUSD,core_cpi,1.0,0.0,2026-04-03
AUDUSD,core_pce,0.0,0.0,2026-04-03
AUDUSD,ppi_yoy,-1.0,-0.15625,2026-04-03
AUDUSD,employment_change,3.0,0.41666666666666663,2026-04-03
AUDUSD,unemployment_rate,0.0,-0.10416666666666666,2026-04-03
AUDUSD,wage_growth,-1.0,-0.10416666666666666,2026-04-03
AUDUSD,adp,0.0,0.0,2026-04-03
AUDUSD,jolts,0.0,0.0,2026-04-03
AUDUSD,jobless_claims,-1.0,-0.10416666666666666,2026-04-03
AUDUSD,rate_expectations,0.0,0.0,2026-04-03
NZDUSD,manufacturing_pmi,0.0,0.0,2026-04-03
NZDUSD,services_pmi,-1.0,-0.20833333333333331,2026-04-03
NZDUSD,gdp_qoq,0.0,0.0,2026-04-03
NZDUSD,retail_sales,1.0,0.0,2026-04-03
NZDUSD,cpi_yoy,0.0,0.0,2026-04-03
NZDUSD,core_cpi,0.0,0.0,2026-04-03
NZDUSD,core_pce,0.0,0.0,2026-04-03
NZDUSD,ppi_yoy,-1.0,-0.15625,2026-04-03
NZDUSD,employment_change,2.0,0.20833333333333331,2026-04-03
NZDUSD,unemployment_rate,0.0,-0.17361111111111113,2026-04-03
NZDUSD,wage_growth,-2.0,-0.3819444444444444,2026-04-03
NZDUSD,adp,0.0,0.0,2026-04-03
NZDUSD,jolts,0.0,0.0,2026-04-03
NZDUSD,jobless_claims,-1.0,-0.10416666666666666,2026-04-03
NZDUSD,rate_expectations,-2.0,-1.25,2026-04-03
EURGBP,manufacturing_pmi,2.0,0.3125,2026-04-03
EURGBP,services_pmi,0.0,0.0,2026-04-03
EURGBP,gdp_qoq,1.0,0.15625,2026-04-03
EURGBP,retail_sales,-2.0,-0.3125,2026-04-03
EURGBP,cpi_yoy,-1.0,-0.20833333333333331,2026-04-03
EURGBP,core_cpi,-1.0,-0.20833333333333331,2026-04-03
EURGBP,core_pce,,0.0,2026-04-03
EURGBP,ppi_yoy,4.0,0.8333333333333333,2026-04-03
EURGBP,employment_change,1.0,0.3125,2026-04-03
EURGBP,unemployment_rate,-3.0,-0.7291666666666666,2026-04-03
EURGBP,wage_growth,0.0,0.0,2026-04-03
EURGBP,adp,,0.0,2026-04-03
EURGBP,jolts,,0.0,2026-04-03
EURGBP,jobless_claims,,0.0,2026-04-03
EURGBP,rate_expectations,0.0,0.0,2026-04-03
EURJPY,manufacturing_pmi,2.0,0.3645833333333333,2026-04-03
EURJPY,services_pmi,0.0,0.0,2026-04-03
EURJPY,gdp_qoq,3.0,0.5729166666666666,2026-04-03
EURJPY,retail_sales,-1.0,-0.10416666666666669,2026-04-03
EURJPY,cpi_yoy,0.0,0.10416666666666669,2026-04-03
EURJPY,core_cpi,-1.0,-0.20833333333333331,2026-04-03
EURJPY,core_pce,,0.0,2026-04-03
EURJPY,ppi_yoy,2.0,0.41666666666666663,2026-04-03
EURJPY,employment_change,1.0,0.3125,2026-04-03
EURJPY,unemployment_rate,-2.0,-0.625,2026-04-03
EURJPY,wage_growth,0.0,0.0,2026-04-03
EURJPY,adp,,0.0,2026-04-03
EURJPY,jolts,,0.0,2026-04-03
EURJPY,jobless_claims,,0.0,2026-04-03
EURJPY,rate_expectations,0.0,0.0,2026-04-03
EURCHF,manufacturing_pmi,-1.0,-0.3993055555555556,2026-04-03
EURCHF,services_pmi,0.0,0.0,2026-04-03
EURCHF,gdp_qoq,1.0,0.15625,2026-04-03
EURCHF,retail_sales,-2.0,-0.3125,2026-04-03
EURCHF,cpi_yoy,1.0,0.625,2026-04-03
EURCHF,core_cpi,-1.0,-0.20833333333333331,2026-04-03
EURCHF,core_pce,,0.0,2026-04-03
EURCHF,ppi_yoy,2.0,0.41666666666666663,2026-04-03
EURCHF,employment_change,1.0,0.3125,2026-04-03
EURCHF,unemployment_rate,1.0,1.3541666666666665,2026-04-03
EURCHF,wage_growth,,0.0,2026-04-03
EURCHF,adp,,0.0,2026-04-03
EURCHF,jolts,,0.0,2026-04-03
EURCHF,jobless_claims,,0.0,2026-04-03
EURCHF,rate_expectations,2.0,1.25,2026-04-03
EURAUD,manufacturing_pmi,1.0,0.15625,2026-04-03
EURAUD,services_pmi,0.0,0.0,2026-04-03
EURAUD,gdp_qoq,1.0,0.15625,2026-04-03
EURAUD,retail_sales,-4.0,-0.3125,2026-04-03
EURAUD,cpi_yoy,0.0,0.10416666666666669,2026-04-03
EURAUD,core_cpi,-2.0,-0.20833333333333331,2026-04-03
EURAUD,core_pce,,0.0,2026-04-03
EURAUD,ppi_yoy,2.0,0.41666666666666663,2026-04-03
EURAUD,employment_change,0.0,0.10416666666666669,2026-04-03
EURAUD,unemployment_rate,0.0,-0.10416666666666669,2026-04-03
EURAUD,wage_growth,0.0,0.0,2026-04-03
EURAUD,adp,,0.0,2026-04-03
EURAUD,jolts,,0.0,2026-04-03
EURAUD,jobless_claims,,0.0,2026-04-03
EURAUD,rate_expectations,0.0,0.0,2026-04-03
EURNZD,manufacturing_pmi,1.0,0.15625,2026-04-03
EURNZD,services_pmi,0.0,0.0,2026-04-03
EURNZD,gdp_qoq,1.0,0.15625,2026-04-03
EURNZD,retail_sales,-3.0,-0.3125,2026-04-03
EURNZD,cpi_yoy,-1.0,-0.20833333333333331,2026-04-03
EURNZD,core_cpi,-1.0,-0.20833333333333331,2026-04-03
EURNZD,core_pce,,0.0,2026-04-03
EURNZD,ppi_yoy,2.0,0.41666666666666663,2026-04-03
EURNZD,employment_change,1.0,0.3125,2026-04-03
EURNZD,unemployment_rate,0.0,-0.03472222222222221,2026-04-03
EURNZD,wage_growth,1.0,0.2777777777777778,2026-04-03
EURNZD,adp,,0.0,2026-04-03
EURNZD,jolts,,0.0,2026-04-03
EURNZD,jobless_claims,,0.0,2026-04-03
EURNZD,rate_expectations,2.0,1.25,2026-04-03
EURCAD,manufacturing_pmi,1.0,0.15625,2026-04-03
EURCAD,services_pmi,0.0,0.0,2026-04-03
EURCAD,gdp_qoq,1.0,0.15625,2026-04-03
EURCAD,retail_sales,-1.0,-0.10416666666666669,2026-04-03
EURCAD,cpi_yoy,0.0,0.0,2026-04-03
EURCAD,core_cpi,-1.0,-0.20833333333333331,2026-04-03
EURCAD,core_pce,,0.0,2026-04-03
EURCAD,ppi_yoy,3.0,0.625,2026-04-03
EURCAD,employment_change,3.0,0.9375,2026-04-03
EURCAD,unemployment_rate,-1.0,-0.3125,2026-04-03
EURCAD,wage_growth,,0.0,2026-04-03
EURCAD,adp,,0.0,2026-04-03
EURCAD,jolts,,0.0,2026-04-03
EURCAD,jobless_claims,,0.0,2026-04-03
EURCAD,rate_expectations,0.0,0.0,2026-04-03
GBPJPY,manufacturing_pmi,0.0,0.052083333333333315,2026-04-03
GBPJPY,services_pmi,0.0,0.0,2026-04-03
GBPJPY,gdp_qoq,2.0,0.41666666666666663,2026-04-03
GBPJPY,retail_sales,1.0,0.20833333333333331,2026-04-03
GBPJPY,cpi_yoy,1.0,0.3125,2026-04-03
GBPJPY,core_cpi,0.0,0.0,2026-04-03
GBPJPY,core_pce,,0.0,2026-04-03
GBPJPY,ppi_yoy,-2.0,-0.41666666666666663,2026-04-03
GBPJPY,employment_change,0.0,0.0,2026-04-03
GBPJPY,unemployment_rate,1.0,0.10416666666666663,2026-04-03
GBPJPY,wage_growth,0.0,0.0,2026-04-03
GBPJPY,adp,,0.0,2026-04-03
GBPJPY,jolts,,0.0,2026-04-03
GBPJPY,jobless_claims,,0.0,2026-04-03
GBPJPY,rate_expectations,0.0,0.0,2026-04-03
GBPCHF,manufacturing_pmi,-3.0,-0.7118055555555556,2026-04-03
GBPCHF,services_pmi,0.0,0.0,2026-04-03
GBPCHF,gdp_qoq,0.0,0.0,2026-04-03
GBPCHF,retail_sales,0.0,0.0,2026-04-03
GBPCHF,cpi_yoy,2.0,0.8333333333333333,2026-04-03
GBPCHF,core_cpi,0.0,0.0,2026-04-03
GBPCHF,core_pce,,0.0,2026-04-03
GBPCHF,ppi_yoy,-2.0,-0.41666666666666663,2026-04-03
GBPCHF,employment_change,0.0,0.0,2026-04-03
GBPCHF,unemployment_rate,4.0,2.083333333333333,2026-04-03
GBPCHF,wage_growth,0.0,0.0,2026-04-03
GBPCHF,adp,,0.0,2026-04-03
GBPCHF,jolts,,0.0,2026-04-03
GBPCHF,jobless_claims,,0.0,2026-04-03
GBPCHF,rate_expectations,2.0,1.25,2026-04-03
GBPAUD,manufacturing_pmi,-1.0,-0.15625,2026-04-03
GBPAUD,services_pmi,0.0,0.0,2026-04-03
GBPAUD,gdp_qoq,0.0,0.0,2026-04-03
GBPAUD,retail_sales,-2.0,0.0,2026-04-03
GBPAUD,cpi_yoy,1.0,0.3125,2026-04-03
GBPAUD,core_cpi,-1.0,0.0,2026-04-03
GBPAUD,core_pce,,0.0,2026-04-03
GBPAUD,ppi_yoy,-2.0,-0.41666666666666663,2026-04-03
GBPAUD,employment_change,-1.0,-0.20833333333333331,2026-04-03
GBPAUD,unemployment_rate,3.0,0.625,2026-04-03
GBPAUD,wage_growth,0.0,0.0,2026-04-03
GBPAUD,adp,,0.0,2026-04-03
GBPAUD,jolts,,0.0,2026-04-03
GBPAUD,jobless_claims,,0.0,2026-04-03
GBPAUD,rate_expectations,0.0,0.0,2026-04-03
GBPNZD,manufacturing_pmi,-1.0,-0.15625,2026-04-03
GBPNZD,services_pmi,0.0,0.0,2026-04-03
GBPNZD,gdp_qoq,0.0,0.0,2026-04-03
GBPNZD,retail_sales,-1.0,0.0,2026-04-03
GBPNZD,cpi_yoy,0.0,0.0,2026-04-03
GBPNZD,core_cpi,0.0,0.0,2026-04-03
GBPNZD,core_pce,,0.0,2026-04-03
GBPNZD,ppi_yoy,-2.0,-0.41666666666666663,2026-04-03
GBPNZD,employment_change,0.0,0.0,2026-04-03
GBPNZD,unemployment_rate,3.0,0.6944444444444444,2026-04-03
GBPNZD,wage_growth,1.0,0.2777777777777778,2026-04-03
GBPNZD,adp,,0.0,2026-04-03
GBPNZD,jolts,,0.0,2026-04-03
GBPNZD,jobless_claims,,0.0,2026-04-03
GBPNZD,rate_expectations,2.0,1.25,2026-04-03
GBPCAD,manufacturing_pmi,-1.0,-0.15625,2026-04-03
GBPCAD,services_pmi,0.0,0.0,2026-04-03
GBPCAD,gdp_qoq,0.0,0.0,2026-04-03
GBPCAD,retail_sales,1.0,0.20833333333333331,2026-04-03
GBPCAD,cpi_yoy,1.0,0.20833333333333331,2026-04-03
GBPCAD,core_cpi,0.0,0.0,2026-04-03
GBPCAD,core_pce,,0.0,2026-04-03
GBPCAD,ppi_yoy,-1.0,-0.20833333333333331,2026-04-03
GBPCAD,employment_change,2.0,0.625,2026-04-03
GBPCAD,unemployment_rate,2.0,0.41666666666666663,2026-04-03
GBPCAD,wage_growth,0.0,0.0,2026-04-03
GBPCAD,adp,,0.0,2026-04-03
GBPCAD,jolts,,0.0,2026-04-03
GBPCAD,jobless_claims,,0.0,2026-04-03
GBPCAD,rate_expectations,0.0,0.0,2026-04-03
AUDJPY,manufacturing_pmi,1.0,0.20833333333333331,2026-04-03
AUDJPY,services_pmi,0.0,0.0,2026-04-03
AUDJPY,gdp_qoq,2.0,0.41666666666666663,2026-04-03
AUDJPY,retail_sales,3.0,0.20833333333333331,2026-04-03
AUDJPY,cpi_yoy,0.0,0.0,2026-04-03
AUDJPY,core_cpi,1.0,0.0,2026-04-03
AUDJPY,core_pce,,0.0,2026-04-03
AUDJPY,ppi_yoy,0.0,0.0,2026-04-03
AUDJPY,employment_change,1.0,0.20833333333333331,2026-04-03
AUDJPY,unemployment_rate,-2.0,-0.5208333333333333,2026-04-03
AUDJPY,wage_growth,0.0,0.0,2026-04-03
AUDJPY,adp,,0.0,2026-04-03
AUDJPY,jolts,,0.0,2026-04-03
AUDJPY,jobless_claims,,0.0,2026-04-03
AUDJPY,rate_expectations,0.0,0.0,2026-04-03
NZDJPY,manufacturing_pmi,1.0,0.20833333333333331,2026-04-03
NZDJPY,services_pmi,0.0,0.0,2026-04-03
NZDJPY,gdp_qoq,2.0,0.41666666666666663,2026-04-03
NZDJPY,retail_sales,2.0,0.20833333333333331,2026-04-03
NZDJPY,cpi_yoy,1.0,0.3125,2026-04-03
NZDJPY,core_cpi,0.0,0.0,2026-04-03
NZDJPY,core_pce,,0.0,2026-04-03
NZDJPY,ppi_yoy,0.0,0.0,2026-04-03
NZDJPY,employment_change,0.0,0.0,2026-04-03
NZDJPY,unemployment_rate,-2.0,-0.5902777777777778,2026-04-03
NZDJPY,wage_growth,-1.0,-0.2777777777777778,2026-04-03
NZDJPY,adp,,0.0,2026-04-03
NZDJPY,jolts,,0.0,2026-04-03
NZDJPY,jobless_claims,,0.0,2026-04-03
NZDJPY,rate_expectations,-2.0,-1.25,2026-04-03
CADJPY,manufacturing_pmi,1.0,0.20833333333333331,2026-04-03
CADJPY,services_pmi,,0.0,2026-04-03
CADJPY,gdp_qoq,2.0,0.41666666666666663,2026-04-03
CADJPY,retail_sales,0.0,0.0,2026-04-03
CADJPY,cpi_yoy,0.0,0.10416666666666669,2026-04-03
CADJPY,core_cpi,0.0,0.0,2026-04-03
CADJPY,core_pce,,0.0,2026-04-03
CADJPY,ppi_yoy,-1.0,-0.20833333333333331,2026-04-03
CADJPY,employment_change,-2.0,-0.625,2026-04-03
CADJPY,unemployment_rate,-1.0,-0.3125,2026-04-03
CADJPY,wage_growth,0.0,0.0,2026-04-03
CADJPY,adp,,0.0,2026-04-03
CADJPY,jolts,,0.0,2026-04-03
CADJPY,jobless_claims,,0.0,2026-04-03
CADJPY,rate_expectations,0.0,0.0,2026-04-03
CHFJPY,manufacturing_pmi,3.0,0.7638888888888888,2026-04-03
CHFJPY,services_pmi,,0.0,2026-04-03
CHFJPY,gdp_qoq,2.0,0.41666666666666663,2026-04-03
CHFJPY,retail_sales,1.0,0.20833333333333331,2026-04-03
CHFJPY,cpi_yoy,-1.0,-0.5208333333333333,2026-04-03
CHFJPY,core_cpi,0.0,0.0,2026-04-03
CHFJPY,core_pce,,0.0,2026-04-03
CHFJPY,ppi_yoy,0.0,0.0,2026-04-03
CHFJPY,employment_change,,0.0,2026-04-03
CHFJPY,unemployment_rate,-3.0,-1.9791666666666665,2026-04-03
CHFJPY,wage_growth,0.0,0.0,2026-04-03
CHFJPY,adp,,0.0,2026-04-03
CHFJPY,jolts,,0.0,2026-04-03
CHFJPY,jobless_claims,,0.0,2026-04-03
CHFJPY,rate_expectations,-2.0,-1.25,2026-04-03
AUDNZD,manufacturing_pmi,0.0,0.0,2026-04-03
AUDNZD,services_pmi,0.0,0.0,2026-04-03
AUDNZD,gdp_qoq,0.0,0.0,2026-04-03
AUDNZD,retail_sales,1.0,0.0,2026-04-03
AUDNZD,cpi_yoy,-1.0,-0.3125,2026-04-03
AUDNZD,core_cpi,1.0,0.0,2026-04-03
AUDNZD,core_pce,,0.0,2026-04-03
AUDNZD,ppi_yoy,0.0,0.0,2026-04-03
AUDNZD,employment_change,1.0,0.20833333333333331,2026-04-03
AUDNZD,unemployment_rate,0.0,0.06944444444444448,2026-04-03
AUDNZD,wage_growth,1.0,0.2777777777777778,2026-04-03
AUDNZD,adp,,0.0,2026-04-03
AUDNZD,jolts,,0.0,2026-04-03
AUDNZD,jobless_claims,,0.0,2026-04-03
AUDNZD,rate_expectations,2.0,1.25,2026-04-03
AUDCAD,manufacturing_pmi,0.0,0.0,2026-04-03
AUDCAD,services_pmi,0.0,0.0,2026-04-03
AUDCAD,gdp_qoq,0.0,0.0,2026-04-03
AUDCAD,retail_sales,3.0,0.20833333333333331,2026-04-03
AUDCAD,cpi_yoy,0.0,-0.10416666666666669,2026-04-03
AUDCAD,core_cpi,1.0,0.0,2026-04-03
AUDCAD,core_pce,,0.0,2026-04-03
AUDCAD,ppi_yoy,1.0,0.20833333333333331,2026-04-03
AUDCAD,employment_change,3.0,0.8333333333333333,2026-04-03
AUDCAD,unemployment_rate,-1.0,-0.20833333333333331,2026-04-03
AUDCAD,wage_growth,0.0,0.0,2026-04-03
AUDCAD,adp,,0.0,2026-04-03
AUDCAD,jolts,,0.0,2026-04-03
AUDCAD,jobless_claims,,0.0,2026-04-03
AUDCAD,rate_expectations,0.0,0.0,2026-04-03
AUDCHF,manufacturing_pmi,-2.0,-0.5555555555555556,2026-04-03
AUDCHF,services_pmi,0.0,0.0,2026-04-03
AUDCHF,gdp_qoq,0.0,0.0,2026-04-03
AUDCHF,retail_sales,2.0,0.0,2026-04-03
AUDCHF,cpi_yoy,1.0,0.5208333333333333,2026-04-03
AUDCHF,core_cpi,1.0,0.0,2026-04-03
AUDCHF,core_pce,,0.0,2026-04-03
AUDCHF,ppi_yoy,0.0,0.0,2026-04-03
AUDCHF,employment_change,1.0,0.20833333333333331,2026-04-03
AUDCHF,unemployment_rate,1.0,1.4583333333333333,2026-04-03
AUDCHF,wage_growth,0.0,0.0,2026-04-03
AUDCHF,adp,,0.0,2026-04-03
AUDCHF,jolts,,0.0,2026-04-03
AUDCHF,jobless_claims,,0.0,2026-04-03
AUDCHF,rate_expectations,2.0,1.25,2026-04-03
NZDCAD,manufacturing_pmi,0.0,0.0,2026-04-03
NZDCAD,services_pmi,0.0,0.0,2026-04-03
NZDCAD,gdp_qoq,0.0,0.0,2026-04-03
NZDCAD,retail_sales,2.0,0.20833333333333331,2026-04-03
NZDCAD,cpi_yoy,1.0,0.20833333333333331,2026-04-03
NZDCAD,core_cpi,0.0,0.0,2026-04-03
NZDCAD,core_pce,,0.0,2026-04-03
NZDCAD,ppi_yoy,1.0,0.20833333333333331,2026-04-03
NZDCAD,employment_change,2.0,0.625,2026-04-03
NZDCAD,unemployment_rate,-1.0,-0.2777777777777778,2026-04-03
NZDCAD,wage_growth,-1.0,-0.2777777777777778,2026-04-03
NZDCAD,adp,,0.0,2026-04-03
NZDCAD,jolts,,0.0,2026-04-03
NZDCAD,jobless_claims,,0.0,2026-04-03
NZDCAD,rate_expectations,-2.0,-1.25,2026-04-03
NZDCHF,manufacturing_pmi,-2.0,-0.5555555555555556,2026-04-03
NZDCHF,services_pmi,0.0,0.0,2026-04-03
NZDCHF,gdp_qoq,0.0,0.0,2026-04-03
NZDCHF,retail_sales,1.0,0.0,2026-04-03
NZDCHF,cpi_yoy,2.0,0.8333333333333333,2026-04-03
NZDCHF,core_cpi,,0.0,2026-04-03
NZDCHF,core_pce,,0.0,2026-04-03
NZDCHF,ppi_yoy,0.0,0.0,2026-04-03
NZDCHF,employment_change,0.0,0.0,2026-04-03
NZDCHF,unemployment_rate,1.0,1.3888888888888888,2026-04-03
NZDCHF,wage_growth,-1.0,-0.2777777777777778,2026-04-03
NZDCHF,adp,,0.0,2026-04-03
NZDCHF,jolts,,0.0,2026-04-03
NZDCHF,jobless_claims,,0.0,2026-04-03
NZDCHF,rate_expectations,,0.0,2026-04-03
CADCHF,manufacturing_pmi,-2.0,-0.5555555555555556,2026-04-03
CADCHF,services_pmi,,0.0,2026-04-03
CADCHF,gdp_qoq,0.0,0.0,2026-04-03
CADCHF,retail_sales,-1.0,-0.20833333333333331,2026-04-03
CADCHF,cpi_yoy,1.0,0.625,2026-04-03
CADCHF,core_cpi,0.0,0.0,2026-04-03
CADCHF,core_pce,,0.0,2026-04-03
CADCHF,ppi_yoy,-1.0,-0.20833333333333331,2026-04-03
CADCHF,employment_change,-2.0,-0.625,2026-04-03
CADCHF,unemployment_rate,2.0,1.6666666666666665,2026-04-03
CADCHF,wage_growth,,0.0,2026-04-03
CADCHF,adp,,0.0,2026-04-03
CADCHF,jolts,,0.0,2026-04-03
CADCHF,jobless_claims,,0.0,2026-04-03
CADCHF,rate_expectations,2.0,1.25,2026-04-03
EURUSD,manufacturing_pmi,1.0,0.15625,2026-04-10
EURUSD,services_pmi,-1.0,-0.20833333333333331,2026-04-10
EURUSD,gdp_qoq,1.0,0.15625,2026-04-10
EURUSD,retail_sales,0.0,0.0,2026-04-10
EURUSD,cpi_yoy,-1.0,-0.20833333333333331,2026-04-10
EURUSD,core_cpi,-1.0,-0.20833333333333331,2026-04-10
EURUSD,core_pce,0.0,0.0,2026-04-10
EURUSD,ppi_yoy,-1.0,-0.15625,2026-04-10
EURUSD,employment_change,3.0,0.5208333333333333,2026-04-10
EURUSD,unemployment_rate,0.0,-0.20833333333333334,2026-04-10
EURUSD,wage_growth,-1.0,-0.10416666666666666,2026-04-10
EURUSD,adp,0.0,0.0,2026-04-10
EURUSD,jolts,0.0,0.0,2026-04-10
EURUSD,jobless_claims,1.0,0.10416666666666666,2026-04-10
EURUSD,rate_expectations,2.0,1.25,2026-04-10
GBPUSD,manufacturing_pmi,-1.0,-0.15625,2026-04-10
GBPUSD,services_pmi,-2.0,-0.3645833333333333,2026-04-10
GBPUSD,gdp_qoq,0.0,0.0,2026-04-10
GBPUSD,retail_sales,0.0,0.0,2026-04-10
GBPUSD,cpi_yoy,0.0,0.0,2026-04-10
GBPUSD,core_cpi,0.0,0.0,2026-04-10
GBPUSD,core_pce,0.0,0.0,2026-04-10
GBPUSD,ppi_yoy,-3.0,-0.5729166666666666,2026-04-10
GBPUSD,employment_change,2.0,0.20833333333333331,2026-04-10
GBPUSD,unemployment_rate,3.0,0.5208333333333333,2026-04-10
GBPUSD,wage_growth,-1.0,-0.10416666666666666,2026-04-10
GBPUSD,adp,0.0,0.0,2026-04-10
GBPUSD,jolts,0.0,0.0,2026-04-10
GBPUSD,jobless_claims,1.0,0.10416666666666666,2026-04-10
GBPUSD,rate_expectations,2.0,1.25,2026-04-10
USDJPY,manufacturing_pmi,1.0,0.20833333333333331,2026-04-10
USDJPY,services_pmi,1.0,0.20833333333333331,2026-04-10
USDJPY,gdp_qoq,2.0,0.41666666666666663,2026-04-10
USDJPY,retail_sales,1.0,0.20833333333333331,2026-04-10
USDJPY,cpi_yoy,1.0,0.3125,2026-04-10
USDJPY,core_cpi,0.0,0.0,2026-04-10
USDJPY,core_pce,0.0,0.0,2026-04-10
USDJPY,ppi_yoy,1.0,0.15625,2026-04-10
USDJPY,employment_change,-2.0,-0.20833333333333331,2026-04-10
USDJPY,unemployment_rate,-2.0,-0.41666666666666663,2026-04-10
USDJPY,wage_growth,1.0,0.10416666666666666,2026-04-10
USDJPY,adp,0.0,0.0,2026-04-10
USDJPY,jolts,0.0,0.0,2026-04-10
USDJPY,jobless_claims,-1.0,-0.10416666666666666,2026-04-10
USDJPY,rate_expectations,-2.0,-1.25,2026-04-10
USDCHF,manufacturing_pmi,-2.0,-0.5555555555555556,2026-04-10
USDCHF,services_pmi,1.0,0.20833333333333331,2026-04-10
USDCHF,gdp_qoq,0.0,0.0,2026-04-10
USDCHF,retail_sales,0.0,0.0,2026-04-10
USDCHF,cpi_yoy,2.0,0.8333333333333333,2026-04-10
USDCHF,core_cpi,0.0,0.0,2026-04-10
USDCHF,core_pce,0.0,0.0,2026-04-10
USDCHF,ppi_yoy,1.0,0.15625,2026-04-10
USDCHF,employment_change,-2.0,-0.20833333333333331,2026-04-10
USDCHF,unemployment_rate,-1.0,-0.10416666666666666,2026-04-10
USDCHF,wage_growth,1.0,0.10416666666666666,2026-04-10
USDCHF,adp,0.0,0.0,2026-04-10
USDCHF,jolts,0.0,0.0,2026-04-10
USDCHF,jobless_claims,-1.0,-0.10416666666666666,2026-04-10
USDCHF,rate_expectations,0.0,0.0,2026-04-10
USDCAD,manufacturing_pmi,0.0,0.0,2026-04-10
USDCAD,services_pmi,1.0,0.20833333333333331,2026-04-10
USDCAD,gdp_qoq,0.0,0.0,2026-04-10
USDCAD,retail_sales,1.0,0.20833333333333331,2026-04-10
USDCAD,cpi_yoy,1.0,0.20833333333333331,2026-04-10
USDCAD,core_cpi,0.0,0.0,2026-04-10
USDCAD,core_pce,0.0,0.0,2026-04-10
USDCAD,ppi_yoy,2.0,0.3645833333333333,2026-04-10
USDCAD,employment_change,0.0,0.4166666666666667,2026-04-10
USDCAD,unemployment_rate,-1.0,-0.10416666666666666,2026-04-10
USDCAD,wage_growth,1.0,0.10416666666666666,2026-04-10
USDCAD,adp,0.0,0.0,2026-04-10
USDCAD,jolts,0.0,0.0,2026-04-10
USDCAD,jobless_claims,-1.0,-0.10416666666666666,2026-04-10
USDCAD,rate_expectations,0.0,0.0,2026-04-10
AUDUSD,manufacturing_pmi,0.0,0.0,2026-04-10
AUDUSD,services_pmi,-1.0,-0.20833333333333331,2026-04-10
AUDUSD,gdp_qoq,0.0,0.0,2026-04-10
AUDUSD,retail_sales,2.0,0.0,2026-04-10
AUDUSD,cpi_yoy,-1.0,-0.3125,2026-04-10
AUDUSD,core_cpi,1.0,0.0,2026-04-10
AUDUSD,core_pce,0.0,0.0,2026-04-10
AUDUSD,ppi_yoy,-1.0,-0.15625,2026-04-10
AUDUSD,employment_change,3.0,0.41666666666666663,2026-04-10
AUDUSD,unemployment_rate,0.0,-0.10416666666666666,2026-04-10
AUDUSD,wage_growth,-1.0,-0.10416666666666666,2026-04-10
AUDUSD,adp,0.0,0.0,2026-04-10
AUDUSD,jolts,0.0,0.0,2026-04-10
AUDUSD,jobless_claims,1.0,0.10416666666666666,2026-04-10
AUDUSD,rate_expectations,2.0,1.25,2026-04-10
NZDUSD,manufacturing_pmi,0.0,0.0,2026-04-10
NZDUSD,services_pmi,-1.0,-0.20833333333333331,2026-04-10
NZDUSD,gdp_qoq,0.0,0.0,2026-04-10
NZDUSD,retail_sales,1.0,0.0,2026-04-10
NZDUSD,cpi_yoy,0.0,0.0,2026-04-10
NZDUSD,core_cpi,0.0,0.0,2026-04-10
NZDUSD,core_pce,0.0,0.0,2026-04-10
NZDUSD,ppi_yoy,-1.0,-0.15625,2026-04-10
NZDUSD,employment_change,2.0,0.20833333333333331,2026-04-10
NZDUSD,unemployment_rate,0.0,-0.17361111111111113,2026-04-10
NZDUSD,wage_growth,-2.0,-0.3819444444444444,2026-04-10
NZDUSD,adp,0.0,0.0,2026-04-10
NZDUSD,jolts,0.0,0.0,2026-04-10
NZDUSD,jobless_claims,1.0,0.10416666666666666,2026-04-10
NZDUSD,rate_expectations,0.0,0.0,2026-04-10
EURGBP,manufacturing_pmi,2.0,0.3125,2026-04-10
EURGBP,services_pmi,1.0,0.15625,2026-04-10
EURGBP,gdp_qoq,1.0,0.15625,2026-04-10
EURGBP,retail_sales,0.0,0.0,2026-04-10
EURGBP,cpi_yoy,-1.0,-0.20833333333333331,2026-04-10
EURGBP,core_cpi,-1.0,-0.20833333333333331,2026-04-10
EURGBP,core_pce,,0.0,2026-04-10
EURGBP,ppi_yoy,2.0,0.41666666666666663,2026-04-10
EURGBP,employment_change,1.0,0.3125,2026-04-10
EURGBP,unemployment_rate,-3.0,-0.7291666666666666,2026-04-10
EURGBP,wage_growth,0.0,0.0,2026-04-10
EURGBP,adp,,0.0,2026-04-10
EURGBP,jolts,,0.0,2026-04-10
EURGBP,jobless_claims,,0.0,2026-04-10
EURGBP,rate_expectations,0.0,0.0,2026-04-10
EURJPY,manufacturing_pmi,2.0,0.3645833333333333,2026-04-10
EURJPY,services_pmi,0.0,0.0,2026-04-10
EURJPY,gdp_qoq,3.0,0.5729166666666666,2026-04-10
EURJPY,retail_sales,1.0,0.20833333333333331,2026-04-10
EURJPY,cpi_yoy,0.0,0.10416666666666669,2026-04-10
EURJPY,core_cpi,-1.0,-0.20833333333333331,2026-04-10
EURJPY,core_pce,,0.0,2026-04-10
EURJPY,ppi_yoy,0.0,0.0,2026-04-10
EURJPY,employment_change,1.0,0.3125,2026-04-10
EURJPY,unemployment_rate,-2.0,-0.625,2026-04-10
EURJPY,wage_growth,0.0,0.0,2026-04-10
EURJPY,adp,,0.0,2026-04-10
EURJPY,jolts,,0.0,2026-04-10
EURJPY,jobless_claims,,0.0,2026-04-10
EURJPY,rate_expectations,0.0,0.0,2026-04-10
EURCHF,manufacturing_pmi,-1.0,-0.3993055555555556,2026-04-10
EURCHF,services_pmi,0.0,0.0,2026-04-10
EURCHF,gdp_qoq,1.0,0.15625,2026-04-10
EURCHF,retail_sales,0.0,0.0,2026-04-10
EURCHF,cpi_yoy,1.0,0.625,2026-04-10
EURCHF,core_cpi,-1.0,-0.20833333333333331,2026-04-10
EURCHF,core_pce,,0.0,2026-04-10
EURCHF,ppi_yoy,0.0,0.0,2026-04-10
EURCHF,employment_change,1.0,0.3125,2026-04-10
EURCHF,unemployment_rate,-1.0,-0.3125,2026-04-10
EURCHF,wage_growth,,0.0,2026-04-10
EURCHF,adp,,0.0,2026-04-10
EURCHF,jolts,,0.0,2026-04-10
EURCHF,jobless_claims,,0.0,2026-04-10
EURCHF,rate_expectations,2.0,1.25,2026-04-10
EURAUD,manufacturing_pmi,1.0,0.15625,2026-04-10
EURAUD,services_pmi,0.0,0.0,2026-04-10
EURAUD,gdp_qoq,1.0,0.15625,2026-04-10
EURAUD,retail_sales,-2.0,0.0,2026-04-10
EURAUD,cpi_yoy,0.0,0.10416666666666669,2026-04-10
EURAUD,core_cpi,-2.0,-0.20833333333333331,2026-04-10
EURAUD,core_pce,,0.0,2026-04-10
EURAUD,ppi_yoy,0.0,0.0,2026-04-10
EURAUD,employment_change,0.0,0.10416666666666669,2026-04-10
EURAUD,unemployment_rate,0.0,-0.10416666666666669,2026-04-10
EURAUD,wage_growth,0.0,0.0,2026-04-10
EURAUD,adp,,0.0,2026-04-10
EURAUD,jolts,,0.0,2026-04-10
EURAUD,jobless_claims,,0.0,2026-04-10
EURAUD,rate_expectations,0.0,0.0,2026-04-10
EURNZD,manufacturing_pmi,1.0,0.15625,2026-04-10
EURNZD,services_pmi,0.0,0.0,2026-04-10
EURNZD,gdp_qoq,1.0,0.15625,2026-04-10
EURNZD,retail_sales,-1.0,0.0,2026-04-10
EURNZD,cpi_yoy,-1.0,-0.20833333333333331,2026-04-10
EURNZD,core_cpi,-1.0,-0.20833333333333331,2026-04-10
EURNZD,core_pce,,0.0,2026-04-10
EURNZD,ppi_yoy,0.0,0.0,2026-04-10
EURNZD,employment_change,1.0,0.3125,2026-04-10
EURNZD,unemployment_rate,0.0,-0.03472222222222221,2026-04-10
EURNZD,wage_growth,1.0,0.2777777777777778,2026-04-10
EURNZD,adp,,0.0,2026-04-10
EURNZD,jolts,,0.0,2026-04-10
EURNZD,jobless_claims,,0.0,2026-04-10
EURNZD,rate_expectations,2.0,1.25,2026-04-10
EURCAD,manufacturing_pmi,1.0,0.15625,2026-04-10
EURCAD,services_pmi,0.0,0.0,2026-04-10
EURCAD,gdp_qoq,1.0,0.15625,2026-04-10
EURCAD,retail_sales,1.0,0.20833333333333331,2026-04-10
EURCAD,cpi_yoy,0.0,0.0,2026-04-10
EURCAD,core_cpi,-1.0,-0.20833333333333331,2026-04-10
EURCAD,core_pce,,0.0,2026-04-10
EURCAD,ppi_yoy,1.0,0.20833333333333331,2026-04-10
EURCAD,employment_change,3.0,0.9375,2026-04-10
EURCAD,unemployment_rate,-1.0,-0.3125,2026-04-10
EURCAD,wage_growth,,0.0,2026-04-10
EURCAD,adp,,0.0,2026-04-10
EURCAD,jolts,,0.0,2026-04-10
EURCAD,jobless_claims,,0.0,2026-04-10
EURCAD,rate_expectations,2.0,1.25,2026-04-10
GBPJPY,manufacturing_pmi,0.0,0.052083333333333315,2026-04-10
GBPJPY,services_pmi,-1.0,-0.15625,2026-04-10
GBPJPY,gdp_qoq,2.0,0.41666666666666663,2026-04-10
GBPJPY,retail_sales,1.0,0.20833333333333331,2026-04-10
GBPJPY,cpi_yoy,1.0,0.3125,2026-04-10
GBPJPY,core_cpi,0.0,0.0,2026-04-10
GBPJPY,core_pce,,0.0,2026-04-10
GBPJPY,ppi_yoy,-2.0,-0.41666666666666663,2026-04-10
GBPJPY,employment_change,0.0,0.0,2026-04-10
GBPJPY,unemployment_rate,1.0,0.10416666666666663,2026-04-10
GBPJPY,wage_growth,0.0,0.0,2026-04-10
GBPJPY,adp,,0.0,2026-04-10
GBPJPY,jolts,,0.0,2026-04-10
GBPJPY,jobless_claims,,0.0,2026-04-10
GBPJPY,rate_expectations,0.0,0.0,2026-04-10
GBPCHF,manufacturing_pmi,-3.0,-0.7118055555555556,2026-04-10
GBPCHF,services_pmi,-1.0,-0.15625,2026-04-10
GBPCHF,gdp_qoq,0.0,0.0,2026-04-10
GBPCHF,retail_sales,0.0,0.0,2026-04-10
GBPCHF,cpi_yoy,2.0,0.8333333333333333,2026-04-10
GBPCHF,core_cpi,0.0,0.0,2026-04-10
GBPCHF,core_pce,,0.0,2026-04-10
GBPCHF,ppi_yoy,-2.0,-0.41666666666666663,2026-04-10
GBPCHF,employment_change,0.0,0.0,2026-04-10
GBPCHF,unemployment_rate,2.0,0.41666666666666663,2026-04-10
GBPCHF,wage_growth,0.0,0.0,2026-04-10
GBPCHF,adp,,0.0,2026-04-10
GBPCHF,jolts,,0.0,2026-04-10
GBPCHF,jobless_claims,,0.0,2026-04-10
GBPCHF,rate_expectations,2.0,1.25,2026-04-10
GBPAUD,manufacturing_pmi,-1.0,-0.15625,2026-04-10
GBPAUD,services_pmi,-1.0,-0.15625,2026-04-10
GBPAUD,gdp_qoq,0.0,0.0,2026-04-10
GBPAUD,retail_sales,-2.0,0.0,2026-04-10
GBPAUD,cpi_yoy,1.0,0.3125,2026-04-10
GBPAUD,core_cpi,-1.0,0.0,2026-04-10
GBPAUD,core_pce,,0.0,2026-04-10
GBPAUD,ppi_yoy,-2.0,-0.41666666666666663,2026-04-10
GBPAUD,employment_change,-1.0,-0.20833333333333331,2026-04-10
GBPAUD,unemployment_rate,3.0,0.625,2026-04-10
GBPAUD,wage_growth,0.0,0.0,2026-04-10
GBPAUD,adp,,0.0,2026-04-10
GBPAUD,jolts,,0.0,2026-04-10
GBPAUD,jobless_claims,,0.0,2026-04-10
GBPAUD,rate_expectations,0.0,0.0,2026-04-10
GBPNZD,manufacturing_pmi,-1.0,-0.15625,2026-04-10
GBPNZD,services_pmi,-1.0,-0.15625,2026-04-10
GBPNZD,gdp_qoq,0.0,0.0,2026-04-10
GBPNZD,retail_sales,-1.0,0.0,2026-04-10
GBPNZD,cpi_yoy,0.0,0.0,2026-04-10
GBPNZD,core_cpi,0.0,0.0,2026-04-10
GBPNZD,core_pce,,0.0,2026-04-10
GBPNZD,ppi_yoy,-2.0,-0.41666666666666663,2026-04-10
GBPNZD,employment_change,0.0,0.0,2026-04-10
GBPNZD,unemployment_rate,3.0,0.6944444444444444,2026-04-10
GBPNZD,wage_growth,1.0,0.2777777777777778,2026-04-10
GBPNZD,adp,,0.0,2026-04-10
GBPNZD,jolts,,0.0,2026-04-10
GBPNZD,jobless_claims,,0.0,2026-04-10
GBPNZD,rate_expectations,2.0,1.25,2026-04-10
GBPCAD,manufacturing_pmi,-1.0,-0.15625,2026-04-10
GBPCAD,services_pmi,-1.0,-0.15625,2026-04-10
GBPCAD,gdp_qoq,0.0,0.0,2026-04-10
GBPCAD,retail_sales,1.0,0.20833333333333331,2026-04-10
GBPCAD,cpi_yoy,1.0,0.20833333333333331,2026-04-10
GBPCAD,core_cpi,0.0,0.0,2026-04-10
GBPCAD,core_pce,,0.0,2026-04-10
GBPCAD,ppi_yoy,-1.0,-0.20833333333333331,2026-04-10
GBPCAD,employment_change,2.0,0.625,2026-04-10
GBPCAD,unemployment_rate,2.0,0.41666666666666663,2026-04-10
GBPCAD,wage_growth,0.0,0.0,2026-04-10
GBPCAD,adp,,0.0,2026-04-10
GBPCAD,jolts,,0.0,2026-04-10
GBPCAD,jobless_claims,,0.0,2026-04-10
GBPCAD,rate_expectations,2.0,1.25,2026-04-10
AUDJPY,manufacturing_pmi,1.0,0.20833333333333331,2026-04-10
AUDJPY,services_pmi,0.0,0.0,2026-04-10
AUDJPY,gdp_qoq,2.0,0.41666666666666663,2026-04-10
AUDJPY,retail_sales,3.0,0.20833333333333331,2026-04-10
AUDJPY,cpi_yoy,0.0,0.0,2026-04-10
AUDJPY,core_cpi,1.0,0.0,2026-04-10
AUDJPY,core_pce,,0.0,2026-04-10
AUDJPY,ppi_yoy,0.0,0.0,2026-04-10
AUDJPY,employment_change,1.0,0.20833333333333331,2026-04-10
AUDJPY,unemployment_rate,-2.0,-0.5208333333333333,2026-04-10
AUDJPY,wage_growth,0.0,0.0,2026-04-10
AUDJPY,adp,,0.0,2026-04-10
AUDJPY,jolts,,0.0,2026-04-10
AUDJPY,jobless_claims,,0.0,2026-04-10
AUDJPY,rate_expectations,0.0,0.0,2026-04-10
NZDJPY,manufacturing_pmi,1.0,0.20833333333333331,2026-04-10
NZDJPY,services_pmi,0.0,0.0,2026-04-10
NZDJPY,gdp_qoq,2.0,0.41666666666666663,2026-04-10
NZDJPY,retail_sales,2.0,0.20833333333333331,2026-04-10
NZDJPY,cpi_yoy,1.0,0.3125,2026-04-10
NZDJPY,core_cpi,0.0,0.0,2026-04-10
NZDJPY,core_pce,,0.0,2026-04-10
NZDJPY,ppi_yoy,0.0,0.0,2026-04-10
NZDJPY,employment_change,0.0,0.0,2026-04-10
NZDJPY,unemployment_rate,-2.0,-0.5902777777777778,2026-04-10
NZDJPY,wage_growth,-1.0,-0.2777777777777778,2026-04-10
NZDJPY,adp,,0.0,2026-04-10
NZDJPY,jolts,,0.0,2026-04-10
NZDJPY,jobless_claims,,0.0,2026-04-10
NZDJPY,rate_expectations,-2.0,-1.25,2026-04-10
CADJPY,manufacturing_pmi,1.0,0.20833333333333331,2026-04-10
CADJPY,services_pmi,,0.0,2026-04-10
CADJPY,gdp_qoq,2.0,0.41666666666666663,2026-04-10
CADJPY,retail_sales,0.0,0.0,2026-04-10
CADJPY,cpi_yoy,0.0,0.10416666666666669,2026-04-10
CADJPY,core_cpi,0.0,0.0,2026-04-10
CADJPY,core_pce,,0.0,2026-04-10
CADJPY,ppi_yoy,-1.0,-0.20833333333333331,2026-04-10
CADJPY,employment_change,-2.0,-0.625,2026-04-10
CADJPY,unemployment_rate,-1.0,-0.3125,2026-04-10
CADJPY,wage_growth,0.0,0.0,2026-04-10
CADJPY,adp,,0.0,2026-04-10
CADJPY,jolts,,0.0,2026-04-10
CADJPY,jobless_claims,,0.0,2026-04-10
CADJPY,rate_expectations,-2.0,-1.25,2026-04-10
CHFJPY,manufacturing_pmi,3.0,0.7638888888888888,2026-04-10
CHFJPY,services_pmi,,0.0,2026-04-10
CHFJPY,gdp_qoq,2.0,0.41666666666666663,2026-04-10
CHFJPY,retail_sales,1.0,0.20833333333333331,2026-04-10
CHFJPY,cpi_yoy,-1.0,-0.5208333333333333,2026-04-10
CHFJPY,core_cpi,0.0,0.0,2026-04-10
CHFJPY,core_pce,,0.0,2026-04-10
CHFJPY,ppi_yoy,0.0,0.0,2026-04-10
CHFJPY,employment_change,,0.0,2026-04-10
CHFJPY,unemployment_rate,-1.0,-0.3125,2026-04-10
CHFJPY,wage_growth,0.0,0.0,2026-04-10
CHFJPY,adp,,0.0,2026-04-10
CHFJPY,jolts,,0.0,2026-04-10
CHFJPY,jobless_claims,,0.0,2026-04-10
CHFJPY,rate_expectations,-2.0,-1.25,2026-04-10
AUDNZD,manufacturing_pmi,0.0,0.0,2026-04-10
AUDNZD,services_pmi,0.0,0.0,2026-04-10
AUDNZD,gdp_qoq,0.0,0.0,2026-04-10
AUDNZD,retail_sales,1.0,0.0,2026-04-10
AUDNZD,cpi_yoy,-1.0,-0.3125,2026-04-10
AUDNZD,core_cpi,1.0,0.0,2026-04-10
AUDNZD,core_pce,,0.0,2026-04-10
AUDNZD,ppi_yoy,0.0,0.0,2026-04-10
AUDNZD,employment_change,1.0,0.20833333333333331,2026-04-10
AUDNZD,unemployment_rate,0.0,0.06944444444444448,2026-04-10
AUDNZD,wage_growth,1.0,0.2777777777777778,2026-04-10
AUDNZD,adp,,0.0,2026-04-10
AUDNZD,jolts,,0.0,2026-04-10
AUDNZD,jobless_claims,,0.0,2026-04-10
AUDNZD,rate_expectations,2.0,1.25,2026-04-10
AUDCAD,manufacturing_pmi,0.0,0.0,2026-04-10
AUDCAD,services_pmi,0.0,0.0,2026-04-10
AUDCAD,gdp_qoq,0.0,0.0,2026-04-10
AUDCAD,retail_sales,3.0,0.20833333333333331,2026-04-10
AUDCAD,cpi_yoy,0.0,-0.10416666666666669,2026-04-10
AUDCAD,core_cpi,1.0,0.0,2026-04-10
AUDCAD,core_pce,,0.0,2026-04-10
AUDCAD,ppi_yoy,1.0,0.20833333333333331,2026-04-10
AUDCAD,employment_change,3.0,0.8333333333333333,2026-04-10
AUDCAD,unemployment_rate,-1.0,-0.20833333333333331,2026-04-10
AUDCAD,wage_growth,0.0,0.0,2026-04-10
AUDCAD,adp,,0.0,2026-04-10
AUDCAD,jolts,,0.0,2026-04-10
AUDCAD,jobless_claims,,0.0,2026-04-10
AUDCAD,rate_expectations,2.0,1.25,2026-04-10
AUDCHF,manufacturing_pmi,-2.0,-0.5555555555555556,2026-04-10
AUDCHF,services_pmi,0.0,0.0,2026-04-10
AUDCHF,gdp_qoq,0.0,0.0,2026-04-10
AUDCHF,retail_sales,2.0,0.0,2026-04-10
AUDCHF,cpi_yoy,1.0,0.5208333333333333,2026-04-10
AUDCHF,core_cpi,1.0,0.0,2026-04-10
AUDCHF,core_pce,,0.0,2026-04-10
AUDCHF,ppi_yoy,0.0,0.0,2026-04-10
AUDCHF,employment_change,1.0,0.20833333333333331,2026-04-10
AUDCHF,unemployment_rate,-1.0,-0.20833333333333331,2026-04-10
AUDCHF,wage_growth,0.0,0.0,2026-04-10
AUDCHF,adp,,0.0,2026-04-10
AUDCHF,jolts,,0.0,2026-04-10
AUDCHF,jobless_claims,,0.0,2026-04-10
AUDCHF,rate_expectations,2.0,1.25,2026-04-10
NZDCAD,manufacturing_pmi,0.0,0.0,2026-04-10
NZDCAD,services_pmi,0.0,0.0,2026-04-10
NZDCAD,gdp_qoq,0.0,0.0,2026-04-10
NZDCAD,retail_sales,2.0,0.20833333333333331,2026-04-10
NZDCAD,cpi_yoy,1.0,0.20833333333333331,2026-04-10
NZDCAD,core_cpi,0.0,0.0,2026-04-10
NZDCAD,core_pce,,0.0,2026-04-10
NZDCAD,ppi_yoy,1.0,0.20833333333333331,2026-04-10
NZDCAD,employment_change,2.0,0.625,2026-04-10
NZDCAD,unemployment_rate,-1.0,-0.2777777777777778,2026-04-10
NZDCAD,wage_growth,-1.0,-0.2777777777777778,2026-04-10
NZDCAD,adp,,0.0,2026-04-10
NZDCAD,jolts,,0.0,2026-04-10
NZDCAD,jobless_claims,,0.0,2026-04-10
NZDCAD,rate_expectations,0.0,0.0,2026-04-10
NZDCHF,manufacturing_pmi,-2.0,-0.5555555555555556,2026-04-10
NZDCHF,services_pmi,0.0,0.0,2026-04-10
NZDCHF,gdp_qoq,0.0,0.0,2026-04-10
NZDCHF,retail_sales,1.0,0.0,2026-04-10
NZDCHF,cpi_yoy,2.0,0.8333333333333333,2026-04-10
NZDCHF,core_cpi,,0.0,2026-04-10
NZDCHF,core_pce,,0.0,2026-04-10
NZDCHF,ppi_yoy,0.0,0.0,2026-04-10
NZDCHF,employment_change,0.0,0.0,2026-04-10
NZDCHF,unemployment_rate,-1.0,-0.2777777777777778,2026-04-10
NZDCHF,wage_growth,-1.0,-0.2777777777777778,2026-04-10
NZDCHF,adp,,0.0,2026-04-10
NZDCHF,jolts,,0.0,2026-04-10
NZDCHF,jobless_claims,,0.0,2026-04-10
NZDCHF,rate_expectations,,0.0,2026-04-10
CADCHF,manufacturing_pmi,-2.0,-0.5555555555555556,2026-04-10
CADCHF,services_pmi,,0.0,2026-04-10
CADCHF,gdp_qoq,0.0,0.0,2026-04-10
CADCHF,retail_sales,-1.0,-0.20833333333333331,2026-04-10
CADCHF,cpi_yoy,1.0,0.625,2026-04-10
CADCHF,core_cpi,0.0,0.0,2026-04-10
CADCHF,core_pce,,0.0,2026-04-10
CADCHF,ppi_yoy,-1.0,-0.20833333333333331,2026-04-10
CADCHF,employment_change,-2.0,-0.625,2026-04-10
CADCHF,unemployment_rate,0.0,0.0,2026-04-10
CADCHF,wage_growth,,0.0,2026-04-10
CADCHF,adp,,0.0,2026-04-10
CADCHF,jolts,,0.0,2026-04-10
CADCHF,jobless_claims,,0.0,2026-04-10
CADCHF,rate_expectations,0.0,0.0,2026-04-10
EURUSD,manufacturing_pmi,1.0,0.15625,2026-04-17
EURUSD,services_pmi,-1.0,-0.20833333333333331,2026-04-17
EURUSD,gdp_qoq,1.0,0.15625,2026-04-17
EURUSD,retail_sales,0.0,0.0,2026-04-17
EURUSD,cpi_yoy,0.0,-0.052083333333333315,2026-04-17
EURUSD,core_cpi,0.0,-0.052083333333333315,2026-04-17
EURUSD,core_pce,0.0,0.0,2026-04-17
EURUSD,ppi_yoy,2.0,0.3125,2026-04-17
EURUSD,employment_change,3.0,0.5208333333333333,2026-04-17
EURUSD,unemployment_rate,0.0,-0.20833333333333334,2026-04-17
EURUSD,wage_growth,-1.0,-0.10416666666666666,2026-04-17
EURUSD,adp,0.0,0.0,2026-04-17
EURUSD,jolts,0.0,0.0,2026-04-17
EURUSD,jobless_claims,0.0,0.0,2026-04-17
EURUSD,rate_expectations,1.0,0.625,2026-04-17
GBPUSD,manufacturing_pmi,-1.0,-0.15625,2026-04-17
GBPUSD,services_pmi,-2.0,-0.3645833333333333,2026-04-17
GBPUSD,gdp_qoq,2.0,0.3125,2026-04-17
GBPUSD,retail_sales,0.0,0.0,2026-04-17
GBPUSD,cpi_yoy,1.0,0.15625,2026-04-17
GBPUSD,core_cpi,1.0,0.15625,2026-04-17
GBPUSD,core_pce,0.0,0.0,2026-04-17
GBPUSD,ppi_yoy,0.0,-0.10416666666666663,2026-04-17
GBPUSD,employment_change,2.0,0.20833333333333331,2026-04-17
GBPUSD,unemployment_rate,3.0,0.5208333333333333,2026-04-17
GBPUSD,wage_growth,-1.0,-0.10416666666666666,2026-04-17
GBPUSD,adp,0.0,0.0,2026-04-17
GBPUSD,jolts,0.0,0.0,2026-04-17
GBPUSD,jobless_claims,0.0,0.0,2026-04-17
GBPUSD,rate_expectations,0.0,0.0,2026-04-17
USDJPY,manufacturing_pmi,1.0,0.20833333333333331,2026-04-17
USDJPY,services_pmi,1.0,0.20833333333333331,2026-04-17
USDJPY,gdp_qoq,2.0,0.41666666666666663,2026-04-17
USDJPY,retail_sales,1.0,0.20833333333333331,2026-04-17
USDJPY,cpi_yoy,0.0,0.15625,2026-04-17
USDJPY,core_cpi,-1.0,-0.15625,2026-04-17
USDJPY,core_pce,0.0,0.0,2026-04-17
USDJPY,ppi_yoy,-2.0,-0.3125,2026-04-17
USDJPY,employment_change,-2.0,-0.20833333333333331,2026-04-17
USDJPY,unemployment_rate,-2.0,-0.41666666666666663,2026-04-17
USDJPY,wage_growth,1.0,0.10416666666666666,2026-04-17
USDJPY,adp,0.0,0.0,2026-04-17
USDJPY,jolts,0.0,0.0,2026-04-17
USDJPY,jobless_claims,0.0,0.0,2026-04-17
USDJPY,rate_expectations,-2.0,-1.25,2026-04-17
USDCHF,manufacturing_pmi,-2.0,-0.5555555555555556,2026-04-17
USDCHF,services_pmi,1.0,0.20833333333333331,2026-04-17
USDCHF,gdp_qoq,0.0,0.0,2026-04-17
USDCHF,retail_sales,0.0,0.0,2026-04-17
USDCHF,cpi_yoy,1.0,0.6770833333333333,2026-04-17
USDCHF,core_cpi,-1.0,-0.15625,2026-04-17
USDCHF,core_pce,0.0,0.0,2026-04-17
USDCHF,ppi_yoy,-1.0,0.10416666666666663,2026-04-17
USDCHF,employment_change,-2.0,-0.20833333333333331,2026-04-17
USDCHF,unemployment_rate,-1.0,-0.10416666666666666,2026-04-17
USDCHF,wage_growth,1.0,0.10416666666666666,2026-04-17
USDCHF,adp,0.0,0.0,2026-04-17
USDCHF,jolts,0.0,0.0,2026-04-17
USDCHF,jobless_claims,0.0,0.0,2026-04-17
USDCHF,rate_expectations,0.0,0.0,2026-04-17
USDCAD,manufacturing_pmi,0.0,0.0,2026-04-17
USDCAD,services_pmi,1.0,0.20833333333333331,2026-04-17
USDCAD,gdp_qoq,0.0,0.0,2026-04-17
USDCAD,retail_sales,1.0,0.20833333333333331,2026-04-17
USDCAD,cpi_yoy,0.0,0.052083333333333315,2026-04-17
USDCAD,core_cpi,-1.0,-0.15625,2026-04-17
USDCAD,core_pce,0.0,0.0,2026-04-17
USDCAD,ppi_yoy,-1.0,-0.10416666666666669,2026-04-17
USDCAD,employment_change,-2.0,-0.20833333333333331,2026-04-17
USDCAD,unemployment_rate,-1.0,-0.10416666666666666,2026-04-17
USDCAD,wage_growth,1.0,0.10416666666666666,2026-04-17
USDCAD,adp,0.0,0.0,2026-04-17
USDCAD,jolts,0.0,0.0,2026-04-17
USDCAD,jobless_claims,0.0,0.0,2026-04-17
USDCAD,rate_expectations,0.0,0.0,2026-04-17
AUDUSD,manufacturing_pmi,0.0,0.0,2026-04-17
AUDUSD,services_pmi,-1.0,-0.20833333333333331,2026-04-17
AUDUSD,gdp_qoq,0.0,0.0,2026-04-17
AUDUSD,retail_sales,2.0,0.0,2026-04-17
AUDUSD,cpi_yoy,0.0,-0.15625,2026-04-17
AUDUSD,core_cpi,2.0,0.15625,2026-04-17
AUDUSD,core_pce,0.0,0.0,2026-04-17
AUDUSD,ppi_yoy,2.0,0.3125,2026-04-17
AUDUSD,employment_change,2.0,0.20833333333333331,2026-04-17
AUDUSD,unemployment_rate,1.0,0.10416666666666666,2026-04-17
AUDUSD,wage_growth,-1.0,-0.10416666666666666,2026-04-17
AUDUSD,adp,0.0,0.0,2026-04-17
AUDUSD,jolts,0.0,0.0,2026-04-17
AUDUSD,jobless_claims,0.0,0.0,2026-04-17
AUDUSD,rate_expectations,1.0,0.625,2026-04-17
NZDUSD,manufacturing_pmi,0.0,0.0,2026-04-17
NZDUSD,services_pmi,-1.0,-0.20833333333333331,2026-04-17
NZDUSD,gdp_qoq,0.0,0.0,2026-04-17
NZDUSD,retail_sales,1.0,0.0,2026-04-17
NZDUSD,cpi_yoy,1.0,0.15625,2026-04-17
NZDUSD,core_cpi,1.0,0.15625,2026-04-17
NZDUSD,core_pce,0.0,0.0,2026-04-17
NZDUSD,ppi_yoy,2.0,0.3125,2026-04-17
NZDUSD,employment_change,2.0,0.20833333333333331,2026-04-17
NZDUSD,unemployment_rate,0.0,-0.17361111111111113,2026-04-17
NZDUSD,wage_growth,-2.0,-0.3819444444444444,2026-04-17
NZDUSD,adp,0.0,0.0,2026-04-17
NZDUSD,jolts,0.0,0.0,2026-04-17
NZDUSD,jobless_claims,0.0,0.0,2026-04-17
NZDUSD,rate_expectations,0.0,0.0,2026-04-17
EURGBP,manufacturing_pmi,2.0,0.3125,2026-04-17
EURGBP,services_pmi,1.0,0.15625,2026-04-17
EURGBP,gdp_qoq,-1.0,-0.15625,2026-04-17
EURGBP,retail_sales,0.0,0.0,2026-04-17
EURGBP,cpi_yoy,-1.0,-0.20833333333333331,2026-04-17
EURGBP,core_cpi,-1.0,-0.20833333333333331,2026-04-17
EURGBP,core_pce,,0.0,2026-04-17
EURGBP,ppi_yoy,2.0,0.41666666666666663,2026-04-17
EURGBP,employment_change,1.0,0.3125,2026-04-17
EURGBP,unemployment_rate,-3.0,-0.7291666666666666,2026-04-17
EURGBP,wage_growth,0.0,0.0,2026-04-17
EURGBP,adp,,0.0,2026-04-17
EURGBP,jolts,,0.0,2026-04-17
EURGBP,jobless_claims,,0.0,2026-04-17
EURGBP,rate_expectations,1.0,0.625,2026-04-17
EURJPY,manufacturing_pmi,2.0,0.3645833333333333,2026-04-17
EURJPY,services_pmi,0.0,0.0,2026-04-17
EURJPY,gdp_qoq,3.0,0.5729166666666666,2026-04-17
EURJPY,retail_sales,1.0,0.20833333333333331,2026-04-17
EURJPY,cpi_yoy,0.0,0.10416666666666669,2026-04-17
EURJPY,core_cpi,-1.0,-0.20833333333333331,2026-04-17
EURJPY,core_pce,,0.0,2026-04-17
EURJPY,ppi_yoy,0.0,0.0,2026-04-17
EURJPY,employment_change,1.0,0.3125,2026-04-17
EURJPY,unemployment_rate,-2.0,-0.625,2026-04-17
EURJPY,wage_growth,0.0,0.0,2026-04-17
EURJPY,adp,,0.0,2026-04-17
EURJPY,jolts,,0.0,2026-04-17
EURJPY,jobless_claims,,0.0,2026-04-17
EURJPY,rate_expectations,-1.0,-0.625,2026-04-17
EURCHF,manufacturing_pmi,-1.0,-0.3993055555555556,2026-04-17
EURCHF,services_pmi,0.0,0.0,2026-04-17
EURCHF,gdp_qoq,1.0,0.15625,2026-04-17
EURCHF,retail_sales,0.0,0.0,2026-04-17
EURCHF,cpi_yoy,1.0,0.625,2026-04-17
EURCHF,core_cpi,-1.0,-0.20833333333333331,2026-04-17
EURCHF,core_pce,,0.0,2026-04-17
EURCHF,ppi_yoy,1.0,0.41666666666666663,2026-04-17
EURCHF,employment_change,1.0,0.3125,2026-04-17
EURCHF,unemployment_rate,-1.0,-0.3125,2026-04-17
EURCHF,wage_growth,,0.0,2026-04-17
EURCHF,adp,,0.0,2026-04-17
EURCHF,jolts,,0.0,2026-04-17
EURCHF,jobless_claims,,0.0,2026-04-17
EURCHF,rate_expectations,1.0,0.625,2026-04-17
EURAUD,manufacturing_pmi,1.0,0.15625,2026-04-17
EURAUD,services_pmi,0.0,0.0,2026-04-17
EURAUD,gdp_qoq,1.0,0.15625,2026-04-17
EURAUD,retail_sales,-2.0,0.0,2026-04-17
EURAUD,cpi_yoy,0.0,0.10416666666666669,2026-04-17
EURAUD,core_cpi,-2.0,-0.20833333333333331,2026-04-17
EURAUD,core_pce,,0.0,2026-04-17
EURAUD,ppi_yoy,0.0,0.0,2026-04-17
EURAUD,employment_change,1.0,0.3125,2026-04-17
EURAUD,unemployment_rate,-1.0,-0.3125,2026-04-17
EURAUD,wage_growth,0.0,0.0,2026-04-17
EURAUD,adp,,0.0,2026-04-17
EURAUD,jolts,,0.0,2026-04-17
EURAUD,jobless_claims,,0.0,2026-04-17
EURAUD,rate_expectations,0.0,0.0,2026-04-17
EURNZD,manufacturing_pmi,1.0,0.15625,2026-04-17
EURNZD,services_pmi,0.0,0.0,2026-04-17
EURNZD,gdp_qoq,1.0,0.15625,2026-04-17
EURNZD,retail_sales,-1.0,0.0,2026-04-17
EURNZD,cpi_yoy,-1.0,-0.20833333333333331,2026-04-17
EURNZD,core_cpi,-1.0,-0.20833333333333331,2026-04-17
EURNZD,core_pce,,0.0,2026-04-17
EURNZD,ppi_yoy,0.0,0.0,2026-04-17
EURNZD,employment_change,1.0,0.3125,2026-04-17
EURNZD,unemployment_rate,0.0,-0.03472222222222221,2026-04-17
EURNZD,wage_growth,1.0,0.2777777777777778,2026-04-17
EURNZD,adp,,0.0,2026-04-17
EURNZD,jolts,,0.0,2026-04-17
EURNZD,jobless_claims,,0.0,2026-04-17
EURNZD,rate_expectations,1.0,0.625,2026-04-17
EURCAD,manufacturing_pmi,1.0,0.15625,2026-04-17
EURCAD,services_pmi,0.0,0.0,2026-04-17
EURCAD,gdp_qoq,1.0,0.15625,2026-04-17
EURCAD,retail_sales,1.0,0.20833333333333331,2026-04-17
EURCAD,cpi_yoy,0.0,0.0,2026-04-17
EURCAD,core_cpi,-1.0,-0.20833333333333331,2026-04-17
EURCAD,core_pce,,0.0,2026-04-17
EURCAD,ppi_yoy,1.0,0.20833333333333331,2026-04-17
EURCAD,employment_change,1.0,0.3125,2026-04-17
EURCAD,unemployment_rate,-1.0,-0.3125,2026-04-17
EURCAD,wage_growth,,0.0,2026-04-17
EURCAD,adp,,0.0,2026-04-17
EURCAD,jolts,,0.0,2026-04-17
EURCAD,jobless_claims,,0.0,2026-04-17
EURCAD,rate_expectations,1.0,0.625,2026-04-17
GBPJPY,manufacturing_pmi,0.0,0.052083333333333315,2026-04-17
GBPJPY,services_pmi,-1.0,-0.15625,2026-04-17
GBPJPY,gdp_qoq,4.0,0.7291666666666666,2026-04-17
GBPJPY,retail_sales,1.0,0.20833333333333331,2026-04-17
GBPJPY,cpi_yoy,1.0,0.3125,2026-04-17
GBPJPY,core_cpi,0.0,0.0,2026-04-17
GBPJPY,core_pce,,0.0,2026-04-17
GBPJPY,ppi_yoy,-2.0,-0.41666666666666663,2026-04-17
GBPJPY,employment_change,0.0,0.0,2026-04-17
GBPJPY,unemployment_rate,1.0,0.10416666666666663,2026-04-17
GBPJPY,wage_growth,0.0,0.0,2026-04-17
GBPJPY,adp,,0.0,2026-04-17
GBPJPY,jolts,,0.0,2026-04-17
GBPJPY,jobless_claims,,0.0,2026-04-17
GBPJPY,rate_expectations,-2.0,-1.25,2026-04-17
GBPCHF,manufacturing_pmi,-3.0,-0.7118055555555556,2026-04-17
GBPCHF,services_pmi,-1.0,-0.15625,2026-04-17
GBPCHF,gdp_qoq,2.0,0.3125,2026-04-17
GBPCHF,retail_sales,0.0,0.0,2026-04-17
GBPCHF,cpi_yoy,2.0,0.8333333333333333,2026-04-17
GBPCHF,core_cpi,0.0,0.0,2026-04-17
GBPCHF,core_pce,,0.0,2026-04-17
GBPCHF,ppi_yoy,-1.0,0.0,2026-04-17
GBPCHF,employment_change,0.0,0.0,2026-04-17
GBPCHF,unemployment_rate,2.0,0.41666666666666663,2026-04-17
GBPCHF,wage_growth,0.0,0.0,2026-04-17
GBPCHF,adp,,0.0,2026-04-17
GBPCHF,jolts,,0.0,2026-04-17
GBPCHF,jobless_claims,,0.0,2026-04-17
GBPCHF,rate_expectations,0.0,0.0,2026-04-17
GBPAUD,manufacturing_pmi,-1.0,-0.15625,2026-04-17
GBPAUD,services_pmi,-1.0,-0.15625,2026-04-17
GBPAUD,gdp_qoq,2.0,0.3125,2026-04-17
GBPAUD,retail_sales,-2.0,0.0,2026-04-17
GBPAUD,cpi_yoy,1.0,0.3125,2026-04-17
GBPAUD,core_cpi,-1.0,0.0,2026-04-17
GBPAUD,core_pce,,0.0,2026-04-17
GBPAUD,ppi_yoy,-2.0,-0.41666666666666663,2026-04-17
GBPAUD,employment_change,0.0,0.0,2026-04-17
GBPAUD,unemployment_rate,2.0,0.41666666666666663,2026-04-17
GBPAUD,wage_growth,0.0,0.0,2026-04-17
GBPAUD,adp,,0.0,2026-04-17
GBPAUD,jolts,,0.0,2026-04-17
GBPAUD,jobless_claims,,0.0,2026-04-17
GBPAUD,rate_expectations,-1.0,-0.625,2026-04-17
GBPNZD,manufacturing_pmi,-1.0,-0.15625,2026-04-17
GBPNZD,services_pmi,-1.0,-0.15625,2026-04-17
GBPNZD,gdp_qoq,2.0,0.3125,2026-04-17
GBPNZD,retail_sales,-1.0,0.0,2026-04-17
GBPNZD,cpi_yoy,0.0,0.0,2026-04-17
GBPNZD,core_cpi,0.0,0.0,2026-04-17
GBPNZD,core_pce,,0.0,2026-04-17
GBPNZD,ppi_yoy,-2.0,-0.41666666666666663,2026-04-17
GBPNZD,employment_change,0.0,0.0,2026-04-17
GBPNZD,unemployment_rate,3.0,0.6944444444444444,2026-04-17
GBPNZD,wage_growth,1.0,0.2777777777777778,2026-04-17
GBPNZD,adp,,0.0,2026-04-17
GBPNZD,jolts,,0.0,2026-04-17
GBPNZD,jobless_claims,,0.0,2026-04-17
GBPNZD,rate_expectations,0.0,0.0,2026-04-17
GBPCAD,manufacturing_pmi,-1.0,-0.15625,2026-04-17
GBPCAD,services_pmi,-1.0,-0.15625,2026-04-17
GBPCAD,gdp_qoq,2.0,0.3125,2026-04-17
GBPCAD,retail_sales,1.0,0.20833333333333331,2026-04-17
GBPCAD,cpi_yoy,1.0,0.20833333333333331,2026-04-17
GBPCAD,core_cpi,0.0,0.0,2026-04-17
GBPCAD,core_pce,,0.0,2026-04-17
GBPCAD,ppi_yoy,-1.0,-0.20833333333333331,2026-04-17
GBPCAD,employment_change,0.0,0.0,2026-04-17
GBPCAD,unemployment_rate,2.0,0.41666666666666663,2026-04-17
GBPCAD,wage_growth,0.0,0.0,2026-04-17
GBPCAD,adp,,0.0,2026-04-17
GBPCAD,jolts,,0.0,2026-04-17
GBPCAD,jobless_claims,,0.0,2026-04-17
GBPCAD,rate_expectations,0.0,0.0,2026-04-17
AUDJPY,manufacturing_pmi,1.0,0.20833333333333331,2026-04-17
AUDJPY,services_pmi,0.0,0.0,2026-04-17
AUDJPY,gdp_qoq,2.0,0.41666666666666663,2026-04-17
AUDJPY,retail_sales,3.0,0.20833333333333331,2026-04-17
AUDJPY,cpi_yoy,0.0,0.0,2026-04-17
AUDJPY,core_cpi,1.0,0.0,2026-04-17
AUDJPY,core_pce,,0.0,2026-04-17
AUDJPY,ppi_yoy,0.0,0.0,2026-04-17
AUDJPY,employment_change,0.0,0.0,2026-04-17
AUDJPY,unemployment_rate,-1.0,-0.3125,2026-04-17
AUDJPY,wage_growth,0.0,0.0,2026-04-17
AUDJPY,adp,,0.0,2026-04-17
AUDJPY,jolts,,0.0,2026-04-17
AUDJPY,jobless_claims,,0.0,2026-04-17
AUDJPY,rate_expectations,-1.0,-0.625,2026-04-17
NZDJPY,manufacturing_pmi,1.0,0.20833333333333331,2026-04-17
NZDJPY,services_pmi,0.0,0.0,2026-04-17
NZDJPY,gdp_qoq,2.0,0.41666666666666663,2026-04-17
NZDJPY,retail_sales,2.0,0.20833333333333331,2026-04-17
NZDJPY,cpi_yoy,1.0,0.3125,2026-04-17
NZDJPY,core_cpi,0.0,0.0,2026-04-17
NZDJPY,core_pce,,0.0,2026-04-17
NZDJPY,ppi_yoy,0.0,0.0,2026-04-17
NZDJPY,employment_change,0.0,0.0,2026-04-17
NZDJPY,unemployment_rate,-2.0,-0.5902777777777778,2026-04-17
NZDJPY,wage_growth,-1.0,-0.2777777777777778,2026-04-17
NZDJPY,adp,,0.0,2026-04-17
NZDJPY,jolts,,0.0,2026-04-17
NZDJPY,jobless_claims,,0.0,2026-04-17
NZDJPY,rate_expectations,-2.0,-1.25,2026-04-17
CADJPY,manufacturing_pmi,1.0,0.20833333333333331,2026-04-17
CADJPY,services_pmi,,0.0,2026-04-17
CADJPY,gdp_qoq,2.0,0.41666666666666663,2026-04-17
CADJPY,retail_sales,0.0,0.0,2026-04-17
CADJPY,cpi_yoy,0.0,0.10416666666666669,2026-04-17
CADJPY,core_cpi,0.0,0.0,2026-04-17
CADJPY,core_pce,,0.0,2026-04-17
CADJPY,ppi_yoy,-1.0,-0.20833333333333331,2026-04-17
CADJPY,employment_change,0.0,0.0,2026-04-17
CADJPY,unemployment_rate,-1.0,-0.3125,2026-04-17
CADJPY,wage_growth,0.0,0.0,2026-04-17
CADJPY,adp,,0.0,2026-04-17
CADJPY,jolts,,0.0,2026-04-17
CADJPY,jobless_claims,,0.0,2026-04-17
CADJPY,rate_expectations,-2.0,-1.25,2026-04-17
CHFJPY,manufacturing_pmi,3.0,0.7638888888888888,2026-04-17
CHFJPY,services_pmi,,0.0,2026-04-17
CHFJPY,gdp_qoq,2.0,0.41666666666666663,2026-04-17
CHFJPY,retail_sales,1.0,0.20833333333333331,2026-04-17
CHFJPY,cpi_yoy,-1.0,-0.5208333333333333,2026-04-17
CHFJPY,core_cpi,0.0,0.0,2026-04-17
CHFJPY,core_pce,,0.0,2026-04-17
CHFJPY,ppi_yoy,-1.0,-0.41666666666666663,2026-04-17
CHFJPY,employment_change,,0.0,2026-04-17
CHFJPY,unemployment_rate,-1.0,-0.3125,2026-04-17
CHFJPY,wage_growth,0.0,0.0,2026-04-17
CHFJPY,adp,,0.0,2026-04-17
CHFJPY,jolts,,0.0,2026-04-17
CHFJPY,jobless_claims,,0.0,2026-04-17
CHFJPY,rate_expectations,-2.0,-1.25,2026-04-17
AUDNZD,manufacturing_pmi,0.0,0.0,2026-04-17
AUDNZD,services_pmi,0.0,0.0,2026-04-17
AUDNZD,gdp_qoq,0.0,0.0,2026-04-17
AUDNZD,retail_sales,1.0,0.0,2026-04-17
AUDNZD,cpi_yoy,-1.0,-0.3125,2026-04-17
AUDNZD,core_cpi,1.0,0.0,2026-04-17
AUDNZD,core_pce,,0.0,2026-04-17
AUDNZD,ppi_yoy,0.0,0.0,2026-04-17
AUDNZD,employment_change,0.0,0.0,2026-04-17
AUDNZD,unemployment_rate,1.0,0.2777777777777778,2026-04-17
AUDNZD,wage_growth,1.0,0.2777777777777778,2026-04-17
AUDNZD,adp,,0.0,2026-04-17
AUDNZD,jolts,,0.0,2026-04-17
AUDNZD,jobless_claims,,0.0,2026-04-17
AUDNZD,rate_expectations,1.0,0.625,2026-04-17
AUDCAD,manufacturing_pmi,0.0,0.0,2026-04-17
AUDCAD,services_pmi,0.0,0.0,2026-04-17
AUDCAD,gdp_qoq,0.0,0.0,2026-04-17
AUDCAD,retail_sales,3.0,0.20833333333333331,2026-04-17
AUDCAD,cpi_yoy,0.0,-0.10416666666666669,2026-04-17
AUDCAD,core_cpi,1.0,0.0,2026-04-17
AUDCAD,core_pce,,0.0,2026-04-17
AUDCAD,ppi_yoy,1.0,0.20833333333333331,2026-04-17
AUDCAD,employment_change,0.0,0.0,2026-04-17
AUDCAD,unemployment_rate,0.0,0.0,2026-04-17
AUDCAD,wage_growth,0.0,0.0,2026-04-17
AUDCAD,adp,,0.0,2026-04-17
AUDCAD,jolts,,0.0,2026-04-17
AUDCAD,jobless_claims,,0.0,2026-04-17
AUDCAD,rate_expectations,1.0,0.625,2026-04-17
AUDCHF,manufacturing_pmi,-2.0,-0.5555555555555556,2026-04-17
AUDCHF,services_pmi,0.0,0.0,2026-04-17
AUDCHF,gdp_qoq,0.0,0.0,2026-04-17
AUDCHF,retail_sales,2.0,0.0,2026-04-17
AUDCHF,cpi_yoy,1.0,0.5208333333333333,2026-04-17
AUDCHF,core_cpi,1.0,0.0,2026-04-17
AUDCHF,core_pce,,0.0,2026-04-17
AUDCHF,ppi_yoy,1.0,0.41666666666666663,2026-04-17
AUDCHF,employment_change,0.0,0.0,2026-04-17
AUDCHF,unemployment_rate,0.0,0.0,2026-04-17
AUDCHF,wage_growth,0.0,0.0,2026-04-17
AUDCHF,adp,,0.0,2026-04-17
AUDCHF,jolts,,0.0,2026-04-17
AUDCHF,jobless_claims,,0.0,2026-04-17
AUDCHF,rate_expectations,1.0,0.625,2026-04-17
NZDCAD,manufacturing_pmi,0.0,0.0,2026-04-17
NZDCAD,services_pmi,0.0,0.0,2026-04-17
NZDCAD,gdp_qoq,0.0,0.0,2026-04-17
NZDCAD,retail_sales,2.0,0.20833333333333331,2026-04-17
NZDCAD,cpi_yoy,1.0,0.20833333333333331,2026-04-17
NZDCAD,core_cpi,0.0,0.0,2026-04-17
NZDCAD,core_pce,,0.0,2026-04-17
NZDCAD,ppi_yoy,1.0,0.20833333333333331,2026-04-17
NZDCAD,employment_change,0.0,0.0,2026-04-17
NZDCAD,unemployment_rate,-1.0,-0.2777777777777778,2026-04-17
NZDCAD,wage_growth,-1.0,-0.2777777777777778,2026-04-17
NZDCAD,adp,,0.0,2026-04-17
NZDCAD,jolts,,0.0,2026-04-17
NZDCAD,jobless_claims,,0.0,2026-04-17
NZDCAD,rate_expectations,0.0,0.0,2026-04-17
NZDCHF,manufacturing_pmi,-2.0,-0.5555555555555556,2026-04-17
NZDCHF,services_pmi,0.0,0.0,2026-04-17
NZDCHF,gdp_qoq,0.0,0.0,2026-04-17
NZDCHF,retail_sales,1.0,0.0,2026-04-17
NZDCHF,cpi_yoy,2.0,0.8333333333333333,2026-04-17
NZDCHF,core_cpi,,0.0,2026-04-17
NZDCHF,core_pce,,0.0,2026-04-17
NZDCHF,ppi_yoy,1.0,0.41666666666666663,2026-04-17
NZDCHF,employment_change,0.0,0.0,2026-04-17
NZDCHF,unemployment_rate,-1.0,-0.2777777777777778,2026-04-17
NZDCHF,wage_growth,-1.0,-0.2777777777777778,2026-04-17
NZDCHF,adp,,0.0,2026-04-17
NZDCHF,jolts,,0.0,2026-04-17
NZDCHF,jobless_claims,,0.0,2026-04-17
NZDCHF,rate_expectations,,0.0,2026-04-17
CADCHF,manufacturing_pmi,-2.0,-0.5555555555555556,2026-04-17
CADCHF,services_pmi,,0.0,2026-04-17
CADCHF,gdp_qoq,0.0,0.0,2026-04-17
CADCHF,retail_sales,-1.0,-0.20833333333333331,2026-04-17
CADCHF,cpi_yoy,1.0,0.625,2026-04-17
CADCHF,core_cpi,0.0,0.0,2026-04-17
CADCHF,core_pce,,0.0,2026-04-17
CADCHF,ppi_yoy,0.0,0.20833333333333331,2026-04-17
CADCHF,employment_change,0.0,0.0,2026-04-17
CADCHF,unemployment_rate,0.0,0.0,2026-04-17
CADCHF,wage_growth,,0.0,2026-04-17
CADCHF,adp,,0.0,2026-04-17
CADCHF,jolts,,0.0,2026-04-17
CADCHF,jobless_claims,,0.0,2026-04-17
CADCHF,rate_expectations,0.0,0.0,2026-04-17
EURUSD,manufacturing_pmi,1.0,0.15625,2026-04-24
EURUSD,services_pmi,-2.0,-0.15625,2026-04-24
EURUSD,gdp_qoq,1.0,0.15625,2026-04-24
EURUSD,retail_sales,-1.0,-0.3125,2026-04-24
EURUSD,cpi_yoy,0.0,-0.052083333333333315,2026-04-24
EURUSD,core_cpi,0.0,-0.052083333333333315,2026-04-24
EURUSD,core_pce,0.0,0.0,2026-04-24
EURUSD,ppi_yoy,2.0,0.3125,2026-04-24
EURUSD,employment_change,3.0,0.3125,2026-04-24
EURUSD,unemployment_rate,0.0,-0.3125,2026-04-24
EURUSD,wage_growth,-1.0,0.0,2026-04-24
EURUSD,adp,0.0,0.0,2026-04-24
EURUSD,jolts,0.0,0.0,2026-04-24
EURUSD,jobless_claims,0.0,0.0,2026-04-24
EURUSD,rate_expectations,2.0,1.25,2026-04-24
GBPUSD,manufacturing_pmi,-1.0,-0.15625,2026-04-24
GBPUSD,services_pmi,-2.0,-0.15625,2026-04-24
GBPUSD,gdp_qoq,2.0,0.3125,2026-04-24
GBPUSD,retail_sales,-1.0,-0.3125,2026-04-24
GBPUSD,cpi_yoy,1.0,0.15625,2026-04-24
GBPUSD,core_cpi,1.0,0.15625,2026-04-24
GBPUSD,core_pce,0.0,0.0,2026-04-24
GBPUSD,ppi_yoy,2.0,0.3125,2026-04-24
GBPUSD,employment_change,2.0,0.0,2026-04-24
GBPUSD,unemployment_rate,3.0,0.41666666666666663,2026-04-24
GBPUSD,wage_growth,0.0,0.20833333333333331,2026-04-24
GBPUSD,adp,0.0,0.0,2026-04-24
GBPUSD,jolts,0.0,0.0,2026-04-24
GBPUSD,jobless_claims,0.0,0.0,2026-04-24
GBPUSD,rate_expectations,2.0,1.25,2026-04-24
USDJPY,manufacturing_pmi,-1.0,-0.20833333333333331,2026-04-24
USDJPY,services_pmi,1.0,0.0,2026-04-24
USDJPY,gdp_qoq,2.0,0.41666666666666663,2026-04-24
USDJPY,retail_sales,2.0,0.5208333333333333,2026-04-24
USDJPY,cpi_yoy,-2.0,-0.46875,2026-04-24
USDJPY,core_cpi,-1.0,-0.15625,2026-04-24
USDJPY,core_pce,0.0,0.0,2026-04-24
USDJPY,ppi_yoy,-2.0,-0.3125,2026-04-24
USDJPY,employment_change,-2.0,0.0,2026-04-24
USDJPY,unemployment_rate,-2.0,-0.3125,2026-04-24
USDJPY,wage_growth,1.0,0.0,2026-04-24
USDJPY,adp,0.0,0.0,2026-04-24
USDJPY,jolts,0.0,0.0,2026-04-24
USDJPY,jobless_claims,0.0,0.0,2026-04-24
USDJPY,rate_expectations,-2.0,-1.25,2026-04-24
USDCHF,manufacturing_pmi,-2.0,-0.5555555555555556,2026-04-24
USDCHF,services_pmi,1.0,0.0,2026-04-24
USDCHF,gdp_qoq,0.0,0.0,2026-04-24
USDCHF,retail_sales,1.0,0.3125,2026-04-24
USDCHF,cpi_yoy,1.0,0.6770833333333333,2026-04-24
USDCHF,core_cpi,-1.0,-0.15625,2026-04-24
USDCHF,core_pce,0.0,0.0,2026-04-24
USDCHF,ppi_yoy,-1.0,0.10416666666666663,2026-04-24
USDCHF,employment_change,-2.0,0.0,2026-04-24
USDCHF,unemployment_rate,-1.0,0.0,2026-04-24
USDCHF,wage_growth,1.0,0.0,2026-04-24
USDCHF,adp,0.0,0.0,2026-04-24
USDCHF,jolts,0.0,0.0,2026-04-24
USDCHF,jobless_claims,0.0,0.0,2026-04-24
USDCHF,rate_expectations,-2.0,-1.25,2026-04-24
USDCAD,manufacturing_pmi,0.0,0.0,2026-04-24
USDCAD,services_pmi,1.0,0.0,2026-04-24
USDCAD,gdp_qoq,0.0,0.0,2026-04-24
USDCAD,retail_sales,2.0,0.5208333333333333,2026-04-24
USDCAD,cpi_yoy,0.0,0.052083333333333315,2026-04-24
USDCAD,core_cpi,-1.0,-0.15625,2026-04-24
USDCAD,core_pce,0.0,0.0,2026-04-24
USDCAD,ppi_yoy,-3.0,-0.5208333333333333,2026-04-24
USDCAD,employment_change,-2.0,0.0,2026-04-24
USDCAD,unemployment_rate,-1.0,0.0,2026-04-24
USDCAD,wage_growth,1.0,0.0,2026-04-24
USDCAD,adp,0.0,0.0,2026-04-24
USDCAD,jolts,0.0,0.0,2026-04-24
USDCAD,jobless_claims,0.0,0.0,2026-04-24
USDCAD,rate_expectations,-2.0,-1.25,2026-04-24
AUDUSD,manufacturing_pmi,0.0,0.0,2026-04-24
AUDUSD,services_pmi,-1.0,0.0,2026-04-24
AUDUSD,gdp_qoq,0.0,0.0,2026-04-24
AUDUSD,retail_sales,1.0,-0.3125,2026-04-24
AUDUSD,cpi_yoy,0.0,-0.15625,2026-04-24
AUDUSD,core_cpi,2.0,0.15625,2026-04-24
AUDUSD,core_pce,0.0,0.0,2026-04-24
AUDUSD,ppi_yoy,2.0,0.3125,2026-04-24
AUDUSD,employment_change,2.0,0.0,2026-04-24
AUDUSD,unemployment_rate,1.0,0.0,2026-04-24
AUDUSD,wage_growth,-1.0,0.0,2026-04-24
AUDUSD,adp,0.0,0.0,2026-04-24
AUDUSD,jolts,0.0,0.0,2026-04-24
AUDUSD,jobless_claims,0.0,0.0,2026-04-24
AUDUSD,rate_expectations,2.0,1.25,2026-04-24
NZDUSD,manufacturing_pmi,0.0,0.0,2026-04-24
NZDUSD,services_pmi,-1.0,0.0,2026-04-24
NZDUSD,gdp_qoq,0.0,0.0,2026-04-24
NZDUSD,retail_sales,0.0,-0.3125,2026-04-24
NZDUSD,cpi_yoy,2.0,0.5729166666666666,2026-04-24
NZDUSD,core_cpi,1.0,0.15625,2026-04-24
NZDUSD,core_pce,0.0,0.0,2026-04-24
NZDUSD,ppi_yoy,2.0,0.3125,2026-04-24
NZDUSD,employment_change,2.0,0.0,2026-04-24
NZDUSD,unemployment_rate,0.0,-0.2777777777777778,2026-04-24
NZDUSD,wage_growth,-2.0,-0.2777777777777778,2026-04-24
NZDUSD,adp,0.0,0.0,2026-04-24
NZDUSD,jolts,0.0,0.0,2026-04-24
NZDUSD,jobless_claims,0.0,0.0,2026-04-24
NZDUSD,rate_expectations,2.0,1.25,2026-04-24
EURGBP,manufacturing_pmi,2.0,0.3125,2026-04-24
EURGBP,services_pmi,0.0,0.0,2026-04-24
EURGBP,gdp_qoq,-1.0,-0.15625,2026-04-24
EURGBP,retail_sales,0.0,0.0,2026-04-24
EURGBP,cpi_yoy,-1.0,-0.20833333333333331,2026-04-24
EURGBP,core_cpi,-1.0,-0.20833333333333331,2026-04-24
EURGBP,core_pce,,0.0,2026-04-24
EURGBP,ppi_yoy,0.0,0.0,2026-04-24
EURGBP,employment_change,1.0,0.3125,2026-04-24
EURGBP,unemployment_rate,-3.0,-0.7291666666666666,2026-04-24
EURGBP,wage_growth,-1.0,-0.20833333333333331,2026-04-24
EURGBP,adp,,0.0,2026-04-24
EURGBP,jolts,,0.0,2026-04-24
EURGBP,jobless_claims,,0.0,2026-04-24
EURGBP,rate_expectations,0.0,0.0,2026-04-24
EURJPY,manufacturing_pmi,0.0,-0.052083333333333315,2026-04-24
EURJPY,services_pmi,-1.0,-0.15625,2026-04-24
EURJPY,gdp_qoq,3.0,0.5729166666666666,2026-04-24
EURJPY,retail_sales,1.0,0.20833333333333331,2026-04-24
EURJPY,cpi_yoy,-2.0,-0.5208333333333333,2026-04-24
EURJPY,core_cpi,-1.0,-0.20833333333333331,2026-04-24
EURJPY,core_pce,,0.0,2026-04-24
EURJPY,ppi_yoy,0.0,0.0,2026-04-24
EURJPY,employment_change,1.0,0.3125,2026-04-24
EURJPY,unemployment_rate,-2.0,-0.625,2026-04-24
EURJPY,wage_growth,0.0,0.0,2026-04-24
EURJPY,adp,,0.0,2026-04-24
EURJPY,jolts,,0.0,2026-04-24
EURJPY,jobless_claims,,0.0,2026-04-24
EURJPY,rate_expectations,0.0,0.0,2026-04-24
EURCHF,manufacturing_pmi,-1.0,-0.3993055555555556,2026-04-24
EURCHF,services_pmi,-1.0,-0.15625,2026-04-24
EURCHF,gdp_qoq,1.0,0.15625,2026-04-24
EURCHF,retail_sales,0.0,0.0,2026-04-24
EURCHF,cpi_yoy,1.0,0.625,2026-04-24
EURCHF,core_cpi,-1.0,-0.20833333333333331,2026-04-24
EURCHF,core_pce,,0.0,2026-04-24
EURCHF,ppi_yoy,1.0,0.41666666666666663,2026-04-24
EURCHF,employment_change,1.0,0.3125,2026-04-24
EURCHF,unemployment_rate,-1.0,-0.3125,2026-04-24
EURCHF,wage_growth,,0.0,2026-04-24
EURCHF,adp,,0.0,2026-04-24
EURCHF,jolts,,0.0,2026-04-24
EURCHF,jobless_claims,,0.0,2026-04-24
EURCHF,rate_expectations,0.0,0.0,2026-04-24
EURAUD,manufacturing_pmi,1.0,0.15625,2026-04-24
EURAUD,services_pmi,-1.0,-0.15625,2026-04-24
EURAUD,gdp_qoq,1.0,0.15625,2026-04-24
EURAUD,retail_sales,-2.0,0.0,2026-04-24
EURAUD,cpi_yoy,0.0,0.10416666666666669,2026-04-24
EURAUD,core_cpi,-2.0,-0.20833333333333331,2026-04-24
EURAUD,core_pce,,0.0,2026-04-24
EURAUD,ppi_yoy,0.0,0.0,2026-04-24
EURAUD,employment_change,1.0,0.3125,2026-04-24
EURAUD,unemployment_rate,-1.0,-0.3125,2026-04-24
EURAUD,wage_growth,0.0,0.0,2026-04-24
EURAUD,adp,,0.0,2026-04-24
EURAUD,jolts,,0.0,2026-04-24
EURAUD,jobless_claims,,0.0,2026-04-24
EURAUD,rate_expectations,0.0,0.0,2026-04-24
EURNZD,manufacturing_pmi,1.0,0.15625,2026-04-24
EURNZD,services_pmi,-1.0,-0.15625,2026-04-24
EURNZD,gdp_qoq,1.0,0.15625,2026-04-24
EURNZD,retail_sales,-1.0,0.0,2026-04-24
EURNZD,cpi_yoy,-2.0,-0.625,2026-04-24
EURNZD,core_cpi,-1.0,-0.20833333333333331,2026-04-24
EURNZD,core_pce,,0.0,2026-04-24
EURNZD,ppi_yoy,0.0,0.0,2026-04-24
EURNZD,employment_change,1.0,0.3125,2026-04-24
EURNZD,unemployment_rate,0.0,-0.03472222222222221,2026-04-24
EURNZD,wage_growth,1.0,0.2777777777777778,2026-04-24
EURNZD,adp,,0.0,2026-04-24
EURNZD,jolts,,0.0,2026-04-24
EURNZD,jobless_claims,,0.0,2026-04-24
EURNZD,rate_expectations,0.0,0.0,2026-04-24
EURCAD,manufacturing_pmi,1.0,0.15625,2026-04-24
EURCAD,services_pmi,-1.0,-0.15625,2026-04-24
EURCAD,gdp_qoq,1.0,0.15625,2026-04-24
EURCAD,retail_sales,1.0,0.20833333333333331,2026-04-24
EURCAD,cpi_yoy,0.0,0.0,2026-04-24
EURCAD,core_cpi,-1.0,-0.20833333333333331,2026-04-24
EURCAD,core_pce,,0.0,2026-04-24
EURCAD,ppi_yoy,-1.0,-0.20833333333333331,2026-04-24
EURCAD,employment_change,1.0,0.3125,2026-04-24
EURCAD,unemployment_rate,-1.0,-0.3125,2026-04-24
EURCAD,wage_growth,,0.0,2026-04-24
EURCAD,adp,,0.0,2026-04-24
EURCAD,jolts,,0.0,2026-04-24
EURCAD,jobless_claims,,0.0,2026-04-24
EURCAD,rate_expectations,0.0,0.0,2026-04-24
GBPJPY,manufacturing_pmi,-2.0,-0.3645833333333333,2026-04-24
GBPJPY,services_pmi,-1.0,-0.15625,2026-04-24
GBPJPY,gdp_qoq,4.0,0.7291666666666666,2026-04-24
GBPJPY,retail_sales,1.0,0.20833333333333331,2026-04-24
GBPJPY,cpi_yoy,-1.0,-0.3125,2026-04-24
GBPJPY,core_cpi,0.0,0.0,2026-04-24
GBPJPY,core_pce,,0.0,2026-04-24
GBPJPY,ppi_yoy,0.0,0.0,2026-04-24
GBPJPY,employment_change,0.0,0.0,2026-04-24
GBPJPY,unemployment_rate,1.0,0.10416666666666663,2026-04-24
GBPJPY,wage_growth,1.0,0.20833333333333331,2026-04-24
GBPJPY,adp,,0.0,2026-04-24
GBPJPY,jolts,,0.0,2026-04-24
GBPJPY,jobless_claims,,0.0,2026-04-24
GBPJPY,rate_expectations,0.0,0.0,2026-04-24
GBPCHF,manufacturing_pmi,-3.0,-0.7118055555555556,2026-04-24
GBPCHF,services_pmi,-1.0,-0.15625,2026-04-24
GBPCHF,gdp_qoq,2.0,0.3125,2026-04-24
GBPCHF,retail_sales,0.0,0.0,2026-04-24
GBPCHF,cpi_yoy,2.0,0.8333333333333333,2026-04-24
GBPCHF,core_cpi,0.0,0.0,2026-04-24
GBPCHF,core_pce,,0.0,2026-04-24
GBPCHF,ppi_yoy,1.0,0.41666666666666663,2026-04-24
GBPCHF,employment_change,0.0,0.0,2026-04-24
GBPCHF,unemployment_rate,2.0,0.41666666666666663,2026-04-24
GBPCHF,wage_growth,1.0,0.20833333333333331,2026-04-24
GBPCHF,adp,,0.0,2026-04-24
GBPCHF,jolts,,0.0,2026-04-24
GBPCHF,jobless_claims,,0.0,2026-04-24
GBPCHF,rate_expectations,0.0,0.0,2026-04-24
GBPAUD,manufacturing_pmi,-1.0,-0.15625,2026-04-24
GBPAUD,services_pmi,-1.0,-0.15625,2026-04-24
GBPAUD,gdp_qoq,2.0,0.3125,2026-04-24
GBPAUD,retail_sales,-2.0,0.0,2026-04-24
GBPAUD,cpi_yoy,1.0,0.3125,2026-04-24
GBPAUD,core_cpi,-1.0,0.0,2026-04-24
GBPAUD,core_pce,,0.0,2026-04-24
GBPAUD,ppi_yoy,0.0,0.0,2026-04-24
GBPAUD,employment_change,0.0,0.0,2026-04-24
GBPAUD,unemployment_rate,2.0,0.41666666666666663,2026-04-24
GBPAUD,wage_growth,1.0,0.20833333333333331,2026-04-24
GBPAUD,adp,,0.0,2026-04-24
GBPAUD,jolts,,0.0,2026-04-24
GBPAUD,jobless_claims,,0.0,2026-04-24
GBPAUD,rate_expectations,0.0,0.0,2026-04-24
GBPNZD,manufacturing_pmi,-1.0,-0.15625,2026-04-24
GBPNZD,services_pmi,-1.0,-0.15625,2026-04-24
GBPNZD,gdp_qoq,2.0,0.3125,2026-04-24
GBPNZD,retail_sales,-1.0,0.0,2026-04-24
GBPNZD,cpi_yoy,-1.0,-0.41666666666666663,2026-04-24
GBPNZD,core_cpi,0.0,0.0,2026-04-24
GBPNZD,core_pce,,0.0,2026-04-24
GBPNZD,ppi_yoy,0.0,0.0,2026-04-24
GBPNZD,employment_change,0.0,0.0,2026-04-24
GBPNZD,unemployment_rate,3.0,0.6944444444444444,2026-04-24
GBPNZD,wage_growth,2.0,0.4861111111111111,2026-04-24
GBPNZD,adp,,0.0,2026-04-24
GBPNZD,jolts,,0.0,2026-04-24
GBPNZD,jobless_claims,,0.0,2026-04-24
GBPNZD,rate_expectations,0.0,0.0,2026-04-24
GBPCAD,manufacturing_pmi,-1.0,-0.15625,2026-04-24
GBPCAD,services_pmi,-1.0,-0.15625,2026-04-24
GBPCAD,gdp_qoq,2.0,0.3125,2026-04-24
GBPCAD,retail_sales,1.0,0.20833333333333331,2026-04-24
GBPCAD,cpi_yoy,1.0,0.20833333333333331,2026-04-24
GBPCAD,core_cpi,0.0,0.0,2026-04-24
GBPCAD,core_pce,,0.0,2026-04-24
GBPCAD,ppi_yoy,-1.0,-0.20833333333333331,2026-04-24
GBPCAD,employment_change,0.0,0.0,2026-04-24
GBPCAD,unemployment_rate,2.0,0.41666666666666663,2026-04-24
GBPCAD,wage_growth,1.0,0.20833333333333331,2026-04-24
GBPCAD,adp,,0.0,2026-04-24
GBPCAD,jolts,,0.0,2026-04-24
GBPCAD,jobless_claims,,0.0,2026-04-24
GBPCAD,rate_expectations,0.0,0.0,2026-04-24
AUDJPY,manufacturing_pmi,-1.0,-0.20833333333333331,2026-04-24
AUDJPY,services_pmi,0.0,0.0,2026-04-24
AUDJPY,gdp_qoq,2.0,0.41666666666666663,2026-04-24
AUDJPY,retail_sales,3.0,0.20833333333333331,2026-04-24
AUDJPY,cpi_yoy,-2.0,-0.625,2026-04-24
AUDJPY,core_cpi,1.0,0.0,2026-04-24
AUDJPY,core_pce,,0.0,2026-04-24
AUDJPY,ppi_yoy,0.0,0.0,2026-04-24
AUDJPY,employment_change,0.0,0.0,2026-04-24
AUDJPY,unemployment_rate,-1.0,-0.3125,2026-04-24
AUDJPY,wage_growth,0.0,0.0,2026-04-24
AUDJPY,adp,,0.0,2026-04-24
AUDJPY,jolts,,0.0,2026-04-24
AUDJPY,jobless_claims,,0.0,2026-04-24
AUDJPY,rate_expectations,0.0,0.0,2026-04-24
NZDJPY,manufacturing_pmi,-1.0,-0.20833333333333331,2026-04-24
NZDJPY,services_pmi,0.0,0.0,2026-04-24
NZDJPY,gdp_qoq,2.0,0.41666666666666663,2026-04-24
NZDJPY,retail_sales,2.0,0.20833333333333331,2026-04-24
NZDJPY,cpi_yoy,0.0,0.10416666666666663,2026-04-24
NZDJPY,core_cpi,0.0,0.0,2026-04-24
NZDJPY,core_pce,,0.0,2026-04-24
NZDJPY,ppi_yoy,0.0,0.0,2026-04-24
NZDJPY,employment_change,0.0,0.0,2026-04-24
NZDJPY,unemployment_rate,-2.0,-0.5902777777777778,2026-04-24
NZDJPY,wage_growth,-1.0,-0.2777777777777778,2026-04-24
NZDJPY,adp,,0.0,2026-04-24
NZDJPY,jolts,,0.0,2026-04-24
NZDJPY,jobless_claims,,0.0,2026-04-24
NZDJPY,rate_expectations,0.0,0.0,2026-04-24
CADJPY,manufacturing_pmi,-1.0,-0.20833333333333331,2026-04-24
CADJPY,services_pmi,,0.0,2026-04-24
CADJPY,gdp_qoq,2.0,0.41666666666666663,2026-04-24
CADJPY,retail_sales,0.0,0.0,2026-04-24
CADJPY,cpi_yoy,-2.0,-0.5208333333333333,2026-04-24
CADJPY,core_cpi,0.0,0.0,2026-04-24
CADJPY,core_pce,,0.0,2026-04-24
CADJPY,ppi_yoy,1.0,0.20833333333333331,2026-04-24
CADJPY,employment_change,0.0,0.0,2026-04-24
CADJPY,unemployment_rate,-1.0,-0.3125,2026-04-24
CADJPY,wage_growth,0.0,0.0,2026-04-24
CADJPY,adp,,0.0,2026-04-24
CADJPY,jolts,,0.0,2026-04-24
CADJPY,jobless_claims,,0.0,2026-04-24
CADJPY,rate_expectations,0.0,0.0,2026-04-24
CHFJPY,manufacturing_pmi,1.0,0.34722222222222227,2026-04-24
CHFJPY,services_pmi,,0.0,2026-04-24
CHFJPY,gdp_qoq,2.0,0.41666666666666663,2026-04-24
CHFJPY,retail_sales,1.0,0.20833333333333331,2026-04-24
CHFJPY,cpi_yoy,-3.0,-1.1458333333333333,2026-04-24
CHFJPY,core_cpi,0.0,0.0,2026-04-24
CHFJPY,core_pce,,0.0,2026-04-24
CHFJPY,ppi_yoy,-1.0,-0.41666666666666663,2026-04-24
CHFJPY,employment_change,,0.0,2026-04-24
CHFJPY,unemployment_rate,-1.0,-0.3125,2026-04-24
CHFJPY,wage_growth,0.0,0.0,2026-04-24
CHFJPY,adp,,0.0,2026-04-24
CHFJPY,jolts,,0.0,2026-04-24
CHFJPY,jobless_claims,,0.0,2026-04-24
CHFJPY,rate_expectations,0.0,0.0,2026-04-24
AUDNZD,manufacturing_pmi,0.0,0.0,2026-04-24
AUDNZD,services_pmi,0.0,0.0,2026-04-24
AUDNZD,gdp_qoq,0.0,0.0,2026-04-24
AUDNZD,retail_sales,1.0,0.0,2026-04-24
AUDNZD,cpi_yoy,-2.0,-0.7291666666666666,2026-04-24
AUDNZD,core_cpi,1.0,0.0,2026-04-24
AUDNZD,core_pce,,0.0,2026-04-24
AUDNZD,ppi_yoy,0.0,0.0,2026-04-24
AUDNZD,employment_change,0.0,0.0,2026-04-24
AUDNZD,unemployment_rate,1.0,0.2777777777777778,2026-04-24
AUDNZD,wage_growth,1.0,0.2777777777777778,2026-04-24
AUDNZD,adp,,0.0,2026-04-24
AUDNZD,jolts,,0.0,2026-04-24
AUDNZD,jobless_claims,,0.0,2026-04-24
AUDNZD,rate_expectations,0.0,0.0,2026-04-24
AUDCAD,manufacturing_pmi,0.0,0.0,2026-04-24
AUDCAD,services_pmi,0.0,0.0,2026-04-24
AUDCAD,gdp_qoq,0.0,0.0,2026-04-24
AUDCAD,retail_sales,3.0,0.20833333333333331,2026-04-24
AUDCAD,cpi_yoy,0.0,-0.10416666666666669,2026-04-24
AUDCAD,core_cpi,1.0,0.0,2026-04-24
AUDCAD,core_pce,,0.0,2026-04-24
AUDCAD,ppi_yoy,-1.0,-0.20833333333333331,2026-04-24
AUDCAD,employment_change,0.0,0.0,2026-04-24
AUDCAD,unemployment_rate,0.0,0.0,2026-04-24
AUDCAD,wage_growth,0.0,0.0,2026-04-24
AUDCAD,adp,,0.0,2026-04-24
AUDCAD,jolts,,0.0,2026-04-24
AUDCAD,jobless_claims,,0.0,2026-04-24
AUDCAD,rate_expectations,0.0,0.0,2026-04-24
AUDCHF,manufacturing_pmi,-2.0,-0.5555555555555556,2026-04-24
AUDCHF,services_pmi,0.0,0.0,2026-04-24
AUDCHF,gdp_qoq,0.0,0.0,2026-04-24
AUDCHF,retail_sales,2.0,0.0,2026-04-24
AUDCHF,cpi_yoy,1.0,0.5208333333333333,2026-04-24
AUDCHF,core_cpi,1.0,0.0,2026-04-24
AUDCHF,core_pce,,0.0,2026-04-24
AUDCHF,ppi_yoy,1.0,0.41666666666666663,2026-04-24
AUDCHF,employment_change,0.0,0.0,2026-04-24
AUDCHF,unemployment_rate,0.0,0.0,2026-04-24
AUDCHF,wage_growth,0.0,0.0,2026-04-24
AUDCHF,adp,,0.0,2026-04-24
AUDCHF,jolts,,0.0,2026-04-24
AUDCHF,jobless_claims,,0.0,2026-04-24
AUDCHF,rate_expectations,0.0,0.0,2026-04-24
NZDCAD,manufacturing_pmi,0.0,0.0,2026-04-24
NZDCAD,services_pmi,0.0,0.0,2026-04-24
NZDCAD,gdp_qoq,0.0,0.0,2026-04-24
NZDCAD,retail_sales,2.0,0.20833333333333331,2026-04-24
NZDCAD,cpi_yoy,2.0,0.625,2026-04-24
NZDCAD,core_cpi,0.0,0.0,2026-04-24
NZDCAD,core_pce,,0.0,2026-04-24
NZDCAD,ppi_yoy,-1.0,-0.20833333333333331,2026-04-24
NZDCAD,employment_change,0.0,0.0,2026-04-24
NZDCAD,unemployment_rate,-1.0,-0.2777777777777778,2026-04-24
NZDCAD,wage_growth,-1.0,-0.2777777777777778,2026-04-24
NZDCAD,adp,,0.0,2026-04-24
NZDCAD,jolts,,0.0,2026-04-24
NZDCAD,jobless_claims,,0.0,2026-04-24
NZDCAD,rate_expectations,0.0,0.0,2026-04-24
NZDCHF,manufacturing_pmi,-2.0,-0.5555555555555556,2026-04-24
NZDCHF,services_pmi,0.0,0.0,2026-04-24
NZDCHF,gdp_qoq,0.0,0.0,2026-04-24
NZDCHF,retail_sales,1.0,0.0,2026-04-24
NZDCHF,cpi_yoy,3.0,1.25,2026-04-24
NZDCHF,core_cpi,,0.0,2026-04-24
NZDCHF,core_pce,,0.0,2026-04-24
NZDCHF,ppi_yoy,1.0,0.41666666666666663,2026-04-24
NZDCHF,employment_change,0.0,0.0,2026-04-24
NZDCHF,unemployment_rate,-1.0,-0.2777777777777778,2026-04-24
NZDCHF,wage_growth,-1.0,-0.2777777777777778,2026-04-24
NZDCHF,adp,,0.0,2026-04-24
NZDCHF,jolts,,0.0,2026-04-24
NZDCHF,jobless_claims,,0.0,2026-04-24
NZDCHF,rate_expectations,,0.0,2026-04-24
CADCHF,manufacturing_pmi,-2.0,-0.5555555555555556,2026-04-24
CADCHF,services_pmi,,0.0,2026-04-24
CADCHF,gdp_qoq,0.0,0.0,2026-04-24
CADCHF,retail_sales,-1.0,-0.20833333333333331,2026-04-24
CADCHF,cpi_yoy,1.0,0.625,2026-04-24
CADCHF,core_cpi,0.0,0.0,2026-04-24
CADCHF,core_pce,,0.0,2026-04-24
CADCHF,ppi_yoy,2.0,0.625,2026-04-24
CADCHF,employment_change,0.0,0.0,2026-04-24
CADCHF,unemployment_rate,0.0,0.0,2026-04-24
CADCHF,wage_growth,,0.0,2026-04-24
CADCHF,adp,,0.0,2026-04-24
CADCHF,jolts,,0.0,2026-04-24
CADCHF,jobless_claims,,0.0,2026-04-24
CADCHF,rate_expectations,0.0,0.0,2026-04-24
EURUSD,manufacturing_pmi,1.0,0.15625,2026-05-01
EURUSD,services_pmi,-2.0,-0.15625,2026-05-01
EURUSD,gdp_qoq,-1.0,-0.15625,2026-05-01
EURUSD,retail_sales,-1.0,-0.20833333333333331,2026-05-01
EURUSD,cpi_yoy,1.0,0.15625,2026-05-01
EURUSD,core_cpi,1.0,0.15625,2026-05-01
EURUSD,core_pce,0.0,0.0,2026-05-01
EURUSD,ppi_yoy,2.0,0.3125,2026-05-01
EURUSD,employment_change,3.0,0.3125,2026-05-01
EURUSD,unemployment_rate,1.0,0.0,2026-05-01
EURUSD,wage_growth,-1.0,0.0,2026-05-01
EURUSD,adp,0.0,0.0,2026-05-01
EURUSD,jolts,0.0,0.0,2026-05-01
EURUSD,jobless_claims,-2.0,-0.41666666666666663,2026-05-01
EURUSD,rate_expectations,-1.0,-0.625,2026-05-01
GBPUSD,manufacturing_pmi,-1.0,-0.15625,2026-05-01
GBPUSD,services_pmi,-2.0,-0.15625,2026-05-01
GBPUSD,gdp_qoq,2.0,0.3125,2026-05-01
GBPUSD,retail_sales,-1.0,-0.20833333333333331,2026-05-01
GBPUSD,cpi_yoy,1.0,0.15625,2026-05-01
GBPUSD,core_cpi,1.0,0.15625,2026-05-01
GBPUSD,core_pce,0.0,0.0,2026-05-01
GBPUSD,ppi_yoy,2.0,0.3125,2026-05-01
GBPUSD,employment_change,2.0,0.0,2026-05-01
GBPUSD,unemployment_rate,3.0,0.41666666666666663,2026-05-01
GBPUSD,wage_growth,0.0,0.20833333333333331,2026-05-01
GBPUSD,adp,0.0,0.0,2026-05-01
GBPUSD,jolts,0.0,0.0,2026-05-01
GBPUSD,jobless_claims,-2.0,-0.41666666666666663,2026-05-01
GBPUSD,rate_expectations,-1.0,-0.625,2026-05-01
USDJPY,manufacturing_pmi,-1.0,-0.20833333333333331,2026-05-01
USDJPY,services_pmi,1.0,0.0,2026-05-01
USDJPY,gdp_qoq,2.0,0.41666666666666663,2026-05-01
USDJPY,retail_sales,2.0,0.41666666666666663,2026-05-01
USDJPY,cpi_yoy,-2.0,-0.46875,2026-05-01
USDJPY,core_cpi,0.0,0.15625,2026-05-01
USDJPY,core_pce,0.0,0.0,2026-05-01
USDJPY,ppi_yoy,-2.0,-0.3125,2026-05-01
USDJPY,employment_change,-2.0,0.0,2026-05-01
USDJPY,unemployment_rate,0.0,0.3125,2026-05-01
USDJPY,wage_growth,1.0,0.0,2026-05-01
USDJPY,adp,0.0,0.0,2026-05-01
USDJPY,jolts,0.0,0.0,2026-05-01
USDJPY,jobless_claims,2.0,0.41666666666666663,2026-05-01
USDJPY,rate_expectations,1.0,0.625,2026-05-01
USDCHF,manufacturing_pmi,-2.0,-0.5555555555555556,2026-05-01
USDCHF,services_pmi,1.0,0.0,2026-05-01
USDCHF,gdp_qoq,0.0,0.0,2026-05-01
USDCHF,retail_sales,1.0,0.20833333333333331,2026-05-01
USDCHF,cpi_yoy,1.0,0.6770833333333333,2026-05-01
USDCHF,core_cpi,-1.0,-0.15625,2026-05-01
USDCHF,core_pce,0.0,0.0,2026-05-01
USDCHF,ppi_yoy,-1.0,0.10416666666666663,2026-05-01
USDCHF,employment_change,-2.0,0.0,2026-05-01
USDCHF,unemployment_rate,-1.0,0.0,2026-05-01
USDCHF,wage_growth,1.0,0.0,2026-05-01
USDCHF,adp,0.0,0.0,2026-05-01
USDCHF,jolts,0.0,0.0,2026-05-01
USDCHF,jobless_claims,2.0,0.41666666666666663,2026-05-01
USDCHF,rate_expectations,1.0,0.625,2026-05-01
USDCAD,manufacturing_pmi,0.0,0.0,2026-05-01
USDCAD,services_pmi,1.0,0.0,2026-05-01
USDCAD,gdp_qoq,0.0,0.0,2026-05-01
USDCAD,retail_sales,2.0,0.41666666666666663,2026-05-01
USDCAD,cpi_yoy,0.0,0.052083333333333315,2026-05-01
USDCAD,core_cpi,-1.0,-0.15625,2026-05-01
USDCAD,core_pce,0.0,0.0,2026-05-01
USDCAD,ppi_yoy,-3.0,-0.5208333333333333,2026-05-01
USDCAD,employment_change,-2.0,0.0,2026-05-01
USDCAD,unemployment_rate,-1.0,0.0,2026-05-01
USDCAD,wage_growth,1.0,0.0,2026-05-01
USDCAD,adp,0.0,0.0,2026-05-01
USDCAD,jolts,0.0,0.0,2026-05-01
USDCAD,jobless_claims,2.0,0.41666666666666663,2026-05-01
USDCAD,rate_expectations,0.0,0.0,2026-05-01
AUDUSD,manufacturing_pmi,0.0,0.0,2026-05-01
AUDUSD,services_pmi,-1.0,0.0,2026-05-01
AUDUSD,gdp_qoq,0.0,0.0,2026-05-01
AUDUSD,retail_sales,1.0,-0.20833333333333331,2026-05-01
AUDUSD,cpi_yoy,0.0,-0.15625,2026-05-01
AUDUSD,core_cpi,2.0,0.15625,2026-05-01
AUDUSD,core_pce,0.0,0.0,2026-05-01
AUDUSD,ppi_yoy,2.0,0.3125,2026-05-01
AUDUSD,employment_change,2.0,0.0,2026-05-01
AUDUSD,unemployment_rate,1.0,0.0,2026-05-01
AUDUSD,wage_growth,-1.0,0.0,2026-05-01
AUDUSD,adp,0.0,0.0,2026-05-01
AUDUSD,jolts,0.0,0.0,2026-05-01
AUDUSD,jobless_claims,-2.0,-0.41666666666666663,2026-05-01
AUDUSD,rate_expectations,-1.0,-0.625,2026-05-01
NZDUSD,manufacturing_pmi,0.0,0.0,2026-05-01
NZDUSD,services_pmi,-1.0,0.0,2026-05-01
NZDUSD,gdp_qoq,0.0,0.0,2026-05-01
NZDUSD,retail_sales,0.0,-0.20833333333333331,2026-05-01
NZDUSD,cpi_yoy,2.0,0.5729166666666666,2026-05-01
NZDUSD,core_cpi,1.0,0.15625,2026-05-01
NZDUSD,core_pce,0.0,0.0,2026-05-01
NZDUSD,ppi_yoy,2.0,0.3125,2026-05-01
NZDUSD,employment_change,2.0,0.0,2026-05-01
NZDUSD,unemployment_rate,0.0,-0.2777777777777778,2026-05-01
NZDUSD,wage_growth,-2.0,-0.2777777777777778,2026-05-01
NZDUSD,adp,0.0,0.0,2026-05-01
NZDUSD,jolts,0.0,0.0,2026-05-01
NZDUSD,jobless_claims,-2.0,-0.41666666666666663,2026-05-01
NZDUSD,rate_expectations,-1.0,-0.625,2026-05-01
EURGBP,manufacturing_pmi,2.0,0.3125,2026-05-01
EURGBP,services_pmi,0.0,0.0,2026-05-01
EURGBP,gdp_qoq,-3.0,-0.46875,2026-05-01
EURGBP,retail_sales,0.0,0.0,2026-05-01
EURGBP,cpi_yoy,0.0,0.0,2026-05-01
EURGBP,core_cpi,0.0,0.0,2026-05-01
EURGBP,core_pce,,0.0,2026-05-01
EURGBP,ppi_yoy,0.0,0.0,2026-05-01
EURGBP,employment_change,1.0,0.3125,2026-05-01
EURGBP,unemployment_rate,-2.0,-0.41666666666666663,2026-05-01
EURGBP,wage_growth,-1.0,-0.20833333333333331,2026-05-01
EURGBP,adp,,0.0,2026-05-01
EURGBP,jolts,,0.0,2026-05-01
EURGBP,jobless_claims,,0.0,2026-05-01
EURGBP,rate_expectations,0.0,0.0,2026-05-01
EURJPY,manufacturing_pmi,0.0,-0.052083333333333315,2026-05-01
EURJPY,services_pmi,-1.0,-0.15625,2026-05-01
EURJPY,gdp_qoq,1.0,0.26041666666666663,2026-05-01
EURJPY,retail_sales,1.0,0.20833333333333331,2026-05-01
EURJPY,cpi_yoy,-1.0,-0.3125,2026-05-01
EURJPY,core_cpi,1.0,0.3125,2026-05-01
EURJPY,core_pce,,0.0,2026-05-01
EURJPY,ppi_yoy,0.0,0.0,2026-05-01
EURJPY,employment_change,1.0,0.3125,2026-05-01
EURJPY,unemployment_rate,1.0,0.3125,2026-05-01
EURJPY,wage_growth,0.0,0.0,2026-05-01
EURJPY,adp,,0.0,2026-05-01
EURJPY,jolts,,0.0,2026-05-01
EURJPY,jobless_claims,,0.0,2026-05-01
EURJPY,rate_expectations,0.0,0.0,2026-05-01
EURCHF,manufacturing_pmi,-1.0,-0.3993055555555556,2026-05-01
EURCHF,services_pmi,-1.0,-0.15625,2026-05-01
EURCHF,gdp_qoq,-1.0,-0.15625,2026-05-01
EURCHF,retail_sales,0.0,0.0,2026-05-01
EURCHF,cpi_yoy,2.0,0.8333333333333333,2026-05-01
EURCHF,core_cpi,0.0,0.0,2026-05-01
EURCHF,core_pce,,0.0,2026-05-01
EURCHF,ppi_yoy,1.0,0.41666666666666663,2026-05-01
EURCHF,employment_change,1.0,0.3125,2026-05-01
EURCHF,unemployment_rate,0.0,0.0,2026-05-01
EURCHF,wage_growth,,0.0,2026-05-01
EURCHF,adp,,0.0,2026-05-01
EURCHF,jolts,,0.0,2026-05-01
EURCHF,jobless_claims,,0.0,2026-05-01
EURCHF,rate_expectations,0.0,0.0,2026-05-01
EURAUD,manufacturing_pmi,1.0,0.15625,2026-05-01
EURAUD,services_pmi,-1.0,-0.15625,2026-05-01
EURAUD,gdp_qoq,-1.0,-0.15625,2026-05-01
EURAUD,retail_sales,-2.0,0.0,2026-05-01
EURAUD,cpi_yoy,1.0,0.3125,2026-05-01
EURAUD,core_cpi,-1.0,0.0,2026-05-01
EURAUD,core_pce,,0.0,2026-05-01
EURAUD,ppi_yoy,0.0,0.0,2026-05-01
EURAUD,employment_change,1.0,0.3125,2026-05-01
EURAUD,unemployment_rate,0.0,0.0,2026-05-01
EURAUD,wage_growth,0.0,0.0,2026-05-01
EURAUD,adp,,0.0,2026-05-01
EURAUD,jolts,,0.0,2026-05-01
EURAUD,jobless_claims,,0.0,2026-05-01
EURAUD,rate_expectations,0.0,0.0,2026-05-01
EURNZD,manufacturing_pmi,1.0,0.15625,2026-05-01
EURNZD,services_pmi,-1.0,-0.15625,2026-05-01
EURNZD,gdp_qoq,-1.0,-0.15625,2026-05-01
EURNZD,retail_sales,-1.0,0.0,2026-05-01
EURNZD,cpi_yoy,-1.0,-0.41666666666666663,2026-05-01
EURNZD,core_cpi,0.0,0.0,2026-05-01
EURNZD,core_pce,,0.0,2026-05-01
EURNZD,ppi_yoy,0.0,0.0,2026-05-01
EURNZD,employment_change,1.0,0.3125,2026-05-01
EURNZD,unemployment_rate,1.0,0.2777777777777778,2026-05-01
EURNZD,wage_growth,1.0,0.2777777777777778,2026-05-01
EURNZD,adp,,0.0,2026-05-01
EURNZD,jolts,,0.0,2026-05-01
EURNZD,jobless_claims,,0.0,2026-05-01
EURNZD,rate_expectations,0.0,0.0,2026-05-01
EURCAD,manufacturing_pmi,1.0,0.15625,2026-05-01
EURCAD,services_pmi,-1.0,-0.15625,2026-05-01
EURCAD,gdp_qoq,-1.0,-0.15625,2026-05-01
EURCAD,retail_sales,1.0,0.20833333333333331,2026-05-01
EURCAD,cpi_yoy,1.0,0.20833333333333331,2026-05-01
EURCAD,core_cpi,0.0,0.0,2026-05-01
EURCAD,core_pce,,0.0,2026-05-01
EURCAD,ppi_yoy,-1.0,-0.20833333333333331,2026-05-01
EURCAD,employment_change,1.0,0.3125,2026-05-01
EURCAD,unemployment_rate,0.0,0.0,2026-05-01
EURCAD,wage_growth,,0.0,2026-05-01
EURCAD,adp,,0.0,2026-05-01
EURCAD,jolts,,0.0,2026-05-01
EURCAD,jobless_claims,,0.0,2026-05-01
EURCAD,rate_expectations,-1.0,-0.625,2026-05-01
GBPJPY,manufacturing_pmi,-2.0,-0.3645833333333333,2026-05-01
GBPJPY,services_pmi,-1.0,-0.15625,2026-05-01
GBPJPY,gdp_qoq,4.0,0.7291666666666666,2026-05-01
GBPJPY,retail_sales,1.0,0.20833333333333331,2026-05-01
GBPJPY,cpi_yoy,-1.0,-0.3125,2026-05-01
GBPJPY,core_cpi,1.0,0.3125,2026-05-01
GBPJPY,core_pce,,0.0,2026-05-01
GBPJPY,ppi_yoy,0.0,0.0,2026-05-01
GBPJPY,employment_change,0.0,0.0,2026-05-01
GBPJPY,unemployment_rate,3.0,0.7291666666666666,2026-05-01
GBPJPY,wage_growth,1.0,0.20833333333333331,2026-05-01
GBPJPY,adp,,0.0,2026-05-01
GBPJPY,jolts,,0.0,2026-05-01
GBPJPY,jobless_claims,,0.0,2026-05-01
GBPJPY,rate_expectations,0.0,0.0,2026-05-01
GBPCHF,manufacturing_pmi,-3.0,-0.7118055555555556,2026-05-01
GBPCHF,services_pmi,-1.0,-0.15625,2026-05-01
GBPCHF,gdp_qoq,2.0,0.3125,2026-05-01
GBPCHF,retail_sales,0.0,0.0,2026-05-01
GBPCHF,cpi_yoy,2.0,0.8333333333333333,2026-05-01
GBPCHF,core_cpi,0.0,0.0,2026-05-01
GBPCHF,core_pce,,0.0,2026-05-01
GBPCHF,ppi_yoy,1.0,0.41666666666666663,2026-05-01
GBPCHF,employment_change,0.0,0.0,2026-05-01
GBPCHF,unemployment_rate,2.0,0.41666666666666663,2026-05-01
GBPCHF,wage_growth,1.0,0.20833333333333331,2026-05-01
GBPCHF,adp,,0.0,2026-05-01
GBPCHF,jolts,,0.0,2026-05-01
GBPCHF,jobless_claims,,0.0,2026-05-01
GBPCHF,rate_expectations,0.0,0.0,2026-05-01
GBPAUD,manufacturing_pmi,-1.0,-0.15625,2026-05-01
GBPAUD,services_pmi,-1.0,-0.15625,2026-05-01
GBPAUD,gdp_qoq,2.0,0.3125,2026-05-01
GBPAUD,retail_sales,-2.0,0.0,2026-05-01
GBPAUD,cpi_yoy,1.0,0.3125,2026-05-01
GBPAUD,core_cpi,-1.0,0.0,2026-05-01
GBPAUD,core_pce,,0.0,2026-05-01
GBPAUD,ppi_yoy,0.0,0.0,2026-05-01
GBPAUD,employment_change,0.0,0.0,2026-05-01
GBPAUD,unemployment_rate,2.0,0.41666666666666663,2026-05-01
GBPAUD,wage_growth,1.0,0.20833333333333331,2026-05-01
GBPAUD,adp,,0.0,2026-05-01
GBPAUD,jolts,,0.0,2026-05-01
GBPAUD,jobless_claims,,0.0,2026-05-01
GBPAUD,rate_expectations,0.0,0.0,2026-05-01
GBPNZD,manufacturing_pmi,-1.0,-0.15625,2026-05-01
GBPNZD,services_pmi,-1.0,-0.15625,2026-05-01
GBPNZD,gdp_qoq,2.0,0.3125,2026-05-01
GBPNZD,retail_sales,-1.0,0.0,2026-05-01
GBPNZD,cpi_yoy,-1.0,-0.41666666666666663,2026-05-01
GBPNZD,core_cpi,0.0,0.0,2026-05-01
GBPNZD,core_pce,,0.0,2026-05-01
GBPNZD,ppi_yoy,0.0,0.0,2026-05-01
GBPNZD,employment_change,0.0,0.0,2026-05-01
GBPNZD,unemployment_rate,3.0,0.6944444444444444,2026-05-01
GBPNZD,wage_growth,2.0,0.4861111111111111,2026-05-01
GBPNZD,adp,,0.0,2026-05-01
GBPNZD,jolts,,0.0,2026-05-01
GBPNZD,jobless_claims,,0.0,2026-05-01
GBPNZD,rate_expectations,0.0,0.0,2026-05-01
GBPCAD,manufacturing_pmi,-1.0,-0.15625,2026-05-01
GBPCAD,services_pmi,-1.0,-0.15625,2026-05-01
GBPCAD,gdp_qoq,2.0,0.3125,2026-05-01
GBPCAD,retail_sales,1.0,0.20833333333333331,2026-05-01
GBPCAD,cpi_yoy,1.0,0.20833333333333331,2026-05-01
GBPCAD,core_cpi,0.0,0.0,2026-05-01
GBPCAD,core_pce,,0.0,2026-05-01
GBPCAD,ppi_yoy,-1.0,-0.20833333333333331,2026-05-01
GBPCAD,employment_change,0.0,0.0,2026-05-01
GBPCAD,unemployment_rate,2.0,0.41666666666666663,2026-05-01
GBPCAD,wage_growth,1.0,0.20833333333333331,2026-05-01
GBPCAD,adp,,0.0,2026-05-01
GBPCAD,jolts,,0.0,2026-05-01
GBPCAD,jobless_claims,,0.0,2026-05-01
GBPCAD,rate_expectations,-1.0,-0.625,2026-05-01
AUDJPY,manufacturing_pmi,-1.0,-0.20833333333333331,2026-05-01
AUDJPY,services_pmi,0.0,0.0,2026-05-01
AUDJPY,gdp_qoq,2.0,0.41666666666666663,2026-05-01
AUDJPY,retail_sales,3.0,0.20833333333333331,2026-05-01
AUDJPY,cpi_yoy,-2.0,-0.625,2026-05-01
AUDJPY,core_cpi,2.0,0.3125,2026-05-01
AUDJPY,core_pce,,0.0,2026-05-01
AUDJPY,ppi_yoy,0.0,0.0,2026-05-01
AUDJPY,employment_change,0.0,0.0,2026-05-01
AUDJPY,unemployment_rate,1.0,0.3125,2026-05-01
AUDJPY,wage_growth,0.0,0.0,2026-05-01
AUDJPY,adp,,0.0,2026-05-01
AUDJPY,jolts,,0.0,2026-05-01
AUDJPY,jobless_claims,,0.0,2026-05-01
AUDJPY,rate_expectations,0.0,0.0,2026-05-01
NZDJPY,manufacturing_pmi,-1.0,-0.20833333333333331,2026-05-01
NZDJPY,services_pmi,0.0,0.0,2026-05-01
NZDJPY,gdp_qoq,2.0,0.41666666666666663,2026-05-01
NZDJPY,retail_sales,2.0,0.20833333333333331,2026-05-01
NZDJPY,cpi_yoy,0.0,0.10416666666666663,2026-05-01
NZDJPY,core_cpi,1.0,0.3125,2026-05-01
NZDJPY,core_pce,,0.0,2026-05-01
NZDJPY,ppi_yoy,0.0,0.0,2026-05-01
NZDJPY,employment_change,0.0,0.0,2026-05-01
NZDJPY,unemployment_rate,0.0,0.03472222222222221,2026-05-01
NZDJPY,wage_growth,-1.0,-0.2777777777777778,2026-05-01
NZDJPY,adp,,0.0,2026-05-01
NZDJPY,jolts,,0.0,2026-05-01
NZDJPY,jobless_claims,,0.0,2026-05-01
NZDJPY,rate_expectations,0.0,0.0,2026-05-01
CADJPY,manufacturing_pmi,-1.0,-0.20833333333333331,2026-05-01
CADJPY,services_pmi,,0.0,2026-05-01
CADJPY,gdp_qoq,2.0,0.41666666666666663,2026-05-01
CADJPY,retail_sales,0.0,0.0,2026-05-01
CADJPY,cpi_yoy,-2.0,-0.5208333333333333,2026-05-01
CADJPY,core_cpi,1.0,0.3125,2026-05-01
CADJPY,core_pce,,0.0,2026-05-01
CADJPY,ppi_yoy,1.0,0.20833333333333331,2026-05-01
CADJPY,employment_change,0.0,0.0,2026-05-01
CADJPY,unemployment_rate,1.0,0.3125,2026-05-01
CADJPY,wage_growth,0.0,0.0,2026-05-01
CADJPY,adp,,0.0,2026-05-01
CADJPY,jolts,,0.0,2026-05-01
CADJPY,jobless_claims,,0.0,2026-05-01
CADJPY,rate_expectations,1.0,0.625,2026-05-01
CHFJPY,manufacturing_pmi,1.0,0.34722222222222227,2026-05-01
CHFJPY,services_pmi,,0.0,2026-05-01
CHFJPY,gdp_qoq,2.0,0.41666666666666663,2026-05-01
CHFJPY,retail_sales,1.0,0.20833333333333331,2026-05-01
CHFJPY,cpi_yoy,-3.0,-1.1458333333333333,2026-05-01
CHFJPY,core_cpi,1.0,0.3125,2026-05-01
CHFJPY,core_pce,,0.0,2026-05-01
CHFJPY,ppi_yoy,-1.0,-0.41666666666666663,2026-05-01
CHFJPY,employment_change,,0.0,2026-05-01
CHFJPY,unemployment_rate,1.0,0.3125,2026-05-01
CHFJPY,wage_growth,0.0,0.0,2026-05-01
CHFJPY,adp,,0.0,2026-05-01
CHFJPY,jolts,,0.0,2026-05-01
CHFJPY,jobless_claims,,0.0,2026-05-01
CHFJPY,rate_expectations,0.0,0.0,2026-05-01
AUDNZD,manufacturing_pmi,0.0,0.0,2026-05-01
AUDNZD,services_pmi,0.0,0.0,2026-05-01
AUDNZD,gdp_qoq,0.0,0.0,2026-05-01
AUDNZD,retail_sales,1.0,0.0,2026-05-01
AUDNZD,cpi_yoy,-2.0,-0.7291666666666666,2026-05-01
AUDNZD,core_cpi,1.0,0.0,2026-05-01
AUDNZD,core_pce,,0.0,2026-05-01
AUDNZD,ppi_yoy,0.0,0.0,2026-05-01
AUDNZD,employment_change,0.0,0.0,2026-05-01
AUDNZD,unemployment_rate,1.0,0.2777777777777778,2026-05-01
AUDNZD,wage_growth,1.0,0.2777777777777778,2026-05-01
AUDNZD,adp,,0.0,2026-05-01
AUDNZD,jolts,,0.0,2026-05-01
AUDNZD,jobless_claims,,0.0,2026-05-01
AUDNZD,rate_expectations,0.0,0.0,2026-05-01
AUDCAD,manufacturing_pmi,0.0,0.0,2026-05-01
AUDCAD,services_pmi,0.0,0.0,2026-05-01
AUDCAD,gdp_qoq,0.0,0.0,2026-05-01
AUDCAD,retail_sales,3.0,0.20833333333333331,2026-05-01
AUDCAD,cpi_yoy,0.0,-0.10416666666666669,2026-05-01
AUDCAD,core_cpi,1.0,0.0,2026-05-01
AUDCAD,core_pce,,0.0,2026-05-01
AUDCAD,ppi_yoy,-1.0,-0.20833333333333331,2026-05-01
AUDCAD,employment_change,0.0,0.0,2026-05-01
AUDCAD,unemployment_rate,0.0,0.0,2026-05-01
AUDCAD,wage_growth,0.0,0.0,2026-05-01
AUDCAD,adp,,0.0,2026-05-01
AUDCAD,jolts,,0.0,2026-05-01
AUDCAD,jobless_claims,,0.0,2026-05-01
AUDCAD,rate_expectations,-1.0,-0.625,2026-05-01
AUDCHF,manufacturing_pmi,-2.0,-0.5555555555555556,2026-05-01
AUDCHF,services_pmi,0.0,0.0,2026-05-01
AUDCHF,gdp_qoq,0.0,0.0,2026-05-01
AUDCHF,retail_sales,2.0,0.0,2026-05-01
AUDCHF,cpi_yoy,1.0,0.5208333333333333,2026-05-01
AUDCHF,core_cpi,1.0,0.0,2026-05-01
AUDCHF,core_pce,,0.0,2026-05-01
AUDCHF,ppi_yoy,1.0,0.41666666666666663,2026-05-01
AUDCHF,employment_change,0.0,0.0,2026-05-01
AUDCHF,unemployment_rate,0.0,0.0,2026-05-01
AUDCHF,wage_growth,0.0,0.0,2026-05-01
AUDCHF,adp,,0.0,2026-05-01
AUDCHF,jolts,,0.0,2026-05-01
AUDCHF,jobless_claims,,0.0,2026-05-01
AUDCHF,rate_expectations,0.0,0.0,2026-05-01
NZDCAD,manufacturing_pmi,0.0,0.0,2026-05-01
NZDCAD,services_pmi,0.0,0.0,2026-05-01
NZDCAD,gdp_qoq,0.0,0.0,2026-05-01
NZDCAD,retail_sales,2.0,0.20833333333333331,2026-05-01
NZDCAD,cpi_yoy,2.0,0.625,2026-05-01
NZDCAD,core_cpi,0.0,0.0,2026-05-01
NZDCAD,core_pce,,0.0,2026-05-01
NZDCAD,ppi_yoy,-1.0,-0.20833333333333331,2026-05-01
NZDCAD,employment_change,0.0,0.0,2026-05-01
NZDCAD,unemployment_rate,-1.0,-0.2777777777777778,2026-05-01
NZDCAD,wage_growth,-1.0,-0.2777777777777778,2026-05-01
NZDCAD,adp,,0.0,2026-05-01
NZDCAD,jolts,,0.0,2026-05-01
NZDCAD,jobless_claims,,0.0,2026-05-01
NZDCAD,rate_expectations,-1.0,-0.625,2026-05-01
NZDCHF,manufacturing_pmi,-2.0,-0.5555555555555556,2026-05-01
NZDCHF,services_pmi,0.0,0.0,2026-05-01
NZDCHF,gdp_qoq,0.0,0.0,2026-05-01
NZDCHF,retail_sales,1.0,0.0,2026-05-01
NZDCHF,cpi_yoy,3.0,1.25,2026-05-01
NZDCHF,core_cpi,,0.0,2026-05-01
NZDCHF,core_pce,,0.0,2026-05-01
NZDCHF,ppi_yoy,1.0,0.41666666666666663,2026-05-01
NZDCHF,employment_change,0.0,0.0,2026-05-01
NZDCHF,unemployment_rate,-1.0,-0.2777777777777778,2026-05-01
NZDCHF,wage_growth,-1.0,-0.2777777777777778,2026-05-01
NZDCHF,adp,,0.0,2026-05-01
NZDCHF,jolts,,0.0,2026-05-01
NZDCHF,jobless_claims,,0.0,2026-05-01
NZDCHF,rate_expectations,,0.0,2026-05-01
CADCHF,manufacturing_pmi,-2.0,-0.5555555555555556,2026-05-01
CADCHF,services_pmi,,0.0,2026-05-01
CADCHF,gdp_qoq,0.0,0.0,2026-05-01
CADCHF,retail_sales,-1.0,-0.20833333333333331,2026-05-01
CADCHF,cpi_yoy,1.0,0.625,2026-05-01
CADCHF,core_cpi,0.0,0.0,2026-05-01
CADCHF,core_pce,,0.0,2026-05-01
CADCHF,ppi_yoy,2.0,0.625,2026-05-01
CADCHF,employment_change,0.0,0.0,2026-05-01
CADCHF,unemployment_rate,0.0,0.0,2026-05-01
CADCHF,wage_growth,,0.0,2026-05-01
CADCHF,adp,,0.0,2026-05-01
CADCHF,jolts,,0.0,2026-05-01
CADCHF,jobless_claims,,0.0,2026-05-01
CADCHF,rate_expectations,1.0,0.625,2026-05-01
EURUSD,manufacturing_pmi,1.0,0.15625,2026-05-08
EURUSD,services_pmi,-1.0,-0.15625,2026-05-08
EURUSD,gdp_qoq,-1.0,-0.15625,2026-05-08
EURUSD,retail_sales,0.0,0.0,2026-05-08
EURUSD,cpi_yoy,1.0,0.15625,2026-05-08
EURUSD,core_cpi,1.0,0.15625,2026-05-08
EURUSD,core_pce,0.0,0.0,2026-05-08
EURUSD,ppi_yoy,2.0,0.3125,2026-05-08
EURUSD,employment_change,3.0,0.3125,2026-05-08
EURUSD,unemployment_rate,1.0,0.0,2026-05-08
EURUSD,wage_growth,-1.0,0.0,2026-05-08
EURUSD,adp,0.0,0.0,2026-05-08
EURUSD,jolts,0.0,0.0,2026-05-08
EURUSD,jobless_claims,0.0,0.0,2026-05-08
EURUSD,rate_expectations,0.0,0.0,2026-05-08
GBPUSD,manufacturing_pmi,1.0,0.15625,2026-05-08
GBPUSD,services_pmi,1.0,0.15625,2026-05-08
GBPUSD,gdp_qoq,2.0,0.3125,2026-05-08
GBPUSD,retail_sales,-1.0,-0.15625,2026-05-08
GBPUSD,cpi_yoy,1.0,0.15625,2026-05-08
GBPUSD,core_cpi,1.0,0.15625,2026-05-08
GBPUSD,core_pce,0.0,0.0,2026-05-08
GBPUSD,ppi_yoy,2.0,0.3125,2026-05-08
GBPUSD,employment_change,2.0,0.0,2026-05-08
GBPUSD,unemployment_rate,3.0,0.41666666666666663,2026-05-08
GBPUSD,wage_growth,0.0,0.20833333333333331,2026-05-08
GBPUSD,adp,0.0,0.0,2026-05-08
GBPUSD,jolts,0.0,0.0,2026-05-08
GBPUSD,jobless_claims,0.0,0.0,2026-05-08
GBPUSD,rate_expectations,1.0,0.625,2026-05-08
USDJPY,manufacturing_pmi,-1.0,-0.20833333333333331,2026-05-08
USDJPY,services_pmi,0.0,0.0,2026-05-08
USDJPY,gdp_qoq,2.0,0.41666666666666663,2026-05-08
USDJPY,retail_sales,2.0,0.3645833333333333,2026-05-08
USDJPY,cpi_yoy,-2.0,-0.46875,2026-05-08
USDJPY,core_cpi,0.0,0.15625,2026-05-08
USDJPY,core_pce,0.0,0.0,2026-05-08
USDJPY,ppi_yoy,-2.0,-0.3125,2026-05-08
USDJPY,employment_change,-2.0,0.0,2026-05-08
USDJPY,unemployment_rate,0.0,0.3125,2026-05-08
USDJPY,wage_growth,1.0,0.0,2026-05-08
USDJPY,adp,0.0,0.0,2026-05-08
USDJPY,jolts,0.0,0.0,2026-05-08
USDJPY,jobless_claims,0.0,0.0,2026-05-08
USDJPY,rate_expectations,1.0,0.625,2026-05-08
USDCHF,manufacturing_pmi,-1.0,-0.2777777777777778,2026-05-08
USDCHF,services_pmi,0.0,0.0,2026-05-08
USDCHF,gdp_qoq,0.0,0.0,2026-05-08
USDCHF,retail_sales,1.0,0.15625,2026-05-08
USDCHF,cpi_yoy,-1.0,-0.15625,2026-05-08
USDCHF,core_cpi,-1.0,-0.15625,2026-05-08
USDCHF,core_pce,0.0,0.0,2026-05-08
USDCHF,ppi_yoy,-1.0,0.10416666666666663,2026-05-08
USDCHF,employment_change,-2.0,0.0,2026-05-08
USDCHF,unemployment_rate,-1.0,0.0,2026-05-08
USDCHF,wage_growth,1.0,0.0,2026-05-08
USDCHF,adp,0.0,0.0,2026-05-08
USDCHF,jolts,0.0,0.0,2026-05-08
USDCHF,jobless_claims,0.0,0.0,2026-05-08
USDCHF,rate_expectations,1.0,0.625,2026-05-08
USDCAD,manufacturing_pmi,0.0,0.0,2026-05-08
USDCAD,services_pmi,0.0,0.0,2026-05-08
USDCAD,gdp_qoq,0.0,0.0,2026-05-08
USDCAD,retail_sales,2.0,0.3645833333333333,2026-05-08
USDCAD,cpi_yoy,0.0,0.052083333333333315,2026-05-08
USDCAD,core_cpi,-1.0,-0.15625,2026-05-08
USDCAD,core_pce,0.0,0.0,2026-05-08
USDCAD,ppi_yoy,-3.0,-0.5208333333333333,2026-05-08
USDCAD,employment_change,-2.0,0.0,2026-05-08
USDCAD,unemployment_rate,-1.0,0.0,2026-05-08
USDCAD,wage_growth,1.0,0.0,2026-05-08
USDCAD,adp,0.0,0.0,2026-05-08
USDCAD,jolts,0.0,0.0,2026-05-08
USDCAD,jobless_claims,0.0,0.0,2026-05-08
USDCAD,rate_expectations,1.0,0.625,2026-05-08
AUDUSD,manufacturing_pmi,0.0,0.0,2026-05-08
AUDUSD,services_pmi,0.0,0.0,2026-05-08
AUDUSD,gdp_qoq,0.0,0.0,2026-05-08
AUDUSD,retail_sales,1.0,-0.15625,2026-05-08
AUDUSD,cpi_yoy,0.0,-0.15625,2026-05-08
AUDUSD,core_cpi,2.0,0.15625,2026-05-08
AUDUSD,core_pce,0.0,0.0,2026-05-08
AUDUSD,ppi_yoy,1.0,0.0,2026-05-08
AUDUSD,employment_change,2.0,0.0,2026-05-08
AUDUSD,unemployment_rate,1.0,0.0,2026-05-08
AUDUSD,wage_growth,-1.0,0.0,2026-05-08
AUDUSD,adp,0.0,0.0,2026-05-08
AUDUSD,jolts,0.0,0.0,2026-05-08
AUDUSD,jobless_claims,0.0,0.0,2026-05-08
AUDUSD,rate_expectations,-1.0,-0.625,2026-05-08
NZDUSD,manufacturing_pmi,0.0,0.0,2026-05-08
NZDUSD,services_pmi,0.0,0.0,2026-05-08
NZDUSD,gdp_qoq,0.0,0.0,2026-05-08
NZDUSD,retail_sales,0.0,-0.15625,2026-05-08
NZDUSD,cpi_yoy,2.0,0.5729166666666666,2026-05-08
NZDUSD,core_cpi,1.0,0.15625,2026-05-08
NZDUSD,core_pce,0.0,0.0,2026-05-08
NZDUSD,ppi_yoy,2.0,0.3125,2026-05-08
NZDUSD,employment_change,2.0,0.0,2026-05-08
NZDUSD,unemployment_rate,2.0,0.2777777777777778,2026-05-08
NZDUSD,wage_growth,0.0,0.2777777777777778,2026-05-08
NZDUSD,adp,0.0,0.0,2026-05-08
NZDUSD,jolts,0.0,0.0,2026-05-08
NZDUSD,jobless_claims,0.0,0.0,2026-05-08
NZDUSD,rate_expectations,-1.0,-0.625,2026-05-08
EURGBP,manufacturing_pmi,0.0,0.0,2026-05-08
EURGBP,services_pmi,-2.0,-0.3125,2026-05-08
EURGBP,gdp_qoq,-3.0,-0.46875,2026-05-08
EURGBP,retail_sales,1.0,0.15625,2026-05-08
EURGBP,cpi_yoy,0.0,0.0,2026-05-08
EURGBP,core_cpi,0.0,0.0,2026-05-08
EURGBP,core_pce,,0.0,2026-05-08
EURGBP,ppi_yoy,0.0,0.0,2026-05-08
EURGBP,employment_change,1.0,0.3125,2026-05-08
EURGBP,unemployment_rate,-2.0,-0.41666666666666663,2026-05-08
EURGBP,wage_growth,-1.0,-0.20833333333333331,2026-05-08
EURGBP,adp,,0.0,2026-05-08
EURGBP,jolts,,0.0,2026-05-08
EURGBP,jobless_claims,,0.0,2026-05-08
EURGBP,rate_expectations,-1.0,-0.625,2026-05-08
EURJPY,manufacturing_pmi,0.0,-0.052083333333333315,2026-05-08
EURJPY,services_pmi,-1.0,-0.15625,2026-05-08
EURJPY,gdp_qoq,1.0,0.26041666666666663,2026-05-08
EURJPY,retail_sales,2.0,0.3645833333333333,2026-05-08
EURJPY,cpi_yoy,-1.0,-0.3125,2026-05-08
EURJPY,core_cpi,1.0,0.3125,2026-05-08
EURJPY,core_pce,,0.0,2026-05-08
EURJPY,ppi_yoy,0.0,0.0,2026-05-08
EURJPY,employment_change,1.0,0.3125,2026-05-08
EURJPY,unemployment_rate,1.0,0.3125,2026-05-08
EURJPY,wage_growth,0.0,0.0,2026-05-08
EURJPY,adp,,0.0,2026-05-08
EURJPY,jolts,,0.0,2026-05-08
EURJPY,jobless_claims,,0.0,2026-05-08
EURJPY,rate_expectations,1.0,0.625,2026-05-08
EURCHF,manufacturing_pmi,0.0,-0.12152777777777779,2026-05-08
EURCHF,services_pmi,-1.0,-0.15625,2026-05-08
EURCHF,gdp_qoq,-1.0,-0.15625,2026-05-08
EURCHF,retail_sales,1.0,0.15625,2026-05-08
EURCHF,cpi_yoy,0.0,0.0,2026-05-08
EURCHF,core_cpi,0.0,0.0,2026-05-08
EURCHF,core_pce,,0.0,2026-05-08
EURCHF,ppi_yoy,1.0,0.41666666666666663,2026-05-08
EURCHF,employment_change,1.0,0.3125,2026-05-08
EURCHF,unemployment_rate,0.0,0.0,2026-05-08
EURCHF,wage_growth,,0.0,2026-05-08
EURCHF,adp,,0.0,2026-05-08
EURCHF,jolts,,0.0,2026-05-08
EURCHF,jobless_claims,,0.0,2026-05-08
EURCHF,rate_expectations,1.0,0.625,2026-05-08
EURAUD,manufacturing_pmi,1.0,0.15625,2026-05-08
EURAUD,services_pmi,-1.0,-0.15625,2026-05-08
EURAUD,gdp_qoq,-1.0,-0.15625,2026-05-08
EURAUD,retail_sales,-1.0,0.15625,2026-05-08
EURAUD,cpi_yoy,1.0,0.3125,2026-05-08
EURAUD,core_cpi,-1.0,0.0,2026-05-08
EURAUD,core_pce,,0.0,2026-05-08
EURAUD,ppi_yoy,1.0,0.3125,2026-05-08
EURAUD,employment_change,1.0,0.3125,2026-05-08
EURAUD,unemployment_rate,0.0,0.0,2026-05-08
EURAUD,wage_growth,0.0,0.0,2026-05-08
EURAUD,adp,,0.0,2026-05-08
EURAUD,jolts,,0.0,2026-05-08
EURAUD,jobless_claims,,0.0,2026-05-08
EURAUD,rate_expectations,1.0,0.625,2026-05-08
EURNZD,manufacturing_pmi,1.0,0.15625,2026-05-08
EURNZD,services_pmi,-1.0,-0.15625,2026-05-08
EURNZD,gdp_qoq,-1.0,-0.15625,2026-05-08
EURNZD,retail_sales,0.0,0.15625,2026-05-08
EURNZD,cpi_yoy,-1.0,-0.41666666666666663,2026-05-08
EURNZD,core_cpi,0.0,0.0,2026-05-08
EURNZD,core_pce,,0.0,2026-05-08
EURNZD,ppi_yoy,0.0,0.0,2026-05-08
EURNZD,employment_change,1.0,0.3125,2026-05-08
EURNZD,unemployment_rate,-1.0,-0.2777777777777778,2026-05-08
EURNZD,wage_growth,-1.0,-0.2777777777777778,2026-05-08
EURNZD,adp,,0.0,2026-05-08
EURNZD,jolts,,0.0,2026-05-08
EURNZD,jobless_claims,,0.0,2026-05-08
EURNZD,rate_expectations,1.0,0.625,2026-05-08
EURCAD,manufacturing_pmi,1.0,0.15625,2026-05-08
EURCAD,services_pmi,-1.0,-0.15625,2026-05-08
EURCAD,gdp_qoq,-1.0,-0.15625,2026-05-08
EURCAD,retail_sales,2.0,0.3645833333333333,2026-05-08
EURCAD,cpi_yoy,1.0,0.20833333333333331,2026-05-08
EURCAD,core_cpi,0.0,0.0,2026-05-08
EURCAD,core_pce,,0.0,2026-05-08
EURCAD,ppi_yoy,-1.0,-0.20833333333333331,2026-05-08
EURCAD,employment_change,1.0,0.3125,2026-05-08
EURCAD,unemployment_rate,0.0,0.0,2026-05-08
EURCAD,wage_growth,,0.0,2026-05-08
EURCAD,adp,,0.0,2026-05-08
EURCAD,jolts,,0.0,2026-05-08
EURCAD,jobless_claims,,0.0,2026-05-08
EURCAD,rate_expectations,1.0,0.625,2026-05-08
GBPJPY,manufacturing_pmi,0.0,-0.052083333333333315,2026-05-08
GBPJPY,services_pmi,1.0,0.15625,2026-05-08
GBPJPY,gdp_qoq,4.0,0.7291666666666666,2026-05-08
GBPJPY,retail_sales,1.0,0.20833333333333331,2026-05-08
GBPJPY,cpi_yoy,-1.0,-0.3125,2026-05-08
GBPJPY,core_cpi,1.0,0.3125,2026-05-08
GBPJPY,core_pce,,0.0,2026-05-08
GBPJPY,ppi_yoy,0.0,0.0,2026-05-08
GBPJPY,employment_change,0.0,0.0,2026-05-08
GBPJPY,unemployment_rate,3.0,0.7291666666666666,2026-05-08
GBPJPY,wage_growth,1.0,0.20833333333333331,2026-05-08
GBPJPY,adp,,0.0,2026-05-08
GBPJPY,jolts,,0.0,2026-05-08
GBPJPY,jobless_claims,,0.0,2026-05-08
GBPJPY,rate_expectations,2.0,1.25,2026-05-08
GBPCHF,manufacturing_pmi,0.0,-0.12152777777777779,2026-05-08
GBPCHF,services_pmi,1.0,0.15625,2026-05-08
GBPCHF,gdp_qoq,2.0,0.3125,2026-05-08
GBPCHF,retail_sales,0.0,0.0,2026-05-08
GBPCHF,cpi_yoy,0.0,0.0,2026-05-08
GBPCHF,core_cpi,0.0,0.0,2026-05-08
GBPCHF,core_pce,,0.0,2026-05-08
GBPCHF,ppi_yoy,1.0,0.41666666666666663,2026-05-08
GBPCHF,employment_change,0.0,0.0,2026-05-08
GBPCHF,unemployment_rate,2.0,0.41666666666666663,2026-05-08
GBPCHF,wage_growth,1.0,0.20833333333333331,2026-05-08
GBPCHF,adp,,0.0,2026-05-08
GBPCHF,jolts,,0.0,2026-05-08
GBPCHF,jobless_claims,,0.0,2026-05-08
GBPCHF,rate_expectations,2.0,1.25,2026-05-08
GBPAUD,manufacturing_pmi,1.0,0.15625,2026-05-08
GBPAUD,services_pmi,1.0,0.15625,2026-05-08
GBPAUD,gdp_qoq,2.0,0.3125,2026-05-08
GBPAUD,retail_sales,-2.0,0.0,2026-05-08
GBPAUD,cpi_yoy,1.0,0.3125,2026-05-08
GBPAUD,core_cpi,-1.0,0.0,2026-05-08
GBPAUD,core_pce,,0.0,2026-05-08
GBPAUD,ppi_yoy,1.0,0.3125,2026-05-08
GBPAUD,employment_change,0.0,0.0,2026-05-08
GBPAUD,unemployment_rate,2.0,0.41666666666666663,2026-05-08
GBPAUD,wage_growth,1.0,0.20833333333333331,2026-05-08
GBPAUD,adp,,0.0,2026-05-08
GBPAUD,jolts,,0.0,2026-05-08
GBPAUD,jobless_claims,,0.0,2026-05-08
GBPAUD,rate_expectations,2.0,1.25,2026-05-08
GBPNZD,manufacturing_pmi,1.0,0.15625,2026-05-08
GBPNZD,services_pmi,1.0,0.15625,2026-05-08
GBPNZD,gdp_qoq,2.0,0.3125,2026-05-08
GBPNZD,retail_sales,-1.0,0.0,2026-05-08
GBPNZD,cpi_yoy,-1.0,-0.41666666666666663,2026-05-08
GBPNZD,core_cpi,0.0,0.0,2026-05-08
GBPNZD,core_pce,,0.0,2026-05-08
GBPNZD,ppi_yoy,0.0,0.0,2026-05-08
GBPNZD,employment_change,0.0,0.0,2026-05-08
GBPNZD,unemployment_rate,1.0,0.13888888888888884,2026-05-08
GBPNZD,wage_growth,0.0,-0.06944444444444448,2026-05-08
GBPNZD,adp,,0.0,2026-05-08
GBPNZD,jolts,,0.0,2026-05-08
GBPNZD,jobless_claims,,0.0,2026-05-08
GBPNZD,rate_expectations,2.0,1.25,2026-05-08
GBPCAD,manufacturing_pmi,1.0,0.15625,2026-05-08
GBPCAD,services_pmi,1.0,0.15625,2026-05-08
GBPCAD,gdp_qoq,2.0,0.3125,2026-05-08
GBPCAD,retail_sales,1.0,0.20833333333333331,2026-05-08
GBPCAD,cpi_yoy,1.0,0.20833333333333331,2026-05-08
GBPCAD,core_cpi,0.0,0.0,2026-05-08
GBPCAD,core_pce,,0.0,2026-05-08
GBPCAD,ppi_yoy,-1.0,-0.20833333333333331,2026-05-08
GBPCAD,employment_change,0.0,0.0,2026-05-08
GBPCAD,unemployment_rate,2.0,0.41666666666666663,2026-05-08
GBPCAD,wage_growth,1.0,0.20833333333333331,2026-05-08
GBPCAD,adp,,0.0,2026-05-08
GBPCAD,jolts,,0.0,2026-05-08
GBPCAD,jobless_claims,,0.0,2026-05-08
GBPCAD,rate_expectations,2.0,1.25,2026-05-08
AUDJPY,manufacturing_pmi,-1.0,-0.20833333333333331,2026-05-08
AUDJPY,services_pmi,0.0,0.0,2026-05-08
AUDJPY,gdp_qoq,2.0,0.41666666666666663,2026-05-08
AUDJPY,retail_sales,3.0,0.20833333333333331,2026-05-08
AUDJPY,cpi_yoy,-2.0,-0.625,2026-05-08
AUDJPY,core_cpi,2.0,0.3125,2026-05-08
AUDJPY,core_pce,,0.0,2026-05-08
AUDJPY,ppi_yoy,-1.0,-0.3125,2026-05-08
AUDJPY,employment_change,0.0,0.0,2026-05-08
AUDJPY,unemployment_rate,1.0,0.3125,2026-05-08
AUDJPY,wage_growth,0.0,0.0,2026-05-08
AUDJPY,adp,,0.0,2026-05-08
AUDJPY,jolts,,0.0,2026-05-08
AUDJPY,jobless_claims,,0.0,2026-05-08
AUDJPY,rate_expectations,0.0,0.0,2026-05-08
NZDJPY,manufacturing_pmi,-1.0,-0.20833333333333331,2026-05-08
NZDJPY,services_pmi,0.0,0.0,2026-05-08
NZDJPY,gdp_qoq,2.0,0.41666666666666663,2026-05-08
NZDJPY,retail_sales,2.0,0.20833333333333331,2026-05-08
NZDJPY,cpi_yoy,0.0,0.10416666666666663,2026-05-08
NZDJPY,core_cpi,1.0,0.3125,2026-05-08
NZDJPY,core_pce,,0.0,2026-05-08
NZDJPY,ppi_yoy,0.0,0.0,2026-05-08
NZDJPY,employment_change,0.0,0.0,2026-05-08
NZDJPY,unemployment_rate,2.0,0.5902777777777778,2026-05-08
NZDJPY,wage_growth,1.0,0.2777777777777778,2026-05-08
NZDJPY,adp,,0.0,2026-05-08
NZDJPY,jolts,,0.0,2026-05-08
NZDJPY,jobless_claims,,0.0,2026-05-08
NZDJPY,rate_expectations,0.0,0.0,2026-05-08
CADJPY,manufacturing_pmi,-1.0,-0.20833333333333331,2026-05-08
CADJPY,services_pmi,,0.0,2026-05-08
CADJPY,gdp_qoq,2.0,0.41666666666666663,2026-05-08
CADJPY,retail_sales,0.0,0.0,2026-05-08
CADJPY,cpi_yoy,-2.0,-0.5208333333333333,2026-05-08
CADJPY,core_cpi,1.0,0.3125,2026-05-08
CADJPY,core_pce,,0.0,2026-05-08
CADJPY,ppi_yoy,1.0,0.20833333333333331,2026-05-08
CADJPY,employment_change,0.0,0.0,2026-05-08
CADJPY,unemployment_rate,1.0,0.3125,2026-05-08
CADJPY,wage_growth,0.0,0.0,2026-05-08
CADJPY,adp,,0.0,2026-05-08
CADJPY,jolts,,0.0,2026-05-08
CADJPY,jobless_claims,,0.0,2026-05-08
CADJPY,rate_expectations,0.0,0.0,2026-05-08
CHFJPY,manufacturing_pmi,0.0,0.06944444444444448,2026-05-08
CHFJPY,services_pmi,,0.0,2026-05-08
CHFJPY,gdp_qoq,2.0,0.41666666666666663,2026-05-08
CHFJPY,retail_sales,1.0,0.20833333333333331,2026-05-08
CHFJPY,cpi_yoy,-1.0,-0.3125,2026-05-08
CHFJPY,core_cpi,1.0,0.3125,2026-05-08
CHFJPY,core_pce,,0.0,2026-05-08
CHFJPY,ppi_yoy,-1.0,-0.41666666666666663,2026-05-08
CHFJPY,employment_change,,0.0,2026-05-08
CHFJPY,unemployment_rate,1.0,0.3125,2026-05-08
CHFJPY,wage_growth,0.0,0.0,2026-05-08
CHFJPY,adp,,0.0,2026-05-08
CHFJPY,jolts,,0.0,2026-05-08
CHFJPY,jobless_claims,,0.0,2026-05-08
CHFJPY,rate_expectations,0.0,0.0,2026-05-08
AUDNZD,manufacturing_pmi,0.0,0.0,2026-05-08
AUDNZD,services_pmi,0.0,0.0,2026-05-08
AUDNZD,gdp_qoq,0.0,0.0,2026-05-08
AUDNZD,retail_sales,1.0,0.0,2026-05-08
AUDNZD,cpi_yoy,-2.0,-0.7291666666666666,2026-05-08
AUDNZD,core_cpi,1.0,0.0,2026-05-08
AUDNZD,core_pce,,0.0,2026-05-08
AUDNZD,ppi_yoy,-1.0,-0.3125,2026-05-08
AUDNZD,employment_change,0.0,0.0,2026-05-08
AUDNZD,unemployment_rate,-1.0,-0.2777777777777778,2026-05-08
AUDNZD,wage_growth,-1.0,-0.2777777777777778,2026-05-08
AUDNZD,adp,,0.0,2026-05-08
AUDNZD,jolts,,0.0,2026-05-08
AUDNZD,jobless_claims,,0.0,2026-05-08
AUDNZD,rate_expectations,0.0,0.0,2026-05-08
AUDCAD,manufacturing_pmi,0.0,0.0,2026-05-08
AUDCAD,services_pmi,0.0,0.0,2026-05-08
AUDCAD,gdp_qoq,0.0,0.0,2026-05-08
AUDCAD,retail_sales,3.0,0.20833333333333331,2026-05-08
AUDCAD,cpi_yoy,0.0,-0.10416666666666669,2026-05-08
AUDCAD,core_cpi,1.0,0.0,2026-05-08
AUDCAD,core_pce,,0.0,2026-05-08
AUDCAD,ppi_yoy,-2.0,-0.5208333333333333,2026-05-08
AUDCAD,employment_change,0.0,0.0,2026-05-08
AUDCAD,unemployment_rate,0.0,0.0,2026-05-08
AUDCAD,wage_growth,0.0,0.0,2026-05-08
AUDCAD,adp,,0.0,2026-05-08
AUDCAD,jolts,,0.0,2026-05-08
AUDCAD,jobless_claims,,0.0,2026-05-08
AUDCAD,rate_expectations,0.0,0.0,2026-05-08
AUDCHF,manufacturing_pmi,-1.0,-0.2777777777777778,2026-05-08
AUDCHF,services_pmi,0.0,0.0,2026-05-08
AUDCHF,gdp_qoq,0.0,0.0,2026-05-08
AUDCHF,retail_sales,2.0,0.0,2026-05-08
AUDCHF,cpi_yoy,-1.0,-0.3125,2026-05-08
AUDCHF,core_cpi,1.0,0.0,2026-05-08
AUDCHF,core_pce,,0.0,2026-05-08
AUDCHF,ppi_yoy,0.0,0.10416666666666663,2026-05-08
AUDCHF,employment_change,0.0,0.0,2026-05-08
AUDCHF,unemployment_rate,0.0,0.0,2026-05-08
AUDCHF,wage_growth,0.0,0.0,2026-05-08
AUDCHF,adp,,0.0,2026-05-08
AUDCHF,jolts,,0.0,2026-05-08
AUDCHF,jobless_claims,,0.0,2026-05-08
AUDCHF,rate_expectations,0.0,0.0,2026-05-08
NZDCAD,manufacturing_pmi,0.0,0.0,2026-05-08
NZDCAD,services_pmi,0.0,0.0,2026-05-08
NZDCAD,gdp_qoq,0.0,0.0,2026-05-08
NZDCAD,retail_sales,2.0,0.20833333333333331,2026-05-08
NZDCAD,cpi_yoy,2.0,0.625,2026-05-08
NZDCAD,core_cpi,0.0,0.0,2026-05-08
NZDCAD,core_pce,,0.0,2026-05-08
NZDCAD,ppi_yoy,-1.0,-0.20833333333333331,2026-05-08
NZDCAD,employment_change,0.0,0.0,2026-05-08
NZDCAD,unemployment_rate,1.0,0.2777777777777778,2026-05-08
NZDCAD,wage_growth,1.0,0.2777777777777778,2026-05-08
NZDCAD,adp,,0.0,2026-05-08
NZDCAD,jolts,,0.0,2026-05-08
NZDCAD,jobless_claims,,0.0,2026-05-08
NZDCAD,rate_expectations,0.0,0.0,2026-05-08
NZDCHF,manufacturing_pmi,-1.0,-0.2777777777777778,2026-05-08
NZDCHF,services_pmi,0.0,0.0,2026-05-08
NZDCHF,gdp_qoq,0.0,0.0,2026-05-08
NZDCHF,retail_sales,1.0,0.0,2026-05-08
NZDCHF,cpi_yoy,1.0,0.41666666666666663,2026-05-08
NZDCHF,core_cpi,,0.0,2026-05-08
NZDCHF,core_pce,,0.0,2026-05-08
NZDCHF,ppi_yoy,1.0,0.41666666666666663,2026-05-08
NZDCHF,employment_change,0.0,0.0,2026-05-08
NZDCHF,unemployment_rate,1.0,0.2777777777777778,2026-05-08
NZDCHF,wage_growth,1.0,0.2777777777777778,2026-05-08
NZDCHF,adp,,0.0,2026-05-08
NZDCHF,jolts,,0.0,2026-05-08
NZDCHF,jobless_claims,,0.0,2026-05-08
NZDCHF,rate_expectations,,0.0,2026-05-08
CADCHF,manufacturing_pmi,-1.0,-0.2777777777777778,2026-05-08
CADCHF,services_pmi,,0.0,2026-05-08
CADCHF,gdp_qoq,0.0,0.0,2026-05-08
CADCHF,retail_sales,-1.0,-0.20833333333333331,2026-05-08
CADCHF,cpi_yoy,-1.0,-0.20833333333333331,2026-05-08
CADCHF,core_cpi,0.0,0.0,2026-05-08
CADCHF,core_pce,,0.0,2026-05-08
CADCHF,ppi_yoy,2.0,0.625,2026-05-08
CADCHF,employment_change,0.0,0.0,2026-05-08
CADCHF,unemployment_rate,0.0,0.0,2026-05-08
CADCHF,wage_growth,,0.0,2026-05-08
CADCHF,adp,,0.0,2026-05-08
CADCHF,jolts,,0.0,2026-05-08
CADCHF,jobless_claims,,0.0,2026-05-08
CADCHF,rate_expectations,0.0,0.0,2026-05-08
EURUSD,manufacturing_pmi,1.0,0.15625,2026-05-15
EURUSD,services_pmi,-1.0,-0.15625,2026-05-15
EURUSD,gdp_qoq,-1.0,-0.15625,2026-05-15
EURUSD,retail_sales,1.0,0.15625,2026-05-15
EURUSD,cpi_yoy,0.0,0.0,2026-05-15
EURUSD,core_cpi,-1.0,-0.15625,2026-05-15
EURUSD,core_pce,0.0,0.0,2026-05-15
EURUSD,ppi_yoy,-2.0,-0.3125,2026-05-15
EURUSD,employment_change,1.0,0.3125,2026-05-15
EURUSD,unemployment_rate,0.0,0.0,2026-05-15
EURUSD,wage_growth,1.0,0.10416666666666666,2026-05-15
EURUSD,adp,0.0,0.0,2026-05-15
EURUSD,jolts,0.0,0.0,2026-05-15
EURUSD,jobless_claims,0.0,0.0,2026-05-15
EURUSD,rate_expectations,0.0,0.0,2026-05-15
GBPUSD,manufacturing_pmi,1.0,0.15625,2026-05-15
GBPUSD,services_pmi,1.0,0.15625,2026-05-15
GBPUSD,gdp_qoq,2.0,0.3125,2026-05-15
GBPUSD,retail_sales,0.0,0.0,2026-05-15
GBPUSD,cpi_yoy,0.0,0.0,2026-05-15
GBPUSD,core_cpi,-1.0,-0.15625,2026-05-15
GBPUSD,core_pce,0.0,0.0,2026-05-15
GBPUSD,ppi_yoy,-2.0,-0.3125,2026-05-15
GBPUSD,employment_change,0.0,0.0,2026-05-15
GBPUSD,unemployment_rate,2.0,0.41666666666666663,2026-05-15
GBPUSD,wage_growth,2.0,0.3125,2026-05-15
GBPUSD,adp,0.0,0.0,2026-05-15
GBPUSD,jolts,0.0,0.0,2026-05-15
GBPUSD,jobless_claims,0.0,0.0,2026-05-15
GBPUSD,rate_expectations,0.0,0.0,2026-05-15
USDJPY,manufacturing_pmi,-1.0,-0.20833333333333331,2026-05-15
USDJPY,services_pmi,0.0,0.0,2026-05-15
USDJPY,gdp_qoq,2.0,0.41666666666666663,2026-05-15
USDJPY,retail_sales,1.0,0.20833333333333331,2026-05-15
USDJPY,cpi_yoy,-1.0,-0.3125,2026-05-15
USDJPY,core_cpi,2.0,0.46875,2026-05-15
USDJPY,core_pce,0.0,0.0,2026-05-15
USDJPY,ppi_yoy,2.0,0.3125,2026-05-15
USDJPY,employment_change,0.0,0.0,2026-05-15
USDJPY,unemployment_rate,1.0,0.3125,2026-05-15
USDJPY,wage_growth,-1.0,-0.10416666666666666,2026-05-15
USDJPY,adp,0.0,0.0,2026-05-15
USDJPY,jolts,0.0,0.0,2026-05-15
USDJPY,jobless_claims,0.0,0.0,2026-05-15
USDJPY,rate_expectations,2.0,1.25,2026-05-15
USDCHF,manufacturing_pmi,-1.0,-0.2777777777777778,2026-05-15
USDCHF,services_pmi,0.0,0.0,2026-05-15
USDCHF,gdp_qoq,0.0,0.0,2026-05-15
USDCHF,retail_sales,0.0,0.0,2026-05-15
USDCHF,cpi_yoy,0.0,0.0,2026-05-15
USDCHF,core_cpi,1.0,0.15625,2026-05-15
USDCHF,core_pce,0.0,0.0,2026-05-15
USDCHF,ppi_yoy,1.0,-0.10416666666666663,2026-05-15
USDCHF,employment_change,0.0,0.0,2026-05-15
USDCHF,unemployment_rate,0.0,0.0,2026-05-15
USDCHF,wage_growth,-1.0,-0.10416666666666666,2026-05-15
USDCHF,adp,0.0,0.0,2026-05-15
USDCHF,jolts,0.0,0.0,2026-05-15
USDCHF,jobless_claims,0.0,0.0,2026-05-15
USDCHF,rate_expectations,2.0,1.25,2026-05-15
USDCAD,manufacturing_pmi,0.0,0.0,2026-05-15
USDCAD,services_pmi,0.0,0.0,2026-05-15
USDCAD,gdp_qoq,0.0,0.0,2026-05-15
USDCAD,retail_sales,1.0,0.20833333333333331,2026-05-15
USDCAD,cpi_yoy,1.0,0.20833333333333331,2026-05-15
USDCAD,core_cpi,1.0,0.15625,2026-05-15
USDCAD,core_pce,0.0,0.0,2026-05-15
USDCAD,ppi_yoy,1.0,0.10416666666666669,2026-05-15
USDCAD,employment_change,0.0,0.0,2026-05-15
USDCAD,unemployment_rate,1.0,0.3125,2026-05-15
USDCAD,wage_growth,-1.0,-0.10416666666666666,2026-05-15
USDCAD,adp,0.0,0.0,2026-05-15
USDCAD,jolts,0.0,0.0,2026-05-15
USDCAD,jobless_claims,0.0,0.0,2026-05-15
USDCAD,rate_expectations,0.0,0.0,2026-05-15
AUDUSD,manufacturing_pmi,0.0,0.0,2026-05-15
AUDUSD,services_pmi,0.0,0.0,2026-05-15
AUDUSD,gdp_qoq,0.0,0.0,2026-05-15
AUDUSD,retail_sales,2.0,0.0,2026-05-15
AUDUSD,cpi_yoy,-1.0,-0.3125,2026-05-15
AUDUSD,core_cpi,0.0,-0.15625,2026-05-15
AUDUSD,core_pce,0.0,0.0,2026-05-15
AUDUSD,ppi_yoy,-3.0,-0.625,2026-05-15
AUDUSD,employment_change,0.0,0.0,2026-05-15
AUDUSD,unemployment_rate,0.0,0.0,2026-05-15
AUDUSD,wage_growth,1.0,0.10416666666666666,2026-05-15
AUDUSD,adp,0.0,0.0,2026-05-15
AUDUSD,jolts,0.0,0.0,2026-05-15
AUDUSD,jobless_claims,0.0,0.0,2026-05-15
AUDUSD,rate_expectations,-1.0,-0.625,2026-05-15
NZDUSD,manufacturing_pmi,0.0,0.0,2026-05-15
NZDUSD,services_pmi,0.0,0.0,2026-05-15
NZDUSD,gdp_qoq,0.0,0.0,2026-05-15
NZDUSD,retail_sales,1.0,0.0,2026-05-15
NZDUSD,cpi_yoy,1.0,0.41666666666666663,2026-05-15
NZDUSD,core_cpi,-1.0,-0.15625,2026-05-15
NZDUSD,core_pce,0.0,0.0,2026-05-15
NZDUSD,ppi_yoy,-2.0,-0.3125,2026-05-15
NZDUSD,employment_change,0.0,0.0,2026-05-15
NZDUSD,unemployment_rate,1.0,0.2777777777777778,2026-05-15
NZDUSD,wage_growth,2.0,0.3819444444444444,2026-05-15
NZDUSD,adp,0.0,0.0,2026-05-15
NZDUSD,jolts,0.0,0.0,2026-05-15
NZDUSD,jobless_claims,0.0,0.0,2026-05-15
NZDUSD,rate_expectations,-2.0,-1.25,2026-05-15
EURGBP,manufacturing_pmi,0.0,0.0,2026-05-15
EURGBP,services_pmi,-2.0,-0.3125,2026-05-15
EURGBP,gdp_qoq,-3.0,-0.46875,2026-05-15
EURGBP,retail_sales,1.0,0.15625,2026-05-15
EURGBP,cpi_yoy,0.0,0.0,2026-05-15
EURGBP,core_cpi,0.0,0.0,2026-05-15
EURGBP,core_pce,,0.0,2026-05-15
EURGBP,ppi_yoy,0.0,0.0,2026-05-15
EURGBP,employment_change,1.0,0.3125,2026-05-15
EURGBP,unemployment_rate,-2.0,-0.41666666666666663,2026-05-15
EURGBP,wage_growth,-1.0,-0.20833333333333331,2026-05-15
EURGBP,adp,,0.0,2026-05-15
EURGBP,jolts,,0.0,2026-05-15
EURGBP,jobless_claims,,0.0,2026-05-15
EURGBP,rate_expectations,0.0,0.0,2026-05-15
EURJPY,manufacturing_pmi,0.0,-0.052083333333333315,2026-05-15
EURJPY,services_pmi,-1.0,-0.15625,2026-05-15
EURJPY,gdp_qoq,1.0,0.26041666666666663,2026-05-15
EURJPY,retail_sales,2.0,0.3645833333333333,2026-05-15
EURJPY,cpi_yoy,-1.0,-0.3125,2026-05-15
EURJPY,core_cpi,1.0,0.3125,2026-05-15
EURJPY,core_pce,,0.0,2026-05-15
EURJPY,ppi_yoy,0.0,0.0,2026-05-15
EURJPY,employment_change,1.0,0.3125,2026-05-15
EURJPY,unemployment_rate,1.0,0.3125,2026-05-15
EURJPY,wage_growth,0.0,0.0,2026-05-15
EURJPY,adp,,0.0,2026-05-15
EURJPY,jolts,,0.0,2026-05-15
EURJPY,jobless_claims,,0.0,2026-05-15
EURJPY,rate_expectations,2.0,1.25,2026-05-15
EURCHF,manufacturing_pmi,0.0,-0.12152777777777779,2026-05-15
EURCHF,services_pmi,-1.0,-0.15625,2026-05-15
EURCHF,gdp_qoq,-1.0,-0.15625,2026-05-15
EURCHF,retail_sales,1.0,0.15625,2026-05-15
EURCHF,cpi_yoy,0.0,0.0,2026-05-15
EURCHF,core_cpi,0.0,0.0,2026-05-15
EURCHF,core_pce,,0.0,2026-05-15
EURCHF,ppi_yoy,-1.0,-0.41666666666666663,2026-05-15
EURCHF,employment_change,1.0,0.3125,2026-05-15
EURCHF,unemployment_rate,0.0,0.0,2026-05-15
EURCHF,wage_growth,,0.0,2026-05-15
EURCHF,adp,,0.0,2026-05-15
EURCHF,jolts,,0.0,2026-05-15
EURCHF,jobless_claims,,0.0,2026-05-15
EURCHF,rate_expectations,2.0,1.25,2026-05-15
EURAUD,manufacturing_pmi,1.0,0.15625,2026-05-15
EURAUD,services_pmi,-1.0,-0.15625,2026-05-15
EURAUD,gdp_qoq,-1.0,-0.15625,2026-05-15
EURAUD,retail_sales,-1.0,0.15625,2026-05-15
EURAUD,cpi_yoy,1.0,0.3125,2026-05-15
EURAUD,core_cpi,-1.0,0.0,2026-05-15
EURAUD,core_pce,,0.0,2026-05-15
EURAUD,ppi_yoy,1.0,0.3125,2026-05-15
EURAUD,employment_change,1.0,0.3125,2026-05-15
EURAUD,unemployment_rate,0.0,0.0,2026-05-15
EURAUD,wage_growth,0.0,0.0,2026-05-15
EURAUD,adp,,0.0,2026-05-15
EURAUD,jolts,,0.0,2026-05-15
EURAUD,jobless_claims,,0.0,2026-05-15
EURAUD,rate_expectations,1.0,0.625,2026-05-15
EURNZD,manufacturing_pmi,1.0,0.15625,2026-05-15
EURNZD,services_pmi,-1.0,-0.15625,2026-05-15
EURNZD,gdp_qoq,-1.0,-0.15625,2026-05-15
EURNZD,retail_sales,0.0,0.15625,2026-05-15
EURNZD,cpi_yoy,-1.0,-0.41666666666666663,2026-05-15
EURNZD,core_cpi,0.0,0.0,2026-05-15
EURNZD,core_pce,,0.0,2026-05-15
EURNZD,ppi_yoy,0.0,0.0,2026-05-15
EURNZD,employment_change,1.0,0.3125,2026-05-15
EURNZD,unemployment_rate,-1.0,-0.2777777777777778,2026-05-15
EURNZD,wage_growth,-1.0,-0.2777777777777778,2026-05-15
EURNZD,adp,,0.0,2026-05-15
EURNZD,jolts,,0.0,2026-05-15
EURNZD,jobless_claims,,0.0,2026-05-15
EURNZD,rate_expectations,2.0,1.25,2026-05-15
EURCAD,manufacturing_pmi,1.0,0.15625,2026-05-15
EURCAD,services_pmi,-1.0,-0.15625,2026-05-15
EURCAD,gdp_qoq,-1.0,-0.15625,2026-05-15
EURCAD,retail_sales,2.0,0.3645833333333333,2026-05-15
EURCAD,cpi_yoy,1.0,0.20833333333333331,2026-05-15
EURCAD,core_cpi,0.0,0.0,2026-05-15
EURCAD,core_pce,,0.0,2026-05-15
EURCAD,ppi_yoy,-1.0,-0.20833333333333331,2026-05-15
EURCAD,employment_change,1.0,0.3125,2026-05-15
EURCAD,unemployment_rate,1.0,0.3125,2026-05-15
EURCAD,wage_growth,,0.0,2026-05-15
EURCAD,adp,,0.0,2026-05-15
EURCAD,jolts,,0.0,2026-05-15
EURCAD,jobless_claims,,0.0,2026-05-15
EURCAD,rate_expectations,0.0,0.0,2026-05-15
GBPJPY,manufacturing_pmi,0.0,-0.052083333333333315,2026-05-15
GBPJPY,services_pmi,1.0,0.15625,2026-05-15
GBPJPY,gdp_qoq,4.0,0.7291666666666666,2026-05-15
GBPJPY,retail_sales,1.0,0.20833333333333331,2026-05-15
GBPJPY,cpi_yoy,-1.0,-0.3125,2026-05-15
GBPJPY,core_cpi,1.0,0.3125,2026-05-15
GBPJPY,core_pce,,0.0,2026-05-15
GBPJPY,ppi_yoy,0.0,0.0,2026-05-15
GBPJPY,employment_change,0.0,0.0,2026-05-15
GBPJPY,unemployment_rate,3.0,0.7291666666666666,2026-05-15
GBPJPY,wage_growth,1.0,0.20833333333333331,2026-05-15
GBPJPY,adp,,0.0,2026-05-15
GBPJPY,jolts,,0.0,2026-05-15
GBPJPY,jobless_claims,,0.0,2026-05-15
GBPJPY,rate_expectations,2.0,1.25,2026-05-15
GBPCHF,manufacturing_pmi,0.0,-0.12152777777777779,2026-05-15
GBPCHF,services_pmi,1.0,0.15625,2026-05-15
GBPCHF,gdp_qoq,2.0,0.3125,2026-05-15
GBPCHF,retail_sales,0.0,0.0,2026-05-15
GBPCHF,cpi_yoy,0.0,0.0,2026-05-15
GBPCHF,core_cpi,0.0,0.0,2026-05-15
GBPCHF,core_pce,,0.0,2026-05-15
GBPCHF,ppi_yoy,-1.0,-0.41666666666666663,2026-05-15
GBPCHF,employment_change,0.0,0.0,2026-05-15
GBPCHF,unemployment_rate,2.0,0.41666666666666663,2026-05-15
GBPCHF,wage_growth,1.0,0.20833333333333331,2026-05-15
GBPCHF,adp,,0.0,2026-05-15
GBPCHF,jolts,,0.0,2026-05-15
GBPCHF,jobless_claims,,0.0,2026-05-15
GBPCHF,rate_expectations,2.0,1.25,2026-05-15
GBPAUD,manufacturing_pmi,1.0,0.15625,2026-05-15
GBPAUD,services_pmi,1.0,0.15625,2026-05-15
GBPAUD,gdp_qoq,2.0,0.3125,2026-05-15
GBPAUD,retail_sales,-2.0,0.0,2026-05-15
GBPAUD,cpi_yoy,1.0,0.3125,2026-05-15
GBPAUD,core_cpi,-1.0,0.0,2026-05-15
GBPAUD,core_pce,,0.0,2026-05-15
GBPAUD,ppi_yoy,1.0,0.3125,2026-05-15
GBPAUD,employment_change,0.0,0.0,2026-05-15
GBPAUD,unemployment_rate,2.0,0.41666666666666663,2026-05-15
GBPAUD,wage_growth,1.0,0.20833333333333331,2026-05-15
GBPAUD,adp,,0.0,2026-05-15
GBPAUD,jolts,,0.0,2026-05-15
GBPAUD,jobless_claims,,0.0,2026-05-15
GBPAUD,rate_expectations,1.0,0.625,2026-05-15
GBPNZD,manufacturing_pmi,1.0,0.15625,2026-05-15
GBPNZD,services_pmi,1.0,0.15625,2026-05-15
GBPNZD,gdp_qoq,2.0,0.3125,2026-05-15
GBPNZD,retail_sales,-1.0,0.0,2026-05-15
GBPNZD,cpi_yoy,-1.0,-0.41666666666666663,2026-05-15
GBPNZD,core_cpi,0.0,0.0,2026-05-15
GBPNZD,core_pce,,0.0,2026-05-15
GBPNZD,ppi_yoy,0.0,0.0,2026-05-15
GBPNZD,employment_change,0.0,0.0,2026-05-15
GBPNZD,unemployment_rate,1.0,0.13888888888888884,2026-05-15
GBPNZD,wage_growth,0.0,-0.06944444444444448,2026-05-15
GBPNZD,adp,,0.0,2026-05-15
GBPNZD,jolts,,0.0,2026-05-15
GBPNZD,jobless_claims,,0.0,2026-05-15
GBPNZD,rate_expectations,2.0,1.25,2026-05-15
GBPCAD,manufacturing_pmi,1.0,0.15625,2026-05-15
GBPCAD,services_pmi,1.0,0.15625,2026-05-15
GBPCAD,gdp_qoq,2.0,0.3125,2026-05-15
GBPCAD,retail_sales,1.0,0.20833333333333331,2026-05-15
GBPCAD,cpi_yoy,1.0,0.20833333333333331,2026-05-15
GBPCAD,core_cpi,0.0,0.0,2026-05-15
GBPCAD,core_pce,,0.0,2026-05-15
GBPCAD,ppi_yoy,-1.0,-0.20833333333333331,2026-05-15
GBPCAD,employment_change,0.0,0.0,2026-05-15
GBPCAD,unemployment_rate,3.0,0.7291666666666666,2026-05-15
GBPCAD,wage_growth,1.0,0.20833333333333331,2026-05-15
GBPCAD,adp,,0.0,2026-05-15
GBPCAD,jolts,,0.0,2026-05-15
GBPCAD,jobless_claims,,0.0,2026-05-15
GBPCAD,rate_expectations,0.0,0.0,2026-05-15
AUDJPY,manufacturing_pmi,-1.0,-0.20833333333333331,2026-05-15
AUDJPY,services_pmi,0.0,0.0,2026-05-15
AUDJPY,gdp_qoq,2.0,0.41666666666666663,2026-05-15
AUDJPY,retail_sales,3.0,0.20833333333333331,2026-05-15
AUDJPY,cpi_yoy,-2.0,-0.625,2026-05-15
AUDJPY,core_cpi,2.0,0.3125,2026-05-15
AUDJPY,core_pce,,0.0,2026-05-15
AUDJPY,ppi_yoy,-1.0,-0.3125,2026-05-15
AUDJPY,employment_change,0.0,0.0,2026-05-15
AUDJPY,unemployment_rate,1.0,0.3125,2026-05-15
AUDJPY,wage_growth,0.0,0.0,2026-05-15
AUDJPY,adp,,0.0,2026-05-15
AUDJPY,jolts,,0.0,2026-05-15
AUDJPY,jobless_claims,,0.0,2026-05-15
AUDJPY,rate_expectations,1.0,0.625,2026-05-15
NZDJPY,manufacturing_pmi,-1.0,-0.20833333333333331,2026-05-15
NZDJPY,services_pmi,0.0,0.0,2026-05-15
NZDJPY,gdp_qoq,2.0,0.41666666666666663,2026-05-15
NZDJPY,retail_sales,2.0,0.20833333333333331,2026-05-15
NZDJPY,cpi_yoy,0.0,0.10416666666666663,2026-05-15
NZDJPY,core_cpi,1.0,0.3125,2026-05-15
NZDJPY,core_pce,,0.0,2026-05-15
NZDJPY,ppi_yoy,0.0,0.0,2026-05-15
NZDJPY,employment_change,0.0,0.0,2026-05-15
NZDJPY,unemployment_rate,2.0,0.5902777777777778,2026-05-15
NZDJPY,wage_growth,1.0,0.2777777777777778,2026-05-15
NZDJPY,adp,,0.0,2026-05-15
NZDJPY,jolts,,0.0,2026-05-15
NZDJPY,jobless_claims,,0.0,2026-05-15
NZDJPY,rate_expectations,0.0,0.0,2026-05-15
CADJPY,manufacturing_pmi,-1.0,-0.20833333333333331,2026-05-15
CADJPY,services_pmi,,0.0,2026-05-15
CADJPY,gdp_qoq,2.0,0.41666666666666663,2026-05-15
CADJPY,retail_sales,0.0,0.0,2026-05-15
CADJPY,cpi_yoy,-2.0,-0.5208333333333333,2026-05-15
CADJPY,core_cpi,1.0,0.3125,2026-05-15
CADJPY,core_pce,,0.0,2026-05-15
CADJPY,ppi_yoy,1.0,0.20833333333333331,2026-05-15
CADJPY,employment_change,0.0,0.0,2026-05-15
CADJPY,unemployment_rate,0.0,0.0,2026-05-15
CADJPY,wage_growth,0.0,0.0,2026-05-15
CADJPY,adp,,0.0,2026-05-15
CADJPY,jolts,,0.0,2026-05-15
CADJPY,jobless_claims,,0.0,2026-05-15
CADJPY,rate_expectations,2.0,1.25,2026-05-15
CHFJPY,manufacturing_pmi,0.0,0.06944444444444448,2026-05-15
CHFJPY,services_pmi,,0.0,2026-05-15
CHFJPY,gdp_qoq,2.0,0.41666666666666663,2026-05-15
CHFJPY,retail_sales,1.0,0.20833333333333331,2026-05-15
CHFJPY,cpi_yoy,-1.0,-0.3125,2026-05-15
CHFJPY,core_cpi,1.0,0.3125,2026-05-15
CHFJPY,core_pce,,0.0,2026-05-15
CHFJPY,ppi_yoy,1.0,0.41666666666666663,2026-05-15
CHFJPY,employment_change,,0.0,2026-05-15
CHFJPY,unemployment_rate,1.0,0.3125,2026-05-15
CHFJPY,wage_growth,0.0,0.0,2026-05-15
CHFJPY,adp,,0.0,2026-05-15
CHFJPY,jolts,,0.0,2026-05-15
CHFJPY,jobless_claims,,0.0,2026-05-15
CHFJPY,rate_expectations,0.0,0.0,2026-05-15
AUDNZD,manufacturing_pmi,0.0,0.0,2026-05-15
AUDNZD,services_pmi,0.0,0.0,2026-05-15
AUDNZD,gdp_qoq,0.0,0.0,2026-05-15
AUDNZD,retail_sales,1.0,0.0,2026-05-15
AUDNZD,cpi_yoy,-2.0,-0.7291666666666666,2026-05-15
AUDNZD,core_cpi,1.0,0.0,2026-05-15
AUDNZD,core_pce,,0.0,2026-05-15
AUDNZD,ppi_yoy,-1.0,-0.3125,2026-05-15
AUDNZD,employment_change,0.0,0.0,2026-05-15
AUDNZD,unemployment_rate,-1.0,-0.2777777777777778,2026-05-15
AUDNZD,wage_growth,-1.0,-0.2777777777777778,2026-05-15
AUDNZD,adp,,0.0,2026-05-15
AUDNZD,jolts,,0.0,2026-05-15
AUDNZD,jobless_claims,,0.0,2026-05-15
AUDNZD,rate_expectations,1.0,0.625,2026-05-15
AUDCAD,manufacturing_pmi,0.0,0.0,2026-05-15
AUDCAD,services_pmi,0.0,0.0,2026-05-15
AUDCAD,gdp_qoq,0.0,0.0,2026-05-15
AUDCAD,retail_sales,3.0,0.20833333333333331,2026-05-15
AUDCAD,cpi_yoy,0.0,-0.10416666666666669,2026-05-15
AUDCAD,core_cpi,1.0,0.0,2026-05-15
AUDCAD,core_pce,,0.0,2026-05-15
AUDCAD,ppi_yoy,-2.0,-0.5208333333333333,2026-05-15
AUDCAD,employment_change,0.0,0.0,2026-05-15
AUDCAD,unemployment_rate,1.0,0.3125,2026-05-15
AUDCAD,wage_growth,0.0,0.0,2026-05-15
AUDCAD,adp,,0.0,2026-05-15
AUDCAD,jolts,,0.0,2026-05-15
AUDCAD,jobless_claims,,0.0,2026-05-15
AUDCAD,rate_expectations,-1.0,-0.625,2026-05-15
AUDCHF,manufacturing_pmi,-1.0,-0.2777777777777778,2026-05-15
AUDCHF,services_pmi,0.0,0.0,2026-05-15
AUDCHF,gdp_qoq,0.0,0.0,2026-05-15
AUDCHF,retail_sales,2.0,0.0,2026-05-15
AUDCHF,cpi_yoy,-1.0,-0.3125,2026-05-15
AUDCHF,core_cpi,1.0,0.0,2026-05-15
AUDCHF,core_pce,,0.0,2026-05-15
AUDCHF,ppi_yoy,-2.0,-0.7291666666666666,2026-05-15
AUDCHF,employment_change,0.0,0.0,2026-05-15
AUDCHF,unemployment_rate,0.0,0.0,2026-05-15
AUDCHF,wage_growth,0.0,0.0,2026-05-15
AUDCHF,adp,,0.0,2026-05-15
AUDCHF,jolts,,0.0,2026-05-15
AUDCHF,jobless_claims,,0.0,2026-05-15
AUDCHF,rate_expectations,1.0,0.625,2026-05-15
NZDCAD,manufacturing_pmi,0.0,0.0,2026-05-15
NZDCAD,services_pmi,0.0,0.0,2026-05-15
NZDCAD,gdp_qoq,0.0,0.0,2026-05-15
NZDCAD,retail_sales,2.0,0.20833333333333331,2026-05-15
NZDCAD,cpi_yoy,2.0,0.625,2026-05-15
NZDCAD,core_cpi,0.0,0.0,2026-05-15
NZDCAD,core_pce,,0.0,2026-05-15
NZDCAD,ppi_yoy,-1.0,-0.20833333333333331,2026-05-15
NZDCAD,employment_change,0.0,0.0,2026-05-15
NZDCAD,unemployment_rate,2.0,0.5902777777777778,2026-05-15
NZDCAD,wage_growth,1.0,0.2777777777777778,2026-05-15
NZDCAD,adp,,0.0,2026-05-15
NZDCAD,jolts,,0.0,2026-05-15
NZDCAD,jobless_claims,,0.0,2026-05-15
NZDCAD,rate_expectations,-2.0,-1.25,2026-05-15
NZDCHF,manufacturing_pmi,-1.0,-0.2777777777777778,2026-05-15
NZDCHF,services_pmi,0.0,0.0,2026-05-15
NZDCHF,gdp_qoq,0.0,0.0,2026-05-15
NZDCHF,retail_sales,1.0,0.0,2026-05-15
NZDCHF,cpi_yoy,1.0,0.41666666666666663,2026-05-15
NZDCHF,core_cpi,,0.0,2026-05-15
NZDCHF,core_pce,,0.0,2026-05-15
NZDCHF,ppi_yoy,-1.0,-0.41666666666666663,2026-05-15
NZDCHF,employment_change,0.0,0.0,2026-05-15
NZDCHF,unemployment_rate,1.0,0.2777777777777778,2026-05-15
NZDCHF,wage_growth,1.0,0.2777777777777778,2026-05-15
NZDCHF,adp,,0.0,2026-05-15
NZDCHF,jolts,,0.0,2026-05-15
NZDCHF,jobless_claims,,0.0,2026-05-15
NZDCHF,rate_expectations,,0.0,2026-05-15
CADCHF,manufacturing_pmi,-1.0,-0.2777777777777778,2026-05-15
CADCHF,services_pmi,,0.0,2026-05-15
CADCHF,gdp_qoq,0.0,0.0,2026-05-15
CADCHF,retail_sales,-1.0,-0.20833333333333331,2026-05-15
CADCHF,cpi_yoy,-1.0,-0.20833333333333331,2026-05-15
CADCHF,core_cpi,0.0,0.0,2026-05-15
CADCHF,core_pce,,0.0,2026-05-15
CADCHF,ppi_yoy,0.0,-0.20833333333333331,2026-05-15
CADCHF,employment_change,0.0,0.0,2026-05-15
CADCHF,unemployment_rate,-1.0,-0.3125,2026-05-15
CADCHF,wage_growth,,0.0,2026-05-15
CADCHF,adp,,0.0,2026-05-15
CADCHF,jolts,,0.0,2026-05-15
CADCHF,jobless_claims,,0.0,2026-05-15
CADCHF,rate_expectations,2.0,1.25,2026-05-15
EURUSD,manufacturing_pmi,0.0,0.0,2026-05-22
EURUSD,services_pmi,-1.0,-0.15625,2026-05-22
EURUSD,gdp_qoq,-1.0,-0.15625,2026-05-22
EURUSD,retail_sales,1.0,0.15625,2026-05-22
EURUSD,cpi_yoy,0.0,0.0,2026-05-22
EURUSD,core_cpi,-1.0,-0.15625,2026-05-22
EURUSD,core_pce,0.0,0.0,2026-05-22
EURUSD,ppi_yoy,-2.0,-0.3125,2026-05-22
EURUSD,employment_change,1.0,0.3125,2026-05-22
EURUSD,unemployment_rate,0.0,0.0,2026-05-22
EURUSD,wage_growth,1.0,0.10416666666666666,2026-05-22
EURUSD,adp,0.0,0.0,2026-05-22
EURUSD,jolts,0.0,0.0,2026-05-22
EURUSD,jobless_claims,0.0,0.0,2026-05-22
EURUSD,rate_expectations,-1.0,-0.625,2026-05-22
GBPUSD,manufacturing_pmi,1.0,0.15625,2026-05-22
GBPUSD,services_pmi,1.0,0.15625,2026-05-22
GBPUSD,gdp_qoq,2.0,0.3125,2026-05-22
GBPUSD,retail_sales,0.0,0.0,2026-05-22
GBPUSD,cpi_yoy,-1.0,-0.20833333333333331,2026-05-22
GBPUSD,core_cpi,-1.0,-0.15625,2026-05-22
GBPUSD,core_pce,0.0,0.0,2026-05-22
GBPUSD,ppi_yoy,-1.0,-0.10416666666666669,2026-05-22
GBPUSD,employment_change,0.0,0.0,2026-05-22
GBPUSD,unemployment_rate,-1.0,-0.20833333333333331,2026-05-22
GBPUSD,wage_growth,2.0,0.3125,2026-05-22
GBPUSD,adp,0.0,0.0,2026-05-22
GBPUSD,jolts,0.0,0.0,2026-05-22
GBPUSD,jobless_claims,0.0,0.0,2026-05-22
GBPUSD,rate_expectations,-2.0,-1.25,2026-05-22
USDJPY,manufacturing_pmi,0.0,0.0,2026-05-22
USDJPY,services_pmi,0.0,0.0,2026-05-22
USDJPY,gdp_qoq,-2.0,-0.41666666666666663,2026-05-22
USDJPY,retail_sales,1.0,0.20833333333333331,2026-05-22
USDJPY,cpi_yoy,2.0,0.625,2026-05-22
USDJPY,core_cpi,2.0,0.46875,2026-05-22
USDJPY,core_pce,0.0,0.0,2026-05-22
USDJPY,ppi_yoy,2.0,0.3125,2026-05-22
USDJPY,employment_change,0.0,0.0,2026-05-22
USDJPY,unemployment_rate,1.0,0.3125,2026-05-22
USDJPY,wage_growth,-1.0,-0.10416666666666666,2026-05-22
USDJPY,adp,0.0,0.0,2026-05-22
USDJPY,jolts,0.0,0.0,2026-05-22
USDJPY,jobless_claims,0.0,0.0,2026-05-22
USDJPY,rate_expectations,0.0,0.0,2026-05-22
USDCHF,manufacturing_pmi,-1.0,-0.2777777777777778,2026-05-22
USDCHF,services_pmi,0.0,0.0,2026-05-22
USDCHF,gdp_qoq,0.0,0.0,2026-05-22
USDCHF,retail_sales,0.0,0.0,2026-05-22
USDCHF,cpi_yoy,0.0,0.0,2026-05-22
USDCHF,core_cpi,1.0,0.15625,2026-05-22
USDCHF,core_pce,0.0,0.0,2026-05-22
USDCHF,ppi_yoy,1.0,-0.10416666666666663,2026-05-22
USDCHF,employment_change,0.0,0.0,2026-05-22
USDCHF,unemployment_rate,0.0,0.0,2026-05-22
USDCHF,wage_growth,-1.0,-0.10416666666666666,2026-05-22
USDCHF,adp,0.0,0.0,2026-05-22
USDCHF,jolts,0.0,0.0,2026-05-22
USDCHF,jobless_claims,0.0,0.0,2026-05-22
USDCHF,rate_expectations,2.0,1.25,2026-05-22
USDCAD,manufacturing_pmi,0.0,0.0,2026-05-22
USDCAD,services_pmi,0.0,0.0,2026-05-22
USDCAD,gdp_qoq,0.0,0.0,2026-05-22
USDCAD,retail_sales,1.0,0.20833333333333331,2026-05-22
USDCAD,cpi_yoy,2.0,0.41666666666666663,2026-05-22
USDCAD,core_cpi,1.0,0.15625,2026-05-22
USDCAD,core_pce,0.0,0.0,2026-05-22
USDCAD,ppi_yoy,1.0,0.10416666666666669,2026-05-22
USDCAD,employment_change,0.0,0.0,2026-05-22
USDCAD,unemployment_rate,1.0,0.3125,2026-05-22
USDCAD,wage_growth,-1.0,-0.10416666666666666,2026-05-22
USDCAD,adp,0.0,0.0,2026-05-22
USDCAD,jolts,0.0,0.0,2026-05-22
USDCAD,jobless_claims,0.0,0.0,2026-05-22
USDCAD,rate_expectations,1.0,0.625,2026-05-22
AUDUSD,manufacturing_pmi,0.0,0.0,2026-05-22
AUDUSD,services_pmi,0.0,0.0,2026-05-22
AUDUSD,gdp_qoq,0.0,0.0,2026-05-22
AUDUSD,retail_sales,2.0,0.0,2026-05-22
AUDUSD,cpi_yoy,-1.0,-0.3125,2026-05-22
AUDUSD,core_cpi,0.0,-0.15625,2026-05-22
AUDUSD,core_pce,0.0,0.0,2026-05-22
AUDUSD,ppi_yoy,-3.0,-0.625,2026-05-22
AUDUSD,employment_change,-1.0,-0.20833333333333331,2026-05-22
AUDUSD,unemployment_rate,-1.0,-0.20833333333333331,2026-05-22
AUDUSD,wage_growth,1.0,0.10416666666666666,2026-05-22
AUDUSD,adp,0.0,0.0,2026-05-22
AUDUSD,jolts,0.0,0.0,2026-05-22
AUDUSD,jobless_claims,0.0,0.0,2026-05-22
AUDUSD,rate_expectations,-3.0,-1.875,2026-05-22
NZDUSD,manufacturing_pmi,0.0,0.0,2026-05-22
NZDUSD,services_pmi,0.0,0.0,2026-05-22
NZDUSD,gdp_qoq,0.0,0.0,2026-05-22
NZDUSD,retail_sales,0.0,0.0,2026-05-22
NZDUSD,cpi_yoy,1.0,0.41666666666666663,2026-05-22
NZDUSD,core_cpi,-1.0,-0.15625,2026-05-22
NZDUSD,core_pce,0.0,0.0,2026-05-22
NZDUSD,ppi_yoy,-2.0,-0.3125,2026-05-22
NZDUSD,employment_change,0.0,0.0,2026-05-22
NZDUSD,unemployment_rate,1.0,0.2777777777777778,2026-05-22
NZDUSD,wage_growth,2.0,0.3819444444444444,2026-05-22
NZDUSD,adp,0.0,0.0,2026-05-22
NZDUSD,jolts,0.0,0.0,2026-05-22
NZDUSD,jobless_claims,0.0,0.0,2026-05-22
NZDUSD,rate_expectations,-2.0,-1.25,2026-05-22
EURGBP,manufacturing_pmi,-1.0,-0.15625,2026-05-22
EURGBP,services_pmi,-2.0,-0.3125,2026-05-22
EURGBP,gdp_qoq,-3.0,-0.46875,2026-05-22
EURGBP,retail_sales,1.0,0.15625,2026-05-22
EURGBP,cpi_yoy,1.0,0.20833333333333331,2026-05-22
EURGBP,core_cpi,0.0,0.0,2026-05-22
EURGBP,core_pce,,0.0,2026-05-22
EURGBP,ppi_yoy,-1.0,-0.20833333333333331,2026-05-22
EURGBP,employment_change,1.0,0.3125,2026-05-22
EURGBP,unemployment_rate,1.0,0.20833333333333331,2026-05-22
EURGBP,wage_growth,-1.0,-0.20833333333333331,2026-05-22
EURGBP,adp,,0.0,2026-05-22
EURGBP,jolts,,0.0,2026-05-22
EURGBP,jobless_claims,,0.0,2026-05-22
EURGBP,rate_expectations,1.0,0.625,2026-05-22
EURJPY,manufacturing_pmi,0.0,0.0,2026-05-22
EURJPY,services_pmi,-1.0,-0.15625,2026-05-22
EURJPY,gdp_qoq,-3.0,-0.5729166666666666,2026-05-22
EURJPY,retail_sales,2.0,0.3645833333333333,2026-05-22
EURJPY,cpi_yoy,2.0,0.625,2026-05-22
EURJPY,core_cpi,1.0,0.3125,2026-05-22
EURJPY,core_pce,,0.0,2026-05-22
EURJPY,ppi_yoy,0.0,0.0,2026-05-22
EURJPY,employment_change,1.0,0.3125,2026-05-22
EURJPY,unemployment_rate,1.0,0.3125,2026-05-22
EURJPY,wage_growth,0.0,0.0,2026-05-22
EURJPY,adp,,0.0,2026-05-22
EURJPY,jolts,,0.0,2026-05-22
EURJPY,jobless_claims,,0.0,2026-05-22
EURJPY,rate_expectations,-1.0,-0.625,2026-05-22
EURCHF,manufacturing_pmi,-1.0,-0.2777777777777778,2026-05-22
EURCHF,services_pmi,-1.0,-0.15625,2026-05-22
EURCHF,gdp_qoq,-1.0,-0.15625,2026-05-22
EURCHF,retail_sales,1.0,0.15625,2026-05-22
EURCHF,cpi_yoy,0.0,0.0,2026-05-22
EURCHF,core_cpi,0.0,0.0,2026-05-22
EURCHF,core_pce,,0.0,2026-05-22
EURCHF,ppi_yoy,-1.0,-0.41666666666666663,2026-05-22
EURCHF,employment_change,1.0,0.3125,2026-05-22
EURCHF,unemployment_rate,0.0,0.0,2026-05-22
EURCHF,wage_growth,,0.0,2026-05-22
EURCHF,adp,,0.0,2026-05-22
EURCHF,jolts,,0.0,2026-05-22
EURCHF,jobless_claims,,0.0,2026-05-22
EURCHF,rate_expectations,1.0,0.625,2026-05-22
EURAUD,manufacturing_pmi,0.0,0.0,2026-05-22
EURAUD,services_pmi,-1.0,-0.15625,2026-05-22
EURAUD,gdp_qoq,-1.0,-0.15625,2026-05-22
EURAUD,retail_sales,-1.0,0.15625,2026-05-22
EURAUD,cpi_yoy,1.0,0.3125,2026-05-22
EURAUD,core_cpi,-1.0,0.0,2026-05-22
EURAUD,core_pce,,0.0,2026-05-22
EURAUD,ppi_yoy,1.0,0.3125,2026-05-22
EURAUD,employment_change,2.0,0.5208333333333333,2026-05-22
EURAUD,unemployment_rate,1.0,0.20833333333333331,2026-05-22
EURAUD,wage_growth,0.0,0.0,2026-05-22
EURAUD,adp,,0.0,2026-05-22
EURAUD,jolts,,0.0,2026-05-22
EURAUD,jobless_claims,,0.0,2026-05-22
EURAUD,rate_expectations,2.0,1.25,2026-05-22
EURNZD,manufacturing_pmi,0.0,0.0,2026-05-22
EURNZD,services_pmi,-1.0,-0.15625,2026-05-22
EURNZD,gdp_qoq,-1.0,-0.15625,2026-05-22
EURNZD,retail_sales,1.0,0.15625,2026-05-22
EURNZD,cpi_yoy,-1.0,-0.41666666666666663,2026-05-22
EURNZD,core_cpi,0.0,0.0,2026-05-22
EURNZD,core_pce,,0.0,2026-05-22
EURNZD,ppi_yoy,0.0,0.0,2026-05-22
EURNZD,employment_change,1.0,0.3125,2026-05-22
EURNZD,unemployment_rate,-1.0,-0.2777777777777778,2026-05-22
EURNZD,wage_growth,-1.0,-0.2777777777777778,2026-05-22
EURNZD,adp,,0.0,2026-05-22
EURNZD,jolts,,0.0,2026-05-22
EURNZD,jobless_claims,,0.0,2026-05-22
EURNZD,rate_expectations,1.0,0.625,2026-05-22
EURCAD,manufacturing_pmi,0.0,0.0,2026-05-22
EURCAD,services_pmi,-1.0,-0.15625,2026-05-22
EURCAD,gdp_qoq,-1.0,-0.15625,2026-05-22
EURCAD,retail_sales,2.0,0.3645833333333333,2026-05-22
EURCAD,cpi_yoy,2.0,0.41666666666666663,2026-05-22
EURCAD,core_cpi,0.0,0.0,2026-05-22
EURCAD,core_pce,,0.0,2026-05-22
EURCAD,ppi_yoy,-1.0,-0.20833333333333331,2026-05-22
EURCAD,employment_change,1.0,0.3125,2026-05-22
EURCAD,unemployment_rate,1.0,0.3125,2026-05-22
EURCAD,wage_growth,,0.0,2026-05-22
EURCAD,adp,,0.0,2026-05-22
EURCAD,jolts,,0.0,2026-05-22
EURCAD,jobless_claims,,0.0,2026-05-22
EURCAD,rate_expectations,0.0,0.0,2026-05-22
GBPJPY,manufacturing_pmi,1.0,0.15625,2026-05-22
GBPJPY,services_pmi,1.0,0.15625,2026-05-22
GBPJPY,gdp_qoq,0.0,-0.10416666666666663,2026-05-22
GBPJPY,retail_sales,1.0,0.20833333333333331,2026-05-22
GBPJPY,cpi_yoy,1.0,0.4166666666666667,2026-05-22
GBPJPY,core_cpi,1.0,0.3125,2026-05-22
GBPJPY,core_pce,,0.0,2026-05-22
GBPJPY,ppi_yoy,1.0,0.20833333333333331,2026-05-22
GBPJPY,employment_change,0.0,0.0,2026-05-22
GBPJPY,unemployment_rate,0.0,0.10416666666666669,2026-05-22
GBPJPY,wage_growth,1.0,0.20833333333333331,2026-05-22
GBPJPY,adp,,0.0,2026-05-22
GBPJPY,jolts,,0.0,2026-05-22
GBPJPY,jobless_claims,,0.0,2026-05-22
GBPJPY,rate_expectations,-2.0,-1.25,2026-05-22
GBPCHF,manufacturing_pmi,0.0,-0.12152777777777779,2026-05-22
GBPCHF,services_pmi,1.0,0.15625,2026-05-22
GBPCHF,gdp_qoq,2.0,0.3125,2026-05-22
GBPCHF,retail_sales,0.0,0.0,2026-05-22
GBPCHF,cpi_yoy,-1.0,-0.20833333333333331,2026-05-22
GBPCHF,core_cpi,0.0,0.0,2026-05-22
GBPCHF,core_pce,,0.0,2026-05-22
GBPCHF,ppi_yoy,0.0,-0.20833333333333331,2026-05-22
GBPCHF,employment_change,0.0,0.0,2026-05-22
GBPCHF,unemployment_rate,-1.0,-0.20833333333333331,2026-05-22
GBPCHF,wage_growth,1.0,0.20833333333333331,2026-05-22
GBPCHF,adp,,0.0,2026-05-22
GBPCHF,jolts,,0.0,2026-05-22
GBPCHF,jobless_claims,,0.0,2026-05-22
GBPCHF,rate_expectations,0.0,0.0,2026-05-22
GBPAUD,manufacturing_pmi,1.0,0.15625,2026-05-22
GBPAUD,services_pmi,1.0,0.15625,2026-05-22
GBPAUD,gdp_qoq,2.0,0.3125,2026-05-22
GBPAUD,retail_sales,-2.0,0.0,2026-05-22
GBPAUD,cpi_yoy,0.0,0.10416666666666669,2026-05-22
GBPAUD,core_cpi,-1.0,0.0,2026-05-22
GBPAUD,core_pce,,0.0,2026-05-22
GBPAUD,ppi_yoy,2.0,0.5208333333333333,2026-05-22
GBPAUD,employment_change,1.0,0.20833333333333331,2026-05-22
GBPAUD,unemployment_rate,0.0,0.0,2026-05-22
GBPAUD,wage_growth,1.0,0.20833333333333331,2026-05-22
GBPAUD,adp,,0.0,2026-05-22
GBPAUD,jolts,,0.0,2026-05-22
GBPAUD,jobless_claims,,0.0,2026-05-22
GBPAUD,rate_expectations,1.0,0.625,2026-05-22
GBPNZD,manufacturing_pmi,1.0,0.15625,2026-05-22
GBPNZD,services_pmi,1.0,0.15625,2026-05-22
GBPNZD,gdp_qoq,2.0,0.3125,2026-05-22
GBPNZD,retail_sales,0.0,0.0,2026-05-22
GBPNZD,cpi_yoy,-2.0,-0.625,2026-05-22
GBPNZD,core_cpi,0.0,0.0,2026-05-22
GBPNZD,core_pce,,0.0,2026-05-22
GBPNZD,ppi_yoy,1.0,0.20833333333333331,2026-05-22
GBPNZD,employment_change,0.0,0.0,2026-05-22
GBPNZD,unemployment_rate,-2.0,-0.4861111111111111,2026-05-22
GBPNZD,wage_growth,0.0,-0.06944444444444448,2026-05-22
GBPNZD,adp,,0.0,2026-05-22
GBPNZD,jolts,,0.0,2026-05-22
GBPNZD,jobless_claims,,0.0,2026-05-22
GBPNZD,rate_expectations,0.0,0.0,2026-05-22
GBPCAD,manufacturing_pmi,1.0,0.15625,2026-05-22
GBPCAD,services_pmi,1.0,0.15625,2026-05-22
GBPCAD,gdp_qoq,2.0,0.3125,2026-05-22
GBPCAD,retail_sales,1.0,0.20833333333333331,2026-05-22
GBPCAD,cpi_yoy,1.0,0.20833333333333331,2026-05-22
GBPCAD,core_cpi,0.0,0.0,2026-05-22
GBPCAD,core_pce,,0.0,2026-05-22
GBPCAD,ppi_yoy,0.0,0.0,2026-05-22
GBPCAD,employment_change,0.0,0.0,2026-05-22
GBPCAD,unemployment_rate,0.0,0.10416666666666669,2026-05-22
GBPCAD,wage_growth,1.0,0.20833333333333331,2026-05-22
GBPCAD,adp,,0.0,2026-05-22
GBPCAD,jolts,,0.0,2026-05-22
GBPCAD,jobless_claims,,0.0,2026-05-22
GBPCAD,rate_expectations,-1.0,-0.625,2026-05-22
AUDJPY,manufacturing_pmi,0.0,0.0,2026-05-22
AUDJPY,services_pmi,0.0,0.0,2026-05-22
AUDJPY,gdp_qoq,-2.0,-0.41666666666666663,2026-05-22
AUDJPY,retail_sales,3.0,0.20833333333333331,2026-05-22
AUDJPY,cpi_yoy,1.0,0.3125,2026-05-22
AUDJPY,core_cpi,2.0,0.3125,2026-05-22
AUDJPY,core_pce,,0.0,2026-05-22
AUDJPY,ppi_yoy,-1.0,-0.3125,2026-05-22
AUDJPY,employment_change,-1.0,-0.20833333333333331,2026-05-22
AUDJPY,unemployment_rate,0.0,0.10416666666666669,2026-05-22
AUDJPY,wage_growth,0.0,0.0,2026-05-22
AUDJPY,adp,,0.0,2026-05-22
AUDJPY,jolts,,0.0,2026-05-22
AUDJPY,jobless_claims,,0.0,2026-05-22
AUDJPY,rate_expectations,-3.0,-1.875,2026-05-22
NZDJPY,manufacturing_pmi,0.0,0.0,2026-05-22
NZDJPY,services_pmi,0.0,0.0,2026-05-22
NZDJPY,gdp_qoq,-2.0,-0.41666666666666663,2026-05-22
NZDJPY,retail_sales,1.0,0.20833333333333331,2026-05-22
NZDJPY,cpi_yoy,3.0,1.0416666666666665,2026-05-22
NZDJPY,core_cpi,1.0,0.3125,2026-05-22
NZDJPY,core_pce,,0.0,2026-05-22
NZDJPY,ppi_yoy,0.0,0.0,2026-05-22
NZDJPY,employment_change,0.0,0.0,2026-05-22
NZDJPY,unemployment_rate,2.0,0.5902777777777778,2026-05-22
NZDJPY,wage_growth,1.0,0.2777777777777778,2026-05-22
NZDJPY,adp,,0.0,2026-05-22
NZDJPY,jolts,,0.0,2026-05-22
NZDJPY,jobless_claims,,0.0,2026-05-22
NZDJPY,rate_expectations,-2.0,-1.25,2026-05-22
CADJPY,manufacturing_pmi,0.0,0.0,2026-05-22
CADJPY,services_pmi,,0.0,2026-05-22
CADJPY,gdp_qoq,-2.0,-0.41666666666666663,2026-05-22
CADJPY,retail_sales,0.0,0.0,2026-05-22
CADJPY,cpi_yoy,0.0,0.20833333333333337,2026-05-22
CADJPY,core_cpi,1.0,0.3125,2026-05-22
CADJPY,core_pce,,0.0,2026-05-22
CADJPY,ppi_yoy,1.0,0.20833333333333331,2026-05-22
CADJPY,employment_change,0.0,0.0,2026-05-22
CADJPY,unemployment_rate,0.0,0.0,2026-05-22
CADJPY,wage_growth,0.0,0.0,2026-05-22
CADJPY,adp,,0.0,2026-05-22
CADJPY,jolts,,0.0,2026-05-22
CADJPY,jobless_claims,,0.0,2026-05-22
CADJPY,rate_expectations,-1.0,-0.625,2026-05-22
CHFJPY,manufacturing_pmi,1.0,0.2777777777777778,2026-05-22
CHFJPY,services_pmi,,0.0,2026-05-22
CHFJPY,gdp_qoq,-2.0,-0.41666666666666663,2026-05-22
CHFJPY,retail_sales,1.0,0.20833333333333331,2026-05-22
CHFJPY,cpi_yoy,2.0,0.625,2026-05-22
CHFJPY,core_cpi,1.0,0.3125,2026-05-22
CHFJPY,core_pce,,0.0,2026-05-22
CHFJPY,ppi_yoy,1.0,0.41666666666666663,2026-05-22
CHFJPY,employment_change,,0.0,2026-05-22
CHFJPY,unemployment_rate,1.0,0.3125,2026-05-22
CHFJPY,wage_growth,0.0,0.0,2026-05-22
CHFJPY,adp,,0.0,2026-05-22
CHFJPY,jolts,,0.0,2026-05-22
CHFJPY,jobless_claims,,0.0,2026-05-22
CHFJPY,rate_expectations,-2.0,-1.25,2026-05-22
AUDNZD,manufacturing_pmi,0.0,0.0,2026-05-22
AUDNZD,services_pmi,0.0,0.0,2026-05-22
AUDNZD,gdp_qoq,0.0,0.0,2026-05-22
AUDNZD,retail_sales,2.0,0.0,2026-05-22
AUDNZD,cpi_yoy,-2.0,-0.7291666666666666,2026-05-22
AUDNZD,core_cpi,1.0,0.0,2026-05-22
AUDNZD,core_pce,,0.0,2026-05-22
AUDNZD,ppi_yoy,-1.0,-0.3125,2026-05-22
AUDNZD,employment_change,-1.0,-0.20833333333333331,2026-05-22
AUDNZD,unemployment_rate,-2.0,-0.4861111111111111,2026-05-22
AUDNZD,wage_growth,-1.0,-0.2777777777777778,2026-05-22
AUDNZD,adp,,0.0,2026-05-22
AUDNZD,jolts,,0.0,2026-05-22
AUDNZD,jobless_claims,,0.0,2026-05-22
AUDNZD,rate_expectations,-1.0,-0.625,2026-05-22
AUDCAD,manufacturing_pmi,0.0,0.0,2026-05-22
AUDCAD,services_pmi,0.0,0.0,2026-05-22
AUDCAD,gdp_qoq,0.0,0.0,2026-05-22
AUDCAD,retail_sales,3.0,0.20833333333333331,2026-05-22
AUDCAD,cpi_yoy,1.0,0.10416666666666663,2026-05-22
AUDCAD,core_cpi,1.0,0.0,2026-05-22
AUDCAD,core_pce,,0.0,2026-05-22
AUDCAD,ppi_yoy,-2.0,-0.5208333333333333,2026-05-22
AUDCAD,employment_change,-1.0,-0.20833333333333331,2026-05-22
AUDCAD,unemployment_rate,0.0,0.10416666666666669,2026-05-22
AUDCAD,wage_growth,0.0,0.0,2026-05-22
AUDCAD,adp,,0.0,2026-05-22
AUDCAD,jolts,,0.0,2026-05-22
AUDCAD,jobless_claims,,0.0,2026-05-22
AUDCAD,rate_expectations,-2.0,-1.25,2026-05-22
AUDCHF,manufacturing_pmi,-1.0,-0.2777777777777778,2026-05-22
AUDCHF,services_pmi,0.0,0.0,2026-05-22
AUDCHF,gdp_qoq,0.0,0.0,2026-05-22
AUDCHF,retail_sales,2.0,0.0,2026-05-22
AUDCHF,cpi_yoy,-1.0,-0.3125,2026-05-22
AUDCHF,core_cpi,1.0,0.0,2026-05-22
AUDCHF,core_pce,,0.0,2026-05-22
AUDCHF,ppi_yoy,-2.0,-0.7291666666666666,2026-05-22
AUDCHF,employment_change,-1.0,-0.20833333333333331,2026-05-22
AUDCHF,unemployment_rate,-1.0,-0.20833333333333331,2026-05-22
AUDCHF,wage_growth,0.0,0.0,2026-05-22
AUDCHF,adp,,0.0,2026-05-22
AUDCHF,jolts,,0.0,2026-05-22
AUDCHF,jobless_claims,,0.0,2026-05-22
AUDCHF,rate_expectations,-1.0,-0.625,2026-05-22
NZDCAD,manufacturing_pmi,0.0,0.0,2026-05-22
NZDCAD,services_pmi,0.0,0.0,2026-05-22
NZDCAD,gdp_qoq,0.0,0.0,2026-05-22
NZDCAD,retail_sales,1.0,0.20833333333333331,2026-05-22
NZDCAD,cpi_yoy,3.0,0.8333333333333333,2026-05-22
NZDCAD,core_cpi,0.0,0.0,2026-05-22
NZDCAD,core_pce,,0.0,2026-05-22
NZDCAD,ppi_yoy,-1.0,-0.20833333333333331,2026-05-22
NZDCAD,employment_change,0.0,0.0,2026-05-22
NZDCAD,unemployment_rate,2.0,0.5902777777777778,2026-05-22
NZDCAD,wage_growth,1.0,0.2777777777777778,2026-05-22
NZDCAD,adp,,0.0,2026-05-22
NZDCAD,jolts,,0.0,2026-05-22
NZDCAD,jobless_claims,,0.0,2026-05-22
NZDCAD,rate_expectations,-1.0,-0.625,2026-05-22
NZDCHF,manufacturing_pmi,-1.0,-0.2777777777777778,2026-05-22
NZDCHF,services_pmi,0.0,0.0,2026-05-22
NZDCHF,gdp_qoq,0.0,0.0,2026-05-22
NZDCHF,retail_sales,0.0,0.0,2026-05-22
NZDCHF,cpi_yoy,1.0,0.41666666666666663,2026-05-22
NZDCHF,core_cpi,,0.0,2026-05-22
NZDCHF,core_pce,,0.0,2026-05-22
NZDCHF,ppi_yoy,-1.0,-0.41666666666666663,2026-05-22
NZDCHF,employment_change,0.0,0.0,2026-05-22
NZDCHF,unemployment_rate,1.0,0.2777777777777778,2026-05-22
NZDCHF,wage_growth,1.0,0.2777777777777778,2026-05-22
NZDCHF,adp,,0.0,2026-05-22
NZDCHF,jolts,,0.0,2026-05-22
NZDCHF,jobless_claims,,0.0,2026-05-22
NZDCHF,rate_expectations,,0.0,2026-05-22
CADCHF,manufacturing_pmi,-1.0,-0.2777777777777778,2026-05-22
CADCHF,services_pmi,,0.0,2026-05-22
CADCHF,gdp_qoq,0.0,0.0,2026-05-22
CADCHF,retail_sales,-1.0,-0.20833333333333331,2026-05-22
CADCHF,cpi_yoy,-2.0,-0.41666666666666663,2026-05-22
CADCHF,core_cpi,0.0,0.0,2026-05-22
CADCHF,core_pce,,0.0,2026-05-22
CADCHF,ppi_yoy,0.0,-0.20833333333333331,2026-05-22
CADCHF,employment_change,0.0,0.0,2026-05-22
CADCHF,unemployment_rate,-1.0,-0.3125,2026-05-22
CADCHF,wage_growth,,0.0,2026-05-22
CADCHF,adp,,0.0,2026-05-22
CADCHF,jolts,,0.0,2026-05-22
CADCHF,jobless_claims,,0.0,2026-05-22
CADCHF,rate_expectations,1.0,0.625,2026-05-22
EURUSD,manufacturing_pmi,0.0,0.0,2026-05-29
EURUSD,services_pmi,-1.0,-0.15625,2026-05-29
EURUSD,gdp_qoq,-1.0,-0.15625,2026-05-29
EURUSD,retail_sales,1.0,0.15625,2026-05-29
EURUSD,cpi_yoy,0.0,0.0,2026-05-29
EURUSD,core_cpi,-1.0,-0.15625,2026-05-29
EURUSD,core_pce,2.0,0.3125,2026-05-29
EURUSD,ppi_yoy,-2.0,-0.3125,2026-05-29
EURUSD,employment_change,1.0,0.3125,2026-05-29
EURUSD,unemployment_rate,0.0,0.0,2026-05-29
EURUSD,wage_growth,1.0,0.10416666666666666,2026-05-29
EURUSD,adp,0.0,0.0,2026-05-29
EURUSD,jolts,0.0,0.0,2026-05-29
EURUSD,jobless_claims,0.0,0.0,2026-05-29
EURUSD,rate_expectations,-2.0,-1.25,2026-05-29
GBPUSD,manufacturing_pmi,1.0,0.15625,2026-05-29
GBPUSD,services_pmi,1.0,0.15625,2026-05-29
GBPUSD,gdp_qoq,2.0,0.3125,2026-05-29
GBPUSD,retail_sales,0.0,0.0,2026-05-29
GBPUSD,cpi_yoy,-1.0,-0.20833333333333331,2026-05-29
GBPUSD,core_cpi,-1.0,-0.15625,2026-05-29
GBPUSD,core_pce,2.0,0.3125,2026-05-29
GBPUSD,ppi_yoy,-1.0,-0.10416666666666669,2026-05-29
GBPUSD,employment_change,0.0,0.0,2026-05-29
GBPUSD,unemployment_rate,-1.0,-0.20833333333333331,2026-05-29
GBPUSD,wage_growth,2.0,0.3125,2026-05-29
GBPUSD,adp,0.0,0.0,2026-05-29
GBPUSD,jolts,0.0,0.0,2026-05-29
GBPUSD,jobless_claims,0.0,0.0,2026-05-29
GBPUSD,rate_expectations,-1.0,-0.625,2026-05-29
USDJPY,manufacturing_pmi,0.0,0.0,2026-05-29
USDJPY,services_pmi,0.0,0.0,2026-05-29
USDJPY,gdp_qoq,-2.0,-0.41666666666666663,2026-05-29
USDJPY,retail_sales,0.0,0.0,2026-05-29
USDJPY,cpi_yoy,2.0,0.625,2026-05-29
USDJPY,core_cpi,3.0,0.78125,2026-05-29
USDJPY,core_pce,-2.0,-0.3125,2026-05-29
USDJPY,ppi_yoy,2.0,0.3125,2026-05-29
USDJPY,employment_change,0.0,0.0,2026-05-29
USDJPY,unemployment_rate,-2.0,-0.625,2026-05-29
USDJPY,wage_growth,-1.0,-0.10416666666666666,2026-05-29
USDJPY,adp,0.0,0.0,2026-05-29
USDJPY,jolts,0.0,0.0,2026-05-29
USDJPY,jobless_claims,0.0,0.0,2026-05-29
USDJPY,rate_expectations,-1.0,-0.625,2026-05-29
USDCHF,manufacturing_pmi,-1.0,-0.2777777777777778,2026-05-29
USDCHF,services_pmi,0.0,0.0,2026-05-29
USDCHF,gdp_qoq,0.0,0.0,2026-05-29
USDCHF,retail_sales,0.0,0.0,2026-05-29
USDCHF,cpi_yoy,0.0,0.0,2026-05-29
USDCHF,core_cpi,1.0,0.15625,2026-05-29
USDCHF,core_pce,-2.0,-0.3125,2026-05-29
USDCHF,ppi_yoy,1.0,-0.10416666666666663,2026-05-29
USDCHF,employment_change,0.0,0.0,2026-05-29
USDCHF,unemployment_rate,0.0,0.0,2026-05-29
USDCHF,wage_growth,-1.0,-0.10416666666666666,2026-05-29
USDCHF,adp,0.0,0.0,2026-05-29
USDCHF,jolts,0.0,0.0,2026-05-29
USDCHF,jobless_claims,0.0,0.0,2026-05-29
USDCHF,rate_expectations,0.0,0.0,2026-05-29
USDCAD,manufacturing_pmi,0.0,0.0,2026-05-29
USDCAD,services_pmi,0.0,0.0,2026-05-29
USDCAD,gdp_qoq,0.0,0.0,2026-05-29
USDCAD,retail_sales,-1.0,-0.20833333333333331,2026-05-29
USDCAD,cpi_yoy,2.0,0.41666666666666663,2026-05-29
USDCAD,core_cpi,1.0,0.15625,2026-05-29
USDCAD,core_pce,-2.0,-0.3125,2026-05-29
USDCAD,ppi_yoy,1.0,0.10416666666666669,2026-05-29
USDCAD,employment_change,0.0,0.0,2026-05-29
USDCAD,unemployment_rate,1.0,0.3125,2026-05-29
USDCAD,wage_growth,-1.0,-0.10416666666666666,2026-05-29
USDCAD,adp,0.0,0.0,2026-05-29
USDCAD,jolts,0.0,0.0,2026-05-29
USDCAD,jobless_claims,0.0,0.0,2026-05-29
USDCAD,rate_expectations,2.0,1.25,2026-05-29
AUDUSD,manufacturing_pmi,0.0,0.0,2026-05-29
AUDUSD,services_pmi,0.0,0.0,2026-05-29
AUDUSD,gdp_qoq,0.0,0.0,2026-05-29
AUDUSD,retail_sales,2.0,0.0,2026-05-29
AUDUSD,cpi_yoy,-1.0,-0.3125,2026-05-29
AUDUSD,core_cpi,0.0,-0.15625,2026-05-29
AUDUSD,core_pce,2.0,0.3125,2026-05-29
AUDUSD,ppi_yoy,-3.0,-0.625,2026-05-29
AUDUSD,employment_change,-1.0,-0.20833333333333331,2026-05-29
AUDUSD,unemployment_rate,-1.0,-0.20833333333333331,2026-05-29
AUDUSD,wage_growth,1.0,0.10416666666666666,2026-05-29
AUDUSD,adp,0.0,0.0,2026-05-29
AUDUSD,jolts,0.0,0.0,2026-05-29
AUDUSD,jobless_claims,0.0,0.0,2026-05-29
AUDUSD,rate_expectations,-2.0,-1.25,2026-05-29
NZDUSD,manufacturing_pmi,0.0,0.0,2026-05-29
NZDUSD,services_pmi,0.0,0.0,2026-05-29
NZDUSD,gdp_qoq,0.0,0.0,2026-05-29
NZDUSD,retail_sales,0.0,0.0,2026-05-29
NZDUSD,cpi_yoy,1.0,0.41666666666666663,2026-05-29
NZDUSD,core_cpi,-1.0,-0.15625,2026-05-29
NZDUSD,core_pce,2.0,0.3125,2026-05-29
NZDUSD,ppi_yoy,-2.0,-0.3125,2026-05-29
NZDUSD,employment_change,0.0,0.0,2026-05-29
NZDUSD,unemployment_rate,1.0,0.2777777777777778,2026-05-29
NZDUSD,wage_growth,2.0,0.3819444444444444,2026-05-29
NZDUSD,adp,0.0,0.0,2026-05-29
NZDUSD,jolts,0.0,0.0,2026-05-29
NZDUSD,jobless_claims,0.0,0.0,2026-05-29
NZDUSD,rate_expectations,0.0,0.0,2026-05-29
EURGBP,manufacturing_pmi,-1.0,-0.15625,2026-05-29
EURGBP,services_pmi,-2.0,-0.3125,2026-05-29
EURGBP,gdp_qoq,-3.0,-0.46875,2026-05-29
EURGBP,retail_sales,1.0,0.15625,2026-05-29
EURGBP,cpi_yoy,1.0,0.20833333333333331,2026-05-29
EURGBP,core_cpi,0.0,0.0,2026-05-29
EURGBP,core_pce,,0.0,2026-05-29
EURGBP,ppi_yoy,-1.0,-0.20833333333333331,2026-05-29
EURGBP,employment_change,1.0,0.3125,2026-05-29
EURGBP,unemployment_rate,1.0,0.20833333333333331,2026-05-29
EURGBP,wage_growth,-1.0,-0.20833333333333331,2026-05-29
EURGBP,adp,,0.0,2026-05-29
EURGBP,jolts,,0.0,2026-05-29
EURGBP,jobless_claims,,0.0,2026-05-29
EURGBP,rate_expectations,-1.0,-0.625,2026-05-29
EURJPY,manufacturing_pmi,0.0,0.0,2026-05-29
EURJPY,services_pmi,-1.0,-0.15625,2026-05-29
EURJPY,gdp_qoq,-3.0,-0.5729166666666666,2026-05-29
EURJPY,retail_sales,1.0,0.15625,2026-05-29
EURJPY,cpi_yoy,2.0,0.625,2026-05-29
EURJPY,core_cpi,2.0,0.625,2026-05-29
EURJPY,core_pce,,0.0,2026-05-29
EURJPY,ppi_yoy,0.0,0.0,2026-05-29
EURJPY,employment_change,1.0,0.3125,2026-05-29
EURJPY,unemployment_rate,-2.0,-0.625,2026-05-29
EURJPY,wage_growth,0.0,0.0,2026-05-29
EURJPY,adp,,0.0,2026-05-29
EURJPY,jolts,,0.0,2026-05-29
EURJPY,jobless_claims,,0.0,2026-05-29
EURJPY,rate_expectations,-3.0,-1.875,2026-05-29
EURCHF,manufacturing_pmi,-1.0,-0.2777777777777778,2026-05-29
EURCHF,services_pmi,-1.0,-0.15625,2026-05-29
EURCHF,gdp_qoq,-1.0,-0.15625,2026-05-29
EURCHF,retail_sales,1.0,0.15625,2026-05-29
EURCHF,cpi_yoy,0.0,0.0,2026-05-29
EURCHF,core_cpi,0.0,0.0,2026-05-29
EURCHF,core_pce,,0.0,2026-05-29
EURCHF,ppi_yoy,-1.0,-0.41666666666666663,2026-05-29
EURCHF,employment_change,1.0,0.3125,2026-05-29
EURCHF,unemployment_rate,0.0,0.0,2026-05-29
EURCHF,wage_growth,,0.0,2026-05-29
EURCHF,adp,,0.0,2026-05-29
EURCHF,jolts,,0.0,2026-05-29
EURCHF,jobless_claims,,0.0,2026-05-29
EURCHF,rate_expectations,-2.0,-1.25,2026-05-29
EURAUD,manufacturing_pmi,0.0,0.0,2026-05-29
EURAUD,services_pmi,-1.0,-0.15625,2026-05-29
EURAUD,gdp_qoq,-1.0,-0.15625,2026-05-29
EURAUD,retail_sales,-1.0,0.15625,2026-05-29
EURAUD,cpi_yoy,1.0,0.3125,2026-05-29
EURAUD,core_cpi,-1.0,0.0,2026-05-29
EURAUD,core_pce,,0.0,2026-05-29
EURAUD,ppi_yoy,1.0,0.3125,2026-05-29
EURAUD,employment_change,2.0,0.5208333333333333,2026-05-29
EURAUD,unemployment_rate,1.0,0.20833333333333331,2026-05-29
EURAUD,wage_growth,0.0,0.0,2026-05-29
EURAUD,adp,,0.0,2026-05-29
EURAUD,jolts,,0.0,2026-05-29
EURAUD,jobless_claims,,0.0,2026-05-29
EURAUD,rate_expectations,0.0,0.0,2026-05-29
EURNZD,manufacturing_pmi,0.0,0.0,2026-05-29
EURNZD,services_pmi,-1.0,-0.15625,2026-05-29
EURNZD,gdp_qoq,-1.0,-0.15625,2026-05-29
EURNZD,retail_sales,1.0,0.15625,2026-05-29
EURNZD,cpi_yoy,-1.0,-0.41666666666666663,2026-05-29
EURNZD,core_cpi,0.0,0.0,2026-05-29
EURNZD,core_pce,,0.0,2026-05-29
EURNZD,ppi_yoy,0.0,0.0,2026-05-29
EURNZD,employment_change,1.0,0.3125,2026-05-29
EURNZD,unemployment_rate,-1.0,-0.2777777777777778,2026-05-29
EURNZD,wage_growth,-1.0,-0.2777777777777778,2026-05-29
EURNZD,adp,,0.0,2026-05-29
EURNZD,jolts,,0.0,2026-05-29
EURNZD,jobless_claims,,0.0,2026-05-29
EURNZD,rate_expectations,-2.0,-1.25,2026-05-29
EURCAD,manufacturing_pmi,0.0,0.0,2026-05-29
EURCAD,services_pmi,-1.0,-0.15625,2026-05-29
EURCAD,gdp_qoq,-1.0,-0.15625,2026-05-29
EURCAD,retail_sales,0.0,-0.052083333333333315,2026-05-29
EURCAD,cpi_yoy,2.0,0.41666666666666663,2026-05-29
EURCAD,core_cpi,0.0,0.0,2026-05-29
EURCAD,core_pce,,0.0,2026-05-29
EURCAD,ppi_yoy,-1.0,-0.20833333333333331,2026-05-29
EURCAD,employment_change,1.0,0.3125,2026-05-29
EURCAD,unemployment_rate,1.0,0.3125,2026-05-29
EURCAD,wage_growth,,0.0,2026-05-29
EURCAD,adp,,0.0,2026-05-29
EURCAD,jolts,,0.0,2026-05-29
EURCAD,jobless_claims,,0.0,2026-05-29
EURCAD,rate_expectations,0.0,0.0,2026-05-29
GBPJPY,manufacturing_pmi,1.0,0.15625,2026-05-29
GBPJPY,services_pmi,1.0,0.15625,2026-05-29
GBPJPY,gdp_qoq,0.0,-0.10416666666666663,2026-05-29
GBPJPY,retail_sales,0.0,0.0,2026-05-29
GBPJPY,cpi_yoy,1.0,0.4166666666666667,2026-05-29
GBPJPY,core_cpi,2.0,0.625,2026-05-29
GBPJPY,core_pce,,0.0,2026-05-29
GBPJPY,ppi_yoy,1.0,0.20833333333333331,2026-05-29
GBPJPY,employment_change,0.0,0.0,2026-05-29
GBPJPY,unemployment_rate,-3.0,-0.8333333333333333,2026-05-29
GBPJPY,wage_growth,1.0,0.20833333333333331,2026-05-29
GBPJPY,adp,,0.0,2026-05-29
GBPJPY,jolts,,0.0,2026-05-29
GBPJPY,jobless_claims,,0.0,2026-05-29
GBPJPY,rate_expectations,-2.0,-1.25,2026-05-29
GBPCHF,manufacturing_pmi,0.0,-0.12152777777777779,2026-05-29
GBPCHF,services_pmi,1.0,0.15625,2026-05-29
GBPCHF,gdp_qoq,2.0,0.3125,2026-05-29
GBPCHF,retail_sales,0.0,0.0,2026-05-29
GBPCHF,cpi_yoy,-1.0,-0.20833333333333331,2026-05-29
GBPCHF,core_cpi,0.0,0.0,2026-05-29
GBPCHF,core_pce,,0.0,2026-05-29
GBPCHF,ppi_yoy,0.0,-0.20833333333333331,2026-05-29
GBPCHF,employment_change,0.0,0.0,2026-05-29
GBPCHF,unemployment_rate,-1.0,-0.20833333333333331,2026-05-29
GBPCHF,wage_growth,1.0,0.20833333333333331,2026-05-29
GBPCHF,adp,,0.0,2026-05-29
GBPCHF,jolts,,0.0,2026-05-29
GBPCHF,jobless_claims,,0.0,2026-05-29
GBPCHF,rate_expectations,-1.0,-0.625,2026-05-29
GBPAUD,manufacturing_pmi,1.0,0.15625,2026-05-29
GBPAUD,services_pmi,1.0,0.15625,2026-05-29
GBPAUD,gdp_qoq,2.0,0.3125,2026-05-29
GBPAUD,retail_sales,-2.0,0.0,2026-05-29
GBPAUD,cpi_yoy,0.0,0.10416666666666669,2026-05-29
GBPAUD,core_cpi,-1.0,0.0,2026-05-29
GBPAUD,core_pce,,0.0,2026-05-29
GBPAUD,ppi_yoy,2.0,0.5208333333333333,2026-05-29
GBPAUD,employment_change,1.0,0.20833333333333331,2026-05-29
GBPAUD,unemployment_rate,0.0,0.0,2026-05-29
GBPAUD,wage_growth,1.0,0.20833333333333331,2026-05-29
GBPAUD,adp,,0.0,2026-05-29
GBPAUD,jolts,,0.0,2026-05-29
GBPAUD,jobless_claims,,0.0,2026-05-29
GBPAUD,rate_expectations,1.0,0.625,2026-05-29
GBPNZD,manufacturing_pmi,1.0,0.15625,2026-05-29
GBPNZD,services_pmi,1.0,0.15625,2026-05-29
GBPNZD,gdp_qoq,2.0,0.3125,2026-05-29
GBPNZD,retail_sales,0.0,0.0,2026-05-29
GBPNZD,cpi_yoy,-2.0,-0.625,2026-05-29
GBPNZD,core_cpi,0.0,0.0,2026-05-29
GBPNZD,core_pce,,0.0,2026-05-29
GBPNZD,ppi_yoy,1.0,0.20833333333333331,2026-05-29
GBPNZD,employment_change,0.0,0.0,2026-05-29
GBPNZD,unemployment_rate,-2.0,-0.4861111111111111,2026-05-29
GBPNZD,wage_growth,0.0,-0.06944444444444448,2026-05-29
GBPNZD,adp,,0.0,2026-05-29
GBPNZD,jolts,,0.0,2026-05-29
GBPNZD,jobless_claims,,0.0,2026-05-29
GBPNZD,rate_expectations,-1.0,-0.625,2026-05-29
GBPCAD,manufacturing_pmi,1.0,0.15625,2026-05-29
GBPCAD,services_pmi,1.0,0.15625,2026-05-29
GBPCAD,gdp_qoq,2.0,0.3125,2026-05-29
GBPCAD,retail_sales,-1.0,-0.20833333333333331,2026-05-29
GBPCAD,cpi_yoy,1.0,0.20833333333333331,2026-05-29
GBPCAD,core_cpi,0.0,0.0,2026-05-29
GBPCAD,core_pce,,0.0,2026-05-29
GBPCAD,ppi_yoy,0.0,0.0,2026-05-29
GBPCAD,employment_change,0.0,0.0,2026-05-29
GBPCAD,unemployment_rate,0.0,0.10416666666666669,2026-05-29
GBPCAD,wage_growth,1.0,0.20833333333333331,2026-05-29
GBPCAD,adp,,0.0,2026-05-29
GBPCAD,jolts,,0.0,2026-05-29
GBPCAD,jobless_claims,,0.0,2026-05-29
GBPCAD,rate_expectations,1.0,0.625,2026-05-29
AUDJPY,manufacturing_pmi,0.0,0.0,2026-05-29
AUDJPY,services_pmi,0.0,0.0,2026-05-29
AUDJPY,gdp_qoq,-2.0,-0.41666666666666663,2026-05-29
AUDJPY,retail_sales,2.0,0.0,2026-05-29
AUDJPY,cpi_yoy,1.0,0.3125,2026-05-29
AUDJPY,core_cpi,3.0,0.625,2026-05-29
AUDJPY,core_pce,,0.0,2026-05-29
AUDJPY,ppi_yoy,-1.0,-0.3125,2026-05-29
AUDJPY,employment_change,-1.0,-0.20833333333333331,2026-05-29
AUDJPY,unemployment_rate,-3.0,-0.8333333333333333,2026-05-29
AUDJPY,wage_growth,0.0,0.0,2026-05-29
AUDJPY,adp,,0.0,2026-05-29
AUDJPY,jolts,,0.0,2026-05-29
AUDJPY,jobless_claims,,0.0,2026-05-29
AUDJPY,rate_expectations,-3.0,-1.875,2026-05-29
NZDJPY,manufacturing_pmi,0.0,0.0,2026-05-29
NZDJPY,services_pmi,0.0,0.0,2026-05-29
NZDJPY,gdp_qoq,-2.0,-0.41666666666666663,2026-05-29
NZDJPY,retail_sales,0.0,0.0,2026-05-29
NZDJPY,cpi_yoy,3.0,1.0416666666666665,2026-05-29
NZDJPY,core_cpi,2.0,0.625,2026-05-29
NZDJPY,core_pce,,0.0,2026-05-29
NZDJPY,ppi_yoy,0.0,0.0,2026-05-29
NZDJPY,employment_change,0.0,0.0,2026-05-29
NZDJPY,unemployment_rate,-1.0,-0.3472222222222222,2026-05-29
NZDJPY,wage_growth,1.0,0.2777777777777778,2026-05-29
NZDJPY,adp,,0.0,2026-05-29
NZDJPY,jolts,,0.0,2026-05-29
NZDJPY,jobless_claims,,0.0,2026-05-29
NZDJPY,rate_expectations,-1.0,-0.625,2026-05-29
CADJPY,manufacturing_pmi,0.0,0.0,2026-05-29
CADJPY,services_pmi,,0.0,2026-05-29
CADJPY,gdp_qoq,-2.0,-0.41666666666666663,2026-05-29
CADJPY,retail_sales,1.0,0.20833333333333331,2026-05-29
CADJPY,cpi_yoy,0.0,0.20833333333333337,2026-05-29
CADJPY,core_cpi,2.0,0.625,2026-05-29
CADJPY,core_pce,,0.0,2026-05-29
CADJPY,ppi_yoy,1.0,0.20833333333333331,2026-05-29
CADJPY,employment_change,0.0,0.0,2026-05-29
CADJPY,unemployment_rate,-3.0,-0.9375,2026-05-29
CADJPY,wage_growth,0.0,0.0,2026-05-29
CADJPY,adp,,0.0,2026-05-29
CADJPY,jolts,,0.0,2026-05-29
CADJPY,jobless_claims,,0.0,2026-05-29
CADJPY,rate_expectations,-3.0,-1.875,2026-05-29
CHFJPY,manufacturing_pmi,1.0,0.2777777777777778,2026-05-29
CHFJPY,services_pmi,,0.0,2026-05-29
CHFJPY,gdp_qoq,-2.0,-0.41666666666666663,2026-05-29
CHFJPY,retail_sales,0.0,0.0,2026-05-29
CHFJPY,cpi_yoy,2.0,0.625,2026-05-29
CHFJPY,core_cpi,2.0,0.625,2026-05-29
CHFJPY,core_pce,,0.0,2026-05-29
CHFJPY,ppi_yoy,1.0,0.41666666666666663,2026-05-29
CHFJPY,employment_change,,0.0,2026-05-29
CHFJPY,unemployment_rate,-2.0,-0.625,2026-05-29
CHFJPY,wage_growth,0.0,0.0,2026-05-29
CHFJPY,adp,,0.0,2026-05-29
CHFJPY,jolts,,0.0,2026-05-29
CHFJPY,jobless_claims,,0.0,2026-05-29
CHFJPY,rate_expectations,-1.0,-0.625,2026-05-29
AUDNZD,manufacturing_pmi,0.0,0.0,2026-05-29
AUDNZD,services_pmi,0.0,0.0,2026-05-29
AUDNZD,gdp_qoq,0.0,0.0,2026-05-29
AUDNZD,retail_sales,2.0,0.0,2026-05-29
AUDNZD,cpi_yoy,-2.0,-0.7291666666666666,2026-05-29
AUDNZD,core_cpi,1.0,0.0,2026-05-29
AUDNZD,core_pce,,0.0,2026-05-29
AUDNZD,ppi_yoy,-1.0,-0.3125,2026-05-29
AUDNZD,employment_change,-1.0,-0.20833333333333331,2026-05-29
AUDNZD,unemployment_rate,-2.0,-0.4861111111111111,2026-05-29
AUDNZD,wage_growth,-1.0,-0.2777777777777778,2026-05-29
AUDNZD,adp,,0.0,2026-05-29
AUDNZD,jolts,,0.0,2026-05-29
AUDNZD,jobless_claims,,0.0,2026-05-29
AUDNZD,rate_expectations,-2.0,-1.25,2026-05-29
AUDCAD,manufacturing_pmi,0.0,0.0,2026-05-29
AUDCAD,services_pmi,0.0,0.0,2026-05-29
AUDCAD,gdp_qoq,0.0,0.0,2026-05-29
AUDCAD,retail_sales,1.0,-0.20833333333333331,2026-05-29
AUDCAD,cpi_yoy,1.0,0.10416666666666663,2026-05-29
AUDCAD,core_cpi,1.0,0.0,2026-05-29
AUDCAD,core_pce,,0.0,2026-05-29
AUDCAD,ppi_yoy,-2.0,-0.5208333333333333,2026-05-29
AUDCAD,employment_change,-1.0,-0.20833333333333331,2026-05-29
AUDCAD,unemployment_rate,0.0,0.10416666666666669,2026-05-29
AUDCAD,wage_growth,0.0,0.0,2026-05-29
AUDCAD,adp,,0.0,2026-05-29
AUDCAD,jolts,,0.0,2026-05-29
AUDCAD,jobless_claims,,0.0,2026-05-29
AUDCAD,rate_expectations,0.0,0.0,2026-05-29
AUDCHF,manufacturing_pmi,-1.0,-0.2777777777777778,2026-05-29
AUDCHF,services_pmi,0.0,0.0,2026-05-29
AUDCHF,gdp_qoq,0.0,0.0,2026-05-29
AUDCHF,retail_sales,2.0,0.0,2026-05-29
AUDCHF,cpi_yoy,-1.0,-0.3125,2026-05-29
AUDCHF,core_cpi,1.0,0.0,2026-05-29
AUDCHF,core_pce,,0.0,2026-05-29
AUDCHF,ppi_yoy,-2.0,-0.7291666666666666,2026-05-29
AUDCHF,employment_change,-1.0,-0.20833333333333331,2026-05-29
AUDCHF,unemployment_rate,-1.0,-0.20833333333333331,2026-05-29
AUDCHF,wage_growth,0.0,0.0,2026-05-29
AUDCHF,adp,,0.0,2026-05-29
AUDCHF,jolts,,0.0,2026-05-29
AUDCHF,jobless_claims,,0.0,2026-05-29
AUDCHF,rate_expectations,-2.0,-1.25,2026-05-29
NZDCAD,manufacturing_pmi,0.0,0.0,2026-05-29
NZDCAD,services_pmi,0.0,0.0,2026-05-29
NZDCAD,gdp_qoq,0.0,0.0,2026-05-29
NZDCAD,retail_sales,-1.0,-0.20833333333333331,2026-05-29
NZDCAD,cpi_yoy,3.0,0.8333333333333333,2026-05-29
NZDCAD,core_cpi,0.0,0.0,2026-05-29
NZDCAD,core_pce,,0.0,2026-05-29
NZDCAD,ppi_yoy,-1.0,-0.20833333333333331,2026-05-29
NZDCAD,employment_change,0.0,0.0,2026-05-29
NZDCAD,unemployment_rate,2.0,0.5902777777777778,2026-05-29
NZDCAD,wage_growth,1.0,0.2777777777777778,2026-05-29
NZDCAD,adp,,0.0,2026-05-29
NZDCAD,jolts,,0.0,2026-05-29
NZDCAD,jobless_claims,,0.0,2026-05-29
NZDCAD,rate_expectations,2.0,1.25,2026-05-29
NZDCHF,manufacturing_pmi,-1.0,-0.2777777777777778,2026-05-29
NZDCHF,services_pmi,0.0,0.0,2026-05-29
NZDCHF,gdp_qoq,0.0,0.0,2026-05-29
NZDCHF,retail_sales,0.0,0.0,2026-05-29
NZDCHF,cpi_yoy,1.0,0.41666666666666663,2026-05-29
NZDCHF,core_cpi,,0.0,2026-05-29
NZDCHF,core_pce,,0.0,2026-05-29
NZDCHF,ppi_yoy,-1.0,-0.41666666666666663,2026-05-29
NZDCHF,employment_change,0.0,0.0,2026-05-29
NZDCHF,unemployment_rate,1.0,0.2777777777777778,2026-05-29
NZDCHF,wage_growth,1.0,0.2777777777777778,2026-05-29
NZDCHF,adp,,0.0,2026-05-29
NZDCHF,jolts,,0.0,2026-05-29
NZDCHF,jobless_claims,,0.0,2026-05-29
NZDCHF,rate_expectations,,0.0,2026-05-29
CADCHF,manufacturing_pmi,-1.0,-0.2777777777777778,2026-05-29
CADCHF,services_pmi,,0.0,2026-05-29
CADCHF,gdp_qoq,0.0,0.0,2026-05-29
CADCHF,retail_sales,1.0,0.20833333333333331,2026-05-29
CADCHF,cpi_yoy,-2.0,-0.41666666666666663,2026-05-29
CADCHF,core_cpi,0.0,0.0,2026-05-29
CADCHF,core_pce,,0.0,2026-05-29
CADCHF,ppi_yoy,0.0,-0.20833333333333331,2026-05-29
CADCHF,employment_change,0.0,0.0,2026-05-29
CADCHF,unemployment_rate,-1.0,-0.3125,2026-05-29
CADCHF,wage_growth,,0.0,2026-05-29
CADCHF,adp,,0.0,2026-05-29
CADCHF,jolts,,0.0,2026-05-29
CADCHF,jobless_claims,,0.0,2026-05-29
CADCHF,rate_expectations,-2.0,-1.25,2026-05-29
EURUSD,manufacturing_pmi,0.0,0.0,2026-06-05
EURUSD,services_pmi,-1.0,-0.15625,2026-06-05
EURUSD,gdp_qoq,-1.0,-0.15625,2026-06-05
EURUSD,retail_sales,0.0,0.0,2026-06-05
EURUSD,cpi_yoy,0.0,0.0,2026-06-05
EURUSD,core_cpi,0.0,0.052083333333333315,2026-06-05
EURUSD,core_pce,2.0,0.3125,2026-06-05
EURUSD,ppi_yoy,-2.0,-0.3125,2026-06-05
EURUSD,employment_change,1.0,0.3125,2026-06-05
EURUSD,unemployment_rate,-1.0,-0.3125,2026-06-05
EURUSD,wage_growth,1.0,0.10416666666666666,2026-06-05
EURUSD,adp,0.0,0.0,2026-06-05
EURUSD,jolts,-2.0,-0.20833333333333331,2026-06-05
EURUSD,jobless_claims,1.0,0.10416666666666666,2026-06-05
EURUSD,rate_expectations,-1.0,-0.625,2026-06-05
GBPUSD,manufacturing_pmi,0.0,0.0,2026-06-05
GBPUSD,services_pmi,2.0,0.3125,2026-06-05
GBPUSD,gdp_qoq,2.0,0.3125,2026-06-05
GBPUSD,retail_sales,0.0,0.0,2026-06-05
GBPUSD,cpi_yoy,-1.0,-0.20833333333333331,2026-06-05
GBPUSD,core_cpi,-1.0,-0.15625,2026-06-05
GBPUSD,core_pce,2.0,0.3125,2026-06-05
GBPUSD,ppi_yoy,-1.0,-0.10416666666666669,2026-06-05
GBPUSD,employment_change,0.0,0.0,2026-06-05
GBPUSD,unemployment_rate,-1.0,-0.20833333333333331,2026-06-05
GBPUSD,wage_growth,2.0,0.3125,2026-06-05
GBPUSD,adp,0.0,0.0,2026-06-05
GBPUSD,jolts,-2.0,-0.20833333333333331,2026-06-05
GBPUSD,jobless_claims,1.0,0.10416666666666666,2026-06-05
GBPUSD,rate_expectations,-2.0,-1.25,2026-06-05
USDJPY,manufacturing_pmi,0.0,0.0,2026-06-05
USDJPY,services_pmi,0.0,0.0,2026-06-05
USDJPY,gdp_qoq,-2.0,-0.41666666666666663,2026-06-05
USDJPY,retail_sales,0.0,0.0,2026-06-05
USDJPY,cpi_yoy,2.0,0.625,2026-06-05
USDJPY,core_cpi,3.0,0.78125,2026-06-05
USDJPY,core_pce,-2.0,-0.3125,2026-06-05
USDJPY,ppi_yoy,2.0,0.3125,2026-06-05
USDJPY,employment_change,0.0,0.0,2026-06-05
USDJPY,unemployment_rate,-2.0,-0.625,2026-06-05
USDJPY,wage_growth,-1.0,-0.10416666666666666,2026-06-05
USDJPY,adp,0.0,0.0,2026-06-05
USDJPY,jolts,2.0,0.20833333333333331,2026-06-05
USDJPY,jobless_claims,-1.0,-0.10416666666666666,2026-06-05
USDJPY,rate_expectations,1.0,0.625,2026-06-05
USDCHF,manufacturing_pmi,-1.0,-0.2777777777777778,2026-06-05
USDCHF,services_pmi,0.0,0.0,2026-06-05
USDCHF,gdp_qoq,-1.0,-0.2777777777777778,2026-06-05
USDCHF,retail_sales,0.0,0.0,2026-06-05
USDCHF,cpi_yoy,1.0,0.41666666666666663,2026-06-05
USDCHF,core_cpi,1.0,0.15625,2026-06-05
USDCHF,core_pce,-2.0,-0.3125,2026-06-05
USDCHF,ppi_yoy,1.0,-0.10416666666666663,2026-06-05
USDCHF,employment_change,0.0,0.0,2026-06-05
USDCHF,unemployment_rate,2.0,1.6666666666666665,2026-06-05
USDCHF,wage_growth,-1.0,-0.10416666666666666,2026-06-05
USDCHF,adp,0.0,0.0,2026-06-05
USDCHF,jolts,2.0,0.20833333333333331,2026-06-05
USDCHF,jobless_claims,-1.0,-0.10416666666666666,2026-06-05
USDCHF,rate_expectations,2.0,1.25,2026-06-05
USDCAD,manufacturing_pmi,0.0,0.0,2026-06-05
USDCAD,services_pmi,0.0,0.0,2026-06-05
USDCAD,gdp_qoq,2.0,0.41666666666666663,2026-06-05
USDCAD,retail_sales,-1.0,-0.20833333333333331,2026-06-05
USDCAD,cpi_yoy,2.0,0.41666666666666663,2026-06-05
USDCAD,core_cpi,1.0,0.15625,2026-06-05
USDCAD,core_pce,-2.0,-0.3125,2026-06-05
USDCAD,ppi_yoy,1.0,0.10416666666666669,2026-06-05
USDCAD,employment_change,0.0,0.0,2026-06-05
USDCAD,unemployment_rate,1.0,0.3125,2026-06-05
USDCAD,wage_growth,-1.0,-0.10416666666666666,2026-06-05
USDCAD,adp,0.0,0.0,2026-06-05
USDCAD,jolts,2.0,0.20833333333333331,2026-06-05
USDCAD,jobless_claims,-1.0,-0.10416666666666666,2026-06-05
USDCAD,rate_expectations,2.0,1.25,2026-06-05
AUDUSD,manufacturing_pmi,0.0,0.0,2026-06-05
AUDUSD,services_pmi,0.0,0.0,2026-06-05
AUDUSD,gdp_qoq,-2.0,-0.41666666666666663,2026-06-05
AUDUSD,retail_sales,2.0,0.0,2026-06-05
AUDUSD,cpi_yoy,-1.0,-0.3125,2026-06-05
AUDUSD,core_cpi,0.0,-0.15625,2026-06-05
AUDUSD,core_pce,2.0,0.3125,2026-06-05
AUDUSD,ppi_yoy,-3.0,-0.625,2026-06-05
AUDUSD,employment_change,-1.0,-0.20833333333333331,2026-06-05
AUDUSD,unemployment_rate,-1.0,-0.20833333333333331,2026-06-05
AUDUSD,wage_growth,1.0,0.10416666666666666,2026-06-05
AUDUSD,adp,0.0,0.0,2026-06-05
AUDUSD,jolts,-2.0,-0.20833333333333331,2026-06-05
AUDUSD,jobless_claims,1.0,0.10416666666666666,2026-06-05
AUDUSD,rate_expectations,-2.0,-1.25,2026-06-05
NZDUSD,manufacturing_pmi,0.0,0.0,2026-06-05
NZDUSD,services_pmi,0.0,0.0,2026-06-05
NZDUSD,gdp_qoq,0.0,0.0,2026-06-05
NZDUSD,retail_sales,0.0,0.0,2026-06-05
NZDUSD,cpi_yoy,1.0,0.41666666666666663,2026-06-05
NZDUSD,core_cpi,-1.0,-0.15625,2026-06-05
NZDUSD,core_pce,2.0,0.3125,2026-06-05
NZDUSD,ppi_yoy,-2.0,-0.3125,2026-06-05
NZDUSD,employment_change,0.0,0.0,2026-06-05
NZDUSD,unemployment_rate,1.0,0.2777777777777778,2026-06-05
NZDUSD,wage_growth,2.0,0.3819444444444444,2026-06-05
NZDUSD,adp,0.0,0.0,2026-06-05
NZDUSD,jolts,-2.0,-0.20833333333333331,2026-06-05
NZDUSD,jobless_claims,1.0,0.10416666666666666,2026-06-05
NZDUSD,rate_expectations,-2.0,-1.25,2026-06-05
EURGBP,manufacturing_pmi,0.0,0.0,2026-06-05
EURGBP,services_pmi,-3.0,-0.46875,2026-06-05
EURGBP,gdp_qoq,-3.0,-0.46875,2026-06-05
EURGBP,retail_sales,0.0,0.0,2026-06-05
EURGBP,cpi_yoy,1.0,0.20833333333333331,2026-06-05
EURGBP,core_cpi,1.0,0.20833333333333331,2026-06-05
EURGBP,core_pce,,0.0,2026-06-05
EURGBP,ppi_yoy,-1.0,-0.20833333333333331,2026-06-05
EURGBP,employment_change,1.0,0.3125,2026-06-05
EURGBP,unemployment_rate,0.0,-0.10416666666666669,2026-06-05
EURGBP,wage_growth,-1.0,-0.20833333333333331,2026-06-05
EURGBP,adp,,0.0,2026-06-05
EURGBP,jolts,,0.0,2026-06-05
EURGBP,jobless_claims,,0.0,2026-06-05
EURGBP,rate_expectations,1.0,0.625,2026-06-05
EURJPY,manufacturing_pmi,0.0,0.0,2026-06-05
EURJPY,services_pmi,-1.0,-0.15625,2026-06-05
EURJPY,gdp_qoq,-3.0,-0.5729166666666666,2026-06-05
EURJPY,retail_sales,0.0,0.0,2026-06-05
EURJPY,cpi_yoy,2.0,0.625,2026-06-05
EURJPY,core_cpi,3.0,0.8333333333333333,2026-06-05
EURJPY,core_pce,,0.0,2026-06-05
EURJPY,ppi_yoy,0.0,0.0,2026-06-05
EURJPY,employment_change,1.0,0.3125,2026-06-05
EURJPY,unemployment_rate,-3.0,-0.9375,2026-06-05
EURJPY,wage_growth,0.0,0.0,2026-06-05
EURJPY,adp,,0.0,2026-06-05
EURJPY,jolts,,0.0,2026-06-05
EURJPY,jobless_claims,,0.0,2026-06-05
EURJPY,rate_expectations,0.0,0.0,2026-06-05
EURCHF,manufacturing_pmi,-1.0,-0.2777777777777778,2026-06-05
EURCHF,services_pmi,-1.0,-0.15625,2026-06-05
EURCHF,gdp_qoq,-2.0,-0.4340277777777778,2026-06-05
EURCHF,retail_sales,0.0,0.0,2026-06-05
EURCHF,cpi_yoy,1.0,0.41666666666666663,2026-06-05
EURCHF,core_cpi,1.0,0.20833333333333331,2026-06-05
EURCHF,core_pce,,0.0,2026-06-05
EURCHF,ppi_yoy,-1.0,-0.41666666666666663,2026-06-05
EURCHF,employment_change,1.0,0.3125,2026-06-05
EURCHF,unemployment_rate,1.0,1.3541666666666665,2026-06-05
EURCHF,wage_growth,,0.0,2026-06-05
EURCHF,adp,,0.0,2026-06-05
EURCHF,jolts,,0.0,2026-06-05
EURCHF,jobless_claims,,0.0,2026-06-05
EURCHF,rate_expectations,1.0,0.625,2026-06-05
EURAUD,manufacturing_pmi,0.0,0.0,2026-06-05
EURAUD,services_pmi,-1.0,-0.15625,2026-06-05
EURAUD,gdp_qoq,1.0,0.26041666666666663,2026-06-05
EURAUD,retail_sales,-2.0,0.0,2026-06-05
EURAUD,cpi_yoy,1.0,0.3125,2026-06-05
EURAUD,core_cpi,0.0,0.20833333333333331,2026-06-05
EURAUD,core_pce,,0.0,2026-06-05
EURAUD,ppi_yoy,1.0,0.3125,2026-06-05
EURAUD,employment_change,2.0,0.5208333333333333,2026-06-05
EURAUD,unemployment_rate,0.0,-0.10416666666666669,2026-06-05
EURAUD,wage_growth,0.0,0.0,2026-06-05
EURAUD,adp,,0.0,2026-06-05
EURAUD,jolts,,0.0,2026-06-05
EURAUD,jobless_claims,,0.0,2026-06-05
EURAUD,rate_expectations,1.0,0.625,2026-06-05
EURNZD,manufacturing_pmi,0.0,0.0,2026-06-05
EURNZD,services_pmi,-1.0,-0.15625,2026-06-05
EURNZD,gdp_qoq,-1.0,-0.15625,2026-06-05
EURNZD,retail_sales,0.0,0.0,2026-06-05
EURNZD,cpi_yoy,-1.0,-0.41666666666666663,2026-06-05
EURNZD,core_cpi,1.0,0.20833333333333331,2026-06-05
EURNZD,core_pce,,0.0,2026-06-05
EURNZD,ppi_yoy,0.0,0.0,2026-06-05
EURNZD,employment_change,1.0,0.3125,2026-06-05
EURNZD,unemployment_rate,-2.0,-0.5902777777777778,2026-06-05
EURNZD,wage_growth,-1.0,-0.2777777777777778,2026-06-05
EURNZD,adp,,0.0,2026-06-05
EURNZD,jolts,,0.0,2026-06-05
EURNZD,jobless_claims,,0.0,2026-06-05
EURNZD,rate_expectations,1.0,0.625,2026-06-05
EURCAD,manufacturing_pmi,0.0,0.0,2026-06-05
EURCAD,services_pmi,-1.0,-0.15625,2026-06-05
EURCAD,gdp_qoq,1.0,0.26041666666666663,2026-06-05
EURCAD,retail_sales,-1.0,-0.20833333333333331,2026-06-05
EURCAD,cpi_yoy,2.0,0.41666666666666663,2026-06-05
EURCAD,core_cpi,1.0,0.20833333333333331,2026-06-05
EURCAD,core_pce,,0.0,2026-06-05
EURCAD,ppi_yoy,-1.0,-0.20833333333333331,2026-06-05
EURCAD,employment_change,1.0,0.3125,2026-06-05
EURCAD,unemployment_rate,0.0,0.0,2026-06-05
EURCAD,wage_growth,,0.0,2026-06-05
EURCAD,adp,,0.0,2026-06-05
EURCAD,jolts,,0.0,2026-06-05
EURCAD,jobless_claims,,0.0,2026-06-05
EURCAD,rate_expectations,1.0,0.625,2026-06-05
GBPJPY,manufacturing_pmi,0.0,0.0,2026-06-05
GBPJPY,services_pmi,2.0,0.3125,2026-06-05
GBPJPY,gdp_qoq,0.0,-0.10416666666666663,2026-06-05
GBPJPY,retail_sales,0.0,0.0,2026-06-05
GBPJPY,cpi_yoy,1.0,0.4166666666666667,2026-06-05
GBPJPY,core_cpi,2.0,0.625,2026-06-05
GBPJPY,core_pce,,0.0,2026-06-05
GBPJPY,ppi_yoy,1.0,0.20833333333333331,2026-06-05
GBPJPY,employment_change,0.0,0.0,2026-06-05
GBPJPY,unemployment_rate,-3.0,-0.8333333333333333,2026-06-05
GBPJPY,wage_growth,1.0,0.20833333333333331,2026-06-05
GBPJPY,adp,,0.0,2026-06-05
GBPJPY,jolts,,0.0,2026-06-05
GBPJPY,jobless_claims,,0.0,2026-06-05
GBPJPY,rate_expectations,-1.0,-0.625,2026-06-05
GBPCHF,manufacturing_pmi,-1.0,-0.2777777777777778,2026-06-05
GBPCHF,services_pmi,2.0,0.3125,2026-06-05
GBPCHF,gdp_qoq,1.0,0.03472222222222221,2026-06-05
GBPCHF,retail_sales,0.0,0.0,2026-06-05
GBPCHF,cpi_yoy,0.0,0.20833333333333331,2026-06-05
GBPCHF,core_cpi,0.0,0.0,2026-06-05
GBPCHF,core_pce,,0.0,2026-06-05
GBPCHF,ppi_yoy,0.0,-0.20833333333333331,2026-06-05
GBPCHF,employment_change,0.0,0.0,2026-06-05
GBPCHF,unemployment_rate,1.0,1.4583333333333333,2026-06-05
GBPCHF,wage_growth,1.0,0.20833333333333331,2026-06-05
GBPCHF,adp,,0.0,2026-06-05
GBPCHF,jolts,,0.0,2026-06-05
GBPCHF,jobless_claims,,0.0,2026-06-05
GBPCHF,rate_expectations,0.0,0.0,2026-06-05
GBPAUD,manufacturing_pmi,0.0,0.0,2026-06-05
GBPAUD,services_pmi,2.0,0.3125,2026-06-05
GBPAUD,gdp_qoq,4.0,0.7291666666666666,2026-06-05
GBPAUD,retail_sales,-2.0,0.0,2026-06-05
GBPAUD,cpi_yoy,0.0,0.10416666666666669,2026-06-05
GBPAUD,core_cpi,-1.0,0.0,2026-06-05
GBPAUD,core_pce,,0.0,2026-06-05
GBPAUD,ppi_yoy,2.0,0.5208333333333333,2026-06-05
GBPAUD,employment_change,1.0,0.20833333333333331,2026-06-05
GBPAUD,unemployment_rate,0.0,0.0,2026-06-05
GBPAUD,wage_growth,1.0,0.20833333333333331,2026-06-05
GBPAUD,adp,,0.0,2026-06-05
GBPAUD,jolts,,0.0,2026-06-05
GBPAUD,jobless_claims,,0.0,2026-06-05
GBPAUD,rate_expectations,0.0,0.0,2026-06-05
GBPNZD,manufacturing_pmi,0.0,0.0,2026-06-05
GBPNZD,services_pmi,2.0,0.3125,2026-06-05
GBPNZD,gdp_qoq,2.0,0.3125,2026-06-05
GBPNZD,retail_sales,0.0,0.0,2026-06-05
GBPNZD,cpi_yoy,-2.0,-0.625,2026-06-05
GBPNZD,core_cpi,0.0,0.0,2026-06-05
GBPNZD,core_pce,,0.0,2026-06-05
GBPNZD,ppi_yoy,1.0,0.20833333333333331,2026-06-05
GBPNZD,employment_change,0.0,0.0,2026-06-05
GBPNZD,unemployment_rate,-2.0,-0.4861111111111111,2026-06-05
GBPNZD,wage_growth,0.0,-0.06944444444444448,2026-06-05
GBPNZD,adp,,0.0,2026-06-05
GBPNZD,jolts,,0.0,2026-06-05
GBPNZD,jobless_claims,,0.0,2026-06-05
GBPNZD,rate_expectations,0.0,0.0,2026-06-05
GBPCAD,manufacturing_pmi,0.0,0.0,2026-06-05
GBPCAD,services_pmi,2.0,0.3125,2026-06-05
GBPCAD,gdp_qoq,4.0,0.7291666666666666,2026-06-05
GBPCAD,retail_sales,-1.0,-0.20833333333333331,2026-06-05
GBPCAD,cpi_yoy,1.0,0.20833333333333331,2026-06-05
GBPCAD,core_cpi,0.0,0.0,2026-06-05
GBPCAD,core_pce,,0.0,2026-06-05
GBPCAD,ppi_yoy,0.0,0.0,2026-06-05
GBPCAD,employment_change,0.0,0.0,2026-06-05
GBPCAD,unemployment_rate,0.0,0.10416666666666669,2026-06-05
GBPCAD,wage_growth,1.0,0.20833333333333331,2026-06-05
GBPCAD,adp,,0.0,2026-06-05
GBPCAD,jolts,,0.0,2026-06-05
GBPCAD,jobless_claims,,0.0,2026-06-05
GBPCAD,rate_expectations,0.0,0.0,2026-06-05
AUDJPY,manufacturing_pmi,0.0,0.0,2026-06-05
AUDJPY,services_pmi,0.0,0.0,2026-06-05
AUDJPY,gdp_qoq,-4.0,-0.8333333333333333,2026-06-05
AUDJPY,retail_sales,2.0,0.0,2026-06-05
AUDJPY,cpi_yoy,1.0,0.3125,2026-06-05
AUDJPY,core_cpi,3.0,0.625,2026-06-05
AUDJPY,core_pce,,0.0,2026-06-05
AUDJPY,ppi_yoy,-1.0,-0.3125,2026-06-05
AUDJPY,employment_change,-1.0,-0.20833333333333331,2026-06-05
AUDJPY,unemployment_rate,-3.0,-0.8333333333333333,2026-06-05
AUDJPY,wage_growth,0.0,0.0,2026-06-05
AUDJPY,adp,,0.0,2026-06-05
AUDJPY,jolts,,0.0,2026-06-05
AUDJPY,jobless_claims,,0.0,2026-06-05
AUDJPY,rate_expectations,-1.0,-0.625,2026-06-05
NZDJPY,manufacturing_pmi,0.0,0.0,2026-06-05
NZDJPY,services_pmi,0.0,0.0,2026-06-05
NZDJPY,gdp_qoq,-2.0,-0.41666666666666663,2026-06-05
NZDJPY,retail_sales,0.0,0.0,2026-06-05
NZDJPY,cpi_yoy,3.0,1.0416666666666665,2026-06-05
NZDJPY,core_cpi,2.0,0.625,2026-06-05
NZDJPY,core_pce,,0.0,2026-06-05
NZDJPY,ppi_yoy,0.0,0.0,2026-06-05
NZDJPY,employment_change,0.0,0.0,2026-06-05
NZDJPY,unemployment_rate,-1.0,-0.3472222222222222,2026-06-05
NZDJPY,wage_growth,1.0,0.2777777777777778,2026-06-05
NZDJPY,adp,,0.0,2026-06-05
NZDJPY,jolts,,0.0,2026-06-05
NZDJPY,jobless_claims,,0.0,2026-06-05
NZDJPY,rate_expectations,-1.0,-0.625,2026-06-05
CADJPY,manufacturing_pmi,0.0,0.0,2026-06-05
CADJPY,services_pmi,,0.0,2026-06-05
CADJPY,gdp_qoq,-4.0,-0.8333333333333333,2026-06-05
CADJPY,retail_sales,1.0,0.20833333333333331,2026-06-05
CADJPY,cpi_yoy,0.0,0.20833333333333337,2026-06-05
CADJPY,core_cpi,2.0,0.625,2026-06-05
CADJPY,core_pce,,0.0,2026-06-05
CADJPY,ppi_yoy,1.0,0.20833333333333331,2026-06-05
CADJPY,employment_change,0.0,0.0,2026-06-05
CADJPY,unemployment_rate,-3.0,-0.9375,2026-06-05
CADJPY,wage_growth,0.0,0.0,2026-06-05
CADJPY,adp,,0.0,2026-06-05
CADJPY,jolts,,0.0,2026-06-05
CADJPY,jobless_claims,,0.0,2026-06-05
CADJPY,rate_expectations,-1.0,-0.625,2026-06-05
CHFJPY,manufacturing_pmi,1.0,0.2777777777777778,2026-06-05
CHFJPY,services_pmi,,0.0,2026-06-05
CHFJPY,gdp_qoq,-1.0,-0.13888888888888884,2026-06-05
CHFJPY,retail_sales,0.0,0.0,2026-06-05
CHFJPY,cpi_yoy,1.0,0.20833333333333337,2026-06-05
CHFJPY,core_cpi,2.0,0.625,2026-06-05
CHFJPY,core_pce,,0.0,2026-06-05
CHFJPY,ppi_yoy,1.0,0.41666666666666663,2026-06-05
CHFJPY,employment_change,,0.0,2026-06-05
CHFJPY,unemployment_rate,-4.0,-2.2916666666666665,2026-06-05
CHFJPY,wage_growth,0.0,0.0,2026-06-05
CHFJPY,adp,,0.0,2026-06-05
CHFJPY,jolts,,0.0,2026-06-05
CHFJPY,jobless_claims,,0.0,2026-06-05
CHFJPY,rate_expectations,-1.0,-0.625,2026-06-05
AUDNZD,manufacturing_pmi,0.0,0.0,2026-06-05
AUDNZD,services_pmi,0.0,0.0,2026-06-05
AUDNZD,gdp_qoq,-2.0,-0.41666666666666663,2026-06-05
AUDNZD,retail_sales,2.0,0.0,2026-06-05
AUDNZD,cpi_yoy,-2.0,-0.7291666666666666,2026-06-05
AUDNZD,core_cpi,1.0,0.0,2026-06-05
AUDNZD,core_pce,,0.0,2026-06-05
AUDNZD,ppi_yoy,-1.0,-0.3125,2026-06-05
AUDNZD,employment_change,-1.0,-0.20833333333333331,2026-06-05
AUDNZD,unemployment_rate,-2.0,-0.4861111111111111,2026-06-05
AUDNZD,wage_growth,-1.0,-0.2777777777777778,2026-06-05
AUDNZD,adp,,0.0,2026-06-05
AUDNZD,jolts,,0.0,2026-06-05
AUDNZD,jobless_claims,,0.0,2026-06-05
AUDNZD,rate_expectations,0.0,0.0,2026-06-05
AUDCAD,manufacturing_pmi,0.0,0.0,2026-06-05
AUDCAD,services_pmi,0.0,0.0,2026-06-05
AUDCAD,gdp_qoq,0.0,0.0,2026-06-05
AUDCAD,retail_sales,1.0,-0.20833333333333331,2026-06-05
AUDCAD,cpi_yoy,1.0,0.10416666666666663,2026-06-05
AUDCAD,core_cpi,1.0,0.0,2026-06-05
AUDCAD,core_pce,,0.0,2026-06-05
AUDCAD,ppi_yoy,-2.0,-0.5208333333333333,2026-06-05
AUDCAD,employment_change,-1.0,-0.20833333333333331,2026-06-05
AUDCAD,unemployment_rate,0.0,0.10416666666666669,2026-06-05
AUDCAD,wage_growth,0.0,0.0,2026-06-05
AUDCAD,adp,,0.0,2026-06-05
AUDCAD,jolts,,0.0,2026-06-05
AUDCAD,jobless_claims,,0.0,2026-06-05
AUDCAD,rate_expectations,0.0,0.0,2026-06-05
AUDCHF,manufacturing_pmi,-1.0,-0.2777777777777778,2026-06-05
AUDCHF,services_pmi,0.0,0.0,2026-06-05
AUDCHF,gdp_qoq,-3.0,-0.6944444444444444,2026-06-05
AUDCHF,retail_sales,2.0,0.0,2026-06-05
AUDCHF,cpi_yoy,0.0,0.10416666666666663,2026-06-05
AUDCHF,core_cpi,1.0,0.0,2026-06-05
AUDCHF,core_pce,,0.0,2026-06-05
AUDCHF,ppi_yoy,-2.0,-0.7291666666666666,2026-06-05
AUDCHF,employment_change,-1.0,-0.20833333333333331,2026-06-05
AUDCHF,unemployment_rate,1.0,1.4583333333333333,2026-06-05
AUDCHF,wage_growth,0.0,0.0,2026-06-05
AUDCHF,adp,,0.0,2026-06-05
AUDCHF,jolts,,0.0,2026-06-05
AUDCHF,jobless_claims,,0.0,2026-06-05
AUDCHF,rate_expectations,0.0,0.0,2026-06-05
NZDCAD,manufacturing_pmi,0.0,0.0,2026-06-05
NZDCAD,services_pmi,0.0,0.0,2026-06-05
NZDCAD,gdp_qoq,2.0,0.41666666666666663,2026-06-05
NZDCAD,retail_sales,-1.0,-0.20833333333333331,2026-06-05
NZDCAD,cpi_yoy,3.0,0.8333333333333333,2026-06-05
NZDCAD,core_cpi,0.0,0.0,2026-06-05
NZDCAD,core_pce,,0.0,2026-06-05
NZDCAD,ppi_yoy,-1.0,-0.20833333333333331,2026-06-05
NZDCAD,employment_change,0.0,0.0,2026-06-05
NZDCAD,unemployment_rate,2.0,0.5902777777777778,2026-06-05
NZDCAD,wage_growth,1.0,0.2777777777777778,2026-06-05
NZDCAD,adp,,0.0,2026-06-05
NZDCAD,jolts,,0.0,2026-06-05
NZDCAD,jobless_claims,,0.0,2026-06-05
NZDCAD,rate_expectations,0.0,0.0,2026-06-05
NZDCHF,manufacturing_pmi,-1.0,-0.2777777777777778,2026-06-05
NZDCHF,services_pmi,0.0,0.0,2026-06-05
NZDCHF,gdp_qoq,-1.0,-0.2777777777777778,2026-06-05
NZDCHF,retail_sales,0.0,0.0,2026-06-05
NZDCHF,cpi_yoy,2.0,0.8333333333333333,2026-06-05
NZDCHF,core_cpi,,0.0,2026-06-05
NZDCHF,core_pce,,0.0,2026-06-05
NZDCHF,ppi_yoy,-1.0,-0.41666666666666663,2026-06-05
NZDCHF,employment_change,0.0,0.0,2026-06-05
NZDCHF,unemployment_rate,3.0,1.9444444444444442,2026-06-05
NZDCHF,wage_growth,1.0,0.2777777777777778,2026-06-05
NZDCHF,adp,,0.0,2026-06-05
NZDCHF,jolts,,0.0,2026-06-05
NZDCHF,jobless_claims,,0.0,2026-06-05
NZDCHF,rate_expectations,,0.0,2026-06-05
CADCHF,manufacturing_pmi,-1.0,-0.2777777777777778,2026-06-05
CADCHF,services_pmi,,0.0,2026-06-05
CADCHF,gdp_qoq,-3.0,-0.6944444444444444,2026-06-05
CADCHF,retail_sales,1.0,0.20833333333333331,2026-06-05
CADCHF,cpi_yoy,-1.0,0.0,2026-06-05
CADCHF,core_cpi,0.0,0.0,2026-06-05
CADCHF,core_pce,,0.0,2026-06-05
CADCHF,ppi_yoy,0.0,-0.20833333333333331,2026-06-05
CADCHF,employment_change,0.0,0.0,2026-06-05
CADCHF,unemployment_rate,1.0,1.3541666666666665,2026-06-05
CADCHF,wage_growth,,0.0,2026-06-05
CADCHF,adp,,0.0,2026-06-05
CADCHF,jolts,,0.0,2026-06-05
CADCHF,jobless_claims,,0.0,2026-06-05
CADCHF,rate_expectations,0.0,0.0,2026-06-05
EURUSD,manufacturing_pmi,0.0,0.0,2026-06-12
EURUSD,services_pmi,-1.0,-0.15625,2026-06-12
EURUSD,gdp_qoq,-1.0,-0.15625,2026-06-12
EURUSD,retail_sales,0.0,0.0,2026-06-12
EURUSD,cpi_yoy,0.0,0.0,2026-06-12
EURUSD,core_cpi,2.0,0.3645833333333333,2026-06-12
EURUSD,core_pce,2.0,0.3125,2026-06-12
EURUSD,ppi_yoy,-1.0,-0.15625,2026-06-12
EURUSD,employment_change,0.0,0.20833333333333334,2026-06-12
EURUSD,unemployment_rate,-1.0,-0.3125,2026-06-12
EURUSD,wage_growth,0.0,0.0,2026-06-12
EURUSD,adp,0.0,0.0,2026-06-12
EURUSD,jolts,-2.0,-0.20833333333333331,2026-06-12
EURUSD,jobless_claims,1.0,0.10416666666666666,2026-06-12
EURUSD,rate_expectations,-1.0,-0.625,2026-06-12
GBPUSD,manufacturing_pmi,0.0,0.0,2026-06-12
GBPUSD,services_pmi,2.0,0.3125,2026-06-12
GBPUSD,gdp_qoq,2.0,0.3125,2026-06-12
GBPUSD,retail_sales,0.0,0.0,2026-06-12
GBPUSD,cpi_yoy,-1.0,-0.20833333333333331,2026-06-12
GBPUSD,core_cpi,1.0,0.15625,2026-06-12
GBPUSD,core_pce,2.0,0.3125,2026-06-12
GBPUSD,ppi_yoy,0.0,0.052083333333333315,2026-06-12
GBPUSD,employment_change,-1.0,-0.10416666666666666,2026-06-12
GBPUSD,unemployment_rate,-1.0,-0.20833333333333331,2026-06-12
GBPUSD,wage_growth,1.0,0.20833333333333331,2026-06-12
GBPUSD,adp,0.0,0.0,2026-06-12
GBPUSD,jolts,-2.0,-0.20833333333333331,2026-06-12
GBPUSD,jobless_claims,1.0,0.10416666666666666,2026-06-12
GBPUSD,rate_expectations,-3.0,-1.875,2026-06-12
USDJPY,manufacturing_pmi,0.0,0.0,2026-06-12
USDJPY,services_pmi,0.0,0.0,2026-06-12
USDJPY,gdp_qoq,-2.0,-0.41666666666666663,2026-06-12
USDJPY,retail_sales,0.0,0.0,2026-06-12
USDJPY,cpi_yoy,2.0,0.625,2026-06-12
USDJPY,core_cpi,1.0,0.46875,2026-06-12
USDJPY,core_pce,-2.0,-0.3125,2026-06-12
USDJPY,ppi_yoy,1.0,0.15625,2026-06-12
USDJPY,employment_change,1.0,0.10416666666666666,2026-06-12
USDJPY,unemployment_rate,-2.0,-0.625,2026-06-12
USDJPY,wage_growth,0.0,0.0,2026-06-12
USDJPY,adp,0.0,0.0,2026-06-12
USDJPY,jolts,2.0,0.20833333333333331,2026-06-12
USDJPY,jobless_claims,-1.0,-0.10416666666666666,2026-06-12
USDJPY,rate_expectations,1.0,0.625,2026-06-12
USDCHF,manufacturing_pmi,-1.0,-0.2777777777777778,2026-06-12
USDCHF,services_pmi,0.0,0.0,2026-06-12
USDCHF,gdp_qoq,-1.0,-0.2777777777777778,2026-06-12
USDCHF,retail_sales,0.0,0.0,2026-06-12
USDCHF,cpi_yoy,1.0,0.41666666666666663,2026-06-12
USDCHF,core_cpi,-1.0,-0.15625,2026-06-12
USDCHF,core_pce,-2.0,-0.3125,2026-06-12
USDCHF,ppi_yoy,0.0,-0.26041666666666663,2026-06-12
USDCHF,employment_change,1.0,0.10416666666666666,2026-06-12
USDCHF,unemployment_rate,2.0,1.6666666666666665,2026-06-12
USDCHF,wage_growth,0.0,0.0,2026-06-12
USDCHF,adp,0.0,0.0,2026-06-12
USDCHF,jolts,2.0,0.20833333333333331,2026-06-12
USDCHF,jobless_claims,-1.0,-0.10416666666666666,2026-06-12
USDCHF,rate_expectations,1.0,0.625,2026-06-12
USDCAD,manufacturing_pmi,0.0,0.0,2026-06-12
USDCAD,services_pmi,0.0,0.0,2026-06-12
USDCAD,gdp_qoq,2.0,0.41666666666666663,2026-06-12
USDCAD,retail_sales,-1.0,-0.20833333333333331,2026-06-12
USDCAD,cpi_yoy,2.0,0.41666666666666663,2026-06-12
USDCAD,core_cpi,-1.0,-0.15625,2026-06-12
USDCAD,core_pce,-2.0,-0.3125,2026-06-12
USDCAD,ppi_yoy,0.0,-0.052083333333333315,2026-06-12
USDCAD,employment_change,0.0,-0.20833333333333334,2026-06-12
USDCAD,unemployment_rate,-2.0,-0.625,2026-06-12
USDCAD,wage_growth,0.0,0.0,2026-06-12
USDCAD,adp,0.0,0.0,2026-06-12
USDCAD,jolts,2.0,0.20833333333333331,2026-06-12
USDCAD,jobless_claims,-1.0,-0.10416666666666666,2026-06-12
USDCAD,rate_expectations,3.0,1.875,2026-06-12
AUDUSD,manufacturing_pmi,0.0,0.0,2026-06-12
AUDUSD,services_pmi,0.0,0.0,2026-06-12
AUDUSD,gdp_qoq,-2.0,-0.41666666666666663,2026-06-12
AUDUSD,retail_sales,2.0,0.0,2026-06-12
AUDUSD,cpi_yoy,-1.0,-0.3125,2026-06-12
AUDUSD,core_cpi,2.0,0.15625,2026-06-12
AUDUSD,core_pce,2.0,0.3125,2026-06-12
AUDUSD,ppi_yoy,-2.0,-0.46875,2026-06-12
AUDUSD,employment_change,-2.0,-0.3125,2026-06-12
AUDUSD,unemployment_rate,-1.0,-0.20833333333333331,2026-06-12
AUDUSD,wage_growth,0.0,0.0,2026-06-12
AUDUSD,adp,0.0,0.0,2026-06-12
AUDUSD,jolts,-2.0,-0.20833333333333331,2026-06-12
AUDUSD,jobless_claims,1.0,0.10416666666666666,2026-06-12
AUDUSD,rate_expectations,-3.0,-1.875,2026-06-12
NZDUSD,manufacturing_pmi,0.0,0.0,2026-06-12
NZDUSD,services_pmi,0.0,0.0,2026-06-12
NZDUSD,gdp_qoq,0.0,0.0,2026-06-12
NZDUSD,retail_sales,0.0,0.0,2026-06-12
NZDUSD,cpi_yoy,1.0,0.41666666666666663,2026-06-12
NZDUSD,core_cpi,1.0,0.15625,2026-06-12
NZDUSD,core_pce,2.0,0.3125,2026-06-12
NZDUSD,ppi_yoy,-1.0,-0.15625,2026-06-12
NZDUSD,employment_change,-1.0,-0.10416666666666666,2026-06-12
NZDUSD,unemployment_rate,1.0,0.2777777777777778,2026-06-12
NZDUSD,wage_growth,1.0,0.2777777777777778,2026-06-12
NZDUSD,adp,0.0,0.0,2026-06-12
NZDUSD,jolts,-2.0,-0.20833333333333331,2026-06-12
NZDUSD,jobless_claims,1.0,0.10416666666666666,2026-06-12
NZDUSD,rate_expectations,-1.0,-0.625,2026-06-12
EURGBP,manufacturing_pmi,0.0,0.0,2026-06-12
EURGBP,services_pmi,-3.0,-0.46875,2026-06-12
EURGBP,gdp_qoq,-3.0,-0.46875,2026-06-12
EURGBP,retail_sales,0.0,0.0,2026-06-12
EURGBP,cpi_yoy,1.0,0.20833333333333331,2026-06-12
EURGBP,core_cpi,1.0,0.20833333333333331,2026-06-12
EURGBP,core_pce,,0.0,2026-06-12
EURGBP,ppi_yoy,-1.0,-0.20833333333333331,2026-06-12
EURGBP,employment_change,1.0,0.3125,2026-06-12
EURGBP,unemployment_rate,0.0,-0.10416666666666669,2026-06-12
EURGBP,wage_growth,-1.0,-0.20833333333333331,2026-06-12
EURGBP,adp,,0.0,2026-06-12
EURGBP,jolts,,0.0,2026-06-12
EURGBP,jobless_claims,,0.0,2026-06-12
EURGBP,rate_expectations,2.0,1.25,2026-06-12
EURJPY,manufacturing_pmi,0.0,0.0,2026-06-12
EURJPY,services_pmi,-1.0,-0.15625,2026-06-12
EURJPY,gdp_qoq,-3.0,-0.5729166666666666,2026-06-12
EURJPY,retail_sales,0.0,0.0,2026-06-12
EURJPY,cpi_yoy,2.0,0.625,2026-06-12
EURJPY,core_cpi,3.0,0.8333333333333333,2026-06-12
EURJPY,core_pce,,0.0,2026-06-12
EURJPY,ppi_yoy,0.0,0.0,2026-06-12
EURJPY,employment_change,1.0,0.3125,2026-06-12
EURJPY,unemployment_rate,-3.0,-0.9375,2026-06-12
EURJPY,wage_growth,0.0,0.0,2026-06-12
EURJPY,adp,,0.0,2026-06-12
EURJPY,jolts,,0.0,2026-06-12
EURJPY,jobless_claims,,0.0,2026-06-12
EURJPY,rate_expectations,0.0,0.0,2026-06-12
EURCHF,manufacturing_pmi,-1.0,-0.2777777777777778,2026-06-12
EURCHF,services_pmi,-1.0,-0.15625,2026-06-12
EURCHF,gdp_qoq,-2.0,-0.4340277777777778,2026-06-12
EURCHF,retail_sales,0.0,0.0,2026-06-12
EURCHF,cpi_yoy,1.0,0.41666666666666663,2026-06-12
EURCHF,core_cpi,1.0,0.20833333333333331,2026-06-12
EURCHF,core_pce,,0.0,2026-06-12
EURCHF,ppi_yoy,-1.0,-0.41666666666666663,2026-06-12
EURCHF,employment_change,1.0,0.3125,2026-06-12
EURCHF,unemployment_rate,1.0,1.3541666666666665,2026-06-12
EURCHF,wage_growth,,0.0,2026-06-12
EURCHF,adp,,0.0,2026-06-12
EURCHF,jolts,,0.0,2026-06-12
EURCHF,jobless_claims,,0.0,2026-06-12
EURCHF,rate_expectations,0.0,0.0,2026-06-12
EURAUD,manufacturing_pmi,0.0,0.0,2026-06-12
EURAUD,services_pmi,-1.0,-0.15625,2026-06-12
EURAUD,gdp_qoq,1.0,0.26041666666666663,2026-06-12
EURAUD,retail_sales,-2.0,0.0,2026-06-12
EURAUD,cpi_yoy,1.0,0.3125,2026-06-12
EURAUD,core_cpi,0.0,0.20833333333333331,2026-06-12
EURAUD,core_pce,,0.0,2026-06-12
EURAUD,ppi_yoy,1.0,0.3125,2026-06-12
EURAUD,employment_change,2.0,0.5208333333333333,2026-06-12
EURAUD,unemployment_rate,0.0,-0.10416666666666669,2026-06-12
EURAUD,wage_growth,0.0,0.0,2026-06-12
EURAUD,adp,,0.0,2026-06-12
EURAUD,jolts,,0.0,2026-06-12
EURAUD,jobless_claims,,0.0,2026-06-12
EURAUD,rate_expectations,2.0,1.25,2026-06-12
EURNZD,manufacturing_pmi,0.0,0.0,2026-06-12
EURNZD,services_pmi,-1.0,-0.15625,2026-06-12
EURNZD,gdp_qoq,-1.0,-0.15625,2026-06-12
EURNZD,retail_sales,0.0,0.0,2026-06-12
EURNZD,cpi_yoy,-1.0,-0.41666666666666663,2026-06-12
EURNZD,core_cpi,1.0,0.20833333333333331,2026-06-12
EURNZD,core_pce,,0.0,2026-06-12
EURNZD,ppi_yoy,0.0,0.0,2026-06-12
EURNZD,employment_change,1.0,0.3125,2026-06-12
EURNZD,unemployment_rate,-2.0,-0.5902777777777778,2026-06-12
EURNZD,wage_growth,-1.0,-0.2777777777777778,2026-06-12
EURNZD,adp,,0.0,2026-06-12
EURNZD,jolts,,0.0,2026-06-12
EURNZD,jobless_claims,,0.0,2026-06-12
EURNZD,rate_expectations,0.0,0.0,2026-06-12
EURCAD,manufacturing_pmi,0.0,0.0,2026-06-12
EURCAD,services_pmi,-1.0,-0.15625,2026-06-12
EURCAD,gdp_qoq,1.0,0.26041666666666663,2026-06-12
EURCAD,retail_sales,-1.0,-0.20833333333333331,2026-06-12
EURCAD,cpi_yoy,2.0,0.41666666666666663,2026-06-12
EURCAD,core_cpi,1.0,0.20833333333333331,2026-06-12
EURCAD,core_pce,,0.0,2026-06-12
EURCAD,ppi_yoy,-1.0,-0.20833333333333331,2026-06-12
EURCAD,employment_change,0.0,0.0,2026-06-12
EURCAD,unemployment_rate,-3.0,-0.9375,2026-06-12
EURCAD,wage_growth,,0.0,2026-06-12
EURCAD,adp,,0.0,2026-06-12
EURCAD,jolts,,0.0,2026-06-12
EURCAD,jobless_claims,,0.0,2026-06-12
EURCAD,rate_expectations,2.0,1.25,2026-06-12
GBPJPY,manufacturing_pmi,0.0,0.0,2026-06-12
GBPJPY,services_pmi,2.0,0.3125,2026-06-12
GBPJPY,gdp_qoq,0.0,-0.10416666666666663,2026-06-12
GBPJPY,retail_sales,0.0,0.0,2026-06-12
GBPJPY,cpi_yoy,1.0,0.4166666666666667,2026-06-12
GBPJPY,core_cpi,2.0,0.625,2026-06-12
GBPJPY,core_pce,,0.0,2026-06-12
GBPJPY,ppi_yoy,1.0,0.20833333333333331,2026-06-12
GBPJPY,employment_change,0.0,0.0,2026-06-12
GBPJPY,unemployment_rate,-3.0,-0.8333333333333333,2026-06-12
GBPJPY,wage_growth,1.0,0.20833333333333331,2026-06-12
GBPJPY,adp,,0.0,2026-06-12
GBPJPY,jolts,,0.0,2026-06-12
GBPJPY,jobless_claims,,0.0,2026-06-12
GBPJPY,rate_expectations,-2.0,-1.25,2026-06-12
GBPCHF,manufacturing_pmi,-1.0,-0.2777777777777778,2026-06-12
GBPCHF,services_pmi,2.0,0.3125,2026-06-12
GBPCHF,gdp_qoq,1.0,0.03472222222222221,2026-06-12
GBPCHF,retail_sales,0.0,0.0,2026-06-12
GBPCHF,cpi_yoy,0.0,0.20833333333333331,2026-06-12
GBPCHF,core_cpi,0.0,0.0,2026-06-12
GBPCHF,core_pce,,0.0,2026-06-12
GBPCHF,ppi_yoy,0.0,-0.20833333333333331,2026-06-12
GBPCHF,employment_change,0.0,0.0,2026-06-12
GBPCHF,unemployment_rate,1.0,1.4583333333333333,2026-06-12
GBPCHF,wage_growth,1.0,0.20833333333333331,2026-06-12
GBPCHF,adp,,0.0,2026-06-12
GBPCHF,jolts,,0.0,2026-06-12
GBPCHF,jobless_claims,,0.0,2026-06-12
GBPCHF,rate_expectations,-2.0,-1.25,2026-06-12
GBPAUD,manufacturing_pmi,0.0,0.0,2026-06-12
GBPAUD,services_pmi,2.0,0.3125,2026-06-12
GBPAUD,gdp_qoq,4.0,0.7291666666666666,2026-06-12
GBPAUD,retail_sales,-2.0,0.0,2026-06-12
GBPAUD,cpi_yoy,0.0,0.10416666666666669,2026-06-12
GBPAUD,core_cpi,-1.0,0.0,2026-06-12
GBPAUD,core_pce,,0.0,2026-06-12
GBPAUD,ppi_yoy,2.0,0.5208333333333333,2026-06-12
GBPAUD,employment_change,1.0,0.20833333333333331,2026-06-12
GBPAUD,unemployment_rate,0.0,0.0,2026-06-12
GBPAUD,wage_growth,1.0,0.20833333333333331,2026-06-12
GBPAUD,adp,,0.0,2026-06-12
GBPAUD,jolts,,0.0,2026-06-12
GBPAUD,jobless_claims,,0.0,2026-06-12
GBPAUD,rate_expectations,0.0,0.0,2026-06-12
GBPNZD,manufacturing_pmi,0.0,0.0,2026-06-12
GBPNZD,services_pmi,2.0,0.3125,2026-06-12
GBPNZD,gdp_qoq,2.0,0.3125,2026-06-12
GBPNZD,retail_sales,0.0,0.0,2026-06-12
GBPNZD,cpi_yoy,-2.0,-0.625,2026-06-12
GBPNZD,core_cpi,0.0,0.0,2026-06-12
GBPNZD,core_pce,,0.0,2026-06-12
GBPNZD,ppi_yoy,1.0,0.20833333333333331,2026-06-12
GBPNZD,employment_change,0.0,0.0,2026-06-12
GBPNZD,unemployment_rate,-2.0,-0.4861111111111111,2026-06-12
GBPNZD,wage_growth,0.0,-0.06944444444444448,2026-06-12
GBPNZD,adp,,0.0,2026-06-12
GBPNZD,jolts,,0.0,2026-06-12
GBPNZD,jobless_claims,,0.0,2026-06-12
GBPNZD,rate_expectations,-2.0,-1.25,2026-06-12
GBPCAD,manufacturing_pmi,0.0,0.0,2026-06-12
GBPCAD,services_pmi,2.0,0.3125,2026-06-12
GBPCAD,gdp_qoq,4.0,0.7291666666666666,2026-06-12
GBPCAD,retail_sales,-1.0,-0.20833333333333331,2026-06-12
GBPCAD,cpi_yoy,1.0,0.20833333333333331,2026-06-12
GBPCAD,core_cpi,0.0,0.0,2026-06-12
GBPCAD,core_pce,,0.0,2026-06-12
GBPCAD,ppi_yoy,0.0,0.0,2026-06-12
GBPCAD,employment_change,-1.0,-0.3125,2026-06-12
GBPCAD,unemployment_rate,-3.0,-0.8333333333333333,2026-06-12
GBPCAD,wage_growth,1.0,0.20833333333333331,2026-06-12
GBPCAD,adp,,0.0,2026-06-12
GBPCAD,jolts,,0.0,2026-06-12
GBPCAD,jobless_claims,,0.0,2026-06-12
GBPCAD,rate_expectations,0.0,0.0,2026-06-12
AUDJPY,manufacturing_pmi,0.0,0.0,2026-06-12
AUDJPY,services_pmi,0.0,0.0,2026-06-12
AUDJPY,gdp_qoq,-4.0,-0.8333333333333333,2026-06-12
AUDJPY,retail_sales,2.0,0.0,2026-06-12
AUDJPY,cpi_yoy,1.0,0.3125,2026-06-12
AUDJPY,core_cpi,3.0,0.625,2026-06-12
AUDJPY,core_pce,,0.0,2026-06-12
AUDJPY,ppi_yoy,-1.0,-0.3125,2026-06-12
AUDJPY,employment_change,-1.0,-0.20833333333333331,2026-06-12
AUDJPY,unemployment_rate,-3.0,-0.8333333333333333,2026-06-12
AUDJPY,wage_growth,0.0,0.0,2026-06-12
AUDJPY,adp,,0.0,2026-06-12
AUDJPY,jolts,,0.0,2026-06-12
AUDJPY,jobless_claims,,0.0,2026-06-12
AUDJPY,rate_expectations,-2.0,-1.25,2026-06-12
NZDJPY,manufacturing_pmi,0.0,0.0,2026-06-12
NZDJPY,services_pmi,0.0,0.0,2026-06-12
NZDJPY,gdp_qoq,-2.0,-0.41666666666666663,2026-06-12
NZDJPY,retail_sales,0.0,0.0,2026-06-12
NZDJPY,cpi_yoy,3.0,1.0416666666666665,2026-06-12
NZDJPY,core_cpi,2.0,0.625,2026-06-12
NZDJPY,core_pce,,0.0,2026-06-12
NZDJPY,ppi_yoy,0.0,0.0,2026-06-12
NZDJPY,employment_change,0.0,0.0,2026-06-12
NZDJPY,unemployment_rate,-1.0,-0.3472222222222222,2026-06-12
NZDJPY,wage_growth,1.0,0.2777777777777778,2026-06-12
NZDJPY,adp,,0.0,2026-06-12
NZDJPY,jolts,,0.0,2026-06-12
NZDJPY,jobless_claims,,0.0,2026-06-12
NZDJPY,rate_expectations,0.0,0.0,2026-06-12
CADJPY,manufacturing_pmi,0.0,0.0,2026-06-12
CADJPY,services_pmi,,0.0,2026-06-12
CADJPY,gdp_qoq,-4.0,-0.8333333333333333,2026-06-12
CADJPY,retail_sales,1.0,0.20833333333333331,2026-06-12
CADJPY,cpi_yoy,0.0,0.20833333333333337,2026-06-12
CADJPY,core_cpi,2.0,0.625,2026-06-12
CADJPY,core_pce,,0.0,2026-06-12
CADJPY,ppi_yoy,1.0,0.20833333333333331,2026-06-12
CADJPY,employment_change,1.0,0.3125,2026-06-12
CADJPY,unemployment_rate,0.0,0.0,2026-06-12
CADJPY,wage_growth,0.0,0.0,2026-06-12
CADJPY,adp,,0.0,2026-06-12
CADJPY,jolts,,0.0,2026-06-12
CADJPY,jobless_claims,,0.0,2026-06-12
CADJPY,rate_expectations,-2.0,-1.25,2026-06-12
CHFJPY,manufacturing_pmi,1.0,0.2777777777777778,2026-06-12
CHFJPY,services_pmi,,0.0,2026-06-12
CHFJPY,gdp_qoq,-1.0,-0.13888888888888884,2026-06-12
CHFJPY,retail_sales,0.0,0.0,2026-06-12
CHFJPY,cpi_yoy,1.0,0.20833333333333337,2026-06-12
CHFJPY,core_cpi,2.0,0.625,2026-06-12
CHFJPY,core_pce,,0.0,2026-06-12
CHFJPY,ppi_yoy,1.0,0.41666666666666663,2026-06-12
CHFJPY,employment_change,,0.0,2026-06-12
CHFJPY,unemployment_rate,-4.0,-2.2916666666666665,2026-06-12
CHFJPY,wage_growth,0.0,0.0,2026-06-12
CHFJPY,adp,,0.0,2026-06-12
CHFJPY,jolts,,0.0,2026-06-12
CHFJPY,jobless_claims,,0.0,2026-06-12
CHFJPY,rate_expectations,0.0,0.0,2026-06-12
AUDNZD,manufacturing_pmi,0.0,0.0,2026-06-12
AUDNZD,services_pmi,0.0,0.0,2026-06-12
AUDNZD,gdp_qoq,-2.0,-0.41666666666666663,2026-06-12
AUDNZD,retail_sales,2.0,0.0,2026-06-12
AUDNZD,cpi_yoy,-2.0,-0.7291666666666666,2026-06-12
AUDNZD,core_cpi,1.0,0.0,2026-06-12
AUDNZD,core_pce,,0.0,2026-06-12
AUDNZD,ppi_yoy,-1.0,-0.3125,2026-06-12
AUDNZD,employment_change,-1.0,-0.20833333333333331,2026-06-12
AUDNZD,unemployment_rate,-2.0,-0.4861111111111111,2026-06-12
AUDNZD,wage_growth,-1.0,-0.2777777777777778,2026-06-12
AUDNZD,adp,,0.0,2026-06-12
AUDNZD,jolts,,0.0,2026-06-12
AUDNZD,jobless_claims,,0.0,2026-06-12
AUDNZD,rate_expectations,-2.0,-1.25,2026-06-12
AUDCAD,manufacturing_pmi,0.0,0.0,2026-06-12
AUDCAD,services_pmi,0.0,0.0,2026-06-12
AUDCAD,gdp_qoq,0.0,0.0,2026-06-12
AUDCAD,retail_sales,1.0,-0.20833333333333331,2026-06-12
AUDCAD,cpi_yoy,1.0,0.10416666666666663,2026-06-12
AUDCAD,core_cpi,1.0,0.0,2026-06-12
AUDCAD,core_pce,,0.0,2026-06-12
AUDCAD,ppi_yoy,-2.0,-0.5208333333333333,2026-06-12
AUDCAD,employment_change,-2.0,-0.5208333333333333,2026-06-12
AUDCAD,unemployment_rate,-3.0,-0.8333333333333333,2026-06-12
AUDCAD,wage_growth,0.0,0.0,2026-06-12
AUDCAD,adp,,0.0,2026-06-12
AUDCAD,jolts,,0.0,2026-06-12
AUDCAD,jobless_claims,,0.0,2026-06-12
AUDCAD,rate_expectations,0.0,0.0,2026-06-12
AUDCHF,manufacturing_pmi,-1.0,-0.2777777777777778,2026-06-12
AUDCHF,services_pmi,0.0,0.0,2026-06-12
AUDCHF,gdp_qoq,-3.0,-0.6944444444444444,2026-06-12
AUDCHF,retail_sales,2.0,0.0,2026-06-12
AUDCHF,cpi_yoy,0.0,0.10416666666666663,2026-06-12
AUDCHF,core_cpi,1.0,0.0,2026-06-12
AUDCHF,core_pce,,0.0,2026-06-12
AUDCHF,ppi_yoy,-2.0,-0.7291666666666666,2026-06-12
AUDCHF,employment_change,-1.0,-0.20833333333333331,2026-06-12
AUDCHF,unemployment_rate,1.0,1.4583333333333333,2026-06-12
AUDCHF,wage_growth,0.0,0.0,2026-06-12
AUDCHF,adp,,0.0,2026-06-12
AUDCHF,jolts,,0.0,2026-06-12
AUDCHF,jobless_claims,,0.0,2026-06-12
AUDCHF,rate_expectations,-2.0,-1.25,2026-06-12
NZDCAD,manufacturing_pmi,0.0,0.0,2026-06-12
NZDCAD,services_pmi,0.0,0.0,2026-06-12
NZDCAD,gdp_qoq,2.0,0.41666666666666663,2026-06-12
NZDCAD,retail_sales,-1.0,-0.20833333333333331,2026-06-12
NZDCAD,cpi_yoy,3.0,0.8333333333333333,2026-06-12
NZDCAD,core_cpi,0.0,0.0,2026-06-12
NZDCAD,core_pce,,0.0,2026-06-12
NZDCAD,ppi_yoy,-1.0,-0.20833333333333331,2026-06-12
NZDCAD,employment_change,-1.0,-0.3125,2026-06-12
NZDCAD,unemployment_rate,-1.0,-0.3472222222222222,2026-06-12
NZDCAD,wage_growth,1.0,0.2777777777777778,2026-06-12
NZDCAD,adp,,0.0,2026-06-12
NZDCAD,jolts,,0.0,2026-06-12
NZDCAD,jobless_claims,,0.0,2026-06-12
NZDCAD,rate_expectations,2.0,1.25,2026-06-12
NZDCHF,manufacturing_pmi,-1.0,-0.2777777777777778,2026-06-12
NZDCHF,services_pmi,0.0,0.0,2026-06-12
NZDCHF,gdp_qoq,-1.0,-0.2777777777777778,2026-06-12
NZDCHF,retail_sales,0.0,0.0,2026-06-12
NZDCHF,cpi_yoy,2.0,0.8333333333333333,2026-06-12
NZDCHF,core_cpi,,0.0,2026-06-12
NZDCHF,core_pce,,0.0,2026-06-12
NZDCHF,ppi_yoy,-1.0,-0.41666666666666663,2026-06-12
NZDCHF,employment_change,0.0,0.0,2026-06-12
NZDCHF,unemployment_rate,3.0,1.9444444444444442,2026-06-12
NZDCHF,wage_growth,1.0,0.2777777777777778,2026-06-12
NZDCHF,adp,,0.0,2026-06-12
NZDCHF,jolts,,0.0,2026-06-12
NZDCHF,jobless_claims,,0.0,2026-06-12
NZDCHF,rate_expectations,,0.0,2026-06-12
CADCHF,manufacturing_pmi,-1.0,-0.2777777777777778,2026-06-12
CADCHF,services_pmi,,0.0,2026-06-12
CADCHF,gdp_qoq,-3.0,-0.6944444444444444,2026-06-12
CADCHF,retail_sales,1.0,0.20833333333333331,2026-06-12
CADCHF,cpi_yoy,-1.0,0.0,2026-06-12
CADCHF,core_cpi,0.0,0.0,2026-06-12
CADCHF,core_pce,,0.0,2026-06-12
CADCHF,ppi_yoy,0.0,-0.20833333333333331,2026-06-12
CADCHF,employment_change,1.0,0.3125,2026-06-12
CADCHF,unemployment_rate,4.0,2.2916666666666665,2026-06-12
CADCHF,wage_growth,,0.0,2026-06-12
CADCHF,adp,,0.0,2026-06-12
CADCHF,jolts,,0.0,2026-06-12
CADCHF,jobless_claims,,0.0,2026-06-12
CADCHF,rate_expectations,-2.0,-1.25,2026-06-12
EURUSD,manufacturing_pmi,0.0,0.0,2026-06-19
EURUSD,services_pmi,-1.0,-0.15625,2026-06-19
EURUSD,gdp_qoq,-1.0,-0.15625,2026-06-19
EURUSD,retail_sales,-1.0,-0.15625,2026-06-19
EURUSD,cpi_yoy,0.0,0.0,2026-06-19
EURUSD,core_cpi,2.0,0.3645833333333333,2026-06-19
EURUSD,core_pce,2.0,0.3125,2026-06-19
EURUSD,ppi_yoy,-1.0,-0.15625,2026-06-19
EURUSD,employment_change,0.0,0.20833333333333334,2026-06-19
EURUSD,unemployment_rate,-1.0,-0.3125,2026-06-19
EURUSD,wage_growth,0.0,0.0,2026-06-19
EURUSD,adp,0.0,0.0,2026-06-19
EURUSD,jolts,-2.0,-0.20833333333333331,2026-06-19
EURUSD,jobless_claims,0.0,0.0,2026-06-19
EURUSD,rate_expectations,0.0,0.0,2026-06-19
GBPUSD,manufacturing_pmi,0.0,0.0,2026-06-19
GBPUSD,services_pmi,2.0,0.3125,2026-06-19
GBPUSD,gdp_qoq,0.0,0.0,2026-06-19
GBPUSD,retail_sales,-1.0,-0.15625,2026-06-19
GBPUSD,cpi_yoy,-1.0,-0.20833333333333331,2026-06-19
GBPUSD,core_cpi,1.0,0.15625,2026-06-19
GBPUSD,core_pce,2.0,0.3125,2026-06-19
GBPUSD,ppi_yoy,-1.0,-0.15625,2026-06-19
GBPUSD,employment_change,-1.0,-0.10416666666666666,2026-06-19
GBPUSD,unemployment_rate,1.0,0.20833333333333331,2026-06-19
GBPUSD,wage_growth,2.0,0.41666666666666663,2026-06-19
GBPUSD,adp,0.0,0.0,2026-06-19
GBPUSD,jolts,-2.0,-0.20833333333333331,2026-06-19
GBPUSD,jobless_claims,0.0,0.0,2026-06-19
GBPUSD,rate_expectations,-2.0,-1.25,2026-06-19
USDJPY,manufacturing_pmi,0.0,0.0,2026-06-19
USDJPY,services_pmi,0.0,0.0,2026-06-19
USDJPY,gdp_qoq,-2.0,-0.41666666666666663,2026-06-19
USDJPY,retail_sales,1.0,0.15625,2026-06-19
USDJPY,cpi_yoy,0.0,0.0,2026-06-19
USDJPY,core_cpi,1.0,0.46875,2026-06-19
USDJPY,core_pce,-2.0,-0.3125,2026-06-19
USDJPY,ppi_yoy,1.0,0.15625,2026-06-19
USDJPY,employment_change,1.0,0.10416666666666666,2026-06-19
USDJPY,unemployment_rate,-2.0,-0.625,2026-06-19
USDJPY,wage_growth,0.0,0.0,2026-06-19
USDJPY,adp,0.0,0.0,2026-06-19
USDJPY,jolts,2.0,0.20833333333333331,2026-06-19
USDJPY,jobless_claims,0.0,0.0,2026-06-19
USDJPY,rate_expectations,1.0,0.625,2026-06-19
USDCHF,manufacturing_pmi,-1.0,-0.2777777777777778,2026-06-19
USDCHF,services_pmi,0.0,0.0,2026-06-19
USDCHF,gdp_qoq,-1.0,-0.2777777777777778,2026-06-19
USDCHF,retail_sales,1.0,0.15625,2026-06-19
USDCHF,cpi_yoy,1.0,0.41666666666666663,2026-06-19
USDCHF,core_cpi,-1.0,-0.15625,2026-06-19
USDCHF,core_pce,-2.0,-0.3125,2026-06-19
USDCHF,ppi_yoy,3.0,0.9895833333333333,2026-06-19
USDCHF,employment_change,1.0,0.10416666666666666,2026-06-19
USDCHF,unemployment_rate,2.0,1.6666666666666665,2026-06-19
USDCHF,wage_growth,0.0,0.0,2026-06-19
USDCHF,adp,0.0,0.0,2026-06-19
USDCHF,jolts,2.0,0.20833333333333331,2026-06-19
USDCHF,jobless_claims,0.0,0.0,2026-06-19
USDCHF,rate_expectations,0.0,0.0,2026-06-19
USDCAD,manufacturing_pmi,0.0,0.0,2026-06-19
USDCAD,services_pmi,0.0,0.0,2026-06-19
USDCAD,gdp_qoq,2.0,0.41666666666666663,2026-06-19
USDCAD,retail_sales,0.0,-0.052083333333333315,2026-06-19
USDCAD,cpi_yoy,2.0,0.41666666666666663,2026-06-19
USDCAD,core_cpi,-1.0,-0.15625,2026-06-19
USDCAD,core_pce,-2.0,-0.3125,2026-06-19
USDCAD,ppi_yoy,1.0,0.15625,2026-06-19
USDCAD,employment_change,0.0,-0.20833333333333334,2026-06-19
USDCAD,unemployment_rate,-2.0,-0.625,2026-06-19
USDCAD,wage_growth,0.0,0.0,2026-06-19
USDCAD,adp,0.0,0.0,2026-06-19
USDCAD,jolts,2.0,0.20833333333333331,2026-06-19
USDCAD,jobless_claims,0.0,0.0,2026-06-19
USDCAD,rate_expectations,1.0,0.625,2026-06-19
AUDUSD,manufacturing_pmi,0.0,0.0,2026-06-19
AUDUSD,services_pmi,0.0,0.0,2026-06-19
AUDUSD,gdp_qoq,-2.0,-0.41666666666666663,2026-06-19
AUDUSD,retail_sales,1.0,-0.15625,2026-06-19
AUDUSD,cpi_yoy,-1.0,-0.3125,2026-06-19
AUDUSD,core_cpi,2.0,0.15625,2026-06-19
AUDUSD,core_pce,2.0,0.3125,2026-06-19
AUDUSD,ppi_yoy,-2.0,-0.46875,2026-06-19
AUDUSD,employment_change,-2.0,-0.3125,2026-06-19
AUDUSD,unemployment_rate,-1.0,-0.20833333333333331,2026-06-19
AUDUSD,wage_growth,0.0,0.0,2026-06-19
AUDUSD,adp,0.0,0.0,2026-06-19
AUDUSD,jolts,-2.0,-0.20833333333333331,2026-06-19
AUDUSD,jobless_claims,0.0,0.0,2026-06-19
AUDUSD,rate_expectations,-2.0,-1.25,2026-06-19
NZDUSD,manufacturing_pmi,0.0,0.0,2026-06-19
NZDUSD,services_pmi,0.0,0.0,2026-06-19
NZDUSD,gdp_qoq,0.0,0.0,2026-06-19
NZDUSD,retail_sales,-1.0,-0.15625,2026-06-19
NZDUSD,cpi_yoy,1.0,0.41666666666666663,2026-06-19
NZDUSD,core_cpi,1.0,0.15625,2026-06-19
NZDUSD,core_pce,2.0,0.3125,2026-06-19
NZDUSD,ppi_yoy,-1.0,-0.15625,2026-06-19
NZDUSD,employment_change,-1.0,-0.10416666666666666,2026-06-19
NZDUSD,unemployment_rate,1.0,0.2777777777777778,2026-06-19
NZDUSD,wage_growth,1.0,0.2777777777777778,2026-06-19
NZDUSD,adp,0.0,0.0,2026-06-19
NZDUSD,jolts,-2.0,-0.20833333333333331,2026-06-19
NZDUSD,jobless_claims,0.0,0.0,2026-06-19
NZDUSD,rate_expectations,0.0,0.0,2026-06-19
EURGBP,manufacturing_pmi,0.0,0.0,2026-06-19
EURGBP,services_pmi,-3.0,-0.46875,2026-06-19
EURGBP,gdp_qoq,-1.0,-0.15625,2026-06-19
EURGBP,retail_sales,0.0,0.0,2026-06-19
EURGBP,cpi_yoy,1.0,0.20833333333333331,2026-06-19
EURGBP,core_cpi,1.0,0.20833333333333331,2026-06-19
EURGBP,core_pce,,0.0,2026-06-19
EURGBP,ppi_yoy,0.0,0.0,2026-06-19
EURGBP,employment_change,1.0,0.3125,2026-06-19
EURGBP,unemployment_rate,-2.0,-0.5208333333333333,2026-06-19
EURGBP,wage_growth,-2.0,-0.41666666666666663,2026-06-19
EURGBP,adp,,0.0,2026-06-19
EURGBP,jolts,,0.0,2026-06-19
EURGBP,jobless_claims,,0.0,2026-06-19
EURGBP,rate_expectations,2.0,1.25,2026-06-19
EURJPY,manufacturing_pmi,0.0,0.0,2026-06-19
EURJPY,services_pmi,-1.0,-0.15625,2026-06-19
EURJPY,gdp_qoq,-3.0,-0.5729166666666666,2026-06-19
EURJPY,retail_sales,0.0,0.0,2026-06-19
EURJPY,cpi_yoy,0.0,0.0,2026-06-19
EURJPY,core_cpi,3.0,0.8333333333333333,2026-06-19
EURJPY,core_pce,,0.0,2026-06-19
EURJPY,ppi_yoy,0.0,0.0,2026-06-19
EURJPY,employment_change,1.0,0.3125,2026-06-19
EURJPY,unemployment_rate,-3.0,-0.9375,2026-06-19
EURJPY,wage_growth,0.0,0.0,2026-06-19
EURJPY,adp,,0.0,2026-06-19
EURJPY,jolts,,0.0,2026-06-19
EURJPY,jobless_claims,,0.0,2026-06-19
EURJPY,rate_expectations,1.0,0.625,2026-06-19
EURCHF,manufacturing_pmi,-1.0,-0.2777777777777778,2026-06-19
EURCHF,services_pmi,-1.0,-0.15625,2026-06-19
EURCHF,gdp_qoq,-2.0,-0.4340277777777778,2026-06-19
EURCHF,retail_sales,0.0,0.0,2026-06-19
EURCHF,cpi_yoy,1.0,0.41666666666666663,2026-06-19
EURCHF,core_cpi,1.0,0.20833333333333331,2026-06-19
EURCHF,core_pce,,0.0,2026-06-19
EURCHF,ppi_yoy,2.0,0.8333333333333333,2026-06-19
EURCHF,employment_change,1.0,0.3125,2026-06-19
EURCHF,unemployment_rate,1.0,1.3541666666666665,2026-06-19
EURCHF,wage_growth,,0.0,2026-06-19
EURCHF,adp,,0.0,2026-06-19
EURCHF,jolts,,0.0,2026-06-19
EURCHF,jobless_claims,,0.0,2026-06-19
EURCHF,rate_expectations,0.0,0.0,2026-06-19
EURAUD,manufacturing_pmi,0.0,0.0,2026-06-19
EURAUD,services_pmi,-1.0,-0.15625,2026-06-19
EURAUD,gdp_qoq,1.0,0.26041666666666663,2026-06-19
EURAUD,retail_sales,-2.0,0.0,2026-06-19
EURAUD,cpi_yoy,1.0,0.3125,2026-06-19
EURAUD,core_cpi,0.0,0.20833333333333331,2026-06-19
EURAUD,core_pce,,0.0,2026-06-19
EURAUD,ppi_yoy,1.0,0.3125,2026-06-19
EURAUD,employment_change,2.0,0.5208333333333333,2026-06-19
EURAUD,unemployment_rate,0.0,-0.10416666666666669,2026-06-19
EURAUD,wage_growth,0.0,0.0,2026-06-19
EURAUD,adp,,0.0,2026-06-19
EURAUD,jolts,,0.0,2026-06-19
EURAUD,jobless_claims,,0.0,2026-06-19
EURAUD,rate_expectations,2.0,1.25,2026-06-19
EURNZD,manufacturing_pmi,0.0,0.0,2026-06-19
EURNZD,services_pmi,-1.0,-0.15625,2026-06-19
EURNZD,gdp_qoq,-1.0,-0.15625,2026-06-19
EURNZD,retail_sales,0.0,0.0,2026-06-19
EURNZD,cpi_yoy,-1.0,-0.41666666666666663,2026-06-19
EURNZD,core_cpi,1.0,0.20833333333333331,2026-06-19
EURNZD,core_pce,,0.0,2026-06-19
EURNZD,ppi_yoy,0.0,0.0,2026-06-19
EURNZD,employment_change,1.0,0.3125,2026-06-19
EURNZD,unemployment_rate,-2.0,-0.5902777777777778,2026-06-19
EURNZD,wage_growth,-1.0,-0.2777777777777778,2026-06-19
EURNZD,adp,,0.0,2026-06-19
EURNZD,jolts,,0.0,2026-06-19
EURNZD,jobless_claims,,0.0,2026-06-19
EURNZD,rate_expectations,0.0,0.0,2026-06-19
EURCAD,manufacturing_pmi,0.0,0.0,2026-06-19
EURCAD,services_pmi,-1.0,-0.15625,2026-06-19
EURCAD,gdp_qoq,1.0,0.26041666666666663,2026-06-19
EURCAD,retail_sales,-1.0,-0.20833333333333331,2026-06-19
EURCAD,cpi_yoy,2.0,0.41666666666666663,2026-06-19
EURCAD,core_cpi,1.0,0.20833333333333331,2026-06-19
EURCAD,core_pce,,0.0,2026-06-19
EURCAD,ppi_yoy,0.0,0.0,2026-06-19
EURCAD,employment_change,0.0,0.0,2026-06-19
EURCAD,unemployment_rate,-3.0,-0.9375,2026-06-19
EURCAD,wage_growth,,0.0,2026-06-19
EURCAD,adp,,0.0,2026-06-19
EURCAD,jolts,,0.0,2026-06-19
EURCAD,jobless_claims,,0.0,2026-06-19
EURCAD,rate_expectations,1.0,0.625,2026-06-19
GBPJPY,manufacturing_pmi,0.0,0.0,2026-06-19
GBPJPY,services_pmi,2.0,0.3125,2026-06-19
GBPJPY,gdp_qoq,-2.0,-0.41666666666666663,2026-06-19
GBPJPY,retail_sales,0.0,0.0,2026-06-19
GBPJPY,cpi_yoy,-1.0,-0.20833333333333331,2026-06-19
GBPJPY,core_cpi,2.0,0.625,2026-06-19
GBPJPY,core_pce,,0.0,2026-06-19
GBPJPY,ppi_yoy,0.0,0.0,2026-06-19
GBPJPY,employment_change,0.0,0.0,2026-06-19
GBPJPY,unemployment_rate,-1.0,-0.4166666666666667,2026-06-19
GBPJPY,wage_growth,2.0,0.41666666666666663,2026-06-19
GBPJPY,adp,,0.0,2026-06-19
GBPJPY,jolts,,0.0,2026-06-19
GBPJPY,jobless_claims,,0.0,2026-06-19
GBPJPY,rate_expectations,-1.0,-0.625,2026-06-19
GBPCHF,manufacturing_pmi,-1.0,-0.2777777777777778,2026-06-19
GBPCHF,services_pmi,2.0,0.3125,2026-06-19
GBPCHF,gdp_qoq,-1.0,-0.2777777777777778,2026-06-19
GBPCHF,retail_sales,0.0,0.0,2026-06-19
GBPCHF,cpi_yoy,0.0,0.20833333333333331,2026-06-19
GBPCHF,core_cpi,0.0,0.0,2026-06-19
GBPCHF,core_pce,,0.0,2026-06-19
GBPCHF,ppi_yoy,2.0,0.8333333333333333,2026-06-19
GBPCHF,employment_change,0.0,0.0,2026-06-19
GBPCHF,unemployment_rate,3.0,1.8749999999999998,2026-06-19
GBPCHF,wage_growth,2.0,0.41666666666666663,2026-06-19
GBPCHF,adp,,0.0,2026-06-19
GBPCHF,jolts,,0.0,2026-06-19
GBPCHF,jobless_claims,,0.0,2026-06-19
GBPCHF,rate_expectations,-2.0,-1.25,2026-06-19
GBPAUD,manufacturing_pmi,0.0,0.0,2026-06-19
GBPAUD,services_pmi,2.0,0.3125,2026-06-19
GBPAUD,gdp_qoq,2.0,0.41666666666666663,2026-06-19
GBPAUD,retail_sales,-2.0,0.0,2026-06-19
GBPAUD,cpi_yoy,0.0,0.10416666666666669,2026-06-19
GBPAUD,core_cpi,-1.0,0.0,2026-06-19
GBPAUD,core_pce,,0.0,2026-06-19
GBPAUD,ppi_yoy,1.0,0.3125,2026-06-19
GBPAUD,employment_change,1.0,0.20833333333333331,2026-06-19
GBPAUD,unemployment_rate,2.0,0.41666666666666663,2026-06-19
GBPAUD,wage_growth,2.0,0.41666666666666663,2026-06-19
GBPAUD,adp,,0.0,2026-06-19
GBPAUD,jolts,,0.0,2026-06-19
GBPAUD,jobless_claims,,0.0,2026-06-19
GBPAUD,rate_expectations,0.0,0.0,2026-06-19
GBPNZD,manufacturing_pmi,0.0,0.0,2026-06-19
GBPNZD,services_pmi,2.0,0.3125,2026-06-19
GBPNZD,gdp_qoq,0.0,0.0,2026-06-19
GBPNZD,retail_sales,0.0,0.0,2026-06-19
GBPNZD,cpi_yoy,-2.0,-0.625,2026-06-19
GBPNZD,core_cpi,0.0,0.0,2026-06-19
GBPNZD,core_pce,,0.0,2026-06-19
GBPNZD,ppi_yoy,0.0,0.0,2026-06-19
GBPNZD,employment_change,0.0,0.0,2026-06-19
GBPNZD,unemployment_rate,0.0,-0.06944444444444448,2026-06-19
GBPNZD,wage_growth,1.0,0.13888888888888884,2026-06-19
GBPNZD,adp,,0.0,2026-06-19
GBPNZD,jolts,,0.0,2026-06-19
GBPNZD,jobless_claims,,0.0,2026-06-19
GBPNZD,rate_expectations,-2.0,-1.25,2026-06-19
GBPCAD,manufacturing_pmi,0.0,0.0,2026-06-19
GBPCAD,services_pmi,2.0,0.3125,2026-06-19
GBPCAD,gdp_qoq,2.0,0.41666666666666663,2026-06-19
GBPCAD,retail_sales,-1.0,-0.20833333333333331,2026-06-19
GBPCAD,cpi_yoy,1.0,0.20833333333333331,2026-06-19
GBPCAD,core_cpi,0.0,0.0,2026-06-19
GBPCAD,core_pce,,0.0,2026-06-19
GBPCAD,ppi_yoy,0.0,0.0,2026-06-19
GBPCAD,employment_change,-1.0,-0.3125,2026-06-19
GBPCAD,unemployment_rate,-1.0,-0.4166666666666667,2026-06-19
GBPCAD,wage_growth,2.0,0.41666666666666663,2026-06-19
GBPCAD,adp,,0.0,2026-06-19
GBPCAD,jolts,,0.0,2026-06-19
GBPCAD,jobless_claims,,0.0,2026-06-19
GBPCAD,rate_expectations,-1.0,-0.625,2026-06-19
AUDJPY,manufacturing_pmi,0.0,0.0,2026-06-19
AUDJPY,services_pmi,0.0,0.0,2026-06-19
AUDJPY,gdp_qoq,-4.0,-0.8333333333333333,2026-06-19
AUDJPY,retail_sales,2.0,0.0,2026-06-19
AUDJPY,cpi_yoy,-1.0,-0.3125,2026-06-19
AUDJPY,core_cpi,3.0,0.625,2026-06-19
AUDJPY,core_pce,,0.0,2026-06-19
AUDJPY,ppi_yoy,-1.0,-0.3125,2026-06-19
AUDJPY,employment_change,-1.0,-0.20833333333333331,2026-06-19
AUDJPY,unemployment_rate,-3.0,-0.8333333333333333,2026-06-19
AUDJPY,wage_growth,0.0,0.0,2026-06-19
AUDJPY,adp,,0.0,2026-06-19
AUDJPY,jolts,,0.0,2026-06-19
AUDJPY,jobless_claims,,0.0,2026-06-19
AUDJPY,rate_expectations,-1.0,-0.625,2026-06-19
NZDJPY,manufacturing_pmi,0.0,0.0,2026-06-19
NZDJPY,services_pmi,0.0,0.0,2026-06-19
NZDJPY,gdp_qoq,-2.0,-0.41666666666666663,2026-06-19
NZDJPY,retail_sales,0.0,0.0,2026-06-19
NZDJPY,cpi_yoy,1.0,0.41666666666666663,2026-06-19
NZDJPY,core_cpi,2.0,0.625,2026-06-19
NZDJPY,core_pce,,0.0,2026-06-19
NZDJPY,ppi_yoy,0.0,0.0,2026-06-19
NZDJPY,employment_change,0.0,0.0,2026-06-19
NZDJPY,unemployment_rate,-1.0,-0.3472222222222222,2026-06-19
NZDJPY,wage_growth,1.0,0.2777777777777778,2026-06-19
NZDJPY,adp,,0.0,2026-06-19
NZDJPY,jolts,,0.0,2026-06-19
NZDJPY,jobless_claims,,0.0,2026-06-19
NZDJPY,rate_expectations,1.0,0.625,2026-06-19
CADJPY,manufacturing_pmi,0.0,0.0,2026-06-19
CADJPY,services_pmi,,0.0,2026-06-19
CADJPY,gdp_qoq,-4.0,-0.8333333333333333,2026-06-19
CADJPY,retail_sales,1.0,0.20833333333333331,2026-06-19
CADJPY,cpi_yoy,-2.0,-0.41666666666666663,2026-06-19
CADJPY,core_cpi,2.0,0.625,2026-06-19
CADJPY,core_pce,,0.0,2026-06-19
CADJPY,ppi_yoy,0.0,0.0,2026-06-19
CADJPY,employment_change,1.0,0.3125,2026-06-19
CADJPY,unemployment_rate,0.0,0.0,2026-06-19
CADJPY,wage_growth,0.0,0.0,2026-06-19
CADJPY,adp,,0.0,2026-06-19
CADJPY,jolts,,0.0,2026-06-19
CADJPY,jobless_claims,,0.0,2026-06-19
CADJPY,rate_expectations,0.0,0.0,2026-06-19
CHFJPY,manufacturing_pmi,1.0,0.2777777777777778,2026-06-19
CHFJPY,services_pmi,,0.0,2026-06-19
CHFJPY,gdp_qoq,-1.0,-0.13888888888888884,2026-06-19
CHFJPY,retail_sales,0.0,0.0,2026-06-19
CHFJPY,cpi_yoy,-1.0,-0.41666666666666663,2026-06-19
CHFJPY,core_cpi,2.0,0.625,2026-06-19
CHFJPY,core_pce,,0.0,2026-06-19
CHFJPY,ppi_yoy,-2.0,-0.8333333333333333,2026-06-19
CHFJPY,employment_change,,0.0,2026-06-19
CHFJPY,unemployment_rate,-4.0,-2.2916666666666665,2026-06-19
CHFJPY,wage_growth,0.0,0.0,2026-06-19
CHFJPY,adp,,0.0,2026-06-19
CHFJPY,jolts,,0.0,2026-06-19
CHFJPY,jobless_claims,,0.0,2026-06-19
CHFJPY,rate_expectations,1.0,0.625,2026-06-19
AUDNZD,manufacturing_pmi,0.0,0.0,2026-06-19
AUDNZD,services_pmi,0.0,0.0,2026-06-19
AUDNZD,gdp_qoq,-2.0,-0.41666666666666663,2026-06-19
AUDNZD,retail_sales,2.0,0.0,2026-06-19
AUDNZD,cpi_yoy,-2.0,-0.7291666666666666,2026-06-19
AUDNZD,core_cpi,1.0,0.0,2026-06-19
AUDNZD,core_pce,,0.0,2026-06-19
AUDNZD,ppi_yoy,-1.0,-0.3125,2026-06-19
AUDNZD,employment_change,-1.0,-0.20833333333333331,2026-06-19
AUDNZD,unemployment_rate,-2.0,-0.4861111111111111,2026-06-19
AUDNZD,wage_growth,-1.0,-0.2777777777777778,2026-06-19
AUDNZD,adp,,0.0,2026-06-19
AUDNZD,jolts,,0.0,2026-06-19
AUDNZD,jobless_claims,,0.0,2026-06-19
AUDNZD,rate_expectations,-2.0,-1.25,2026-06-19
AUDCAD,manufacturing_pmi,0.0,0.0,2026-06-19
AUDCAD,services_pmi,0.0,0.0,2026-06-19
AUDCAD,gdp_qoq,0.0,0.0,2026-06-19
AUDCAD,retail_sales,1.0,-0.20833333333333331,2026-06-19
AUDCAD,cpi_yoy,1.0,0.10416666666666663,2026-06-19
AUDCAD,core_cpi,1.0,0.0,2026-06-19
AUDCAD,core_pce,,0.0,2026-06-19
AUDCAD,ppi_yoy,-1.0,-0.3125,2026-06-19
AUDCAD,employment_change,-2.0,-0.5208333333333333,2026-06-19
AUDCAD,unemployment_rate,-3.0,-0.8333333333333333,2026-06-19
AUDCAD,wage_growth,0.0,0.0,2026-06-19
AUDCAD,adp,,0.0,2026-06-19
AUDCAD,jolts,,0.0,2026-06-19
AUDCAD,jobless_claims,,0.0,2026-06-19
AUDCAD,rate_expectations,-1.0,-0.625,2026-06-19
AUDCHF,manufacturing_pmi,-1.0,-0.2777777777777778,2026-06-19
AUDCHF,services_pmi,0.0,0.0,2026-06-19
AUDCHF,gdp_qoq,-3.0,-0.6944444444444444,2026-06-19
AUDCHF,retail_sales,2.0,0.0,2026-06-19
AUDCHF,cpi_yoy,0.0,0.10416666666666663,2026-06-19
AUDCHF,core_cpi,1.0,0.0,2026-06-19
AUDCHF,core_pce,,0.0,2026-06-19
AUDCHF,ppi_yoy,1.0,0.5208333333333333,2026-06-19
AUDCHF,employment_change,-1.0,-0.20833333333333331,2026-06-19
AUDCHF,unemployment_rate,1.0,1.4583333333333333,2026-06-19
AUDCHF,wage_growth,0.0,0.0,2026-06-19
AUDCHF,adp,,0.0,2026-06-19
AUDCHF,jolts,,0.0,2026-06-19
AUDCHF,jobless_claims,,0.0,2026-06-19
AUDCHF,rate_expectations,-2.0,-1.25,2026-06-19
NZDCAD,manufacturing_pmi,0.0,0.0,2026-06-19
NZDCAD,services_pmi,0.0,0.0,2026-06-19
NZDCAD,gdp_qoq,2.0,0.41666666666666663,2026-06-19
NZDCAD,retail_sales,-1.0,-0.20833333333333331,2026-06-19
NZDCAD,cpi_yoy,3.0,0.8333333333333333,2026-06-19
NZDCAD,core_cpi,0.0,0.0,2026-06-19
NZDCAD,core_pce,,0.0,2026-06-19
NZDCAD,ppi_yoy,0.0,0.0,2026-06-19
NZDCAD,employment_change,-1.0,-0.3125,2026-06-19
NZDCAD,unemployment_rate,-1.0,-0.3472222222222222,2026-06-19
NZDCAD,wage_growth,1.0,0.2777777777777778,2026-06-19
NZDCAD,adp,,0.0,2026-06-19
NZDCAD,jolts,,0.0,2026-06-19
NZDCAD,jobless_claims,,0.0,2026-06-19
NZDCAD,rate_expectations,1.0,0.625,2026-06-19
NZDCHF,manufacturing_pmi,-1.0,-0.2777777777777778,2026-06-19
NZDCHF,services_pmi,0.0,0.0,2026-06-19
NZDCHF,gdp_qoq,-1.0,-0.2777777777777778,2026-06-19
NZDCHF,retail_sales,0.0,0.0,2026-06-19
NZDCHF,cpi_yoy,2.0,0.8333333333333333,2026-06-19
NZDCHF,core_cpi,,0.0,2026-06-19
NZDCHF,core_pce,,0.0,2026-06-19
NZDCHF,ppi_yoy,2.0,0.8333333333333333,2026-06-19
NZDCHF,employment_change,0.0,0.0,2026-06-19
NZDCHF,unemployment_rate,3.0,1.9444444444444442,2026-06-19
NZDCHF,wage_growth,1.0,0.2777777777777778,2026-06-19
NZDCHF,adp,,0.0,2026-06-19
NZDCHF,jolts,,0.0,2026-06-19
NZDCHF,jobless_claims,,0.0,2026-06-19
NZDCHF,rate_expectations,,0.0,2026-06-19
CADCHF,manufacturing_pmi,-1.0,-0.2777777777777778,2026-06-19
CADCHF,services_pmi,,0.0,2026-06-19
CADCHF,gdp_qoq,-3.0,-0.6944444444444444,2026-06-19
CADCHF,retail_sales,1.0,0.20833333333333331,2026-06-19
CADCHF,cpi_yoy,-1.0,0.0,2026-06-19
CADCHF,core_cpi,0.0,0.0,2026-06-19
CADCHF,core_pce,,0.0,2026-06-19
CADCHF,ppi_yoy,2.0,0.8333333333333333,2026-06-19
CADCHF,employment_change,1.0,0.3125,2026-06-19
CADCHF,unemployment_rate,4.0,2.2916666666666665,2026-06-19
CADCHF,wage_growth,,0.0,2026-06-19
CADCHF,adp,,0.0,2026-06-19
CADCHF,jolts,,0.0,2026-06-19
CADCHF,jobless_claims,,0.0,2026-06-19
CADCHF,rate_expectations,-1.0,-0.625,2026-06-19
EURUSD,manufacturing_pmi,0.0,0.0,2026-06-26
EURUSD,services_pmi,0.0,0.0,2026-06-26
EURUSD,gdp_qoq,-1.0,-0.15625,2026-06-26
EURUSD,retail_sales,-1.0,-0.15625,2026-06-26
EURUSD,cpi_yoy,0.0,0.0,2026-06-26
EURUSD,core_cpi,2.0,0.3645833333333333,2026-06-26
EURUSD,core_pce,0.0,0.0,2026-06-26
EURUSD,ppi_yoy,-1.0,-0.15625,2026-06-26
EURUSD,employment_change,0.0,0.20833333333333334,2026-06-26
EURUSD,unemployment_rate,-1.0,-0.3125,2026-06-26
EURUSD,wage_growth,0.0,0.0,2026-06-26
EURUSD,adp,0.0,0.0,2026-06-26
EURUSD,jolts,-2.0,-0.20833333333333331,2026-06-26
EURUSD,jobless_claims,-1.0,-0.10416666666666666,2026-06-26
EURUSD,rate_expectations,-1.0,-0.625,2026-06-26
GBPUSD,manufacturing_pmi,0.0,0.0,2026-06-26
GBPUSD,services_pmi,2.0,0.3125,2026-06-26
GBPUSD,gdp_qoq,0.0,0.0,2026-06-26
GBPUSD,retail_sales,-1.0,-0.15625,2026-06-26
GBPUSD,cpi_yoy,-1.0,-0.20833333333333331,2026-06-26
GBPUSD,core_cpi,1.0,0.15625,2026-06-26
GBPUSD,core_pce,0.0,0.0,2026-06-26
GBPUSD,ppi_yoy,-1.0,-0.15625,2026-06-26
GBPUSD,employment_change,-1.0,-0.10416666666666666,2026-06-26
GBPUSD,unemployment_rate,1.0,0.20833333333333331,2026-06-26
GBPUSD,wage_growth,2.0,0.41666666666666663,2026-06-26
GBPUSD,adp,0.0,0.0,2026-06-26
GBPUSD,jolts,-2.0,-0.20833333333333331,2026-06-26
GBPUSD,jobless_claims,-1.0,-0.10416666666666666,2026-06-26
GBPUSD,rate_expectations,0.0,0.0,2026-06-26
USDJPY,manufacturing_pmi,0.0,0.0,2026-06-26
USDJPY,services_pmi,0.0,0.0,2026-06-26
USDJPY,gdp_qoq,-2.0,-0.41666666666666663,2026-06-26
USDJPY,retail_sales,1.0,0.15625,2026-06-26
USDJPY,cpi_yoy,0.0,0.0,2026-06-26
USDJPY,core_cpi,-1.0,-0.15625,2026-06-26
USDJPY,core_pce,0.0,0.0,2026-06-26
USDJPY,ppi_yoy,1.0,0.15625,2026-06-26
USDJPY,employment_change,1.0,0.10416666666666666,2026-06-26
USDJPY,unemployment_rate,-2.0,-0.625,2026-06-26
USDJPY,wage_growth,0.0,0.0,2026-06-26
USDJPY,adp,0.0,0.0,2026-06-26
USDJPY,jolts,2.0,0.20833333333333331,2026-06-26
USDJPY,jobless_claims,1.0,0.10416666666666666,2026-06-26
USDJPY,rate_expectations,-1.0,-0.625,2026-06-26
USDCHF,manufacturing_pmi,-1.0,-0.2777777777777778,2026-06-26
USDCHF,services_pmi,0.0,0.0,2026-06-26
USDCHF,gdp_qoq,-1.0,-0.2777777777777778,2026-06-26
USDCHF,retail_sales,1.0,0.15625,2026-06-26
USDCHF,cpi_yoy,1.0,0.41666666666666663,2026-06-26
USDCHF,core_cpi,-1.0,-0.15625,2026-06-26
USDCHF,core_pce,0.0,0.0,2026-06-26
USDCHF,ppi_yoy,3.0,0.9895833333333333,2026-06-26
USDCHF,employment_change,1.0,0.10416666666666666,2026-06-26
USDCHF,unemployment_rate,2.0,1.6666666666666665,2026-06-26
USDCHF,wage_growth,0.0,0.0,2026-06-26
USDCHF,adp,0.0,0.0,2026-06-26
USDCHF,jolts,2.0,0.20833333333333331,2026-06-26
USDCHF,jobless_claims,1.0,0.10416666666666666,2026-06-26
USDCHF,rate_expectations,0.0,0.0,2026-06-26
USDCAD,manufacturing_pmi,0.0,0.0,2026-06-26
USDCAD,services_pmi,0.0,0.0,2026-06-26
USDCAD,gdp_qoq,2.0,0.41666666666666663,2026-06-26
USDCAD,retail_sales,1.0,0.15625,2026-06-26
USDCAD,cpi_yoy,-2.0,-0.41666666666666663,2026-06-26
USDCAD,core_cpi,-1.0,-0.15625,2026-06-26
USDCAD,core_pce,0.0,0.0,2026-06-26
USDCAD,ppi_yoy,1.0,0.15625,2026-06-26
USDCAD,employment_change,0.0,-0.20833333333333334,2026-06-26
USDCAD,unemployment_rate,-2.0,-0.625,2026-06-26
USDCAD,wage_growth,0.0,0.0,2026-06-26
USDCAD,adp,0.0,0.0,2026-06-26
USDCAD,jolts,2.0,0.20833333333333331,2026-06-26
USDCAD,jobless_claims,1.0,0.10416666666666666,2026-06-26
USDCAD,rate_expectations,1.0,0.625,2026-06-26
AUDUSD,manufacturing_pmi,0.0,0.0,2026-06-26
AUDUSD,services_pmi,0.0,0.0,2026-06-26
AUDUSD,gdp_qoq,-2.0,-0.41666666666666663,2026-06-26
AUDUSD,retail_sales,1.0,-0.15625,2026-06-26
AUDUSD,cpi_yoy,-1.0,-0.3125,2026-06-26
AUDUSD,core_cpi,2.0,0.15625,2026-06-26
AUDUSD,core_pce,0.0,0.0,2026-06-26
AUDUSD,ppi_yoy,-2.0,-0.46875,2026-06-26
AUDUSD,employment_change,-1.0,-0.10416666666666666,2026-06-26
AUDUSD,unemployment_rate,0.0,0.0,2026-06-26
AUDUSD,wage_growth,0.0,0.0,2026-06-26
AUDUSD,adp,0.0,0.0,2026-06-26
AUDUSD,jolts,-2.0,-0.20833333333333331,2026-06-26
AUDUSD,jobless_claims,-1.0,-0.10416666666666666,2026-06-26
AUDUSD,rate_expectations,-1.0,-0.625,2026-06-26
NZDUSD,manufacturing_pmi,0.0,0.0,2026-06-26
NZDUSD,services_pmi,0.0,0.0,2026-06-26
NZDUSD,gdp_qoq,0.0,0.0,2026-06-26
NZDUSD,retail_sales,-1.0,-0.15625,2026-06-26
NZDUSD,cpi_yoy,1.0,0.41666666666666663,2026-06-26
NZDUSD,core_cpi,1.0,0.15625,2026-06-26
NZDUSD,core_pce,0.0,0.0,2026-06-26
NZDUSD,ppi_yoy,-1.0,-0.15625,2026-06-26
NZDUSD,employment_change,-1.0,-0.10416666666666666,2026-06-26
NZDUSD,unemployment_rate,1.0,0.2777777777777778,2026-06-26
NZDUSD,wage_growth,1.0,0.2777777777777778,2026-06-26
NZDUSD,adp,0.0,0.0,2026-06-26
NZDUSD,jolts,-2.0,-0.20833333333333331,2026-06-26
NZDUSD,jobless_claims,-1.0,-0.10416666666666666,2026-06-26
NZDUSD,rate_expectations,0.0,0.0,2026-06-26
EURGBP,manufacturing_pmi,0.0,0.0,2026-06-26
EURGBP,services_pmi,-2.0,-0.3125,2026-06-26
EURGBP,gdp_qoq,-1.0,-0.15625,2026-06-26
EURGBP,retail_sales,0.0,0.0,2026-06-26
EURGBP,cpi_yoy,1.0,0.20833333333333331,2026-06-26
EURGBP,core_cpi,1.0,0.20833333333333331,2026-06-26
EURGBP,core_pce,,0.0,2026-06-26
EURGBP,ppi_yoy,0.0,0.0,2026-06-26
EURGBP,employment_change,1.0,0.3125,2026-06-26
EURGBP,unemployment_rate,-2.0,-0.5208333333333333,2026-06-26
EURGBP,wage_growth,-2.0,-0.41666666666666663,2026-06-26
EURGBP,adp,,0.0,2026-06-26
EURGBP,jolts,,0.0,2026-06-26
EURGBP,jobless_claims,,0.0,2026-06-26
EURGBP,rate_expectations,-1.0,-0.625,2026-06-26
EURJPY,manufacturing_pmi,0.0,0.0,2026-06-26
EURJPY,services_pmi,0.0,0.0,2026-06-26
EURJPY,gdp_qoq,-3.0,-0.5729166666666666,2026-06-26
EURJPY,retail_sales,0.0,0.0,2026-06-26
EURJPY,cpi_yoy,0.0,0.0,2026-06-26
EURJPY,core_cpi,1.0,0.20833333333333331,2026-06-26
EURJPY,core_pce,,0.0,2026-06-26
EURJPY,ppi_yoy,0.0,0.0,2026-06-26
EURJPY,employment_change,1.0,0.3125,2026-06-26
EURJPY,unemployment_rate,-3.0,-0.9375,2026-06-26
EURJPY,wage_growth,0.0,0.0,2026-06-26
EURJPY,adp,,0.0,2026-06-26
EURJPY,jolts,,0.0,2026-06-26
EURJPY,jobless_claims,,0.0,2026-06-26
EURJPY,rate_expectations,-2.0,-1.25,2026-06-26
EURCHF,manufacturing_pmi,-1.0,-0.2777777777777778,2026-06-26
EURCHF,services_pmi,0.0,0.0,2026-06-26
EURCHF,gdp_qoq,-2.0,-0.4340277777777778,2026-06-26
EURCHF,retail_sales,0.0,0.0,2026-06-26
EURCHF,cpi_yoy,1.0,0.41666666666666663,2026-06-26
EURCHF,core_cpi,1.0,0.20833333333333331,2026-06-26
EURCHF,core_pce,,0.0,2026-06-26
EURCHF,ppi_yoy,2.0,0.8333333333333333,2026-06-26
EURCHF,employment_change,1.0,0.3125,2026-06-26
EURCHF,unemployment_rate,1.0,1.3541666666666665,2026-06-26
EURCHF,wage_growth,,0.0,2026-06-26
EURCHF,adp,,0.0,2026-06-26
EURCHF,jolts,,0.0,2026-06-26
EURCHF,jobless_claims,,0.0,2026-06-26
EURCHF,rate_expectations,-1.0,-0.625,2026-06-26
EURAUD,manufacturing_pmi,0.0,0.0,2026-06-26
EURAUD,services_pmi,0.0,0.0,2026-06-26
EURAUD,gdp_qoq,1.0,0.26041666666666663,2026-06-26
EURAUD,retail_sales,-2.0,0.0,2026-06-26
EURAUD,cpi_yoy,1.0,0.3125,2026-06-26
EURAUD,core_cpi,0.0,0.20833333333333331,2026-06-26
EURAUD,core_pce,,0.0,2026-06-26
EURAUD,ppi_yoy,1.0,0.3125,2026-06-26
EURAUD,employment_change,1.0,0.3125,2026-06-26
EURAUD,unemployment_rate,-1.0,-0.3125,2026-06-26
EURAUD,wage_growth,0.0,0.0,2026-06-26
EURAUD,adp,,0.0,2026-06-26
EURAUD,jolts,,0.0,2026-06-26
EURAUD,jobless_claims,,0.0,2026-06-26
EURAUD,rate_expectations,0.0,0.0,2026-06-26
EURNZD,manufacturing_pmi,0.0,0.0,2026-06-26
EURNZD,services_pmi,0.0,0.0,2026-06-26
EURNZD,gdp_qoq,-1.0,-0.15625,2026-06-26
EURNZD,retail_sales,0.0,0.0,2026-06-26
EURNZD,cpi_yoy,-1.0,-0.41666666666666663,2026-06-26
EURNZD,core_cpi,1.0,0.20833333333333331,2026-06-26
EURNZD,core_pce,,0.0,2026-06-26
EURNZD,ppi_yoy,0.0,0.0,2026-06-26
EURNZD,employment_change,1.0,0.3125,2026-06-26
EURNZD,unemployment_rate,-2.0,-0.5902777777777778,2026-06-26
EURNZD,wage_growth,-1.0,-0.2777777777777778,2026-06-26
EURNZD,adp,,0.0,2026-06-26
EURNZD,jolts,,0.0,2026-06-26
EURNZD,jobless_claims,,0.0,2026-06-26
EURNZD,rate_expectations,-1.0,-0.625,2026-06-26
EURCAD,manufacturing_pmi,0.0,0.0,2026-06-26
EURCAD,services_pmi,0.0,0.0,2026-06-26
EURCAD,gdp_qoq,1.0,0.26041666666666663,2026-06-26
EURCAD,retail_sales,0.0,0.0,2026-06-26
EURCAD,cpi_yoy,-2.0,-0.41666666666666663,2026-06-26
EURCAD,core_cpi,1.0,0.20833333333333331,2026-06-26
EURCAD,core_pce,,0.0,2026-06-26
EURCAD,ppi_yoy,0.0,0.0,2026-06-26
EURCAD,employment_change,0.0,0.0,2026-06-26
EURCAD,unemployment_rate,-3.0,-0.9375,2026-06-26
EURCAD,wage_growth,,0.0,2026-06-26
EURCAD,adp,,0.0,2026-06-26
EURCAD,jolts,,0.0,2026-06-26
EURCAD,jobless_claims,,0.0,2026-06-26
EURCAD,rate_expectations,0.0,0.0,2026-06-26
GBPJPY,manufacturing_pmi,0.0,0.0,2026-06-26
GBPJPY,services_pmi,2.0,0.3125,2026-06-26
GBPJPY,gdp_qoq,-2.0,-0.41666666666666663,2026-06-26
GBPJPY,retail_sales,0.0,0.0,2026-06-26
GBPJPY,cpi_yoy,-1.0,-0.20833333333333331,2026-06-26
GBPJPY,core_cpi,0.0,0.0,2026-06-26
GBPJPY,core_pce,,0.0,2026-06-26
GBPJPY,ppi_yoy,0.0,0.0,2026-06-26
GBPJPY,employment_change,0.0,0.0,2026-06-26
GBPJPY,unemployment_rate,-1.0,-0.4166666666666667,2026-06-26
GBPJPY,wage_growth,2.0,0.41666666666666663,2026-06-26
GBPJPY,adp,,0.0,2026-06-26
GBPJPY,jolts,,0.0,2026-06-26
GBPJPY,jobless_claims,,0.0,2026-06-26
GBPJPY,rate_expectations,-1.0,-0.625,2026-06-26
GBPCHF,manufacturing_pmi,-1.0,-0.2777777777777778,2026-06-26
GBPCHF,services_pmi,2.0,0.3125,2026-06-26
GBPCHF,gdp_qoq,-1.0,-0.2777777777777778,2026-06-26
GBPCHF,retail_sales,0.0,0.0,2026-06-26
GBPCHF,cpi_yoy,0.0,0.20833333333333331,2026-06-26
GBPCHF,core_cpi,0.0,0.0,2026-06-26
GBPCHF,core_pce,,0.0,2026-06-26
GBPCHF,ppi_yoy,2.0,0.8333333333333333,2026-06-26
GBPCHF,employment_change,0.0,0.0,2026-06-26
GBPCHF,unemployment_rate,3.0,1.8749999999999998,2026-06-26
GBPCHF,wage_growth,2.0,0.41666666666666663,2026-06-26
GBPCHF,adp,,0.0,2026-06-26
GBPCHF,jolts,,0.0,2026-06-26
GBPCHF,jobless_claims,,0.0,2026-06-26
GBPCHF,rate_expectations,0.0,0.0,2026-06-26
GBPAUD,manufacturing_pmi,0.0,0.0,2026-06-26
GBPAUD,services_pmi,2.0,0.3125,2026-06-26
GBPAUD,gdp_qoq,2.0,0.41666666666666663,2026-06-26
GBPAUD,retail_sales,-2.0,0.0,2026-06-26
GBPAUD,cpi_yoy,0.0,0.10416666666666669,2026-06-26
GBPAUD,core_cpi,-1.0,0.0,2026-06-26
GBPAUD,core_pce,,0.0,2026-06-26
GBPAUD,ppi_yoy,1.0,0.3125,2026-06-26
GBPAUD,employment_change,0.0,0.0,2026-06-26
GBPAUD,unemployment_rate,1.0,0.20833333333333331,2026-06-26
GBPAUD,wage_growth,2.0,0.41666666666666663,2026-06-26
GBPAUD,adp,,0.0,2026-06-26
GBPAUD,jolts,,0.0,2026-06-26
GBPAUD,jobless_claims,,0.0,2026-06-26
GBPAUD,rate_expectations,1.0,0.625,2026-06-26
GBPNZD,manufacturing_pmi,0.0,0.0,2026-06-26
GBPNZD,services_pmi,2.0,0.3125,2026-06-26
GBPNZD,gdp_qoq,0.0,0.0,2026-06-26
GBPNZD,retail_sales,0.0,0.0,2026-06-26
GBPNZD,cpi_yoy,-2.0,-0.625,2026-06-26
GBPNZD,core_cpi,0.0,0.0,2026-06-26
GBPNZD,core_pce,,0.0,2026-06-26
GBPNZD,ppi_yoy,0.0,0.0,2026-06-26
GBPNZD,employment_change,0.0,0.0,2026-06-26
GBPNZD,unemployment_rate,0.0,-0.06944444444444448,2026-06-26
GBPNZD,wage_growth,1.0,0.13888888888888884,2026-06-26
GBPNZD,adp,,0.0,2026-06-26
GBPNZD,jolts,,0.0,2026-06-26
GBPNZD,jobless_claims,,0.0,2026-06-26
GBPNZD,rate_expectations,0.0,0.0,2026-06-26
GBPCAD,manufacturing_pmi,0.0,0.0,2026-06-26
GBPCAD,services_pmi,2.0,0.3125,2026-06-26
GBPCAD,gdp_qoq,2.0,0.41666666666666663,2026-06-26
GBPCAD,retail_sales,0.0,0.0,2026-06-26
GBPCAD,cpi_yoy,-3.0,-0.625,2026-06-26
GBPCAD,core_cpi,0.0,0.0,2026-06-26
GBPCAD,core_pce,,0.0,2026-06-26
GBPCAD,ppi_yoy,0.0,0.0,2026-06-26
GBPCAD,employment_change,-1.0,-0.3125,2026-06-26
GBPCAD,unemployment_rate,-1.0,-0.4166666666666667,2026-06-26
GBPCAD,wage_growth,2.0,0.41666666666666663,2026-06-26
GBPCAD,adp,,0.0,2026-06-26
GBPCAD,jolts,,0.0,2026-06-26
GBPCAD,jobless_claims,,0.0,2026-06-26
GBPCAD,rate_expectations,1.0,0.625,2026-06-26
AUDJPY,manufacturing_pmi,0.0,0.0,2026-06-26
AUDJPY,services_pmi,0.0,0.0,2026-06-26
AUDJPY,gdp_qoq,-4.0,-0.8333333333333333,2026-06-26
AUDJPY,retail_sales,2.0,0.0,2026-06-26
AUDJPY,cpi_yoy,-1.0,-0.3125,2026-06-26
AUDJPY,core_cpi,1.0,0.0,2026-06-26
AUDJPY,core_pce,,0.0,2026-06-26
AUDJPY,ppi_yoy,-1.0,-0.3125,2026-06-26
AUDJPY,employment_change,0.0,0.0,2026-06-26
AUDJPY,unemployment_rate,-2.0,-0.625,2026-06-26
AUDJPY,wage_growth,0.0,0.0,2026-06-26
AUDJPY,adp,,0.0,2026-06-26
AUDJPY,jolts,,0.0,2026-06-26
AUDJPY,jobless_claims,,0.0,2026-06-26
AUDJPY,rate_expectations,-2.0,-1.25,2026-06-26
NZDJPY,manufacturing_pmi,0.0,0.0,2026-06-26
NZDJPY,services_pmi,0.0,0.0,2026-06-26
NZDJPY,gdp_qoq,-2.0,-0.41666666666666663,2026-06-26
NZDJPY,retail_sales,0.0,0.0,2026-06-26
NZDJPY,cpi_yoy,1.0,0.41666666666666663,2026-06-26
NZDJPY,core_cpi,0.0,0.0,2026-06-26
NZDJPY,core_pce,,0.0,2026-06-26
NZDJPY,ppi_yoy,0.0,0.0,2026-06-26
NZDJPY,employment_change,0.0,0.0,2026-06-26
NZDJPY,unemployment_rate,-1.0,-0.3472222222222222,2026-06-26
NZDJPY,wage_growth,1.0,0.2777777777777778,2026-06-26
NZDJPY,adp,,0.0,2026-06-26
NZDJPY,jolts,,0.0,2026-06-26
NZDJPY,jobless_claims,,0.0,2026-06-26
NZDJPY,rate_expectations,-1.0,-0.625,2026-06-26
CADJPY,manufacturing_pmi,0.0,0.0,2026-06-26
CADJPY,services_pmi,,0.0,2026-06-26
CADJPY,gdp_qoq,-4.0,-0.8333333333333333,2026-06-26
CADJPY,retail_sales,0.0,0.0,2026-06-26
CADJPY,cpi_yoy,2.0,0.41666666666666663,2026-06-26
CADJPY,core_cpi,0.0,0.0,2026-06-26
CADJPY,core_pce,,0.0,2026-06-26
CADJPY,ppi_yoy,0.0,0.0,2026-06-26
CADJPY,employment_change,1.0,0.3125,2026-06-26
CADJPY,unemployment_rate,0.0,0.0,2026-06-26
CADJPY,wage_growth,0.0,0.0,2026-06-26
CADJPY,adp,,0.0,2026-06-26
CADJPY,jolts,,0.0,2026-06-26
CADJPY,jobless_claims,,0.0,2026-06-26
CADJPY,rate_expectations,-2.0,-1.25,2026-06-26
CHFJPY,manufacturing_pmi,1.0,0.2777777777777778,2026-06-26
CHFJPY,services_pmi,,0.0,2026-06-26
CHFJPY,gdp_qoq,-1.0,-0.13888888888888884,2026-06-26
CHFJPY,retail_sales,0.0,0.0,2026-06-26
CHFJPY,cpi_yoy,-1.0,-0.41666666666666663,2026-06-26
CHFJPY,core_cpi,0.0,0.0,2026-06-26
CHFJPY,core_pce,,0.0,2026-06-26
CHFJPY,ppi_yoy,-2.0,-0.8333333333333333,2026-06-26
CHFJPY,employment_change,,0.0,2026-06-26
CHFJPY,unemployment_rate,-4.0,-2.2916666666666665,2026-06-26
CHFJPY,wage_growth,0.0,0.0,2026-06-26
CHFJPY,adp,,0.0,2026-06-26
CHFJPY,jolts,,0.0,2026-06-26
CHFJPY,jobless_claims,,0.0,2026-06-26
CHFJPY,rate_expectations,-1.0,-0.625,2026-06-26
AUDNZD,manufacturing_pmi,0.0,0.0,2026-06-26
AUDNZD,services_pmi,0.0,0.0,2026-06-26
AUDNZD,gdp_qoq,-2.0,-0.41666666666666663,2026-06-26
AUDNZD,retail_sales,2.0,0.0,2026-06-26
AUDNZD,cpi_yoy,-2.0,-0.7291666666666666,2026-06-26
AUDNZD,core_cpi,1.0,0.0,2026-06-26
AUDNZD,core_pce,,0.0,2026-06-26
AUDNZD,ppi_yoy,-1.0,-0.3125,2026-06-26
AUDNZD,employment_change,0.0,0.0,2026-06-26
AUDNZD,unemployment_rate,-1.0,-0.2777777777777778,2026-06-26
AUDNZD,wage_growth,-1.0,-0.2777777777777778,2026-06-26
AUDNZD,adp,,0.0,2026-06-26
AUDNZD,jolts,,0.0,2026-06-26
AUDNZD,jobless_claims,,0.0,2026-06-26
AUDNZD,rate_expectations,-1.0,-0.625,2026-06-26
AUDCAD,manufacturing_pmi,0.0,0.0,2026-06-26
AUDCAD,services_pmi,0.0,0.0,2026-06-26
AUDCAD,gdp_qoq,0.0,0.0,2026-06-26
AUDCAD,retail_sales,2.0,0.0,2026-06-26
AUDCAD,cpi_yoy,-3.0,-0.7291666666666666,2026-06-26
AUDCAD,core_cpi,1.0,0.0,2026-06-26
AUDCAD,core_pce,,0.0,2026-06-26
AUDCAD,ppi_yoy,-1.0,-0.3125,2026-06-26
AUDCAD,employment_change,-1.0,-0.3125,2026-06-26
AUDCAD,unemployment_rate,-2.0,-0.625,2026-06-26
AUDCAD,wage_growth,0.0,0.0,2026-06-26
AUDCAD,adp,,0.0,2026-06-26
AUDCAD,jolts,,0.0,2026-06-26
AUDCAD,jobless_claims,,0.0,2026-06-26
AUDCAD,rate_expectations,0.0,0.0,2026-06-26
AUDCHF,manufacturing_pmi,-1.0,-0.2777777777777778,2026-06-26
AUDCHF,services_pmi,0.0,0.0,2026-06-26
AUDCHF,gdp_qoq,-3.0,-0.6944444444444444,2026-06-26
AUDCHF,retail_sales,2.0,0.0,2026-06-26
AUDCHF,cpi_yoy,0.0,0.10416666666666663,2026-06-26
AUDCHF,core_cpi,1.0,0.0,2026-06-26
AUDCHF,core_pce,,0.0,2026-06-26
AUDCHF,ppi_yoy,1.0,0.5208333333333333,2026-06-26
AUDCHF,employment_change,0.0,0.0,2026-06-26
AUDCHF,unemployment_rate,2.0,1.6666666666666665,2026-06-26
AUDCHF,wage_growth,0.0,0.0,2026-06-26
AUDCHF,adp,,0.0,2026-06-26
AUDCHF,jolts,,0.0,2026-06-26
AUDCHF,jobless_claims,,0.0,2026-06-26
AUDCHF,rate_expectations,-1.0,-0.625,2026-06-26
NZDCAD,manufacturing_pmi,0.0,0.0,2026-06-26
NZDCAD,services_pmi,0.0,0.0,2026-06-26
NZDCAD,gdp_qoq,2.0,0.41666666666666663,2026-06-26
NZDCAD,retail_sales,0.0,0.0,2026-06-26
NZDCAD,cpi_yoy,-1.0,0.0,2026-06-26
NZDCAD,core_cpi,0.0,0.0,2026-06-26
NZDCAD,core_pce,,0.0,2026-06-26
NZDCAD,ppi_yoy,0.0,0.0,2026-06-26
NZDCAD,employment_change,-1.0,-0.3125,2026-06-26
NZDCAD,unemployment_rate,-1.0,-0.3472222222222222,2026-06-26
NZDCAD,wage_growth,1.0,0.2777777777777778,2026-06-26
NZDCAD,adp,,0.0,2026-06-26
NZDCAD,jolts,,0.0,2026-06-26
NZDCAD,jobless_claims,,0.0,2026-06-26
NZDCAD,rate_expectations,1.0,0.625,2026-06-26
NZDCHF,manufacturing_pmi,-1.0,-0.2777777777777778,2026-06-26
NZDCHF,services_pmi,0.0,0.0,2026-06-26
NZDCHF,gdp_qoq,-1.0,-0.2777777777777778,2026-06-26
NZDCHF,retail_sales,0.0,0.0,2026-06-26
NZDCHF,cpi_yoy,2.0,0.8333333333333333,2026-06-26
NZDCHF,core_cpi,,0.0,2026-06-26
NZDCHF,core_pce,,0.0,2026-06-26
NZDCHF,ppi_yoy,2.0,0.8333333333333333,2026-06-26
NZDCHF,employment_change,0.0,0.0,2026-06-26
NZDCHF,unemployment_rate,3.0,1.9444444444444442,2026-06-26
NZDCHF,wage_growth,1.0,0.2777777777777778,2026-06-26
NZDCHF,adp,,0.0,2026-06-26
NZDCHF,jolts,,0.0,2026-06-26
NZDCHF,jobless_claims,,0.0,2026-06-26
NZDCHF,rate_expectations,,0.0,2026-06-26
CADCHF,manufacturing_pmi,-1.0,-0.2777777777777778,2026-06-26
CADCHF,services_pmi,,0.0,2026-06-26
CADCHF,gdp_qoq,-3.0,-0.6944444444444444,2026-06-26
CADCHF,retail_sales,0.0,0.0,2026-06-26
CADCHF,cpi_yoy,3.0,0.8333333333333333,2026-06-26
CADCHF,core_cpi,0.0,0.0,2026-06-26
CADCHF,core_pce,,0.0,2026-06-26
CADCHF,ppi_yoy,2.0,0.8333333333333333,2026-06-26
CADCHF,employment_change,1.0,0.3125,2026-06-26
CADCHF,unemployment_rate,4.0,2.2916666666666665,2026-06-26
CADCHF,wage_growth,,0.0,2026-06-26
CADCHF,adp,,0.0,2026-06-26
CADCHF,jolts,,0.0,2026-06-26
CADCHF,jobless_claims,,0.0,2026-06-26
CADCHF,rate_expectations,-1.0,-0.625,2026-06-26
EURUSD,manufacturing_pmi,0.0,0.0,2026-07-03
EURUSD,services_pmi,0.0,0.0,2026-07-03
EURUSD,gdp_qoq,-1.0,-0.15625,2026-07-03
EURUSD,retail_sales,-1.0,-0.15625,2026-07-03
EURUSD,cpi_yoy,-2.0,-0.41666666666666663,2026-07-03
EURUSD,core_cpi,0.0,-0.052083333333333315,2026-07-03
EURUSD,core_pce,0.0,0.0,2026-07-03
EURUSD,ppi_yoy,-1.0,-0.15625,2026-07-03
EURUSD,employment_change,2.0,0.41666666666666663,2026-07-03
EURUSD,unemployment_rate,0.0,0.20833333333333334,2026-07-03
EURUSD,wage_growth,0.0,0.0,2026-07-03
EURUSD,adp,0.0,0.0,2026-07-03
EURUSD,jolts,0.0,0.0,2026-07-03
EURUSD,jobless_claims,0.0,0.0,2026-07-03
EURUSD,rate_expectations,-2.0,-1.25,2026-07-03
GBPUSD,manufacturing_pmi,-1.0,-0.15625,2026-07-03
GBPUSD,services_pmi,2.0,0.3125,2026-07-03
GBPUSD,gdp_qoq,0.0,0.0,2026-07-03
GBPUSD,retail_sales,-1.0,-0.15625,2026-07-03
GBPUSD,cpi_yoy,-1.0,-0.20833333333333331,2026-07-03
GBPUSD,core_cpi,1.0,0.15625,2026-07-03
GBPUSD,core_pce,0.0,0.0,2026-07-03
GBPUSD,ppi_yoy,-1.0,-0.15625,2026-07-03
GBPUSD,employment_change,1.0,0.10416666666666666,2026-07-03
GBPUSD,unemployment_rate,0.0,0.10416666666666666,2026-07-03
GBPUSD,wage_growth,2.0,0.41666666666666663,2026-07-03
GBPUSD,adp,0.0,0.0,2026-07-03
GBPUSD,jolts,0.0,0.0,2026-07-03
GBPUSD,jobless_claims,0.0,0.0,2026-07-03
GBPUSD,rate_expectations,-2.0,-1.25,2026-07-03
USDJPY,manufacturing_pmi,0.0,0.0,2026-07-03
USDJPY,services_pmi,0.0,0.0,2026-07-03
USDJPY,gdp_qoq,-2.0,-0.41666666666666663,2026-07-03
USDJPY,retail_sales,-1.0,-0.26041666666666663,2026-07-03
USDJPY,cpi_yoy,0.0,0.0,2026-07-03
USDJPY,core_cpi,-1.0,-0.15625,2026-07-03
USDJPY,core_pce,0.0,0.0,2026-07-03
USDJPY,ppi_yoy,1.0,0.15625,2026-07-03
USDJPY,employment_change,-1.0,-0.10416666666666666,2026-07-03
USDJPY,unemployment_rate,1.0,0.10416666666666666,2026-07-03
USDJPY,wage_growth,0.0,0.0,2026-07-03
USDJPY,adp,0.0,0.0,2026-07-03
USDJPY,jolts,0.0,0.0,2026-07-03
USDJPY,jobless_claims,0.0,0.0,2026-07-03
USDJPY,rate_expectations,1.0,0.625,2026-07-03
USDCHF,manufacturing_pmi,0.0,0.0,2026-07-03
USDCHF,services_pmi,0.0,0.0,2026-07-03
USDCHF,gdp_qoq,-1.0,-0.2777777777777778,2026-07-03
USDCHF,retail_sales,0.0,-0.12152777777777779,2026-07-03
USDCHF,cpi_yoy,1.0,0.41666666666666663,2026-07-03
USDCHF,core_cpi,-1.0,-0.15625,2026-07-03
USDCHF,core_pce,0.0,0.0,2026-07-03
USDCHF,ppi_yoy,3.0,0.9895833333333333,2026-07-03
USDCHF,employment_change,-1.0,-0.10416666666666666,2026-07-03
USDCHF,unemployment_rate,3.0,1.7708333333333333,2026-07-03
USDCHF,wage_growth,0.0,0.0,2026-07-03
USDCHF,adp,0.0,0.0,2026-07-03
USDCHF,jolts,0.0,0.0,2026-07-03
USDCHF,jobless_claims,0.0,0.0,2026-07-03
USDCHF,rate_expectations,1.0,0.625,2026-07-03
USDCAD,manufacturing_pmi,0.0,0.0,2026-07-03
USDCAD,services_pmi,0.0,0.0,2026-07-03
USDCAD,gdp_qoq,-2.0,-0.41666666666666663,2026-07-03
USDCAD,retail_sales,1.0,0.15625,2026-07-03
USDCAD,cpi_yoy,-2.0,-0.41666666666666663,2026-07-03
USDCAD,core_cpi,-1.0,-0.15625,2026-07-03
USDCAD,core_pce,0.0,0.0,2026-07-03
USDCAD,ppi_yoy,1.0,0.15625,2026-07-03
USDCAD,employment_change,-2.0,-0.41666666666666663,2026-07-03
USDCAD,unemployment_rate,-1.0,-0.5208333333333334,2026-07-03
USDCAD,wage_growth,0.0,0.0,2026-07-03
USDCAD,adp,0.0,0.0,2026-07-03
USDCAD,jolts,0.0,0.0,2026-07-03
USDCAD,jobless_claims,0.0,0.0,2026-07-03
USDCAD,rate_expectations,1.0,0.625,2026-07-03
AUDUSD,manufacturing_pmi,0.0,0.0,2026-07-03
AUDUSD,services_pmi,0.0,0.0,2026-07-03
AUDUSD,gdp_qoq,-2.0,-0.41666666666666663,2026-07-03
AUDUSD,retail_sales,1.0,-0.15625,2026-07-03
AUDUSD,cpi_yoy,-1.0,-0.3125,2026-07-03
AUDUSD,core_cpi,2.0,0.15625,2026-07-03
AUDUSD,core_pce,0.0,0.0,2026-07-03
AUDUSD,ppi_yoy,-2.0,-0.46875,2026-07-03
AUDUSD,employment_change,1.0,0.10416666666666666,2026-07-03
AUDUSD,unemployment_rate,-1.0,-0.10416666666666666,2026-07-03
AUDUSD,wage_growth,0.0,0.0,2026-07-03
AUDUSD,adp,0.0,0.0,2026-07-03
AUDUSD,jolts,0.0,0.0,2026-07-03
AUDUSD,jobless_claims,0.0,0.0,2026-07-03
AUDUSD,rate_expectations,-2.0,-1.25,2026-07-03
NZDUSD,manufacturing_pmi,0.0,0.0,2026-07-03
NZDUSD,services_pmi,0.0,0.0,2026-07-03
NZDUSD,gdp_qoq,0.0,0.0,2026-07-03
NZDUSD,retail_sales,-1.0,-0.15625,2026-07-03
NZDUSD,cpi_yoy,1.0,0.41666666666666663,2026-07-03
NZDUSD,core_cpi,1.0,0.15625,2026-07-03
NZDUSD,core_pce,0.0,0.0,2026-07-03
NZDUSD,ppi_yoy,-1.0,-0.15625,2026-07-03
NZDUSD,employment_change,1.0,0.10416666666666666,2026-07-03
NZDUSD,unemployment_rate,0.0,0.17361111111111113,2026-07-03
NZDUSD,wage_growth,1.0,0.2777777777777778,2026-07-03
NZDUSD,adp,0.0,0.0,2026-07-03
NZDUSD,jolts,0.0,0.0,2026-07-03
NZDUSD,jobless_claims,0.0,0.0,2026-07-03
NZDUSD,rate_expectations,-1.0,-0.625,2026-07-03
EURGBP,manufacturing_pmi,1.0,0.15625,2026-07-03
EURGBP,services_pmi,-2.0,-0.3125,2026-07-03
EURGBP,gdp_qoq,-1.0,-0.15625,2026-07-03
EURGBP,retail_sales,0.0,0.0,2026-07-03
EURGBP,cpi_yoy,-1.0,-0.20833333333333331,2026-07-03
EURGBP,core_cpi,-1.0,-0.20833333333333331,2026-07-03
EURGBP,core_pce,,0.0,2026-07-03
EURGBP,ppi_yoy,0.0,0.0,2026-07-03
EURGBP,employment_change,1.0,0.3125,2026-07-03
EURGBP,unemployment_rate,0.0,0.10416666666666669,2026-07-03
EURGBP,wage_growth,-2.0,-0.41666666666666663,2026-07-03
EURGBP,adp,,0.0,2026-07-03
EURGBP,jolts,,0.0,2026-07-03
EURGBP,jobless_claims,,0.0,2026-07-03
EURGBP,rate_expectations,0.0,0.0,2026-07-03
EURJPY,manufacturing_pmi,0.0,0.0,2026-07-03
EURJPY,services_pmi,0.0,0.0,2026-07-03
EURJPY,gdp_qoq,-3.0,-0.5729166666666666,2026-07-03
EURJPY,retail_sales,-2.0,-0.41666666666666663,2026-07-03
EURJPY,cpi_yoy,-2.0,-0.41666666666666663,2026-07-03
EURJPY,core_cpi,-1.0,-0.20833333333333331,2026-07-03
EURJPY,core_pce,,0.0,2026-07-03
EURJPY,ppi_yoy,0.0,0.0,2026-07-03
EURJPY,employment_change,1.0,0.3125,2026-07-03
EURJPY,unemployment_rate,1.0,0.3125,2026-07-03
EURJPY,wage_growth,0.0,0.0,2026-07-03
EURJPY,adp,,0.0,2026-07-03
EURJPY,jolts,,0.0,2026-07-03
EURJPY,jobless_claims,,0.0,2026-07-03
EURJPY,rate_expectations,-1.0,-0.625,2026-07-03
EURCHF,manufacturing_pmi,0.0,0.0,2026-07-03
EURCHF,services_pmi,0.0,0.0,2026-07-03
EURCHF,gdp_qoq,-2.0,-0.4340277777777778,2026-07-03
EURCHF,retail_sales,-1.0,-0.2777777777777778,2026-07-03
EURCHF,cpi_yoy,-1.0,0.0,2026-07-03
EURCHF,core_cpi,-1.0,-0.20833333333333331,2026-07-03
EURCHF,core_pce,,0.0,2026-07-03
EURCHF,ppi_yoy,2.0,0.8333333333333333,2026-07-03
EURCHF,employment_change,1.0,0.3125,2026-07-03
EURCHF,unemployment_rate,3.0,1.9791666666666665,2026-07-03
EURCHF,wage_growth,,0.0,2026-07-03
EURCHF,adp,,0.0,2026-07-03
EURCHF,jolts,,0.0,2026-07-03
EURCHF,jobless_claims,,0.0,2026-07-03
EURCHF,rate_expectations,-1.0,-0.625,2026-07-03
EURAUD,manufacturing_pmi,0.0,0.0,2026-07-03
EURAUD,services_pmi,0.0,0.0,2026-07-03
EURAUD,gdp_qoq,1.0,0.26041666666666663,2026-07-03
EURAUD,retail_sales,-2.0,0.0,2026-07-03
EURAUD,cpi_yoy,-1.0,-0.10416666666666663,2026-07-03
EURAUD,core_cpi,-2.0,-0.20833333333333331,2026-07-03
EURAUD,core_pce,,0.0,2026-07-03
EURAUD,ppi_yoy,1.0,0.3125,2026-07-03
EURAUD,employment_change,1.0,0.3125,2026-07-03
EURAUD,unemployment_rate,1.0,0.3125,2026-07-03
EURAUD,wage_growth,0.0,0.0,2026-07-03
EURAUD,adp,,0.0,2026-07-03
EURAUD,jolts,,0.0,2026-07-03
EURAUD,jobless_claims,,0.0,2026-07-03
EURAUD,rate_expectations,0.0,0.0,2026-07-03
EURNZD,manufacturing_pmi,0.0,0.0,2026-07-03
EURNZD,services_pmi,0.0,0.0,2026-07-03
EURNZD,gdp_qoq,-1.0,-0.15625,2026-07-03
EURNZD,retail_sales,0.0,0.0,2026-07-03
EURNZD,cpi_yoy,-3.0,-0.8333333333333333,2026-07-03
EURNZD,core_cpi,-1.0,-0.20833333333333331,2026-07-03
EURNZD,core_pce,,0.0,2026-07-03
EURNZD,ppi_yoy,0.0,0.0,2026-07-03
EURNZD,employment_change,1.0,0.3125,2026-07-03
EURNZD,unemployment_rate,0.0,0.03472222222222221,2026-07-03
EURNZD,wage_growth,-1.0,-0.2777777777777778,2026-07-03
EURNZD,adp,,0.0,2026-07-03
EURNZD,jolts,,0.0,2026-07-03
EURNZD,jobless_claims,,0.0,2026-07-03
EURNZD,rate_expectations,-1.0,-0.625,2026-07-03
EURCAD,manufacturing_pmi,0.0,0.0,2026-07-03
EURCAD,services_pmi,0.0,0.0,2026-07-03
EURCAD,gdp_qoq,-3.0,-0.5729166666666666,2026-07-03
EURCAD,retail_sales,0.0,0.0,2026-07-03
EURCAD,cpi_yoy,-4.0,-0.8333333333333333,2026-07-03
EURCAD,core_cpi,-1.0,-0.20833333333333331,2026-07-03
EURCAD,core_pce,,0.0,2026-07-03
EURCAD,ppi_yoy,0.0,0.0,2026-07-03
EURCAD,employment_change,0.0,0.0,2026-07-03
EURCAD,unemployment_rate,-1.0,-0.3125,2026-07-03
EURCAD,wage_growth,,0.0,2026-07-03
EURCAD,adp,,0.0,2026-07-03
EURCAD,jolts,,0.0,2026-07-03
EURCAD,jobless_claims,,0.0,2026-07-03
EURCAD,rate_expectations,-1.0,-0.625,2026-07-03
GBPJPY,manufacturing_pmi,-1.0,-0.15625,2026-07-03
GBPJPY,services_pmi,2.0,0.3125,2026-07-03
GBPJPY,gdp_qoq,-2.0,-0.41666666666666663,2026-07-03
GBPJPY,retail_sales,-2.0,-0.41666666666666663,2026-07-03
GBPJPY,cpi_yoy,-1.0,-0.20833333333333331,2026-07-03
GBPJPY,core_cpi,0.0,0.0,2026-07-03
GBPJPY,core_pce,,0.0,2026-07-03
GBPJPY,ppi_yoy,0.0,0.0,2026-07-03
GBPJPY,employment_change,0.0,0.0,2026-07-03
GBPJPY,unemployment_rate,1.0,0.20833333333333331,2026-07-03
GBPJPY,wage_growth,2.0,0.41666666666666663,2026-07-03
GBPJPY,adp,,0.0,2026-07-03
GBPJPY,jolts,,0.0,2026-07-03
GBPJPY,jobless_claims,,0.0,2026-07-03
GBPJPY,rate_expectations,-1.0,-0.625,2026-07-03
GBPCHF,manufacturing_pmi,-1.0,-0.15625,2026-07-03
GBPCHF,services_pmi,2.0,0.3125,2026-07-03
GBPCHF,gdp_qoq,-1.0,-0.2777777777777778,2026-07-03
GBPCHF,retail_sales,-1.0,-0.2777777777777778,2026-07-03
GBPCHF,cpi_yoy,0.0,0.20833333333333331,2026-07-03
GBPCHF,core_cpi,0.0,0.0,2026-07-03
GBPCHF,core_pce,,0.0,2026-07-03
GBPCHF,ppi_yoy,2.0,0.8333333333333333,2026-07-03
GBPCHF,employment_change,0.0,0.0,2026-07-03
GBPCHF,unemployment_rate,3.0,1.8749999999999998,2026-07-03
GBPCHF,wage_growth,2.0,0.41666666666666663,2026-07-03
GBPCHF,adp,,0.0,2026-07-03
GBPCHF,jolts,,0.0,2026-07-03
GBPCHF,jobless_claims,,0.0,2026-07-03
GBPCHF,rate_expectations,-1.0,-0.625,2026-07-03
GBPAUD,manufacturing_pmi,-1.0,-0.15625,2026-07-03
GBPAUD,services_pmi,2.0,0.3125,2026-07-03
GBPAUD,gdp_qoq,2.0,0.41666666666666663,2026-07-03
GBPAUD,retail_sales,-2.0,0.0,2026-07-03
GBPAUD,cpi_yoy,0.0,0.10416666666666669,2026-07-03
GBPAUD,core_cpi,-1.0,0.0,2026-07-03
GBPAUD,core_pce,,0.0,2026-07-03
GBPAUD,ppi_yoy,1.0,0.3125,2026-07-03
GBPAUD,employment_change,0.0,0.0,2026-07-03
GBPAUD,unemployment_rate,1.0,0.20833333333333331,2026-07-03
GBPAUD,wage_growth,2.0,0.41666666666666663,2026-07-03
GBPAUD,adp,,0.0,2026-07-03
GBPAUD,jolts,,0.0,2026-07-03
GBPAUD,jobless_claims,,0.0,2026-07-03
GBPAUD,rate_expectations,0.0,0.0,2026-07-03
GBPNZD,manufacturing_pmi,-1.0,-0.15625,2026-07-03
GBPNZD,services_pmi,2.0,0.3125,2026-07-03
GBPNZD,gdp_qoq,0.0,0.0,2026-07-03
GBPNZD,retail_sales,0.0,0.0,2026-07-03
GBPNZD,cpi_yoy,-2.0,-0.625,2026-07-03
GBPNZD,core_cpi,0.0,0.0,2026-07-03
GBPNZD,core_pce,,0.0,2026-07-03
GBPNZD,ppi_yoy,0.0,0.0,2026-07-03
GBPNZD,employment_change,0.0,0.0,2026-07-03
GBPNZD,unemployment_rate,0.0,-0.06944444444444448,2026-07-03
GBPNZD,wage_growth,1.0,0.13888888888888884,2026-07-03
GBPNZD,adp,,0.0,2026-07-03
GBPNZD,jolts,,0.0,2026-07-03
GBPNZD,jobless_claims,,0.0,2026-07-03
GBPNZD,rate_expectations,-1.0,-0.625,2026-07-03
GBPCAD,manufacturing_pmi,-1.0,-0.15625,2026-07-03
GBPCAD,services_pmi,2.0,0.3125,2026-07-03
GBPCAD,gdp_qoq,-2.0,-0.41666666666666663,2026-07-03
GBPCAD,retail_sales,0.0,0.0,2026-07-03
GBPCAD,cpi_yoy,-3.0,-0.625,2026-07-03
GBPCAD,core_cpi,0.0,0.0,2026-07-03
GBPCAD,core_pce,,0.0,2026-07-03
GBPCAD,ppi_yoy,0.0,0.0,2026-07-03
GBPCAD,employment_change,-1.0,-0.3125,2026-07-03
GBPCAD,unemployment_rate,-1.0,-0.4166666666666667,2026-07-03
GBPCAD,wage_growth,2.0,0.41666666666666663,2026-07-03
GBPCAD,adp,,0.0,2026-07-03
GBPCAD,jolts,,0.0,2026-07-03
GBPCAD,jobless_claims,,0.0,2026-07-03
GBPCAD,rate_expectations,-1.0,-0.625,2026-07-03
AUDJPY,manufacturing_pmi,0.0,0.0,2026-07-03
AUDJPY,services_pmi,0.0,0.0,2026-07-03
AUDJPY,gdp_qoq,-4.0,-0.8333333333333333,2026-07-03
AUDJPY,retail_sales,0.0,-0.41666666666666663,2026-07-03
AUDJPY,cpi_yoy,-1.0,-0.3125,2026-07-03
AUDJPY,core_cpi,1.0,0.0,2026-07-03
AUDJPY,core_pce,,0.0,2026-07-03
AUDJPY,ppi_yoy,-1.0,-0.3125,2026-07-03
AUDJPY,employment_change,0.0,0.0,2026-07-03
AUDJPY,unemployment_rate,0.0,0.0,2026-07-03
AUDJPY,wage_growth,0.0,0.0,2026-07-03
AUDJPY,adp,,0.0,2026-07-03
AUDJPY,jolts,,0.0,2026-07-03
AUDJPY,jobless_claims,,0.0,2026-07-03
AUDJPY,rate_expectations,-1.0,-0.625,2026-07-03
NZDJPY,manufacturing_pmi,0.0,0.0,2026-07-03
NZDJPY,services_pmi,0.0,0.0,2026-07-03
NZDJPY,gdp_qoq,-2.0,-0.41666666666666663,2026-07-03
NZDJPY,retail_sales,-2.0,-0.41666666666666663,2026-07-03
NZDJPY,cpi_yoy,1.0,0.41666666666666663,2026-07-03
NZDJPY,core_cpi,0.0,0.0,2026-07-03
NZDJPY,core_pce,,0.0,2026-07-03
NZDJPY,ppi_yoy,0.0,0.0,2026-07-03
NZDJPY,employment_change,0.0,0.0,2026-07-03
NZDJPY,unemployment_rate,1.0,0.2777777777777778,2026-07-03
NZDJPY,wage_growth,1.0,0.2777777777777778,2026-07-03
NZDJPY,adp,,0.0,2026-07-03
NZDJPY,jolts,,0.0,2026-07-03
NZDJPY,jobless_claims,,0.0,2026-07-03
NZDJPY,rate_expectations,0.0,0.0,2026-07-03
CADJPY,manufacturing_pmi,0.0,0.0,2026-07-03
CADJPY,services_pmi,,0.0,2026-07-03
CADJPY,gdp_qoq,0.0,0.0,2026-07-03
CADJPY,retail_sales,-2.0,-0.41666666666666663,2026-07-03
CADJPY,cpi_yoy,2.0,0.41666666666666663,2026-07-03
CADJPY,core_cpi,0.0,0.0,2026-07-03
CADJPY,core_pce,,0.0,2026-07-03
CADJPY,ppi_yoy,0.0,0.0,2026-07-03
CADJPY,employment_change,1.0,0.3125,2026-07-03
CADJPY,unemployment_rate,2.0,0.625,2026-07-03
CADJPY,wage_growth,0.0,0.0,2026-07-03
CADJPY,adp,,0.0,2026-07-03
CADJPY,jolts,,0.0,2026-07-03
CADJPY,jobless_claims,,0.0,2026-07-03
CADJPY,rate_expectations,0.0,0.0,2026-07-03
CHFJPY,manufacturing_pmi,0.0,0.0,2026-07-03
CHFJPY,services_pmi,,0.0,2026-07-03
CHFJPY,gdp_qoq,-1.0,-0.13888888888888884,2026-07-03
CHFJPY,retail_sales,-1.0,-0.13888888888888884,2026-07-03
CHFJPY,cpi_yoy,-1.0,-0.41666666666666663,2026-07-03
CHFJPY,core_cpi,0.0,0.0,2026-07-03
CHFJPY,core_pce,,0.0,2026-07-03
CHFJPY,ppi_yoy,-2.0,-0.8333333333333333,2026-07-03
CHFJPY,employment_change,,0.0,2026-07-03
CHFJPY,unemployment_rate,-2.0,-1.6666666666666665,2026-07-03
CHFJPY,wage_growth,0.0,0.0,2026-07-03
CHFJPY,adp,,0.0,2026-07-03
CHFJPY,jolts,,0.0,2026-07-03
CHFJPY,jobless_claims,,0.0,2026-07-03
CHFJPY,rate_expectations,0.0,0.0,2026-07-03
AUDNZD,manufacturing_pmi,0.0,0.0,2026-07-03
AUDNZD,services_pmi,0.0,0.0,2026-07-03
AUDNZD,gdp_qoq,-2.0,-0.41666666666666663,2026-07-03
AUDNZD,retail_sales,2.0,0.0,2026-07-03
AUDNZD,cpi_yoy,-2.0,-0.7291666666666666,2026-07-03
AUDNZD,core_cpi,1.0,0.0,2026-07-03
AUDNZD,core_pce,,0.0,2026-07-03
AUDNZD,ppi_yoy,-1.0,-0.3125,2026-07-03
AUDNZD,employment_change,0.0,0.0,2026-07-03
AUDNZD,unemployment_rate,-1.0,-0.2777777777777778,2026-07-03
AUDNZD,wage_growth,-1.0,-0.2777777777777778,2026-07-03
AUDNZD,adp,,0.0,2026-07-03
AUDNZD,jolts,,0.0,2026-07-03
AUDNZD,jobless_claims,,0.0,2026-07-03
AUDNZD,rate_expectations,-1.0,-0.625,2026-07-03
AUDCAD,manufacturing_pmi,0.0,0.0,2026-07-03
AUDCAD,services_pmi,0.0,0.0,2026-07-03
AUDCAD,gdp_qoq,-4.0,-0.8333333333333333,2026-07-03
AUDCAD,retail_sales,2.0,0.0,2026-07-03
AUDCAD,cpi_yoy,-3.0,-0.7291666666666666,2026-07-03
AUDCAD,core_cpi,1.0,0.0,2026-07-03
AUDCAD,core_pce,,0.0,2026-07-03
AUDCAD,ppi_yoy,-1.0,-0.3125,2026-07-03
AUDCAD,employment_change,-1.0,-0.3125,2026-07-03
AUDCAD,unemployment_rate,-2.0,-0.625,2026-07-03
AUDCAD,wage_growth,0.0,0.0,2026-07-03
AUDCAD,adp,,0.0,2026-07-03
AUDCAD,jolts,,0.0,2026-07-03
AUDCAD,jobless_claims,,0.0,2026-07-03
AUDCAD,rate_expectations,-1.0,-0.625,2026-07-03
AUDCHF,manufacturing_pmi,0.0,0.0,2026-07-03
AUDCHF,services_pmi,0.0,0.0,2026-07-03
AUDCHF,gdp_qoq,-3.0,-0.6944444444444444,2026-07-03
AUDCHF,retail_sales,1.0,-0.2777777777777778,2026-07-03
AUDCHF,cpi_yoy,0.0,0.10416666666666663,2026-07-03
AUDCHF,core_cpi,1.0,0.0,2026-07-03
AUDCHF,core_pce,,0.0,2026-07-03
AUDCHF,ppi_yoy,1.0,0.5208333333333333,2026-07-03
AUDCHF,employment_change,0.0,0.0,2026-07-03
AUDCHF,unemployment_rate,2.0,1.6666666666666665,2026-07-03
AUDCHF,wage_growth,0.0,0.0,2026-07-03
AUDCHF,adp,,0.0,2026-07-03
AUDCHF,jolts,,0.0,2026-07-03
AUDCHF,jobless_claims,,0.0,2026-07-03
AUDCHF,rate_expectations,-1.0,-0.625,2026-07-03
NZDCAD,manufacturing_pmi,0.0,0.0,2026-07-03
NZDCAD,services_pmi,0.0,0.0,2026-07-03
NZDCAD,gdp_qoq,-2.0,-0.41666666666666663,2026-07-03
NZDCAD,retail_sales,0.0,0.0,2026-07-03
NZDCAD,cpi_yoy,-1.0,0.0,2026-07-03
NZDCAD,core_cpi,0.0,0.0,2026-07-03
NZDCAD,core_pce,,0.0,2026-07-03
NZDCAD,ppi_yoy,0.0,0.0,2026-07-03
NZDCAD,employment_change,-1.0,-0.3125,2026-07-03
NZDCAD,unemployment_rate,-1.0,-0.3472222222222222,2026-07-03
NZDCAD,wage_growth,1.0,0.2777777777777778,2026-07-03
NZDCAD,adp,,0.0,2026-07-03
NZDCAD,jolts,,0.0,2026-07-03
NZDCAD,jobless_claims,,0.0,2026-07-03
NZDCAD,rate_expectations,0.0,0.0,2026-07-03
NZDCHF,manufacturing_pmi,0.0,0.0,2026-07-03
NZDCHF,services_pmi,0.0,0.0,2026-07-03
NZDCHF,gdp_qoq,-1.0,-0.2777777777777778,2026-07-03
NZDCHF,retail_sales,-1.0,-0.2777777777777778,2026-07-03
NZDCHF,cpi_yoy,2.0,0.8333333333333333,2026-07-03
NZDCHF,core_cpi,,0.0,2026-07-03
NZDCHF,core_pce,,0.0,2026-07-03
NZDCHF,ppi_yoy,2.0,0.8333333333333333,2026-07-03
NZDCHF,employment_change,0.0,0.0,2026-07-03
NZDCHF,unemployment_rate,3.0,1.9444444444444442,2026-07-03
NZDCHF,wage_growth,1.0,0.2777777777777778,2026-07-03
NZDCHF,adp,,0.0,2026-07-03
NZDCHF,jolts,,0.0,2026-07-03
NZDCHF,jobless_claims,,0.0,2026-07-03
NZDCHF,rate_expectations,,0.0,2026-07-03
CADCHF,manufacturing_pmi,0.0,0.0,2026-07-03
CADCHF,services_pmi,,0.0,2026-07-03
CADCHF,gdp_qoq,1.0,0.13888888888888884,2026-07-03
CADCHF,retail_sales,-1.0,-0.2777777777777778,2026-07-03
CADCHF,cpi_yoy,3.0,0.8333333333333333,2026-07-03
CADCHF,core_cpi,0.0,0.0,2026-07-03
CADCHF,core_pce,,0.0,2026-07-03
CADCHF,ppi_yoy,2.0,0.8333333333333333,2026-07-03
CADCHF,employment_change,1.0,0.3125,2026-07-03
CADCHF,unemployment_rate,4.0,2.2916666666666665,2026-07-03
CADCHF,wage_growth,,0.0,2026-07-03
CADCHF,adp,,0.0,2026-07-03
CADCHF,jolts,,0.0,2026-07-03
CADCHF,jobless_claims,,0.0,2026-07-03
CADCHF,rate_expectations,0.0,0.0,2026-07-03
EURUSD,manufacturing_pmi,0.0,0.0,2026-07-10
EURUSD,services_pmi,0.0,0.0,2026-07-10
EURUSD,gdp_qoq,-1.0,-0.15625,2026-07-10
EURUSD,retail_sales,-1.0,-0.15625,2026-07-10
EURUSD,cpi_yoy,-2.0,-0.41666666666666663,2026-07-10
EURUSD,core_cpi,0.0,-0.052083333333333315,2026-07-10
EURUSD,core_pce,0.0,0.0,2026-07-10
EURUSD,ppi_yoy,-1.0,-0.15625,2026-07-10
EURUSD,employment_change,2.0,0.41666666666666663,2026-07-10
EURUSD,unemployment_rate,0.0,0.20833333333333334,2026-07-10
EURUSD,wage_growth,0.0,0.0,2026-07-10
EURUSD,adp,0.0,0.0,2026-07-10
EURUSD,jolts,0.0,0.0,2026-07-10
EURUSD,jobless_claims,0.0,0.0,2026-07-10
EURUSD,rate_expectations,-1.0,-0.625,2026-07-10
GBPUSD,manufacturing_pmi,-1.0,-0.15625,2026-07-10
GBPUSD,services_pmi,0.0,0.0,2026-07-10
GBPUSD,gdp_qoq,0.0,0.0,2026-07-10
GBPUSD,retail_sales,-1.0,-0.15625,2026-07-10
GBPUSD,cpi_yoy,-1.0,-0.20833333333333331,2026-07-10
GBPUSD,core_cpi,1.0,0.15625,2026-07-10
GBPUSD,core_pce,0.0,0.0,2026-07-10
GBPUSD,ppi_yoy,-1.0,-0.15625,2026-07-10
GBPUSD,employment_change,1.0,0.10416666666666666,2026-07-10
GBPUSD,unemployment_rate,0.0,0.10416666666666666,2026-07-10
GBPUSD,wage_growth,2.0,0.41666666666666663,2026-07-10
GBPUSD,adp,0.0,0.0,2026-07-10
GBPUSD,jolts,0.0,0.0,2026-07-10
GBPUSD,jobless_claims,0.0,0.0,2026-07-10
GBPUSD,rate_expectations,-1.0,-0.625,2026-07-10
USDJPY,manufacturing_pmi,0.0,0.0,2026-07-10
USDJPY,services_pmi,0.0,0.0,2026-07-10
USDJPY,gdp_qoq,-2.0,-0.5555555555555556,2026-07-10
USDJPY,retail_sales,-1.0,-0.3993055555555556,2026-07-10
USDJPY,cpi_yoy,0.0,0.0,2026-07-10
USDJPY,core_cpi,-1.0,-0.15625,2026-07-10
USDJPY,core_pce,0.0,0.0,2026-07-10
USDJPY,ppi_yoy,1.0,0.15625,2026-07-10
USDJPY,employment_change,-1.0,-0.10416666666666666,2026-07-10
USDJPY,unemployment_rate,1.0,0.10416666666666666,2026-07-10
USDJPY,wage_growth,0.0,0.0,2026-07-10
USDJPY,adp,0.0,0.0,2026-07-10
USDJPY,jolts,0.0,0.0,2026-07-10
USDJPY,jobless_claims,0.0,0.0,2026-07-10
USDJPY,rate_expectations,1.0,0.625,2026-07-10
USDCHF,manufacturing_pmi,0.0,0.0,2026-07-10
USDCHF,services_pmi,0.0,0.0,2026-07-10
USDCHF,gdp_qoq,-1.0,-0.2777777777777778,2026-07-10
USDCHF,retail_sales,0.0,-0.12152777777777779,2026-07-10
USDCHF,cpi_yoy,1.0,0.41666666666666663,2026-07-10
USDCHF,core_cpi,-1.0,-0.15625,2026-07-10
USDCHF,core_pce,0.0,0.0,2026-07-10
USDCHF,ppi_yoy,3.0,0.9895833333333333,2026-07-10
USDCHF,employment_change,-1.0,-0.10416666666666666,2026-07-10
USDCHF,unemployment_rate,1.0,0.10416666666666666,2026-07-10
USDCHF,wage_growth,0.0,0.0,2026-07-10
USDCHF,adp,0.0,0.0,2026-07-10
USDCHF,jolts,0.0,0.0,2026-07-10
USDCHF,jobless_claims,0.0,0.0,2026-07-10
USDCHF,rate_expectations,1.0,0.625,2026-07-10
USDCAD,manufacturing_pmi,0.0,0.0,2026-07-10
USDCAD,services_pmi,0.0,0.0,2026-07-10
USDCAD,gdp_qoq,-2.0,-0.41666666666666663,2026-07-10
USDCAD,retail_sales,1.0,0.15625,2026-07-10
USDCAD,cpi_yoy,-2.0,-0.41666666666666663,2026-07-10
USDCAD,core_cpi,-1.0,-0.15625,2026-07-10
USDCAD,core_pce,0.0,0.0,2026-07-10
USDCAD,ppi_yoy,1.0,0.15625,2026-07-10
USDCAD,employment_change,-2.0,-0.41666666666666663,2026-07-10
USDCAD,unemployment_rate,-1.0,-0.5208333333333334,2026-07-10
USDCAD,wage_growth,0.0,0.0,2026-07-10
USDCAD,adp,0.0,0.0,2026-07-10
USDCAD,jolts,0.0,0.0,2026-07-10
USDCAD,jobless_claims,0.0,0.0,2026-07-10
USDCAD,rate_expectations,1.0,0.625,2026-07-10
AUDUSD,manufacturing_pmi,0.0,0.0,2026-07-10
AUDUSD,services_pmi,0.0,0.0,2026-07-10
AUDUSD,gdp_qoq,-2.0,-0.41666666666666663,2026-07-10
AUDUSD,retail_sales,1.0,-0.15625,2026-07-10
AUDUSD,cpi_yoy,-1.0,-0.3125,2026-07-10
AUDUSD,core_cpi,2.0,0.15625,2026-07-10
AUDUSD,core_pce,0.0,0.0,2026-07-10
AUDUSD,ppi_yoy,-2.0,-0.46875,2026-07-10
AUDUSD,employment_change,1.0,0.10416666666666666,2026-07-10
AUDUSD,unemployment_rate,-1.0,-0.10416666666666666,2026-07-10
AUDUSD,wage_growth,0.0,0.0,2026-07-10
AUDUSD,adp,0.0,0.0,2026-07-10
AUDUSD,jolts,0.0,0.0,2026-07-10
AUDUSD,jobless_claims,0.0,0.0,2026-07-10
AUDUSD,rate_expectations,-1.0,-0.625,2026-07-10
NZDUSD,manufacturing_pmi,0.0,0.0,2026-07-10
NZDUSD,services_pmi,0.0,0.0,2026-07-10
NZDUSD,gdp_qoq,0.0,0.0,2026-07-10
NZDUSD,retail_sales,-1.0,-0.15625,2026-07-10
NZDUSD,cpi_yoy,1.0,0.41666666666666663,2026-07-10
NZDUSD,core_cpi,1.0,0.15625,2026-07-10
NZDUSD,core_pce,0.0,0.0,2026-07-10
NZDUSD,ppi_yoy,-1.0,-0.15625,2026-07-10
NZDUSD,employment_change,1.0,0.10416666666666666,2026-07-10
NZDUSD,unemployment_rate,0.0,0.17361111111111113,2026-07-10
NZDUSD,wage_growth,1.0,0.2777777777777778,2026-07-10
NZDUSD,adp,0.0,0.0,2026-07-10
NZDUSD,jolts,0.0,0.0,2026-07-10
NZDUSD,jobless_claims,0.0,0.0,2026-07-10
NZDUSD,rate_expectations,-1.0,-0.625,2026-07-10
EURGBP,manufacturing_pmi,1.0,0.15625,2026-07-10
EURGBP,services_pmi,0.0,0.0,2026-07-10
EURGBP,gdp_qoq,-1.0,-0.15625,2026-07-10
EURGBP,retail_sales,0.0,0.0,2026-07-10
EURGBP,cpi_yoy,-1.0,-0.20833333333333331,2026-07-10
EURGBP,core_cpi,-1.0,-0.20833333333333331,2026-07-10
EURGBP,core_pce,,0.0,2026-07-10
EURGBP,ppi_yoy,0.0,0.0,2026-07-10
EURGBP,employment_change,1.0,0.3125,2026-07-10
EURGBP,unemployment_rate,0.0,0.10416666666666669,2026-07-10
EURGBP,wage_growth,-2.0,-0.41666666666666663,2026-07-10
EURGBP,adp,,0.0,2026-07-10
EURGBP,jolts,,0.0,2026-07-10
EURGBP,jobless_claims,,0.0,2026-07-10
EURGBP,rate_expectations,0.0,0.0,2026-07-10
EURJPY,manufacturing_pmi,0.0,0.0,2026-07-10
EURJPY,services_pmi,0.0,0.0,2026-07-10
EURJPY,gdp_qoq,-3.0,-0.7118055555555556,2026-07-10
EURJPY,retail_sales,-2.0,-0.5555555555555556,2026-07-10
EURJPY,cpi_yoy,-2.0,-0.41666666666666663,2026-07-10
EURJPY,core_cpi,-1.0,-0.20833333333333331,2026-07-10
EURJPY,core_pce,,0.0,2026-07-10
EURJPY,ppi_yoy,0.0,0.0,2026-07-10
EURJPY,employment_change,1.0,0.3125,2026-07-10
EURJPY,unemployment_rate,1.0,0.3125,2026-07-10
EURJPY,wage_growth,0.0,0.0,2026-07-10
EURJPY,adp,,0.0,2026-07-10
EURJPY,jolts,,0.0,2026-07-10
EURJPY,jobless_claims,,0.0,2026-07-10
EURJPY,rate_expectations,0.0,0.0,2026-07-10
EURCHF,manufacturing_pmi,0.0,0.0,2026-07-10
EURCHF,services_pmi,0.0,0.0,2026-07-10
EURCHF,gdp_qoq,-2.0,-0.4340277777777778,2026-07-10
EURCHF,retail_sales,-1.0,-0.2777777777777778,2026-07-10
EURCHF,cpi_yoy,-1.0,0.0,2026-07-10
EURCHF,core_cpi,-1.0,-0.20833333333333331,2026-07-10
EURCHF,core_pce,,0.0,2026-07-10
EURCHF,ppi_yoy,2.0,0.8333333333333333,2026-07-10
EURCHF,employment_change,1.0,0.3125,2026-07-10
EURCHF,unemployment_rate,1.0,0.3125,2026-07-10
EURCHF,wage_growth,,0.0,2026-07-10
EURCHF,adp,,0.0,2026-07-10
EURCHF,jolts,,0.0,2026-07-10
EURCHF,jobless_claims,,0.0,2026-07-10
EURCHF,rate_expectations,0.0,0.0,2026-07-10
EURAUD,manufacturing_pmi,0.0,0.0,2026-07-10
EURAUD,services_pmi,0.0,0.0,2026-07-10
EURAUD,gdp_qoq,1.0,0.26041666666666663,2026-07-10
EURAUD,retail_sales,-2.0,0.0,2026-07-10
EURAUD,cpi_yoy,-1.0,-0.10416666666666663,2026-07-10
EURAUD,core_cpi,-2.0,-0.20833333333333331,2026-07-10
EURAUD,core_pce,,0.0,2026-07-10
EURAUD,ppi_yoy,1.0,0.3125,2026-07-10
EURAUD,employment_change,1.0,0.3125,2026-07-10
EURAUD,unemployment_rate,1.0,0.3125,2026-07-10
EURAUD,wage_growth,0.0,0.0,2026-07-10
EURAUD,adp,,0.0,2026-07-10
EURAUD,jolts,,0.0,2026-07-10
EURAUD,jobless_claims,,0.0,2026-07-10
EURAUD,rate_expectations,0.0,0.0,2026-07-10
EURNZD,manufacturing_pmi,0.0,0.0,2026-07-10
EURNZD,services_pmi,0.0,0.0,2026-07-10
EURNZD,gdp_qoq,-1.0,-0.15625,2026-07-10
EURNZD,retail_sales,0.0,0.0,2026-07-10
EURNZD,cpi_yoy,-3.0,-0.8333333333333333,2026-07-10
EURNZD,core_cpi,-1.0,-0.20833333333333331,2026-07-10
EURNZD,core_pce,,0.0,2026-07-10
EURNZD,ppi_yoy,0.0,0.0,2026-07-10
EURNZD,employment_change,1.0,0.3125,2026-07-10
EURNZD,unemployment_rate,0.0,0.03472222222222221,2026-07-10
EURNZD,wage_growth,-1.0,-0.2777777777777778,2026-07-10
EURNZD,adp,,0.0,2026-07-10
EURNZD,jolts,,0.0,2026-07-10
EURNZD,jobless_claims,,0.0,2026-07-10
EURNZD,rate_expectations,0.0,0.0,2026-07-10
EURCAD,manufacturing_pmi,0.0,0.0,2026-07-10
EURCAD,services_pmi,0.0,0.0,2026-07-10
EURCAD,gdp_qoq,-3.0,-0.5729166666666666,2026-07-10
EURCAD,retail_sales,0.0,0.0,2026-07-10
EURCAD,cpi_yoy,-4.0,-0.8333333333333333,2026-07-10
EURCAD,core_cpi,-1.0,-0.20833333333333331,2026-07-10
EURCAD,core_pce,,0.0,2026-07-10
EURCAD,ppi_yoy,0.0,0.0,2026-07-10
EURCAD,employment_change,0.0,0.0,2026-07-10
EURCAD,unemployment_rate,-1.0,-0.3125,2026-07-10
EURCAD,wage_growth,,0.0,2026-07-10
EURCAD,adp,,0.0,2026-07-10
EURCAD,jolts,,0.0,2026-07-10
EURCAD,jobless_claims,,0.0,2026-07-10
EURCAD,rate_expectations,0.0,0.0,2026-07-10
GBPJPY,manufacturing_pmi,-1.0,-0.15625,2026-07-10
GBPJPY,services_pmi,0.0,0.0,2026-07-10
GBPJPY,gdp_qoq,-2.0,-0.5555555555555556,2026-07-10
GBPJPY,retail_sales,-2.0,-0.5555555555555556,2026-07-10
GBPJPY,cpi_yoy,-1.0,-0.20833333333333331,2026-07-10
GBPJPY,core_cpi,0.0,0.0,2026-07-10
GBPJPY,core_pce,,0.0,2026-07-10
GBPJPY,ppi_yoy,0.0,0.0,2026-07-10
GBPJPY,employment_change,0.0,0.0,2026-07-10
GBPJPY,unemployment_rate,1.0,0.20833333333333331,2026-07-10
GBPJPY,wage_growth,2.0,0.41666666666666663,2026-07-10
GBPJPY,adp,,0.0,2026-07-10
GBPJPY,jolts,,0.0,2026-07-10
GBPJPY,jobless_claims,,0.0,2026-07-10
GBPJPY,rate_expectations,0.0,0.0,2026-07-10
GBPCHF,manufacturing_pmi,-1.0,-0.15625,2026-07-10
GBPCHF,services_pmi,0.0,0.0,2026-07-10
GBPCHF,gdp_qoq,-1.0,-0.2777777777777778,2026-07-10
GBPCHF,retail_sales,-1.0,-0.2777777777777778,2026-07-10
GBPCHF,cpi_yoy,0.0,0.20833333333333331,2026-07-10
GBPCHF,core_cpi,0.0,0.0,2026-07-10
GBPCHF,core_pce,,0.0,2026-07-10
GBPCHF,ppi_yoy,2.0,0.8333333333333333,2026-07-10
GBPCHF,employment_change,0.0,0.0,2026-07-10
GBPCHF,unemployment_rate,1.0,0.20833333333333331,2026-07-10
GBPCHF,wage_growth,2.0,0.41666666666666663,2026-07-10
GBPCHF,adp,,0.0,2026-07-10
GBPCHF,jolts,,0.0,2026-07-10
GBPCHF,jobless_claims,,0.0,2026-07-10
GBPCHF,rate_expectations,0.0,0.0,2026-07-10
GBPAUD,manufacturing_pmi,-1.0,-0.15625,2026-07-10
GBPAUD,services_pmi,0.0,0.0,2026-07-10
GBPAUD,gdp_qoq,2.0,0.41666666666666663,2026-07-10
GBPAUD,retail_sales,-2.0,0.0,2026-07-10
GBPAUD,cpi_yoy,0.0,0.10416666666666669,2026-07-10
GBPAUD,core_cpi,-1.0,0.0,2026-07-10
GBPAUD,core_pce,,0.0,2026-07-10
GBPAUD,ppi_yoy,1.0,0.3125,2026-07-10
GBPAUD,employment_change,0.0,0.0,2026-07-10
GBPAUD,unemployment_rate,1.0,0.20833333333333331,2026-07-10
GBPAUD,wage_growth,2.0,0.41666666666666663,2026-07-10
GBPAUD,adp,,0.0,2026-07-10
GBPAUD,jolts,,0.0,2026-07-10
GBPAUD,jobless_claims,,0.0,2026-07-10
GBPAUD,rate_expectations,0.0,0.0,2026-07-10
GBPNZD,manufacturing_pmi,-1.0,-0.15625,2026-07-10
GBPNZD,services_pmi,0.0,0.0,2026-07-10
GBPNZD,gdp_qoq,0.0,0.0,2026-07-10
GBPNZD,retail_sales,0.0,0.0,2026-07-10
GBPNZD,cpi_yoy,-2.0,-0.625,2026-07-10
GBPNZD,core_cpi,0.0,0.0,2026-07-10
GBPNZD,core_pce,,0.0,2026-07-10
GBPNZD,ppi_yoy,0.0,0.0,2026-07-10
GBPNZD,employment_change,0.0,0.0,2026-07-10
GBPNZD,unemployment_rate,0.0,-0.06944444444444448,2026-07-10
GBPNZD,wage_growth,1.0,0.13888888888888884,2026-07-10
GBPNZD,adp,,0.0,2026-07-10
GBPNZD,jolts,,0.0,2026-07-10
GBPNZD,jobless_claims,,0.0,2026-07-10
GBPNZD,rate_expectations,0.0,0.0,2026-07-10
GBPCAD,manufacturing_pmi,-1.0,-0.15625,2026-07-10
GBPCAD,services_pmi,0.0,0.0,2026-07-10
GBPCAD,gdp_qoq,-2.0,-0.41666666666666663,2026-07-10
GBPCAD,retail_sales,0.0,0.0,2026-07-10
GBPCAD,cpi_yoy,-3.0,-0.625,2026-07-10
GBPCAD,core_cpi,0.0,0.0,2026-07-10
GBPCAD,core_pce,,0.0,2026-07-10
GBPCAD,ppi_yoy,0.0,0.0,2026-07-10
GBPCAD,employment_change,-1.0,-0.3125,2026-07-10
GBPCAD,unemployment_rate,-1.0,-0.4166666666666667,2026-07-10
GBPCAD,wage_growth,2.0,0.41666666666666663,2026-07-10
GBPCAD,adp,,0.0,2026-07-10
GBPCAD,jolts,,0.0,2026-07-10
GBPCAD,jobless_claims,,0.0,2026-07-10
GBPCAD,rate_expectations,0.0,0.0,2026-07-10
AUDJPY,manufacturing_pmi,0.0,0.0,2026-07-10
AUDJPY,services_pmi,0.0,0.0,2026-07-10
AUDJPY,gdp_qoq,-4.0,-0.9722222222222222,2026-07-10
AUDJPY,retail_sales,0.0,-0.5555555555555556,2026-07-10
AUDJPY,cpi_yoy,-1.0,-0.3125,2026-07-10
AUDJPY,core_cpi,1.0,0.0,2026-07-10
AUDJPY,core_pce,,0.0,2026-07-10
AUDJPY,ppi_yoy,-1.0,-0.3125,2026-07-10
AUDJPY,employment_change,0.0,0.0,2026-07-10
AUDJPY,unemployment_rate,0.0,0.0,2026-07-10
AUDJPY,wage_growth,0.0,0.0,2026-07-10
AUDJPY,adp,,0.0,2026-07-10
AUDJPY,jolts,,0.0,2026-07-10
AUDJPY,jobless_claims,,0.0,2026-07-10
AUDJPY,rate_expectations,0.0,0.0,2026-07-10
NZDJPY,manufacturing_pmi,0.0,0.0,2026-07-10
NZDJPY,services_pmi,0.0,0.0,2026-07-10
NZDJPY,gdp_qoq,-2.0,-0.5555555555555556,2026-07-10
NZDJPY,retail_sales,-2.0,-0.5555555555555556,2026-07-10
NZDJPY,cpi_yoy,1.0,0.41666666666666663,2026-07-10
NZDJPY,core_cpi,0.0,0.0,2026-07-10
NZDJPY,core_pce,,0.0,2026-07-10
NZDJPY,ppi_yoy,0.0,0.0,2026-07-10
NZDJPY,employment_change,0.0,0.0,2026-07-10
NZDJPY,unemployment_rate,1.0,0.2777777777777778,2026-07-10
NZDJPY,wage_growth,1.0,0.2777777777777778,2026-07-10
NZDJPY,adp,,0.0,2026-07-10
NZDJPY,jolts,,0.0,2026-07-10
NZDJPY,jobless_claims,,0.0,2026-07-10
NZDJPY,rate_expectations,0.0,0.0,2026-07-10
CADJPY,manufacturing_pmi,0.0,0.0,2026-07-10
CADJPY,services_pmi,,0.0,2026-07-10
CADJPY,gdp_qoq,0.0,-0.13888888888888895,2026-07-10
CADJPY,retail_sales,-2.0,-0.5555555555555556,2026-07-10
CADJPY,cpi_yoy,2.0,0.41666666666666663,2026-07-10
CADJPY,core_cpi,0.0,0.0,2026-07-10
CADJPY,core_pce,,0.0,2026-07-10
CADJPY,ppi_yoy,0.0,0.0,2026-07-10
CADJPY,employment_change,1.0,0.3125,2026-07-10
CADJPY,unemployment_rate,2.0,0.625,2026-07-10
CADJPY,wage_growth,0.0,0.0,2026-07-10
CADJPY,adp,,0.0,2026-07-10
CADJPY,jolts,,0.0,2026-07-10
CADJPY,jobless_claims,,0.0,2026-07-10
CADJPY,rate_expectations,0.0,0.0,2026-07-10
CHFJPY,manufacturing_pmi,0.0,0.0,2026-07-10
CHFJPY,services_pmi,,0.0,2026-07-10
CHFJPY,gdp_qoq,-1.0,-0.2777777777777778,2026-07-10
CHFJPY,retail_sales,-1.0,-0.2777777777777778,2026-07-10
CHFJPY,cpi_yoy,-1.0,-0.41666666666666663,2026-07-10
CHFJPY,core_cpi,0.0,0.0,2026-07-10
CHFJPY,core_pce,,0.0,2026-07-10
CHFJPY,ppi_yoy,-2.0,-0.8333333333333333,2026-07-10
CHFJPY,employment_change,,0.0,2026-07-10
CHFJPY,unemployment_rate,0.0,0.0,2026-07-10
CHFJPY,wage_growth,0.0,0.0,2026-07-10
CHFJPY,adp,,0.0,2026-07-10
CHFJPY,jolts,,0.0,2026-07-10
CHFJPY,jobless_claims,,0.0,2026-07-10
CHFJPY,rate_expectations,0.0,0.0,2026-07-10
AUDNZD,manufacturing_pmi,0.0,0.0,2026-07-10
AUDNZD,services_pmi,0.0,0.0,2026-07-10
AUDNZD,gdp_qoq,-2.0,-0.41666666666666663,2026-07-10
AUDNZD,retail_sales,2.0,0.0,2026-07-10
AUDNZD,cpi_yoy,-2.0,-0.7291666666666666,2026-07-10
AUDNZD,core_cpi,1.0,0.0,2026-07-10
AUDNZD,core_pce,,0.0,2026-07-10
AUDNZD,ppi_yoy,-1.0,-0.3125,2026-07-10
AUDNZD,employment_change,0.0,0.0,2026-07-10
AUDNZD,unemployment_rate,-1.0,-0.2777777777777778,2026-07-10
AUDNZD,wage_growth,-1.0,-0.2777777777777778,2026-07-10
AUDNZD,adp,,0.0,2026-07-10
AUDNZD,jolts,,0.0,2026-07-10
AUDNZD,jobless_claims,,0.0,2026-07-10
AUDNZD,rate_expectations,0.0,0.0,2026-07-10
AUDCAD,manufacturing_pmi,0.0,0.0,2026-07-10
AUDCAD,services_pmi,0.0,0.0,2026-07-10
AUDCAD,gdp_qoq,-4.0,-0.8333333333333333,2026-07-10
AUDCAD,retail_sales,2.0,0.0,2026-07-10
AUDCAD,cpi_yoy,-3.0,-0.7291666666666666,2026-07-10
AUDCAD,core_cpi,1.0,0.0,2026-07-10
AUDCAD,core_pce,,0.0,2026-07-10
AUDCAD,ppi_yoy,-1.0,-0.3125,2026-07-10
AUDCAD,employment_change,-1.0,-0.3125,2026-07-10
AUDCAD,unemployment_rate,-2.0,-0.625,2026-07-10
AUDCAD,wage_growth,0.0,0.0,2026-07-10
AUDCAD,adp,,0.0,2026-07-10
AUDCAD,jolts,,0.0,2026-07-10
AUDCAD,jobless_claims,,0.0,2026-07-10
AUDCAD,rate_expectations,0.0,0.0,2026-07-10
AUDCHF,manufacturing_pmi,0.0,0.0,2026-07-10
AUDCHF,services_pmi,0.0,0.0,2026-07-10
AUDCHF,gdp_qoq,-3.0,-0.6944444444444444,2026-07-10
AUDCHF,retail_sales,1.0,-0.2777777777777778,2026-07-10
AUDCHF,cpi_yoy,0.0,0.10416666666666663,2026-07-10
AUDCHF,core_cpi,1.0,0.0,2026-07-10
AUDCHF,core_pce,,0.0,2026-07-10
AUDCHF,ppi_yoy,1.0,0.5208333333333333,2026-07-10
AUDCHF,employment_change,0.0,0.0,2026-07-10
AUDCHF,unemployment_rate,0.0,0.0,2026-07-10
AUDCHF,wage_growth,0.0,0.0,2026-07-10
AUDCHF,adp,,0.0,2026-07-10
AUDCHF,jolts,,0.0,2026-07-10
AUDCHF,jobless_claims,,0.0,2026-07-10
AUDCHF,rate_expectations,0.0,0.0,2026-07-10
NZDCAD,manufacturing_pmi,0.0,0.0,2026-07-10
NZDCAD,services_pmi,0.0,0.0,2026-07-10
NZDCAD,gdp_qoq,-2.0,-0.41666666666666663,2026-07-10
NZDCAD,retail_sales,0.0,0.0,2026-07-10
NZDCAD,cpi_yoy,-1.0,0.0,2026-07-10
NZDCAD,core_cpi,0.0,0.0,2026-07-10
NZDCAD,core_pce,,0.0,2026-07-10
NZDCAD,ppi_yoy,0.0,0.0,2026-07-10
NZDCAD,employment_change,-1.0,-0.3125,2026-07-10
NZDCAD,unemployment_rate,-1.0,-0.3472222222222222,2026-07-10
NZDCAD,wage_growth,1.0,0.2777777777777778,2026-07-10
NZDCAD,adp,,0.0,2026-07-10
NZDCAD,jolts,,0.0,2026-07-10
NZDCAD,jobless_claims,,0.0,2026-07-10
NZDCAD,rate_expectations,0.0,0.0,2026-07-10
NZDCHF,manufacturing_pmi,0.0,0.0,2026-07-10
NZDCHF,services_pmi,0.0,0.0,2026-07-10
NZDCHF,gdp_qoq,-1.0,-0.2777777777777778,2026-07-10
NZDCHF,retail_sales,-1.0,-0.2777777777777778,2026-07-10
NZDCHF,cpi_yoy,2.0,0.8333333333333333,2026-07-10
NZDCHF,core_cpi,,0.0,2026-07-10
NZDCHF,core_pce,,0.0,2026-07-10
NZDCHF,ppi_yoy,2.0,0.8333333333333333,2026-07-10
NZDCHF,employment_change,0.0,0.0,2026-07-10
NZDCHF,unemployment_rate,1.0,0.2777777777777778,2026-07-10
NZDCHF,wage_growth,1.0,0.2777777777777778,2026-07-10
NZDCHF,adp,,0.0,2026-07-10
NZDCHF,jolts,,0.0,2026-07-10
NZDCHF,jobless_claims,,0.0,2026-07-10
NZDCHF,rate_expectations,,0.0,2026-07-10
CADCHF,manufacturing_pmi,0.0,0.0,2026-07-10
CADCHF,services_pmi,,0.0,2026-07-10
CADCHF,gdp_qoq,1.0,0.13888888888888884,2026-07-10
CADCHF,retail_sales,-1.0,-0.2777777777777778,2026-07-10
CADCHF,cpi_yoy,3.0,0.8333333333333333,2026-07-10
CADCHF,core_cpi,0.0,0.0,2026-07-10
CADCHF,core_pce,,0.0,2026-07-10
CADCHF,ppi_yoy,2.0,0.8333333333333333,2026-07-10
CADCHF,employment_change,1.0,0.3125,2026-07-10
CADCHF,unemployment_rate,2.0,0.625,2026-07-10
CADCHF,wage_growth,,0.0,2026-07-10
CADCHF,adp,,0.0,2026-07-10
CADCHF,jolts,,0.0,2026-07-10
CADCHF,jobless_claims,,0.0,2026-07-10
CADCHF,rate_expectations,0.0,0.0,2026-07-10
EURUSD,manufacturing_pmi,0.0,0.0,2026-07-17
EURUSD,services_pmi,0.0,0.0,2026-07-17
EURUSD,gdp_qoq,-1.0,-0.15625,2026-07-17
EURUSD,retail_sales,0.0,0.0,2026-07-17
EURUSD,cpi_yoy,0.0,-0.10416666666666663,2026-07-17
EURUSD,core_cpi,0.0,-0.052083333333333315,2026-07-17
EURUSD,core_pce,0.0,0.0,2026-07-17
EURUSD,ppi_yoy,0.0,0.0,2026-07-17
EURUSD,employment_change,2.0,0.41666666666666663,2026-07-17
EURUSD,unemployment_rate,0.0,0.20833333333333334,2026-07-17
EURUSD,wage_growth,0.0,0.0,2026-07-17
EURUSD,adp,0.0,0.0,2026-07-17
EURUSD,jolts,0.0,0.0,2026-07-17
EURUSD,jobless_claims,-1.0,-0.10416666666666666,2026-07-17
EURUSD,rate_expectations,0.0,0.0,2026-07-17
GBPUSD,manufacturing_pmi,-1.0,-0.15625,2026-07-17
GBPUSD,services_pmi,0.0,0.0,2026-07-17
GBPUSD,gdp_qoq,0.0,0.0,2026-07-17
GBPUSD,retail_sales,0.0,0.0,2026-07-17
GBPUSD,cpi_yoy,1.0,0.10416666666666669,2026-07-17
GBPUSD,core_cpi,1.0,0.15625,2026-07-17
GBPUSD,core_pce,0.0,0.0,2026-07-17
GBPUSD,ppi_yoy,0.0,0.0,2026-07-17
GBPUSD,employment_change,1.0,0.10416666666666666,2026-07-17
GBPUSD,unemployment_rate,0.0,0.10416666666666666,2026-07-17
GBPUSD,wage_growth,2.0,0.41666666666666663,2026-07-17
GBPUSD,adp,0.0,0.0,2026-07-17
GBPUSD,jolts,0.0,0.0,2026-07-17
GBPUSD,jobless_claims,-1.0,-0.10416666666666666,2026-07-17
GBPUSD,rate_expectations,1.0,0.625,2026-07-17
USDJPY,manufacturing_pmi,0.0,0.0,2026-07-17
USDJPY,services_pmi,0.0,0.0,2026-07-17
USDJPY,gdp_qoq,-2.0,-0.5555555555555556,2026-07-17
USDJPY,retail_sales,-2.0,-0.5555555555555556,2026-07-17
USDJPY,cpi_yoy,-2.0,-0.3125,2026-07-17
USDJPY,core_cpi,-1.0,-0.15625,2026-07-17
USDJPY,core_pce,0.0,0.0,2026-07-17
USDJPY,ppi_yoy,0.0,0.0,2026-07-17
USDJPY,employment_change,-1.0,-0.10416666666666666,2026-07-17
USDJPY,unemployment_rate,1.0,0.10416666666666666,2026-07-17
USDJPY,wage_growth,0.0,0.0,2026-07-17
USDJPY,adp,0.0,0.0,2026-07-17
USDJPY,jolts,0.0,0.0,2026-07-17
USDJPY,jobless_claims,1.0,0.10416666666666666,2026-07-17
USDJPY,rate_expectations,1.0,0.625,2026-07-17
USDCHF,manufacturing_pmi,0.0,0.0,2026-07-17
USDCHF,services_pmi,0.0,0.0,2026-07-17
USDCHF,gdp_qoq,-1.0,-0.2777777777777778,2026-07-17
USDCHF,retail_sales,-1.0,-0.2777777777777778,2026-07-17
USDCHF,cpi_yoy,-1.0,0.10416666666666663,2026-07-17
USDCHF,core_cpi,-1.0,-0.15625,2026-07-17
USDCHF,core_pce,0.0,0.0,2026-07-17
USDCHF,ppi_yoy,0.0,0.0,2026-07-17
USDCHF,employment_change,-1.0,-0.10416666666666666,2026-07-17
USDCHF,unemployment_rate,1.0,0.10416666666666666,2026-07-17
USDCHF,wage_growth,0.0,0.0,2026-07-17
USDCHF,adp,0.0,0.0,2026-07-17
USDCHF,jolts,0.0,0.0,2026-07-17
USDCHF,jobless_claims,1.0,0.10416666666666666,2026-07-17
USDCHF,rate_expectations,1.0,0.625,2026-07-17
USDCAD,manufacturing_pmi,0.0,0.0,2026-07-17
USDCAD,services_pmi,0.0,0.0,2026-07-17
USDCAD,gdp_qoq,-2.0,-0.41666666666666663,2026-07-17
USDCAD,retail_sales,0.0,0.0,2026-07-17
USDCAD,cpi_yoy,-4.0,-0.7291666666666666,2026-07-17
USDCAD,core_cpi,-1.0,-0.15625,2026-07-17
USDCAD,core_pce,0.0,0.0,2026-07-17
USDCAD,ppi_yoy,0.0,0.0,2026-07-17
USDCAD,employment_change,-1.0,-0.10416666666666666,2026-07-17
USDCAD,unemployment_rate,1.0,0.10416666666666666,2026-07-17
USDCAD,wage_growth,0.0,0.0,2026-07-17
USDCAD,adp,0.0,0.0,2026-07-17
USDCAD,jolts,0.0,0.0,2026-07-17
USDCAD,jobless_claims,1.0,0.10416666666666666,2026-07-17
USDCAD,rate_expectations,1.0,0.625,2026-07-17
AUDUSD,manufacturing_pmi,0.0,0.0,2026-07-17
AUDUSD,services_pmi,0.0,0.0,2026-07-17
AUDUSD,gdp_qoq,-2.0,-0.41666666666666663,2026-07-17
AUDUSD,retail_sales,2.0,0.0,2026-07-17
AUDUSD,cpi_yoy,1.0,0.0,2026-07-17
AUDUSD,core_cpi,2.0,0.15625,2026-07-17
AUDUSD,core_pce,0.0,0.0,2026-07-17
AUDUSD,ppi_yoy,-1.0,-0.3125,2026-07-17
AUDUSD,employment_change,1.0,0.10416666666666666,2026-07-17
AUDUSD,unemployment_rate,-1.0,-0.10416666666666666,2026-07-17
AUDUSD,wage_growth,0.0,0.0,2026-07-17
AUDUSD,adp,0.0,0.0,2026-07-17
AUDUSD,jolts,0.0,0.0,2026-07-17
AUDUSD,jobless_claims,-1.0,-0.10416666666666666,2026-07-17
AUDUSD,rate_expectations,-1.0,-0.625,2026-07-17
NZDUSD,manufacturing_pmi,0.0,0.0,2026-07-17
NZDUSD,services_pmi,0.0,0.0,2026-07-17
NZDUSD,gdp_qoq,0.0,0.0,2026-07-17
NZDUSD,retail_sales,0.0,0.0,2026-07-17
NZDUSD,cpi_yoy,3.0,0.7291666666666666,2026-07-17
NZDUSD,core_cpi,1.0,0.15625,2026-07-17
NZDUSD,core_pce,0.0,0.0,2026-07-17
NZDUSD,ppi_yoy,0.0,0.0,2026-07-17
NZDUSD,employment_change,1.0,0.10416666666666666,2026-07-17
NZDUSD,unemployment_rate,0.0,0.17361111111111113,2026-07-17
NZDUSD,wage_growth,1.0,0.2777777777777778,2026-07-17
NZDUSD,adp,0.0,0.0,2026-07-17
NZDUSD,jolts,0.0,0.0,2026-07-17
NZDUSD,jobless_claims,-1.0,-0.10416666666666666,2026-07-17
NZDUSD,rate_expectations,-1.0,-0.625,2026-07-17
EURGBP,manufacturing_pmi,1.0,0.15625,2026-07-17
EURGBP,services_pmi,0.0,0.0,2026-07-17
EURGBP,gdp_qoq,-1.0,-0.15625,2026-07-17
EURGBP,retail_sales,0.0,0.0,2026-07-17
EURGBP,cpi_yoy,-1.0,-0.20833333333333331,2026-07-17
EURGBP,core_cpi,-1.0,-0.20833333333333331,2026-07-17
EURGBP,core_pce,,0.0,2026-07-17
EURGBP,ppi_yoy,0.0,0.0,2026-07-17
EURGBP,employment_change,1.0,0.3125,2026-07-17
EURGBP,unemployment_rate,0.0,0.10416666666666669,2026-07-17
EURGBP,wage_growth,-2.0,-0.41666666666666663,2026-07-17
EURGBP,adp,,0.0,2026-07-17
EURGBP,jolts,,0.0,2026-07-17
EURGBP,jobless_claims,,0.0,2026-07-17
EURGBP,rate_expectations,-1.0,-0.625,2026-07-17
EURJPY,manufacturing_pmi,0.0,0.0,2026-07-17
EURJPY,services_pmi,0.0,0.0,2026-07-17
EURJPY,gdp_qoq,-3.0,-0.7118055555555556,2026-07-17
EURJPY,retail_sales,-2.0,-0.5555555555555556,2026-07-17
EURJPY,cpi_yoy,-2.0,-0.41666666666666663,2026-07-17
EURJPY,core_cpi,-1.0,-0.20833333333333331,2026-07-17
EURJPY,core_pce,,0.0,2026-07-17
EURJPY,ppi_yoy,0.0,0.0,2026-07-17
EURJPY,employment_change,1.0,0.3125,2026-07-17
EURJPY,unemployment_rate,1.0,0.3125,2026-07-17
EURJPY,wage_growth,0.0,0.0,2026-07-17
EURJPY,adp,,0.0,2026-07-17
EURJPY,jolts,,0.0,2026-07-17
EURJPY,jobless_claims,,0.0,2026-07-17
EURJPY,rate_expectations,1.0,0.625,2026-07-17
EURCHF,manufacturing_pmi,0.0,0.0,2026-07-17
EURCHF,services_pmi,0.0,0.0,2026-07-17
EURCHF,gdp_qoq,-2.0,-0.4340277777777778,2026-07-17
EURCHF,retail_sales,-1.0,-0.2777777777777778,2026-07-17
EURCHF,cpi_yoy,-1.0,0.0,2026-07-17
EURCHF,core_cpi,-1.0,-0.20833333333333331,2026-07-17
EURCHF,core_pce,,0.0,2026-07-17
EURCHF,ppi_yoy,0.0,0.0,2026-07-17
EURCHF,employment_change,1.0,0.3125,2026-07-17
EURCHF,unemployment_rate,1.0,0.3125,2026-07-17
EURCHF,wage_growth,,0.0,2026-07-17
EURCHF,adp,,0.0,2026-07-17
EURCHF,jolts,,0.0,2026-07-17
EURCHF,jobless_claims,,0.0,2026-07-17
EURCHF,rate_expectations,1.0,0.625,2026-07-17
EURAUD,manufacturing_pmi,0.0,0.0,2026-07-17
EURAUD,services_pmi,0.0,0.0,2026-07-17
EURAUD,gdp_qoq,1.0,0.26041666666666663,2026-07-17
EURAUD,retail_sales,-2.0,0.0,2026-07-17
EURAUD,cpi_yoy,-1.0,-0.10416666666666663,2026-07-17
EURAUD,core_cpi,-2.0,-0.20833333333333331,2026-07-17
EURAUD,core_pce,,0.0,2026-07-17
EURAUD,ppi_yoy,1.0,0.3125,2026-07-17
EURAUD,employment_change,1.0,0.3125,2026-07-17
EURAUD,unemployment_rate,1.0,0.3125,2026-07-17
EURAUD,wage_growth,0.0,0.0,2026-07-17
EURAUD,adp,,0.0,2026-07-17
EURAUD,jolts,,0.0,2026-07-17
EURAUD,jobless_claims,,0.0,2026-07-17
EURAUD,rate_expectations,1.0,0.625,2026-07-17
EURNZD,manufacturing_pmi,0.0,0.0,2026-07-17
EURNZD,services_pmi,0.0,0.0,2026-07-17
EURNZD,gdp_qoq,-1.0,-0.15625,2026-07-17
EURNZD,retail_sales,0.0,0.0,2026-07-17
EURNZD,cpi_yoy,-3.0,-0.8333333333333333,2026-07-17
EURNZD,core_cpi,-1.0,-0.20833333333333331,2026-07-17
EURNZD,core_pce,,0.0,2026-07-17
EURNZD,ppi_yoy,0.0,0.0,2026-07-17
EURNZD,employment_change,1.0,0.3125,2026-07-17
EURNZD,unemployment_rate,0.0,0.03472222222222221,2026-07-17
EURNZD,wage_growth,-1.0,-0.2777777777777778,2026-07-17
EURNZD,adp,,0.0,2026-07-17
EURNZD,jolts,,0.0,2026-07-17
EURNZD,jobless_claims,,0.0,2026-07-17
EURNZD,rate_expectations,1.0,0.625,2026-07-17
EURCAD,manufacturing_pmi,0.0,0.0,2026-07-17
EURCAD,services_pmi,0.0,0.0,2026-07-17
EURCAD,gdp_qoq,-3.0,-0.5729166666666666,2026-07-17
EURCAD,retail_sales,0.0,0.0,2026-07-17
EURCAD,cpi_yoy,-4.0,-0.8333333333333333,2026-07-17
EURCAD,core_cpi,-1.0,-0.20833333333333331,2026-07-17
EURCAD,core_pce,,0.0,2026-07-17
EURCAD,ppi_yoy,0.0,0.0,2026-07-17
EURCAD,employment_change,1.0,0.3125,2026-07-17
EURCAD,unemployment_rate,1.0,0.3125,2026-07-17
EURCAD,wage_growth,,0.0,2026-07-17
EURCAD,adp,,0.0,2026-07-17
EURCAD,jolts,,0.0,2026-07-17
EURCAD,jobless_claims,,0.0,2026-07-17
EURCAD,rate_expectations,1.0,0.625,2026-07-17
GBPJPY,manufacturing_pmi,-1.0,-0.15625,2026-07-17
GBPJPY,services_pmi,0.0,0.0,2026-07-17
GBPJPY,gdp_qoq,-2.0,-0.5555555555555556,2026-07-17
GBPJPY,retail_sales,-2.0,-0.5555555555555556,2026-07-17
GBPJPY,cpi_yoy,-1.0,-0.20833333333333331,2026-07-17
GBPJPY,core_cpi,0.0,0.0,2026-07-17
GBPJPY,core_pce,,0.0,2026-07-17
GBPJPY,ppi_yoy,0.0,0.0,2026-07-17
GBPJPY,employment_change,0.0,0.0,2026-07-17
GBPJPY,unemployment_rate,1.0,0.20833333333333331,2026-07-17
GBPJPY,wage_growth,2.0,0.41666666666666663,2026-07-17
GBPJPY,adp,,0.0,2026-07-17
GBPJPY,jolts,,0.0,2026-07-17
GBPJPY,jobless_claims,,0.0,2026-07-17
GBPJPY,rate_expectations,2.0,1.25,2026-07-17
GBPCHF,manufacturing_pmi,-1.0,-0.15625,2026-07-17
GBPCHF,services_pmi,0.0,0.0,2026-07-17
GBPCHF,gdp_qoq,-1.0,-0.2777777777777778,2026-07-17
GBPCHF,retail_sales,-1.0,-0.2777777777777778,2026-07-17
GBPCHF,cpi_yoy,0.0,0.20833333333333331,2026-07-17
GBPCHF,core_cpi,0.0,0.0,2026-07-17
GBPCHF,core_pce,,0.0,2026-07-17
GBPCHF,ppi_yoy,0.0,0.0,2026-07-17
GBPCHF,employment_change,0.0,0.0,2026-07-17
GBPCHF,unemployment_rate,1.0,0.20833333333333331,2026-07-17
GBPCHF,wage_growth,2.0,0.41666666666666663,2026-07-17
GBPCHF,adp,,0.0,2026-07-17
GBPCHF,jolts,,0.0,2026-07-17
GBPCHF,jobless_claims,,0.0,2026-07-17
GBPCHF,rate_expectations,2.0,1.25,2026-07-17
GBPAUD,manufacturing_pmi,-1.0,-0.15625,2026-07-17
GBPAUD,services_pmi,0.0,0.0,2026-07-17
GBPAUD,gdp_qoq,2.0,0.41666666666666663,2026-07-17
GBPAUD,retail_sales,-2.0,0.0,2026-07-17
GBPAUD,cpi_yoy,0.0,0.10416666666666669,2026-07-17
GBPAUD,core_cpi,-1.0,0.0,2026-07-17
GBPAUD,core_pce,,0.0,2026-07-17
GBPAUD,ppi_yoy,1.0,0.3125,2026-07-17
GBPAUD,employment_change,0.0,0.0,2026-07-17
GBPAUD,unemployment_rate,1.0,0.20833333333333331,2026-07-17
GBPAUD,wage_growth,2.0,0.41666666666666663,2026-07-17
GBPAUD,adp,,0.0,2026-07-17
GBPAUD,jolts,,0.0,2026-07-17
GBPAUD,jobless_claims,,0.0,2026-07-17
GBPAUD,rate_expectations,2.0,1.25,2026-07-17
GBPNZD,manufacturing_pmi,-1.0,-0.15625,2026-07-17
GBPNZD,services_pmi,0.0,0.0,2026-07-17
GBPNZD,gdp_qoq,0.0,0.0,2026-07-17
GBPNZD,retail_sales,0.0,0.0,2026-07-17
GBPNZD,cpi_yoy,-2.0,-0.625,2026-07-17
GBPNZD,core_cpi,0.0,0.0,2026-07-17
GBPNZD,core_pce,,0.0,2026-07-17
GBPNZD,ppi_yoy,0.0,0.0,2026-07-17
GBPNZD,employment_change,0.0,0.0,2026-07-17
GBPNZD,unemployment_rate,0.0,-0.06944444444444448,2026-07-17
GBPNZD,wage_growth,1.0,0.13888888888888884,2026-07-17
GBPNZD,adp,,0.0,2026-07-17
GBPNZD,jolts,,0.0,2026-07-17
GBPNZD,jobless_claims,,0.0,2026-07-17
GBPNZD,rate_expectations,2.0,1.25,2026-07-17
GBPCAD,manufacturing_pmi,-1.0,-0.15625,2026-07-17
GBPCAD,services_pmi,0.0,0.0,2026-07-17
GBPCAD,gdp_qoq,-2.0,-0.41666666666666663,2026-07-17
GBPCAD,retail_sales,0.0,0.0,2026-07-17
GBPCAD,cpi_yoy,-3.0,-0.625,2026-07-17
GBPCAD,core_cpi,0.0,0.0,2026-07-17
GBPCAD,core_pce,,0.0,2026-07-17
GBPCAD,ppi_yoy,0.0,0.0,2026-07-17
GBPCAD,employment_change,0.0,0.0,2026-07-17
GBPCAD,unemployment_rate,1.0,0.20833333333333331,2026-07-17
GBPCAD,wage_growth,2.0,0.41666666666666663,2026-07-17
GBPCAD,adp,,0.0,2026-07-17
GBPCAD,jolts,,0.0,2026-07-17
GBPCAD,jobless_claims,,0.0,2026-07-17
GBPCAD,rate_expectations,2.0,1.25,2026-07-17
AUDJPY,manufacturing_pmi,0.0,0.0,2026-07-17
AUDJPY,services_pmi,0.0,0.0,2026-07-17
AUDJPY,gdp_qoq,-4.0,-0.9722222222222222,2026-07-17
AUDJPY,retail_sales,0.0,-0.5555555555555556,2026-07-17
AUDJPY,cpi_yoy,-1.0,-0.3125,2026-07-17
AUDJPY,core_cpi,1.0,0.0,2026-07-17
AUDJPY,core_pce,,0.0,2026-07-17
AUDJPY,ppi_yoy,-1.0,-0.3125,2026-07-17
AUDJPY,employment_change,0.0,0.0,2026-07-17
AUDJPY,unemployment_rate,0.0,0.0,2026-07-17
AUDJPY,wage_growth,0.0,0.0,2026-07-17
AUDJPY,adp,,0.0,2026-07-17
AUDJPY,jolts,,0.0,2026-07-17
AUDJPY,jobless_claims,,0.0,2026-07-17
AUDJPY,rate_expectations,0.0,0.0,2026-07-17
NZDJPY,manufacturing_pmi,0.0,0.0,2026-07-17
NZDJPY,services_pmi,0.0,0.0,2026-07-17
NZDJPY,gdp_qoq,-2.0,-0.5555555555555556,2026-07-17
NZDJPY,retail_sales,-2.0,-0.5555555555555556,2026-07-17
NZDJPY,cpi_yoy,1.0,0.41666666666666663,2026-07-17
NZDJPY,core_cpi,0.0,0.0,2026-07-17
NZDJPY,core_pce,,0.0,2026-07-17
NZDJPY,ppi_yoy,0.0,0.0,2026-07-17
NZDJPY,employment_change,0.0,0.0,2026-07-17
NZDJPY,unemployment_rate,1.0,0.2777777777777778,2026-07-17
NZDJPY,wage_growth,1.0,0.2777777777777778,2026-07-17
NZDJPY,adp,,0.0,2026-07-17
NZDJPY,jolts,,0.0,2026-07-17
NZDJPY,jobless_claims,,0.0,2026-07-17
NZDJPY,rate_expectations,0.0,0.0,2026-07-17
CADJPY,manufacturing_pmi,0.0,0.0,2026-07-17
CADJPY,services_pmi,,0.0,2026-07-17
CADJPY,gdp_qoq,0.0,-0.13888888888888895,2026-07-17
CADJPY,retail_sales,-2.0,-0.5555555555555556,2026-07-17
CADJPY,cpi_yoy,2.0,0.41666666666666663,2026-07-17
CADJPY,core_cpi,0.0,0.0,2026-07-17
CADJPY,core_pce,,0.0,2026-07-17
CADJPY,ppi_yoy,0.0,0.0,2026-07-17
CADJPY,employment_change,0.0,0.0,2026-07-17
CADJPY,unemployment_rate,0.0,0.0,2026-07-17
CADJPY,wage_growth,0.0,0.0,2026-07-17
CADJPY,adp,,0.0,2026-07-17
CADJPY,jolts,,0.0,2026-07-17
CADJPY,jobless_claims,,0.0,2026-07-17
CADJPY,rate_expectations,0.0,0.0,2026-07-17
CHFJPY,manufacturing_pmi,0.0,0.0,2026-07-17
CHFJPY,services_pmi,,0.0,2026-07-17
CHFJPY,gdp_qoq,-1.0,-0.2777777777777778,2026-07-17
CHFJPY,retail_sales,-1.0,-0.2777777777777778,2026-07-17
CHFJPY,cpi_yoy,-1.0,-0.41666666666666663,2026-07-17
CHFJPY,core_cpi,0.0,0.0,2026-07-17
CHFJPY,core_pce,,0.0,2026-07-17
CHFJPY,ppi_yoy,0.0,0.0,2026-07-17
CHFJPY,employment_change,,0.0,2026-07-17
CHFJPY,unemployment_rate,0.0,0.0,2026-07-17
CHFJPY,wage_growth,0.0,0.0,2026-07-17
CHFJPY,adp,,0.0,2026-07-17
CHFJPY,jolts,,0.0,2026-07-17
CHFJPY,jobless_claims,,0.0,2026-07-17
CHFJPY,rate_expectations,0.0,0.0,2026-07-17
AUDNZD,manufacturing_pmi,0.0,0.0,2026-07-17
AUDNZD,services_pmi,0.0,0.0,2026-07-17
AUDNZD,gdp_qoq,-2.0,-0.41666666666666663,2026-07-17
AUDNZD,retail_sales,2.0,0.0,2026-07-17
AUDNZD,cpi_yoy,-2.0,-0.7291666666666666,2026-07-17
AUDNZD,core_cpi,1.0,0.0,2026-07-17
AUDNZD,core_pce,,0.0,2026-07-17
AUDNZD,ppi_yoy,-1.0,-0.3125,2026-07-17
AUDNZD,employment_change,0.0,0.0,2026-07-17
AUDNZD,unemployment_rate,-1.0,-0.2777777777777778,2026-07-17
AUDNZD,wage_growth,-1.0,-0.2777777777777778,2026-07-17
AUDNZD,adp,,0.0,2026-07-17
AUDNZD,jolts,,0.0,2026-07-17
AUDNZD,jobless_claims,,0.0,2026-07-17
AUDNZD,rate_expectations,0.0,0.0,2026-07-17
AUDCAD,manufacturing_pmi,0.0,0.0,2026-07-17
AUDCAD,services_pmi,0.0,0.0,2026-07-17
AUDCAD,gdp_qoq,-4.0,-0.8333333333333333,2026-07-17
AUDCAD,retail_sales,2.0,0.0,2026-07-17
AUDCAD,cpi_yoy,-3.0,-0.7291666666666666,2026-07-17
AUDCAD,core_cpi,1.0,0.0,2026-07-17
AUDCAD,core_pce,,0.0,2026-07-17
AUDCAD,ppi_yoy,-1.0,-0.3125,2026-07-17
AUDCAD,employment_change,0.0,0.0,2026-07-17
AUDCAD,unemployment_rate,0.0,0.0,2026-07-17
AUDCAD,wage_growth,0.0,0.0,2026-07-17
AUDCAD,adp,,0.0,2026-07-17
AUDCAD,jolts,,0.0,2026-07-17
AUDCAD,jobless_claims,,0.0,2026-07-17
AUDCAD,rate_expectations,0.0,0.0,2026-07-17
AUDCHF,manufacturing_pmi,0.0,0.0,2026-07-17
AUDCHF,services_pmi,0.0,0.0,2026-07-17
AUDCHF,gdp_qoq,-3.0,-0.6944444444444444,2026-07-17
AUDCHF,retail_sales,1.0,-0.2777777777777778,2026-07-17
AUDCHF,cpi_yoy,0.0,0.10416666666666663,2026-07-17
AUDCHF,core_cpi,1.0,0.0,2026-07-17
AUDCHF,core_pce,,0.0,2026-07-17
AUDCHF,ppi_yoy,-1.0,-0.3125,2026-07-17
AUDCHF,employment_change,0.0,0.0,2026-07-17
AUDCHF,unemployment_rate,0.0,0.0,2026-07-17
AUDCHF,wage_growth,0.0,0.0,2026-07-17
AUDCHF,adp,,0.0,2026-07-17
AUDCHF,jolts,,0.0,2026-07-17
AUDCHF,jobless_claims,,0.0,2026-07-17
AUDCHF,rate_expectations,0.0,0.0,2026-07-17
NZDCAD,manufacturing_pmi,0.0,0.0,2026-07-17
NZDCAD,services_pmi,0.0,0.0,2026-07-17
NZDCAD,gdp_qoq,-2.0,-0.41666666666666663,2026-07-17
NZDCAD,retail_sales,0.0,0.0,2026-07-17
NZDCAD,cpi_yoy,-1.0,0.0,2026-07-17
NZDCAD,core_cpi,0.0,0.0,2026-07-17
NZDCAD,core_pce,,0.0,2026-07-17
NZDCAD,ppi_yoy,0.0,0.0,2026-07-17
NZDCAD,employment_change,0.0,0.0,2026-07-17
NZDCAD,unemployment_rate,1.0,0.2777777777777778,2026-07-17
NZDCAD,wage_growth,1.0,0.2777777777777778,2026-07-17
NZDCAD,adp,,0.0,2026-07-17
NZDCAD,jolts,,0.0,2026-07-17
NZDCAD,jobless_claims,,0.0,2026-07-17
NZDCAD,rate_expectations,0.0,0.0,2026-07-17
NZDCHF,manufacturing_pmi,0.0,0.0,2026-07-17
NZDCHF,services_pmi,0.0,0.0,2026-07-17
NZDCHF,gdp_qoq,-1.0,-0.2777777777777778,2026-07-17
NZDCHF,retail_sales,-1.0,-0.2777777777777778,2026-07-17
NZDCHF,cpi_yoy,2.0,0.8333333333333333,2026-07-17
NZDCHF,core_cpi,,0.0,2026-07-17
NZDCHF,core_pce,,0.0,2026-07-17
NZDCHF,ppi_yoy,0.0,0.0,2026-07-17
NZDCHF,employment_change,0.0,0.0,2026-07-17
NZDCHF,unemployment_rate,1.0,0.2777777777777778,2026-07-17
NZDCHF,wage_growth,1.0,0.2777777777777778,2026-07-17
NZDCHF,adp,,0.0,2026-07-17
NZDCHF,jolts,,0.0,2026-07-17
NZDCHF,jobless_claims,,0.0,2026-07-17
NZDCHF,rate_expectations,,0.0,2026-07-17
CADCHF,manufacturing_pmi,0.0,0.0,2026-07-17
CADCHF,services_pmi,,0.0,2026-07-17
CADCHF,gdp_qoq,1.0,0.13888888888888884,2026-07-17
CADCHF,retail_sales,-1.0,-0.2777777777777778,2026-07-17
CADCHF,cpi_yoy,3.0,0.8333333333333333,2026-07-17
CADCHF,core_cpi,0.0,0.0,2026-07-17
CADCHF,core_pce,,0.0,2026-07-17
CADCHF,ppi_yoy,0.0,0.0,2026-07-17
CADCHF,employment_change,0.0,0.0,2026-07-17
CADCHF,unemployment_rate,0.0,0.0,2026-07-17
CADCHF,wage_growth,,0.0,2026-07-17
CADCHF,adp,,0.0,2026-07-17
CADCHF,jolts,,0.0,2026-07-17
CADCHF,jobless_claims,,0.0,2026-07-17
CADCHF,rate_expectations,0.0,0.0,2026-07-17
EURUSD,manufacturing_pmi,0.0,0.0,2026-07-21
EURUSD,services_pmi,0.0,0.0,2026-07-21
EURUSD,gdp_qoq,-1.0,-0.15625,2026-07-21
EURUSD,retail_sales,0.0,0.0,2026-07-21
EURUSD,cpi_yoy,0.0,-0.10416666666666663,2026-07-21
EURUSD,core_cpi,0.0,-0.052083333333333315,2026-07-21
EURUSD,core_pce,0.0,0.0,2026-07-21
EURUSD,ppi_yoy,0.0,0.0,2026-07-21
EURUSD,employment_change,2.0,0.41666666666666663,2026-07-21
EURUSD,unemployment_rate,0.0,0.20833333333333334,2026-07-21
EURUSD,wage_growth,0.0,0.0,2026-07-21
EURUSD,adp,0.0,0.0,2026-07-21
EURUSD,jolts,0.0,0.0,2026-07-21
EURUSD,jobless_claims,-1.0,-0.10416666666666666,2026-07-21
EURUSD,rate_expectations,2.0,1.25,2026-07-21
GBPUSD,manufacturing_pmi,-1.0,-0.15625,2026-07-21
GBPUSD,services_pmi,0.0,0.0,2026-07-21
GBPUSD,gdp_qoq,0.0,0.0,2026-07-21
GBPUSD,retail_sales,0.0,0.0,2026-07-21
GBPUSD,cpi_yoy,1.0,0.10416666666666669,2026-07-21
GBPUSD,core_cpi,1.0,0.15625,2026-07-21
GBPUSD,core_pce,0.0,0.0,2026-07-21
GBPUSD,ppi_yoy,0.0,0.0,2026-07-21
GBPUSD,employment_change,1.0,0.10416666666666666,2026-07-21
GBPUSD,unemployment_rate,0.0,0.10416666666666666,2026-07-21
GBPUSD,wage_growth,2.0,0.41666666666666663,2026-07-21
GBPUSD,adp,0.0,0.0,2026-07-21
GBPUSD,jolts,0.0,0.0,2026-07-21
GBPUSD,jobless_claims,-1.0,-0.10416666666666666,2026-07-21
GBPUSD,rate_expectations,2.0,1.25,2026-07-21
USDJPY,manufacturing_pmi,0.0,0.0,2026-07-21
USDJPY,services_pmi,0.0,0.0,2026-07-21
USDJPY,gdp_qoq,-2.0,-0.5555555555555556,2026-07-21
USDJPY,retail_sales,-2.0,-0.5555555555555556,2026-07-21
USDJPY,cpi_yoy,-2.0,-0.3125,2026-07-21
USDJPY,core_cpi,-1.0,-0.15625,2026-07-21
USDJPY,core_pce,0.0,0.0,2026-07-21
USDJPY,ppi_yoy,0.0,0.0,2026-07-21
USDJPY,employment_change,-1.0,-0.10416666666666666,2026-07-21
USDJPY,unemployment_rate,1.0,0.10416666666666666,2026-07-21
USDJPY,wage_growth,0.0,0.0,2026-07-21
USDJPY,adp,0.0,0.0,2026-07-21
USDJPY,jolts,0.0,0.0,2026-07-21
USDJPY,jobless_claims,1.0,0.10416666666666666,2026-07-21
USDJPY,rate_expectations,0.0,0.0,2026-07-21
USDCHF,manufacturing_pmi,0.0,0.0,2026-07-21
USDCHF,services_pmi,0.0,0.0,2026-07-21
USDCHF,gdp_qoq,-1.0,-0.2777777777777778,2026-07-21
USDCHF,retail_sales,-1.0,-0.2777777777777778,2026-07-21
USDCHF,cpi_yoy,-1.0,-0.3125,2026-07-21
USDCHF,core_cpi,-1.0,-0.15625,2026-07-21
USDCHF,core_pce,0.0,0.0,2026-07-21
USDCHF,ppi_yoy,0.0,0.0,2026-07-21
USDCHF,employment_change,-1.0,-0.10416666666666666,2026-07-21
USDCHF,unemployment_rate,1.0,0.10416666666666666,2026-07-21
USDCHF,wage_growth,0.0,0.0,2026-07-21
USDCHF,adp,0.0,0.0,2026-07-21
USDCHF,jolts,0.0,0.0,2026-07-21
USDCHF,jobless_claims,1.0,0.10416666666666666,2026-07-21
USDCHF,rate_expectations,0.0,0.0,2026-07-21
USDCAD,manufacturing_pmi,0.0,0.0,2026-07-21
USDCAD,services_pmi,0.0,0.0,2026-07-21
USDCAD,gdp_qoq,-2.0,-0.41666666666666663,2026-07-21
USDCAD,retail_sales,0.0,0.0,2026-07-21
USDCAD,cpi_yoy,-1.0,-0.10416666666666669,2026-07-21
USDCAD,core_cpi,-1.0,-0.15625,2026-07-21
USDCAD,core_pce,0.0,0.0,2026-07-21
USDCAD,ppi_yoy,0.0,0.0,2026-07-21
USDCAD,employment_change,-1.0,-0.10416666666666666,2026-07-21
USDCAD,unemployment_rate,1.0,0.10416666666666666,2026-07-21
USDCAD,wage_growth,0.0,0.0,2026-07-21
USDCAD,adp,0.0,0.0,2026-07-21
USDCAD,jolts,0.0,0.0,2026-07-21
USDCAD,jobless_claims,1.0,0.10416666666666666,2026-07-21
USDCAD,rate_expectations,0.0,0.0,2026-07-21
AUDUSD,manufacturing_pmi,0.0,0.0,2026-07-21
AUDUSD,services_pmi,0.0,0.0,2026-07-21
AUDUSD,gdp_qoq,-2.0,-0.41666666666666663,2026-07-21
AUDUSD,retail_sales,2.0,0.0,2026-07-21
AUDUSD,cpi_yoy,1.0,0.0,2026-07-21
AUDUSD,core_cpi,2.0,0.15625,2026-07-21
AUDUSD,core_pce,0.0,0.0,2026-07-21
AUDUSD,ppi_yoy,-1.0,-0.3125,2026-07-21
AUDUSD,employment_change,1.0,0.10416666666666666,2026-07-21
AUDUSD,unemployment_rate,-1.0,-0.10416666666666666,2026-07-21
AUDUSD,wage_growth,0.0,0.0,2026-07-21
AUDUSD,adp,0.0,0.0,2026-07-21
AUDUSD,jolts,0.0,0.0,2026-07-21
AUDUSD,jobless_claims,-1.0,-0.10416666666666666,2026-07-21
AUDUSD,rate_expectations,0.0,0.0,2026-07-21
NZDUSD,manufacturing_pmi,0.0,0.0,2026-07-21
NZDUSD,services_pmi,0.0,0.0,2026-07-21
NZDUSD,gdp_qoq,0.0,0.0,2026-07-21
NZDUSD,retail_sales,0.0,0.0,2026-07-21
NZDUSD,cpi_yoy,3.0,0.7291666666666666,2026-07-21
NZDUSD,core_cpi,1.0,0.15625,2026-07-21
NZDUSD,core_pce,0.0,0.0,2026-07-21
NZDUSD,ppi_yoy,0.0,0.0,2026-07-21
NZDUSD,employment_change,1.0,0.10416666666666666,2026-07-21
NZDUSD,unemployment_rate,0.0,0.17361111111111113,2026-07-21
NZDUSD,wage_growth,1.0,0.2777777777777778,2026-07-21
NZDUSD,adp,0.0,0.0,2026-07-21
NZDUSD,jolts,0.0,0.0,2026-07-21
NZDUSD,jobless_claims,-1.0,-0.10416666666666666,2026-07-21
NZDUSD,rate_expectations,0.0,0.0,2026-07-21
EURGBP,manufacturing_pmi,1.0,0.15625,2026-07-21
EURGBP,services_pmi,0.0,0.0,2026-07-21
EURGBP,gdp_qoq,-1.0,-0.15625,2026-07-21
EURGBP,retail_sales,0.0,0.0,2026-07-21
EURGBP,cpi_yoy,-1.0,-0.20833333333333331,2026-07-21
EURGBP,core_cpi,-1.0,-0.20833333333333331,2026-07-21
EURGBP,core_pce,,0.0,2026-07-21
EURGBP,ppi_yoy,0.0,0.0,2026-07-21
EURGBP,employment_change,1.0,0.3125,2026-07-21
EURGBP,unemployment_rate,0.0,0.10416666666666669,2026-07-21
EURGBP,wage_growth,-2.0,-0.41666666666666663,2026-07-21
EURGBP,adp,,0.0,2026-07-21
EURGBP,jolts,,0.0,2026-07-21
EURGBP,jobless_claims,,0.0,2026-07-21
EURGBP,rate_expectations,0.0,0.0,2026-07-21
EURJPY,manufacturing_pmi,0.0,0.0,2026-07-21
EURJPY,services_pmi,0.0,0.0,2026-07-21
EURJPY,gdp_qoq,-3.0,-0.7118055555555556,2026-07-21
EURJPY,retail_sales,-2.0,-0.5555555555555556,2026-07-21
EURJPY,cpi_yoy,-2.0,-0.41666666666666663,2026-07-21
EURJPY,core_cpi,-1.0,-0.20833333333333331,2026-07-21
EURJPY,core_pce,,0.0,2026-07-21
EURJPY,ppi_yoy,0.0,0.0,2026-07-21
EURJPY,employment_change,1.0,0.3125,2026-07-21
EURJPY,unemployment_rate,1.0,0.3125,2026-07-21
EURJPY,wage_growth,0.0,0.0,2026-07-21
EURJPY,adp,,0.0,2026-07-21
EURJPY,jolts,,0.0,2026-07-21
EURJPY,jobless_claims,,0.0,2026-07-21
EURJPY,rate_expectations,2.0,1.25,2026-07-21
EURCHF,manufacturing_pmi,0.0,0.0,2026-07-21
EURCHF,services_pmi,0.0,0.0,2026-07-21
EURCHF,gdp_qoq,-2.0,-0.4340277777777778,2026-07-21
EURCHF,retail_sales,-1.0,-0.2777777777777778,2026-07-21
EURCHF,cpi_yoy,-1.0,-0.41666666666666663,2026-07-21
EURCHF,core_cpi,-1.0,-0.20833333333333331,2026-07-21
EURCHF,core_pce,,0.0,2026-07-21
EURCHF,ppi_yoy,0.0,0.0,2026-07-21
EURCHF,employment_change,1.0,0.3125,2026-07-21
EURCHF,unemployment_rate,1.0,0.3125,2026-07-21
EURCHF,wage_growth,,0.0,2026-07-21
EURCHF,adp,,0.0,2026-07-21
EURCHF,jolts,,0.0,2026-07-21
EURCHF,jobless_claims,,0.0,2026-07-21
EURCHF,rate_expectations,2.0,1.25,2026-07-21
EURAUD,manufacturing_pmi,0.0,0.0,2026-07-21
EURAUD,services_pmi,0.0,0.0,2026-07-21
EURAUD,gdp_qoq,1.0,0.26041666666666663,2026-07-21
EURAUD,retail_sales,-2.0,0.0,2026-07-21
EURAUD,cpi_yoy,-1.0,-0.10416666666666663,2026-07-21
EURAUD,core_cpi,-2.0,-0.20833333333333331,2026-07-21
EURAUD,core_pce,,0.0,2026-07-21
EURAUD,ppi_yoy,1.0,0.3125,2026-07-21
EURAUD,employment_change,1.0,0.3125,2026-07-21
EURAUD,unemployment_rate,1.0,0.3125,2026-07-21
EURAUD,wage_growth,0.0,0.0,2026-07-21
EURAUD,adp,,0.0,2026-07-21
EURAUD,jolts,,0.0,2026-07-21
EURAUD,jobless_claims,,0.0,2026-07-21
EURAUD,rate_expectations,2.0,1.25,2026-07-21
EURNZD,manufacturing_pmi,0.0,0.0,2026-07-21
EURNZD,services_pmi,0.0,0.0,2026-07-21
EURNZD,gdp_qoq,-1.0,-0.15625,2026-07-21
EURNZD,retail_sales,0.0,0.0,2026-07-21
EURNZD,cpi_yoy,-3.0,-0.8333333333333333,2026-07-21
EURNZD,core_cpi,-1.0,-0.20833333333333331,2026-07-21
EURNZD,core_pce,,0.0,2026-07-21
EURNZD,ppi_yoy,0.0,0.0,2026-07-21
EURNZD,employment_change,1.0,0.3125,2026-07-21
EURNZD,unemployment_rate,0.0,0.03472222222222221,2026-07-21
EURNZD,wage_growth,-1.0,-0.2777777777777778,2026-07-21
EURNZD,adp,,0.0,2026-07-21
EURNZD,jolts,,0.0,2026-07-21
EURNZD,jobless_claims,,0.0,2026-07-21
EURNZD,rate_expectations,2.0,1.25,2026-07-21
EURCAD,manufacturing_pmi,0.0,0.0,2026-07-21
EURCAD,services_pmi,0.0,0.0,2026-07-21
EURCAD,gdp_qoq,-3.0,-0.5729166666666666,2026-07-21
EURCAD,retail_sales,0.0,0.0,2026-07-21
EURCAD,cpi_yoy,-1.0,-0.20833333333333331,2026-07-21
EURCAD,core_cpi,-1.0,-0.20833333333333331,2026-07-21
EURCAD,core_pce,,0.0,2026-07-21
EURCAD,ppi_yoy,0.0,0.0,2026-07-21
EURCAD,employment_change,1.0,0.3125,2026-07-21
EURCAD,unemployment_rate,1.0,0.3125,2026-07-21
EURCAD,wage_growth,,0.0,2026-07-21
EURCAD,adp,,0.0,2026-07-21
EURCAD,jolts,,0.0,2026-07-21
EURCAD,jobless_claims,,0.0,2026-07-21
EURCAD,rate_expectations,2.0,1.25,2026-07-21
GBPJPY,manufacturing_pmi,-1.0,-0.15625,2026-07-21
GBPJPY,services_pmi,0.0,0.0,2026-07-21
GBPJPY,gdp_qoq,-2.0,-0.5555555555555556,2026-07-21
GBPJPY,retail_sales,-2.0,-0.5555555555555556,2026-07-21
GBPJPY,cpi_yoy,-1.0,-0.20833333333333331,2026-07-21
GBPJPY,core_cpi,0.0,0.0,2026-07-21
GBPJPY,core_pce,,0.0,2026-07-21
GBPJPY,ppi_yoy,0.0,0.0,2026-07-21
GBPJPY,employment_change,0.0,0.0,2026-07-21
GBPJPY,unemployment_rate,1.0,0.20833333333333331,2026-07-21
GBPJPY,wage_growth,2.0,0.41666666666666663,2026-07-21
GBPJPY,adp,,0.0,2026-07-21
GBPJPY,jolts,,0.0,2026-07-21
GBPJPY,jobless_claims,,0.0,2026-07-21
GBPJPY,rate_expectations,2.0,1.25,2026-07-21
GBPCHF,manufacturing_pmi,-1.0,-0.15625,2026-07-21
GBPCHF,services_pmi,0.0,0.0,2026-07-21
GBPCHF,gdp_qoq,-1.0,-0.2777777777777778,2026-07-21
GBPCHF,retail_sales,-1.0,-0.2777777777777778,2026-07-21
GBPCHF,cpi_yoy,0.0,-0.20833333333333331,2026-07-21
GBPCHF,core_cpi,0.0,0.0,2026-07-21
GBPCHF,core_pce,,0.0,2026-07-21
GBPCHF,ppi_yoy,0.0,0.0,2026-07-21
GBPCHF,employment_change,0.0,0.0,2026-07-21
GBPCHF,unemployment_rate,1.0,0.20833333333333331,2026-07-21
GBPCHF,wage_growth,2.0,0.41666666666666663,2026-07-21
GBPCHF,adp,,0.0,2026-07-21
GBPCHF,jolts,,0.0,2026-07-21
GBPCHF,jobless_claims,,0.0,2026-07-21
GBPCHF,rate_expectations,2.0,1.25,2026-07-21
GBPAUD,manufacturing_pmi,-1.0,-0.15625,2026-07-21
GBPAUD,services_pmi,0.0,0.0,2026-07-21
GBPAUD,gdp_qoq,2.0,0.41666666666666663,2026-07-21
GBPAUD,retail_sales,-2.0,0.0,2026-07-21
GBPAUD,cpi_yoy,0.0,0.10416666666666669,2026-07-21
GBPAUD,core_cpi,-1.0,0.0,2026-07-21
GBPAUD,core_pce,,0.0,2026-07-21
GBPAUD,ppi_yoy,1.0,0.3125,2026-07-21
GBPAUD,employment_change,0.0,0.0,2026-07-21
GBPAUD,unemployment_rate,1.0,0.20833333333333331,2026-07-21
GBPAUD,wage_growth,2.0,0.41666666666666663,2026-07-21
GBPAUD,adp,,0.0,2026-07-21
GBPAUD,jolts,,0.0,2026-07-21
GBPAUD,jobless_claims,,0.0,2026-07-21
GBPAUD,rate_expectations,2.0,1.25,2026-07-21
GBPNZD,manufacturing_pmi,-1.0,-0.15625,2026-07-21
GBPNZD,services_pmi,0.0,0.0,2026-07-21
GBPNZD,gdp_qoq,0.0,0.0,2026-07-21
GBPNZD,retail_sales,0.0,0.0,2026-07-21
GBPNZD,cpi_yoy,-2.0,-0.625,2026-07-21
GBPNZD,core_cpi,0.0,0.0,2026-07-21
GBPNZD,core_pce,,0.0,2026-07-21
GBPNZD,ppi_yoy,0.0,0.0,2026-07-21
GBPNZD,employment_change,0.0,0.0,2026-07-21
GBPNZD,unemployment_rate,0.0,-0.06944444444444448,2026-07-21
GBPNZD,wage_growth,1.0,0.13888888888888884,2026-07-21
GBPNZD,adp,,0.0,2026-07-21
GBPNZD,jolts,,0.0,2026-07-21
GBPNZD,jobless_claims,,0.0,2026-07-21
GBPNZD,rate_expectations,2.0,1.25,2026-07-21
GBPCAD,manufacturing_pmi,-1.0,-0.15625,2026-07-21
GBPCAD,services_pmi,0.0,0.0,2026-07-21
GBPCAD,gdp_qoq,-2.0,-0.41666666666666663,2026-07-21
GBPCAD,retail_sales,0.0,0.0,2026-07-21
GBPCAD,cpi_yoy,0.0,0.0,2026-07-21
GBPCAD,core_cpi,0.0,0.0,2026-07-21
GBPCAD,core_pce,,0.0,2026-07-21
GBPCAD,ppi_yoy,0.0,0.0,2026-07-21
GBPCAD,employment_change,0.0,0.0,2026-07-21
GBPCAD,unemployment_rate,1.0,0.20833333333333331,2026-07-21
GBPCAD,wage_growth,2.0,0.41666666666666663,2026-07-21
GBPCAD,adp,,0.0,2026-07-21
GBPCAD,jolts,,0.0,2026-07-21
GBPCAD,jobless_claims,,0.0,2026-07-21
GBPCAD,rate_expectations,2.0,1.25,2026-07-21
AUDJPY,manufacturing_pmi,0.0,0.0,2026-07-21
AUDJPY,services_pmi,0.0,0.0,2026-07-21
AUDJPY,gdp_qoq,-4.0,-0.9722222222222222,2026-07-21
AUDJPY,retail_sales,0.0,-0.5555555555555556,2026-07-21
AUDJPY,cpi_yoy,-1.0,-0.3125,2026-07-21
AUDJPY,core_cpi,1.0,0.0,2026-07-21
AUDJPY,core_pce,,0.0,2026-07-21
AUDJPY,ppi_yoy,-1.0,-0.3125,2026-07-21
AUDJPY,employment_change,0.0,0.0,2026-07-21
AUDJPY,unemployment_rate,0.0,0.0,2026-07-21
AUDJPY,wage_growth,0.0,0.0,2026-07-21
AUDJPY,adp,,0.0,2026-07-21
AUDJPY,jolts,,0.0,2026-07-21
AUDJPY,jobless_claims,,0.0,2026-07-21
AUDJPY,rate_expectations,0.0,0.0,2026-07-21
NZDJPY,manufacturing_pmi,0.0,0.0,2026-07-21
NZDJPY,services_pmi,0.0,0.0,2026-07-21
NZDJPY,gdp_qoq,-2.0,-0.5555555555555556,2026-07-21
NZDJPY,retail_sales,-2.0,-0.5555555555555556,2026-07-21
NZDJPY,cpi_yoy,1.0,0.41666666666666663,2026-07-21
NZDJPY,core_cpi,0.0,0.0,2026-07-21
NZDJPY,core_pce,,0.0,2026-07-21
NZDJPY,ppi_yoy,0.0,0.0,2026-07-21
NZDJPY,employment_change,0.0,0.0,2026-07-21
NZDJPY,unemployment_rate,1.0,0.2777777777777778,2026-07-21
NZDJPY,wage_growth,1.0,0.2777777777777778,2026-07-21
NZDJPY,adp,,0.0,2026-07-21
NZDJPY,jolts,,0.0,2026-07-21
NZDJPY,jobless_claims,,0.0,2026-07-21
NZDJPY,rate_expectations,0.0,0.0,2026-07-21
CADJPY,manufacturing_pmi,0.0,0.0,2026-07-21
CADJPY,services_pmi,,0.0,2026-07-21
CADJPY,gdp_qoq,0.0,-0.13888888888888895,2026-07-21
CADJPY,retail_sales,-2.0,-0.5555555555555556,2026-07-21
CADJPY,cpi_yoy,-1.0,-0.20833333333333331,2026-07-21
CADJPY,core_cpi,0.0,0.0,2026-07-21
CADJPY,core_pce,,0.0,2026-07-21
CADJPY,ppi_yoy,0.0,0.0,2026-07-21
CADJPY,employment_change,0.0,0.0,2026-07-21
CADJPY,unemployment_rate,0.0,0.0,2026-07-21
CADJPY,wage_growth,0.0,0.0,2026-07-21
CADJPY,adp,,0.0,2026-07-21
CADJPY,jolts,,0.0,2026-07-21
CADJPY,jobless_claims,,0.0,2026-07-21
CADJPY,rate_expectations,0.0,0.0,2026-07-21
CHFJPY,manufacturing_pmi,0.0,0.0,2026-07-21
CHFJPY,services_pmi,,0.0,2026-07-21
CHFJPY,gdp_qoq,-1.0,-0.2777777777777778,2026-07-21
CHFJPY,retail_sales,-1.0,-0.2777777777777778,2026-07-21
CHFJPY,cpi_yoy,-1.0,0.0,2026-07-21
CHFJPY,core_cpi,0.0,0.0,2026-07-21
CHFJPY,core_pce,,0.0,2026-07-21
CHFJPY,ppi_yoy,0.0,0.0,2026-07-21
CHFJPY,employment_change,,0.0,2026-07-21
CHFJPY,unemployment_rate,0.0,0.0,2026-07-21
CHFJPY,wage_growth,0.0,0.0,2026-07-21
CHFJPY,adp,,0.0,2026-07-21
CHFJPY,jolts,,0.0,2026-07-21
CHFJPY,jobless_claims,,0.0,2026-07-21
CHFJPY,rate_expectations,0.0,0.0,2026-07-21
AUDNZD,manufacturing_pmi,0.0,0.0,2026-07-21
AUDNZD,services_pmi,0.0,0.0,2026-07-21
AUDNZD,gdp_qoq,-2.0,-0.41666666666666663,2026-07-21
AUDNZD,retail_sales,2.0,0.0,2026-07-21
AUDNZD,cpi_yoy,-2.0,-0.7291666666666666,2026-07-21
AUDNZD,core_cpi,1.0,0.0,2026-07-21
AUDNZD,core_pce,,0.0,2026-07-21
AUDNZD,ppi_yoy,-1.0,-0.3125,2026-07-21
AUDNZD,employment_change,0.0,0.0,2026-07-21
AUDNZD,unemployment_rate,-1.0,-0.2777777777777778,2026-07-21
AUDNZD,wage_growth,-1.0,-0.2777777777777778,2026-07-21
AUDNZD,adp,,0.0,2026-07-21
AUDNZD,jolts,,0.0,2026-07-21
AUDNZD,jobless_claims,,0.0,2026-07-21
AUDNZD,rate_expectations,0.0,0.0,2026-07-21
AUDCAD,manufacturing_pmi,0.0,0.0,2026-07-21
AUDCAD,services_pmi,0.0,0.0,2026-07-21
AUDCAD,gdp_qoq,-4.0,-0.8333333333333333,2026-07-21
AUDCAD,retail_sales,2.0,0.0,2026-07-21
AUDCAD,cpi_yoy,0.0,-0.10416666666666669,2026-07-21
AUDCAD,core_cpi,1.0,0.0,2026-07-21
AUDCAD,core_pce,,0.0,2026-07-21
AUDCAD,ppi_yoy,-1.0,-0.3125,2026-07-21
AUDCAD,employment_change,0.0,0.0,2026-07-21
AUDCAD,unemployment_rate,0.0,0.0,2026-07-21
AUDCAD,wage_growth,0.0,0.0,2026-07-21
AUDCAD,adp,,0.0,2026-07-21
AUDCAD,jolts,,0.0,2026-07-21
AUDCAD,jobless_claims,,0.0,2026-07-21
AUDCAD,rate_expectations,0.0,0.0,2026-07-21
AUDCHF,manufacturing_pmi,0.0,0.0,2026-07-21
AUDCHF,services_pmi,0.0,0.0,2026-07-21
AUDCHF,gdp_qoq,-3.0,-0.6944444444444444,2026-07-21
AUDCHF,retail_sales,1.0,-0.2777777777777778,2026-07-21
AUDCHF,cpi_yoy,0.0,-0.3125,2026-07-21
AUDCHF,core_cpi,1.0,0.0,2026-07-21
AUDCHF,core_pce,,0.0,2026-07-21
AUDCHF,ppi_yoy,-1.0,-0.3125,2026-07-21
AUDCHF,employment_change,0.0,0.0,2026-07-21
AUDCHF,unemployment_rate,0.0,0.0,2026-07-21
AUDCHF,wage_growth,0.0,0.0,2026-07-21
AUDCHF,adp,,0.0,2026-07-21
AUDCHF,jolts,,0.0,2026-07-21
AUDCHF,jobless_claims,,0.0,2026-07-21
AUDCHF,rate_expectations,0.0,0.0,2026-07-21
NZDCAD,manufacturing_pmi,0.0,0.0,2026-07-21
NZDCAD,services_pmi,0.0,0.0,2026-07-21
NZDCAD,gdp_qoq,-2.0,-0.41666666666666663,2026-07-21
NZDCAD,retail_sales,0.0,0.0,2026-07-21
NZDCAD,cpi_yoy,2.0,0.625,2026-07-21
NZDCAD,core_cpi,0.0,0.0,2026-07-21
NZDCAD,core_pce,,0.0,2026-07-21
NZDCAD,ppi_yoy,0.0,0.0,2026-07-21
NZDCAD,employment_change,0.0,0.0,2026-07-21
NZDCAD,unemployment_rate,1.0,0.2777777777777778,2026-07-21
NZDCAD,wage_growth,1.0,0.2777777777777778,2026-07-21
NZDCAD,adp,,0.0,2026-07-21
NZDCAD,jolts,,0.0,2026-07-21
NZDCAD,jobless_claims,,0.0,2026-07-21
NZDCAD,rate_expectations,0.0,0.0,2026-07-21
NZDCHF,manufacturing_pmi,0.0,0.0,2026-07-21
NZDCHF,services_pmi,0.0,0.0,2026-07-21
NZDCHF,gdp_qoq,-1.0,-0.2777777777777778,2026-07-21
NZDCHF,retail_sales,-1.0,-0.2777777777777778,2026-07-21
NZDCHF,cpi_yoy,2.0,0.41666666666666663,2026-07-21
NZDCHF,core_cpi,,0.0,2026-07-21
NZDCHF,core_pce,,0.0,2026-07-21
NZDCHF,ppi_yoy,0.0,0.0,2026-07-21
NZDCHF,employment_change,0.0,0.0,2026-07-21
NZDCHF,unemployment_rate,1.0,0.2777777777777778,2026-07-21
NZDCHF,wage_growth,1.0,0.2777777777777778,2026-07-21
NZDCHF,adp,,0.0,2026-07-21
NZDCHF,jolts,,0.0,2026-07-21
NZDCHF,jobless_claims,,0.0,2026-07-21
NZDCHF,rate_expectations,,0.0,2026-07-21
CADCHF,manufacturing_pmi,0.0,0.0,2026-07-21
CADCHF,services_pmi,,0.0,2026-07-21
CADCHF,gdp_qoq,1.0,0.13888888888888884,2026-07-21
CADCHF,retail_sales,-1.0,-0.2777777777777778,2026-07-21
CADCHF,cpi_yoy,0.0,-0.20833333333333331,2026-07-21
CADCHF,core_cpi,0.0,0.0,2026-07-21
CADCHF,core_pce,,0.0,2026-07-21
CADCHF,ppi_yoy,0.0,0.0,2026-07-21
CADCHF,employment_change,0.0,0.0,2026-07-21
CADCHF,unemployment_rate,0.0,0.0,2026-07-21
CADCHF,wage_growth,,0.0,2026-07-21
CADCHF,adp,,0.0,2026-07-21
CADCHF,jolts,,0.0,2026-07-21
CADCHF,jobless_claims,,0.0,2026-07-21
CADCHF,rate_expectations,0.0,0.0,2026-07-21
