as_of,symbol,horizon,forward_return,current_bias,null_bias,e_bias,d_bias,c_bias,current_sign,null_sign,e_sign,d_sign,c_sign
2025-07-25,EURUSD,5,-0.013023628217577188,Neutral,Neutral,Neutral,Neutral,Neutral,,,,,
2025-07-25,EURUSD,10,-0.008560331169826796,Neutral,Neutral,Neutral,Neutral,Neutral,,,,,
2025-07-25,GBPUSD,5,-0.01175962726447255,Neutral,Neutral,Neutral,Neutral,Neutral,,,,,
2025-07-25,GBPUSD,10,0.0008335938314056879,Neutral,Neutral,Neutral,Neutral,Neutral,,,,,
2025-07-25,USDJPY,5,-0.002058978909011966,Neutral,Neutral,Neutral,Neutral,Neutral,,,,,
2025-07-25,USDJPY,10,6.772956937561858e-05,Neutral,Neutral,Neutral,Neutral,Neutral,,,,,
2025-07-25,USDCHF,5,0.01180601880404275,Neutral,Neutral,Neutral,Neutral,,,,,,
2025-07-25,USDCHF,10,0.016651772790776675,Neutral,Neutral,Neutral,Neutral,,,,,,
2025-07-25,USDCAD,5,0.00629265978026794,Neutral,Neutral,Neutral,Neutral,Neutral,,,,,
2025-07-25,USDCAD,10,0.004124539183122167,Neutral,Neutral,Neutral,Neutral,Neutral,,,,,
2025-07-25,AUDUSD,5,-0.015217987386893395,Neutral,Neutral,Neutral,Neutral,Neutral,,,,,
2025-07-25,AUDUSD,10,-0.007235779788562935,Neutral,Neutral,Neutral,Neutral,Neutral,,,,,
2025-07-25,NZDUSD,5,-0.017768395857919228,Neutral,Neutral,Neutral,Neutral,,,,,,
2025-07-25,NZDUSD,10,-0.010654388910127488,Neutral,Neutral,Neutral,Neutral,,,,,,
2025-07-25,EURGBP,5,-0.0013394697073774164,Neutral,Neutral,Neutral,Neutral,Neutral,,,,,
2025-07-25,EURGBP,10,-0.01013188624811101,Neutral,Neutral,Neutral,Neutral,Neutral,,,,,
2025-07-25,EURJPY,5,-0.014906946960344336,Neutral,Neutral,Neutral,Neutral,Neutral,,,,,
2025-07-25,EURJPY,10,-0.008555341463696076,Neutral,Neutral,Neutral,Neutral,Neutral,,,,,
2025-07-25,EURCHF,5,-0.002058981233243995,Neutral,Neutral,Neutral,Neutral,,,,,,
2025-07-25,EURCHF,10,0.00788203753351202,Neutral,Neutral,Neutral,Neutral,,,,,,
2025-07-25,EURAUD,5,0.0012928935629572536,Neutral,Neutral,Neutral,Neutral,Neutral,,,,,
2025-07-25,EURAUD,10,-0.00222198590690037,Neutral,Neutral,Neutral,Neutral,Neutral,,,,,
2025-07-25,EURNZD,5,0.0030627321417577846,Neutral,Neutral,Neutral,Neutral,,,,,,
2025-07-25,EURNZD,10,0.001662186287989087,Neutral,Neutral,Neutral,Neutral,,,,,,
2025-07-25,EURCAD,5,-0.006717880135601595,Neutral,Neutral,Neutral,Neutral,Neutral,,,,,
2025-07-25,EURCAD,10,-0.004671414797997153,Neutral,Neutral,Neutral,Neutral,Neutral,,,,,
2025-07-25,GBPJPY,5,-0.013679504432986045,Neutral,Neutral,Neutral,Neutral,Neutral,,,,,
2025-07-25,GBPJPY,10,0.0012147238645354719,Neutral,Neutral,Neutral,Neutral,Neutral,,,,,
2025-07-25,GBPCHF,5,-0.0007500117189331856,Neutral,Neutral,Neutral,Neutral,,,,,,
2025-07-25,GBPCHF,10,0.017634650541414665,Neutral,Neutral,Neutral,Neutral,,,,,,
2025-07-25,GBPAUD,5,0.0027685790732598914,Neutral,Neutral,Neutral,Neutral,Neutral,,,,,
2025-07-25,GBPAUD,10,0.007542665955771355,Neutral,Neutral,Neutral,Neutral,Neutral,,,,,
2025-07-25,GBPNZD,5,0.00458221991068708,Neutral,Neutral,Neutral,Neutral,,,,,,
2025-07-25,GBPNZD,10,0.011137215516777488,Neutral,Neutral,Neutral,Neutral,,,,,,
2025-07-25,GBPCAD,5,-0.005511318857515546,Neutral,Neutral,Neutral,Neutral,Neutral,,,,,
2025-07-25,GBPCAD,10,0.004728646357039956,Neutral,Neutral,Neutral,Neutral,Neutral,,,,,
2025-07-25,AUDJPY,5,-0.016656684359445673,Neutral,Neutral,Neutral,Neutral,Neutral,,,,,
2025-07-25,AUDJPY,10,-0.006392118796340274,Neutral,Neutral,Neutral,Neutral,Neutral,,,,,
2025-07-25,NZDJPY,5,-0.01929535874490007,Neutral,Neutral,Neutral,Bullish,,,,,1.0,
2025-07-25,NZDJPY,10,-0.010459166422469135,Neutral,Neutral,Neutral,Bullish,,,,,1.0,
2025-07-25,CADJPY,5,-0.008265690881735566,Neutral,Neutral,Neutral,Neutral,Neutral,,,,,
2025-07-25,CADJPY,10,-0.003473447628954185,Neutral,Neutral,Neutral,Neutral,Neutral,,,,,
2025-07-25,CHFJPY,5,-0.012972022502818259,Neutral,Neutral,Neutral,Neutral,,,,,,
2025-07-25,CHFJPY,10,-0.015933203523212147,Neutral,Neutral,Neutral,Neutral,,,,,,
2025-07-25,AUDNZD,5,0.0021267038839847263,Neutral,Neutral,Neutral,Neutral,,,,,,
2025-07-25,AUDNZD,10,0.00224587263610454,Neutral,Neutral,Neutral,Neutral,,,,,,
2025-07-25,AUDCAD,5,-0.008716147107217465,Neutral,Neutral,Neutral,Neutral,Neutral,,,,,
2025-07-25,AUDCAD,10,-0.002912794058789525,Neutral,Neutral,Neutral,Neutral,Neutral,,,,,
2025-07-25,AUDCHF,5,-0.003780174233411371,Neutral,Neutral,Neutral,Neutral,,,,,,
2025-07-25,AUDCHF,10,0.009939747476685579,Neutral,Neutral,Neutral,Neutral,,,,,,
2025-07-25,NZDCAD,5,-0.01087154349224062,Neutral,Neutral,Neutral,Neutral,,,,,,
2025-07-25,NZDCAD,10,-0.006709780749117211,Neutral,Neutral,Neutral,Neutral,,,,,,
2025-07-25,NZDCHF,5,-0.005906006534305064,Neutral,Neutral,Neutral,Neutral,,,,,,
2025-07-25,NZDCHF,10,0.006073552818966155,Neutral,Neutral,Neutral,Neutral,,,,,,
2025-07-25,CADCHF,5,0.004798315411567611,Neutral,Neutral,Neutral,Neutral,,,,,,
2025-07-25,CADCHF,10,0.012634413241969789,Neutral,Neutral,Neutral,Neutral,,,,,,
2025-08-01,EURUSD,5,0.004522192400300273,Neutral,Neutral,Neutral,Neutral,Neutral,,,,,
2025-08-01,EURUSD,10,0.010295754835034865,Neutral,Neutral,Neutral,Neutral,Neutral,,,,,
2025-08-01,GBPUSD,5,0.012743074906987673,Neutral,Neutral,Neutral,Neutral,Neutral,,,,,
2025-08-01,GBPUSD,10,0.020538040940517366,Neutral,Neutral,Neutral,Neutral,Neutral,,,,,
2025-08-01,USDJPY,5,0.0021310963608474065,Neutral,Neutral,Neutral,Neutral,Neutral,,,,,
2025-08-01,USDJPY,10,-0.0013370254238438406,Neutral,Neutral,Neutral,Neutral,Neutral,,,,,
2025-08-01,USDCHF,5,0.004789212454440417,Neutral,Neutral,Neutral,Neutral,,,,,,
2025-08-01,USDCHF,10,0.002400825983654542,Neutral,Neutral,Neutral,Neutral,,,,,,
2025-08-01,USDCAD,5,-0.002154562667305182,Neutral,Neutral,Neutral,Neutral,Neutral,,,,,
2025-08-01,USDCAD,10,0.002430230618003959,Neutral,Neutral,Neutral,Neutral,Neutral,,,,,
2025-08-01,AUDUSD,5,0.008105557875848879,Neutral,Neutral,Neutral,Neutral,Neutral,,,,,
2025-08-01,AUDUSD,10,0.006171980138289568,Neutral,Neutral,Neutral,Neutral,Neutral,,,,,
2025-08-01,NZDUSD,5,0.007242698074254594,Neutral,Neutral,Neutral,Neutral,,,,,,
2025-08-01,NZDUSD,10,0.002064507394997861,Neutral,Neutral,Neutral,Neutral,,,,,,
2025-08-01,EURGBP,5,-0.008804209512673244,Neutral,Neutral,Neutral,Neutral,Neutral,,,,,
2025-08-01,EURGBP,10,-0.010695738900161733,Neutral,Neutral,Neutral,Neutral,Neutral,,,,,
2025-08-01,EURJPY,5,0.00644772133662852,Neutral,Neutral,Neutral,Neutral,Neutral,,,,,
2025-08-01,EURJPY,10,0.008151887466472996,Neutral,Neutral,Neutral,Neutral,Neutral,,,,,
2025-08-01,EURCHF,5,0.009961529368780697,Neutral,Neutral,Neutral,Neutral,,,,,,
2025-08-01,EURCHF,10,0.013668894667841602,Neutral,Neutral,Neutral,Neutral,,,,,,
2025-08-01,EURAUD,5,-0.0035103409726102708,Neutral,Neutral,Neutral,Neutral,Neutral,,,,,
2025-08-01,EURAUD,10,0.004108440469535957,Neutral,Neutral,Neutral,Neutral,Neutral,,,,,
2025-08-01,EURNZD,5,-0.001396269454431942,Neutral,Neutral,Neutral,Neutral,,,,,,
2025-08-01,EURNZD,10,0.009697168079132235,Neutral,Neutral,Neutral,Neutral,,,,,,
2025-08-01,EURCAD,5,0.0020603062278861106,Neutral,Neutral,Neutral,Neutral,Neutral,,,,,
2025-08-01,EURCAD,10,0.012199016814353314,Neutral,Neutral,Neutral,Neutral,Neutral,,,,,
2025-08-01,GBPJPY,5,0.015100799754707683,Bullish,Bullish,Bullish,Bullish,Bullish,1.0,1.0,1.0,1.0,1.0
2025-08-01,GBPJPY,10,0.019137900196744884,Bullish,Bullish,Bullish,Bullish,Bullish,1.0,1.0,1.0,1.0,1.0
2025-08-01,GBPCHF,5,0.018398461321949666,Neutral,Neutral,Neutral,Neutral,,,,,,
2025-08-01,GBPCHF,10,0.02414035746118115,Neutral,Neutral,Neutral,Neutral,,,,,,
2025-08-01,GBPAUD,5,0.004760905937961857,Neutral,Neutral,Neutral,Neutral,Neutral,,,,,
2025-08-01,GBPAUD,10,0.014536372638449091,Neutral,Neutral,Neutral,Neutral,Neutral,,,,,
2025-08-01,GBPNZD,5,0.0065250961804532714,Neutral,Neutral,Neutral,Neutral,,,,,,
2025-08-01,GBPNZD,10,0.019829686956056136,Neutral,Neutral,Neutral,Neutral,,,,,,
2025-08-01,GBPCAD,5,0.010296713686868353,Neutral,Neutral,Neutral,Neutral,Neutral,,,,,
2025-08-01,GBPCAD,10,0.02268118991534185,Neutral,Neutral,Neutral,Neutral,Neutral,,,,,
2025-08-01,AUDJPY,5,0.010438435284851666,Neutral,Neutral,Neutral,Neutral,Neutral,,,,,
2025-08-01,AUDJPY,10,0.004515620897873607,Neutral,Neutral,Neutral,Neutral,Neutral,,,,,
2025-08-01,NZDJPY,5,0.00901004436067776,Neutral,Neutral,Neutral,Bullish,,,,,1.0,
2025-08-01,NZDJPY,10,0.00020686326338292815,Neutral,Neutral,Neutral,Bullish,,,,,1.0,
2025-08-01,CADJPY,5,0.004832184596943234,Neutral,Neutral,Neutral,Neutral,Neutral,,,,,
2025-08-01,CADJPY,10,-0.00361477374887631,Neutral,Neutral,Neutral,Neutral,Neutral,,,,,
2025-08-01,CHFJPY,5,-0.003000098363880821,Bullish,Bullish,Bullish,Bullish,,1.0,1.0,1.0,1.0,
2025-08-01,CHFJPY,10,-0.004634031716886922,Bullish,Bullish,Bullish,Bullish,,1.0,1.0,1.0,1.0,
2025-08-01,AUDNZD,5,0.00011891585331258447,Neutral,Neutral,Neutral,Neutral,,,,,,
2025-08-01,AUDNZD,10,0.0036406545860356854,Neutral,Neutral,Neutral,Neutral,,,,,,
2025-08-01,AUDCAD,5,0.005854380691759031,Neutral,Neutral,Neutral,Neutral,Neutral,,,,,
2025-08-01,AUDCAD,10,0.008478758243237294,Neutral,Neutral,Neutral,Neutral,Neutral,,,,,
2025-08-01,AUDCHF,5,0.013771982202361421,Neutral,Neutral,Neutral,Neutral,,,,,,
2025-08-01,AUDCHF,10,0.009688541325577393,Neutral,Neutral,Neutral,Neutral,,,,,,
2025-08-01,NZDCAD,5,0.004207504814710328,Neutral,Neutral,Neutral,Neutral,,,,,,
2025-08-01,NZDCAD,10,0.0036309662540940923,Neutral,Neutral,Neutral,Neutral,,,,,,
2025-08-01,NZDCHF,5,0.0120507310495932,Neutral,Neutral,Neutral,Neutral,,,,,,
2025-08-01,NZDCHF,10,0.0047191674040365506,Neutral,Neutral,Neutral,Neutral,,,,,,
2025-08-01,CADCHF,5,0.007798677316842806,Neutral,Neutral,Neutral,Neutral,,,,,,
2025-08-01,CADCHF,10,0.001305505453921052,Neutral,Neutral,Neutral,Neutral,,,,,,
2025-08-08,EURUSD,5,0.005747570813680936,Neutral,Neutral,Neutral,Neutral,Neutral,,,,,
2025-08-08,EURUSD,10,0.006967533527496572,Neutral,Neutral,Neutral,Neutral,Neutral,,,,,
2025-08-08,GBPUSD,5,0.007696884063359999,Neutral,Neutral,Neutral,Neutral,Neutral,,,,,
2025-08-08,GBPUSD,10,0.005711311073101744,Neutral,Neutral,Neutral,Neutral,Neutral,,,,,
2025-08-08,USDJPY,5,-0.0034607466002058995,Neutral,Neutral,Neutral,Neutral,Neutral,,,,,
2025-08-08,USDJPY,10,-0.005031966191688775,Neutral,Neutral,Neutral,Neutral,Neutral,,,,,
2025-08-08,USDCHF,5,-0.002377002500804748,Neutral,Neutral,Neutral,Bearish,,,,,-1.0,
2025-08-08,USDCHF,10,-0.008728056057642264,Neutral,Neutral,Neutral,Bearish,,,,,-1.0,
2025-08-08,USDCAD,5,0.00459469283896774,Neutral,Neutral,Neutral,Neutral,Neutral,,,,,
2025-08-08,USDCAD,10,0.005125408942202814,Neutral,Neutral,Neutral,Neutral,Neutral,,,,,
2025-08-08,AUDUSD,5,-0.0019180310260697997,Neutral,Neutral,Neutral,Neutral,Neutral,,,,,
2025-08-08,AUDUSD,10,-0.004664651455401958,Neutral,Neutral,Neutral,Neutral,Neutral,,,,,
2025-08-08,NZDUSD,5,-0.005140956285070941,Neutral,Neutral,Neutral,Neutral,,,,,,
2025-08-08,NZDUSD,10,-0.014801249957998697,Neutral,Neutral,Neutral,Neutral,,,,,,
2025-08-08,EURGBP,5,-0.0019083307310642228,Neutral,Neutral,Neutral,Neutral,Neutral,,,,,
2025-08-08,EURGBP,10,0.0015844927888228888,Neutral,Neutral,Neutral,Neutral,Neutral,,,,,
2025-08-08,EURJPY,5,0.0016932485351364157,Neutral,Neutral,Neutral,Neutral,Neutral,,,,,
2025-08-08,EURJPY,10,0.0015594178949023263,Neutral,Neutral,Neutral,Neutral,Neutral,,,,,
2025-08-08,EURCHF,5,0.003670798531680619,Neutral,Neutral,Neutral,Neutral,,,,,,
2025-08-08,EURCHF,10,-0.001691759323296238,Neutral,Neutral,Neutral,Neutral,,,,,,
2025-08-08,EURAUD,5,0.00764562017591075,Neutral,Neutral,Neutral,Neutral,Neutral,,,,,
2025-08-08,EURAUD,10,0.011577813677975168,Neutral,Neutral,Neutral,Neutral,Neutral,,,,,
2025-08-08,EURNZD,5,0.011108948619191983,Neutral,Neutral,Neutral,Neutral,,,,,,
2025-08-08,EURNZD,10,0.021777431779070877,Neutral,Neutral,Neutral,Neutral,,,,,,
2025-08-08,EURCAD,5,0.010117864686840061,Neutral,Neutral,Neutral,Neutral,Neutral,,,,,
2025-08-08,EURCAD,10,0.012211431499743908,Neutral,Neutral,Neutral,Neutral,Neutral,,,,,
2025-08-08,GBPJPY,5,0.003977043898510058,Neutral,Neutral,Neutral,Neutral,Neutral,,,,,
2025-08-08,GBPJPY,10,0.00025674587192914267,Neutral,Neutral,Neutral,Neutral,Neutral,,,,,
2025-08-08,GBPCHF,5,0.005638162622298326,Neutral,Neutral,Neutral,Neutral,,,,,,
2025-08-08,GBPCHF,10,-0.0030862491478268472,Neutral,Neutral,Neutral,Neutral,,,,,,
2025-08-08,GBPAUD,5,0.009729147146068318,Neutral,Neutral,Neutral,Neutral,Neutral,,,,,
2025-08-08,GBPAUD,10,0.010321440535200122,Neutral,Neutral,Neutral,Neutral,Neutral,,,,,
2025-08-08,GBPNZD,5,0.013218339836821746,Neutral,Neutral,Neutral,Neutral,,,,,,
2025-08-08,GBPNZD,10,0.020463816956367564,Neutral,Neutral,Neutral,Neutral,,,,,,
2025-08-08,GBPCAD,5,0.012258256471288309,Neutral,Neutral,Neutral,Neutral,Neutral,,,,,
2025-08-08,GBPCAD,10,0.010938302994238702,Neutral,Neutral,Neutral,Neutral,Neutral,,,,,
2025-08-08,AUDJPY,5,-0.005861628160758192,Neutral,Neutral,Neutral,Neutral,Neutral,,,,,
2025-08-08,AUDJPY,10,-0.009873309845248701,Neutral,Neutral,Neutral,Neutral,Neutral,,,,,
2025-08-08,NZDJPY,5,-0.008724572313720147,Neutral,Neutral,Neutral,Neutral,,,,,,
2025-08-08,NZDJPY,10,-0.01944235631791169,Neutral,Neutral,Neutral,Neutral,,,,,,
2025-08-08,CADJPY,5,-0.008406337371854589,Neutral,Neutral,Neutral,Neutral,Neutral,,,,,
2025-08-08,CADJPY,10,-0.010549860205032568,Neutral,Neutral,Neutral,Neutral,Neutral,,,,,
2025-08-08,CHFJPY,5,-0.001638850064403008,Bullish,Bullish,Bullish,Bullish,,1.0,1.0,1.0,1.0,
2025-08-08,CHFJPY,10,0.003305105648277573,Bullish,Bullish,Bullish,Bullish,,1.0,1.0,1.0,1.0,
2025-08-08,AUDNZD,5,0.003521319991951488,Neutral,Neutral,Neutral,Neutral,,,,,,
2025-08-08,AUDNZD,10,0.009969451405784202,Neutral,Neutral,Neutral,Neutral,,,,,,
2025-08-08,AUDCAD,5,0.002609102870013258,Neutral,Neutral,Neutral,Neutral,Neutral,,,,,
2025-08-08,AUDCAD,10,0.000713600784960855,Neutral,Neutral,Neutral,Neutral,Neutral,,,,,
2025-08-08,AUDCHF,5,-0.0040279677762578014,Neutral,Neutral,Neutral,Neutral,,,,,,
2025-08-08,AUDCHF,10,-0.013261893904848776,Neutral,Neutral,Neutral,Neutral,,,,,,
2025-08-08,NZDCAD,5,-0.0005741229356006627,Neutral,Neutral,Neutral,Neutral,,,,,,
2025-08-08,NZDCAD,10,-0.008990520863871865,Neutral,Neutral,Neutral,Neutral,,,,,,
2025-08-08,NZDCHF,5,-0.007244264956909108,Neutral,Neutral,Neutral,Neutral,,,,,,
2025-08-08,NZDCHF,10,-0.0229818060701944,Neutral,Neutral,Neutral,Neutral,,,,,,
2025-08-08,CADCHF,5,-0.0064429255654604445,Neutral,Neutral,Neutral,Neutral,,,,,,
2025-08-08,CADCHF,10,-0.013601731749305568,Neutral,Neutral,Neutral,Neutral,,,,,,
2025-08-15,EURUSD,5,0.0012129909623630475,Neutral,Neutral,Neutral,Neutral,Neutral,,,,,
2025-08-15,EURUSD,10,-0.0020586677600670233,Neutral,Neutral,Neutral,Neutral,Neutral,,,,,
2025-08-15,GBPUSD,5,-0.0019704069960518877,Bullish,Bullish,Bullish,Bullish,Bullish,1.0,1.0,1.0,1.0,1.0
2025-08-15,GBPUSD,10,-0.00399247260248714,Bullish,Bullish,Bullish,Bullish,Bullish,1.0,1.0,1.0,1.0,1.0
2025-08-15,USDJPY,5,-0.0015766760678243008,Neutral,Neutral,Neutral,Neutral,Neutral,,,,,
2025-08-15,USDJPY,10,-0.0011893030684020367,Neutral,Neutral,Neutral,Neutral,Neutral,,,,,
2025-08-15,USDCHF,5,-0.006366185996872664,Bearish,Bearish,Bearish,Bearish,,-1.0,-1.0,-1.0,-1.0,
2025-08-15,USDCHF,10,-0.007545109329626931,Bearish,Bearish,Bearish,Bearish,,-1.0,-1.0,-1.0,-1.0,
2025-08-15,USDCAD,5,0.0005282887785673651,Neutral,Neutral,Neutral,Neutral,Neutral,,,,,
2025-08-15,USDCAD,10,-0.00589801855523886,Neutral,Neutral,Neutral,Neutral,Neutral,,,,,
2025-08-15,AUDUSD,5,-0.0027518986563356274,Bullish,Bullish,Bullish,Bullish,Bullish,1.0,1.0,1.0,1.0,1.0
2025-08-15,AUDUSD,10,0.0045659994465454545,Bullish,Bullish,Bullish,Bullish,Bullish,1.0,1.0,1.0,1.0,1.0
2025-08-15,NZDUSD,5,-0.009710213455822791,Neutral,Neutral,Neutral,Neutral,,,,,,
2025-08-15,NZDUSD,10,-0.005623480140502624,Neutral,Neutral,Neutral,Neutral,,,,,,
2025-08-15,EURGBP,5,0.003499501726575316,Neutral,Neutral,Neutral,Neutral,Neutral,,,,,
2025-08-15,EURGBP,10,0.0021784977635634917,Neutral,Neutral,Neutral,Neutral,Neutral,,,,,
2025-08-15,EURJPY,5,-0.0001336044147545179,Neutral,Neutral,Neutral,Neutral,Neutral,,,,,
2025-08-15,EURJPY,10,-0.002428115015974508,Neutral,Neutral,Neutral,Neutral,Neutral,,,,,
2025-08-15,EURCHF,5,-0.005342944980388009,Neutral,Neutral,Neutral,Bearish,,,,,-1.0,
2025-08-15,EURCHF,10,-0.009413760203540789,Neutral,Neutral,Neutral,Bearish,,,,,-1.0,
2025-08-15,EURAUD,5,0.003902357558382308,Neutral,Neutral,Neutral,Neutral,Neutral,,,,,
2025-08-15,EURAUD,10,-0.006340635176886322,Neutral,Neutral,Neutral,Neutral,Neutral,,,,,
2025-08-15,EURNZD,5,0.010551269647497419,Neutral,Neutral,Neutral,Neutral,,,,,,
2025-08-15,EURNZD,10,0.002770784684196448,Neutral,Neutral,Neutral,Neutral,,,,,,
2025-08-15,EURCAD,5,0.0020725965613457298,Neutral,Neutral,Neutral,Neutral,Neutral,,,,,
2025-08-15,EURCAD,10,-0.007096323151831729,Neutral,Neutral,Neutral,Neutral,Neutral,,,,,
2025-08-15,GBPJPY,5,-0.003705560848417999,Neutral,Neutral,Neutral,Neutral,Neutral,,,,,
2025-08-15,GBPJPY,10,-0.005069447926590809,Neutral,Neutral,Neutral,Neutral,Neutral,,,,,
2025-08-15,GBPCHF,5,-0.00867549790212363,Neutral,Neutral,Neutral,Neutral,,,,,,
2025-08-15,GBPCHF,10,-0.011167298777918222,Neutral,Neutral,Neutral,Neutral,,,,,,
2025-08-15,GBPAUD,5,0.0005865864036964652,Neutral,Neutral,Neutral,Neutral,Neutral,,,,,
2025-08-15,GBPAUD,10,-0.008337219868931545,Neutral,Neutral,Neutral,Neutral,Neutral,,,,,
2025-08-15,GBPNZD,5,0.00715095338751226,Bullish,Neutral,Neutral,Bullish,,1.0,,,1.0,
2025-08-15,GBPNZD,10,0.0009059041317105443,Bullish,Neutral,Neutral,Bullish,,1.0,,,1.0,
2025-08-15,GBPCAD,5,-0.0013039690895195744,Bullish,Bullish,Bullish,Bullish,Bullish,1.0,1.0,1.0,1.0,1.0
2025-08-15,GBPCAD,10,-0.008978147829479366,Bullish,Bullish,Bullish,Bullish,Bullish,1.0,1.0,1.0,1.0,1.0
2025-08-15,AUDJPY,5,-0.004035335319638289,Neutral,Neutral,Neutral,Neutral,Neutral,,,,,
2025-08-15,AUDJPY,10,0.004087606502535257,Neutral,Neutral,Neutral,Neutral,Neutral,,,,,
2025-08-15,NZDJPY,5,-0.010812115084107066,Neutral,Neutral,Neutral,Neutral,,,,,,
2025-08-15,NZDJPY,10,-0.005561172901921041,Neutral,Neutral,Neutral,Neutral,,,,,,
2025-08-15,CADJPY,5,-0.002161694768698541,Neutral,Neutral,Neutral,Neutral,Neutral,,,,,
2025-08-15,CADJPY,10,0.0047557284911370346,Neutral,Neutral,Neutral,Neutral,Neutral,,,,,
2025-08-15,CHFJPY,5,0.004952071415238457,Neutral,Neutral,Neutral,Bullish,,,,,1.0,
2025-08-15,CHFJPY,10,0.006763804859837741,Neutral,Neutral,Neutral,Bullish,,,,,1.0,
2025-08-15,AUDNZD,5,0.006425505154075362,Neutral,Neutral,Neutral,Neutral,,,,,,
2025-08-15,AUDNZD,10,0.00922356200840313,Neutral,Neutral,Neutral,Neutral,,,,,,
2025-08-15,AUDCAD,5,-0.0018905693950178604,Neutral,Neutral,Neutral,Neutral,Neutral,,,,,
2025-08-15,AUDCAD,10,-0.0017237544483986733,Neutral,Neutral,Neutral,Neutral,Neutral,,,,,
2025-08-15,AUDCHF,5,-0.00927127050743981,Neutral,Neutral,Neutral,Neutral,,,,,,
2025-08-15,AUDCHF,10,-0.0029759633727585166,Neutral,Neutral,Neutral,Neutral,,,,,,
2025-08-15,NZDCAD,5,-0.008421232751139707,Neutral,Neutral,Neutral,Neutral,,,,,,
2025-08-15,NZDCAD,10,-0.011269051664079655,Neutral,Neutral,Neutral,Neutral,,,,,,
2025-08-15,NZDCHF,5,-0.01585237995386879,Neutral,Neutral,Neutral,Neutral,,,,,,
2025-08-15,NZDCHF,10,-0.012329628853009034,Neutral,Neutral,Neutral,Neutral,,,,,,
2025-08-15,CADCHF,5,-0.007205228937572028,Bearish,Bearish,Bearish,Bearish,,-1.0,-1.0,-1.0,-1.0,
2025-08-15,CADCHF,10,-0.0021444133742775096,Bearish,Bearish,Bearish,Bearish,,-1.0,-1.0,-1.0,-1.0,
2025-08-22,EURUSD,5,-0.0032676950378813796,Neutral,Neutral,Neutral,Neutral,Neutral,,,,,
2025-08-22,EURUSD,10,-0.0003498054740290746,Neutral,Neutral,Neutral,Neutral,Neutral,,,,,
2025-08-22,GBPUSD,5,-0.0020260577648293365,Bullish,Bullish,Bullish,Bullish,Bullish,1.0,1.0,1.0,1.0,1.0
2025-08-22,GBPUSD,10,-0.0015454236235377117,Bullish,Bullish,Bullish,Bullish,Bullish,1.0,1.0,1.0,1.0,1.0
2025-08-22,USDJPY,5,0.0003879847256538227,Bearish,Bearish,Bearish,Bearish,Bearish,-1.0,-1.0,-1.0,-1.0,-1.0
2025-08-22,USDJPY,10,0.0030766508069401954,Bearish,Bearish,Bearish,Bearish,Bearish,-1.0,-1.0,-1.0,-1.0,-1.0
2025-08-22,USDCHF,5,-0.0011864766638773894,Bearish,Bearish,Bearish,Bearish,,-1.0,-1.0,-1.0,-1.0,
2025-08-22,USDCHF,10,-0.004433675954489291,Bearish,Bearish,Bearish,Bearish,,-1.0,-1.0,-1.0,-1.0,
2025-08-22,USDCAD,5,-0.006422914180318928,Neutral,Neutral,Neutral,Neutral,Neutral,,,,,
2025-08-22,USDCAD,10,-2.1699034392974603e-05,Neutral,Neutral,Neutral,Neutral,Neutral,,,,,
2025-08-22,AUDUSD,5,0.007338091787811862,Bullish,Bullish,Bullish,Bullish,Bullish,1.0,1.0,1.0,1.0,1.0
2025-08-22,AUDUSD,10,0.010035919650978276,Bullish,Bullish,Bullish,Bullish,Bullish,1.0,1.0,1.0,1.0,1.0
2025-08-22,NZDUSD,5,0.004126805477396411,Neutral,Neutral,Neutral,Neutral,,,,,,
2025-08-22,NZDUSD,10,0.004843027915622189,Neutral,Neutral,Neutral,Neutral,,,,,,
2025-08-22,EURGBP,5,-0.0013163972286374115,Neutral,Neutral,Neutral,Neutral,Neutral,,,,,
2025-08-22,EURGBP,10,0.0011085450346419723,Neutral,Neutral,Neutral,Neutral,Neutral,,,,,
2025-08-22,EURJPY,5,-0.002294817198928767,Neutral,Neutral,Neutral,Neutral,Neutral,,,,,
2025-08-22,EURJPY,10,0.0028583545870199956,Neutral,Neutral,Neutral,Neutral,Neutral,,,,,
2025-08-22,EURCHF,5,-0.0040926821989639706,Bearish,Bearish,Bearish,Bearish,,-1.0,-1.0,-1.0,-1.0,
2025-08-22,EURCHF,10,-0.004455055101997285,Bearish,Bearish,Bearish,Bearish,,-1.0,-1.0,-1.0,-1.0,
2025-08-22,EURAUD,5,-0.010203176293141714,Neutral,Neutral,Neutral,Neutral,Neutral,,,,,
2025-08-22,EURAUD,10,-0.010136633839056053,Neutral,Neutral,Neutral,Neutral,Neutral,,,,,
2025-08-22,EURNZD,5,-0.007699248120300761,Neutral,Neutral,Neutral,Neutral,,,,,,
2025-08-22,EURNZD,10,-0.004681704260651731,Neutral,Neutral,Neutral,Neutral,,,,,,
2025-08-22,EURCAD,5,-0.009149955546774668,Neutral,Neutral,Neutral,Neutral,Neutral,,,,,
2025-08-22,EURCAD,10,-0.00032105107181668036,Neutral,Neutral,Neutral,Neutral,Neutral,,,,,
2025-08-22,GBPJPY,5,-0.0013689598421668947,Neutral,Neutral,Neutral,Neutral,Neutral,,,,,
2025-08-22,GBPJPY,10,0.0010971810499720291,Neutral,Neutral,Neutral,Neutral,Neutral,,,,,
2025-08-22,GBPCHF,5,-0.00251360767389619,Neutral,Neutral,Neutral,Neutral,,,,,,
2025-08-22,GBPCHF,10,-0.0056371348568999835,Neutral,Neutral,Neutral,Neutral,,,,,,
2025-08-22,GBPAUD,5,-0.008918574757934672,Neutral,Neutral,Neutral,Neutral,Neutral,,,,,
2025-08-22,GBPAUD,10,-0.011340429110304973,Neutral,Neutral,Neutral,Neutral,Neutral,,,,,
2025-08-22,GBPNZD,5,-0.006200708279922584,Neutral,Neutral,Neutral,Neutral,,,,,,
2025-08-22,GBPNZD,10,-0.005857431507593325,Neutral,Neutral,Neutral,Neutral,,,,,,
2025-08-22,GBPCAD,5,-0.007684198697539113,Neutral,Neutral,Neutral,Neutral,Neutral,,,,,
2025-08-22,GBPCAD,10,-0.001514365063651546,Neutral,Neutral,Neutral,Neutral,Neutral,,,,,
2025-08-22,AUDJPY,5,0.008155853425563464,Neutral,Neutral,Neutral,Neutral,Neutral,,,,,
2025-08-22,AUDJPY,10,0.013120742319117529,Neutral,Neutral,Neutral,Neutral,Neutral,,,,,
2025-08-22,NZDJPY,5,0.005308336527627855,Neutral,Neutral,Neutral,Neutral,,,,,,
2025-08-22,NZDJPY,10,0.007619844118432972,Neutral,Neutral,Neutral,Neutral,,,,,,
2025-08-22,CADJPY,5,0.006932409012131657,Neutral,Neutral,Neutral,Neutral,Neutral,,,,,
2025-08-22,CADJPY,10,0.0031836334865495974,Neutral,Neutral,Neutral,Neutral,Neutral,,,,,
2025-08-22,CHFJPY,5,0.0018028058214238918,Neutral,Neutral,Neutral,Neutral,,,,,,
2025-08-22,CHFJPY,10,0.007539006162317952,Neutral,Neutral,Neutral,Neutral,,,,,,
2025-08-22,AUDNZD,5,0.0027801927117292458,Neutral,Neutral,Neutral,Neutral,,,,,,
2025-08-22,AUDNZD,10,0.005433601391001686,Neutral,Neutral,Neutral,Neutral,,,,,,
2025-08-22,AUDCAD,5,0.00016713091921993772,Neutral,Neutral,Neutral,Neutral,Neutral,,,,,
2025-08-22,AUDCAD,10,0.009849582172702043,Neutral,Neutral,Neutral,Neutral,Neutral,,,,,
2025-08-22,AUDCHF,5,0.006354218816189805,Neutral,Neutral,Neutral,Neutral,,,,,,
2025-08-22,AUDCHF,10,0.005661031308968889,Neutral,Neutral,Neutral,Neutral,,,,,,
2025-08-22,NZDCAD,5,-0.002872004733261102,Neutral,Neutral,Neutral,Neutral,,,,,,
2025-08-22,NZDCAD,10,0.0031555073464155647,Neutral,Neutral,Neutral,Neutral,,,,,,
2025-08-22,NZDCHF,5,0.0035794946094516167,Bearish,Bearish,Bearish,Bearish,,-1.0,-1.0,-1.0,-1.0,
2025-08-22,NZDCHF,10,0.00021306515532448778,Bearish,Bearish,Bearish,Bearish,,-1.0,-1.0,-1.0,-1.0,
2025-08-22,CADCHF,5,0.0050975445387153595,Bearish,Bearish,Bearish,Neutral,,-1.0,-1.0,-1.0,,
2025-08-22,CADCHF,10,-0.004198994314941751,Bearish,Bearish,Bearish,Neutral,,-1.0,-1.0,-1.0,,
2025-08-29,EURUSD,5,0.0029274555959768467,Bullish,Bullish,Bullish,Bullish,Bullish,1.0,1.0,1.0,1.0,1.0
2025-08-29,EURUSD,10,0.004408303017333637,Bullish,Bullish,Bullish,Bullish,Bullish,1.0,1.0,1.0,1.0,1.0
2025-08-29,GBPUSD,5,0.00048160991079115867,Bullish,Bullish,Bullish,Bullish,Bullish,1.0,1.0,1.0,1.0,1.0
2025-08-29,GBPUSD,10,0.004030704484158765,Bullish,Bullish,Bullish,Bullish,Bullish,1.0,1.0,1.0,1.0,1.0
2025-08-29,USDJPY,5,0.002687623324488131,Bearish,Bearish,Bearish,Bearish,Bearish,-1.0,-1.0,-1.0,-1.0,-1.0
2025-08-29,USDJPY,10,0.004504320609648227,Bearish,Bearish,Bearish,Bearish,Bearish,-1.0,-1.0,-1.0,-1.0,-1.0
2025-08-29,USDCHF,5,-0.003251056593392865,Bearish,Bearish,Bearish,Bearish,,-1.0,-1.0,-1.0,-1.0,
2025-08-29,USDCHF,10,-0.005026633655938251,Bearish,Bearish,Bearish,Bearish,,-1.0,-1.0,-1.0,-1.0,
2025-08-29,USDCAD,5,0.006442595383170602,Neutral,Neutral,Neutral,Neutral,Neutral,,,,,
2025-08-29,USDCAD,10,0.007694715615832015,Neutral,Neutral,Neutral,Neutral,Neutral,,,,,
2025-08-29,AUDUSD,5,0.002678175167959873,Bullish,Bullish,Bullish,Bullish,Bullish,1.0,1.0,1.0,1.0,1.0
2025-08-29,AUDUSD,10,0.0171862326492509,Bullish,Bullish,Bullish,Bullish,Bullish,1.0,1.0,1.0,1.0,1.0
2025-08-29,NZDUSD,5,0.0007132788750574548,Bullish,Bullish,Bullish,Neutral,,1.0,1.0,1.0,,
2025-08-29,NZDUSD,10,0.01114073671518101,Bullish,Bullish,Bullish,Neutral,,1.0,1.0,1.0,,
2025-08-29,EURGBP,5,0.0024281386582798437,Neutral,Neutral,Neutral,Neutral,Neutral,,,,,
2025-08-29,EURGBP,10,0.00030062669102526307,Neutral,Neutral,Neutral,Neutral,Neutral,,,,,
2025-08-29,EURJPY,5,0.00516502457317225,Neutral,Neutral,Neutral,Neutral,Neutral,,,,,
2025-08-29,EURJPY,10,0.008472503668506715,Neutral,Neutral,Neutral,Neutral,Neutral,,,,,
2025-08-29,EURCHF,5,-0.00036386207486993616,Bearish,Bearish,Bearish,Neutral,,-1.0,-1.0,-1.0,,
2025-08-29,EURCHF,10,-0.0008026369298602676,Bearish,Bearish,Bearish,Neutral,,-1.0,-1.0,-1.0,,
2025-08-29,EURAUD,5,6.722839727490992e-05,Neutral,Neutral,Neutral,Neutral,Neutral,,,,,
2025-08-29,EURAUD,10,-0.012269182502689158,Neutral,Neutral,Neutral,Neutral,Neutral,,,,,
2025-08-29,EURNZD,5,0.003040956941666062,Neutral,Neutral,Neutral,Neutral,,,,,,
2025-08-29,EURNZD,10,-0.005925319755107017,Neutral,Neutral,Neutral,Neutral,,,,,,
2025-08-29,EURCAD,5,0.008910434555039037,Neutral,Neutral,Neutral,Neutral,Neutral,,,,,
2025-08-29,EURCAD,10,0.011720648530089806,Neutral,Neutral,Neutral,Neutral,Neutral,,,,,
2025-08-29,GBPJPY,5,0.002469521567994848,Neutral,Neutral,Neutral,Neutral,Neutral,,,,,
2025-08-29,GBPJPY,10,0.00815446101431827,Neutral,Neutral,Neutral,Neutral,Neutral,,,,,
2025-08-29,GBPCHF,5,-0.0031313982897749337,Neutral,Neutral,Neutral,Neutral,,,,,,
2025-08-29,GBPCHF,10,-0.0010468875939189104,Neutral,Neutral,Neutral,Neutral,,,,,,
2025-08-29,GBPAUD,5,-0.0024436482116277913,Neutral,Neutral,Neutral,Neutral,Neutral,,,,,
2025-08-29,GBPAUD,10,-0.012669152335283984,Neutral,Neutral,Neutral,Neutral,Neutral,,,,,
2025-08-29,GBPNZD,5,0.0003454186123790226,Neutral,Neutral,Neutral,Neutral,,,,,,
2025-08-29,GBPNZD,10,-0.006186928310334516,Neutral,Neutral,Neutral,Neutral,,,,,,
2025-08-29,GBPCAD,5,0.0062176109921754374,Neutral,Neutral,Neutral,Neutral,Neutral,,,,,
2025-08-29,GBPCAD,10,0.011464562852875115,Neutral,Neutral,Neutral,Neutral,Neutral,,,,,
2025-08-29,AUDJPY,5,0.004924723569956102,Neutral,Neutral,Neutral,Neutral,Neutral,,,,,
2025-08-29,AUDJPY,10,0.02126064594048671,Neutral,Neutral,Neutral,Neutral,Neutral,,,,,
2025-08-29,NZDJPY,5,0.002299302121366198,Neutral,Neutral,Neutral,Neutral,,,,,,
2025-08-29,NZDJPY,10,0.014962795211905577,Neutral,Neutral,Neutral,Neutral,,,,,,
2025-08-29,CADJPY,5,-0.003722966399760552,Neutral,Neutral,Neutral,Neutral,Neutral,,,,,
2025-08-29,CADJPY,10,-0.0032365486791886555,Neutral,Neutral,Neutral,Neutral,Neutral,,,,,
2025-08-29,CHFJPY,5,0.005725877695252457,Neutral,Neutral,Neutral,Neutral,,,,,,
2025-08-29,CHFJPY,10,0.009314094384277327,Neutral,Neutral,Neutral,Neutral,,,,,,
2025-08-29,AUDNZD,5,0.0026460521443858465,Neutral,Neutral,Neutral,Bullish,,,,,1.0,
2025-08-29,AUDNZD,10,0.006845418175578599,Neutral,Neutral,Neutral,Bullish,,,,,1.0,
2025-08-29,AUDCAD,5,0.009680833286915824,Bullish,Bullish,Bullish,Bullish,Bullish,1.0,1.0,1.0,1.0,1.0
2025-08-29,AUDCAD,10,0.024720102489834694,Bullish,Bullish,Bullish,Bullish,Bullish,1.0,1.0,1.0,1.0,1.0
2025-08-29,AUDCHF,5,-0.0006888106536048211,Neutral,Neutral,Neutral,Neutral,,,,,,
2025-08-29,AUDCHF,10,0.011958518291749431,Neutral,Neutral,Neutral,Neutral,,,,,,
2025-08-29,NZDCAD,5,0.006044872983497207,Neutral,Neutral,Neutral,Neutral,,,,,,
2025-08-29,NZDCAD,10,0.018282959391804354,Neutral,Neutral,Neutral,Neutral,,,,,,
2025-08-29,NZDCHF,5,-0.0033544223175235865,Bearish,Neutral,Neutral,Neutral,,-1.0,,,,
2025-08-29,NZDCHF,10,0.0055836270222071605,Bearish,Neutral,Neutral,Neutral,,-1.0,,,,
2025-08-29,CADCHF,5,-0.00924938967781852,Bearish,Bearish,Bearish,Neutral,,-1.0,-1.0,-1.0,,
2025-08-29,CADCHF,10,-0.01234398101983969,Bearish,Bearish,Bearish,Neutral,,-1.0,-1.0,-1.0,,
2025-09-05,EURUSD,5,0.0014765249600996455,Neutral,Neutral,Neutral,Neutral,Neutral,,,,,
2025-09-05,EURUSD,10,0.0021507762424575194,Neutral,Neutral,Neutral,Neutral,Neutral,,,,,
2025-09-05,GBPUSD,5,0.003547386117056295,Bullish,Bullish,Bullish,Bullish,Bullish,1.0,1.0,1.0,1.0,1.0
2025-09-05,GBPUSD,10,-0.0026883113997734354,Bullish,Bullish,Bullish,Bullish,Bullish,1.0,1.0,1.0,1.0,1.0
2025-09-05,USDJPY,5,0.001811827774573338,Bearish,Bearish,Bearish,Bearish,Bearish,-1.0,-1.0,-1.0,-1.0,-1.0
2025-09-05,USDJPY,10,0.003976520883520296,Bearish,Bearish,Bearish,Bearish,Bearish,-1.0,-1.0,-1.0,-1.0,-1.0
2025-09-05,USDCHF,5,-0.0017813683920013812,Neutral,Neutral,Neutral,Neutral,,,,,,
2025-09-05,USDCHF,10,-0.002245527761748245,Neutral,Neutral,Neutral,Neutral,,,,,,
2025-09-05,USDCAD,5,0.0012441049677400784,Neutral,Neutral,Neutral,Neutral,Neutral,,,,,
2025-09-05,USDCAD,10,-0.003732314903220235,Neutral,Neutral,Neutral,Neutral,Neutral,,,,,
2025-09-05,AUDUSD,5,0.014469306144876182,Bullish,Bullish,Bullish,Bullish,Bullish,1.0,1.0,1.0,1.0,1.0
2025-09-05,AUDUSD,10,0.005632040050062459,Bullish,Bullish,Bullish,Bullish,Bullish,1.0,1.0,1.0,1.0,1.0
2025-09-05,NZDUSD,5,0.010420025456088222,Neutral,Neutral,Neutral,Neutral,,,,,,
2025-09-05,NZDUSD,10,-0.006279168434450644,Neutral,Neutral,Neutral,Neutral,,,,,,
2025-09-05,EURGBP,5,-0.002122358586324591,Bearish,Bearish,Bearish,Bearish,Bearish,-1.0,-1.0,-1.0,-1.0,-1.0
2025-09-05,EURGBP,10,0.005017532527452406,Bearish,Bearish,Bearish,Bearish,Bearish,-1.0,-1.0,-1.0,-1.0,-1.0
2025-09-05,EURJPY,5,0.003290483666340327,Bearish,Bearish,Bearish,Bearish,Bearish,-1.0,-1.0,-1.0,-1.0,-1.0
2025-09-05,EURJPY,10,0.006175449979434422,Bearish,Bearish,Bearish,Bearish,Bearish,-1.0,-1.0,-1.0,-1.0,-1.0
2025-09-05,EURCHF,5,-0.0004389345666324651,Neutral,Neutral,Neutral,Neutral,,,,,,
2025-09-05,EURCHF,10,-0.0010063377869133916,Neutral,Neutral,Neutral,Neutral,,,,,,
2025-09-05,EURAUD,5,-0.012335581598583722,Bearish,Bearish,Bearish,Bearish,Bearish,-1.0,-1.0,-1.0,-1.0,-1.0
2025-09-05,EURAUD,10,-0.003338785936764732,Bearish,Bearish,Bearish,Bearish,Bearish,-1.0,-1.0,-1.0,-1.0,-1.0
2025-09-05,EURNZD,5,-0.008939093298953482,Neutral,Neutral,Neutral,Neutral,,,,,,
2025-09-05,EURNZD,10,0.008798082249730665,Neutral,Neutral,Neutral,Neutral,,,,,,
2025-09-05,EURCAD,5,0.0027853948961189534,Neutral,Neutral,Neutral,Neutral,Neutral,,,,,
2025-09-05,EURCAD,10,-0.0013525531757206943,Neutral,Neutral,Neutral,Neutral,Neutral,,,,,
2025-09-05,GBPJPY,5,0.005670934950153139,Neutral,Neutral,Neutral,Neutral,Neutral,,,,,
2025-09-05,GBPJPY,10,0.0018299825548366844,Neutral,Neutral,Neutral,Neutral,Neutral,,,,,
2025-09-05,GBPCHF,5,0.002091058633284071,Bullish,Bullish,Bullish,Neutral,,1.0,1.0,1.0,,
2025-09-05,GBPCHF,10,-0.005882844954972488,Bullish,Bullish,Bullish,Neutral,,1.0,1.0,1.0,,
2025-09-05,GBPAUD,5,-0.010250552868842355,Neutral,Neutral,Neutral,Neutral,Neutral,,,,,
2025-09-05,GBPAUD,10,-0.008320979853702282,Neutral,Neutral,Neutral,Neutral,Neutral,,,,,
2025-09-05,GBPNZD,5,-0.006530091307635377,Bullish,Bullish,Bullish,Neutral,,1.0,1.0,1.0,,
2025-09-05,GBPNZD,10,0.0037764383465843654,Bullish,Bullish,Bullish,Neutral,,1.0,1.0,1.0,,
2025-09-05,GBPCAD,5,0.005214529942013213,Bullish,Bullish,Bullish,Bullish,Bullish,1.0,1.0,1.0,1.0,1.0
2025-09-05,GBPCAD,10,-0.006264938851195612,Bullish,Bullish,Bullish,Bullish,Bullish,1.0,1.0,1.0,1.0,1.0
2025-09-05,AUDJPY,5,0.01625586672054191,Neutral,Neutral,Neutral,Neutral,Neutral,,,,,
2025-09-05,AUDJPY,10,0.009573244646131851,Neutral,Neutral,Neutral,Neutral,Neutral,,,,,
2025-09-05,NZDJPY,5,0.012634442689660741,Bearish,Bearish,Bearish,Bearish,,-1.0,-1.0,-1.0,-1.0,
2025-09-05,NZDJPY,10,-0.0022824996829861055,Bearish,Bearish,Bearish,Bearish,,-1.0,-1.0,-1.0,-1.0,
2025-09-05,CADJPY,5,0.0004882354045783188,Bearish,Bearish,Bearish,Bearish,Bearish,-1.0,-1.0,-1.0,-1.0,-1.0
2025-09-05,CADJPY,10,0.0075207030589825585,Bearish,Bearish,Bearish,Bearish,Bearish,-1.0,-1.0,-1.0,-1.0,-1.0
2025-09-05,CHFJPY,5,0.0035677879714577365,Bearish,Bearish,Bearish,Bearish,,-1.0,-1.0,-1.0,-1.0,
2025-09-05,CHFJPY,10,0.006924111306309211,Bearish,Bearish,Bearish,Bearish,,-1.0,-1.0,-1.0,-1.0,
2025-09-05,AUDNZD,5,0.004188283614353638,Bullish,Bullish,Bullish,Bullish,,1.0,1.0,1.0,1.0,
2025-09-05,AUDNZD,10,0.013591655858192775,Bullish,Bullish,Bullish,Bullish,,1.0,1.0,1.0,1.0,
2025-09-05,AUDCAD,5,0.014895072489352623,Bullish,Bullish,Bullish,Bullish,Bullish,1.0,1.0,1.0,1.0,1.0
2025-09-05,AUDCAD,10,0.0022066774058300265,Bullish,Bullish,Bullish,Bullish,Bullish,1.0,1.0,1.0,1.0,1.0
2025-09-05,AUDCHF,5,0.012656046565060919,Bullish,Bullish,Bullish,Bullish,,1.0,1.0,1.0,1.0,
2025-09-05,AUDCHF,10,0.0024507926782570966,Bullish,Bullish,Bullish,Bullish,,1.0,1.0,1.0,1.0,
2025-09-05,NZDCAD,5,0.0121645532291359,Neutral,Neutral,Neutral,Neutral,,,,,,
2025-09-05,NZDCAD,10,-0.008834660375503844,Neutral,Neutral,Neutral,Neutral,,,,,,
2025-09-05,NZDCHF,5,0.008968132242672011,Neutral,Neutral,Neutral,Neutral,,,,,,
2025-09-05,NZDCHF,10,-0.009372869802317663,Neutral,Neutral,Neutral,Neutral,,,,,,
2025-09-05,CADCHF,5,-0.0031234816408690635,Neutral,Neutral,Neutral,Neutral,,,,,,
2025-09-05,CADCHF,10,0.00022558478517376024,Neutral,Neutral,Neutral,Neutral,,,,,,
2025-09-12,EURUSD,5,0.0006732572012955185,Neutral,Neutral,Neutral,Neutral,Neutral,,,,,
2025-09-12,EURUSD,10,-0.0029827850690302693,Neutral,Neutral,Neutral,Neutral,Neutral,,,,,
2025-09-12,GBPUSD,5,-0.006213655282345076,Bullish,Bullish,Bullish,Bullish,Bullish,1.0,1.0,1.0,1.0,1.0
2025-09-12,GBPUSD,10,-0.011276087020692493,Bullish,Bullish,Bullish,Bullish,Bullish,1.0,1.0,1.0,1.0,1.0
2025-09-12,USDJPY,5,0.00216077815107818,Bearish,Bearish,Bearish,Bearish,Bearish,-1.0,-1.0,-1.0,-1.0,-1.0
2025-09-12,USDJPY,10,0.012639536143925323,Bearish,Bearish,Bearish,Bearish,Bearish,-1.0,-1.0,-1.0,-1.0,-1.0
2025-09-12,USDCHF,5,-0.00046498768410996316,Neutral,Neutral,Neutral,Neutral,,,,,,
2025-09-12,USDCHF,10,0.0025637158799578508,Neutral,Neutral,Neutral,Neutral,,,,,,
2025-09-12,USDCAD,5,-0.004970236375195003,Neutral,Neutral,Neutral,Neutral,Neutral,,,,,
2025-09-12,USDCAD,10,0.007260301681789372,Neutral,Neutral,Neutral,Neutral,Neutral,,,,,
2025-09-12,AUDUSD,5,-0.008711220774531458,Bullish,Bullish,Bullish,Bullish,Bullish,1.0,1.0,1.0,1.0,1.0
2025-09-12,AUDUSD,10,-0.015361237324346355,Bullish,Bullish,Bullish,Bullish,Bullish,1.0,1.0,1.0,1.0,1.0
2025-09-12,NZDUSD,5,-0.016526982314113425,Neutral,Neutral,Neutral,Neutral,,,,,,
2025-09-12,NZDUSD,10,-0.03090411327029341,Neutral,Neutral,Neutral,Neutral,,,,,,
2025-09-12,EURGBP,5,0.007155076752358047,Bearish,Bearish,Bearish,Bearish,Bearish,-1.0,-1.0,-1.0,-1.0,-1.0
2025-09-12,EURGBP,10,0.009027649343443578,Bearish,Bearish,Bearish,Bearish,Bearish,-1.0,-1.0,-1.0,-1.0,-1.0
2025-09-12,EURJPY,5,0.0028755045124633227,Bearish,Bearish,Bearish,Bearish,Bearish,-1.0,-1.0,-1.0,-1.0,-1.0
2025-09-12,EURJPY,10,0.009810205153966356,Bearish,Bearish,Bearish,Bearish,Bearish,-1.0,-1.0,-1.0,-1.0,-1.0
2025-09-12,EURCHF,5,-0.0005676523825334234,Neutral,Neutral,Neutral,Neutral,,,,,,
2025-09-12,EURCHF,10,-0.0011245943427549143,Neutral,Neutral,Neutral,Neutral,,,,,,
2025-09-12,EURAUD,5,0.009109162478871946,Bearish,Bearish,Bearish,Bearish,Bearish,-1.0,-1.0,-1.0,-1.0,-1.0
2025-09-12,EURAUD,10,0.012812950211563923,Bearish,Bearish,Bearish,Bearish,Bearish,-1.0,-1.0,-1.0,-1.0,-1.0
2025-09-12,EURNZD,5,0.01789715993109442,Neutral,Neutral,Neutral,Neutral,,,,,,
2025-09-12,EURNZD,10,0.028431178255102996,Neutral,Neutral,Neutral,Neutral,,,,,,
2025-09-12,EURCAD,5,-0.0041264542671848314,Neutral,Neutral,Neutral,Neutral,Neutral,,,,,
2025-09-12,EURCAD,10,0.0041141364932528734,Neutral,Neutral,Neutral,Neutral,Neutral,,,,,
2025-09-12,GBPJPY,5,-0.003819293430715409,Neutral,Neutral,Neutral,Neutral,Neutral,,,,,
2025-09-12,GBPJPY,10,0.0013297539955108295,Neutral,Neutral,Neutral,Neutral,Neutral,,,,,
2025-09-12,GBPCHF,5,-0.007957264481664894,Neutral,Neutral,Neutral,Neutral,,,,,,
2025-09-12,GBPCHF,10,-0.009830653089236363,Neutral,Neutral,Neutral,Neutral,,,,,,
2025-09-12,GBPAUD,5,0.0019495570527803263,Neutral,Neutral,Neutral,Neutral,Neutral,,,,,
2025-09-12,GBPAUD,10,0.003992417843603269,Neutral,Neutral,Neutral,Neutral,Neutral,,,,,
2025-09-12,GBPNZD,5,0.010374274614704415,Neutral,Neutral,Neutral,Neutral,,,,,,
2025-09-12,GBPNZD,10,0.0194770626460119,Neutral,Neutral,Neutral,Neutral,,,,,,
2025-09-12,GBPCAD,5,-0.01141991928217645,Bullish,Bullish,Bullish,Bullish,Bullish,1.0,1.0,1.0,1.0,1.0
2025-09-12,GBPCAD,10,-0.004691656847952919,Bullish,Bullish,Bullish,Bullish,Bullish,1.0,1.0,1.0,1.0,1.0
2025-09-12,AUDJPY,5,-0.0065757279177880434,Neutral,Neutral,Neutral,Neutral,Neutral,,,,,
2025-09-12,AUDJPY,10,-0.0033337411304135145,Neutral,Neutral,Neutral,Neutral,Neutral,,,,,
2025-09-12,NZDJPY,5,-0.014730826588345125,Bearish,Bearish,Bearish,Neutral,,-1.0,-1.0,-1.0,,
2025-09-12,NZDJPY,10,-0.018521680725840484,Bearish,Bearish,Bearish,Neutral,,-1.0,-1.0,-1.0,,
2025-09-12,CADJPY,5,0.007029035830252051,Bearish,Bearish,Bearish,Bearish,Bearish,-1.0,-1.0,-1.0,-1.0,-1.0
2025-09-12,CADJPY,10,0.005217815649693147,Bearish,Bearish,Bearish,Bearish,Bearish,-1.0,-1.0,-1.0,-1.0,-1.0
2025-09-12,CHFJPY,5,0.003344391255956758,Bearish,Bearish,Bearish,Neutral,,-1.0,-1.0,-1.0,,
2025-09-12,CHFJPY,10,0.010530239996542123,Bearish,Bearish,Bearish,Neutral,,-1.0,-1.0,-1.0,,
2025-09-12,AUDNZD,5,0.009364152517288726,Bullish,Bullish,Bullish,Bullish,,1.0,1.0,1.0,1.0,
2025-09-12,AUDNZD,10,0.016611504273964295,Bullish,Bullish,Bullish,Bullish,,1.0,1.0,1.0,1.0,
2025-09-12,AUDCAD,5,-0.012502174291181056,Bullish,Bullish,Bullish,Bullish,Bullish,1.0,1.0,1.0,1.0,1.0
2025-09-12,AUDCAD,10,-0.00800139154635593,Bullish,Bullish,Bullish,Bullish,Bullish,1.0,1.0,1.0,1.0,1.0
2025-09-12,AUDCHF,5,-0.010077709920777389,Bullish,Bullish,Bullish,Bullish,,1.0,1.0,1.0,1.0,
2025-09-12,AUDCHF,10,-0.013783584488267886,Bullish,Bullish,Bullish,Bullish,,1.0,1.0,1.0,1.0,
2025-09-12,NZDCAD,5,-0.02074683759438667,Neutral,Neutral,Neutral,Neutral,,,,,,
2025-09-12,NZDCAD,10,-0.022980552115958952,Neutral,Neutral,Neutral,Neutral,,,,,,
2025-09-12,NZDCHF,5,-0.01817797952074318,Neutral,Neutral,Neutral,Neutral,,,,,,
2025-09-12,NZDCHF,10,-0.028797635384777864,Neutral,Neutral,Neutral,Neutral,,,,,,
2025-09-12,CADCHF,5,0.0033595599498676965,Neutral,Neutral,Neutral,Neutral,,,,,,
2025-09-12,CADCHF,10,-0.005309149143573277,Neutral,Neutral,Neutral,Neutral,,,,,,
2025-09-19,EURUSD,5,-0.0036535824696174446,Neutral,Neutral,Neutral,Neutral,Neutral,,,,,
2025-09-19,EURUSD,10,-7.664858327882662e-05,Neutral,Neutral,Neutral,Neutral,Neutral,,,,,
2025-09-19,GBPUSD,5,-0.005094084624181261,Bullish,Bullish,Bullish,Bullish,Bullish,1.0,1.0,1.0,1.0,1.0
2025-09-19,GBPUSD,10,0.0006757459195341209,Bullish,Bullish,Bullish,Bullish,Bullish,1.0,1.0,1.0,1.0,1.0
2025-09-19,USDJPY,5,0.010456164540962876,Bearish,Bearish,Bearish,Bearish,Bearish,-1.0,-1.0,-1.0,-1.0,-1.0
2025-09-19,USDJPY,10,-0.003176727430027504,Bearish,Bearish,Bearish,Bearish,Bearish,-1.0,-1.0,-1.0,-1.0,-1.0
2025-09-19,USDCHF,5,0.0030301125290752573,Bearish,Neutral,Neutral,Neutral,,-1.0,,,,
2025-09-19,USDCHF,10,-0.0006412271327088659,Bearish,Neutral,Neutral,Neutral,,-1.0,,,,
2025-09-19,USDCAD,5,0.012291630365336648,Neutral,Neutral,Neutral,Neutral,Neutral,,,,,
2025-09-19,USDCAD,10,0.012603821804030968,Neutral,Neutral,Neutral,Neutral,Neutral,,,,,
2025-09-19,AUDUSD,5,-0.006708455385736167,Bullish,Bullish,Bullish,Bullish,Bullish,1.0,1.0,1.0,1.0,1.0
2025-09-19,AUDUSD,10,0.0016847025968704799,Bullish,Bullish,Bullish,Bullish,Bullish,1.0,1.0,1.0,1.0,1.0
2025-09-19,NZDUSD,5,-0.01461873452309792,Neutral,Neutral,Neutral,Neutral,,,,,,
2025-09-19,NZDUSD,10,-0.004833062932285914,Neutral,Neutral,Neutral,Neutral,,,,,,
2025-09-19,EURGBP,5,0.001859269375997119,Neutral,Neutral,Neutral,Neutral,Neutral,,,,,
2025-09-19,EURGBP,10,-0.0005279406870115633,Neutral,Neutral,Neutral,Neutral,Neutral,,,,,
2025-09-19,EURJPY,5,0.006914817053861766,Neutral,Neutral,Neutral,Neutral,Neutral,,,,,
2025-09-19,EURJPY,10,-0.0035005901488326385,Neutral,Neutral,Neutral,Neutral,Neutral,,,,,
2025-09-19,EURCHF,5,-0.0005572582892170441,Bearish,Neutral,Neutral,Neutral,,-1.0,,,,
2025-09-19,EURCHF,10,-0.0003965107057890549,Bearish,Neutral,Neutral,Neutral,,-1.0,,,,
2025-09-19,EURAUD,5,0.0036703538828184445,Neutral,Neutral,Neutral,Neutral,Neutral,,,,,
2025-09-19,EURAUD,10,-0.0011297720221233876,Neutral,Neutral,Neutral,Neutral,Neutral,,,,,
2025-09-19,EURNZD,5,0.010348804121549815,Bullish,Bullish,Bullish,Bullish,,1.0,1.0,1.0,1.0,
2025-09-19,EURNZD,10,0.0034446091866229267,Bullish,Bullish,Bullish,Bullish,,1.0,1.0,1.0,1.0,
2025-09-19,EURCAD,5,0.00827473608044671,Bullish,Bullish,Bullish,Bullish,Bullish,1.0,1.0,1.0,1.0,1.0
2025-09-19,EURCAD,10,0.01224512514146836,Bullish,Bullish,Bullish,Bullish,Bullish,1.0,1.0,1.0,1.0,1.0
2025-09-19,GBPJPY,5,0.005168788546366043,Neutral,Neutral,Neutral,Neutral,Neutral,,,,,
2025-09-19,GBPJPY,10,-0.0032618568496485256,Neutral,Neutral,Neutral,Neutral,Neutral,,,,,
2025-09-19,GBPCHF,5,-0.0018884152269836862,Neutral,Neutral,Neutral,Neutral,,,,,,
2025-09-19,GBPCHF,10,0.00029915488744314267,Neutral,Neutral,Neutral,Neutral,,,,,,
2025-09-19,GBPAUD,5,0.002038885866502138,Neutral,Neutral,Neutral,Neutral,Neutral,,,,,
2025-09-19,GBPAUD,10,-0.0005930413217469788,Neutral,Neutral,Neutral,Neutral,Neutral,,,,,
2025-09-19,GBPNZD,5,0.009009322842051581,Bullish,Bullish,Bullish,Bullish,,1.0,1.0,1.0,1.0,
2025-09-19,GBPNZD,10,0.003696914013002317,Bullish,Bullish,Bullish,Bullish,,1.0,1.0,1.0,1.0,
2025-09-19,GBPCAD,5,0.006805986247809148,Bullish,Bullish,Bullish,Bullish,Bullish,1.0,1.0,1.0,1.0,1.0
2025-09-19,GBPCAD,10,0.01312660105163821,Bullish,Bullish,Bullish,Bullish,Bullish,1.0,1.0,1.0,1.0,1.0
2025-09-19,AUDJPY,5,0.0032634463224654464,Neutral,Neutral,Neutral,Neutral,Neutral,,,,,
2025-09-19,AUDJPY,10,-0.002042219553995639,Neutral,Neutral,Neutral,Neutral,Neutral,,,,,
2025-09-19,NZDJPY,5,-0.0038475314561694507,Bearish,Bearish,Bearish,Bearish,,-1.0,-1.0,-1.0,-1.0,
2025-09-19,NZDJPY,10,-0.008238107892638902,Bearish,Bearish,Bearish,Bearish,,-1.0,-1.0,-1.0,-1.0,
2025-09-19,CADJPY,5,-0.0017985779119721323,Neutral,Neutral,Neutral,Neutral,Neutral,,,,,
2025-09-19,CADJPY,10,-0.015572143476194511,Neutral,Neutral,Neutral,Neutral,Neutral,,,,,
2025-09-19,CHFJPY,5,0.007161896556366232,Neutral,Neutral,Neutral,Neutral,,,,,,
2025-09-19,CHFJPY,10,-0.0030370749306697364,Neutral,Neutral,Neutral,Neutral,,,,,,
2025-09-19,AUDNZD,5,0.007180116054846142,Bullish,Bullish,Bullish,Bullish,,1.0,1.0,1.0,1.0,
2025-09-19,AUDNZD,10,0.0040965761154505564,Bullish,Bullish,Bullish,Bullish,,1.0,1.0,1.0,1.0,
2025-09-19,AUDCAD,5,0.004557764713653434,Bullish,Bullish,Bullish,Bullish,Bullish,1.0,1.0,1.0,1.0,1.0
2025-09-19,AUDCAD,10,0.013585221392870439,Bullish,Bullish,Bullish,Bullish,Bullish,1.0,1.0,1.0,1.0,1.0
2025-09-19,AUDCHF,5,-0.003743601497440685,Neutral,Neutral,Neutral,Neutral,,,,,,
2025-09-19,AUDCHF,10,0.0009550003820000263,Neutral,Neutral,Neutral,Neutral,,,,,,
2025-09-19,NZDCAD,5,-0.002281038864439311,Neutral,Neutral,Neutral,Bearish,,,,,-1.0,
2025-09-19,NZDCAD,10,0.006496001983512079,Neutral,Neutral,Neutral,Bearish,,,,,-1.0,
2025-09-19,NZDCHF,5,-0.010816273868914594,Bearish,Bearish,Bearish,Bearish,,-1.0,-1.0,-1.0,-1.0,
2025-09-19,NZDCHF,10,-0.004687768794082281,Bearish,Bearish,Bearish,Bearish,,-1.0,-1.0,-1.0,-1.0,
2025-09-19,CADCHF,5,-0.008639683558578026,Bearish,Bearish,Bearish,Bearish,,-1.0,-1.0,-1.0,-1.0,
2025-09-19,CADCHF,10,-0.012664596381048221,Bearish,Bearish,Bearish,Bearish,,-1.0,-1.0,-1.0,-1.0,
2025-09-26,EURUSD,5,0.0035900504316608295,Neutral,Neutral,Neutral,Neutral,Neutral,,,,,
2025-09-26,EURUSD,10,-0.006521924950850577,Neutral,Neutral,Neutral,Neutral,Neutral,,,,,
2025-09-26,GBPUSD,5,0.005799373040752176,Neutral,Neutral,Neutral,Neutral,Neutral,,,,,
2025-09-26,GBPUSD,10,-0.0035005224660398238,Neutral,Neutral,Neutral,Neutral,Neutral,,,,,
2025-09-26,USDJPY,5,-0.013491819288552365,Neutral,Neutral,Neutral,Neutral,Neutral,,,,,
2025-09-26,USDJPY,10,0.011123894634041953,Neutral,Neutral,Neutral,Neutral,Neutral,,,,,
2025-09-26,USDCHF,5,-0.0036602486963498437,Neutral,Neutral,Neutral,Neutral,,,,,,
2025-09-26,USDCHF,10,0.001165764139590797,Neutral,Neutral,Neutral,Neutral,,,,,,
2025-09-26,USDCAD,5,0.00030840069139137505,Neutral,Neutral,Neutral,Neutral,Neutral,,,,,
2025-09-26,USDCAD,10,0.004145479061027357,Neutral,Neutral,Neutral,Neutral,Neutral,,,,,
2025-09-26,AUDUSD,5,0.008449843379937372,Bullish,Bullish,Bullish,Bullish,Bullish,1.0,1.0,1.0,1.0,1.0
2025-09-26,AUDUSD,10,-0.01106272442508982,Bullish,Bullish,Bullish,Bullish,Bullish,1.0,1.0,1.0,1.0,1.0
2025-09-26,NZDUSD,5,0.00993084802162958,Bearish,Bearish,Bearish,Bearish,,-1.0,-1.0,-1.0,-1.0,
2025-09-26,NZDUSD,10,-0.008873637324737005,Bearish,Bearish,Bearish,Bearish,,-1.0,-1.0,-1.0,-1.0,
2025-09-26,EURGBP,5,-0.0023827798334344896,Neutral,Neutral,Neutral,Neutral,Neutral,,,,,
2025-09-26,EURGBP,10,-0.0036543594560847215,Neutral,Neutral,Neutral,Neutral,Neutral,,,,,
2025-09-26,EURJPY,5,-0.010343881156867907,Neutral,Neutral,Neutral,Neutral,Neutral,,,,,
2025-09-26,EURJPY,10,0.0045401004082659124,Neutral,Neutral,Neutral,Neutral,Neutral,,,,,
2025-09-26,EURCHF,5,0.0001608372112971157,Neutral,Neutral,Neutral,Neutral,,,,,,
2025-09-26,EURCHF,10,-0.0063905985288755796,Neutral,Neutral,Neutral,Neutral,,,,,,
2025-09-26,EURAUD,5,-0.004782572172598254,Neutral,Neutral,Neutral,Neutral,Neutral,,,,,
2025-09-26,EURAUD,10,0.004541763503486118,Neutral,Neutral,Neutral,Neutral,Neutral,,,,,
2025-09-26,EURNZD,5,-0.006833476623877122,Bullish,Bullish,Bullish,Bullish,,1.0,1.0,1.0,1.0,
2025-09-26,EURNZD,10,0.0019171286551442623,Bullish,Bullish,Bullish,Bullish,,1.0,1.0,1.0,1.0,
2025-09-26,EURCAD,5,0.003937804765847819,Bullish,Bullish,Bullish,Bullish,Bullish,1.0,1.0,1.0,1.0,1.0
2025-09-26,EURCAD,10,-0.002269451344803275,Bullish,Bullish,Bullish,Bullish,Bullish,1.0,1.0,1.0,1.0,1.0
2025-09-26,GBPJPY,5,-0.00838729325072518,Neutral,Neutral,Neutral,Neutral,Neutral,,,,,
2025-09-26,GBPJPY,10,0.008027837825694162,Neutral,Neutral,Neutral,Neutral,Neutral,,,,,
2025-09-26,GBPCHF,5,0.0021917089710208337,Neutral,Neutral,Neutral,Neutral,,,,,,
2025-09-26,GBPCHF,10,-0.0016859299777083336,Neutral,Neutral,Neutral,Neutral,,,,,,
2025-09-26,GBPAUD,5,-0.0026265719079086036,Bearish,Bearish,Bearish,Bearish,Bearish,-1.0,-1.0,-1.0,-1.0,-1.0
2025-09-26,GBPAUD,10,0.008178078640638908,Bearish,Bearish,Bearish,Bearish,Bearish,-1.0,-1.0,-1.0,-1.0,-1.0
2025-09-26,GBPNZD,5,-0.00526497496979117,Bullish,Bullish,Bullish,Bullish,,1.0,1.0,1.0,1.0,
2025-09-26,GBPNZD,10,0.0035862247540134895,Bullish,Bullish,Bullish,Bullish,,1.0,1.0,1.0,1.0,
2025-09-26,GBPCAD,5,0.006277887587244901,Bullish,Bullish,Bullish,Bullish,Bullish,1.0,1.0,1.0,1.0,1.0
2025-09-26,GBPCAD,10,0.0012909308093225214,Bullish,Bullish,Bullish,Bullish,Bullish,1.0,1.0,1.0,1.0,1.0
2025-09-26,AUDJPY,5,-0.005288407442640697,Neutral,Neutral,Neutral,Neutral,Neutral,,,,,
2025-09-26,AUDJPY,10,0.0002659547263224038,Neutral,Neutral,Neutral,Neutral,Neutral,,,,,
2025-09-26,NZDJPY,5,-0.004407534564349946,Bearish,Bearish,Bearish,Bearish,,-1.0,-1.0,-1.0,-1.0,
2025-09-26,NZDJPY,10,0.0017166187250627907,Bearish,Bearish,Bearish,Bearish,,-1.0,-1.0,-1.0,-1.0,
2025-09-26,CADJPY,5,-0.013798383031163097,Bearish,Bearish,Bearish,Bearish,Bearish,-1.0,-1.0,-1.0,-1.0,-1.0
2025-09-26,CADJPY,10,0.007225946188173404,Bearish,Bearish,Bearish,Bearish,Bearish,-1.0,-1.0,-1.0,-1.0,-1.0
2025-09-26,CHFJPY,5,-0.010126446921699173,Neutral,Neutral,Neutral,Neutral,,,,,,
2025-09-26,CHFJPY,10,0.010784077846392348,Neutral,Neutral,Neutral,Neutral,,,,,,
2025-09-26,AUDNZD,5,-0.0030615576005152967,Very Bullish,Very Bullish,Very Bullish,Bullish,,1.0,1.0,1.0,1.0,
2025-09-26,AUDNZD,10,-0.0023292541975101777,Very Bullish,Very Bullish,Very Bullish,Bullish,,1.0,1.0,1.0,1.0,
2025-09-26,AUDCAD,5,0.00898649833421028,Very Bullish,Very Bullish,Very Bullish,Very Bullish,Very Bullish,1.0,1.0,1.0,1.0,1.0
2025-09-26,AUDCAD,10,-0.006838506049447579,Very Bullish,Very Bullish,Very Bullish,Very Bullish,Very Bullish,1.0,1.0,1.0,1.0,1.0
2025-09-26,AUDCHF,5,0.004716257668711643,Neutral,Neutral,Neutral,Neutral,,,,,,
2025-09-26,AUDCHF,10,-0.009739263803680953,Neutral,Neutral,Neutral,Neutral,,,,,,
2025-09-26,NZDCAD,5,0.008797107391806724,Bearish,Neutral,Neutral,Bearish,,-1.0,,,-1.0,
2025-09-26,NZDCAD,10,-0.005069519513922538,Bearish,Neutral,Neutral,Bearish,,-1.0,,,-1.0,
2025-09-26,NZDCHF,5,0.006195517488750246,Bearish,Neutral,Neutral,Neutral,,-1.0,,,,
2025-09-26,NZDCHF,10,-0.008586769852829135,Bearish,Neutral,Neutral,Neutral,,-1.0,,,,
2025-09-26,CADCHF,5,-0.004059989850025314,Bearish,Bearish,Bearish,Neutral,,-1.0,-1.0,-1.0,,
2025-09-26,CADCHF,10,-0.002834992912517653,Bearish,Bearish,Bearish,Neutral,,-1.0,-1.0,-1.0,,
2025-10-03,EURUSD,5,-0.010075802742526174,Neutral,Neutral,Neutral,Neutral,Neutral,,,,,
2025-10-03,EURUSD,10,-0.0077335831700876545,Neutral,Neutral,Neutral,Neutral,Neutral,,,,,
2025-10-03,GBPUSD,5,-0.0092462729208872,Bullish,Bullish,Bullish,Bullish,Bullish,1.0,1.0,1.0,1.0,1.0
2025-10-03,GBPUSD,10,-0.0039033222763937836,Bullish,Bullish,Bullish,Bullish,Bullish,1.0,1.0,1.0,1.0,1.0
2025-10-03,USDJPY,5,0.024952366745546906,Neutral,Neutral,Neutral,Neutral,Neutral,,,,,
2025-10-03,USDJPY,10,0.021324780819224287,Neutral,Neutral,Neutral,Neutral,Neutral,,,,,
2025-10-03,USDCHF,5,0.004843742136782181,Bearish,Neutral,Neutral,Neutral,,-1.0,,,,
2025-10-03,USDCHF,10,-0.0017991042222335052,Bearish,Neutral,Neutral,Neutral,,-1.0,,,,
2025-10-03,USDCAD,5,0.003835895376849807,Neutral,Neutral,Neutral,Neutral,Neutral,,,,,
2025-10-03,USDCAD,10,0.004932889755649983,Neutral,Neutral,Neutral,Neutral,Neutral,,,,,
2025-10-03,AUDUSD,5,-0.01934907118397533,Bullish,Bullish,Bullish,Bullish,Bullish,1.0,1.0,1.0,1.0,1.0
2025-10-03,AUDUSD,10,-0.016318676323525017,Bullish,Bullish,Bullish,Bullish,Bullish,1.0,1.0,1.0,1.0,1.0
2025-10-03,NZDUSD,5,-0.018619577155409184,Bearish,Bearish,Bearish,Bearish,,-1.0,-1.0,-1.0,-1.0,
2025-10-03,NZDUSD,10,-0.017950302031850662,Bearish,Bearish,Bearish,Bearish,,-1.0,-1.0,-1.0,-1.0,
2025-10-03,EURGBP,5,-0.0012746167537464048,Neutral,Neutral,Neutral,Neutral,Neutral,,,,,
2025-10-03,EURGBP,10,-0.003789401159786432,Neutral,Neutral,Neutral,Neutral,Neutral,,,,,
2025-10-03,EURJPY,5,0.015039548871311759,Neutral,Neutral,Neutral,Neutral,Neutral,,,,,
2025-10-03,EURJPY,10,0.013779993875558283,Neutral,Neutral,Neutral,Neutral,Neutral,,,,,
2025-10-03,EURCHF,5,-0.006550382194967619,Bearish,Bearish,Bearish,Bearish,,-1.0,-1.0,-1.0,-1.0,
2025-10-03,EURCHF,10,-0.010227601659573038,Bearish,Bearish,Bearish,Bearish,,-1.0,-1.0,-1.0,-1.0,
2025-10-03,EURAUD,5,0.00936914428482205,Neutral,Neutral,Neutral,Neutral,Neutral,,,,,
2025-10-03,EURAUD,10,0.008502568777396968,Neutral,Neutral,Neutral,Neutral,Neutral,,,,,
2025-10-03,EURNZD,5,0.008810813768948877,Bullish,Neutral,Neutral,Neutral,,1.0,,,,
2025-10-03,EURNZD,10,0.01057198151271388,Bullish,Neutral,Neutral,Neutral,,1.0,,,,
2025-10-03,EURCAD,5,-0.006182909022037331,Neutral,Neutral,Neutral,Neutral,Neutral,,,,,
2025-10-03,EURCAD,10,-0.0024743855275940474,Neutral,Neutral,Neutral,Neutral,Neutral,,,,,
2025-10-03,GBPJPY,5,0.016553974111759517,Neutral,Neutral,Neutral,Neutral,Neutral,,,,,
2025-10-03,GBPJPY,10,0.017958645272702523,Neutral,Neutral,Neutral,Neutral,Neutral,,,,,
2025-10-03,GBPCHF,5,-0.003869158878504697,Neutral,Neutral,Neutral,Neutral,,,,,,
2025-10-03,GBPCHF,10,-0.005990654205607515,Neutral,Neutral,Neutral,Neutral,,,,,,
2025-10-03,GBPAUD,5,0.010833104476440703,Neutral,Neutral,Neutral,Neutral,Neutral,,,,,
2025-10-03,GBPAUD,10,0.01277511867864578,Neutral,Neutral,Neutral,Neutral,Neutral,,,,,
2025-10-03,GBPNZD,5,0.009965582113102167,Bullish,Bullish,Bullish,Bullish,,1.0,1.0,1.0,1.0,
2025-10-03,GBPNZD,10,0.014196294658725517,Bullish,Bullish,Bullish,Bullish,,1.0,1.0,1.0,1.0,
2025-10-03,GBPCAD,5,-0.004955844542981702,Bullish,Bullish,Bullish,Bullish,Bullish,1.0,1.0,1.0,1.0,1.0
2025-10-03,GBPCAD,10,0.001857776310956627,Bullish,Bullish,Bullish,Bullish,Bullish,1.0,1.0,1.0,1.0,1.0
2025-10-03,AUDJPY,5,0.005583892065320395,Bullish,Bullish,Bullish,Bullish,Bullish,1.0,1.0,1.0,1.0,1.0
2025-10-03,AUDJPY,10,0.00470980214717609,Bullish,Bullish,Bullish,Bullish,Bullish,1.0,1.0,1.0,1.0,1.0
2025-10-03,NZDJPY,5,0.006151265203411249,Bearish,Bearish,Bearish,Neutral,,-1.0,-1.0,-1.0,,
2025-10-03,NZDJPY,10,0.002423225686192243,Bearish,Bearish,Bearish,Neutral,,-1.0,-1.0,-1.0,,
2025-10-03,CADJPY,5,0.0213184899087433,Neutral,Neutral,Neutral,Neutral,Neutral,,,,,
2025-10-03,CADJPY,10,0.016092998598962405,Neutral,Neutral,Neutral,Neutral,Neutral,,,,,
2025-10-03,CHFJPY,5,0.02112444029145344,Bullish,Bullish,Bullish,Bullish,,1.0,1.0,1.0,1.0,
2025-10-03,CHFJPY,10,0.0247000934422954,Bullish,Bullish,Bullish,Bullish,,1.0,1.0,1.0,1.0,
2025-10-03,AUDNZD,5,0.000734552277112055,Bullish,Bullish,Bullish,Very Bullish,,1.0,1.0,1.0,1.0,
2025-10-03,AUDNZD,10,0.003424960617377959,Bullish,Bullish,Bullish,Very Bullish,,1.0,1.0,1.0,1.0,
2025-10-03,AUDCAD,5,-0.015684059608115697,Bullish,Bullish,Bullish,Bullish,Bullish,1.0,1.0,1.0,1.0,1.0
2025-10-03,AUDCAD,10,-0.011209106312725536,Bullish,Bullish,Bullish,Bullish,Bullish,1.0,1.0,1.0,1.0,1.0
2025-10-03,AUDCHF,5,-0.014387665534480787,Neutral,Neutral,Neutral,Neutral,,,,,,
2025-10-03,AUDCHF,10,-0.018356676716406395,Neutral,Neutral,Neutral,Neutral,,,,,,
2025-10-03,NZDCAD,5,-0.013745704467353903,Bearish,Neutral,Neutral,Bearish,,-1.0,,,-1.0,
2025-10-03,NZDCAD,10,-0.011577923117663702,Bearish,Neutral,Neutral,Bearish,,-1.0,,,-1.0,
2025-10-03,NZDCHF,5,-0.014691267337855862,Bearish,Bearish,Bearish,Bearish,,-1.0,-1.0,-1.0,-1.0,
2025-10-03,NZDCHF,10,-0.02119431361534807,Bearish,Bearish,Bearish,Bearish,,-1.0,-1.0,-1.0,-1.0,
2025-10-03,CADCHF,5,0.0012299906872135224,Bearish,Bearish,Bearish,Neutral,,-1.0,-1.0,-1.0,,
2025-10-03,CADCHF,10,-0.007274516350090576,Bearish,Bearish,Bearish,Neutral,,-1.0,-1.0,-1.0,,
2025-10-10,EURUSD,5,0.002366059521453634,Neutral,Neutral,Neutral,Neutral,Neutral,,,,,
2025-10-10,EURUSD,10,0.000223700172937491,Neutral,Neutral,Neutral,Neutral,Neutral,,,,,
2025-10-10,GBPUSD,5,0.005392814075244612,Bullish,Bullish,Bullish,Bullish,Bullish,1.0,1.0,1.0,1.0,1.0
2025-10-10,GBPUSD,10,-0.003138318191010403,Bullish,Bullish,Bullish,Bullish,Bullish,1.0,1.0,1.0,1.0,1.0
2025-10-10,USDJPY,5,-0.003539272695999629,Bullish,Bullish,Bullish,Bullish,Bullish,1.0,1.0,1.0,1.0,1.0
2025-10-10,USDJPY,10,0.011332288090182052,Bullish,Bullish,Bullish,Bullish,Bullish,1.0,1.0,1.0,1.0,1.0
2025-10-10,USDCHF,5,-0.006610825226308181,Neutral,Neutral,Neutral,Neutral,,,,,,
2025-10-10,USDCHF,10,-0.004432257822183816,Neutral,Neutral,Neutral,Neutral,,,,,,
2025-10-10,USDCAD,5,0.0010928025027321375,Neutral,Neutral,Neutral,Neutral,Neutral,,,,,
2025-10-10,USDCAD,10,-0.0005856850014640536,Neutral,Neutral,Neutral,Neutral,Neutral,,,,,
2025-10-10,AUDUSD,5,0.0030901871108295342,Bullish,Bullish,Bullish,Bullish,Bullish,1.0,1.0,1.0,1.0,1.0
2025-10-10,AUDUSD,10,0.006149472350551077,Bullish,Bullish,Bullish,Bullish,Bullish,1.0,1.0,1.0,1.0,1.0
2025-10-10,NZDUSD,5,0.0006819731757217173,Neutral,Neutral,Neutral,Neutral,,,,,,
2025-10-10,NZDUSD,10,0.004686379771626337,Neutral,Neutral,Neutral,Neutral,,,,,,
2025-10-10,EURGBP,5,-0.0025179938832293747,Neutral,Neutral,Neutral,Neutral,Neutral,,,,,
2025-10-10,EURGBP,10,0.0038747211810428173,Neutral,Neutral,Neutral,Neutral,Neutral,,,,,
2025-10-10,EURJPY,5,-0.0012408925318762032,Bullish,Bullish,Bullish,Bullish,Bullish,1.0,1.0,1.0,1.0,1.0
2025-10-10,EURJPY,10,0.011566484517304021,Bullish,Bullish,Bullish,Bullish,Bullish,1.0,1.0,1.0,1.0,1.0
2025-10-10,EURCHF,5,-0.0037014654781689638,Bearish,Bearish,Bearish,Bearish,,-1.0,-1.0,-1.0,-1.0,
2025-10-10,EURCHF,10,-0.002881315692918718,Bearish,Bearish,Bearish,Bearish,,-1.0,-1.0,-1.0,-1.0,
2025-10-10,EURAUD,5,-0.0008585317991258723,Neutral,Neutral,Neutral,Neutral,Neutral,,,,,
2025-10-10,EURAUD,10,-0.005730978503255768,Neutral,Neutral,Neutral,Neutral,Neutral,,,,,
2025-10-10,EURNZD,5,0.001745785948888967,Neutral,Neutral,Neutral,Neutral,,,,,,
2025-10-10,EURNZD,10,-0.0037036306429818477,Neutral,Neutral,Neutral,Neutral,,,,,,
2025-10-10,EURCAD,5,0.0037315956106107606,Neutral,Neutral,Neutral,Neutral,Neutral,,,,,
2025-10-10,EURCAD,10,-0.00031967540651023363,Neutral,Neutral,Neutral,Neutral,Neutral,,,,,
2025-10-10,GBPJPY,5,0.001381796930330692,Bullish,Bullish,Bullish,Bullish,Bullish,1.0,1.0,1.0,1.0,1.0
2025-10-10,GBPJPY,10,0.007775703156341018,Bullish,Bullish,Bullish,Bullish,Bullish,1.0,1.0,1.0,1.0,1.0
2025-10-10,GBPCHF,5,-0.0021297356125570266,Neutral,Neutral,Neutral,Neutral,,,,,,
2025-10-10,GBPCHF,10,-0.007862195785562909,Neutral,Neutral,Neutral,Neutral,,,,,,
2025-10-10,GBPAUD,5,0.0019212016242886598,Neutral,Neutral,Neutral,Neutral,Neutral,,,,,
2025-10-10,GBPAUD,10,-0.00958660204443007,Neutral,Neutral,Neutral,Neutral,Neutral,,,,,
2025-10-10,GBPNZD,5,0.004188967050512193,Bullish,Bullish,Bullish,Bullish,,1.0,1.0,1.0,1.0,
2025-10-10,GBPNZD,10,-0.007622546600112412,Bullish,Bullish,Bullish,Bullish,,1.0,1.0,1.0,1.0,
2025-10-10,GBPCAD,5,0.006847556278353206,Bullish,Bullish,Bullish,Bullish,Bullish,1.0,1.0,1.0,1.0,1.0
2025-10-10,GBPCAD,10,-0.004081785500299584,Bullish,Bullish,Bullish,Bullish,Bullish,1.0,1.0,1.0,1.0,1.0
2025-10-10,AUDJPY,5,-0.0008692361970406015,Very Bullish,Very Bullish,Very Bullish,Very Bullish,Very Bullish,1.0,1.0,1.0,1.0,1.0
2025-10-10,AUDJPY,10,0.017139292543998597,Very Bullish,Very Bullish,Very Bullish,Very Bullish,Very Bullish,1.0,1.0,1.0,1.0,1.0
2025-10-10,NZDJPY,5,-0.003705247556852531,Neutral,Neutral,Neutral,Neutral,,,,,,
2025-10-10,NZDJPY,10,0.01590940669723495,Neutral,Neutral,Neutral,Neutral,,,,,,
2025-10-10,CADJPY,5,-0.005116417025063047,Bullish,Bullish,Bullish,Bullish,Bullish,1.0,1.0,1.0,1.0,1.0
2025-10-10,CADJPY,10,0.011678777991991574,Bullish,Bullish,Bullish,Bullish,Bullish,1.0,1.0,1.0,1.0,1.0
2025-10-10,CHFJPY,5,0.0035016820768889456,Bullish,Bullish,Bullish,Very Bullish,,1.0,1.0,1.0,1.0,
2025-10-10,CHFJPY,10,0.014916530901551095,Bullish,Bullish,Bullish,Very Bullish,,1.0,1.0,1.0,1.0,
2025-10-10,AUDNZD,5,0.002688433545283253,Bullish,Bullish,Bullish,Bullish,,1.0,1.0,1.0,1.0,
2025-10-10,AUDNZD,10,0.0016272097774081562,Bullish,Bullish,Bullish,Bullish,,1.0,1.0,1.0,1.0,
2025-10-10,AUDCAD,5,0.004546257062146841,Bullish,Bullish,Bullish,Bullish,Bullish,1.0,1.0,1.0,1.0,1.0
2025-10-10,AUDCAD,10,0.005671786723163708,Bullish,Bullish,Bullish,Bullish,Bullish,1.0,1.0,1.0,1.0,1.0
2025-10-10,AUDCHF,5,-0.004026949585688833,Neutral,Neutral,Neutral,Neutral,,,,,,
2025-10-10,AUDCHF,10,0.0017424301091923944,Neutral,Neutral,Neutral,Neutral,,,,,,
2025-10-10,NZDCAD,5,0.002197994330173758,Neutral,Neutral,Neutral,Bearish,,,,,-1.0,
2025-10-10,NZDCAD,10,0.004395988660347294,Neutral,Neutral,Neutral,Bearish,,,,,-1.0,
2025-10-10,NZDCHF,5,-0.006600008770775823,Bearish,Neutral,Neutral,Neutral,,-1.0,,,,
2025-10-10,NZDCHF,10,0.0006578081831336569,Bearish,Neutral,Neutral,Neutral,,-1.0,,,,
2025-10-10,CADCHF,5,-0.008494059423316713,Neutral,Neutral,Neutral,Neutral,,,,,,
2025-10-10,CADCHF,10,-0.0038433863919552502,Neutral,Neutral,Neutral,Neutral,,,,,,
2025-10-17,EURUSD,5,-0.002137302363907856,Neutral,Neutral,Neutral,Neutral,Neutral,,,,,
2025-10-17,EURUSD,10,-0.009793823282003622,Neutral,Neutral,Neutral,Neutral,Neutral,,,,,
2025-10-17,GBPUSD,5,-0.008485372231451627,Neutral,Neutral,Neutral,Neutral,Neutral,,,,,
2025-10-17,GBPUSD,10,-0.020524320015495645,Neutral,Neutral,Neutral,Neutral,Neutral,,,,,
2025-10-17,USDJPY,5,0.014924382244765111,Bullish,Bullish,Bullish,Bullish,Bullish,1.0,1.0,1.0,1.0,1.0
2025-10-17,USDJPY,10,0.022207321445168793,Bullish,Bullish,Bullish,Bullish,Bullish,1.0,1.0,1.0,1.0,1.0
2025-10-17,USDCHF,5,0.0021930653760351415,Bearish,Neutral,Neutral,Neutral,,-1.0,,,,
2025-10-17,USDCHF,10,0.013586922272217361,Bearish,Neutral,Neutral,Neutral,,-1.0,,,,
2025-10-17,USDCAD,5,-0.0016766552511414679,Neutral,Neutral,Neutral,Neutral,Neutral,,,,,
2025-10-17,USDCAD,10,-0.0007420091324200628,Neutral,Neutral,Neutral,Neutral,Neutral,,,,,
2025-10-17,AUDUSD,5,0.0030498605998061645,Neutral,Neutral,Neutral,Neutral,Neutral,,,,,
2025-10-17,AUDUSD,10,0.007670861508602966,Neutral,Neutral,Neutral,Neutral,Neutral,,,,,
2025-10-17,NZDUSD,5,0.004001677559151373,Neutral,Neutral,Neutral,Neutral,,,,,,
2025-10-17,NZDUSD,10,0.00015727117044717076,Neutral,Neutral,Neutral,Neutral,,,,,,
2025-10-17,EURGBP,5,0.00640885251570511,Neutral,Neutral,Neutral,Neutral,Neutral,,,,,
2025-10-17,EURGBP,10,0.010812056941962966,Neutral,Neutral,Neutral,Neutral,Neutral,,,,,
2025-10-17,EURJPY,5,0.012823289373197655,Bullish,Bullish,Bullish,Bullish,Bullish,1.0,1.0,1.0,1.0,1.0
2025-10-17,EURJPY,10,0.01243574107214096,Bullish,Bullish,Bullish,Bullish,Bullish,1.0,1.0,1.0,1.0,1.0
2025-10-17,EURCHF,5,0.0008231968198606499,Bearish,Bearish,Bearish,Neutral,,-1.0,-1.0,-1.0,,
2025-10-17,EURCHF,10,0.004050994876682923,Bearish,Bearish,Bearish,Neutral,,-1.0,-1.0,-1.0,,
2025-10-17,EURAUD,5,-0.004876633449018564,Neutral,Neutral,Neutral,Neutral,Neutral,,,,,
2025-10-17,EURAUD,10,-0.017369519367041897,Neutral,Neutral,Neutral,Neutral,Neutral,,,,,
2025-10-17,EURNZD,5,-0.005439919656571202,Neutral,Neutral,Neutral,Neutral,,,,,,
2025-10-17,EURNZD,10,-0.009107557796069643,Neutral,Neutral,Neutral,Neutral,,,,,,
2025-10-17,EURCAD,5,-0.004036209515409839,Neutral,Neutral,Neutral,Neutral,Neutral,,,,,
2025-10-17,EURCAD,10,-0.010822431280317457,Neutral,Neutral,Neutral,Neutral,Neutral,,,,,
2025-10-17,GBPJPY,5,0.0063850833374548,Bullish,Bullish,Bullish,Bullish,Bullish,1.0,1.0,1.0,1.0,1.0
2025-10-17,GBPJPY,10,0.0015480488649288748,Bullish,Bullish,Bullish,Bullish,Bullish,1.0,1.0,1.0,1.0,1.0
2025-10-17,GBPCHF,5,-0.005744694854220245,Bearish,Bearish,Bearish,Neutral,,-1.0,-1.0,-1.0,,
2025-10-17,GBPCHF,10,-0.006778927970364501,Bearish,Bearish,Bearish,Neutral,,-1.0,-1.0,-1.0,,
2025-10-17,GBPAUD,5,-0.011485737251654804,Neutral,Neutral,Neutral,Neutral,Neutral,,,,,
2025-10-17,GBPAUD,10,-0.02818169932741621,Neutral,Neutral,Neutral,Neutral,Neutral,,,,,
2025-10-17,GBPNZD,5,-0.011762242006419621,Neutral,Neutral,Neutral,Bullish,,,,,1.0,
2025-10-17,GBPNZD,10,-0.0196692724249794,Neutral,Neutral,Neutral,Bullish,,,,,1.0,
2025-10-17,GBPCAD,5,-0.010855011476664123,Neutral,Neutral,Neutral,Neutral,Neutral,,,,,
2025-10-17,GBPCAD,10,-0.021906613959024046,Neutral,Neutral,Neutral,Neutral,Neutral,,,,,
2025-10-17,AUDJPY,5,0.018024196024646333,Very Bullish,Very Bullish,Very Bullish,Very Bullish,Very Bullish,1.0,1.0,1.0,1.0,1.0
2025-10-17,AUDJPY,10,0.030593027778346382,Very Bullish,Very Bullish,Very Bullish,Very Bullish,Very Bullish,1.0,1.0,1.0,1.0,1.0
2025-10-17,NZDJPY,5,0.01968760169215744,Neutral,Neutral,Neutral,Neutral,,,,,,
2025-10-17,NZDJPY,10,0.023418251127330203,Neutral,Neutral,Neutral,Neutral,,,,,,
2025-10-17,CADJPY,5,0.016881568159797355,Bullish,Bullish,Bullish,Bullish,Bullish,1.0,1.0,1.0,1.0,1.0
2025-10-17,CADJPY,10,0.02353357680554513,Bullish,Bullish,Bullish,Bullish,Bullish,1.0,1.0,1.0,1.0,1.0
2025-10-17,CHFJPY,5,0.011375017131050047,Bullish,Bullish,Bullish,Very Bullish,,1.0,1.0,1.0,1.0,
2025-10-17,CHFJPY,10,0.007711607999409509,Bullish,Bullish,Bullish,Very Bullish,,1.0,1.0,1.0,1.0,
2025-10-17,AUDNZD,5,-0.00105837838791345,Bullish,Bullish,Bullish,Bullish,,1.0,1.0,1.0,1.0,
2025-10-17,AUDNZD,10,0.007937837909349987,Bullish,Bullish,Bullish,Bullish,,1.0,1.0,1.0,1.0,
2025-10-17,AUDCAD,5,0.0011204358715233287,Bullish,Bullish,Bullish,Bullish,Bullish,1.0,1.0,1.0,1.0,1.0
2025-10-17,AUDCAD,10,0.007172986510830981,Bullish,Bullish,Bullish,Bullish,Bullish,1.0,1.0,1.0,1.0,1.0
2025-10-17,AUDCHF,5,0.0057927066324545695,Neutral,Neutral,Neutral,Neutral,,,,,,
2025-10-17,AUDCHF,10,0.022004509758183577,Neutral,Neutral,Neutral,Neutral,,,,,,
2025-10-17,NZDCAD,5,0.0021931737467133505,Bearish,Bearish,Bearish,Bearish,,-1.0,-1.0,-1.0,-1.0,
2025-10-17,NZDCAD,10,-0.0006105995090280869,Bearish,Bearish,Bearish,Bearish,,-1.0,-1.0,-1.0,-1.0,
2025-10-17,NZDCHF,5,0.007306036861273624,Bearish,Neutral,Neutral,Neutral,,-1.0,,,,
2025-10-17,NZDCHF,10,0.01474450943604455,Bearish,Neutral,Neutral,Neutral,,-1.0,,,,
2025-10-17,CADCHF,5,0.004690514540595103,Bearish,Neutral,Neutral,Neutral,,-1.0,,,,
2025-10-17,CADCHF,10,0.014991946475034101,Bearish,Neutral,Neutral,Neutral,,-1.0,,,,
2025-10-24,EURUSD,5,-0.007672920268724237,Neutral,Neutral,Neutral,Neutral,Neutral,,,,,
2025-10-24,EURUSD,10,-0.005298787988267106,Neutral,Neutral,Neutral,Neutral,Neutral,,,,,
2025-10-24,GBPUSD,5,-0.01214197697833086,Neutral,Neutral,Neutral,Neutral,Neutral,,,,,
2025-10-24,GBPUSD,10,-0.01102245063565066,Neutral,Neutral,Neutral,Neutral,Neutral,,,,,
2025-10-24,USDJPY,5,0.007175844159242217,Bullish,Bullish,Bullish,Bullish,Bullish,1.0,1.0,1.0,1.0,1.0
2025-10-24,USDJPY,10,0.003479990057171367,Bullish,Bullish,Bullish,Bullish,Bullish,1.0,1.0,1.0,1.0,1.0
2025-10-24,USDCHF,5,0.011368924102370448,Neutral,Neutral,Neutral,Neutral,,,,,,
2025-10-24,USDCHF,10,0.011997736276174287,Neutral,Neutral,Neutral,Neutral,,,,,,
2025-10-24,USDCAD,5,0.0009362158299088819,Neutral,Neutral,Neutral,Neutral,Neutral,,,,,
2025-10-24,USDCAD,10,0.003723423262461889,Neutral,Neutral,Neutral,Neutral,Neutral,,,,,
2025-10-24,AUDUSD,5,0.004606950352431749,Neutral,Neutral,Neutral,Neutral,Neutral,,,,,
2025-10-24,AUDUSD,10,-0.003286291251401341,Neutral,Neutral,Neutral,Neutral,Neutral,,,,,
2025-10-24,NZDUSD,5,-0.0038290836306674736,Neutral,Neutral,Neutral,Neutral,,,,,,
2025-10-24,NZDUSD,10,-0.02118179444782875,Neutral,Neutral,Neutral,Neutral,,,,,,
2025-10-24,EURGBP,5,0.0043751646413394685,Bullish,Bullish,Bullish,Bullish,Bullish,1.0,1.0,1.0,1.0,1.0
2025-10-24,EURGBP,10,0.005829735084926124,Bullish,Bullish,Bullish,Bullish,Bullish,1.0,1.0,1.0,1.0,1.0
2025-10-24,EURJPY,5,-0.00038264157738354676,Bullish,Bullish,Bullish,Bullish,Bullish,1.0,1.0,1.0,1.0,1.0
2025-10-24,EURJPY,10,-0.0018625641487349798,Bullish,Bullish,Bullish,Bullish,Bullish,1.0,1.0,1.0,1.0,1.0
2025-10-24,EURCHF,5,0.003225143129254704,Neutral,Neutral,Neutral,Bearish,,,,,-1.0,
2025-10-24,EURCHF,10,0.006331237351053565,Neutral,Neutral,Neutral,Bearish,,,,,-1.0,
2025-10-24,EURAUD,5,-0.012554107699553674,Neutral,Neutral,Neutral,Neutral,Neutral,,,,,
2025-10-24,EURAUD,10,-0.00271379550093076,Neutral,Neutral,Neutral,Neutral,Neutral,,,,,
2025-10-24,EURNZD,5,-0.003687698925370131,Neutral,Neutral,Neutral,Neutral,,,,,,
2025-10-24,EURNZD,10,0.016171426025749502,Neutral,Neutral,Neutral,Neutral,,,,,,
2025-10-24,EURCAD,5,-0.006813723380049597,Neutral,Neutral,Neutral,Neutral,Neutral,,,,,
2025-10-24,EURCAD,10,-0.001734178694200339,Neutral,Neutral,Neutral,Neutral,Neutral,,,,,
2025-10-24,GBPJPY,5,-0.004806345555604774,Bullish,Bullish,Bullish,Bullish,Bullish,1.0,1.0,1.0,1.0,1.0
2025-10-24,GBPJPY,10,-0.007514215086420806,Bullish,Bullish,Bullish,Bullish,Bullish,1.0,1.0,1.0,1.0,1.0
2025-10-24,GBPCHF,5,-0.001040208798275044,Bearish,Bearish,Bearish,Bearish,,-1.0,-1.0,-1.0,-1.0,
2025-10-24,GBPCHF,10,0.0006430381662063667,Bearish,Bearish,Bearish,Bearish,,-1.0,-1.0,-1.0,-1.0,
2025-10-24,GBPAUD,5,-0.016889955668764944,Bearish,Bearish,Bearish,Bearish,Bearish,-1.0,-1.0,-1.0,-1.0,-1.0
2025-10-24,GBPAUD,10,-0.008180459967180309,Bearish,Bearish,Bearish,Bearish,Bearish,-1.0,-1.0,-1.0,-1.0,-1.0
2025-10-24,GBPNZD,5,-0.008001141784557353,Neutral,Neutral,Neutral,Neutral,,,,,,
2025-10-24,GBPNZD,10,0.010375534670893583,Neutral,Neutral,Neutral,Neutral,,,,,,
2025-10-24,GBPCAD,5,-0.01117288426933094,Bearish,Bearish,Bearish,Bearish,Bearish,-1.0,-1.0,-1.0,-1.0,-1.0
2025-10-24,GBPCAD,10,-0.007477237934090719,Bearish,Bearish,Bearish,Bearish,Bearish,-1.0,-1.0,-1.0,-1.0,-1.0
2025-10-24,AUDJPY,5,0.012346299629007795,Bullish,Bullish,Bullish,Bullish,Bullish,1.0,1.0,1.0,1.0,1.0
2025-10-24,AUDJPY,10,0.0006836713149613871,Bullish,Bullish,Bullish,Bullish,Bullish,1.0,1.0,1.0,1.0,1.0
2025-10-24,NZDJPY,5,0.003658619982219724,Bullish,Bullish,Bullish,Very Bullish,,1.0,1.0,1.0,1.0,
2025-10-24,NZDJPY,10,-0.01739269187809156,Bullish,Bullish,Bullish,Very Bullish,,1.0,1.0,1.0,1.0,
2025-10-24,CADJPY,5,0.0065415765749257115,Very Bullish,Very Bullish,Very Bullish,Very Bullish,Very Bullish,1.0,1.0,1.0,1.0,1.0
2025-10-24,CADJPY,10,0.0,Very Bullish,Very Bullish,Very Bullish,Very Bullish,Very Bullish,1.0,1.0,1.0,1.0,1.0
2025-10-24,CHFJPY,5,-0.003622206470980771,Bullish,Bullish,Bullish,Bullish,,1.0,1.0,1.0,1.0,
2025-10-24,CHFJPY,10,-0.008135632088058786,Bullish,Bullish,Bullish,Bullish,,1.0,1.0,1.0,1.0,
2025-10-24,AUDNZD,5,0.009005747786087204,Neutral,Neutral,Neutral,Bullish,,,,,1.0,
2025-10-24,AUDNZD,10,0.01861187875791326,Neutral,Neutral,Neutral,Bullish,,,,,1.0,
2025-10-24,AUDCAD,5,0.0060457767341832724,Neutral,Neutral,Neutral,Neutral,Neutral,,,,,
2025-10-24,AUDCAD,10,0.0007022317803770939,Neutral,Neutral,Neutral,Neutral,Neutral,,,,,
2025-10-24,AUDCHF,5,0.016118433767539075,Neutral,Neutral,Neutral,Neutral,,,,,,
2025-10-24,AUDCHF,10,0.00892891654748551,Neutral,Neutral,Neutral,Neutral,,,,,,
2025-10-24,NZDCAD,5,-0.002797637550512877,Bearish,Bearish,Bearish,Very Bearish,,-1.0,-1.0,-1.0,-1.0,
2025-10-24,NZDCAD,10,-0.017519428038545337,Bearish,Bearish,Bearish,Very Bearish,,-1.0,-1.0,-1.0,-1.0,
2025-10-24,NZDCHF,5,0.007384520992199217,Neutral,Neutral,Neutral,Neutral,,,,,,
2025-10-24,NZDCHF,10,-0.009334735734946031,Neutral,Neutral,Neutral,Neutral,,,,,,
2025-10-24,CADCHF,5,0.010253338501109877,Neutral,Neutral,Neutral,Neutral,,,,,,
2025-10-24,CADCHF,10,0.008192100348824782,Neutral,Neutral,Neutral,Neutral,,,,,,
2025-10-31,EURUSD,5,0.0023924896628841896,Neutral,Neutral,Neutral,Neutral,Neutral,,,,,
2025-10-31,EURUSD,10,0.007281490278343572,Neutral,Neutral,Neutral,Neutral,Neutral,,,,,
2025-10-31,GBPUSD,5,0.0011332866835012112,Neutral,Neutral,Neutral,Neutral,Neutral,,,,,
2025-10-31,GBPUSD,10,0.0018254282150356183,Neutral,Neutral,Neutral,Neutral,Neutral,,,,,
2025-10-31,USDJPY,5,-0.00366952218274863,Neutral,Neutral,Neutral,Neutral,Neutral,,,,,
2025-10-31,USDJPY,10,0.003598080157951822,Neutral,Neutral,Neutral,Neutral,Neutral,,,,,
2025-10-31,USDCHF,5,0.0006217436178017621,Bearish,Bearish,Bearish,Bearish,,-1.0,-1.0,-1.0,-1.0,
2025-10-31,USDCHF,10,-0.012907397505564577,Bearish,Bearish,Bearish,Bearish,,-1.0,-1.0,-1.0,-1.0,
2025-10-31,USDCAD,5,0.0027846004455360784,Bearish,Bearish,Bearish,Bearish,Bearish,-1.0,-1.0,-1.0,-1.0,-1.0
2025-10-31,USDCAD,10,0.0012994802079167034,Bearish,Bearish,Bearish,Bearish,Bearish,-1.0,-1.0,-1.0,-1.0,-1.0
2025-10-31,AUDUSD,5,-0.007857044589492435,Bullish,Bullish,Bullish,Bullish,Bullish,1.0,1.0,1.0,1.0,1.0
2025-10-31,AUDUSD,10,-0.0013298888702059086,Bullish,Bullish,Bullish,Bullish,Bullish,1.0,1.0,1.0,1.0,1.0
2025-10-31,NZDUSD,5,-0.017419411199441015,Neutral,Neutral,Neutral,Neutral,,,,,,
2025-10-31,NZDUSD,10,-0.007809906525727217,Neutral,Neutral,Neutral,Neutral,,,,,,
2025-10-31,EURGBP,5,0.001448234180607244,Bullish,Bullish,Bullish,Bullish,Bullish,1.0,1.0,1.0,1.0,1.0
2025-10-31,EURGBP,10,0.005621885441255303,Bullish,Bullish,Bullish,Bullish,Bullish,1.0,1.0,1.0,1.0,1.0
2025-10-31,EURJPY,5,-0.0014804890680236715,Bullish,Bullish,Bullish,Bullish,Bullish,1.0,1.0,1.0,1.0,1.0
2025-10-31,EURJPY,10,0.010684289928170942,Bullish,Bullish,Bullish,Bullish,Bullish,1.0,1.0,1.0,1.0,1.0
2025-10-31,EURCHF,5,0.0030961088276859616,Bearish,Bearish,Bearish,Bearish,,-1.0,-1.0,-1.0,-1.0,
2025-10-31,EURCHF,10,-0.005836219079366045,Bearish,Bearish,Bearish,Bearish,,-1.0,-1.0,-1.0,-1.0,
2025-10-31,EURAUD,5,0.009965419143825649,Neutral,Neutral,Neutral,Neutral,Neutral,,,,,
2025-10-31,EURAUD,10,0.008909255063625388,Neutral,Neutral,Neutral,Neutral,Neutral,,,,,
2025-10-31,EURNZD,5,0.019932630491161563,Neutral,Neutral,Neutral,Neutral,,,,,,
2025-10-31,EURNZD,10,0.015381710867556464,Neutral,Neutral,Neutral,Neutral,,,,,,
2025-10-31,EURCAD,5,0.0051143927432586445,Neutral,Neutral,Neutral,Neutral,Neutral,,,,,
2025-10-31,EURCAD,10,0.008544627101328084,Neutral,Neutral,Neutral,Neutral,Neutral,,,,,
2025-10-31,GBPJPY,5,-0.0027209473439898657,Neutral,Neutral,Neutral,Neutral,Neutral,,,,,
2025-10-31,GBPJPY,10,0.005160417376532722,Neutral,Neutral,Neutral,Neutral,Neutral,,,,,
2025-10-31,GBPCHF,5,0.001684999716011104,Bearish,Bearish,Bearish,Bearish,,-1.0,-1.0,-1.0,-1.0,
2025-10-31,GBPCHF,10,-0.011302750904030767,Bearish,Bearish,Bearish,Bearish,,-1.0,-1.0,-1.0,-1.0,
2025-10-31,GBPAUD,5,0.008859125946077961,Very Bearish,Very Bearish,Very Bearish,Very Bearish,Very Bearish,-1.0,-1.0,-1.0,-1.0,-1.0
2025-10-31,GBPAUD,10,0.0033284005241733805,Very Bearish,Very Bearish,Very Bearish,Very Bearish,Very Bearish,-1.0,-1.0,-1.0,-1.0,-1.0
2025-10-31,GBPNZD,5,0.01852489678114111,Neutral,Neutral,Neutral,Neutral,,,,,,
2025-10-31,GBPNZD,10,0.009779087663002839,Neutral,Neutral,Neutral,Neutral,,,,,,
2025-10-31,GBPCAD,5,0.00373740391666888,Bearish,Bearish,Bearish,Bearish,Bearish,-1.0,-1.0,-1.0,-1.0,-1.0
2025-10-31,GBPCAD,10,0.002966021131542318,Bearish,Bearish,Bearish,Bearish,Bearish,-1.0,-1.0,-1.0,-1.0,-1.0
2025-10-31,AUDJPY,5,-0.011520394076928397,Bullish,Bullish,Bullish,Bullish,Bullish,1.0,1.0,1.0,1.0,1.0
2025-10-31,AUDJPY,10,0.0018273728535818101,Bullish,Bullish,Bullish,Bullish,Bullish,1.0,1.0,1.0,1.0,1.0
2025-10-31,NZDJPY,5,-0.02097457386524937,Bullish,Bullish,Bullish,Bullish,,1.0,1.0,1.0,1.0,
2025-10-31,NZDJPY,10,-0.00457647713464826,Bullish,Bullish,Bullish,Bullish,,1.0,1.0,1.0,1.0,
2025-10-31,CADJPY,5,-0.006499062460177285,Bullish,Bullish,Bullish,Bullish,Bullish,1.0,1.0,1.0,1.0,1.0
2025-10-31,CADJPY,10,0.0021481494966413273,Bullish,Bullish,Bullish,Bullish,Bullish,1.0,1.0,1.0,1.0,1.0
2025-10-31,CHFJPY,5,-0.004529833609691503,Bullish,Bullish,Bullish,Bullish,,1.0,1.0,1.0,1.0,
2025-10-31,CHFJPY,10,0.01656056952457674,Bullish,Bullish,Bullish,Bullish,,1.0,1.0,1.0,1.0,
2025-10-31,AUDNZD,5,0.009520392716199533,Bullish,Bullish,Bullish,Bullish,,1.0,1.0,1.0,1.0,
2025-10-31,AUDNZD,10,0.006370262773339297,Bullish,Bullish,Bullish,Bullish,,1.0,1.0,1.0,1.0,
2025-10-31,AUDCAD,5,-0.005311433214453154,Neutral,Neutral,Neutral,Neutral,Neutral,,,,,
2025-10-31,AUDCAD,10,-0.0006652924560197615,Neutral,Neutral,Neutral,Neutral,Neutral,,,,,
2025-10-31,AUDCHF,5,-0.007075471698113289,Neutral,Neutral,Neutral,Neutral,,,,,,
2025-10-31,AUDCHF,10,-0.014569385270846058,Neutral,Neutral,Neutral,Neutral,,,,,,
2025-10-31,NZDCAD,5,-0.014763092269326816,Bearish,Bearish,Bearish,Very Bearish,,-1.0,-1.0,-1.0,-1.0,
2025-10-31,NZDCAD,10,-0.006982543640897787,Bearish,Bearish,Bearish,Very Bearish,,-1.0,-1.0,-1.0,-1.0,
2025-10-31,NZDCHF,5,-0.016596698061906,Neutral,Neutral,Neutral,Neutral,,,,,,
2025-10-31,NZDCHF,10,-0.020860070041111234,Neutral,Neutral,Neutral,Neutral,,,,,,
2025-10-31,CADCHF,5,-0.0020403180803570953,Neutral,Neutral,Neutral,Bullish,,,,,1.0,
2025-10-31,CADCHF,10,-0.014229910714285587,Neutral,Neutral,Neutral,Bullish,,,,,1.0,
2025-11-07,EURUSD,5,0.004877331649904448,Bullish,Bullish,Bullish,Bullish,Bullish,1.0,1.0,1.0,1.0,1.0
2025-11-07,EURUSD,10,-0.004332523327308713,Bullish,Bullish,Bullish,Bullish,Bullish,1.0,1.0,1.0,1.0,1.0
2025-11-07,GBPUSD,5,0.0006913580246914464,Bearish,Bearish,Bearish,Bearish,Bearish,-1.0,-1.0,-1.0,-1.0,-1.0
2025-11-07,GBPUSD,10,-0.005135802469135697,Bearish,Bearish,Bearish,Bearish,Bearish,-1.0,-1.0,-1.0,-1.0,-1.0
2025-11-07,USDJPY,5,0.007294369190253391,Neutral,Neutral,Neutral,Neutral,Neutral,,,,,
2025-11-07,USDJPY,10,0.019210461129290923,Neutral,Neutral,Neutral,Neutral,Neutral,,,,,
2025-11-07,USDCHF,5,-0.013520734692863079,Neutral,Neutral,Neutral,Neutral,,,,,,
2025-11-07,USDCHF,10,0.0045359082379548,Neutral,Neutral,Neutral,Neutral,,,,,,
2025-11-07,USDCAD,5,-0.0014809962547883693,Neutral,Neutral,Neutral,Neutral,Neutral,,,,,
2025-11-07,USDCAD,10,0.003809293251498813,Neutral,Neutral,Neutral,Neutral,Neutral,,,,,
2025-11-07,AUDUSD,5,0.006578846005700578,Bullish,Bullish,Bullish,Bullish,Bullish,1.0,1.0,1.0,1.0,1.0
2025-11-07,AUDUSD,10,-0.005623603728526327,Bullish,Bullish,Bullish,Bullish,Bullish,1.0,1.0,1.0,1.0,1.0
2025-11-07,NZDUSD,5,0.00977986414879628,Neutral,Neutral,Neutral,Neutral,,,,,,
2025-11-07,NZDUSD,10,-0.0020626622568369335,Neutral,Neutral,Neutral,Neutral,,,,,,
2025-11-07,EURGBP,5,0.004167615577317152,Bullish,Bullish,Bullish,Bullish,Bullish,1.0,1.0,1.0,1.0,1.0
2025-11-07,EURGBP,10,0.0006490548849920064,Bullish,Bullish,Bullish,Bullish,Bullish,1.0,1.0,1.0,1.0,1.0
2025-11-07,EURJPY,5,0.012182815521391888,Bullish,Bullish,Bullish,Bullish,Bullish,1.0,1.0,1.0,1.0,1.0
2025-11-07,EURJPY,10,0.014731002756777745,Bullish,Bullish,Bullish,Bullish,Bullish,1.0,1.0,1.0,1.0,1.0
2025-11-07,EURCHF,5,-0.008904757807794872,Neutral,Neutral,Neutral,Neutral,,,,,,
2025-11-07,EURCHF,10,-0.0001613180762281008,Neutral,Neutral,Neutral,Neutral,,,,,,
2025-11-07,EURAUD,5,-0.0010457428147347958,Neutral,Neutral,Neutral,Neutral,Neutral,,,,,
2025-11-07,EURAUD,10,0.0017429046912247337,Neutral,Neutral,Neutral,Neutral,Neutral,,,,,
2025-11-07,EURNZD,5,-0.004461980612791683,Neutral,Neutral,Neutral,Neutral,,,,,,
2025-11-07,EURNZD,10,-0.002045886307175171,Neutral,Neutral,Neutral,Neutral,,,,,,
2025-11-07,EURCAD,5,0.0034127800604935032,Neutral,Neutral,Neutral,Neutral,Neutral,,,,,
2025-11-07,EURCAD,10,-0.0004558587084413368,Neutral,Neutral,Neutral,Neutral,Neutral,,,,,
2025-11-07,GBPJPY,5,0.007902868008239583,Neutral,Neutral,Neutral,Neutral,Neutral,,,,,
2025-11-07,GBPJPY,10,0.013864680716209943,Neutral,Neutral,Neutral,Neutral,Neutral,,,,,
2025-11-07,GBPCHF,5,-0.012965903077039376,Bearish,Bearish,Bearish,Neutral,,-1.0,-1.0,-1.0,,
2025-11-07,GBPCHF,10,-0.0008127315339836461,Bearish,Bearish,Bearish,Neutral,,-1.0,-1.0,-1.0,,
2025-11-07,GBPAUD,5,-0.005482158291146955,Very Bearish,Very Bearish,Very Bearish,Very Bearish,Very Bearish,-1.0,-1.0,-1.0,-1.0,-1.0
2025-11-07,GBPAUD,10,0.0008000987776268786,Very Bearish,Very Bearish,Very Bearish,Very Bearish,Very Bearish,-1.0,-1.0,-1.0,-1.0,-1.0
2025-11-07,GBPNZD,5,-0.008586740634203172,Neutral,Neutral,Neutral,Neutral,,,,,,
2025-11-07,GBPNZD,10,-0.002718135744127048,Neutral,Neutral,Neutral,Neutral,,,,,,
2025-11-07,GBPCAD,5,-0.000768510550784085,Bearish,Bearish,Bearish,Bearish,Bearish,-1.0,-1.0,-1.0,-1.0,-1.0
2025-11-07,GBPCAD,10,-0.001147353780043714,Bearish,Bearish,Bearish,Bearish,Bearish,-1.0,-1.0,-1.0,-1.0,-1.0
2025-11-07,AUDJPY,5,0.01350333062061071,Bullish,Bullish,Bullish,Bullish,Bullish,1.0,1.0,1.0,1.0,1.0
2025-11-07,AUDJPY,10,0.013262199716671086,Bullish,Bullish,Bullish,Bullish,Bullish,1.0,1.0,1.0,1.0,1.0
2025-11-07,NZDJPY,5,0.016749408435020596,Neutral,Neutral,Neutral,Neutral,,,,,,
2025-11-07,NZDJPY,10,0.016552220108569493,Neutral,Neutral,Neutral,Neutral,,,,,,
2025-11-07,CADJPY,5,0.008703778355993785,Bullish,Bullish,Bullish,Bullish,Bullish,1.0,1.0,1.0,1.0,1.0
2025-11-07,CADJPY,10,0.015254516802873264,Bullish,Bullish,Bullish,Bullish,Bullish,1.0,1.0,1.0,1.0,1.0
2025-11-07,CHFJPY,5,0.0211863738827498,Neutral,Neutral,Neutral,Neutral,,,,,,
2025-11-07,CHFJPY,10,0.014985996605556107,Neutral,Neutral,Neutral,Neutral,,,,,,
2025-11-07,AUDNZD,5,-0.0031204222971509266,Bullish,Bullish,Bullish,Bullish,,1.0,1.0,1.0,1.0,
2025-11-07,AUDNZD,10,-0.0034324645268660747,Bullish,Bullish,Bullish,Bullish,,1.0,1.0,1.0,1.0,
2025-11-07,AUDCAD,5,0.004670950198460533,Neutral,Neutral,Neutral,Neutral,Neutral,,,,,
2025-11-07,AUDCAD,10,-0.0018859235543080555,Neutral,Neutral,Neutral,Neutral,Neutral,,,,,
2025-11-07,AUDCHF,5,-0.007547314382039594,Neutral,Neutral,Neutral,Neutral,,,,,,
2025-11-07,AUDCHF,10,-0.0016090721017545384,Neutral,Neutral,Neutral,Neutral,,,,,,
2025-11-07,NZDCAD,5,0.00789713475751741,Bearish,Bearish,Bearish,Bearish,,-1.0,-1.0,-1.0,-1.0,
2025-11-07,NZDCAD,10,0.0015186797610611258,Bearish,Bearish,Bearish,Bearish,,-1.0,-1.0,-1.0,-1.0,
2025-11-07,NZDCHF,5,-0.004335324043353239,Neutral,Neutral,Neutral,Neutral,,,,,,
2025-11-07,NZDCHF,10,0.0016368060163680642,Neutral,Neutral,Neutral,Neutral,,,,,,
2025-11-07,CADCHF,5,-0.012214514127946496,Neutral,Neutral,Neutral,Neutral,,,,,,
2025-11-07,CADCHF,10,0.00033201111363512226,Neutral,Neutral,Neutral,Neutral,,,,,,
2025-11-14,EURUSD,5,-0.009165153484049227,Neutral,Neutral,Neutral,Neutral,Neutral,,,,,
2025-11-14,EURUSD,10,-0.0018760595864063534,Neutral,Neutral,Neutral,Neutral,Neutral,,,,,
2025-11-14,GBPUSD,5,-0.005823134622976789,Neutral,Neutral,Neutral,Neutral,Neutral,,,,,
2025-11-14,GBPUSD,10,0.0039706641562147205,Neutral,Neutral,Neutral,Neutral,Neutral,,,,,
2025-11-14,USDJPY,5,0.011829801003073959,Neutral,Neutral,Neutral,Neutral,Neutral,,,,,
2025-11-14,USDJPY,10,0.010412554602814872,Neutral,Neutral,Neutral,Neutral,Neutral,,,,,
2025-11-14,USDCHF,5,0.01830412819188454,Neutral,Neutral,Neutral,Bearish,,,,,-1.0,
2025-11-14,USDCHF,10,0.011715649840641884,Neutral,Neutral,Neutral,Bearish,,,,,-1.0,
2025-11-14,USDCAD,5,0.005298136025898792,Neutral,Neutral,Neutral,Neutral,Neutral,,,,,
2025-11-14,USDCAD,10,-0.003829204637829875,Neutral,Neutral,Neutral,Neutral,Neutral,,,,,
2025-11-14,AUDUSD,5,-0.012122696381558828,Bullish,Bullish,Bullish,Bullish,Bullish,1.0,1.0,1.0,1.0,1.0
2025-11-14,AUDUSD,10,0.0015306434825199666,Bullish,Bullish,Bullish,Bullish,Bullish,1.0,1.0,1.0,1.0,1.0
2025-11-14,NZDUSD,5,-0.011727829823202085,Neutral,Neutral,Neutral,Neutral,,,,,,
2025-11-14,NZDUSD,10,0.009104036063956933,Neutral,Neutral,Neutral,Neutral,,,,,,
2025-11-14,EURGBP,5,-0.003503957544281344,Bullish,Bullish,Bullish,Bullish,Bullish,1.0,1.0,1.0,1.0,1.0
2025-11-14,EURGBP,10,-0.006894518404281791,Bullish,Bullish,Bullish,Bullish,Bullish,1.0,1.0,1.0,1.0,1.0
2025-11-14,EURJPY,5,0.0025175167927280473,Bullish,Bullish,Bullish,Bullish,Bullish,1.0,1.0,1.0,1.0,1.0
2025-11-14,EURJPY,10,0.008137371757026113,Bullish,Bullish,Bullish,Bullish,Bullish,1.0,1.0,1.0,1.0,1.0
2025-11-14,EURCHF,5,0.008821997482529653,Neutral,Neutral,Neutral,Neutral,,,,,,
2025-11-14,EURCHF,10,0.01043882112938932,Neutral,Neutral,Neutral,Neutral,,,,,,
2025-11-14,EURAUD,5,0.002791566766847886,Neutral,Neutral,Neutral,Neutral,Neutral,,,,,
2025-11-14,EURAUD,10,-0.004671371807426938,Neutral,Neutral,Neutral,Neutral,Neutral,,,,,
2025-11-14,EURNZD,5,0.0024269231898381705,Bullish,Bullish,Bullish,Neutral,,1.0,1.0,1.0,,
2025-11-14,EURNZD,10,-0.011904645404992809,Bullish,Bullish,Bullish,Neutral,,1.0,1.0,1.0,,
2025-11-14,EURCAD,5,-0.003855480860729843,Neutral,Neutral,Neutral,Neutral,Neutral,,,,,
2025-11-14,EURCAD,10,-0.005697271080823851,Neutral,Neutral,Neutral,Neutral,Neutral,,,,,
2025-11-14,GBPJPY,5,0.005915066716450257,Neutral,Neutral,Neutral,Neutral,Neutral,,,,,
2025-11-14,GBPJPY,10,0.014556763023954922,Neutral,Neutral,Neutral,Neutral,Neutral,,,,,
2025-11-14,GBPCHF,5,0.012312818352418375,Bearish,Bearish,Bearish,Bearish,,-1.0,-1.0,-1.0,-1.0,
2025-11-14,GBPCHF,10,0.016889433572057744,Bearish,Bearish,Bearish,Bearish,,-1.0,-1.0,-1.0,-1.0,
2025-11-14,GBPAUD,5,0.006316887244555813,Very Bearish,Very Bearish,Very Bearish,Very Bearish,Very Bearish,-1.0,-1.0,-1.0,-1.0,-1.0
2025-11-14,GBPAUD,10,0.0019467136791397888,Very Bearish,Very Bearish,Very Bearish,Very Bearish,Very Bearish,-1.0,-1.0,-1.0,-1.0,-1.0
2025-11-14,GBPNZD,5,0.005919433530503948,Neutral,Neutral,Neutral,Neutral,,,,,,
2025-11-14,GBPNZD,10,-0.0055524372868183125,Neutral,Neutral,Neutral,Neutral,,,,,,
2025-11-14,GBPCAD,5,-0.00037913459819849393,Bearish,Bearish,Bearish,Bearish,Bearish,-1.0,-1.0,-1.0,-1.0,-1.0
2025-11-14,GBPCAD,10,0.0007582691963972099,Bearish,Bearish,Bearish,Bearish,Bearish,-1.0,-1.0,-1.0,-1.0,-1.0
2025-11-14,AUDJPY,5,-0.00023791821561336413,Very Bullish,Very Bullish,Very Bullish,Very Bullish,Very Bullish,1.0,1.0,1.0,1.0,1.0
2025-11-14,AUDJPY,10,0.013045848822800465,Very Bullish,Very Bullish,Very Bullish,Very Bullish,Very Bullish,1.0,1.0,1.0,1.0,1.0
2025-11-14,NZDJPY,5,-0.00019393994706595752,Bullish,Neutral,Neutral,Neutral,,1.0,,,,
2025-11-14,NZDJPY,10,0.020021447476499032,Bullish,Neutral,Neutral,Neutral,,1.0,,,,
2025-11-14,CADJPY,5,0.0064942142454904594,Bullish,Bullish,Bullish,Bullish,Bullish,1.0,1.0,1.0,1.0,1.0
2025-11-14,CADJPY,10,0.014078366546167898,Bullish,Bullish,Bullish,Bullish,Bullish,1.0,1.0,1.0,1.0,1.0
2025-11-14,CHFJPY,5,-0.0060717391416206246,Neutral,Neutral,Neutral,Neutral,,,,,,
2025-11-14,CHFJPY,10,-0.001728901992868237,Neutral,Neutral,Neutral,Neutral,,,,,,
2025-11-14,AUDNZD,5,-0.00031301898112334747,Very Bullish,Very Bullish,Very Bullish,Bullish,,1.0,1.0,1.0,1.0,
2025-11-14,AUDNZD,10,-0.009042770565781733,Very Bullish,Very Bullish,Very Bullish,Bullish,,1.0,1.0,1.0,1.0,
2025-11-14,AUDCAD,5,-0.006526389313310288,Bullish,Bullish,Bullish,Bullish,Bullish,1.0,1.0,1.0,1.0,1.0
2025-11-14,AUDCAD,10,-0.001691622648098745,Bullish,Bullish,Bullish,Bullish,Bullish,1.0,1.0,1.0,1.0,1.0
2025-11-14,AUDCHF,5,0.005983400887859425,Neutral,Bullish,Bullish,Neutral,,,1.0,1.0,,
2025-11-14,AUDCHF,10,0.01478479058096882,Neutral,Bullish,Bullish,Neutral,,,1.0,1.0,,
2025-11-14,NZDCAD,5,-0.006328478151682582,Bearish,Bearish,Bearish,Bearish,,-1.0,-1.0,-1.0,-1.0,
2025-11-14,NZDCAD,10,0.004570567553992877,Bearish,Bearish,Bearish,Bearish,,-1.0,-1.0,-1.0,-1.0,
2025-11-14,NZDCHF,5,0.0059981339138934775,Neutral,Neutral,Neutral,Neutral,,,,,,
2025-11-14,NZDCHF,10,0.021815435197938493,Neutral,Neutral,Neutral,Neutral,,,,,,
2025-11-14,CADCHF,5,0.012701669968864904,Neutral,Neutral,Neutral,Neutral,,,,,,
2025-11-14,CADCHF,10,0.01585055193886209,Neutral,Neutral,Neutral,Neutral,,,,,,
2025-11-21,EURUSD,5,0.007356517509727656,Neutral,Neutral,Neutral,Neutral,Neutral,,,,,
2025-11-21,EURUSD,10,0.011186770428015524,Neutral,Neutral,Neutral,Neutral,Neutral,,,,,
2025-11-21,GBPUSD,5,0.009851163430037557,Neutral,Neutral,Neutral,Neutral,Neutral,,,,,
2025-11-21,GBPUSD,10,0.017938281315626803,Neutral,Neutral,Neutral,Neutral,Neutral,,,,,
2025-11-21,USDJPY,5,-0.0014006766739367293,Neutral,Neutral,Neutral,Neutral,Neutral,,,,,
2025-11-21,USDJPY,10,-0.006555678496734996,Neutral,Neutral,Neutral,Neutral,Neutral,,,,,
2025-11-21,USDCHF,5,-0.006470049731548522,Neutral,Neutral,Neutral,Neutral,,,,,,
2025-11-21,USDCHF,10,-0.004688621124774195,Neutral,Neutral,Neutral,Neutral,,,,,,
2025-11-21,USDCAD,5,-0.009079237627765413,Neutral,Neutral,Neutral,Neutral,Neutral,,,,,
2025-11-21,USDCAD,10,-0.020123279023414486,Neutral,Neutral,Neutral,Neutral,Neutral,,,,,
2025-11-21,AUDUSD,5,0.013820886272079447,Bullish,Bullish,Bullish,Bullish,Bullish,1.0,1.0,1.0,1.0,1.0
2025-11-21,AUDUSD,10,0.028431980167338056,Bullish,Bullish,Bullish,Bullish,Bullish,1.0,1.0,1.0,1.0,1.0
2025-11-21,NZDUSD,5,0.021079077723530792,Neutral,Neutral,Neutral,Neutral,,,,,,
2025-11-21,NZDUSD,10,0.029150778660774535,Neutral,Neutral,Neutral,Neutral,,,,,,
2025-11-21,EURGBP,5,-0.0034024830160338526,Bullish,Bullish,Bullish,Bullish,Bullish,1.0,1.0,1.0,1.0,1.0
2025-11-21,EURGBP,10,-0.0066228933623132535,Bullish,Bullish,Bullish,Bullish,Bullish,1.0,1.0,1.0,1.0,1.0
2025-11-21,EURJPY,5,0.0056057424136359835,Bullish,Bullish,Bullish,Bullish,Bullish,1.0,1.0,1.0,1.0,1.0
2025-11-21,EURJPY,10,0.004811271486827362,Bullish,Bullish,Bullish,Bullish,Bullish,1.0,1.0,1.0,1.0,1.0
2025-11-21,EURCHF,5,0.0016026847658896504,Neutral,Neutral,Neutral,Neutral,,,,,,
2025-11-21,EURCHF,10,0.006443007884348484,Neutral,Neutral,Neutral,Neutral,,,,,,
2025-11-21,EURAUD,5,-0.007442163278592817,Neutral,Neutral,Neutral,Neutral,Neutral,,,,,
2025-11-21,EURAUD,10,-0.017118098038995666,Neutral,Neutral,Neutral,Neutral,Neutral,,,,,
2025-11-21,EURNZD,5,-0.014296871186606164,Neutral,Neutral,Neutral,Neutral,,,,,,
2025-11-21,EURNZD,10,-0.017118172499633988,Neutral,Neutral,Neutral,Neutral,,,,,,
2025-11-21,EURCAD,5,-0.0018489186907191257,Neutral,Neutral,Neutral,Neutral,Neutral,,,,,
2025-11-21,EURCAD,10,-0.009121332207547406,Neutral,Neutral,Neutral,Neutral,Neutral,,,,,
2025-11-21,GBPJPY,5,0.00859088067515823,Bullish,Bullish,Bullish,Bullish,Bullish,1.0,1.0,1.0,1.0,1.0
2025-11-21,GBPJPY,10,0.01157497851058853,Bullish,Bullish,Bullish,Bullish,Bullish,1.0,1.0,1.0,1.0,1.0
2025-11-21,GBPCHF,5,0.004520949588574741,Bearish,Neutral,Neutral,Bearish,,-1.0,,,-1.0,
2025-11-21,GBPCHF,10,0.01310886219615992,Bearish,Neutral,Neutral,Bearish,,-1.0,,,-1.0,
2025-11-21,GBPAUD,5,-0.004342740960436631,Very Bearish,Very Bearish,Very Bearish,Very Bearish,Very Bearish,-1.0,-1.0,-1.0,-1.0,-1.0
2025-11-21,GBPAUD,10,-0.010323879646856104,Very Bearish,Very Bearish,Very Bearish,Very Bearish,Very Bearish,-1.0,-1.0,-1.0,-1.0,-1.0
2025-11-21,GBPNZD,5,-0.011404363445946197,Neutral,Neutral,Neutral,Neutral,,,,,,
2025-11-21,GBPNZD,10,-0.010584554105270483,Neutral,Neutral,Neutral,Neutral,,,,,,
2025-11-21,GBPCAD,5,0.0011378351872821657,Bearish,Bearish,Bearish,Bearish,Bearish,-1.0,-1.0,-1.0,-1.0,-1.0
2025-11-21,GBPCAD,10,-0.002535746988800436,Bearish,Bearish,Bearish,Bearish,Bearish,-1.0,-1.0,-1.0,-1.0,-1.0
2025-11-21,AUDJPY,5,0.013286928240672014,Very Bullish,Very Bullish,Very Bullish,Very Bullish,Very Bullish,1.0,1.0,1.0,1.0,1.0
2025-11-21,AUDJPY,10,0.022012672159918978,Very Bullish,Very Bullish,Very Bullish,Very Bullish,Very Bullish,1.0,1.0,1.0,1.0,1.0
2025-11-21,NZDJPY,5,0.0202193087552347,Bullish,Bullish,Bullish,Bullish,,1.0,1.0,1.0,1.0,
2025-11-21,NZDJPY,10,0.022626912675863586,Bullish,Bullish,Bullish,Bullish,,1.0,1.0,1.0,1.0,
2025-11-21,CADJPY,5,0.0075352169871765184,Bullish,Bullish,Bullish,Bullish,Bullish,1.0,1.0,1.0,1.0,1.0
2025-11-21,CADJPY,10,0.013978504327109675,Bullish,Bullish,Bullish,Bullish,Bullish,1.0,1.0,1.0,1.0,1.0
2025-11-21,CHFJPY,5,0.004369366804201524,Bullish,Neutral,Neutral,Neutral,,1.0,,,,
2025-11-21,CHFJPY,10,-0.0017187556623163847,Bullish,Neutral,Neutral,Neutral,,1.0,,,,
2025-11-21,AUDNZD,5,-0.008732485018221547,Very Bullish,Very Bullish,Very Bullish,Bullish,,1.0,1.0,1.0,1.0,
2025-11-21,AUDNZD,10,-0.000313116992685214,Very Bullish,Very Bullish,Very Bullish,Bullish,,1.0,1.0,1.0,1.0,
2025-11-21,AUDCAD,5,0.004866527518400554,Bullish,Bullish,Bullish,Bullish,Bullish,1.0,1.0,1.0,1.0,1.0
2025-11-21,AUDCAD,10,0.007777655717895238,Bullish,Bullish,Bullish,Bullish,Bullish,1.0,1.0,1.0,1.0,1.0
2025-11-21,AUDCHF,5,0.008749040675364528,Neutral,Bullish,Bullish,Neutral,,,1.0,1.0,,
2025-11-21,AUDCHF,10,0.02367613200306984,Neutral,Bullish,Bullish,Neutral,,,1.0,1.0,,
2025-11-21,NZDCAD,5,0.010968459361099914,Bearish,Bearish,Bearish,Bearish,,-1.0,-1.0,-1.0,-1.0,
2025-11-21,NZDCAD,10,0.008099979781641675,Bearish,Bearish,Bearish,Bearish,,-1.0,-1.0,-1.0,-1.0,
2025-11-21,NZDCHF,5,0.015722992668492086,Neutral,Neutral,Neutral,Neutral,,,,,,
2025-11-21,NZDCHF,10,0.024335306068368423,Neutral,Neutral,Neutral,Neutral,,,,,,
2025-11-21,CADCHF,5,0.0031093875554624173,Neutral,Neutral,Neutral,Neutral,,,,,,
2025-11-21,CADCHF,10,0.015669217063200902,Neutral,Neutral,Neutral,Neutral,,,,,,
2025-11-28,EURUSD,5,0.0038022813688212143,Neutral,Neutral,Neutral,Neutral,Neutral,,,,,
2025-11-28,EURUSD,10,0.012234551615323053,Neutral,Neutral,Neutral,Neutral,Neutral,,,,,
2025-11-28,GBPUSD,5,0.008008227527431577,Bearish,Bearish,Bearish,Bearish,Bearish,-1.0,-1.0,-1.0,-1.0,-1.0
2025-11-28,GBPUSD,10,0.010715447031511172,Bearish,Bearish,Bearish,Bearish,Bearish,-1.0,-1.0,-1.0,-1.0,-1.0
2025-11-28,USDJPY,5,-0.005162232441364378,Neutral,Neutral,Neutral,Neutral,Neutral,,,,,
2025-11-28,USDJPY,10,-0.0020815453392597494,Neutral,Neutral,Neutral,Neutral,Neutral,,,,,
2025-11-28,USDCHF,5,0.001793029597439988,Neutral,Neutral,Neutral,Neutral,,,,,,
2025-11-28,USDCHF,10,-0.00921417987573303,Neutral,Neutral,Neutral,Neutral,,,,,,
2025-11-28,USDCAD,5,-0.01114523160177816,Neutral,Neutral,Neutral,Neutral,Neutral,,,,,
2025-11-28,USDCAD,10,-0.01433776422502342,Neutral,Neutral,Neutral,Neutral,Neutral,,,,,
2025-11-28,AUDUSD,5,0.014411908546277052,Very Bullish,Very Bullish,Very Bullish,Very Bullish,Very Bullish,1.0,1.0,1.0,1.0,1.0
2025-11-28,AUDUSD,10,0.01612360924318379,Very Bullish,Very Bullish,Very Bullish,Very Bullish,Very Bullish,1.0,1.0,1.0,1.0,1.0
2025-11-28,NZDUSD,5,0.007905069365675033,Neutral,Neutral,Neutral,Neutral,,,,,,
2025-11-28,NZDUSD,10,0.012651601081930197,Neutral,Neutral,Neutral,Neutral,,,,,,
2025-11-28,EURGBP,5,-0.0032314051474114924,Bullish,Bullish,Bullish,Bullish,Bullish,1.0,1.0,1.0,1.0,1.0
2025-11-28,EURGBP,10,0.001849779625019865,Bullish,Bullish,Bullish,Bullish,Bullish,1.0,1.0,1.0,1.0,1.0
2025-11-28,EURJPY,5,-0.0007900421539972502,Neutral,Neutral,Neutral,Neutral,Neutral,,,,,
2025-11-28,EURJPY,10,0.010126903973967538,Neutral,Neutral,Neutral,Neutral,Neutral,,,,,
2025-11-28,EURCHF,5,0.00483257801928727,Neutral,Neutral,Neutral,Neutral,,,,,,
2025-11-28,EURCHF,10,0.002416289009643746,Neutral,Neutral,Neutral,Neutral,,,,,,
2025-11-28,EURAUD,5,-0.009748484574323757,Bearish,Bearish,Bearish,Bearish,Bearish,-1.0,-1.0,-1.0,-1.0,-1.0
2025-11-28,EURAUD,10,-0.0029403781778702953,Bearish,Bearish,Bearish,Bearish,Bearish,-1.0,-1.0,-1.0,-1.0,-1.0
2025-11-28,EURNZD,5,-0.002862222134187742,Neutral,Neutral,Neutral,Neutral,,,,,,
2025-11-28,EURNZD,10,0.0004753863752284815,Neutral,Neutral,Neutral,Neutral,,,,,,
2025-11-28,EURCAD,5,-0.007285884524904751,Neutral,Neutral,Neutral,Neutral,Neutral,,,,,
2025-11-28,EURCAD,10,-0.0024080465802651663,Neutral,Neutral,Neutral,Neutral,Neutral,,,,,
2025-11-28,GBPJPY,5,0.0029586801671581675,Neutral,Neutral,Neutral,Neutral,Neutral,,,,,
2025-11-28,GBPJPY,10,0.00822232229760167,Neutral,Neutral,Neutral,Neutral,Neutral,,,,,
2025-11-28,GBPCHF,5,0.00854926182585114,Neutral,Neutral,Neutral,Neutral,,,,,,
2025-11-28,GBPCHF,10,0.00045194335643272687,Neutral,Neutral,Neutral,Neutral,,,,,,
2025-11-28,GBPAUD,5,-0.006007226515065134,Very Bearish,Very Bearish,Very Bearish,Very Bearish,Very Bearish,-1.0,-1.0,-1.0,-1.0,-1.0
2025-11-28,GBPAUD,10,-0.00450046342877819,Very Bearish,Very Bearish,Very Bearish,Very Bearish,Very Bearish,-1.0,-1.0,-1.0,-1.0,-1.0
2025-11-28,GBPNZD,5,0.0008292665983569147,Neutral,Neutral,Neutral,Neutral,,,,,,
2025-11-28,GBPNZD,10,-0.0009551761865894681,Neutral,Neutral,Neutral,Neutral,,,,,,
2025-11-28,GBPCAD,5,-0.0036694069956865194,Bearish,Bearish,Bearish,Bearish,Bearish,-1.0,-1.0,-1.0,-1.0,-1.0
2025-11-28,GBPCAD,10,-0.004280974828300921,Bearish,Bearish,Bearish,Bearish,Bearish,-1.0,-1.0,-1.0,-1.0,-1.0
2025-11-28,AUDJPY,5,0.008611325850613083,Very Bullish,Very Bullish,Very Bullish,Very Bullish,Very Bullish,1.0,1.0,1.0,1.0,1.0
2025-11-28,AUDJPY,10,0.013660694190290812,Very Bullish,Very Bullish,Very Bullish,Very Bullish,Very Bullish,1.0,1.0,1.0,1.0,1.0
2025-11-28,NZDJPY,5,0.002359888604310356,Bullish,Neutral,Neutral,Bullish,,1.0,,,1.0,
2025-11-28,NZDJPY,10,0.01065864379103254,Bullish,Neutral,Neutral,Bullish,,1.0,,,1.0,
2025-11-28,CADJPY,5,0.0063950988822012445,Bullish,Bullish,Bullish,Bullish,Bullish,1.0,1.0,1.0,1.0,1.0
2025-11-28,CADJPY,10,0.0128618515333907,Bullish,Bullish,Bullish,Bullish,Bullish,1.0,1.0,1.0,1.0,1.0
2025-11-28,CHFJPY,5,-0.006061636951244065,Neutral,Neutral,Neutral,Neutral,,,,,,
2025-11-28,CHFJPY,10,0.008808960501425211,Neutral,Neutral,Neutral,Neutral,,,,,,
2025-11-28,AUDNZD,5,0.008493537716396382,Bullish,Bullish,Bullish,Bullish,,1.0,1.0,1.0,1.0,
2025-11-28,AUDNZD,10,0.004624064438575326,Bullish,Bullish,Bullish,Bullish,,1.0,1.0,1.0,1.0,
2025-11-28,AUDCAD,5,0.0028970297246180277,Bullish,Bullish,Bullish,Bullish,Bullish,1.0,1.0,1.0,1.0,1.0
2025-11-28,AUDCAD,10,0.0013227947044482935,Bullish,Bullish,Bullish,Bullish,Bullish,1.0,1.0,1.0,1.0,1.0
2025-11-28,AUDCHF,5,0.014797626293365784,Bullish,Bullish,Bullish,Bullish,,1.0,1.0,1.0,1.0,
2025-11-28,AUDCHF,10,0.005629945222154431,Bullish,Bullish,Bullish,Bullish,,1.0,1.0,1.0,1.0,
2025-11-28,NZDCAD,5,-0.002837358132093404,Bearish,Bearish,Bearish,Bearish,,-1.0,-1.0,-1.0,-1.0,
2025-11-28,NZDCAD,10,-0.0019124043797809076,Bearish,Bearish,Bearish,Bearish,,-1.0,-1.0,-1.0,-1.0,
2025-11-28,NZDCHF,5,0.008478998173754304,Neutral,Neutral,Neutral,Neutral,,,,,,
2025-11-28,NZDCHF,10,0.0029567788503348513,Neutral,Neutral,Neutral,Neutral,,,,,,
2025-11-28,CADCHF,5,0.012520897185845703,Neutral,Neutral,Neutral,Neutral,,,,,,
2025-11-28,CADCHF,10,0.005084981889105666,Neutral,Neutral,Neutral,Neutral,,,,,,
2025-12-05,EURUSD,5,0.008400329828901265,Bullish,Bullish,Bullish,Bullish,Bullish,1.0,1.0,1.0,1.0,1.0
2025-12-05,EURUSD,10,0.005729059300487727,Bullish,Bullish,Bullish,Bullish,Bullish,1.0,1.0,1.0,1.0,1.0
2025-12-05,GBPUSD,5,0.0026857117136040998,Neutral,Neutral,Neutral,Neutral,Neutral,,,,,
2025-12-05,GBPUSD,10,0.0031658389473210313,Neutral,Neutral,Neutral,Neutral,Neutral,,,,,
2025-12-05,USDJPY,5,0.003096672847136439,Neutral,Neutral,Neutral,Neutral,Neutral,,,,,
2025-12-05,USDJPY,10,0.015296662546353534,Neutral,Neutral,Neutral,Neutral,Neutral,,,,,
2025-12-05,USDCHF,5,-0.010987508545149405,Bearish,Bearish,Bearish,Bearish,,-1.0,-1.0,-1.0,-1.0,
2025-12-05,USDCHF,10,-0.011621403268908037,Bearish,Bearish,Bearish,Bearish,,-1.0,-1.0,-1.0,-1.0,
2025-12-05,USDCAD,5,-0.0032285151725734984,Bearish,Bearish,Bearish,Bearish,Bearish,-1.0,-1.0,-1.0,-1.0,-1.0
2025-12-05,USDCAD,10,-0.0011364952513319704,Bearish,Bearish,Bearish,Bearish,Bearish,-1.0,-1.0,-1.0,-1.0,-1.0
2025-12-05,AUDUSD,5,0.0016873822975518316,Bullish,Bullish,Bullish,Bullish,Bullish,1.0,1.0,1.0,1.0,1.0
2025-12-05,AUDUSD,10,-0.004429378531073391,Bullish,Bullish,Bullish,Bullish,Bullish,1.0,1.0,1.0,1.0,1.0
2025-12-05,NZDUSD,5,0.004709304338792908,Neutral,Neutral,Neutral,Neutral,,,,,,
2025-12-05,NZDUSD,10,-0.003670487205235662,Neutral,Neutral,Neutral,Neutral,,,,,,
2025-12-05,EURGBP,5,0.005097657368692277,Bullish,Bullish,Bullish,Bullish,Bullish,1.0,1.0,1.0,1.0,1.0
2025-12-05,EURGBP,10,0.002462913110716558,Bullish,Bullish,Bullish,Bullish,Bullish,1.0,1.0,1.0,1.0,1.0
2025-12-05,EURJPY,5,0.01092557779497949,Neutral,Neutral,Neutral,Neutral,Neutral,,,,,
2025-12-05,EURJPY,10,0.020778502709277724,Neutral,Neutral,Neutral,Neutral,Neutral,,,,,
2025-12-05,EURCHF,5,-0.002404668262653842,Neutral,Neutral,Neutral,Neutral,,,,,,
2025-12-05,EURCHF,10,-0.005429206566347489,Neutral,Neutral,Neutral,Neutral,,,,,,
2025-12-05,EURAUD,5,0.006875128480390957,Neutral,Neutral,Neutral,Neutral,Neutral,,,,,
2025-12-05,EURAUD,10,0.010621045659075845,Neutral,Neutral,Neutral,Neutral,Neutral,,,,,
2025-12-05,EURNZD,5,0.003347188907594889,Neutral,Neutral,Neutral,Neutral,,,,,,
2025-12-05,EURNZD,10,0.008849689366964064,Neutral,Neutral,Neutral,Neutral,,,,,,
2025-12-05,EURCAD,5,0.004913638144759425,Neutral,Neutral,Neutral,Neutral,Neutral,,,,,
2025-12-05,EURCAD,10,0.004391175354683918,Neutral,Neutral,Neutral,Neutral,Neutral,,,,,
2025-12-05,GBPJPY,5,0.005248114637749657,Neutral,Neutral,Neutral,Neutral,Neutral,,,,,
2025-12-05,GBPJPY,10,0.01835633105126444,Neutral,Neutral,Neutral,Neutral,Neutral,,,,,
2025-12-05,GBPCHF,5,-0.008028679188916588,Bearish,Bearish,Bearish,Bearish,,-1.0,-1.0,-1.0,-1.0,
2025-12-05,GBPCHF,10,-0.007972665148063829,Bearish,Bearish,Bearish,Bearish,,-1.0,-1.0,-1.0,-1.0,
2025-12-05,GBPAUD,5,0.0015158692562766696,Bearish,Bearish,Bearish,Bearish,Bearish,-1.0,-1.0,-1.0,-1.0,-1.0
2025-12-05,GBPAUD,10,0.008417063501957145,Bearish,Bearish,Bearish,Bearish,Bearish,-1.0,-1.0,-1.0,-1.0,-1.0
2025-12-05,GBPNZD,5,-0.0017829642322624295,Neutral,Neutral,Neutral,Neutral,,,,,,
2025-12-05,GBPNZD,10,0.006763117367633242,Neutral,Neutral,Neutral,Neutral,,,,,,
2025-12-05,GBPCAD,5,-0.0006138201887089245,Very Bearish,Very Bearish,Very Bearish,Very Bearish,Very Bearish,-1.0,-1.0,-1.0,-1.0,-1.0
2025-12-05,GBPCAD,10,0.0019120770480136606,Very Bearish,Very Bearish,Very Bearish,Very Bearish,Very Bearish,-1.0,-1.0,-1.0,-1.0,-1.0
2025-12-05,AUDJPY,5,0.005006257822277815,Neutral,Neutral,Neutral,Neutral,Neutral,,,,,
2025-12-05,AUDJPY,10,0.010827487848182216,Neutral,Neutral,Neutral,Neutral,Neutral,,,,,
2025-12-05,NZDJPY,5,0.008279217156501817,Neutral,Neutral,Neutral,Bullish,,,,,1.0,
2025-12-05,NZDJPY,10,0.012296088014103645,Neutral,Neutral,Neutral,Bullish,,,,,1.0,
2025-12-05,CADJPY,5,0.006425659920613835,Bullish,Bullish,Bullish,Bullish,Bullish,1.0,1.0,1.0,1.0,1.0
2025-12-05,CADJPY,10,0.016482440682793253,Bullish,Bullish,Bullish,Bullish,Bullish,1.0,1.0,1.0,1.0,1.0
2025-12-05,CHFJPY,5,0.014961287344877228,Neutral,Neutral,Neutral,Bullish,,,,,1.0,
2025-12-05,CHFJPY,10,0.02797786662932822,Neutral,Neutral,Neutral,Bullish,,,,,1.0,
2025-12-05,AUDNZD,5,-0.003836884554147102,Bullish,Bullish,Bullish,Neutral,,1.0,1.0,1.0,,
2025-12-05,AUDNZD,10,-0.00170528202406528,Bullish,Bullish,Bullish,Neutral,,1.0,1.0,1.0,,
2025-12-05,AUDCAD,5,-0.0015696875885674588,Neutral,Neutral,Neutral,Neutral,Neutral,,,,,
2025-12-05,AUDCAD,10,-0.006017135756175129,Neutral,Neutral,Neutral,Neutral,Neutral,,,,,
2025-12-05,AUDCHF,5,-0.0090339993252615,Neutral,Neutral,Neutral,Neutral,,,,,,
2025-12-05,AUDCHF,10,-0.015668928290287543,Neutral,Neutral,Neutral,Neutral,,,,,,
2025-12-05,NZDCAD,5,0.000927585644985518,Very Bearish,Very Bearish,Very Bearish,Bearish,,-1.0,-1.0,-1.0,-1.0,
2025-12-05,NZDCAD,10,-0.004362159519661013,Very Bearish,Very Bearish,Very Bearish,Bearish,,-1.0,-1.0,-1.0,-1.0,
2025-12-05,NZDCHF,5,-0.005475790109084611,Neutral,Neutral,Neutral,Neutral,,,,,,
2025-12-05,NZDCHF,10,-0.01388349933169486,Neutral,Neutral,Neutral,Neutral,,,,,,
2025-12-05,CADCHF,5,-0.007343962299846907,Neutral,Bullish,Bullish,Neutral,,,1.0,1.0,,
2025-12-05,CADCHF,10,-0.009786216741482168,Neutral,Bullish,Bullish,Neutral,,,1.0,1.0,,
2025-12-12,EURUSD,5,-0.002649017904294837,Neutral,Neutral,Neutral,Neutral,Neutral,,,,,
2025-12-12,EURUSD,10,0.0027171598439550415,Neutral,Neutral,Neutral,Neutral,Neutral,,,,,
2025-12-12,GBPUSD,5,0.00047884120428554056,Neutral,Neutral,Neutral,Neutral,Neutral,,,,,
2025-12-12,GBPUSD,10,0.010946010654216742,Neutral,Neutral,Neutral,Neutral,Neutral,,,,,
2025-12-12,USDJPY,5,0.012162326951588254,Neutral,Neutral,Neutral,Neutral,Neutral,,,,,
2025-12-12,USDJPY,10,0.0014248214159644501,Neutral,Neutral,Neutral,Neutral,Neutral,,,,,
2025-12-12,USDCHF,5,-0.0006409370247955071,Bearish,Bearish,Bearish,Bearish,,-1.0,-1.0,-1.0,-1.0,
2025-12-12,USDCHF,10,-0.008457855248771518,Bearish,Bearish,Bearish,Bearish,,-1.0,-1.0,-1.0,-1.0,
2025-12-12,USDCAD,5,0.002098795915699503,Bearish,Bearish,Bearish,Bearish,Bearish,-1.0,-1.0,-1.0,-1.0,-1.0
2025-12-12,USDCAD,10,-0.0059695856148964666,Bearish,Bearish,Bearish,Bearish,Bearish,-1.0,-1.0,-1.0,-1.0,-1.0
2025-12-12,AUDUSD,5,-0.006106456901349033,Bullish,Neutral,Neutral,Neutral,Neutral,1.0,,,,
2025-12-12,AUDUSD,10,0.00663287559974135,Bullish,Neutral,Neutral,Neutral,Neutral,1.0,,,,
2025-12-12,NZDUSD,5,-0.008340513527485882,Neutral,Neutral,Neutral,Neutral,,,,,,
2025-12-12,NZDUSD,10,-8.616232982938676e-05,Neutral,Neutral,Neutral,Neutral,,,,,,
2025-12-12,EURGBP,5,-0.002621381354000474,Bullish,Bullish,Bullish,Bullish,Bullish,1.0,1.0,1.0,1.0,1.0
2025-12-12,EURGBP,10,-0.007681787098244741,Bullish,Bullish,Bullish,Bullish,Bullish,1.0,1.0,1.0,1.0,1.0
2025-12-12,EURJPY,5,0.009746439432059217,Neutral,Neutral,Neutral,Neutral,Neutral,,,,,
2025-12-12,EURJPY,10,0.004435669124242425,Neutral,Neutral,Neutral,Neutral,Neutral,,,,,
2025-12-12,EURCHF,5,-0.003031828846298046,Neutral,Neutral,Neutral,Neutral,,,,,,
2025-12-12,EURCHF,10,-0.005945812755107416,Neutral,Neutral,Neutral,Neutral,,,,,,
2025-12-12,EURAUD,5,0.003720339367542458,Neutral,Neutral,Neutral,Neutral,Neutral,,,,,
2025-12-12,EURAUD,10,-0.003346036931173746,Neutral,Neutral,Neutral,Neutral,Neutral,,,,,
2025-12-12,EURNZD,5,0.005484143993426782,Neutral,Neutral,Neutral,Neutral,,,,,,
2025-12-12,EURNZD,10,0.0032469300177688787,Neutral,Neutral,Neutral,Neutral,,,,,,
2025-12-12,EURCAD,5,-0.0005199081495602664,Bearish,Bearish,Bearish,Bearish,Bearish,-1.0,-1.0,-1.0,-1.0,-1.0
2025-12-12,EURCAD,10,-0.0032061002556215135,Bearish,Bearish,Bearish,Bearish,Bearish,-1.0,-1.0,-1.0,-1.0,-1.0
2025-12-12,GBPJPY,5,0.013039782141982315,Neutral,Neutral,Neutral,Neutral,Neutral,,,,,
2025-12-12,GBPJPY,10,0.012074406005504024,Neutral,Neutral,Neutral,Neutral,Neutral,,,,,
2025-12-12,GBPCHF,5,5.6467399488058234e-05,Bearish,Neutral,Neutral,Bearish,,-1.0,,,-1.0,
2025-12-12,GBPCHF,10,0.0020328263815692083,Bearish,Neutral,Neutral,Bearish,,-1.0,,,-1.0,
2025-12-12,GBPAUD,5,0.006890748771465116,Bearish,Bearish,Bearish,Bearish,Bearish,-1.0,-1.0,-1.0,-1.0,-1.0
2025-12-12,GBPAUD,10,0.004411274141270294,Bearish,Bearish,Bearish,Bearish,Bearish,-1.0,-1.0,-1.0,-1.0,-1.0
2025-12-12,GBPNZD,5,0.008561346173903805,Neutral,Neutral,Neutral,Neutral,,,,,,
2025-12-12,GBPNZD,10,0.010890727670966216,Neutral,Neutral,Neutral,Neutral,,,,,,
2025-12-12,GBPCAD,5,0.0025274486357211856,Bearish,Bearish,Bearish,Bearish,Bearish,-1.0,-1.0,-1.0,-1.0,-1.0
2025-12-12,GBPCAD,10,0.004690727252962157,Bearish,Bearish,Bearish,Bearish,Bearish,-1.0,-1.0,-1.0,-1.0,-1.0
2025-12-12,AUDJPY,5,0.005792232616061765,Neutral,Neutral,Neutral,Neutral,Neutral,,,,,
2025-12-12,AUDJPY,10,0.00766505449525523,Neutral,Neutral,Neutral,Neutral,Neutral,,,,,
2025-12-12,NZDJPY,5,0.003983887388783192,Bullish,Neutral,Neutral,Bullish,,1.0,,,1.0,
2025-12-12,NZDJPY,10,0.001128768093488386,Bullish,Neutral,Neutral,Bullish,,1.0,,,1.0,
2025-12-12,CADJPY,5,0.0099925718934597,Bullish,Bullish,Bullish,Bullish,Bullish,1.0,1.0,1.0,1.0,1.0
2025-12-12,CADJPY,10,0.007622652187754264,Bullish,Bullish,Bullish,Bullish,Bullish,1.0,1.0,1.0,1.0,1.0
2025-12-12,CHFJPY,5,0.012824705185064067,Neutral,Neutral,Neutral,Bullish,,,,,1.0,
2025-12-12,CHFJPY,10,0.01074005191195404,Neutral,Neutral,Neutral,Bullish,,,,,1.0,
2025-12-12,AUDNZD,5,0.002139812744549996,Neutral,Neutral,Neutral,Neutral,,,,,,
2025-12-12,AUDNZD,10,0.006367034656232562,Neutral,Neutral,Neutral,Neutral,,,,,,
2025-12-12,AUDCAD,5,-0.004454440247177782,Neutral,Neutral,Neutral,Neutral,Neutral,,,,,
2025-12-12,AUDCAD,10,0.00019651942266962763,Neutral,Neutral,Neutral,Neutral,Neutral,,,,,
2025-12-12,AUDCHF,5,-0.00669541534271445,Neutral,Neutral,Neutral,Neutral,,,,,,
2025-12-12,AUDCHF,10,-0.002534422756846788,Neutral,Neutral,Neutral,Neutral,,,,,,
2025-12-12,NZDCAD,5,-0.005284843020124996,Bearish,Bearish,Bearish,Bearish,,-1.0,-1.0,-1.0,-1.0,
2025-12-12,NZDCAD,10,-0.006411942242426583,Bearish,Bearish,Bearish,Bearish,,-1.0,-1.0,-1.0,-1.0,
2025-12-12,NZDCHF,5,-0.008454001560738833,Neutral,Neutral,Neutral,Neutral,,,,,,
2025-12-12,NZDCHF,10,-0.009407786352206737,Neutral,Neutral,Neutral,Neutral,,,,,,
2025-12-12,CADCHF,5,-0.0024603229607040866,Neutral,Neutral,Neutral,Neutral,,,,,,
2025-12-12,CADCHF,10,-0.002668237577101662,Neutral,Neutral,Neutral,Neutral,,,,,,
2025-12-19,EURUSD,5,0.005380430605255837,Bullish,Bullish,Bullish,Bullish,Bullish,1.0,1.0,1.0,1.0,1.0
2025-12-19,EURUSD,10,-0.0017849365023784314,Bullish,Bullish,Bullish,Bullish,Bullish,1.0,1.0,1.0,1.0,1.0
2025-12-19,GBPUSD,5,0.010462159736763343,Bullish,Bullish,Bullish,Bullish,Bullish,1.0,1.0,1.0,1.0,1.0
2025-12-19,GBPUSD,10,0.009624588692791036,Bullish,Bullish,Bullish,Bullish,Bullish,1.0,1.0,1.0,1.0,1.0
2025-12-19,USDJPY,5,-0.010608481712575446,Neutral,Neutral,Neutral,Neutral,Neutral,,,,,
2025-12-19,USDJPY,10,-0.006613655963070064,Neutral,Neutral,Neutral,Neutral,Neutral,,,,,
2025-12-19,USDCHF,5,-0.007821931589537257,Bearish,Bearish,Bearish,Bearish,,-1.0,-1.0,-1.0,-1.0,
2025-12-19,USDCHF,10,0.0005281690140843676,Bearish,Bearish,Bearish,Bearish,,-1.0,-1.0,-1.0,-1.0,
2025-12-19,USDCAD,5,-0.008051483110727786,Bearish,Bearish,Bearish,Bearish,Bearish,-1.0,-1.0,-1.0,-1.0,-1.0
2025-12-19,USDCAD,10,0.0011377883423802082,Bearish,Bearish,Bearish,Bearish,Bearish,-1.0,-1.0,-1.0,-1.0,-1.0
2025-12-19,AUDUSD,5,0.0128176026391853,Bullish,Bullish,Bullish,Bullish,Bullish,1.0,1.0,1.0,1.0,1.0
2025-12-19,AUDUSD,10,0.019657692831524853,Bullish,Bullish,Bullish,Bullish,Bullish,1.0,1.0,1.0,1.0,1.0
2025-12-19,NZDUSD,5,0.008323775761999164,Bullish,Bullish,Bullish,Neutral,,1.0,1.0,1.0,,
2025-12-19,NZDUSD,10,0.005022069301080956,Bullish,Bullish,Bullish,Neutral,,1.0,1.0,1.0,,
2025-12-19,EURGBP,5,-0.005073705862187139,Neutral,Neutral,Neutral,Neutral,Neutral,,,,,
2025-12-19,EURGBP,10,-0.011278711004456543,Neutral,Neutral,Neutral,Neutral,Neutral,,,,,
2025-12-19,EURJPY,5,-0.005259508823625025,Neutral,Neutral,Neutral,Neutral,Neutral,,,,,
2025-12-19,EURJPY,10,-0.008211550336370221,Neutral,Neutral,Neutral,Neutral,Neutral,,,,,
2025-12-19,EURCHF,5,-0.0029228454760369393,Neutral,Neutral,Neutral,Neutral,,,,,,
2025-12-19,EURCHF,10,-0.0019127444659359227,Neutral,Neutral,Neutral,Neutral,,,,,,
2025-12-19,EURAUD,5,-0.007040184423450779,Neutral,Neutral,Neutral,Neutral,Neutral,,,,,
2025-12-19,EURAUD,10,-0.02066853500881438,Neutral,Neutral,Neutral,Neutral,Neutral,,,,,
2025-12-19,EURNZD,5,-0.00222501169115652,Neutral,Neutral,Neutral,Neutral,,,,,,
2025-12-19,EURNZD,10,-0.006261537325555566,Neutral,Neutral,Neutral,Neutral,,,,,,
2025-12-19,EURCAD,5,-0.0026875894056959115,Neutral,Neutral,Neutral,Neutral,Neutral,,,,,
2025-12-19,EURCAD,10,-0.0006316454363617385,Neutral,Neutral,Neutral,Neutral,Neutral,,,,,
2025-12-19,GBPJPY,5,-0.0009529498776810197,Neutral,Neutral,Neutral,Neutral,Neutral,,,,,
2025-12-19,GBPJPY,10,0.0022140676262538683,Neutral,Neutral,Neutral,Neutral,Neutral,,,,,
2025-12-19,GBPCHF,5,0.0019762473885305276,Neutral,Neutral,Neutral,Neutral,,,,,,
2025-12-19,GBPCHF,10,0.009410701850143921,Neutral,Neutral,Neutral,Neutral,,,,,,
2025-12-19,GBPAUD,5,-0.0024625061191794195,Neutral,Neutral,Neutral,Neutral,Neutral,,,,,
2025-12-19,GBPAUD,10,-0.0099686994704129,Neutral,Neutral,Neutral,Neutral,Neutral,,,,,
2025-12-19,GBPNZD,5,0.002309608142230468,Neutral,Neutral,Neutral,Neutral,,,,,,
2025-12-19,GBPNZD,10,0.004791575101045442,Neutral,Neutral,Neutral,Neutral,,,,,,
2025-12-19,GBPCAD,5,0.0021578248258289356,Bearish,Bearish,Bearish,Bearish,Bearish,-1.0,-1.0,-1.0,-1.0,-1.0
2025-12-19,GBPCAD,10,0.010539727289978096,Bearish,Bearish,Bearish,Bearish,Bearish,-1.0,-1.0,-1.0,-1.0,-1.0
2025-12-19,AUDJPY,5,0.0018620365304693465,Neutral,Neutral,Neutral,Neutral,Neutral,,,,,
2025-12-19,AUDJPY,10,0.012592741896781723,Neutral,Neutral,Neutral,Neutral,Neutral,,,,,
2025-12-19,NZDJPY,5,-0.0028437899563512614,Bullish,Neutral,Neutral,Bullish,,1.0,,,1.0,
2025-12-19,NZDJPY,10,-0.0021824434548741722,Bullish,Neutral,Neutral,Bullish,,1.0,,,1.0,
2025-12-19,CADJPY,5,-0.0023464724114381497,Neutral,Neutral,Neutral,Neutral,Neutral,,,,,
2025-12-19,CADJPY,10,-0.007757367748261967,Neutral,Neutral,Neutral,Neutral,Neutral,,,,,
2025-12-19,CHFJPY,5,-0.0020582567372594562,Neutral,Neutral,Neutral,Neutral,,,,,,
2025-12-19,CHFJPY,10,-0.006966795475870979,Neutral,Neutral,Neutral,Neutral,,,,,,
2025-12-19,AUDNZD,5,0.0042181957626306055,Neutral,Neutral,Neutral,Neutral,,,,,,
2025-12-19,AUDNZD,10,0.015033858864747618,Neutral,Neutral,Neutral,Neutral,,,,,,
2025-12-19,AUDCAD,5,0.004671769789222013,Neutral,Neutral,Neutral,Neutral,Neutral,,,,,
2025-12-19,AUDCAD,10,0.02080363213651215,Neutral,Neutral,Neutral,Neutral,Neutral,,,,,
2025-12-19,AUDCHF,5,0.004189039948208295,Neutral,Neutral,Neutral,Bearish,,,,,-1.0,
2025-12-19,AUDCHF,10,0.01930766594310529,Neutral,Neutral,Neutral,Bearish,,,,,-1.0,
2025-12-19,NZDCAD,5,-0.0011330874113988365,Bearish,Bearish,Bearish,Neutral,,-1.0,-1.0,-1.0,,
2025-12-19,NZDCAD,10,0.004960404889901682,Bearish,Bearish,Bearish,Neutral,,-1.0,-1.0,-1.0,,
2025-12-19,NZDCHF,5,-0.0009619168379170207,Neutral,Neutral,Neutral,Neutral,,,,,,
2025-12-19,NZDCHF,10,0.004459796248524217,Neutral,Neutral,Neutral,Neutral,,,,,,
2025-12-19,CADCHF,5,-0.00020842741515270102,Neutral,Neutral,Neutral,Neutral,,,,,,
2025-12-19,CADCHF,10,-0.0011289818320771028,Neutral,Neutral,Neutral,Neutral,,,,,,
2025-12-26,EURUSD,5,-0.00425615060486606,Bullish,Bullish,Bullish,Bullish,Bullish,1.0,1.0,1.0,1.0,1.0
2025-12-26,EURUSD,10,-0.008911580807394182,Bullish,Bullish,Bullish,Bullish,Bullish,1.0,1.0,1.0,1.0,1.0
2025-12-26,GBPUSD,5,0.00340136054421758,Bullish,Bullish,Bullish,Bullish,Bullish,1.0,1.0,1.0,1.0,1.0
2025-12-26,GBPUSD,10,-0.0022898048108132008,Bullish,Bullish,Bullish,Bullish,Bullish,1.0,1.0,1.0,1.0,1.0
2025-12-26,USDJPY,5,-0.0008305382526753169,Neutral,Neutral,Neutral,Neutral,Neutral,,,,,
2025-12-26,USDJPY,10,0.010400894425810492,Neutral,Neutral,Neutral,Neutral,Neutral,,,,,
2025-12-26,USDCHF,5,0.002978340494024234,Bearish,Bearish,Bearish,Bearish,,-1.0,-1.0,-1.0,-1.0,
2025-12-26,USDCHF,10,0.010481223781098281,Bearish,Bearish,Bearish,Bearish,,-1.0,-1.0,-1.0,-1.0,
2025-12-26,USDCAD,5,0.007704690129509029,Bearish,Bearish,Bearish,Bearish,Bearish,-1.0,-1.0,-1.0,-1.0,-1.0
2025-12-26,USDCAD,10,0.015497182995536596,Bearish,Bearish,Bearish,Bearish,Bearish,-1.0,-1.0,-1.0,-1.0,-1.0
2025-12-26,AUDUSD,5,0.0004619488279911099,Bullish,Bullish,Bullish,Bullish,Bullish,1.0,1.0,1.0,1.0,1.0
2025-12-26,AUDUSD,10,-0.00020862205135085965,Bullish,Bullish,Bullish,Bullish,Bullish,1.0,1.0,1.0,1.0,1.0
2025-12-26,NZDUSD,5,-0.0066935553076461485,Bullish,Bullish,Bullish,Bullish,,1.0,1.0,1.0,1.0,
2025-12-26,NZDUSD,10,-0.009714236677250465,Bullish,Bullish,Bullish,Bullish,,1.0,1.0,1.0,1.0,
2025-12-26,EURGBP,5,-0.007617212146241226,Neutral,Neutral,Neutral,Neutral,Neutral,,,,,
2025-12-26,EURGBP,10,-0.006458569937249803,Neutral,Neutral,Neutral,Neutral,Neutral,,,,,
2025-12-26,EURJPY,5,-0.005482218072864642,Neutral,Neutral,Neutral,Neutral,Neutral,,,,,
2025-12-26,EURJPY,10,0.001503539016023181,Neutral,Neutral,Neutral,Neutral,Neutral,,,,,
2025-12-26,EURCHF,5,-0.001508523155830388,Neutral,Neutral,Neutral,Neutral,,,,,,
2025-12-26,EURCHF,10,0.0012930198478546817,Neutral,Neutral,Neutral,Neutral,,,,,,
2025-12-26,EURAUD,5,-0.004110480583688125,Neutral,Neutral,Neutral,Neutral,Neutral,,,,,
2025-12-26,EURAUD,10,-0.008129617154405633,Neutral,Neutral,Neutral,Neutral,Neutral,,,,,
2025-12-26,EURNZD,5,0.0024282068435790283,Neutral,Neutral,Neutral,Neutral,,,,,,
2025-12-26,EURNZD,10,0.0007730617706087628,Neutral,Neutral,Neutral,Neutral,,,,,,
2025-12-26,EURCAD,5,0.0030961869649284157,Neutral,Neutral,Neutral,Neutral,Neutral,,,,,
2025-12-26,EURCAD,10,0.0061675049582512464,Neutral,Neutral,Neutral,Neutral,Neutral,,,,,
2025-12-26,GBPJPY,5,0.0018269854267147778,Neutral,Neutral,Neutral,Neutral,Neutral,,,,,
2025-12-26,GBPJPY,10,0.007932713925320911,Neutral,Neutral,Neutral,Neutral,Neutral,,,,,
2025-12-26,GBPCHF,5,0.006025512074524508,Neutral,Neutral,Neutral,Neutral,,,,,,
2025-12-26,GBPCHF,10,0.007830345644429082,Neutral,Neutral,Neutral,Neutral,,,,,,
2025-12-26,GBPAUD,5,0.003225565593966806,Neutral,Neutral,Neutral,Neutral,Neutral,,,,,
2025-12-26,GBPAUD,10,-0.001782025436173118,Neutral,Neutral,Neutral,Neutral,Neutral,,,,,
2025-12-26,GBPNZD,5,0.010188158912801892,Neutral,Neutral,Neutral,Neutral,,,,,,
2025-12-26,GBPNZD,10,0.0075600720994868364,Neutral,Neutral,Neutral,Neutral,,,,,,
2025-12-26,GBPCAD,5,0.010628087432286604,Bearish,Bearish,Bearish,Bearish,Bearish,-1.0,-1.0,-1.0,-1.0,-1.0
2025-12-26,GBPCAD,10,0.012742859931567985,Bearish,Bearish,Bearish,Bearish,Bearish,-1.0,-1.0,-1.0,-1.0,-1.0
2025-12-26,AUDJPY,5,-0.0008378638280854833,Neutral,Neutral,Neutral,Neutral,Neutral,,,,,
2025-12-26,AUDJPY,10,0.009749688181359462,Neutral,Neutral,Neutral,Neutral,Neutral,,,,,
2025-12-26,NZDJPY,5,-0.007244626901714679,Bullish,Neutral,Neutral,Bullish,,1.0,,,1.0,
2025-12-26,NZDJPY,10,0.0008781365941472608,Bullish,Neutral,Neutral,Bullish,,1.0,,,1.0,
2025-12-26,CADJPY,5,-0.008561943036868636,Neutral,Neutral,Neutral,Neutral,Neutral,,,,,
2025-12-26,CADJPY,10,-0.0051196924689848045,Neutral,Neutral,Neutral,Neutral,Neutral,,,,,
2025-12-26,CHFJPY,5,-0.003828402814556986,Neutral,Neutral,Neutral,Neutral,,,,,,
2025-12-26,CHFJPY,10,0.00012610022445835867,Neutral,Neutral,Neutral,Neutral,,,,,,
2025-12-26,AUDNZD,5,0.007749106374096648,Neutral,Neutral,Neutral,Neutral,,,,,,
2025-12-26,AUDNZD,10,0.010914846800775813,Neutral,Neutral,Neutral,Neutral,,,,,,
2025-12-26,AUDCAD,5,0.007672188317349615,Neutral,Neutral,Neutral,Neutral,Neutral,,,,,
2025-12-26,AUDCAD,10,0.014843068875326937,Neutral,Neutral,Neutral,Neutral,Neutral,,,,,
2025-12-26,AUDCHF,5,0.0026454026680775566,Neutral,Neutral,Neutral,Neutral,,,,,,
2025-12-26,AUDCHF,10,0.009485658138392417,Neutral,Neutral,Neutral,Neutral,,,,,,
2025-12-26,NZDCAD,5,0.0013327465895516255,Neutral,Neutral,Neutral,Neutral,,,,,,
2025-12-26,NZDCAD,10,0.006852329163261395,Neutral,Neutral,Neutral,Neutral,,,,,,
2025-12-26,NZDCHF,5,-0.003963069419040122,Neutral,Neutral,Neutral,Neutral,,,,,,
2025-12-26,NZDCHF,10,0.0004355021339605969,Neutral,Neutral,Neutral,Neutral,,,,,,
2025-12-26,CADCHF,5,-0.004458631876615549,Neutral,Neutral,Neutral,Neutral,,,,,,
2025-12-26,CADCHF,10,-0.004753560833434478,Neutral,Neutral,Neutral,Neutral,,,,,,
2026-01-02,EURUSD,5,-0.007082092545031005,Bullish,Bullish,Bullish,Bullish,Bullish,1.0,1.0,1.0,1.0,1.0
2026-01-02,EURUSD,10,-0.010341561644069297,Bullish,Bullish,Bullish,Bullish,Bullish,1.0,1.0,1.0,1.0,1.0
2026-01-02,GBPUSD,5,-0.004258196843137885,Bullish,Bullish,Bullish,Bullish,Bullish,1.0,1.0,1.0,1.0,1.0
2026-01-02,GBPUSD,10,-0.006012009155494713,Bullish,Bullish,Bullish,Bullish,Bullish,1.0,1.0,1.0,1.0,1.0
2026-01-02,USDJPY,5,0.006944134470071361,Neutral,Neutral,Neutral,Neutral,Neutral,,,,,
2026-01-02,USDJPY,10,0.007773094507820932,Neutral,Neutral,Neutral,Neutral,Neutral,,,,,
2026-01-02,USDCHF,5,0.01119793968009497,Bearish,Neutral,Neutral,Bearish,,-1.0,,,-1.0,
2026-01-02,USDCHF,10,0.013192612137203241,Bearish,Neutral,Neutral,Bearish,,-1.0,,,-1.0,
2026-01-02,USDCAD,5,0.013410743163507766,Bearish,Bearish,Bearish,Bearish,Bearish,-1.0,-1.0,-1.0,-1.0,-1.0
2026-01-02,USDCAD,10,0.013549148443305015,Bearish,Bearish,Bearish,Bearish,Bearish,-1.0,-1.0,-1.0,-1.0,-1.0
2026-01-02,AUDUSD,5,-0.0011358711085205364,Bullish,Bullish,Bullish,Bullish,Bullish,1.0,1.0,1.0,1.0,1.0
2026-01-02,AUDUSD,10,-0.0017934806976639406,Bullish,Bullish,Bullish,Bullish,Bullish,1.0,1.0,1.0,1.0,1.0
2026-01-02,NZDUSD,5,-0.006987793036482115,Neutral,Neutral,Neutral,Bullish,,,,,1.0,
2026-01-02,NZDUSD,10,-0.003294492994867504,Neutral,Neutral,Neutral,Bullish,,,,,1.0,
2026-01-02,EURGBP,5,-0.0028037597959230665,Neutral,Neutral,Neutral,Neutral,Neutral,,,,,
2026-01-02,EURGBP,10,-0.0040332774113484016,Neutral,Neutral,Neutral,Neutral,Neutral,,,,,
2026-01-02,EURJPY,5,0.00010343569838155986,Neutral,Neutral,Neutral,Neutral,Neutral,,,,,
2026-01-02,EURJPY,10,-0.002030606078752606,Neutral,Neutral,Neutral,Neutral,Neutral,,,,,
2026-01-02,EURCHF,5,0.003968339551836397,Neutral,Neutral,Neutral,Neutral,,,,,,
2026-01-02,EURCHF,10,0.0031919252916945418,Neutral,Neutral,Neutral,Neutral,,,,,,
2026-01-02,EURAUD,5,-0.0062884452676590374,Neutral,Neutral,Neutral,Neutral,Neutral,,,,,
2026-01-02,EURAUD,10,-0.008678054469369534,Neutral,Neutral,Neutral,Neutral,Neutral,,,,,
2026-01-02,EURNZD,5,-0.0007490230669539022,Neutral,Neutral,Neutral,Neutral,,,,,,
2026-01-02,EURNZD,10,-0.0073719638694926815,Neutral,Neutral,Neutral,Neutral,,,,,,
2026-01-02,EURCAD,5,0.005956785325664571,Neutral,Neutral,Neutral,Neutral,Neutral,,,,,
2026-01-02,EURCAD,10,0.0030343541116120143,Neutral,Neutral,Neutral,Neutral,Neutral,,,,,
2026-01-02,GBPJPY,5,0.0031382290338330954,Neutral,Neutral,Neutral,Neutral,Neutral,,,,,
2026-01-02,GBPJPY,10,0.002398706784168647,Neutral,Neutral,Neutral,Neutral,Neutral,,,,,
2026-01-02,GBPCHF,5,0.006894349263600663,Neutral,Neutral,Neutral,Neutral,,,,,,
2026-01-02,GBPCHF,10,0.007439134355274879,Neutral,Neutral,Neutral,Neutral,,,,,,
2026-01-02,GBPAUD,5,-0.00334489778649405,Neutral,Neutral,Neutral,Neutral,Neutral,,,,,
2026-01-02,GBPAUD,10,-0.00433044802715743,Neutral,Neutral,Neutral,Neutral,Neutral,,,,,
2026-01-02,GBPNZD,5,0.0020165442438389025,Neutral,Neutral,Neutral,Neutral,,,,,,
2026-01-02,GBPNZD,10,-0.003089174160774366,Neutral,Neutral,Neutral,Neutral,,,,,,
2026-01-02,GBPCAD,5,0.008934518104582567,Neutral,Neutral,Neutral,Neutral,Neutral,,,,,
2026-01-02,GBPCAD,10,0.007375038580873516,Neutral,Neutral,Neutral,Neutral,Neutral,,,,,
2026-01-02,AUDJPY,5,0.005937914009855216,Neutral,Neutral,Neutral,Neutral,Neutral,,,,,
2026-01-02,AUDJPY,10,0.006233380036027691,Neutral,Neutral,Neutral,Neutral,Neutral,,,,,
2026-01-02,NZDJPY,5,0.0004867902818956882,Neutral,Neutral,Neutral,Bullish,,,,,1.0,
2026-01-02,NZDJPY,10,0.005000663804929806,Neutral,Neutral,Neutral,Bullish,,,,,1.0,
2026-01-02,CADJPY,5,-0.006203017399989519,Neutral,Neutral,Neutral,Neutral,Neutral,,,,,
2026-01-02,CADJPY,10,-0.005432020886996458,Neutral,Neutral,Neutral,Neutral,Neutral,,,,,
2026-01-02,CHFJPY,5,-0.003855755333879163,Neutral,Neutral,Neutral,Neutral,,,,,,
2026-01-02,CHFJPY,10,-0.0053515660531821,Neutral,Neutral,Neutral,Neutral,,,,,,
2026-01-02,AUDNZD,5,0.006133222918068393,Neutral,Neutral,Neutral,Neutral,,,,,,
2026-01-02,AUDNZD,10,0.0018201266325070797,Neutral,Neutral,Neutral,Neutral,,,,,,
2026-01-02,AUDCAD,5,0.01238329452218756,Neutral,Neutral,Neutral,Neutral,Neutral,,,,,
2026-01-02,AUDCAD,10,0.011860976299810755,Neutral,Neutral,Neutral,Neutral,Neutral,,,,,
2026-01-02,AUDCHF,5,0.010197529931638805,Neutral,Bullish,Bullish,Neutral,,,1.0,1.0,,
2026-01-02,AUDCHF,10,0.011897118253578531,Neutral,Bullish,Bullish,Neutral,,,1.0,1.0,,
2026-01-02,NZDCAD,5,0.0075568978807829534,Neutral,Neutral,Neutral,Neutral,,,,,,
2026-01-02,NZDCAD,10,0.011259525103306967,Neutral,Neutral,Neutral,Neutral,,,,,,
2026-01-02,NZDCHF,5,0.004689691444600186,Neutral,Neutral,Neutral,Neutral,,,,,,
2026-01-02,NZDCHF,10,0.010562762973352013,Neutral,Neutral,Neutral,Neutral,,,,,,
2026-01-02,CADCHF,5,-0.002030862161739977,Neutral,Neutral,Neutral,Neutral,,,,,,
2026-01-02,CADCHF,10,5.207338876256351e-05,Neutral,Neutral,Neutral,Neutral,,,,,,
2026-01-09,EURUSD,5,-0.0032827176089440524,Bullish,Bullish,Bullish,Bullish,Bullish,1.0,1.0,1.0,1.0,1.0
2026-01-09,EURUSD,10,0.016637019086167104,Bullish,Bullish,Bullish,Bullish,Bullish,1.0,1.0,1.0,1.0,1.0
2026-01-09,GBPUSD,5,-0.0017613123269473174,Neutral,Neutral,Neutral,Neutral,Neutral,,,,,
2026-01-09,GBPUSD,10,0.018150472792948902,Neutral,Neutral,Neutral,Neutral,Neutral,,,,,
2026-01-09,USDJPY,5,0.0008232433253962945,Neutral,Neutral,Neutral,Neutral,Neutral,,,,,
2026-01-09,USDJPY,10,-0.013925477481128823,Neutral,Neutral,Neutral,Neutral,Neutral,,,,,
2026-01-09,USDCHF,5,0.001972583585108323,Neutral,Neutral,Neutral,Neutral,,,,,,
2026-01-09,USDCHF,10,-0.025993158380983372,Neutral,Neutral,Neutral,Neutral,,,,,,
2026-01-09,USDCAD,5,0.00013657372465303297,Neutral,Neutral,Neutral,Neutral,Neutral,,,,,
2026-01-09,USDCAD,10,-0.015202811981109732,Neutral,Neutral,Neutral,Neutral,Neutral,,,,,
2026-01-09,AUDUSD,5,-0.0006583573982912316,Neutral,Neutral,Neutral,Neutral,Neutral,,,,,
2026-01-09,AUDUSD,10,0.03128693908697788,Neutral,Neutral,Neutral,Neutral,Neutral,,,,,
2026-01-09,NZDUSD,5,0.0037192896680577903,Neutral,Neutral,Neutral,Neutral,,,,,,
2026-01-09,NZDUSD,10,0.03783897047268159,Neutral,Neutral,Neutral,Neutral,,,,,,
2026-01-09,EURGBP,5,-0.0012329745799820602,Neutral,Neutral,Neutral,Neutral,Neutral,,,,,
2026-01-09,EURGBP,10,-0.0013021133414764519,Neutral,Neutral,Neutral,Neutral,Neutral,,,,,
2026-01-09,EURJPY,5,-0.0021338210638621735,Neutral,Neutral,Neutral,Neutral,Neutral,,,,,
2026-01-09,EURJPY,10,0.0022862368541380906,Neutral,Neutral,Neutral,Neutral,Neutral,,,,,
2026-01-09,EURCHF,5,-0.0007733453631499909,Neutral,Neutral,Neutral,Neutral,,,,,,
2026-01-09,EURCHF,10,-0.009656076131554614,Neutral,Neutral,Neutral,Neutral,,,,,,
2026-01-09,EURAUD,5,-0.0024047312223859363,Neutral,Neutral,Neutral,Neutral,Neutral,,,,,
2026-01-09,EURAUD,10,-0.013761045655375503,Neutral,Neutral,Neutral,Neutral,Neutral,,,,,
2026-01-09,EURNZD,5,-0.006627905256461508,Neutral,Neutral,Neutral,Neutral,,,,,,
2026-01-09,EURNZD,10,-0.020332480187790547,Neutral,Neutral,Neutral,Neutral,,,,,,
2026-01-09,EURCAD,5,-0.0029051260021140113,Neutral,Neutral,Neutral,Neutral,Neutral,,,,,
2026-01-09,EURCAD,10,0.0012114993540730534,Neutral,Neutral,Neutral,Neutral,Neutral,,,,,
2026-01-09,GBPJPY,5,-0.0007372087198559418,Neutral,Neutral,Neutral,Neutral,Neutral,,,,,
2026-01-09,GBPJPY,10,0.0036765922054353695,Neutral,Neutral,Neutral,Neutral,Neutral,,,,,
2026-01-09,GBPCHF,5,0.0005410548704267715,Neutral,Neutral,Neutral,Neutral,,,,,,
2026-01-09,GBPCHF,10,-0.008246422507882545,Neutral,Neutral,Neutral,Neutral,,,,,,
2026-01-09,GBPAUD,5,-0.0009888578691611416,Neutral,Neutral,Neutral,Neutral,Neutral,,,,,
2026-01-09,GBPAUD,10,-0.01236571759617644,Neutral,Neutral,Neutral,Neutral,Neutral,,,,,
2026-01-09,GBPNZD,5,-0.005095443217922324,Neutral,Neutral,Neutral,Neutral,,,,,,
2026-01-09,GBPNZD,10,-0.018677582618972233,Neutral,Neutral,Neutral,Neutral,,,,,,
2026-01-09,GBPCAD,5,-0.001545669709703934,Neutral,Neutral,Neutral,Neutral,Neutral,,,,,
2026-01-09,GBPCAD,10,0.0027156558094103556,Neutral,Neutral,Neutral,Neutral,Neutral,,,,,
2026-01-09,AUDJPY,5,0.0002937219306058392,Neutral,Neutral,Neutral,Neutral,Neutral,,,,,
2026-01-09,AUDJPY,10,0.016761099846506644,Neutral,Neutral,Neutral,Neutral,Neutral,,,,,
2026-01-09,NZDJPY,5,0.0045116772823778906,Bullish,Bullish,Bullish,Bullish,,1.0,1.0,1.0,1.0,
2026-01-09,NZDJPY,10,0.023310332625619212,Bullish,Bullish,Bullish,Bullish,,1.0,1.0,1.0,1.0,
2026-01-09,CADJPY,5,0.0007758088689058251,Neutral,Neutral,Neutral,Neutral,Neutral,,,,,
2026-01-09,CADJPY,10,0.001304769461341726,Neutral,Neutral,Neutral,Neutral,Neutral,,,,,
2026-01-09,CHFJPY,5,-0.0015016005235309882,Neutral,Neutral,Neutral,Neutral,,,,,,
2026-01-09,CHFJPY,10,0.01200773121350629,Neutral,Neutral,Neutral,Neutral,,,,,,
2026-01-09,AUDNZD,5,-0.00428680435882256,Neutral,Neutral,Neutral,Neutral,,,,,,
2026-01-09,AUDNZD,10,-0.0066531203648927395,Neutral,Neutral,Neutral,Neutral,,,,,,
2026-01-09,AUDCAD,5,-0.0005159293176834057,Neutral,Neutral,Neutral,Neutral,Neutral,,,,,
2026-01-09,AUDCAD,10,0.015316651618728194,Neutral,Neutral,Neutral,Neutral,Neutral,,,,,
2026-01-09,AUDCHF,5,0.0016824316745802648,Neutral,Neutral,Neutral,Neutral,,,,,,
2026-01-09,AUDCHF,10,0.004112610760085289,Neutral,Neutral,Neutral,Neutral,,,,,,
2026-01-09,NZDCAD,5,0.003674856705672802,Neutral,Neutral,Neutral,Neutral,,,,,,
2026-01-09,NZDCAD,10,0.02203659806098024,Neutral,Neutral,Neutral,Neutral,,,,,,
2026-01-09,NZDCHF,5,0.005845657200191923,Neutral,Neutral,Neutral,Neutral,,,,,,
2026-01-09,NZDCHF,10,0.01086245255856566,Neutral,Neutral,Neutral,Neutral,,,,,,
2026-01-09,CADCHF,5,0.0020871743138413112,Neutral,Neutral,Neutral,Neutral,,,,,,
2026-01-09,CADCHF,10,-0.010957665147667495,Neutral,Neutral,Neutral,Neutral,,,,,,
2026-01-16,EURUSD,5,0.019985342932275607,Neutral,Neutral,Neutral,Neutral,Neutral,,,,,
2026-01-16,EURUSD,10,0.021709703841013894,Neutral,Neutral,Neutral,Neutral,Neutral,,,,,
2026-01-16,GBPUSD,5,0.01994691787222913,Neutral,Neutral,Neutral,Neutral,Neutral,,,,,
2026-01-16,GBPUSD,10,0.022892602145714314,Neutral,Neutral,Neutral,Neutral,Neutral,,,,,
2026-01-16,USDJPY,5,-0.014736589007985246,Neutral,Neutral,Neutral,Neutral,Neutral,,,,,
2026-01-16,USDJPY,10,-0.020697029903443465,Neutral,Neutral,Neutral,Neutral,Neutral,,,,,
2026-01-16,USDCHF,5,-0.027910685805422775,Neutral,Neutral,Neutral,Neutral,,,,,,
2026-01-16,USDCHF,10,-0.03714364035087725,Neutral,Neutral,Neutral,Neutral,,,,,,
2026-01-16,USDCAD,5,-0.015337291034800082,Bullish,Bullish,Bullish,Bullish,Bullish,1.0,1.0,1.0,1.0,1.0
2026-01-16,USDCAD,10,-0.021496643620003253,Bullish,Bullish,Bullish,Bullish,Bullish,1.0,1.0,1.0,1.0,1.0
2026-01-16,AUDUSD,5,0.03196634176286506,Neutral,Neutral,Neutral,Neutral,Neutral,,,,,
2026-01-16,AUDUSD,10,0.04183323601191802,Neutral,Neutral,Neutral,Neutral,Neutral,,,,,
2026-01-16,NZDUSD,5,0.0339932500608886,Neutral,Neutral,Neutral,Neutral,,,,,,
2026-01-16,NZDUSD,10,0.04662329076928429,Neutral,Neutral,Neutral,Neutral,,,,,,
2026-01-16,EURGBP,5,-6.922411306609089e-05,Neutral,Neutral,Neutral,Neutral,Neutral,,,,,
2026-01-16,EURGBP,10,-0.001292183443899586,Neutral,Neutral,Neutral,Neutral,Neutral,,,,,
2026-01-16,EURJPY,5,0.0044295096990987215,Neutral,Neutral,Neutral,Neutral,Neutral,,,,,
2026-01-16,EURJPY,10,0.00024547775426042584,Neutral,Neutral,Neutral,Neutral,Neutral,,,,,
2026-01-16,EURCHF,5,-0.008889605503600961,Neutral,Neutral,Neutral,Neutral,,,,,,
2026-01-16,EURCHF,10,-0.016575298290873897,Neutral,Neutral,Neutral,Neutral,,,,,,
2026-01-16,EURAUD,5,-0.011383689145704201,Neutral,Neutral,Neutral,Neutral,Neutral,,,,,
2026-01-16,EURAUD,10,-0.019180420516014318,Neutral,Neutral,Neutral,Neutral,Neutral,,,,,
2026-01-16,EURNZD,5,-0.01379601360240268,Neutral,Neutral,Neutral,Neutral,,,,,,
2026-01-16,EURNZD,10,-0.023719810360662175,Neutral,Neutral,Neutral,Neutral,,,,,,
2026-01-16,EURCAD,5,0.00412861951609611,Neutral,Neutral,Neutral,Neutral,Neutral,,,,,
2026-01-16,EURCAD,10,1.2398256805212782e-05,Neutral,Neutral,Neutral,Neutral,Neutral,,,,,
2026-01-16,GBPJPY,5,0.004417057218389031,Neutral,Neutral,Neutral,Neutral,Neutral,,,,,
2026-01-16,GBPJPY,10,0.0015559013114025966,Neutral,Neutral,Neutral,Neutral,Neutral,,,,,
2026-01-16,GBPCHF,5,-0.008782725441933259,Neutral,Neutral,Neutral,Neutral,,,,,,
2026-01-16,GBPCHF,10,-0.015327813828597048,Neutral,Neutral,Neutral,Neutral,,,,,,
2026-01-16,GBPAUD,5,-0.011388120960041603,Neutral,Neutral,Neutral,Neutral,Neutral,,,,,
2026-01-16,GBPAUD,10,-0.018097013992691258,Neutral,Neutral,Neutral,Neutral,Neutral,,,,,
2026-01-16,GBPNZD,5,-0.013651700867649108,Neutral,Neutral,Neutral,Neutral,,,,,,
2026-01-16,GBPNZD,10,-0.022569205343616505,Neutral,Neutral,Neutral,Neutral,,,,,,
2026-01-16,GBPCAD,5,0.004267922317363615,Neutral,Neutral,Neutral,Neutral,Neutral,,,,,
2026-01-16,GBPCAD,10,0.0011825477453653033,Neutral,Neutral,Neutral,Neutral,Neutral,,,,,
2026-01-16,AUDJPY,5,0.016462542506133326,Neutral,Neutral,Neutral,Neutral,Neutral,,,,,
2026-01-16,AUDJPY,10,0.020024059181798393,Neutral,Neutral,Neutral,Neutral,Neutral,,,,,
2026-01-16,NZDJPY,5,0.0187142228093351,Bullish,Bullish,Bullish,Bullish,,1.0,1.0,1.0,1.0,
2026-01-16,NZDJPY,10,0.024680757375605378,Bullish,Bullish,Bullish,Bullish,,1.0,1.0,1.0,1.0,
2026-01-16,CADJPY,5,0.0005285505382406352,Neutral,Neutral,Neutral,Neutral,Neutral,,,,,
2026-01-16,CADJPY,10,0.0003699853767684669,Neutral,Neutral,Neutral,Neutral,Neutral,,,,,
2026-01-16,CHFJPY,5,0.013529647863352201,Neutral,Neutral,Neutral,Neutral,,,,,,
2026-01-16,CHFJPY,10,0.016984458433040084,Neutral,Neutral,Neutral,Neutral,,,,,,
2026-01-16,AUDNZD,5,-0.00237650361211339,Neutral,Neutral,Neutral,Bearish,,,,,-1.0,
2026-01-16,AUDNZD,10,-0.004511912654881711,Neutral,Neutral,Neutral,Bearish,,,,,-1.0,
2026-01-16,AUDCAD,5,0.015840753645631533,Neutral,Neutral,Neutral,Neutral,Neutral,,,,,
2026-01-16,AUDCAD,10,0.019593926097991154,Neutral,Neutral,Neutral,Neutral,Neutral,,,,,
2026-01-16,AUDCHF,5,0.00242609734249033,Neutral,Neutral,Neutral,Neutral,,,,,,
2026-01-16,AUDCHF,10,0.002762018512989073,Neutral,Neutral,Neutral,Neutral,,,,,,
2026-01-16,NZDCAD,5,0.018294511646506084,Neutral,Neutral,Neutral,Neutral,,,,,,
2026-01-16,NZDCAD,10,0.0242927121863441,Neutral,Neutral,Neutral,Neutral,,,,,,
2026-01-16,NZDCHF,5,0.004987639328620341,Neutral,Bullish,Bullish,Bullish,,,1.0,1.0,1.0,
2026-01-16,NZDCHF,10,0.007438088216159988,Neutral,Bullish,Bullish,Bullish,,,1.0,1.0,1.0,
2026-01-16,CADCHF,5,-0.013017669316485514,Neutral,Neutral,Neutral,Neutral,,,,,,
2026-01-16,CADCHF,10,-0.016610546047835517,Neutral,Neutral,Neutral,Neutral,,,,,,
2026-01-23,EURUSD,5,0.00169057420352825,Neutral,Neutral,Neutral,Neutral,Neutral,,,,,
2026-01-23,EURUSD,10,-0.001369365104857856,Neutral,Neutral,Neutral,Neutral,Neutral,,,,,
2026-01-23,GBPUSD,5,0.0028880760575562547,Neutral,Neutral,Neutral,Neutral,Neutral,,,,,
2026-01-23,GBPUSD,10,-0.00241894695176037,Neutral,Neutral,Neutral,Neutral,Neutral,,,,,
2026-01-23,USDJPY,5,-0.006049591235157026,Bullish,Neutral,Neutral,Neutral,Neutral,1.0,,,,
2026-01-23,USDJPY,10,0.00978723677534954,Bullish,Neutral,Neutral,Neutral,Neutral,1.0,,,,
2026-01-23,USDCHF,5,-0.009498051681706254,Neutral,Neutral,Neutral,Neutral,,,,,,
2026-01-23,USDCHF,10,-0.006203855619360099,Neutral,Neutral,Neutral,Neutral,,,,,,
2026-01-23,USDCAD,5,-0.006255291816297359,Bullish,Bullish,Bullish,Bullish,Bullish,1.0,1.0,1.0,1.0,1.0
2026-01-23,USDCAD,10,-0.002021838778429763,Bullish,Bullish,Bullish,Bullish,Bullish,1.0,1.0,1.0,1.0,1.0
2026-01-23,AUDUSD,5,0.0095612558760374,Neutral,Neutral,Neutral,Neutral,Neutral,,,,,
2026-01-23,AUDUSD,10,0.017207358830015673,Neutral,Neutral,Neutral,Neutral,Neutral,,,,,
2026-01-23,NZDUSD,5,0.012214819301433533,Neutral,Neutral,Neutral,Bullish,,,,,1.0,
2026-01-23,NZDUSD,10,0.011390403122686577,Neutral,Neutral,Neutral,Bullish,,,,,1.0,
2026-01-23,EURGBP,5,-0.0012230439949693084,Neutral,Neutral,Neutral,Neutral,Neutral,,,,,
2026-01-23,EURGBP,10,0.0011076624860100193,Neutral,Neutral,Neutral,Neutral,Neutral,,,,,
2026-01-23,EURJPY,5,-0.004165580465762875,Neutral,Neutral,Neutral,Neutral,Neutral,,,,,
2026-01-23,EURJPY,10,0.008314867917970092,Neutral,Neutral,Neutral,Neutral,Neutral,,,,,
2026-01-23,EURCHF,5,-0.007754628374347927,Neutral,Neutral,Neutral,Neutral,,,,,,
2026-01-23,EURCHF,10,-0.007093044694858053,Neutral,Neutral,Neutral,Neutral,,,,,,
2026-01-23,EURAUD,5,-0.007886508936487902,Neutral,Neutral,Neutral,Neutral,Neutral,,,,,
2026-01-23,EURAUD,10,-0.018351299640673835,Neutral,Neutral,Neutral,Neutral,Neutral,,,,,
2026-01-23,EURNZD,5,-0.010062620811855716,Neutral,Neutral,Neutral,Neutral,,,,,,
2026-01-23,EURNZD,10,-0.01228757248711343,Neutral,Neutral,Neutral,Neutral,,,,,,
2026-01-23,EURCAD,5,-0.0040992968224276005,Bullish,Bullish,Bullish,Bullish,Bullish,1.0,1.0,1.0,1.0,1.0
2026-01-23,EURCAD,10,-0.0032596818106052083,Bullish,Bullish,Bullish,Bullish,Bullish,1.0,1.0,1.0,1.0,1.0
2026-01-23,GBPJPY,5,-0.002848573594429027,Neutral,Neutral,Neutral,Neutral,Neutral,,,,,
2026-01-23,GBPJPY,10,0.00692132757654651,Neutral,Neutral,Neutral,Neutral,Neutral,,,,,
2026-01-23,GBPCHF,5,-0.006603081438004477,Neutral,Neutral,Neutral,Neutral,,,,,,
2026-01-23,GBPCHF,10,-0.008418458528509865,Neutral,Neutral,Neutral,Neutral,,,,,,
2026-01-23,GBPAUD,5,-0.006786174812267731,Neutral,Neutral,Neutral,Neutral,Neutral,,,,,
2026-01-23,GBPAUD,10,-0.019600010113524302,Neutral,Neutral,Neutral,Neutral,Neutral,,,,,
2026-01-23,GBPNZD,5,-0.0090409285277947,Neutral,Neutral,Neutral,Neutral,,,,,,
2026-01-23,GBPNZD,10,-0.013639933676585891,Neutral,Neutral,Neutral,Neutral,,,,,,
2026-01-23,GBPCAD,5,-0.0030722623947589955,Bullish,Bullish,Bullish,Bullish,Bullish,1.0,1.0,1.0,1.0,1.0
2026-01-23,GBPCAD,10,-0.004501346121937755,Bullish,Bullish,Bullish,Bullish,Bullish,1.0,1.0,1.0,1.0,1.0
2026-01-23,AUDJPY,5,0.003503834648824311,Neutral,Neutral,Neutral,Neutral,Neutral,,,,,
2026-01-23,AUDJPY,10,0.026670145651424226,Neutral,Neutral,Neutral,Neutral,Neutral,,,,,
2026-01-23,NZDJPY,5,0.005856926734385093,Bullish,Neutral,Neutral,Bullish,,1.0,,,1.0,
2026-01-23,NZDJPY,10,0.021028744326777593,Bullish,Neutral,Neutral,Bullish,,1.0,,,1.0,
2026-01-23,CADJPY,5,-0.0001584813960450182,Neutral,Neutral,Neutral,Neutral,Neutral,,,,,
2026-01-23,CADJPY,10,0.011533923823275671,Neutral,Neutral,Neutral,Neutral,Neutral,,,,,
2026-01-23,CHFJPY,5,0.0034086921650207103,Neutral,Neutral,Neutral,Bullish,,,,,1.0,
2026-01-23,CHFJPY,10,0.015634868915735067,Neutral,Neutral,Neutral,Bullish,,,,,1.0,
2026-01-23,AUDNZD,5,-0.002140495939099263,Neutral,Neutral,Neutral,Neutral,,,,,,
2026-01-23,AUDNZD,10,0.005972674152648461,Neutral,Neutral,Neutral,Neutral,,,,,,
2026-01-23,AUDCAD,5,0.0036946464678546675,Bullish,Bullish,Bullish,Bullish,Bullish,1.0,1.0,1.0,1.0,1.0
2026-01-23,AUDCAD,10,0.01527614571092828,Bullish,Bullish,Bullish,Bullish,Bullish,1.0,1.0,1.0,1.0,1.0
2026-01-23,AUDCHF,5,0.00033510816546900024,Neutral,Neutral,Neutral,Neutral,,,,,,
2026-01-23,AUDCHF,10,0.011170272182298824,Neutral,Neutral,Neutral,Neutral,,,,,,
2026-01-23,NZDCAD,5,0.005890437855880615,Bullish,Bullish,Bullish,Bullish,,1.0,1.0,1.0,1.0,
2026-01-23,NZDCAD,10,0.009326526605144325,Bullish,Bullish,Bullish,Bullish,,1.0,1.0,1.0,1.0,
2026-01-23,NZDCHF,5,0.002438287588468757,Neutral,Neutral,Neutral,Neutral,,,,,,
2026-01-23,NZDCHF,10,0.005092352839634051,Neutral,Neutral,Neutral,Neutral,,,,,,
2026-01-23,CADCHF,5,-0.0036402644907147508,Bearish,Bearish,Bearish,Bearish,,-1.0,-1.0,-1.0,-1.0,
2026-01-23,CADCHF,10,-0.003974395047833479,Bearish,Bearish,Bearish,Bearish,,-1.0,-1.0,-1.0,-1.0,
2026-01-30,EURUSD,5,-0.0030547749845994954,Neutral,Neutral,Neutral,Neutral,Neutral,,,,,
2026-01-30,EURUSD,10,0.0015695805169488874,Neutral,Neutral,Neutral,Neutral,Neutral,,,,,
2026-01-30,GBPUSD,5,-0.005291740061542205,Neutral,Neutral,Neutral,Neutral,Neutral,,,,,
2026-01-30,GBPUSD,10,-0.002602015831365989,Neutral,Neutral,Neutral,Neutral,Neutral,,,,,
2026-01-30,USDJPY,5,0.01593321746321985,Neutral,Neutral,Neutral,Neutral,Neutral,,,,,
2026-01-30,USDJPY,10,-0.013594277997815984,Neutral,Neutral,Neutral,Neutral,Neutral,,,,,
2026-01-30,USDCHF,5,0.0033257845357488325,Bearish,Neutral,Neutral,Neutral,,-1.0,,,,
2026-01-30,USDCHF,10,-0.007052733743125317,Bearish,Neutral,Neutral,Neutral,,-1.0,,,,
2026-01-30,USDCAD,5,0.004260101214128786,Neutral,Neutral,Neutral,Neutral,Neutral,,,,,
2026-01-30,USDCAD,10,-7.3450020934284765e-06,Neutral,Neutral,Neutral,Neutral,Neutral,,,,,
2026-01-30,AUDUSD,5,0.00757368897575561,Bullish,Bullish,Bullish,Bullish,Bullish,1.0,1.0,1.0,1.0,1.0
2026-01-30,AUDUSD,10,0.015722231004699605,Bullish,Bullish,Bullish,Bullish,Bullish,1.0,1.0,1.0,1.0,1.0
2026-01-30,NZDUSD,5,-0.0008144676041355048,Bullish,Bullish,Bullish,Bullish,,1.0,1.0,1.0,1.0,
2026-01-30,NZDUSD,10,0.003507197234134507,Bullish,Bullish,Bullish,Bullish,,1.0,1.0,1.0,1.0,
2026-01-30,EURGBP,5,0.002333560528170242,Neutral,Neutral,Neutral,Neutral,Neutral,,,,,
2026-01-30,EURGBP,10,0.003488788512412855,Neutral,Neutral,Neutral,Neutral,Neutral,,,,,
2026-01-30,EURJPY,5,0.01253265416309901,Neutral,Neutral,Neutral,Neutral,Neutral,,,,,
2026-01-30,EURJPY,10,-0.012309051543130667,Neutral,Neutral,Neutral,Neutral,Neutral,,,,,
2026-01-30,EURCHF,5,0.0006667541098286378,Bearish,Bearish,Bearish,Bearish,,-1.0,-1.0,-1.0,-1.0,
2026-01-30,EURCHF,10,-0.005355893669115042,Bearish,Bearish,Bearish,Bearish,,-1.0,-1.0,-1.0,-1.0,
2026-01-30,EURAUD,5,-0.010547977422389554,Bearish,Bearish,Bearish,Bearish,Bearish,-1.0,-1.0,-1.0,-1.0,-1.0
2026-01-30,EURAUD,10,-0.014316792097836317,Bearish,Bearish,Bearish,Bearish,Bearish,-1.0,-1.0,-1.0,-1.0,-1.0
2026-01-30,EURNZD,5,-0.002247568100804842,Bearish,Bearish,Bearish,Bearish,,-1.0,-1.0,-1.0,-1.0,
2026-01-30,EURNZD,10,-0.0018712784187696618,Bearish,Bearish,Bearish,Bearish,,-1.0,-1.0,-1.0,-1.0,
2026-01-30,EURCAD,5,0.0008430710101352545,Neutral,Neutral,Neutral,Neutral,Neutral,,,,,
2026-01-30,EURCAD,10,0.0011840188451166522,Neutral,Neutral,Neutral,Neutral,Neutral,,,,,
2026-01-30,GBPJPY,5,0.009797810956549524,Neutral,Neutral,Neutral,Neutral,Neutral,,,,,
2026-01-30,GBPJPY,10,-0.01629505812580867,Neutral,Neutral,Neutral,Neutral,Neutral,,,,,
2026-01-30,GBPCHF,5,-0.0018274438510774704,Neutral,Neutral,Neutral,Neutral,,,,,,
2026-01-30,GBPCHF,10,-0.009212968223307971,Neutral,Neutral,Neutral,Neutral,,,,,,
2026-01-30,GBPAUD,5,-0.012901386364446266,Bearish,Bearish,Bearish,Bearish,Bearish,-1.0,-1.0,-1.0,-1.0,-1.0
2026-01-30,GBPAUD,10,-0.017951968556052744,Bearish,Bearish,Bearish,Bearish,Bearish,-1.0,-1.0,-1.0,-1.0,-1.0
2026-01-30,GBPNZD,5,-0.004640963770540796,Neutral,Neutral,Neutral,Neutral,,,,,,
2026-01-30,GBPNZD,10,-0.005574440354368826,Neutral,Neutral,Neutral,Neutral,,,,,,
2026-01-30,GBPCAD,5,-0.001433487777771747,Bullish,Bullish,Bullish,Bullish,Bullish,1.0,1.0,1.0,1.0,1.0
2026-01-30,GBPCAD,10,-0.0024482038451832944,Bullish,Bullish,Bullish,Bullish,Bullish,1.0,1.0,1.0,1.0,1.0
2026-01-30,AUDJPY,5,0.023085423495872393,Neutral,Neutral,Neutral,Neutral,Neutral,,,,,
2026-01-30,AUDJPY,10,0.0017643726726530584,Neutral,Neutral,Neutral,Neutral,Neutral,,,,,
2026-01-30,NZDJPY,5,0.015083474785672957,Neutral,Neutral,Neutral,Bullish,,,,,1.0,
2026-01-30,NZDJPY,10,-0.010227541307664234,Neutral,Neutral,Neutral,Bullish,,,,,1.0,
2026-01-30,CADJPY,5,0.01169425854174011,Neutral,Neutral,Neutral,Neutral,Neutral,,,,,
2026-01-30,CADJPY,10,-0.013437830221909142,Neutral,Neutral,Neutral,Neutral,Neutral,,,,,
2026-01-30,CHFJPY,5,0.01218464305340472,Neutral,Neutral,Neutral,Bullish,,,,,1.0,
2026-01-30,CHFJPY,10,-0.006709297097467148,Neutral,Neutral,Neutral,Bullish,,,,,1.0,
2026-01-30,AUDNZD,5,0.008130573551416997,Bullish,Bullish,Bullish,Neutral,,1.0,1.0,1.0,,
2026-01-30,AUDNZD,10,0.012316953975763711,Bullish,Bullish,Bullish,Neutral,,1.0,1.0,1.0,,
2026-01-30,AUDCAD,5,0.011538867208100267,Bullish,Bullish,Bullish,Bullish,Bullish,1.0,1.0,1.0,1.0,1.0
2026-01-30,AUDCAD,10,0.015546883240164622,Bullish,Bullish,Bullish,Bullish,Bullish,1.0,1.0,1.0,1.0,1.0
2026-01-30,AUDCHF,5,0.010831534281247501,Bullish,Bullish,Bullish,Bullish,,1.0,1.0,1.0,1.0,
2026-01-30,AUDCHF,10,0.008300454105560906,Bullish,Bullish,Bullish,Bullish,,1.0,1.0,1.0,1.0,
2026-01-30,NZDCAD,5,0.003415967206714887,Bullish,Bullish,Bullish,Bullish,,1.0,1.0,1.0,1.0,
2026-01-30,NZDCAD,10,0.0024521764591061146,Bullish,Bullish,Bullish,Bullish,,1.0,1.0,1.0,1.0,
2026-01-30,NZDCHF,5,0.002647609617495661,Neutral,Neutral,Neutral,Neutral,,,,,,
2026-01-30,NZDCHF,10,-0.003831500096863727,Neutral,Neutral,Neutral,Neutral,,,,,,
2026-01-30,CADCHF,5,-0.0003353513246378004,Bearish,Bearish,Bearish,Bearish,,-1.0,-1.0,-1.0,-1.0,
2026-01-30,CADCHF,10,-0.006654076283601373,Bearish,Bearish,Bearish,Bearish,,-1.0,-1.0,-1.0,-1.0,
2026-02-06,EURUSD,5,0.004638525152148576,Neutral,Neutral,Neutral,Neutral,Neutral,,,,,
2026-02-06,EURUSD,10,-0.0027509501358545796,Neutral,Neutral,Neutral,Neutral,Neutral,,,,,
2026-02-06,GBPUSD,5,0.0027040332713659243,Neutral,Neutral,Neutral,Neutral,Neutral,,,,,
2026-02-06,GBPUSD,10,-0.00963311852924098,Neutral,Neutral,Neutral,Neutral,Neutral,,,,,
2026-02-06,USDJPY,5,-0.02906440596042914,Neutral,Neutral,Neutral,Neutral,Neutral,,,,,
2026-02-06,USDJPY,10,-0.013813542614015795,Neutral,Neutral,Neutral,Neutral,Neutral,,,,,
2026-02-06,USDCHF,5,-0.010344115977918844,Bearish,Bearish,Bearish,Bearish,,-1.0,-1.0,-1.0,-1.0,
2026-02-06,USDCHF,10,0.000296651705102402,Bearish,Bearish,Bearish,Bearish,,-1.0,-1.0,-1.0,-1.0,
2026-02-06,USDCAD,5,-0.004249343582467313,Neutral,Neutral,Neutral,Neutral,Neutral,,,,,
2026-02-06,USDCAD,10,0.00028523993066476017,Neutral,Neutral,Neutral,Neutral,Neutral,,,,,
2026-02-06,AUDUSD,5,0.008087291399229812,Bullish,Bullish,Bullish,Bullish,Bullish,1.0,1.0,1.0,1.0,1.0
2026-02-06,AUDUSD,10,0.009699044358864706,Bullish,Bullish,Bullish,Bullish,Bullish,1.0,1.0,1.0,1.0,1.0
2026-02-06,NZDUSD,5,0.004325187563422039,Neutral,Neutral,Neutral,Neutral,,,,,,
2026-02-06,NZDUSD,10,-0.006338063314091924,Neutral,Neutral,Neutral,Neutral,,,,,,
2026-02-06,EURGBP,5,0.0011525384659714089,Neutral,Neutral,Neutral,Neutral,Neutral,,,,,
2026-02-06,EURGBP,10,0.00709963695038307,Neutral,Neutral,Neutral,Neutral,Neutral,,,,,
2026-02-06,EURJPY,5,-0.024534226727494945,Neutral,Neutral,Neutral,Neutral,Neutral,,,,,
2026-02-06,EURJPY,10,-0.01608863561691054,Neutral,Neutral,Neutral,Neutral,Neutral,,,,,
2026-02-06,EURCHF,5,-0.006018634829435654,Bearish,Bearish,Bearish,Bearish,,-1.0,-1.0,-1.0,-1.0,
2026-02-06,EURCHF,10,-0.0027526242777092813,Bearish,Bearish,Bearish,Bearish,,-1.0,-1.0,-1.0,-1.0,
2026-02-06,EURAUD,5,-0.0038089918353280128,Bearish,Bearish,Bearish,Bearish,Bearish,-1.0,-1.0,-1.0,-1.0,-1.0
2026-02-06,EURAUD,10,-0.012633255291586987,Bearish,Bearish,Bearish,Bearish,Bearish,-1.0,-1.0,-1.0,-1.0,-1.0
2026-02-06,EURNZD,5,0.0003771373238539155,Bearish,Bearish,Bearish,Bearish,,-1.0,-1.0,-1.0,-1.0,
2026-02-06,EURNZD,10,0.0037306016359606176,Bearish,Bearish,Bearish,Bearish,,-1.0,-1.0,-1.0,-1.0,
2026-02-06,EURCAD,5,0.0003406606338764995,Neutral,Neutral,Neutral,Neutral,Neutral,,,,,
2026-02-06,EURCAD,10,-0.002415593585669784,Neutral,Neutral,Neutral,Neutral,Neutral,,,,,
2026-02-06,GBPJPY,5,-0.025839696619703867,Neutral,Neutral,Neutral,Neutral,Neutral,,,,,
2026-02-06,GBPJPY,10,-0.022772226300752374,Neutral,Neutral,Neutral,Neutral,Neutral,,,,,
2026-02-06,GBPCHF,5,-0.007399045712822239,Bearish,Bearish,Bearish,Bearish,,-1.0,-1.0,-1.0,-1.0,
2026-02-06,GBPCHF,10,-0.009571329646458349,Bearish,Bearish,Bearish,Bearish,,-1.0,-1.0,-1.0,-1.0,
2026-02-06,GBPAUD,5,-0.005116593339144493,Bearish,Bearish,Bearish,Bearish,Bearish,-1.0,-1.0,-1.0,-1.0,-1.0
2026-02-06,GBPAUD,10,-0.019455433543601908,Bearish,Bearish,Bearish,Bearish,Bearish,-1.0,-1.0,-1.0,-1.0,-1.0
2026-02-06,GBPNZD,5,-0.0009378290143063905,Neutral,Neutral,Neutral,Neutral,,,,,,
2026-02-06,GBPNZD,10,-0.003185079671229052,Neutral,Neutral,Neutral,Neutral,,,,,,
2026-02-06,GBPCAD,5,-0.0010161727386124308,Bullish,Bullish,Bullish,Bullish,Bullish,1.0,1.0,1.0,1.0,1.0
2026-02-06,GBPCAD,10,-0.009328358208955168,Bullish,Bullish,Bullish,Bullish,Bullish,1.0,1.0,1.0,1.0,1.0
2026-02-06,AUDJPY,5,-0.020839951712307014,Neutral,Neutral,Neutral,Neutral,Neutral,,,,,
2026-02-06,AUDJPY,10,-0.003939259165131159,Neutral,Neutral,Neutral,Neutral,Neutral,,,,,
2026-02-06,NZDJPY,5,-0.024934910992104764,Neutral,Neutral,Neutral,Bullish,,,,,1.0,
2026-02-06,NZDJPY,10,-0.02017230065829867,Neutral,Neutral,Neutral,Bullish,,,,,1.0,
2026-02-06,CADJPY,5,-0.024841584847851816,Neutral,Neutral,Neutral,Neutral,Neutral,,,,,
2026-02-06,CADJPY,10,-0.014083281108557943,Neutral,Neutral,Neutral,Neutral,Neutral,,,,,
2026-02-06,CHFJPY,5,-0.01866649556535005,Bullish,Neutral,Neutral,Bullish,,1.0,,,1.0,
2026-02-06,CHFJPY,10,-0.013350838314191482,Bullish,Neutral,Neutral,Bullish,,1.0,,,1.0,
2026-02-06,AUDNZD,5,0.004152617264248759,Bullish,Bullish,Bullish,Bullish,,1.0,1.0,1.0,1.0,
2026-02-06,AUDNZD,10,0.016747745660772306,Bullish,Bullish,Bullish,Bullish,,1.0,1.0,1.0,1.0,
2026-02-06,AUDCAD,5,0.00396229562896222,Bullish,Bullish,Bullish,Bullish,Bullish,1.0,1.0,1.0,1.0,1.0
2026-02-06,AUDCAD,10,0.010301968635301861,Bullish,Bullish,Bullish,Bullish,Bullish,1.0,1.0,1.0,1.0,1.0
2026-02-06,AUDCHF,5,-0.0025039584637477352,Bullish,Bullish,Bullish,Neutral,,1.0,1.0,1.0,,
2026-02-06,AUDCHF,10,0.010126302610744986,Bullish,Bullish,Bullish,Neutral,,1.0,1.0,1.0,,
2026-02-06,NZDCAD,5,-0.0009605096780468392,Bullish,Bullish,Bullish,Bullish,,1.0,1.0,1.0,1.0,
2026-02-06,NZDCAD,10,-0.00641960898745253,Bullish,Bullish,Bullish,Bullish,,1.0,1.0,1.0,1.0,
2026-02-06,NZDCHF,5,-0.006462000858737715,Neutral,Neutral,Neutral,Neutral,,,,,,
2026-02-06,NZDCHF,10,-0.006419063975955375,Neutral,Neutral,Neutral,Neutral,,,,,,
2026-02-06,CADCHF,5,-0.006320844662594083,Bearish,Bearish,Bearish,Bearish,,-1.0,-1.0,-1.0,-1.0,
2026-02-06,CADCHF,10,-0.00017655990677634126,Bearish,Bearish,Bearish,Bearish,,-1.0,-1.0,-1.0,-1.0,
2026-02-13,EURUSD,5,-0.007355357278264973,Neutral,Neutral,Neutral,Neutral,Neutral,,,,,
2026-02-13,EURUSD,10,-0.0046929370034292095,Neutral,Neutral,Neutral,Neutral,Neutral,,,,,
2026-02-13,GBPUSD,5,-0.01230388169513641,Bullish,Bullish,Bullish,Bullish,Bullish,1.0,1.0,1.0,1.0,1.0
2026-02-13,GBPUSD,10,-0.01184221132777874,Bullish,Bullish,Bullish,Bullish,Bullish,1.0,1.0,1.0,1.0,1.0
2026-02-13,USDJPY,5,0.015707389285176232,Bearish,Bearish,Bearish,Bearish,Bearish,-1.0,-1.0,-1.0,-1.0,-1.0
2026-02-13,USDJPY,10,0.02202833618267208,Bearish,Bearish,Bearish,Bearish,Bearish,-1.0,-1.0,-1.0,-1.0,-1.0
2026-02-13,USDCHF,5,0.010751987488596404,Very Bearish,Very Bearish,Very Bearish,Very Bearish,,-1.0,-1.0,-1.0,-1.0,
2026-02-13,USDCHF,10,0.0017072852860680054,Very Bearish,Very Bearish,Very Bearish,Very Bearish,,-1.0,-1.0,-1.0,-1.0,
2026-02-13,USDCAD,5,0.004553934746522215,Bearish,Bearish,Bearish,Bearish,Bearish,-1.0,-1.0,-1.0,-1.0,-1.0
2026-02-13,USDCAD,10,0.0016159123294112732,Bearish,Bearish,Bearish,Bearish,Bearish,-1.0,-1.0,-1.0,-1.0,-1.0
2026-02-13,AUDUSD,5,0.0015988228136452065,Bullish,Bullish,Bullish,Bullish,Bullish,1.0,1.0,1.0,1.0,1.0
2026-02-13,AUDUSD,10,0.006466035626865763,Bullish,Bullish,Bullish,Bullish,Bullish,1.0,1.0,1.0,1.0,1.0
2026-02-13,NZDUSD,5,-0.010617328938432813,Bullish,Neutral,Neutral,Neutral,,1.0,,,,
2026-02-13,NZDUSD,10,-0.007370844582843206,Bullish,Neutral,Neutral,Neutral,,1.0,,,,
2026-02-13,EURGBP,5,0.005940252115351319,Neutral,Neutral,Neutral,Neutral,Neutral,,,,,
2026-02-13,EURGBP,10,0.008426869279917204,Neutral,Neutral,Neutral,Neutral,Neutral,,,,,
2026-02-13,EURJPY,5,0.008658008658008587,Bearish,Bearish,Bearish,Bearish,Bearish,-1.0,-1.0,-1.0,-1.0,-1.0
2026-02-13,EURJPY,10,0.01801175015460732,Bearish,Bearish,Bearish,Bearish,Bearish,-1.0,-1.0,-1.0,-1.0,-1.0
2026-02-13,EURCHF,5,0.0032857865008022458,Very Bearish,Very Bearish,Very Bearish,Very Bearish,,-1.0,-1.0,-1.0,-1.0,
2026-02-13,EURCHF,10,-0.0026374206026505975,Very Bearish,Very Bearish,Very Bearish,Very Bearish,,-1.0,-1.0,-1.0,-1.0,
2026-02-13,EURAUD,5,-0.008858003519341517,Very Bearish,Very Bearish,Very Bearish,Very Bearish,Very Bearish,-1.0,-1.0,-1.0,-1.0,-1.0
2026-02-13,EURAUD,10,-0.010176265322556666,Very Bearish,Very Bearish,Very Bearish,Very Bearish,Very Bearish,-1.0,-1.0,-1.0,-1.0,-1.0
2026-02-13,EURNZD,5,0.0033522000723422707,Bearish,Bearish,Bearish,Bearish,,-1.0,-1.0,-1.0,-1.0,
2026-02-13,EURNZD,10,0.0028325581158394897,Bearish,Bearish,Bearish,Bearish,,-1.0,-1.0,-1.0,-1.0,
2026-02-13,EURCAD,5,-0.0027553155919902705,Neutral,Neutral,Neutral,Neutral,Neutral,,,,,
2026-02-13,EURCAD,10,-0.0025447970973213607,Neutral,Neutral,Neutral,Neutral,Neutral,,,,,
2026-02-13,GBPJPY,5,0.0031488352669550856,Neutral,Neutral,Neutral,Neutral,Neutral,,,,,
2026-02-13,GBPJPY,10,0.01017611397247653,Neutral,Neutral,Neutral,Neutral,Neutral,,,,,
2026-02-13,GBPCHF,5,-0.0021884765718326316,Very Bearish,Very Bearish,Very Bearish,Very Bearish,,-1.0,-1.0,-1.0,-1.0,
2026-02-13,GBPCHF,10,-0.010579229541566648,Very Bearish,Very Bearish,Very Bearish,Very Bearish,,-1.0,-1.0,-1.0,-1.0,
2026-02-13,GBPAUD,5,-0.014412583533364165,Bearish,Bearish,Bearish,Bearish,Bearish,-1.0,-1.0,-1.0,-1.0,-1.0
2026-02-13,GBPAUD,10,-0.018249026632173315,Bearish,Bearish,Bearish,Bearish,Bearish,-1.0,-1.0,-1.0,-1.0,-1.0
2026-02-13,GBPNZD,5,-0.002249360172155712,Neutral,Neutral,Neutral,Neutral,,,,,,
2026-02-13,GBPNZD,10,-0.005189468743634906,Neutral,Neutral,Neutral,Neutral,,,,,,
2026-02-13,GBPCAD,5,-0.008320640678568192,Neutral,Neutral,Neutral,Neutral,Neutral,,,,,
2026-02-13,GBPCAD,10,-0.010484222536772947,Neutral,Neutral,Neutral,Neutral,Neutral,,,,,
2026-02-13,AUDJPY,5,0.01726039841671545,Neutral,Neutral,Neutral,Neutral,Neutral,,,,,
2026-02-13,AUDJPY,10,0.028384178277111927,Neutral,Neutral,Neutral,Neutral,Neutral,,,,,
2026-02-13,NZDJPY,5,0.004884402474763849,Neutral,Neutral,Neutral,Neutral,,,,,,
2026-02-13,NZDJPY,10,0.014870291978725803,Neutral,Neutral,Neutral,Neutral,,,,,,
2026-02-13,CADJPY,5,0.011032365174857617,Neutral,Neutral,Neutral,Neutral,Neutral,,,,,
2026-02-13,CADJPY,10,0.02028848385311588,Neutral,Neutral,Neutral,Neutral,Neutral,,,,,
2026-02-13,CHFJPY,5,0.005416769352250883,Bullish,Bullish,Bullish,Bullish,,1.0,1.0,1.0,1.0,
2026-02-13,CHFJPY,10,0.019921841600989865,Bullish,Bullish,Bullish,Bullish,,1.0,1.0,1.0,1.0,
2026-02-13,AUDNZD,5,0.012543041944000688,Bullish,Bullish,Bullish,Bullish,,1.0,1.0,1.0,1.0,
2026-02-13,AUDNZD,10,0.013329118142126006,Bullish,Bullish,Bullish,Bullish,,1.0,1.0,1.0,1.0,
2026-02-13,AUDCAD,5,0.006314652486394401,Bullish,Bullish,Bullish,Bullish,Bullish,1.0,1.0,1.0,1.0,1.0
2026-02-13,AUDCAD,10,0.00791408749117184,Bullish,Bullish,Bullish,Bullish,Bullish,1.0,1.0,1.0,1.0,1.0
2026-02-13,AUDCHF,5,0.01266196611170578,Neutral,Neutral,Neutral,Neutral,,,,,,
2026-02-13,AUDCHF,10,0.00819520838716814,Neutral,Neutral,Neutral,Neutral,,,,,,
2026-02-13,NZDCAD,5,-0.005464347868417541,Neutral,Neutral,Neutral,Neutral,,,,,,
2026-02-13,NZDCAD,10,-0.0046732952816757045,Neutral,Neutral,Neutral,Neutral,,,,,,
2026-02-13,NZDCHF,5,4.321614555191644e-05,Bearish,Bearish,Bearish,Bearish,,-1.0,-1.0,-1.0,-1.0,
2026-02-13,NZDCHF,10,-0.005510058557877229,Bearish,Bearish,Bearish,Bearish,,-1.0,-1.0,-1.0,-1.0,
2026-02-13,CADCHF,5,0.006183368869936201,Very Bearish,Very Bearish,Very Bearish,Bearish,,-1.0,-1.0,-1.0,-1.0,
2026-02-13,CADCHF,10,-0.00012437810945276073,Very Bearish,Very Bearish,Very Bearish,Bearish,,-1.0,-1.0,-1.0,-1.0,
2026-02-20,EURUSD,5,0.0026821484348473756,Neutral,Neutral,Neutral,Neutral,Neutral,,,,,
2026-02-20,EURUSD,10,-0.013979425544917712,Neutral,Neutral,Neutral,Neutral,Neutral,,,,,
2026-02-20,GBPUSD,5,0.0004674214657742759,Neutral,Neutral,Neutral,Neutral,Neutral,,,,,
2026-02-20,GBPUSD,10,-0.004703892211126104,Neutral,Neutral,Neutral,Neutral,Neutral,,,,,
2026-02-20,USDJPY,5,0.006223196723954549,Neutral,Neutral,Neutral,Neutral,Neutral,,,,,
2026-02-20,USDJPY,10,0.01764421371682845,Neutral,Neutral,Neutral,Neutral,Neutral,,,,,
2026-02-20,USDCHF,5,-0.008948488169685964,Very Bearish,Very Bearish,Very Bearish,Bearish,,-1.0,-1.0,-1.0,-1.0,
2026-02-20,USDCHF,10,0.0006833859841404166,Very Bearish,Very Bearish,Very Bearish,Bearish,,-1.0,-1.0,-1.0,-1.0,
2026-02-20,USDCAD,5,-0.0029247035081818584,Neutral,Neutral,Neutral,Neutral,Neutral,,,,,
2026-02-20,USDCAD,10,-0.00797712881856616,Neutral,Neutral,Neutral,Neutral,Neutral,,,,,
2026-02-20,AUDUSD,5,0.004859443424212406,Bullish,Bullish,Bullish,Bullish,Bullish,1.0,1.0,1.0,1.0,1.0
2026-02-20,AUDUSD,10,-0.006964260488769636,Bullish,Bullish,Bullish,Bullish,Bullish,1.0,1.0,1.0,1.0,1.0
2026-02-20,NZDUSD,5,0.003281323243822465,Bullish,Bullish,Bullish,Neutral,,1.0,1.0,1.0,,
2026-02-20,NZDUSD,10,-0.01220451349360463,Bullish,Bullish,Bullish,Neutral,,1.0,1.0,1.0,,
2026-02-20,EURGBP,5,0.002471933257802039,Neutral,Neutral,Neutral,Neutral,Neutral,,,,,
2026-02-20,EURGBP,10,-0.008869204975910039,Neutral,Neutral,Neutral,Neutral,Neutral,,,,,
2026-02-20,EURJPY,5,0.009273451870018379,Neutral,Neutral,Neutral,Neutral,Neutral,,,,,
2026-02-20,EURJPY,10,0.0035090216344046965,Neutral,Neutral,Neutral,Neutral,Neutral,,,,,
2026-02-20,EURCHF,5,-0.00590380844934657,Very Bearish,Very Bearish,Very Bearish,Very Bearish,,-1.0,-1.0,-1.0,-1.0,
2026-02-20,EURCHF,10,-0.012410046332300029,Very Bearish,Very Bearish,Very Bearish,Very Bearish,,-1.0,-1.0,-1.0,-1.0,
2026-02-20,EURAUD,5,-0.001330043331728481,Bearish,Bearish,Bearish,Bearish,Bearish,-1.0,-1.0,-1.0,-1.0,-1.0
2026-02-20,EURAUD,10,-0.005464612421762105,Bearish,Bearish,Bearish,Bearish,Bearish,-1.0,-1.0,-1.0,-1.0,-1.0
2026-02-20,EURNZD,5,-0.0005179058325336383,Bearish,Bearish,Bearish,Neutral,,-1.0,-1.0,-1.0,,
2026-02-20,EURNZD,10,-0.0007210061590173789,Bearish,Bearish,Bearish,Neutral,,-1.0,-1.0,-1.0,,
2026-02-20,EURCAD,5,0.00021110014218206352,Neutral,Neutral,Neutral,Neutral,Neutral,,,,,
2026-02-20,EURCAD,10,-0.021463917397756105,Neutral,Neutral,Neutral,Neutral,Neutral,,,,,
2026-02-20,GBPJPY,5,0.007005220420408964,Neutral,Neutral,Neutral,Neutral,Neutral,,,,,
2026-02-20,GBPJPY,10,0.012890753970342672,Neutral,Neutral,Neutral,Neutral,Neutral,,,,,
2026-02-20,GBPCHF,5,-0.008409156211090951,Very Bearish,Very Bearish,Very Bearish,Very Bearish,,-1.0,-1.0,-1.0,-1.0,
2026-02-20,GBPCHF,10,-0.0033809022124318133,Very Bearish,Very Bearish,Very Bearish,Very Bearish,,-1.0,-1.0,-1.0,-1.0,
2026-02-20,GBPAUD,5,-0.0038925447248129297,Bearish,Bearish,Bearish,Bearish,Bearish,-1.0,-1.0,-1.0,-1.0,-1.0
2026-02-20,GBPAUD,10,0.0033980863408500372,Bearish,Bearish,Bearish,Bearish,Bearish,-1.0,-1.0,-1.0,-1.0,-1.0
2026-02-20,GBPNZD,5,-0.0029467368439738406,Bearish,Bearish,Bearish,Neutral,,-1.0,-1.0,-1.0,,
2026-02-20,GBPNZD,10,0.00784169277605673,Bearish,Bearish,Bearish,Neutral,,-1.0,-1.0,-1.0,,
2026-02-20,GBPCAD,5,-0.0021817352936388534,Bearish,Bearish,Bearish,Bearish,Bearish,-1.0,-1.0,-1.0,-1.0,-1.0
2026-02-20,GBPCAD,10,-0.012558545943980426,Bearish,Bearish,Bearish,Bearish,Bearish,-1.0,-1.0,-1.0,-1.0,-1.0
2026-02-20,AUDJPY,5,0.010935036769061046,Bullish,Bullish,Bullish,Bullish,Bullish,1.0,1.0,1.0,1.0,1.0
2026-02-20,AUDJPY,10,0.010552310482144112,Bullish,Bullish,Bullish,Bullish,Bullish,1.0,1.0,1.0,1.0,1.0
2026-02-20,NZDJPY,5,0.009937351479801348,Neutral,Neutral,Neutral,Neutral,,,,,,
2026-02-20,NZDJPY,10,0.005811190321883819,Neutral,Neutral,Neutral,Neutral,,,,,,
2026-02-20,CADJPY,5,0.009155116094287985,Neutral,Neutral,Neutral,Neutral,Neutral,,,,,
2026-02-20,CADJPY,10,0.02689149819016512,Neutral,Neutral,Neutral,Neutral,Neutral,,,,,
2026-02-20,CHFJPY,5,0.014426924923963469,Very Bullish,Very Bullish,Very Bullish,Very Bullish,,1.0,1.0,1.0,1.0,
2026-02-20,CHFJPY,10,0.016713022250680387,Very Bullish,Very Bullish,Very Bullish,Very Bullish,,1.0,1.0,1.0,1.0,
2026-02-20,AUDNZD,5,0.0007763385511159182,Bullish,Bullish,Bullish,Bullish,,1.0,1.0,1.0,1.0,
2026-02-20,AUDNZD,10,0.005510316020421291,Bullish,Bullish,Bullish,Bullish,,1.0,1.0,1.0,1.0,
2026-02-20,AUDCAD,5,0.0015893985055526194,Bullish,Bullish,Bullish,Bullish,Bullish,1.0,1.0,1.0,1.0,1.0
2026-02-20,AUDCAD,10,-0.015656607356644536,Bullish,Bullish,Bullish,Bullish,Bullish,1.0,1.0,1.0,1.0,1.0
2026-02-20,AUDCHF,5,-0.004410906969962047,Neutral,Neutral,Neutral,Neutral,,,,,,
2026-02-20,AUDCHF,10,-0.005613881598133474,Neutral,Neutral,Neutral,Neutral,,,,,,
2026-02-20,NZDCAD,5,0.0007953989231521685,Bullish,Bullish,Bullish,Neutral,,1.0,1.0,1.0,,
2026-02-20,NZDCAD,10,-0.02090063631913852,Bullish,Bullish,Bullish,Neutral,,1.0,1.0,1.0,,
2026-02-20,NZDCHF,5,-0.005553034722672434,Bearish,Bearish,Bearish,Bearish,,-1.0,-1.0,-1.0,-1.0,
2026-02-20,NZDCHF,10,-0.011905533588297601,Bearish,Bearish,Bearish,Bearish,,-1.0,-1.0,-1.0,-1.0,
2026-02-20,CADCHF,5,-0.006268983541710904,Very Bearish,Very Bearish,Very Bearish,Very Bearish,,-1.0,-1.0,-1.0,-1.0,
2026-02-20,CADCHF,10,0.010189305643850899,Very Bearish,Very Bearish,Very Bearish,Very Bearish,,-1.0,-1.0,-1.0,-1.0,
2026-02-27,EURUSD,5,-0.016617004706599436,Bullish,Bullish,Bullish,Bullish,Bullish,1.0,1.0,1.0,1.0,1.0
2026-02-27,EURUSD,10,-0.03362340432736255,Bullish,Bullish,Bullish,Bullish,Bullish,1.0,1.0,1.0,1.0,1.0
2026-02-27,GBPUSD,5,-0.005168897623196944,Neutral,Neutral,Neutral,Neutral,Neutral,,,,,
2026-02-27,GBPUSD,10,-0.01959286588305087,Neutral,Neutral,Neutral,Neutral,Neutral,,,,,
2026-02-27,USDJPY,5,0.011350381336922233,Neutral,Neutral,Neutral,Neutral,Neutral,,,,,
2026-02-27,USDJPY,10,0.02360443504454257,Neutral,Neutral,Neutral,Neutral,Neutral,,,,,
2026-02-27,USDCHF,5,0.00971884310638682,Very Bearish,Very Bearish,Very Bearish,Bearish,,-1.0,-1.0,-1.0,-1.0,
2026-02-27,USDCHF,10,0.02905244532337581,Very Bearish,Very Bearish,Very Bearish,Bearish,,-1.0,-1.0,-1.0,-1.0,
2026-02-27,USDCAD,5,-0.005067245501078177,Bearish,Bearish,Bearish,Bearish,Bearish,-1.0,-1.0,-1.0,-1.0,-1.0
2026-02-27,USDCAD,10,0.0056979012363784776,Bearish,Bearish,Bearish,Bearish,Bearish,-1.0,-1.0,-1.0,-1.0,-1.0
2026-02-27,AUDUSD,5,-0.011766525149717433,Bullish,Bullish,Bullish,Bullish,Bullish,1.0,1.0,1.0,1.0,1.0
2026-02-27,AUDUSD,10,-0.01893609244524419,Bullish,Bullish,Bullish,Bullish,Bullish,1.0,1.0,1.0,1.0,1.0
2026-02-27,NZDUSD,5,-0.015435188893338614,Bullish,Bullish,Bullish,Neutral,,1.0,1.0,1.0,,
2026-02-27,NZDUSD,10,-0.03739487384861839,Bullish,Bullish,Bullish,Neutral,,1.0,1.0,1.0,,
2026-02-27,EURGBP,5,-0.01131317282555333,Neutral,Neutral,Neutral,Neutral,Neutral,,,,,
2026-02-27,EURGBP,10,-0.014406886080573611,Neutral,Neutral,Neutral,Neutral,Neutral,,,,,
2026-02-27,EURJPY,5,-0.005711465237625335,Neutral,Neutral,Neutral,Neutral,Neutral,,,,,
2026-02-27,EURJPY,10,-0.010999858976167065,Neutral,Neutral,Neutral,Neutral,Neutral,,,,,
2026-02-27,EURCHF,5,-0.0065448775865488695,Very Bearish,Very Bearish,Very Bearish,Very Bearish,,-1.0,-1.0,-1.0,-1.0,
2026-02-27,EURCHF,10,-0.005178606844575717,Very Bearish,Very Bearish,Very Bearish,Very Bearish,,-1.0,-1.0,-1.0,-1.0,
2026-02-27,EURAUD,5,-0.00414007556993834,Bearish,Bearish,Bearish,Bearish,Bearish,-1.0,-1.0,-1.0,-1.0,-1.0
2026-02-27,EURAUD,10,-0.014848829991743973,Bearish,Bearish,Bearish,Bearish,Bearish,-1.0,-1.0,-1.0,-1.0,-1.0
2026-02-27,EURNZD,5,-0.00020320556783248733,Neutral,Neutral,Neutral,Neutral,,,,,,
2026-02-27,EURNZD,10,0.0036983413345526017,Neutral,Neutral,Neutral,Neutral,,,,,,
2026-02-27,EURCAD,5,-0.021670442906359555,Neutral,Neutral,Neutral,Neutral,Neutral,,,,,
2026-02-27,EURCAD,10,-0.028213166144200774,Neutral,Neutral,Neutral,Neutral,Neutral,,,,,
2026-02-27,GBPJPY,5,0.005844590902395419,Neutral,Neutral,Neutral,Neutral,Neutral,,,,,
2026-02-27,GBPJPY,10,0.0032454110458015606,Neutral,Neutral,Neutral,Neutral,Neutral,,,,,
2026-02-27,GBPCHF,5,0.005070895954873755,Very Bearish,Very Bearish,Very Bearish,Bearish,,-1.0,-1.0,-1.0,-1.0,
2026-02-27,GBPCHF,10,0.010605416682764712,Very Bearish,Very Bearish,Very Bearish,Bearish,,-1.0,-1.0,-1.0,-1.0,
2026-02-27,GBPAUD,5,0.007319121071781343,Bearish,Bearish,Bearish,Bearish,Bearish,-1.0,-1.0,-1.0,-1.0,-1.0
2026-02-27,GBPAUD,10,-0.00026931830783616384,Bearish,Bearish,Bearish,Bearish,Bearish,-1.0,-1.0,-1.0,-1.0,-1.0
2026-02-27,GBPNZD,5,0.010820314238661144,Bearish,Bearish,Bearish,Neutral,,-1.0,-1.0,-1.0,,
2026-02-27,GBPNZD,10,0.018711888547647604,Bearish,Bearish,Bearish,Neutral,,-1.0,-1.0,-1.0,,
2026-02-27,GBPCAD,5,-0.01039949960566744,Neutral,Neutral,Neutral,Neutral,Neutral,,,,,
2026-02-27,GBPCAD,10,-0.014174213374670286,Neutral,Neutral,Neutral,Neutral,Neutral,,,,,
2026-02-27,AUDJPY,5,-0.0003785864303805786,Neutral,Neutral,Neutral,Neutral,Neutral,,,,,
2026-02-27,AUDJPY,10,0.0049126096323204305,Neutral,Neutral,Neutral,Neutral,Neutral,,,,,
2026-02-27,NZDJPY,5,-0.004085561497326307,Neutral,Neutral,Neutral,Neutral,,,,,,
2026-02-27,NZDJPY,10,-0.014844919786096367,Neutral,Neutral,Neutral,Neutral,,,,,,
2026-02-27,CADJPY,5,0.017575476567489368,Neutral,Neutral,Neutral,Neutral,Neutral,,,,,
2026-02-27,CADJPY,10,0.018284094587383226,Neutral,Neutral,Neutral,Neutral,Neutral,,,,,
2026-02-27,CHFJPY,5,0.0022535850247549227,Bullish,Bullish,Bullish,Bullish,,1.0,1.0,1.0,1.0,
2026-02-27,CHFJPY,10,-0.00574491587273418,Bullish,Bullish,Bullish,Bullish,,1.0,1.0,1.0,1.0,
2026-02-27,AUDNZD,5,0.004730305151057879,Bullish,Bullish,Bullish,Bullish,,1.0,1.0,1.0,1.0,
2026-02-27,AUDNZD,10,0.018954948270192284,Bullish,Bullish,Bullish,Bullish,,1.0,1.0,1.0,1.0,
2026-02-27,AUDCAD,5,-0.01721863858376438,Bullish,Bullish,Bullish,Bullish,Bullish,1.0,1.0,1.0,1.0,1.0
2026-02-27,AUDCAD,10,-0.013931537621334145,Bullish,Bullish,Bullish,Bullish,Bullish,1.0,1.0,1.0,1.0,1.0
2026-02-27,AUDCHF,5,-0.0012083043462340903,Neutral,Neutral,Neutral,Neutral,,,,,,
2026-02-27,AUDCHF,10,0.011112738457031757,Neutral,Neutral,Neutral,Neutral,,,,,,
2026-02-27,NZDCAD,5,-0.02167879195451483,Bullish,Bullish,Bullish,Neutral,,1.0,1.0,1.0,,
2026-02-27,NZDCAD,10,-0.03137494650608308,Bullish,Bullish,Bullish,Neutral,,1.0,1.0,1.0,,
2026-02-27,NZDCHF,5,-0.00638797149313397,Very Bearish,Bearish,Bearish,Bearish,,-1.0,-1.0,-1.0,-1.0,
2026-02-27,NZDCHF,10,-0.009364679297757639,Very Bearish,Bearish,Bearish,Bearish,,-1.0,-1.0,-1.0,-1.0,
2026-02-27,CADCHF,5,0.01656211682334341,Very Bearish,Very Bearish,Very Bearish,Bearish,,-1.0,-1.0,-1.0,-1.0,
2026-02-27,CADCHF,10,0.024985339327919354,Very Bearish,Very Bearish,Very Bearish,Bearish,,-1.0,-1.0,-1.0,-1.0,
2026-03-06,EURUSD,5,-0.01729377028294976,Bullish,Bullish,Bullish,Bullish,Bullish,1.0,1.0,1.0,1.0,1.0
2026-03-06,EURUSD,10,-0.003925315703845134,Bullish,Bullish,Bullish,Bullish,Bullish,1.0,1.0,1.0,1.0,1.0
2026-03-06,GBPUSD,5,-0.014498911649819535,Neutral,Neutral,Neutral,Neutral,Neutral,,,,,
2026-03-06,GBPUSD,10,-0.00552374988818316,Neutral,Neutral,Neutral,Neutral,Neutral,,,,,
2026-03-06,USDJPY,5,0.012116526511238845,Neutral,Neutral,Neutral,Neutral,Neutral,,,,,
2026-03-06,USDJPY,10,0.00901768683341686,Neutral,Neutral,Neutral,Neutral,Neutral,,,,,
2026-03-06,USDCHF,5,0.019147510565921122,Neutral,Neutral,Neutral,Neutral,,,,,,
2026-03-06,USDCHF,10,0.015385011854448072,Neutral,Neutral,Neutral,Neutral,,,,,,
2026-03-06,USDCAD,5,0.010819974203058802,Bearish,Bearish,Bearish,Bearish,Bearish,-1.0,-1.0,-1.0,-1.0,-1.0
2026-03-06,USDCAD,10,0.011520176893311307,Bearish,Bearish,Bearish,Bearish,Bearish,-1.0,-1.0,-1.0,-1.0,-1.0
2026-03-06,AUDUSD,5,-0.007254932642929313,Bullish,Bullish,Bullish,Bullish,Bullish,1.0,1.0,1.0,1.0,1.0
2026-03-06,AUDUSD,10,-0.0013229583054753524,Bullish,Bullish,Bullish,Bullish,Bullish,1.0,1.0,1.0,1.0,1.0
2026-03-06,NZDUSD,5,-0.02230395064657742,Neutral,Neutral,Neutral,Neutral,,,,,,
2026-03-06,NZDUSD,10,-0.012558683456773467,Neutral,Neutral,Neutral,Neutral,,,,,,
2026-03-06,EURGBP,5,-0.0031291134563425915,Neutral,Neutral,Neutral,Neutral,Neutral,,,,,
2026-03-06,EURGBP,10,0.001501050735514875,Neutral,Neutral,Neutral,Neutral,Neutral,,,,,
2026-03-06,EURJPY,5,-0.0053187717183178496,Very Bullish,Very Bullish,Very Bullish,Very Bullish,Very Bullish,1.0,1.0,1.0,1.0,1.0
2026-03-06,EURJPY,10,0.005056924495262294,Very Bullish,Very Bullish,Very Bullish,Very Bullish,Very Bullish,1.0,1.0,1.0,1.0,1.0
2026-03-06,EURCHF,5,0.001375271727075189,Bullish,Bullish,Bullish,Bullish,,1.0,1.0,1.0,1.0,
2026-03-06,EURCHF,10,0.011357082649394501,Bullish,Bullish,Bullish,Bullish,,1.0,1.0,1.0,1.0,
2026-03-06,EURAUD,5,-0.010753273787911799,Neutral,Neutral,Neutral,Neutral,Neutral,,,,,
2026-03-06,EURAUD,10,-0.0024568537748408392,Neutral,Neutral,Neutral,Neutral,Neutral,,,,,
2026-03-06,EURNZD,5,0.003902339879576111,Bullish,Bullish,Bullish,Bullish,,1.0,1.0,1.0,1.0,
2026-03-06,EURNZD,10,0.007682731637915774,Bullish,Bullish,Bullish,Bullish,,1.0,1.0,1.0,1.0,
2026-03-06,EURCAD,5,-0.0066876475216366416,Bullish,Bullish,Bullish,Bullish,Bullish,1.0,1.0,1.0,1.0,1.0
2026-03-06,EURCAD,10,0.007836095530570297,Bullish,Bullish,Bullish,Bullish,Bullish,1.0,1.0,1.0,1.0,1.0
2026-03-06,GBPJPY,5,-0.002584076983763395,Bullish,Bullish,Bullish,Bullish,Bullish,1.0,1.0,1.0,1.0,1.0
2026-03-06,GBPJPY,10,0.003514722625082012,Bullish,Bullish,Bullish,Bullish,Bullish,1.0,1.0,1.0,1.0,1.0
2026-03-06,GBPCHF,5,0.005506597345685593,Neutral,Neutral,Neutral,Neutral,,,,,,
2026-03-06,GBPCHF,10,0.010263605523895603,Neutral,Neutral,Neutral,Neutral,,,,,,
2026-03-06,GBPAUD,5,-0.0075333022285364315,Neutral,Neutral,Neutral,Neutral,Neutral,,,,,
2026-03-06,GBPAUD,10,-0.00405236090651262,Neutral,Neutral,Neutral,Neutral,Neutral,,,,,
2026-03-06,GBPNZD,5,0.0078070990440377575,Neutral,Neutral,Neutral,Neutral,,,,,,
2026-03-06,GBPNZD,10,0.006855980378774218,Neutral,Neutral,Neutral,Neutral,,,,,,
2026-03-06,GBPCAD,5,-0.003814381427150404,Neutral,Neutral,Neutral,Neutral,Neutral,,,,,
2026-03-06,GBPCAD,10,0.006117300473225118,Neutral,Neutral,Neutral,Neutral,Neutral,,,,,
2026-03-06,AUDJPY,5,0.005293199996392994,Bullish,Bullish,Bullish,Bullish,Bullish,1.0,1.0,1.0,1.0,1.0
2026-03-06,AUDJPY,10,0.007962343435800712,Bullish,Bullish,Bullish,Bullish,Bullish,1.0,1.0,1.0,1.0,1.0
2026-03-06,NZDJPY,5,-0.010803496638673526,Neutral,Neutral,Neutral,Neutral,,,,,,
2026-03-06,NZDJPY,10,-0.00429562490603308,Neutral,Neutral,Neutral,Neutral,,,,,,
2026-03-06,CADJPY,5,0.0006963788300835549,Bullish,Bullish,Bullish,Bullish,Bullish,1.0,1.0,1.0,1.0,1.0
2026-03-06,CADJPY,10,-0.0025104026961036974,Bullish,Bullish,Bullish,Bullish,Bullish,1.0,1.0,1.0,1.0,1.0
2026-03-06,CHFJPY,5,-0.00798051612585804,Neutral,Neutral,Neutral,Neutral,,,,,,
2026-03-06,CHFJPY,10,-0.00586484292356515,Neutral,Neutral,Neutral,Neutral,,,,,,
2026-03-06,AUDNZD,5,0.014157673005589233,Bullish,Bullish,Bullish,Bullish,,1.0,1.0,1.0,1.0,
2026-03-06,AUDNZD,10,0.010565803387099448,Bullish,Bullish,Bullish,Bullish,,1.0,1.0,1.0,1.0,
2026-03-06,AUDCAD,5,0.0033446920052424556,Bullish,Bullish,Bullish,Bullish,Bullish,1.0,1.0,1.0,1.0,1.0
2026-03-06,AUDCAD,10,0.01064220183486242,Bullish,Bullish,Bullish,Bullish,Bullish,1.0,1.0,1.0,1.0,1.0
2026-03-06,AUDCHF,5,0.012335948383312312,Very Bullish,Very Bullish,Very Bullish,Very Bullish,,1.0,1.0,1.0,1.0,
2026-03-06,AUDCHF,10,0.014462203973898191,Very Bullish,Very Bullish,Very Bullish,Very Bullish,,1.0,1.0,1.0,1.0,
2026-03-06,NZDCAD,5,-0.009911013347997932,Neutral,Neutral,Neutral,Neutral,,,,,,
2026-03-06,NZDCAD,10,-0.0005499175123733213,Neutral,Neutral,Neutral,Neutral,,,,,,
2026-03-06,NZDCHF,5,-0.002995845178219936,Neutral,Neutral,Neutral,Neutral,,,,,,
2026-03-06,NZDCHF,10,0.0023835556527445068,Neutral,Neutral,Neutral,Neutral,,,,,,
2026-03-06,CADCHF,5,0.008285988986976855,Neutral,Neutral,Neutral,Neutral,,,,,,
2026-03-06,CADCHF,10,0.003688488768464504,Neutral,Neutral,Neutral,Neutral,,,,,,
2026-03-13,EURUSD,5,0.0136037140854941,Bullish,Bullish,Bullish,Bullish,Bullish,1.0,1.0,1.0,1.0,1.0
2026-03-13,EURUSD,10,0.007980028030833974,Bullish,Bullish,Bullish,Bullish,Bullish,1.0,1.0,1.0,1.0,1.0
2026-03-13,GBPUSD,5,0.00910720634176232,Neutral,Neutral,Neutral,Neutral,Neutral,,,,,
2026-03-13,GBPUSD,10,0.002942444573875047,Neutral,Neutral,Neutral,Neutral,Neutral,,,,,
2026-03-13,USDJPY,5,-0.0030617419997119866,Bullish,Bullish,Bullish,Bullish,Bullish,1.0,1.0,1.0,1.0,1.0
2026-03-13,USDJPY,10,0.0033873260160413032,Bullish,Bullish,Bullish,Bullish,Bullish,1.0,1.0,1.0,1.0,1.0
2026-03-13,USDCHF,5,-0.0036918097453662035,Neutral,Bullish,Bullish,Neutral,,,1.0,1.0,,
2026-03-13,USDCHF,10,0.009988115406984077,Neutral,Bullish,Bullish,Neutral,,,1.0,1.0,,
2026-03-13,USDCAD,5,0.0006927076117628772,Bearish,Bearish,Bearish,Bearish,Bearish,-1.0,-1.0,-1.0,-1.0,-1.0
2026-03-13,USDCAD,10,0.012847903283434103,Bearish,Bearish,Bearish,Bearish,Bearish,-1.0,-1.0,-1.0,-1.0,-1.0
2026-03-13,AUDUSD,5,0.005975324917248281,Bullish,Bullish,Bullish,Bullish,Bullish,1.0,1.0,1.0,1.0,1.0
2026-03-13,AUDUSD,10,-0.016278103371688224,Bullish,Bullish,Bullish,Bullish,Bullish,1.0,1.0,1.0,1.0,1.0
2026-03-13,NZDUSD,5,0.009967583684365788,Neutral,Neutral,Neutral,Neutral,,,,,,
2026-03-13,NZDUSD,10,-0.0047497703122020285,Neutral,Neutral,Neutral,Neutral,,,,,,
2026-03-13,EURGBP,5,0.004644697978803514,Neutral,Neutral,Neutral,Neutral,Neutral,,,,,
2026-03-13,EURGBP,10,0.004980598830138572,Neutral,Neutral,Neutral,Neutral,Neutral,,,,,
2026-03-13,EURJPY,5,0.01043117726420184,Very Bullish,Very Bullish,Very Bullish,Very Bullish,Very Bullish,1.0,1.0,1.0,1.0,1.0
2026-03-13,EURJPY,10,0.011401901962289962,Very Bullish,Very Bullish,Very Bullish,Very Bullish,Very Bullish,1.0,1.0,1.0,1.0,1.0
2026-03-13,EURCHF,5,0.009968102073365293,Bullish,Bullish,Bullish,Bullish,,1.0,1.0,1.0,1.0,
2026-03-13,EURCHF,10,0.017222665248981084,Bullish,Bullish,Bullish,Bullish,,1.0,1.0,1.0,1.0,
2026-03-13,EURAUD,5,0.008386603456186137,Neutral,Neutral,Neutral,Neutral,Neutral,,,,,
2026-03-13,EURAUD,10,0.022449915889279914,Neutral,Neutral,Neutral,Neutral,Neutral,,,,,
2026-03-13,EURNZD,5,0.0037656967298163035,Bullish,Bullish,Bullish,Neutral,,1.0,1.0,1.0,,
2026-03-13,EURNZD,10,0.012977481740926278,Bullish,Bullish,Bullish,Neutral,,1.0,1.0,1.0,,
2026-03-13,EURCAD,5,0.014621526668795903,Neutral,Neutral,Neutral,Neutral,Neutral,,,,,
2026-03-13,EURCAD,10,0.020594059405940612,Neutral,Neutral,Neutral,Neutral,Neutral,,,,,
2026-03-13,GBPJPY,5,0.006114600206504006,Bullish,Bullish,Bullish,Bullish,Bullish,1.0,1.0,1.0,1.0,1.0
2026-03-13,GBPJPY,10,0.006517188136444085,Bullish,Bullish,Bullish,Bullish,Bullish,1.0,1.0,1.0,1.0,1.0
2026-03-13,GBPCHF,5,0.0047309567045781264,Neutral,Neutral,Neutral,Neutral,,,,,,
2026-03-13,GBPCHF,10,0.012711459428462302,Neutral,Neutral,Neutral,Neutral,,,,,,
2026-03-13,GBPAUD,5,0.003507363350165882,Neutral,Neutral,Neutral,Neutral,Neutral,,,,,
2026-03-13,GBPAUD,10,0.017927697606118898,Neutral,Neutral,Neutral,Neutral,Neutral,,,,,
2026-03-13,GBPNZD,5,-0.0009437507099978593,Bullish,Bullish,Bullish,Neutral,,1.0,1.0,1.0,,
2026-03-13,GBPNZD,10,0.007117453271232144,Bullish,Bullish,Bullish,Neutral,,1.0,1.0,1.0,,
2026-03-13,GBPCAD,5,0.009969710177711422,Bearish,Bearish,Bearish,Bearish,Bearish,-1.0,-1.0,-1.0,-1.0,-1.0
2026-03-13,GBPCAD,10,0.016016640091807366,Bearish,Bearish,Bearish,Bearish,Bearish,-1.0,-1.0,-1.0,-1.0,-1.0
2026-03-13,AUDJPY,5,0.0026550895195722735,Bullish,Bullish,Bullish,Bullish,Bullish,1.0,1.0,1.0,1.0,1.0
2026-03-13,AUDJPY,10,-0.014118617918266296,Bullish,Bullish,Bullish,Bullish,Bullish,1.0,1.0,1.0,1.0,1.0
2026-03-13,NZDJPY,5,0.00657894736842124,Neutral,Neutral,Neutral,Neutral,,,,,,
2026-03-13,NZDJPY,10,-0.0015633142261594069,Neutral,Neutral,Neutral,Neutral,,,,,,
2026-03-13,CADJPY,5,-0.0032045499454453896,Bullish,Bullish,Bullish,Bullish,Bullish,1.0,1.0,1.0,1.0,1.0
2026-03-13,CADJPY,10,-0.009115355206749332,Bullish,Bullish,Bullish,Bullish,Bullish,1.0,1.0,1.0,1.0,1.0
2026-03-13,CHFJPY,5,0.002132693194724755,Neutral,Neutral,Neutral,Neutral,,,,,,
2026-03-13,CHFJPY,10,-0.005743392370910039,Neutral,Neutral,Neutral,Neutral,,,,,,
2026-03-13,AUDNZD,5,-0.00354172700566846,Bullish,Bullish,Bullish,Bullish,,1.0,1.0,1.0,1.0,
2026-03-13,AUDNZD,10,-0.01146096238983818,Bullish,Bullish,Bullish,Bullish,,1.0,1.0,1.0,1.0,
2026-03-13,AUDCAD,5,0.007273183271678363,Neutral,Neutral,Neutral,Neutral,Neutral,,,,,
2026-03-13,AUDCAD,10,-0.0035634418040838556,Neutral,Neutral,Neutral,Neutral,Neutral,,,,,
2026-03-13,AUDCHF,5,0.0021003458328052727,Very Bullish,Very Bullish,Very Bullish,Very Bullish,,1.0,1.0,1.0,1.0,
2026-03-13,AUDCHF,10,-0.00550435459631704,Very Bullish,Very Bullish,Very Bullish,Very Bullish,,1.0,1.0,1.0,1.0,
2026-03-13,NZDCAD,5,0.009454802509498927,Bearish,Bearish,Bearish,Bearish,,-1.0,-1.0,-1.0,-1.0,
2026-03-13,NZDCAD,10,0.00734672237720746,Bearish,Bearish,Bearish,Bearish,,-1.0,-1.0,-1.0,-1.0,
2026-03-13,NZDCHF,5,0.005395565108679001,Neutral,Neutral,Neutral,Neutral,,,,,,
2026-03-13,NZDCHF,10,0.004803368938214314,Neutral,Neutral,Neutral,Neutral,,,,,,
2026-03-13,CADCHF,5,-0.004559718441720539,Bullish,Very Bullish,Very Bullish,Bullish,,1.0,1.0,1.0,1.0,
2026-03-13,CADCHF,10,-0.002895334523830284,Bullish,Very Bullish,Very Bullish,Bullish,,1.0,1.0,1.0,1.0,
2026-03-20,EURUSD,5,-0.005548209794923764,Neutral,Neutral,Neutral,Neutral,Neutral,,,,,
2026-03-20,EURUSD,10,-0.005254379369647344,Neutral,Neutral,Neutral,Neutral,Neutral,,,,,
2026-03-20,GBPUSD,5,-0.00610912470859859,Neutral,Neutral,Neutral,Neutral,Neutral,,,,,
2026-03-20,GBPUSD,10,-0.01028431791435247,Neutral,Neutral,Neutral,Neutral,Neutral,,,,,
2026-03-20,USDJPY,5,0.006468874039089689,Bullish,Bullish,Bullish,Bullish,Bullish,1.0,1.0,1.0,1.0,1.0
2026-03-20,USDJPY,10,0.002813646183992491,Bullish,Bullish,Bullish,Bullish,Bullish,1.0,1.0,1.0,1.0,1.0
2026-03-20,USDCHF,5,0.013730615974213878,Bullish,Bullish,Bullish,Neutral,,1.0,1.0,1.0,,
2026-03-20,USDCHF,10,0.015545290728661731,Bullish,Bullish,Bullish,Neutral,,1.0,1.0,1.0,,
2026-03-20,USDCAD,5,0.012146781503665105,Neutral,Neutral,Neutral,Neutral,Neutral,,,,,
2026-03-20,USDCAD,10,0.016263717046299142,Neutral,Neutral,Neutral,Neutral,Neutral,,,,,
2026-03-20,AUDUSD,5,-0.022121246652612503,Neutral,Neutral,Neutral,Neutral,Neutral,,,,,
2026-03-20,AUDUSD,10,-0.017933451085408225,Neutral,Neutral,Neutral,Neutral,Neutral,,,,,
2026-03-20,NZDUSD,5,-0.01457210531735953,Bearish,Bearish,Bearish,Neutral,,-1.0,-1.0,-1.0,,
2026-03-20,NZDUSD,10,-0.02492190450036036,Bearish,Bearish,Bearish,Neutral,,-1.0,-1.0,-1.0,,
2026-03-20,EURGBP,5,0.00033434790629027766,Neutral,Neutral,Neutral,Neutral,Neutral,,,,,
2026-03-20,EURGBP,10,0.005856852979155169,Neutral,Neutral,Neutral,Neutral,Neutral,,,,,
2026-03-20,EURJPY,5,0.0009607034303082962,Very Bullish,Very Bullish,Very Bullish,Very Bullish,Very Bullish,1.0,1.0,1.0,1.0,1.0
2026-03-20,EURJPY,10,-0.0018074250976986006,Very Bullish,Very Bullish,Very Bullish,Very Bullish,Very Bullish,1.0,1.0,1.0,1.0,1.0
2026-03-20,EURCHF,5,0.007182962670526871,Very Bullish,Very Bullish,Very Bullish,Bullish,,1.0,1.0,1.0,1.0,
2026-03-20,EURCHF,10,0.00850989165241045,Very Bullish,Very Bullish,Very Bullish,Bullish,,1.0,1.0,1.0,1.0,
2026-03-20,EURAUD,5,0.013946349926598156,Neutral,Neutral,Neutral,Neutral,Neutral,,,,,
2026-03-20,EURAUD,10,0.013479247297477626,Neutral,Neutral,Neutral,Neutral,Neutral,,,,,
2026-03-20,EURNZD,5,0.00917722635981777,Bullish,Bullish,Bullish,Bullish,,1.0,1.0,1.0,1.0,
2026-03-20,EURNZD,10,0.020159643399204175,Bullish,Bullish,Bullish,Bullish,,1.0,1.0,1.0,1.0,
2026-03-20,EURCAD,5,0.005886463651873841,Bullish,Bullish,Bullish,Bullish,Bullish,1.0,1.0,1.0,1.0,1.0
2026-03-20,EURCAD,10,0.011275568342787423,Bullish,Bullish,Bullish,Bullish,Bullish,1.0,1.0,1.0,1.0,1.0
2026-03-20,GBPJPY,5,0.0004001412263150428,Bullish,Bullish,Bullish,Bullish,Bullish,1.0,1.0,1.0,1.0,1.0
2026-03-20,GBPJPY,10,-0.008779569259738773,Bullish,Bullish,Bullish,Bullish,Bullish,1.0,1.0,1.0,1.0,1.0
2026-03-20,GBPCHF,5,0.007942925089179598,Bullish,Bullish,Bullish,Neutral,,1.0,1.0,1.0,,
2026-03-20,GBPCHF,10,0.0021403091557670173,Bullish,Bullish,Bullish,Neutral,,1.0,1.0,1.0,,
2026-03-20,GBPAUD,5,0.014369933677229163,Neutral,Neutral,Neutral,Neutral,Neutral,,,,,
2026-03-20,GBPAUD,10,0.007632382356037359,Neutral,Neutral,Neutral,Neutral,Neutral,,,,,
2026-03-20,GBPNZD,5,0.008068818934828359,Neutral,Neutral,Neutral,Neutral,,,,,,
2026-03-20,GBPNZD,10,0.012870750203360481,Neutral,Neutral,Neutral,Neutral,,,,,,
2026-03-20,GBPCAD,5,0.005987238877720458,Neutral,Neutral,Neutral,Neutral,Neutral,,,,,
2026-03-20,GBPCAD,10,0.0058670570754304485,Neutral,Neutral,Neutral,Neutral,Neutral,,,,,
2026-03-20,AUDJPY,5,-0.016729289676149617,Bullish,Bullish,Bullish,Bullish,Bullish,1.0,1.0,1.0,1.0,1.0
2026-03-20,AUDJPY,10,-0.017149758454106268,Bullish,Bullish,Bullish,Bullish,Bullish,1.0,1.0,1.0,1.0,1.0
2026-03-20,NZDJPY,5,-0.00808904419853751,Neutral,Neutral,Neutral,Neutral,,,,,,
2026-03-20,NZDJPY,10,-0.021894346297374856,Neutral,Neutral,Neutral,Neutral,,,,,,
2026-03-20,CADJPY,5,-0.0059298076260084764,Bullish,Bullish,Bullish,Bullish,Bullish,1.0,1.0,1.0,1.0,1.0
2026-03-20,CADJPY,10,-0.013212783562021713,Bullish,Bullish,Bullish,Bullish,Bullish,1.0,1.0,1.0,1.0,1.0
2026-03-20,CHFJPY,5,-0.007859324038742233,Neutral,Neutral,Neutral,Neutral,,,,,,
2026-03-20,CHFJPY,10,-0.013184659470534932,Neutral,Neutral,Neutral,Neutral,,,,,,
2026-03-20,AUDNZD,5,-0.007947382844614825,Bullish,Bullish,Bullish,Bullish,,1.0,1.0,1.0,1.0,
2026-03-20,AUDNZD,10,0.004384762948753007,Bullish,Bullish,Bullish,Bullish,,1.0,1.0,1.0,1.0,
2026-03-20,AUDCAD,5,-0.010758377425044041,Bullish,Bullish,Bullish,Bullish,Bullish,1.0,1.0,1.0,1.0,1.0
2026-03-20,AUDCAD,10,-0.0025313829235398266,Bullish,Bullish,Bullish,Bullish,Bullish,1.0,1.0,1.0,1.0,1.0
2026-03-20,AUDCHF,5,-0.007588761405727729,Very Bullish,Very Bullish,Very Bullish,Very Bullish,,1.0,1.0,1.0,1.0,
2026-03-20,AUDCHF,10,-0.0034330111121149143,Very Bullish,Very Bullish,Very Bullish,Very Bullish,,1.0,1.0,1.0,1.0,
2026-03-20,NZDCAD,5,-0.002088335334133551,Neutral,Neutral,Neutral,Neutral,,,,,,
2026-03-20,NZDCAD,10,-0.009316226490596158,Neutral,Neutral,Neutral,Neutral,,,,,,
2026-03-20,NZDCHF,5,-0.0005890180850367521,Neutral,Neutral,Neutral,Neutral,,,,,,
2026-03-20,NZDCHF,10,-0.010013307445625008,Neutral,Neutral,Neutral,Neutral,,,,,,
2026-03-20,CADCHF,5,0.001672007802703046,Neutral,Bullish,Bullish,Neutral,,,1.0,1.0,,
2026-03-20,CADCHF,10,-0.0006270029260136978,Neutral,Bullish,Bullish,Neutral,,,1.0,1.0,,
2026-03-27,EURUSD,5,0.00029546975345651205,Neutral,Neutral,Neutral,Neutral,Neutral,,,,,
2026-03-27,EURUSD,10,0.019014347663616427,Neutral,Neutral,Neutral,Neutral,Neutral,,,,,
2026-03-27,GBPUSD,5,-0.004200856763605709,Neutral,Neutral,Neutral,Neutral,Neutral,,,,,
2026-03-27,GBPUSD,10,0.015370459756244736,Neutral,Neutral,Neutral,Neutral,Neutral,,,,,
2026-03-27,USDJPY,5,-0.0036317346212886292,Bullish,Bullish,Bullish,Bullish,Bullish,1.0,1.0,1.0,1.0,1.0
2026-03-27,USDJPY,10,-0.006002970284673004,Bullish,Bullish,Bullish,Bullish,Bullish,1.0,1.0,1.0,1.0,1.0
2026-03-27,USDCHF,5,0.001790095638676048,Bullish,Bullish,Bullish,Bullish,,1.0,1.0,1.0,1.0,
2026-03-27,USDCHF,10,-0.012155124931150119,Bullish,Bullish,Bullish,Bullish,,1.0,1.0,1.0,1.0,
2026-03-27,USDCAD,5,0.004067528166732837,Bullish,Bullish,Bullish,Bullish,Bullish,1.0,1.0,1.0,1.0,1.0
2026-03-27,USDCAD,10,-0.003491594974982748,Bullish,Bullish,Bullish,Bullish,Bullish,1.0,1.0,1.0,1.0,1.0
2026-03-27,AUDUSD,5,0.004282530480255176,Neutral,Neutral,Neutral,Neutral,Neutral,,,,,
2026-03-27,AUDUSD,10,0.02904546182866974,Neutral,Neutral,Neutral,Neutral,Neutral,,,,,
2026-03-27,NZDUSD,5,-0.010502847787086544,Bearish,Bearish,Bearish,Bearish,,-1.0,-1.0,-1.0,-1.0,
2026-03-27,NZDUSD,10,0.016424851514465155,Bearish,Bearish,Bearish,Bearish,,-1.0,-1.0,-1.0,-1.0,
2026-03-27,EURGBP,5,0.005520659252002513,Neutral,Neutral,Neutral,Neutral,Neutral,,,,,
2026-03-27,EURGBP,10,0.0040108338615800765,Neutral,Neutral,Neutral,Neutral,Neutral,,,,,
2026-03-27,EURJPY,5,-0.0027654717298296605,Very Bullish,Very Bullish,Very Bullish,Very Bullish,Very Bullish,1.0,1.0,1.0,1.0,1.0
2026-03-27,EURJPY,10,0.01294349219432056,Very Bullish,Very Bullish,Very Bullish,Very Bullish,Very Bullish,1.0,1.0,1.0,1.0,1.0
2026-03-27,EURCHF,5,0.001317465675119589,Very Bullish,Very Bullish,Very Bullish,Very Bullish,,1.0,1.0,1.0,1.0,
2026-03-27,EURCHF,10,0.007589037814531352,Very Bullish,Very Bullish,Very Bullish,Very Bullish,,1.0,1.0,1.0,1.0,
2026-03-27,EURAUD,5,-0.00046067785455750077,Bullish,Bullish,Bullish,Bullish,Bullish,1.0,1.0,1.0,1.0,1.0
2026-03-27,EURAUD,10,-0.006850339525561799,Bullish,Bullish,Bullish,Bullish,Bullish,1.0,1.0,1.0,1.0,1.0
2026-03-27,EURNZD,5,0.010882545456362136,Very Bullish,Very Bullish,Very Bullish,Very Bullish,,1.0,1.0,1.0,1.0,
2026-03-27,EURNZD,10,0.0026831620340066475,Very Bullish,Very Bullish,Very Bullish,Very Bullish,,1.0,1.0,1.0,1.0,
2026-03-27,EURCAD,5,0.0053575675641845955,Bullish,Bullish,Bullish,Bullish,Bullish,1.0,1.0,1.0,1.0,1.0
2026-03-27,EURCAD,10,0.015816090227446455,Bullish,Bullish,Bullish,Bullish,Bullish,1.0,1.0,1.0,1.0,1.0
2026-03-27,GBPJPY,5,-0.0091760387746459,Bullish,Bullish,Bullish,Bullish,Bullish,1.0,1.0,1.0,1.0,1.0
2026-03-27,GBPJPY,10,0.009138393487365226,Bullish,Bullish,Bullish,Bullish,Bullish,1.0,1.0,1.0,1.0,1.0
2026-03-27,GBPCHF,5,-0.005756889392223519,Bullish,Bullish,Bullish,Bullish,,1.0,1.0,1.0,1.0,
2026-03-27,GBPCHF,10,0.0026896942242353727,Bullish,Bullish,Bullish,Bullish,,1.0,1.0,1.0,1.0,
2026-03-27,GBPAUD,5,-0.006642104716932273,Neutral,Neutral,Neutral,Neutral,Neutral,,,,,
2026-03-27,GBPAUD,10,-0.011063255669140126,Neutral,Neutral,Neutral,Neutral,Neutral,,,,,
2026-03-27,GBPNZD,5,0.004763495485959002,Bullish,Bullish,Bullish,Bullish,,1.0,1.0,1.0,1.0,
2026-03-27,GBPNZD,10,-0.00022993193147158308,Bullish,Bullish,Bullish,Bullish,,1.0,1.0,1.0,1.0,
2026-03-27,GBPCAD,5,-0.0001194665276511575,Neutral,Neutral,Neutral,Neutral,Neutral,,,,,
2026-03-27,GBPCAD,10,0.011979234545375528,Neutral,Neutral,Neutral,Neutral,Neutral,,,,,
2026-03-27,AUDJPY,5,-0.00042762260030926313,Bullish,Bullish,Bullish,Bullish,Bullish,1.0,1.0,1.0,1.0,1.0
2026-03-27,AUDJPY,10,0.0237467018469657,Bullish,Bullish,Bullish,Bullish,Bullish,1.0,1.0,1.0,1.0,1.0
2026-03-27,NZDJPY,5,-0.01391788448155884,Neutral,Neutral,Neutral,Bullish,,,,,1.0,
2026-03-27,NZDJPY,10,0.010775487125956884,Neutral,Neutral,Neutral,Bullish,,,,,1.0,
2026-03-27,CADJPY,5,-0.007326420198376926,Neutral,Neutral,Neutral,Neutral,Neutral,,,,,
2026-03-27,CADJPY,10,-0.0022022612193938196,Neutral,Neutral,Neutral,Neutral,Neutral,,,,,
2026-03-27,CHFJPY,5,-0.005367520514803048,Neutral,Neutral,Neutral,Neutral,,,,,,
2026-03-27,CHFJPY,10,0.0068640411044322835,Neutral,Neutral,Neutral,Neutral,,,,,,
2026-03-27,AUDNZD,5,0.012430939226519166,Bullish,Bullish,Bullish,Bullish,,1.0,1.0,1.0,1.0,
2026-03-27,AUDNZD,10,0.012707182320441879,Bullish,Bullish,Bullish,Bullish,,1.0,1.0,1.0,1.0,
2026-03-27,AUDCAD,5,0.008316466183549531,Bullish,Bullish,Bullish,Bullish,Bullish,1.0,1.0,1.0,1.0,1.0
2026-03-27,AUDCAD,10,0.025473765901439904,Bullish,Bullish,Bullish,Bullish,Bullish,1.0,1.0,1.0,1.0,1.0
2026-03-27,AUDCHF,5,0.004187528447883393,Very Bullish,Very Bullish,Very Bullish,Bullish,,1.0,1.0,1.0,1.0,
2026-03-27,AUDCHF,10,0.015093309057806037,Very Bullish,Very Bullish,Very Bullish,Bullish,,1.0,1.0,1.0,1.0,
2026-03-27,NZDCAD,5,-0.007243017004799457,Neutral,Neutral,Neutral,Neutral,,,,,,
2026-03-27,NZDCAD,10,0.011591333441936857,Neutral,Neutral,Neutral,Neutral,,,,,,
2026-03-27,NZDCHF,5,-0.009429843709071961,Neutral,Neutral,Neutral,Neutral,,,,,,
2026-03-27,NZDCHF,10,0.004976861957565637,Neutral,Neutral,Neutral,Neutral,,,,,,
2026-03-27,CADCHF,5,-0.002295173181249055,Bullish,Bullish,Bullish,Neutral,,1.0,1.0,1.0,,
2026-03-27,CADCHF,10,-0.008659062456530808,Bullish,Bullish,Bullish,Neutral,,1.0,1.0,1.0,,
2026-04-03,EURUSD,5,0.018713348681638653,Neutral,Neutral,Neutral,Neutral,Neutral,,,,,
2026-04-03,EURUSD,10,0.021814864688762592,Neutral,Neutral,Neutral,Neutral,Neutral,,,,,
2026-04-03,GBPUSD,5,0.019653879653122486,Neutral,Neutral,Neutral,Neutral,Neutral,,,,,
2026-04-03,GBPUSD,10,0.02364524557882386,Neutral,Neutral,Neutral,Neutral,Neutral,,,,,
2026-04-03,USDJPY,5,-0.002379878751440412,Bullish,Bullish,Bullish,Bullish,Bullish,1.0,1.0,1.0,1.0,1.0
2026-04-03,USDJPY,10,-0.006500826694724293,Bullish,Bullish,Bullish,Bullish,Bullish,1.0,1.0,1.0,1.0,1.0
2026-04-03,USDCHF,5,-0.013920301898109444,Very Bullish,Very Bullish,Very Bullish,Bullish,,1.0,1.0,1.0,1.0,
2026-04-03,USDCHF,10,-0.0232171642070802,Very Bullish,Very Bullish,Very Bullish,Bullish,,1.0,1.0,1.0,1.0,
2026-04-03,USDCAD,5,-0.007528500752850054,Bullish,Bullish,Bullish,Bullish,Bullish,1.0,1.0,1.0,1.0,1.0
2026-04-03,USDCAD,10,-0.0183121818312183,Bullish,Bullish,Bullish,Bullish,Bullish,1.0,1.0,1.0,1.0,1.0
2026-04-03,AUDUSD,5,0.024657335557328297,Neutral,Neutral,Neutral,Neutral,Neutral,,,,,
2026-04-03,AUDUSD,10,0.0398288490826022,Neutral,Neutral,Neutral,Neutral,Neutral,,,,,
2026-04-03,NZDUSD,5,0.027213518746699306,Bearish,Bearish,Bearish,Bearish,,-1.0,-1.0,-1.0,-1.0,
2026-04-03,NZDUSD,10,0.0348002112304171,Bearish,Bearish,Bearish,Bearish,,-1.0,-1.0,-1.0,-1.0,
2026-04-03,EURGBP,5,-0.001501535922241115,Neutral,Neutral,Neutral,Neutral,Neutral,,,,,
2026-04-03,EURGBP,10,-0.0025560496996928084,Neutral,Neutral,Neutral,Neutral,Neutral,,,,,
2026-04-03,EURJPY,5,0.01575252709249786,Bullish,Bullish,Bullish,Bullish,Bullish,1.0,1.0,1.0,1.0,1.0
2026-04-03,EURJPY,10,0.014730271278417861,Bullish,Bullish,Bullish,Bullish,Bullish,1.0,1.0,1.0,1.0,1.0
2026-04-03,EURCHF,5,0.006263320429733321,Bullish,Bullish,Bullish,Neutral,,1.0,1.0,1.0,,
2026-04-03,EURCHF,10,0.0001522334826671301,Bullish,Bullish,Bullish,Neutral,,1.0,1.0,1.0,,
2026-04-03,EURAUD,5,-0.006392606603299322,Neutral,Neutral,Neutral,Neutral,Neutral,,,,,
2026-04-03,EURAUD,10,-0.01766346637297378,Neutral,Neutral,Neutral,Neutral,Neutral,,,,,
2026-04-03,EURNZD,5,-0.008111113857103835,Bullish,Bullish,Bullish,Neutral,,1.0,1.0,1.0,,
2026-04-03,EURNZD,10,-0.01249042334972672,Bullish,Bullish,Bullish,Neutral,,1.0,1.0,1.0,,
2026-04-03,EURCAD,5,0.010402789018240766,Neutral,Neutral,Neutral,Neutral,Neutral,,,,,
2026-04-03,EURCAD,10,0.0027703417792441787,Neutral,Neutral,Neutral,Neutral,Neutral,,,,,
2026-04-03,GBPJPY,5,0.01848404255319136,Bullish,Bullish,Bullish,Bullish,Bullish,1.0,1.0,1.0,1.0,1.0
2026-04-03,GBPJPY,10,0.018241831306990974,Bullish,Bullish,Bullish,Bullish,Bullish,1.0,1.0,1.0,1.0,1.0
2026-04-03,GBPCHF,5,0.008495491219743467,Bullish,Bullish,Bullish,Neutral,,1.0,1.0,1.0,,
2026-04-03,GBPCHF,10,0.0032273374466063043,Bullish,Bullish,Bullish,Neutral,,1.0,1.0,1.0,,
2026-04-03,GBPAUD,5,-0.004450713054380162,Neutral,Neutral,Neutral,Neutral,Neutral,,,,,
2026-04-03,GBPAUD,10,-0.014652875724808001,Neutral,Neutral,Neutral,Neutral,Neutral,,,,,
2026-04-03,GBPNZD,5,-0.004969754016606154,Bullish,Bullish,Bullish,Neutral,,1.0,1.0,1.0,,
2026-04-03,GBPNZD,10,-0.00892914970142622,Bullish,Bullish,Bullish,Neutral,,1.0,1.0,1.0,,
2026-04-03,GBPCAD,5,0.012100146635529274,Neutral,Neutral,Neutral,Neutral,Neutral,,,,,
2026-04-03,GBPCAD,10,0.0049475913756587,Neutral,Neutral,Neutral,Neutral,Neutral,,,,,
2026-04-03,AUDJPY,5,0.0241846663571903,Neutral,Neutral,Neutral,Neutral,Neutral,,,,,
2026-04-03,AUDJPY,10,0.03432456787089366,Neutral,Neutral,Neutral,Neutral,Neutral,,,,,
2026-04-03,NZDJPY,5,0.025041901905433983,Neutral,Neutral,Neutral,Neutral,,,,,,
2026-04-03,NZDJPY,10,0.027379587155963447,Neutral,Neutral,Neutral,Neutral,,,,,,
2026-04-03,CADJPY,5,0.0051619777973814784,Neutral,Neutral,Neutral,Neutral,Neutral,,,,,
2026-04-03,CADJPY,10,0.011756382597758908,Neutral,Neutral,Neutral,Neutral,Neutral,,,,,
2026-04-03,CHFJPY,5,0.012297569073519643,Neutral,Neutral,Neutral,Neutral,,,,,,
2026-04-03,CHFJPY,10,0.017568672293857723,Neutral,Neutral,Neutral,Neutral,,,,,,
2026-04-03,AUDNZD,5,0.00027285129604370795,Bullish,Bullish,Bullish,Neutral,,1.0,1.0,1.0,,
2026-04-03,AUDNZD,10,0.006118483608251735,Bullish,Bullish,Bullish,Neutral,,1.0,1.0,1.0,,
2026-04-03,AUDCAD,5,0.017015788488340622,Bullish,Bullish,Bullish,Bullish,Bullish,1.0,1.0,1.0,1.0,1.0
2026-04-03,AUDCAD,10,0.020968110997857448,Bullish,Bullish,Bullish,Bullish,Bullish,1.0,1.0,1.0,1.0,1.0
2026-04-03,AUDCHF,5,0.010860302783066045,Very Bullish,Very Bullish,Very Bullish,Bullish,,1.0,1.0,1.0,1.0,
2026-04-03,AUDCHF,10,0.016081950865742156,Very Bullish,Very Bullish,Very Bullish,Bullish,,1.0,1.0,1.0,1.0,
2026-04-03,NZDCAD,5,0.01897176325057126,Neutral,Neutral,Neutral,Neutral,,,,,,
2026-04-03,NZDCAD,10,0.016081188543730862,Neutral,Neutral,Neutral,Neutral,,,,,,
2026-04-03,NZDCHF,5,0.014543851917144135,Neutral,Neutral,Neutral,Neutral,,,,,,
2026-04-03,NZDCHF,10,0.01128250330542091,Neutral,Neutral,Neutral,Neutral,,,,,,
2026-04-03,CADCHF,5,-0.006378529104217545,Neutral,Neutral,Neutral,Neutral,,,,,,
2026-04-03,CADCHF,10,-0.004966887417218624,Neutral,Neutral,Neutral,Neutral,,,,,,
2026-04-10,EURUSD,5,0.003044542423182861,Bullish,Bullish,Bullish,Bullish,Bullish,1.0,1.0,1.0,1.0,1.0
2026-04-10,EURUSD,10,-0.0005458003223632879,Bullish,Bullish,Bullish,Bullish,Bullish,1.0,1.0,1.0,1.0,1.0
2026-04-10,GBPUSD,5,0.003914432147366753,Bullish,Bullish,Bullish,Bullish,Bullish,1.0,1.0,1.0,1.0,1.0
2026-04-10,GBPUSD,10,0.005184579959889968,Bullish,Bullish,Bullish,Bullish,Bullish,1.0,1.0,1.0,1.0,1.0
2026-04-10,USDJPY,5,-0.004130778695728643,Neutral,Neutral,Neutral,Neutral,Neutral,,,,,
2026-04-10,USDJPY,10,0.0004017778670617478,Neutral,Neutral,Neutral,Neutral,Neutral,,,,,
2026-04-10,USDCHF,5,-0.009428104368101597,Neutral,Neutral,Neutral,Neutral,,,,,,
2026-04-10,USDCHF,10,-0.005487055364768678,Neutral,Neutral,Neutral,Neutral,,,,,,
2026-04-10,USDCAD,5,-0.010865481866782378,Bullish,Bullish,Bullish,Bullish,Bullish,1.0,1.0,1.0,1.0,1.0
2026-04-10,USDCAD,10,-0.012527091460771689,Bullish,Bullish,Bullish,Bullish,Bullish,1.0,1.0,1.0,1.0,1.0
2026-04-10,AUDUSD,5,0.014806426498690684,Bullish,Bullish,Bullish,Bullish,Bullish,1.0,1.0,1.0,1.0,1.0
2026-04-10,AUDUSD,10,0.011932903956401564,Bullish,Bullish,Bullish,Bullish,Bullish,1.0,1.0,1.0,1.0,1.0
2026-04-10,NZDUSD,5,0.00738570155596685,Neutral,Neutral,Neutral,Neutral,,,,,,
2026-04-10,NZDUSD,10,0.006717389814243635,Neutral,Neutral,Neutral,Neutral,,,,,,
2026-04-10,EURGBP,5,-0.0010560995488617664,Neutral,Neutral,Neutral,Neutral,Neutral,,,,,
2026-04-10,EURGBP,10,-0.005705233432438228,Neutral,Neutral,Neutral,Neutral,Neutral,,,,,
2026-04-10,EURJPY,5,-0.0010064024324960563,Bullish,Bullish,Bullish,Bullish,Bullish,1.0,1.0,1.0,1.0,1.0
2026-04-10,EURJPY,10,-4.817883985364091e-05,Bullish,Bullish,Bullish,Bullish,Bullish,1.0,1.0,1.0,1.0,1.0
2026-04-10,EURCHF,5,-0.006073049492111515,Neutral,Neutral,Neutral,Neutral,,,,,,
2026-04-10,EURCHF,10,-0.005770477631294568,Neutral,Neutral,Neutral,Neutral,,,,,,
2026-04-10,EURAUD,5,-0.01134337349397585,Neutral,Neutral,Neutral,Neutral,Neutral,,,,,
2026-04-10,EURAUD,10,-0.012180722891566242,Neutral,Neutral,Neutral,Neutral,Neutral,,,,,
2026-04-10,EURNZD,5,-0.004415121042088188,Bullish,Bullish,Bullish,Neutral,,1.0,1.0,1.0,,
2026-04-10,EURNZD,10,-0.007913332070921042,Bullish,Bullish,Bullish,Neutral,,1.0,1.0,1.0,,
2026-04-10,EURCAD,5,-0.007553865965089668,Bullish,Bullish,Bullish,Bullish,Bullish,1.0,1.0,1.0,1.0,1.0
2026-04-10,EURCAD,10,-0.012852662645331914,Bullish,Bullish,Bullish,Bullish,Bullish,1.0,1.0,1.0,1.0,1.0
2026-04-10,GBPJPY,5,-0.00023781545520673575,Bullish,Bullish,Bullish,Bullish,Bullish,1.0,1.0,1.0,1.0,1.0
2026-04-10,GBPJPY,10,0.0057029078768209285,Bullish,Bullish,Bullish,Bullish,Bullish,1.0,1.0,1.0,1.0,1.0
2026-04-10,GBPCHF,5,-0.005223775236481654,Neutral,Neutral,Neutral,Neutral,,,,,,
2026-04-10,GBPCHF,10,-0.0002635418137322265,Neutral,Neutral,Neutral,Neutral,,,,,,
2026-04-10,GBPAUD,5,-0.01024777256556375,Neutral,Neutral,Neutral,Neutral,Neutral,,,,,
2026-04-10,GBPAUD,10,-0.006852837158538794,Neutral,Neutral,Neutral,Neutral,Neutral,,,,,
2026-04-10,GBPNZD,5,-0.003979171186808461,Bullish,Bullish,Bullish,Neutral,,1.0,1.0,1.0,,
2026-04-10,GBPNZD,10,-0.0028683011499239797,Bullish,Bullish,Bullish,Neutral,,1.0,1.0,1.0,,
2026-04-10,GBPCAD,5,-0.007067043003251783,Bullish,Bullish,Bullish,Bullish,Bullish,1.0,1.0,1.0,1.0,1.0
2026-04-10,GBPCAD,10,-0.007496324279075761,Bullish,Bullish,Bullish,Bullish,Bullish,1.0,1.0,1.0,1.0,1.0
2026-04-10,AUDJPY,5,0.009900462140064015,Neutral,Neutral,Neutral,Neutral,Neutral,,,,,
2026-04-10,AUDJPY,10,0.01248666903661566,Neutral,Neutral,Neutral,Neutral,Neutral,,,,,
2026-04-10,NZDJPY,5,0.002280575307393562,Neutral,Neutral,Neutral,Bullish,,,,,1.0,
2026-04-10,NZDJPY,10,0.006314611818113436,Neutral,Neutral,Neutral,Bullish,,,,,1.0,
2026-04-10,CADJPY,5,0.006560539441441859,Neutral,Neutral,Neutral,Neutral,Neutral,,,,,
2026-04-10,CADJPY,10,0.013129768339097403,Neutral,Neutral,Neutral,Neutral,Neutral,,,,,
2026-04-10,CHFJPY,5,0.005207068930494829,Neutral,Neutral,Neutral,Bullish,,,,,1.0,
2026-04-10,CHFJPY,10,0.005975000123859875,Neutral,Neutral,Neutral,Bullish,,,,,1.0,
2026-04-10,AUDNZD,5,0.005844037758931275,Bullish,Bullish,Bullish,Neutral,,1.0,1.0,1.0,,
2026-04-10,AUDNZD,10,0.0034634396336523654,Bullish,Bullish,Bullish,Neutral,,1.0,1.0,1.0,,
2026-04-10,AUDCAD,5,0.0038861958233622484,Very Bullish,Very Bullish,Very Bullish,Very Bullish,Very Bullish,1.0,1.0,1.0,1.0,1.0
2026-04-10,AUDCAD,10,-0.0008488269824712402,Very Bullish,Very Bullish,Very Bullish,Very Bullish,Very Bullish,1.0,1.0,1.0,1.0,1.0
2026-04-10,AUDCHF,5,0.005165548660185815,Bullish,Bullish,Bullish,Neutral,,1.0,1.0,1.0,,
2026-04-10,AUDCHF,10,0.006421063959536344,Bullish,Bullish,Bullish,Neutral,,1.0,1.0,1.0,,
2026-04-10,NZDCAD,5,-0.002836756435349197,Neutral,Neutral,Neutral,Neutral,,,,,,
2026-04-10,NZDCAD,10,-0.004632955924980808,Neutral,Neutral,Neutral,Neutral,,,,,,
2026-04-10,NZDCHF,5,-0.0032145960034751786,Bearish,Neutral,Neutral,Neutral,,-1.0,,,,
2026-04-10,NZDCHF,10,0.00047784535186790045,Bearish,Neutral,Neutral,Neutral,,-1.0,,,,
2026-04-10,CADCHF,5,0.0014207036868136846,Bearish,Bearish,Bearish,Bearish,,-1.0,-1.0,-1.0,-1.0,
2026-04-10,CADCHF,10,0.006998281123934635,Bearish,Bearish,Bearish,Bearish,,-1.0,-1.0,-1.0,-1.0,
2026-04-17,EURUSD,5,-0.003579444973473067,Bullish,Bullish,Bullish,Bullish,Bullish,1.0,1.0,1.0,1.0,1.0
2026-04-17,EURUSD,10,-0.00371548088695417,Bullish,Bullish,Bullish,Bullish,Bullish,1.0,1.0,1.0,1.0,1.0
2026-04-17,GBPUSD,5,0.0012651952914020104,Bullish,Bullish,Bullish,Bullish,Bullish,1.0,1.0,1.0,1.0,1.0
2026-04-17,GBPUSD,10,0.00394356193167944,Bullish,Bullish,Bullish,Bullish,Bullish,1.0,1.0,1.0,1.0,1.0
2026-04-17,USDJPY,5,0.004551357212199125,Neutral,Neutral,Neutral,Neutral,Neutral,,,,,
2026-04-17,USDJPY,10,-0.010086110165538287,Neutral,Neutral,Neutral,Neutral,Neutral,,,,,
2026-04-17,USDCHF,5,0.003978559275416238,Neutral,Neutral,Neutral,Neutral,,,,,,
2026-04-17,USDCHF,10,-0.0001407207460757398,Neutral,Neutral,Neutral,Neutral,,,,,,
2026-04-17,USDCAD,5,-0.0016798621052324103,Neutral,Neutral,Neutral,Neutral,Neutral,,,,,
2026-04-17,USDCAD,10,-0.007457126997575059,Neutral,Neutral,Neutral,Neutral,Neutral,,,,,
2026-04-17,AUDUSD,5,-0.002831596713674056,Bullish,Bullish,Bullish,Bullish,Bullish,1.0,1.0,1.0,1.0,1.0
2026-04-17,AUDUSD,10,0.003752214364425077,Bullish,Bullish,Bullish,Bullish,Bullish,1.0,1.0,1.0,1.0,1.0
2026-04-17,NZDUSD,5,-0.0006634119788389015,Neutral,Neutral,Neutral,Neutral,,,,,,
2026-04-17,NZDUSD,10,0.0026876690424755267,Neutral,Neutral,Neutral,Neutral,,,,,,
2026-04-17,EURGBP,5,-0.004654049022649653,Neutral,Neutral,Neutral,Neutral,Neutral,,,,,
2026-04-17,EURGBP,10,-0.007986577952448282,Neutral,Neutral,Neutral,Neutral,Neutral,,,,,
2026-04-17,EURJPY,5,0.0009591889227074102,Bullish,Bullish,Bullish,Bullish,Bullish,1.0,1.0,1.0,1.0,1.0
2026-04-17,EURJPY,10,-0.013664423200583031,Bullish,Bullish,Bullish,Bullish,Bullish,1.0,1.0,1.0,1.0,1.0
2026-04-17,EURCHF,5,0.0003044206223226098,Neutral,Neutral,Neutral,Neutral,,,,,,
2026-04-17,EURCHF,10,-0.0046967753158363434,Neutral,Neutral,Neutral,Neutral,,,,,,
2026-04-17,EURAUD,5,-0.0008469567442739301,Neutral,Neutral,Neutral,Neutral,Neutral,,,,,
2026-04-17,EURAUD,10,-0.009279964903087468,Neutral,Neutral,Neutral,Neutral,Neutral,,,,,
2026-04-17,EURNZD,5,-0.0035137245480209023,Bullish,Bullish,Bullish,Bullish,,1.0,1.0,1.0,1.0,
2026-04-17,EURNZD,10,-0.00624161611307994,Bullish,Bullish,Bullish,Bullish,,1.0,1.0,1.0,1.0,
2026-04-17,EURCAD,5,-0.005339127735526916,Neutral,Neutral,Neutral,Neutral,Neutral,,,,,
2026-04-17,EURCAD,10,-0.011988204252677326,Neutral,Neutral,Neutral,Neutral,Neutral,,,,,
2026-04-17,GBPJPY,5,0.005942136463915837,Neutral,Neutral,Neutral,Neutral,Neutral,,,,,
2026-04-17,GBPJPY,10,-0.005844189159565527,Neutral,Neutral,Neutral,Neutral,Neutral,,,,,
2026-04-17,GBPCHF,5,0.004986280632037099,Neutral,Neutral,Neutral,Neutral,,,,,,
2026-04-17,GBPCHF,10,0.0036048822026681915,Neutral,Neutral,Neutral,Neutral,,,,,,
2026-04-17,GBPAUD,5,0.00343008614976803,Neutral,Neutral,Neutral,Neutral,Neutral,,,,,
2026-04-17,GBPAUD,10,-0.0016010603048376426,Neutral,Neutral,Neutral,Neutral,Neutral,,,,,
2026-04-17,GBPNZD,5,0.0011153080384957992,Neutral,Neutral,Neutral,Neutral,,,,,,
2026-04-17,GBPNZD,10,0.0015161218648298558,Neutral,Neutral,Neutral,Neutral,,,,,,
2026-04-17,GBPCAD,5,-0.0004323366172902521,Neutral,Neutral,Neutral,Neutral,Neutral,,,,,
2026-04-17,GBPCAD,10,-0.004036943163947537,Neutral,Neutral,Neutral,Neutral,Neutral,,,,,
2026-04-17,AUDJPY,5,0.0025608532657479532,Neutral,Neutral,Neutral,Neutral,Neutral,,,,,
2026-04-17,AUDJPY,10,-0.00561451678194913,Neutral,Neutral,Neutral,Neutral,Neutral,,,,,
2026-04-17,NZDJPY,5,0.00402485752004389,Neutral,Neutral,Neutral,Neutral,,,,,,
2026-04-17,NZDJPY,10,-0.007384271930107045,Neutral,Neutral,Neutral,Neutral,,,,,,
2026-04-17,CADJPY,5,0.006526412113573299,Neutral,Neutral,Neutral,Neutral,Neutral,,,,,
2026-04-17,CADJPY,10,-0.002149572243756448,Neutral,Neutral,Neutral,Neutral,Neutral,,,,,
2026-04-17,CHFJPY,5,0.0007639532362044843,Neutral,Neutral,Neutral,Neutral,,,,,,
2026-04-17,CHFJPY,10,-0.010606628156851872,Neutral,Neutral,Neutral,Neutral,,,,,,
2026-04-17,AUDNZD,5,-0.002366766651600405,Bullish,Bullish,Bullish,Neutral,,1.0,1.0,1.0,,
2026-04-17,AUDNZD,10,0.0024078563504130734,Bullish,Bullish,Bullish,Neutral,,1.0,1.0,1.0,,
2026-04-17,AUDCAD,5,-0.004716692813919843,Bullish,Bullish,Bullish,Bullish,Bullish,1.0,1.0,1.0,1.0,1.0
2026-04-17,AUDCAD,10,-0.0040748965994987785,Bullish,Bullish,Bullish,Bullish,Bullish,1.0,1.0,1.0,1.0,1.0
2026-04-17,AUDCHF,5,0.0012490632025978776,Bullish,Bullish,Bullish,Neutral,,1.0,1.0,1.0,,
2026-04-17,AUDCHF,10,0.0045323150494271935,Bullish,Bullish,Bullish,Neutral,,1.0,1.0,1.0,,
2026-04-17,NZDCAD,5,-0.0018013093655663281,Neutral,Neutral,Neutral,Neutral,,,,,,
2026-04-17,NZDCAD,10,-0.004472216355889014,Neutral,Neutral,Neutral,Neutral,,,,,,
2026-04-17,NZDCHF,5,0.0037043493419330886,Neutral,Neutral,Neutral,Neutral,,,,,,
2026-04-17,NZDCHF,10,0.002658415410093262,Neutral,Neutral,Neutral,Neutral,,,,,,
2026-04-17,CADCHF,5,0.00556966459409769,Neutral,Neutral,Neutral,Neutral,,,,,,
2026-04-17,CADCHF,10,0.007338646116122227,Neutral,Neutral,Neutral,Neutral,,,,,,
2026-04-24,EURUSD,5,-0.00013652459575919096,Bullish,Bullish,Bullish,Bullish,Bullish,1.0,1.0,1.0,1.0,1.0
2026-04-24,EURUSD,10,0.005367123170783694,Bullish,Bullish,Bullish,Bullish,Bullish,1.0,1.0,1.0,1.0,1.0
2026-04-24,GBPUSD,5,0.0026749822653109323,Bullish,Bullish,Bullish,Bullish,Bullish,1.0,1.0,1.0,1.0,1.0
2026-04-24,GBPUSD,10,0.00747812721683605,Bullish,Bullish,Bullish,Bullish,Bullish,1.0,1.0,1.0,1.0,1.0
2026-04-24,USDJPY,5,-0.014571148874218731,Neutral,Neutral,Neutral,Neutral,Neutral,,,,,
2026-04-24,USDJPY,10,-0.01681769120710863,Neutral,Neutral,Neutral,Neutral,Neutral,,,,,
2026-04-24,USDCHF,5,-0.004102956167176375,Neutral,Neutral,Neutral,Neutral,,,,,,
2026-04-24,USDCHF,10,-0.01070336391437321,Neutral,Neutral,Neutral,Neutral,,,,,,
2026-04-24,USDCAD,5,-0.005786986231215985,Bearish,Bearish,Bearish,Bearish,Bearish,-1.0,-1.0,-1.0,-1.0,-1.0
2026-04-24,USDCAD,10,0.000585283057518815,Bearish,Bearish,Bearish,Bearish,Bearish,-1.0,-1.0,-1.0,-1.0,-1.0
2026-04-24,AUDUSD,5,0.006602506714413758,Bullish,Bullish,Bullish,Bullish,Bullish,1.0,1.0,1.0,1.0,1.0
2026-04-24,AUDUSD,10,0.013596687555953446,Bullish,Bullish,Bullish,Bullish,Bullish,1.0,1.0,1.0,1.0,1.0
2026-04-24,NZDUSD,5,0.0033533056444474685,Bullish,Bullish,Bullish,Neutral,,1.0,1.0,1.0,,
2026-04-24,NZDUSD,10,0.015115408184108503,Bullish,Bullish,Bullish,Neutral,,1.0,1.0,1.0,,
2026-04-24,EURGBP,5,-0.003348111203472781,Neutral,Neutral,Neutral,Neutral,Neutral,,,,,
2026-04-24,EURGBP,10,-0.001858778978479747,Neutral,Neutral,Neutral,Neutral,Neutral,,,,,
2026-04-24,EURJPY,5,-0.014609598757996611,Bullish,Bullish,Bullish,Bullish,Bullish,1.0,1.0,1.0,1.0,1.0
2026-04-24,EURJPY,10,-0.011360047110468674,Bullish,Bullish,Bullish,Bullish,Bullish,1.0,1.0,1.0,1.0,1.0
2026-04-24,EURCHF,5,-0.004999673934308557,Neutral,Neutral,Neutral,Neutral,,,,,,
2026-04-24,EURCHF,10,-0.005304001912918688,Neutral,Neutral,Neutral,Neutral,,,,,,
2026-04-24,EURAUD,5,-0.008440156606374094,Neutral,Neutral,Neutral,Neutral,Neutral,,,,,
2026-04-24,EURAUD,10,-0.008055958726170598,Neutral,Neutral,Neutral,Neutral,Neutral,,,,,
2026-04-24,EURNZD,5,-0.002737510422631484,Neutral,Neutral,Neutral,Neutral,,,,,,
2026-04-24,EURNZD,10,-0.00878514812694009,Neutral,Neutral,Neutral,Neutral,,,,,,
2026-04-24,EURCAD,5,-0.006684767343881681,Neutral,Neutral,Neutral,Neutral,Neutral,,,,,
2026-04-24,EURCAD,10,0.00606684767343868,Neutral,Neutral,Neutral,Neutral,Neutral,,,,,
2026-04-24,GBPJPY,5,-0.01171670337313091,Bullish,Bullish,Bullish,Bullish,Bullish,1.0,1.0,1.0,1.0,1.0
2026-04-24,GBPJPY,10,-0.009556044975078226,Bullish,Bullish,Bullish,Bullish,Bullish,1.0,1.0,1.0,1.0,1.0
2026-04-24,GBPCHF,5,-0.0013745445644294252,Neutral,Neutral,Neutral,Neutral,,,,,,
2026-04-24,GBPCHF,10,-0.003474020166263414,Neutral,Neutral,Neutral,Neutral,,,,,,
2026-04-24,GBPAUD,5,-0.005013948180396466,Neutral,Neutral,Neutral,Neutral,Neutral,,,,,
2026-04-24,GBPAUD,10,-0.005832875438522289,Neutral,Neutral,Neutral,Neutral,Neutral,,,,,
2026-04-24,GBPNZD,5,0.00040036729347359135,Bullish,Bullish,Bullish,Bullish,,1.0,1.0,1.0,1.0,
2026-04-24,GBPNZD,10,-0.006962909451714405,Bullish,Bullish,Bullish,Bullish,,1.0,1.0,1.0,1.0,
2026-04-24,GBPCAD,5,-0.0036061656241045403,Neutral,Neutral,Neutral,Neutral,Neutral,,,,,
2026-04-24,GBPCAD,10,0.008169289742161912,Neutral,Neutral,Neutral,Neutral,Neutral,,,,,
2026-04-24,AUDJPY,5,-0.008154487601492177,Neutral,Neutral,Neutral,Neutral,Neutral,,,,,
2026-04-24,AUDJPY,10,-0.0033004169409698303,Neutral,Neutral,Neutral,Neutral,Neutral,,,,,
2026-04-24,NZDJPY,5,-0.01136339341072845,Neutral,Neutral,Neutral,Neutral,,,,,,
2026-04-24,NZDJPY,10,-0.0023304042930750724,Neutral,Neutral,Neutral,Neutral,,,,,,
2026-04-24,CADJPY,5,-0.008619728457111564,Neutral,Neutral,Neutral,Neutral,Neutral,,,,,
2026-04-24,CADJPY,10,-0.017290917979638665,Neutral,Neutral,Neutral,Neutral,Neutral,,,,,
2026-04-24,CHFJPY,5,-0.011361901431688137,Neutral,Neutral,Neutral,Neutral,,,,,,
2026-04-24,CHFJPY,10,-0.006367983767305185,Neutral,Neutral,Neutral,Neutral,,,,,,
2026-04-24,AUDNZD,5,0.00478595022941275,Neutral,Neutral,Neutral,Neutral,,,,,,
2026-04-24,AUDNZD,10,0.0001729861528703136,Neutral,Neutral,Neutral,Neutral,,,,,,
2026-04-24,AUDCAD,5,0.0006448377158414509,Neutral,Neutral,Neutral,Neutral,Neutral,,,,,
2026-04-24,AUDCAD,10,0.014278549422204856,Neutral,Neutral,Neutral,Neutral,Neutral,,,,,
2026-04-24,AUDCHF,5,0.003279155973766823,Bullish,Bullish,Bullish,Neutral,,1.0,1.0,1.0,,
2026-04-24,AUDCHF,10,0.002851439977188619,Bullish,Bullish,Bullish,Neutral,,1.0,1.0,1.0,,
2026-04-24,NZDCAD,5,-0.0026757268020708436,Neutral,Neutral,Neutral,Neutral,,,,,,
2026-04-24,NZDCAD,10,0.014946734368777248,Neutral,Neutral,Neutral,Neutral,,,,,,
2026-04-24,NZDCHF,5,-0.001042073726716164,Neutral,Neutral,Neutral,Neutral,,,,,,
2026-04-24,NZDCHF,10,0.0036906777821197334,Neutral,Neutral,Neutral,Neutral,,,,,,
2026-04-24,CADCHF,5,0.001759183460191771,Neutral,Neutral,Neutral,Neutral,,,,,,
2026-04-24,CADCHF,10,-0.011182136449932933,Neutral,Neutral,Neutral,Neutral,,,,,,
2026-05-01,EURUSD,5,0.00550439925242574,Neutral,Neutral,Neutral,Neutral,Neutral,,,,,
2026-05-01,EURUSD,10,-0.007996313332593763,Neutral,Neutral,Neutral,Neutral,Neutral,,,,,
2026-05-01,GBPUSD,5,0.004790330901319084,Neutral,Neutral,Neutral,Neutral,Neutral,,,,,
2026-05-01,GBPUSD,10,-0.017982165229567415,Neutral,Neutral,Neutral,Neutral,Neutral,,,,,
2026-05-01,USDJPY,5,-0.0022797610708509275,Bullish,Bullish,Bullish,Bullish,Bullish,1.0,1.0,1.0,1.0,1.0
2026-05-01,USDJPY,10,0.011061298827005572,Bullish,Bullish,Bullish,Bullish,Bullish,1.0,1.0,1.0,1.0,1.0
2026-05-01,USDCHF,5,-0.006627600501548203,Neutral,Neutral,Neutral,Neutral,,,,,,
2026-05-01,USDCHF,10,0.006729957266050635,Neutral,Neutral,Neutral,Neutral,,,,,,
2026-05-01,USDCAD,5,0.006409360167776601,Neutral,Neutral,Neutral,Neutral,Neutral,,,,,
2026-05-01,USDCAD,10,0.011700209720740151,Neutral,Neutral,Neutral,Neutral,Neutral,,,,,
2026-05-01,AUDUSD,5,0.006948304613674239,Neutral,Neutral,Neutral,Neutral,Neutral,,,,,
2026-05-01,AUDUSD,10,-0.0067954419121735166,Neutral,Neutral,Neutral,Neutral,Neutral,,,,,
2026-05-01,NZDUSD,5,0.011722792433624507,Neutral,Neutral,Neutral,Neutral,,,,,,
2026-05-01,NZDUSD,10,-0.009890575960641246,Neutral,Neutral,Neutral,Neutral,,,,,,
2026-05-01,EURGBP,5,0.001494335426175164,Neutral,Neutral,Neutral,Neutral,Neutral,,,,,
2026-05-01,EURGBP,10,0.010587771934295498,Neutral,Neutral,Neutral,Neutral,Neutral,,,,,
2026-05-01,EURJPY,5,0.003297730162007184,Bullish,Bullish,Bullish,Bullish,Bullish,1.0,1.0,1.0,1.0,1.0
2026-05-01,EURJPY,10,0.0027707452761509543,Bullish,Bullish,Bullish,Bullish,Bullish,1.0,1.0,1.0,1.0,1.0
2026-05-01,EURCHF,5,-0.0003058571647041042,Neutral,Neutral,Neutral,Neutral,,,,,,
2026-05-01,EURCHF,10,-0.0007864898520962837,Neutral,Neutral,Neutral,Neutral,,,,,,
2026-05-01,EURAUD,5,0.00038746817225732144,Neutral,Neutral,Neutral,Neutral,Neutral,,,,,
2026-05-01,EURAUD,10,0.00037516759536027067,Neutral,Neutral,Neutral,Neutral,Neutral,,,,,
2026-05-01,EURNZD,5,-0.006064238620738238,Neutral,Neutral,Neutral,Neutral,,,,,,
2026-05-01,EURNZD,10,0.001737676348965822,Neutral,Neutral,Neutral,Neutral,,,,,,
2026-05-01,EURCAD,5,0.012837430251847248,Neutral,Neutral,Neutral,Neutral,Neutral,,,,,
2026-05-01,EURCAD,10,0.004367114060222166,Neutral,Neutral,Neutral,Neutral,Neutral,,,,,
2026-05-01,GBPJPY,5,0.0021862743258205253,Bullish,Bullish,Bullish,Bullish,Bullish,1.0,1.0,1.0,1.0,1.0
2026-05-01,GBPJPY,10,-0.007520596017790537,Bullish,Bullish,Bullish,Bullish,Bullish,1.0,1.0,1.0,1.0,1.0
2026-05-01,GBPCHF,5,-0.002102365396762451,Bullish,Bullish,Bullish,Bullish,,1.0,1.0,1.0,1.0,
2026-05-01,GBPCHF,10,-0.011558295858434375,Bullish,Bullish,Bullish,Bullish,,1.0,1.0,1.0,1.0,
2026-05-01,GBPAUD,5,-0.0008230540082729831,Neutral,Neutral,Neutral,Neutral,Neutral,,,,,
2026-05-01,GBPAUD,10,-0.009961608513033404,Neutral,Neutral,Neutral,Neutral,Neutral,,,,,
2026-05-01,GBPNZD,5,-0.007360329909822827,Bullish,Bullish,Bullish,Bullish,,1.0,1.0,1.0,1.0,
2026-05-01,GBPNZD,10,-0.008669703020258268,Bullish,Bullish,Bullish,Bullish,,1.0,1.0,1.0,1.0,
2026-05-01,GBPCAD,5,0.01181807329592921,Neutral,Neutral,Neutral,Neutral,Neutral,,,,,
2026-05-01,GBPCAD,10,-0.005849349409096316,Neutral,Neutral,Neutral,Neutral,Neutral,,,,,
2026-05-01,AUDJPY,5,0.004893978547913402,Neutral,Neutral,Neutral,Neutral,Neutral,,,,,
2026-05-01,AUDJPY,10,0.004221388367729784,Neutral,Neutral,Neutral,Neutral,Neutral,,,,,
2026-05-01,NZDJPY,5,0.009136814333445153,Neutral,Neutral,Neutral,Neutral,,,,,,
2026-05-01,NZDJPY,10,0.0010272158126358732,Neutral,Neutral,Neutral,Neutral,,,,,,
2026-05-01,CADJPY,5,-0.008746582690244642,Bullish,Bullish,Bullish,Bullish,Bullish,1.0,1.0,1.0,1.0,1.0
2026-05-01,CADJPY,10,-0.0010641243035608428,Bullish,Bullish,Bullish,Bullish,Bullish,1.0,1.0,1.0,1.0,1.0
2026-05-01,CHFJPY,5,0.005051310152435873,Neutral,Neutral,Neutral,Neutral,,,,,,
2026-05-01,CHFJPY,10,0.005185812493772923,Neutral,Neutral,Neutral,Neutral,,,,,,
2026-05-01,AUDNZD,5,-0.004590991818196777,Neutral,Neutral,Neutral,Neutral,,,,,,
2026-05-01,AUDNZD,10,0.002369279706176286,Neutral,Neutral,Neutral,Neutral,,,,,,
2026-05-01,AUDCAD,5,0.013624925840306057,Neutral,Neutral,Neutral,Neutral,Neutral,,,,,
2026-05-01,AUDCAD,10,0.005165606268284106,Neutral,Neutral,Neutral,Neutral,Neutral,,,,,
2026-05-01,AUDCHF,5,-0.00042631803325288153,Neutral,Neutral,Neutral,Neutral,,,,,,
2026-05-01,AUDCHF,10,-0.0011190848372886197,Neutral,Neutral,Neutral,Neutral,,,,,,
2026-05-01,NZDCAD,5,0.01766974056927495,Bearish,Bearish,Bearish,Neutral,,-1.0,-1.0,-1.0,,
2026-05-01,NZDCAD,10,0.0015847860538826808,Bearish,Bearish,Bearish,Neutral,,-1.0,-1.0,-1.0,,
2026-05-01,NZDCHF,5,0.00473768852957801,Neutral,Neutral,Neutral,Neutral,,,,,,
2026-05-01,NZDCHF,10,-0.0033902725257530797,Neutral,Neutral,Neutral,Neutral,,,,,,
2026-05-01,CADCHF,5,-0.012918593733699524,Bullish,Bullish,Bullish,Neutral,,1.0,1.0,1.0,,
2026-05-01,CADCHF,10,-0.005042250582466878,Bullish,Bullish,Bullish,Neutral,,1.0,1.0,1.0,,
2026-05-08,EURUSD,5,-0.0134268060836501,Bullish,Bullish,Bullish,Bullish,Bullish,1.0,1.0,1.0,1.0,1.0
2026-05-08,EURUSD,10,-0.015209125475285079,Bullish,Bullish,Bullish,Bullish,Bullish,1.0,1.0,1.0,1.0,1.0
2026-05-08,GBPUSD,5,-0.02266392841425846,Bullish,Bullish,Bullish,Bullish,Bullish,1.0,1.0,1.0,1.0,1.0
2026-05-08,GBPUSD,10,-0.014786563004254072,Bullish,Bullish,Bullish,Bullish,Bullish,1.0,1.0,1.0,1.0,1.0
2026-05-08,USDJPY,5,0.013371543822921161,Neutral,Neutral,Neutral,Neutral,Neutral,,,,,
2026-05-08,USDJPY,10,0.01610967857234047,Neutral,Neutral,Neutral,Neutral,Neutral,,,,,
2026-05-08,USDCHF,5,0.01344667697063362,Neutral,Neutral,Neutral,Neutral,,,,,,
2026-05-08,USDCHF,10,0.011025244719216953,Neutral,Neutral,Neutral,Neutral,,,,,,
2026-05-08,USDCAD,5,0.005257154555956767,Neutral,Neutral,Neutral,Neutral,Neutral,,,,,
2026-05-08,USDCAD,10,0.010536244388225091,Neutral,Neutral,Neutral,Neutral,Neutral,,,,,
2026-05-08,AUDUSD,5,-0.013648909743306792,Neutral,Neutral,Neutral,Neutral,Neutral,,,,,
2026-05-08,AUDUSD,10,-0.016450455423682064,Neutral,Neutral,Neutral,Neutral,Neutral,,,,,
2026-05-08,NZDUSD,5,-0.021362935139848327,Bullish,Bullish,Bullish,Bullish,,1.0,1.0,1.0,1.0,
2026-05-08,NZDUSD,10,-0.019635790462136926,Bullish,Bullish,Bullish,Bullish,,1.0,1.0,1.0,1.0,
2026-05-08,EURGBP,5,0.009079868139494351,Bearish,Bearish,Bearish,Bearish,Bearish,-1.0,-1.0,-1.0,-1.0,-1.0
2026-05-08,EURGBP,10,-0.0008675033254293973,Bearish,Bearish,Bearish,Bearish,Bearish,-1.0,-1.0,-1.0,-1.0,-1.0
2026-05-08,EURJPY,5,-0.0005252527440394728,Bullish,Bullish,Bullish,Bullish,Bullish,1.0,1.0,1.0,1.0,1.0
2026-05-08,EURJPY,10,0.0002490889301629551,Bullish,Bullish,Bullish,Bullish,Bullish,1.0,1.0,1.0,1.0,1.0
2026-05-08,EURCHF,5,-0.0004807797373194145,Bullish,Bullish,Bullish,Neutral,,1.0,1.0,1.0,,
2026-05-08,EURCHF,10,-0.004687602438864458,Bullish,Bullish,Bullish,Neutral,,1.0,1.0,1.0,,
2026-05-08,EURAUD,5,-1.2295812661045069e-05,Neutral,Neutral,Neutral,Neutral,Neutral,,,,,
2026-05-08,EURAUD,10,0.0009590733875579627,Neutral,Neutral,Neutral,Neutral,Neutral,,,,,
2026-05-08,EURNZD,5,0.00784951630966324,Neutral,Neutral,Neutral,Neutral,,,,,,
2026-05-08,EURNZD,10,0.0041502607215069265,Neutral,Neutral,Neutral,Neutral,,,,,,
2026-05-08,EURCAD,5,-0.008362957310453,Bullish,Bullish,Bullish,Bullish,Bullish,1.0,1.0,1.0,1.0,1.0
2026-05-08,EURCAD,10,-0.005087258898050062,Bullish,Bullish,Bullish,Bullish,Bullish,1.0,1.0,1.0,1.0,1.0
2026-05-08,GBPJPY,5,-0.009685694757834318,Very Bullish,Very Bullish,Very Bullish,Very Bullish,Very Bullish,1.0,1.0,1.0,1.0,1.0
2026-05-08,GBPJPY,10,0.0009503122454521673,Very Bullish,Very Bullish,Very Bullish,Very Bullish,Very Bullish,1.0,1.0,1.0,1.0,1.0
2026-05-08,GBPCHF,5,-0.00947585216536917,Bullish,Bullish,Bullish,Bullish,,1.0,1.0,1.0,1.0,
2026-05-08,GBPCHF,10,-0.0038262414027663283,Bullish,Bullish,Bullish,Bullish,,1.0,1.0,1.0,1.0,
2026-05-08,GBPAUD,5,-0.009146082224395169,Bullish,Bullish,Bullish,Bullish,Bullish,1.0,1.0,1.0,1.0,1.0
2026-05-08,GBPAUD,10,0.0016208919688789347,Bullish,Bullish,Bullish,Bullish,Bullish,1.0,1.0,1.0,1.0,1.0
2026-05-08,GBPNZD,5,-0.0013190819890530614,Neutral,Neutral,Neutral,Neutral,,,,,,
2026-05-08,GBPNZD,10,0.00486438873039452,Neutral,Neutral,Neutral,Neutral,,,,,,
2026-05-08,GBPCAD,5,-0.017461066540821135,Very Bullish,Very Bullish,Very Bullish,Very Bullish,Very Bullish,1.0,1.0,1.0,1.0,1.0
2026-05-08,GBPCAD,10,-0.004670942554378166,Very Bullish,Very Bullish,Very Bullish,Very Bullish,Very Bullish,1.0,1.0,1.0,1.0,1.0
2026-05-08,AUDJPY,5,-0.0006693145690407354,Neutral,Neutral,Neutral,Neutral,Neutral,,,,,
2026-05-08,AUDJPY,10,-0.0008542567525914313,Neutral,Neutral,Neutral,Neutral,Neutral,,,,,
2026-05-08,NZDJPY,5,-0.008036173495628351,Bullish,Bullish,Bullish,Bullish,,1.0,1.0,1.0,1.0,
2026-05-08,NZDJPY,10,-0.0035894908280473814,Bullish,Bullish,Bullish,Bullish,,1.0,1.0,1.0,1.0,
2026-05-08,CADJPY,5,0.00775024655908263,Neutral,Neutral,Neutral,Neutral,Neutral,,,,,
2026-05-08,CADJPY,10,0.005262836345863553,Neutral,Neutral,Neutral,Neutral,Neutral,,,,,
2026-05-08,CHFJPY,5,0.00013382634297220974,Neutral,Neutral,Neutral,Neutral,,,,,,
2026-05-08,CHFJPY,10,0.005159749001258929,Neutral,Neutral,Neutral,Neutral,,,,,,
2026-05-08,AUDNZD,5,0.006992373453688749,Neutral,Neutral,Neutral,Neutral,,,,,,
2026-05-08,AUDNZD,10,0.0029814360309015076,Neutral,Neutral,Neutral,Neutral,,,,,,
2026-05-08,AUDCAD,5,-0.008345611237814632,Neutral,Neutral,Neutral,Neutral,Neutral,,,,,
2026-05-08,AUDCAD,10,-0.006034674147779029,Neutral,Neutral,Neutral,Neutral,Neutral,,,,,
2026-05-08,AUDCHF,5,-0.0006930622689792498,Neutral,Neutral,Neutral,Neutral,,,,,,
2026-05-08,AUDCHF,10,-0.005757748080750691,Neutral,Neutral,Neutral,Neutral,,,,,,
2026-05-08,NZDCAD,5,-0.01580567238482944,Bullish,Bullish,Bullish,Bullish,,1.0,1.0,1.0,1.0,
2026-05-08,NZDCAD,10,-0.009024805954409909,Bullish,Bullish,Bullish,Bullish,,1.0,1.0,1.0,1.0,
2026-05-08,NZDCHF,5,-0.008089634884928198,Bullish,Bullish,Bullish,Bullish,,1.0,1.0,1.0,1.0,
2026-05-08,NZDCHF,10,-0.008608755840110671,Bullish,Bullish,Bullish,Bullish,,1.0,1.0,1.0,1.0,
2026-05-08,CADCHF,5,0.00797942611544622,Neutral,Neutral,Neutral,Neutral,,,,,,
2026-05-08,CADCHF,10,0.0004579803068467392,Neutral,Neutral,Neutral,Neutral,,,,,,
2026-05-15,EURUSD,5,-0.0018065759364085388,Neutral,Neutral,Neutral,Neutral,Neutral,,,,,
2026-05-15,EURUSD,10,0.0031313982897749337,Neutral,Neutral,Neutral,Neutral,Neutral,,,,,
2026-05-15,GBPUSD,5,0.00806003752345208,Neutral,Neutral,Neutral,Neutral,Neutral,,,,,
2026-05-15,GBPUSD,10,0.00968105065666025,Neutral,Neutral,Neutral,Neutral,Neutral,,,,,
2026-05-15,USDJPY,5,0.002702004774171707,Very Bullish,Very Bullish,Very Bullish,Very Bullish,Very Bullish,1.0,1.0,1.0,1.0,1.0
2026-05-15,USDJPY,10,0.0031869799900485773,Very Bullish,Very Bullish,Very Bullish,Very Bullish,Very Bullish,1.0,1.0,1.0,1.0,1.0
2026-05-15,USDCHF,5,-0.00238930405164961,Neutral,Neutral,Neutral,Neutral,,,,,,
2026-05-15,USDCHF,10,-0.007434802501143811,Neutral,Neutral,Neutral,Neutral,,,,,,
2026-05-15,USDCAD,5,0.005251481979852368,Neutral,Neutral,Neutral,Neutral,Neutral,,,,,
2026-05-15,USDCAD,10,0.0032367167327345125,Neutral,Neutral,Neutral,Neutral,Neutral,,,,,
2026-05-15,AUDUSD,5,-0.0028403128541646394,Neutral,Neutral,Neutral,Neutral,Neutral,,,,,
2026-05-15,AUDUSD,10,0.005316841795973248,Neutral,Neutral,Neutral,Neutral,Neutral,,,,,
2026-05-15,NZDUSD,5,0.0017648469894793184,Bearish,Bearish,Bearish,Neutral,,-1.0,-1.0,-1.0,,
2026-05-15,NZDUSD,10,0.025804461807340306,Bearish,Bearish,Bearish,Neutral,,-1.0,-1.0,-1.0,,
2026-05-15,EURGBP,5,-0.009857863365428599,Neutral,Neutral,Neutral,Neutral,Neutral,,,,,
2026-05-15,EURGBP,10,-0.006762952773956776,Neutral,Neutral,Neutral,Neutral,Neutral,,,,,
2026-05-15,EURJPY,5,0.0007747486130373904,Bullish,Bullish,Bullish,Bullish,Bullish,1.0,1.0,1.0,1.0,1.0
2026-05-15,EURJPY,10,0.006235913661581272,Bullish,Bullish,Bullish,Bullish,Bullish,1.0,1.0,1.0,1.0,1.0
2026-05-15,EURCHF,5,-0.004208846229529772,Neutral,Neutral,Neutral,Neutral,,,,,,
2026-05-15,EURCHF,10,-0.004449351728360029,Neutral,Neutral,Neutral,Neutral,,,,,,
2026-05-15,EURAUD,5,0.000971381144139416,Neutral,Neutral,Neutral,Neutral,Neutral,,,,,
2026-05-15,EURAUD,10,-0.0021948295472010715,Neutral,Neutral,Neutral,Neutral,Neutral,,,,,
2026-05-15,EURNZD,5,-0.0036704443751697235,Neutral,Neutral,Neutral,Neutral,,,,,,
2026-05-15,EURNZD,10,-0.0218919380951903,Neutral,Neutral,Neutral,Neutral,,,,,,
2026-05-15,EURCAD,5,0.0033033239697444206,Neutral,Neutral,Neutral,Neutral,Neutral,,,,,
2026-05-15,EURCAD,10,0.006318858351215928,Neutral,Neutral,Neutral,Neutral,Neutral,,,,,
2026-05-15,GBPJPY,5,0.010740031671748529,Very Bullish,Very Bullish,Very Bullish,Very Bullish,Very Bullish,1.0,1.0,1.0,1.0,1.0
2026-05-15,GBPJPY,10,0.013207591765345583,Very Bullish,Very Bullish,Very Bullish,Very Bullish,Very Bullish,1.0,1.0,1.0,1.0,1.0
2026-05-15,GBPCHF,5,0.005703657780532945,Neutral,Neutral,Neutral,Neutral,,,,,,
2026-05-15,GBPCHF,10,0.0024035480948065846,Neutral,Neutral,Neutral,Neutral,,,,,,
2026-05-15,GBPAUD,5,0.010866358804378695,Neutral,Neutral,Neutral,Neutral,Neutral,,,,,
2026-05-15,GBPAUD,10,0.004392669230397939,Neutral,Neutral,Neutral,Neutral,Neutral,,,,,
2026-05-15,GBPNZD,5,0.006191637997612798,Neutral,Neutral,Neutral,Neutral,,,,,,
2026-05-15,GBPNZD,10,-0.015375974162746608,Neutral,Neutral,Neutral,Neutral,,,,,,
2026-05-15,GBPCAD,5,0.01301742205920875,Neutral,Neutral,Neutral,Neutral,Neutral,,,,,
2026-05-15,GBPCAD,10,0.012968299711815456,Neutral,Neutral,Neutral,Neutral,Neutral,,,,,
2026-05-15,AUDJPY,5,-0.00018506605095480744,Neutral,Neutral,Neutral,Neutral,Neutral,,,,,
2026-05-15,AUDJPY,10,0.008680479056691892,Neutral,Neutral,Neutral,Neutral,Neutral,,,,,
2026-05-15,NZDJPY,5,0.004482706474540299,Bullish,Bullish,Bullish,Bullish,,1.0,1.0,1.0,1.0,
2026-05-15,NZDJPY,10,0.028764933353496502,Bullish,Bullish,Bullish,Bullish,,1.0,1.0,1.0,1.0,
2026-05-15,CADJPY,5,-0.002468280431299541,Bullish,Bullish,Bullish,Bullish,Bullish,1.0,1.0,1.0,1.0,1.0
2026-05-15,CADJPY,10,-8.660633092283376e-05,Bullish,Bullish,Bullish,Bullish,Bullish,1.0,1.0,1.0,1.0,1.0
2026-05-15,CHFJPY,5,0.005025250147437044,Bullish,Bullish,Bullish,Bullish,,1.0,1.0,1.0,1.0,
2026-05-15,CHFJPY,10,0.010754233550235082,Bullish,Bullish,Bullish,Bullish,,1.0,1.0,1.0,1.0,
2026-05-15,AUDNZD,5,-0.003983086196602481,Neutral,Neutral,Neutral,Neutral,,,,,,
2026-05-15,AUDNZD,10,-0.020168974457539623,Neutral,Neutral,Neutral,Neutral,,,,,,
2026-05-15,AUDCAD,5,0.0023303855821383834,Neutral,Neutral,Neutral,Neutral,Neutral,,,,,
2026-05-15,AUDCAD,10,0.008548139253258924,Neutral,Neutral,Neutral,Neutral,Neutral,,,,,
2026-05-15,AUDCHF,5,-0.005068198388846423,Neutral,Neutral,Neutral,Neutral,,,,,,
2026-05-15,AUDCHF,10,-0.0022940266391621167,Neutral,Neutral,Neutral,Neutral,,,,,,
2026-05-15,NZDCAD,5,0.006889763779527547,Neutral,Neutral,Neutral,Neutral,,,,,,
2026-05-15,NZDCAD,10,0.029016744742350387,Neutral,Neutral,Neutral,Neutral,,,,,,
2026-05-15,NZDCHF,5,-0.0005233547036502806,Neutral,Neutral,Neutral,Neutral,,,,,,
2026-05-15,NZDCHF,10,0.017772253478128164,Neutral,Neutral,Neutral,Neutral,,,,,,
2026-05-15,CADCHF,5,-0.007461904096183414,Neutral,Neutral,Neutral,Bearish,,,,,-1.0,
2026-05-15,CADCHF,10,-0.010747238920732594,Neutral,Neutral,Neutral,Bearish,,,,,-1.0,
2026-05-22,EURUSD,5,0.004946911196911374,Bearish,Bearish,Bearish,Bearish,Bearish,-1.0,-1.0,-1.0,-1.0,-1.0
2026-05-22,EURUSD,10,-0.007179054054054057,Bearish,Bearish,Bearish,Bearish,Bearish,-1.0,-1.0,-1.0,-1.0,-1.0
2026-05-22,GBPUSD,5,0.0016080521723593755,Neutral,Neutral,Neutral,Neutral,Neutral,,,,,
2026-05-22,GBPUSD,10,-0.006826777046544108,Neutral,Neutral,Neutral,Neutral,Neutral,,,,,
2026-05-22,USDJPY,5,0.000483668341708432,Bullish,Bullish,Bullish,Bullish,Bullish,1.0,1.0,1.0,1.0,1.0
2026-05-22,USDJPY,10,0.007041457286432129,Bullish,Bullish,Bullish,Bullish,Bullish,1.0,1.0,1.0,1.0,1.0
2026-05-22,USDCHF,5,-0.005057582551977191,Neutral,Neutral,Neutral,Neutral,,,,,,
2026-05-22,USDCHF,10,0.01414084794129633,Neutral,Neutral,Neutral,Neutral,,,,,,
2026-05-22,USDCAD,5,-0.0020042400167863406,Bullish,Bullish,Bullish,Bullish,Bullish,1.0,1.0,1.0,1.0,1.0
2026-05-22,USDCAD,10,0.008508975666934315,Bullish,Bullish,Bullish,Bullish,Bullish,1.0,1.0,1.0,1.0,1.0
2026-05-22,AUDUSD,5,0.008180389515631159,Bearish,Bearish,Bearish,Bearish,Bearish,-1.0,-1.0,-1.0,-1.0,-1.0
2026-05-22,AUDUSD,10,-0.011267328955491873,Bearish,Bearish,Bearish,Bearish,Bearish,-1.0,-1.0,-1.0,-1.0,-1.0
2026-05-22,NZDUSD,5,0.023997263319935014,Neutral,Neutral,Neutral,Bullish,,,,,1.0,
2026-05-22,NZDUSD,10,-0.008791584708800149,Neutral,Neutral,Neutral,Bullish,,,,,1.0,
2026-05-22,EURGBP,5,0.003125723547117376,Neutral,Neutral,Neutral,Neutral,Neutral,,,,,
2026-05-22,EURGBP,10,-0.00013892104653856485,Neutral,Neutral,Neutral,Neutral,Neutral,,,,,
2026-05-22,EURJPY,5,0.00545693729394392,Bullish,Bullish,Bullish,Bullish,Bullish,1.0,1.0,1.0,1.0,1.0
2026-05-22,EURJPY,10,5.4136282678030057e-05,Bullish,Bullish,Bullish,Bullish,Bullish,1.0,1.0,1.0,1.0,1.0
2026-05-22,EURCHF,5,-0.0002415220279067265,Neutral,Neutral,Neutral,Neutral,,,,,,
2026-05-22,EURCHF,10,0.007135878097245696,Neutral,Neutral,Neutral,Neutral,,,,,,
2026-05-22,EURAUD,5,-0.003163138078654648,Bullish,Bullish,Bullish,Bullish,Bullish,1.0,1.0,1.0,1.0,1.0
2026-05-22,EURAUD,10,0.004317837027755678,Bullish,Bullish,Bullish,Bullish,Bullish,1.0,1.0,1.0,1.0,1.0
2026-05-22,EURNZD,5,-0.018288621086416823,Neutral,Neutral,Neutral,Neutral,,,,,,
2026-05-22,EURNZD,10,0.0022658915198128238,Neutral,Neutral,Neutral,Neutral,,,,,,
2026-05-22,EURCAD,5,0.0030056058914864625,Neutral,Neutral,Neutral,Neutral,Neutral,,,,,
2026-05-22,EURCAD,10,0.0013531462208558054,Neutral,Neutral,Neutral,Neutral,Neutral,,,,,
2026-05-22,GBPJPY,5,0.00244134002441343,Bullish,Bullish,Bullish,Bullish,Bullish,1.0,1.0,1.0,1.0,1.0
2026-05-22,GBPJPY,10,0.0003180289686974813,Bullish,Bullish,Bullish,Bullish,Bullish,1.0,1.0,1.0,1.0,1.0
2026-05-22,GBPCHF,5,-0.0032813937387973224,Neutral,Neutral,Neutral,Neutral,,,,,,
2026-05-22,GBPCHF,10,0.007681875515681558,Neutral,Neutral,Neutral,Neutral,,,,,,
2026-05-22,GBPAUD,5,-0.006404100322062067,Bullish,Neutral,Neutral,Neutral,Neutral,1.0,,,,
2026-05-22,GBPAUD,10,0.0045629878019664005,Bullish,Neutral,Neutral,Neutral,Neutral,1.0,,,,
2026-05-22,GBPNZD,5,-0.02143489504969498,Neutral,Neutral,Neutral,Neutral,,,,,,
2026-05-22,GBPNZD,10,0.0024945595052745517,Neutral,Neutral,Neutral,Neutral,,,,,,
2026-05-22,GBPCAD,5,-4.8491118043503256e-05,Bullish,Bullish,Bullish,Bullish,Bullish,1.0,1.0,1.0,1.0,1.0
2026-05-22,GBPCAD,10,0.001988135839785299,Bullish,Bullish,Bullish,Bullish,Bullish,1.0,1.0,1.0,1.0,1.0
2026-05-22,AUDJPY,5,0.008867186122765602,Neutral,Neutral,Neutral,Neutral,Neutral,,,,,
2026-05-22,AUDJPY,10,-0.004486478863307886,Neutral,Neutral,Neutral,Neutral,Neutral,,,,,
2026-05-22,NZDJPY,5,0.024173862548793945,Bullish,Bullish,Bullish,Bullish,,1.0,1.0,1.0,1.0,
2026-05-22,NZDJPY,10,-0.002150699515017118,Bullish,Bullish,Bullish,Bullish,,1.0,1.0,1.0,1.0,
2026-05-22,CADJPY,5,0.002387567285986991,Neutral,Neutral,Neutral,Neutral,Neutral,,,,,
2026-05-22,CADJPY,10,-0.0013978121201597693,Neutral,Neutral,Neutral,Neutral,Neutral,,,,,
2026-05-22,CHFJPY,5,0.005700337779531051,Neutral,Neutral,Neutral,Bullish,,,,,1.0,
2026-05-22,CHFJPY,10,-0.0071500776646366004,Neutral,Neutral,Neutral,Bullish,,,,,1.0,
2026-05-22,AUDNZD,5,-0.016250615864674023,Bearish,Bearish,Bearish,Bearish,,-1.0,-1.0,-1.0,-1.0,
2026-05-22,AUDNZD,10,-0.0029972080801444756,Bearish,Bearish,Bearish,Bearish,,-1.0,-1.0,-1.0,-1.0,
2026-05-22,AUDCAD,5,0.006203297595841484,Neutral,Neutral,Neutral,Neutral,Neutral,,,,,
2026-05-22,AUDCAD,10,-0.002944282001299481,Neutral,Neutral,Neutral,Neutral,Neutral,,,,,
2026-05-22,AUDCHF,5,0.0027883034246085625,Neutral,Neutral,Neutral,Neutral,,,,,,
2026-05-22,AUDCHF,10,0.0027346822049045816,Neutral,Neutral,Neutral,Neutral,,,,,,
2026-05-22,NZDCAD,5,0.021975574445970425,Bullish,Bullish,Bullish,Bullish,,1.0,1.0,1.0,1.0,
2026-05-22,NZDCAD,10,-0.00039595629632394047,Bullish,Bullish,Bullish,Bullish,,1.0,1.0,1.0,1.0,
2026-05-22,NZDCHF,5,0.018305188288170182,Neutral,Neutral,Neutral,Neutral,,,,,,
2026-05-22,NZDCHF,10,0.004974473098573018,Neutral,Neutral,Neutral,Neutral,,,,,,
2026-05-22,CADCHF,5,-0.0033100339806679813,Neutral,Neutral,Neutral,Bearish,,,,,-1.0,
2026-05-22,CADCHF,10,0.0057573463387150525,Neutral,Neutral,Neutral,Bearish,,,,,-1.0,
2026-05-29,EURUSD,5,-0.012066274462720683,Bearish,Bearish,Bearish,Bearish,Bearish,-1.0,-1.0,-1.0,-1.0,-1.0
2026-05-29,EURUSD,10,-0.00811279007941279,Bearish,Bearish,Bearish,Bearish,Bearish,-1.0,-1.0,-1.0,-1.0,-1.0
2026-05-29,GBPUSD,5,-0.008421287349486994,Bullish,Bullish,Bullish,Bullish,Bullish,1.0,1.0,1.0,1.0,1.0
2026-05-29,GBPUSD,10,-0.0034487884643972233,Bullish,Bullish,Bullish,Bullish,Bullish,1.0,1.0,1.0,1.0,1.0
2026-05-29,USDJPY,5,0.00655461868317464,Neutral,Neutral,Neutral,Neutral,Neutral,,,,,
2026-05-29,USDJPY,10,0.005926781644556511,Neutral,Neutral,Neutral,Neutral,Neutral,,,,,
2026-05-29,USDCHF,5,0.01929602171602718,Bearish,Bearish,Bearish,Bearish,,-1.0,-1.0,-1.0,-1.0,
2026-05-29,USDCHF,10,0.020614860625616238,Bearish,Bearish,Bearish,Bearish,,-1.0,-1.0,-1.0,-1.0,
2026-05-29,USDCAD,5,0.010534329007467536,Neutral,Neutral,Neutral,Neutral,Neutral,,,,,
2026-05-29,USDCAD,10,0.01431885739143035,Neutral,Neutral,Neutral,Neutral,Neutral,,,,,
2026-05-29,AUDUSD,5,-0.019289919416570434,Neutral,Neutral,Neutral,Neutral,Neutral,,,,,
2026-05-29,AUDUSD,10,-0.01927600172579369,Neutral,Neutral,Neutral,Neutral,Neutral,,,,,
2026-05-29,NZDUSD,5,-0.03202044497895373,Bullish,Bullish,Bullish,Bullish,,1.0,1.0,1.0,1.0,
2026-05-29,NZDUSD,10,-0.026441504643549107,Bullish,Bullish,Bullish,Bullish,,1.0,1.0,1.0,1.0,
2026-05-29,EURGBP,5,-0.0032544720138488747,Bearish,Bearish,Bearish,Bearish,Bearish,-1.0,-1.0,-1.0,-1.0,-1.0
2026-05-29,EURGBP,10,-0.0042008078476630795,Bearish,Bearish,Bearish,Bearish,Bearish,-1.0,-1.0,-1.0,-1.0,-1.0
2026-05-29,EURJPY,5,-0.005373478277256316,Neutral,Neutral,Neutral,Neutral,Neutral,,,,,
2026-05-29,EURJPY,10,-0.002132161721236092,Neutral,Neutral,Neutral,Neutral,Neutral,,,,,
2026-05-29,EURCHF,5,0.007379182360240266,Bearish,Bearish,Bearish,Neutral,,-1.0,-1.0,-1.0,,
2026-05-29,EURCHF,10,0.012452370232905352,Bearish,Bearish,Bearish,Neutral,,-1.0,-1.0,-1.0,,
2026-05-29,EURAUD,5,0.007504713551614861,Neutral,Neutral,Neutral,Neutral,Neutral,,,,,
2026-05-29,EURAUD,10,0.011515853553340172,Neutral,Neutral,Neutral,Neutral,Neutral,,,,,
2026-05-29,EURNZD,5,0.020937429317541723,Bearish,Bearish,Bearish,Neutral,,-1.0,-1.0,-1.0,,
2026-05-29,EURNZD,10,0.01961630991302199,Bearish,Bearish,Bearish,Neutral,,-1.0,-1.0,-1.0,,
2026-05-29,EURCAD,5,-0.0016475079111465396,Neutral,Neutral,Neutral,Neutral,Neutral,,,,,
2026-05-29,EURCAD,10,0.005968330546040068,Neutral,Neutral,Neutral,Neutral,Neutral,,,,,
2026-05-29,GBPJPY,5,-0.0021181399558642955,Neutral,Neutral,Neutral,Neutral,Neutral,,,,,
2026-05-29,GBPJPY,10,0.0021414674884179252,Neutral,Neutral,Neutral,Neutral,Neutral,,,,,
2026-05-29,GBPCHF,5,0.010999362493696374,Neutral,Neutral,Neutral,Neutral,,,,,,
2026-05-29,GBPCHF,10,0.016746434246458053,Neutral,Neutral,Neutral,Neutral,,,,,,
2026-05-29,GBPAUD,5,0.011037775143379003,Bullish,Bullish,Bullish,Bullish,Bullish,1.0,1.0,1.0,1.0,1.0
2026-05-29,GBPAUD,10,0.016046692939455154,Bullish,Bullish,Bullish,Bullish,Bullish,1.0,1.0,1.0,1.0,1.0
2026-05-29,GBPNZD,5,0.0244536152310324,Bearish,Bearish,Bearish,Neutral,,-1.0,-1.0,-1.0,,
2026-05-29,GBPNZD,10,0.024346655733028966,Bearish,Bearish,Bearish,Neutral,,-1.0,-1.0,-1.0,,
2026-05-29,GBPCAD,5,0.002036725720936161,Bullish,Bullish,Bullish,Bullish,Bullish,1.0,1.0,1.0,1.0,1.0
2026-05-29,GBPCAD,10,0.01080326738221471,Bullish,Bullish,Bullish,Bullish,Bullish,1.0,1.0,1.0,1.0,1.0
2026-05-29,AUDJPY,5,-0.013236296283352877,Bearish,Bearish,Bearish,Bearish,Bearish,-1.0,-1.0,-1.0,-1.0,-1.0
2026-05-29,AUDJPY,10,-0.013804190183298704,Bearish,Bearish,Bearish,Bearish,Bearish,-1.0,-1.0,-1.0,-1.0,-1.0
2026-05-29,NZDJPY,5,-0.025703216051910394,Neutral,Neutral,Neutral,Neutral,,,,,,
2026-05-29,NZDJPY,10,-0.01917241524133506,Neutral,Neutral,Neutral,Neutral,,,,,,
2026-05-29,CADJPY,5,-0.0037763630851846974,Bearish,Bearish,Bearish,Bearish,Bearish,-1.0,-1.0,-1.0,-1.0,-1.0
2026-05-29,CADJPY,10,-0.007968472565068607,Bearish,Bearish,Bearish,Bearish,Bearish,-1.0,-1.0,-1.0,-1.0,-1.0
2026-05-29,CHFJPY,5,-0.012777578928271915,Neutral,Neutral,Neutral,Neutral,,,,,,
2026-05-29,CHFJPY,10,-0.014650577834872114,Neutral,Neutral,Neutral,Neutral,,,,,,
2026-05-29,AUDNZD,5,0.01347234163320854,Bearish,Bearish,Bearish,Bearish,,-1.0,-1.0,-1.0,-1.0,
2026-05-29,AUDNZD,10,0.007679401674443254,Bearish,Bearish,Bearish,Bearish,,-1.0,-1.0,-1.0,-1.0,
2026-05-29,AUDCAD,5,-0.009091184275580866,Neutral,Neutral,Neutral,Neutral,Neutral,,,,,
2026-05-29,AUDCAD,10,-0.005398205979395998,Neutral,Neutral,Neutral,Neutral,Neutral,,,,,
2026-05-29,AUDCHF,5,-5.347212319972705e-05,Bearish,Bearish,Bearish,Neutral,,-1.0,-1.0,-1.0,,
2026-05-29,AUDCHF,10,0.0010337943818623518,Bearish,Bearish,Bearish,Neutral,,-1.0,-1.0,-1.0,,
2026-05-29,NZDCAD,5,-0.021890474979719965,Bullish,Bullish,Bullish,Bullish,,1.0,1.0,1.0,1.0,
2026-05-29,NZDCAD,10,-0.012398145121257254,Bullish,Bullish,Bullish,Bullish,,1.0,1.0,1.0,1.0,
2026-05-29,NZDCHF,5,-0.013091080496218432,Neutral,Neutral,Neutral,Neutral,,,,,,
2026-05-29,NZDCHF,10,-0.004992179632764104,Neutral,Neutral,Neutral,Neutral,,,,,,
2026-05-29,CADCHF,5,0.009097493331448936,Bearish,Bearish,Bearish,Bearish,,-1.0,-1.0,-1.0,-1.0,
2026-05-29,CADCHF,10,0.006447737992192115,Bearish,Bearish,Bearish,Bearish,,-1.0,-1.0,-1.0,-1.0,
2026-06-05,EURUSD,5,0.004001770848705233,Bearish,Bearish,Bearish,Bearish,Bearish,-1.0,-1.0,-1.0,-1.0,-1.0
2026-06-05,EURUSD,10,-0.004765666368631627,Bearish,Bearish,Bearish,Bearish,Bearish,-1.0,-1.0,-1.0,-1.0,-1.0
2026-06-05,GBPUSD,5,0.005014729362027293,Neutral,Neutral,Neutral,Neutral,Neutral,,,,,
2026-06-05,GBPUSD,10,-0.007908130757756426,Neutral,Neutral,Neutral,Neutral,Neutral,,,,,
2026-06-05,USDJPY,5,-0.0006237486043624285,Bullish,Bullish,Bullish,Bullish,Bullish,1.0,1.0,1.0,1.0,1.0
2026-06-05,USDJPY,10,0.00615639872505791,Bullish,Bullish,Bullish,Bullish,Bullish,1.0,1.0,1.0,1.0,1.0
2026-06-05,USDCHF,5,0.0012938723211817216,Bullish,Bullish,Bullish,Bullish,,1.0,1.0,1.0,1.0,
2026-06-05,USDCHF,10,0.01384317764992593,Bullish,Bullish,Bullish,Bullish,,1.0,1.0,1.0,1.0,
2026-06-05,USDCAD,5,0.003745076515787371,Bullish,Bullish,Bullish,Bullish,Bullish,1.0,1.0,1.0,1.0,1.0
2026-06-05,USDCAD,10,0.015403600152098962,Bullish,Bullish,Bullish,Bullish,Bullish,1.0,1.0,1.0,1.0,1.0
2026-06-05,AUDUSD,5,1.419144255998539e-05,Bearish,Bearish,Bearish,Bearish,Bearish,-1.0,-1.0,-1.0,-1.0,-1.0
2026-06-05,AUDUSD,10,-0.004938622010927429,Bearish,Bearish,Bearish,Bearish,Bearish,-1.0,-1.0,-1.0,-1.0,-1.0
2026-06-05,NZDUSD,5,0.005763489844868852,Neutral,Neutral,Neutral,Neutral,,,,,,
2026-06-05,NZDUSD,10,-0.009939431588755987,Neutral,Neutral,Neutral,Neutral,,,,,,
2026-06-05,EURGBP,5,-0.0009494257132272033,Neutral,Neutral,Neutral,Neutral,Neutral,,,,,
2026-06-05,EURGBP,10,0.0036008706928492007,Neutral,Neutral,Neutral,Neutral,Neutral,,,,,
2026-06-05,EURJPY,5,0.0032588277963934154,Neutral,Neutral,Neutral,Neutral,Neutral,,,,,
2026-06-05,EURJPY,10,0.0015482138700473325,Neutral,Neutral,Neutral,Neutral,Neutral,,,,,
2026-06-05,EURCHF,5,0.0050360261175725896,Neutral,Neutral,Neutral,Neutral,,,,,,
2026-06-05,EURCHF,10,0.009178212101723426,Neutral,Neutral,Neutral,Neutral,,,,,,
2026-06-05,EURAUD,5,0.003981261772548317,Neutral,Neutral,Neutral,Neutral,Neutral,,,,,
2026-06-05,EURAUD,10,6.115609481649464e-05,Neutral,Neutral,Neutral,Neutral,Neutral,,,,,
2026-06-05,EURNZD,5,-0.0012940258301654683,Neutral,Neutral,Neutral,Bearish,,,,,-1.0,
2026-06-05,EURNZD,10,0.005548702197829769,Neutral,Neutral,Neutral,Bearish,,,,,-1.0,
2026-06-05,EURCAD,5,0.00762840631694317,Neutral,Neutral,Neutral,Neutral,Neutral,,,,,
2026-06-05,EURCAD,10,0.010866586957604785,Neutral,Neutral,Neutral,Neutral,Neutral,,,,,
2026-06-05,GBPJPY,5,0.004268649040372274,Bullish,Bullish,Bullish,Bullish,Bullish,1.0,1.0,1.0,1.0,1.0
2026-06-05,GBPJPY,10,-0.0016130163405568831,Bullish,Bullish,Bullish,Bullish,Bullish,1.0,1.0,1.0,1.0,1.0
2026-06-05,GBPCHF,5,0.0056845453775422605,Very Bullish,Bullish,Bullish,Very Bullish,,1.0,1.0,1.0,1.0,
2026-06-05,GBPCHF,10,0.005383377410520085,Very Bullish,Bullish,Bullish,Very Bullish,,1.0,1.0,1.0,1.0,
2026-06-05,GBPAUD,5,0.004954234074355801,Bullish,Bullish,Bullish,Bullish,Bullish,1.0,1.0,1.0,1.0,1.0
2026-06-05,GBPAUD,10,-0.0030792307732936397,Bullish,Bullish,Bullish,Bullish,Bullish,1.0,1.0,1.0,1.0,1.0
2026-06-05,GBPNZD,5,-0.00010440638445030626,Neutral,Neutral,Neutral,Neutral,,,,,,
2026-06-05,GBPNZD,10,0.0018532133239950177,Neutral,Neutral,Neutral,Neutral,,,,,,
2026-06-05,GBPCAD,5,0.00874872291229778,Bullish,Bullish,Bullish,Bullish,Bullish,1.0,1.0,1.0,1.0,1.0
2026-06-05,GBPCAD,10,0.007490455449803646,Bullish,Bullish,Bullish,Bullish,Bullish,1.0,1.0,1.0,1.0,1.0
2026-06-05,AUDJPY,5,-0.0005755115412199308,Bearish,Bearish,Bearish,Bearish,Bearish,-1.0,-1.0,-1.0,-1.0,-1.0
2026-06-05,AUDJPY,10,0.001602578291704626,Bearish,Bearish,Bearish,Bearish,Bearish,-1.0,-1.0,-1.0,-1.0,-1.0
2026-06-05,NZDJPY,5,0.006703091828047292,Neutral,Neutral,Neutral,Neutral,,,,,,
2026-06-05,NZDJPY,10,-0.0028665955406119714,Neutral,Neutral,Neutral,Neutral,,,,,,
2026-06-05,CADJPY,5,-0.004208000417322388,Neutral,Neutral,Neutral,Neutral,Neutral,,,,,
2026-06-05,CADJPY,10,-0.009050678583538474,Neutral,Neutral,Neutral,Neutral,Neutral,,,,,
2026-06-05,CHFJPY,5,-0.001897241053912424,Bearish,Bearish,Bearish,Neutral,,-1.0,-1.0,-1.0,,
2026-06-05,CHFJPY,10,-0.007360500633241451,Bearish,Bearish,Bearish,Neutral,,-1.0,-1.0,-1.0,,
2026-06-05,AUDNZD,5,-0.005715932957212955,Neutral,Neutral,Neutral,Neutral,,,,,,
2026-06-05,AUDNZD,10,0.0052217600790676055,Neutral,Neutral,Neutral,Neutral,,,,,,
2026-06-05,AUDCAD,5,0.0037268598659958574,Neutral,Neutral,Neutral,Neutral,Neutral,,,,,
2026-06-05,AUDCAD,10,0.010579801641447562,Neutral,Neutral,Neutral,Neutral,Neutral,,,,,
2026-06-05,AUDCHF,5,0.0010873246466194253,Neutral,Neutral,Neutral,Neutral,,,,,,
2026-06-05,AUDCHF,10,0.008752072155576496,Neutral,Neutral,Neutral,Neutral,,,,,,
2026-06-05,NZDCAD,5,0.009704771925481248,Bullish,Bullish,Bullish,Bullish,,1.0,1.0,1.0,1.0,
2026-06-05,NZDCAD,10,0.005273256173794705,Bullish,Bullish,Bullish,Bullish,,1.0,1.0,1.0,1.0,
2026-06-05,NZDCHF,5,0.008206330597889888,Neutral,Bullish,Bullish,Bullish,,,1.0,1.0,1.0,
2026-06-05,NZDCHF,10,0.004255134384091086,Neutral,Bullish,Bullish,Bullish,,,1.0,1.0,1.0,
2026-06-05,CADCHF,5,-0.0026258665359567557,Neutral,Neutral,Neutral,Neutral,,,,,,
2026-06-05,CADCHF,10,-0.001855612352076097,Neutral,Neutral,Neutral,Neutral,,,,,,
2026-06-12,EURUSD,5,-0.008732491786270113,Bearish,Bearish,Bearish,Bearish,Bearish,-1.0,-1.0,-1.0,-1.0,-1.0
2026-06-12,EURUSD,10,-0.015779007435587133,Bearish,Bearish,Bearish,Bearish,Bearish,-1.0,-1.0,-1.0,-1.0,-1.0
2026-06-12,GBPUSD,5,-0.01285837882991725,Neutral,Neutral,Neutral,Neutral,Neutral,,,,,
2026-06-12,GBPUSD,10,-0.015826844476267254,Neutral,Neutral,Neutral,Neutral,Neutral,,,,,
2026-06-12,USDJPY,5,0.006784379076400615,Neutral,Neutral,Neutral,Neutral,Neutral,,,,,
2026-06-12,USDJPY,10,0.009586758290111685,Neutral,Neutral,Neutral,Neutral,Neutral,,,,,
2026-06-12,USDCHF,5,0.012533089111643747,Bullish,Bullish,Bullish,Neutral,,1.0,1.0,1.0,,
2026-06-12,USDCHF,10,0.016133686283857473,Bullish,Bullish,Bullish,Neutral,,1.0,1.0,1.0,,
2026-06-12,USDCAD,5,0.011615024480897906,Bullish,Bullish,Bullish,Bullish,Bullish,1.0,1.0,1.0,1.0,1.0
2026-06-12,USDCAD,10,0.014466959722668982,Bullish,Bullish,Bullish,Bullish,Bullish,1.0,1.0,1.0,1.0,1.0
2026-06-12,AUDUSD,5,-0.004952743166917406,Bearish,Bearish,Bearish,Bearish,Bearish,-1.0,-1.0,-1.0,-1.0,-1.0
2026-06-12,AUDUSD,10,-0.021599069054579423,Bearish,Bearish,Bearish,Bearish,Bearish,-1.0,-1.0,-1.0,-1.0,-1.0
2026-06-12,NZDUSD,5,-0.01561293643304451,Neutral,Neutral,Neutral,Neutral,,,,,,
2026-06-12,NZDUSD,10,-0.03297589431243031,Neutral,Neutral,Neutral,Neutral,,,,,,
2026-06-12,EURGBP,5,0.004554620680063959,Neutral,Neutral,Neutral,Neutral,Neutral,,,,,
2026-06-12,EURGBP,10,-0.00019701921516812604,Neutral,Neutral,Neutral,Neutral,Neutral,,,,,
2026-06-12,EURJPY,5,-0.001705057437773494,Neutral,Neutral,Neutral,Neutral,Neutral,,,,,
2026-06-12,EURJPY,10,-0.006437131402733387,Neutral,Neutral,Neutral,Neutral,Neutral,,,,,
2026-06-12,EURCHF,5,0.004121430353249966,Neutral,Neutral,Neutral,Neutral,,,,,,
2026-06-12,EURCHF,10,0.0,Neutral,Neutral,Neutral,Neutral,,,,,,
2026-06-12,EURAUD,5,-0.003904560599876983,Bullish,Bullish,Bullish,Bullish,Bullish,1.0,1.0,1.0,1.0,1.0
2026-06-12,EURAUD,10,0.005731968056917669,Bullish,Bullish,Bullish,Bullish,Bullish,1.0,1.0,1.0,1.0,1.0
2026-06-12,EURNZD,5,0.006851594167826214,Bearish,Bearish,Bearish,Bearish,,-1.0,-1.0,-1.0,-1.0,
2026-06-12,EURNZD,10,0.017943210922217734,Bearish,Bearish,Bearish,Bearish,,-1.0,-1.0,-1.0,-1.0,
2026-06-12,EURCAD,5,0.0032136654945027487,Bullish,Bullish,Bullish,Bullish,Bullish,1.0,1.0,1.0,1.0,1.0
2026-06-12,EURCAD,10,-0.0015388513617907718,Bullish,Bullish,Bullish,Bullish,Bullish,1.0,1.0,1.0,1.0,1.0
2026-06-12,GBPJPY,5,-0.005856665332079514,Neutral,Neutral,Neutral,Neutral,Neutral,,,,,
2026-06-12,GBPJPY,10,-0.006187208447006043,Neutral,Neutral,Neutral,Neutral,Neutral,,,,,
2026-06-12,GBPCHF,5,-0.00029946564099692097,Bullish,Bullish,Bullish,Bullish,,1.0,1.0,1.0,1.0,
2026-06-12,GBPCHF,10,0.000318182243559173,Bullish,Bullish,Bullish,Bullish,,1.0,1.0,1.0,1.0,
2026-06-12,GBPAUD,5,-0.00799386138717928,Bullish,Bullish,Bullish,Bullish,Bullish,1.0,1.0,1.0,1.0,1.0
2026-06-12,GBPAUD,10,0.006159635467307245,Bullish,Bullish,Bullish,Bullish,Bullish,1.0,1.0,1.0,1.0,1.0
2026-06-12,GBPNZD,5,0.0019578241177826694,Neutral,Neutral,Neutral,Neutral,,,,,,
2026-06-12,GBPNZD,10,0.01806854124700341,Neutral,Neutral,Neutral,Neutral,,,,,,
2026-06-12,GBPCAD,5,-0.0012473547018342357,Bullish,Bullish,Bullish,Bullish,Bullish,1.0,1.0,1.0,1.0,1.0
2026-06-12,GBPCAD,10,-0.0013806190930557571,Bullish,Bullish,Bullish,Bullish,Bullish,1.0,1.0,1.0,1.0,1.0
2026-06-12,AUDJPY,5,0.002179344070589506,Bearish,Bearish,Bearish,Bearish,Bearish,-1.0,-1.0,-1.0,-1.0,-1.0
2026-06-12,AUDJPY,10,-0.01196867414376579,Bearish,Bearish,Bearish,Bearish,Bearish,-1.0,-1.0,-1.0,-1.0,-1.0
2026-06-12,NZDJPY,5,-0.00950596799229253,Bullish,Bullish,Bullish,Bullish,,1.0,1.0,1.0,1.0,
2026-06-12,NZDJPY,10,-0.024214526574961148,Bullish,Bullish,Bullish,Bullish,,1.0,1.0,1.0,1.0,
2026-06-12,CADJPY,5,-0.00486314227092155,Neutral,Neutral,Neutral,Neutral,Neutral,,,,,
2026-06-12,CADJPY,10,-0.004967913738158636,Neutral,Neutral,Neutral,Neutral,Neutral,,,,,
2026-06-12,CHFJPY,5,-0.005473644402203326,Neutral,Neutral,Neutral,Neutral,,,,,,
2026-06-12,CHFJPY,10,-0.006230002537780499,Neutral,Neutral,Neutral,Neutral,,,,,,
2026-06-12,AUDNZD,5,0.01100057156584211,Bearish,Bearish,Bearish,Bearish,,-1.0,-1.0,-1.0,-1.0,
2026-06-12,AUDNZD,10,0.012259673130607052,Bearish,Bearish,Bearish,Bearish,,-1.0,-1.0,-1.0,-1.0,
2026-06-12,AUDCAD,5,0.006827496652193288,Neutral,Neutral,Neutral,Neutral,Neutral,,,,,
2026-06-12,AUDCAD,10,-0.007284015744836392,Neutral,Neutral,Neutral,Neutral,Neutral,,,,,
2026-06-12,AUDCHF,5,0.007656422492076542,Neutral,Neutral,Neutral,Neutral,,,,,,
2026-06-12,AUDCHF,10,-0.005751219685908526,Neutral,Neutral,Neutral,Neutral,,,,,,
2026-06-12,NZDCAD,5,-0.004388922262133943,Bullish,Bullish,Bullish,Bullish,,1.0,1.0,1.0,1.0,
2026-06-12,NZDCAD,10,-0.019026836175507822,Bullish,Bullish,Bullish,Bullish,,1.0,1.0,1.0,1.0,
2026-06-12,NZDCHF,5,-0.0039190353143840895,Bullish,Bullish,Bullish,Bullish,,1.0,1.0,1.0,1.0,
2026-06-12,NZDCHF,10,-0.01746339362618432,Bullish,Bullish,Bullish,Bullish,,1.0,1.0,1.0,1.0,
2026-06-12,CADCHF,5,0.0007722820935864849,Neutral,Neutral,Neutral,Neutral,,,,,,
2026-06-12,CADCHF,10,0.0014919085898832396,Neutral,Neutral,Neutral,Neutral,,,,,,
2026-06-19,EURUSD,5,-0.007108591365024064,Neutral,Neutral,Neutral,Neutral,Neutral,,,,,
2026-06-19,EURUSD,10,-0.0025730484081988303,Neutral,Neutral,Neutral,Neutral,Neutral,,,,,
2026-06-19,GBPUSD,5,-0.0030071324951644884,Neutral,Neutral,Neutral,Neutral,Neutral,,,,,
2026-06-19,GBPUSD,10,0.008401837524177891,Neutral,Neutral,Neutral,Neutral,Neutral,,,,,
2026-06-19,USDJPY,5,0.0027834949289557986,Neutral,Neutral,Neutral,Neutral,Neutral,,,,,
2026-06-19,USDJPY,10,-8.679048776238929e-05,Neutral,Neutral,Neutral,Neutral,Neutral,,,,,
2026-06-19,USDCHF,5,0.0035560291420924095,Bullish,Bullish,Bullish,Bullish,,1.0,1.0,1.0,1.0,
2026-06-19,USDCHF,10,-0.0055508747583883356,Bullish,Bullish,Bullish,Bullish,,1.0,1.0,1.0,1.0,
2026-06-19,USDCAD,5,0.0028191902776795175,Neutral,Neutral,Neutral,Neutral,Neutral,,,,,
2026-06-19,USDCAD,10,0.003200734826538598,Neutral,Neutral,Neutral,Neutral,Neutral,,,,,
2026-06-19,AUDUSD,5,-0.01672918122566558,Bearish,Bearish,Bearish,Bearish,Bearish,-1.0,-1.0,-1.0,-1.0,-1.0
2026-06-19,AUDUSD,10,-0.011238358743243415,Bearish,Bearish,Bearish,Bearish,Bearish,-1.0,-1.0,-1.0,-1.0,-1.0
2026-06-19,NZDUSD,5,-0.017638344226579505,Neutral,Neutral,Neutral,Neutral,,,,,,
2026-06-19,NZDUSD,10,-0.005385620915032696,Neutral,Neutral,Neutral,Neutral,,,,,,
2026-06-19,EURGBP,5,-0.004730096101708603,Neutral,Neutral,Neutral,Neutral,Neutral,,,,,
2026-06-19,EURGBP,10,-0.012125197568038315,Neutral,Neutral,Neutral,Neutral,Neutral,,,,,
2026-06-19,EURJPY,5,-0.004740156203550949,Neutral,Neutral,Neutral,Neutral,Neutral,,,,,
2026-06-19,EURJPY,10,-0.0032321703645649125,Neutral,Neutral,Neutral,Neutral,Neutral,,,,,
2026-06-19,EURCHF,5,-0.004104513885138439,Bullish,Bullish,Bullish,Bullish,,1.0,1.0,1.0,1.0,
2026-06-19,EURCHF,10,-0.00778777502943373,Bullish,Bullish,Bullish,Bullish,,1.0,1.0,1.0,1.0,
2026-06-19,EURAUD,5,0.009674302557391545,Bullish,Bullish,Bullish,Bullish,Bullish,1.0,1.0,1.0,1.0,1.0
2026-06-19,EURAUD,10,0.007228208358303956,Bullish,Bullish,Bullish,Bullish,Bullish,1.0,1.0,1.0,1.0,1.0
2026-06-19,EURNZD,5,0.011016138643112239,Bearish,Bearish,Bearish,Bearish,,-1.0,-1.0,-1.0,-1.0,
2026-06-19,EURNZD,10,0.002098073677938128,Bearish,Bearish,Bearish,Bearish,,-1.0,-1.0,-1.0,-1.0,
2026-06-19,EURCAD,5,-0.004737292781942792,Neutral,Neutral,Neutral,Neutral,Neutral,,,,,
2026-06-19,EURCAD,10,-0.0005913915566533312,Neutral,Neutral,Neutral,Neutral,Neutral,,,,,
2026-06-19,GBPJPY,5,-0.00033249039992511165,Neutral,Neutral,Neutral,Neutral,Neutral,,,,,
2026-06-19,GBPJPY,10,0.00829352814460993,Neutral,Neutral,Neutral,Neutral,Neutral,,,,,
2026-06-19,GBPCHF,5,0.0006178329042827446,Very Bullish,Very Bullish,Very Bullish,Very Bullish,,1.0,1.0,1.0,1.0,
2026-06-19,GBPCHF,10,0.0028551369061549092,Very Bullish,Very Bullish,Very Bullish,Very Bullish,,1.0,1.0,1.0,1.0,
2026-06-19,GBPAUD,5,0.014267549668874224,Bullish,Bullish,Bullish,Bullish,Bullish,1.0,1.0,1.0,1.0,1.0
2026-06-19,GBPAUD,10,0.018415894039735203,Bullish,Bullish,Bullish,Bullish,Bullish,1.0,1.0,1.0,1.0,1.0
2026-06-19,GBPNZD,5,0.0160792368115954,Neutral,Neutral,Neutral,Neutral,,,,,,
2026-06-19,GBPNZD,10,0.014602882364946002,Neutral,Neutral,Neutral,Neutral,,,,,,
2026-06-19,GBPCAD,5,-0.00013343082679073692,Bullish,Bullish,Bullish,Bullish,Bullish,1.0,1.0,1.0,1.0,1.0
2026-06-19,GBPCAD,10,0.011384318141788974,Bullish,Bullish,Bullish,Bullish,Bullish,1.0,1.0,1.0,1.0,1.0
2026-06-19,AUDJPY,5,-0.014117251865209846,Bearish,Bearish,Bearish,Bearish,Bearish,-1.0,-1.0,-1.0,-1.0,-1.0
2026-06-19,AUDJPY,10,-0.011783529578161978,Bearish,Bearish,Bearish,Bearish,Bearish,-1.0,-1.0,-1.0,-1.0,-1.0
2026-06-19,NZDJPY,5,-0.01484971954132297,Bullish,Bullish,Bullish,Bullish,,1.0,1.0,1.0,1.0,
2026-06-19,NZDJPY,10,-0.004506792611886246,Bullish,Bullish,Bullish,Bullish,,1.0,1.0,1.0,1.0,
2026-06-19,CADJPY,5,-0.00010528347575844421,Neutral,Neutral,Neutral,Neutral,Neutral,,,,,
2026-06-19,CADJPY,10,-0.003921809472003268,Neutral,Neutral,Neutral,Neutral,Neutral,,,,,
2026-06-19,CHFJPY,5,-0.000760520956855415,Bearish,Bearish,Bearish,Bearish,,-1.0,-1.0,-1.0,-1.0,
2026-06-19,CHFJPY,10,0.0042078823994435854,Bearish,Bearish,Bearish,Bearish,,-1.0,-1.0,-1.0,-1.0,
2026-06-19,AUDNZD,5,0.0012454014371277022,Bearish,Bearish,Bearish,Bearish,,-1.0,-1.0,-1.0,-1.0,
2026-06-19,AUDNZD,10,-0.00501437947054062,Bearish,Bearish,Bearish,Bearish,,-1.0,-1.0,-1.0,-1.0,
2026-06-19,AUDCAD,5,-0.014015819436747567,Neutral,Neutral,Neutral,Neutral,Neutral,,,,,
2026-06-19,AUDCAD,10,-0.008645271802105947,Neutral,Neutral,Neutral,Neutral,Neutral,,,,,
2026-06-19,AUDCHF,5,-0.013305767599660623,Neutral,Neutral,Neutral,Bullish,,,,,1.0,
2026-06-19,AUDCHF,10,-0.01714023183488822,Neutral,Neutral,Neutral,Bullish,,,,,1.0,
2026-06-19,NZDCAD,5,-0.01470244178744251,Bullish,Bullish,Bullish,Bullish,,1.0,1.0,1.0,1.0,
2026-06-19,NZDCAD,10,-0.0020194308652768944,Bullish,Bullish,Bullish,Bullish,,1.0,1.0,1.0,1.0,
2026-06-19,NZDCHF,5,-0.013597647974404437,Very Bullish,Very Bullish,Very Bullish,Very Bullish,,1.0,1.0,1.0,1.0,
2026-06-19,NZDCHF,10,-0.008949803277270907,Very Bullish,Very Bullish,Very Bullish,Very Bullish,,1.0,1.0,1.0,1.0,
2026-06-19,CADCHF,5,0.0007190711705076236,Neutral,Neutral,Neutral,Bullish,,,,,1.0,
2026-06-19,CADCHF,10,-0.008716545652250218,Neutral,Neutral,Neutral,Bullish,,,,,1.0,
2026-06-26,EURUSD,5,0.004568015109588597,Bearish,Bearish,Bearish,Bearish,Bearish,-1.0,-1.0,-1.0,-1.0,-1.0
2026-06-26,EURUSD,10,0.0026793165546623587,Bearish,Bearish,Bearish,Bearish,Bearish,-1.0,-1.0,-1.0,-1.0,-1.0
2026-06-26,GBPUSD,5,0.01144338178456139,Neutral,Neutral,Neutral,Neutral,Neutral,,,,,
2026-06-26,GBPUSD,10,0.015505403398154094,Neutral,Neutral,Neutral,Neutral,Neutral,,,,,
2026-06-26,USDJPY,5,-0.0028623181686109334,Neutral,Neutral,Neutral,Neutral,Neutral,,,,,
2026-06-26,USDJPY,10,-0.0003709267605112032,Neutral,Neutral,Neutral,Neutral,Neutral,,,,,
2026-06-26,USDCHF,5,-0.0090746342366812,Bullish,Bullish,Bullish,Bullish,,1.0,1.0,1.0,1.0,
2026-06-26,USDCHF,10,-0.0017038088770910953,Bullish,Bullish,Bullish,Bullish,,1.0,1.0,1.0,1.0,
2026-06-26,USDCAD,5,0.0003804719261037981,Bullish,Bullish,Bullish,Bullish,Bullish,1.0,1.0,1.0,1.0,1.0
2026-06-26,USDCAD,10,-0.0026069372714526695,Bullish,Bullish,Bullish,Bullish,Bullish,1.0,1.0,1.0,1.0,1.0
2026-06-26,AUDUSD,5,0.005584242283592333,Bearish,Bearish,Bearish,Bearish,Bearish,-1.0,-1.0,-1.0,-1.0,-1.0
2026-06-26,AUDUSD,10,0.008485147365978163,Bearish,Bearish,Bearish,Bearish,Bearish,-1.0,-1.0,-1.0,-1.0,-1.0
2026-06-26,NZDUSD,5,0.012472721466210146,Neutral,Neutral,Neutral,Neutral,,,,,,
2026-06-26,NZDUSD,10,0.02224863829107737,Neutral,Neutral,Neutral,Neutral,,,,,,
2026-06-26,EURGBP,5,-0.007430247249881061,Bearish,Bearish,Bearish,Bearish,Bearish,-1.0,-1.0,-1.0,-1.0,-1.0
2026-06-26,EURGBP,10,-0.012600122871483266,Bearish,Bearish,Bearish,Bearish,Bearish,-1.0,-1.0,-1.0,-1.0,-1.0
2026-06-26,EURJPY,5,0.0015151679718472533,Neutral,Neutral,Neutral,Neutral,Neutral,,,,,
2026-06-26,EURJPY,10,0.0021777145401817855,Neutral,Neutral,Neutral,Neutral,Neutral,,,,,
2026-06-26,EURCHF,5,-0.003698441448574341,Bullish,Bullish,Bullish,Bullish,,1.0,1.0,1.0,1.0,
2026-06-26,EURCHF,10,0.0008676695480527297,Bullish,Bullish,Bullish,Bullish,,1.0,1.0,1.0,1.0,
2026-06-26,EURAUD,5,-0.002422656685321156,Neutral,Neutral,Neutral,Neutral,Neutral,,,,,
2026-06-26,EURAUD,10,-0.005735639702497797,Neutral,Neutral,Neutral,Neutral,Neutral,,,,,
2026-06-26,EURNZD,5,-0.008820892787273493,Neutral,Neutral,Neutral,Neutral,,,,,,
2026-06-26,EURNZD,10,-0.019345540273492334,Neutral,Neutral,Neutral,Neutral,,,,,,
2026-06-26,EURCAD,5,0.004165635058182904,Neutral,Neutral,Neutral,Neutral,Neutral,,,,,
2026-06-26,EURCAD,10,0.0001176033671701493,Neutral,Neutral,Neutral,Neutral,Neutral,,,,,
2026-06-26,GBPJPY,5,0.008628887566813015,Neutral,Neutral,Neutral,Neutral,Neutral,,,,,
2026-06-26,GBPJPY,10,0.014999836041767134,Neutral,Neutral,Neutral,Neutral,Neutral,,,,,
2026-06-26,GBPCHF,5,0.002235922575333671,Very Bullish,Very Bullish,Very Bullish,Very Bullish,,1.0,1.0,1.0,1.0,
2026-06-26,GBPCHF,10,0.013602641943662341,Very Bullish,Very Bullish,Very Bullish,Very Bullish,,1.0,1.0,1.0,1.0,
2026-06-26,GBPAUD,5,0.0040899902320794546,Bullish,Bullish,Bullish,Bullish,Bullish,1.0,1.0,1.0,1.0,1.0
2026-06-26,GBPAUD,10,0.006795756439253342,Bullish,Bullish,Bullish,Bullish,Bullish,1.0,1.0,1.0,1.0,1.0
2026-06-26,GBPNZD,5,-0.0014529914529914922,Neutral,Neutral,Neutral,Neutral,,,,,,
2026-06-26,GBPNZD,10,-0.006700854700854575,Neutral,Neutral,Neutral,Neutral,,,,,,
2026-06-26,GBPCAD,5,0.011519285996434148,Bullish,Bullish,Bullish,Bullish,Bullish,1.0,1.0,1.0,1.0,1.0
2026-06-26,GBPCAD,10,0.012618902731960313,Bullish,Bullish,Bullish,Bullish,Bullish,1.0,1.0,1.0,1.0,1.0
2026-06-26,AUDJPY,5,0.002367139795744544,Bearish,Bearish,Bearish,Bearish,Bearish,-1.0,-1.0,-1.0,-1.0,-1.0
2026-06-26,AUDJPY,10,0.008033929003739004,Bearish,Bearish,Bearish,Bearish,Bearish,-1.0,-1.0,-1.0,-1.0,-1.0
2026-06-26,NZDJPY,5,0.01049883163472387,Neutral,Neutral,Neutral,Neutral,,,,,,
2026-06-26,NZDJPY,10,0.022347042883942292,Neutral,Neutral,Neutral,Neutral,,,,,,
2026-06-26,CADJPY,5,-0.003816927855676111,Neutral,Neutral,Neutral,Neutral,Neutral,,,,,
2026-06-26,CADJPY,10,0.0023077058069951306,Neutral,Neutral,Neutral,Neutral,Neutral,,,,,
2026-06-26,CHFJPY,5,0.004972184807046087,Bearish,Bearish,Bearish,Bearish,,-1.0,-1.0,-1.0,-1.0,
2026-06-26,CHFJPY,10,0.0015472357556669536,Bearish,Bearish,Bearish,Bearish,,-1.0,-1.0,-1.0,-1.0,
2026-06-26,AUDNZD,5,-0.006251994664528193,Bearish,Bearish,Bearish,Bearish,,-1.0,-1.0,-1.0,-1.0,
2026-06-26,AUDNZD,10,-0.01337959591165383,Bearish,Bearish,Bearish,Bearish,,-1.0,-1.0,-1.0,-1.0,
2026-06-26,AUDCAD,5,0.005446890265088822,Neutral,Neutral,Neutral,Neutral,Neutral,,,,,
2026-06-26,AUDCAD,10,0.005804565986060828,Neutral,Neutral,Neutral,Neutral,Neutral,,,,,
2026-06-26,AUDCHF,5,-0.003886172746646599,Neutral,Bullish,Bullish,Bullish,,,1.0,1.0,1.0,
2026-06-26,AUDCHF,10,0.0066082845323161,Neutral,Bullish,Bullish,Bullish,,,1.0,1.0,1.0,
2026-06-26,NZDCAD,5,0.01287226464376312,Neutral,Neutral,Neutral,Neutral,,,,,,
2026-06-26,NZDCAD,10,0.019595835884874457,Neutral,Neutral,Neutral,Neutral,,,,,,
2026-06-26,NZDCHF,5,0.004711915667667599,Bullish,Bullish,Bullish,Bullish,,1.0,1.0,1.0,1.0,
2026-06-26,NZDCHF,10,0.020469438295820597,Bullish,Bullish,Bullish,Bullish,,1.0,1.0,1.0,1.0,
2026-06-26,CADCHF,5,-0.009428836818030528,Neutral,Bullish,Bullish,Bullish,,,1.0,1.0,1.0,
2026-06-26,CADCHF,10,0.000788657354667821,Neutral,Bullish,Bullish,Bullish,,,1.0,1.0,1.0,
2026-07-03,EURUSD,5,-0.0018801101832015554,Bearish,Bearish,Bearish,Bearish,Bearish,-1.0,-1.0,-1.0,-1.0,-1.0
2026-07-03,EURUSD,10,0.00022736216168950385,Bearish,Bearish,Bearish,Bearish,Bearish,-1.0,-1.0,-1.0,-1.0,-1.0
2026-07-03,GBPUSD,5,0.004016064257028162,Neutral,Neutral,Neutral,Neutral,Neutral,,,,,
2026-07-03,GBPUSD,10,0.00785979739854925,Neutral,Neutral,Neutral,Neutral,Neutral,,,,,
2026-07-03,USDJPY,5,0.0024985430332187253,Neutral,Neutral,Neutral,Neutral,Neutral,,,,,
2026-07-03,USDJPY,10,0.006813644648901995,Neutral,Neutral,Neutral,Neutral,Neutral,,,,,
2026-07-03,USDCHF,5,0.007438325442312488,Very Bullish,Very Bullish,Very Bullish,Very Bullish,,1.0,1.0,1.0,1.0,
2026-07-03,USDCHF,10,0.005918265636680742,Very Bullish,Very Bullish,Very Bullish,Very Bullish,,1.0,1.0,1.0,1.0,
2026-07-03,USDCAD,5,-0.0029862730045145947,Neutral,Neutral,Neutral,Neutral,Neutral,,,,,
2026-07-03,USDCAD,10,-0.012346548530457802,Neutral,Neutral,Neutral,Neutral,Neutral,,,,,
2026-07-03,AUDUSD,5,0.0028847956843456313,Bearish,Bearish,Bearish,Bearish,Bearish,-1.0,-1.0,-1.0,-1.0,-1.0
2026-07-03,AUDUSD,10,0.006995629534538139,Bearish,Bearish,Bearish,Bearish,Bearish,-1.0,-1.0,-1.0,-1.0,-1.0
2026-07-03,NZDUSD,5,0.009655486629516652,Neutral,Neutral,Neutral,Neutral,,,,,,
2026-07-03,NZDUSD,10,0.023779483405180102,Neutral,Neutral,Neutral,Neutral,,,,,,
2026-07-03,EURGBP,5,-0.005208576633811357,Bearish,Bearish,Bearish,Bearish,Bearish,-1.0,-1.0,-1.0,-1.0,-1.0
2026-07-03,EURGBP,10,-0.00718223011164576,Bearish,Bearish,Bearish,Bearish,Bearish,-1.0,-1.0,-1.0,-1.0,-1.0
2026-07-03,EURJPY,5,0.0006615442177237973,Neutral,Neutral,Neutral,Neutral,Neutral,,,,,
2026-07-03,EURJPY,10,0.007434238709012719,Neutral,Neutral,Neutral,Neutral,Neutral,,,,,
2026-07-03,EURCHF,5,0.00458306118005658,Neutral,Neutral,Neutral,Bullish,,,,,1.0,
2026-07-03,EURCHF,10,0.005323318092749885,Neutral,Neutral,Neutral,Bullish,,,,,1.0,
2026-07-03,EURAUD,5,-0.003321028729630693,Neutral,Neutral,Neutral,Neutral,Neutral,,,,,
2026-07-03,EURAUD,10,-0.005306360346795658,Neutral,Neutral,Neutral,Neutral,Neutral,,,,,
2026-07-03,EURNZD,5,-0.01061831046440731,Neutral,Neutral,Neutral,Neutral,,,,,,
2026-07-03,EURNZD,10,-0.021911195946553552,Neutral,Neutral,Neutral,Neutral,,,,,,
2026-07-03,EURCAD,5,-0.00403123902042124,Bearish,Bearish,Bearish,Bearish,Bearish,-1.0,-1.0,-1.0,-1.0,-1.0
2026-07-03,EURCAD,10,-0.011317056332558861,Bearish,Bearish,Bearish,Bearish,Bearish,-1.0,-1.0,-1.0,-1.0,-1.0
2026-07-03,GBPJPY,5,0.006316444584809844,Neutral,Neutral,Neutral,Neutral,Neutral,,,,,
2026-07-03,GBPJPY,10,0.014657866992397128,Neutral,Neutral,Neutral,Neutral,Neutral,,,,,
2026-07-03,GBPCHF,5,0.011341360963315728,Very Bullish,Very Bullish,Very Bullish,Very Bullish,,1.0,1.0,1.0,1.0,
2026-07-03,GBPCHF,10,0.01391767012041445,Very Bullish,Very Bullish,Very Bullish,Very Bullish,,1.0,1.0,1.0,1.0,
2026-07-03,GBPAUD,5,0.002694744727560261,Neutral,Neutral,Neutral,Neutral,Neutral,,,,,
2026-07-03,GBPAUD,10,0.002377409923735474,Neutral,Neutral,Neutral,Neutral,Neutral,,,,,
2026-07-03,GBPNZD,5,-0.005255499443635903,Neutral,Neutral,Neutral,Neutral,,,,,,
2026-07-03,GBPNZD,10,-0.014790721561242837,Neutral,Neutral,Neutral,Neutral,,,,,,
2026-07-03,GBPCAD,5,0.001087094186684734,Neutral,Neutral,Neutral,Neutral,Neutral,,,,,
2026-07-03,GBPCAD,10,-0.00469139190273149,Neutral,Neutral,Neutral,Neutral,Neutral,,,,,
2026-07-03,AUDJPY,5,0.005653406803767691,Bearish,Bearish,Bearish,Bearish,Bearish,-1.0,-1.0,-1.0,-1.0,-1.0
2026-07-03,AUDJPY,10,0.015591595030011396,Bearish,Bearish,Bearish,Bearish,Bearish,-1.0,-1.0,-1.0,-1.0,-1.0
2026-07-03,NZDJPY,5,0.011725111279991207,Neutral,Neutral,Neutral,Neutral,,,,,,
2026-07-03,NZDJPY,10,0.029812181087829792,Neutral,Neutral,Neutral,Neutral,,,,,,
2026-07-03,CADJPY,5,0.006148100518800881,Neutral,Neutral,Neutral,Neutral,Neutral,,,,,
2026-07-03,CADJPY,10,0.02029401661220276,Neutral,Neutral,Neutral,Neutral,Neutral,,,,,
2026-07-03,CHFJPY,5,-0.0034080038265306145,Bearish,Bearish,Bearish,Bearish,,-1.0,-1.0,-1.0,-1.0,
2026-07-03,CHFJPY,10,0.002257055165816313,Bearish,Bearish,Bearish,Bearish,,-1.0,-1.0,-1.0,-1.0,
2026-07-03,AUDNZD,5,-0.00717244332452216,Bearish,Bearish,Bearish,Bearish,,-1.0,-1.0,-1.0,-1.0,
2026-07-03,AUDNZD,10,-0.0165188533972348,Bearish,Bearish,Bearish,Bearish,,-1.0,-1.0,-1.0,-1.0,
2026-07-03,AUDCAD,5,0.0003557380548242506,Bearish,Bearish,Bearish,Bearish,Bearish,-1.0,-1.0,-1.0,-1.0,-1.0
2026-07-03,AUDCAD,10,-0.005173447711587897,Bearish,Bearish,Bearish,Bearish,Bearish,-1.0,-1.0,-1.0,-1.0,-1.0
2026-07-03,AUDCHF,5,0.010535399662004119,Neutral,Neutral,Neutral,Neutral,,,,,,
2026-07-03,AUDCHF,10,0.013411959296681042,Neutral,Neutral,Neutral,Neutral,,,,,,
2026-07-03,NZDCAD,5,0.00663812355793536,Neutral,Neutral,Neutral,Neutral,,,,,,
2026-07-03,NZDCAD,10,0.010783866151738986,Neutral,Neutral,Neutral,Neutral,,,,,,
2026-07-03,NZDCHF,5,0.015683622720530366,Bullish,Bullish,Bullish,Bullish,,1.0,1.0,1.0,1.0,
2026-07-03,NZDCHF,10,0.02820434517057846,Bullish,Bullish,Bullish,Bullish,,1.0,1.0,1.0,1.0,
2026-07-03,CADCHF,5,0.010314750269811324,Bullish,Bullish,Bullish,Very Bullish,,1.0,1.0,1.0,1.0,
2026-07-03,CADCHF,10,0.01873639886060041,Bullish,Bullish,Bullish,Very Bullish,,1.0,1.0,1.0,1.0,
2026-07-10,EURUSD,5,0.0021114420886629848,Bearish,Bearish,Bearish,Bearish,Bearish,-1.0,-1.0,-1.0,-1.0,-1.0
2026-07-10,EURUSD,10,-0.0038111091641843675,Bearish,Bearish,Bearish,Bearish,Bearish,-1.0,-1.0,-1.0,-1.0,-1.0
2026-07-10,GBPUSD,5,0.003828358208955107,Neutral,Neutral,Neutral,Neutral,Neutral,,,,,
2026-07-10,GBPUSD,10,-0.005671641791044846,Neutral,Neutral,Neutral,Neutral,Neutral,,,,,
2026-07-10,USDJPY,5,0.004304347019425281,Neutral,Neutral,Neutral,Neutral,,,,,,
2026-07-10,USDJPY,10,0.013308843083050359,Neutral,Neutral,Neutral,Neutral,,,,,,
2026-07-10,USDCHF,5,-0.001508836588050455,Bullish,Bullish,Bullish,Bullish,,1.0,1.0,1.0,1.0,
2026-07-10,USDCHF,10,0.01179860741803429,Bullish,Bullish,Bullish,Bullish,,1.0,1.0,1.0,1.0,
2026-07-10,USDCAD,5,-0.009388311587394504,Neutral,Neutral,Neutral,Neutral,Neutral,,,,,
2026-07-10,USDCAD,10,-0.0047542014283795675,Neutral,Neutral,Neutral,Neutral,Neutral,,,,,
2026-07-10,AUDUSD,5,0.004099009046584889,Bearish,Bearish,Bearish,Bearish,Bearish,-1.0,-1.0,-1.0,-1.0,-1.0
2026-07-10,AUDUSD,10,0.004271598901177898,Bearish,Bearish,Bearish,Bearish,Bearish,-1.0,-1.0,-1.0,-1.0,-1.0
2026-07-10,NZDUSD,5,0.01398892687921971,Neutral,Neutral,Neutral,Neutral,,,,,,
2026-07-10,NZDUSD,10,0.005137372650433125,Neutral,Neutral,Neutral,Neutral,,,,,,
2026-07-10,EURGBP,5,-0.0019839872273484938,Bearish,Bearish,Bearish,Bearish,Bearish,-1.0,-1.0,-1.0,-1.0,-1.0
2026-07-10,EURGBP,10,0.0019722476579560055,Bearish,Bearish,Bearish,Bearish,Bearish,-1.0,-1.0,-1.0,-1.0,-1.0
2026-07-10,EURJPY,5,0.006768217016457356,Neutral,Neutral,Neutral,Neutral,,,,,,
2026-07-10,EURJPY,10,0.009418063390394416,Neutral,Neutral,Neutral,Neutral,,,,,,
2026-07-10,EURCHF,5,0.0007368797477269595,Bullish,Bullish,Bullish,Bullish,,1.0,1.0,1.0,1.0,
2026-07-10,EURCHF,10,0.008105677224997443,Bullish,Bullish,Bullish,Bullish,,1.0,1.0,1.0,1.0,
2026-07-10,EURAUD,5,-0.0019919469301479253,Neutral,Neutral,Neutral,Neutral,Neutral,,,,,
2026-07-10,EURAUD,10,-0.008034795109678972,Neutral,Neutral,Neutral,Neutral,Neutral,,,,,
2026-07-10,EURNZD,5,-0.011414083767253724,Bearish,Bearish,Bearish,Bearish,,-1.0,-1.0,-1.0,-1.0,
2026-07-10,EURNZD,10,-0.007833293771243643,Bearish,Bearish,Bearish,Bearish,,-1.0,-1.0,-1.0,-1.0,
2026-07-10,EURCAD,5,-0.007315307063417986,Neutral,Neutral,Neutral,Neutral,Neutral,,,,,
2026-07-10,EURCAD,10,-0.008163189523391012,Neutral,Neutral,Neutral,Neutral,Neutral,,,,,
2026-07-10,GBPJPY,5,0.008289064987931027,Neutral,Neutral,Neutral,Neutral,,,,,,
2026-07-10,GBPJPY,10,0.007518311172238112,Neutral,Neutral,Neutral,Neutral,,,,,,
2026-07-10,GBPCHF,5,0.00254741797037239,Bullish,Bullish,Bullish,Bullish,,1.0,1.0,1.0,1.0,
2026-07-10,GBPCHF,10,0.006073192117771908,Bullish,Bullish,Bullish,Bullish,,1.0,1.0,1.0,1.0,
2026-07-10,GBPAUD,5,-0.0003164819657162088,Bullish,Bullish,Bullish,Bullish,Bullish,1.0,1.0,1.0,1.0,1.0
2026-07-10,GBPAUD,10,-0.0097642468766862,Bullish,Bullish,Bullish,Bullish,Bullish,1.0,1.0,1.0,1.0,1.0
2026-07-10,GBPNZD,5,-0.009585599229021913,Neutral,Neutral,Neutral,Neutral,,,,,,
2026-07-10,GBPNZD,10,-0.009774901906794309,Neutral,Neutral,Neutral,Neutral,,,,,,
2026-07-10,GBPCAD,5,-0.005772211152228257,Neutral,Neutral,Neutral,Neutral,Neutral,,,,,
2026-07-10,GBPCAD,10,-0.010105323085681683,Neutral,Neutral,Neutral,Neutral,Neutral,,,,,
2026-07-10,AUDJPY,5,0.009882319454204147,Bearish,Bearish,Bearish,Bearish,,-1.0,-1.0,-1.0,-1.0,
2026-07-10,AUDJPY,10,0.016820401519261896,Bearish,Bearish,Bearish,Bearish,,-1.0,-1.0,-1.0,-1.0,
2026-07-10,NZDJPY,5,0.017877454662517334,Neutral,Neutral,Neutral,Neutral,,,,,,
2026-07-10,NZDJPY,10,0.017501877883893124,Neutral,Neutral,Neutral,Neutral,,,,,,
2026-07-10,CADJPY,5,0.014059477015468946,Neutral,Neutral,Neutral,Neutral,,,,,,
2026-07-10,CADJPY,10,0.01776256467271886,Neutral,Neutral,Neutral,Neutral,,,,,,
2026-07-10,CHFJPY,5,0.005684431556844283,Bearish,Bearish,Bearish,Bearish,,-1.0,-1.0,-1.0,-1.0,
2026-07-10,CHFJPY,10,0.0012498750124987357,Bearish,Bearish,Bearish,Bearish,,-1.0,-1.0,-1.0,-1.0,
2026-07-10,AUDNZD,5,-0.009413930958976802,Bearish,Bearish,Bearish,Bearish,,-1.0,-1.0,-1.0,-1.0,
2026-07-10,AUDNZD,10,-0.00020735530746629482,Bearish,Bearish,Bearish,Bearish,,-1.0,-1.0,-1.0,-1.0,
2026-07-10,AUDCAD,5,-0.005527219524090188,Bearish,Bearish,Bearish,Bearish,Bearish,-1.0,-1.0,-1.0,-1.0,-1.0
2026-07-10,AUDCAD,10,-0.00011176363008269519,Bearish,Bearish,Bearish,Bearish,Bearish,-1.0,-1.0,-1.0,-1.0,-1.0
2026-07-10,AUDCHF,5,0.002846569883290462,Neutral,Neutral,Neutral,Neutral,,,,,,
2026-07-10,AUDCHF,10,0.01636777682892121,Neutral,Neutral,Neutral,Neutral,,,,,,
2026-07-10,NZDCAD,5,0.00411840411840414,Neutral,Neutral,Neutral,Neutral,,,,,,
2026-07-10,NZDCAD,10,-0.00029417172274315284,Neutral,Neutral,Neutral,Neutral,,,,,,
2026-07-10,NZDCHF,5,0.012327384403926,Bullish,Bullish,Bullish,Bullish,,1.0,1.0,1.0,1.0,
2026-07-10,NZDCHF,10,0.016386401219852686,Bullish,Bullish,Bullish,Bullish,,1.0,1.0,1.0,1.0,
2026-07-10,CADCHF,5,0.008335668254412898,Bullish,Bullish,Bullish,Bullish,,1.0,1.0,1.0,1.0,
2026-07-10,CADCHF,10,0.016391145979266053,Bullish,Bullish,Bullish,Bullish,,1.0,1.0,1.0,1.0,
2026-07-17,EURUSD,5,-0.0059100724770723145,Neutral,Neutral,Neutral,Neutral,Neutral,,,,,
2026-07-17,GBPUSD,5,-0.009463769301108371,Bullish,Bullish,Bullish,Bullish,Bullish,1.0,1.0,1.0,1.0,1.0
2026-07-17,USDJPY,5,0.008965903702745637,Neutral,Neutral,Neutral,Neutral,,,,,,
2026-07-17,USDCHF,5,0.013327553105840106,Bullish,Bullish,Bullish,Neutral,,1.0,1.0,1.0,,
2026-07-17,USDCAD,5,0.004678028952435298,Neutral,Neutral,Neutral,Neutral,Neutral,,,,,
2026-07-17,AUDUSD,5,0.00017188529521305895,Neutral,Neutral,Neutral,Neutral,Neutral,,,,,
2026-07-17,NZDUSD,5,-0.008729438748438123,Neutral,Neutral,Neutral,Bullish,,,,,1.0,
2026-07-17,EURGBP,5,0.003964099608295246,Bearish,Bearish,Bearish,Bearish,Bearish,-1.0,-1.0,-1.0,-1.0,-1.0
2026-07-17,EURJPY,5,0.002632032208753854,Neutral,Neutral,Neutral,Neutral,,,,,,
2026-07-17,EURCHF,5,0.00736337155789446,Neutral,Neutral,Neutral,Neutral,,,,,,
2026-07-17,EURAUD,5,-0.00605490923739882,Neutral,Neutral,Neutral,Neutral,Neutral,,,,,
2026-07-17,EURNZD,5,0.003622133329246102,Bearish,Bearish,Bearish,Bearish,,-1.0,-1.0,-1.0,-1.0,
2026-07-17,EURCAD,5,-0.000854130688229704,Neutral,Neutral,Neutral,Neutral,Neutral,,,,,
2026-07-17,GBPJPY,5,-0.0007644175092805794,Neutral,Neutral,Neutral,Neutral,,,,,,
2026-07-17,GBPCHF,5,0.0035168153487816767,Bullish,Bullish,Bullish,Bullish,,1.0,1.0,1.0,1.0,
2026-07-17,GBPAUD,5,-0.009450755904776287,Bullish,Bullish,Bullish,Bullish,Bullish,1.0,1.0,1.0,1.0,1.0
2026-07-17,GBPNZD,5,-0.0001911348195512419,Bullish,Bullish,Bullish,Neutral,,1.0,1.0,1.0,,
2026-07-17,GBPCAD,5,-0.004358268781116226,Bullish,Bullish,Bullish,Bullish,Bullish,1.0,1.0,1.0,1.0,1.0
2026-07-17,AUDJPY,5,0.006870188665950128,Bearish,Bearish,Bearish,Bearish,,-1.0,-1.0,-1.0,-1.0,
2026-07-17,NZDJPY,5,-0.0003689803491607746,Neutral,Neutral,Neutral,Neutral,,,,,,
2026-07-17,CADJPY,5,0.0036517460180429673,Neutral,Neutral,Neutral,Neutral,,,,,,
2026-07-17,CHFJPY,5,-0.004409491094021112,Bearish,Neutral,Neutral,Neutral,,-1.0,,,,
2026-07-17,AUDNZD,5,0.009294069378972036,Bearish,Bearish,Bearish,Bearish,,-1.0,-1.0,-1.0,-1.0,
2026-07-17,AUDCAD,5,0.0054455546700995505,Bearish,Bearish,Bearish,Bearish,Bearish,-1.0,-1.0,-1.0,-1.0,-1.0
2026-07-17,AUDCHF,5,0.013482827135963715,Neutral,Neutral,Neutral,Neutral,,,,,,
2026-07-17,NZDCAD,5,-0.0043944776064746005,Bullish,Neutral,Neutral,Neutral,,1.0,,,,
2026-07-17,NZDCHF,5,0.004009589070157249,Bullish,Bullish,Bullish,Bullish,,1.0,1.0,1.0,1.0,
2026-07-17,CADCHF,5,0.007988885029524218,Neutral,Bullish,Bullish,Bullish,,,1.0,1.0,1.0,
2026-07-21,EURUSD,5,-0.0024566144343644014,Neutral,Neutral,Neutral,Neutral,Neutral,,,,,
2026-07-21,GBPUSD,5,-0.005301172389041819,Neutral,Neutral,Neutral,Neutral,Neutral,,,,,
2026-07-21,USDJPY,5,0.003542013922933629,Neutral,Neutral,Neutral,Neutral,,,,,,
2026-07-21,USDCHF,5,0.008120977962618792,Neutral,Neutral,Neutral,Neutral,,,,,,
2026-07-21,USDCAD,5,0.0004536915606281333,Neutral,Neutral,Neutral,Neutral,Neutral,,,,,
2026-07-21,AUDUSD,5,-0.003629349146245575,Neutral,Neutral,Neutral,Neutral,Neutral,,,,,
2026-07-21,NZDUSD,5,-0.00839701210612187,Bullish,Bullish,Bullish,Bullish,,1.0,1.0,1.0,1.0,
2026-07-21,EURGBP,5,0.002933790222263921,Bearish,Bearish,Bearish,Bearish,Bearish,-1.0,-1.0,-1.0,-1.0,-1.0
2026-07-21,EURJPY,5,0.0011614089611304834,Neutral,Neutral,Neutral,Neutral,,,,,,
2026-07-21,EURCHF,5,0.005678751106600766,Neutral,Neutral,Neutral,Neutral,,,,,,
2026-07-21,EURAUD,5,0.0013388196278325548,Neutral,Neutral,Neutral,Neutral,Neutral,,,,,
2026-07-21,EURNZD,5,0.006579922799662574,Bearish,Neutral,Neutral,Bearish,,-1.0,,,-1.0,
2026-07-21,EURCAD,5,-0.0019965666517391956,Neutral,Neutral,Neutral,Neutral,Neutral,,,,,
2026-07-21,GBPJPY,5,-0.0016771757460223302,Neutral,Neutral,Neutral,Neutral,,,,,,
2026-07-21,GBPCHF,5,0.002676994406829447,Bullish,Bullish,Bullish,Bullish,,1.0,1.0,1.0,1.0,
2026-07-21,GBPAUD,5,-0.00153871114623505,Bullish,Bullish,Bullish,Bullish,Bullish,1.0,1.0,1.0,1.0,1.0
2026-07-21,GBPNZD,5,0.0037078348161769803,Neutral,Neutral,Neutral,Neutral,,,,,,
2026-07-21,GBPCAD,5,-0.004860647308886912,Bullish,Bullish,Bullish,Bullish,Bullish,1.0,1.0,1.0,1.0,1.0
2026-07-21,AUDJPY,5,-4.3784370730937106e-05,Neutral,Neutral,Neutral,Bearish,,,,,-1.0,
2026-07-21,NZDJPY,5,-0.005018675364301117,Neutral,Neutral,Neutral,Neutral,,,,,,
2026-07-21,CADJPY,5,0.0032594693203531477,Neutral,Neutral,Neutral,Neutral,,,,,,
2026-07-21,CHFJPY,5,-0.004219829712184597,Neutral,Neutral,Neutral,Neutral,,,,,,
2026-07-21,AUDNZD,5,0.005445643485211926,Bearish,Bearish,Bearish,Bearish,,-1.0,-1.0,-1.0,-1.0,
2026-07-21,AUDCAD,5,-0.0030898591834667144,Neutral,Neutral,Neutral,Neutral,Neutral,,,,,
2026-07-21,AUDCHF,5,0.004465777027621076,Neutral,Neutral,Neutral,Neutral,,,,,,
2026-07-21,NZDCAD,5,-0.007961240687539561,Bullish,Bullish,Bullish,Bullish,,1.0,1.0,1.0,1.0,
2026-07-21,NZDCHF,5,-4.2270786659415194e-05,Bullish,Bullish,Bullish,Bullish,,1.0,1.0,1.0,1.0,
2026-07-21,CADCHF,5,0.0077772376918270325,Neutral,Neutral,Neutral,Neutral,,,,,,
