symbol,category,path1_agg,path1_presence,comparability,path2_leg_presence,path2_precise,path2_cell,delta,both_rendered_in_ui,path1_rendered_in_ui,as_of
EURUSD,growth,0.5,mixed,constructed aggregate (sum/pair_divisor),both,0.375,0,0.125,False,False,2025-07-25
EURUSD,inflation,-1.0,mixed,constructed aggregate (sum/pair_divisor),both,-0.25,0,-0.75,False,False,2025-07-25
EURUSD,labour,-0.5,mixed,constructed aggregate (sum/pair_divisor),both,-0.08333333333333333,0,-0.4166666666666667,False,False,2025-07-25
EURUSD,monetary,0.0,both,direct (single indicator),both,0.0,0,0.0,False,True,2025-07-25
GBPUSD,growth,-1.5,both,constructed aggregate (sum/pair_divisor),both,-0.375,0,-1.125,False,False,2025-07-25
GBPUSD,inflation,0.5,mixed,constructed aggregate (sum/pair_divisor),both,0.25,0,0.25,False,False,2025-07-25
GBPUSD,labour,-0.5,mixed,constructed aggregate (sum/pair_divisor),both,-0.08333333333333333,0,-0.4166666666666667,False,False,2025-07-25
GBPUSD,monetary,-1.0,both,direct (single indicator),both,-0.5,0,-0.5,False,True,2025-07-25
USDJPY,growth,0.5,mixed,constructed aggregate (sum/pair_divisor),both,0.125,0,0.375,False,False,2025-07-25
USDJPY,inflation,2.0,mixed,constructed aggregate (sum/pair_divisor),both,0.75,1,1.25,False,False,2025-07-25
USDJPY,labour,1.5,mixed,constructed aggregate (sum/pair_divisor),both,0.5833333333333334,1,0.9166666666666666,False,False,2025-07-25
USDJPY,monetary,-1.0,both,direct (single indicator),both,-0.5,0,-0.5,False,True,2025-07-25
USDCHF,growth,0.0,mixed,constructed aggregate (sum/pair_divisor),both,-0.125,0,0.125,False,False,2025-07-25
USDCHF,inflation,1.0,mixed,constructed aggregate (sum/pair_divisor),both,0.25,0,0.75,False,False,2025-07-25
USDCHF,labour,0.5,mixed,constructed aggregate (sum/pair_divisor),both,0.08333333333333333,0,0.4166666666666667,False,False,2025-07-25
USDCHF,monetary,1.0,base_only,direct (single indicator),base_only,0.5,0,0.5,False,True,2025-07-25
USDCAD,growth,0.5,mixed,constructed aggregate (sum/pair_divisor),both,0.125,0,0.375,False,False,2025-07-25
USDCAD,inflation,1.0,mixed,constructed aggregate (sum/pair_divisor),both,0.25,0,0.75,False,False,2025-07-25
USDCAD,labour,-1.0,mixed,constructed aggregate (sum/pair_divisor),both,-0.6666666666666666,-1,-0.33333333333333337,False,False,2025-07-25
USDCAD,monetary,0.0,both,direct (single indicator),both,0.0,0,0.0,False,True,2025-07-25
AUDUSD,growth,-1.5,mixed,constructed aggregate (sum/pair_divisor),both,-0.625,-1,-0.875,False,False,2025-07-25
AUDUSD,inflation,-1.5,mixed,constructed aggregate (sum/pair_divisor),both,-0.41666666666666663,0,-1.0833333333333335,False,False,2025-07-25
AUDUSD,labour,-1.0,mixed,constructed aggregate (sum/pair_divisor),both,-0.25,0,-0.75,False,False,2025-07-25
AUDUSD,monetary,0.0,both,direct (single indicator),both,0.0,0,0.0,False,True,2025-07-25
NZDUSD,growth,0.0,both,constructed aggregate (sum/pair_divisor),both,0.0,0,0.0,False,False,2025-07-25
NZDUSD,inflation,0.0,mixed,constructed aggregate (sum/pair_divisor),both,0.25,0,-0.25,False,False,2025-07-25
NZDUSD,labour,0.0,mixed,constructed aggregate (sum/pair_divisor),both,0.08333333333333333,0,-0.08333333333333333,False,False,2025-07-25
NZDUSD,monetary,-1.0,quote_only,direct (single indicator),quote_only,-0.5,0,-0.5,False,True,2025-07-25
EURGBP,growth,2.0,mixed,constructed aggregate (sum/pair_divisor),both,0.75,1,1.25,False,False,2025-07-25
EURGBP,inflation,-1.5,mixed,constructed aggregate (sum/pair_divisor),both,-0.5,0,-1.0,False,False,2025-07-25
EURGBP,labour,0.0,mixed,constructed aggregate (sum/pair_divisor),both,0.0,0,0.0,False,False,2025-07-25
EURGBP,monetary,1.0,both,direct (single indicator),both,0.5,0,0.5,False,True,2025-07-25
EURJPY,growth,1.0,mixed,constructed aggregate (sum/pair_divisor),both,0.5,0,0.5,False,False,2025-07-25
EURJPY,inflation,1.0,mixed,constructed aggregate (sum/pair_divisor),both,0.5,0,0.5,False,False,2025-07-25
EURJPY,labour,1.0,mixed,constructed aggregate (sum/pair_divisor),both,0.5,0,0.5,False,False,2025-07-25
EURJPY,monetary,-1.0,both,direct (single indicator),both,-0.5,0,-0.5,False,True,2025-07-25
EURCHF,growth,0.5,mixed,constructed aggregate (sum/pair_divisor),both,0.25,0,0.25,False,False,2025-07-25
EURCHF,inflation,0.0,mixed,constructed aggregate (sum/pair_divisor),both,0.0,0,0.0,False,False,2025-07-25
EURCHF,labour,0.0,mixed,constructed aggregate (sum/pair_divisor),both,0.0,0,0.0,False,False,2025-07-25
EURCHF,monetary,1.0,base_only,direct (single indicator),base_only,0.5,0,0.5,False,True,2025-07-25
EURAUD,growth,2.0,mixed,constructed aggregate (sum/pair_divisor),both,1.0,1,1.0,False,False,2025-07-25
EURAUD,inflation,0.5,mixed,constructed aggregate (sum/pair_divisor),both,0.16666666666666666,0,0.33333333333333337,False,False,2025-07-25
EURAUD,labour,0.5,mixed,constructed aggregate (sum/pair_divisor),both,0.16666666666666666,0,0.33333333333333337,False,False,2025-07-25
EURAUD,monetary,0.0,both,direct (single indicator),both,0.0,0,0.0,False,True,2025-07-25
EURNZD,growth,0.5,mixed,constructed aggregate (sum/pair_divisor),both,0.375,0,0.125,False,False,2025-07-25
EURNZD,inflation,-1.0,mixed,constructed aggregate (sum/pair_divisor),both,-0.5,0,-0.5,False,False,2025-07-25
EURNZD,labour,-0.5,mixed,constructed aggregate (sum/pair_divisor),both,-0.16666666666666666,0,-0.33333333333333337,False,False,2025-07-25
EURNZD,monetary,1.0,base_only,direct (single indicator),base_only,0.5,0,0.5,False,True,2025-07-25
EURCAD,growth,1.0,mixed,constructed aggregate (sum/pair_divisor),both,0.5,0,0.5,False,False,2025-07-25
EURCAD,inflation,0.0,mixed,constructed aggregate (sum/pair_divisor),both,0.0,0,0.0,False,False,2025-07-25
EURCAD,labour,-1.5,mixed,constructed aggregate (sum/pair_divisor),both,-0.75,-1,-0.75,False,False,2025-07-25
EURCAD,monetary,0.0,both,direct (single indicator),both,0.0,0,0.0,False,True,2025-07-25
GBPJPY,growth,-1.0,mixed,constructed aggregate (sum/pair_divisor),both,-0.25,0,-0.75,False,False,2025-07-25
GBPJPY,inflation,2.5,mixed,constructed aggregate (sum/pair_divisor),both,1.0,1,1.5,False,False,2025-07-25
GBPJPY,labour,1.0,mixed,constructed aggregate (sum/pair_divisor),both,0.5,0,0.5,False,False,2025-07-25
GBPJPY,monetary,-2.0,both,direct (single indicator),both,-1.0,-1,-1.0,False,True,2025-07-25
GBPCHF,growth,-1.5,mixed,constructed aggregate (sum/pair_divisor),both,-0.5,0,-1.0,False,False,2025-07-25
GBPCHF,inflation,1.5,mixed,constructed aggregate (sum/pair_divisor),both,0.5,0,1.0,False,False,2025-07-25
GBPCHF,labour,0.0,mixed,constructed aggregate (sum/pair_divisor),both,0.0,0,0.0,False,False,2025-07-25
GBPCHF,monetary,0.0,base_only,direct (single indicator),base_only,0.0,0,0.0,False,True,2025-07-25
GBPAUD,growth,0.0,mixed,constructed aggregate (sum/pair_divisor),both,0.25,0,-0.25,False,False,2025-07-25
GBPAUD,inflation,2.0,mixed,constructed aggregate (sum/pair_divisor),both,0.6666666666666666,1,1.3333333333333335,False,False,2025-07-25
GBPAUD,labour,0.5,mixed,constructed aggregate (sum/pair_divisor),both,0.16666666666666666,0,0.33333333333333337,False,False,2025-07-25
GBPAUD,monetary,-1.0,both,direct (single indicator),both,-0.5,0,-0.5,False,True,2025-07-25
GBPNZD,growth,-1.5,both,constructed aggregate (sum/pair_divisor),both,-0.375,0,-1.125,False,False,2025-07-25
GBPNZD,inflation,0.5,mixed,constructed aggregate (sum/pair_divisor),both,0.0,0,0.5,False,False,2025-07-25
GBPNZD,labour,-0.5,mixed,constructed aggregate (sum/pair_divisor),both,-0.16666666666666666,0,-0.33333333333333337,False,False,2025-07-25
GBPNZD,monetary,0.0,base_only,direct (single indicator),base_only,0.0,0,0.0,False,True,2025-07-25
GBPCAD,growth,-1.0,mixed,constructed aggregate (sum/pair_divisor),both,-0.25,0,-0.75,False,False,2025-07-25
GBPCAD,inflation,1.5,mixed,constructed aggregate (sum/pair_divisor),both,0.5,0,1.0,False,False,2025-07-25
GBPCAD,labour,-1.5,mixed,constructed aggregate (sum/pair_divisor),both,-0.75,-1,-0.75,False,False,2025-07-25
GBPCAD,monetary,-1.0,both,direct (single indicator),both,-0.5,0,-0.5,False,True,2025-07-25
AUDJPY,growth,-1.0,mixed,constructed aggregate (sum/pair_divisor),both,-0.5,0,-0.5,False,False,2025-07-25
AUDJPY,inflation,0.5,mixed,constructed aggregate (sum/pair_divisor),both,0.33333333333333337,0,0.16666666666666663,False,False,2025-07-25
AUDJPY,labour,0.5,mixed,constructed aggregate (sum/pair_divisor),both,0.33333333333333337,0,0.16666666666666663,False,False,2025-07-25
AUDJPY,monetary,-1.0,both,direct (single indicator),both,-0.5,0,-0.5,False,True,2025-07-25
NZDJPY,growth,0.5,mixed,constructed aggregate (sum/pair_divisor),both,0.125,0,0.375,False,False,2025-07-25
NZDJPY,inflation,2.0,mixed,constructed aggregate (sum/pair_divisor),both,1.0,1,1.0,False,False,2025-07-25
NZDJPY,labour,1.5,mixed,constructed aggregate (sum/pair_divisor),both,0.6666666666666666,1,0.8333333333333334,False,False,2025-07-25
NZDJPY,monetary,-2.0,quote_only,direct (single indicator),quote_only,-1.0,-1,-1.0,False,True,2025-07-25
CADJPY,growth,0.0,mixed,constructed aggregate (sum/pair_divisor),both,0.0,0,0.0,False,False,2025-07-25
CADJPY,inflation,1.0,mixed,constructed aggregate (sum/pair_divisor),both,0.5,0,0.5,False,False,2025-07-25
CADJPY,labour,2.5,mixed,constructed aggregate (sum/pair_divisor),both,1.25,1,1.25,False,False,2025-07-25
CADJPY,monetary,-1.0,both,direct (single indicator),both,-0.5,0,-0.5,False,True,2025-07-25
CHFJPY,growth,0.5,mixed,constructed aggregate (sum/pair_divisor),both,0.25,0,0.25,False,False,2025-07-25
CHFJPY,inflation,1.0,mixed,constructed aggregate (sum/pair_divisor),both,0.5,0,0.5,False,False,2025-07-25
CHFJPY,labour,1.0,mixed,constructed aggregate (sum/pair_divisor),both,0.5,0,0.5,False,False,2025-07-25
CHFJPY,monetary,-2.0,quote_only,direct (single indicator),quote_only,-1.0,-1,-1.0,False,True,2025-07-25
AUDNZD,growth,-1.5,mixed,constructed aggregate (sum/pair_divisor),both,-0.625,-1,-0.875,False,False,2025-07-25
AUDNZD,inflation,-1.5,mixed,constructed aggregate (sum/pair_divisor),both,-0.6666666666666666,-1,-0.8333333333333334,False,False,2025-07-25
AUDNZD,labour,-1.0,mixed,constructed aggregate (sum/pair_divisor),both,-0.3333333333333333,0,-0.6666666666666667,False,False,2025-07-25
AUDNZD,monetary,1.0,base_only,direct (single indicator),base_only,0.5,0,0.5,False,True,2025-07-25
AUDCAD,growth,-1.0,mixed,constructed aggregate (sum/pair_divisor),both,-0.5,0,-0.5,False,False,2025-07-25
AUDCAD,inflation,-0.5,mixed,constructed aggregate (sum/pair_divisor),both,-0.16666666666666666,0,-0.33333333333333337,False,False,2025-07-25
AUDCAD,labour,-2.0,mixed,constructed aggregate (sum/pair_divisor),both,-0.9166666666666666,-1,-1.0833333333333335,False,False,2025-07-25
AUDCAD,monetary,0.0,both,direct (single indicator),both,0.0,0,0.0,False,True,2025-07-25
AUDCHF,growth,-1.5,mixed,constructed aggregate (sum/pair_divisor),both,-0.75,-1,-0.75,False,False,2025-07-25
AUDCHF,inflation,-0.5,mixed,constructed aggregate (sum/pair_divisor),both,-0.16666666666666666,0,-0.33333333333333337,False,False,2025-07-25
AUDCHF,labour,-0.5,mixed,constructed aggregate (sum/pair_divisor),both,-0.16666666666666666,0,-0.33333333333333337,False,False,2025-07-25
AUDCHF,monetary,1.0,base_only,direct (single indicator),base_only,0.5,0,0.5,False,True,2025-07-25
NZDCAD,growth,0.5,mixed,constructed aggregate (sum/pair_divisor),both,0.125,0,0.375,False,False,2025-07-25
NZDCAD,inflation,1.0,mixed,constructed aggregate (sum/pair_divisor),both,0.5,0,0.5,False,False,2025-07-25
NZDCAD,labour,-1.0,mixed,constructed aggregate (sum/pair_divisor),both,-0.5833333333333334,-1,-0.41666666666666663,False,False,2025-07-25
NZDCAD,monetary,-1.0,quote_only,direct (single indicator),quote_only,-0.5,0,-0.5,False,True,2025-07-25
NZDCHF,growth,0.0,mixed,constructed aggregate (sum/pair_divisor),both,-0.125,0,0.125,False,False,2025-07-25
NZDCHF,inflation,1.0,mixed,constructed aggregate (sum/pair_divisor),both,0.5,0,0.5,False,False,2025-07-25
NZDCHF,labour,0.5,mixed,constructed aggregate (sum/pair_divisor),both,0.16666666666666666,0,0.33333333333333337,False,False,2025-07-25
NZDCHF,monetary,,neither,direct (single indicator),neither,0.0,0,,False,True,2025-07-25
CADCHF,growth,-0.5,mixed,constructed aggregate (sum/pair_divisor),both,-0.25,0,-0.25,False,False,2025-07-25
CADCHF,inflation,0.0,mixed,constructed aggregate (sum/pair_divisor),both,0.0,0,0.0,False,False,2025-07-25
CADCHF,labour,1.5,mixed,constructed aggregate (sum/pair_divisor),both,0.75,1,0.75,False,False,2025-07-25
CADCHF,monetary,1.0,base_only,direct (single indicator),base_only,0.5,0,0.5,False,True,2025-07-25
EURUSD,growth,-0.5,mixed,constructed aggregate (sum/pair_divisor),both,-0.125,0,-0.375,False,False,2025-08-01
EURUSD,inflation,0.0,mixed,constructed aggregate (sum/pair_divisor),both,0.0,0,0.0,False,False,2025-08-01
EURUSD,labour,0.5,mixed,constructed aggregate (sum/pair_divisor),both,0.4166666666666667,0,0.08333333333333331,False,False,2025-08-01
EURUSD,monetary,0.0,both,direct (single indicator),both,0.0,0,0.0,False,True,2025-08-01
GBPUSD,growth,-0.5,both,constructed aggregate (sum/pair_divisor),both,-0.125,0,-0.375,False,False,2025-08-01
GBPUSD,inflation,1.5,mixed,constructed aggregate (sum/pair_divisor),both,0.5,0,1.0,False,False,2025-08-01
GBPUSD,labour,-0.5,mixed,constructed aggregate (sum/pair_divisor),both,-0.08333333333333333,0,-0.4166666666666667,False,False,2025-08-01
GBPUSD,monetary,0.0,both,direct (single indicator),both,0.0,0,0.0,False,True,2025-08-01
USDJPY,growth,0.5,mixed,constructed aggregate (sum/pair_divisor),both,0.125,0,0.375,False,False,2025-08-01
USDJPY,inflation,1.0,mixed,constructed aggregate (sum/pair_divisor),both,0.5,0,0.5,False,False,2025-08-01
USDJPY,labour,1.5,mixed,constructed aggregate (sum/pair_divisor),both,0.5833333333333334,1,0.9166666666666666,False,False,2025-08-01
USDJPY,monetary,-1.0,both,direct (single indicator),both,-0.5,0,-0.5,False,True,2025-08-01
USDCHF,growth,-1.0,mixed,constructed aggregate (sum/pair_divisor),both,-0.625,-1,-0.375,False,False,2025-08-01
USDCHF,inflation,0.0,mixed,constructed aggregate (sum/pair_divisor),both,0.0,0,0.0,False,False,2025-08-01
USDCHF,labour,0.5,mixed,constructed aggregate (sum/pair_divisor),both,0.08333333333333333,0,0.4166666666666667,False,False,2025-08-01
USDCHF,monetary,0.0,base_only,direct (single indicator),base_only,0.0,0,0.0,False,True,2025-08-01
USDCAD,growth,0.5,mixed,constructed aggregate (sum/pair_divisor),both,0.125,0,0.375,False,False,2025-08-01
USDCAD,inflation,0.0,mixed,constructed aggregate (sum/pair_divisor),both,0.0,0,0.0,False,False,2025-08-01
USDCAD,labour,-1.0,mixed,constructed aggregate (sum/pair_divisor),both,-0.6666666666666666,-1,-0.33333333333333337,False,False,2025-08-01
USDCAD,monetary,0.0,both,direct (single indicator),both,0.0,0,0.0,False,True,2025-08-01
AUDUSD,growth,-0.5,mixed,constructed aggregate (sum/pair_divisor),both,-0.125,0,-0.375,False,False,2025-08-01
AUDUSD,inflation,-0.5,mixed,constructed aggregate (sum/pair_divisor),both,-0.16666666666666666,0,-0.33333333333333337,False,False,2025-08-01
AUDUSD,labour,-1.0,mixed,constructed aggregate (sum/pair_divisor),both,-0.25,0,-0.75,False,False,2025-08-01
AUDUSD,monetary,1.0,both,direct (single indicator),both,0.5,0,0.5,False,True,2025-08-01
NZDUSD,growth,0.0,both,constructed aggregate (sum/pair_divisor),both,0.0,0,0.0,False,False,2025-08-01
NZDUSD,inflation,1.0,mixed,constructed aggregate (sum/pair_divisor),both,0.5,0,0.5,False,False,2025-08-01
NZDUSD,labour,0.0,mixed,constructed aggregate (sum/pair_divisor),both,0.08333333333333333,0,-0.08333333333333333,False,False,2025-08-01
NZDUSD,monetary,0.0,quote_only,direct (single indicator),quote_only,0.0,0,0.0,False,True,2025-08-01
EURGBP,growth,0.0,mixed,constructed aggregate (sum/pair_divisor),both,0.0,0,0.0,False,False,2025-08-01
EURGBP,inflation,-1.5,mixed,constructed aggregate (sum/pair_divisor),both,-0.5,0,-1.0,False,False,2025-08-01
EURGBP,labour,1.0,mixed,constructed aggregate (sum/pair_divisor),both,0.5,0,0.5,False,False,2025-08-01
EURGBP,monetary,0.0,both,direct (single indicator),both,0.0,0,0.0,False,True,2025-08-01
EURJPY,growth,0.0,mixed,constructed aggregate (sum/pair_divisor),both,0.0,0,0.0,False,False,2025-08-01
EURJPY,inflation,1.0,mixed,constructed aggregate (sum/pair_divisor),both,0.5,0,0.5,False,False,2025-08-01
EURJPY,labour,2.0,mixed,constructed aggregate (sum/pair_divisor),both,1.0,1,1.0,False,False,2025-08-01
EURJPY,monetary,-1.0,both,direct (single indicator),both,-0.5,0,-0.5,False,True,2025-08-01
EURCHF,growth,-1.5,mixed,constructed aggregate (sum/pair_divisor),both,-0.75,-1,-0.75,False,False,2025-08-01
EURCHF,inflation,0.0,mixed,constructed aggregate (sum/pair_divisor),both,0.0,0,0.0,False,False,2025-08-01
EURCHF,labour,1.0,mixed,constructed aggregate (sum/pair_divisor),both,0.5,0,0.5,False,False,2025-08-01
EURCHF,monetary,0.0,base_only,direct (single indicator),base_only,0.0,0,0.0,False,True,2025-08-01
EURAUD,growth,0.0,mixed,constructed aggregate (sum/pair_divisor),both,0.0,0,0.0,False,False,2025-08-01
EURAUD,inflation,0.5,mixed,constructed aggregate (sum/pair_divisor),both,0.16666666666666666,0,0.33333333333333337,False,False,2025-08-01
EURAUD,labour,1.5,mixed,constructed aggregate (sum/pair_divisor),both,0.6666666666666666,1,0.8333333333333334,False,False,2025-08-01
EURAUD,monetary,-1.0,both,direct (single indicator),both,-0.5,0,-0.5,False,True,2025-08-01
EURNZD,growth,-0.5,mixed,constructed aggregate (sum/pair_divisor),both,-0.125,0,-0.375,False,False,2025-08-01
EURNZD,inflation,-1.0,mixed,constructed aggregate (sum/pair_divisor),both,-0.5,0,-0.5,False,False,2025-08-01
EURNZD,labour,0.5,mixed,constructed aggregate (sum/pair_divisor),both,0.33333333333333337,0,0.16666666666666663,False,False,2025-08-01
EURNZD,monetary,0.0,base_only,direct (single indicator),base_only,0.0,0,0.0,False,True,2025-08-01
EURCAD,growth,0.0,mixed,constructed aggregate (sum/pair_divisor),both,0.0,0,0.0,False,False,2025-08-01
EURCAD,inflation,0.0,mixed,constructed aggregate (sum/pair_divisor),both,0.0,0,0.0,False,False,2025-08-01
EURCAD,labour,-0.5,mixed,constructed aggregate (sum/pair_divisor),both,-0.25,0,-0.25,False,False,2025-08-01
EURCAD,monetary,0.0,both,direct (single indicator),both,0.0,0,0.0,False,True,2025-08-01
GBPJPY,growth,0.0,mixed,constructed aggregate (sum/pair_divisor),both,0.0,0,0.0,False,False,2025-08-01
GBPJPY,inflation,2.5,mixed,constructed aggregate (sum/pair_divisor),both,1.0,1,1.5,False,False,2025-08-01
GBPJPY,labour,1.0,mixed,constructed aggregate (sum/pair_divisor),both,0.5,0,0.5,False,False,2025-08-01
GBPJPY,monetary,-1.0,both,direct (single indicator),both,-0.5,0,-0.5,False,True,2025-08-01
GBPCHF,growth,-1.5,mixed,constructed aggregate (sum/pair_divisor),both,-0.75,-1,-0.75,False,False,2025-08-01
GBPCHF,inflation,1.5,mixed,constructed aggregate (sum/pair_divisor),both,0.5,0,1.0,False,False,2025-08-01
GBPCHF,labour,0.0,mixed,constructed aggregate (sum/pair_divisor),both,0.0,0,0.0,False,False,2025-08-01
GBPCHF,monetary,0.0,base_only,direct (single indicator),base_only,0.0,0,0.0,False,True,2025-08-01
GBPAUD,growth,0.0,mixed,constructed aggregate (sum/pair_divisor),both,0.0,0,0.0,False,False,2025-08-01
GBPAUD,inflation,2.0,mixed,constructed aggregate (sum/pair_divisor),both,0.6666666666666666,1,1.3333333333333335,False,False,2025-08-01
GBPAUD,labour,0.5,mixed,constructed aggregate (sum/pair_divisor),both,0.16666666666666666,0,0.33333333333333337,False,False,2025-08-01
GBPAUD,monetary,-1.0,both,direct (single indicator),both,-0.5,0,-0.5,False,True,2025-08-01
GBPNZD,growth,-0.5,both,constructed aggregate (sum/pair_divisor),both,-0.125,0,-0.375,False,False,2025-08-01
GBPNZD,inflation,0.5,mixed,constructed aggregate (sum/pair_divisor),both,0.0,0,0.5,False,False,2025-08-01
GBPNZD,labour,-0.5,mixed,constructed aggregate (sum/pair_divisor),both,-0.16666666666666666,0,-0.33333333333333337,False,False,2025-08-01
GBPNZD,monetary,0.0,base_only,direct (single indicator),base_only,0.0,0,0.0,False,True,2025-08-01
GBPCAD,growth,0.0,mixed,constructed aggregate (sum/pair_divisor),both,0.0,0,0.0,False,False,2025-08-01
GBPCAD,inflation,1.5,mixed,constructed aggregate (sum/pair_divisor),both,0.5,0,1.0,False,False,2025-08-01
GBPCAD,labour,-1.5,mixed,constructed aggregate (sum/pair_divisor),both,-0.75,-1,-0.75,False,False,2025-08-01
GBPCAD,monetary,0.0,both,direct (single indicator),both,0.0,0,0.0,False,True,2025-08-01
AUDJPY,growth,0.0,mixed,constructed aggregate (sum/pair_divisor),both,0.0,0,0.0,False,False,2025-08-01
AUDJPY,inflation,0.5,mixed,constructed aggregate (sum/pair_divisor),both,0.33333333333333337,0,0.16666666666666663,False,False,2025-08-01
AUDJPY,labour,0.5,mixed,constructed aggregate (sum/pair_divisor),both,0.33333333333333337,0,0.16666666666666663,False,False,2025-08-01
AUDJPY,monetary,0.0,both,direct (single indicator),both,0.0,0,0.0,False,True,2025-08-01
NZDJPY,growth,0.5,mixed,constructed aggregate (sum/pair_divisor),both,0.125,0,0.375,False,False,2025-08-01
NZDJPY,inflation,2.0,mixed,constructed aggregate (sum/pair_divisor),both,1.0,1,1.0,False,False,2025-08-01
NZDJPY,labour,1.5,mixed,constructed aggregate (sum/pair_divisor),both,0.6666666666666666,1,0.8333333333333334,False,False,2025-08-01
NZDJPY,monetary,-1.0,quote_only,direct (single indicator),quote_only,-0.5,0,-0.5,False,True,2025-08-01
CADJPY,growth,0.0,mixed,constructed aggregate (sum/pair_divisor),both,0.0,0,0.0,False,False,2025-08-01
CADJPY,inflation,1.0,mixed,constructed aggregate (sum/pair_divisor),both,0.5,0,0.5,False,False,2025-08-01
CADJPY,labour,2.5,mixed,constructed aggregate (sum/pair_divisor),both,1.25,1,1.25,False,False,2025-08-01
CADJPY,monetary,-1.0,both,direct (single indicator),both,-0.5,0,-0.5,False,True,2025-08-01
CHFJPY,growth,1.5,mixed,constructed aggregate (sum/pair_divisor),both,0.75,1,0.75,False,False,2025-08-01
CHFJPY,inflation,1.0,mixed,constructed aggregate (sum/pair_divisor),both,0.5,0,0.5,False,False,2025-08-01
CHFJPY,labour,1.0,mixed,constructed aggregate (sum/pair_divisor),both,0.5,0,0.5,False,False,2025-08-01
CHFJPY,monetary,-1.0,quote_only,direct (single indicator),quote_only,-0.5,0,-0.5,False,True,2025-08-01
AUDNZD,growth,-0.5,mixed,constructed aggregate (sum/pair_divisor),both,-0.125,0,-0.375,False,False,2025-08-01
AUDNZD,inflation,-1.5,mixed,constructed aggregate (sum/pair_divisor),both,-0.6666666666666666,-1,-0.8333333333333334,False,False,2025-08-01
AUDNZD,labour,-1.0,mixed,constructed aggregate (sum/pair_divisor),both,-0.3333333333333333,0,-0.6666666666666667,False,False,2025-08-01
AUDNZD,monetary,1.0,base_only,direct (single indicator),base_only,0.5,0,0.5,False,True,2025-08-01
AUDCAD,growth,0.0,mixed,constructed aggregate (sum/pair_divisor),both,0.0,0,0.0,False,False,2025-08-01
AUDCAD,inflation,-0.5,mixed,constructed aggregate (sum/pair_divisor),both,-0.16666666666666666,0,-0.33333333333333337,False,False,2025-08-01
AUDCAD,labour,-2.0,mixed,constructed aggregate (sum/pair_divisor),both,-0.9166666666666666,-1,-1.0833333333333335,False,False,2025-08-01
AUDCAD,monetary,1.0,both,direct (single indicator),both,0.5,0,0.5,False,True,2025-08-01
AUDCHF,growth,-1.5,mixed,constructed aggregate (sum/pair_divisor),both,-0.75,-1,-0.75,False,False,2025-08-01
AUDCHF,inflation,-0.5,mixed,constructed aggregate (sum/pair_divisor),both,-0.16666666666666666,0,-0.33333333333333337,False,False,2025-08-01
AUDCHF,labour,-0.5,mixed,constructed aggregate (sum/pair_divisor),both,-0.16666666666666666,0,-0.33333333333333337,False,False,2025-08-01
AUDCHF,monetary,1.0,base_only,direct (single indicator),base_only,0.5,0,0.5,False,True,2025-08-01
NZDCAD,growth,0.5,mixed,constructed aggregate (sum/pair_divisor),both,0.125,0,0.375,False,False,2025-08-01
NZDCAD,inflation,1.0,mixed,constructed aggregate (sum/pair_divisor),both,0.5,0,0.5,False,False,2025-08-01
NZDCAD,labour,-1.0,mixed,constructed aggregate (sum/pair_divisor),both,-0.5833333333333334,-1,-0.41666666666666663,False,False,2025-08-01
NZDCAD,monetary,0.0,quote_only,direct (single indicator),quote_only,0.0,0,0.0,False,True,2025-08-01
NZDCHF,growth,-1.0,mixed,constructed aggregate (sum/pair_divisor),both,-0.625,-1,-0.375,False,False,2025-08-01
NZDCHF,inflation,1.0,mixed,constructed aggregate (sum/pair_divisor),both,0.5,0,0.5,False,False,2025-08-01
NZDCHF,labour,0.5,mixed,constructed aggregate (sum/pair_divisor),both,0.16666666666666666,0,0.33333333333333337,False,False,2025-08-01
NZDCHF,monetary,,neither,direct (single indicator),neither,0.0,0,,False,True,2025-08-01
CADCHF,growth,-1.5,mixed,constructed aggregate (sum/pair_divisor),both,-0.75,-1,-0.75,False,False,2025-08-01
CADCHF,inflation,0.0,mixed,constructed aggregate (sum/pair_divisor),both,0.0,0,0.0,False,False,2025-08-01
CADCHF,labour,1.5,mixed,constructed aggregate (sum/pair_divisor),both,0.75,1,0.75,False,False,2025-08-01
CADCHF,monetary,0.0,base_only,direct (single indicator),base_only,0.0,0,0.0,False,True,2025-08-01
EURUSD,growth,0.5,mixed,constructed aggregate (sum/pair_divisor),both,0.125,0,0.375,False,False,2025-08-08
EURUSD,inflation,0.5,mixed,constructed aggregate (sum/pair_divisor),both,0.16666666666666666,0,0.33333333333333337,False,False,2025-08-08
EURUSD,labour,1.0,mixed,constructed aggregate (sum/pair_divisor),both,0.5,0,0.5,False,False,2025-08-08
EURUSD,monetary,0.0,both,direct (single indicator),both,0.0,0,0.0,False,True,2025-08-08
GBPUSD,growth,-0.5,both,constructed aggregate (sum/pair_divisor),both,-0.125,0,-0.375,False,False,2025-08-08
GBPUSD,inflation,1.5,mixed,constructed aggregate (sum/pair_divisor),both,0.5,0,1.0,False,False,2025-08-08
GBPUSD,labour,0.0,mixed,constructed aggregate (sum/pair_divisor),both,0.0,0,0.0,False,False,2025-08-08
GBPUSD,monetary,0.0,both,direct (single indicator),both,0.0,0,0.0,False,True,2025-08-08
USDJPY,growth,-0.5,mixed,constructed aggregate (sum/pair_divisor),both,-0.125,0,-0.375,False,False,2025-08-08
USDJPY,inflation,1.0,mixed,constructed aggregate (sum/pair_divisor),both,0.5,0,0.5,False,False,2025-08-08
USDJPY,labour,0.5,mixed,constructed aggregate (sum/pair_divisor),both,0.25,0,0.25,False,False,2025-08-08
USDJPY,monetary,0.0,both,direct (single indicator),both,0.0,0,0.0,False,True,2025-08-08
USDCHF,growth,-2.0,mixed,constructed aggregate (sum/pair_divisor),both,-0.875,-1,-1.125,False,False,2025-08-08
USDCHF,inflation,0.0,mixed,constructed aggregate (sum/pair_divisor),both,0.0,0,0.0,False,False,2025-08-08
USDCHF,labour,0.0,mixed,constructed aggregate (sum/pair_divisor),both,0.0,0,0.0,False,False,2025-08-08
USDCHF,monetary,0.0,base_only,direct (single indicator),base_only,0.0,0,0.0,False,True,2025-08-08
USDCAD,growth,-0.5,mixed,constructed aggregate (sum/pair_divisor),both,-0.125,0,-0.375,False,False,2025-08-08
USDCAD,inflation,0.0,mixed,constructed aggregate (sum/pair_divisor),both,0.0,0,0.0,False,False,2025-08-08
USDCAD,labour,-1.5,mixed,constructed aggregate (sum/pair_divisor),both,-0.75,-1,-0.75,False,False,2025-08-08
USDCAD,monetary,0.0,both,direct (single indicator),both,0.0,0,0.0,False,True,2025-08-08
AUDUSD,growth,0.5,mixed,constructed aggregate (sum/pair_divisor),both,0.125,0,0.375,False,False,2025-08-08
AUDUSD,inflation,-0.5,mixed,constructed aggregate (sum/pair_divisor),both,-0.16666666666666666,0,-0.33333333333333337,False,False,2025-08-08
AUDUSD,labour,-0.5,mixed,constructed aggregate (sum/pair_divisor),both,-0.16666666666666666,0,-0.33333333333333337,False,False,2025-08-08
AUDUSD,monetary,0.0,both,direct (single indicator),both,0.0,0,0.0,False,True,2025-08-08
NZDUSD,growth,1.0,both,constructed aggregate (sum/pair_divisor),both,0.25,0,0.75,False,False,2025-08-08
NZDUSD,inflation,1.0,mixed,constructed aggregate (sum/pair_divisor),both,0.5,0,0.5,False,False,2025-08-08
NZDUSD,labour,0.0,mixed,constructed aggregate (sum/pair_divisor),both,0.0,0,0.0,False,False,2025-08-08
NZDUSD,monetary,0.0,quote_only,direct (single indicator),quote_only,0.0,0,0.0,False,True,2025-08-08
EURGBP,growth,1.0,mixed,constructed aggregate (sum/pair_divisor),both,0.25,0,0.75,False,False,2025-08-08
EURGBP,inflation,-1.0,mixed,constructed aggregate (sum/pair_divisor),both,-0.33333333333333337,0,-0.6666666666666666,False,False,2025-08-08
EURGBP,labour,1.0,mixed,constructed aggregate (sum/pair_divisor),both,0.5,0,0.5,False,False,2025-08-08
EURGBP,monetary,0.0,both,direct (single indicator),both,0.0,0,0.0,False,True,2025-08-08
EURJPY,growth,0.0,mixed,constructed aggregate (sum/pair_divisor),both,0.0,0,0.0,False,False,2025-08-08
EURJPY,inflation,1.5,mixed,constructed aggregate (sum/pair_divisor),both,0.6666666666666666,1,0.8333333333333334,False,False,2025-08-08
EURJPY,labour,1.5,mixed,constructed aggregate (sum/pair_divisor),both,0.75,1,0.75,False,False,2025-08-08
EURJPY,monetary,0.0,both,direct (single indicator),both,0.0,0,0.0,False,True,2025-08-08
EURCHF,growth,-1.5,mixed,constructed aggregate (sum/pair_divisor),both,-0.75,-1,-0.75,False,False,2025-08-08
EURCHF,inflation,0.5,mixed,constructed aggregate (sum/pair_divisor),both,0.16666666666666666,0,0.33333333333333337,False,False,2025-08-08
EURCHF,labour,1.0,mixed,constructed aggregate (sum/pair_divisor),both,0.5,0,0.5,False,False,2025-08-08
EURCHF,monetary,0.0,base_only,direct (single indicator),base_only,0.0,0,0.0,False,True,2025-08-08
EURAUD,growth,0.0,mixed,constructed aggregate (sum/pair_divisor),both,0.0,0,0.0,False,False,2025-08-08
EURAUD,inflation,1.0,mixed,constructed aggregate (sum/pair_divisor),both,0.3333333333333333,0,0.6666666666666667,False,False,2025-08-08
EURAUD,labour,1.5,mixed,constructed aggregate (sum/pair_divisor),both,0.6666666666666666,1,0.8333333333333334,False,False,2025-08-08
EURAUD,monetary,0.0,both,direct (single indicator),both,0.0,0,0.0,False,True,2025-08-08
EURNZD,growth,-0.5,mixed,constructed aggregate (sum/pair_divisor),both,-0.125,0,-0.375,False,False,2025-08-08
EURNZD,inflation,-0.5,mixed,constructed aggregate (sum/pair_divisor),both,-0.33333333333333337,0,-0.16666666666666663,False,False,2025-08-08
EURNZD,labour,1.0,mixed,constructed aggregate (sum/pair_divisor),both,0.5,0,0.5,False,False,2025-08-08
EURNZD,monetary,0.0,base_only,direct (single indicator),base_only,0.0,0,0.0,False,True,2025-08-08
EURCAD,growth,0.0,mixed,constructed aggregate (sum/pair_divisor),both,0.0,0,0.0,False,False,2025-08-08
EURCAD,inflation,0.5,mixed,constructed aggregate (sum/pair_divisor),both,0.16666666666666666,0,0.33333333333333337,False,False,2025-08-08
EURCAD,labour,-0.5,mixed,constructed aggregate (sum/pair_divisor),both,-0.25,0,-0.25,False,False,2025-08-08
EURCAD,monetary,0.0,both,direct (single indicator),both,0.0,0,0.0,False,True,2025-08-08
GBPJPY,growth,-1.0,mixed,constructed aggregate (sum/pair_divisor),both,-0.25,0,-0.75,False,False,2025-08-08
GBPJPY,inflation,2.5,mixed,constructed aggregate (sum/pair_divisor),both,1.0,1,1.5,False,False,2025-08-08
GBPJPY,labour,0.5,mixed,constructed aggregate (sum/pair_divisor),both,0.25,0,0.25,False,False,2025-08-08
GBPJPY,monetary,0.0,both,direct (single indicator),both,0.0,0,0.0,False,True,2025-08-08
GBPCHF,growth,-2.5,mixed,constructed aggregate (sum/pair_divisor),both,-1.0,-1,-1.5,False,False,2025-08-08
GBPCHF,inflation,1.5,mixed,constructed aggregate (sum/pair_divisor),both,0.5,0,1.0,False,False,2025-08-08
GBPCHF,labour,0.0,mixed,constructed aggregate (sum/pair_divisor),both,0.0,0,0.0,False,False,2025-08-08
GBPCHF,monetary,0.0,base_only,direct (single indicator),base_only,0.0,0,0.0,False,True,2025-08-08
GBPAUD,growth,-1.0,mixed,constructed aggregate (sum/pair_divisor),both,-0.25,0,-0.75,False,False,2025-08-08
GBPAUD,inflation,2.0,mixed,constructed aggregate (sum/pair_divisor),both,0.6666666666666666,1,1.3333333333333335,False,False,2025-08-08
GBPAUD,labour,0.5,mixed,constructed aggregate (sum/pair_divisor),both,0.16666666666666666,0,0.33333333333333337,False,False,2025-08-08
GBPAUD,monetary,0.0,both,direct (single indicator),both,0.0,0,0.0,False,True,2025-08-08
GBPNZD,growth,-1.5,both,constructed aggregate (sum/pair_divisor),both,-0.375,0,-1.125,False,False,2025-08-08
GBPNZD,inflation,0.5,mixed,constructed aggregate (sum/pair_divisor),both,0.0,0,0.5,False,False,2025-08-08
GBPNZD,labour,0.0,mixed,constructed aggregate (sum/pair_divisor),both,0.0,0,0.0,False,False,2025-08-08
GBPNZD,monetary,0.0,base_only,direct (single indicator),base_only,0.0,0,0.0,False,True,2025-08-08
GBPCAD,growth,-1.0,mixed,constructed aggregate (sum/pair_divisor),both,-0.25,0,-0.75,False,False,2025-08-08
GBPCAD,inflation,1.5,mixed,constructed aggregate (sum/pair_divisor),both,0.5,0,1.0,False,False,2025-08-08
GBPCAD,labour,-1.5,mixed,constructed aggregate (sum/pair_divisor),both,-0.75,-1,-0.75,False,False,2025-08-08
GBPCAD,monetary,0.0,both,direct (single indicator),both,0.0,0,0.0,False,True,2025-08-08
AUDJPY,growth,0.0,mixed,constructed aggregate (sum/pair_divisor),both,0.0,0,0.0,False,False,2025-08-08
AUDJPY,inflation,0.5,mixed,constructed aggregate (sum/pair_divisor),both,0.33333333333333337,0,0.16666666666666663,False,False,2025-08-08
AUDJPY,labour,0.0,mixed,constructed aggregate (sum/pair_divisor),both,0.08333333333333334,0,-0.08333333333333334,False,False,2025-08-08
AUDJPY,monetary,0.0,both,direct (single indicator),both,0.0,0,0.0,False,True,2025-08-08
NZDJPY,growth,0.5,mixed,constructed aggregate (sum/pair_divisor),both,0.125,0,0.375,False,False,2025-08-08
NZDJPY,inflation,2.0,mixed,constructed aggregate (sum/pair_divisor),both,1.0,1,1.0,False,False,2025-08-08
NZDJPY,labour,0.5,mixed,constructed aggregate (sum/pair_divisor),both,0.25,0,0.25,False,False,2025-08-08
NZDJPY,monetary,0.0,quote_only,direct (single indicator),quote_only,0.0,0,0.0,False,True,2025-08-08
CADJPY,growth,0.0,mixed,constructed aggregate (sum/pair_divisor),both,0.0,0,0.0,False,False,2025-08-08
CADJPY,inflation,1.0,mixed,constructed aggregate (sum/pair_divisor),both,0.5,0,0.5,False,False,2025-08-08
CADJPY,labour,2.0,mixed,constructed aggregate (sum/pair_divisor),both,1.0,1,1.0,False,False,2025-08-08
CADJPY,monetary,0.0,both,direct (single indicator),both,0.0,0,0.0,False,True,2025-08-08
CHFJPY,growth,1.5,mixed,constructed aggregate (sum/pair_divisor),both,0.75,1,0.75,False,False,2025-08-08
CHFJPY,inflation,1.0,mixed,constructed aggregate (sum/pair_divisor),both,0.5,0,0.5,False,False,2025-08-08
CHFJPY,labour,0.5,mixed,constructed aggregate (sum/pair_divisor),both,0.25,0,0.25,False,False,2025-08-08
CHFJPY,monetary,0.0,quote_only,direct (single indicator),quote_only,0.0,0,0.0,False,True,2025-08-08
AUDNZD,growth,-0.5,mixed,constructed aggregate (sum/pair_divisor),both,-0.125,0,-0.375,False,False,2025-08-08
AUDNZD,inflation,-1.5,mixed,constructed aggregate (sum/pair_divisor),both,-0.6666666666666666,-1,-0.8333333333333334,False,False,2025-08-08
AUDNZD,labour,-0.5,mixed,constructed aggregate (sum/pair_divisor),both,-0.16666666666666666,0,-0.33333333333333337,False,False,2025-08-08
AUDNZD,monetary,0.0,base_only,direct (single indicator),base_only,0.0,0,0.0,False,True,2025-08-08
AUDCAD,growth,0.0,mixed,constructed aggregate (sum/pair_divisor),both,0.0,0,0.0,False,False,2025-08-08
AUDCAD,inflation,-0.5,mixed,constructed aggregate (sum/pair_divisor),both,-0.16666666666666666,0,-0.33333333333333337,False,False,2025-08-08
AUDCAD,labour,-2.0,mixed,constructed aggregate (sum/pair_divisor),both,-0.9166666666666666,-1,-1.0833333333333335,False,False,2025-08-08
AUDCAD,monetary,0.0,both,direct (single indicator),both,0.0,0,0.0,False,True,2025-08-08
AUDCHF,growth,-1.5,mixed,constructed aggregate (sum/pair_divisor),both,-0.75,-1,-0.75,False,False,2025-08-08
AUDCHF,inflation,-0.5,mixed,constructed aggregate (sum/pair_divisor),both,-0.16666666666666666,0,-0.33333333333333337,False,False,2025-08-08
AUDCHF,labour,-0.5,mixed,constructed aggregate (sum/pair_divisor),both,-0.16666666666666666,0,-0.33333333333333337,False,False,2025-08-08
AUDCHF,monetary,0.0,base_only,direct (single indicator),base_only,0.0,0,0.0,False,True,2025-08-08
NZDCAD,growth,0.5,mixed,constructed aggregate (sum/pair_divisor),both,0.125,0,0.375,False,False,2025-08-08
NZDCAD,inflation,1.0,mixed,constructed aggregate (sum/pair_divisor),both,0.5,0,0.5,False,False,2025-08-08
NZDCAD,labour,-1.5,mixed,constructed aggregate (sum/pair_divisor),both,-0.75,-1,-0.75,False,False,2025-08-08
NZDCAD,monetary,0.0,quote_only,direct (single indicator),quote_only,0.0,0,0.0,False,True,2025-08-08
NZDCHF,growth,-1.0,mixed,constructed aggregate (sum/pair_divisor),both,-0.625,-1,-0.375,False,False,2025-08-08
NZDCHF,inflation,1.0,mixed,constructed aggregate (sum/pair_divisor),both,0.5,0,0.5,False,False,2025-08-08
NZDCHF,labour,0.0,mixed,constructed aggregate (sum/pair_divisor),both,0.0,0,0.0,False,False,2025-08-08
NZDCHF,monetary,,neither,direct (single indicator),neither,0.0,0,,False,True,2025-08-08
CADCHF,growth,-1.5,mixed,constructed aggregate (sum/pair_divisor),both,-0.75,-1,-0.75,False,False,2025-08-08
CADCHF,inflation,0.0,mixed,constructed aggregate (sum/pair_divisor),both,0.0,0,0.0,False,False,2025-08-08
CADCHF,labour,1.5,mixed,constructed aggregate (sum/pair_divisor),both,0.75,1,0.75,False,False,2025-08-08
CADCHF,monetary,0.0,base_only,direct (single indicator),base_only,0.0,0,0.0,False,True,2025-08-08
EURUSD,growth,0.5,mixed,constructed aggregate (sum/pair_divisor),both,0.125,0,0.375,False,False,2025-08-15
EURUSD,inflation,1.0,mixed,constructed aggregate (sum/pair_divisor),both,0.3333333333333333,0,0.6666666666666667,False,False,2025-08-15
EURUSD,labour,0.5,mixed,constructed aggregate (sum/pair_divisor),both,0.25,0,0.25,False,False,2025-08-15
EURUSD,monetary,2.0,both,direct (single indicator),both,1.0,1,1.0,False,True,2025-08-15
GBPUSD,growth,1.5,both,constructed aggregate (sum/pair_divisor),both,0.375,0,1.125,False,False,2025-08-15
GBPUSD,inflation,2.0,mixed,constructed aggregate (sum/pair_divisor),both,0.6666666666666666,1,1.3333333333333335,False,False,2025-08-15
GBPUSD,labour,-0.5,mixed,constructed aggregate (sum/pair_divisor),both,-0.16666666666666666,0,-0.33333333333333337,False,False,2025-08-15
GBPUSD,monetary,1.0,both,direct (single indicator),both,0.5,0,0.5,False,True,2025-08-15
USDJPY,growth,-0.5,mixed,constructed aggregate (sum/pair_divisor),both,-0.125,0,-0.375,False,False,2025-08-15
USDJPY,inflation,0.5,mixed,constructed aggregate (sum/pair_divisor),both,0.33333333333333337,0,0.16666666666666663,False,False,2025-08-15
USDJPY,labour,0.5,mixed,constructed aggregate (sum/pair_divisor),both,0.25,0,0.25,False,False,2025-08-15
USDJPY,monetary,-1.0,both,direct (single indicator),both,-0.5,0,-0.5,False,True,2025-08-15
USDCHF,growth,-2.0,mixed,constructed aggregate (sum/pair_divisor),both,-0.875,-1,-1.125,False,False,2025-08-15
USDCHF,inflation,-0.5,mixed,constructed aggregate (sum/pair_divisor),both,-0.16666666666666666,0,-0.33333333333333337,False,False,2025-08-15
USDCHF,labour,0.0,mixed,constructed aggregate (sum/pair_divisor),both,0.0,0,0.0,False,False,2025-08-15
USDCHF,monetary,-1.0,base_only,direct (single indicator),base_only,-0.5,0,-0.5,False,True,2025-08-15
USDCAD,growth,-0.5,mixed,constructed aggregate (sum/pair_divisor),both,-0.125,0,-0.375,False,False,2025-08-15
USDCAD,inflation,-0.5,mixed,constructed aggregate (sum/pair_divisor),both,-0.16666666666666666,0,-0.33333333333333337,False,False,2025-08-15
USDCAD,labour,0.5,mixed,constructed aggregate (sum/pair_divisor),both,0.25,0,0.25,False,False,2025-08-15
USDCAD,monetary,-1.0,both,direct (single indicator),both,-0.5,0,-0.5,False,True,2025-08-15
AUDUSD,growth,0.5,mixed,constructed aggregate (sum/pair_divisor),both,0.125,0,0.375,False,False,2025-08-15
AUDUSD,inflation,0.0,mixed,constructed aggregate (sum/pair_divisor),both,0.0,0,0.0,False,False,2025-08-15
AUDUSD,labour,0.0,mixed,constructed aggregate (sum/pair_divisor),both,0.0,0,0.0,False,False,2025-08-15
AUDUSD,monetary,1.0,both,direct (single indicator),both,0.5,0,0.5,False,True,2025-08-15
NZDUSD,growth,1.0,both,constructed aggregate (sum/pair_divisor),both,0.25,0,0.75,False,False,2025-08-15
NZDUSD,inflation,1.5,mixed,constructed aggregate (sum/pair_divisor),both,0.6666666666666666,1,0.8333333333333334,False,False,2025-08-15
NZDUSD,labour,0.0,mixed,constructed aggregate (sum/pair_divisor),both,0.0,0,0.0,False,False,2025-08-15
NZDUSD,monetary,1.0,quote_only,direct (single indicator),quote_only,0.5,0,0.5,False,True,2025-08-15
EURGBP,growth,-1.0,mixed,constructed aggregate (sum/pair_divisor),both,-0.25,0,-0.75,False,False,2025-08-15
EURGBP,inflation,-1.0,mixed,constructed aggregate (sum/pair_divisor),both,-0.33333333333333337,0,-0.6666666666666666,False,False,2025-08-15
EURGBP,labour,1.0,mixed,constructed aggregate (sum/pair_divisor),both,0.41666666666666663,0,0.5833333333333334,False,False,2025-08-15
EURGBP,monetary,1.0,both,direct (single indicator),both,0.5,0,0.5,False,True,2025-08-15
EURJPY,growth,0.0,mixed,constructed aggregate (sum/pair_divisor),both,0.0,0,0.0,False,False,2025-08-15
EURJPY,inflation,1.5,mixed,constructed aggregate (sum/pair_divisor),both,0.6666666666666666,1,0.8333333333333334,False,False,2025-08-15
EURJPY,labour,1.0,mixed,constructed aggregate (sum/pair_divisor),both,0.5,0,0.5,False,False,2025-08-15
EURJPY,monetary,1.0,both,direct (single indicator),both,0.5,0,0.5,False,True,2025-08-15
EURCHF,growth,-1.5,mixed,constructed aggregate (sum/pair_divisor),both,-0.75,-1,-0.75,False,False,2025-08-15
EURCHF,inflation,0.5,mixed,constructed aggregate (sum/pair_divisor),both,0.16666666666666666,0,0.33333333333333337,False,False,2025-08-15
EURCHF,labour,0.5,mixed,constructed aggregate (sum/pair_divisor),both,0.25,0,0.25,False,False,2025-08-15
EURCHF,monetary,1.0,base_only,direct (single indicator),base_only,0.5,0,0.5,False,True,2025-08-15
EURAUD,growth,0.0,mixed,constructed aggregate (sum/pair_divisor),both,0.0,0,0.0,False,False,2025-08-15
EURAUD,inflation,1.0,mixed,constructed aggregate (sum/pair_divisor),both,0.3333333333333333,0,0.6666666666666667,False,False,2025-08-15
EURAUD,labour,0.5,mixed,constructed aggregate (sum/pair_divisor),both,0.25,0,0.25,False,False,2025-08-15
EURAUD,monetary,1.0,both,direct (single indicator),both,0.5,0,0.5,False,True,2025-08-15
EURNZD,growth,-0.5,mixed,constructed aggregate (sum/pair_divisor),both,-0.125,0,-0.375,False,False,2025-08-15
EURNZD,inflation,-0.5,mixed,constructed aggregate (sum/pair_divisor),both,-0.33333333333333337,0,-0.16666666666666663,False,False,2025-08-15
EURNZD,labour,0.5,mixed,constructed aggregate (sum/pair_divisor),both,0.25,0,0.25,False,False,2025-08-15
EURNZD,monetary,1.0,base_only,direct (single indicator),base_only,0.5,0,0.5,False,True,2025-08-15
EURCAD,growth,0.0,mixed,constructed aggregate (sum/pair_divisor),both,0.0,0,0.0,False,False,2025-08-15
EURCAD,inflation,0.5,mixed,constructed aggregate (sum/pair_divisor),both,0.16666666666666666,0,0.33333333333333337,False,False,2025-08-15
EURCAD,labour,1.0,mixed,constructed aggregate (sum/pair_divisor),both,0.5,0,0.5,False,False,2025-08-15
EURCAD,monetary,1.0,both,direct (single indicator),both,0.5,0,0.5,False,True,2025-08-15
GBPJPY,growth,1.0,mixed,constructed aggregate (sum/pair_divisor),both,0.25,0,0.75,False,False,2025-08-15
GBPJPY,inflation,2.5,mixed,constructed aggregate (sum/pair_divisor),both,1.0,1,1.5,False,False,2025-08-15
GBPJPY,labour,0.0,mixed,constructed aggregate (sum/pair_divisor),both,0.08333333333333334,0,-0.08333333333333334,False,False,2025-08-15
GBPJPY,monetary,0.0,both,direct (single indicator),both,0.0,0,0.0,False,True,2025-08-15
GBPCHF,growth,-0.5,mixed,constructed aggregate (sum/pair_divisor),both,-0.5,0,0.0,False,False,2025-08-15
GBPCHF,inflation,1.5,mixed,constructed aggregate (sum/pair_divisor),both,0.5,0,1.0,False,False,2025-08-15
GBPCHF,labour,-0.5,mixed,constructed aggregate (sum/pair_divisor),both,-0.16666666666666666,0,-0.33333333333333337,False,False,2025-08-15
GBPCHF,monetary,0.0,base_only,direct (single indicator),base_only,0.0,0,0.0,False,True,2025-08-15
GBPAUD,growth,1.0,mixed,constructed aggregate (sum/pair_divisor),both,0.25,0,0.75,False,False,2025-08-15
GBPAUD,inflation,2.0,mixed,constructed aggregate (sum/pair_divisor),both,0.6666666666666666,1,1.3333333333333335,False,False,2025-08-15
GBPAUD,labour,-0.5,mixed,constructed aggregate (sum/pair_divisor),both,-0.16666666666666666,0,-0.33333333333333337,False,False,2025-08-15
GBPAUD,monetary,0.0,both,direct (single indicator),both,0.0,0,0.0,False,True,2025-08-15
GBPNZD,growth,0.5,both,constructed aggregate (sum/pair_divisor),both,0.125,0,0.375,False,False,2025-08-15
GBPNZD,inflation,0.5,mixed,constructed aggregate (sum/pair_divisor),both,0.0,0,0.5,False,False,2025-08-15
GBPNZD,labour,-0.5,mixed,constructed aggregate (sum/pair_divisor),both,-0.16666666666666666,0,-0.33333333333333337,False,False,2025-08-15
GBPNZD,monetary,0.0,base_only,direct (single indicator),base_only,0.0,0,0.0,False,True,2025-08-15
GBPCAD,growth,1.0,mixed,constructed aggregate (sum/pair_divisor),both,0.25,0,0.75,False,False,2025-08-15
GBPCAD,inflation,1.5,mixed,constructed aggregate (sum/pair_divisor),both,0.5,0,1.0,False,False,2025-08-15
GBPCAD,labour,0.0,mixed,constructed aggregate (sum/pair_divisor),both,0.08333333333333334,0,-0.08333333333333334,False,False,2025-08-15
GBPCAD,monetary,0.0,both,direct (single indicator),both,0.0,0,0.0,False,True,2025-08-15
AUDJPY,growth,0.0,mixed,constructed aggregate (sum/pair_divisor),both,0.0,0,0.0,False,False,2025-08-15
AUDJPY,inflation,0.5,mixed,constructed aggregate (sum/pair_divisor),both,0.33333333333333337,0,0.16666666666666663,False,False,2025-08-15
AUDJPY,labour,0.5,mixed,constructed aggregate (sum/pair_divisor),both,0.25,0,0.25,False,False,2025-08-15
AUDJPY,monetary,0.0,both,direct (single indicator),both,0.0,0,0.0,False,True,2025-08-15
NZDJPY,growth,0.5,mixed,constructed aggregate (sum/pair_divisor),both,0.125,0,0.375,False,False,2025-08-15
NZDJPY,inflation,2.0,mixed,constructed aggregate (sum/pair_divisor),both,1.0,1,1.0,False,False,2025-08-15
NZDJPY,labour,0.5,mixed,constructed aggregate (sum/pair_divisor),both,0.25,0,0.25,False,False,2025-08-15
NZDJPY,monetary,0.0,quote_only,direct (single indicator),quote_only,0.0,0,0.0,False,True,2025-08-15
CADJPY,growth,0.0,mixed,constructed aggregate (sum/pair_divisor),both,0.0,0,0.0,False,False,2025-08-15
CADJPY,inflation,1.0,mixed,constructed aggregate (sum/pair_divisor),both,0.5,0,0.5,False,False,2025-08-15
CADJPY,labour,0.0,mixed,constructed aggregate (sum/pair_divisor),both,0.0,0,0.0,False,False,2025-08-15
CADJPY,monetary,0.0,both,direct (single indicator),both,0.0,0,0.0,False,True,2025-08-15
CHFJPY,growth,1.5,mixed,constructed aggregate (sum/pair_divisor),both,0.75,1,0.75,False,False,2025-08-15
CHFJPY,inflation,1.0,mixed,constructed aggregate (sum/pair_divisor),both,0.5,0,0.5,False,False,2025-08-15
CHFJPY,labour,0.5,mixed,constructed aggregate (sum/pair_divisor),both,0.25,0,0.25,False,False,2025-08-15
CHFJPY,monetary,0.0,quote_only,direct (single indicator),quote_only,0.0,0,0.0,False,True,2025-08-15
AUDNZD,growth,-0.5,mixed,constructed aggregate (sum/pair_divisor),both,-0.125,0,-0.375,False,False,2025-08-15
AUDNZD,inflation,-1.5,mixed,constructed aggregate (sum/pair_divisor),both,-0.6666666666666666,-1,-0.8333333333333334,False,False,2025-08-15
AUDNZD,labour,0.0,mixed,constructed aggregate (sum/pair_divisor),both,0.0,0,0.0,False,False,2025-08-15
AUDNZD,monetary,0.0,base_only,direct (single indicator),base_only,0.0,0,0.0,False,True,2025-08-15
AUDCAD,growth,0.0,mixed,constructed aggregate (sum/pair_divisor),both,0.0,0,0.0,False,False,2025-08-15
AUDCAD,inflation,-0.5,mixed,constructed aggregate (sum/pair_divisor),both,-0.16666666666666666,0,-0.33333333333333337,False,False,2025-08-15
AUDCAD,labour,0.5,mixed,constructed aggregate (sum/pair_divisor),both,0.25,0,0.25,False,False,2025-08-15
AUDCAD,monetary,0.0,both,direct (single indicator),both,0.0,0,0.0,False,True,2025-08-15
AUDCHF,growth,-1.5,mixed,constructed aggregate (sum/pair_divisor),both,-0.75,-1,-0.75,False,False,2025-08-15
AUDCHF,inflation,-0.5,mixed,constructed aggregate (sum/pair_divisor),both,-0.16666666666666666,0,-0.33333333333333337,False,False,2025-08-15
AUDCHF,labour,0.0,mixed,constructed aggregate (sum/pair_divisor),both,0.0,0,0.0,False,False,2025-08-15
AUDCHF,monetary,0.0,base_only,direct (single indicator),base_only,0.0,0,0.0,False,True,2025-08-15
NZDCAD,growth,0.5,mixed,constructed aggregate (sum/pair_divisor),both,0.125,0,0.375,False,False,2025-08-15
NZDCAD,inflation,1.0,mixed,constructed aggregate (sum/pair_divisor),both,0.5,0,0.5,False,False,2025-08-15
NZDCAD,labour,0.5,mixed,constructed aggregate (sum/pair_divisor),both,0.25,0,0.25,False,False,2025-08-15
NZDCAD,monetary,0.0,quote_only,direct (single indicator),quote_only,0.0,0,0.0,False,True,2025-08-15
NZDCHF,growth,-1.0,mixed,constructed aggregate (sum/pair_divisor),both,-0.625,-1,-0.375,False,False,2025-08-15
NZDCHF,inflation,1.0,mixed,constructed aggregate (sum/pair_divisor),both,0.5,0,0.5,False,False,2025-08-15
NZDCHF,labour,0.0,mixed,constructed aggregate (sum/pair_divisor),both,0.0,0,0.0,False,False,2025-08-15
NZDCHF,monetary,,neither,direct (single indicator),neither,0.0,0,,False,True,2025-08-15
CADCHF,growth,-1.5,mixed,constructed aggregate (sum/pair_divisor),both,-0.75,-1,-0.75,False,False,2025-08-15
CADCHF,inflation,0.0,mixed,constructed aggregate (sum/pair_divisor),both,0.0,0,0.0,False,False,2025-08-15
CADCHF,labour,-0.5,mixed,constructed aggregate (sum/pair_divisor),both,-0.25,0,-0.25,False,False,2025-08-15
CADCHF,monetary,0.0,base_only,direct (single indicator),base_only,0.0,0,0.0,False,True,2025-08-15
EURUSD,growth,1.0,mixed,constructed aggregate (sum/pair_divisor),both,0.25,0,0.75,False,False,2025-08-22
EURUSD,inflation,1.0,mixed,constructed aggregate (sum/pair_divisor),both,0.3333333333333333,0,0.6666666666666667,False,False,2025-08-22
EURUSD,labour,1.0,mixed,constructed aggregate (sum/pair_divisor),both,0.3333333333333333,0,0.6666666666666667,False,False,2025-08-22
EURUSD,monetary,1.0,both,direct (single indicator),both,0.5,0,0.5,False,True,2025-08-22
GBPUSD,growth,2.0,both,constructed aggregate (sum/pair_divisor),both,0.5,0,1.5,False,False,2025-08-22
GBPUSD,inflation,1.0,mixed,constructed aggregate (sum/pair_divisor),both,0.16666666666666666,0,0.8333333333333334,False,False,2025-08-22
GBPUSD,labour,0.0,mixed,constructed aggregate (sum/pair_divisor),both,-0.08333333333333333,0,0.08333333333333333,False,False,2025-08-22
GBPUSD,monetary,1.0,both,direct (single indicator),both,0.5,0,0.5,False,True,2025-08-22
USDJPY,growth,-1.0,mixed,constructed aggregate (sum/pair_divisor),both,-0.25,0,-0.75,False,False,2025-08-22
USDJPY,inflation,-0.5,mixed,constructed aggregate (sum/pair_divisor),both,-0.16666666666666666,0,-0.33333333333333337,False,False,2025-08-22
USDJPY,labour,0.0,mixed,constructed aggregate (sum/pair_divisor),both,0.16666666666666669,0,-0.16666666666666669,False,False,2025-08-22
USDJPY,monetary,-1.0,both,direct (single indicator),both,-0.5,0,-0.5,False,True,2025-08-22
USDCHF,growth,-2.5,mixed,constructed aggregate (sum/pair_divisor),both,-1.0,-1,-1.5,False,False,2025-08-22
USDCHF,inflation,-0.5,mixed,constructed aggregate (sum/pair_divisor),both,-0.16666666666666666,0,-0.33333333333333337,False,False,2025-08-22
USDCHF,labour,-0.5,mixed,constructed aggregate (sum/pair_divisor),both,-0.08333333333333333,0,-0.4166666666666667,False,False,2025-08-22
USDCHF,monetary,-1.0,base_only,direct (single indicator),base_only,-0.5,0,-0.5,False,True,2025-08-22
USDCAD,growth,-1.0,mixed,constructed aggregate (sum/pair_divisor),both,-0.25,0,-0.75,False,False,2025-08-22
USDCAD,inflation,-1.0,mixed,constructed aggregate (sum/pair_divisor),both,-0.3333333333333333,0,-0.6666666666666667,False,False,2025-08-22
USDCAD,labour,0.0,mixed,constructed aggregate (sum/pair_divisor),both,0.16666666666666669,0,-0.16666666666666669,False,False,2025-08-22
USDCAD,monetary,0.0,both,direct (single indicator),both,0.0,0,0.0,False,True,2025-08-22
AUDUSD,growth,1.0,mixed,constructed aggregate (sum/pair_divisor),both,0.25,0,0.75,False,False,2025-08-22
AUDUSD,inflation,0.0,mixed,constructed aggregate (sum/pair_divisor),both,0.0,0,0.0,False,False,2025-08-22
AUDUSD,labour,0.5,mixed,constructed aggregate (sum/pair_divisor),both,0.08333333333333333,0,0.4166666666666667,False,False,2025-08-22
AUDUSD,monetary,1.0,both,direct (single indicator),both,0.5,0,0.5,False,True,2025-08-22
NZDUSD,growth,1.5,both,constructed aggregate (sum/pair_divisor),both,0.375,0,1.125,False,False,2025-08-22
NZDUSD,inflation,0.5,mixed,constructed aggregate (sum/pair_divisor),both,0.16666666666666666,0,0.33333333333333337,False,False,2025-08-22
NZDUSD,labour,0.5,mixed,constructed aggregate (sum/pair_divisor),both,0.08333333333333333,0,0.4166666666666667,False,False,2025-08-22
NZDUSD,monetary,1.0,quote_only,direct (single indicator),quote_only,0.5,0,0.5,False,True,2025-08-22
EURGBP,growth,-1.0,mixed,constructed aggregate (sum/pair_divisor),both,-0.25,0,-0.75,False,False,2025-08-22
EURGBP,inflation,0.0,mixed,constructed aggregate (sum/pair_divisor),both,0.16666666666666666,0,-0.16666666666666666,False,False,2025-08-22
EURGBP,labour,1.0,mixed,constructed aggregate (sum/pair_divisor),both,0.41666666666666663,0,0.5833333333333334,False,False,2025-08-22
EURGBP,monetary,0.0,both,direct (single indicator),both,0.0,0,0.0,False,True,2025-08-22
EURJPY,growth,0.0,mixed,constructed aggregate (sum/pair_divisor),both,0.0,0,0.0,False,False,2025-08-22
EURJPY,inflation,0.5,mixed,constructed aggregate (sum/pair_divisor),both,0.16666666666666666,0,0.33333333333333337,False,False,2025-08-22
EURJPY,labour,1.0,mixed,constructed aggregate (sum/pair_divisor),both,0.5,0,0.5,False,False,2025-08-22
EURJPY,monetary,0.0,both,direct (single indicator),both,0.0,0,0.0,False,True,2025-08-22
EURCHF,growth,-1.5,mixed,constructed aggregate (sum/pair_divisor),both,-0.75,-1,-0.75,False,False,2025-08-22
EURCHF,inflation,0.5,mixed,constructed aggregate (sum/pair_divisor),both,0.16666666666666666,0,0.33333333333333337,False,False,2025-08-22
EURCHF,labour,0.5,mixed,constructed aggregate (sum/pair_divisor),both,0.25,0,0.25,False,False,2025-08-22
EURCHF,monetary,0.0,base_only,direct (single indicator),base_only,0.0,0,0.0,False,True,2025-08-22
EURAUD,growth,0.0,mixed,constructed aggregate (sum/pair_divisor),both,0.0,0,0.0,False,False,2025-08-22
EURAUD,inflation,1.0,mixed,constructed aggregate (sum/pair_divisor),both,0.3333333333333333,0,0.6666666666666667,False,False,2025-08-22
EURAUD,labour,0.5,mixed,constructed aggregate (sum/pair_divisor),both,0.25,0,0.25,False,False,2025-08-22
EURAUD,monetary,0.0,both,direct (single indicator),both,0.0,0,0.0,False,True,2025-08-22
EURNZD,growth,-0.5,mixed,constructed aggregate (sum/pair_divisor),both,-0.125,0,-0.375,False,False,2025-08-22
EURNZD,inflation,0.5,mixed,constructed aggregate (sum/pair_divisor),both,0.16666666666666666,0,0.33333333333333337,False,False,2025-08-22
EURNZD,labour,0.5,mixed,constructed aggregate (sum/pair_divisor),both,0.25,0,0.25,False,False,2025-08-22
EURNZD,monetary,0.0,base_only,direct (single indicator),base_only,0.0,0,0.0,False,True,2025-08-22
EURCAD,growth,0.0,mixed,constructed aggregate (sum/pair_divisor),both,0.0,0,0.0,False,False,2025-08-22
EURCAD,inflation,0.0,mixed,constructed aggregate (sum/pair_divisor),both,0.0,0,0.0,False,False,2025-08-22
EURCAD,labour,1.0,mixed,constructed aggregate (sum/pair_divisor),both,0.5,0,0.5,False,False,2025-08-22
EURCAD,monetary,1.0,both,direct (single indicator),both,0.5,0,0.5,False,True,2025-08-22
GBPJPY,growth,1.0,mixed,constructed aggregate (sum/pair_divisor),both,0.25,0,0.75,False,False,2025-08-22
GBPJPY,inflation,0.5,mixed,constructed aggregate (sum/pair_divisor),both,0.0,0,0.5,False,False,2025-08-22
GBPJPY,labour,0.0,mixed,constructed aggregate (sum/pair_divisor),both,0.08333333333333334,0,-0.08333333333333334,False,False,2025-08-22
GBPJPY,monetary,0.0,both,direct (single indicator),both,0.0,0,0.0,False,True,2025-08-22
GBPCHF,growth,-0.5,mixed,constructed aggregate (sum/pair_divisor),both,-0.5,0,0.0,False,False,2025-08-22
GBPCHF,inflation,0.5,mixed,constructed aggregate (sum/pair_divisor),both,0.0,0,0.5,False,False,2025-08-22
GBPCHF,labour,-0.5,mixed,constructed aggregate (sum/pair_divisor),both,-0.16666666666666666,0,-0.33333333333333337,False,False,2025-08-22
GBPCHF,monetary,0.0,base_only,direct (single indicator),base_only,0.0,0,0.0,False,True,2025-08-22
GBPAUD,growth,1.0,mixed,constructed aggregate (sum/pair_divisor),both,0.25,0,0.75,False,False,2025-08-22
GBPAUD,inflation,1.0,mixed,constructed aggregate (sum/pair_divisor),both,0.16666666666666666,0,0.8333333333333334,False,False,2025-08-22
GBPAUD,labour,-0.5,mixed,constructed aggregate (sum/pair_divisor),both,-0.16666666666666666,0,-0.33333333333333337,False,False,2025-08-22
GBPAUD,monetary,0.0,both,direct (single indicator),both,0.0,0,0.0,False,True,2025-08-22
GBPNZD,growth,0.5,both,constructed aggregate (sum/pair_divisor),both,0.125,0,0.375,False,False,2025-08-22
GBPNZD,inflation,0.5,mixed,constructed aggregate (sum/pair_divisor),both,0.0,0,0.5,False,False,2025-08-22
GBPNZD,labour,-0.5,mixed,constructed aggregate (sum/pair_divisor),both,-0.16666666666666666,0,-0.33333333333333337,False,False,2025-08-22
GBPNZD,monetary,0.0,base_only,direct (single indicator),base_only,0.0,0,0.0,False,True,2025-08-22
GBPCAD,growth,1.0,mixed,constructed aggregate (sum/pair_divisor),both,0.25,0,0.75,False,False,2025-08-22
GBPCAD,inflation,0.0,mixed,constructed aggregate (sum/pair_divisor),both,-0.16666666666666666,0,0.16666666666666666,False,False,2025-08-22
GBPCAD,labour,0.0,mixed,constructed aggregate (sum/pair_divisor),both,0.08333333333333334,0,-0.08333333333333334,False,False,2025-08-22
GBPCAD,monetary,1.0,both,direct (single indicator),both,0.5,0,0.5,False,True,2025-08-22
AUDJPY,growth,0.0,mixed,constructed aggregate (sum/pair_divisor),both,0.0,0,0.0,False,False,2025-08-22
AUDJPY,inflation,-0.5,mixed,constructed aggregate (sum/pair_divisor),both,-0.16666666666666666,0,-0.33333333333333337,False,False,2025-08-22
AUDJPY,labour,0.5,mixed,constructed aggregate (sum/pair_divisor),both,0.25,0,0.25,False,False,2025-08-22
AUDJPY,monetary,0.0,both,direct (single indicator),both,0.0,0,0.0,False,True,2025-08-22
NZDJPY,growth,0.5,mixed,constructed aggregate (sum/pair_divisor),both,0.125,0,0.375,False,False,2025-08-22
NZDJPY,inflation,0.0,mixed,constructed aggregate (sum/pair_divisor),both,0.0,0,0.0,False,False,2025-08-22
NZDJPY,labour,0.5,mixed,constructed aggregate (sum/pair_divisor),both,0.25,0,0.25,False,False,2025-08-22
NZDJPY,monetary,0.0,quote_only,direct (single indicator),quote_only,0.0,0,0.0,False,True,2025-08-22
CADJPY,growth,0.0,mixed,constructed aggregate (sum/pair_divisor),both,0.0,0,0.0,False,False,2025-08-22
CADJPY,inflation,0.5,mixed,constructed aggregate (sum/pair_divisor),both,0.16666666666666666,0,0.33333333333333337,False,False,2025-08-22
CADJPY,labour,0.0,mixed,constructed aggregate (sum/pair_divisor),both,0.0,0,0.0,False,False,2025-08-22
CADJPY,monetary,-1.0,both,direct (single indicator),both,-0.5,0,-0.5,False,True,2025-08-22
CHFJPY,growth,1.5,mixed,constructed aggregate (sum/pair_divisor),both,0.75,1,0.75,False,False,2025-08-22
CHFJPY,inflation,0.0,mixed,constructed aggregate (sum/pair_divisor),both,0.0,0,0.0,False,False,2025-08-22
CHFJPY,labour,0.5,mixed,constructed aggregate (sum/pair_divisor),both,0.25,0,0.25,False,False,2025-08-22
CHFJPY,monetary,0.0,quote_only,direct (single indicator),quote_only,0.0,0,0.0,False,True,2025-08-22
AUDNZD,growth,-0.5,mixed,constructed aggregate (sum/pair_divisor),both,-0.125,0,-0.375,False,False,2025-08-22
AUDNZD,inflation,-0.5,mixed,constructed aggregate (sum/pair_divisor),both,-0.16666666666666666,0,-0.33333333333333337,False,False,2025-08-22
AUDNZD,labour,0.0,mixed,constructed aggregate (sum/pair_divisor),both,0.0,0,0.0,False,False,2025-08-22
AUDNZD,monetary,0.0,base_only,direct (single indicator),base_only,0.0,0,0.0,False,True,2025-08-22
AUDCAD,growth,0.0,mixed,constructed aggregate (sum/pair_divisor),both,0.0,0,0.0,False,False,2025-08-22
AUDCAD,inflation,-1.0,mixed,constructed aggregate (sum/pair_divisor),both,-0.3333333333333333,0,-0.6666666666666667,False,False,2025-08-22
AUDCAD,labour,0.5,mixed,constructed aggregate (sum/pair_divisor),both,0.25,0,0.25,False,False,2025-08-22
AUDCAD,monetary,1.0,both,direct (single indicator),both,0.5,0,0.5,False,True,2025-08-22
AUDCHF,growth,-1.5,mixed,constructed aggregate (sum/pair_divisor),both,-0.75,-1,-0.75,False,False,2025-08-22
AUDCHF,inflation,-0.5,mixed,constructed aggregate (sum/pair_divisor),both,-0.16666666666666666,0,-0.33333333333333337,False,False,2025-08-22
AUDCHF,labour,0.0,mixed,constructed aggregate (sum/pair_divisor),both,0.0,0,0.0,False,False,2025-08-22
AUDCHF,monetary,0.0,base_only,direct (single indicator),base_only,0.0,0,0.0,False,True,2025-08-22
NZDCAD,growth,0.5,mixed,constructed aggregate (sum/pair_divisor),both,0.125,0,0.375,False,False,2025-08-22
NZDCAD,inflation,-0.5,mixed,constructed aggregate (sum/pair_divisor),both,-0.16666666666666666,0,-0.33333333333333337,False,False,2025-08-22
NZDCAD,labour,0.5,mixed,constructed aggregate (sum/pair_divisor),both,0.25,0,0.25,False,False,2025-08-22
NZDCAD,monetary,1.0,quote_only,direct (single indicator),quote_only,0.5,0,0.5,False,True,2025-08-22
NZDCHF,growth,-1.0,mixed,constructed aggregate (sum/pair_divisor),both,-0.625,-1,-0.375,False,False,2025-08-22
NZDCHF,inflation,0.0,mixed,constructed aggregate (sum/pair_divisor),both,0.0,0,0.0,False,False,2025-08-22
NZDCHF,labour,0.0,mixed,constructed aggregate (sum/pair_divisor),both,0.0,0,0.0,False,False,2025-08-22
NZDCHF,monetary,,neither,direct (single indicator),neither,0.0,0,,False,True,2025-08-22
CADCHF,growth,-1.5,mixed,constructed aggregate (sum/pair_divisor),both,-0.75,-1,-0.75,False,False,2025-08-22
CADCHF,inflation,0.5,mixed,constructed aggregate (sum/pair_divisor),both,0.16666666666666666,0,0.33333333333333337,False,False,2025-08-22
CADCHF,labour,-0.5,mixed,constructed aggregate (sum/pair_divisor),both,-0.25,0,-0.25,False,False,2025-08-22
CADCHF,monetary,-1.0,base_only,direct (single indicator),base_only,-0.5,0,-0.5,False,True,2025-08-22
EURUSD,growth,1.0,mixed,constructed aggregate (sum/pair_divisor),both,0.25,0,0.75,False,False,2025-08-29
EURUSD,inflation,1.0,mixed,constructed aggregate (sum/pair_divisor),both,0.3333333333333333,0,0.6666666666666667,False,False,2025-08-29
EURUSD,labour,0.5,mixed,constructed aggregate (sum/pair_divisor),both,0.25,0,0.25,False,False,2025-08-29
EURUSD,monetary,2.0,both,direct (single indicator),both,1.0,1,1.0,False,True,2025-08-29
GBPUSD,growth,2.0,both,constructed aggregate (sum/pair_divisor),both,0.5,0,1.5,False,False,2025-08-29
GBPUSD,inflation,1.0,mixed,constructed aggregate (sum/pair_divisor),both,0.16666666666666666,0,0.8333333333333334,False,False,2025-08-29
GBPUSD,labour,-0.5,mixed,constructed aggregate (sum/pair_divisor),both,-0.16666666666666666,0,-0.33333333333333337,False,False,2025-08-29
GBPUSD,monetary,2.0,both,direct (single indicator),both,1.0,1,1.0,False,True,2025-08-29
USDJPY,growth,-0.5,mixed,constructed aggregate (sum/pair_divisor),both,0.25,0,-0.75,False,False,2025-08-29
USDJPY,inflation,0.0,mixed,constructed aggregate (sum/pair_divisor),both,0.08333333333333334,0,-0.08333333333333334,False,False,2025-08-29
USDJPY,labour,-0.5,mixed,constructed aggregate (sum/pair_divisor),both,-0.25,0,-0.25,False,False,2025-08-29
USDJPY,monetary,-2.0,both,direct (single indicator),both,-1.0,-1,-1.0,False,True,2025-08-29
USDCHF,growth,-2.0,mixed,constructed aggregate (sum/pair_divisor),both,-0.75,-1,-1.25,False,False,2025-08-29
USDCHF,inflation,-0.5,mixed,constructed aggregate (sum/pair_divisor),both,-0.16666666666666666,0,-0.33333333333333337,False,False,2025-08-29
USDCHF,labour,0.0,mixed,constructed aggregate (sum/pair_divisor),both,0.0,0,0.0,False,False,2025-08-29
USDCHF,monetary,-2.0,base_only,direct (single indicator),base_only,-1.0,-1,-1.0,False,True,2025-08-29
USDCAD,growth,-1.0,mixed,constructed aggregate (sum/pair_divisor),both,-0.25,0,-0.75,False,False,2025-08-29
USDCAD,inflation,-1.0,mixed,constructed aggregate (sum/pair_divisor),both,-0.3333333333333333,0,-0.6666666666666667,False,False,2025-08-29
USDCAD,labour,0.5,mixed,constructed aggregate (sum/pair_divisor),both,0.25,0,0.25,False,False,2025-08-29
USDCAD,monetary,-1.0,both,direct (single indicator),both,-0.5,0,-0.5,False,True,2025-08-29
AUDUSD,growth,1.0,mixed,constructed aggregate (sum/pair_divisor),both,0.25,0,0.75,False,False,2025-08-29
AUDUSD,inflation,1.5,mixed,constructed aggregate (sum/pair_divisor),both,0.5,0,1.0,False,False,2025-08-29
AUDUSD,labour,0.0,mixed,constructed aggregate (sum/pair_divisor),both,0.0,0,0.0,False,False,2025-08-29
AUDUSD,monetary,2.0,both,direct (single indicator),both,1.0,1,1.0,False,True,2025-08-29
NZDUSD,growth,1.0,both,constructed aggregate (sum/pair_divisor),both,0.25,0,0.75,False,False,2025-08-29
NZDUSD,inflation,0.5,mixed,constructed aggregate (sum/pair_divisor),both,0.16666666666666666,0,0.33333333333333337,False,False,2025-08-29
NZDUSD,labour,0.0,mixed,constructed aggregate (sum/pair_divisor),both,0.0,0,0.0,False,False,2025-08-29
NZDUSD,monetary,2.0,quote_only,direct (single indicator),quote_only,1.0,1,1.0,False,True,2025-08-29
EURGBP,growth,-1.0,mixed,constructed aggregate (sum/pair_divisor),both,-0.25,0,-0.75,False,False,2025-08-29
EURGBP,inflation,0.0,mixed,constructed aggregate (sum/pair_divisor),both,0.16666666666666666,0,-0.16666666666666666,False,False,2025-08-29
EURGBP,labour,1.0,mixed,constructed aggregate (sum/pair_divisor),both,0.41666666666666663,0,0.5833333333333334,False,False,2025-08-29
EURGBP,monetary,0.0,both,direct (single indicator),both,0.0,0,0.0,False,True,2025-08-29
EURJPY,growth,0.5,mixed,constructed aggregate (sum/pair_divisor),both,0.5,0,0.0,False,False,2025-08-29
EURJPY,inflation,1.0,mixed,constructed aggregate (sum/pair_divisor),both,0.41666666666666663,0,0.5833333333333334,False,False,2025-08-29
EURJPY,labour,0.0,mixed,constructed aggregate (sum/pair_divisor),both,0.0,0,0.0,False,False,2025-08-29
EURJPY,monetary,0.0,both,direct (single indicator),both,0.0,0,0.0,False,True,2025-08-29
EURCHF,growth,-1.0,mixed,constructed aggregate (sum/pair_divisor),both,-0.5,0,-0.5,False,False,2025-08-29
EURCHF,inflation,0.5,mixed,constructed aggregate (sum/pair_divisor),both,0.16666666666666666,0,0.33333333333333337,False,False,2025-08-29
EURCHF,labour,0.5,mixed,constructed aggregate (sum/pair_divisor),both,0.25,0,0.25,False,False,2025-08-29
EURCHF,monetary,0.0,base_only,direct (single indicator),base_only,0.0,0,0.0,False,True,2025-08-29
EURAUD,growth,0.0,mixed,constructed aggregate (sum/pair_divisor),both,0.0,0,0.0,False,False,2025-08-29
EURAUD,inflation,-0.5,mixed,constructed aggregate (sum/pair_divisor),both,-0.16666666666666666,0,-0.33333333333333337,False,False,2025-08-29
EURAUD,labour,0.5,mixed,constructed aggregate (sum/pair_divisor),both,0.25,0,0.25,False,False,2025-08-29
EURAUD,monetary,0.0,both,direct (single indicator),both,0.0,0,0.0,False,True,2025-08-29
EURNZD,growth,0.0,mixed,constructed aggregate (sum/pair_divisor),both,0.0,0,0.0,False,False,2025-08-29
EURNZD,inflation,0.5,mixed,constructed aggregate (sum/pair_divisor),both,0.16666666666666666,0,0.33333333333333337,False,False,2025-08-29
EURNZD,labour,0.5,mixed,constructed aggregate (sum/pair_divisor),both,0.25,0,0.25,False,False,2025-08-29
EURNZD,monetary,0.0,base_only,direct (single indicator),base_only,0.0,0,0.0,False,True,2025-08-29
EURCAD,growth,0.0,mixed,constructed aggregate (sum/pair_divisor),both,0.0,0,0.0,False,False,2025-08-29
EURCAD,inflation,0.0,mixed,constructed aggregate (sum/pair_divisor),both,0.0,0,0.0,False,False,2025-08-29
EURCAD,labour,1.0,mixed,constructed aggregate (sum/pair_divisor),both,0.5,0,0.5,False,False,2025-08-29
EURCAD,monetary,1.0,both,direct (single indicator),both,0.5,0,0.5,False,True,2025-08-29
GBPJPY,growth,1.5,mixed,constructed aggregate (sum/pair_divisor),both,0.75,1,0.75,False,False,2025-08-29
GBPJPY,inflation,1.0,mixed,constructed aggregate (sum/pair_divisor),both,0.25,0,0.75,False,False,2025-08-29
GBPJPY,labour,-1.0,mixed,constructed aggregate (sum/pair_divisor),both,-0.41666666666666663,0,-0.5833333333333334,False,False,2025-08-29
GBPJPY,monetary,0.0,both,direct (single indicator),both,0.0,0,0.0,False,True,2025-08-29
GBPCHF,growth,0.0,mixed,constructed aggregate (sum/pair_divisor),both,-0.25,0,0.25,False,False,2025-08-29
GBPCHF,inflation,0.5,mixed,constructed aggregate (sum/pair_divisor),both,0.0,0,0.5,False,False,2025-08-29
GBPCHF,labour,-0.5,mixed,constructed aggregate (sum/pair_divisor),both,-0.16666666666666666,0,-0.33333333333333337,False,False,2025-08-29
GBPCHF,monetary,0.0,base_only,direct (single indicator),base_only,0.0,0,0.0,False,True,2025-08-29
GBPAUD,growth,1.0,mixed,constructed aggregate (sum/pair_divisor),both,0.25,0,0.75,False,False,2025-08-29
GBPAUD,inflation,-0.5,mixed,constructed aggregate (sum/pair_divisor),both,-0.3333333333333333,0,-0.16666666666666669,False,False,2025-08-29
GBPAUD,labour,-0.5,mixed,constructed aggregate (sum/pair_divisor),both,-0.16666666666666666,0,-0.33333333333333337,False,False,2025-08-29
GBPAUD,monetary,0.0,both,direct (single indicator),both,0.0,0,0.0,False,True,2025-08-29
GBPNZD,growth,1.0,both,constructed aggregate (sum/pair_divisor),both,0.25,0,0.75,False,False,2025-08-29
GBPNZD,inflation,0.5,mixed,constructed aggregate (sum/pair_divisor),both,0.0,0,0.5,False,False,2025-08-29
GBPNZD,labour,-0.5,mixed,constructed aggregate (sum/pair_divisor),both,-0.16666666666666666,0,-0.33333333333333337,False,False,2025-08-29
GBPNZD,monetary,0.0,base_only,direct (single indicator),base_only,0.0,0,0.0,False,True,2025-08-29
GBPCAD,growth,1.0,mixed,constructed aggregate (sum/pair_divisor),both,0.25,0,0.75,False,False,2025-08-29
GBPCAD,inflation,0.0,mixed,constructed aggregate (sum/pair_divisor),both,-0.16666666666666666,0,0.16666666666666666,False,False,2025-08-29
GBPCAD,labour,0.0,mixed,constructed aggregate (sum/pair_divisor),both,0.08333333333333334,0,-0.08333333333333334,False,False,2025-08-29
GBPCAD,monetary,1.0,both,direct (single indicator),both,0.5,0,0.5,False,True,2025-08-29
AUDJPY,growth,0.5,mixed,constructed aggregate (sum/pair_divisor),both,0.5,0,0.0,False,False,2025-08-29
AUDJPY,inflation,1.5,mixed,constructed aggregate (sum/pair_divisor),both,0.5833333333333333,1,0.9166666666666667,False,False,2025-08-29
AUDJPY,labour,-0.5,mixed,constructed aggregate (sum/pair_divisor),both,-0.25,0,-0.25,False,False,2025-08-29
AUDJPY,monetary,0.0,both,direct (single indicator),both,0.0,0,0.0,False,True,2025-08-29
NZDJPY,growth,0.5,mixed,constructed aggregate (sum/pair_divisor),both,0.5,0,0.0,False,False,2025-08-29
NZDJPY,inflation,0.5,mixed,constructed aggregate (sum/pair_divisor),both,0.25,0,0.25,False,False,2025-08-29
NZDJPY,labour,-0.5,mixed,constructed aggregate (sum/pair_divisor),both,-0.25,0,-0.25,False,False,2025-08-29
NZDJPY,monetary,0.0,quote_only,direct (single indicator),quote_only,0.0,0,0.0,False,True,2025-08-29
CADJPY,growth,0.5,mixed,constructed aggregate (sum/pair_divisor),both,0.5,0,0.0,False,False,2025-08-29
CADJPY,inflation,1.0,mixed,constructed aggregate (sum/pair_divisor),both,0.41666666666666663,0,0.5833333333333334,False,False,2025-08-29
CADJPY,labour,-1.0,mixed,constructed aggregate (sum/pair_divisor),both,-0.5,0,-0.5,False,False,2025-08-29
CADJPY,monetary,-1.0,both,direct (single indicator),both,-0.5,0,-0.5,False,True,2025-08-29
CHFJPY,growth,1.5,mixed,constructed aggregate (sum/pair_divisor),both,1.0,1,0.5,False,False,2025-08-29
CHFJPY,inflation,0.5,mixed,constructed aggregate (sum/pair_divisor),both,0.25,0,0.25,False,False,2025-08-29
CHFJPY,labour,-0.5,mixed,constructed aggregate (sum/pair_divisor),both,-0.25,0,-0.25,False,False,2025-08-29
CHFJPY,monetary,0.0,quote_only,direct (single indicator),quote_only,0.0,0,0.0,False,True,2025-08-29
AUDNZD,growth,0.0,mixed,constructed aggregate (sum/pair_divisor),both,0.0,0,0.0,False,False,2025-08-29
AUDNZD,inflation,1.0,mixed,constructed aggregate (sum/pair_divisor),both,0.3333333333333333,0,0.6666666666666667,False,False,2025-08-29
AUDNZD,labour,0.0,mixed,constructed aggregate (sum/pair_divisor),both,0.0,0,0.0,False,False,2025-08-29
AUDNZD,monetary,0.0,base_only,direct (single indicator),base_only,0.0,0,0.0,False,True,2025-08-29
AUDCAD,growth,0.0,mixed,constructed aggregate (sum/pair_divisor),both,0.0,0,0.0,False,False,2025-08-29
AUDCAD,inflation,0.5,mixed,constructed aggregate (sum/pair_divisor),both,0.16666666666666666,0,0.33333333333333337,False,False,2025-08-29
AUDCAD,labour,0.5,mixed,constructed aggregate (sum/pair_divisor),both,0.25,0,0.25,False,False,2025-08-29
AUDCAD,monetary,1.0,both,direct (single indicator),both,0.5,0,0.5,False,True,2025-08-29
AUDCHF,growth,-1.0,mixed,constructed aggregate (sum/pair_divisor),both,-0.5,0,-0.5,False,False,2025-08-29
AUDCHF,inflation,1.0,mixed,constructed aggregate (sum/pair_divisor),both,0.3333333333333333,0,0.6666666666666667,False,False,2025-08-29
AUDCHF,labour,0.0,mixed,constructed aggregate (sum/pair_divisor),both,0.0,0,0.0,False,False,2025-08-29
AUDCHF,monetary,0.0,base_only,direct (single indicator),base_only,0.0,0,0.0,False,True,2025-08-29
NZDCAD,growth,0.0,mixed,constructed aggregate (sum/pair_divisor),both,0.0,0,0.0,False,False,2025-08-29
NZDCAD,inflation,-0.5,mixed,constructed aggregate (sum/pair_divisor),both,-0.16666666666666666,0,-0.33333333333333337,False,False,2025-08-29
NZDCAD,labour,0.5,mixed,constructed aggregate (sum/pair_divisor),both,0.25,0,0.25,False,False,2025-08-29
NZDCAD,monetary,1.0,quote_only,direct (single indicator),quote_only,0.5,0,0.5,False,True,2025-08-29
NZDCHF,growth,-1.0,mixed,constructed aggregate (sum/pair_divisor),both,-0.5,0,-0.5,False,False,2025-08-29
NZDCHF,inflation,0.0,mixed,constructed aggregate (sum/pair_divisor),both,0.0,0,0.0,False,False,2025-08-29
NZDCHF,labour,0.0,mixed,constructed aggregate (sum/pair_divisor),both,0.0,0,0.0,False,False,2025-08-29
NZDCHF,monetary,,neither,direct (single indicator),neither,0.0,0,,False,True,2025-08-29
CADCHF,growth,-1.0,mixed,constructed aggregate (sum/pair_divisor),both,-0.5,0,-0.5,False,False,2025-08-29
CADCHF,inflation,0.5,mixed,constructed aggregate (sum/pair_divisor),both,0.16666666666666666,0,0.33333333333333337,False,False,2025-08-29
CADCHF,labour,-0.5,mixed,constructed aggregate (sum/pair_divisor),both,-0.25,0,-0.25,False,False,2025-08-29
CADCHF,monetary,-1.0,base_only,direct (single indicator),base_only,-0.5,0,-0.5,False,True,2025-08-29
EURUSD,growth,-0.5,mixed,constructed aggregate (sum/pair_divisor),both,-0.25,0,-0.25,False,False,2025-09-05
EURUSD,inflation,1.5,mixed,constructed aggregate (sum/pair_divisor),both,0.5,0,1.0,False,False,2025-09-05
EURUSD,labour,0.5,mixed,constructed aggregate (sum/pair_divisor),both,0.08333333333333333,0,0.4166666666666667,False,False,2025-09-05
EURUSD,monetary,1.0,both,direct (single indicator),both,0.5,0,0.5,False,True,2025-09-05
GBPUSD,growth,0.5,both,constructed aggregate (sum/pair_divisor),both,0.125,0,0.375,False,False,2025-09-05
GBPUSD,inflation,1.0,mixed,constructed aggregate (sum/pair_divisor),both,0.16666666666666666,0,0.8333333333333334,False,False,2025-09-05
GBPUSD,labour,0.0,mixed,constructed aggregate (sum/pair_divisor),both,-0.08333333333333333,0,0.08333333333333333,False,False,2025-09-05
GBPUSD,monetary,2.0,both,direct (single indicator),both,1.0,1,1.0,False,True,2025-09-05
USDJPY,growth,0.5,mixed,constructed aggregate (sum/pair_divisor),both,0.5,0,0.0,False,False,2025-09-05
USDJPY,inflation,0.0,mixed,constructed aggregate (sum/pair_divisor),both,0.08333333333333334,0,-0.08333333333333334,False,False,2025-09-05
USDJPY,labour,-2.5,mixed,constructed aggregate (sum/pair_divisor),both,-1.0833333333333333,-1,-1.4166666666666667,False,False,2025-09-05
USDJPY,monetary,-2.0,both,direct (single indicator),both,-1.0,-1,-1.0,False,True,2025-09-05
USDCHF,growth,1.0,mixed,constructed aggregate (sum/pair_divisor),both,0.5,0,0.5,False,False,2025-09-05
USDCHF,inflation,-0.5,mixed,constructed aggregate (sum/pair_divisor),both,-0.16666666666666666,0,-0.33333333333333337,False,False,2025-09-05
USDCHF,labour,-0.5,mixed,constructed aggregate (sum/pair_divisor),both,-0.08333333333333333,0,-0.4166666666666667,False,False,2025-09-05
USDCHF,monetary,-1.0,base_only,direct (single indicator),base_only,-0.5,0,-0.5,False,True,2025-09-05
USDCAD,growth,1.0,mixed,constructed aggregate (sum/pair_divisor),both,0.3333333333333333,0,0.6666666666666667,False,False,2025-09-05
USDCAD,inflation,-1.0,mixed,constructed aggregate (sum/pair_divisor),both,-0.3333333333333333,0,-0.6666666666666667,False,False,2025-09-05
USDCAD,labour,0.0,mixed,constructed aggregate (sum/pair_divisor),both,0.16666666666666669,0,-0.16666666666666669,False,False,2025-09-05
USDCAD,monetary,0.0,both,direct (single indicator),both,0.0,0,0.0,False,True,2025-09-05
AUDUSD,growth,1.5,mixed,constructed aggregate (sum/pair_divisor),both,0.75,1,0.75,False,False,2025-09-05
AUDUSD,inflation,1.5,mixed,constructed aggregate (sum/pair_divisor),both,0.5,0,1.0,False,False,2025-09-05
AUDUSD,labour,0.5,mixed,constructed aggregate (sum/pair_divisor),both,0.08333333333333333,0,0.4166666666666667,False,False,2025-09-05
AUDUSD,monetary,1.0,both,direct (single indicator),both,0.5,0,0.5,False,True,2025-09-05
NZDUSD,growth,0.0,both,constructed aggregate (sum/pair_divisor),both,0.0,0,0.0,False,False,2025-09-05
NZDUSD,inflation,0.5,mixed,constructed aggregate (sum/pair_divisor),both,0.16666666666666666,0,0.33333333333333337,False,False,2025-09-05
NZDUSD,labour,0.5,mixed,constructed aggregate (sum/pair_divisor),both,0.08333333333333333,0,0.4166666666666667,False,False,2025-09-05
NZDUSD,monetary,1.0,quote_only,direct (single indicator),quote_only,0.5,0,0.5,False,True,2025-09-05
EURGBP,growth,-1.0,mixed,constructed aggregate (sum/pair_divisor),both,-0.375,0,-0.625,False,False,2025-09-05
EURGBP,inflation,0.5,mixed,constructed aggregate (sum/pair_divisor),both,0.3333333333333333,0,0.16666666666666669,False,False,2025-09-05
EURGBP,labour,0.5,mixed,constructed aggregate (sum/pair_divisor),both,0.16666666666666666,0,0.33333333333333337,False,False,2025-09-05
EURGBP,monetary,-1.0,both,direct (single indicator),both,-0.5,0,-0.5,False,True,2025-09-05
EURJPY,growth,0.0,mixed,constructed aggregate (sum/pair_divisor),both,0.25,0,-0.25,False,False,2025-09-05
EURJPY,inflation,1.5,mixed,constructed aggregate (sum/pair_divisor),both,0.5833333333333333,1,0.9166666666666667,False,False,2025-09-05
EURJPY,labour,-2.0,mixed,constructed aggregate (sum/pair_divisor),both,-1.0,-1,-1.0,False,False,2025-09-05
EURJPY,monetary,-1.0,both,direct (single indicator),both,-0.5,0,-0.5,False,True,2025-09-05
EURCHF,growth,0.5,mixed,constructed aggregate (sum/pair_divisor),both,0.25,0,0.25,False,False,2025-09-05
EURCHF,inflation,1.0,mixed,constructed aggregate (sum/pair_divisor),both,0.3333333333333333,0,0.6666666666666667,False,False,2025-09-05
EURCHF,labour,0.0,mixed,constructed aggregate (sum/pair_divisor),both,0.0,0,0.0,False,False,2025-09-05
EURCHF,monetary,0.0,base_only,direct (single indicator),base_only,0.0,0,0.0,False,True,2025-09-05
EURAUD,growth,-2.0,mixed,constructed aggregate (sum/pair_divisor),both,-1.0,-1,-1.0,False,False,2025-09-05
EURAUD,inflation,0.0,mixed,constructed aggregate (sum/pair_divisor),both,0.0,0,0.0,False,False,2025-09-05
EURAUD,labour,0.0,mixed,constructed aggregate (sum/pair_divisor),both,0.0,0,0.0,False,False,2025-09-05
EURAUD,monetary,0.0,both,direct (single indicator),both,0.0,0,0.0,False,True,2025-09-05
EURNZD,growth,-0.5,mixed,constructed aggregate (sum/pair_divisor),both,-0.25,0,-0.25,False,False,2025-09-05
EURNZD,inflation,1.0,mixed,constructed aggregate (sum/pair_divisor),both,0.3333333333333333,0,0.6666666666666667,False,False,2025-09-05
EURNZD,labour,0.0,mixed,constructed aggregate (sum/pair_divisor),both,0.0,0,0.0,False,False,2025-09-05
EURNZD,monetary,0.0,base_only,direct (single indicator),base_only,0.0,0,0.0,False,True,2025-09-05
EURCAD,growth,0.5,mixed,constructed aggregate (sum/pair_divisor),both,0.08333333333333331,0,0.4166666666666667,False,False,2025-09-05
EURCAD,inflation,0.5,mixed,constructed aggregate (sum/pair_divisor),both,0.16666666666666666,0,0.33333333333333337,False,False,2025-09-05
EURCAD,labour,0.5,mixed,constructed aggregate (sum/pair_divisor),both,0.25,0,0.25,False,False,2025-09-05
EURCAD,monetary,1.0,both,direct (single indicator),both,0.5,0,0.5,False,True,2025-09-05
GBPJPY,growth,1.0,mixed,constructed aggregate (sum/pair_divisor),both,0.625,1,0.375,False,False,2025-09-05
GBPJPY,inflation,1.0,mixed,constructed aggregate (sum/pair_divisor),both,0.25,0,0.75,False,False,2025-09-05
GBPJPY,labour,-2.5,mixed,constructed aggregate (sum/pair_divisor),both,-1.1666666666666667,-1,-1.3333333333333333,False,False,2025-09-05
GBPJPY,monetary,0.0,both,direct (single indicator),both,0.0,0,0.0,False,True,2025-09-05
GBPCHF,growth,1.5,mixed,constructed aggregate (sum/pair_divisor),both,0.625,1,0.875,False,False,2025-09-05
GBPCHF,inflation,0.5,mixed,constructed aggregate (sum/pair_divisor),both,0.0,0,0.5,False,False,2025-09-05
GBPCHF,labour,-0.5,mixed,constructed aggregate (sum/pair_divisor),both,-0.16666666666666666,0,-0.33333333333333337,False,False,2025-09-05
GBPCHF,monetary,1.0,base_only,direct (single indicator),base_only,0.5,0,0.5,False,True,2025-09-05
GBPAUD,growth,-1.0,mixed,constructed aggregate (sum/pair_divisor),both,-0.625,-1,-0.375,False,False,2025-09-05
GBPAUD,inflation,-0.5,mixed,constructed aggregate (sum/pair_divisor),both,-0.3333333333333333,0,-0.16666666666666669,False,False,2025-09-05
GBPAUD,labour,-0.5,mixed,constructed aggregate (sum/pair_divisor),both,-0.16666666666666666,0,-0.33333333333333337,False,False,2025-09-05
GBPAUD,monetary,1.0,both,direct (single indicator),both,0.5,0,0.5,False,True,2025-09-05
GBPNZD,growth,0.5,both,constructed aggregate (sum/pair_divisor),both,0.125,0,0.375,False,False,2025-09-05
GBPNZD,inflation,0.5,mixed,constructed aggregate (sum/pair_divisor),both,0.0,0,0.5,False,False,2025-09-05
GBPNZD,labour,-0.5,mixed,constructed aggregate (sum/pair_divisor),both,-0.16666666666666666,0,-0.33333333333333337,False,False,2025-09-05
GBPNZD,monetary,1.0,base_only,direct (single indicator),base_only,0.5,0,0.5,False,True,2025-09-05
GBPCAD,growth,1.5,mixed,constructed aggregate (sum/pair_divisor),both,0.4583333333333333,0,1.0416666666666667,False,False,2025-09-05
GBPCAD,inflation,0.0,mixed,constructed aggregate (sum/pair_divisor),both,-0.16666666666666666,0,0.16666666666666666,False,False,2025-09-05
GBPCAD,labour,0.0,mixed,constructed aggregate (sum/pair_divisor),both,0.08333333333333334,0,-0.08333333333333334,False,False,2025-09-05
GBPCAD,monetary,2.0,both,direct (single indicator),both,1.0,1,1.0,False,True,2025-09-05
AUDJPY,growth,2.0,mixed,constructed aggregate (sum/pair_divisor),both,1.25,1,0.75,False,False,2025-09-05
AUDJPY,inflation,1.5,mixed,constructed aggregate (sum/pair_divisor),both,0.5833333333333333,1,0.9166666666666667,False,False,2025-09-05
AUDJPY,labour,-2.0,mixed,constructed aggregate (sum/pair_divisor),both,-1.0,-1,-1.0,False,False,2025-09-05
AUDJPY,monetary,-1.0,both,direct (single indicator),both,-0.5,0,-0.5,False,True,2025-09-05
NZDJPY,growth,0.5,mixed,constructed aggregate (sum/pair_divisor),both,0.5,0,0.0,False,False,2025-09-05
NZDJPY,inflation,0.5,mixed,constructed aggregate (sum/pair_divisor),both,0.25,0,0.25,False,False,2025-09-05
NZDJPY,labour,-2.0,mixed,constructed aggregate (sum/pair_divisor),both,-1.0,-1,-1.0,False,False,2025-09-05
NZDJPY,monetary,-1.0,quote_only,direct (single indicator),quote_only,-0.5,0,-0.5,False,True,2025-09-05
CADJPY,growth,-0.5,mixed,constructed aggregate (sum/pair_divisor),both,0.16666666666666669,0,-0.6666666666666667,False,False,2025-09-05
CADJPY,inflation,1.0,mixed,constructed aggregate (sum/pair_divisor),both,0.41666666666666663,0,0.5833333333333334,False,False,2025-09-05
CADJPY,labour,-2.5,mixed,constructed aggregate (sum/pair_divisor),both,-1.25,-1,-1.25,False,False,2025-09-05
CADJPY,monetary,-2.0,both,direct (single indicator),both,-1.0,-1,-1.0,False,True,2025-09-05
CHFJPY,growth,-0.5,mixed,constructed aggregate (sum/pair_divisor),both,0.0,0,-0.5,False,False,2025-09-05
CHFJPY,inflation,0.5,mixed,constructed aggregate (sum/pair_divisor),both,0.25,0,0.25,False,False,2025-09-05
CHFJPY,labour,-2.0,mixed,constructed aggregate (sum/pair_divisor),both,-1.0,-1,-1.0,False,False,2025-09-05
CHFJPY,monetary,-1.0,quote_only,direct (single indicator),quote_only,-0.5,0,-0.5,False,True,2025-09-05
AUDNZD,growth,1.5,mixed,constructed aggregate (sum/pair_divisor),both,0.75,1,0.75,False,False,2025-09-05
AUDNZD,inflation,1.0,mixed,constructed aggregate (sum/pair_divisor),both,0.3333333333333333,0,0.6666666666666667,False,False,2025-09-05
AUDNZD,labour,0.0,mixed,constructed aggregate (sum/pair_divisor),both,0.0,0,0.0,False,False,2025-09-05
AUDNZD,monetary,0.0,base_only,direct (single indicator),base_only,0.0,0,0.0,False,True,2025-09-05
AUDCAD,growth,2.5,mixed,constructed aggregate (sum/pair_divisor),both,1.0833333333333333,1,1.4166666666666667,False,False,2025-09-05
AUDCAD,inflation,0.5,mixed,constructed aggregate (sum/pair_divisor),both,0.16666666666666666,0,0.33333333333333337,False,False,2025-09-05
AUDCAD,labour,0.5,mixed,constructed aggregate (sum/pair_divisor),both,0.25,0,0.25,False,False,2025-09-05
AUDCAD,monetary,1.0,both,direct (single indicator),both,0.5,0,0.5,False,True,2025-09-05
AUDCHF,growth,2.5,mixed,constructed aggregate (sum/pair_divisor),both,1.25,1,1.25,False,False,2025-09-05
AUDCHF,inflation,1.0,mixed,constructed aggregate (sum/pair_divisor),both,0.3333333333333333,0,0.6666666666666667,False,False,2025-09-05
AUDCHF,labour,0.0,mixed,constructed aggregate (sum/pair_divisor),both,0.0,0,0.0,False,False,2025-09-05
AUDCHF,monetary,0.0,base_only,direct (single indicator),base_only,0.0,0,0.0,False,True,2025-09-05
NZDCAD,growth,1.0,mixed,constructed aggregate (sum/pair_divisor),both,0.3333333333333333,0,0.6666666666666667,False,False,2025-09-05
NZDCAD,inflation,-0.5,mixed,constructed aggregate (sum/pair_divisor),both,-0.16666666666666666,0,-0.33333333333333337,False,False,2025-09-05
NZDCAD,labour,0.5,mixed,constructed aggregate (sum/pair_divisor),both,0.25,0,0.25,False,False,2025-09-05
NZDCAD,monetary,1.0,quote_only,direct (single indicator),quote_only,0.5,0,0.5,False,True,2025-09-05
NZDCHF,growth,1.0,mixed,constructed aggregate (sum/pair_divisor),both,0.5,0,0.5,False,False,2025-09-05
NZDCHF,inflation,0.0,mixed,constructed aggregate (sum/pair_divisor),both,0.0,0,0.0,False,False,2025-09-05
NZDCHF,labour,0.0,mixed,constructed aggregate (sum/pair_divisor),both,0.0,0,0.0,False,False,2025-09-05
NZDCHF,monetary,,neither,direct (single indicator),neither,0.0,0,,False,True,2025-09-05
CADCHF,growth,0.0,mixed,constructed aggregate (sum/pair_divisor),both,0.16666666666666669,0,-0.16666666666666669,False,False,2025-09-05
CADCHF,inflation,0.5,mixed,constructed aggregate (sum/pair_divisor),both,0.16666666666666666,0,0.33333333333333337,False,False,2025-09-05
CADCHF,labour,-0.5,mixed,constructed aggregate (sum/pair_divisor),both,-0.25,0,-0.25,False,False,2025-09-05
CADCHF,monetary,-1.0,base_only,direct (single indicator),base_only,-0.5,0,-0.5,False,True,2025-09-05
EURUSD,growth,-0.5,mixed,constructed aggregate (sum/pair_divisor),both,-0.25,0,-0.25,False,False,2025-09-12
EURUSD,inflation,1.0,mixed,constructed aggregate (sum/pair_divisor),both,0.3333333333333333,0,0.6666666666666667,False,False,2025-09-12
EURUSD,labour,1.5,mixed,constructed aggregate (sum/pair_divisor),both,0.25,0,1.25,False,False,2025-09-12
EURUSD,monetary,0.0,both,direct (single indicator),both,0.0,0,0.0,False,True,2025-09-12
GBPUSD,growth,0.5,both,constructed aggregate (sum/pair_divisor),both,0.125,0,0.375,False,False,2025-09-12
GBPUSD,inflation,0.5,mixed,constructed aggregate (sum/pair_divisor),both,0.0,0,0.5,False,False,2025-09-12
GBPUSD,labour,1.0,mixed,constructed aggregate (sum/pair_divisor),both,0.08333333333333334,0,0.9166666666666666,False,False,2025-09-12
GBPUSD,monetary,1.0,both,direct (single indicator),both,0.5,0,0.5,False,True,2025-09-12
USDJPY,growth,0.5,mixed,constructed aggregate (sum/pair_divisor),both,0.5,0,0.0,False,False,2025-09-12
USDJPY,inflation,0.5,mixed,constructed aggregate (sum/pair_divisor),both,0.25,0,0.25,False,False,2025-09-12
USDJPY,labour,-3.5,mixed,constructed aggregate (sum/pair_divisor),both,-1.25,-1,-2.25,False,False,2025-09-12
USDJPY,monetary,-1.0,both,direct (single indicator),both,-0.5,0,-0.5,False,True,2025-09-12
USDCHF,growth,1.0,mixed,constructed aggregate (sum/pair_divisor),both,0.5,0,0.5,False,False,2025-09-12
USDCHF,inflation,0.0,mixed,constructed aggregate (sum/pair_divisor),both,0.0,0,0.0,False,False,2025-09-12
USDCHF,labour,-1.5,mixed,constructed aggregate (sum/pair_divisor),both,-0.25,0,-1.25,False,False,2025-09-12
USDCHF,monetary,0.0,base_only,direct (single indicator),base_only,0.0,0,0.0,False,True,2025-09-12
USDCAD,growth,1.0,mixed,constructed aggregate (sum/pair_divisor),both,0.3333333333333333,0,0.6666666666666667,False,False,2025-09-12
USDCAD,inflation,-0.5,mixed,constructed aggregate (sum/pair_divisor),both,-0.16666666666666666,0,-0.33333333333333337,False,False,2025-09-12
USDCAD,labour,-1.0,mixed,constructed aggregate (sum/pair_divisor),both,0.0,0,-1.0,False,False,2025-09-12
USDCAD,monetary,2.0,both,direct (single indicator),both,1.0,1,1.0,False,True,2025-09-12
AUDUSD,growth,1.5,mixed,constructed aggregate (sum/pair_divisor),both,0.75,1,0.75,False,False,2025-09-12
AUDUSD,inflation,1.0,mixed,constructed aggregate (sum/pair_divisor),both,0.3333333333333333,0,0.6666666666666667,False,False,2025-09-12
AUDUSD,labour,1.5,mixed,constructed aggregate (sum/pair_divisor),both,0.25,0,1.25,False,False,2025-09-12
AUDUSD,monetary,0.0,both,direct (single indicator),both,0.0,0,0.0,False,True,2025-09-12
NZDUSD,growth,0.0,both,constructed aggregate (sum/pair_divisor),both,0.0,0,0.0,False,False,2025-09-12
NZDUSD,inflation,0.0,mixed,constructed aggregate (sum/pair_divisor),both,0.0,0,0.0,False,False,2025-09-12
NZDUSD,labour,1.5,mixed,constructed aggregate (sum/pair_divisor),both,0.25,0,1.25,False,False,2025-09-12
NZDUSD,monetary,0.0,quote_only,direct (single indicator),quote_only,0.0,0,0.0,False,True,2025-09-12
EURGBP,growth,-1.0,mixed,constructed aggregate (sum/pair_divisor),both,-0.375,0,-0.625,False,False,2025-09-12
EURGBP,inflation,0.5,mixed,constructed aggregate (sum/pair_divisor),both,0.3333333333333333,0,0.16666666666666669,False,False,2025-09-12
EURGBP,labour,0.5,mixed,constructed aggregate (sum/pair_divisor),both,0.16666666666666666,0,0.33333333333333337,False,False,2025-09-12
EURGBP,monetary,-1.0,both,direct (single indicator),both,-0.5,0,-0.5,False,True,2025-09-12
EURJPY,growth,0.0,mixed,constructed aggregate (sum/pair_divisor),both,0.25,0,-0.25,False,False,2025-09-12
EURJPY,inflation,1.5,mixed,constructed aggregate (sum/pair_divisor),both,0.5833333333333333,1,0.9166666666666667,False,False,2025-09-12
EURJPY,labour,-2.0,mixed,constructed aggregate (sum/pair_divisor),both,-1.0,-1,-1.0,False,False,2025-09-12
EURJPY,monetary,-1.0,both,direct (single indicator),both,-0.5,0,-0.5,False,True,2025-09-12
EURCHF,growth,0.5,mixed,constructed aggregate (sum/pair_divisor),both,0.25,0,0.25,False,False,2025-09-12
EURCHF,inflation,1.0,mixed,constructed aggregate (sum/pair_divisor),both,0.3333333333333333,0,0.6666666666666667,False,False,2025-09-12
EURCHF,labour,0.0,mixed,constructed aggregate (sum/pair_divisor),both,0.0,0,0.0,False,False,2025-09-12
EURCHF,monetary,0.0,base_only,direct (single indicator),base_only,0.0,0,0.0,False,True,2025-09-12
EURAUD,growth,-2.0,mixed,constructed aggregate (sum/pair_divisor),both,-1.0,-1,-1.0,False,False,2025-09-12
EURAUD,inflation,0.0,mixed,constructed aggregate (sum/pair_divisor),both,0.0,0,0.0,False,False,2025-09-12
EURAUD,labour,0.0,mixed,constructed aggregate (sum/pair_divisor),both,0.0,0,0.0,False,False,2025-09-12
EURAUD,monetary,0.0,both,direct (single indicator),both,0.0,0,0.0,False,True,2025-09-12
EURNZD,growth,-0.5,mixed,constructed aggregate (sum/pair_divisor),both,-0.25,0,-0.25,False,False,2025-09-12
EURNZD,inflation,1.0,mixed,constructed aggregate (sum/pair_divisor),both,0.3333333333333333,0,0.6666666666666667,False,False,2025-09-12
EURNZD,labour,0.0,mixed,constructed aggregate (sum/pair_divisor),both,0.0,0,0.0,False,False,2025-09-12
EURNZD,monetary,0.0,base_only,direct (single indicator),base_only,0.0,0,0.0,False,True,2025-09-12
EURCAD,growth,0.5,mixed,constructed aggregate (sum/pair_divisor),both,0.08333333333333331,0,0.4166666666666667,False,False,2025-09-12
EURCAD,inflation,0.5,mixed,constructed aggregate (sum/pair_divisor),both,0.16666666666666666,0,0.33333333333333337,False,False,2025-09-12
EURCAD,labour,0.5,mixed,constructed aggregate (sum/pair_divisor),both,0.25,0,0.25,False,False,2025-09-12
EURCAD,monetary,2.0,both,direct (single indicator),both,1.0,1,1.0,False,True,2025-09-12
GBPJPY,growth,1.0,mixed,constructed aggregate (sum/pair_divisor),both,0.625,1,0.375,False,False,2025-09-12
GBPJPY,inflation,1.0,mixed,constructed aggregate (sum/pair_divisor),both,0.25,0,0.75,False,False,2025-09-12
GBPJPY,labour,-2.5,mixed,constructed aggregate (sum/pair_divisor),both,-1.1666666666666667,-1,-1.3333333333333333,False,False,2025-09-12
GBPJPY,monetary,0.0,both,direct (single indicator),both,0.0,0,0.0,False,True,2025-09-12
GBPCHF,growth,1.5,mixed,constructed aggregate (sum/pair_divisor),both,0.625,1,0.875,False,False,2025-09-12
GBPCHF,inflation,0.5,mixed,constructed aggregate (sum/pair_divisor),both,0.0,0,0.5,False,False,2025-09-12
GBPCHF,labour,-0.5,mixed,constructed aggregate (sum/pair_divisor),both,-0.16666666666666666,0,-0.33333333333333337,False,False,2025-09-12
GBPCHF,monetary,1.0,base_only,direct (single indicator),base_only,0.5,0,0.5,False,True,2025-09-12
GBPAUD,growth,-1.0,mixed,constructed aggregate (sum/pair_divisor),both,-0.625,-1,-0.375,False,False,2025-09-12
GBPAUD,inflation,-0.5,mixed,constructed aggregate (sum/pair_divisor),both,-0.3333333333333333,0,-0.16666666666666669,False,False,2025-09-12
GBPAUD,labour,-0.5,mixed,constructed aggregate (sum/pair_divisor),both,-0.16666666666666666,0,-0.33333333333333337,False,False,2025-09-12
GBPAUD,monetary,1.0,both,direct (single indicator),both,0.5,0,0.5,False,True,2025-09-12
GBPNZD,growth,0.5,both,constructed aggregate (sum/pair_divisor),both,0.125,0,0.375,False,False,2025-09-12
GBPNZD,inflation,0.5,mixed,constructed aggregate (sum/pair_divisor),both,0.0,0,0.5,False,False,2025-09-12
GBPNZD,labour,-0.5,mixed,constructed aggregate (sum/pair_divisor),both,-0.16666666666666666,0,-0.33333333333333337,False,False,2025-09-12
GBPNZD,monetary,1.0,base_only,direct (single indicator),base_only,0.5,0,0.5,False,True,2025-09-12
GBPCAD,growth,1.5,mixed,constructed aggregate (sum/pair_divisor),both,0.4583333333333333,0,1.0416666666666667,False,False,2025-09-12
GBPCAD,inflation,0.0,mixed,constructed aggregate (sum/pair_divisor),both,-0.16666666666666666,0,0.16666666666666666,False,False,2025-09-12
GBPCAD,labour,0.0,mixed,constructed aggregate (sum/pair_divisor),both,0.08333333333333334,0,-0.08333333333333334,False,False,2025-09-12
GBPCAD,monetary,3.0,both,direct (single indicator),both,1.5,2,1.5,False,True,2025-09-12
AUDJPY,growth,2.0,mixed,constructed aggregate (sum/pair_divisor),both,1.25,1,0.75,False,False,2025-09-12
AUDJPY,inflation,1.5,mixed,constructed aggregate (sum/pair_divisor),both,0.5833333333333333,1,0.9166666666666667,False,False,2025-09-12
AUDJPY,labour,-2.0,mixed,constructed aggregate (sum/pair_divisor),both,-1.0,-1,-1.0,False,False,2025-09-12
AUDJPY,monetary,-1.0,both,direct (single indicator),both,-0.5,0,-0.5,False,True,2025-09-12
NZDJPY,growth,0.5,mixed,constructed aggregate (sum/pair_divisor),both,0.5,0,0.0,False,False,2025-09-12
NZDJPY,inflation,0.5,mixed,constructed aggregate (sum/pair_divisor),both,0.25,0,0.25,False,False,2025-09-12
NZDJPY,labour,-2.0,mixed,constructed aggregate (sum/pair_divisor),both,-1.0,-1,-1.0,False,False,2025-09-12
NZDJPY,monetary,-1.0,quote_only,direct (single indicator),quote_only,-0.5,0,-0.5,False,True,2025-09-12
CADJPY,growth,-0.5,mixed,constructed aggregate (sum/pair_divisor),both,0.16666666666666669,0,-0.6666666666666667,False,False,2025-09-12
CADJPY,inflation,1.0,mixed,constructed aggregate (sum/pair_divisor),both,0.41666666666666663,0,0.5833333333333334,False,False,2025-09-12
CADJPY,labour,-2.5,mixed,constructed aggregate (sum/pair_divisor),both,-1.25,-1,-1.25,False,False,2025-09-12
CADJPY,monetary,-3.0,both,direct (single indicator),both,-1.5,-2,-1.5,False,True,2025-09-12
CHFJPY,growth,-0.5,mixed,constructed aggregate (sum/pair_divisor),both,0.0,0,-0.5,False,False,2025-09-12
CHFJPY,inflation,0.5,mixed,constructed aggregate (sum/pair_divisor),both,0.25,0,0.25,False,False,2025-09-12
CHFJPY,labour,-2.0,mixed,constructed aggregate (sum/pair_divisor),both,-1.0,-1,-1.0,False,False,2025-09-12
CHFJPY,monetary,-1.0,quote_only,direct (single indicator),quote_only,-0.5,0,-0.5,False,True,2025-09-12
AUDNZD,growth,1.5,mixed,constructed aggregate (sum/pair_divisor),both,0.75,1,0.75,False,False,2025-09-12
AUDNZD,inflation,1.0,mixed,constructed aggregate (sum/pair_divisor),both,0.3333333333333333,0,0.6666666666666667,False,False,2025-09-12
AUDNZD,labour,0.0,mixed,constructed aggregate (sum/pair_divisor),both,0.0,0,0.0,False,False,2025-09-12
AUDNZD,monetary,0.0,base_only,direct (single indicator),base_only,0.0,0,0.0,False,True,2025-09-12
AUDCAD,growth,2.5,mixed,constructed aggregate (sum/pair_divisor),both,1.0833333333333333,1,1.4166666666666667,False,False,2025-09-12
AUDCAD,inflation,0.5,mixed,constructed aggregate (sum/pair_divisor),both,0.16666666666666666,0,0.33333333333333337,False,False,2025-09-12
AUDCAD,labour,0.5,mixed,constructed aggregate (sum/pair_divisor),both,0.25,0,0.25,False,False,2025-09-12
AUDCAD,monetary,2.0,both,direct (single indicator),both,1.0,1,1.0,False,True,2025-09-12
AUDCHF,growth,2.5,mixed,constructed aggregate (sum/pair_divisor),both,1.25,1,1.25,False,False,2025-09-12
AUDCHF,inflation,1.0,mixed,constructed aggregate (sum/pair_divisor),both,0.3333333333333333,0,0.6666666666666667,False,False,2025-09-12
AUDCHF,labour,0.0,mixed,constructed aggregate (sum/pair_divisor),both,0.0,0,0.0,False,False,2025-09-12
AUDCHF,monetary,0.0,base_only,direct (single indicator),base_only,0.0,0,0.0,False,True,2025-09-12
NZDCAD,growth,1.0,mixed,constructed aggregate (sum/pair_divisor),both,0.3333333333333333,0,0.6666666666666667,False,False,2025-09-12
NZDCAD,inflation,-0.5,mixed,constructed aggregate (sum/pair_divisor),both,-0.16666666666666666,0,-0.33333333333333337,False,False,2025-09-12
NZDCAD,labour,0.5,mixed,constructed aggregate (sum/pair_divisor),both,0.25,0,0.25,False,False,2025-09-12
NZDCAD,monetary,2.0,quote_only,direct (single indicator),quote_only,1.0,1,1.0,False,True,2025-09-12
NZDCHF,growth,1.0,mixed,constructed aggregate (sum/pair_divisor),both,0.5,0,0.5,False,False,2025-09-12
NZDCHF,inflation,0.0,mixed,constructed aggregate (sum/pair_divisor),both,0.0,0,0.0,False,False,2025-09-12
NZDCHF,labour,0.0,mixed,constructed aggregate (sum/pair_divisor),both,0.0,0,0.0,False,False,2025-09-12
NZDCHF,monetary,,neither,direct (single indicator),neither,0.0,0,,False,True,2025-09-12
CADCHF,growth,0.0,mixed,constructed aggregate (sum/pair_divisor),both,0.16666666666666669,0,-0.16666666666666669,False,False,2025-09-12
CADCHF,inflation,0.5,mixed,constructed aggregate (sum/pair_divisor),both,0.16666666666666666,0,0.33333333333333337,False,False,2025-09-12
CADCHF,labour,-0.5,mixed,constructed aggregate (sum/pair_divisor),both,-0.25,0,-0.25,False,False,2025-09-12
CADCHF,monetary,-2.0,base_only,direct (single indicator),base_only,-1.0,-1,-1.0,False,True,2025-09-12
EURUSD,growth,-1.0,mixed,constructed aggregate (sum/pair_divisor),both,-0.375,0,-0.625,False,False,2025-09-19
EURUSD,inflation,1.0,mixed,constructed aggregate (sum/pair_divisor),both,0.3333333333333333,0,0.6666666666666667,False,False,2025-09-19
EURUSD,labour,0.0,mixed,constructed aggregate (sum/pair_divisor),both,0.0,0,0.0,False,False,2025-09-19
EURUSD,monetary,1.0,both,direct (single indicator),both,0.5,0,0.5,False,True,2025-09-19
GBPUSD,growth,0.0,both,constructed aggregate (sum/pair_divisor),both,0.0,0,0.0,False,False,2025-09-19
GBPUSD,inflation,0.5,mixed,constructed aggregate (sum/pair_divisor),both,0.0,0,0.5,False,False,2025-09-19
GBPUSD,labour,0.0,mixed,constructed aggregate (sum/pair_divisor),both,0.0,0,0.0,False,False,2025-09-19
GBPUSD,monetary,1.0,both,direct (single indicator),both,0.5,0,0.5,False,True,2025-09-19
USDJPY,growth,1.0,mixed,constructed aggregate (sum/pair_divisor),both,0.625,1,0.375,False,False,2025-09-19
USDJPY,inflation,1.0,mixed,constructed aggregate (sum/pair_divisor),both,0.5,0,0.5,False,False,2025-09-19
USDJPY,labour,-2.0,mixed,constructed aggregate (sum/pair_divisor),both,-1.0,-1,-1.0,False,False,2025-09-19
USDJPY,monetary,-2.0,both,direct (single indicator),both,-1.0,-1,-1.0,False,True,2025-09-19
USDCHF,growth,1.5,mixed,constructed aggregate (sum/pair_divisor),both,0.625,1,0.875,False,False,2025-09-19
USDCHF,inflation,0.0,mixed,constructed aggregate (sum/pair_divisor),both,0.0,0,0.0,False,False,2025-09-19
USDCHF,labour,0.0,mixed,constructed aggregate (sum/pair_divisor),both,0.0,0,0.0,False,False,2025-09-19
USDCHF,monetary,-1.0,base_only,direct (single indicator),base_only,-0.5,0,-0.5,False,True,2025-09-19
USDCAD,growth,1.5,mixed,constructed aggregate (sum/pair_divisor),both,0.4583333333333333,0,1.0416666666666667,False,False,2025-09-19
USDCAD,inflation,-0.5,mixed,constructed aggregate (sum/pair_divisor),both,-0.16666666666666666,0,-0.33333333333333337,False,False,2025-09-19
USDCAD,labour,0.5,mixed,constructed aggregate (sum/pair_divisor),both,0.25,0,0.25,False,False,2025-09-19
USDCAD,monetary,1.0,both,direct (single indicator),both,0.5,0,0.5,False,True,2025-09-19
AUDUSD,growth,1.0,mixed,constructed aggregate (sum/pair_divisor),both,0.375,0,0.625,False,False,2025-09-19
AUDUSD,inflation,1.0,mixed,constructed aggregate (sum/pair_divisor),both,0.3333333333333333,0,0.6666666666666667,False,False,2025-09-19
AUDUSD,labour,0.0,mixed,constructed aggregate (sum/pair_divisor),both,0.0,0,0.0,False,False,2025-09-19
AUDUSD,monetary,1.0,both,direct (single indicator),both,0.5,0,0.5,False,True,2025-09-19
NZDUSD,growth,-1.0,both,constructed aggregate (sum/pair_divisor),both,-0.25,0,-0.75,False,False,2025-09-19
NZDUSD,inflation,0.0,mixed,constructed aggregate (sum/pair_divisor),both,0.0,0,0.0,False,False,2025-09-19
NZDUSD,labour,0.0,mixed,constructed aggregate (sum/pair_divisor),both,0.0,0,0.0,False,False,2025-09-19
NZDUSD,monetary,1.0,quote_only,direct (single indicator),quote_only,0.5,0,0.5,False,True,2025-09-19
EURGBP,growth,-1.0,mixed,constructed aggregate (sum/pair_divisor),both,-0.375,0,-0.625,False,False,2025-09-19
EURGBP,inflation,0.5,mixed,constructed aggregate (sum/pair_divisor),both,0.3333333333333333,0,0.16666666666666669,False,False,2025-09-19
EURGBP,labour,0.0,mixed,constructed aggregate (sum/pair_divisor),both,0.0,0,0.0,False,False,2025-09-19
EURGBP,monetary,0.0,both,direct (single indicator),both,0.0,0,0.0,False,True,2025-09-19
EURJPY,growth,0.0,mixed,constructed aggregate (sum/pair_divisor),both,0.25,0,-0.25,False,False,2025-09-19
EURJPY,inflation,2.0,mixed,constructed aggregate (sum/pair_divisor),both,0.8333333333333333,1,1.1666666666666667,False,False,2025-09-19
EURJPY,labour,-2.0,mixed,constructed aggregate (sum/pair_divisor),both,-1.0,-1,-1.0,False,False,2025-09-19
EURJPY,monetary,-1.0,both,direct (single indicator),both,-0.5,0,-0.5,False,True,2025-09-19
EURCHF,growth,0.5,mixed,constructed aggregate (sum/pair_divisor),both,0.25,0,0.25,False,False,2025-09-19
EURCHF,inflation,1.0,mixed,constructed aggregate (sum/pair_divisor),both,0.3333333333333333,0,0.6666666666666667,False,False,2025-09-19
EURCHF,labour,0.0,mixed,constructed aggregate (sum/pair_divisor),both,0.0,0,0.0,False,False,2025-09-19
EURCHF,monetary,0.0,base_only,direct (single indicator),base_only,0.0,0,0.0,False,True,2025-09-19
EURAUD,growth,-2.0,mixed,constructed aggregate (sum/pair_divisor),both,-0.75,-1,-1.25,False,False,2025-09-19
EURAUD,inflation,0.0,mixed,constructed aggregate (sum/pair_divisor),both,0.0,0,0.0,False,False,2025-09-19
EURAUD,labour,0.0,mixed,constructed aggregate (sum/pair_divisor),both,0.0,0,0.0,False,False,2025-09-19
EURAUD,monetary,0.0,both,direct (single indicator),both,0.0,0,0.0,False,True,2025-09-19
EURNZD,growth,0.0,mixed,constructed aggregate (sum/pair_divisor),both,-0.125,0,0.125,False,False,2025-09-19
EURNZD,inflation,1.0,mixed,constructed aggregate (sum/pair_divisor),both,0.3333333333333333,0,0.6666666666666667,False,False,2025-09-19
EURNZD,labour,0.0,mixed,constructed aggregate (sum/pair_divisor),both,0.0,0,0.0,False,False,2025-09-19
EURNZD,monetary,0.0,base_only,direct (single indicator),base_only,0.0,0,0.0,False,True,2025-09-19
EURCAD,growth,0.5,mixed,constructed aggregate (sum/pair_divisor),both,0.08333333333333331,0,0.4166666666666667,False,False,2025-09-19
EURCAD,inflation,0.5,mixed,constructed aggregate (sum/pair_divisor),both,0.16666666666666666,0,0.33333333333333337,False,False,2025-09-19
EURCAD,labour,0.5,mixed,constructed aggregate (sum/pair_divisor),both,0.25,0,0.25,False,False,2025-09-19
EURCAD,monetary,2.0,both,direct (single indicator),both,1.0,1,1.0,False,True,2025-09-19
GBPJPY,growth,1.0,mixed,constructed aggregate (sum/pair_divisor),both,0.625,1,0.375,False,False,2025-09-19
GBPJPY,inflation,1.5,mixed,constructed aggregate (sum/pair_divisor),both,0.5,0,1.0,False,False,2025-09-19
GBPJPY,labour,-2.0,mixed,constructed aggregate (sum/pair_divisor),both,-1.0,-1,-1.0,False,False,2025-09-19
GBPJPY,monetary,-1.0,both,direct (single indicator),both,-0.5,0,-0.5,False,True,2025-09-19
GBPCHF,growth,1.5,mixed,constructed aggregate (sum/pair_divisor),both,0.625,1,0.875,False,False,2025-09-19
GBPCHF,inflation,0.5,mixed,constructed aggregate (sum/pair_divisor),both,0.0,0,0.5,False,False,2025-09-19
GBPCHF,labour,0.0,mixed,constructed aggregate (sum/pair_divisor),both,0.0,0,0.0,False,False,2025-09-19
GBPCHF,monetary,0.0,base_only,direct (single indicator),base_only,0.0,0,0.0,False,True,2025-09-19
GBPAUD,growth,-1.0,mixed,constructed aggregate (sum/pair_divisor),both,-0.375,0,-0.625,False,False,2025-09-19
GBPAUD,inflation,-0.5,mixed,constructed aggregate (sum/pair_divisor),both,-0.3333333333333333,0,-0.16666666666666669,False,False,2025-09-19
GBPAUD,labour,0.0,mixed,constructed aggregate (sum/pair_divisor),both,0.0,0,0.0,False,False,2025-09-19
GBPAUD,monetary,0.0,both,direct (single indicator),both,0.0,0,0.0,False,True,2025-09-19
GBPNZD,growth,1.0,both,constructed aggregate (sum/pair_divisor),both,0.25,0,0.75,False,False,2025-09-19
GBPNZD,inflation,0.5,mixed,constructed aggregate (sum/pair_divisor),both,0.0,0,0.5,False,False,2025-09-19
GBPNZD,labour,0.0,mixed,constructed aggregate (sum/pair_divisor),both,0.0,0,0.0,False,False,2025-09-19
GBPNZD,monetary,0.0,base_only,direct (single indicator),base_only,0.0,0,0.0,False,True,2025-09-19
GBPCAD,growth,1.5,mixed,constructed aggregate (sum/pair_divisor),both,0.4583333333333333,0,1.0416666666666667,False,False,2025-09-19
GBPCAD,inflation,0.0,mixed,constructed aggregate (sum/pair_divisor),both,-0.16666666666666666,0,0.16666666666666666,False,False,2025-09-19
GBPCAD,labour,0.5,mixed,constructed aggregate (sum/pair_divisor),both,0.25,0,0.25,False,False,2025-09-19
GBPCAD,monetary,2.0,both,direct (single indicator),both,1.0,1,1.0,False,True,2025-09-19
AUDJPY,growth,2.0,mixed,constructed aggregate (sum/pair_divisor),both,1.0,1,1.0,False,False,2025-09-19
AUDJPY,inflation,2.0,mixed,constructed aggregate (sum/pair_divisor),both,0.8333333333333333,1,1.1666666666666667,False,False,2025-09-19
AUDJPY,labour,-2.0,mixed,constructed aggregate (sum/pair_divisor),both,-1.0,-1,-1.0,False,False,2025-09-19
AUDJPY,monetary,-1.0,both,direct (single indicator),both,-0.5,0,-0.5,False,True,2025-09-19
NZDJPY,growth,0.0,mixed,constructed aggregate (sum/pair_divisor),both,0.375,0,-0.375,False,False,2025-09-19
NZDJPY,inflation,1.0,mixed,constructed aggregate (sum/pair_divisor),both,0.5,0,0.5,False,False,2025-09-19
NZDJPY,labour,-2.0,mixed,constructed aggregate (sum/pair_divisor),both,-1.0,-1,-1.0,False,False,2025-09-19
NZDJPY,monetary,-1.0,quote_only,direct (single indicator),quote_only,-0.5,0,-0.5,False,True,2025-09-19
CADJPY,growth,-0.5,mixed,constructed aggregate (sum/pair_divisor),both,0.16666666666666669,0,-0.6666666666666667,False,False,2025-09-19
CADJPY,inflation,1.5,mixed,constructed aggregate (sum/pair_divisor),both,0.6666666666666666,1,0.8333333333333334,False,False,2025-09-19
CADJPY,labour,-2.5,mixed,constructed aggregate (sum/pair_divisor),both,-1.25,-1,-1.25,False,False,2025-09-19
CADJPY,monetary,-3.0,both,direct (single indicator),both,-1.5,-2,-1.5,False,True,2025-09-19
CHFJPY,growth,-0.5,mixed,constructed aggregate (sum/pair_divisor),both,0.0,0,-0.5,False,False,2025-09-19
CHFJPY,inflation,1.0,mixed,constructed aggregate (sum/pair_divisor),both,0.5,0,0.5,False,False,2025-09-19
CHFJPY,labour,-2.0,mixed,constructed aggregate (sum/pair_divisor),both,-1.0,-1,-1.0,False,False,2025-09-19
CHFJPY,monetary,-1.0,quote_only,direct (single indicator),quote_only,-0.5,0,-0.5,False,True,2025-09-19
AUDNZD,growth,2.0,mixed,constructed aggregate (sum/pair_divisor),both,0.625,1,1.375,False,False,2025-09-19
AUDNZD,inflation,1.0,mixed,constructed aggregate (sum/pair_divisor),both,0.3333333333333333,0,0.6666666666666667,False,False,2025-09-19
AUDNZD,labour,0.0,mixed,constructed aggregate (sum/pair_divisor),both,0.0,0,0.0,False,False,2025-09-19
AUDNZD,monetary,0.0,base_only,direct (single indicator),base_only,0.0,0,0.0,False,True,2025-09-19
AUDCAD,growth,2.5,mixed,constructed aggregate (sum/pair_divisor),both,0.8333333333333333,1,1.6666666666666667,False,False,2025-09-19
AUDCAD,inflation,0.5,mixed,constructed aggregate (sum/pair_divisor),both,0.16666666666666666,0,0.33333333333333337,False,False,2025-09-19
AUDCAD,labour,0.5,mixed,constructed aggregate (sum/pair_divisor),both,0.25,0,0.25,False,False,2025-09-19
AUDCAD,monetary,2.0,both,direct (single indicator),both,1.0,1,1.0,False,True,2025-09-19
AUDCHF,growth,2.5,mixed,constructed aggregate (sum/pair_divisor),both,1.0,1,1.5,False,False,2025-09-19
AUDCHF,inflation,1.0,mixed,constructed aggregate (sum/pair_divisor),both,0.3333333333333333,0,0.6666666666666667,False,False,2025-09-19
AUDCHF,labour,0.0,mixed,constructed aggregate (sum/pair_divisor),both,0.0,0,0.0,False,False,2025-09-19
AUDCHF,monetary,0.0,base_only,direct (single indicator),base_only,0.0,0,0.0,False,True,2025-09-19
NZDCAD,growth,0.5,mixed,constructed aggregate (sum/pair_divisor),both,0.20833333333333331,0,0.2916666666666667,False,False,2025-09-19
NZDCAD,inflation,-0.5,mixed,constructed aggregate (sum/pair_divisor),both,-0.16666666666666666,0,-0.33333333333333337,False,False,2025-09-19
NZDCAD,labour,0.5,mixed,constructed aggregate (sum/pair_divisor),both,0.25,0,0.25,False,False,2025-09-19
NZDCAD,monetary,2.0,quote_only,direct (single indicator),quote_only,1.0,1,1.0,False,True,2025-09-19
NZDCHF,growth,0.5,mixed,constructed aggregate (sum/pair_divisor),both,0.375,0,0.125,False,False,2025-09-19
NZDCHF,inflation,0.0,mixed,constructed aggregate (sum/pair_divisor),both,0.0,0,0.0,False,False,2025-09-19
NZDCHF,labour,0.0,mixed,constructed aggregate (sum/pair_divisor),both,0.0,0,0.0,False,False,2025-09-19
NZDCHF,monetary,,neither,direct (single indicator),neither,0.0,0,,False,True,2025-09-19
CADCHF,growth,0.0,mixed,constructed aggregate (sum/pair_divisor),both,0.16666666666666669,0,-0.16666666666666669,False,False,2025-09-19
CADCHF,inflation,0.5,mixed,constructed aggregate (sum/pair_divisor),both,0.16666666666666666,0,0.33333333333333337,False,False,2025-09-19
CADCHF,labour,-0.5,mixed,constructed aggregate (sum/pair_divisor),both,-0.25,0,-0.25,False,False,2025-09-19
CADCHF,monetary,-2.0,base_only,direct (single indicator),base_only,-1.0,-1,-1.0,False,True,2025-09-19
EURUSD,growth,-1.0,mixed,constructed aggregate (sum/pair_divisor),both,-0.375,0,-0.625,False,False,2025-09-26
EURUSD,inflation,1.0,mixed,constructed aggregate (sum/pair_divisor),both,0.3333333333333333,0,0.6666666666666667,False,False,2025-09-26
EURUSD,labour,0.0,mixed,constructed aggregate (sum/pair_divisor),both,0.0,0,0.0,False,False,2025-09-26
EURUSD,monetary,1.0,both,direct (single indicator),both,0.5,0,0.5,False,True,2025-09-26
GBPUSD,growth,0.0,both,constructed aggregate (sum/pair_divisor),both,0.0,0,0.0,False,False,2025-09-26
GBPUSD,inflation,0.5,mixed,constructed aggregate (sum/pair_divisor),both,0.0,0,0.5,False,False,2025-09-26
GBPUSD,labour,0.0,mixed,constructed aggregate (sum/pair_divisor),both,0.0,0,0.0,False,False,2025-09-26
GBPUSD,monetary,0.0,both,direct (single indicator),both,0.0,0,0.0,False,True,2025-09-26
USDJPY,growth,1.0,mixed,constructed aggregate (sum/pair_divisor),both,0.625,1,0.375,False,False,2025-09-26
USDJPY,inflation,0.0,mixed,constructed aggregate (sum/pair_divisor),both,0.0,0,0.0,False,False,2025-09-26
USDJPY,labour,-2.0,mixed,constructed aggregate (sum/pair_divisor),both,-1.0,-1,-1.0,False,False,2025-09-26
USDJPY,monetary,-1.0,both,direct (single indicator),both,-0.5,0,-0.5,False,True,2025-09-26
USDCHF,growth,1.5,mixed,constructed aggregate (sum/pair_divisor),both,0.625,1,0.875,False,False,2025-09-26
USDCHF,inflation,0.0,mixed,constructed aggregate (sum/pair_divisor),both,0.0,0,0.0,False,False,2025-09-26
USDCHF,labour,0.0,mixed,constructed aggregate (sum/pair_divisor),both,0.0,0,0.0,False,False,2025-09-26
USDCHF,monetary,0.0,base_only,direct (single indicator),base_only,0.0,0,0.0,False,True,2025-09-26
USDCAD,growth,1.5,mixed,constructed aggregate (sum/pair_divisor),both,0.4583333333333333,0,1.0416666666666667,False,False,2025-09-26
USDCAD,inflation,0.0,mixed,constructed aggregate (sum/pair_divisor),both,0.0,0,0.0,False,False,2025-09-26
USDCAD,labour,0.5,mixed,constructed aggregate (sum/pair_divisor),both,0.25,0,0.25,False,False,2025-09-26
USDCAD,monetary,2.0,both,direct (single indicator),both,1.0,1,1.0,False,True,2025-09-26
AUDUSD,growth,1.0,mixed,constructed aggregate (sum/pair_divisor),both,0.375,0,0.625,False,False,2025-09-26
AUDUSD,inflation,1.0,mixed,constructed aggregate (sum/pair_divisor),both,0.3333333333333333,0,0.6666666666666667,False,False,2025-09-26
AUDUSD,labour,0.0,mixed,constructed aggregate (sum/pair_divisor),both,0.0,0,0.0,False,False,2025-09-26
AUDUSD,monetary,1.0,both,direct (single indicator),both,0.5,0,0.5,False,True,2025-09-26
NZDUSD,growth,-1.0,both,constructed aggregate (sum/pair_divisor),both,-0.25,0,-0.75,False,False,2025-09-26
NZDUSD,inflation,0.0,mixed,constructed aggregate (sum/pair_divisor),both,0.0,0,0.0,False,False,2025-09-26
NZDUSD,labour,0.0,mixed,constructed aggregate (sum/pair_divisor),both,0.0,0,0.0,False,False,2025-09-26
NZDUSD,monetary,0.0,quote_only,direct (single indicator),quote_only,0.0,0,0.0,False,True,2025-09-26
EURGBP,growth,-1.0,mixed,constructed aggregate (sum/pair_divisor),both,-0.375,0,-0.625,False,False,2025-09-26
EURGBP,inflation,0.5,mixed,constructed aggregate (sum/pair_divisor),both,0.3333333333333333,0,0.16666666666666669,False,False,2025-09-26
EURGBP,labour,0.0,mixed,constructed aggregate (sum/pair_divisor),both,0.0,0,0.0,False,False,2025-09-26
EURGBP,monetary,1.0,both,direct (single indicator),both,0.5,0,0.5,False,True,2025-09-26
EURJPY,growth,0.0,mixed,constructed aggregate (sum/pair_divisor),both,0.25,0,-0.25,False,False,2025-09-26
EURJPY,inflation,1.0,mixed,constructed aggregate (sum/pair_divisor),both,0.3333333333333333,0,0.6666666666666667,False,False,2025-09-26
EURJPY,labour,-2.0,mixed,constructed aggregate (sum/pair_divisor),both,-1.0,-1,-1.0,False,False,2025-09-26
EURJPY,monetary,0.0,both,direct (single indicator),both,0.0,0,0.0,False,True,2025-09-26
EURCHF,growth,0.5,mixed,constructed aggregate (sum/pair_divisor),both,0.25,0,0.25,False,False,2025-09-26
EURCHF,inflation,1.0,mixed,constructed aggregate (sum/pair_divisor),both,0.3333333333333333,0,0.6666666666666667,False,False,2025-09-26
EURCHF,labour,0.0,mixed,constructed aggregate (sum/pair_divisor),both,0.0,0,0.0,False,False,2025-09-26
EURCHF,monetary,1.0,base_only,direct (single indicator),base_only,0.5,0,0.5,False,True,2025-09-26
EURAUD,growth,-2.0,mixed,constructed aggregate (sum/pair_divisor),both,-0.75,-1,-1.25,False,False,2025-09-26
EURAUD,inflation,0.0,mixed,constructed aggregate (sum/pair_divisor),both,0.0,0,0.0,False,False,2025-09-26
EURAUD,labour,0.0,mixed,constructed aggregate (sum/pair_divisor),both,0.0,0,0.0,False,False,2025-09-26
EURAUD,monetary,0.0,both,direct (single indicator),both,0.0,0,0.0,False,True,2025-09-26
EURNZD,growth,0.0,mixed,constructed aggregate (sum/pair_divisor),both,-0.125,0,0.125,False,False,2025-09-26
EURNZD,inflation,1.0,mixed,constructed aggregate (sum/pair_divisor),both,0.3333333333333333,0,0.6666666666666667,False,False,2025-09-26
EURNZD,labour,0.0,mixed,constructed aggregate (sum/pair_divisor),both,0.0,0,0.0,False,False,2025-09-26
EURNZD,monetary,1.0,base_only,direct (single indicator),base_only,0.5,0,0.5,False,True,2025-09-26
EURCAD,growth,0.5,mixed,constructed aggregate (sum/pair_divisor),both,0.08333333333333331,0,0.4166666666666667,False,False,2025-09-26
EURCAD,inflation,1.0,mixed,constructed aggregate (sum/pair_divisor),both,0.3333333333333333,0,0.6666666666666667,False,False,2025-09-26
EURCAD,labour,0.5,mixed,constructed aggregate (sum/pair_divisor),both,0.25,0,0.25,False,False,2025-09-26
EURCAD,monetary,3.0,both,direct (single indicator),both,1.5,2,1.5,False,True,2025-09-26
GBPJPY,growth,1.0,mixed,constructed aggregate (sum/pair_divisor),both,0.625,1,0.375,False,False,2025-09-26
GBPJPY,inflation,0.5,mixed,constructed aggregate (sum/pair_divisor),both,0.0,0,0.5,False,False,2025-09-26
GBPJPY,labour,-2.0,mixed,constructed aggregate (sum/pair_divisor),both,-1.0,-1,-1.0,False,False,2025-09-26
GBPJPY,monetary,-1.0,both,direct (single indicator),both,-0.5,0,-0.5,False,True,2025-09-26
GBPCHF,growth,1.5,mixed,constructed aggregate (sum/pair_divisor),both,0.625,1,0.875,False,False,2025-09-26
GBPCHF,inflation,0.5,mixed,constructed aggregate (sum/pair_divisor),both,0.0,0,0.5,False,False,2025-09-26
GBPCHF,labour,0.0,mixed,constructed aggregate (sum/pair_divisor),both,0.0,0,0.0,False,False,2025-09-26
GBPCHF,monetary,0.0,base_only,direct (single indicator),base_only,0.0,0,0.0,False,True,2025-09-26
GBPAUD,growth,-1.0,mixed,constructed aggregate (sum/pair_divisor),both,-0.375,0,-0.625,False,False,2025-09-26
GBPAUD,inflation,-0.5,mixed,constructed aggregate (sum/pair_divisor),both,-0.3333333333333333,0,-0.16666666666666669,False,False,2025-09-26
GBPAUD,labour,0.0,mixed,constructed aggregate (sum/pair_divisor),both,0.0,0,0.0,False,False,2025-09-26
GBPAUD,monetary,-1.0,both,direct (single indicator),both,-0.5,0,-0.5,False,True,2025-09-26
GBPNZD,growth,1.0,both,constructed aggregate (sum/pair_divisor),both,0.25,0,0.75,False,False,2025-09-26
GBPNZD,inflation,0.5,mixed,constructed aggregate (sum/pair_divisor),both,0.0,0,0.5,False,False,2025-09-26
GBPNZD,labour,0.0,mixed,constructed aggregate (sum/pair_divisor),both,0.0,0,0.0,False,False,2025-09-26
GBPNZD,monetary,0.0,base_only,direct (single indicator),base_only,0.0,0,0.0,False,True,2025-09-26
GBPCAD,growth,1.5,mixed,constructed aggregate (sum/pair_divisor),both,0.4583333333333333,0,1.0416666666666667,False,False,2025-09-26
GBPCAD,inflation,0.5,mixed,constructed aggregate (sum/pair_divisor),both,0.0,0,0.5,False,False,2025-09-26
GBPCAD,labour,0.5,mixed,constructed aggregate (sum/pair_divisor),both,0.25,0,0.25,False,False,2025-09-26
GBPCAD,monetary,2.0,both,direct (single indicator),both,1.0,1,1.0,False,True,2025-09-26
AUDJPY,growth,2.0,mixed,constructed aggregate (sum/pair_divisor),both,1.0,1,1.0,False,False,2025-09-26
AUDJPY,inflation,1.0,mixed,constructed aggregate (sum/pair_divisor),both,0.3333333333333333,0,0.6666666666666667,False,False,2025-09-26
AUDJPY,labour,-2.0,mixed,constructed aggregate (sum/pair_divisor),both,-1.0,-1,-1.0,False,False,2025-09-26
AUDJPY,monetary,0.0,both,direct (single indicator),both,0.0,0,0.0,False,True,2025-09-26
NZDJPY,growth,0.0,mixed,constructed aggregate (sum/pair_divisor),both,0.375,0,-0.375,False,False,2025-09-26
NZDJPY,inflation,0.0,mixed,constructed aggregate (sum/pair_divisor),both,0.0,0,0.0,False,False,2025-09-26
NZDJPY,labour,-2.0,mixed,constructed aggregate (sum/pair_divisor),both,-1.0,-1,-1.0,False,False,2025-09-26
NZDJPY,monetary,-1.0,quote_only,direct (single indicator),quote_only,-0.5,0,-0.5,False,True,2025-09-26
CADJPY,growth,-0.5,mixed,constructed aggregate (sum/pair_divisor),both,0.16666666666666669,0,-0.6666666666666667,False,False,2025-09-26
CADJPY,inflation,0.0,mixed,constructed aggregate (sum/pair_divisor),both,0.0,0,0.0,False,False,2025-09-26
CADJPY,labour,-2.5,mixed,constructed aggregate (sum/pair_divisor),both,-1.25,-1,-1.25,False,False,2025-09-26
CADJPY,monetary,-3.0,both,direct (single indicator),both,-1.5,-2,-1.5,False,True,2025-09-26
CHFJPY,growth,-0.5,mixed,constructed aggregate (sum/pair_divisor),both,0.0,0,-0.5,False,False,2025-09-26
CHFJPY,inflation,0.0,mixed,constructed aggregate (sum/pair_divisor),both,0.0,0,0.0,False,False,2025-09-26
CHFJPY,labour,-2.0,mixed,constructed aggregate (sum/pair_divisor),both,-1.0,-1,-1.0,False,False,2025-09-26
CHFJPY,monetary,-1.0,quote_only,direct (single indicator),quote_only,-0.5,0,-0.5,False,True,2025-09-26
AUDNZD,growth,2.0,mixed,constructed aggregate (sum/pair_divisor),both,0.625,1,1.375,False,False,2025-09-26
AUDNZD,inflation,1.0,mixed,constructed aggregate (sum/pair_divisor),both,0.3333333333333333,0,0.6666666666666667,False,False,2025-09-26
AUDNZD,labour,0.0,mixed,constructed aggregate (sum/pair_divisor),both,0.0,0,0.0,False,False,2025-09-26
AUDNZD,monetary,1.0,base_only,direct (single indicator),base_only,0.5,0,0.5,False,True,2025-09-26
AUDCAD,growth,2.5,mixed,constructed aggregate (sum/pair_divisor),both,0.8333333333333333,1,1.6666666666666667,False,False,2025-09-26
AUDCAD,inflation,1.0,mixed,constructed aggregate (sum/pair_divisor),both,0.3333333333333333,0,0.6666666666666667,False,False,2025-09-26
AUDCAD,labour,0.5,mixed,constructed aggregate (sum/pair_divisor),both,0.25,0,0.25,False,False,2025-09-26
AUDCAD,monetary,3.0,both,direct (single indicator),both,1.5,2,1.5,False,True,2025-09-26
AUDCHF,growth,2.5,mixed,constructed aggregate (sum/pair_divisor),both,1.0,1,1.5,False,False,2025-09-26
AUDCHF,inflation,1.0,mixed,constructed aggregate (sum/pair_divisor),both,0.3333333333333333,0,0.6666666666666667,False,False,2025-09-26
AUDCHF,labour,0.0,mixed,constructed aggregate (sum/pair_divisor),both,0.0,0,0.0,False,False,2025-09-26
AUDCHF,monetary,1.0,base_only,direct (single indicator),base_only,0.5,0,0.5,False,True,2025-09-26
NZDCAD,growth,0.5,mixed,constructed aggregate (sum/pair_divisor),both,0.20833333333333331,0,0.2916666666666667,False,False,2025-09-26
NZDCAD,inflation,0.0,mixed,constructed aggregate (sum/pair_divisor),both,0.0,0,0.0,False,False,2025-09-26
NZDCAD,labour,0.5,mixed,constructed aggregate (sum/pair_divisor),both,0.25,0,0.25,False,False,2025-09-26
NZDCAD,monetary,2.0,quote_only,direct (single indicator),quote_only,1.0,1,1.0,False,True,2025-09-26
NZDCHF,growth,0.5,mixed,constructed aggregate (sum/pair_divisor),both,0.375,0,0.125,False,False,2025-09-26
NZDCHF,inflation,0.0,mixed,constructed aggregate (sum/pair_divisor),both,0.0,0,0.0,False,False,2025-09-26
NZDCHF,labour,0.0,mixed,constructed aggregate (sum/pair_divisor),both,0.0,0,0.0,False,False,2025-09-26
NZDCHF,monetary,,neither,direct (single indicator),neither,0.0,0,,False,True,2025-09-26
CADCHF,growth,0.0,mixed,constructed aggregate (sum/pair_divisor),both,0.16666666666666669,0,-0.16666666666666669,False,False,2025-09-26
CADCHF,inflation,0.0,mixed,constructed aggregate (sum/pair_divisor),both,0.0,0,0.0,False,False,2025-09-26
CADCHF,labour,-0.5,mixed,constructed aggregate (sum/pair_divisor),both,-0.25,0,-0.25,False,False,2025-09-26
CADCHF,monetary,-2.0,base_only,direct (single indicator),base_only,-1.0,-1,-1.0,False,True,2025-09-26
EURUSD,growth,-1.0,mixed,constructed aggregate (sum/pair_divisor),both,-0.375,0,-0.625,False,False,2025-10-03
EURUSD,inflation,1.0,mixed,constructed aggregate (sum/pair_divisor),both,0.3333333333333333,0,0.6666666666666667,False,False,2025-10-03
EURUSD,labour,-0.5,mixed,constructed aggregate (sum/pair_divisor),both,-0.25,0,-0.25,False,False,2025-10-03
EURUSD,monetary,0.0,both,direct (single indicator),both,0.0,0,0.0,False,True,2025-10-03
GBPUSD,growth,0.0,both,constructed aggregate (sum/pair_divisor),both,0.0,0,0.0,False,False,2025-10-03
GBPUSD,inflation,0.5,mixed,constructed aggregate (sum/pair_divisor),both,0.0,0,0.5,False,False,2025-10-03
GBPUSD,labour,0.0,mixed,constructed aggregate (sum/pair_divisor),both,0.0,0,0.0,False,False,2025-10-03
GBPUSD,monetary,0.0,both,direct (single indicator),both,0.0,0,0.0,False,True,2025-10-03
USDJPY,growth,1.5,mixed,constructed aggregate (sum/pair_divisor),both,1.125,1,0.375,False,False,2025-10-03
USDJPY,inflation,0.0,mixed,constructed aggregate (sum/pair_divisor),both,0.0,0,0.0,False,False,2025-10-03
USDJPY,labour,0.0,mixed,constructed aggregate (sum/pair_divisor),both,0.0,0,0.0,False,False,2025-10-03
USDJPY,monetary,-1.0,both,direct (single indicator),both,-0.5,0,-0.5,False,True,2025-10-03
USDCHF,growth,0.5,mixed,constructed aggregate (sum/pair_divisor),both,0.125,0,0.375,False,False,2025-10-03
USDCHF,inflation,0.0,mixed,constructed aggregate (sum/pair_divisor),both,0.0,0,0.0,False,False,2025-10-03
USDCHF,labour,0.0,mixed,constructed aggregate (sum/pair_divisor),both,0.0,0,0.0,False,False,2025-10-03
USDCHF,monetary,0.0,base_only,direct (single indicator),base_only,0.0,0,0.0,False,True,2025-10-03
USDCAD,growth,-0.5,mixed,constructed aggregate (sum/pair_divisor),both,-0.20833333333333331,0,-0.2916666666666667,False,False,2025-10-03
USDCAD,inflation,0.0,mixed,constructed aggregate (sum/pair_divisor),both,0.0,0,0.0,False,False,2025-10-03
USDCAD,labour,0.5,mixed,constructed aggregate (sum/pair_divisor),both,0.25,0,0.25,False,False,2025-10-03
USDCAD,monetary,2.0,both,direct (single indicator),both,1.0,1,1.0,False,True,2025-10-03
AUDUSD,growth,1.0,mixed,constructed aggregate (sum/pair_divisor),both,0.375,0,0.625,False,False,2025-10-03
AUDUSD,inflation,1.0,mixed,constructed aggregate (sum/pair_divisor),both,0.3333333333333333,0,0.6666666666666667,False,False,2025-10-03
AUDUSD,labour,0.0,mixed,constructed aggregate (sum/pair_divisor),both,0.0,0,0.0,False,False,2025-10-03
AUDUSD,monetary,0.0,both,direct (single indicator),both,0.0,0,0.0,False,True,2025-10-03
NZDUSD,growth,-1.0,both,constructed aggregate (sum/pair_divisor),both,-0.25,0,-0.75,False,False,2025-10-03
NZDUSD,inflation,0.0,mixed,constructed aggregate (sum/pair_divisor),both,0.0,0,0.0,False,False,2025-10-03
NZDUSD,labour,0.0,mixed,constructed aggregate (sum/pair_divisor),both,0.0,0,0.0,False,False,2025-10-03
NZDUSD,monetary,0.0,quote_only,direct (single indicator),quote_only,0.0,0,0.0,False,True,2025-10-03
EURGBP,growth,-1.0,mixed,constructed aggregate (sum/pair_divisor),both,-0.375,0,-0.625,False,False,2025-10-03
EURGBP,inflation,0.5,mixed,constructed aggregate (sum/pair_divisor),both,0.3333333333333333,0,0.16666666666666669,False,False,2025-10-03
EURGBP,labour,-0.5,mixed,constructed aggregate (sum/pair_divisor),both,-0.25,0,-0.25,False,False,2025-10-03
EURGBP,monetary,0.0,both,direct (single indicator),both,0.0,0,0.0,False,True,2025-10-03
EURJPY,growth,0.5,mixed,constructed aggregate (sum/pair_divisor),both,0.75,1,-0.25,False,False,2025-10-03
EURJPY,inflation,1.0,mixed,constructed aggregate (sum/pair_divisor),both,0.3333333333333333,0,0.6666666666666667,False,False,2025-10-03
EURJPY,labour,-0.5,mixed,constructed aggregate (sum/pair_divisor),both,-0.25,0,-0.25,False,False,2025-10-03
EURJPY,monetary,-1.0,both,direct (single indicator),both,-0.5,0,-0.5,False,True,2025-10-03
EURCHF,growth,-0.5,mixed,constructed aggregate (sum/pair_divisor),both,-0.25,0,-0.25,False,False,2025-10-03
EURCHF,inflation,1.0,mixed,constructed aggregate (sum/pair_divisor),both,0.3333333333333333,0,0.6666666666666667,False,False,2025-10-03
EURCHF,labour,-0.5,mixed,constructed aggregate (sum/pair_divisor),both,-0.25,0,-0.25,False,False,2025-10-03
EURCHF,monetary,0.0,base_only,direct (single indicator),base_only,0.0,0,0.0,False,True,2025-10-03
EURAUD,growth,-2.0,mixed,constructed aggregate (sum/pair_divisor),both,-0.75,-1,-1.25,False,False,2025-10-03
EURAUD,inflation,0.0,mixed,constructed aggregate (sum/pair_divisor),both,0.0,0,0.0,False,False,2025-10-03
EURAUD,labour,-0.5,mixed,constructed aggregate (sum/pair_divisor),both,-0.25,0,-0.25,False,False,2025-10-03
EURAUD,monetary,0.0,both,direct (single indicator),both,0.0,0,0.0,False,True,2025-10-03
EURNZD,growth,0.0,mixed,constructed aggregate (sum/pair_divisor),both,-0.125,0,0.125,False,False,2025-10-03
EURNZD,inflation,1.0,mixed,constructed aggregate (sum/pair_divisor),both,0.3333333333333333,0,0.6666666666666667,False,False,2025-10-03
EURNZD,labour,-0.5,mixed,constructed aggregate (sum/pair_divisor),both,-0.25,0,-0.25,False,False,2025-10-03
EURNZD,monetary,0.0,base_only,direct (single indicator),base_only,0.0,0,0.0,False,True,2025-10-03
EURCAD,growth,-1.5,mixed,constructed aggregate (sum/pair_divisor),both,-0.5833333333333333,-1,-0.9166666666666667,False,False,2025-10-03
EURCAD,inflation,1.0,mixed,constructed aggregate (sum/pair_divisor),both,0.3333333333333333,0,0.6666666666666667,False,False,2025-10-03
EURCAD,labour,0.0,mixed,constructed aggregate (sum/pair_divisor),both,0.0,0,0.0,False,False,2025-10-03
EURCAD,monetary,2.0,both,direct (single indicator),both,1.0,1,1.0,False,True,2025-10-03
GBPJPY,growth,1.5,mixed,constructed aggregate (sum/pair_divisor),both,1.125,1,0.375,False,False,2025-10-03
GBPJPY,inflation,0.5,mixed,constructed aggregate (sum/pair_divisor),both,0.0,0,0.5,False,False,2025-10-03
GBPJPY,labour,0.0,mixed,constructed aggregate (sum/pair_divisor),both,0.0,0,0.0,False,False,2025-10-03
GBPJPY,monetary,-1.0,both,direct (single indicator),both,-0.5,0,-0.5,False,True,2025-10-03
GBPCHF,growth,0.5,mixed,constructed aggregate (sum/pair_divisor),both,0.125,0,0.375,False,False,2025-10-03
GBPCHF,inflation,0.5,mixed,constructed aggregate (sum/pair_divisor),both,0.0,0,0.5,False,False,2025-10-03
GBPCHF,labour,0.0,mixed,constructed aggregate (sum/pair_divisor),both,0.0,0,0.0,False,False,2025-10-03
GBPCHF,monetary,0.0,base_only,direct (single indicator),base_only,0.0,0,0.0,False,True,2025-10-03
GBPAUD,growth,-1.0,mixed,constructed aggregate (sum/pair_divisor),both,-0.375,0,-0.625,False,False,2025-10-03
GBPAUD,inflation,-0.5,mixed,constructed aggregate (sum/pair_divisor),both,-0.3333333333333333,0,-0.16666666666666669,False,False,2025-10-03
GBPAUD,labour,0.0,mixed,constructed aggregate (sum/pair_divisor),both,0.0,0,0.0,False,False,2025-10-03
GBPAUD,monetary,0.0,both,direct (single indicator),both,0.0,0,0.0,False,True,2025-10-03
GBPNZD,growth,1.0,both,constructed aggregate (sum/pair_divisor),both,0.25,0,0.75,False,False,2025-10-03
GBPNZD,inflation,0.5,mixed,constructed aggregate (sum/pair_divisor),both,0.0,0,0.5,False,False,2025-10-03
GBPNZD,labour,0.0,mixed,constructed aggregate (sum/pair_divisor),both,0.0,0,0.0,False,False,2025-10-03
GBPNZD,monetary,0.0,base_only,direct (single indicator),base_only,0.0,0,0.0,False,True,2025-10-03
GBPCAD,growth,-0.5,mixed,constructed aggregate (sum/pair_divisor),both,-0.20833333333333331,0,-0.2916666666666667,False,False,2025-10-03
GBPCAD,inflation,0.5,mixed,constructed aggregate (sum/pair_divisor),both,0.0,0,0.5,False,False,2025-10-03
GBPCAD,labour,0.5,mixed,constructed aggregate (sum/pair_divisor),both,0.25,0,0.25,False,False,2025-10-03
GBPCAD,monetary,2.0,both,direct (single indicator),both,1.0,1,1.0,False,True,2025-10-03
AUDJPY,growth,2.5,mixed,constructed aggregate (sum/pair_divisor),both,1.5,2,1.0,False,False,2025-10-03
AUDJPY,inflation,1.0,mixed,constructed aggregate (sum/pair_divisor),both,0.3333333333333333,0,0.6666666666666667,False,False,2025-10-03
AUDJPY,labour,0.0,mixed,constructed aggregate (sum/pair_divisor),both,0.0,0,0.0,False,False,2025-10-03
AUDJPY,monetary,-1.0,both,direct (single indicator),both,-0.5,0,-0.5,False,True,2025-10-03
NZDJPY,growth,0.5,mixed,constructed aggregate (sum/pair_divisor),both,0.875,1,-0.375,False,False,2025-10-03
NZDJPY,inflation,0.0,mixed,constructed aggregate (sum/pair_divisor),both,0.0,0,0.0,False,False,2025-10-03
NZDJPY,labour,0.0,mixed,constructed aggregate (sum/pair_divisor),both,0.0,0,0.0,False,False,2025-10-03
NZDJPY,monetary,-1.0,quote_only,direct (single indicator),quote_only,-0.5,0,-0.5,False,True,2025-10-03
CADJPY,growth,2.0,mixed,constructed aggregate (sum/pair_divisor),both,1.3333333333333333,1,0.6666666666666667,False,False,2025-10-03
CADJPY,inflation,0.0,mixed,constructed aggregate (sum/pair_divisor),both,0.0,0,0.0,False,False,2025-10-03
CADJPY,labour,-0.5,mixed,constructed aggregate (sum/pair_divisor),both,-0.25,0,-0.25,False,False,2025-10-03
CADJPY,monetary,-3.0,both,direct (single indicator),both,-1.5,-2,-1.5,False,True,2025-10-03
CHFJPY,growth,1.0,mixed,constructed aggregate (sum/pair_divisor),both,1.0,1,0.0,False,False,2025-10-03
CHFJPY,inflation,0.0,mixed,constructed aggregate (sum/pair_divisor),both,0.0,0,0.0,False,False,2025-10-03
CHFJPY,labour,0.0,mixed,constructed aggregate (sum/pair_divisor),both,0.0,0,0.0,False,False,2025-10-03
CHFJPY,monetary,-1.0,quote_only,direct (single indicator),quote_only,-0.5,0,-0.5,False,True,2025-10-03
AUDNZD,growth,2.0,mixed,constructed aggregate (sum/pair_divisor),both,0.625,1,1.375,False,False,2025-10-03
AUDNZD,inflation,1.0,mixed,constructed aggregate (sum/pair_divisor),both,0.3333333333333333,0,0.6666666666666667,False,False,2025-10-03
AUDNZD,labour,0.0,mixed,constructed aggregate (sum/pair_divisor),both,0.0,0,0.0,False,False,2025-10-03
AUDNZD,monetary,0.0,base_only,direct (single indicator),base_only,0.0,0,0.0,False,True,2025-10-03
AUDCAD,growth,0.5,mixed,constructed aggregate (sum/pair_divisor),both,0.16666666666666669,0,0.3333333333333333,False,False,2025-10-03
AUDCAD,inflation,1.0,mixed,constructed aggregate (sum/pair_divisor),both,0.3333333333333333,0,0.6666666666666667,False,False,2025-10-03
AUDCAD,labour,0.5,mixed,constructed aggregate (sum/pair_divisor),both,0.25,0,0.25,False,False,2025-10-03
AUDCAD,monetary,2.0,both,direct (single indicator),both,1.0,1,1.0,False,True,2025-10-03
AUDCHF,growth,1.5,mixed,constructed aggregate (sum/pair_divisor),both,0.5,0,1.0,False,False,2025-10-03
AUDCHF,inflation,1.0,mixed,constructed aggregate (sum/pair_divisor),both,0.3333333333333333,0,0.6666666666666667,False,False,2025-10-03
AUDCHF,labour,0.0,mixed,constructed aggregate (sum/pair_divisor),both,0.0,0,0.0,False,False,2025-10-03
AUDCHF,monetary,0.0,base_only,direct (single indicator),base_only,0.0,0,0.0,False,True,2025-10-03
NZDCAD,growth,-1.5,mixed,constructed aggregate (sum/pair_divisor),both,-0.4583333333333333,0,-1.0416666666666667,False,False,2025-10-03
NZDCAD,inflation,0.0,mixed,constructed aggregate (sum/pair_divisor),both,0.0,0,0.0,False,False,2025-10-03
NZDCAD,labour,0.5,mixed,constructed aggregate (sum/pair_divisor),both,0.25,0,0.25,False,False,2025-10-03
NZDCAD,monetary,2.0,quote_only,direct (single indicator),quote_only,1.0,1,1.0,False,True,2025-10-03
NZDCHF,growth,-0.5,mixed,constructed aggregate (sum/pair_divisor),both,-0.125,0,-0.375,False,False,2025-10-03
NZDCHF,inflation,0.0,mixed,constructed aggregate (sum/pair_divisor),both,0.0,0,0.0,False,False,2025-10-03
NZDCHF,labour,0.0,mixed,constructed aggregate (sum/pair_divisor),both,0.0,0,0.0,False,False,2025-10-03
NZDCHF,monetary,,neither,direct (single indicator),neither,0.0,0,,False,True,2025-10-03
CADCHF,growth,1.0,mixed,constructed aggregate (sum/pair_divisor),both,0.3333333333333333,0,0.6666666666666667,False,False,2025-10-03
CADCHF,inflation,0.0,mixed,constructed aggregate (sum/pair_divisor),both,0.0,0,0.0,False,False,2025-10-03
CADCHF,labour,-0.5,mixed,constructed aggregate (sum/pair_divisor),both,-0.25,0,-0.25,False,False,2025-10-03
CADCHF,monetary,-2.0,base_only,direct (single indicator),base_only,-1.0,-1,-1.0,False,True,2025-10-03
EURUSD,growth,0.0,mixed,constructed aggregate (sum/pair_divisor),both,0.0,0,0.0,False,False,2025-10-10
EURUSD,inflation,0.0,mixed,constructed aggregate (sum/pair_divisor),both,0.0,0,0.0,False,False,2025-10-10
EURUSD,labour,-0.5,mixed,constructed aggregate (sum/pair_divisor),both,-0.15,0,-0.35,False,False,2025-10-10
EURUSD,monetary,0.0,both,direct (single indicator),both,0.0,0,0.0,False,True,2025-10-10
GBPUSD,growth,1.0,both,constructed aggregate (sum/pair_divisor),both,0.25,0,0.75,False,False,2025-10-10
GBPUSD,inflation,0.5,mixed,constructed aggregate (sum/pair_divisor),both,0.0,0,0.5,False,False,2025-10-10
GBPUSD,labour,0.0,mixed,constructed aggregate (sum/pair_divisor),both,0.1,0,-0.1,False,False,2025-10-10
GBPUSD,monetary,0.0,both,direct (single indicator),both,0.0,0,0.0,False,True,2025-10-10
USDJPY,growth,1.0,mixed,constructed aggregate (sum/pair_divisor),both,1.0,1,0.0,False,False,2025-10-10
USDJPY,inflation,0.0,mixed,constructed aggregate (sum/pair_divisor),both,0.0,0,0.0,False,False,2025-10-10
USDJPY,labour,1.5,mixed,constructed aggregate (sum/pair_divisor),both,0.65,1,0.85,False,False,2025-10-10
USDJPY,monetary,-1.0,both,direct (single indicator),both,-0.5,0,-0.5,False,True,2025-10-10
USDCHF,growth,0.0,mixed,constructed aggregate (sum/pair_divisor),both,0.0,0,0.0,False,False,2025-10-10
USDCHF,inflation,0.0,mixed,constructed aggregate (sum/pair_divisor),both,0.0,0,0.0,False,False,2025-10-10
USDCHF,labour,0.5,mixed,constructed aggregate (sum/pair_divisor),both,0.4,0,0.09999999999999998,False,False,2025-10-10
USDCHF,monetary,0.0,base_only,direct (single indicator),base_only,0.0,0,0.0,False,True,2025-10-10
USDCAD,growth,-1.0,mixed,constructed aggregate (sum/pair_divisor),both,-0.3333333333333333,0,-0.6666666666666667,False,False,2025-10-10
USDCAD,inflation,0.0,mixed,constructed aggregate (sum/pair_divisor),both,0.0,0,0.0,False,False,2025-10-10
USDCAD,labour,0.5,mixed,constructed aggregate (sum/pair_divisor),both,0.15,0,0.35,False,False,2025-10-10
USDCAD,monetary,0.0,both,direct (single indicator),both,0.0,0,0.0,False,True,2025-10-10
AUDUSD,growth,1.5,mixed,constructed aggregate (sum/pair_divisor),both,0.5,0,1.0,False,False,2025-10-10
AUDUSD,inflation,1.0,mixed,constructed aggregate (sum/pair_divisor),both,0.3333333333333333,0,0.6666666666666667,False,False,2025-10-10
AUDUSD,labour,0.0,mixed,constructed aggregate (sum/pair_divisor),both,0.1,0,-0.1,False,False,2025-10-10
AUDUSD,monetary,1.0,both,direct (single indicator),both,0.5,0,0.5,False,True,2025-10-10
NZDUSD,growth,-0.5,both,constructed aggregate (sum/pair_divisor),both,-0.125,0,-0.375,False,False,2025-10-10
NZDUSD,inflation,0.0,mixed,constructed aggregate (sum/pair_divisor),both,0.0,0,0.0,False,False,2025-10-10
NZDUSD,labour,0.0,mixed,constructed aggregate (sum/pair_divisor),both,0.1,0,-0.1,False,False,2025-10-10
NZDUSD,monetary,0.0,quote_only,direct (single indicator),quote_only,0.0,0,0.0,False,True,2025-10-10
EURGBP,growth,-1.0,mixed,constructed aggregate (sum/pair_divisor),both,-0.25,0,-0.75,False,False,2025-10-10
EURGBP,inflation,-0.5,mixed,constructed aggregate (sum/pair_divisor),both,0.0,0,-0.5,False,False,2025-10-10
EURGBP,labour,-0.5,mixed,constructed aggregate (sum/pair_divisor),both,-0.25,0,-0.25,False,False,2025-10-10
EURGBP,monetary,0.0,both,direct (single indicator),both,0.0,0,0.0,False,True,2025-10-10
EURJPY,growth,1.0,mixed,constructed aggregate (sum/pair_divisor),both,1.0,1,0.0,False,False,2025-10-10
EURJPY,inflation,0.0,mixed,constructed aggregate (sum/pair_divisor),both,0.0,0,0.0,False,False,2025-10-10
EURJPY,labour,1.0,mixed,constructed aggregate (sum/pair_divisor),both,0.5,0,0.5,False,False,2025-10-10
EURJPY,monetary,-1.0,both,direct (single indicator),both,-0.5,0,-0.5,False,True,2025-10-10
EURCHF,growth,0.0,mixed,constructed aggregate (sum/pair_divisor),both,0.0,0,0.0,False,False,2025-10-10
EURCHF,inflation,0.0,mixed,constructed aggregate (sum/pair_divisor),both,0.0,0,0.0,False,False,2025-10-10
EURCHF,labour,0.0,mixed,constructed aggregate (sum/pair_divisor),both,0.25,0,-0.25,False,False,2025-10-10
EURCHF,monetary,0.0,base_only,direct (single indicator),base_only,0.0,0,0.0,False,True,2025-10-10
EURAUD,growth,-1.5,mixed,constructed aggregate (sum/pair_divisor),both,-0.5,0,-1.0,False,False,2025-10-10
EURAUD,inflation,-1.0,mixed,constructed aggregate (sum/pair_divisor),both,-0.3333333333333333,0,-0.6666666666666667,False,False,2025-10-10
EURAUD,labour,-0.5,mixed,constructed aggregate (sum/pair_divisor),both,-0.25,0,-0.25,False,False,2025-10-10
EURAUD,monetary,-1.0,both,direct (single indicator),both,-0.5,0,-0.5,False,True,2025-10-10
EURNZD,growth,0.5,mixed,constructed aggregate (sum/pair_divisor),both,0.125,0,0.375,False,False,2025-10-10
EURNZD,inflation,0.0,mixed,constructed aggregate (sum/pair_divisor),both,0.0,0,0.0,False,False,2025-10-10
EURNZD,labour,-0.5,mixed,constructed aggregate (sum/pair_divisor),both,-0.25,0,-0.25,False,False,2025-10-10
EURNZD,monetary,0.0,base_only,direct (single indicator),base_only,0.0,0,0.0,False,True,2025-10-10
EURCAD,growth,-1.0,mixed,constructed aggregate (sum/pair_divisor),both,-0.3333333333333333,0,-0.6666666666666667,False,False,2025-10-10
EURCAD,inflation,0.0,mixed,constructed aggregate (sum/pair_divisor),both,0.0,0,0.0,False,False,2025-10-10
EURCAD,labour,0.0,mixed,constructed aggregate (sum/pair_divisor),both,0.0,0,0.0,False,False,2025-10-10
EURCAD,monetary,0.0,both,direct (single indicator),both,0.0,0,0.0,False,True,2025-10-10
GBPJPY,growth,2.0,mixed,constructed aggregate (sum/pair_divisor),both,1.25,1,0.75,False,False,2025-10-10
GBPJPY,inflation,0.5,mixed,constructed aggregate (sum/pair_divisor),both,0.0,0,0.5,False,False,2025-10-10
GBPJPY,labour,1.5,mixed,constructed aggregate (sum/pair_divisor),both,0.75,1,0.75,False,False,2025-10-10
GBPJPY,monetary,-1.0,both,direct (single indicator),both,-0.5,0,-0.5,False,True,2025-10-10
GBPCHF,growth,1.0,mixed,constructed aggregate (sum/pair_divisor),both,0.25,0,0.75,False,False,2025-10-10
GBPCHF,inflation,0.5,mixed,constructed aggregate (sum/pair_divisor),both,0.0,0,0.5,False,False,2025-10-10
GBPCHF,labour,0.5,mixed,constructed aggregate (sum/pair_divisor),both,0.5,0,0.0,False,False,2025-10-10
GBPCHF,monetary,0.0,base_only,direct (single indicator),base_only,0.0,0,0.0,False,True,2025-10-10
GBPAUD,growth,-0.5,mixed,constructed aggregate (sum/pair_divisor),both,-0.25,0,-0.25,False,False,2025-10-10
GBPAUD,inflation,-0.5,mixed,constructed aggregate (sum/pair_divisor),both,-0.3333333333333333,0,-0.16666666666666669,False,False,2025-10-10
GBPAUD,labour,0.0,mixed,constructed aggregate (sum/pair_divisor),both,0.0,0,0.0,False,False,2025-10-10
GBPAUD,monetary,-1.0,both,direct (single indicator),both,-0.5,0,-0.5,False,True,2025-10-10
GBPNZD,growth,1.5,both,constructed aggregate (sum/pair_divisor),both,0.375,0,1.125,False,False,2025-10-10
GBPNZD,inflation,0.5,mixed,constructed aggregate (sum/pair_divisor),both,0.0,0,0.5,False,False,2025-10-10
GBPNZD,labour,0.0,mixed,constructed aggregate (sum/pair_divisor),both,0.0,0,0.0,False,False,2025-10-10
GBPNZD,monetary,0.0,base_only,direct (single indicator),base_only,0.0,0,0.0,False,True,2025-10-10
GBPCAD,growth,0.0,mixed,constructed aggregate (sum/pair_divisor),both,-0.08333333333333331,0,0.08333333333333331,False,False,2025-10-10
GBPCAD,inflation,0.5,mixed,constructed aggregate (sum/pair_divisor),both,0.0,0,0.5,False,False,2025-10-10
GBPCAD,labour,0.5,mixed,constructed aggregate (sum/pair_divisor),both,0.25,0,0.25,False,False,2025-10-10
GBPCAD,monetary,0.0,both,direct (single indicator),both,0.0,0,0.0,False,True,2025-10-10
AUDJPY,growth,2.5,mixed,constructed aggregate (sum/pair_divisor),both,1.5,2,1.0,False,False,2025-10-10
AUDJPY,inflation,1.0,mixed,constructed aggregate (sum/pair_divisor),both,0.3333333333333333,0,0.6666666666666667,False,False,2025-10-10
AUDJPY,labour,1.5,mixed,constructed aggregate (sum/pair_divisor),both,0.75,1,0.75,False,False,2025-10-10
AUDJPY,monetary,0.0,both,direct (single indicator),both,0.0,0,0.0,False,True,2025-10-10
NZDJPY,growth,0.5,mixed,constructed aggregate (sum/pair_divisor),both,0.875,1,-0.375,False,False,2025-10-10
NZDJPY,inflation,0.0,mixed,constructed aggregate (sum/pair_divisor),both,0.0,0,0.0,False,False,2025-10-10
NZDJPY,labour,1.5,mixed,constructed aggregate (sum/pair_divisor),both,0.75,1,0.75,False,False,2025-10-10
NZDJPY,monetary,-1.0,quote_only,direct (single indicator),quote_only,-0.5,0,-0.5,False,True,2025-10-10
CADJPY,growth,2.0,mixed,constructed aggregate (sum/pair_divisor),both,1.3333333333333333,1,0.6666666666666667,False,False,2025-10-10
CADJPY,inflation,0.0,mixed,constructed aggregate (sum/pair_divisor),both,0.0,0,0.0,False,False,2025-10-10
CADJPY,labour,1.0,mixed,constructed aggregate (sum/pair_divisor),both,0.5,0,0.5,False,False,2025-10-10
CADJPY,monetary,-1.0,both,direct (single indicator),both,-0.5,0,-0.5,False,True,2025-10-10
CHFJPY,growth,1.0,mixed,constructed aggregate (sum/pair_divisor),both,1.0,1,0.0,False,False,2025-10-10
CHFJPY,inflation,0.0,mixed,constructed aggregate (sum/pair_divisor),both,0.0,0,0.0,False,False,2025-10-10
CHFJPY,labour,1.0,mixed,constructed aggregate (sum/pair_divisor),both,0.25,0,0.75,False,False,2025-10-10
CHFJPY,monetary,-1.0,quote_only,direct (single indicator),quote_only,-0.5,0,-0.5,False,True,2025-10-10
AUDNZD,growth,2.0,mixed,constructed aggregate (sum/pair_divisor),both,0.625,1,1.375,False,False,2025-10-10
AUDNZD,inflation,1.0,mixed,constructed aggregate (sum/pair_divisor),both,0.3333333333333333,0,0.6666666666666667,False,False,2025-10-10
AUDNZD,labour,0.0,mixed,constructed aggregate (sum/pair_divisor),both,0.0,0,0.0,False,False,2025-10-10
AUDNZD,monetary,1.0,base_only,direct (single indicator),base_only,0.5,0,0.5,False,True,2025-10-10
AUDCAD,growth,0.5,mixed,constructed aggregate (sum/pair_divisor),both,0.16666666666666669,0,0.3333333333333333,False,False,2025-10-10
AUDCAD,inflation,1.0,mixed,constructed aggregate (sum/pair_divisor),both,0.3333333333333333,0,0.6666666666666667,False,False,2025-10-10
AUDCAD,labour,0.5,mixed,constructed aggregate (sum/pair_divisor),both,0.25,0,0.25,False,False,2025-10-10
AUDCAD,monetary,1.0,both,direct (single indicator),both,0.5,0,0.5,False,True,2025-10-10
AUDCHF,growth,1.5,mixed,constructed aggregate (sum/pair_divisor),both,0.5,0,1.0,False,False,2025-10-10
AUDCHF,inflation,1.0,mixed,constructed aggregate (sum/pair_divisor),both,0.3333333333333333,0,0.6666666666666667,False,False,2025-10-10
AUDCHF,labour,0.5,mixed,constructed aggregate (sum/pair_divisor),both,0.5,0,0.0,False,False,2025-10-10
AUDCHF,monetary,1.0,base_only,direct (single indicator),base_only,0.5,0,0.5,False,True,2025-10-10
NZDCAD,growth,-1.5,mixed,constructed aggregate (sum/pair_divisor),both,-0.4583333333333333,0,-1.0416666666666667,False,False,2025-10-10
NZDCAD,inflation,0.0,mixed,constructed aggregate (sum/pair_divisor),both,0.0,0,0.0,False,False,2025-10-10
NZDCAD,labour,0.5,mixed,constructed aggregate (sum/pair_divisor),both,0.25,0,0.25,False,False,2025-10-10
NZDCAD,monetary,0.0,quote_only,direct (single indicator),quote_only,0.0,0,0.0,False,True,2025-10-10
NZDCHF,growth,-0.5,mixed,constructed aggregate (sum/pair_divisor),both,-0.125,0,-0.375,False,False,2025-10-10
NZDCHF,inflation,0.0,mixed,constructed aggregate (sum/pair_divisor),both,0.0,0,0.0,False,False,2025-10-10
NZDCHF,labour,0.5,mixed,constructed aggregate (sum/pair_divisor),both,0.5,0,0.0,False,False,2025-10-10
NZDCHF,monetary,,neither,direct (single indicator),neither,0.0,0,,False,True,2025-10-10
CADCHF,growth,1.0,mixed,constructed aggregate (sum/pair_divisor),both,0.3333333333333333,0,0.6666666666666667,False,False,2025-10-10
CADCHF,inflation,0.0,mixed,constructed aggregate (sum/pair_divisor),both,0.0,0,0.0,False,False,2025-10-10
CADCHF,labour,0.0,mixed,constructed aggregate (sum/pair_divisor),both,0.25,0,-0.25,False,False,2025-10-10
CADCHF,monetary,0.0,base_only,direct (single indicator),base_only,0.0,0,0.0,False,True,2025-10-10
EURUSD,growth,0.0,mixed,constructed aggregate (sum/pair_divisor),both,0.0,0,0.0,False,False,2025-10-17
EURUSD,inflation,0.0,mixed,constructed aggregate (sum/pair_divisor),both,0.0,0,0.0,False,False,2025-10-17
EURUSD,labour,-0.5,mixed,constructed aggregate (sum/pair_divisor),both,-0.15,0,-0.35,False,False,2025-10-17
EURUSD,monetary,-1.0,both,direct (single indicator),both,-0.5,0,-0.5,False,True,2025-10-17
GBPUSD,growth,0.0,both,constructed aggregate (sum/pair_divisor),both,0.0,0,0.0,False,False,2025-10-17
GBPUSD,inflation,0.5,mixed,constructed aggregate (sum/pair_divisor),both,0.0,0,0.5,False,False,2025-10-17
GBPUSD,labour,0.0,mixed,constructed aggregate (sum/pair_divisor),both,0.1,0,-0.1,False,False,2025-10-17
GBPUSD,monetary,-1.0,both,direct (single indicator),both,-0.5,0,-0.5,False,True,2025-10-17
USDJPY,growth,1.0,mixed,constructed aggregate (sum/pair_divisor),both,1.0,1,0.0,False,False,2025-10-17
USDJPY,inflation,0.0,mixed,constructed aggregate (sum/pair_divisor),both,0.0,0,0.0,False,False,2025-10-17
USDJPY,labour,1.5,mixed,constructed aggregate (sum/pair_divisor),both,0.65,1,0.85,False,False,2025-10-17
USDJPY,monetary,0.0,both,direct (single indicator),both,0.0,0,0.0,False,True,2025-10-17
USDCHF,growth,0.0,mixed,constructed aggregate (sum/pair_divisor),both,0.0,0,0.0,False,False,2025-10-17
USDCHF,inflation,0.0,mixed,constructed aggregate (sum/pair_divisor),both,0.0,0,0.0,False,False,2025-10-17
USDCHF,labour,0.5,mixed,constructed aggregate (sum/pair_divisor),both,0.4,0,0.09999999999999998,False,False,2025-10-17
USDCHF,monetary,0.0,base_only,direct (single indicator),base_only,0.0,0,0.0,False,True,2025-10-17
USDCAD,growth,-1.0,mixed,constructed aggregate (sum/pair_divisor),both,-0.3333333333333333,0,-0.6666666666666667,False,False,2025-10-17
USDCAD,inflation,0.0,mixed,constructed aggregate (sum/pair_divisor),both,0.0,0,0.0,False,False,2025-10-17
USDCAD,labour,-0.5,mixed,constructed aggregate (sum/pair_divisor),both,-0.35,0,-0.15000000000000002,False,False,2025-10-17
USDCAD,monetary,1.0,both,direct (single indicator),both,0.5,0,0.5,False,True,2025-10-17
AUDUSD,growth,1.5,mixed,constructed aggregate (sum/pair_divisor),both,0.5,0,1.0,False,False,2025-10-17
AUDUSD,inflation,1.0,mixed,constructed aggregate (sum/pair_divisor),both,0.3333333333333333,0,0.6666666666666667,False,False,2025-10-17
AUDUSD,labour,0.0,mixed,constructed aggregate (sum/pair_divisor),both,0.1,0,-0.1,False,False,2025-10-17
AUDUSD,monetary,0.0,both,direct (single indicator),both,0.0,0,0.0,False,True,2025-10-17
NZDUSD,growth,-0.5,both,constructed aggregate (sum/pair_divisor),both,-0.125,0,-0.375,False,False,2025-10-17
NZDUSD,inflation,0.0,mixed,constructed aggregate (sum/pair_divisor),both,0.0,0,0.0,False,False,2025-10-17
NZDUSD,labour,0.0,mixed,constructed aggregate (sum/pair_divisor),both,0.1,0,-0.1,False,False,2025-10-17
NZDUSD,monetary,0.0,quote_only,direct (single indicator),quote_only,0.0,0,0.0,False,True,2025-10-17
EURGBP,growth,0.0,mixed,constructed aggregate (sum/pair_divisor),both,0.0,0,0.0,False,False,2025-10-17
EURGBP,inflation,-0.5,mixed,constructed aggregate (sum/pair_divisor),both,0.0,0,-0.5,False,False,2025-10-17
EURGBP,labour,-0.5,mixed,constructed aggregate (sum/pair_divisor),both,-0.25,0,-0.25,False,False,2025-10-17
EURGBP,monetary,0.0,both,direct (single indicator),both,0.0,0,0.0,False,True,2025-10-17
EURJPY,growth,1.0,mixed,constructed aggregate (sum/pair_divisor),both,1.0,1,0.0,False,False,2025-10-17
EURJPY,inflation,0.0,mixed,constructed aggregate (sum/pair_divisor),both,0.0,0,0.0,False,False,2025-10-17
EURJPY,labour,1.0,mixed,constructed aggregate (sum/pair_divisor),both,0.5,0,0.5,False,False,2025-10-17
EURJPY,monetary,-1.0,both,direct (single indicator),both,-0.5,0,-0.5,False,True,2025-10-17
EURCHF,growth,0.0,mixed,constructed aggregate (sum/pair_divisor),both,0.0,0,0.0,False,False,2025-10-17
EURCHF,inflation,0.0,mixed,constructed aggregate (sum/pair_divisor),both,0.0,0,0.0,False,False,2025-10-17
EURCHF,labour,0.0,mixed,constructed aggregate (sum/pair_divisor),both,0.25,0,-0.25,False,False,2025-10-17
EURCHF,monetary,-1.0,base_only,direct (single indicator),base_only,-0.5,0,-0.5,False,True,2025-10-17
EURAUD,growth,-1.5,mixed,constructed aggregate (sum/pair_divisor),both,-0.5,0,-1.0,False,False,2025-10-17
EURAUD,inflation,-1.0,mixed,constructed aggregate (sum/pair_divisor),both,-0.3333333333333333,0,-0.6666666666666667,False,False,2025-10-17
EURAUD,labour,-0.5,mixed,constructed aggregate (sum/pair_divisor),both,-0.25,0,-0.25,False,False,2025-10-17
EURAUD,monetary,-1.0,both,direct (single indicator),both,-0.5,0,-0.5,False,True,2025-10-17
EURNZD,growth,0.5,mixed,constructed aggregate (sum/pair_divisor),both,0.125,0,0.375,False,False,2025-10-17
EURNZD,inflation,0.0,mixed,constructed aggregate (sum/pair_divisor),both,0.0,0,0.0,False,False,2025-10-17
EURNZD,labour,-0.5,mixed,constructed aggregate (sum/pair_divisor),both,-0.25,0,-0.25,False,False,2025-10-17
EURNZD,monetary,-1.0,base_only,direct (single indicator),base_only,-0.5,0,-0.5,False,True,2025-10-17
EURCAD,growth,-1.0,mixed,constructed aggregate (sum/pair_divisor),both,-0.3333333333333333,0,-0.6666666666666667,False,False,2025-10-17
EURCAD,inflation,0.0,mixed,constructed aggregate (sum/pair_divisor),both,0.0,0,0.0,False,False,2025-10-17
EURCAD,labour,-1.0,mixed,constructed aggregate (sum/pair_divisor),both,-0.5,0,-0.5,False,False,2025-10-17
EURCAD,monetary,0.0,both,direct (single indicator),both,0.0,0,0.0,False,True,2025-10-17
GBPJPY,growth,1.0,mixed,constructed aggregate (sum/pair_divisor),both,1.0,1,0.0,False,False,2025-10-17
GBPJPY,inflation,0.5,mixed,constructed aggregate (sum/pair_divisor),both,0.0,0,0.5,False,False,2025-10-17
GBPJPY,labour,1.5,mixed,constructed aggregate (sum/pair_divisor),both,0.75,1,0.75,False,False,2025-10-17
GBPJPY,monetary,-1.0,both,direct (single indicator),both,-0.5,0,-0.5,False,True,2025-10-17
GBPCHF,growth,0.0,mixed,constructed aggregate (sum/pair_divisor),both,0.0,0,0.0,False,False,2025-10-17
GBPCHF,inflation,0.5,mixed,constructed aggregate (sum/pair_divisor),both,0.0,0,0.5,False,False,2025-10-17
GBPCHF,labour,0.5,mixed,constructed aggregate (sum/pair_divisor),both,0.5,0,0.0,False,False,2025-10-17
GBPCHF,monetary,-1.0,base_only,direct (single indicator),base_only,-0.5,0,-0.5,False,True,2025-10-17
GBPAUD,growth,-1.5,mixed,constructed aggregate (sum/pair_divisor),both,-0.5,0,-1.0,False,False,2025-10-17
GBPAUD,inflation,-0.5,mixed,constructed aggregate (sum/pair_divisor),both,-0.3333333333333333,0,-0.16666666666666669,False,False,2025-10-17
GBPAUD,labour,0.0,mixed,constructed aggregate (sum/pair_divisor),both,0.0,0,0.0,False,False,2025-10-17
GBPAUD,monetary,-1.0,both,direct (single indicator),both,-0.5,0,-0.5,False,True,2025-10-17
GBPNZD,growth,0.5,both,constructed aggregate (sum/pair_divisor),both,0.125,0,0.375,False,False,2025-10-17
GBPNZD,inflation,0.5,mixed,constructed aggregate (sum/pair_divisor),both,0.0,0,0.5,False,False,2025-10-17
GBPNZD,labour,0.0,mixed,constructed aggregate (sum/pair_divisor),both,0.0,0,0.0,False,False,2025-10-17
GBPNZD,monetary,-1.0,base_only,direct (single indicator),base_only,-0.5,0,-0.5,False,True,2025-10-17
GBPCAD,growth,-1.0,mixed,constructed aggregate (sum/pair_divisor),both,-0.3333333333333333,0,-0.6666666666666667,False,False,2025-10-17
GBPCAD,inflation,0.5,mixed,constructed aggregate (sum/pair_divisor),both,0.0,0,0.5,False,False,2025-10-17
GBPCAD,labour,-0.5,mixed,constructed aggregate (sum/pair_divisor),both,-0.25,0,-0.25,False,False,2025-10-17
GBPCAD,monetary,0.0,both,direct (single indicator),both,0.0,0,0.0,False,True,2025-10-17
AUDJPY,growth,2.5,mixed,constructed aggregate (sum/pair_divisor),both,1.5,2,1.0,False,False,2025-10-17
AUDJPY,inflation,1.0,mixed,constructed aggregate (sum/pair_divisor),both,0.3333333333333333,0,0.6666666666666667,False,False,2025-10-17
AUDJPY,labour,1.5,mixed,constructed aggregate (sum/pair_divisor),both,0.75,1,0.75,False,False,2025-10-17
AUDJPY,monetary,0.0,both,direct (single indicator),both,0.0,0,0.0,False,True,2025-10-17
NZDJPY,growth,0.5,mixed,constructed aggregate (sum/pair_divisor),both,0.875,1,-0.375,False,False,2025-10-17
NZDJPY,inflation,0.0,mixed,constructed aggregate (sum/pair_divisor),both,0.0,0,0.0,False,False,2025-10-17
NZDJPY,labour,1.5,mixed,constructed aggregate (sum/pair_divisor),both,0.75,1,0.75,False,False,2025-10-17
NZDJPY,monetary,0.0,quote_only,direct (single indicator),quote_only,0.0,0,0.0,False,True,2025-10-17
CADJPY,growth,2.0,mixed,constructed aggregate (sum/pair_divisor),both,1.3333333333333333,1,0.6666666666666667,False,False,2025-10-17
CADJPY,inflation,0.0,mixed,constructed aggregate (sum/pair_divisor),both,0.0,0,0.0,False,False,2025-10-17
CADJPY,labour,2.0,mixed,constructed aggregate (sum/pair_divisor),both,1.0,1,1.0,False,False,2025-10-17
CADJPY,monetary,-1.0,both,direct (single indicator),both,-0.5,0,-0.5,False,True,2025-10-17
CHFJPY,growth,1.0,mixed,constructed aggregate (sum/pair_divisor),both,1.0,1,0.0,False,False,2025-10-17
CHFJPY,inflation,0.0,mixed,constructed aggregate (sum/pair_divisor),both,0.0,0,0.0,False,False,2025-10-17
CHFJPY,labour,1.0,mixed,constructed aggregate (sum/pair_divisor),both,0.25,0,0.75,False,False,2025-10-17
CHFJPY,monetary,0.0,quote_only,direct (single indicator),quote_only,0.0,0,0.0,False,True,2025-10-17
AUDNZD,growth,2.0,mixed,constructed aggregate (sum/pair_divisor),both,0.625,1,1.375,False,False,2025-10-17
AUDNZD,inflation,1.0,mixed,constructed aggregate (sum/pair_divisor),both,0.3333333333333333,0,0.6666666666666667,False,False,2025-10-17
AUDNZD,labour,0.0,mixed,constructed aggregate (sum/pair_divisor),both,0.0,0,0.0,False,False,2025-10-17
AUDNZD,monetary,0.0,base_only,direct (single indicator),base_only,0.0,0,0.0,False,True,2025-10-17
AUDCAD,growth,0.5,mixed,constructed aggregate (sum/pair_divisor),both,0.16666666666666669,0,0.3333333333333333,False,False,2025-10-17
AUDCAD,inflation,1.0,mixed,constructed aggregate (sum/pair_divisor),both,0.3333333333333333,0,0.6666666666666667,False,False,2025-10-17
AUDCAD,labour,-0.5,mixed,constructed aggregate (sum/pair_divisor),both,-0.25,0,-0.25,False,False,2025-10-17
AUDCAD,monetary,1.0,both,direct (single indicator),both,0.5,0,0.5,False,True,2025-10-17
AUDCHF,growth,1.5,mixed,constructed aggregate (sum/pair_divisor),both,0.5,0,1.0,False,False,2025-10-17
AUDCHF,inflation,1.0,mixed,constructed aggregate (sum/pair_divisor),both,0.3333333333333333,0,0.6666666666666667,False,False,2025-10-17
AUDCHF,labour,0.5,mixed,constructed aggregate (sum/pair_divisor),both,0.5,0,0.0,False,False,2025-10-17
AUDCHF,monetary,0.0,base_only,direct (single indicator),base_only,0.0,0,0.0,False,True,2025-10-17
NZDCAD,growth,-1.5,mixed,constructed aggregate (sum/pair_divisor),both,-0.4583333333333333,0,-1.0416666666666667,False,False,2025-10-17
NZDCAD,inflation,0.0,mixed,constructed aggregate (sum/pair_divisor),both,0.0,0,0.0,False,False,2025-10-17
NZDCAD,labour,-0.5,mixed,constructed aggregate (sum/pair_divisor),both,-0.25,0,-0.25,False,False,2025-10-17
NZDCAD,monetary,1.0,quote_only,direct (single indicator),quote_only,0.5,0,0.5,False,True,2025-10-17
NZDCHF,growth,-0.5,mixed,constructed aggregate (sum/pair_divisor),both,-0.125,0,-0.375,False,False,2025-10-17
NZDCHF,inflation,0.0,mixed,constructed aggregate (sum/pair_divisor),both,0.0,0,0.0,False,False,2025-10-17
NZDCHF,labour,0.5,mixed,constructed aggregate (sum/pair_divisor),both,0.5,0,0.0,False,False,2025-10-17
NZDCHF,monetary,,neither,direct (single indicator),neither,0.0,0,,False,True,2025-10-17
CADCHF,growth,1.0,mixed,constructed aggregate (sum/pair_divisor),both,0.3333333333333333,0,0.6666666666666667,False,False,2025-10-17
CADCHF,inflation,0.0,mixed,constructed aggregate (sum/pair_divisor),both,0.0,0,0.0,False,False,2025-10-17
CADCHF,labour,1.0,mixed,constructed aggregate (sum/pair_divisor),both,0.75,1,0.25,False,False,2025-10-17
CADCHF,monetary,-1.0,base_only,direct (single indicator),base_only,-0.5,0,-0.5,False,True,2025-10-17
EURUSD,growth,0.0,mixed,constructed aggregate (sum/pair_divisor),both,0.0,0,0.0,False,False,2025-10-24
EURUSD,inflation,0.0,mixed,constructed aggregate (sum/pair_divisor),both,-0.5,0,0.5,False,False,2025-10-24
EURUSD,labour,-0.5,mixed,constructed aggregate (sum/pair_divisor),both,0.0,0,-0.5,False,False,2025-10-24
EURUSD,monetary,0.0,both,direct (single indicator),both,0.0,0,0.0,False,True,2025-10-24
GBPUSD,growth,0.0,both,constructed aggregate (sum/pair_divisor),both,0.0,0,0.0,False,False,2025-10-24
GBPUSD,inflation,-1.0,mixed,constructed aggregate (sum/pair_divisor),both,-0.3333333333333333,0,-0.6666666666666667,False,False,2025-10-24
GBPUSD,labour,0.0,mixed,constructed aggregate (sum/pair_divisor),both,0.25,0,-0.25,False,False,2025-10-24
GBPUSD,monetary,-2.0,both,direct (single indicator),both,-1.0,-1,-1.0,False,True,2025-10-24
USDJPY,growth,1.0,mixed,constructed aggregate (sum/pair_divisor),both,1.0,1,0.0,False,False,2025-10-24
USDJPY,inflation,0.0,mixed,constructed aggregate (sum/pair_divisor),both,0.0,0,0.0,False,False,2025-10-24
USDJPY,labour,1.5,mixed,constructed aggregate (sum/pair_divisor),both,0.5,0,1.0,False,False,2025-10-24
USDJPY,monetary,0.0,both,direct (single indicator),both,0.0,0,0.0,False,True,2025-10-24
USDCHF,growth,0.0,mixed,constructed aggregate (sum/pair_divisor),both,0.0,0,0.0,False,False,2025-10-24
USDCHF,inflation,0.0,mixed,constructed aggregate (sum/pair_divisor),both,0.0,0,0.0,False,False,2025-10-24
USDCHF,labour,0.5,mixed,constructed aggregate (sum/pair_divisor),both,0.25,0,0.25,False,False,2025-10-24
USDCHF,monetary,0.0,base_only,direct (single indicator),base_only,0.0,0,0.0,False,True,2025-10-24
USDCAD,growth,-1.0,mixed,constructed aggregate (sum/pair_divisor),both,-0.5,0,-0.5,False,False,2025-10-24
USDCAD,inflation,-1.5,mixed,constructed aggregate (sum/pair_divisor),both,-0.5,0,-1.0,False,False,2025-10-24
USDCAD,labour,-0.5,mixed,constructed aggregate (sum/pair_divisor),both,-0.5,0,0.0,False,False,2025-10-24
USDCAD,monetary,1.0,both,direct (single indicator),both,0.5,0,0.5,False,True,2025-10-24
AUDUSD,growth,1.5,mixed,constructed aggregate (sum/pair_divisor),both,0.5,0,1.0,False,False,2025-10-24
AUDUSD,inflation,1.0,mixed,constructed aggregate (sum/pair_divisor),both,0.3333333333333333,0,0.6666666666666667,False,False,2025-10-24
AUDUSD,labour,0.0,mixed,constructed aggregate (sum/pair_divisor),both,0.25,0,-0.25,False,False,2025-10-24
AUDUSD,monetary,-1.0,both,direct (single indicator),both,-0.5,0,-0.5,False,True,2025-10-24
NZDUSD,growth,-0.5,both,constructed aggregate (sum/pair_divisor),both,-0.125,0,-0.375,False,False,2025-10-24
NZDUSD,inflation,0.5,mixed,constructed aggregate (sum/pair_divisor),both,0.25,0,0.25,False,False,2025-10-24
NZDUSD,labour,0.0,mixed,constructed aggregate (sum/pair_divisor),both,0.25,0,-0.25,False,False,2025-10-24
NZDUSD,monetary,0.0,quote_only,direct (single indicator),quote_only,0.0,0,0.0,False,True,2025-10-24
EURGBP,growth,0.0,mixed,constructed aggregate (sum/pair_divisor),both,0.0,0,0.0,False,False,2025-10-24
EURGBP,inflation,1.0,mixed,constructed aggregate (sum/pair_divisor),both,-0.16666666666666669,0,1.1666666666666667,False,False,2025-10-24
EURGBP,labour,-0.5,mixed,constructed aggregate (sum/pair_divisor),both,-0.25,0,-0.25,False,False,2025-10-24
EURGBP,monetary,2.0,both,direct (single indicator),both,1.0,1,1.0,False,True,2025-10-24
EURJPY,growth,1.0,mixed,constructed aggregate (sum/pair_divisor),both,1.0,1,0.0,False,False,2025-10-24
EURJPY,inflation,0.0,mixed,constructed aggregate (sum/pair_divisor),both,-0.5,0,0.5,False,False,2025-10-24
EURJPY,labour,1.0,mixed,constructed aggregate (sum/pair_divisor),both,0.5,0,0.5,False,False,2025-10-24
EURJPY,monetary,0.0,both,direct (single indicator),both,0.0,0,0.0,False,True,2025-10-24
EURCHF,growth,0.0,mixed,constructed aggregate (sum/pair_divisor),both,0.0,0,0.0,False,False,2025-10-24
EURCHF,inflation,0.0,mixed,constructed aggregate (sum/pair_divisor),both,-0.5,0,0.5,False,False,2025-10-24
EURCHF,labour,0.0,mixed,constructed aggregate (sum/pair_divisor),both,0.25,0,-0.25,False,False,2025-10-24
EURCHF,monetary,0.0,base_only,direct (single indicator),base_only,0.0,0,0.0,False,True,2025-10-24
EURAUD,growth,-1.5,mixed,constructed aggregate (sum/pair_divisor),both,-0.5,0,-1.0,False,False,2025-10-24
EURAUD,inflation,-1.0,mixed,constructed aggregate (sum/pair_divisor),both,-0.8333333333333333,-1,-0.16666666666666674,False,False,2025-10-24
EURAUD,labour,-0.5,mixed,constructed aggregate (sum/pair_divisor),both,-0.25,0,-0.25,False,False,2025-10-24
EURAUD,monetary,1.0,both,direct (single indicator),both,0.5,0,0.5,False,True,2025-10-24
EURNZD,growth,0.5,mixed,constructed aggregate (sum/pair_divisor),both,0.125,0,0.375,False,False,2025-10-24
EURNZD,inflation,-0.5,mixed,constructed aggregate (sum/pair_divisor),both,-0.75,-1,0.25,False,False,2025-10-24
EURNZD,labour,-0.5,mixed,constructed aggregate (sum/pair_divisor),both,-0.25,0,-0.25,False,False,2025-10-24
EURNZD,monetary,0.0,base_only,direct (single indicator),base_only,0.0,0,0.0,False,True,2025-10-24
EURCAD,growth,-1.0,mixed,constructed aggregate (sum/pair_divisor),both,-0.5,0,-0.5,False,False,2025-10-24
EURCAD,inflation,-1.5,mixed,constructed aggregate (sum/pair_divisor),both,-1.0,-1,-0.5,False,False,2025-10-24
EURCAD,labour,-1.0,mixed,constructed aggregate (sum/pair_divisor),both,-0.5,0,-0.5,False,False,2025-10-24
EURCAD,monetary,1.0,both,direct (single indicator),both,0.5,0,0.5,False,True,2025-10-24
GBPJPY,growth,1.0,mixed,constructed aggregate (sum/pair_divisor),both,1.0,1,0.0,False,False,2025-10-24
GBPJPY,inflation,-1.0,mixed,constructed aggregate (sum/pair_divisor),both,-0.3333333333333333,0,-0.6666666666666667,False,False,2025-10-24
GBPJPY,labour,1.5,mixed,constructed aggregate (sum/pair_divisor),both,0.75,1,0.75,False,False,2025-10-24
GBPJPY,monetary,-2.0,both,direct (single indicator),both,-1.0,-1,-1.0,False,True,2025-10-24
GBPCHF,growth,0.0,mixed,constructed aggregate (sum/pair_divisor),both,0.0,0,0.0,False,False,2025-10-24
GBPCHF,inflation,-1.0,mixed,constructed aggregate (sum/pair_divisor),both,-0.3333333333333333,0,-0.6666666666666667,False,False,2025-10-24
GBPCHF,labour,0.5,mixed,constructed aggregate (sum/pair_divisor),both,0.5,0,0.0,False,False,2025-10-24
GBPCHF,monetary,-2.0,base_only,direct (single indicator),base_only,-1.0,-1,-1.0,False,True,2025-10-24
GBPAUD,growth,-1.5,mixed,constructed aggregate (sum/pair_divisor),both,-0.5,0,-1.0,False,False,2025-10-24
GBPAUD,inflation,-2.0,mixed,constructed aggregate (sum/pair_divisor),both,-0.6666666666666666,-1,-1.3333333333333335,False,False,2025-10-24
GBPAUD,labour,0.0,mixed,constructed aggregate (sum/pair_divisor),both,0.0,0,0.0,False,False,2025-10-24
GBPAUD,monetary,-1.0,both,direct (single indicator),both,-0.5,0,-0.5,False,True,2025-10-24
GBPNZD,growth,0.5,both,constructed aggregate (sum/pair_divisor),both,0.125,0,0.375,False,False,2025-10-24
GBPNZD,inflation,-1.5,mixed,constructed aggregate (sum/pair_divisor),both,-0.5833333333333333,-1,-0.9166666666666667,False,False,2025-10-24
GBPNZD,labour,0.0,mixed,constructed aggregate (sum/pair_divisor),both,0.0,0,0.0,False,False,2025-10-24
GBPNZD,monetary,-2.0,base_only,direct (single indicator),base_only,-1.0,-1,-1.0,False,True,2025-10-24
GBPCAD,growth,-1.0,mixed,constructed aggregate (sum/pair_divisor),both,-0.5,0,-0.5,False,False,2025-10-24
GBPCAD,inflation,-2.5,mixed,constructed aggregate (sum/pair_divisor),both,-0.8333333333333333,-1,-1.6666666666666667,False,False,2025-10-24
GBPCAD,labour,-0.5,mixed,constructed aggregate (sum/pair_divisor),both,-0.25,0,-0.25,False,False,2025-10-24
GBPCAD,monetary,-1.0,both,direct (single indicator),both,-0.5,0,-0.5,False,True,2025-10-24
AUDJPY,growth,2.5,mixed,constructed aggregate (sum/pair_divisor),both,1.5,2,1.0,False,False,2025-10-24
AUDJPY,inflation,1.0,mixed,constructed aggregate (sum/pair_divisor),both,0.3333333333333333,0,0.6666666666666667,False,False,2025-10-24
AUDJPY,labour,1.5,mixed,constructed aggregate (sum/pair_divisor),both,0.75,1,0.75,False,False,2025-10-24
AUDJPY,monetary,-1.0,both,direct (single indicator),both,-0.5,0,-0.5,False,True,2025-10-24
NZDJPY,growth,0.5,mixed,constructed aggregate (sum/pair_divisor),both,0.875,1,-0.375,False,False,2025-10-24
NZDJPY,inflation,0.5,mixed,constructed aggregate (sum/pair_divisor),both,0.25,0,0.25,False,False,2025-10-24
NZDJPY,labour,1.5,mixed,constructed aggregate (sum/pair_divisor),both,0.75,1,0.75,False,False,2025-10-24
NZDJPY,monetary,0.0,quote_only,direct (single indicator),quote_only,0.0,0,0.0,False,True,2025-10-24
CADJPY,growth,2.0,mixed,constructed aggregate (sum/pair_divisor),both,1.5,2,0.5,False,False,2025-10-24
CADJPY,inflation,1.5,mixed,constructed aggregate (sum/pair_divisor),both,0.5,0,1.0,False,False,2025-10-24
CADJPY,labour,2.0,mixed,constructed aggregate (sum/pair_divisor),both,1.0,1,1.0,False,False,2025-10-24
CADJPY,monetary,-1.0,both,direct (single indicator),both,-0.5,0,-0.5,False,True,2025-10-24
CHFJPY,growth,1.0,mixed,constructed aggregate (sum/pair_divisor),both,1.0,1,0.0,False,False,2025-10-24
CHFJPY,inflation,0.0,mixed,constructed aggregate (sum/pair_divisor),both,0.0,0,0.0,False,False,2025-10-24
CHFJPY,labour,1.0,mixed,constructed aggregate (sum/pair_divisor),both,0.25,0,0.75,False,False,2025-10-24
CHFJPY,monetary,0.0,quote_only,direct (single indicator),quote_only,0.0,0,0.0,False,True,2025-10-24
AUDNZD,growth,2.0,mixed,constructed aggregate (sum/pair_divisor),both,0.625,1,1.375,False,False,2025-10-24
AUDNZD,inflation,0.5,mixed,constructed aggregate (sum/pair_divisor),both,0.08333333333333331,0,0.4166666666666667,False,False,2025-10-24
AUDNZD,labour,0.0,mixed,constructed aggregate (sum/pair_divisor),both,0.0,0,0.0,False,False,2025-10-24
AUDNZD,monetary,-1.0,base_only,direct (single indicator),base_only,-0.5,0,-0.5,False,True,2025-10-24
AUDCAD,growth,0.5,mixed,constructed aggregate (sum/pair_divisor),both,0.0,0,0.5,False,False,2025-10-24
AUDCAD,inflation,-0.5,mixed,constructed aggregate (sum/pair_divisor),both,-0.16666666666666669,0,-0.3333333333333333,False,False,2025-10-24
AUDCAD,labour,-0.5,mixed,constructed aggregate (sum/pair_divisor),both,-0.25,0,-0.25,False,False,2025-10-24
AUDCAD,monetary,0.0,both,direct (single indicator),both,0.0,0,0.0,False,True,2025-10-24
AUDCHF,growth,1.5,mixed,constructed aggregate (sum/pair_divisor),both,0.5,0,1.0,False,False,2025-10-24
AUDCHF,inflation,1.0,mixed,constructed aggregate (sum/pair_divisor),both,0.3333333333333333,0,0.6666666666666667,False,False,2025-10-24
AUDCHF,labour,0.5,mixed,constructed aggregate (sum/pair_divisor),both,0.5,0,0.0,False,False,2025-10-24
AUDCHF,monetary,-1.0,base_only,direct (single indicator),base_only,-0.5,0,-0.5,False,True,2025-10-24
NZDCAD,growth,-1.5,mixed,constructed aggregate (sum/pair_divisor),both,-0.625,-1,-0.875,False,False,2025-10-24
NZDCAD,inflation,-1.0,mixed,constructed aggregate (sum/pair_divisor),both,-0.25,0,-0.75,False,False,2025-10-24
NZDCAD,labour,-0.5,mixed,constructed aggregate (sum/pair_divisor),both,-0.25,0,-0.25,False,False,2025-10-24
NZDCAD,monetary,1.0,quote_only,direct (single indicator),quote_only,0.5,0,0.5,False,True,2025-10-24
NZDCHF,growth,-0.5,mixed,constructed aggregate (sum/pair_divisor),both,-0.125,0,-0.375,False,False,2025-10-24
NZDCHF,inflation,0.5,mixed,constructed aggregate (sum/pair_divisor),both,0.25,0,0.25,False,False,2025-10-24
NZDCHF,labour,0.5,mixed,constructed aggregate (sum/pair_divisor),both,0.5,0,0.0,False,False,2025-10-24
NZDCHF,monetary,,neither,direct (single indicator),neither,0.0,0,,False,True,2025-10-24
CADCHF,growth,1.0,mixed,constructed aggregate (sum/pair_divisor),both,0.5,0,0.5,False,False,2025-10-24
CADCHF,inflation,1.5,mixed,constructed aggregate (sum/pair_divisor),both,0.5,0,1.0,False,False,2025-10-24
CADCHF,labour,1.0,mixed,constructed aggregate (sum/pair_divisor),both,0.75,1,0.25,False,False,2025-10-24
CADCHF,monetary,-1.0,base_only,direct (single indicator),base_only,-0.5,0,-0.5,False,True,2025-10-24
EURUSD,growth,0.5,mixed,constructed aggregate (sum/pair_divisor),both,0.25,0,0.25,False,False,2025-10-31
EURUSD,inflation,1.0,mixed,constructed aggregate (sum/pair_divisor),both,-0.16666666666666669,0,1.1666666666666667,False,False,2025-10-31
EURUSD,labour,0.0,mixed,constructed aggregate (sum/pair_divisor),both,0.25,0,-0.25,False,False,2025-10-31
EURUSD,monetary,0.0,both,direct (single indicator),both,0.0,0,0.0,False,True,2025-10-31
GBPUSD,growth,0.5,both,constructed aggregate (sum/pair_divisor),both,0.16666666666666666,0,0.33333333333333337,False,False,2025-10-31
GBPUSD,inflation,0.0,mixed,constructed aggregate (sum/pair_divisor),both,0.0,0,0.0,False,False,2025-10-31
GBPUSD,labour,0.0,mixed,constructed aggregate (sum/pair_divisor),both,0.25,0,-0.25,False,False,2025-10-31
GBPUSD,monetary,-2.0,both,direct (single indicator),both,-1.0,-1,-1.0,False,True,2025-10-31
USDJPY,growth,0.0,mixed,constructed aggregate (sum/pair_divisor),both,0.0,0,0.0,False,False,2025-10-31
USDJPY,inflation,-1.0,mixed,constructed aggregate (sum/pair_divisor),both,-0.3333333333333333,0,-0.6666666666666667,False,False,2025-10-31
USDJPY,labour,1.0,mixed,constructed aggregate (sum/pair_divisor),both,0.25,0,0.75,False,False,2025-10-31
USDJPY,monetary,0.0,both,direct (single indicator),both,0.0,0,0.0,False,True,2025-10-31
USDCHF,growth,0.0,mixed,constructed aggregate (sum/pair_divisor),both,0.0,0,0.0,False,False,2025-10-31
USDCHF,inflation,-1.0,mixed,constructed aggregate (sum/pair_divisor),both,-0.3333333333333333,0,-0.6666666666666667,False,False,2025-10-31
USDCHF,labour,0.5,mixed,constructed aggregate (sum/pair_divisor),both,0.25,0,0.25,False,False,2025-10-31
USDCHF,monetary,0.0,base_only,direct (single indicator),base_only,0.0,0,0.0,False,True,2025-10-31
USDCAD,growth,-1.0,mixed,constructed aggregate (sum/pair_divisor),both,-0.5,0,-0.5,False,False,2025-10-31
USDCAD,inflation,-2.5,mixed,constructed aggregate (sum/pair_divisor),both,-0.8333333333333333,-1,-1.6666666666666667,False,False,2025-10-31
USDCAD,labour,-0.5,mixed,constructed aggregate (sum/pair_divisor),both,-0.5,0,0.0,False,False,2025-10-31
USDCAD,monetary,0.0,both,direct (single indicator),both,0.0,0,0.0,False,True,2025-10-31
AUDUSD,growth,1.5,mixed,constructed aggregate (sum/pair_divisor),both,0.5,0,1.0,False,False,2025-10-31
AUDUSD,inflation,2.5,mixed,constructed aggregate (sum/pair_divisor),both,0.8333333333333333,1,1.6666666666666667,False,False,2025-10-31
AUDUSD,labour,0.0,mixed,constructed aggregate (sum/pair_divisor),both,0.25,0,-0.25,False,False,2025-10-31
AUDUSD,monetary,0.0,both,direct (single indicator),both,0.0,0,0.0,False,True,2025-10-31
NZDUSD,growth,-0.5,both,constructed aggregate (sum/pair_divisor),both,-0.125,0,-0.375,False,False,2025-10-31
NZDUSD,inflation,1.5,mixed,constructed aggregate (sum/pair_divisor),both,0.5833333333333333,1,0.9166666666666667,False,False,2025-10-31
NZDUSD,labour,0.0,mixed,constructed aggregate (sum/pair_divisor),both,0.25,0,-0.25,False,False,2025-10-31
NZDUSD,monetary,0.0,quote_only,direct (single indicator),quote_only,0.0,0,0.0,False,True,2025-10-31
EURGBP,growth,0.0,mixed,constructed aggregate (sum/pair_divisor),both,0.08333333333333334,0,-0.08333333333333334,False,False,2025-10-31
EURGBP,inflation,1.0,mixed,constructed aggregate (sum/pair_divisor),both,-0.16666666666666669,0,1.1666666666666667,False,False,2025-10-31
EURGBP,labour,0.0,mixed,constructed aggregate (sum/pair_divisor),both,0.0,0,0.0,False,False,2025-10-31
EURGBP,monetary,2.0,both,direct (single indicator),both,1.0,1,1.0,False,True,2025-10-31
EURJPY,growth,0.5,mixed,constructed aggregate (sum/pair_divisor),both,0.25,0,0.25,False,False,2025-10-31
EURJPY,inflation,0.0,mixed,constructed aggregate (sum/pair_divisor),both,-0.5,0,0.5,False,False,2025-10-31
EURJPY,labour,1.0,mixed,constructed aggregate (sum/pair_divisor),both,0.5,0,0.5,False,False,2025-10-31
EURJPY,monetary,0.0,both,direct (single indicator),both,0.0,0,0.0,False,True,2025-10-31
EURCHF,growth,0.5,mixed,constructed aggregate (sum/pair_divisor),both,0.25,0,0.25,False,False,2025-10-31
EURCHF,inflation,0.0,mixed,constructed aggregate (sum/pair_divisor),both,-0.5,0,0.5,False,False,2025-10-31
EURCHF,labour,0.5,mixed,constructed aggregate (sum/pair_divisor),both,0.5,0,0.0,False,False,2025-10-31
EURCHF,monetary,0.0,base_only,direct (single indicator),base_only,0.0,0,0.0,False,True,2025-10-31
EURAUD,growth,-1.0,mixed,constructed aggregate (sum/pair_divisor),both,-0.25,0,-0.75,False,False,2025-10-31
EURAUD,inflation,-1.5,mixed,constructed aggregate (sum/pair_divisor),both,-1.0,-1,-0.5,False,False,2025-10-31
EURAUD,labour,0.0,mixed,constructed aggregate (sum/pair_divisor),both,0.0,0,0.0,False,False,2025-10-31
EURAUD,monetary,0.0,both,direct (single indicator),both,0.0,0,0.0,False,True,2025-10-31
EURNZD,growth,1.0,mixed,constructed aggregate (sum/pair_divisor),both,0.375,0,0.625,False,False,2025-10-31
EURNZD,inflation,-0.5,mixed,constructed aggregate (sum/pair_divisor),both,-0.75,-1,0.25,False,False,2025-10-31
EURNZD,labour,0.0,mixed,constructed aggregate (sum/pair_divisor),both,0.0,0,0.0,False,False,2025-10-31
EURNZD,monetary,0.0,base_only,direct (single indicator),base_only,0.0,0,0.0,False,True,2025-10-31
EURCAD,growth,-0.5,mixed,constructed aggregate (sum/pair_divisor),both,-0.25,0,-0.25,False,False,2025-10-31
EURCAD,inflation,-1.5,mixed,constructed aggregate (sum/pair_divisor),both,-1.0,-1,-0.5,False,False,2025-10-31
EURCAD,labour,-0.5,mixed,constructed aggregate (sum/pair_divisor),both,-0.25,0,-0.25,False,False,2025-10-31
EURCAD,monetary,0.0,both,direct (single indicator),both,0.0,0,0.0,False,True,2025-10-31
GBPJPY,growth,0.5,mixed,constructed aggregate (sum/pair_divisor),both,0.16666666666666666,0,0.33333333333333337,False,False,2025-10-31
GBPJPY,inflation,-1.0,mixed,constructed aggregate (sum/pair_divisor),both,-0.3333333333333333,0,-0.6666666666666667,False,False,2025-10-31
GBPJPY,labour,1.0,mixed,constructed aggregate (sum/pair_divisor),both,0.5,0,0.5,False,False,2025-10-31
GBPJPY,monetary,-2.0,both,direct (single indicator),both,-1.0,-1,-1.0,False,True,2025-10-31
GBPCHF,growth,0.5,mixed,constructed aggregate (sum/pair_divisor),both,0.16666666666666666,0,0.33333333333333337,False,False,2025-10-31
GBPCHF,inflation,-1.0,mixed,constructed aggregate (sum/pair_divisor),both,-0.3333333333333333,0,-0.6666666666666667,False,False,2025-10-31
GBPCHF,labour,0.5,mixed,constructed aggregate (sum/pair_divisor),both,0.5,0,0.0,False,False,2025-10-31
GBPCHF,monetary,-2.0,base_only,direct (single indicator),base_only,-1.0,-1,-1.0,False,True,2025-10-31
GBPAUD,growth,-1.0,mixed,constructed aggregate (sum/pair_divisor),both,-0.33333333333333337,0,-0.6666666666666666,False,False,2025-10-31
GBPAUD,inflation,-2.5,mixed,constructed aggregate (sum/pair_divisor),both,-0.8333333333333333,-1,-1.6666666666666667,False,False,2025-10-31
GBPAUD,labour,0.0,mixed,constructed aggregate (sum/pair_divisor),both,0.0,0,0.0,False,False,2025-10-31
GBPAUD,monetary,-2.0,both,direct (single indicator),both,-1.0,-1,-1.0,False,True,2025-10-31
GBPNZD,growth,1.0,both,constructed aggregate (sum/pair_divisor),both,0.29166666666666663,0,0.7083333333333334,False,False,2025-10-31
GBPNZD,inflation,-1.5,mixed,constructed aggregate (sum/pair_divisor),both,-0.5833333333333333,-1,-0.9166666666666667,False,False,2025-10-31
GBPNZD,labour,0.0,mixed,constructed aggregate (sum/pair_divisor),both,0.0,0,0.0,False,False,2025-10-31
GBPNZD,monetary,-2.0,base_only,direct (single indicator),base_only,-1.0,-1,-1.0,False,True,2025-10-31
GBPCAD,growth,-0.5,mixed,constructed aggregate (sum/pair_divisor),both,-0.33333333333333337,0,-0.16666666666666663,False,False,2025-10-31
GBPCAD,inflation,-2.5,mixed,constructed aggregate (sum/pair_divisor),both,-0.8333333333333333,-1,-1.6666666666666667,False,False,2025-10-31
GBPCAD,labour,-0.5,mixed,constructed aggregate (sum/pair_divisor),both,-0.25,0,-0.25,False,False,2025-10-31
GBPCAD,monetary,-2.0,both,direct (single indicator),both,-1.0,-1,-1.0,False,True,2025-10-31
AUDJPY,growth,1.5,mixed,constructed aggregate (sum/pair_divisor),both,0.5,0,1.0,False,False,2025-10-31
AUDJPY,inflation,1.5,mixed,constructed aggregate (sum/pair_divisor),both,0.5,0,1.0,False,False,2025-10-31
AUDJPY,labour,1.0,mixed,constructed aggregate (sum/pair_divisor),both,0.5,0,0.5,False,False,2025-10-31
AUDJPY,monetary,0.0,both,direct (single indicator),both,0.0,0,0.0,False,True,2025-10-31
NZDJPY,growth,-0.5,mixed,constructed aggregate (sum/pair_divisor),both,-0.125,0,-0.375,False,False,2025-10-31
NZDJPY,inflation,0.5,mixed,constructed aggregate (sum/pair_divisor),both,0.25,0,0.25,False,False,2025-10-31
NZDJPY,labour,1.0,mixed,constructed aggregate (sum/pair_divisor),both,0.5,0,0.5,False,False,2025-10-31
NZDJPY,monetary,0.0,quote_only,direct (single indicator),quote_only,0.0,0,0.0,False,True,2025-10-31
CADJPY,growth,1.0,mixed,constructed aggregate (sum/pair_divisor),both,0.5,0,0.5,False,False,2025-10-31
CADJPY,inflation,1.5,mixed,constructed aggregate (sum/pair_divisor),both,0.5,0,1.0,False,False,2025-10-31
CADJPY,labour,1.5,mixed,constructed aggregate (sum/pair_divisor),both,0.75,1,0.75,False,False,2025-10-31
CADJPY,monetary,0.0,both,direct (single indicator),both,0.0,0,0.0,False,True,2025-10-31
CHFJPY,growth,0.0,mixed,constructed aggregate (sum/pair_divisor),both,0.0,0,0.0,False,False,2025-10-31
CHFJPY,inflation,0.0,mixed,constructed aggregate (sum/pair_divisor),both,0.0,0,0.0,False,False,2025-10-31
CHFJPY,labour,0.5,mixed,constructed aggregate (sum/pair_divisor),both,0.0,0,0.5,False,False,2025-10-31
CHFJPY,monetary,0.0,quote_only,direct (single indicator),quote_only,0.0,0,0.0,False,True,2025-10-31
AUDNZD,growth,2.0,mixed,constructed aggregate (sum/pair_divisor),both,0.625,1,1.375,False,False,2025-10-31
AUDNZD,inflation,1.0,mixed,constructed aggregate (sum/pair_divisor),both,0.25,0,0.75,False,False,2025-10-31
AUDNZD,labour,0.0,mixed,constructed aggregate (sum/pair_divisor),both,0.0,0,0.0,False,False,2025-10-31
AUDNZD,monetary,0.0,base_only,direct (single indicator),base_only,0.0,0,0.0,False,True,2025-10-31
AUDCAD,growth,0.5,mixed,constructed aggregate (sum/pair_divisor),both,0.0,0,0.5,False,False,2025-10-31
AUDCAD,inflation,0.0,mixed,constructed aggregate (sum/pair_divisor),both,0.0,0,0.0,False,False,2025-10-31
AUDCAD,labour,-0.5,mixed,constructed aggregate (sum/pair_divisor),both,-0.25,0,-0.25,False,False,2025-10-31
AUDCAD,monetary,0.0,both,direct (single indicator),both,0.0,0,0.0,False,True,2025-10-31
AUDCHF,growth,1.5,mixed,constructed aggregate (sum/pair_divisor),both,0.5,0,1.0,False,False,2025-10-31
AUDCHF,inflation,1.5,mixed,constructed aggregate (sum/pair_divisor),both,0.5,0,1.0,False,False,2025-10-31
AUDCHF,labour,0.5,mixed,constructed aggregate (sum/pair_divisor),both,0.5,0,0.0,False,False,2025-10-31
AUDCHF,monetary,0.0,base_only,direct (single indicator),base_only,0.0,0,0.0,False,True,2025-10-31
NZDCAD,growth,-1.5,mixed,constructed aggregate (sum/pair_divisor),both,-0.625,-1,-0.875,False,False,2025-10-31
NZDCAD,inflation,-1.0,mixed,constructed aggregate (sum/pair_divisor),both,-0.25,0,-0.75,False,False,2025-10-31
NZDCAD,labour,-0.5,mixed,constructed aggregate (sum/pair_divisor),both,-0.25,0,-0.25,False,False,2025-10-31
NZDCAD,monetary,0.0,quote_only,direct (single indicator),quote_only,0.0,0,0.0,False,True,2025-10-31
NZDCHF,growth,-0.5,mixed,constructed aggregate (sum/pair_divisor),both,-0.125,0,-0.375,False,False,2025-10-31
NZDCHF,inflation,0.5,mixed,constructed aggregate (sum/pair_divisor),both,0.25,0,0.25,False,False,2025-10-31
NZDCHF,labour,0.5,mixed,constructed aggregate (sum/pair_divisor),both,0.5,0,0.0,False,False,2025-10-31
NZDCHF,monetary,,neither,direct (single indicator),neither,0.0,0,,False,True,2025-10-31
CADCHF,growth,1.0,mixed,constructed aggregate (sum/pair_divisor),both,0.5,0,0.5,False,False,2025-10-31
CADCHF,inflation,1.5,mixed,constructed aggregate (sum/pair_divisor),both,0.5,0,1.0,False,False,2025-10-31
CADCHF,labour,1.0,mixed,constructed aggregate (sum/pair_divisor),both,0.75,1,0.25,False,False,2025-10-31
CADCHF,monetary,0.0,base_only,direct (single indicator),base_only,0.0,0,0.0,False,True,2025-10-31
EURUSD,growth,-1.5,mixed,constructed aggregate (sum/pair_divisor),both,-0.41666666666666663,0,-1.0833333333333335,False,False,2025-11-07
EURUSD,inflation,1.5,mixed,constructed aggregate (sum/pair_divisor),both,0.5,0,1.0,False,False,2025-11-07
EURUSD,labour,0.0,mixed,constructed aggregate (sum/pair_divisor),both,0.16666666666666666,0,-0.16666666666666666,False,False,2025-11-07
EURUSD,monetary,0.0,both,direct (single indicator),both,0.0,0,0.0,False,True,2025-11-07
GBPUSD,growth,-0.5,both,constructed aggregate (sum/pair_divisor),both,-0.04166666666666666,0,-0.45833333333333337,False,False,2025-11-07
GBPUSD,inflation,0.0,mixed,constructed aggregate (sum/pair_divisor),both,0.0,0,0.0,False,False,2025-11-07
GBPUSD,labour,0.0,mixed,constructed aggregate (sum/pair_divisor),both,0.16666666666666666,0,-0.16666666666666666,False,False,2025-11-07
GBPUSD,monetary,-2.0,both,direct (single indicator),both,-1.0,-1,-1.0,False,True,2025-11-07
USDJPY,growth,1.0,mixed,constructed aggregate (sum/pair_divisor),both,0.16666666666666666,0,0.8333333333333334,False,False,2025-11-07
USDJPY,inflation,-1.0,mixed,constructed aggregate (sum/pair_divisor),both,-0.3333333333333333,0,-0.6666666666666667,False,False,2025-11-07
USDJPY,labour,0.5,mixed,constructed aggregate (sum/pair_divisor),both,0.08333333333333334,0,0.41666666666666663,False,False,2025-11-07
USDJPY,monetary,0.0,both,direct (single indicator),both,0.0,0,0.0,False,True,2025-11-07
USDCHF,growth,1.0,mixed,constructed aggregate (sum/pair_divisor),both,0.16666666666666666,0,0.8333333333333334,False,False,2025-11-07
USDCHF,inflation,0.0,mixed,constructed aggregate (sum/pair_divisor),both,0.16666666666666669,0,-0.16666666666666669,False,False,2025-11-07
USDCHF,labour,0.0,mixed,constructed aggregate (sum/pair_divisor),both,-0.16666666666666666,0,0.16666666666666666,False,False,2025-11-07
USDCHF,monetary,0.0,base_only,direct (single indicator),base_only,0.0,0,0.0,False,True,2025-11-07
USDCAD,growth,1.0,mixed,constructed aggregate (sum/pair_divisor),both,0.16666666666666666,0,0.8333333333333334,False,False,2025-11-07
USDCAD,inflation,-2.5,mixed,constructed aggregate (sum/pair_divisor),both,-0.8333333333333333,-1,-1.6666666666666667,False,False,2025-11-07
USDCAD,labour,-0.5,mixed,constructed aggregate (sum/pair_divisor),both,-0.41666666666666663,0,-0.08333333333333337,False,False,2025-11-07
USDCAD,monetary,0.0,both,direct (single indicator),both,0.0,0,0.0,False,True,2025-11-07
AUDUSD,growth,0.5,mixed,constructed aggregate (sum/pair_divisor),both,0.33333333333333337,0,0.16666666666666663,False,False,2025-11-07
AUDUSD,inflation,2.5,mixed,constructed aggregate (sum/pair_divisor),both,0.8333333333333333,1,1.6666666666666667,False,False,2025-11-07
AUDUSD,labour,0.0,mixed,constructed aggregate (sum/pair_divisor),both,0.16666666666666666,0,-0.16666666666666666,False,False,2025-11-07
AUDUSD,monetary,0.0,both,direct (single indicator),both,0.0,0,0.0,False,True,2025-11-07
NZDUSD,growth,-1.5,both,constructed aggregate (sum/pair_divisor),both,-0.29166666666666663,0,-1.2083333333333335,False,False,2025-11-07
NZDUSD,inflation,1.5,mixed,constructed aggregate (sum/pair_divisor),both,0.5833333333333333,1,0.9166666666666667,False,False,2025-11-07
NZDUSD,labour,0.0,mixed,constructed aggregate (sum/pair_divisor),both,0.16666666666666666,0,-0.16666666666666666,False,False,2025-11-07
NZDUSD,monetary,0.0,quote_only,direct (single indicator),quote_only,0.0,0,0.0,False,True,2025-11-07
EURGBP,growth,-1.0,mixed,constructed aggregate (sum/pair_divisor),both,-0.375,0,-0.625,False,False,2025-11-07
EURGBP,inflation,1.5,mixed,constructed aggregate (sum/pair_divisor),both,0.5,0,1.0,False,False,2025-11-07
EURGBP,labour,0.0,mixed,constructed aggregate (sum/pair_divisor),both,0.0,0,0.0,False,False,2025-11-07
EURGBP,monetary,2.0,both,direct (single indicator),both,1.0,1,1.0,False,True,2025-11-07
EURJPY,growth,-0.5,mixed,constructed aggregate (sum/pair_divisor),both,-0.25,0,-0.25,False,False,2025-11-07
EURJPY,inflation,0.5,mixed,constructed aggregate (sum/pair_divisor),both,0.16666666666666666,0,0.33333333333333337,False,False,2025-11-07
EURJPY,labour,0.5,mixed,constructed aggregate (sum/pair_divisor),both,0.25,0,0.25,False,False,2025-11-07
EURJPY,monetary,0.0,both,direct (single indicator),both,0.0,0,0.0,False,True,2025-11-07
EURCHF,growth,-0.5,mixed,constructed aggregate (sum/pair_divisor),both,-0.25,0,-0.25,False,False,2025-11-07
EURCHF,inflation,1.5,mixed,constructed aggregate (sum/pair_divisor),both,0.6666666666666666,1,0.8333333333333334,False,False,2025-11-07
EURCHF,labour,0.0,mixed,constructed aggregate (sum/pair_divisor),both,0.0,0,0.0,False,False,2025-11-07
EURCHF,monetary,0.0,base_only,direct (single indicator),base_only,0.0,0,0.0,False,True,2025-11-07
EURAUD,growth,-2.0,mixed,constructed aggregate (sum/pair_divisor),both,-0.75,-1,-1.25,False,False,2025-11-07
EURAUD,inflation,-1.0,mixed,constructed aggregate (sum/pair_divisor),both,-0.33333333333333337,0,-0.6666666666666666,False,False,2025-11-07
EURAUD,labour,0.0,mixed,constructed aggregate (sum/pair_divisor),both,0.0,0,0.0,False,False,2025-11-07
EURAUD,monetary,0.0,both,direct (single indicator),both,0.0,0,0.0,False,True,2025-11-07
EURNZD,growth,0.0,mixed,constructed aggregate (sum/pair_divisor),both,-0.125,0,0.125,False,False,2025-11-07
EURNZD,inflation,0.0,mixed,constructed aggregate (sum/pair_divisor),both,-0.08333333333333334,0,0.08333333333333334,False,False,2025-11-07
EURNZD,labour,0.0,mixed,constructed aggregate (sum/pair_divisor),both,0.0,0,0.0,False,False,2025-11-07
EURNZD,monetary,0.0,base_only,direct (single indicator),base_only,0.0,0,0.0,False,True,2025-11-07
EURCAD,growth,-0.5,mixed,constructed aggregate (sum/pair_divisor),both,-0.25,0,-0.25,False,False,2025-11-07
EURCAD,inflation,-1.0,mixed,constructed aggregate (sum/pair_divisor),both,-0.33333333333333337,0,-0.6666666666666666,False,False,2025-11-07
EURCAD,labour,-0.5,mixed,constructed aggregate (sum/pair_divisor),both,-0.25,0,-0.25,False,False,2025-11-07
EURCAD,monetary,0.0,both,direct (single indicator),both,0.0,0,0.0,False,True,2025-11-07
GBPJPY,growth,0.5,mixed,constructed aggregate (sum/pair_divisor),both,0.125,0,0.375,False,False,2025-11-07
GBPJPY,inflation,-1.0,mixed,constructed aggregate (sum/pair_divisor),both,-0.3333333333333333,0,-0.6666666666666667,False,False,2025-11-07
GBPJPY,labour,0.5,mixed,constructed aggregate (sum/pair_divisor),both,0.25,0,0.25,False,False,2025-11-07
GBPJPY,monetary,-2.0,both,direct (single indicator),both,-1.0,-1,-1.0,False,True,2025-11-07
GBPCHF,growth,0.5,mixed,constructed aggregate (sum/pair_divisor),both,0.125,0,0.375,False,False,2025-11-07
GBPCHF,inflation,0.0,mixed,constructed aggregate (sum/pair_divisor),both,0.16666666666666669,0,-0.16666666666666669,False,False,2025-11-07
GBPCHF,labour,0.0,mixed,constructed aggregate (sum/pair_divisor),both,0.0,0,0.0,False,False,2025-11-07
GBPCHF,monetary,-2.0,base_only,direct (single indicator),base_only,-1.0,-1,-1.0,False,True,2025-11-07
GBPAUD,growth,-1.0,mixed,constructed aggregate (sum/pair_divisor),both,-0.375,0,-0.625,False,False,2025-11-07
GBPAUD,inflation,-2.5,mixed,constructed aggregate (sum/pair_divisor),both,-0.8333333333333333,-1,-1.6666666666666667,False,False,2025-11-07
GBPAUD,labour,0.0,mixed,constructed aggregate (sum/pair_divisor),both,0.0,0,0.0,False,False,2025-11-07
GBPAUD,monetary,-2.0,both,direct (single indicator),both,-1.0,-1,-1.0,False,True,2025-11-07
GBPNZD,growth,1.0,both,constructed aggregate (sum/pair_divisor),both,0.25,0,0.75,False,False,2025-11-07
GBPNZD,inflation,-1.5,mixed,constructed aggregate (sum/pair_divisor),both,-0.5833333333333333,-1,-0.9166666666666667,False,False,2025-11-07
GBPNZD,labour,0.0,mixed,constructed aggregate (sum/pair_divisor),both,0.0,0,0.0,False,False,2025-11-07
GBPNZD,monetary,-2.0,base_only,direct (single indicator),base_only,-1.0,-1,-1.0,False,True,2025-11-07
GBPCAD,growth,0.5,mixed,constructed aggregate (sum/pair_divisor),both,0.125,0,0.375,False,False,2025-11-07
GBPCAD,inflation,-2.5,mixed,constructed aggregate (sum/pair_divisor),both,-0.8333333333333333,-1,-1.6666666666666667,False,False,2025-11-07
GBPCAD,labour,-0.5,mixed,constructed aggregate (sum/pair_divisor),both,-0.25,0,-0.25,False,False,2025-11-07
GBPCAD,monetary,-2.0,both,direct (single indicator),both,-1.0,-1,-1.0,False,True,2025-11-07
AUDJPY,growth,1.5,mixed,constructed aggregate (sum/pair_divisor),both,0.5,0,1.0,False,False,2025-11-07
AUDJPY,inflation,1.5,mixed,constructed aggregate (sum/pair_divisor),both,0.5,0,1.0,False,False,2025-11-07
AUDJPY,labour,0.5,mixed,constructed aggregate (sum/pair_divisor),both,0.25,0,0.25,False,False,2025-11-07
AUDJPY,monetary,0.0,both,direct (single indicator),both,0.0,0,0.0,False,True,2025-11-07
NZDJPY,growth,-0.5,mixed,constructed aggregate (sum/pair_divisor),both,-0.125,0,-0.375,False,False,2025-11-07
NZDJPY,inflation,0.5,mixed,constructed aggregate (sum/pair_divisor),both,0.25,0,0.25,False,False,2025-11-07
NZDJPY,labour,0.5,mixed,constructed aggregate (sum/pair_divisor),both,0.25,0,0.25,False,False,2025-11-07
NZDJPY,monetary,0.0,quote_only,direct (single indicator),quote_only,0.0,0,0.0,False,True,2025-11-07
CADJPY,growth,0.0,mixed,constructed aggregate (sum/pair_divisor),both,0.0,0,0.0,False,False,2025-11-07
CADJPY,inflation,1.5,mixed,constructed aggregate (sum/pair_divisor),both,0.5,0,1.0,False,False,2025-11-07
CADJPY,labour,1.0,mixed,constructed aggregate (sum/pair_divisor),both,0.5,0,0.5,False,False,2025-11-07
CADJPY,monetary,0.0,both,direct (single indicator),both,0.0,0,0.0,False,True,2025-11-07
CHFJPY,growth,0.0,mixed,constructed aggregate (sum/pair_divisor),both,0.0,0,0.0,False,False,2025-11-07
CHFJPY,inflation,-1.0,mixed,constructed aggregate (sum/pair_divisor),both,-0.5,0,-0.5,False,False,2025-11-07
CHFJPY,labour,0.5,mixed,constructed aggregate (sum/pair_divisor),both,0.25,0,0.25,False,False,2025-11-07
CHFJPY,monetary,0.0,quote_only,direct (single indicator),quote_only,0.0,0,0.0,False,True,2025-11-07
AUDNZD,growth,2.0,mixed,constructed aggregate (sum/pair_divisor),both,0.625,1,1.375,False,False,2025-11-07
AUDNZD,inflation,1.0,mixed,constructed aggregate (sum/pair_divisor),both,0.25,0,0.75,False,False,2025-11-07
AUDNZD,labour,0.0,mixed,constructed aggregate (sum/pair_divisor),both,0.0,0,0.0,False,False,2025-11-07
AUDNZD,monetary,0.0,base_only,direct (single indicator),base_only,0.0,0,0.0,False,True,2025-11-07
AUDCAD,growth,1.5,mixed,constructed aggregate (sum/pair_divisor),both,0.5,0,1.0,False,False,2025-11-07
AUDCAD,inflation,0.0,mixed,constructed aggregate (sum/pair_divisor),both,0.0,0,0.0,False,False,2025-11-07
AUDCAD,labour,-0.5,mixed,constructed aggregate (sum/pair_divisor),both,-0.25,0,-0.25,False,False,2025-11-07
AUDCAD,monetary,0.0,both,direct (single indicator),both,0.0,0,0.0,False,True,2025-11-07
AUDCHF,growth,1.5,mixed,constructed aggregate (sum/pair_divisor),both,0.5,0,1.0,False,False,2025-11-07
AUDCHF,inflation,2.5,mixed,constructed aggregate (sum/pair_divisor),both,1.0,1,1.5,False,False,2025-11-07
AUDCHF,labour,0.0,mixed,constructed aggregate (sum/pair_divisor),both,0.0,0,0.0,False,False,2025-11-07
AUDCHF,monetary,0.0,base_only,direct (single indicator),base_only,0.0,0,0.0,False,True,2025-11-07
NZDCAD,growth,-0.5,mixed,constructed aggregate (sum/pair_divisor),both,-0.125,0,-0.375,False,False,2025-11-07
NZDCAD,inflation,-1.0,mixed,constructed aggregate (sum/pair_divisor),both,-0.25,0,-0.75,False,False,2025-11-07
NZDCAD,labour,-0.5,mixed,constructed aggregate (sum/pair_divisor),both,-0.25,0,-0.25,False,False,2025-11-07
NZDCAD,monetary,0.0,quote_only,direct (single indicator),quote_only,0.0,0,0.0,False,True,2025-11-07
NZDCHF,growth,-0.5,mixed,constructed aggregate (sum/pair_divisor),both,-0.125,0,-0.375,False,False,2025-11-07
NZDCHF,inflation,1.5,mixed,constructed aggregate (sum/pair_divisor),both,0.75,1,0.75,False,False,2025-11-07
NZDCHF,labour,0.0,mixed,constructed aggregate (sum/pair_divisor),both,0.0,0,0.0,False,False,2025-11-07
NZDCHF,monetary,,neither,direct (single indicator),neither,0.0,0,,False,True,2025-11-07
CADCHF,growth,0.0,mixed,constructed aggregate (sum/pair_divisor),both,0.0,0,0.0,False,False,2025-11-07
CADCHF,inflation,2.5,mixed,constructed aggregate (sum/pair_divisor),both,1.0,1,1.5,False,False,2025-11-07
CADCHF,labour,0.5,mixed,constructed aggregate (sum/pair_divisor),both,0.25,0,0.25,False,False,2025-11-07
CADCHF,monetary,0.0,base_only,direct (single indicator),base_only,0.0,0,0.0,False,True,2025-11-07
EURUSD,growth,-1.5,mixed,constructed aggregate (sum/pair_divisor),both,-0.41666666666666663,0,-1.0833333333333335,False,False,2025-11-14
EURUSD,inflation,1.5,mixed,constructed aggregate (sum/pair_divisor),both,0.6666666666666666,1,0.8333333333333334,False,False,2025-11-14
EURUSD,labour,0.0,mixed,constructed aggregate (sum/pair_divisor),both,0.16666666666666666,0,-0.16666666666666666,False,False,2025-11-14
EURUSD,monetary,0.0,both,direct (single indicator),both,0.0,0,0.0,False,True,2025-11-14
GBPUSD,growth,-0.5,both,constructed aggregate (sum/pair_divisor),both,-0.04166666666666666,0,-0.45833333333333337,False,False,2025-11-14
GBPUSD,inflation,0.0,mixed,constructed aggregate (sum/pair_divisor),both,0.16666666666666669,0,-0.16666666666666669,False,False,2025-11-14
GBPUSD,labour,-1.5,mixed,constructed aggregate (sum/pair_divisor),both,-0.33333333333333337,0,-1.1666666666666665,False,False,2025-11-14
GBPUSD,monetary,-1.0,both,direct (single indicator),both,-0.5,0,-0.5,False,True,2025-11-14
USDJPY,growth,1.0,mixed,constructed aggregate (sum/pair_divisor),both,0.16666666666666666,0,0.8333333333333334,False,False,2025-11-14
USDJPY,inflation,-1.0,mixed,constructed aggregate (sum/pair_divisor),both,-0.5,0,-0.5,False,False,2025-11-14
USDJPY,labour,0.5,mixed,constructed aggregate (sum/pair_divisor),both,0.08333333333333334,0,0.41666666666666663,False,False,2025-11-14
USDJPY,monetary,1.0,both,direct (single indicator),both,0.5,0,0.5,False,True,2025-11-14
USDCHF,growth,1.0,mixed,constructed aggregate (sum/pair_divisor),both,0.16666666666666666,0,0.8333333333333334,False,False,2025-11-14
USDCHF,inflation,0.0,mixed,constructed aggregate (sum/pair_divisor),both,0.0,0,0.0,False,False,2025-11-14
USDCHF,labour,0.0,mixed,constructed aggregate (sum/pair_divisor),both,-0.16666666666666666,0,0.16666666666666666,False,False,2025-11-14
USDCHF,monetary,1.0,base_only,direct (single indicator),base_only,0.5,0,0.5,False,True,2025-11-14
USDCAD,growth,1.0,mixed,constructed aggregate (sum/pair_divisor),both,0.16666666666666666,0,0.8333333333333334,False,False,2025-11-14
USDCAD,inflation,-2.5,mixed,constructed aggregate (sum/pair_divisor),both,-1.0,-1,-1.5,False,False,2025-11-14
USDCAD,labour,-1.0,mixed,constructed aggregate (sum/pair_divisor),both,-0.6666666666666666,-1,-0.33333333333333337,False,False,2025-11-14
USDCAD,monetary,1.0,both,direct (single indicator),both,0.5,0,0.5,False,True,2025-11-14
AUDUSD,growth,0.5,mixed,constructed aggregate (sum/pair_divisor),both,0.33333333333333337,0,0.16666666666666663,False,False,2025-11-14
AUDUSD,inflation,2.5,mixed,constructed aggregate (sum/pair_divisor),both,1.0,1,1.5,False,False,2025-11-14
AUDUSD,labour,0.5,mixed,constructed aggregate (sum/pair_divisor),both,0.3333333333333333,0,0.16666666666666669,False,False,2025-11-14
AUDUSD,monetary,1.0,both,direct (single indicator),both,0.5,0,0.5,False,True,2025-11-14
NZDUSD,growth,-1.5,both,constructed aggregate (sum/pair_divisor),both,-0.29166666666666663,0,-1.2083333333333335,False,False,2025-11-14
NZDUSD,inflation,1.5,mixed,constructed aggregate (sum/pair_divisor),both,0.75,1,0.75,False,False,2025-11-14
NZDUSD,labour,0.0,mixed,constructed aggregate (sum/pair_divisor),both,0.16666666666666666,0,-0.16666666666666666,False,False,2025-11-14
NZDUSD,monetary,-1.0,quote_only,direct (single indicator),quote_only,-0.5,0,-0.5,False,True,2025-11-14
EURGBP,growth,-1.0,mixed,constructed aggregate (sum/pair_divisor),both,-0.375,0,-0.625,False,False,2025-11-14
EURGBP,inflation,1.5,mixed,constructed aggregate (sum/pair_divisor),both,0.5,0,1.0,False,False,2025-11-14
EURGBP,labour,1.5,mixed,constructed aggregate (sum/pair_divisor),both,0.5,0,1.0,False,False,2025-11-14
EURGBP,monetary,1.0,both,direct (single indicator),both,0.5,0,0.5,False,True,2025-11-14
EURJPY,growth,-0.5,mixed,constructed aggregate (sum/pair_divisor),both,-0.25,0,-0.25,False,False,2025-11-14
EURJPY,inflation,0.5,mixed,constructed aggregate (sum/pair_divisor),both,0.16666666666666666,0,0.33333333333333337,False,False,2025-11-14
EURJPY,labour,0.5,mixed,constructed aggregate (sum/pair_divisor),both,0.25,0,0.25,False,False,2025-11-14
EURJPY,monetary,1.0,both,direct (single indicator),both,0.5,0,0.5,False,True,2025-11-14
EURCHF,growth,-0.5,mixed,constructed aggregate (sum/pair_divisor),both,-0.25,0,-0.25,False,False,2025-11-14
EURCHF,inflation,1.5,mixed,constructed aggregate (sum/pair_divisor),both,0.6666666666666666,1,0.8333333333333334,False,False,2025-11-14
EURCHF,labour,0.0,mixed,constructed aggregate (sum/pair_divisor),both,0.0,0,0.0,False,False,2025-11-14
EURCHF,monetary,1.0,base_only,direct (single indicator),base_only,0.5,0,0.5,False,True,2025-11-14
EURAUD,growth,-2.0,mixed,constructed aggregate (sum/pair_divisor),both,-0.75,-1,-1.25,False,False,2025-11-14
EURAUD,inflation,-1.0,mixed,constructed aggregate (sum/pair_divisor),both,-0.33333333333333337,0,-0.6666666666666666,False,False,2025-11-14
EURAUD,labour,-0.5,mixed,constructed aggregate (sum/pair_divisor),both,-0.16666666666666666,0,-0.33333333333333337,False,False,2025-11-14
EURAUD,monetary,-1.0,both,direct (single indicator),both,-0.5,0,-0.5,False,True,2025-11-14
EURNZD,growth,0.0,mixed,constructed aggregate (sum/pair_divisor),both,-0.125,0,0.125,False,False,2025-11-14
EURNZD,inflation,0.0,mixed,constructed aggregate (sum/pair_divisor),both,-0.08333333333333334,0,0.08333333333333334,False,False,2025-11-14
EURNZD,labour,0.0,mixed,constructed aggregate (sum/pair_divisor),both,0.0,0,0.0,False,False,2025-11-14
EURNZD,monetary,1.0,base_only,direct (single indicator),base_only,0.5,0,0.5,False,True,2025-11-14
EURCAD,growth,-0.5,mixed,constructed aggregate (sum/pair_divisor),both,-0.25,0,-0.25,False,False,2025-11-14
EURCAD,inflation,-1.0,mixed,constructed aggregate (sum/pair_divisor),both,-0.33333333333333337,0,-0.6666666666666666,False,False,2025-11-14
EURCAD,labour,-1.0,mixed,constructed aggregate (sum/pair_divisor),both,-0.5,0,-0.5,False,False,2025-11-14
EURCAD,monetary,1.0,both,direct (single indicator),both,0.5,0,0.5,False,True,2025-11-14
GBPJPY,growth,0.5,mixed,constructed aggregate (sum/pair_divisor),both,0.125,0,0.375,False,False,2025-11-14
GBPJPY,inflation,-1.0,mixed,constructed aggregate (sum/pair_divisor),both,-0.3333333333333333,0,-0.6666666666666667,False,False,2025-11-14
GBPJPY,labour,-1.0,mixed,constructed aggregate (sum/pair_divisor),both,-0.25,0,-0.75,False,False,2025-11-14
GBPJPY,monetary,0.0,both,direct (single indicator),both,0.0,0,0.0,False,True,2025-11-14
GBPCHF,growth,0.5,mixed,constructed aggregate (sum/pair_divisor),both,0.125,0,0.375,False,False,2025-11-14
GBPCHF,inflation,0.0,mixed,constructed aggregate (sum/pair_divisor),both,0.16666666666666669,0,-0.16666666666666669,False,False,2025-11-14
GBPCHF,labour,-1.5,mixed,constructed aggregate (sum/pair_divisor),both,-0.5,0,-1.0,False,False,2025-11-14
GBPCHF,monetary,0.0,base_only,direct (single indicator),base_only,0.0,0,0.0,False,True,2025-11-14
GBPAUD,growth,-1.0,mixed,constructed aggregate (sum/pair_divisor),both,-0.375,0,-0.625,False,False,2025-11-14
GBPAUD,inflation,-2.5,mixed,constructed aggregate (sum/pair_divisor),both,-0.8333333333333333,-1,-1.6666666666666667,False,False,2025-11-14
GBPAUD,labour,-2.0,mixed,constructed aggregate (sum/pair_divisor),both,-0.6666666666666666,-1,-1.3333333333333335,False,False,2025-11-14
GBPAUD,monetary,-2.0,both,direct (single indicator),both,-1.0,-1,-1.0,False,True,2025-11-14
GBPNZD,growth,1.0,both,constructed aggregate (sum/pair_divisor),both,0.25,0,0.75,False,False,2025-11-14
GBPNZD,inflation,-1.5,mixed,constructed aggregate (sum/pair_divisor),both,-0.5833333333333333,-1,-0.9166666666666667,False,False,2025-11-14
GBPNZD,labour,-1.5,mixed,constructed aggregate (sum/pair_divisor),both,-0.5,0,-1.0,False,False,2025-11-14
GBPNZD,monetary,0.0,base_only,direct (single indicator),base_only,0.0,0,0.0,False,True,2025-11-14
GBPCAD,growth,0.5,mixed,constructed aggregate (sum/pair_divisor),both,0.125,0,0.375,False,False,2025-11-14
GBPCAD,inflation,-2.5,mixed,constructed aggregate (sum/pair_divisor),both,-0.8333333333333333,-1,-1.6666666666666667,False,False,2025-11-14
GBPCAD,labour,-2.5,mixed,constructed aggregate (sum/pair_divisor),both,-1.0,-1,-1.5,False,False,2025-11-14
GBPCAD,monetary,0.0,both,direct (single indicator),both,0.0,0,0.0,False,True,2025-11-14
AUDJPY,growth,1.5,mixed,constructed aggregate (sum/pair_divisor),both,0.5,0,1.0,False,False,2025-11-14
AUDJPY,inflation,1.5,mixed,constructed aggregate (sum/pair_divisor),both,0.5,0,1.0,False,False,2025-11-14
AUDJPY,labour,1.0,mixed,constructed aggregate (sum/pair_divisor),both,0.41666666666666663,0,0.5833333333333334,False,False,2025-11-14
AUDJPY,monetary,2.0,both,direct (single indicator),both,1.0,1,1.0,False,True,2025-11-14
NZDJPY,growth,-0.5,mixed,constructed aggregate (sum/pair_divisor),both,-0.125,0,-0.375,False,False,2025-11-14
NZDJPY,inflation,0.5,mixed,constructed aggregate (sum/pair_divisor),both,0.25,0,0.25,False,False,2025-11-14
NZDJPY,labour,0.5,mixed,constructed aggregate (sum/pair_divisor),both,0.25,0,0.25,False,False,2025-11-14
NZDJPY,monetary,0.0,quote_only,direct (single indicator),quote_only,0.0,0,0.0,False,True,2025-11-14
CADJPY,growth,0.0,mixed,constructed aggregate (sum/pair_divisor),both,0.0,0,0.0,False,False,2025-11-14
CADJPY,inflation,1.5,mixed,constructed aggregate (sum/pair_divisor),both,0.5,0,1.0,False,False,2025-11-14
CADJPY,labour,1.5,mixed,constructed aggregate (sum/pair_divisor),both,0.75,1,0.75,False,False,2025-11-14
CADJPY,monetary,0.0,both,direct (single indicator),both,0.0,0,0.0,False,True,2025-11-14
CHFJPY,growth,0.0,mixed,constructed aggregate (sum/pair_divisor),both,0.0,0,0.0,False,False,2025-11-14
CHFJPY,inflation,-1.0,mixed,constructed aggregate (sum/pair_divisor),both,-0.5,0,-0.5,False,False,2025-11-14
CHFJPY,labour,0.5,mixed,constructed aggregate (sum/pair_divisor),both,0.25,0,0.25,False,False,2025-11-14
CHFJPY,monetary,0.0,quote_only,direct (single indicator),quote_only,0.0,0,0.0,False,True,2025-11-14
AUDNZD,growth,2.0,mixed,constructed aggregate (sum/pair_divisor),both,0.625,1,1.375,False,False,2025-11-14
AUDNZD,inflation,1.0,mixed,constructed aggregate (sum/pair_divisor),both,0.25,0,0.75,False,False,2025-11-14
AUDNZD,labour,0.5,mixed,constructed aggregate (sum/pair_divisor),both,0.16666666666666666,0,0.33333333333333337,False,False,2025-11-14
AUDNZD,monetary,2.0,base_only,direct (single indicator),base_only,1.0,1,1.0,False,True,2025-11-14
AUDCAD,growth,1.5,mixed,constructed aggregate (sum/pair_divisor),both,0.5,0,1.0,False,False,2025-11-14
AUDCAD,inflation,0.0,mixed,constructed aggregate (sum/pair_divisor),both,0.0,0,0.0,False,False,2025-11-14
AUDCAD,labour,-0.5,mixed,constructed aggregate (sum/pair_divisor),both,-0.33333333333333337,0,-0.16666666666666663,False,False,2025-11-14
AUDCAD,monetary,2.0,both,direct (single indicator),both,1.0,1,1.0,False,True,2025-11-14
AUDCHF,growth,1.5,mixed,constructed aggregate (sum/pair_divisor),both,0.5,0,1.0,False,False,2025-11-14
AUDCHF,inflation,2.5,mixed,constructed aggregate (sum/pair_divisor),both,1.0,1,1.5,False,False,2025-11-14
AUDCHF,labour,0.5,mixed,constructed aggregate (sum/pair_divisor),both,0.16666666666666666,0,0.33333333333333337,False,False,2025-11-14
AUDCHF,monetary,2.0,base_only,direct (single indicator),base_only,1.0,1,1.0,False,True,2025-11-14
NZDCAD,growth,-0.5,mixed,constructed aggregate (sum/pair_divisor),both,-0.125,0,-0.375,False,False,2025-11-14
NZDCAD,inflation,-1.0,mixed,constructed aggregate (sum/pair_divisor),both,-0.25,0,-0.75,False,False,2025-11-14
NZDCAD,labour,-1.0,mixed,constructed aggregate (sum/pair_divisor),both,-0.5,0,-0.5,False,False,2025-11-14
NZDCAD,monetary,0.0,quote_only,direct (single indicator),quote_only,0.0,0,0.0,False,True,2025-11-14
NZDCHF,growth,-0.5,mixed,constructed aggregate (sum/pair_divisor),both,-0.125,0,-0.375,False,False,2025-11-14
NZDCHF,inflation,1.5,mixed,constructed aggregate (sum/pair_divisor),both,0.75,1,0.75,False,False,2025-11-14
NZDCHF,labour,0.0,mixed,constructed aggregate (sum/pair_divisor),both,0.0,0,0.0,False,False,2025-11-14
NZDCHF,monetary,,neither,direct (single indicator),neither,0.0,0,,False,True,2025-11-14
CADCHF,growth,0.0,mixed,constructed aggregate (sum/pair_divisor),both,0.0,0,0.0,False,False,2025-11-14
CADCHF,inflation,2.5,mixed,constructed aggregate (sum/pair_divisor),both,1.0,1,1.5,False,False,2025-11-14
CADCHF,labour,1.0,mixed,constructed aggregate (sum/pair_divisor),both,0.5,0,0.5,False,False,2025-11-14
CADCHF,monetary,0.0,base_only,direct (single indicator),base_only,0.0,0,0.0,False,True,2025-11-14
EURUSD,growth,-1.5,mixed,constructed aggregate (sum/pair_divisor),both,-0.5,0,-1.0,False,False,2025-11-21
EURUSD,inflation,1.5,mixed,constructed aggregate (sum/pair_divisor),both,0.6666666666666666,1,0.8333333333333334,False,False,2025-11-21
EURUSD,labour,0.5,mixed,constructed aggregate (sum/pair_divisor),both,0.1,0,0.4,False,False,2025-11-21
EURUSD,monetary,0.0,both,direct (single indicator),both,0.0,0,0.0,False,True,2025-11-21
GBPUSD,growth,-0.5,both,constructed aggregate (sum/pair_divisor),both,-0.125,0,-0.375,False,False,2025-11-21
GBPUSD,inflation,1.0,mixed,constructed aggregate (sum/pair_divisor),both,0.5,0,0.5,False,False,2025-11-21
GBPUSD,labour,-1.0,mixed,constructed aggregate (sum/pair_divisor),both,-0.4,0,-0.6,False,False,2025-11-21
GBPUSD,monetary,0.0,both,direct (single indicator),both,0.0,0,0.0,False,True,2025-11-21
USDJPY,growth,1.0,mixed,constructed aggregate (sum/pair_divisor),both,0.25,0,0.75,False,False,2025-11-21
USDJPY,inflation,-1.0,mixed,constructed aggregate (sum/pair_divisor),both,-0.5,0,-0.5,False,False,2025-11-21
USDJPY,labour,0.0,mixed,constructed aggregate (sum/pair_divisor),both,0.15,0,-0.15,False,False,2025-11-21
USDJPY,monetary,0.0,both,direct (single indicator),both,0.0,0,0.0,False,True,2025-11-21
USDCHF,growth,1.0,mixed,constructed aggregate (sum/pair_divisor),both,0.25,0,0.75,False,False,2025-11-21
USDCHF,inflation,0.0,mixed,constructed aggregate (sum/pair_divisor),both,0.0,0,0.0,False,False,2025-11-21
USDCHF,labour,-0.5,mixed,constructed aggregate (sum/pair_divisor),both,-0.1,0,-0.4,False,False,2025-11-21
USDCHF,monetary,0.0,base_only,direct (single indicator),base_only,0.0,0,0.0,False,True,2025-11-21
USDCAD,growth,1.0,mixed,constructed aggregate (sum/pair_divisor),both,0.25,0,0.75,False,False,2025-11-21
USDCAD,inflation,-2.0,mixed,constructed aggregate (sum/pair_divisor),both,-0.8333333333333333,-1,-1.1666666666666667,False,False,2025-11-21
USDCAD,labour,-1.5,mixed,constructed aggregate (sum/pair_divisor),both,-0.6,-1,-0.9,False,False,2025-11-21
USDCAD,monetary,0.0,both,direct (single indicator),both,0.0,0,0.0,False,True,2025-11-21
AUDUSD,growth,0.5,mixed,constructed aggregate (sum/pair_divisor),both,0.25,0,0.25,False,False,2025-11-21
AUDUSD,inflation,2.5,mixed,constructed aggregate (sum/pair_divisor),both,1.0,1,1.5,False,False,2025-11-21
AUDUSD,labour,1.0,mixed,constructed aggregate (sum/pair_divisor),both,0.26666666666666666,0,0.7333333333333334,False,False,2025-11-21
AUDUSD,monetary,2.0,both,direct (single indicator),both,1.0,1,1.0,False,True,2025-11-21
NZDUSD,growth,-1.5,both,constructed aggregate (sum/pair_divisor),both,-0.375,0,-1.125,False,False,2025-11-21
NZDUSD,inflation,1.5,mixed,constructed aggregate (sum/pair_divisor),both,0.75,1,0.75,False,False,2025-11-21
NZDUSD,labour,0.5,mixed,constructed aggregate (sum/pair_divisor),both,0.1,0,0.4,False,False,2025-11-21
NZDUSD,monetary,0.0,quote_only,direct (single indicator),quote_only,0.0,0,0.0,False,True,2025-11-21
EURGBP,growth,-1.0,mixed,constructed aggregate (sum/pair_divisor),both,-0.375,0,-0.625,False,False,2025-11-21
EURGBP,inflation,0.5,mixed,constructed aggregate (sum/pair_divisor),both,0.16666666666666666,0,0.33333333333333337,False,False,2025-11-21
EURGBP,labour,1.5,mixed,constructed aggregate (sum/pair_divisor),both,0.5,0,1.0,False,False,2025-11-21
EURGBP,monetary,0.0,both,direct (single indicator),both,0.0,0,0.0,False,True,2025-11-21
EURJPY,growth,-0.5,mixed,constructed aggregate (sum/pair_divisor),both,-0.25,0,-0.25,False,False,2025-11-21
EURJPY,inflation,0.5,mixed,constructed aggregate (sum/pair_divisor),both,0.16666666666666666,0,0.33333333333333337,False,False,2025-11-21
EURJPY,labour,0.5,mixed,constructed aggregate (sum/pair_divisor),both,0.25,0,0.25,False,False,2025-11-21
EURJPY,monetary,0.0,both,direct (single indicator),both,0.0,0,0.0,False,True,2025-11-21
EURCHF,growth,-0.5,mixed,constructed aggregate (sum/pair_divisor),both,-0.25,0,-0.25,False,False,2025-11-21
EURCHF,inflation,1.5,mixed,constructed aggregate (sum/pair_divisor),both,0.6666666666666666,1,0.8333333333333334,False,False,2025-11-21
EURCHF,labour,0.0,mixed,constructed aggregate (sum/pair_divisor),both,0.0,0,0.0,False,False,2025-11-21
EURCHF,monetary,0.0,base_only,direct (single indicator),base_only,0.0,0,0.0,False,True,2025-11-21
EURAUD,growth,-2.0,mixed,constructed aggregate (sum/pair_divisor),both,-0.75,-1,-1.25,False,False,2025-11-21
EURAUD,inflation,-1.0,mixed,constructed aggregate (sum/pair_divisor),both,-0.33333333333333337,0,-0.6666666666666666,False,False,2025-11-21
EURAUD,labour,-0.5,mixed,constructed aggregate (sum/pair_divisor),both,-0.16666666666666666,0,-0.33333333333333337,False,False,2025-11-21
EURAUD,monetary,-2.0,both,direct (single indicator),both,-1.0,-1,-1.0,False,True,2025-11-21
EURNZD,growth,0.0,mixed,constructed aggregate (sum/pair_divisor),both,-0.125,0,0.125,False,False,2025-11-21
EURNZD,inflation,0.0,mixed,constructed aggregate (sum/pair_divisor),both,-0.08333333333333334,0,0.08333333333333334,False,False,2025-11-21
EURNZD,labour,0.0,mixed,constructed aggregate (sum/pair_divisor),both,0.0,0,0.0,False,False,2025-11-21
EURNZD,monetary,0.0,base_only,direct (single indicator),base_only,0.0,0,0.0,False,True,2025-11-21
EURCAD,growth,-0.5,mixed,constructed aggregate (sum/pair_divisor),both,-0.25,0,-0.25,False,False,2025-11-21
EURCAD,inflation,-0.5,mixed,constructed aggregate (sum/pair_divisor),both,-0.16666666666666666,0,-0.33333333333333337,False,False,2025-11-21
EURCAD,labour,-1.0,mixed,constructed aggregate (sum/pair_divisor),both,-0.5,0,-0.5,False,False,2025-11-21
EURCAD,monetary,0.0,both,direct (single indicator),both,0.0,0,0.0,False,True,2025-11-21
GBPJPY,growth,0.5,mixed,constructed aggregate (sum/pair_divisor),both,0.125,0,0.375,False,False,2025-11-21
GBPJPY,inflation,0.0,mixed,constructed aggregate (sum/pair_divisor),both,0.0,0,0.0,False,False,2025-11-21
GBPJPY,labour,-1.0,mixed,constructed aggregate (sum/pair_divisor),both,-0.25,0,-0.75,False,False,2025-11-21
GBPJPY,monetary,0.0,both,direct (single indicator),both,0.0,0,0.0,False,True,2025-11-21
GBPCHF,growth,0.5,mixed,constructed aggregate (sum/pair_divisor),both,0.125,0,0.375,False,False,2025-11-21
GBPCHF,inflation,1.0,mixed,constructed aggregate (sum/pair_divisor),both,0.5,0,0.5,False,False,2025-11-21
GBPCHF,labour,-1.5,mixed,constructed aggregate (sum/pair_divisor),both,-0.5,0,-1.0,False,False,2025-11-21
GBPCHF,monetary,0.0,base_only,direct (single indicator),base_only,0.0,0,0.0,False,True,2025-11-21
GBPAUD,growth,-1.0,mixed,constructed aggregate (sum/pair_divisor),both,-0.375,0,-0.625,False,False,2025-11-21
GBPAUD,inflation,-1.5,mixed,constructed aggregate (sum/pair_divisor),both,-0.5,0,-1.0,False,False,2025-11-21
GBPAUD,labour,-2.0,mixed,constructed aggregate (sum/pair_divisor),both,-0.6666666666666666,-1,-1.3333333333333335,False,False,2025-11-21
GBPAUD,monetary,-2.0,both,direct (single indicator),both,-1.0,-1,-1.0,False,True,2025-11-21
GBPNZD,growth,1.0,both,constructed aggregate (sum/pair_divisor),both,0.25,0,0.75,False,False,2025-11-21
GBPNZD,inflation,-0.5,mixed,constructed aggregate (sum/pair_divisor),both,-0.25,0,-0.25,False,False,2025-11-21
GBPNZD,labour,-1.5,mixed,constructed aggregate (sum/pair_divisor),both,-0.5,0,-1.0,False,False,2025-11-21
GBPNZD,monetary,0.0,base_only,direct (single indicator),base_only,0.0,0,0.0,False,True,2025-11-21
GBPCAD,growth,0.5,mixed,constructed aggregate (sum/pair_divisor),both,0.125,0,0.375,False,False,2025-11-21
GBPCAD,inflation,-1.0,mixed,constructed aggregate (sum/pair_divisor),both,-0.3333333333333333,0,-0.6666666666666667,False,False,2025-11-21
GBPCAD,labour,-2.5,mixed,constructed aggregate (sum/pair_divisor),both,-1.0,-1,-1.5,False,False,2025-11-21
GBPCAD,monetary,0.0,both,direct (single indicator),both,0.0,0,0.0,False,True,2025-11-21
AUDJPY,growth,1.5,mixed,constructed aggregate (sum/pair_divisor),both,0.5,0,1.0,False,False,2025-11-21
AUDJPY,inflation,1.5,mixed,constructed aggregate (sum/pair_divisor),both,0.5,0,1.0,False,False,2025-11-21
AUDJPY,labour,1.0,mixed,constructed aggregate (sum/pair_divisor),both,0.41666666666666663,0,0.5833333333333334,False,False,2025-11-21
AUDJPY,monetary,2.0,both,direct (single indicator),both,1.0,1,1.0,False,True,2025-11-21
NZDJPY,growth,-0.5,mixed,constructed aggregate (sum/pair_divisor),both,-0.125,0,-0.375,False,False,2025-11-21
NZDJPY,inflation,0.5,mixed,constructed aggregate (sum/pair_divisor),both,0.25,0,0.25,False,False,2025-11-21
NZDJPY,labour,0.5,mixed,constructed aggregate (sum/pair_divisor),both,0.25,0,0.25,False,False,2025-11-21
NZDJPY,monetary,0.0,quote_only,direct (single indicator),quote_only,0.0,0,0.0,False,True,2025-11-21
CADJPY,growth,0.0,mixed,constructed aggregate (sum/pair_divisor),both,0.0,0,0.0,False,False,2025-11-21
CADJPY,inflation,1.0,mixed,constructed aggregate (sum/pair_divisor),both,0.3333333333333333,0,0.6666666666666667,False,False,2025-11-21
CADJPY,labour,1.5,mixed,constructed aggregate (sum/pair_divisor),both,0.75,1,0.75,False,False,2025-11-21
CADJPY,monetary,0.0,both,direct (single indicator),both,0.0,0,0.0,False,True,2025-11-21
CHFJPY,growth,0.0,mixed,constructed aggregate (sum/pair_divisor),both,0.0,0,0.0,False,False,2025-11-21
CHFJPY,inflation,-1.0,mixed,constructed aggregate (sum/pair_divisor),both,-0.5,0,-0.5,False,False,2025-11-21
CHFJPY,labour,0.5,mixed,constructed aggregate (sum/pair_divisor),both,0.25,0,0.25,False,False,2025-11-21
CHFJPY,monetary,0.0,quote_only,direct (single indicator),quote_only,0.0,0,0.0,False,True,2025-11-21
AUDNZD,growth,2.0,mixed,constructed aggregate (sum/pair_divisor),both,0.625,1,1.375,False,False,2025-11-21
AUDNZD,inflation,1.0,mixed,constructed aggregate (sum/pair_divisor),both,0.25,0,0.75,False,False,2025-11-21
AUDNZD,labour,0.5,mixed,constructed aggregate (sum/pair_divisor),both,0.16666666666666666,0,0.33333333333333337,False,False,2025-11-21
AUDNZD,monetary,2.0,base_only,direct (single indicator),base_only,1.0,1,1.0,False,True,2025-11-21
AUDCAD,growth,1.5,mixed,constructed aggregate (sum/pair_divisor),both,0.5,0,1.0,False,False,2025-11-21
AUDCAD,inflation,0.5,mixed,constructed aggregate (sum/pair_divisor),both,0.16666666666666669,0,0.3333333333333333,False,False,2025-11-21
AUDCAD,labour,-0.5,mixed,constructed aggregate (sum/pair_divisor),both,-0.33333333333333337,0,-0.16666666666666663,False,False,2025-11-21
AUDCAD,monetary,2.0,both,direct (single indicator),both,1.0,1,1.0,False,True,2025-11-21
AUDCHF,growth,1.5,mixed,constructed aggregate (sum/pair_divisor),both,0.5,0,1.0,False,False,2025-11-21
AUDCHF,inflation,2.5,mixed,constructed aggregate (sum/pair_divisor),both,1.0,1,1.5,False,False,2025-11-21
AUDCHF,labour,0.5,mixed,constructed aggregate (sum/pair_divisor),both,0.16666666666666666,0,0.33333333333333337,False,False,2025-11-21
AUDCHF,monetary,2.0,base_only,direct (single indicator),base_only,1.0,1,1.0,False,True,2025-11-21
NZDCAD,growth,-0.5,mixed,constructed aggregate (sum/pair_divisor),both,-0.125,0,-0.375,False,False,2025-11-21
NZDCAD,inflation,-0.5,mixed,constructed aggregate (sum/pair_divisor),both,-0.08333333333333331,0,-0.4166666666666667,False,False,2025-11-21
NZDCAD,labour,-1.0,mixed,constructed aggregate (sum/pair_divisor),both,-0.5,0,-0.5,False,False,2025-11-21
NZDCAD,monetary,0.0,quote_only,direct (single indicator),quote_only,0.0,0,0.0,False,True,2025-11-21
NZDCHF,growth,-0.5,mixed,constructed aggregate (sum/pair_divisor),both,-0.125,0,-0.375,False,False,2025-11-21
NZDCHF,inflation,1.5,mixed,constructed aggregate (sum/pair_divisor),both,0.75,1,0.75,False,False,2025-11-21
NZDCHF,labour,0.0,mixed,constructed aggregate (sum/pair_divisor),both,0.0,0,0.0,False,False,2025-11-21
NZDCHF,monetary,,neither,direct (single indicator),neither,0.0,0,,False,True,2025-11-21
CADCHF,growth,0.0,mixed,constructed aggregate (sum/pair_divisor),both,0.0,0,0.0,False,False,2025-11-21
CADCHF,inflation,2.0,mixed,constructed aggregate (sum/pair_divisor),both,0.8333333333333333,1,1.1666666666666667,False,False,2025-11-21
CADCHF,labour,1.0,mixed,constructed aggregate (sum/pair_divisor),both,0.5,0,0.5,False,False,2025-11-21
CADCHF,monetary,0.0,base_only,direct (single indicator),base_only,0.0,0,0.0,False,True,2025-11-21
EURUSD,growth,-1.0,mixed,constructed aggregate (sum/pair_divisor),both,-0.41666666666666663,0,-0.5833333333333334,False,False,2025-11-28
EURUSD,inflation,1.5,mixed,constructed aggregate (sum/pair_divisor),both,0.5,0,1.0,False,False,2025-11-28
EURUSD,labour,0.0,mixed,constructed aggregate (sum/pair_divisor),both,0.0,0,0.0,False,False,2025-11-28
EURUSD,monetary,0.0,both,direct (single indicator),both,0.0,0,0.0,False,True,2025-11-28
GBPUSD,growth,-1.0,both,constructed aggregate (sum/pair_divisor),both,-0.29166666666666663,0,-0.7083333333333334,False,False,2025-11-28
GBPUSD,inflation,1.0,mixed,constructed aggregate (sum/pair_divisor),both,0.3333333333333333,0,0.6666666666666667,False,False,2025-11-28
GBPUSD,labour,-1.5,mixed,constructed aggregate (sum/pair_divisor),both,-0.5,0,-1.0,False,False,2025-11-28
GBPUSD,monetary,0.0,both,direct (single indicator),both,0.0,0,0.0,False,True,2025-11-28
USDJPY,growth,0.5,mixed,constructed aggregate (sum/pair_divisor),both,0.16666666666666666,0,0.33333333333333337,False,False,2025-11-28
USDJPY,inflation,-1.0,mixed,constructed aggregate (sum/pair_divisor),both,-0.3333333333333333,0,-0.6666666666666667,False,False,2025-11-28
USDJPY,labour,0.5,mixed,constructed aggregate (sum/pair_divisor),both,0.25,0,0.25,False,False,2025-11-28
USDJPY,monetary,-1.0,both,direct (single indicator),both,-0.5,0,-0.5,False,True,2025-11-28
USDCHF,growth,0.5,mixed,constructed aggregate (sum/pair_divisor),both,0.16666666666666666,0,0.33333333333333337,False,False,2025-11-28
USDCHF,inflation,0.0,mixed,constructed aggregate (sum/pair_divisor),both,0.16666666666666669,0,-0.16666666666666669,False,False,2025-11-28
USDCHF,labour,0.0,mixed,constructed aggregate (sum/pair_divisor),both,0.0,0,0.0,False,False,2025-11-28
USDCHF,monetary,0.0,base_only,direct (single indicator),base_only,0.0,0,0.0,False,True,2025-11-28
USDCAD,growth,0.5,mixed,constructed aggregate (sum/pair_divisor),both,0.16666666666666666,0,0.33333333333333337,False,False,2025-11-28
USDCAD,inflation,-2.0,mixed,constructed aggregate (sum/pair_divisor),both,-0.6666666666666666,-1,-1.3333333333333335,False,False,2025-11-28
USDCAD,labour,-1.0,mixed,constructed aggregate (sum/pair_divisor),both,-0.5,0,-0.5,False,False,2025-11-28
USDCAD,monetary,0.0,both,direct (single indicator),both,0.0,0,0.0,False,True,2025-11-28
AUDUSD,growth,1.0,mixed,constructed aggregate (sum/pair_divisor),both,0.33333333333333337,0,0.6666666666666666,False,False,2025-11-28
AUDUSD,inflation,2.0,mixed,constructed aggregate (sum/pair_divisor),both,0.6666666666666666,1,1.3333333333333335,False,False,2025-11-28
AUDUSD,labour,0.5,mixed,constructed aggregate (sum/pair_divisor),both,0.16666666666666666,0,0.33333333333333337,False,False,2025-11-28
AUDUSD,monetary,2.0,both,direct (single indicator),both,1.0,1,1.0,False,True,2025-11-28
NZDUSD,growth,-0.5,both,constructed aggregate (sum/pair_divisor),both,-0.16666666666666666,0,-0.33333333333333337,False,False,2025-11-28
NZDUSD,inflation,1.5,mixed,constructed aggregate (sum/pair_divisor),both,0.5833333333333333,1,0.9166666666666667,False,False,2025-11-28
NZDUSD,labour,0.0,mixed,constructed aggregate (sum/pair_divisor),both,0.0,0,0.0,False,False,2025-11-28
NZDUSD,monetary,0.0,quote_only,direct (single indicator),quote_only,0.0,0,0.0,False,True,2025-11-28
EURGBP,growth,0.0,mixed,constructed aggregate (sum/pair_divisor),both,-0.125,0,0.125,False,False,2025-11-28
EURGBP,inflation,0.5,mixed,constructed aggregate (sum/pair_divisor),both,0.16666666666666666,0,0.33333333333333337,False,False,2025-11-28
EURGBP,labour,1.5,mixed,constructed aggregate (sum/pair_divisor),both,0.5,0,1.0,False,False,2025-11-28
EURGBP,monetary,0.0,both,direct (single indicator),both,0.0,0,0.0,False,True,2025-11-28
EURJPY,growth,-0.5,mixed,constructed aggregate (sum/pair_divisor),both,-0.25,0,-0.25,False,False,2025-11-28
EURJPY,inflation,0.5,mixed,constructed aggregate (sum/pair_divisor),both,0.16666666666666666,0,0.33333333333333337,False,False,2025-11-28
EURJPY,labour,0.5,mixed,constructed aggregate (sum/pair_divisor),both,0.25,0,0.25,False,False,2025-11-28
EURJPY,monetary,-1.0,both,direct (single indicator),both,-0.5,0,-0.5,False,True,2025-11-28
EURCHF,growth,-0.5,mixed,constructed aggregate (sum/pair_divisor),both,-0.25,0,-0.25,False,False,2025-11-28
EURCHF,inflation,1.5,mixed,constructed aggregate (sum/pair_divisor),both,0.6666666666666666,1,0.8333333333333334,False,False,2025-11-28
EURCHF,labour,0.0,mixed,constructed aggregate (sum/pair_divisor),both,0.0,0,0.0,False,False,2025-11-28
EURCHF,monetary,0.0,base_only,direct (single indicator),base_only,0.0,0,0.0,False,True,2025-11-28
EURAUD,growth,-2.0,mixed,constructed aggregate (sum/pair_divisor),both,-0.75,-1,-1.25,False,False,2025-11-28
EURAUD,inflation,-0.5,mixed,constructed aggregate (sum/pair_divisor),both,-0.16666666666666666,0,-0.33333333333333337,False,False,2025-11-28
EURAUD,labour,-0.5,mixed,constructed aggregate (sum/pair_divisor),both,-0.16666666666666666,0,-0.33333333333333337,False,False,2025-11-28
EURAUD,monetary,-2.0,both,direct (single indicator),both,-1.0,-1,-1.0,False,True,2025-11-28
EURNZD,growth,-0.5,mixed,constructed aggregate (sum/pair_divisor),both,-0.25,0,-0.25,False,False,2025-11-28
EURNZD,inflation,0.0,mixed,constructed aggregate (sum/pair_divisor),both,-0.08333333333333334,0,0.08333333333333334,False,False,2025-11-28
EURNZD,labour,0.0,mixed,constructed aggregate (sum/pair_divisor),both,0.0,0,0.0,False,False,2025-11-28
EURNZD,monetary,0.0,base_only,direct (single indicator),base_only,0.0,0,0.0,False,True,2025-11-28
EURCAD,growth,-0.5,mixed,constructed aggregate (sum/pair_divisor),both,-0.25,0,-0.25,False,False,2025-11-28
EURCAD,inflation,-0.5,mixed,constructed aggregate (sum/pair_divisor),both,-0.16666666666666666,0,-0.33333333333333337,False,False,2025-11-28
EURCAD,labour,-1.0,mixed,constructed aggregate (sum/pair_divisor),both,-0.5,0,-0.5,False,False,2025-11-28
EURCAD,monetary,0.0,both,direct (single indicator),both,0.0,0,0.0,False,True,2025-11-28
GBPJPY,growth,-0.5,mixed,constructed aggregate (sum/pair_divisor),both,-0.125,0,-0.375,False,False,2025-11-28
GBPJPY,inflation,0.0,mixed,constructed aggregate (sum/pair_divisor),both,0.0,0,0.0,False,False,2025-11-28
GBPJPY,labour,-1.0,mixed,constructed aggregate (sum/pair_divisor),both,-0.25,0,-0.75,False,False,2025-11-28
GBPJPY,monetary,-1.0,both,direct (single indicator),both,-0.5,0,-0.5,False,True,2025-11-28
GBPCHF,growth,-0.5,mixed,constructed aggregate (sum/pair_divisor),both,-0.125,0,-0.375,False,False,2025-11-28
GBPCHF,inflation,1.0,mixed,constructed aggregate (sum/pair_divisor),both,0.5,0,0.5,False,False,2025-11-28
GBPCHF,labour,-1.5,mixed,constructed aggregate (sum/pair_divisor),both,-0.5,0,-1.0,False,False,2025-11-28
GBPCHF,monetary,0.0,base_only,direct (single indicator),base_only,0.0,0,0.0,False,True,2025-11-28
GBPAUD,growth,-2.0,mixed,constructed aggregate (sum/pair_divisor),both,-0.625,-1,-1.375,False,False,2025-11-28
GBPAUD,inflation,-1.0,mixed,constructed aggregate (sum/pair_divisor),both,-0.3333333333333333,0,-0.6666666666666667,False,False,2025-11-28
GBPAUD,labour,-2.0,mixed,constructed aggregate (sum/pair_divisor),both,-0.6666666666666666,-1,-1.3333333333333335,False,False,2025-11-28
GBPAUD,monetary,-2.0,both,direct (single indicator),both,-1.0,-1,-1.0,False,True,2025-11-28
GBPNZD,growth,-0.5,both,constructed aggregate (sum/pair_divisor),both,-0.125,0,-0.375,False,False,2025-11-28
GBPNZD,inflation,-0.5,mixed,constructed aggregate (sum/pair_divisor),both,-0.25,0,-0.25,False,False,2025-11-28
GBPNZD,labour,-1.5,mixed,constructed aggregate (sum/pair_divisor),both,-0.5,0,-1.0,False,False,2025-11-28
GBPNZD,monetary,0.0,base_only,direct (single indicator),base_only,0.0,0,0.0,False,True,2025-11-28
GBPCAD,growth,-0.5,mixed,constructed aggregate (sum/pair_divisor),both,-0.125,0,-0.375,False,False,2025-11-28
GBPCAD,inflation,-1.0,mixed,constructed aggregate (sum/pair_divisor),both,-0.3333333333333333,0,-0.6666666666666667,False,False,2025-11-28
GBPCAD,labour,-2.5,mixed,constructed aggregate (sum/pair_divisor),both,-1.0,-1,-1.5,False,False,2025-11-28
GBPCAD,monetary,0.0,both,direct (single indicator),both,0.0,0,0.0,False,True,2025-11-28
AUDJPY,growth,1.5,mixed,constructed aggregate (sum/pair_divisor),both,0.5,0,1.0,False,False,2025-11-28
AUDJPY,inflation,1.0,mixed,constructed aggregate (sum/pair_divisor),both,0.3333333333333333,0,0.6666666666666667,False,False,2025-11-28
AUDJPY,labour,1.0,mixed,constructed aggregate (sum/pair_divisor),both,0.41666666666666663,0,0.5833333333333334,False,False,2025-11-28
AUDJPY,monetary,1.0,both,direct (single indicator),both,0.5,0,0.5,False,True,2025-11-28
NZDJPY,growth,0.0,mixed,constructed aggregate (sum/pair_divisor),both,0.0,0,0.0,False,False,2025-11-28
NZDJPY,inflation,0.5,mixed,constructed aggregate (sum/pair_divisor),both,0.25,0,0.25,False,False,2025-11-28
NZDJPY,labour,0.5,mixed,constructed aggregate (sum/pair_divisor),both,0.25,0,0.25,False,False,2025-11-28
NZDJPY,monetary,-1.0,quote_only,direct (single indicator),quote_only,-0.5,0,-0.5,False,True,2025-11-28
CADJPY,growth,0.0,mixed,constructed aggregate (sum/pair_divisor),both,0.0,0,0.0,False,False,2025-11-28
CADJPY,inflation,1.0,mixed,constructed aggregate (sum/pair_divisor),both,0.3333333333333333,0,0.6666666666666667,False,False,2025-11-28
CADJPY,labour,1.5,mixed,constructed aggregate (sum/pair_divisor),both,0.75,1,0.75,False,False,2025-11-28
CADJPY,monetary,-1.0,both,direct (single indicator),both,-0.5,0,-0.5,False,True,2025-11-28
CHFJPY,growth,0.0,mixed,constructed aggregate (sum/pair_divisor),both,0.0,0,0.0,False,False,2025-11-28
CHFJPY,inflation,-1.0,mixed,constructed aggregate (sum/pair_divisor),both,-0.5,0,-0.5,False,False,2025-11-28
CHFJPY,labour,0.5,mixed,constructed aggregate (sum/pair_divisor),both,0.25,0,0.25,False,False,2025-11-28
CHFJPY,monetary,-1.0,quote_only,direct (single indicator),quote_only,-0.5,0,-0.5,False,True,2025-11-28
AUDNZD,growth,1.5,mixed,constructed aggregate (sum/pair_divisor),both,0.5,0,1.0,False,False,2025-11-28
AUDNZD,inflation,0.5,mixed,constructed aggregate (sum/pair_divisor),both,0.08333333333333331,0,0.4166666666666667,False,False,2025-11-28
AUDNZD,labour,0.5,mixed,constructed aggregate (sum/pair_divisor),both,0.16666666666666666,0,0.33333333333333337,False,False,2025-11-28
AUDNZD,monetary,2.0,base_only,direct (single indicator),base_only,1.0,1,1.0,False,True,2025-11-28
AUDCAD,growth,1.5,mixed,constructed aggregate (sum/pair_divisor),both,0.5,0,1.0,False,False,2025-11-28
AUDCAD,inflation,0.0,mixed,constructed aggregate (sum/pair_divisor),both,0.0,0,0.0,False,False,2025-11-28
AUDCAD,labour,-0.5,mixed,constructed aggregate (sum/pair_divisor),both,-0.33333333333333337,0,-0.16666666666666663,False,False,2025-11-28
AUDCAD,monetary,2.0,both,direct (single indicator),both,1.0,1,1.0,False,True,2025-11-28
AUDCHF,growth,1.5,mixed,constructed aggregate (sum/pair_divisor),both,0.5,0,1.0,False,False,2025-11-28
AUDCHF,inflation,2.0,mixed,constructed aggregate (sum/pair_divisor),both,0.8333333333333333,1,1.1666666666666667,False,False,2025-11-28
AUDCHF,labour,0.5,mixed,constructed aggregate (sum/pair_divisor),both,0.16666666666666666,0,0.33333333333333337,False,False,2025-11-28
AUDCHF,monetary,2.0,base_only,direct (single indicator),base_only,1.0,1,1.0,False,True,2025-11-28
NZDCAD,growth,0.0,mixed,constructed aggregate (sum/pair_divisor),both,0.0,0,0.0,False,False,2025-11-28
NZDCAD,inflation,-0.5,mixed,constructed aggregate (sum/pair_divisor),both,-0.08333333333333331,0,-0.4166666666666667,False,False,2025-11-28
NZDCAD,labour,-1.0,mixed,constructed aggregate (sum/pair_divisor),both,-0.5,0,-0.5,False,False,2025-11-28
NZDCAD,monetary,0.0,quote_only,direct (single indicator),quote_only,0.0,0,0.0,False,True,2025-11-28
NZDCHF,growth,0.0,mixed,constructed aggregate (sum/pair_divisor),both,0.0,0,0.0,False,False,2025-11-28
NZDCHF,inflation,1.5,mixed,constructed aggregate (sum/pair_divisor),both,0.75,1,0.75,False,False,2025-11-28
NZDCHF,labour,0.0,mixed,constructed aggregate (sum/pair_divisor),both,0.0,0,0.0,False,False,2025-11-28
NZDCHF,monetary,,neither,direct (single indicator),neither,0.0,0,,False,True,2025-11-28
CADCHF,growth,0.0,mixed,constructed aggregate (sum/pair_divisor),both,0.0,0,0.0,False,False,2025-11-28
CADCHF,inflation,2.0,mixed,constructed aggregate (sum/pair_divisor),both,0.8333333333333333,1,1.1666666666666667,False,False,2025-11-28
CADCHF,labour,1.0,mixed,constructed aggregate (sum/pair_divisor),both,0.5,0,0.5,False,False,2025-11-28
CADCHF,monetary,0.0,base_only,direct (single indicator),base_only,0.0,0,0.0,False,True,2025-11-28
EURUSD,growth,1.0,mixed,constructed aggregate (sum/pair_divisor),both,0.41666666666666663,0,0.5833333333333334,False,False,2025-12-05
EURUSD,inflation,1.5,mixed,constructed aggregate (sum/pair_divisor),both,0.5,0,1.0,False,False,2025-12-05
EURUSD,labour,-1.0,mixed,constructed aggregate (sum/pair_divisor),both,-0.35,0,-0.65,False,False,2025-12-05
EURUSD,monetary,1.0,both,direct (single indicator),both,0.5,0,0.5,False,True,2025-12-05
GBPUSD,growth,-0.5,both,constructed aggregate (sum/pair_divisor),both,-0.08333333333333334,0,-0.41666666666666663,False,False,2025-12-05
GBPUSD,inflation,1.0,mixed,constructed aggregate (sum/pair_divisor),both,0.3333333333333333,0,0.6666666666666667,False,False,2025-12-05
GBPUSD,labour,-2.0,mixed,constructed aggregate (sum/pair_divisor),both,-0.6,-1,-1.4,False,False,2025-12-05
GBPUSD,monetary,0.0,both,direct (single indicator),both,0.0,0,0.0,False,True,2025-12-05
USDJPY,growth,-0.5,mixed,constructed aggregate (sum/pair_divisor),both,-0.16666666666666666,0,-0.33333333333333337,False,False,2025-12-05
USDJPY,inflation,-1.0,mixed,constructed aggregate (sum/pair_divisor),both,-0.3333333333333333,0,-0.6666666666666667,False,False,2025-12-05
USDJPY,labour,1.0,mixed,constructed aggregate (sum/pair_divisor),both,0.35,0,0.65,False,False,2025-12-05
USDJPY,monetary,-2.0,both,direct (single indicator),both,-1.0,-1,-1.0,False,True,2025-12-05
USDCHF,growth,-0.5,mixed,constructed aggregate (sum/pair_divisor),both,-0.16666666666666666,0,-0.33333333333333337,False,False,2025-12-05
USDCHF,inflation,-0.5,mixed,constructed aggregate (sum/pair_divisor),both,-0.08333333333333331,0,-0.4166666666666667,False,False,2025-12-05
USDCHF,labour,0.5,mixed,constructed aggregate (sum/pair_divisor),both,0.1,0,0.4,False,False,2025-12-05
USDCHF,monetary,0.0,base_only,direct (single indicator),base_only,0.0,0,0.0,False,True,2025-12-05
USDCAD,growth,-0.5,mixed,constructed aggregate (sum/pair_divisor),both,-0.16666666666666666,0,-0.33333333333333337,False,False,2025-12-05
USDCAD,inflation,-2.0,mixed,constructed aggregate (sum/pair_divisor),both,-0.6666666666666666,-1,-1.3333333333333335,False,False,2025-12-05
USDCAD,labour,-0.5,mixed,constructed aggregate (sum/pair_divisor),both,-0.4,0,-0.09999999999999998,False,False,2025-12-05
USDCAD,monetary,-2.0,both,direct (single indicator),both,-1.0,-1,-1.0,False,True,2025-12-05
AUDUSD,growth,0.5,mixed,constructed aggregate (sum/pair_divisor),both,-0.8333333333333334,-1,1.3333333333333335,False,False,2025-12-05
AUDUSD,inflation,2.0,mixed,constructed aggregate (sum/pair_divisor),both,0.6666666666666666,1,1.3333333333333335,False,False,2025-12-05
AUDUSD,labour,0.0,mixed,constructed aggregate (sum/pair_divisor),both,0.06666666666666665,0,-0.06666666666666665,False,False,2025-12-05
AUDUSD,monetary,2.0,both,direct (single indicator),both,1.0,1,1.0,False,True,2025-12-05
NZDUSD,growth,0.5,both,constructed aggregate (sum/pair_divisor),both,0.16666666666666666,0,0.33333333333333337,False,False,2025-12-05
NZDUSD,inflation,1.5,mixed,constructed aggregate (sum/pair_divisor),both,0.5833333333333333,1,0.9166666666666667,False,False,2025-12-05
NZDUSD,labour,-0.5,mixed,constructed aggregate (sum/pair_divisor),both,-0.1,0,-0.4,False,False,2025-12-05
NZDUSD,monetary,0.0,quote_only,direct (single indicator),quote_only,0.0,0,0.0,False,True,2025-12-05
EURGBP,growth,1.5,mixed,constructed aggregate (sum/pair_divisor),both,0.5,0,1.0,False,False,2025-12-05
EURGBP,inflation,0.5,mixed,constructed aggregate (sum/pair_divisor),both,0.16666666666666666,0,0.33333333333333337,False,False,2025-12-05
EURGBP,labour,1.0,mixed,constructed aggregate (sum/pair_divisor),both,0.25,0,0.75,False,False,2025-12-05
EURGBP,monetary,1.0,both,direct (single indicator),both,0.5,0,0.5,False,True,2025-12-05
EURJPY,growth,0.5,mixed,constructed aggregate (sum/pair_divisor),both,0.25,0,0.25,False,False,2025-12-05
EURJPY,inflation,0.5,mixed,constructed aggregate (sum/pair_divisor),both,0.16666666666666666,0,0.33333333333333337,False,False,2025-12-05
EURJPY,labour,0.0,mixed,constructed aggregate (sum/pair_divisor),both,0.0,0,0.0,False,False,2025-12-05
EURJPY,monetary,-1.0,both,direct (single indicator),both,-0.5,0,-0.5,False,True,2025-12-05
EURCHF,growth,0.5,mixed,constructed aggregate (sum/pair_divisor),both,0.25,0,0.25,False,False,2025-12-05
EURCHF,inflation,1.0,mixed,constructed aggregate (sum/pair_divisor),both,0.41666666666666663,0,0.5833333333333334,False,False,2025-12-05
EURCHF,labour,-0.5,mixed,constructed aggregate (sum/pair_divisor),both,-0.25,0,-0.25,False,False,2025-12-05
EURCHF,monetary,1.0,base_only,direct (single indicator),base_only,0.5,0,0.5,False,True,2025-12-05
EURAUD,growth,0.5,mixed,constructed aggregate (sum/pair_divisor),both,1.25,1,-0.75,False,False,2025-12-05
EURAUD,inflation,-0.5,mixed,constructed aggregate (sum/pair_divisor),both,-0.16666666666666666,0,-0.33333333333333337,False,False,2025-12-05
EURAUD,labour,-1.0,mixed,constructed aggregate (sum/pair_divisor),both,-0.41666666666666663,0,-0.5833333333333334,False,False,2025-12-05
EURAUD,monetary,-1.0,both,direct (single indicator),both,-0.5,0,-0.5,False,True,2025-12-05
EURNZD,growth,0.5,mixed,constructed aggregate (sum/pair_divisor),both,0.25,0,0.25,False,False,2025-12-05
EURNZD,inflation,0.0,mixed,constructed aggregate (sum/pair_divisor),both,-0.08333333333333334,0,0.08333333333333334,False,False,2025-12-05
EURNZD,labour,-0.5,mixed,constructed aggregate (sum/pair_divisor),both,-0.25,0,-0.25,False,False,2025-12-05
EURNZD,monetary,1.0,base_only,direct (single indicator),base_only,0.5,0,0.5,False,True,2025-12-05
EURCAD,growth,0.5,mixed,constructed aggregate (sum/pair_divisor),both,0.25,0,0.25,False,False,2025-12-05
EURCAD,inflation,-0.5,mixed,constructed aggregate (sum/pair_divisor),both,-0.16666666666666666,0,-0.33333333333333337,False,False,2025-12-05
EURCAD,labour,-1.5,mixed,constructed aggregate (sum/pair_divisor),both,-0.75,-1,-0.75,False,False,2025-12-05
EURCAD,monetary,-1.0,both,direct (single indicator),both,-0.5,0,-0.5,False,True,2025-12-05
GBPJPY,growth,-1.0,mixed,constructed aggregate (sum/pair_divisor),both,-0.25,0,-0.75,False,False,2025-12-05
GBPJPY,inflation,0.0,mixed,constructed aggregate (sum/pair_divisor),both,0.0,0,0.0,False,False,2025-12-05
GBPJPY,labour,-1.0,mixed,constructed aggregate (sum/pair_divisor),both,-0.25,0,-0.75,False,False,2025-12-05
GBPJPY,monetary,-2.0,both,direct (single indicator),both,-1.0,-1,-1.0,False,True,2025-12-05
GBPCHF,growth,-1.0,mixed,constructed aggregate (sum/pair_divisor),both,-0.25,0,-0.75,False,False,2025-12-05
GBPCHF,inflation,0.5,mixed,constructed aggregate (sum/pair_divisor),both,0.25,0,0.25,False,False,2025-12-05
GBPCHF,labour,-1.5,mixed,constructed aggregate (sum/pair_divisor),both,-0.5,0,-1.0,False,False,2025-12-05
GBPCHF,monetary,0.0,base_only,direct (single indicator),base_only,0.0,0,0.0,False,True,2025-12-05
GBPAUD,growth,-1.0,mixed,constructed aggregate (sum/pair_divisor),both,0.75,1,-1.75,False,False,2025-12-05
GBPAUD,inflation,-1.0,mixed,constructed aggregate (sum/pair_divisor),both,-0.3333333333333333,0,-0.6666666666666667,False,False,2025-12-05
GBPAUD,labour,-2.0,mixed,constructed aggregate (sum/pair_divisor),both,-0.6666666666666666,-1,-1.3333333333333335,False,False,2025-12-05
GBPAUD,monetary,-2.0,both,direct (single indicator),both,-1.0,-1,-1.0,False,True,2025-12-05
GBPNZD,growth,-1.0,both,constructed aggregate (sum/pair_divisor),both,-0.25,0,-0.75,False,False,2025-12-05
GBPNZD,inflation,-0.5,mixed,constructed aggregate (sum/pair_divisor),both,-0.25,0,-0.25,False,False,2025-12-05
GBPNZD,labour,-1.5,mixed,constructed aggregate (sum/pair_divisor),both,-0.5,0,-1.0,False,False,2025-12-05
GBPNZD,monetary,0.0,base_only,direct (single indicator),base_only,0.0,0,0.0,False,True,2025-12-05
GBPCAD,growth,-1.0,mixed,constructed aggregate (sum/pair_divisor),both,-0.25,0,-0.75,False,False,2025-12-05
GBPCAD,inflation,-1.0,mixed,constructed aggregate (sum/pair_divisor),both,-0.3333333333333333,0,-0.6666666666666667,False,False,2025-12-05
GBPCAD,labour,-2.5,mixed,constructed aggregate (sum/pair_divisor),both,-1.0,-1,-1.5,False,False,2025-12-05
GBPCAD,monetary,-2.0,both,direct (single indicator),both,-1.0,-1,-1.0,False,True,2025-12-05
AUDJPY,growth,0.0,mixed,constructed aggregate (sum/pair_divisor),both,-1.0,-1,1.0,False,False,2025-12-05
AUDJPY,inflation,1.0,mixed,constructed aggregate (sum/pair_divisor),both,0.3333333333333333,0,0.6666666666666667,False,False,2025-12-05
AUDJPY,labour,1.0,mixed,constructed aggregate (sum/pair_divisor),both,0.41666666666666663,0,0.5833333333333334,False,False,2025-12-05
AUDJPY,monetary,0.0,both,direct (single indicator),both,0.0,0,0.0,False,True,2025-12-05
NZDJPY,growth,0.0,mixed,constructed aggregate (sum/pair_divisor),both,0.0,0,0.0,False,False,2025-12-05
NZDJPY,inflation,0.5,mixed,constructed aggregate (sum/pair_divisor),both,0.25,0,0.25,False,False,2025-12-05
NZDJPY,labour,0.5,mixed,constructed aggregate (sum/pair_divisor),both,0.25,0,0.25,False,False,2025-12-05
NZDJPY,monetary,-2.0,quote_only,direct (single indicator),quote_only,-1.0,-1,-1.0,False,True,2025-12-05
CADJPY,growth,0.0,mixed,constructed aggregate (sum/pair_divisor),both,0.0,0,0.0,False,False,2025-12-05
CADJPY,inflation,1.0,mixed,constructed aggregate (sum/pair_divisor),both,0.3333333333333333,0,0.6666666666666667,False,False,2025-12-05
CADJPY,labour,1.5,mixed,constructed aggregate (sum/pair_divisor),both,0.75,1,0.75,False,False,2025-12-05
CADJPY,monetary,0.0,both,direct (single indicator),both,0.0,0,0.0,False,True,2025-12-05
CHFJPY,growth,0.0,mixed,constructed aggregate (sum/pair_divisor),both,0.0,0,0.0,False,False,2025-12-05
CHFJPY,inflation,-0.5,mixed,constructed aggregate (sum/pair_divisor),both,-0.25,0,-0.25,False,False,2025-12-05
CHFJPY,labour,0.5,mixed,constructed aggregate (sum/pair_divisor),both,0.25,0,0.25,False,False,2025-12-05
CHFJPY,monetary,-2.0,quote_only,direct (single indicator),quote_only,-1.0,-1,-1.0,False,True,2025-12-05
AUDNZD,growth,0.0,mixed,constructed aggregate (sum/pair_divisor),both,-1.0,-1,1.0,False,False,2025-12-05
AUDNZD,inflation,0.5,mixed,constructed aggregate (sum/pair_divisor),both,0.08333333333333331,0,0.4166666666666667,False,False,2025-12-05
AUDNZD,labour,0.5,mixed,constructed aggregate (sum/pair_divisor),both,0.16666666666666666,0,0.33333333333333337,False,False,2025-12-05
AUDNZD,monetary,2.0,base_only,direct (single indicator),base_only,1.0,1,1.0,False,True,2025-12-05
AUDCAD,growth,0.0,mixed,constructed aggregate (sum/pair_divisor),both,-1.0,-1,1.0,False,False,2025-12-05
AUDCAD,inflation,0.0,mixed,constructed aggregate (sum/pair_divisor),both,0.0,0,0.0,False,False,2025-12-05
AUDCAD,labour,-0.5,mixed,constructed aggregate (sum/pair_divisor),both,-0.33333333333333337,0,-0.16666666666666663,False,False,2025-12-05
AUDCAD,monetary,0.0,both,direct (single indicator),both,0.0,0,0.0,False,True,2025-12-05
AUDCHF,growth,0.0,mixed,constructed aggregate (sum/pair_divisor),both,-1.0,-1,1.0,False,False,2025-12-05
AUDCHF,inflation,1.5,mixed,constructed aggregate (sum/pair_divisor),both,0.5833333333333333,1,0.9166666666666667,False,False,2025-12-05
AUDCHF,labour,0.5,mixed,constructed aggregate (sum/pair_divisor),both,0.16666666666666666,0,0.33333333333333337,False,False,2025-12-05
AUDCHF,monetary,2.0,base_only,direct (single indicator),base_only,1.0,1,1.0,False,True,2025-12-05
NZDCAD,growth,0.0,mixed,constructed aggregate (sum/pair_divisor),both,0.0,0,0.0,False,False,2025-12-05
NZDCAD,inflation,-0.5,mixed,constructed aggregate (sum/pair_divisor),both,-0.08333333333333331,0,-0.4166666666666667,False,False,2025-12-05
NZDCAD,labour,-1.0,mixed,constructed aggregate (sum/pair_divisor),both,-0.5,0,-0.5,False,False,2025-12-05
NZDCAD,monetary,-2.0,quote_only,direct (single indicator),quote_only,-1.0,-1,-1.0,False,True,2025-12-05
NZDCHF,growth,0.0,mixed,constructed aggregate (sum/pair_divisor),both,0.0,0,0.0,False,False,2025-12-05
NZDCHF,inflation,1.0,mixed,constructed aggregate (sum/pair_divisor),both,0.5,0,0.5,False,False,2025-12-05
NZDCHF,labour,0.0,mixed,constructed aggregate (sum/pair_divisor),both,0.0,0,0.0,False,False,2025-12-05
NZDCHF,monetary,,neither,direct (single indicator),neither,0.0,0,,False,True,2025-12-05
CADCHF,growth,0.0,mixed,constructed aggregate (sum/pair_divisor),both,0.0,0,0.0,False,False,2025-12-05
CADCHF,inflation,1.5,mixed,constructed aggregate (sum/pair_divisor),both,0.5833333333333333,1,0.9166666666666667,False,False,2025-12-05
CADCHF,labour,1.0,mixed,constructed aggregate (sum/pair_divisor),both,0.5,0,0.5,False,False,2025-12-05
CADCHF,monetary,2.0,base_only,direct (single indicator),base_only,1.0,1,1.0,False,True,2025-12-05
EURUSD,growth,1.0,mixed,constructed aggregate (sum/pair_divisor),both,0.41666666666666663,0,0.5833333333333334,False,False,2025-12-12
EURUSD,inflation,1.5,mixed,constructed aggregate (sum/pair_divisor),both,0.16666666666666666,0,1.3333333333333333,False,False,2025-12-12
EURUSD,labour,-0.5,mixed,constructed aggregate (sum/pair_divisor),both,-0.25,0,-0.25,False,False,2025-12-12
EURUSD,monetary,1.0,both,direct (single indicator),both,0.5,0,0.5,False,True,2025-12-12
GBPUSD,growth,-0.5,both,constructed aggregate (sum/pair_divisor),both,-0.08333333333333334,0,-0.41666666666666663,False,False,2025-12-12
GBPUSD,inflation,1.0,mixed,constructed aggregate (sum/pair_divisor),both,0.0,0,1.0,False,False,2025-12-12
GBPUSD,labour,-1.5,mixed,constructed aggregate (sum/pair_divisor),both,-0.5,0,-1.0,False,False,2025-12-12
GBPUSD,monetary,1.0,both,direct (single indicator),both,0.5,0,0.5,False,True,2025-12-12
USDJPY,growth,-0.5,mixed,constructed aggregate (sum/pair_divisor),both,-0.16666666666666666,0,-0.33333333333333337,False,False,2025-12-12
USDJPY,inflation,-1.0,mixed,constructed aggregate (sum/pair_divisor),both,0.0,0,-1.0,False,False,2025-12-12
USDJPY,labour,0.5,mixed,constructed aggregate (sum/pair_divisor),both,0.25,0,0.25,False,False,2025-12-12
USDJPY,monetary,-2.0,both,direct (single indicator),both,-1.0,-1,-1.0,False,True,2025-12-12
USDCHF,growth,-0.5,mixed,constructed aggregate (sum/pair_divisor),both,-0.16666666666666666,0,-0.33333333333333337,False,False,2025-12-12
USDCHF,inflation,-0.5,mixed,constructed aggregate (sum/pair_divisor),both,0.25,0,-0.75,False,False,2025-12-12
USDCHF,labour,0.0,mixed,constructed aggregate (sum/pair_divisor),both,0.0,0,0.0,False,False,2025-12-12
USDCHF,monetary,0.0,base_only,direct (single indicator),base_only,0.0,0,0.0,False,True,2025-12-12
USDCAD,growth,-0.5,mixed,constructed aggregate (sum/pair_divisor),both,-0.16666666666666666,0,-0.33333333333333337,False,False,2025-12-12
USDCAD,inflation,-2.0,mixed,constructed aggregate (sum/pair_divisor),both,-0.3333333333333333,0,-1.6666666666666667,False,False,2025-12-12
USDCAD,labour,-0.5,mixed,constructed aggregate (sum/pair_divisor),both,-0.25,0,-0.25,False,False,2025-12-12
USDCAD,monetary,-2.0,both,direct (single indicator),both,-1.0,-1,-1.0,False,True,2025-12-12
AUDUSD,growth,0.5,mixed,constructed aggregate (sum/pair_divisor),both,-0.8333333333333334,-1,1.3333333333333335,False,False,2025-12-12
AUDUSD,inflation,2.0,mixed,constructed aggregate (sum/pair_divisor),both,0.3333333333333333,0,1.6666666666666667,False,False,2025-12-12
AUDUSD,labour,0.0,mixed,constructed aggregate (sum/pair_divisor),both,0.0,0,0.0,False,False,2025-12-12
AUDUSD,monetary,2.0,both,direct (single indicator),both,1.0,1,1.0,False,True,2025-12-12
NZDUSD,growth,0.5,both,constructed aggregate (sum/pair_divisor),both,0.16666666666666666,0,0.33333333333333337,False,False,2025-12-12
NZDUSD,inflation,1.5,mixed,constructed aggregate (sum/pair_divisor),both,0.25,0,1.25,False,False,2025-12-12
NZDUSD,labour,0.0,mixed,constructed aggregate (sum/pair_divisor),both,0.0,0,0.0,False,False,2025-12-12
NZDUSD,monetary,0.0,quote_only,direct (single indicator),quote_only,0.0,0,0.0,False,True,2025-12-12
EURGBP,growth,1.5,mixed,constructed aggregate (sum/pair_divisor),both,0.5,0,1.0,False,False,2025-12-12
EURGBP,inflation,0.5,mixed,constructed aggregate (sum/pair_divisor),both,0.16666666666666666,0,0.33333333333333337,False,False,2025-12-12
EURGBP,labour,1.0,mixed,constructed aggregate (sum/pair_divisor),both,0.25,0,0.75,False,False,2025-12-12
EURGBP,monetary,0.0,both,direct (single indicator),both,0.0,0,0.0,False,True,2025-12-12
EURJPY,growth,0.5,mixed,constructed aggregate (sum/pair_divisor),both,0.25,0,0.25,False,False,2025-12-12
EURJPY,inflation,0.5,mixed,constructed aggregate (sum/pair_divisor),both,0.16666666666666666,0,0.33333333333333337,False,False,2025-12-12
EURJPY,labour,0.0,mixed,constructed aggregate (sum/pair_divisor),both,0.0,0,0.0,False,False,2025-12-12
EURJPY,monetary,-1.0,both,direct (single indicator),both,-0.5,0,-0.5,False,True,2025-12-12
EURCHF,growth,0.5,mixed,constructed aggregate (sum/pair_divisor),both,0.25,0,0.25,False,False,2025-12-12
EURCHF,inflation,1.0,mixed,constructed aggregate (sum/pair_divisor),both,0.41666666666666663,0,0.5833333333333334,False,False,2025-12-12
EURCHF,labour,-0.5,mixed,constructed aggregate (sum/pair_divisor),both,-0.25,0,-0.25,False,False,2025-12-12
EURCHF,monetary,1.0,base_only,direct (single indicator),base_only,0.5,0,0.5,False,True,2025-12-12
EURAUD,growth,0.5,mixed,constructed aggregate (sum/pair_divisor),both,1.25,1,-0.75,False,False,2025-12-12
EURAUD,inflation,-0.5,mixed,constructed aggregate (sum/pair_divisor),both,-0.16666666666666666,0,-0.33333333333333337,False,False,2025-12-12
EURAUD,labour,-0.5,mixed,constructed aggregate (sum/pair_divisor),both,-0.25,0,-0.25,False,False,2025-12-12
EURAUD,monetary,-1.0,both,direct (single indicator),both,-0.5,0,-0.5,False,True,2025-12-12
EURNZD,growth,0.5,mixed,constructed aggregate (sum/pair_divisor),both,0.25,0,0.25,False,False,2025-12-12
EURNZD,inflation,0.0,mixed,constructed aggregate (sum/pair_divisor),both,-0.08333333333333334,0,0.08333333333333334,False,False,2025-12-12
EURNZD,labour,-0.5,mixed,constructed aggregate (sum/pair_divisor),both,-0.25,0,-0.25,False,False,2025-12-12
EURNZD,monetary,1.0,base_only,direct (single indicator),base_only,0.5,0,0.5,False,True,2025-12-12
EURCAD,growth,0.5,mixed,constructed aggregate (sum/pair_divisor),both,0.25,0,0.25,False,False,2025-12-12
EURCAD,inflation,-0.5,mixed,constructed aggregate (sum/pair_divisor),both,-0.16666666666666666,0,-0.33333333333333337,False,False,2025-12-12
EURCAD,labour,-1.0,mixed,constructed aggregate (sum/pair_divisor),both,-0.5,0,-0.5,False,False,2025-12-12
EURCAD,monetary,-1.0,both,direct (single indicator),both,-0.5,0,-0.5,False,True,2025-12-12
GBPJPY,growth,-1.0,mixed,constructed aggregate (sum/pair_divisor),both,-0.25,0,-0.75,False,False,2025-12-12
GBPJPY,inflation,0.0,mixed,constructed aggregate (sum/pair_divisor),both,0.0,0,0.0,False,False,2025-12-12
GBPJPY,labour,-1.0,mixed,constructed aggregate (sum/pair_divisor),both,-0.25,0,-0.75,False,False,2025-12-12
GBPJPY,monetary,-1.0,both,direct (single indicator),both,-0.5,0,-0.5,False,True,2025-12-12
GBPCHF,growth,-1.0,mixed,constructed aggregate (sum/pair_divisor),both,-0.25,0,-0.75,False,False,2025-12-12
GBPCHF,inflation,0.5,mixed,constructed aggregate (sum/pair_divisor),both,0.25,0,0.25,False,False,2025-12-12
GBPCHF,labour,-1.5,mixed,constructed aggregate (sum/pair_divisor),both,-0.5,0,-1.0,False,False,2025-12-12
GBPCHF,monetary,1.0,base_only,direct (single indicator),base_only,0.5,0,0.5,False,True,2025-12-12
GBPAUD,growth,-1.0,mixed,constructed aggregate (sum/pair_divisor),both,0.75,1,-1.75,False,False,2025-12-12
GBPAUD,inflation,-1.0,mixed,constructed aggregate (sum/pair_divisor),both,-0.3333333333333333,0,-0.6666666666666667,False,False,2025-12-12
GBPAUD,labour,-1.5,mixed,constructed aggregate (sum/pair_divisor),both,-0.5,0,-1.0,False,False,2025-12-12
GBPAUD,monetary,-1.0,both,direct (single indicator),both,-0.5,0,-0.5,False,True,2025-12-12
GBPNZD,growth,-1.0,both,constructed aggregate (sum/pair_divisor),both,-0.25,0,-0.75,False,False,2025-12-12
GBPNZD,inflation,-0.5,mixed,constructed aggregate (sum/pair_divisor),both,-0.25,0,-0.25,False,False,2025-12-12
GBPNZD,labour,-1.5,mixed,constructed aggregate (sum/pair_divisor),both,-0.5,0,-1.0,False,False,2025-12-12
GBPNZD,monetary,1.0,base_only,direct (single indicator),base_only,0.5,0,0.5,False,True,2025-12-12
GBPCAD,growth,-1.0,mixed,constructed aggregate (sum/pair_divisor),both,-0.25,0,-0.75,False,False,2025-12-12
GBPCAD,inflation,-1.0,mixed,constructed aggregate (sum/pair_divisor),both,-0.3333333333333333,0,-0.6666666666666667,False,False,2025-12-12
GBPCAD,labour,-2.0,mixed,constructed aggregate (sum/pair_divisor),both,-0.75,-1,-1.25,False,False,2025-12-12
GBPCAD,monetary,-1.0,both,direct (single indicator),both,-0.5,0,-0.5,False,True,2025-12-12
AUDJPY,growth,0.0,mixed,constructed aggregate (sum/pair_divisor),both,-1.0,-1,1.0,False,False,2025-12-12
AUDJPY,inflation,1.0,mixed,constructed aggregate (sum/pair_divisor),both,0.3333333333333333,0,0.6666666666666667,False,False,2025-12-12
AUDJPY,labour,0.5,mixed,constructed aggregate (sum/pair_divisor),both,0.25,0,0.25,False,False,2025-12-12
AUDJPY,monetary,0.0,both,direct (single indicator),both,0.0,0,0.0,False,True,2025-12-12
NZDJPY,growth,0.0,mixed,constructed aggregate (sum/pair_divisor),both,0.0,0,0.0,False,False,2025-12-12
NZDJPY,inflation,0.5,mixed,constructed aggregate (sum/pair_divisor),both,0.25,0,0.25,False,False,2025-12-12
NZDJPY,labour,0.5,mixed,constructed aggregate (sum/pair_divisor),both,0.25,0,0.25,False,False,2025-12-12
NZDJPY,monetary,-2.0,quote_only,direct (single indicator),quote_only,-1.0,-1,-1.0,False,True,2025-12-12
CADJPY,growth,0.0,mixed,constructed aggregate (sum/pair_divisor),both,0.0,0,0.0,False,False,2025-12-12
CADJPY,inflation,1.0,mixed,constructed aggregate (sum/pair_divisor),both,0.3333333333333333,0,0.6666666666666667,False,False,2025-12-12
CADJPY,labour,1.0,mixed,constructed aggregate (sum/pair_divisor),both,0.5,0,0.5,False,False,2025-12-12
CADJPY,monetary,0.0,both,direct (single indicator),both,0.0,0,0.0,False,True,2025-12-12
CHFJPY,growth,0.0,mixed,constructed aggregate (sum/pair_divisor),both,0.0,0,0.0,False,False,2025-12-12
CHFJPY,inflation,-0.5,mixed,constructed aggregate (sum/pair_divisor),both,-0.25,0,-0.25,False,False,2025-12-12
CHFJPY,labour,0.5,mixed,constructed aggregate (sum/pair_divisor),both,0.25,0,0.25,False,False,2025-12-12
CHFJPY,monetary,-2.0,quote_only,direct (single indicator),quote_only,-1.0,-1,-1.0,False,True,2025-12-12
AUDNZD,growth,0.0,mixed,constructed aggregate (sum/pair_divisor),both,-1.0,-1,1.0,False,False,2025-12-12
AUDNZD,inflation,0.5,mixed,constructed aggregate (sum/pair_divisor),both,0.08333333333333331,0,0.4166666666666667,False,False,2025-12-12
AUDNZD,labour,0.0,mixed,constructed aggregate (sum/pair_divisor),both,0.0,0,0.0,False,False,2025-12-12
AUDNZD,monetary,2.0,base_only,direct (single indicator),base_only,1.0,1,1.0,False,True,2025-12-12
AUDCAD,growth,0.0,mixed,constructed aggregate (sum/pair_divisor),both,-1.0,-1,1.0,False,False,2025-12-12
AUDCAD,inflation,0.0,mixed,constructed aggregate (sum/pair_divisor),both,0.0,0,0.0,False,False,2025-12-12
AUDCAD,labour,-0.5,mixed,constructed aggregate (sum/pair_divisor),both,-0.25,0,-0.25,False,False,2025-12-12
AUDCAD,monetary,0.0,both,direct (single indicator),both,0.0,0,0.0,False,True,2025-12-12
AUDCHF,growth,0.0,mixed,constructed aggregate (sum/pair_divisor),both,-1.0,-1,1.0,False,False,2025-12-12
AUDCHF,inflation,1.5,mixed,constructed aggregate (sum/pair_divisor),both,0.5833333333333333,1,0.9166666666666667,False,False,2025-12-12
AUDCHF,labour,0.0,mixed,constructed aggregate (sum/pair_divisor),both,0.0,0,0.0,False,False,2025-12-12
AUDCHF,monetary,2.0,base_only,direct (single indicator),base_only,1.0,1,1.0,False,True,2025-12-12
NZDCAD,growth,0.0,mixed,constructed aggregate (sum/pair_divisor),both,0.0,0,0.0,False,False,2025-12-12
NZDCAD,inflation,-0.5,mixed,constructed aggregate (sum/pair_divisor),both,-0.08333333333333331,0,-0.4166666666666667,False,False,2025-12-12
NZDCAD,labour,-0.5,mixed,constructed aggregate (sum/pair_divisor),both,-0.25,0,-0.25,False,False,2025-12-12
NZDCAD,monetary,-2.0,quote_only,direct (single indicator),quote_only,-1.0,-1,-1.0,False,True,2025-12-12
NZDCHF,growth,0.0,mixed,constructed aggregate (sum/pair_divisor),both,0.0,0,0.0,False,False,2025-12-12
NZDCHF,inflation,1.0,mixed,constructed aggregate (sum/pair_divisor),both,0.5,0,0.5,False,False,2025-12-12
NZDCHF,labour,0.0,mixed,constructed aggregate (sum/pair_divisor),both,0.0,0,0.0,False,False,2025-12-12
NZDCHF,monetary,,neither,direct (single indicator),neither,0.0,0,,False,True,2025-12-12
CADCHF,growth,0.0,mixed,constructed aggregate (sum/pair_divisor),both,0.0,0,0.0,False,False,2025-12-12
CADCHF,inflation,1.5,mixed,constructed aggregate (sum/pair_divisor),both,0.5833333333333333,1,0.9166666666666667,False,False,2025-12-12
CADCHF,labour,0.5,mixed,constructed aggregate (sum/pair_divisor),both,0.25,0,0.25,False,False,2025-12-12
CADCHF,monetary,2.0,base_only,direct (single indicator),base_only,1.0,1,1.0,False,True,2025-12-12
EURUSD,growth,1.0,mixed,constructed aggregate (sum/pair_divisor),both,0.41666666666666663,0,0.5833333333333334,False,False,2025-12-19
EURUSD,inflation,2.0,mixed,constructed aggregate (sum/pair_divisor),both,0.6666666666666666,1,1.3333333333333335,False,False,2025-12-19
EURUSD,labour,0.0,mixed,constructed aggregate (sum/pair_divisor),both,-0.16666666666666669,0,0.16666666666666669,False,False,2025-12-19
EURUSD,monetary,2.0,both,direct (single indicator),both,1.0,1,1.0,False,True,2025-12-19
GBPUSD,growth,-1.5,both,constructed aggregate (sum/pair_divisor),both,-0.33333333333333337,0,-1.1666666666666665,False,False,2025-12-19
GBPUSD,inflation,0.0,mixed,constructed aggregate (sum/pair_divisor),both,0.0,0,0.0,False,False,2025-12-19
GBPUSD,labour,1.5,mixed,constructed aggregate (sum/pair_divisor),both,0.41666666666666663,0,1.0833333333333335,False,False,2025-12-19
GBPUSD,monetary,1.0,both,direct (single indicator),both,0.5,0,0.5,False,True,2025-12-19
USDJPY,growth,-0.5,mixed,constructed aggregate (sum/pair_divisor),both,-0.16666666666666666,0,-0.33333333333333337,False,False,2025-12-19
USDJPY,inflation,-1.5,mixed,constructed aggregate (sum/pair_divisor),both,-0.5,0,-1.0,False,False,2025-12-19
USDJPY,labour,0.0,mixed,constructed aggregate (sum/pair_divisor),both,0.16666666666666669,0,-0.16666666666666669,False,False,2025-12-19
USDJPY,monetary,-3.0,both,direct (single indicator),both,-1.5,-2,-1.5,False,True,2025-12-19
USDCHF,growth,-0.5,mixed,constructed aggregate (sum/pair_divisor),both,-0.16666666666666666,0,-0.33333333333333337,False,False,2025-12-19
USDCHF,inflation,0.0,mixed,constructed aggregate (sum/pair_divisor),both,0.25,0,-0.25,False,False,2025-12-19
USDCHF,labour,-0.5,mixed,constructed aggregate (sum/pair_divisor),both,-0.08333333333333333,0,-0.4166666666666667,False,False,2025-12-19
USDCHF,monetary,-1.0,base_only,direct (single indicator),base_only,-0.5,0,-0.5,False,True,2025-12-19
USDCAD,growth,-0.5,mixed,constructed aggregate (sum/pair_divisor),both,-0.16666666666666666,0,-0.33333333333333337,False,False,2025-12-19
USDCAD,inflation,-2.5,mixed,constructed aggregate (sum/pair_divisor),both,-0.8333333333333333,-1,-1.6666666666666667,False,False,2025-12-19
USDCAD,labour,-1.0,mixed,constructed aggregate (sum/pair_divisor),both,-0.3333333333333333,0,-0.6666666666666667,False,False,2025-12-19
USDCAD,monetary,-2.0,both,direct (single indicator),both,-1.0,-1,-1.0,False,True,2025-12-19
AUDUSD,growth,0.5,mixed,constructed aggregate (sum/pair_divisor),both,-0.8333333333333334,-1,1.3333333333333335,False,False,2025-12-19
AUDUSD,inflation,2.5,mixed,constructed aggregate (sum/pair_divisor),both,0.8333333333333333,1,1.6666666666666667,False,False,2025-12-19
AUDUSD,labour,0.5,mixed,constructed aggregate (sum/pair_divisor),both,0.08333333333333333,0,0.4166666666666667,False,False,2025-12-19
AUDUSD,monetary,3.0,both,direct (single indicator),both,1.5,2,1.5,False,True,2025-12-19
NZDUSD,growth,1.0,both,constructed aggregate (sum/pair_divisor),both,0.29166666666666663,0,0.7083333333333334,False,False,2025-12-19
NZDUSD,inflation,2.0,mixed,constructed aggregate (sum/pair_divisor),both,0.75,1,1.25,False,False,2025-12-19
NZDUSD,labour,0.5,mixed,constructed aggregate (sum/pair_divisor),both,0.08333333333333333,0,0.4166666666666667,False,False,2025-12-19
NZDUSD,monetary,1.0,quote_only,direct (single indicator),quote_only,0.5,0,0.5,False,True,2025-12-19
EURGBP,growth,2.5,mixed,constructed aggregate (sum/pair_divisor),both,0.75,1,1.75,False,False,2025-12-19
EURGBP,inflation,2.0,mixed,constructed aggregate (sum/pair_divisor),both,0.6666666666666666,1,1.3333333333333335,False,False,2025-12-19
EURGBP,labour,-1.5,mixed,constructed aggregate (sum/pair_divisor),both,-0.5833333333333333,-1,-0.9166666666666667,False,False,2025-12-19
EURGBP,monetary,1.0,both,direct (single indicator),both,0.5,0,0.5,False,True,2025-12-19
EURJPY,growth,0.5,mixed,constructed aggregate (sum/pair_divisor),both,0.25,0,0.25,False,False,2025-12-19
EURJPY,inflation,0.5,mixed,constructed aggregate (sum/pair_divisor),both,0.16666666666666666,0,0.33333333333333337,False,False,2025-12-19
EURJPY,labour,0.0,mixed,constructed aggregate (sum/pair_divisor),both,0.0,0,0.0,False,False,2025-12-19
EURJPY,monetary,-1.0,both,direct (single indicator),both,-0.5,0,-0.5,False,True,2025-12-19
EURCHF,growth,0.5,mixed,constructed aggregate (sum/pair_divisor),both,0.25,0,0.25,False,False,2025-12-19
EURCHF,inflation,2.0,mixed,constructed aggregate (sum/pair_divisor),both,0.9166666666666666,1,1.0833333333333335,False,False,2025-12-19
EURCHF,labour,-0.5,mixed,constructed aggregate (sum/pair_divisor),both,-0.25,0,-0.25,False,False,2025-12-19
EURCHF,monetary,1.0,base_only,direct (single indicator),base_only,0.5,0,0.5,False,True,2025-12-19
EURAUD,growth,0.5,mixed,constructed aggregate (sum/pair_divisor),both,1.25,1,-0.75,False,False,2025-12-19
EURAUD,inflation,-0.5,mixed,constructed aggregate (sum/pair_divisor),both,-0.16666666666666666,0,-0.33333333333333337,False,False,2025-12-19
EURAUD,labour,-0.5,mixed,constructed aggregate (sum/pair_divisor),both,-0.25,0,-0.25,False,False,2025-12-19
EURAUD,monetary,-1.0,both,direct (single indicator),both,-0.5,0,-0.5,False,True,2025-12-19
EURNZD,growth,0.0,mixed,constructed aggregate (sum/pair_divisor),both,0.125,0,-0.125,False,False,2025-12-19
EURNZD,inflation,0.0,mixed,constructed aggregate (sum/pair_divisor),both,-0.08333333333333334,0,0.08333333333333334,False,False,2025-12-19
EURNZD,labour,-0.5,mixed,constructed aggregate (sum/pair_divisor),both,-0.25,0,-0.25,False,False,2025-12-19
EURNZD,monetary,1.0,base_only,direct (single indicator),base_only,0.5,0,0.5,False,True,2025-12-19
EURCAD,growth,0.5,mixed,constructed aggregate (sum/pair_divisor),both,0.25,0,0.25,False,False,2025-12-19
EURCAD,inflation,-0.5,mixed,constructed aggregate (sum/pair_divisor),both,-0.16666666666666666,0,-0.33333333333333337,False,False,2025-12-19
EURCAD,labour,-1.0,mixed,constructed aggregate (sum/pair_divisor),both,-0.5,0,-0.5,False,False,2025-12-19
EURCAD,monetary,0.0,both,direct (single indicator),both,0.0,0,0.0,False,True,2025-12-19
GBPJPY,growth,-2.0,mixed,constructed aggregate (sum/pair_divisor),both,-0.5,0,-1.5,False,False,2025-12-19
GBPJPY,inflation,-1.5,mixed,constructed aggregate (sum/pair_divisor),both,-0.5,0,-1.0,False,False,2025-12-19
GBPJPY,labour,1.5,mixed,constructed aggregate (sum/pair_divisor),both,0.5833333333333333,1,0.9166666666666667,False,False,2025-12-19
GBPJPY,monetary,-2.0,both,direct (single indicator),both,-1.0,-1,-1.0,False,True,2025-12-19
GBPCHF,growth,-2.0,mixed,constructed aggregate (sum/pair_divisor),both,-0.5,0,-1.5,False,False,2025-12-19
GBPCHF,inflation,0.0,mixed,constructed aggregate (sum/pair_divisor),both,0.25,0,-0.25,False,False,2025-12-19
GBPCHF,labour,1.0,mixed,constructed aggregate (sum/pair_divisor),both,0.3333333333333333,0,0.6666666666666667,False,False,2025-12-19
GBPCHF,monetary,0.0,base_only,direct (single indicator),base_only,0.0,0,0.0,False,True,2025-12-19
GBPAUD,growth,-2.0,mixed,constructed aggregate (sum/pair_divisor),both,0.5,0,-2.5,False,False,2025-12-19
GBPAUD,inflation,-2.5,mixed,constructed aggregate (sum/pair_divisor),both,-0.8333333333333333,-1,-1.6666666666666667,False,False,2025-12-19
GBPAUD,labour,1.0,mixed,constructed aggregate (sum/pair_divisor),both,0.3333333333333333,0,0.6666666666666667,False,False,2025-12-19
GBPAUD,monetary,-2.0,both,direct (single indicator),both,-1.0,-1,-1.0,False,True,2025-12-19
GBPNZD,growth,-2.5,both,constructed aggregate (sum/pair_divisor),both,-0.625,-1,-1.875,False,False,2025-12-19
GBPNZD,inflation,-2.0,mixed,constructed aggregate (sum/pair_divisor),both,-0.75,-1,-1.25,False,False,2025-12-19
GBPNZD,labour,1.0,mixed,constructed aggregate (sum/pair_divisor),both,0.3333333333333333,0,0.6666666666666667,False,False,2025-12-19
GBPNZD,monetary,0.0,base_only,direct (single indicator),base_only,0.0,0,0.0,False,True,2025-12-19
GBPCAD,growth,-2.0,mixed,constructed aggregate (sum/pair_divisor),both,-0.5,0,-1.5,False,False,2025-12-19
GBPCAD,inflation,-2.5,mixed,constructed aggregate (sum/pair_divisor),both,-0.8333333333333333,-1,-1.6666666666666667,False,False,2025-12-19
GBPCAD,labour,0.5,mixed,constructed aggregate (sum/pair_divisor),both,0.08333333333333331,0,0.4166666666666667,False,False,2025-12-19
GBPCAD,monetary,-1.0,both,direct (single indicator),both,-0.5,0,-0.5,False,True,2025-12-19
AUDJPY,growth,0.0,mixed,constructed aggregate (sum/pair_divisor),both,-1.0,-1,1.0,False,False,2025-12-19
AUDJPY,inflation,1.0,mixed,constructed aggregate (sum/pair_divisor),both,0.3333333333333333,0,0.6666666666666667,False,False,2025-12-19
AUDJPY,labour,0.5,mixed,constructed aggregate (sum/pair_divisor),both,0.25,0,0.25,False,False,2025-12-19
AUDJPY,monetary,0.0,both,direct (single indicator),both,0.0,0,0.0,False,True,2025-12-19
NZDJPY,growth,0.5,mixed,constructed aggregate (sum/pair_divisor),both,0.125,0,0.375,False,False,2025-12-19
NZDJPY,inflation,0.5,mixed,constructed aggregate (sum/pair_divisor),both,0.25,0,0.25,False,False,2025-12-19
NZDJPY,labour,0.5,mixed,constructed aggregate (sum/pair_divisor),both,0.25,0,0.25,False,False,2025-12-19
NZDJPY,monetary,-2.0,quote_only,direct (single indicator),quote_only,-1.0,-1,-1.0,False,True,2025-12-19
CADJPY,growth,0.0,mixed,constructed aggregate (sum/pair_divisor),both,0.0,0,0.0,False,False,2025-12-19
CADJPY,inflation,1.0,mixed,constructed aggregate (sum/pair_divisor),both,0.3333333333333333,0,0.6666666666666667,False,False,2025-12-19
CADJPY,labour,1.0,mixed,constructed aggregate (sum/pair_divisor),both,0.5,0,0.5,False,False,2025-12-19
CADJPY,monetary,-1.0,both,direct (single indicator),both,-0.5,0,-0.5,False,True,2025-12-19
CHFJPY,growth,0.0,mixed,constructed aggregate (sum/pair_divisor),both,0.0,0,0.0,False,False,2025-12-19
CHFJPY,inflation,-1.5,mixed,constructed aggregate (sum/pair_divisor),both,-0.75,-1,-0.75,False,False,2025-12-19
CHFJPY,labour,0.5,mixed,constructed aggregate (sum/pair_divisor),both,0.25,0,0.25,False,False,2025-12-19
CHFJPY,monetary,-2.0,quote_only,direct (single indicator),quote_only,-1.0,-1,-1.0,False,True,2025-12-19
AUDNZD,growth,-0.5,mixed,constructed aggregate (sum/pair_divisor),both,-1.125,-1,0.625,False,False,2025-12-19
AUDNZD,inflation,0.5,mixed,constructed aggregate (sum/pair_divisor),both,0.08333333333333331,0,0.4166666666666667,False,False,2025-12-19
AUDNZD,labour,0.0,mixed,constructed aggregate (sum/pair_divisor),both,0.0,0,0.0,False,False,2025-12-19
AUDNZD,monetary,2.0,base_only,direct (single indicator),base_only,1.0,1,1.0,False,True,2025-12-19
AUDCAD,growth,0.0,mixed,constructed aggregate (sum/pair_divisor),both,-1.0,-1,1.0,False,False,2025-12-19
AUDCAD,inflation,0.0,mixed,constructed aggregate (sum/pair_divisor),both,0.0,0,0.0,False,False,2025-12-19
AUDCAD,labour,-0.5,mixed,constructed aggregate (sum/pair_divisor),both,-0.25,0,-0.25,False,False,2025-12-19
AUDCAD,monetary,1.0,both,direct (single indicator),both,0.5,0,0.5,False,True,2025-12-19
AUDCHF,growth,0.0,mixed,constructed aggregate (sum/pair_divisor),both,-1.0,-1,1.0,False,False,2025-12-19
AUDCHF,inflation,2.5,mixed,constructed aggregate (sum/pair_divisor),both,1.0833333333333333,1,1.4166666666666667,False,False,2025-12-19
AUDCHF,labour,0.0,mixed,constructed aggregate (sum/pair_divisor),both,0.0,0,0.0,False,False,2025-12-19
AUDCHF,monetary,2.0,base_only,direct (single indicator),base_only,1.0,1,1.0,False,True,2025-12-19
NZDCAD,growth,0.5,mixed,constructed aggregate (sum/pair_divisor),both,0.125,0,0.375,False,False,2025-12-19
NZDCAD,inflation,-0.5,mixed,constructed aggregate (sum/pair_divisor),both,-0.08333333333333331,0,-0.4166666666666667,False,False,2025-12-19
NZDCAD,labour,-0.5,mixed,constructed aggregate (sum/pair_divisor),both,-0.25,0,-0.25,False,False,2025-12-19
NZDCAD,monetary,-1.0,quote_only,direct (single indicator),quote_only,-0.5,0,-0.5,False,True,2025-12-19
NZDCHF,growth,0.5,mixed,constructed aggregate (sum/pair_divisor),both,0.125,0,0.375,False,False,2025-12-19
NZDCHF,inflation,2.0,mixed,constructed aggregate (sum/pair_divisor),both,1.0,1,1.0,False,False,2025-12-19
NZDCHF,labour,0.0,mixed,constructed aggregate (sum/pair_divisor),both,0.0,0,0.0,False,False,2025-12-19
NZDCHF,monetary,,neither,direct (single indicator),neither,0.0,0,,False,True,2025-12-19
CADCHF,growth,0.0,mixed,constructed aggregate (sum/pair_divisor),both,0.0,0,0.0,False,False,2025-12-19
CADCHF,inflation,2.5,mixed,constructed aggregate (sum/pair_divisor),both,1.0833333333333333,1,1.4166666666666667,False,False,2025-12-19
CADCHF,labour,0.5,mixed,constructed aggregate (sum/pair_divisor),both,0.25,0,0.25,False,False,2025-12-19
CADCHF,monetary,1.0,base_only,direct (single indicator),base_only,0.5,0,0.5,False,True,2025-12-19
EURUSD,growth,1.0,mixed,constructed aggregate (sum/pair_divisor),both,0.41666666666666663,0,0.5833333333333334,False,False,2025-12-26
EURUSD,inflation,2.0,mixed,constructed aggregate (sum/pair_divisor),both,0.6666666666666666,1,1.3333333333333335,False,False,2025-12-26
EURUSD,labour,0.0,mixed,constructed aggregate (sum/pair_divisor),both,-0.16666666666666669,0,0.16666666666666669,False,False,2025-12-26
EURUSD,monetary,1.0,both,direct (single indicator),both,0.5,0,0.5,False,True,2025-12-26
GBPUSD,growth,-1.0,both,constructed aggregate (sum/pair_divisor),both,-0.20833333333333334,0,-0.7916666666666666,False,False,2025-12-26
GBPUSD,inflation,0.0,mixed,constructed aggregate (sum/pair_divisor),both,0.0,0,0.0,False,False,2025-12-26
GBPUSD,labour,1.5,mixed,constructed aggregate (sum/pair_divisor),both,0.41666666666666663,0,1.0833333333333335,False,False,2025-12-26
GBPUSD,monetary,1.0,both,direct (single indicator),both,0.5,0,0.5,False,True,2025-12-26
USDJPY,growth,-0.5,mixed,constructed aggregate (sum/pair_divisor),both,-0.16666666666666666,0,-0.33333333333333337,False,False,2025-12-26
USDJPY,inflation,-1.5,mixed,constructed aggregate (sum/pair_divisor),both,-0.5,0,-1.0,False,False,2025-12-26
USDJPY,labour,-0.5,mixed,constructed aggregate (sum/pair_divisor),both,-0.08333333333333333,0,-0.4166666666666667,False,False,2025-12-26
USDJPY,monetary,-2.0,both,direct (single indicator),both,-1.0,-1,-1.0,False,True,2025-12-26
USDCHF,growth,-0.5,mixed,constructed aggregate (sum/pair_divisor),both,-0.16666666666666666,0,-0.33333333333333337,False,False,2025-12-26
USDCHF,inflation,0.0,mixed,constructed aggregate (sum/pair_divisor),both,0.25,0,-0.25,False,False,2025-12-26
USDCHF,labour,-0.5,mixed,constructed aggregate (sum/pair_divisor),both,-0.08333333333333333,0,-0.4166666666666667,False,False,2025-12-26
USDCHF,monetary,0.0,base_only,direct (single indicator),base_only,0.0,0,0.0,False,True,2025-12-26
USDCAD,growth,-0.5,mixed,constructed aggregate (sum/pair_divisor),both,-0.16666666666666666,0,-0.33333333333333337,False,False,2025-12-26
USDCAD,inflation,-2.0,mixed,constructed aggregate (sum/pair_divisor),both,-0.6666666666666666,-1,-1.3333333333333335,False,False,2025-12-26
USDCAD,labour,-1.0,mixed,constructed aggregate (sum/pair_divisor),both,-0.08333333333333333,0,-0.9166666666666666,False,False,2025-12-26
USDCAD,monetary,-2.0,both,direct (single indicator),both,-1.0,-1,-1.0,False,True,2025-12-26
AUDUSD,growth,0.5,mixed,constructed aggregate (sum/pair_divisor),both,-0.8333333333333334,-1,1.3333333333333335,False,False,2025-12-26
AUDUSD,inflation,2.5,mixed,constructed aggregate (sum/pair_divisor),both,0.8333333333333333,1,1.6666666666666667,False,False,2025-12-26
AUDUSD,labour,0.5,mixed,constructed aggregate (sum/pair_divisor),both,0.08333333333333333,0,0.4166666666666667,False,False,2025-12-26
AUDUSD,monetary,2.0,both,direct (single indicator),both,1.0,1,1.0,False,True,2025-12-26
NZDUSD,growth,1.0,both,constructed aggregate (sum/pair_divisor),both,0.29166666666666663,0,0.7083333333333334,False,False,2025-12-26
NZDUSD,inflation,2.0,mixed,constructed aggregate (sum/pair_divisor),both,0.75,1,1.25,False,False,2025-12-26
NZDUSD,labour,0.5,mixed,constructed aggregate (sum/pair_divisor),both,0.08333333333333333,0,0.4166666666666667,False,False,2025-12-26
NZDUSD,monetary,0.0,quote_only,direct (single indicator),quote_only,0.0,0,0.0,False,True,2025-12-26
EURGBP,growth,2.0,mixed,constructed aggregate (sum/pair_divisor),both,0.625,1,1.375,False,False,2025-12-26
EURGBP,inflation,2.0,mixed,constructed aggregate (sum/pair_divisor),both,0.6666666666666666,1,1.3333333333333335,False,False,2025-12-26
EURGBP,labour,-1.5,mixed,constructed aggregate (sum/pair_divisor),both,-0.5833333333333333,-1,-0.9166666666666667,False,False,2025-12-26
EURGBP,monetary,0.0,both,direct (single indicator),both,0.0,0,0.0,False,True,2025-12-26
EURJPY,growth,0.5,mixed,constructed aggregate (sum/pair_divisor),both,0.25,0,0.25,False,False,2025-12-26
EURJPY,inflation,0.5,mixed,constructed aggregate (sum/pair_divisor),both,0.16666666666666666,0,0.33333333333333337,False,False,2025-12-26
EURJPY,labour,-0.5,mixed,constructed aggregate (sum/pair_divisor),both,-0.25,0,-0.25,False,False,2025-12-26
EURJPY,monetary,-1.0,both,direct (single indicator),both,-0.5,0,-0.5,False,True,2025-12-26
EURCHF,growth,0.5,mixed,constructed aggregate (sum/pair_divisor),both,0.25,0,0.25,False,False,2025-12-26
EURCHF,inflation,2.0,mixed,constructed aggregate (sum/pair_divisor),both,0.9166666666666666,1,1.0833333333333335,False,False,2025-12-26
EURCHF,labour,-0.5,mixed,constructed aggregate (sum/pair_divisor),both,-0.25,0,-0.25,False,False,2025-12-26
EURCHF,monetary,1.0,base_only,direct (single indicator),base_only,0.5,0,0.5,False,True,2025-12-26
EURAUD,growth,0.5,mixed,constructed aggregate (sum/pair_divisor),both,1.25,1,-0.75,False,False,2025-12-26
EURAUD,inflation,-0.5,mixed,constructed aggregate (sum/pair_divisor),both,-0.16666666666666666,0,-0.33333333333333337,False,False,2025-12-26
EURAUD,labour,-0.5,mixed,constructed aggregate (sum/pair_divisor),both,-0.25,0,-0.25,False,False,2025-12-26
EURAUD,monetary,-1.0,both,direct (single indicator),both,-0.5,0,-0.5,False,True,2025-12-26
EURNZD,growth,0.0,mixed,constructed aggregate (sum/pair_divisor),both,0.125,0,-0.125,False,False,2025-12-26
EURNZD,inflation,0.0,mixed,constructed aggregate (sum/pair_divisor),both,-0.08333333333333334,0,0.08333333333333334,False,False,2025-12-26
EURNZD,labour,-0.5,mixed,constructed aggregate (sum/pair_divisor),both,-0.25,0,-0.25,False,False,2025-12-26
EURNZD,monetary,1.0,base_only,direct (single indicator),base_only,0.5,0,0.5,False,True,2025-12-26
EURCAD,growth,0.5,mixed,constructed aggregate (sum/pair_divisor),both,0.25,0,0.25,False,False,2025-12-26
EURCAD,inflation,0.0,mixed,constructed aggregate (sum/pair_divisor),both,0.0,0,0.0,False,False,2025-12-26
EURCAD,labour,-1.0,mixed,constructed aggregate (sum/pair_divisor),both,-0.25,0,-0.75,False,False,2025-12-26
EURCAD,monetary,-1.0,both,direct (single indicator),both,-0.5,0,-0.5,False,True,2025-12-26
GBPJPY,growth,-1.5,mixed,constructed aggregate (sum/pair_divisor),both,-0.375,0,-1.125,False,False,2025-12-26
GBPJPY,inflation,-1.5,mixed,constructed aggregate (sum/pair_divisor),both,-0.5,0,-1.0,False,False,2025-12-26
GBPJPY,labour,1.0,mixed,constructed aggregate (sum/pair_divisor),both,0.3333333333333333,0,0.6666666666666667,False,False,2025-12-26
GBPJPY,monetary,-1.0,both,direct (single indicator),both,-0.5,0,-0.5,False,True,2025-12-26
GBPCHF,growth,-1.5,mixed,constructed aggregate (sum/pair_divisor),both,-0.375,0,-1.125,False,False,2025-12-26
GBPCHF,inflation,0.0,mixed,constructed aggregate (sum/pair_divisor),both,0.25,0,-0.25,False,False,2025-12-26
GBPCHF,labour,1.0,mixed,constructed aggregate (sum/pair_divisor),both,0.3333333333333333,0,0.6666666666666667,False,False,2025-12-26
GBPCHF,monetary,1.0,base_only,direct (single indicator),base_only,0.5,0,0.5,False,True,2025-12-26
GBPAUD,growth,-1.5,mixed,constructed aggregate (sum/pair_divisor),both,0.625,1,-2.125,False,False,2025-12-26
GBPAUD,inflation,-2.5,mixed,constructed aggregate (sum/pair_divisor),both,-0.8333333333333333,-1,-1.6666666666666667,False,False,2025-12-26
GBPAUD,labour,1.0,mixed,constructed aggregate (sum/pair_divisor),both,0.3333333333333333,0,0.6666666666666667,False,False,2025-12-26
GBPAUD,monetary,-1.0,both,direct (single indicator),both,-0.5,0,-0.5,False,True,2025-12-26
GBPNZD,growth,-2.0,both,constructed aggregate (sum/pair_divisor),both,-0.5,0,-1.5,False,False,2025-12-26
GBPNZD,inflation,-2.0,mixed,constructed aggregate (sum/pair_divisor),both,-0.75,-1,-1.25,False,False,2025-12-26
GBPNZD,labour,1.0,mixed,constructed aggregate (sum/pair_divisor),both,0.3333333333333333,0,0.6666666666666667,False,False,2025-12-26
GBPNZD,monetary,1.0,base_only,direct (single indicator),base_only,0.5,0,0.5,False,True,2025-12-26
GBPCAD,growth,-1.5,mixed,constructed aggregate (sum/pair_divisor),both,-0.375,0,-1.125,False,False,2025-12-26
GBPCAD,inflation,-2.0,mixed,constructed aggregate (sum/pair_divisor),both,-0.6666666666666666,-1,-1.3333333333333335,False,False,2025-12-26
GBPCAD,labour,0.5,mixed,constructed aggregate (sum/pair_divisor),both,0.3333333333333333,0,0.16666666666666669,False,False,2025-12-26
GBPCAD,monetary,-1.0,both,direct (single indicator),both,-0.5,0,-0.5,False,True,2025-12-26
AUDJPY,growth,0.0,mixed,constructed aggregate (sum/pair_divisor),both,-1.0,-1,1.0,False,False,2025-12-26
AUDJPY,inflation,1.0,mixed,constructed aggregate (sum/pair_divisor),both,0.3333333333333333,0,0.6666666666666667,False,False,2025-12-26
AUDJPY,labour,0.0,mixed,constructed aggregate (sum/pair_divisor),both,0.0,0,0.0,False,False,2025-12-26
AUDJPY,monetary,0.0,both,direct (single indicator),both,0.0,0,0.0,False,True,2025-12-26
NZDJPY,growth,0.5,mixed,constructed aggregate (sum/pair_divisor),both,0.125,0,0.375,False,False,2025-12-26
NZDJPY,inflation,0.5,mixed,constructed aggregate (sum/pair_divisor),both,0.25,0,0.25,False,False,2025-12-26
NZDJPY,labour,0.0,mixed,constructed aggregate (sum/pair_divisor),both,0.0,0,0.0,False,False,2025-12-26
NZDJPY,monetary,-2.0,quote_only,direct (single indicator),quote_only,-1.0,-1,-1.0,False,True,2025-12-26
CADJPY,growth,0.0,mixed,constructed aggregate (sum/pair_divisor),both,0.0,0,0.0,False,False,2025-12-26
CADJPY,inflation,0.5,mixed,constructed aggregate (sum/pair_divisor),both,0.16666666666666666,0,0.33333333333333337,False,False,2025-12-26
CADJPY,labour,0.5,mixed,constructed aggregate (sum/pair_divisor),both,0.0,0,0.5,False,False,2025-12-26
CADJPY,monetary,0.0,both,direct (single indicator),both,0.0,0,0.0,False,True,2025-12-26
CHFJPY,growth,0.0,mixed,constructed aggregate (sum/pair_divisor),both,0.0,0,0.0,False,False,2025-12-26
CHFJPY,inflation,-1.5,mixed,constructed aggregate (sum/pair_divisor),both,-0.75,-1,-0.75,False,False,2025-12-26
CHFJPY,labour,0.0,mixed,constructed aggregate (sum/pair_divisor),both,0.0,0,0.0,False,False,2025-12-26
CHFJPY,monetary,-2.0,quote_only,direct (single indicator),quote_only,-1.0,-1,-1.0,False,True,2025-12-26
AUDNZD,growth,-0.5,mixed,constructed aggregate (sum/pair_divisor),both,-1.125,-1,0.625,False,False,2025-12-26
AUDNZD,inflation,0.5,mixed,constructed aggregate (sum/pair_divisor),both,0.08333333333333331,0,0.4166666666666667,False,False,2025-12-26
AUDNZD,labour,0.0,mixed,constructed aggregate (sum/pair_divisor),both,0.0,0,0.0,False,False,2025-12-26
AUDNZD,monetary,2.0,base_only,direct (single indicator),base_only,1.0,1,1.0,False,True,2025-12-26
AUDCAD,growth,0.0,mixed,constructed aggregate (sum/pair_divisor),both,-1.0,-1,1.0,False,False,2025-12-26
AUDCAD,inflation,0.5,mixed,constructed aggregate (sum/pair_divisor),both,0.16666666666666666,0,0.33333333333333337,False,False,2025-12-26
AUDCAD,labour,-0.5,mixed,constructed aggregate (sum/pair_divisor),both,0.0,0,-0.5,False,False,2025-12-26
AUDCAD,monetary,0.0,both,direct (single indicator),both,0.0,0,0.0,False,True,2025-12-26
AUDCHF,growth,0.0,mixed,constructed aggregate (sum/pair_divisor),both,-1.0,-1,1.0,False,False,2025-12-26
AUDCHF,inflation,2.5,mixed,constructed aggregate (sum/pair_divisor),both,1.0833333333333333,1,1.4166666666666667,False,False,2025-12-26
AUDCHF,labour,0.0,mixed,constructed aggregate (sum/pair_divisor),both,0.0,0,0.0,False,False,2025-12-26
AUDCHF,monetary,2.0,base_only,direct (single indicator),base_only,1.0,1,1.0,False,True,2025-12-26
NZDCAD,growth,0.5,mixed,constructed aggregate (sum/pair_divisor),both,0.125,0,0.375,False,False,2025-12-26
NZDCAD,inflation,0.0,mixed,constructed aggregate (sum/pair_divisor),both,0.08333333333333334,0,-0.08333333333333334,False,False,2025-12-26
NZDCAD,labour,-0.5,mixed,constructed aggregate (sum/pair_divisor),both,0.0,0,-0.5,False,False,2025-12-26
NZDCAD,monetary,-2.0,quote_only,direct (single indicator),quote_only,-1.0,-1,-1.0,False,True,2025-12-26
NZDCHF,growth,0.5,mixed,constructed aggregate (sum/pair_divisor),both,0.125,0,0.375,False,False,2025-12-26
NZDCHF,inflation,2.0,mixed,constructed aggregate (sum/pair_divisor),both,1.0,1,1.0,False,False,2025-12-26
NZDCHF,labour,0.0,mixed,constructed aggregate (sum/pair_divisor),both,0.0,0,0.0,False,False,2025-12-26
NZDCHF,monetary,,neither,direct (single indicator),neither,0.0,0,,False,True,2025-12-26
CADCHF,growth,0.0,mixed,constructed aggregate (sum/pair_divisor),both,0.0,0,0.0,False,False,2025-12-26
CADCHF,inflation,2.0,mixed,constructed aggregate (sum/pair_divisor),both,0.9166666666666666,1,1.0833333333333335,False,False,2025-12-26
CADCHF,labour,0.5,mixed,constructed aggregate (sum/pair_divisor),both,0.0,0,0.5,False,False,2025-12-26
CADCHF,monetary,2.0,base_only,direct (single indicator),base_only,1.0,1,1.0,False,True,2025-12-26
EURUSD,growth,1.0,mixed,constructed aggregate (sum/pair_divisor),both,0.41666666666666663,0,0.5833333333333334,False,False,2026-01-02
EURUSD,inflation,2.0,mixed,constructed aggregate (sum/pair_divisor),both,0.6666666666666666,1,1.3333333333333335,False,False,2026-01-02
EURUSD,labour,-0.5,mixed,constructed aggregate (sum/pair_divisor),both,-0.25,0,-0.25,False,False,2026-01-02
EURUSD,monetary,1.0,both,direct (single indicator),both,0.5,0,0.5,False,True,2026-01-02
GBPUSD,growth,-1.0,both,constructed aggregate (sum/pair_divisor),both,-0.20833333333333334,0,-0.7916666666666666,False,False,2026-01-02
GBPUSD,inflation,0.0,mixed,constructed aggregate (sum/pair_divisor),both,0.0,0,0.0,False,False,2026-01-02
GBPUSD,labour,1.0,mixed,constructed aggregate (sum/pair_divisor),both,0.3333333333333333,0,0.6666666666666667,False,False,2026-01-02
GBPUSD,monetary,1.0,both,direct (single indicator),both,0.5,0,0.5,False,True,2026-01-02
USDJPY,growth,-0.5,mixed,constructed aggregate (sum/pair_divisor),both,-0.16666666666666666,0,-0.33333333333333337,False,False,2026-01-02
USDJPY,inflation,-1.5,mixed,constructed aggregate (sum/pair_divisor),both,-0.5,0,-1.0,False,False,2026-01-02
USDJPY,labour,0.0,mixed,constructed aggregate (sum/pair_divisor),both,0.0,0,0.0,False,False,2026-01-02
USDJPY,monetary,-2.0,both,direct (single indicator),both,-1.0,-1,-1.0,False,True,2026-01-02
USDCHF,growth,-0.5,mixed,constructed aggregate (sum/pair_divisor),both,-0.16666666666666666,0,-0.33333333333333337,False,False,2026-01-02
USDCHF,inflation,0.0,mixed,constructed aggregate (sum/pair_divisor),both,0.25,0,-0.25,False,False,2026-01-02
USDCHF,labour,0.0,mixed,constructed aggregate (sum/pair_divisor),both,0.0,0,0.0,False,False,2026-01-02
USDCHF,monetary,0.0,base_only,direct (single indicator),base_only,0.0,0,0.0,False,True,2026-01-02
USDCAD,growth,-0.5,mixed,constructed aggregate (sum/pair_divisor),both,-0.16666666666666666,0,-0.33333333333333337,False,False,2026-01-02
USDCAD,inflation,-2.0,mixed,constructed aggregate (sum/pair_divisor),both,-0.6666666666666666,-1,-1.3333333333333335,False,False,2026-01-02
USDCAD,labour,-0.5,mixed,constructed aggregate (sum/pair_divisor),both,0.0,0,-0.5,False,False,2026-01-02
USDCAD,monetary,-1.0,both,direct (single indicator),both,-0.5,0,-0.5,False,True,2026-01-02
AUDUSD,growth,0.5,mixed,constructed aggregate (sum/pair_divisor),both,-0.8333333333333334,-1,1.3333333333333335,False,False,2026-01-02
AUDUSD,inflation,2.5,mixed,constructed aggregate (sum/pair_divisor),both,0.8333333333333333,1,1.6666666666666667,False,False,2026-01-02
AUDUSD,labour,0.0,mixed,constructed aggregate (sum/pair_divisor),both,0.0,0,0.0,False,False,2026-01-02
AUDUSD,monetary,2.0,both,direct (single indicator),both,1.0,1,1.0,False,True,2026-01-02
NZDUSD,growth,1.0,both,constructed aggregate (sum/pair_divisor),both,0.29166666666666663,0,0.7083333333333334,False,False,2026-01-02
NZDUSD,inflation,2.0,mixed,constructed aggregate (sum/pair_divisor),both,0.75,1,1.25,False,False,2026-01-02
NZDUSD,labour,0.0,mixed,constructed aggregate (sum/pair_divisor),both,0.0,0,0.0,False,False,2026-01-02
NZDUSD,monetary,0.0,quote_only,direct (single indicator),quote_only,0.0,0,0.0,False,True,2026-01-02
EURGBP,growth,2.0,mixed,constructed aggregate (sum/pair_divisor),both,0.625,1,1.375,False,False,2026-01-02
EURGBP,inflation,2.0,mixed,constructed aggregate (sum/pair_divisor),both,0.6666666666666666,1,1.3333333333333335,False,False,2026-01-02
EURGBP,labour,-1.5,mixed,constructed aggregate (sum/pair_divisor),both,-0.5833333333333333,-1,-0.9166666666666667,False,False,2026-01-02
EURGBP,monetary,0.0,both,direct (single indicator),both,0.0,0,0.0,False,True,2026-01-02
EURJPY,growth,0.5,mixed,constructed aggregate (sum/pair_divisor),both,0.25,0,0.25,False,False,2026-01-02
EURJPY,inflation,0.5,mixed,constructed aggregate (sum/pair_divisor),both,0.16666666666666666,0,0.33333333333333337,False,False,2026-01-02
EURJPY,labour,-0.5,mixed,constructed aggregate (sum/pair_divisor),both,-0.25,0,-0.25,False,False,2026-01-02
EURJPY,monetary,-1.0,both,direct (single indicator),both,-0.5,0,-0.5,False,True,2026-01-02
EURCHF,growth,0.5,mixed,constructed aggregate (sum/pair_divisor),both,0.25,0,0.25,False,False,2026-01-02
EURCHF,inflation,2.0,mixed,constructed aggregate (sum/pair_divisor),both,0.9166666666666666,1,1.0833333333333335,False,False,2026-01-02
EURCHF,labour,-0.5,mixed,constructed aggregate (sum/pair_divisor),both,-0.25,0,-0.25,False,False,2026-01-02
EURCHF,monetary,1.0,base_only,direct (single indicator),base_only,0.5,0,0.5,False,True,2026-01-02
EURAUD,growth,0.5,mixed,constructed aggregate (sum/pair_divisor),both,1.25,1,-0.75,False,False,2026-01-02
EURAUD,inflation,-0.5,mixed,constructed aggregate (sum/pair_divisor),both,-0.16666666666666666,0,-0.33333333333333337,False,False,2026-01-02
EURAUD,labour,-0.5,mixed,constructed aggregate (sum/pair_divisor),both,-0.25,0,-0.25,False,False,2026-01-02
EURAUD,monetary,-1.0,both,direct (single indicator),both,-0.5,0,-0.5,False,True,2026-01-02
EURNZD,growth,0.0,mixed,constructed aggregate (sum/pair_divisor),both,0.125,0,-0.125,False,False,2026-01-02
EURNZD,inflation,0.0,mixed,constructed aggregate (sum/pair_divisor),both,-0.08333333333333334,0,0.08333333333333334,False,False,2026-01-02
EURNZD,labour,-0.5,mixed,constructed aggregate (sum/pair_divisor),both,-0.25,0,-0.25,False,False,2026-01-02
EURNZD,monetary,1.0,base_only,direct (single indicator),base_only,0.5,0,0.5,False,True,2026-01-02
EURCAD,growth,0.5,mixed,constructed aggregate (sum/pair_divisor),both,0.25,0,0.25,False,False,2026-01-02
EURCAD,inflation,0.0,mixed,constructed aggregate (sum/pair_divisor),both,0.0,0,0.0,False,False,2026-01-02
EURCAD,labour,-1.0,mixed,constructed aggregate (sum/pair_divisor),both,-0.25,0,-0.75,False,False,2026-01-02
EURCAD,monetary,0.0,both,direct (single indicator),both,0.0,0,0.0,False,True,2026-01-02
GBPJPY,growth,-1.5,mixed,constructed aggregate (sum/pair_divisor),both,-0.375,0,-1.125,False,False,2026-01-02
GBPJPY,inflation,-1.5,mixed,constructed aggregate (sum/pair_divisor),both,-0.5,0,-1.0,False,False,2026-01-02
GBPJPY,labour,1.0,mixed,constructed aggregate (sum/pair_divisor),both,0.3333333333333333,0,0.6666666666666667,False,False,2026-01-02
GBPJPY,monetary,-1.0,both,direct (single indicator),both,-0.5,0,-0.5,False,True,2026-01-02
GBPCHF,growth,-1.5,mixed,constructed aggregate (sum/pair_divisor),both,-0.375,0,-1.125,False,False,2026-01-02
GBPCHF,inflation,0.0,mixed,constructed aggregate (sum/pair_divisor),both,0.25,0,-0.25,False,False,2026-01-02
GBPCHF,labour,1.0,mixed,constructed aggregate (sum/pair_divisor),both,0.3333333333333333,0,0.6666666666666667,False,False,2026-01-02
GBPCHF,monetary,1.0,base_only,direct (single indicator),base_only,0.5,0,0.5,False,True,2026-01-02
GBPAUD,growth,-1.5,mixed,constructed aggregate (sum/pair_divisor),both,0.625,1,-2.125,False,False,2026-01-02
GBPAUD,inflation,-2.5,mixed,constructed aggregate (sum/pair_divisor),both,-0.8333333333333333,-1,-1.6666666666666667,False,False,2026-01-02
GBPAUD,labour,1.0,mixed,constructed aggregate (sum/pair_divisor),both,0.3333333333333333,0,0.6666666666666667,False,False,2026-01-02
GBPAUD,monetary,-1.0,both,direct (single indicator),both,-0.5,0,-0.5,False,True,2026-01-02
GBPNZD,growth,-2.0,both,constructed aggregate (sum/pair_divisor),both,-0.5,0,-1.5,False,False,2026-01-02
GBPNZD,inflation,-2.0,mixed,constructed aggregate (sum/pair_divisor),both,-0.75,-1,-1.25,False,False,2026-01-02
GBPNZD,labour,1.0,mixed,constructed aggregate (sum/pair_divisor),both,0.3333333333333333,0,0.6666666666666667,False,False,2026-01-02
GBPNZD,monetary,1.0,base_only,direct (single indicator),base_only,0.5,0,0.5,False,True,2026-01-02
GBPCAD,growth,-1.5,mixed,constructed aggregate (sum/pair_divisor),both,-0.375,0,-1.125,False,False,2026-01-02
GBPCAD,inflation,-2.0,mixed,constructed aggregate (sum/pair_divisor),both,-0.6666666666666666,-1,-1.3333333333333335,False,False,2026-01-02
GBPCAD,labour,0.5,mixed,constructed aggregate (sum/pair_divisor),both,0.3333333333333333,0,0.16666666666666669,False,False,2026-01-02
GBPCAD,monetary,0.0,both,direct (single indicator),both,0.0,0,0.0,False,True,2026-01-02
AUDJPY,growth,0.0,mixed,constructed aggregate (sum/pair_divisor),both,-1.0,-1,1.0,False,False,2026-01-02
AUDJPY,inflation,1.0,mixed,constructed aggregate (sum/pair_divisor),both,0.3333333333333333,0,0.6666666666666667,False,False,2026-01-02
AUDJPY,labour,0.0,mixed,constructed aggregate (sum/pair_divisor),both,0.0,0,0.0,False,False,2026-01-02
AUDJPY,monetary,0.0,both,direct (single indicator),both,0.0,0,0.0,False,True,2026-01-02
NZDJPY,growth,0.5,mixed,constructed aggregate (sum/pair_divisor),both,0.125,0,0.375,False,False,2026-01-02
NZDJPY,inflation,0.5,mixed,constructed aggregate (sum/pair_divisor),both,0.25,0,0.25,False,False,2026-01-02
NZDJPY,labour,0.0,mixed,constructed aggregate (sum/pair_divisor),both,0.0,0,0.0,False,False,2026-01-02
NZDJPY,monetary,-2.0,quote_only,direct (single indicator),quote_only,-1.0,-1,-1.0,False,True,2026-01-02
CADJPY,growth,0.0,mixed,constructed aggregate (sum/pair_divisor),both,0.0,0,0.0,False,False,2026-01-02
CADJPY,inflation,0.5,mixed,constructed aggregate (sum/pair_divisor),both,0.16666666666666666,0,0.33333333333333337,False,False,2026-01-02
CADJPY,labour,0.5,mixed,constructed aggregate (sum/pair_divisor),both,0.0,0,0.5,False,False,2026-01-02
CADJPY,monetary,-1.0,both,direct (single indicator),both,-0.5,0,-0.5,False,True,2026-01-02
CHFJPY,growth,0.0,mixed,constructed aggregate (sum/pair_divisor),both,0.0,0,0.0,False,False,2026-01-02
CHFJPY,inflation,-1.5,mixed,constructed aggregate (sum/pair_divisor),both,-0.75,-1,-0.75,False,False,2026-01-02
CHFJPY,labour,0.0,mixed,constructed aggregate (sum/pair_divisor),both,0.0,0,0.0,False,False,2026-01-02
CHFJPY,monetary,-2.0,quote_only,direct (single indicator),quote_only,-1.0,-1,-1.0,False,True,2026-01-02
AUDNZD,growth,-0.5,mixed,constructed aggregate (sum/pair_divisor),both,-1.125,-1,0.625,False,False,2026-01-02
AUDNZD,inflation,0.5,mixed,constructed aggregate (sum/pair_divisor),both,0.08333333333333331,0,0.4166666666666667,False,False,2026-01-02
AUDNZD,labour,0.0,mixed,constructed aggregate (sum/pair_divisor),both,0.0,0,0.0,False,False,2026-01-02
AUDNZD,monetary,2.0,base_only,direct (single indicator),base_only,1.0,1,1.0,False,True,2026-01-02
AUDCAD,growth,0.0,mixed,constructed aggregate (sum/pair_divisor),both,-1.0,-1,1.0,False,False,2026-01-02
AUDCAD,inflation,0.5,mixed,constructed aggregate (sum/pair_divisor),both,0.16666666666666666,0,0.33333333333333337,False,False,2026-01-02
AUDCAD,labour,-0.5,mixed,constructed aggregate (sum/pair_divisor),both,0.0,0,-0.5,False,False,2026-01-02
AUDCAD,monetary,1.0,both,direct (single indicator),both,0.5,0,0.5,False,True,2026-01-02
AUDCHF,growth,0.0,mixed,constructed aggregate (sum/pair_divisor),both,-1.0,-1,1.0,False,False,2026-01-02
AUDCHF,inflation,2.5,mixed,constructed aggregate (sum/pair_divisor),both,1.0833333333333333,1,1.4166666666666667,False,False,2026-01-02
AUDCHF,labour,0.0,mixed,constructed aggregate (sum/pair_divisor),both,0.0,0,0.0,False,False,2026-01-02
AUDCHF,monetary,2.0,base_only,direct (single indicator),base_only,1.0,1,1.0,False,True,2026-01-02
NZDCAD,growth,0.5,mixed,constructed aggregate (sum/pair_divisor),both,0.125,0,0.375,False,False,2026-01-02
NZDCAD,inflation,0.0,mixed,constructed aggregate (sum/pair_divisor),both,0.08333333333333334,0,-0.08333333333333334,False,False,2026-01-02
NZDCAD,labour,-0.5,mixed,constructed aggregate (sum/pair_divisor),both,0.0,0,-0.5,False,False,2026-01-02
NZDCAD,monetary,-1.0,quote_only,direct (single indicator),quote_only,-0.5,0,-0.5,False,True,2026-01-02
NZDCHF,growth,0.5,mixed,constructed aggregate (sum/pair_divisor),both,0.125,0,0.375,False,False,2026-01-02
NZDCHF,inflation,2.0,mixed,constructed aggregate (sum/pair_divisor),both,1.0,1,1.0,False,False,2026-01-02
NZDCHF,labour,0.0,mixed,constructed aggregate (sum/pair_divisor),both,0.0,0,0.0,False,False,2026-01-02
NZDCHF,monetary,,neither,direct (single indicator),neither,0.0,0,,False,True,2026-01-02
CADCHF,growth,0.0,mixed,constructed aggregate (sum/pair_divisor),both,0.0,0,0.0,False,False,2026-01-02
CADCHF,inflation,2.0,mixed,constructed aggregate (sum/pair_divisor),both,0.9166666666666666,1,1.0833333333333335,False,False,2026-01-02
CADCHF,labour,0.5,mixed,constructed aggregate (sum/pair_divisor),both,0.0,0,0.5,False,False,2026-01-02
CADCHF,monetary,1.0,base_only,direct (single indicator),base_only,0.5,0,0.5,False,True,2026-01-02
EURUSD,growth,0.0,mixed,constructed aggregate (sum/pair_divisor),both,0.08333333333333334,0,-0.08333333333333334,False,False,2026-01-09
EURUSD,inflation,1.0,mixed,constructed aggregate (sum/pair_divisor),both,0.33333333333333337,0,0.6666666666666666,False,False,2026-01-09
EURUSD,labour,2.5,mixed,constructed aggregate (sum/pair_divisor),both,0.5833333333333333,1,1.9166666666666667,False,False,2026-01-09
EURUSD,monetary,0.0,both,direct (single indicator),both,0.0,0,0.0,False,True,2026-01-09
GBPUSD,growth,-2.5,both,constructed aggregate (sum/pair_divisor),both,-0.6666666666666666,-1,-1.8333333333333335,False,False,2026-01-09
GBPUSD,inflation,0.0,mixed,constructed aggregate (sum/pair_divisor),both,0.0,0,0.0,False,False,2026-01-09
GBPUSD,labour,3.0,mixed,constructed aggregate (sum/pair_divisor),both,0.6666666666666666,1,2.3333333333333335,False,False,2026-01-09
GBPUSD,monetary,-1.0,both,direct (single indicator),both,-0.5,0,-0.5,False,True,2026-01-09
USDJPY,growth,0.5,mixed,constructed aggregate (sum/pair_divisor),both,0.16666666666666666,0,0.33333333333333337,False,False,2026-01-09
USDJPY,inflation,-1.5,mixed,constructed aggregate (sum/pair_divisor),both,-0.5,0,-1.0,False,False,2026-01-09
USDJPY,labour,-1.0,mixed,constructed aggregate (sum/pair_divisor),both,0.16666666666666669,0,-1.1666666666666667,False,False,2026-01-09
USDJPY,monetary,-1.0,both,direct (single indicator),both,-0.5,0,-0.5,False,True,2026-01-09
USDCHF,growth,1.5,mixed,constructed aggregate (sum/pair_divisor),both,0.5,0,1.0,False,False,2026-01-09
USDCHF,inflation,0.0,mixed,constructed aggregate (sum/pair_divisor),both,0.25,0,-0.25,False,False,2026-01-09
USDCHF,labour,-2.0,mixed,constructed aggregate (sum/pair_divisor),both,-0.3333333333333333,0,-1.6666666666666667,False,False,2026-01-09
USDCHF,monetary,0.0,base_only,direct (single indicator),base_only,0.0,0,0.0,False,True,2026-01-09
USDCAD,growth,0.5,mixed,constructed aggregate (sum/pair_divisor),both,0.16666666666666666,0,0.33333333333333337,False,False,2026-01-09
USDCAD,inflation,-2.0,mixed,constructed aggregate (sum/pair_divisor),both,-0.6666666666666666,-1,-1.3333333333333335,False,False,2026-01-09
USDCAD,labour,-2.5,mixed,constructed aggregate (sum/pair_divisor),both,-0.3333333333333333,0,-2.1666666666666665,False,False,2026-01-09
USDCAD,monetary,1.0,both,direct (single indicator),both,0.5,0,0.5,False,True,2026-01-09
AUDUSD,growth,-0.5,mixed,constructed aggregate (sum/pair_divisor),both,-1.1666666666666667,-1,0.6666666666666667,False,False,2026-01-09
AUDUSD,inflation,1.5,mixed,constructed aggregate (sum/pair_divisor),both,0.5,0,1.0,False,False,2026-01-09
AUDUSD,labour,2.0,mixed,constructed aggregate (sum/pair_divisor),both,0.3333333333333333,0,1.6666666666666667,False,False,2026-01-09
AUDUSD,monetary,0.0,both,direct (single indicator),both,0.0,0,0.0,False,True,2026-01-09
NZDUSD,growth,0.0,both,constructed aggregate (sum/pair_divisor),both,-0.04166666666666666,0,0.04166666666666666,False,False,2026-01-09
NZDUSD,inflation,2.0,mixed,constructed aggregate (sum/pair_divisor),both,0.75,1,1.25,False,False,2026-01-09
NZDUSD,labour,2.0,mixed,constructed aggregate (sum/pair_divisor),both,0.3333333333333333,0,1.6666666666666667,False,False,2026-01-09
NZDUSD,monetary,0.0,quote_only,direct (single indicator),quote_only,0.0,0,0.0,False,True,2026-01-09
EURGBP,growth,2.5,mixed,constructed aggregate (sum/pair_divisor),both,0.75,1,1.75,False,False,2026-01-09
EURGBP,inflation,1.0,mixed,constructed aggregate (sum/pair_divisor),both,0.33333333333333337,0,0.6666666666666666,False,False,2026-01-09
EURGBP,labour,-0.5,mixed,constructed aggregate (sum/pair_divisor),both,-0.08333333333333331,0,-0.4166666666666667,False,False,2026-01-09
EURGBP,monetary,1.0,both,direct (single indicator),both,0.5,0,0.5,False,True,2026-01-09
EURJPY,growth,0.5,mixed,constructed aggregate (sum/pair_divisor),both,0.25,0,0.25,False,False,2026-01-09
EURJPY,inflation,-0.5,mixed,constructed aggregate (sum/pair_divisor),both,-0.16666666666666666,0,-0.33333333333333337,False,False,2026-01-09
EURJPY,labour,1.5,mixed,constructed aggregate (sum/pair_divisor),both,0.75,1,0.75,False,False,2026-01-09
EURJPY,monetary,-1.0,both,direct (single indicator),both,-0.5,0,-0.5,False,True,2026-01-09
EURCHF,growth,1.5,mixed,constructed aggregate (sum/pair_divisor),both,0.5833333333333333,1,0.9166666666666667,False,False,2026-01-09
EURCHF,inflation,1.0,mixed,constructed aggregate (sum/pair_divisor),both,0.5833333333333334,1,0.41666666666666663,False,False,2026-01-09
EURCHF,labour,0.5,mixed,constructed aggregate (sum/pair_divisor),both,0.25,0,0.25,False,False,2026-01-09
EURCHF,monetary,0.0,base_only,direct (single indicator),base_only,0.0,0,0.0,False,True,2026-01-09
EURAUD,growth,0.5,mixed,constructed aggregate (sum/pair_divisor),both,1.25,1,-0.75,False,False,2026-01-09
EURAUD,inflation,-0.5,mixed,constructed aggregate (sum/pair_divisor),both,-0.16666666666666666,0,-0.33333333333333337,False,False,2026-01-09
EURAUD,labour,0.5,mixed,constructed aggregate (sum/pair_divisor),both,0.25,0,0.25,False,False,2026-01-09
EURAUD,monetary,0.0,both,direct (single indicator),both,0.0,0,0.0,False,True,2026-01-09
EURNZD,growth,0.0,mixed,constructed aggregate (sum/pair_divisor),both,0.125,0,-0.125,False,False,2026-01-09
EURNZD,inflation,-1.0,mixed,constructed aggregate (sum/pair_divisor),both,-0.41666666666666663,0,-0.5833333333333334,False,False,2026-01-09
EURNZD,labour,0.5,mixed,constructed aggregate (sum/pair_divisor),both,0.25,0,0.25,False,False,2026-01-09
EURNZD,monetary,0.0,base_only,direct (single indicator),base_only,0.0,0,0.0,False,True,2026-01-09
EURCAD,growth,0.5,mixed,constructed aggregate (sum/pair_divisor),both,0.25,0,0.25,False,False,2026-01-09
EURCAD,inflation,-1.0,mixed,constructed aggregate (sum/pair_divisor),both,-0.3333333333333333,0,-0.6666666666666667,False,False,2026-01-09
EURCAD,labour,0.0,mixed,constructed aggregate (sum/pair_divisor),both,0.25,0,-0.25,False,False,2026-01-09
EURCAD,monetary,1.0,both,direct (single indicator),both,0.5,0,0.5,False,True,2026-01-09
GBPJPY,growth,-2.0,mixed,constructed aggregate (sum/pair_divisor),both,-0.5,0,-1.5,False,False,2026-01-09
GBPJPY,inflation,-1.5,mixed,constructed aggregate (sum/pair_divisor),both,-0.5,0,-1.0,False,False,2026-01-09
GBPJPY,labour,2.0,mixed,constructed aggregate (sum/pair_divisor),both,0.8333333333333333,1,1.1666666666666667,False,False,2026-01-09
GBPJPY,monetary,-2.0,both,direct (single indicator),both,-1.0,-1,-1.0,False,True,2026-01-09
GBPCHF,growth,-1.0,mixed,constructed aggregate (sum/pair_divisor),both,-0.16666666666666669,0,-0.8333333333333333,False,False,2026-01-09
GBPCHF,inflation,0.0,mixed,constructed aggregate (sum/pair_divisor),both,0.25,0,-0.25,False,False,2026-01-09
GBPCHF,labour,1.0,mixed,constructed aggregate (sum/pair_divisor),both,0.3333333333333333,0,0.6666666666666667,False,False,2026-01-09
GBPCHF,monetary,-1.0,base_only,direct (single indicator),base_only,-0.5,0,-0.5,False,True,2026-01-09
GBPAUD,growth,-2.0,mixed,constructed aggregate (sum/pair_divisor),both,0.5,0,-2.5,False,False,2026-01-09
GBPAUD,inflation,-1.5,mixed,constructed aggregate (sum/pair_divisor),both,-0.5,0,-1.0,False,False,2026-01-09
GBPAUD,labour,1.0,mixed,constructed aggregate (sum/pair_divisor),both,0.3333333333333333,0,0.6666666666666667,False,False,2026-01-09
GBPAUD,monetary,-1.0,both,direct (single indicator),both,-0.5,0,-0.5,False,True,2026-01-09
GBPNZD,growth,-2.5,both,constructed aggregate (sum/pair_divisor),both,-0.625,-1,-1.875,False,False,2026-01-09
GBPNZD,inflation,-2.0,mixed,constructed aggregate (sum/pair_divisor),both,-0.75,-1,-1.25,False,False,2026-01-09
GBPNZD,labour,1.0,mixed,constructed aggregate (sum/pair_divisor),both,0.3333333333333333,0,0.6666666666666667,False,False,2026-01-09
GBPNZD,monetary,-1.0,base_only,direct (single indicator),base_only,-0.5,0,-0.5,False,True,2026-01-09
GBPCAD,growth,-2.0,mixed,constructed aggregate (sum/pair_divisor),both,-0.5,0,-1.5,False,False,2026-01-09
GBPCAD,inflation,-2.0,mixed,constructed aggregate (sum/pair_divisor),both,-0.6666666666666666,-1,-1.3333333333333335,False,False,2026-01-09
GBPCAD,labour,0.5,mixed,constructed aggregate (sum/pair_divisor),both,0.3333333333333333,0,0.16666666666666669,False,False,2026-01-09
GBPCAD,monetary,0.0,both,direct (single indicator),both,0.0,0,0.0,False,True,2026-01-09
AUDJPY,growth,0.0,mixed,constructed aggregate (sum/pair_divisor),both,-1.0,-1,1.0,False,False,2026-01-09
AUDJPY,inflation,0.0,mixed,constructed aggregate (sum/pair_divisor),both,0.0,0,0.0,False,False,2026-01-09
AUDJPY,labour,1.0,mixed,constructed aggregate (sum/pair_divisor),both,0.5,0,0.5,False,False,2026-01-09
AUDJPY,monetary,-1.0,both,direct (single indicator),both,-0.5,0,-0.5,False,True,2026-01-09
NZDJPY,growth,0.5,mixed,constructed aggregate (sum/pair_divisor),both,0.125,0,0.375,False,False,2026-01-09
NZDJPY,inflation,0.5,mixed,constructed aggregate (sum/pair_divisor),both,0.25,0,0.25,False,False,2026-01-09
NZDJPY,labour,1.0,mixed,constructed aggregate (sum/pair_divisor),both,0.5,0,0.5,False,False,2026-01-09
NZDJPY,monetary,-1.0,quote_only,direct (single indicator),quote_only,-0.5,0,-0.5,False,True,2026-01-09
CADJPY,growth,0.0,mixed,constructed aggregate (sum/pair_divisor),both,0.0,0,0.0,False,False,2026-01-09
CADJPY,inflation,0.5,mixed,constructed aggregate (sum/pair_divisor),both,0.16666666666666666,0,0.33333333333333337,False,False,2026-01-09
CADJPY,labour,1.5,mixed,constructed aggregate (sum/pair_divisor),both,0.5,0,1.0,False,False,2026-01-09
CADJPY,monetary,-2.0,both,direct (single indicator),both,-1.0,-1,-1.0,False,True,2026-01-09
CHFJPY,growth,-1.0,mixed,constructed aggregate (sum/pair_divisor),both,-0.3333333333333333,0,-0.6666666666666667,False,False,2026-01-09
CHFJPY,inflation,-1.5,mixed,constructed aggregate (sum/pair_divisor),both,-0.75,-1,-0.75,False,False,2026-01-09
CHFJPY,labour,1.0,mixed,constructed aggregate (sum/pair_divisor),both,0.5,0,0.5,False,False,2026-01-09
CHFJPY,monetary,-1.0,quote_only,direct (single indicator),quote_only,-0.5,0,-0.5,False,True,2026-01-09
AUDNZD,growth,-0.5,mixed,constructed aggregate (sum/pair_divisor),both,-1.125,-1,0.625,False,False,2026-01-09
AUDNZD,inflation,-0.5,mixed,constructed aggregate (sum/pair_divisor),both,-0.25,0,-0.25,False,False,2026-01-09
AUDNZD,labour,0.0,mixed,constructed aggregate (sum/pair_divisor),both,0.0,0,0.0,False,False,2026-01-09
AUDNZD,monetary,0.0,base_only,direct (single indicator),base_only,0.0,0,0.0,False,True,2026-01-09
AUDCAD,growth,0.0,mixed,constructed aggregate (sum/pair_divisor),both,-1.0,-1,1.0,False,False,2026-01-09
AUDCAD,inflation,-0.5,mixed,constructed aggregate (sum/pair_divisor),both,-0.16666666666666666,0,-0.33333333333333337,False,False,2026-01-09
AUDCAD,labour,-0.5,mixed,constructed aggregate (sum/pair_divisor),both,0.0,0,-0.5,False,False,2026-01-09
AUDCAD,monetary,1.0,both,direct (single indicator),both,0.5,0,0.5,False,True,2026-01-09
AUDCHF,growth,1.0,mixed,constructed aggregate (sum/pair_divisor),both,-0.6666666666666667,-1,1.6666666666666667,False,False,2026-01-09
AUDCHF,inflation,1.5,mixed,constructed aggregate (sum/pair_divisor),both,0.75,1,0.75,False,False,2026-01-09
AUDCHF,labour,0.0,mixed,constructed aggregate (sum/pair_divisor),both,0.0,0,0.0,False,False,2026-01-09
AUDCHF,monetary,0.0,base_only,direct (single indicator),base_only,0.0,0,0.0,False,True,2026-01-09
NZDCAD,growth,0.5,mixed,constructed aggregate (sum/pair_divisor),both,0.125,0,0.375,False,False,2026-01-09
NZDCAD,inflation,0.0,mixed,constructed aggregate (sum/pair_divisor),both,0.08333333333333334,0,-0.08333333333333334,False,False,2026-01-09
NZDCAD,labour,-0.5,mixed,constructed aggregate (sum/pair_divisor),both,0.0,0,-0.5,False,False,2026-01-09
NZDCAD,monetary,1.0,quote_only,direct (single indicator),quote_only,0.5,0,0.5,False,True,2026-01-09
NZDCHF,growth,1.5,mixed,constructed aggregate (sum/pair_divisor),both,0.4583333333333333,0,1.0416666666666667,False,False,2026-01-09
NZDCHF,inflation,2.0,mixed,constructed aggregate (sum/pair_divisor),both,1.0,1,1.0,False,False,2026-01-09
NZDCHF,labour,0.0,mixed,constructed aggregate (sum/pair_divisor),both,0.0,0,0.0,False,False,2026-01-09
NZDCHF,monetary,,neither,direct (single indicator),neither,0.0,0,,False,True,2026-01-09
CADCHF,growth,1.0,mixed,constructed aggregate (sum/pair_divisor),both,0.3333333333333333,0,0.6666666666666667,False,False,2026-01-09
CADCHF,inflation,2.0,mixed,constructed aggregate (sum/pair_divisor),both,0.9166666666666666,1,1.0833333333333335,False,False,2026-01-09
CADCHF,labour,0.5,mixed,constructed aggregate (sum/pair_divisor),both,0.0,0,0.5,False,False,2026-01-09
CADCHF,monetary,-1.0,base_only,direct (single indicator),base_only,-0.5,0,-0.5,False,True,2026-01-09
EURUSD,growth,0.0,mixed,constructed aggregate (sum/pair_divisor),both,0.08333333333333334,0,-0.08333333333333334,False,False,2026-01-16
EURUSD,inflation,0.0,mixed,constructed aggregate (sum/pair_divisor),both,0.0,0,0.0,False,False,2026-01-16
EURUSD,labour,0.0,mixed,constructed aggregate (sum/pair_divisor),both,0.16666666666666669,0,-0.16666666666666669,False,False,2026-01-16
EURUSD,monetary,-1.0,both,direct (single indicator),both,-0.5,0,-0.5,False,True,2026-01-16
GBPUSD,growth,-0.5,both,constructed aggregate (sum/pair_divisor),both,-0.16666666666666666,0,-0.33333333333333337,False,False,2026-01-16
GBPUSD,inflation,-1.0,mixed,constructed aggregate (sum/pair_divisor),both,-0.33333333333333337,0,-0.6666666666666666,False,False,2026-01-16
GBPUSD,labour,0.5,mixed,constructed aggregate (sum/pair_divisor),both,0.25,0,0.25,False,False,2026-01-16
GBPUSD,monetary,-1.0,both,direct (single indicator),both,-0.5,0,-0.5,False,True,2026-01-16
USDJPY,growth,0.5,mixed,constructed aggregate (sum/pair_divisor),both,0.16666666666666666,0,0.33333333333333337,False,False,2026-01-16
USDJPY,inflation,-0.5,mixed,constructed aggregate (sum/pair_divisor),both,-0.16666666666666666,0,-0.33333333333333337,False,False,2026-01-16
USDJPY,labour,1.5,mixed,constructed aggregate (sum/pair_divisor),both,0.5833333333333334,1,0.9166666666666666,False,False,2026-01-16
USDJPY,monetary,-1.0,both,direct (single indicator),both,-0.5,0,-0.5,False,True,2026-01-16
USDCHF,growth,1.5,mixed,constructed aggregate (sum/pair_divisor),both,0.5,0,1.0,False,False,2026-01-16
USDCHF,inflation,1.0,mixed,constructed aggregate (sum/pair_divisor),both,0.5833333333333334,1,0.41666666666666663,False,False,2026-01-16
USDCHF,labour,0.5,mixed,constructed aggregate (sum/pair_divisor),both,0.08333333333333333,0,0.4166666666666667,False,False,2026-01-16
USDCHF,monetary,1.0,base_only,direct (single indicator),base_only,0.5,0,0.5,False,True,2026-01-16
USDCAD,growth,0.5,mixed,constructed aggregate (sum/pair_divisor),both,0.16666666666666666,0,0.33333333333333337,False,False,2026-01-16
USDCAD,inflation,-1.0,mixed,constructed aggregate (sum/pair_divisor),both,-0.3333333333333333,0,-0.6666666666666667,False,False,2026-01-16
USDCAD,labour,1.0,mixed,constructed aggregate (sum/pair_divisor),both,0.3333333333333333,0,0.6666666666666667,False,False,2026-01-16
USDCAD,monetary,1.0,both,direct (single indicator),both,0.5,0,0.5,False,True,2026-01-16
AUDUSD,growth,-0.5,mixed,constructed aggregate (sum/pair_divisor),both,-1.1666666666666667,-1,0.6666666666666667,False,False,2026-01-16
AUDUSD,inflation,0.5,mixed,constructed aggregate (sum/pair_divisor),both,0.16666666666666666,0,0.33333333333333337,False,False,2026-01-16
AUDUSD,labour,-0.5,mixed,constructed aggregate (sum/pair_divisor),both,-0.08333333333333333,0,-0.4166666666666667,False,False,2026-01-16
AUDUSD,monetary,-1.0,both,direct (single indicator),both,-0.5,0,-0.5,False,True,2026-01-16
NZDUSD,growth,0.0,both,constructed aggregate (sum/pair_divisor),both,-0.04166666666666666,0,0.04166666666666666,False,False,2026-01-16
NZDUSD,inflation,1.0,mixed,constructed aggregate (sum/pair_divisor),both,0.41666666666666663,0,0.5833333333333334,False,False,2026-01-16
NZDUSD,labour,-0.5,mixed,constructed aggregate (sum/pair_divisor),both,-0.08333333333333333,0,-0.4166666666666667,False,False,2026-01-16
NZDUSD,monetary,-1.0,quote_only,direct (single indicator),quote_only,-0.5,0,-0.5,False,True,2026-01-16
EURGBP,growth,0.5,mixed,constructed aggregate (sum/pair_divisor),both,0.25,0,0.25,False,False,2026-01-16
EURGBP,inflation,1.0,mixed,constructed aggregate (sum/pair_divisor),both,0.33333333333333337,0,0.6666666666666666,False,False,2026-01-16
EURGBP,labour,-0.5,mixed,constructed aggregate (sum/pair_divisor),both,-0.08333333333333331,0,-0.4166666666666667,False,False,2026-01-16
EURGBP,monetary,0.0,both,direct (single indicator),both,0.0,0,0.0,False,True,2026-01-16
EURJPY,growth,0.5,mixed,constructed aggregate (sum/pair_divisor),both,0.25,0,0.25,False,False,2026-01-16
EURJPY,inflation,-0.5,mixed,constructed aggregate (sum/pair_divisor),both,-0.16666666666666666,0,-0.33333333333333337,False,False,2026-01-16
EURJPY,labour,1.5,mixed,constructed aggregate (sum/pair_divisor),both,0.75,1,0.75,False,False,2026-01-16
EURJPY,monetary,-2.0,both,direct (single indicator),both,-1.0,-1,-1.0,False,True,2026-01-16
EURCHF,growth,1.5,mixed,constructed aggregate (sum/pair_divisor),both,0.5833333333333333,1,0.9166666666666667,False,False,2026-01-16
EURCHF,inflation,1.0,mixed,constructed aggregate (sum/pair_divisor),both,0.5833333333333334,1,0.41666666666666663,False,False,2026-01-16
EURCHF,labour,0.5,mixed,constructed aggregate (sum/pair_divisor),both,0.25,0,0.25,False,False,2026-01-16
EURCHF,monetary,0.0,base_only,direct (single indicator),base_only,0.0,0,0.0,False,True,2026-01-16
EURAUD,growth,0.5,mixed,constructed aggregate (sum/pair_divisor),both,1.25,1,-0.75,False,False,2026-01-16
EURAUD,inflation,-0.5,mixed,constructed aggregate (sum/pair_divisor),both,-0.16666666666666666,0,-0.33333333333333337,False,False,2026-01-16
EURAUD,labour,0.5,mixed,constructed aggregate (sum/pair_divisor),both,0.25,0,0.25,False,False,2026-01-16
EURAUD,monetary,0.0,both,direct (single indicator),both,0.0,0,0.0,False,True,2026-01-16
EURNZD,growth,0.0,mixed,constructed aggregate (sum/pair_divisor),both,0.125,0,-0.125,False,False,2026-01-16
EURNZD,inflation,-1.0,mixed,constructed aggregate (sum/pair_divisor),both,-0.41666666666666663,0,-0.5833333333333334,False,False,2026-01-16
EURNZD,labour,0.5,mixed,constructed aggregate (sum/pair_divisor),both,0.25,0,0.25,False,False,2026-01-16
EURNZD,monetary,0.0,base_only,direct (single indicator),base_only,0.0,0,0.0,False,True,2026-01-16
EURCAD,growth,0.5,mixed,constructed aggregate (sum/pair_divisor),both,0.25,0,0.25,False,False,2026-01-16
EURCAD,inflation,-1.0,mixed,constructed aggregate (sum/pair_divisor),both,-0.3333333333333333,0,-0.6666666666666667,False,False,2026-01-16
EURCAD,labour,1.0,mixed,constructed aggregate (sum/pair_divisor),both,0.5,0,0.5,False,False,2026-01-16
EURCAD,monetary,0.0,both,direct (single indicator),both,0.0,0,0.0,False,True,2026-01-16
GBPJPY,growth,0.0,mixed,constructed aggregate (sum/pair_divisor),both,0.0,0,0.0,False,False,2026-01-16
GBPJPY,inflation,-1.5,mixed,constructed aggregate (sum/pair_divisor),both,-0.5,0,-1.0,False,False,2026-01-16
GBPJPY,labour,2.0,mixed,constructed aggregate (sum/pair_divisor),both,0.8333333333333333,1,1.1666666666666667,False,False,2026-01-16
GBPJPY,monetary,-2.0,both,direct (single indicator),both,-1.0,-1,-1.0,False,True,2026-01-16
GBPCHF,growth,1.0,mixed,constructed aggregate (sum/pair_divisor),both,0.3333333333333333,0,0.6666666666666667,False,False,2026-01-16
GBPCHF,inflation,0.0,mixed,constructed aggregate (sum/pair_divisor),both,0.25,0,-0.25,False,False,2026-01-16
GBPCHF,labour,1.0,mixed,constructed aggregate (sum/pair_divisor),both,0.3333333333333333,0,0.6666666666666667,False,False,2026-01-16
GBPCHF,monetary,0.0,base_only,direct (single indicator),base_only,0.0,0,0.0,False,True,2026-01-16
GBPAUD,growth,0.0,mixed,constructed aggregate (sum/pair_divisor),both,1.0,1,-1.0,False,False,2026-01-16
GBPAUD,inflation,-1.5,mixed,constructed aggregate (sum/pair_divisor),both,-0.5,0,-1.0,False,False,2026-01-16
GBPAUD,labour,1.0,mixed,constructed aggregate (sum/pair_divisor),both,0.3333333333333333,0,0.6666666666666667,False,False,2026-01-16
GBPAUD,monetary,0.0,both,direct (single indicator),both,0.0,0,0.0,False,True,2026-01-16
GBPNZD,growth,-0.5,both,constructed aggregate (sum/pair_divisor),both,-0.125,0,-0.375,False,False,2026-01-16
GBPNZD,inflation,-2.0,mixed,constructed aggregate (sum/pair_divisor),both,-0.75,-1,-1.25,False,False,2026-01-16
GBPNZD,labour,1.0,mixed,constructed aggregate (sum/pair_divisor),both,0.3333333333333333,0,0.6666666666666667,False,False,2026-01-16
GBPNZD,monetary,0.0,base_only,direct (single indicator),base_only,0.0,0,0.0,False,True,2026-01-16
GBPCAD,growth,0.0,mixed,constructed aggregate (sum/pair_divisor),both,0.0,0,0.0,False,False,2026-01-16
GBPCAD,inflation,-2.0,mixed,constructed aggregate (sum/pair_divisor),both,-0.6666666666666666,-1,-1.3333333333333335,False,False,2026-01-16
GBPCAD,labour,1.5,mixed,constructed aggregate (sum/pair_divisor),both,0.5833333333333333,1,0.9166666666666667,False,False,2026-01-16
GBPCAD,monetary,0.0,both,direct (single indicator),both,0.0,0,0.0,False,True,2026-01-16
AUDJPY,growth,0.0,mixed,constructed aggregate (sum/pair_divisor),both,-1.0,-1,1.0,False,False,2026-01-16
AUDJPY,inflation,0.0,mixed,constructed aggregate (sum/pair_divisor),both,0.0,0,0.0,False,False,2026-01-16
AUDJPY,labour,1.0,mixed,constructed aggregate (sum/pair_divisor),both,0.5,0,0.5,False,False,2026-01-16
AUDJPY,monetary,-2.0,both,direct (single indicator),both,-1.0,-1,-1.0,False,True,2026-01-16
NZDJPY,growth,0.5,mixed,constructed aggregate (sum/pair_divisor),both,0.125,0,0.375,False,False,2026-01-16
NZDJPY,inflation,0.5,mixed,constructed aggregate (sum/pair_divisor),both,0.25,0,0.25,False,False,2026-01-16
NZDJPY,labour,1.0,mixed,constructed aggregate (sum/pair_divisor),both,0.5,0,0.5,False,False,2026-01-16
NZDJPY,monetary,-2.0,quote_only,direct (single indicator),quote_only,-1.0,-1,-1.0,False,True,2026-01-16
CADJPY,growth,0.0,mixed,constructed aggregate (sum/pair_divisor),both,0.0,0,0.0,False,False,2026-01-16
CADJPY,inflation,0.5,mixed,constructed aggregate (sum/pair_divisor),both,0.16666666666666666,0,0.33333333333333337,False,False,2026-01-16
CADJPY,labour,0.5,mixed,constructed aggregate (sum/pair_divisor),both,0.25,0,0.25,False,False,2026-01-16
CADJPY,monetary,-2.0,both,direct (single indicator),both,-1.0,-1,-1.0,False,True,2026-01-16
CHFJPY,growth,-1.0,mixed,constructed aggregate (sum/pair_divisor),both,-0.3333333333333333,0,-0.6666666666666667,False,False,2026-01-16
CHFJPY,inflation,-1.5,mixed,constructed aggregate (sum/pair_divisor),both,-0.75,-1,-0.75,False,False,2026-01-16
CHFJPY,labour,1.0,mixed,constructed aggregate (sum/pair_divisor),both,0.5,0,0.5,False,False,2026-01-16
CHFJPY,monetary,-2.0,quote_only,direct (single indicator),quote_only,-1.0,-1,-1.0,False,True,2026-01-16
AUDNZD,growth,-0.5,mixed,constructed aggregate (sum/pair_divisor),both,-1.125,-1,0.625,False,False,2026-01-16
AUDNZD,inflation,-0.5,mixed,constructed aggregate (sum/pair_divisor),both,-0.25,0,-0.25,False,False,2026-01-16
AUDNZD,labour,0.0,mixed,constructed aggregate (sum/pair_divisor),both,0.0,0,0.0,False,False,2026-01-16
AUDNZD,monetary,0.0,base_only,direct (single indicator),base_only,0.0,0,0.0,False,True,2026-01-16
AUDCAD,growth,0.0,mixed,constructed aggregate (sum/pair_divisor),both,-1.0,-1,1.0,False,False,2026-01-16
AUDCAD,inflation,-0.5,mixed,constructed aggregate (sum/pair_divisor),both,-0.16666666666666666,0,-0.33333333333333337,False,False,2026-01-16
AUDCAD,labour,0.5,mixed,constructed aggregate (sum/pair_divisor),both,0.25,0,0.25,False,False,2026-01-16
AUDCAD,monetary,0.0,both,direct (single indicator),both,0.0,0,0.0,False,True,2026-01-16
AUDCHF,growth,1.0,mixed,constructed aggregate (sum/pair_divisor),both,-0.6666666666666667,-1,1.6666666666666667,False,False,2026-01-16
AUDCHF,inflation,1.5,mixed,constructed aggregate (sum/pair_divisor),both,0.75,1,0.75,False,False,2026-01-16
AUDCHF,labour,0.0,mixed,constructed aggregate (sum/pair_divisor),both,0.0,0,0.0,False,False,2026-01-16
AUDCHF,monetary,0.0,base_only,direct (single indicator),base_only,0.0,0,0.0,False,True,2026-01-16
NZDCAD,growth,0.5,mixed,constructed aggregate (sum/pair_divisor),both,0.125,0,0.375,False,False,2026-01-16
NZDCAD,inflation,0.0,mixed,constructed aggregate (sum/pair_divisor),both,0.08333333333333334,0,-0.08333333333333334,False,False,2026-01-16
NZDCAD,labour,0.5,mixed,constructed aggregate (sum/pair_divisor),both,0.25,0,0.25,False,False,2026-01-16
NZDCAD,monetary,0.0,quote_only,direct (single indicator),quote_only,0.0,0,0.0,False,True,2026-01-16
NZDCHF,growth,1.5,mixed,constructed aggregate (sum/pair_divisor),both,0.4583333333333333,0,1.0416666666666667,False,False,2026-01-16
NZDCHF,inflation,2.0,mixed,constructed aggregate (sum/pair_divisor),both,1.0,1,1.0,False,False,2026-01-16
NZDCHF,labour,0.0,mixed,constructed aggregate (sum/pair_divisor),both,0.0,0,0.0,False,False,2026-01-16
NZDCHF,monetary,,neither,direct (single indicator),neither,0.0,0,,False,True,2026-01-16
CADCHF,growth,1.0,mixed,constructed aggregate (sum/pair_divisor),both,0.3333333333333333,0,0.6666666666666667,False,False,2026-01-16
CADCHF,inflation,2.0,mixed,constructed aggregate (sum/pair_divisor),both,0.9166666666666666,1,1.0833333333333335,False,False,2026-01-16
CADCHF,labour,-0.5,mixed,constructed aggregate (sum/pair_divisor),both,-0.25,0,-0.25,False,False,2026-01-16
CADCHF,monetary,0.0,base_only,direct (single indicator),base_only,0.0,0,0.0,False,True,2026-01-16
EURUSD,growth,0.0,mixed,constructed aggregate (sum/pair_divisor),both,0.08333333333333334,0,-0.08333333333333334,False,False,2026-01-23
EURUSD,inflation,0.0,mixed,constructed aggregate (sum/pair_divisor),both,-0.04166666666666666,0,0.04166666666666666,False,False,2026-01-23
EURUSD,labour,0.0,mixed,constructed aggregate (sum/pair_divisor),both,0.16666666666666669,0,-0.16666666666666669,False,False,2026-01-23
EURUSD,monetary,-2.0,both,direct (single indicator),both,-1.0,-1,-1.0,False,True,2026-01-23
GBPUSD,growth,-0.5,both,constructed aggregate (sum/pair_divisor),both,-0.16666666666666666,0,-0.33333333333333337,False,False,2026-01-23
GBPUSD,inflation,0.5,mixed,constructed aggregate (sum/pair_divisor),both,0.125,0,0.375,False,False,2026-01-23
GBPUSD,labour,-0.5,mixed,constructed aggregate (sum/pair_divisor),both,-0.08333333333333333,0,-0.4166666666666667,False,False,2026-01-23
GBPUSD,monetary,-2.0,both,direct (single indicator),both,-1.0,-1,-1.0,False,True,2026-01-23
USDJPY,growth,0.5,mixed,constructed aggregate (sum/pair_divisor),both,0.16666666666666666,0,0.33333333333333337,False,False,2026-01-23
USDJPY,inflation,-0.5,mixed,constructed aggregate (sum/pair_divisor),both,-0.125,0,-0.375,False,False,2026-01-23
USDJPY,labour,1.5,mixed,constructed aggregate (sum/pair_divisor),both,0.5833333333333334,1,0.9166666666666666,False,False,2026-01-23
USDJPY,monetary,0.0,both,direct (single indicator),both,0.0,0,0.0,False,True,2026-01-23
USDCHF,growth,1.5,mixed,constructed aggregate (sum/pair_divisor),both,0.5,0,1.0,False,False,2026-01-23
USDCHF,inflation,0.0,mixed,constructed aggregate (sum/pair_divisor),both,-0.125,0,0.125,False,False,2026-01-23
USDCHF,labour,0.5,mixed,constructed aggregate (sum/pair_divisor),both,0.08333333333333333,0,0.4166666666666667,False,False,2026-01-23
USDCHF,monetary,2.0,base_only,direct (single indicator),base_only,1.0,1,1.0,False,True,2026-01-23
USDCAD,growth,0.5,mixed,constructed aggregate (sum/pair_divisor),both,0.16666666666666666,0,0.33333333333333337,False,False,2026-01-23
USDCAD,inflation,0.0,mixed,constructed aggregate (sum/pair_divisor),both,0.04166666666666666,0,-0.04166666666666666,False,False,2026-01-23
USDCAD,labour,1.0,mixed,constructed aggregate (sum/pair_divisor),both,0.3333333333333333,0,0.6666666666666667,False,False,2026-01-23
USDCAD,monetary,2.0,both,direct (single indicator),both,1.0,1,1.0,False,True,2026-01-23
AUDUSD,growth,-0.5,both,constructed aggregate (sum/pair_divisor),both,-0.5,0,0.0,False,False,2026-01-23
AUDUSD,inflation,0.5,mixed,constructed aggregate (sum/pair_divisor),both,0.125,0,0.375,False,False,2026-01-23
AUDUSD,labour,1.0,mixed,constructed aggregate (sum/pair_divisor),both,0.4166666666666667,0,0.5833333333333333,False,False,2026-01-23
AUDUSD,monetary,-2.0,both,direct (single indicator),both,-1.0,-1,-1.0,False,True,2026-01-23
NZDUSD,growth,0.0,both,constructed aggregate (sum/pair_divisor),both,-0.04166666666666666,0,0.04166666666666666,False,False,2026-01-23
NZDUSD,inflation,0.5,mixed,constructed aggregate (sum/pair_divisor),both,0.125,0,0.375,False,False,2026-01-23
NZDUSD,labour,-0.5,mixed,constructed aggregate (sum/pair_divisor),both,-0.08333333333333333,0,-0.4166666666666667,False,False,2026-01-23
NZDUSD,monetary,-2.0,quote_only,direct (single indicator),quote_only,-1.0,-1,-1.0,False,True,2026-01-23
EURGBP,growth,0.5,mixed,constructed aggregate (sum/pair_divisor),both,0.25,0,0.25,False,False,2026-01-23
EURGBP,inflation,-0.5,mixed,constructed aggregate (sum/pair_divisor),both,-0.16666666666666666,0,-0.33333333333333337,False,False,2026-01-23
EURGBP,labour,0.5,mixed,constructed aggregate (sum/pair_divisor),both,0.25,0,0.25,False,False,2026-01-23
EURGBP,monetary,0.0,both,direct (single indicator),both,0.0,0,0.0,False,True,2026-01-23
EURJPY,growth,0.5,mixed,constructed aggregate (sum/pair_divisor),both,0.25,0,0.25,False,False,2026-01-23
EURJPY,inflation,-0.5,mixed,constructed aggregate (sum/pair_divisor),both,-0.16666666666666666,0,-0.33333333333333337,False,False,2026-01-23
EURJPY,labour,1.5,mixed,constructed aggregate (sum/pair_divisor),both,0.75,1,0.75,False,False,2026-01-23
EURJPY,monetary,-2.0,both,direct (single indicator),both,-1.0,-1,-1.0,False,True,2026-01-23
EURCHF,growth,1.5,mixed,constructed aggregate (sum/pair_divisor),both,0.5833333333333333,1,0.9166666666666667,False,False,2026-01-23
EURCHF,inflation,0.0,mixed,constructed aggregate (sum/pair_divisor),both,-0.16666666666666666,0,0.16666666666666666,False,False,2026-01-23
EURCHF,labour,0.5,mixed,constructed aggregate (sum/pair_divisor),both,0.25,0,0.25,False,False,2026-01-23
EURCHF,monetary,0.0,base_only,direct (single indicator),base_only,0.0,0,0.0,False,True,2026-01-23
EURAUD,growth,0.5,mixed,constructed aggregate (sum/pair_divisor),both,0.5833333333333333,1,-0.08333333333333326,False,False,2026-01-23
EURAUD,inflation,-0.5,mixed,constructed aggregate (sum/pair_divisor),both,-0.16666666666666666,0,-0.33333333333333337,False,False,2026-01-23
EURAUD,labour,-1.0,mixed,constructed aggregate (sum/pair_divisor),both,-0.25,0,-0.75,False,False,2026-01-23
EURAUD,monetary,0.0,both,direct (single indicator),both,0.0,0,0.0,False,True,2026-01-23
EURNZD,growth,0.0,mixed,constructed aggregate (sum/pair_divisor),both,0.125,0,-0.125,False,False,2026-01-23
EURNZD,inflation,-0.5,mixed,constructed aggregate (sum/pair_divisor),both,-0.16666666666666666,0,-0.33333333333333337,False,False,2026-01-23
EURNZD,labour,0.5,mixed,constructed aggregate (sum/pair_divisor),both,0.25,0,0.25,False,False,2026-01-23
EURNZD,monetary,0.0,base_only,direct (single indicator),base_only,0.0,0,0.0,False,True,2026-01-23
EURCAD,growth,0.5,mixed,constructed aggregate (sum/pair_divisor),both,0.25,0,0.25,False,False,2026-01-23
EURCAD,inflation,0.0,mixed,constructed aggregate (sum/pair_divisor),both,0.0,0,0.0,False,False,2026-01-23
EURCAD,labour,1.0,mixed,constructed aggregate (sum/pair_divisor),both,0.5,0,0.5,False,False,2026-01-23
EURCAD,monetary,0.0,both,direct (single indicator),both,0.0,0,0.0,False,True,2026-01-23
GBPJPY,growth,0.0,mixed,constructed aggregate (sum/pair_divisor),both,0.0,0,0.0,False,False,2026-01-23
GBPJPY,inflation,0.0,mixed,constructed aggregate (sum/pair_divisor),both,0.0,0,0.0,False,False,2026-01-23
GBPJPY,labour,1.0,mixed,constructed aggregate (sum/pair_divisor),both,0.5,0,0.5,False,False,2026-01-23
GBPJPY,monetary,-2.0,both,direct (single indicator),both,-1.0,-1,-1.0,False,True,2026-01-23
GBPCHF,growth,1.0,mixed,constructed aggregate (sum/pair_divisor),both,0.3333333333333333,0,0.6666666666666667,False,False,2026-01-23
GBPCHF,inflation,0.5,mixed,constructed aggregate (sum/pair_divisor),both,0.0,0,0.5,False,False,2026-01-23
GBPCHF,labour,0.0,mixed,constructed aggregate (sum/pair_divisor),both,0.0,0,0.0,False,False,2026-01-23
GBPCHF,monetary,0.0,base_only,direct (single indicator),base_only,0.0,0,0.0,False,True,2026-01-23
GBPAUD,growth,0.0,both,constructed aggregate (sum/pair_divisor),both,0.3333333333333333,0,-0.3333333333333333,False,False,2026-01-23
GBPAUD,inflation,0.0,mixed,constructed aggregate (sum/pair_divisor),both,0.0,0,0.0,False,False,2026-01-23
GBPAUD,labour,-1.5,mixed,constructed aggregate (sum/pair_divisor),both,-0.5,0,-1.0,False,False,2026-01-23
GBPAUD,monetary,0.0,both,direct (single indicator),both,0.0,0,0.0,False,True,2026-01-23
GBPNZD,growth,-0.5,both,constructed aggregate (sum/pair_divisor),both,-0.125,0,-0.375,False,False,2026-01-23
GBPNZD,inflation,0.0,mixed,constructed aggregate (sum/pair_divisor),both,0.0,0,0.0,False,False,2026-01-23
GBPNZD,labour,0.0,mixed,constructed aggregate (sum/pair_divisor),both,0.0,0,0.0,False,False,2026-01-23
GBPNZD,monetary,0.0,base_only,direct (single indicator),base_only,0.0,0,0.0,False,True,2026-01-23
GBPCAD,growth,0.0,mixed,constructed aggregate (sum/pair_divisor),both,0.0,0,0.0,False,False,2026-01-23
GBPCAD,inflation,0.5,mixed,constructed aggregate (sum/pair_divisor),both,0.16666666666666666,0,0.33333333333333337,False,False,2026-01-23
GBPCAD,labour,0.5,mixed,constructed aggregate (sum/pair_divisor),both,0.25,0,0.25,False,False,2026-01-23
GBPCAD,monetary,0.0,both,direct (single indicator),both,0.0,0,0.0,False,True,2026-01-23
AUDJPY,growth,0.0,mixed,constructed aggregate (sum/pair_divisor),both,-0.3333333333333333,0,0.3333333333333333,False,False,2026-01-23
AUDJPY,inflation,0.0,mixed,constructed aggregate (sum/pair_divisor),both,0.0,0,0.0,False,False,2026-01-23
AUDJPY,labour,2.5,mixed,constructed aggregate (sum/pair_divisor),both,1.0,1,1.5,False,False,2026-01-23
AUDJPY,monetary,-2.0,both,direct (single indicator),both,-1.0,-1,-1.0,False,True,2026-01-23
NZDJPY,growth,0.5,mixed,constructed aggregate (sum/pair_divisor),both,0.125,0,0.375,False,False,2026-01-23
NZDJPY,inflation,0.0,mixed,constructed aggregate (sum/pair_divisor),both,0.0,0,0.0,False,False,2026-01-23
NZDJPY,labour,1.0,mixed,constructed aggregate (sum/pair_divisor),both,0.5,0,0.5,False,False,2026-01-23
NZDJPY,monetary,-2.0,quote_only,direct (single indicator),quote_only,-1.0,-1,-1.0,False,True,2026-01-23
CADJPY,growth,0.0,mixed,constructed aggregate (sum/pair_divisor),both,0.0,0,0.0,False,False,2026-01-23
CADJPY,inflation,-0.5,mixed,constructed aggregate (sum/pair_divisor),both,-0.16666666666666666,0,-0.33333333333333337,False,False,2026-01-23
CADJPY,labour,0.5,mixed,constructed aggregate (sum/pair_divisor),both,0.25,0,0.25,False,False,2026-01-23
CADJPY,monetary,-2.0,both,direct (single indicator),both,-1.0,-1,-1.0,False,True,2026-01-23
CHFJPY,growth,-1.0,mixed,constructed aggregate (sum/pair_divisor),both,-0.3333333333333333,0,-0.6666666666666667,False,False,2026-01-23
CHFJPY,inflation,-0.5,mixed,constructed aggregate (sum/pair_divisor),both,0.0,0,-0.5,False,False,2026-01-23
CHFJPY,labour,1.0,mixed,constructed aggregate (sum/pair_divisor),both,0.5,0,0.5,False,False,2026-01-23
CHFJPY,monetary,-2.0,quote_only,direct (single indicator),quote_only,-1.0,-1,-1.0,False,True,2026-01-23
AUDNZD,growth,-0.5,both,constructed aggregate (sum/pair_divisor),both,-0.4583333333333333,0,-0.041666666666666685,False,False,2026-01-23
AUDNZD,inflation,0.0,mixed,constructed aggregate (sum/pair_divisor),both,0.0,0,0.0,False,False,2026-01-23
AUDNZD,labour,1.5,mixed,constructed aggregate (sum/pair_divisor),both,0.5,0,1.0,False,False,2026-01-23
AUDNZD,monetary,0.0,base_only,direct (single indicator),base_only,0.0,0,0.0,False,True,2026-01-23
AUDCAD,growth,0.0,mixed,constructed aggregate (sum/pair_divisor),both,-0.3333333333333333,0,0.3333333333333333,False,False,2026-01-23
AUDCAD,inflation,0.5,mixed,constructed aggregate (sum/pair_divisor),both,0.16666666666666666,0,0.33333333333333337,False,False,2026-01-23
AUDCAD,labour,2.0,mixed,constructed aggregate (sum/pair_divisor),both,0.75,1,1.25,False,False,2026-01-23
AUDCAD,monetary,0.0,both,direct (single indicator),both,0.0,0,0.0,False,True,2026-01-23
AUDCHF,growth,1.0,mixed,constructed aggregate (sum/pair_divisor),both,0.0,0,1.0,False,False,2026-01-23
AUDCHF,inflation,0.5,mixed,constructed aggregate (sum/pair_divisor),both,0.0,0,0.5,False,False,2026-01-23
AUDCHF,labour,1.5,mixed,constructed aggregate (sum/pair_divisor),both,0.5,0,1.0,False,False,2026-01-23
AUDCHF,monetary,0.0,base_only,direct (single indicator),base_only,0.0,0,0.0,False,True,2026-01-23
NZDCAD,growth,0.5,mixed,constructed aggregate (sum/pair_divisor),both,0.125,0,0.375,False,False,2026-01-23
NZDCAD,inflation,0.5,mixed,constructed aggregate (sum/pair_divisor),both,0.16666666666666666,0,0.33333333333333337,False,False,2026-01-23
NZDCAD,labour,0.5,mixed,constructed aggregate (sum/pair_divisor),both,0.25,0,0.25,False,False,2026-01-23
NZDCAD,monetary,0.0,quote_only,direct (single indicator),quote_only,0.0,0,0.0,False,True,2026-01-23
NZDCHF,growth,1.5,mixed,constructed aggregate (sum/pair_divisor),both,0.4583333333333333,0,1.0416666666666667,False,False,2026-01-23
NZDCHF,inflation,0.5,mixed,constructed aggregate (sum/pair_divisor),both,0.0,0,0.5,False,False,2026-01-23
NZDCHF,labour,0.0,mixed,constructed aggregate (sum/pair_divisor),both,0.0,0,0.0,False,False,2026-01-23
NZDCHF,monetary,,neither,direct (single indicator),neither,0.0,0,,False,True,2026-01-23
CADCHF,growth,1.0,mixed,constructed aggregate (sum/pair_divisor),both,0.3333333333333333,0,0.6666666666666667,False,False,2026-01-23
CADCHF,inflation,0.0,mixed,constructed aggregate (sum/pair_divisor),both,-0.16666666666666666,0,0.16666666666666666,False,False,2026-01-23
CADCHF,labour,-0.5,mixed,constructed aggregate (sum/pair_divisor),both,-0.25,0,-0.25,False,False,2026-01-23
CADCHF,monetary,0.0,base_only,direct (single indicator),base_only,0.0,0,0.0,False,True,2026-01-23
EURUSD,growth,0.0,both,constructed aggregate (sum/pair_divisor),both,-0.04166666666666666,0,0.04166666666666666,False,False,2026-01-30
EURUSD,inflation,0.0,mixed,constructed aggregate (sum/pair_divisor),both,-0.04166666666666666,0,0.04166666666666666,False,False,2026-01-30
EURUSD,labour,0.5,mixed,constructed aggregate (sum/pair_divisor),both,0.25,0,0.25,False,False,2026-01-30
EURUSD,monetary,0.0,both,direct (single indicator),both,0.0,0,0.0,False,True,2026-01-30
GBPUSD,growth,-0.5,both,constructed aggregate (sum/pair_divisor),both,-0.16666666666666666,0,-0.33333333333333337,False,False,2026-01-30
GBPUSD,inflation,0.5,mixed,constructed aggregate (sum/pair_divisor),both,0.125,0,0.375,False,False,2026-01-30
GBPUSD,labour,0.0,mixed,constructed aggregate (sum/pair_divisor),both,0.0,0,0.0,False,False,2026-01-30
GBPUSD,monetary,0.0,both,direct (single indicator),both,0.0,0,0.0,False,True,2026-01-30
USDJPY,growth,0.5,mixed,constructed aggregate (sum/pair_divisor),both,0.16666666666666666,0,0.33333333333333337,False,False,2026-01-30
USDJPY,inflation,-0.5,mixed,constructed aggregate (sum/pair_divisor),both,-0.125,0,-0.375,False,False,2026-01-30
USDJPY,labour,1.0,mixed,constructed aggregate (sum/pair_divisor),both,0.5,0,0.5,False,False,2026-01-30
USDJPY,monetary,-2.0,both,direct (single indicator),both,-1.0,-1,-1.0,False,True,2026-01-30
USDCHF,growth,1.5,mixed,constructed aggregate (sum/pair_divisor),both,0.5,0,1.0,False,False,2026-01-30
USDCHF,inflation,0.0,mixed,constructed aggregate (sum/pair_divisor),both,-0.125,0,0.125,False,False,2026-01-30
USDCHF,labour,0.0,mixed,constructed aggregate (sum/pair_divisor),both,0.0,0,0.0,False,False,2026-01-30
USDCHF,monetary,0.0,base_only,direct (single indicator),base_only,0.0,0,0.0,False,True,2026-01-30
USDCAD,growth,0.5,mixed,constructed aggregate (sum/pair_divisor),both,0.16666666666666666,0,0.33333333333333337,False,False,2026-01-30
USDCAD,inflation,0.0,mixed,constructed aggregate (sum/pair_divisor),both,0.04166666666666666,0,-0.04166666666666666,False,False,2026-01-30
USDCAD,labour,0.5,mixed,constructed aggregate (sum/pair_divisor),both,0.25,0,0.25,False,False,2026-01-30
USDCAD,monetary,0.0,both,direct (single indicator),both,0.0,0,0.0,False,True,2026-01-30
AUDUSD,growth,-0.5,both,constructed aggregate (sum/pair_divisor),both,-0.5,0,0.0,False,False,2026-01-30
AUDUSD,inflation,1.5,mixed,constructed aggregate (sum/pair_divisor),both,0.4583333333333333,0,1.0416666666666667,False,False,2026-01-30
AUDUSD,labour,1.5,mixed,constructed aggregate (sum/pair_divisor),both,0.5,0,1.0,False,False,2026-01-30
AUDUSD,monetary,1.0,both,direct (single indicator),both,0.5,0,0.5,False,True,2026-01-30
NZDUSD,growth,0.0,both,constructed aggregate (sum/pair_divisor),both,-0.04166666666666666,0,0.04166666666666666,False,False,2026-01-30
NZDUSD,inflation,0.5,mixed,constructed aggregate (sum/pair_divisor),both,0.125,0,0.375,False,False,2026-01-30
NZDUSD,labour,0.0,mixed,constructed aggregate (sum/pair_divisor),both,0.0,0,0.0,False,False,2026-01-30
NZDUSD,monetary,0.0,quote_only,direct (single indicator),quote_only,0.0,0,0.0,False,True,2026-01-30
EURGBP,growth,0.5,both,constructed aggregate (sum/pair_divisor),both,0.125,0,0.375,False,False,2026-01-30
EURGBP,inflation,-0.5,mixed,constructed aggregate (sum/pair_divisor),both,-0.16666666666666666,0,-0.33333333333333337,False,False,2026-01-30
EURGBP,labour,0.5,mixed,constructed aggregate (sum/pair_divisor),both,0.25,0,0.25,False,False,2026-01-30
EURGBP,monetary,0.0,both,direct (single indicator),both,0.0,0,0.0,False,True,2026-01-30
EURJPY,growth,0.5,mixed,constructed aggregate (sum/pair_divisor),both,0.125,0,0.375,False,False,2026-01-30
EURJPY,inflation,-0.5,mixed,constructed aggregate (sum/pair_divisor),both,-0.16666666666666666,0,-0.33333333333333337,False,False,2026-01-30
EURJPY,labour,1.5,mixed,constructed aggregate (sum/pair_divisor),both,0.75,1,0.75,False,False,2026-01-30
EURJPY,monetary,-2.0,both,direct (single indicator),both,-1.0,-1,-1.0,False,True,2026-01-30
EURCHF,growth,1.5,mixed,constructed aggregate (sum/pair_divisor),both,0.4583333333333333,0,1.0416666666666667,False,False,2026-01-30
EURCHF,inflation,0.0,mixed,constructed aggregate (sum/pair_divisor),both,-0.16666666666666666,0,0.16666666666666666,False,False,2026-01-30
EURCHF,labour,0.5,mixed,constructed aggregate (sum/pair_divisor),both,0.25,0,0.25,False,False,2026-01-30
EURCHF,monetary,0.0,base_only,direct (single indicator),base_only,0.0,0,0.0,False,True,2026-01-30
EURAUD,growth,0.5,both,constructed aggregate (sum/pair_divisor),both,0.4583333333333333,0,0.041666666666666685,False,False,2026-01-30
EURAUD,inflation,-1.5,mixed,constructed aggregate (sum/pair_divisor),both,-0.5,0,-1.0,False,False,2026-01-30
EURAUD,labour,-1.0,mixed,constructed aggregate (sum/pair_divisor),both,-0.25,0,-0.75,False,False,2026-01-30
EURAUD,monetary,-1.0,both,direct (single indicator),both,-0.5,0,-0.5,False,True,2026-01-30
EURNZD,growth,0.0,both,constructed aggregate (sum/pair_divisor),both,0.0,0,0.0,False,False,2026-01-30
EURNZD,inflation,-0.5,mixed,constructed aggregate (sum/pair_divisor),both,-0.16666666666666666,0,-0.33333333333333337,False,False,2026-01-30
EURNZD,labour,0.5,mixed,constructed aggregate (sum/pair_divisor),both,0.25,0,0.25,False,False,2026-01-30
EURNZD,monetary,0.0,base_only,direct (single indicator),base_only,0.0,0,0.0,False,True,2026-01-30
EURCAD,growth,0.5,mixed,constructed aggregate (sum/pair_divisor),both,0.125,0,0.375,False,False,2026-01-30
EURCAD,inflation,0.0,mixed,constructed aggregate (sum/pair_divisor),both,0.0,0,0.0,False,False,2026-01-30
EURCAD,labour,1.0,mixed,constructed aggregate (sum/pair_divisor),both,0.5,0,0.5,False,False,2026-01-30
EURCAD,monetary,0.0,both,direct (single indicator),both,0.0,0,0.0,False,True,2026-01-30
GBPJPY,growth,0.0,mixed,constructed aggregate (sum/pair_divisor),both,0.0,0,0.0,False,False,2026-01-30
GBPJPY,inflation,0.0,mixed,constructed aggregate (sum/pair_divisor),both,0.0,0,0.0,False,False,2026-01-30
GBPJPY,labour,1.0,mixed,constructed aggregate (sum/pair_divisor),both,0.5,0,0.5,False,False,2026-01-30
GBPJPY,monetary,-2.0,both,direct (single indicator),both,-1.0,-1,-1.0,False,True,2026-01-30
GBPCHF,growth,1.0,mixed,constructed aggregate (sum/pair_divisor),both,0.3333333333333333,0,0.6666666666666667,False,False,2026-01-30
GBPCHF,inflation,0.5,mixed,constructed aggregate (sum/pair_divisor),both,0.0,0,0.5,False,False,2026-01-30
GBPCHF,labour,0.0,mixed,constructed aggregate (sum/pair_divisor),both,0.0,0,0.0,False,False,2026-01-30
GBPCHF,monetary,0.0,base_only,direct (single indicator),base_only,0.0,0,0.0,False,True,2026-01-30
GBPAUD,growth,0.0,both,constructed aggregate (sum/pair_divisor),both,0.3333333333333333,0,-0.3333333333333333,False,False,2026-01-30
GBPAUD,inflation,-1.0,mixed,constructed aggregate (sum/pair_divisor),both,-0.3333333333333333,0,-0.6666666666666667,False,False,2026-01-30
GBPAUD,labour,-1.5,mixed,constructed aggregate (sum/pair_divisor),both,-0.5,0,-1.0,False,False,2026-01-30
GBPAUD,monetary,-1.0,both,direct (single indicator),both,-0.5,0,-0.5,False,True,2026-01-30
GBPNZD,growth,-0.5,both,constructed aggregate (sum/pair_divisor),both,-0.125,0,-0.375,False,False,2026-01-30
GBPNZD,inflation,0.0,mixed,constructed aggregate (sum/pair_divisor),both,0.0,0,0.0,False,False,2026-01-30
GBPNZD,labour,0.0,mixed,constructed aggregate (sum/pair_divisor),both,0.0,0,0.0,False,False,2026-01-30
GBPNZD,monetary,0.0,base_only,direct (single indicator),base_only,0.0,0,0.0,False,True,2026-01-30
GBPCAD,growth,0.0,mixed,constructed aggregate (sum/pair_divisor),both,0.0,0,0.0,False,False,2026-01-30
GBPCAD,inflation,0.5,mixed,constructed aggregate (sum/pair_divisor),both,0.16666666666666666,0,0.33333333333333337,False,False,2026-01-30
GBPCAD,labour,0.5,mixed,constructed aggregate (sum/pair_divisor),both,0.25,0,0.25,False,False,2026-01-30
GBPCAD,monetary,0.0,both,direct (single indicator),both,0.0,0,0.0,False,True,2026-01-30
AUDJPY,growth,0.0,mixed,constructed aggregate (sum/pair_divisor),both,-0.3333333333333333,0,0.3333333333333333,False,False,2026-01-30
AUDJPY,inflation,1.0,mixed,constructed aggregate (sum/pair_divisor),both,0.3333333333333333,0,0.6666666666666667,False,False,2026-01-30
AUDJPY,labour,2.5,mixed,constructed aggregate (sum/pair_divisor),both,1.0,1,1.5,False,False,2026-01-30
AUDJPY,monetary,-1.0,both,direct (single indicator),both,-0.5,0,-0.5,False,True,2026-01-30
NZDJPY,growth,0.5,mixed,constructed aggregate (sum/pair_divisor),both,0.125,0,0.375,False,False,2026-01-30
NZDJPY,inflation,0.0,mixed,constructed aggregate (sum/pair_divisor),both,0.0,0,0.0,False,False,2026-01-30
NZDJPY,labour,1.0,mixed,constructed aggregate (sum/pair_divisor),both,0.5,0,0.5,False,False,2026-01-30
NZDJPY,monetary,-2.0,quote_only,direct (single indicator),quote_only,-1.0,-1,-1.0,False,True,2026-01-30
CADJPY,growth,0.0,mixed,constructed aggregate (sum/pair_divisor),both,0.0,0,0.0,False,False,2026-01-30
CADJPY,inflation,-0.5,mixed,constructed aggregate (sum/pair_divisor),both,-0.16666666666666666,0,-0.33333333333333337,False,False,2026-01-30
CADJPY,labour,0.5,mixed,constructed aggregate (sum/pair_divisor),both,0.25,0,0.25,False,False,2026-01-30
CADJPY,monetary,-2.0,both,direct (single indicator),both,-1.0,-1,-1.0,False,True,2026-01-30
CHFJPY,growth,-1.0,mixed,constructed aggregate (sum/pair_divisor),both,-0.3333333333333333,0,-0.6666666666666667,False,False,2026-01-30
CHFJPY,inflation,-0.5,mixed,constructed aggregate (sum/pair_divisor),both,0.0,0,-0.5,False,False,2026-01-30
CHFJPY,labour,1.0,mixed,constructed aggregate (sum/pair_divisor),both,0.5,0,0.5,False,False,2026-01-30
CHFJPY,monetary,-2.0,quote_only,direct (single indicator),quote_only,-1.0,-1,-1.0,False,True,2026-01-30
AUDNZD,growth,-0.5,both,constructed aggregate (sum/pair_divisor),both,-0.4583333333333333,0,-0.041666666666666685,False,False,2026-01-30
AUDNZD,inflation,1.0,mixed,constructed aggregate (sum/pair_divisor),both,0.3333333333333333,0,0.6666666666666667,False,False,2026-01-30
AUDNZD,labour,1.5,mixed,constructed aggregate (sum/pair_divisor),both,0.5,0,1.0,False,False,2026-01-30
AUDNZD,monetary,1.0,base_only,direct (single indicator),base_only,0.5,0,0.5,False,True,2026-01-30
AUDCAD,growth,0.0,mixed,constructed aggregate (sum/pair_divisor),both,-0.3333333333333333,0,0.3333333333333333,False,False,2026-01-30
AUDCAD,inflation,1.5,mixed,constructed aggregate (sum/pair_divisor),both,0.5,0,1.0,False,False,2026-01-30
AUDCAD,labour,2.0,mixed,constructed aggregate (sum/pair_divisor),both,0.75,1,1.25,False,False,2026-01-30
AUDCAD,monetary,1.0,both,direct (single indicator),both,0.5,0,0.5,False,True,2026-01-30
AUDCHF,growth,1.0,mixed,constructed aggregate (sum/pair_divisor),both,0.0,0,1.0,False,False,2026-01-30
AUDCHF,inflation,1.5,mixed,constructed aggregate (sum/pair_divisor),both,0.3333333333333333,0,1.1666666666666667,False,False,2026-01-30
AUDCHF,labour,1.5,mixed,constructed aggregate (sum/pair_divisor),both,0.5,0,1.0,False,False,2026-01-30
AUDCHF,monetary,1.0,base_only,direct (single indicator),base_only,0.5,0,0.5,False,True,2026-01-30
NZDCAD,growth,0.5,mixed,constructed aggregate (sum/pair_divisor),both,0.125,0,0.375,False,False,2026-01-30
NZDCAD,inflation,0.5,mixed,constructed aggregate (sum/pair_divisor),both,0.16666666666666666,0,0.33333333333333337,False,False,2026-01-30
NZDCAD,labour,0.5,mixed,constructed aggregate (sum/pair_divisor),both,0.25,0,0.25,False,False,2026-01-30
NZDCAD,monetary,0.0,quote_only,direct (single indicator),quote_only,0.0,0,0.0,False,True,2026-01-30
NZDCHF,growth,1.5,mixed,constructed aggregate (sum/pair_divisor),both,0.4583333333333333,0,1.0416666666666667,False,False,2026-01-30
NZDCHF,inflation,0.5,mixed,constructed aggregate (sum/pair_divisor),both,0.0,0,0.5,False,False,2026-01-30
NZDCHF,labour,0.0,mixed,constructed aggregate (sum/pair_divisor),both,0.0,0,0.0,False,False,2026-01-30
NZDCHF,monetary,,neither,direct (single indicator),neither,0.0,0,,False,True,2026-01-30
CADCHF,growth,1.0,mixed,constructed aggregate (sum/pair_divisor),both,0.3333333333333333,0,0.6666666666666667,False,False,2026-01-30
CADCHF,inflation,0.0,mixed,constructed aggregate (sum/pair_divisor),both,-0.16666666666666666,0,0.16666666666666666,False,False,2026-01-30
CADCHF,labour,-0.5,mixed,constructed aggregate (sum/pair_divisor),both,-0.25,0,-0.25,False,False,2026-01-30
CADCHF,monetary,0.0,base_only,direct (single indicator),base_only,0.0,0,0.0,False,True,2026-01-30
EURUSD,growth,-1.5,both,constructed aggregate (sum/pair_divisor),both,-0.4583333333333333,0,-1.0416666666666667,False,False,2026-02-06
EURUSD,inflation,-0.5,mixed,constructed aggregate (sum/pair_divisor),both,-0.16666666666666666,0,-0.33333333333333337,False,False,2026-02-06
EURUSD,labour,1.5,mixed,constructed aggregate (sum/pair_divisor),both,0.41666666666666663,0,1.0833333333333335,False,False,2026-02-06
EURUSD,monetary,0.0,both,direct (single indicator),both,0.0,0,0.0,False,True,2026-02-06
GBPUSD,growth,0.0,both,constructed aggregate (sum/pair_divisor),both,-0.08333333333333331,0,0.08333333333333331,False,False,2026-02-06
GBPUSD,inflation,0.0,mixed,constructed aggregate (sum/pair_divisor),both,0.0,0,0.0,False,False,2026-02-06
GBPUSD,labour,1.0,mixed,constructed aggregate (sum/pair_divisor),both,0.16666666666666666,0,0.8333333333333334,False,False,2026-02-06
GBPUSD,monetary,0.0,both,direct (single indicator),both,0.0,0,0.0,False,True,2026-02-06
USDJPY,growth,1.0,mixed,constructed aggregate (sum/pair_divisor),both,0.3333333333333333,0,0.6666666666666667,False,False,2026-02-06
USDJPY,inflation,0.0,mixed,constructed aggregate (sum/pair_divisor),both,0.0,0,0.0,False,False,2026-02-06
USDJPY,labour,0.0,mixed,constructed aggregate (sum/pair_divisor),both,0.33333333333333337,0,-0.33333333333333337,False,False,2026-02-06
USDJPY,monetary,-2.0,both,direct (single indicator),both,-1.0,-1,-1.0,False,True,2026-02-06
USDCHF,growth,1.0,mixed,constructed aggregate (sum/pair_divisor),both,0.3333333333333333,0,0.6666666666666667,False,False,2026-02-06
USDCHF,inflation,0.5,mixed,constructed aggregate (sum/pair_divisor),both,0.0,0,0.5,False,False,2026-02-06
USDCHF,labour,-1.0,mixed,constructed aggregate (sum/pair_divisor),both,-0.16666666666666666,0,-0.8333333333333334,False,False,2026-02-06
USDCHF,monetary,0.0,base_only,direct (single indicator),base_only,0.0,0,0.0,False,True,2026-02-06
USDCAD,growth,1.0,mixed,constructed aggregate (sum/pair_divisor),both,0.3333333333333333,0,0.6666666666666667,False,False,2026-02-06
USDCAD,inflation,0.5,mixed,constructed aggregate (sum/pair_divisor),both,0.16666666666666666,0,0.33333333333333337,False,False,2026-02-06
USDCAD,labour,-0.5,mixed,constructed aggregate (sum/pair_divisor),both,0.08333333333333334,0,-0.5833333333333334,False,False,2026-02-06
USDCAD,monetary,0.0,both,direct (single indicator),both,0.0,0,0.0,False,True,2026-02-06
AUDUSD,growth,-1.0,both,constructed aggregate (sum/pair_divisor),both,-0.6666666666666666,-1,-0.33333333333333337,False,False,2026-02-06
AUDUSD,inflation,1.0,mixed,constructed aggregate (sum/pair_divisor),both,0.3333333333333333,0,0.6666666666666667,False,False,2026-02-06
AUDUSD,labour,2.5,mixed,constructed aggregate (sum/pair_divisor),both,0.6666666666666666,1,1.8333333333333335,False,False,2026-02-06
AUDUSD,monetary,1.0,both,direct (single indicator),both,0.5,0,0.5,False,True,2026-02-06
NZDUSD,growth,-0.5,both,constructed aggregate (sum/pair_divisor),both,-0.20833333333333331,0,-0.2916666666666667,False,False,2026-02-06
NZDUSD,inflation,0.0,mixed,constructed aggregate (sum/pair_divisor),both,0.0,0,0.0,False,False,2026-02-06
NZDUSD,labour,0.0,mixed,constructed aggregate (sum/pair_divisor),both,-0.16666666666666666,0,0.16666666666666666,False,False,2026-02-06
NZDUSD,monetary,0.0,quote_only,direct (single indicator),quote_only,0.0,0,0.0,False,True,2026-02-06
EURGBP,growth,-1.5,both,constructed aggregate (sum/pair_divisor),both,-0.375,0,-1.125,False,False,2026-02-06
EURGBP,inflation,-0.5,mixed,constructed aggregate (sum/pair_divisor),both,-0.16666666666666666,0,-0.33333333333333337,False,False,2026-02-06
EURGBP,labour,0.5,mixed,constructed aggregate (sum/pair_divisor),both,0.25,0,0.25,False,False,2026-02-06
EURGBP,monetary,0.0,both,direct (single indicator),both,0.0,0,0.0,False,True,2026-02-06
EURJPY,growth,-0.5,mixed,constructed aggregate (sum/pair_divisor),both,-0.125,0,-0.375,False,False,2026-02-06
EURJPY,inflation,-0.5,mixed,constructed aggregate (sum/pair_divisor),both,-0.16666666666666666,0,-0.33333333333333337,False,False,2026-02-06
EURJPY,labour,1.5,mixed,constructed aggregate (sum/pair_divisor),both,0.75,1,0.75,False,False,2026-02-06
EURJPY,monetary,-2.0,both,direct (single indicator),both,-1.0,-1,-1.0,False,True,2026-02-06
EURCHF,growth,-0.5,mixed,constructed aggregate (sum/pair_divisor),both,-0.125,0,-0.375,False,False,2026-02-06
EURCHF,inflation,0.0,mixed,constructed aggregate (sum/pair_divisor),both,-0.16666666666666666,0,0.16666666666666666,False,False,2026-02-06
EURCHF,labour,0.5,mixed,constructed aggregate (sum/pair_divisor),both,0.25,0,0.25,False,False,2026-02-06
EURCHF,monetary,0.0,base_only,direct (single indicator),base_only,0.0,0,0.0,False,True,2026-02-06
EURAUD,growth,-0.5,both,constructed aggregate (sum/pair_divisor),both,0.20833333333333331,0,-0.7083333333333333,False,False,2026-02-06
EURAUD,inflation,-1.5,mixed,constructed aggregate (sum/pair_divisor),both,-0.5,0,-1.0,False,False,2026-02-06
EURAUD,labour,-1.0,mixed,constructed aggregate (sum/pair_divisor),both,-0.25,0,-0.75,False,False,2026-02-06
EURAUD,monetary,-1.0,both,direct (single indicator),both,-0.5,0,-0.5,False,True,2026-02-06
EURNZD,growth,-1.0,both,constructed aggregate (sum/pair_divisor),both,-0.25,0,-0.75,False,False,2026-02-06
EURNZD,inflation,-0.5,mixed,constructed aggregate (sum/pair_divisor),both,-0.16666666666666666,0,-0.33333333333333337,False,False,2026-02-06
EURNZD,labour,1.5,mixed,constructed aggregate (sum/pair_divisor),both,0.5833333333333333,1,0.9166666666666667,False,False,2026-02-06
EURNZD,monetary,0.0,base_only,direct (single indicator),base_only,0.0,0,0.0,False,True,2026-02-06
EURCAD,growth,-0.5,mixed,constructed aggregate (sum/pair_divisor),both,-0.125,0,-0.375,False,False,2026-02-06
EURCAD,inflation,0.0,mixed,constructed aggregate (sum/pair_divisor),both,0.0,0,0.0,False,False,2026-02-06
EURCAD,labour,1.0,mixed,constructed aggregate (sum/pair_divisor),both,0.5,0,0.5,False,False,2026-02-06
EURCAD,monetary,0.0,both,direct (single indicator),both,0.0,0,0.0,False,True,2026-02-06
GBPJPY,growth,1.0,mixed,constructed aggregate (sum/pair_divisor),both,0.25,0,0.75,False,False,2026-02-06
GBPJPY,inflation,0.0,mixed,constructed aggregate (sum/pair_divisor),both,0.0,0,0.0,False,False,2026-02-06
GBPJPY,labour,1.0,mixed,constructed aggregate (sum/pair_divisor),both,0.5,0,0.5,False,False,2026-02-06
GBPJPY,monetary,-2.0,both,direct (single indicator),both,-1.0,-1,-1.0,False,True,2026-02-06
GBPCHF,growth,1.0,mixed,constructed aggregate (sum/pair_divisor),both,0.25,0,0.75,False,False,2026-02-06
GBPCHF,inflation,0.5,mixed,constructed aggregate (sum/pair_divisor),both,0.0,0,0.5,False,False,2026-02-06
GBPCHF,labour,0.0,mixed,constructed aggregate (sum/pair_divisor),both,0.0,0,0.0,False,False,2026-02-06
GBPCHF,monetary,0.0,base_only,direct (single indicator),base_only,0.0,0,0.0,False,True,2026-02-06
GBPAUD,growth,1.0,both,constructed aggregate (sum/pair_divisor),both,0.5833333333333333,1,0.41666666666666674,False,False,2026-02-06
GBPAUD,inflation,-1.0,mixed,constructed aggregate (sum/pair_divisor),both,-0.3333333333333333,0,-0.6666666666666667,False,False,2026-02-06
GBPAUD,labour,-1.5,mixed,constructed aggregate (sum/pair_divisor),both,-0.5,0,-1.0,False,False,2026-02-06
GBPAUD,monetary,-1.0,both,direct (single indicator),both,-0.5,0,-0.5,False,True,2026-02-06
GBPNZD,growth,0.5,both,constructed aggregate (sum/pair_divisor),both,0.125,0,0.375,False,False,2026-02-06
GBPNZD,inflation,0.0,mixed,constructed aggregate (sum/pair_divisor),both,0.0,0,0.0,False,False,2026-02-06
GBPNZD,labour,1.0,mixed,constructed aggregate (sum/pair_divisor),both,0.3333333333333333,0,0.6666666666666667,False,False,2026-02-06
GBPNZD,monetary,0.0,base_only,direct (single indicator),base_only,0.0,0,0.0,False,True,2026-02-06
GBPCAD,growth,1.0,mixed,constructed aggregate (sum/pair_divisor),both,0.25,0,0.75,False,False,2026-02-06
GBPCAD,inflation,0.5,mixed,constructed aggregate (sum/pair_divisor),both,0.16666666666666666,0,0.33333333333333337,False,False,2026-02-06
GBPCAD,labour,0.5,mixed,constructed aggregate (sum/pair_divisor),both,0.25,0,0.25,False,False,2026-02-06
GBPCAD,monetary,0.0,both,direct (single indicator),both,0.0,0,0.0,False,True,2026-02-06
AUDJPY,growth,0.0,mixed,constructed aggregate (sum/pair_divisor),both,-0.3333333333333333,0,0.3333333333333333,False,False,2026-02-06
AUDJPY,inflation,1.0,mixed,constructed aggregate (sum/pair_divisor),both,0.3333333333333333,0,0.6666666666666667,False,False,2026-02-06
AUDJPY,labour,2.5,mixed,constructed aggregate (sum/pair_divisor),both,1.0,1,1.5,False,False,2026-02-06
AUDJPY,monetary,-1.0,both,direct (single indicator),both,-0.5,0,-0.5,False,True,2026-02-06
NZDJPY,growth,0.5,mixed,constructed aggregate (sum/pair_divisor),both,0.125,0,0.375,False,False,2026-02-06
NZDJPY,inflation,0.0,mixed,constructed aggregate (sum/pair_divisor),both,0.0,0,0.0,False,False,2026-02-06
NZDJPY,labour,0.0,mixed,constructed aggregate (sum/pair_divisor),both,0.16666666666666669,0,-0.16666666666666669,False,False,2026-02-06
NZDJPY,monetary,-2.0,quote_only,direct (single indicator),quote_only,-1.0,-1,-1.0,False,True,2026-02-06
CADJPY,growth,0.0,mixed,constructed aggregate (sum/pair_divisor),both,0.0,0,0.0,False,False,2026-02-06
CADJPY,inflation,-0.5,mixed,constructed aggregate (sum/pair_divisor),both,-0.16666666666666666,0,-0.33333333333333337,False,False,2026-02-06
CADJPY,labour,0.5,mixed,constructed aggregate (sum/pair_divisor),both,0.25,0,0.25,False,False,2026-02-06
CADJPY,monetary,-2.0,both,direct (single indicator),both,-1.0,-1,-1.0,False,True,2026-02-06
CHFJPY,growth,0.0,mixed,constructed aggregate (sum/pair_divisor),both,0.0,0,0.0,False,False,2026-02-06
CHFJPY,inflation,-0.5,mixed,constructed aggregate (sum/pair_divisor),both,0.0,0,-0.5,False,False,2026-02-06
CHFJPY,labour,1.0,mixed,constructed aggregate (sum/pair_divisor),both,0.5,0,0.5,False,False,2026-02-06
CHFJPY,monetary,-2.0,quote_only,direct (single indicator),quote_only,-1.0,-1,-1.0,False,True,2026-02-06
AUDNZD,growth,-0.5,both,constructed aggregate (sum/pair_divisor),both,-0.4583333333333333,0,-0.041666666666666685,False,False,2026-02-06
AUDNZD,inflation,1.0,mixed,constructed aggregate (sum/pair_divisor),both,0.3333333333333333,0,0.6666666666666667,False,False,2026-02-06
AUDNZD,labour,2.5,mixed,constructed aggregate (sum/pair_divisor),both,0.8333333333333333,1,1.6666666666666667,False,False,2026-02-06
AUDNZD,monetary,1.0,base_only,direct (single indicator),base_only,0.5,0,0.5,False,True,2026-02-06
AUDCAD,growth,0.0,mixed,constructed aggregate (sum/pair_divisor),both,-0.3333333333333333,0,0.3333333333333333,False,False,2026-02-06
AUDCAD,inflation,1.5,mixed,constructed aggregate (sum/pair_divisor),both,0.5,0,1.0,False,False,2026-02-06
AUDCAD,labour,2.0,mixed,constructed aggregate (sum/pair_divisor),both,0.75,1,1.25,False,False,2026-02-06
AUDCAD,monetary,1.0,both,direct (single indicator),both,0.5,0,0.5,False,True,2026-02-06
AUDCHF,growth,0.0,mixed,constructed aggregate (sum/pair_divisor),both,-0.3333333333333333,0,0.3333333333333333,False,False,2026-02-06
AUDCHF,inflation,1.5,mixed,constructed aggregate (sum/pair_divisor),both,0.3333333333333333,0,1.1666666666666667,False,False,2026-02-06
AUDCHF,labour,1.5,mixed,constructed aggregate (sum/pair_divisor),both,0.5,0,1.0,False,False,2026-02-06
AUDCHF,monetary,1.0,base_only,direct (single indicator),base_only,0.5,0,0.5,False,True,2026-02-06
NZDCAD,growth,0.5,mixed,constructed aggregate (sum/pair_divisor),both,0.125,0,0.375,False,False,2026-02-06
NZDCAD,inflation,0.5,mixed,constructed aggregate (sum/pair_divisor),both,0.16666666666666666,0,0.33333333333333337,False,False,2026-02-06
NZDCAD,labour,-0.5,mixed,constructed aggregate (sum/pair_divisor),both,-0.08333333333333331,0,-0.4166666666666667,False,False,2026-02-06
NZDCAD,monetary,0.0,quote_only,direct (single indicator),quote_only,0.0,0,0.0,False,True,2026-02-06
NZDCHF,growth,0.5,mixed,constructed aggregate (sum/pair_divisor),both,0.125,0,0.375,False,False,2026-02-06
NZDCHF,inflation,0.5,mixed,constructed aggregate (sum/pair_divisor),both,0.0,0,0.5,False,False,2026-02-06
NZDCHF,labour,-1.0,mixed,constructed aggregate (sum/pair_divisor),both,-0.3333333333333333,0,-0.6666666666666667,False,False,2026-02-06
NZDCHF,monetary,,neither,direct (single indicator),neither,0.0,0,,False,True,2026-02-06
CADCHF,growth,0.0,mixed,constructed aggregate (sum/pair_divisor),both,0.0,0,0.0,False,False,2026-02-06
CADCHF,inflation,0.0,mixed,constructed aggregate (sum/pair_divisor),both,-0.16666666666666666,0,0.16666666666666666,False,False,2026-02-06
CADCHF,labour,-0.5,mixed,constructed aggregate (sum/pair_divisor),both,-0.25,0,-0.25,False,False,2026-02-06
CADCHF,monetary,0.0,base_only,direct (single indicator),base_only,0.0,0,0.0,False,True,2026-02-06
EURUSD,growth,-1.0,both,constructed aggregate (sum/pair_divisor),both,-0.29166666666666663,0,-0.7083333333333334,False,False,2026-02-13
EURUSD,inflation,0.0,mixed,constructed aggregate (sum/pair_divisor),both,-0.04166666666666666,0,0.04166666666666666,False,False,2026-02-13
EURUSD,labour,0.0,mixed,constructed aggregate (sum/pair_divisor),both,0.16666666666666669,0,-0.16666666666666669,False,False,2026-02-13
EURUSD,monetary,0.0,both,direct (single indicator),both,0.0,0,0.0,False,True,2026-02-13
GBPUSD,growth,-0.5,both,constructed aggregate (sum/pair_divisor),both,-0.16666666666666666,0,-0.33333333333333337,False,False,2026-02-13
GBPUSD,inflation,0.5,mixed,constructed aggregate (sum/pair_divisor),both,0.125,0,0.375,False,False,2026-02-13
GBPUSD,labour,-0.5,mixed,constructed aggregate (sum/pair_divisor),both,-0.08333333333333333,0,-0.4166666666666667,False,False,2026-02-13
GBPUSD,monetary,1.0,both,direct (single indicator),both,0.5,0,0.5,False,True,2026-02-13
USDJPY,growth,0.5,mixed,constructed aggregate (sum/pair_divisor),both,0.16666666666666666,0,0.33333333333333337,False,False,2026-02-13
USDJPY,inflation,-0.5,mixed,constructed aggregate (sum/pair_divisor),both,-0.125,0,-0.375,False,False,2026-02-13
USDJPY,labour,0.5,mixed,constructed aggregate (sum/pair_divisor),both,0.08333333333333333,0,0.4166666666666667,False,False,2026-02-13
USDJPY,monetary,-3.0,both,direct (single indicator),both,-1.5,-2,-1.5,False,True,2026-02-13
USDCHF,growth,0.5,mixed,constructed aggregate (sum/pair_divisor),both,0.16666666666666666,0,0.33333333333333337,False,False,2026-02-13
USDCHF,inflation,0.0,mixed,constructed aggregate (sum/pair_divisor),both,-0.125,0,0.125,False,False,2026-02-13
USDCHF,labour,-0.5,mixed,constructed aggregate (sum/pair_divisor),both,-0.9166666666666666,-1,0.41666666666666663,False,False,2026-02-13
USDCHF,monetary,-1.0,base_only,direct (single indicator),base_only,-0.5,0,-0.5,False,True,2026-02-13
USDCAD,growth,0.5,mixed,constructed aggregate (sum/pair_divisor),both,0.16666666666666666,0,0.33333333333333337,False,False,2026-02-13
USDCAD,inflation,0.0,mixed,constructed aggregate (sum/pair_divisor),both,0.04166666666666666,0,-0.04166666666666666,False,False,2026-02-13
USDCAD,labour,-0.5,mixed,constructed aggregate (sum/pair_divisor),both,-0.4166666666666667,0,-0.08333333333333331,False,False,2026-02-13
USDCAD,monetary,-1.0,both,direct (single indicator),both,-0.5,0,-0.5,False,True,2026-02-13
AUDUSD,growth,-0.5,both,constructed aggregate (sum/pair_divisor),both,-0.5,0,0.0,False,False,2026-02-13
AUDUSD,inflation,1.5,mixed,constructed aggregate (sum/pair_divisor),both,0.4583333333333333,0,1.0416666666666667,False,False,2026-02-13
AUDUSD,labour,1.0,mixed,constructed aggregate (sum/pair_divisor),both,0.4166666666666667,0,0.5833333333333333,False,False,2026-02-13
AUDUSD,monetary,2.0,both,direct (single indicator),both,1.0,1,1.0,False,True,2026-02-13
NZDUSD,growth,0.0,both,constructed aggregate (sum/pair_divisor),both,-0.04166666666666666,0,0.04166666666666666,False,False,2026-02-13
NZDUSD,inflation,0.5,mixed,constructed aggregate (sum/pair_divisor),both,0.125,0,0.375,False,False,2026-02-13
NZDUSD,labour,-1.5,mixed,constructed aggregate (sum/pair_divisor),both,-0.41666666666666663,0,-1.0833333333333335,False,False,2026-02-13
NZDUSD,monetary,1.0,quote_only,direct (single indicator),quote_only,0.5,0,0.5,False,True,2026-02-13
EURGBP,growth,-0.5,both,constructed aggregate (sum/pair_divisor),both,-0.125,0,-0.375,False,False,2026-02-13
EURGBP,inflation,-0.5,mixed,constructed aggregate (sum/pair_divisor),both,-0.16666666666666666,0,-0.33333333333333337,False,False,2026-02-13
EURGBP,labour,0.5,mixed,constructed aggregate (sum/pair_divisor),both,0.25,0,0.25,False,False,2026-02-13
EURGBP,monetary,-1.0,both,direct (single indicator),both,-0.5,0,-0.5,False,True,2026-02-13
EURJPY,growth,-0.5,mixed,constructed aggregate (sum/pair_divisor),both,-0.125,0,-0.375,False,False,2026-02-13
EURJPY,inflation,-0.5,mixed,constructed aggregate (sum/pair_divisor),both,-0.16666666666666666,0,-0.33333333333333337,False,False,2026-02-13
EURJPY,labour,0.5,mixed,constructed aggregate (sum/pair_divisor),both,0.25,0,0.25,False,False,2026-02-13
EURJPY,monetary,-3.0,both,direct (single indicator),both,-1.5,-2,-1.5,False,True,2026-02-13
EURCHF,growth,-0.5,mixed,constructed aggregate (sum/pair_divisor),both,-0.125,0,-0.375,False,False,2026-02-13
EURCHF,inflation,0.0,mixed,constructed aggregate (sum/pair_divisor),both,-0.16666666666666666,0,0.16666666666666666,False,False,2026-02-13
EURCHF,labour,-0.5,mixed,constructed aggregate (sum/pair_divisor),both,-0.75,-1,0.25,False,False,2026-02-13
EURCHF,monetary,-1.0,base_only,direct (single indicator),base_only,-0.5,0,-0.5,False,True,2026-02-13
EURAUD,growth,-0.5,both,constructed aggregate (sum/pair_divisor),both,0.20833333333333331,0,-0.7083333333333333,False,False,2026-02-13
EURAUD,inflation,-1.5,mixed,constructed aggregate (sum/pair_divisor),both,-0.5,0,-1.0,False,False,2026-02-13
EURAUD,labour,-1.0,mixed,constructed aggregate (sum/pair_divisor),both,-0.25,0,-0.75,False,False,2026-02-13
EURAUD,monetary,-2.0,both,direct (single indicator),both,-1.0,-1,-1.0,False,True,2026-02-13
EURNZD,growth,-1.0,both,constructed aggregate (sum/pair_divisor),both,-0.25,0,-0.75,False,False,2026-02-13
EURNZD,inflation,-0.5,mixed,constructed aggregate (sum/pair_divisor),both,-0.16666666666666666,0,-0.33333333333333337,False,False,2026-02-13
EURNZD,labour,1.5,mixed,constructed aggregate (sum/pair_divisor),both,0.5833333333333333,1,0.9166666666666667,False,False,2026-02-13
EURNZD,monetary,-1.0,base_only,direct (single indicator),base_only,-0.5,0,-0.5,False,True,2026-02-13
EURCAD,growth,-0.5,mixed,constructed aggregate (sum/pair_divisor),both,-0.125,0,-0.375,False,False,2026-02-13
EURCAD,inflation,0.0,mixed,constructed aggregate (sum/pair_divisor),both,0.0,0,0.0,False,False,2026-02-13
EURCAD,labour,-0.5,mixed,constructed aggregate (sum/pair_divisor),both,-0.25,0,-0.25,False,False,2026-02-13
EURCAD,monetary,-1.0,both,direct (single indicator),both,-0.5,0,-0.5,False,True,2026-02-13
GBPJPY,growth,0.0,mixed,constructed aggregate (sum/pair_divisor),both,0.0,0,0.0,False,False,2026-02-13
GBPJPY,inflation,0.0,mixed,constructed aggregate (sum/pair_divisor),both,0.0,0,0.0,False,False,2026-02-13
GBPJPY,labour,0.0,mixed,constructed aggregate (sum/pair_divisor),both,0.0,0,0.0,False,False,2026-02-13
GBPJPY,monetary,-2.0,both,direct (single indicator),both,-1.0,-1,-1.0,False,True,2026-02-13
GBPCHF,growth,0.0,mixed,constructed aggregate (sum/pair_divisor),both,0.0,0,0.0,False,False,2026-02-13
GBPCHF,inflation,0.5,mixed,constructed aggregate (sum/pair_divisor),both,0.0,0,0.5,False,False,2026-02-13
GBPCHF,labour,-1.0,mixed,constructed aggregate (sum/pair_divisor),both,-1.0,-1,0.0,False,False,2026-02-13
GBPCHF,monetary,0.0,base_only,direct (single indicator),base_only,0.0,0,0.0,False,True,2026-02-13
GBPAUD,growth,0.0,both,constructed aggregate (sum/pair_divisor),both,0.3333333333333333,0,-0.3333333333333333,False,False,2026-02-13
GBPAUD,inflation,-1.0,mixed,constructed aggregate (sum/pair_divisor),both,-0.3333333333333333,0,-0.6666666666666667,False,False,2026-02-13
GBPAUD,labour,-1.5,mixed,constructed aggregate (sum/pair_divisor),both,-0.5,0,-1.0,False,False,2026-02-13
GBPAUD,monetary,-1.0,both,direct (single indicator),both,-0.5,0,-0.5,False,True,2026-02-13
GBPNZD,growth,-0.5,both,constructed aggregate (sum/pair_divisor),both,-0.125,0,-0.375,False,False,2026-02-13
GBPNZD,inflation,0.0,mixed,constructed aggregate (sum/pair_divisor),both,0.0,0,0.0,False,False,2026-02-13
GBPNZD,labour,1.0,mixed,constructed aggregate (sum/pair_divisor),both,0.3333333333333333,0,0.6666666666666667,False,False,2026-02-13
GBPNZD,monetary,0.0,base_only,direct (single indicator),base_only,0.0,0,0.0,False,True,2026-02-13
GBPCAD,growth,0.0,mixed,constructed aggregate (sum/pair_divisor),both,0.0,0,0.0,False,False,2026-02-13
GBPCAD,inflation,0.5,mixed,constructed aggregate (sum/pair_divisor),both,0.16666666666666666,0,0.33333333333333337,False,False,2026-02-13
GBPCAD,labour,-1.0,mixed,constructed aggregate (sum/pair_divisor),both,-0.5,0,-0.5,False,False,2026-02-13
GBPCAD,monetary,0.0,both,direct (single indicator),both,0.0,0,0.0,False,True,2026-02-13
AUDJPY,growth,0.0,mixed,constructed aggregate (sum/pair_divisor),both,-0.3333333333333333,0,0.3333333333333333,False,False,2026-02-13
AUDJPY,inflation,1.0,mixed,constructed aggregate (sum/pair_divisor),both,0.3333333333333333,0,0.6666666666666667,False,False,2026-02-13
AUDJPY,labour,1.5,mixed,constructed aggregate (sum/pair_divisor),both,0.5,0,1.0,False,False,2026-02-13
AUDJPY,monetary,-1.0,both,direct (single indicator),both,-0.5,0,-0.5,False,True,2026-02-13
NZDJPY,growth,0.5,mixed,constructed aggregate (sum/pair_divisor),both,0.125,0,0.375,False,False,2026-02-13
NZDJPY,inflation,0.0,mixed,constructed aggregate (sum/pair_divisor),both,0.0,0,0.0,False,False,2026-02-13
NZDJPY,labour,-1.0,mixed,constructed aggregate (sum/pair_divisor),both,-0.3333333333333333,0,-0.6666666666666667,False,False,2026-02-13
NZDJPY,monetary,-2.0,quote_only,direct (single indicator),quote_only,-1.0,-1,-1.0,False,True,2026-02-13
CADJPY,growth,0.0,mixed,constructed aggregate (sum/pair_divisor),both,0.0,0,0.0,False,False,2026-02-13
CADJPY,inflation,-0.5,mixed,constructed aggregate (sum/pair_divisor),both,-0.16666666666666666,0,-0.33333333333333337,False,False,2026-02-13
CADJPY,labour,1.0,mixed,constructed aggregate (sum/pair_divisor),both,0.5,0,0.5,False,False,2026-02-13
CADJPY,monetary,-2.0,both,direct (single indicator),both,-1.0,-1,-1.0,False,True,2026-02-13
CHFJPY,growth,0.0,mixed,constructed aggregate (sum/pair_divisor),both,0.0,0,0.0,False,False,2026-02-13
CHFJPY,inflation,-0.5,mixed,constructed aggregate (sum/pair_divisor),both,0.0,0,-0.5,False,False,2026-02-13
CHFJPY,labour,1.0,mixed,constructed aggregate (sum/pair_divisor),both,1.0,1,0.0,False,False,2026-02-13
CHFJPY,monetary,-2.0,quote_only,direct (single indicator),quote_only,-1.0,-1,-1.0,False,True,2026-02-13
AUDNZD,growth,-0.5,both,constructed aggregate (sum/pair_divisor),both,-0.4583333333333333,0,-0.041666666666666685,False,False,2026-02-13
AUDNZD,inflation,1.0,mixed,constructed aggregate (sum/pair_divisor),both,0.3333333333333333,0,0.6666666666666667,False,False,2026-02-13
AUDNZD,labour,2.5,mixed,constructed aggregate (sum/pair_divisor),both,0.8333333333333333,1,1.6666666666666667,False,False,2026-02-13
AUDNZD,monetary,1.0,base_only,direct (single indicator),base_only,0.5,0,0.5,False,True,2026-02-13
AUDCAD,growth,0.0,mixed,constructed aggregate (sum/pair_divisor),both,-0.3333333333333333,0,0.3333333333333333,False,False,2026-02-13
AUDCAD,inflation,1.5,mixed,constructed aggregate (sum/pair_divisor),both,0.5,0,1.0,False,False,2026-02-13
AUDCAD,labour,0.5,mixed,constructed aggregate (sum/pair_divisor),both,0.0,0,0.5,False,False,2026-02-13
AUDCAD,monetary,1.0,both,direct (single indicator),both,0.5,0,0.5,False,True,2026-02-13
AUDCHF,growth,0.0,mixed,constructed aggregate (sum/pair_divisor),both,-0.3333333333333333,0,0.3333333333333333,False,False,2026-02-13
AUDCHF,inflation,1.5,mixed,constructed aggregate (sum/pair_divisor),both,0.3333333333333333,0,1.1666666666666667,False,False,2026-02-13
AUDCHF,labour,0.5,mixed,constructed aggregate (sum/pair_divisor),both,-0.5,0,1.0,False,False,2026-02-13
AUDCHF,monetary,1.0,base_only,direct (single indicator),base_only,0.5,0,0.5,False,True,2026-02-13
NZDCAD,growth,0.5,mixed,constructed aggregate (sum/pair_divisor),both,0.125,0,0.375,False,False,2026-02-13
NZDCAD,inflation,0.5,mixed,constructed aggregate (sum/pair_divisor),both,0.16666666666666666,0,0.33333333333333337,False,False,2026-02-13
NZDCAD,labour,-2.0,mixed,constructed aggregate (sum/pair_divisor),both,-0.8333333333333333,-1,-1.1666666666666667,False,False,2026-02-13
NZDCAD,monetary,0.0,quote_only,direct (single indicator),quote_only,0.0,0,0.0,False,True,2026-02-13
NZDCHF,growth,0.5,mixed,constructed aggregate (sum/pair_divisor),both,0.125,0,0.375,False,False,2026-02-13
NZDCHF,inflation,0.5,mixed,constructed aggregate (sum/pair_divisor),both,0.0,0,0.5,False,False,2026-02-13
NZDCHF,labour,-2.0,mixed,constructed aggregate (sum/pair_divisor),both,-1.3333333333333333,-1,-0.6666666666666667,False,False,2026-02-13
NZDCHF,monetary,,neither,direct (single indicator),neither,0.0,0,,False,True,2026-02-13
CADCHF,growth,0.0,mixed,constructed aggregate (sum/pair_divisor),both,0.0,0,0.0,False,False,2026-02-13
CADCHF,inflation,0.0,mixed,constructed aggregate (sum/pair_divisor),both,-0.16666666666666666,0,0.16666666666666666,False,False,2026-02-13
CADCHF,labour,0.0,mixed,constructed aggregate (sum/pair_divisor),both,-0.5,0,0.5,False,False,2026-02-13
CADCHF,monetary,0.0,base_only,direct (single indicator),base_only,0.0,0,0.0,False,True,2026-02-13
EURUSD,growth,-1.0,both,constructed aggregate (sum/pair_divisor),both,-0.29166666666666663,0,-0.7083333333333334,False,False,2026-02-20
EURUSD,inflation,-0.5,mixed,constructed aggregate (sum/pair_divisor),both,-0.16666666666666666,0,-0.33333333333333337,False,False,2026-02-20
EURUSD,labour,0.0,mixed,constructed aggregate (sum/pair_divisor),both,0.33333333333333337,0,-0.33333333333333337,False,False,2026-02-20
EURUSD,monetary,0.0,both,direct (single indicator),both,0.0,0,0.0,False,True,2026-02-20
GBPUSD,growth,-0.5,both,constructed aggregate (sum/pair_divisor),both,-0.16666666666666666,0,-0.33333333333333337,False,False,2026-02-20
GBPUSD,inflation,0.0,mixed,constructed aggregate (sum/pair_divisor),both,0.0,0,0.0,False,False,2026-02-20
GBPUSD,labour,-2.0,mixed,constructed aggregate (sum/pair_divisor),both,-0.5,0,-1.5,False,False,2026-02-20
GBPUSD,monetary,-1.0,both,direct (single indicator),both,-0.5,0,-0.5,False,True,2026-02-20
USDJPY,growth,1.5,mixed,constructed aggregate (sum/pair_divisor),both,0.5,0,1.0,False,False,2026-02-20
USDJPY,inflation,0.0,mixed,constructed aggregate (sum/pair_divisor),both,0.0,0,0.0,False,False,2026-02-20
USDJPY,labour,1.0,mixed,constructed aggregate (sum/pair_divisor),both,0.16666666666666666,0,0.8333333333333334,False,False,2026-02-20
USDJPY,monetary,-1.0,both,direct (single indicator),both,-0.5,0,-0.5,False,True,2026-02-20
USDCHF,growth,0.5,mixed,constructed aggregate (sum/pair_divisor),both,0.16666666666666666,0,0.33333333333333337,False,False,2026-02-20
USDCHF,inflation,0.0,mixed,constructed aggregate (sum/pair_divisor),both,0.0,0,0.0,False,False,2026-02-20
USDCHF,labour,0.0,mixed,constructed aggregate (sum/pair_divisor),both,-0.8333333333333334,-1,0.8333333333333334,False,False,2026-02-20
USDCHF,monetary,-1.0,base_only,direct (single indicator),base_only,-0.5,0,-0.5,False,True,2026-02-20
USDCAD,growth,0.5,mixed,constructed aggregate (sum/pair_divisor),both,0.16666666666666666,0,0.33333333333333337,False,False,2026-02-20
USDCAD,inflation,0.5,mixed,constructed aggregate (sum/pair_divisor),both,0.16666666666666666,0,0.33333333333333337,False,False,2026-02-20
USDCAD,labour,0.0,mixed,constructed aggregate (sum/pair_divisor),both,-0.33333333333333337,0,0.33333333333333337,False,False,2026-02-20
USDCAD,monetary,0.0,both,direct (single indicator),both,0.0,0,0.0,False,True,2026-02-20
AUDUSD,growth,-0.5,both,constructed aggregate (sum/pair_divisor),both,-0.5,0,0.0,False,False,2026-02-20
AUDUSD,inflation,1.0,mixed,constructed aggregate (sum/pair_divisor),both,0.25,0,0.75,False,False,2026-02-20
AUDUSD,labour,-0.5,mixed,constructed aggregate (sum/pair_divisor),both,0.0,0,-0.5,False,False,2026-02-20
AUDUSD,monetary,2.0,both,direct (single indicator),both,1.0,1,1.0,False,True,2026-02-20
NZDUSD,growth,0.0,both,constructed aggregate (sum/pair_divisor),both,-0.04166666666666666,0,0.04166666666666666,False,False,2026-02-20
NZDUSD,inflation,0.0,mixed,constructed aggregate (sum/pair_divisor),both,0.0,0,0.0,False,False,2026-02-20
NZDUSD,labour,-2.0,mixed,constructed aggregate (sum/pair_divisor),both,-0.5,0,-1.5,False,False,2026-02-20
NZDUSD,monetary,1.0,quote_only,direct (single indicator),quote_only,0.5,0,0.5,False,True,2026-02-20
EURGBP,growth,-0.5,both,constructed aggregate (sum/pair_divisor),both,-0.125,0,-0.375,False,False,2026-02-20
EURGBP,inflation,-0.5,mixed,constructed aggregate (sum/pair_divisor),both,-0.16666666666666666,0,-0.33333333333333337,False,False,2026-02-20
EURGBP,labour,2.0,mixed,constructed aggregate (sum/pair_divisor),both,0.8333333333333333,1,1.1666666666666667,False,False,2026-02-20
EURGBP,monetary,1.0,both,direct (single indicator),both,0.5,0,0.5,False,True,2026-02-20
EURJPY,growth,0.5,mixed,constructed aggregate (sum/pair_divisor),both,0.20833333333333331,0,0.2916666666666667,False,False,2026-02-20
EURJPY,inflation,-0.5,mixed,constructed aggregate (sum/pair_divisor),both,-0.16666666666666666,0,-0.33333333333333337,False,False,2026-02-20
EURJPY,labour,1.0,mixed,constructed aggregate (sum/pair_divisor),both,0.5,0,0.5,False,False,2026-02-20
EURJPY,monetary,-1.0,both,direct (single indicator),both,-0.5,0,-0.5,False,True,2026-02-20
EURCHF,growth,-0.5,mixed,constructed aggregate (sum/pair_divisor),both,-0.125,0,-0.375,False,False,2026-02-20
EURCHF,inflation,-0.5,mixed,constructed aggregate (sum/pair_divisor),both,-0.16666666666666666,0,-0.33333333333333337,False,False,2026-02-20
EURCHF,labour,0.0,mixed,constructed aggregate (sum/pair_divisor),both,-0.5,0,0.5,False,False,2026-02-20
EURCHF,monetary,-1.0,base_only,direct (single indicator),base_only,-0.5,0,-0.5,False,True,2026-02-20
EURAUD,growth,-0.5,both,constructed aggregate (sum/pair_divisor),both,0.20833333333333331,0,-0.7083333333333333,False,False,2026-02-20
EURAUD,inflation,-1.5,mixed,constructed aggregate (sum/pair_divisor),both,-0.41666666666666663,0,-1.0833333333333335,False,False,2026-02-20
EURAUD,labour,0.5,mixed,constructed aggregate (sum/pair_divisor),both,0.33333333333333337,0,0.16666666666666663,False,False,2026-02-20
EURAUD,monetary,-2.0,both,direct (single indicator),both,-1.0,-1,-1.0,False,True,2026-02-20
EURNZD,growth,-1.0,both,constructed aggregate (sum/pair_divisor),both,-0.25,0,-0.75,False,False,2026-02-20
EURNZD,inflation,-0.5,mixed,constructed aggregate (sum/pair_divisor),both,-0.16666666666666666,0,-0.33333333333333337,False,False,2026-02-20
EURNZD,labour,2.0,mixed,constructed aggregate (sum/pair_divisor),both,0.8333333333333333,1,1.1666666666666667,False,False,2026-02-20
EURNZD,monetary,-1.0,base_only,direct (single indicator),base_only,-0.5,0,-0.5,False,True,2026-02-20
EURCAD,growth,-0.5,mixed,constructed aggregate (sum/pair_divisor),both,-0.125,0,-0.375,False,False,2026-02-20
EURCAD,inflation,0.0,mixed,constructed aggregate (sum/pair_divisor),both,0.0,0,0.0,False,False,2026-02-20
EURCAD,labour,0.0,mixed,constructed aggregate (sum/pair_divisor),both,0.0,0,0.0,False,False,2026-02-20
EURCAD,monetary,0.0,both,direct (single indicator),both,0.0,0,0.0,False,True,2026-02-20
GBPJPY,growth,1.0,mixed,constructed aggregate (sum/pair_divisor),both,0.3333333333333333,0,0.6666666666666667,False,False,2026-02-20
GBPJPY,inflation,0.0,mixed,constructed aggregate (sum/pair_divisor),both,0.0,0,0.0,False,False,2026-02-20
GBPJPY,labour,-1.0,mixed,constructed aggregate (sum/pair_divisor),both,-0.3333333333333333,0,-0.6666666666666667,False,False,2026-02-20
GBPJPY,monetary,-2.0,both,direct (single indicator),both,-1.0,-1,-1.0,False,True,2026-02-20
GBPCHF,growth,0.0,mixed,constructed aggregate (sum/pair_divisor),both,0.0,0,0.0,False,False,2026-02-20
GBPCHF,inflation,0.0,mixed,constructed aggregate (sum/pair_divisor),both,0.0,0,0.0,False,False,2026-02-20
GBPCHF,labour,-2.0,mixed,constructed aggregate (sum/pair_divisor),both,-1.3333333333333333,-1,-0.6666666666666667,False,False,2026-02-20
GBPCHF,monetary,-2.0,base_only,direct (single indicator),base_only,-1.0,-1,-1.0,False,True,2026-02-20
GBPAUD,growth,0.0,both,constructed aggregate (sum/pair_divisor),both,0.3333333333333333,0,-0.3333333333333333,False,False,2026-02-20
GBPAUD,inflation,-1.0,mixed,constructed aggregate (sum/pair_divisor),both,-0.25,0,-0.75,False,False,2026-02-20
GBPAUD,labour,-1.5,mixed,constructed aggregate (sum/pair_divisor),both,-0.5,0,-1.0,False,False,2026-02-20
GBPAUD,monetary,-3.0,both,direct (single indicator),both,-1.5,-2,-1.5,False,True,2026-02-20
GBPNZD,growth,-0.5,both,constructed aggregate (sum/pair_divisor),both,-0.125,0,-0.375,False,False,2026-02-20
GBPNZD,inflation,0.0,mixed,constructed aggregate (sum/pair_divisor),both,0.0,0,0.0,False,False,2026-02-20
GBPNZD,labour,0.0,mixed,constructed aggregate (sum/pair_divisor),both,0.0,0,0.0,False,False,2026-02-20
GBPNZD,monetary,-2.0,base_only,direct (single indicator),base_only,-1.0,-1,-1.0,False,True,2026-02-20
GBPCAD,growth,0.0,mixed,constructed aggregate (sum/pair_divisor),both,0.0,0,0.0,False,False,2026-02-20
GBPCAD,inflation,0.5,mixed,constructed aggregate (sum/pair_divisor),both,0.16666666666666666,0,0.33333333333333337,False,False,2026-02-20
GBPCAD,labour,-2.0,mixed,constructed aggregate (sum/pair_divisor),both,-0.8333333333333333,-1,-1.1666666666666667,False,False,2026-02-20
GBPCAD,monetary,-1.0,both,direct (single indicator),both,-0.5,0,-0.5,False,True,2026-02-20
AUDJPY,growth,1.0,mixed,constructed aggregate (sum/pair_divisor),both,0.0,0,1.0,False,False,2026-02-20
AUDJPY,inflation,1.0,mixed,constructed aggregate (sum/pair_divisor),both,0.25,0,0.75,False,False,2026-02-20
AUDJPY,labour,0.5,mixed,constructed aggregate (sum/pair_divisor),both,0.16666666666666666,0,0.33333333333333337,False,False,2026-02-20
AUDJPY,monetary,1.0,both,direct (single indicator),both,0.5,0,0.5,False,True,2026-02-20
NZDJPY,growth,1.5,mixed,constructed aggregate (sum/pair_divisor),both,0.4583333333333333,0,1.0416666666666667,False,False,2026-02-20
NZDJPY,inflation,0.0,mixed,constructed aggregate (sum/pair_divisor),both,0.0,0,0.0,False,False,2026-02-20
NZDJPY,labour,-1.0,mixed,constructed aggregate (sum/pair_divisor),both,-0.3333333333333333,0,-0.6666666666666667,False,False,2026-02-20
NZDJPY,monetary,0.0,quote_only,direct (single indicator),quote_only,0.0,0,0.0,False,True,2026-02-20
CADJPY,growth,1.0,mixed,constructed aggregate (sum/pair_divisor),both,0.3333333333333333,0,0.6666666666666667,False,False,2026-02-20
CADJPY,inflation,-0.5,mixed,constructed aggregate (sum/pair_divisor),both,-0.16666666666666666,0,-0.33333333333333337,False,False,2026-02-20
CADJPY,labour,1.0,mixed,constructed aggregate (sum/pair_divisor),both,0.5,0,0.5,False,False,2026-02-20
CADJPY,monetary,-1.0,both,direct (single indicator),both,-0.5,0,-0.5,False,True,2026-02-20
CHFJPY,growth,1.0,mixed,constructed aggregate (sum/pair_divisor),both,0.3333333333333333,0,0.6666666666666667,False,False,2026-02-20
CHFJPY,inflation,0.0,mixed,constructed aggregate (sum/pair_divisor),both,0.0,0,0.0,False,False,2026-02-20
CHFJPY,labour,1.0,mixed,constructed aggregate (sum/pair_divisor),both,1.0,1,0.0,False,False,2026-02-20
CHFJPY,monetary,0.0,quote_only,direct (single indicator),quote_only,0.0,0,0.0,False,True,2026-02-20
AUDNZD,growth,-0.5,both,constructed aggregate (sum/pair_divisor),both,-0.4583333333333333,0,-0.041666666666666685,False,False,2026-02-20
AUDNZD,inflation,1.0,mixed,constructed aggregate (sum/pair_divisor),both,0.25,0,0.75,False,False,2026-02-20
AUDNZD,labour,1.5,mixed,constructed aggregate (sum/pair_divisor),both,0.5,0,1.0,False,False,2026-02-20
AUDNZD,monetary,1.0,base_only,direct (single indicator),base_only,0.5,0,0.5,False,True,2026-02-20
AUDCAD,growth,0.0,mixed,constructed aggregate (sum/pair_divisor),both,-0.3333333333333333,0,0.3333333333333333,False,False,2026-02-20
AUDCAD,inflation,1.5,mixed,constructed aggregate (sum/pair_divisor),both,0.41666666666666663,0,1.0833333333333335,False,False,2026-02-20
AUDCAD,labour,-0.5,mixed,constructed aggregate (sum/pair_divisor),both,-0.33333333333333337,0,-0.16666666666666663,False,False,2026-02-20
AUDCAD,monetary,2.0,both,direct (single indicator),both,1.0,1,1.0,False,True,2026-02-20
AUDCHF,growth,0.0,mixed,constructed aggregate (sum/pair_divisor),both,-0.3333333333333333,0,0.3333333333333333,False,False,2026-02-20
AUDCHF,inflation,1.0,mixed,constructed aggregate (sum/pair_divisor),both,0.25,0,0.75,False,False,2026-02-20
AUDCHF,labour,-0.5,mixed,constructed aggregate (sum/pair_divisor),both,-0.8333333333333334,-1,0.33333333333333337,False,False,2026-02-20
AUDCHF,monetary,1.0,base_only,direct (single indicator),base_only,0.5,0,0.5,False,True,2026-02-20
NZDCAD,growth,0.5,mixed,constructed aggregate (sum/pair_divisor),both,0.125,0,0.375,False,False,2026-02-20
NZDCAD,inflation,0.5,mixed,constructed aggregate (sum/pair_divisor),both,0.16666666666666666,0,0.33333333333333337,False,False,2026-02-20
NZDCAD,labour,-2.0,mixed,constructed aggregate (sum/pair_divisor),both,-0.8333333333333333,-1,-1.1666666666666667,False,False,2026-02-20
NZDCAD,monetary,1.0,quote_only,direct (single indicator),quote_only,0.5,0,0.5,False,True,2026-02-20
NZDCHF,growth,0.5,mixed,constructed aggregate (sum/pair_divisor),both,0.125,0,0.375,False,False,2026-02-20
NZDCHF,inflation,0.0,mixed,constructed aggregate (sum/pair_divisor),both,0.0,0,0.0,False,False,2026-02-20
NZDCHF,labour,-2.0,mixed,constructed aggregate (sum/pair_divisor),both,-1.3333333333333333,-1,-0.6666666666666667,False,False,2026-02-20
NZDCHF,monetary,,neither,direct (single indicator),neither,0.0,0,,False,True,2026-02-20
CADCHF,growth,0.0,mixed,constructed aggregate (sum/pair_divisor),both,0.0,0,0.0,False,False,2026-02-20
CADCHF,inflation,-0.5,mixed,constructed aggregate (sum/pair_divisor),both,-0.16666666666666666,0,-0.33333333333333337,False,False,2026-02-20
CADCHF,labour,0.0,mixed,constructed aggregate (sum/pair_divisor),both,-0.5,0,0.5,False,False,2026-02-20
CADCHF,monetary,-1.0,base_only,direct (single indicator),base_only,-0.5,0,-0.5,False,True,2026-02-20
EURUSD,growth,-1.0,both,constructed aggregate (sum/pair_divisor),both,-0.29166666666666663,0,-0.7083333333333334,False,False,2026-02-27
EURUSD,inflation,-0.5,mixed,constructed aggregate (sum/pair_divisor),both,-0.16666666666666666,0,-0.33333333333333337,False,False,2026-02-27
EURUSD,labour,0.5,mixed,constructed aggregate (sum/pair_divisor),both,0.4166666666666667,0,0.08333333333333331,False,False,2026-02-27
EURUSD,monetary,2.0,both,direct (single indicator),both,1.0,1,1.0,False,True,2026-02-27
GBPUSD,growth,0.0,both,constructed aggregate (sum/pair_divisor),both,-0.04166666666666666,0,0.04166666666666666,False,False,2026-02-27
GBPUSD,inflation,0.0,mixed,constructed aggregate (sum/pair_divisor),both,0.0,0,0.0,False,False,2026-02-27
GBPUSD,labour,-1.5,mixed,constructed aggregate (sum/pair_divisor),both,-0.41666666666666663,0,-1.0833333333333335,False,False,2026-02-27
GBPUSD,monetary,0.0,both,direct (single indicator),both,0.0,0,0.0,False,True,2026-02-27
USDJPY,growth,1.0,mixed,constructed aggregate (sum/pair_divisor),both,0.3333333333333333,0,0.6666666666666667,False,False,2026-02-27
USDJPY,inflation,0.0,mixed,constructed aggregate (sum/pair_divisor),both,0.0,0,0.0,False,False,2026-02-27
USDJPY,labour,0.5,mixed,constructed aggregate (sum/pair_divisor),both,0.08333333333333333,0,0.4166666666666667,False,False,2026-02-27
USDJPY,monetary,-2.0,both,direct (single indicator),both,-1.0,-1,-1.0,False,True,2026-02-27
USDCHF,growth,0.5,mixed,constructed aggregate (sum/pair_divisor),both,0.16666666666666666,0,0.33333333333333337,False,False,2026-02-27
USDCHF,inflation,0.5,mixed,constructed aggregate (sum/pair_divisor),both,0.25,0,0.25,False,False,2026-02-27
USDCHF,labour,-0.5,mixed,constructed aggregate (sum/pair_divisor),both,-0.9166666666666666,-1,0.41666666666666663,False,False,2026-02-27
USDCHF,monetary,-2.0,base_only,direct (single indicator),base_only,-1.0,-1,-1.0,False,True,2026-02-27
USDCAD,growth,-0.5,mixed,constructed aggregate (sum/pair_divisor),both,-0.16666666666666666,0,-0.33333333333333337,False,False,2026-02-27
USDCAD,inflation,0.5,mixed,constructed aggregate (sum/pair_divisor),both,0.16666666666666666,0,0.33333333333333337,False,False,2026-02-27
USDCAD,labour,-0.5,mixed,constructed aggregate (sum/pair_divisor),both,-0.4166666666666667,0,-0.08333333333333331,False,False,2026-02-27
USDCAD,monetary,0.0,both,direct (single indicator),both,0.0,0,0.0,False,True,2026-02-27
AUDUSD,growth,-0.5,both,constructed aggregate (sum/pair_divisor),both,-0.5,0,0.0,False,False,2026-02-27
AUDUSD,inflation,1.0,mixed,constructed aggregate (sum/pair_divisor),both,0.25,0,0.75,False,False,2026-02-27
AUDUSD,labour,0.0,mixed,constructed aggregate (sum/pair_divisor),both,0.08333333333333333,0,-0.08333333333333333,False,False,2026-02-27
AUDUSD,monetary,2.0,both,direct (single indicator),both,1.0,1,1.0,False,True,2026-02-27
NZDUSD,growth,0.0,both,constructed aggregate (sum/pair_divisor),both,-0.04166666666666666,0,0.04166666666666666,False,False,2026-02-27
NZDUSD,inflation,0.0,mixed,constructed aggregate (sum/pair_divisor),both,0.0,0,0.0,False,False,2026-02-27
NZDUSD,labour,-1.5,mixed,constructed aggregate (sum/pair_divisor),both,-0.41666666666666663,0,-1.0833333333333335,False,False,2026-02-27
NZDUSD,monetary,2.0,quote_only,direct (single indicator),quote_only,1.0,1,1.0,False,True,2026-02-27
EURGBP,growth,-1.0,both,constructed aggregate (sum/pair_divisor),both,-0.25,0,-0.75,False,False,2026-02-27
EURGBP,inflation,-0.5,mixed,constructed aggregate (sum/pair_divisor),both,-0.16666666666666666,0,-0.33333333333333337,False,False,2026-02-27
EURGBP,labour,2.0,mixed,constructed aggregate (sum/pair_divisor),both,0.8333333333333333,1,1.1666666666666667,False,False,2026-02-27
EURGBP,monetary,2.0,both,direct (single indicator),both,1.0,1,1.0,False,True,2026-02-27
EURJPY,growth,0.0,mixed,constructed aggregate (sum/pair_divisor),both,0.04166666666666666,0,-0.04166666666666666,False,False,2026-02-27
EURJPY,inflation,-0.5,mixed,constructed aggregate (sum/pair_divisor),both,-0.16666666666666666,0,-0.33333333333333337,False,False,2026-02-27
EURJPY,labour,1.0,mixed,constructed aggregate (sum/pair_divisor),both,0.5,0,0.5,False,False,2026-02-27
EURJPY,monetary,0.0,both,direct (single indicator),both,0.0,0,0.0,False,True,2026-02-27
EURCHF,growth,-0.5,mixed,constructed aggregate (sum/pair_divisor),both,-0.125,0,-0.375,False,False,2026-02-27
EURCHF,inflation,0.0,mixed,constructed aggregate (sum/pair_divisor),both,0.08333333333333334,0,-0.08333333333333334,False,False,2026-02-27
EURCHF,labour,0.0,mixed,constructed aggregate (sum/pair_divisor),both,-0.5,0,0.5,False,False,2026-02-27
EURCHF,monetary,0.0,base_only,direct (single indicator),base_only,0.0,0,0.0,False,True,2026-02-27
EURAUD,growth,-0.5,both,constructed aggregate (sum/pair_divisor),both,0.20833333333333331,0,-0.7083333333333333,False,False,2026-02-27
EURAUD,inflation,-1.5,mixed,constructed aggregate (sum/pair_divisor),both,-0.41666666666666663,0,-1.0833333333333335,False,False,2026-02-27
EURAUD,labour,0.5,mixed,constructed aggregate (sum/pair_divisor),both,0.33333333333333337,0,0.16666666666666663,False,False,2026-02-27
EURAUD,monetary,0.0,both,direct (single indicator),both,0.0,0,0.0,False,True,2026-02-27
EURNZD,growth,-1.0,both,constructed aggregate (sum/pair_divisor),both,-0.25,0,-0.75,False,False,2026-02-27
EURNZD,inflation,-0.5,mixed,constructed aggregate (sum/pair_divisor),both,-0.16666666666666666,0,-0.33333333333333337,False,False,2026-02-27
EURNZD,labour,2.0,mixed,constructed aggregate (sum/pair_divisor),both,0.8333333333333333,1,1.1666666666666667,False,False,2026-02-27
EURNZD,monetary,0.0,base_only,direct (single indicator),base_only,0.0,0,0.0,False,True,2026-02-27
EURCAD,growth,-1.5,mixed,constructed aggregate (sum/pair_divisor),both,-0.4583333333333333,0,-1.0416666666666667,False,False,2026-02-27
EURCAD,inflation,0.0,mixed,constructed aggregate (sum/pair_divisor),both,0.0,0,0.0,False,False,2026-02-27
EURCAD,labour,0.0,mixed,constructed aggregate (sum/pair_divisor),both,0.0,0,0.0,False,False,2026-02-27
EURCAD,monetary,2.0,both,direct (single indicator),both,1.0,1,1.0,False,True,2026-02-27
GBPJPY,growth,1.0,mixed,constructed aggregate (sum/pair_divisor),both,0.29166666666666663,0,0.7083333333333334,False,False,2026-02-27
GBPJPY,inflation,0.0,mixed,constructed aggregate (sum/pair_divisor),both,0.0,0,0.0,False,False,2026-02-27
GBPJPY,labour,-1.0,mixed,constructed aggregate (sum/pair_divisor),both,-0.3333333333333333,0,-0.6666666666666667,False,False,2026-02-27
GBPJPY,monetary,-2.0,both,direct (single indicator),both,-1.0,-1,-1.0,False,True,2026-02-27
GBPCHF,growth,0.5,mixed,constructed aggregate (sum/pair_divisor),both,0.125,0,0.375,False,False,2026-02-27
GBPCHF,inflation,0.5,mixed,constructed aggregate (sum/pair_divisor),both,0.25,0,0.25,False,False,2026-02-27
GBPCHF,labour,-2.0,mixed,constructed aggregate (sum/pair_divisor),both,-1.3333333333333333,-1,-0.6666666666666667,False,False,2026-02-27
GBPCHF,monetary,-2.0,base_only,direct (single indicator),base_only,-1.0,-1,-1.0,False,True,2026-02-27
GBPAUD,growth,0.5,both,constructed aggregate (sum/pair_divisor),both,0.4583333333333333,0,0.041666666666666685,False,False,2026-02-27
GBPAUD,inflation,-1.0,mixed,constructed aggregate (sum/pair_divisor),both,-0.25,0,-0.75,False,False,2026-02-27
GBPAUD,labour,-1.5,mixed,constructed aggregate (sum/pair_divisor),both,-0.5,0,-1.0,False,False,2026-02-27
GBPAUD,monetary,-2.0,both,direct (single indicator),both,-1.0,-1,-1.0,False,True,2026-02-27
GBPNZD,growth,0.0,both,constructed aggregate (sum/pair_divisor),both,0.0,0,0.0,False,False,2026-02-27
GBPNZD,inflation,0.0,mixed,constructed aggregate (sum/pair_divisor),both,0.0,0,0.0,False,False,2026-02-27
GBPNZD,labour,0.0,mixed,constructed aggregate (sum/pair_divisor),both,0.0,0,0.0,False,False,2026-02-27
GBPNZD,monetary,-2.0,base_only,direct (single indicator),base_only,-1.0,-1,-1.0,False,True,2026-02-27
GBPCAD,growth,-0.5,mixed,constructed aggregate (sum/pair_divisor),both,-0.20833333333333331,0,-0.2916666666666667,False,False,2026-02-27
GBPCAD,inflation,0.5,mixed,constructed aggregate (sum/pair_divisor),both,0.16666666666666666,0,0.33333333333333337,False,False,2026-02-27
GBPCAD,labour,-2.0,mixed,constructed aggregate (sum/pair_divisor),both,-0.8333333333333333,-1,-1.1666666666666667,False,False,2026-02-27
GBPCAD,monetary,0.0,both,direct (single indicator),both,0.0,0,0.0,False,True,2026-02-27
AUDJPY,growth,0.5,mixed,constructed aggregate (sum/pair_divisor),both,-0.16666666666666666,0,0.6666666666666666,False,False,2026-02-27
AUDJPY,inflation,1.0,mixed,constructed aggregate (sum/pair_divisor),both,0.25,0,0.75,False,False,2026-02-27
AUDJPY,labour,0.5,mixed,constructed aggregate (sum/pair_divisor),both,0.16666666666666666,0,0.33333333333333337,False,False,2026-02-27
AUDJPY,monetary,0.0,both,direct (single indicator),both,0.0,0,0.0,False,True,2026-02-27
NZDJPY,growth,1.0,mixed,constructed aggregate (sum/pair_divisor),both,0.29166666666666663,0,0.7083333333333334,False,False,2026-02-27
NZDJPY,inflation,0.0,mixed,constructed aggregate (sum/pair_divisor),both,0.0,0,0.0,False,False,2026-02-27
NZDJPY,labour,-1.0,mixed,constructed aggregate (sum/pair_divisor),both,-0.3333333333333333,0,-0.6666666666666667,False,False,2026-02-27
NZDJPY,monetary,0.0,quote_only,direct (single indicator),quote_only,0.0,0,0.0,False,True,2026-02-27
CADJPY,growth,1.5,mixed,constructed aggregate (sum/pair_divisor),both,0.5,0,1.0,False,False,2026-02-27
CADJPY,inflation,-0.5,mixed,constructed aggregate (sum/pair_divisor),both,-0.16666666666666666,0,-0.33333333333333337,False,False,2026-02-27
CADJPY,labour,1.0,mixed,constructed aggregate (sum/pair_divisor),both,0.5,0,0.5,False,False,2026-02-27
CADJPY,monetary,-2.0,both,direct (single indicator),both,-1.0,-1,-1.0,False,True,2026-02-27
CHFJPY,growth,0.5,mixed,constructed aggregate (sum/pair_divisor),both,0.16666666666666666,0,0.33333333333333337,False,False,2026-02-27
CHFJPY,inflation,-0.5,mixed,constructed aggregate (sum/pair_divisor),both,-0.25,0,-0.25,False,False,2026-02-27
CHFJPY,labour,1.0,mixed,constructed aggregate (sum/pair_divisor),both,1.0,1,0.0,False,False,2026-02-27
CHFJPY,monetary,0.0,quote_only,direct (single indicator),quote_only,0.0,0,0.0,False,True,2026-02-27
AUDNZD,growth,-0.5,both,constructed aggregate (sum/pair_divisor),both,-0.4583333333333333,0,-0.041666666666666685,False,False,2026-02-27
AUDNZD,inflation,1.0,mixed,constructed aggregate (sum/pair_divisor),both,0.25,0,0.75,False,False,2026-02-27
AUDNZD,labour,1.5,mixed,constructed aggregate (sum/pair_divisor),both,0.5,0,1.0,False,False,2026-02-27
AUDNZD,monetary,0.0,base_only,direct (single indicator),base_only,0.0,0,0.0,False,True,2026-02-27
AUDCAD,growth,-1.0,mixed,constructed aggregate (sum/pair_divisor),both,-0.6666666666666666,-1,-0.33333333333333337,False,False,2026-02-27
AUDCAD,inflation,1.5,mixed,constructed aggregate (sum/pair_divisor),both,0.41666666666666663,0,1.0833333333333335,False,False,2026-02-27
AUDCAD,labour,-0.5,mixed,constructed aggregate (sum/pair_divisor),both,-0.33333333333333337,0,-0.16666666666666663,False,False,2026-02-27
AUDCAD,monetary,2.0,both,direct (single indicator),both,1.0,1,1.0,False,True,2026-02-27
AUDCHF,growth,0.0,mixed,constructed aggregate (sum/pair_divisor),both,-0.3333333333333333,0,0.3333333333333333,False,False,2026-02-27
AUDCHF,inflation,1.5,mixed,constructed aggregate (sum/pair_divisor),both,0.5,0,1.0,False,False,2026-02-27
AUDCHF,labour,-0.5,mixed,constructed aggregate (sum/pair_divisor),both,-0.8333333333333334,-1,0.33333333333333337,False,False,2026-02-27
AUDCHF,monetary,0.0,base_only,direct (single indicator),base_only,0.0,0,0.0,False,True,2026-02-27
NZDCAD,growth,-0.5,mixed,constructed aggregate (sum/pair_divisor),both,-0.20833333333333331,0,-0.2916666666666667,False,False,2026-02-27
NZDCAD,inflation,0.5,mixed,constructed aggregate (sum/pair_divisor),both,0.16666666666666666,0,0.33333333333333337,False,False,2026-02-27
NZDCAD,labour,-2.0,mixed,constructed aggregate (sum/pair_divisor),both,-0.8333333333333333,-1,-1.1666666666666667,False,False,2026-02-27
NZDCAD,monetary,2.0,quote_only,direct (single indicator),quote_only,1.0,1,1.0,False,True,2026-02-27
NZDCHF,growth,0.5,mixed,constructed aggregate (sum/pair_divisor),both,0.125,0,0.375,False,False,2026-02-27
NZDCHF,inflation,0.5,mixed,constructed aggregate (sum/pair_divisor),both,0.25,0,0.25,False,False,2026-02-27
NZDCHF,labour,-2.0,mixed,constructed aggregate (sum/pair_divisor),both,-1.3333333333333333,-1,-0.6666666666666667,False,False,2026-02-27
NZDCHF,monetary,,neither,direct (single indicator),neither,0.0,0,,False,True,2026-02-27
CADCHF,growth,1.0,mixed,constructed aggregate (sum/pair_divisor),both,0.3333333333333333,0,0.6666666666666667,False,False,2026-02-27
CADCHF,inflation,0.0,mixed,constructed aggregate (sum/pair_divisor),both,0.08333333333333334,0,-0.08333333333333334,False,False,2026-02-27
CADCHF,labour,0.0,mixed,constructed aggregate (sum/pair_divisor),both,-0.5,0,0.5,False,False,2026-02-27
CADCHF,monetary,-2.0,base_only,direct (single indicator),base_only,-1.0,-1,-1.0,False,True,2026-02-27
EURUSD,growth,-0.5,both,constructed aggregate (sum/pair_divisor),both,-0.125,0,-0.375,False,False,2026-03-06
EURUSD,inflation,3.0,mixed,constructed aggregate (sum/pair_divisor),both,1.0,1,2.0,False,False,2026-03-06
EURUSD,labour,0.5,mixed,constructed aggregate (sum/pair_divisor),both,0.4166666666666667,0,0.08333333333333331,False,False,2026-03-06
EURUSD,monetary,2.0,both,direct (single indicator),both,1.0,1,1.0,False,True,2026-03-06
GBPUSD,growth,0.5,both,constructed aggregate (sum/pair_divisor),both,0.125,0,0.375,False,False,2026-03-06
GBPUSD,inflation,0.0,mixed,constructed aggregate (sum/pair_divisor),both,0.0,0,0.0,False,False,2026-03-06
GBPUSD,labour,-1.5,mixed,constructed aggregate (sum/pair_divisor),both,-0.41666666666666663,0,-1.0833333333333335,False,False,2026-03-06
GBPUSD,monetary,2.0,both,direct (single indicator),both,1.0,1,1.0,False,True,2026-03-06
USDJPY,growth,0.5,mixed,constructed aggregate (sum/pair_divisor),both,0.16666666666666666,0,0.33333333333333337,False,False,2026-03-06
USDJPY,inflation,0.0,mixed,constructed aggregate (sum/pair_divisor),both,0.0,0,0.0,False,False,2026-03-06
USDJPY,labour,1.0,mixed,constructed aggregate (sum/pair_divisor),both,0.3333333333333333,0,0.6666666666666667,False,False,2026-03-06
USDJPY,monetary,0.0,both,direct (single indicator),both,0.0,0,0.0,False,True,2026-03-06
USDCHF,growth,1.5,mixed,constructed aggregate (sum/pair_divisor),both,0.5,0,1.0,False,False,2026-03-06
USDCHF,inflation,0.0,mixed,constructed aggregate (sum/pair_divisor),both,0.0,0,0.0,False,False,2026-03-06
USDCHF,labour,1.5,mixed,constructed aggregate (sum/pair_divisor),both,1.0833333333333333,1,0.41666666666666674,False,False,2026-03-06
USDCHF,monetary,0.0,base_only,direct (single indicator),base_only,0.0,0,0.0,False,True,2026-03-06
USDCAD,growth,-2.0,mixed,constructed aggregate (sum/pair_divisor),both,-0.6666666666666666,-1,-1.3333333333333335,False,False,2026-03-06
USDCAD,inflation,0.5,mixed,constructed aggregate (sum/pair_divisor),both,0.5,0,0.0,False,False,2026-03-06
USDCAD,labour,-0.5,mixed,constructed aggregate (sum/pair_divisor),both,-0.4166666666666667,0,-0.08333333333333331,False,False,2026-03-06
USDCAD,monetary,0.0,both,direct (single indicator),both,0.0,0,0.0,False,True,2026-03-06
AUDUSD,growth,1.0,both,constructed aggregate (sum/pair_divisor),both,0.0,0,1.0,False,False,2026-03-06
AUDUSD,inflation,1.0,mixed,constructed aggregate (sum/pair_divisor),both,0.25,0,0.75,False,False,2026-03-06
AUDUSD,labour,0.0,mixed,constructed aggregate (sum/pair_divisor),both,0.08333333333333333,0,-0.08333333333333333,False,False,2026-03-06
AUDUSD,monetary,0.0,both,direct (single indicator),both,0.0,0,0.0,False,True,2026-03-06
NZDUSD,growth,0.5,both,constructed aggregate (sum/pair_divisor),both,0.125,0,0.375,False,False,2026-03-06
NZDUSD,inflation,0.0,mixed,constructed aggregate (sum/pair_divisor),both,0.0,0,0.0,False,False,2026-03-06
NZDUSD,labour,-1.5,mixed,constructed aggregate (sum/pair_divisor),both,-0.41666666666666663,0,-1.0833333333333335,False,False,2026-03-06
NZDUSD,monetary,0.0,quote_only,direct (single indicator),quote_only,0.0,0,0.0,False,True,2026-03-06
EURGBP,growth,-1.0,both,constructed aggregate (sum/pair_divisor),both,-0.25,0,-0.75,False,False,2026-03-06
EURGBP,inflation,3.0,mixed,constructed aggregate (sum/pair_divisor),both,1.0,1,2.0,False,False,2026-03-06
EURGBP,labour,2.0,mixed,constructed aggregate (sum/pair_divisor),both,0.8333333333333333,1,1.1666666666666667,False,False,2026-03-06
EURGBP,monetary,0.0,both,direct (single indicator),both,0.0,0,0.0,False,True,2026-03-06
EURJPY,growth,0.0,mixed,constructed aggregate (sum/pair_divisor),both,0.04166666666666666,0,-0.04166666666666666,False,False,2026-03-06
EURJPY,inflation,3.0,mixed,constructed aggregate (sum/pair_divisor),both,1.0,1,2.0,False,False,2026-03-06
EURJPY,labour,1.5,mixed,constructed aggregate (sum/pair_divisor),both,0.75,1,0.75,False,False,2026-03-06
EURJPY,monetary,2.0,both,direct (single indicator),both,1.0,1,1.0,False,True,2026-03-06
EURCHF,growth,1.0,mixed,constructed aggregate (sum/pair_divisor),both,0.375,0,0.625,False,False,2026-03-06
EURCHF,inflation,3.0,mixed,constructed aggregate (sum/pair_divisor),both,1.0,1,2.0,False,False,2026-03-06
EURCHF,labour,2.0,mixed,constructed aggregate (sum/pair_divisor),both,1.5,2,0.5,False,False,2026-03-06
EURCHF,monetary,2.0,base_only,direct (single indicator),base_only,1.0,1,1.0,False,True,2026-03-06
EURAUD,growth,-1.5,both,constructed aggregate (sum/pair_divisor),both,-0.125,0,-1.375,False,False,2026-03-06
EURAUD,inflation,2.0,mixed,constructed aggregate (sum/pair_divisor),both,0.75,1,1.25,False,False,2026-03-06
EURAUD,labour,0.5,mixed,constructed aggregate (sum/pair_divisor),both,0.33333333333333337,0,0.16666666666666663,False,False,2026-03-06
EURAUD,monetary,2.0,both,direct (single indicator),both,1.0,1,1.0,False,True,2026-03-06
EURNZD,growth,-1.0,both,constructed aggregate (sum/pair_divisor),both,-0.25,0,-0.75,False,False,2026-03-06
EURNZD,inflation,3.0,mixed,constructed aggregate (sum/pair_divisor),both,1.0,1,2.0,False,False,2026-03-06
EURNZD,labour,2.0,mixed,constructed aggregate (sum/pair_divisor),both,0.8333333333333333,1,1.1666666666666667,False,False,2026-03-06
EURNZD,monetary,2.0,base_only,direct (single indicator),base_only,1.0,1,1.0,False,True,2026-03-06
EURCAD,growth,-2.5,mixed,constructed aggregate (sum/pair_divisor),both,-0.7916666666666666,-1,-1.7083333333333335,False,False,2026-03-06
EURCAD,inflation,3.5,mixed,constructed aggregate (sum/pair_divisor),both,1.5,2,2.0,False,False,2026-03-06
EURCAD,labour,0.0,mixed,constructed aggregate (sum/pair_divisor),both,0.0,0,0.0,False,False,2026-03-06
EURCAD,monetary,2.0,both,direct (single indicator),both,1.0,1,1.0,False,True,2026-03-06
GBPJPY,growth,1.0,mixed,constructed aggregate (sum/pair_divisor),both,0.29166666666666663,0,0.7083333333333334,False,False,2026-03-06
GBPJPY,inflation,0.0,mixed,constructed aggregate (sum/pair_divisor),both,0.0,0,0.0,False,False,2026-03-06
GBPJPY,labour,-0.5,mixed,constructed aggregate (sum/pair_divisor),both,-0.08333333333333331,0,-0.4166666666666667,False,False,2026-03-06
GBPJPY,monetary,2.0,both,direct (single indicator),both,1.0,1,1.0,False,True,2026-03-06
GBPCHF,growth,2.0,mixed,constructed aggregate (sum/pair_divisor),both,0.625,1,1.375,False,False,2026-03-06
GBPCHF,inflation,0.0,mixed,constructed aggregate (sum/pair_divisor),both,0.0,0,0.0,False,False,2026-03-06
GBPCHF,labour,0.0,mixed,constructed aggregate (sum/pair_divisor),both,0.6666666666666667,1,-0.6666666666666667,False,False,2026-03-06
GBPCHF,monetary,2.0,base_only,direct (single indicator),base_only,1.0,1,1.0,False,True,2026-03-06
GBPAUD,growth,-0.5,both,constructed aggregate (sum/pair_divisor),both,0.125,0,-0.625,False,False,2026-03-06
GBPAUD,inflation,-1.0,mixed,constructed aggregate (sum/pair_divisor),both,-0.25,0,-0.75,False,False,2026-03-06
GBPAUD,labour,-1.5,mixed,constructed aggregate (sum/pair_divisor),both,-0.5,0,-1.0,False,False,2026-03-06
GBPAUD,monetary,2.0,both,direct (single indicator),both,1.0,1,1.0,False,True,2026-03-06
GBPNZD,growth,0.0,both,constructed aggregate (sum/pair_divisor),both,0.0,0,0.0,False,False,2026-03-06
GBPNZD,inflation,0.0,mixed,constructed aggregate (sum/pair_divisor),both,0.0,0,0.0,False,False,2026-03-06
GBPNZD,labour,0.0,mixed,constructed aggregate (sum/pair_divisor),both,0.0,0,0.0,False,False,2026-03-06
GBPNZD,monetary,2.0,base_only,direct (single indicator),base_only,1.0,1,1.0,False,True,2026-03-06
GBPCAD,growth,-1.5,mixed,constructed aggregate (sum/pair_divisor),both,-0.5416666666666666,-1,-0.9583333333333334,False,False,2026-03-06
GBPCAD,inflation,0.5,mixed,constructed aggregate (sum/pair_divisor),both,0.5,0,0.0,False,False,2026-03-06
GBPCAD,labour,-2.0,mixed,constructed aggregate (sum/pair_divisor),both,-0.8333333333333333,-1,-1.1666666666666667,False,False,2026-03-06
GBPCAD,monetary,2.0,both,direct (single indicator),both,1.0,1,1.0,False,True,2026-03-06
AUDJPY,growth,1.5,mixed,constructed aggregate (sum/pair_divisor),both,0.16666666666666666,0,1.3333333333333333,False,False,2026-03-06
AUDJPY,inflation,1.0,mixed,constructed aggregate (sum/pair_divisor),both,0.25,0,0.75,False,False,2026-03-06
AUDJPY,labour,1.0,mixed,constructed aggregate (sum/pair_divisor),both,0.41666666666666663,0,0.5833333333333334,False,False,2026-03-06
AUDJPY,monetary,0.0,both,direct (single indicator),both,0.0,0,0.0,False,True,2026-03-06
NZDJPY,growth,1.0,mixed,constructed aggregate (sum/pair_divisor),both,0.29166666666666663,0,0.7083333333333334,False,False,2026-03-06
NZDJPY,inflation,0.0,mixed,constructed aggregate (sum/pair_divisor),both,0.0,0,0.0,False,False,2026-03-06
NZDJPY,labour,-0.5,mixed,constructed aggregate (sum/pair_divisor),both,-0.08333333333333331,0,-0.4166666666666667,False,False,2026-03-06
NZDJPY,monetary,0.0,quote_only,direct (single indicator),quote_only,0.0,0,0.0,False,True,2026-03-06
CADJPY,growth,2.5,mixed,constructed aggregate (sum/pair_divisor),both,0.8333333333333333,1,1.6666666666666667,False,False,2026-03-06
CADJPY,inflation,-0.5,mixed,constructed aggregate (sum/pair_divisor),both,-0.5,0,0.0,False,False,2026-03-06
CADJPY,labour,1.5,mixed,constructed aggregate (sum/pair_divisor),both,0.75,1,0.75,False,False,2026-03-06
CADJPY,monetary,0.0,both,direct (single indicator),both,0.0,0,0.0,False,True,2026-03-06
CHFJPY,growth,-1.0,mixed,constructed aggregate (sum/pair_divisor),both,-0.33333333333333337,0,-0.6666666666666666,False,False,2026-03-06
CHFJPY,inflation,0.0,mixed,constructed aggregate (sum/pair_divisor),both,0.0,0,0.0,False,False,2026-03-06
CHFJPY,labour,-0.5,mixed,constructed aggregate (sum/pair_divisor),both,-0.75,-1,0.25,False,False,2026-03-06
CHFJPY,monetary,0.0,quote_only,direct (single indicator),quote_only,0.0,0,0.0,False,True,2026-03-06
AUDNZD,growth,0.5,both,constructed aggregate (sum/pair_divisor),both,-0.125,0,0.625,False,False,2026-03-06
AUDNZD,inflation,1.0,mixed,constructed aggregate (sum/pair_divisor),both,0.25,0,0.75,False,False,2026-03-06
AUDNZD,labour,1.5,mixed,constructed aggregate (sum/pair_divisor),both,0.5,0,1.0,False,False,2026-03-06
AUDNZD,monetary,0.0,base_only,direct (single indicator),base_only,0.0,0,0.0,False,True,2026-03-06
AUDCAD,growth,-1.0,mixed,constructed aggregate (sum/pair_divisor),both,-0.6666666666666666,-1,-0.33333333333333337,False,False,2026-03-06
AUDCAD,inflation,1.5,mixed,constructed aggregate (sum/pair_divisor),both,0.75,1,0.75,False,False,2026-03-06
AUDCAD,labour,-0.5,mixed,constructed aggregate (sum/pair_divisor),both,-0.33333333333333337,0,-0.16666666666666663,False,False,2026-03-06
AUDCAD,monetary,0.0,both,direct (single indicator),both,0.0,0,0.0,False,True,2026-03-06
AUDCHF,growth,2.5,mixed,constructed aggregate (sum/pair_divisor),both,0.5,0,2.0,False,False,2026-03-06
AUDCHF,inflation,1.0,mixed,constructed aggregate (sum/pair_divisor),both,0.25,0,0.75,False,False,2026-03-06
AUDCHF,labour,1.5,mixed,constructed aggregate (sum/pair_divisor),both,1.1666666666666667,1,0.33333333333333326,False,False,2026-03-06
AUDCHF,monetary,0.0,base_only,direct (single indicator),base_only,0.0,0,0.0,False,True,2026-03-06
NZDCAD,growth,-1.5,mixed,constructed aggregate (sum/pair_divisor),both,-0.5416666666666666,-1,-0.9583333333333334,False,False,2026-03-06
NZDCAD,inflation,0.5,mixed,constructed aggregate (sum/pair_divisor),both,0.5,0,0.0,False,False,2026-03-06
NZDCAD,labour,-2.0,mixed,constructed aggregate (sum/pair_divisor),both,-0.8333333333333333,-1,-1.1666666666666667,False,False,2026-03-06
NZDCAD,monetary,0.0,quote_only,direct (single indicator),quote_only,0.0,0,0.0,False,True,2026-03-06
NZDCHF,growth,2.0,mixed,constructed aggregate (sum/pair_divisor),both,0.625,1,1.375,False,False,2026-03-06
NZDCHF,inflation,0.0,mixed,constructed aggregate (sum/pair_divisor),both,0.0,0,0.0,False,False,2026-03-06
NZDCHF,labour,0.0,mixed,constructed aggregate (sum/pair_divisor),both,0.6666666666666667,1,-0.6666666666666667,False,False,2026-03-06
NZDCHF,monetary,,neither,direct (single indicator),neither,0.0,0,,False,True,2026-03-06
CADCHF,growth,3.5,mixed,constructed aggregate (sum/pair_divisor),both,1.1666666666666665,1,2.3333333333333335,False,False,2026-03-06
CADCHF,inflation,-0.5,mixed,constructed aggregate (sum/pair_divisor),both,-0.5,0,0.0,False,False,2026-03-06
CADCHF,labour,2.0,mixed,constructed aggregate (sum/pair_divisor),both,1.5,2,0.5,False,False,2026-03-06
CADCHF,monetary,0.0,base_only,direct (single indicator),base_only,0.0,0,0.0,False,True,2026-03-06
EURUSD,growth,-1.0,both,constructed aggregate (sum/pair_divisor),both,-0.29166666666666663,0,-0.7083333333333334,False,False,2026-03-13
EURUSD,inflation,3.0,mixed,constructed aggregate (sum/pair_divisor),both,1.0,1,2.0,False,False,2026-03-13
EURUSD,labour,3.0,mixed,constructed aggregate (sum/pair_divisor),both,0.8333333333333333,1,2.166666666666667,False,False,2026-03-13
EURUSD,monetary,0.0,both,direct (single indicator),both,0.0,0,0.0,False,True,2026-03-13
GBPUSD,growth,0.0,both,constructed aggregate (sum/pair_divisor),both,-0.04166666666666666,0,0.04166666666666666,False,False,2026-03-13
GBPUSD,inflation,0.0,mixed,constructed aggregate (sum/pair_divisor),both,0.0,0,0.0,False,False,2026-03-13
GBPUSD,labour,1.0,mixed,constructed aggregate (sum/pair_divisor),both,0.0,0,1.0,False,False,2026-03-13
GBPUSD,monetary,0.0,both,direct (single indicator),both,0.0,0,0.0,False,True,2026-03-13
USDJPY,growth,1.0,mixed,constructed aggregate (sum/pair_divisor),both,0.3333333333333333,0,0.6666666666666667,False,False,2026-03-13
USDJPY,inflation,0.0,mixed,constructed aggregate (sum/pair_divisor),both,0.0,0,0.0,False,False,2026-03-13
USDJPY,labour,-1.5,mixed,constructed aggregate (sum/pair_divisor),both,-0.08333333333333331,0,-1.4166666666666667,False,False,2026-03-13
USDJPY,monetary,2.0,both,direct (single indicator),both,1.0,1,1.0,False,True,2026-03-13
USDCHF,growth,2.0,mixed,constructed aggregate (sum/pair_divisor),both,0.6666666666666666,1,1.3333333333333335,False,False,2026-03-13
USDCHF,inflation,0.0,mixed,constructed aggregate (sum/pair_divisor),both,0.0,0,0.0,False,False,2026-03-13
USDCHF,labour,-1.0,mixed,constructed aggregate (sum/pair_divisor),both,0.6666666666666667,1,-1.6666666666666667,False,False,2026-03-13
USDCHF,monetary,2.0,base_only,direct (single indicator),base_only,1.0,1,1.0,False,True,2026-03-13
USDCAD,growth,-1.5,mixed,constructed aggregate (sum/pair_divisor),both,-0.5,0,-1.0,False,False,2026-03-13
USDCAD,inflation,0.5,mixed,constructed aggregate (sum/pair_divisor),both,0.0,0,0.5,False,False,2026-03-13
USDCAD,labour,-3.0,mixed,constructed aggregate (sum/pair_divisor),both,-0.8333333333333333,-1,-2.166666666666667,False,False,2026-03-13
USDCAD,monetary,0.0,both,direct (single indicator),both,0.0,0,0.0,False,True,2026-03-13
AUDUSD,growth,0.5,both,constructed aggregate (sum/pair_divisor),both,-0.16666666666666666,0,0.6666666666666666,False,False,2026-03-13
AUDUSD,inflation,1.0,mixed,constructed aggregate (sum/pair_divisor),both,0.25,0,0.75,False,False,2026-03-13
AUDUSD,labour,2.5,mixed,constructed aggregate (sum/pair_divisor),both,0.5,0,2.0,False,False,2026-03-13
AUDUSD,monetary,0.0,both,direct (single indicator),both,0.0,0,0.0,False,True,2026-03-13
NZDUSD,growth,0.0,both,constructed aggregate (sum/pair_divisor),both,-0.04166666666666666,0,0.04166666666666666,False,False,2026-03-13
NZDUSD,inflation,0.0,mixed,constructed aggregate (sum/pair_divisor),both,0.0,0,0.0,False,False,2026-03-13
NZDUSD,labour,1.0,mixed,constructed aggregate (sum/pair_divisor),both,0.0,0,1.0,False,False,2026-03-13
NZDUSD,monetary,-2.0,quote_only,direct (single indicator),quote_only,-1.0,-1,-1.0,False,True,2026-03-13
EURGBP,growth,-1.0,both,constructed aggregate (sum/pair_divisor),both,-0.25,0,-0.75,False,False,2026-03-13
EURGBP,inflation,3.0,mixed,constructed aggregate (sum/pair_divisor),both,1.0,1,2.0,False,False,2026-03-13
EURGBP,labour,2.0,mixed,constructed aggregate (sum/pair_divisor),both,0.8333333333333333,1,1.1666666666666667,False,False,2026-03-13
EURGBP,monetary,0.0,both,direct (single indicator),both,0.0,0,0.0,False,True,2026-03-13
EURJPY,growth,0.0,mixed,constructed aggregate (sum/pair_divisor),both,0.04166666666666666,0,-0.04166666666666666,False,False,2026-03-13
EURJPY,inflation,3.0,mixed,constructed aggregate (sum/pair_divisor),both,1.0,1,2.0,False,False,2026-03-13
EURJPY,labour,1.5,mixed,constructed aggregate (sum/pair_divisor),both,0.75,1,0.75,False,False,2026-03-13
EURJPY,monetary,2.0,both,direct (single indicator),both,1.0,1,1.0,False,True,2026-03-13
EURCHF,growth,1.0,mixed,constructed aggregate (sum/pair_divisor),both,0.375,0,0.625,False,False,2026-03-13
EURCHF,inflation,3.0,mixed,constructed aggregate (sum/pair_divisor),both,1.0,1,2.0,False,False,2026-03-13
EURCHF,labour,2.0,mixed,constructed aggregate (sum/pair_divisor),both,1.5,2,0.5,False,False,2026-03-13
EURCHF,monetary,2.0,base_only,direct (single indicator),base_only,1.0,1,1.0,False,True,2026-03-13
EURAUD,growth,-1.5,both,constructed aggregate (sum/pair_divisor),both,-0.125,0,-1.375,False,False,2026-03-13
EURAUD,inflation,2.0,mixed,constructed aggregate (sum/pair_divisor),both,0.75,1,1.25,False,False,2026-03-13
EURAUD,labour,0.5,mixed,constructed aggregate (sum/pair_divisor),both,0.33333333333333337,0,0.16666666666666663,False,False,2026-03-13
EURAUD,monetary,0.0,both,direct (single indicator),both,0.0,0,0.0,False,True,2026-03-13
EURNZD,growth,-1.0,both,constructed aggregate (sum/pair_divisor),both,-0.25,0,-0.75,False,False,2026-03-13
EURNZD,inflation,3.0,mixed,constructed aggregate (sum/pair_divisor),both,1.0,1,2.0,False,False,2026-03-13
EURNZD,labour,2.0,mixed,constructed aggregate (sum/pair_divisor),both,0.8333333333333333,1,1.1666666666666667,False,False,2026-03-13
EURNZD,monetary,2.0,base_only,direct (single indicator),base_only,1.0,1,1.0,False,True,2026-03-13
EURCAD,growth,-2.5,mixed,constructed aggregate (sum/pair_divisor),both,-0.7916666666666666,-1,-1.7083333333333335,False,False,2026-03-13
EURCAD,inflation,3.5,mixed,constructed aggregate (sum/pair_divisor),both,1.0,1,2.5,False,False,2026-03-13
EURCAD,labour,0.0,mixed,constructed aggregate (sum/pair_divisor),both,0.0,0,0.0,False,False,2026-03-13
EURCAD,monetary,0.0,both,direct (single indicator),both,0.0,0,0.0,False,True,2026-03-13
GBPJPY,growth,1.0,mixed,constructed aggregate (sum/pair_divisor),both,0.29166666666666663,0,0.7083333333333334,False,False,2026-03-13
GBPJPY,inflation,0.0,mixed,constructed aggregate (sum/pair_divisor),both,0.0,0,0.0,False,False,2026-03-13
GBPJPY,labour,-0.5,mixed,constructed aggregate (sum/pair_divisor),both,-0.08333333333333331,0,-0.4166666666666667,False,False,2026-03-13
GBPJPY,monetary,2.0,both,direct (single indicator),both,1.0,1,1.0,False,True,2026-03-13
GBPCHF,growth,2.0,mixed,constructed aggregate (sum/pair_divisor),both,0.625,1,1.375,False,False,2026-03-13
GBPCHF,inflation,0.0,mixed,constructed aggregate (sum/pair_divisor),both,0.0,0,0.0,False,False,2026-03-13
GBPCHF,labour,0.0,mixed,constructed aggregate (sum/pair_divisor),both,0.6666666666666667,1,-0.6666666666666667,False,False,2026-03-13
GBPCHF,monetary,2.0,base_only,direct (single indicator),base_only,1.0,1,1.0,False,True,2026-03-13
GBPAUD,growth,-0.5,both,constructed aggregate (sum/pair_divisor),both,0.125,0,-0.625,False,False,2026-03-13
GBPAUD,inflation,-1.0,mixed,constructed aggregate (sum/pair_divisor),both,-0.25,0,-0.75,False,False,2026-03-13
GBPAUD,labour,-1.5,mixed,constructed aggregate (sum/pair_divisor),both,-0.5,0,-1.0,False,False,2026-03-13
GBPAUD,monetary,0.0,both,direct (single indicator),both,0.0,0,0.0,False,True,2026-03-13
GBPNZD,growth,0.0,both,constructed aggregate (sum/pair_divisor),both,0.0,0,0.0,False,False,2026-03-13
GBPNZD,inflation,0.0,mixed,constructed aggregate (sum/pair_divisor),both,0.0,0,0.0,False,False,2026-03-13
GBPNZD,labour,0.0,mixed,constructed aggregate (sum/pair_divisor),both,0.0,0,0.0,False,False,2026-03-13
GBPNZD,monetary,2.0,base_only,direct (single indicator),base_only,1.0,1,1.0,False,True,2026-03-13
GBPCAD,growth,-1.5,mixed,constructed aggregate (sum/pair_divisor),both,-0.5416666666666666,-1,-0.9583333333333334,False,False,2026-03-13
GBPCAD,inflation,0.5,mixed,constructed aggregate (sum/pair_divisor),both,0.0,0,0.5,False,False,2026-03-13
GBPCAD,labour,-2.0,mixed,constructed aggregate (sum/pair_divisor),both,-0.8333333333333333,-1,-1.1666666666666667,False,False,2026-03-13
GBPCAD,monetary,0.0,both,direct (single indicator),both,0.0,0,0.0,False,True,2026-03-13
AUDJPY,growth,1.5,mixed,constructed aggregate (sum/pair_divisor),both,0.16666666666666666,0,1.3333333333333333,False,False,2026-03-13
AUDJPY,inflation,1.0,mixed,constructed aggregate (sum/pair_divisor),both,0.25,0,0.75,False,False,2026-03-13
AUDJPY,labour,1.0,mixed,constructed aggregate (sum/pair_divisor),both,0.41666666666666663,0,0.5833333333333334,False,False,2026-03-13
AUDJPY,monetary,2.0,both,direct (single indicator),both,1.0,1,1.0,False,True,2026-03-13
NZDJPY,growth,1.0,mixed,constructed aggregate (sum/pair_divisor),both,0.29166666666666663,0,0.7083333333333334,False,False,2026-03-13
NZDJPY,inflation,0.0,mixed,constructed aggregate (sum/pair_divisor),both,0.0,0,0.0,False,False,2026-03-13
NZDJPY,labour,-0.5,mixed,constructed aggregate (sum/pair_divisor),both,-0.08333333333333331,0,-0.4166666666666667,False,False,2026-03-13
NZDJPY,monetary,0.0,quote_only,direct (single indicator),quote_only,0.0,0,0.0,False,True,2026-03-13
CADJPY,growth,2.5,mixed,constructed aggregate (sum/pair_divisor),both,0.8333333333333333,1,1.6666666666666667,False,False,2026-03-13
CADJPY,inflation,-0.5,mixed,constructed aggregate (sum/pair_divisor),both,0.0,0,-0.5,False,False,2026-03-13
CADJPY,labour,1.5,mixed,constructed aggregate (sum/pair_divisor),both,0.75,1,0.75,False,False,2026-03-13
CADJPY,monetary,2.0,both,direct (single indicator),both,1.0,1,1.0,False,True,2026-03-13
CHFJPY,growth,-1.0,mixed,constructed aggregate (sum/pair_divisor),both,-0.33333333333333337,0,-0.6666666666666666,False,False,2026-03-13
CHFJPY,inflation,0.0,mixed,constructed aggregate (sum/pair_divisor),both,0.0,0,0.0,False,False,2026-03-13
CHFJPY,labour,-0.5,mixed,constructed aggregate (sum/pair_divisor),both,-0.75,-1,0.25,False,False,2026-03-13
CHFJPY,monetary,0.0,quote_only,direct (single indicator),quote_only,0.0,0,0.0,False,True,2026-03-13
AUDNZD,growth,0.5,both,constructed aggregate (sum/pair_divisor),both,-0.125,0,0.625,False,False,2026-03-13
AUDNZD,inflation,1.0,mixed,constructed aggregate (sum/pair_divisor),both,0.25,0,0.75,False,False,2026-03-13
AUDNZD,labour,1.5,mixed,constructed aggregate (sum/pair_divisor),both,0.5,0,1.0,False,False,2026-03-13
AUDNZD,monetary,2.0,base_only,direct (single indicator),base_only,1.0,1,1.0,False,True,2026-03-13
AUDCAD,growth,-1.0,mixed,constructed aggregate (sum/pair_divisor),both,-0.6666666666666666,-1,-0.33333333333333337,False,False,2026-03-13
AUDCAD,inflation,1.5,mixed,constructed aggregate (sum/pair_divisor),both,0.25,0,1.25,False,False,2026-03-13
AUDCAD,labour,-0.5,mixed,constructed aggregate (sum/pair_divisor),both,-0.33333333333333337,0,-0.16666666666666663,False,False,2026-03-13
AUDCAD,monetary,0.0,both,direct (single indicator),both,0.0,0,0.0,False,True,2026-03-13
AUDCHF,growth,2.5,mixed,constructed aggregate (sum/pair_divisor),both,0.5,0,2.0,False,False,2026-03-13
AUDCHF,inflation,1.0,mixed,constructed aggregate (sum/pair_divisor),both,0.25,0,0.75,False,False,2026-03-13
AUDCHF,labour,1.5,mixed,constructed aggregate (sum/pair_divisor),both,1.1666666666666667,1,0.33333333333333326,False,False,2026-03-13
AUDCHF,monetary,2.0,base_only,direct (single indicator),base_only,1.0,1,1.0,False,True,2026-03-13
NZDCAD,growth,-1.5,mixed,constructed aggregate (sum/pair_divisor),both,-0.5416666666666666,-1,-0.9583333333333334,False,False,2026-03-13
NZDCAD,inflation,0.5,mixed,constructed aggregate (sum/pair_divisor),both,0.0,0,0.5,False,False,2026-03-13
NZDCAD,labour,-2.0,mixed,constructed aggregate (sum/pair_divisor),both,-0.8333333333333333,-1,-1.1666666666666667,False,False,2026-03-13
NZDCAD,monetary,-2.0,quote_only,direct (single indicator),quote_only,-1.0,-1,-1.0,False,True,2026-03-13
NZDCHF,growth,2.0,mixed,constructed aggregate (sum/pair_divisor),both,0.625,1,1.375,False,False,2026-03-13
NZDCHF,inflation,0.0,mixed,constructed aggregate (sum/pair_divisor),both,0.0,0,0.0,False,False,2026-03-13
NZDCHF,labour,0.0,mixed,constructed aggregate (sum/pair_divisor),both,0.6666666666666667,1,-0.6666666666666667,False,False,2026-03-13
NZDCHF,monetary,,neither,direct (single indicator),neither,0.0,0,,False,True,2026-03-13
CADCHF,growth,3.5,mixed,constructed aggregate (sum/pair_divisor),both,1.1666666666666665,1,2.3333333333333335,False,False,2026-03-13
CADCHF,inflation,-0.5,mixed,constructed aggregate (sum/pair_divisor),both,0.0,0,-0.5,False,False,2026-03-13
CADCHF,labour,2.0,mixed,constructed aggregate (sum/pair_divisor),both,1.5,2,0.5,False,False,2026-03-13
CADCHF,monetary,2.0,base_only,direct (single indicator),base_only,1.0,1,1.0,False,True,2026-03-13
EURUSD,growth,-1.0,both,constructed aggregate (sum/pair_divisor),both,-0.29166666666666663,0,-0.7083333333333334,False,False,2026-03-20
EURUSD,inflation,2.5,mixed,constructed aggregate (sum/pair_divisor),both,0.875,1,1.625,False,False,2026-03-20
EURUSD,labour,1.5,mixed,constructed aggregate (sum/pair_divisor),both,0.5833333333333334,1,0.9166666666666666,False,False,2026-03-20
EURUSD,monetary,0.0,both,direct (single indicator),both,0.0,0,0.0,False,True,2026-03-20
GBPUSD,growth,0.0,both,constructed aggregate (sum/pair_divisor),both,-0.04166666666666666,0,0.04166666666666666,False,False,2026-03-20
GBPUSD,inflation,-0.5,mixed,constructed aggregate (sum/pair_divisor),both,-0.125,0,-0.375,False,False,2026-03-20
GBPUSD,labour,1.5,mixed,constructed aggregate (sum/pair_divisor),both,0.41666666666666663,0,1.0833333333333335,False,False,2026-03-20
GBPUSD,monetary,0.0,both,direct (single indicator),both,0.0,0,0.0,False,True,2026-03-20
USDJPY,growth,1.0,mixed,constructed aggregate (sum/pair_divisor),both,0.3333333333333333,0,0.6666666666666667,False,False,2026-03-20
USDJPY,inflation,0.5,mixed,constructed aggregate (sum/pair_divisor),both,0.125,0,0.375,False,False,2026-03-20
USDJPY,labour,0.0,mixed,constructed aggregate (sum/pair_divisor),both,0.16666666666666669,0,-0.16666666666666669,False,False,2026-03-20
USDJPY,monetary,2.0,both,direct (single indicator),both,1.0,1,1.0,False,True,2026-03-20
USDCHF,growth,2.0,mixed,constructed aggregate (sum/pair_divisor),both,0.6666666666666666,1,1.3333333333333335,False,False,2026-03-20
USDCHF,inflation,0.0,mixed,constructed aggregate (sum/pair_divisor),both,-0.125,0,0.125,False,False,2026-03-20
USDCHF,labour,0.5,mixed,constructed aggregate (sum/pair_divisor),both,0.9166666666666666,1,-0.41666666666666663,False,False,2026-03-20
USDCHF,monetary,2.0,base_only,direct (single indicator),base_only,1.0,1,1.0,False,True,2026-03-20
USDCAD,growth,-1.5,mixed,constructed aggregate (sum/pair_divisor),both,-0.5,0,-1.0,False,False,2026-03-20
USDCAD,inflation,2.0,mixed,constructed aggregate (sum/pair_divisor),both,0.375,0,1.625,False,False,2026-03-20
USDCAD,labour,0.5,mixed,constructed aggregate (sum/pair_divisor),both,0.4166666666666667,0,0.08333333333333331,False,False,2026-03-20
USDCAD,monetary,0.0,both,direct (single indicator),both,0.0,0,0.0,False,True,2026-03-20
AUDUSD,growth,0.5,both,constructed aggregate (sum/pair_divisor),both,-0.16666666666666666,0,0.6666666666666666,False,False,2026-03-20
AUDUSD,inflation,0.5,mixed,constructed aggregate (sum/pair_divisor),both,0.125,0,0.375,False,False,2026-03-20
AUDUSD,labour,0.5,mixed,constructed aggregate (sum/pair_divisor),both,0.08333333333333333,0,0.4166666666666667,False,False,2026-03-20
AUDUSD,monetary,0.0,both,direct (single indicator),both,0.0,0,0.0,False,True,2026-03-20
NZDUSD,growth,0.0,both,constructed aggregate (sum/pair_divisor),both,-0.16666666666666666,0,0.16666666666666666,False,False,2026-03-20
NZDUSD,inflation,-0.5,mixed,constructed aggregate (sum/pair_divisor),both,-0.125,0,-0.375,False,False,2026-03-20
NZDUSD,labour,-0.5,mixed,constructed aggregate (sum/pair_divisor),both,-0.25,0,-0.25,False,False,2026-03-20
NZDUSD,monetary,-2.0,quote_only,direct (single indicator),quote_only,-1.0,-1,-1.0,False,True,2026-03-20
EURGBP,growth,-1.0,both,constructed aggregate (sum/pair_divisor),both,-0.25,0,-0.75,False,False,2026-03-20
EURGBP,inflation,3.0,mixed,constructed aggregate (sum/pair_divisor),both,1.0,1,2.0,False,False,2026-03-20
EURGBP,labour,0.0,mixed,constructed aggregate (sum/pair_divisor),both,0.16666666666666669,0,-0.16666666666666669,False,False,2026-03-20
EURGBP,monetary,0.0,both,direct (single indicator),both,0.0,0,0.0,False,True,2026-03-20
EURJPY,growth,0.0,mixed,constructed aggregate (sum/pair_divisor),both,0.04166666666666666,0,-0.04166666666666666,False,False,2026-03-20
EURJPY,inflation,3.0,mixed,constructed aggregate (sum/pair_divisor),both,1.0,1,2.0,False,False,2026-03-20
EURJPY,labour,1.5,mixed,constructed aggregate (sum/pair_divisor),both,0.75,1,0.75,False,False,2026-03-20
EURJPY,monetary,2.0,both,direct (single indicator),both,1.0,1,1.0,False,True,2026-03-20
EURCHF,growth,1.0,mixed,constructed aggregate (sum/pair_divisor),both,0.375,0,0.625,False,False,2026-03-20
EURCHF,inflation,2.5,mixed,constructed aggregate (sum/pair_divisor),both,0.75,1,1.75,False,False,2026-03-20
EURCHF,labour,2.0,mixed,constructed aggregate (sum/pair_divisor),both,1.5,2,0.5,False,False,2026-03-20
EURCHF,monetary,2.0,base_only,direct (single indicator),base_only,1.0,1,1.0,False,True,2026-03-20
EURAUD,growth,-1.5,both,constructed aggregate (sum/pair_divisor),both,-0.125,0,-1.375,False,False,2026-03-20
EURAUD,inflation,2.0,mixed,constructed aggregate (sum/pair_divisor),both,0.75,1,1.25,False,False,2026-03-20
EURAUD,labour,1.0,mixed,constructed aggregate (sum/pair_divisor),both,0.5,0,0.5,False,False,2026-03-20
EURAUD,monetary,0.0,both,direct (single indicator),both,0.0,0,0.0,False,True,2026-03-20
EURNZD,growth,-1.0,both,constructed aggregate (sum/pair_divisor),both,-0.125,0,-0.875,False,False,2026-03-20
EURNZD,inflation,3.0,mixed,constructed aggregate (sum/pair_divisor),both,1.0,1,2.0,False,False,2026-03-20
EURNZD,labour,2.0,mixed,constructed aggregate (sum/pair_divisor),both,0.8333333333333333,1,1.1666666666666667,False,False,2026-03-20
EURNZD,monetary,2.0,base_only,direct (single indicator),base_only,1.0,1,1.0,False,True,2026-03-20
EURCAD,growth,-2.5,mixed,constructed aggregate (sum/pair_divisor),both,-0.7916666666666666,-1,-1.7083333333333335,False,False,2026-03-20
EURCAD,inflation,4.5,mixed,constructed aggregate (sum/pair_divisor),both,1.25,1,3.25,False,False,2026-03-20
EURCAD,labour,2.0,mixed,constructed aggregate (sum/pair_divisor),both,1.0,1,1.0,False,False,2026-03-20
EURCAD,monetary,0.0,both,direct (single indicator),both,0.0,0,0.0,False,True,2026-03-20
GBPJPY,growth,1.0,mixed,constructed aggregate (sum/pair_divisor),both,0.29166666666666663,0,0.7083333333333334,False,False,2026-03-20
GBPJPY,inflation,0.0,mixed,constructed aggregate (sum/pair_divisor),both,0.0,0,0.0,False,False,2026-03-20
GBPJPY,labour,1.5,mixed,constructed aggregate (sum/pair_divisor),both,0.5833333333333333,1,0.9166666666666667,False,False,2026-03-20
GBPJPY,monetary,2.0,both,direct (single indicator),both,1.0,1,1.0,False,True,2026-03-20
GBPCHF,growth,2.0,mixed,constructed aggregate (sum/pair_divisor),both,0.625,1,1.375,False,False,2026-03-20
GBPCHF,inflation,-0.5,mixed,constructed aggregate (sum/pair_divisor),both,-0.25,0,-0.25,False,False,2026-03-20
GBPCHF,labour,2.0,mixed,constructed aggregate (sum/pair_divisor),both,1.3333333333333333,1,0.6666666666666667,False,False,2026-03-20
GBPCHF,monetary,2.0,base_only,direct (single indicator),base_only,1.0,1,1.0,False,True,2026-03-20
GBPAUD,growth,-0.5,both,constructed aggregate (sum/pair_divisor),both,0.125,0,-0.625,False,False,2026-03-20
GBPAUD,inflation,-1.0,mixed,constructed aggregate (sum/pair_divisor),both,-0.25,0,-0.75,False,False,2026-03-20
GBPAUD,labour,1.0,mixed,constructed aggregate (sum/pair_divisor),both,0.3333333333333333,0,0.6666666666666667,False,False,2026-03-20
GBPAUD,monetary,0.0,both,direct (single indicator),both,0.0,0,0.0,False,True,2026-03-20
GBPNZD,growth,0.0,both,constructed aggregate (sum/pair_divisor),both,0.125,0,-0.125,False,False,2026-03-20
GBPNZD,inflation,0.0,mixed,constructed aggregate (sum/pair_divisor),both,0.0,0,0.0,False,False,2026-03-20
GBPNZD,labour,2.0,mixed,constructed aggregate (sum/pair_divisor),both,0.6666666666666666,1,1.3333333333333335,False,False,2026-03-20
GBPNZD,monetary,2.0,base_only,direct (single indicator),base_only,1.0,1,1.0,False,True,2026-03-20
GBPCAD,growth,-1.5,mixed,constructed aggregate (sum/pair_divisor),both,-0.5416666666666666,-1,-0.9583333333333334,False,False,2026-03-20
GBPCAD,inflation,1.5,mixed,constructed aggregate (sum/pair_divisor),both,0.25,0,1.25,False,False,2026-03-20
GBPCAD,labour,2.0,mixed,constructed aggregate (sum/pair_divisor),both,0.8333333333333333,1,1.1666666666666667,False,False,2026-03-20
GBPCAD,monetary,0.0,both,direct (single indicator),both,0.0,0,0.0,False,True,2026-03-20
AUDJPY,growth,1.5,mixed,constructed aggregate (sum/pair_divisor),both,0.16666666666666666,0,1.3333333333333333,False,False,2026-03-20
AUDJPY,inflation,1.0,mixed,constructed aggregate (sum/pair_divisor),both,0.25,0,0.75,False,False,2026-03-20
AUDJPY,labour,0.5,mixed,constructed aggregate (sum/pair_divisor),both,0.25,0,0.25,False,False,2026-03-20
AUDJPY,monetary,2.0,both,direct (single indicator),both,1.0,1,1.0,False,True,2026-03-20
NZDJPY,growth,1.0,mixed,constructed aggregate (sum/pair_divisor),both,0.16666666666666666,0,0.8333333333333334,False,False,2026-03-20
NZDJPY,inflation,0.0,mixed,constructed aggregate (sum/pair_divisor),both,0.0,0,0.0,False,False,2026-03-20
NZDJPY,labour,-0.5,mixed,constructed aggregate (sum/pair_divisor),both,-0.08333333333333331,0,-0.4166666666666667,False,False,2026-03-20
NZDJPY,monetary,0.0,quote_only,direct (single indicator),quote_only,0.0,0,0.0,False,True,2026-03-20
CADJPY,growth,2.5,mixed,constructed aggregate (sum/pair_divisor),both,0.8333333333333333,1,1.6666666666666667,False,False,2026-03-20
CADJPY,inflation,-1.5,mixed,constructed aggregate (sum/pair_divisor),both,-0.25,0,-1.25,False,False,2026-03-20
CADJPY,labour,-0.5,mixed,constructed aggregate (sum/pair_divisor),both,-0.25,0,-0.25,False,False,2026-03-20
CADJPY,monetary,2.0,both,direct (single indicator),both,1.0,1,1.0,False,True,2026-03-20
CHFJPY,growth,-1.0,mixed,constructed aggregate (sum/pair_divisor),both,-0.33333333333333337,0,-0.6666666666666666,False,False,2026-03-20
CHFJPY,inflation,0.5,mixed,constructed aggregate (sum/pair_divisor),both,0.25,0,0.25,False,False,2026-03-20
CHFJPY,labour,-0.5,mixed,constructed aggregate (sum/pair_divisor),both,-0.75,-1,0.25,False,False,2026-03-20
CHFJPY,monetary,0.0,quote_only,direct (single indicator),quote_only,0.0,0,0.0,False,True,2026-03-20
AUDNZD,growth,0.5,both,constructed aggregate (sum/pair_divisor),both,0.0,0,0.5,False,False,2026-03-20
AUDNZD,inflation,1.0,mixed,constructed aggregate (sum/pair_divisor),both,0.25,0,0.75,False,False,2026-03-20
AUDNZD,labour,1.0,mixed,constructed aggregate (sum/pair_divisor),both,0.3333333333333333,0,0.6666666666666667,False,False,2026-03-20
AUDNZD,monetary,2.0,base_only,direct (single indicator),base_only,1.0,1,1.0,False,True,2026-03-20
AUDCAD,growth,-1.0,mixed,constructed aggregate (sum/pair_divisor),both,-0.6666666666666666,-1,-0.33333333333333337,False,False,2026-03-20
AUDCAD,inflation,2.5,mixed,constructed aggregate (sum/pair_divisor),both,0.5,0,2.0,False,False,2026-03-20
AUDCAD,labour,1.0,mixed,constructed aggregate (sum/pair_divisor),both,0.5,0,0.5,False,False,2026-03-20
AUDCAD,monetary,0.0,both,direct (single indicator),both,0.0,0,0.0,False,True,2026-03-20
AUDCHF,growth,2.5,mixed,constructed aggregate (sum/pair_divisor),both,0.5,0,2.0,False,False,2026-03-20
AUDCHF,inflation,0.5,mixed,constructed aggregate (sum/pair_divisor),both,0.0,0,0.5,False,False,2026-03-20
AUDCHF,labour,1.0,mixed,constructed aggregate (sum/pair_divisor),both,1.0,1,0.0,False,False,2026-03-20
AUDCHF,monetary,2.0,base_only,direct (single indicator),base_only,1.0,1,1.0,False,True,2026-03-20
NZDCAD,growth,-1.5,mixed,constructed aggregate (sum/pair_divisor),both,-0.6666666666666666,-1,-0.8333333333333334,False,False,2026-03-20
NZDCAD,inflation,1.5,mixed,constructed aggregate (sum/pair_divisor),both,0.25,0,1.25,False,False,2026-03-20
NZDCAD,labour,0.0,mixed,constructed aggregate (sum/pair_divisor),both,0.16666666666666669,0,-0.16666666666666669,False,False,2026-03-20
NZDCAD,monetary,-2.0,quote_only,direct (single indicator),quote_only,-1.0,-1,-1.0,False,True,2026-03-20
NZDCHF,growth,2.0,mixed,constructed aggregate (sum/pair_divisor),both,0.5,0,1.5,False,False,2026-03-20
NZDCHF,inflation,-0.5,mixed,constructed aggregate (sum/pair_divisor),both,-0.25,0,-0.25,False,False,2026-03-20
NZDCHF,labour,0.0,mixed,constructed aggregate (sum/pair_divisor),both,0.6666666666666667,1,-0.6666666666666667,False,False,2026-03-20
NZDCHF,monetary,,neither,direct (single indicator),neither,0.0,0,,False,True,2026-03-20
CADCHF,growth,3.5,mixed,constructed aggregate (sum/pair_divisor),both,1.1666666666666665,1,2.3333333333333335,False,False,2026-03-20
CADCHF,inflation,-2.0,mixed,constructed aggregate (sum/pair_divisor),both,-0.5,0,-1.5,False,False,2026-03-20
CADCHF,labour,0.0,mixed,constructed aggregate (sum/pair_divisor),both,0.5,0,-0.5,False,False,2026-03-20
CADCHF,monetary,2.0,base_only,direct (single indicator),base_only,1.0,1,1.0,False,True,2026-03-20
EURUSD,growth,-0.5,both,constructed aggregate (sum/pair_divisor),both,-0.16666666666666666,0,-0.33333333333333337,False,False,2026-03-27
EURUSD,inflation,2.5,mixed,constructed aggregate (sum/pair_divisor),both,0.875,1,1.625,False,False,2026-03-27
EURUSD,labour,2.0,mixed,constructed aggregate (sum/pair_divisor),both,0.6666666666666666,1,1.3333333333333335,False,False,2026-03-27
EURUSD,monetary,0.0,both,direct (single indicator),both,0.0,0,0.0,False,True,2026-03-27
GBPUSD,growth,0.0,both,constructed aggregate (sum/pair_divisor),both,-0.04166666666666666,0,0.04166666666666666,False,False,2026-03-27
GBPUSD,inflation,-1.5,mixed,constructed aggregate (sum/pair_divisor),both,-0.4583333333333333,0,-1.0416666666666667,False,False,2026-03-27
GBPUSD,labour,2.0,mixed,constructed aggregate (sum/pair_divisor),both,0.5,0,1.5,False,False,2026-03-27
GBPUSD,monetary,0.0,both,direct (single indicator),both,0.0,0,0.0,False,True,2026-03-27
USDJPY,growth,2.0,mixed,constructed aggregate (sum/pair_divisor),both,0.6666666666666666,1,1.3333333333333335,False,False,2026-03-27
USDJPY,inflation,1.0,mixed,constructed aggregate (sum/pair_divisor),both,0.375,0,0.625,False,False,2026-03-27
USDJPY,labour,-0.5,mixed,constructed aggregate (sum/pair_divisor),both,0.08333333333333334,0,-0.5833333333333334,False,False,2026-03-27
USDJPY,monetary,0.0,both,direct (single indicator),both,0.0,0,0.0,False,True,2026-03-27
USDCHF,growth,2.0,mixed,constructed aggregate (sum/pair_divisor),both,0.6666666666666666,1,1.3333333333333335,False,False,2026-03-27
USDCHF,inflation,0.0,mixed,constructed aggregate (sum/pair_divisor),both,-0.125,0,0.125,False,False,2026-03-27
USDCHF,labour,0.0,mixed,constructed aggregate (sum/pair_divisor),both,0.8333333333333334,1,-0.8333333333333334,False,False,2026-03-27
USDCHF,monetary,2.0,base_only,direct (single indicator),base_only,1.0,1,1.0,False,True,2026-03-27
USDCAD,growth,0.0,mixed,constructed aggregate (sum/pair_divisor),both,0.0,0,0.0,False,False,2026-03-27
USDCAD,inflation,1.5,mixed,constructed aggregate (sum/pair_divisor),both,0.4583333333333333,0,1.0416666666666667,False,False,2026-03-27
USDCAD,labour,0.0,mixed,constructed aggregate (sum/pair_divisor),both,0.33333333333333337,0,-0.33333333333333337,False,False,2026-03-27
USDCAD,monetary,0.0,both,direct (single indicator),both,0.0,0,0.0,False,True,2026-03-27
AUDUSD,growth,0.5,both,constructed aggregate (sum/pair_divisor),both,-0.16666666666666666,0,0.6666666666666666,False,False,2026-03-27
AUDUSD,inflation,-0.5,mixed,constructed aggregate (sum/pair_divisor),both,-0.375,0,-0.125,False,False,2026-03-27
AUDUSD,labour,1.0,mixed,constructed aggregate (sum/pair_divisor),both,0.16666666666666666,0,0.8333333333333334,False,False,2026-03-27
AUDUSD,monetary,0.0,both,direct (single indicator),both,0.0,0,0.0,False,True,2026-03-27
NZDUSD,growth,0.0,both,constructed aggregate (sum/pair_divisor),both,-0.16666666666666666,0,0.16666666666666666,False,False,2026-03-27
NZDUSD,inflation,-0.5,mixed,constructed aggregate (sum/pair_divisor),both,-0.125,0,-0.375,False,False,2026-03-27
NZDUSD,labour,0.0,mixed,constructed aggregate (sum/pair_divisor),both,-0.16666666666666666,0,0.16666666666666666,False,False,2026-03-27
NZDUSD,monetary,-2.0,quote_only,direct (single indicator),quote_only,-1.0,-1,-1.0,False,True,2026-03-27
EURGBP,growth,-0.5,both,constructed aggregate (sum/pair_divisor),both,-0.125,0,-0.375,False,False,2026-03-27
EURGBP,inflation,4.0,mixed,constructed aggregate (sum/pair_divisor),both,1.3333333333333333,1,2.666666666666667,False,False,2026-03-27
EURGBP,labour,0.0,mixed,constructed aggregate (sum/pair_divisor),both,0.16666666666666669,0,-0.16666666666666669,False,False,2026-03-27
EURGBP,monetary,0.0,both,direct (single indicator),both,0.0,0,0.0,False,True,2026-03-27
EURJPY,growth,1.5,mixed,constructed aggregate (sum/pair_divisor),both,0.5,0,1.0,False,False,2026-03-27
EURJPY,inflation,3.5,mixed,constructed aggregate (sum/pair_divisor),both,1.25,1,2.25,False,False,2026-03-27
EURJPY,labour,1.5,mixed,constructed aggregate (sum/pair_divisor),both,0.75,1,0.75,False,False,2026-03-27
EURJPY,monetary,0.0,both,direct (single indicator),both,0.0,0,0.0,False,True,2026-03-27
EURCHF,growth,1.5,mixed,constructed aggregate (sum/pair_divisor),both,0.5,0,1.0,False,False,2026-03-27
EURCHF,inflation,2.5,mixed,constructed aggregate (sum/pair_divisor),both,0.75,1,1.75,False,False,2026-03-27
EURCHF,labour,2.0,mixed,constructed aggregate (sum/pair_divisor),both,1.5,2,0.5,False,False,2026-03-27
EURCHF,monetary,2.0,base_only,direct (single indicator),base_only,1.0,1,1.0,False,True,2026-03-27
EURAUD,growth,-1.0,both,constructed aggregate (sum/pair_divisor),both,0.0,0,-1.0,False,False,2026-03-27
EURAUD,inflation,3.0,mixed,constructed aggregate (sum/pair_divisor),both,1.25,1,1.75,False,False,2026-03-27
EURAUD,labour,1.0,mixed,constructed aggregate (sum/pair_divisor),both,0.5,0,0.5,False,False,2026-03-27
EURAUD,monetary,0.0,both,direct (single indicator),both,0.0,0,0.0,False,True,2026-03-27
EURNZD,growth,-0.5,both,constructed aggregate (sum/pair_divisor),both,0.0,0,-0.5,False,False,2026-03-27
EURNZD,inflation,3.0,mixed,constructed aggregate (sum/pair_divisor),both,1.0,1,2.0,False,False,2026-03-27
EURNZD,labour,2.0,mixed,constructed aggregate (sum/pair_divisor),both,0.8333333333333333,1,1.1666666666666667,False,False,2026-03-27
EURNZD,monetary,2.0,base_only,direct (single indicator),base_only,1.0,1,1.0,False,True,2026-03-27
EURCAD,growth,-0.5,mixed,constructed aggregate (sum/pair_divisor),both,-0.16666666666666666,0,-0.33333333333333337,False,False,2026-03-27
EURCAD,inflation,4.0,mixed,constructed aggregate (sum/pair_divisor),both,1.3333333333333333,1,2.666666666666667,False,False,2026-03-27
EURCAD,labour,2.0,mixed,constructed aggregate (sum/pair_divisor),both,1.0,1,1.0,False,False,2026-03-27
EURCAD,monetary,0.0,both,direct (single indicator),both,0.0,0,0.0,False,True,2026-03-27
GBPJPY,growth,2.0,mixed,constructed aggregate (sum/pair_divisor),both,0.625,1,1.375,False,False,2026-03-27
GBPJPY,inflation,-0.5,mixed,constructed aggregate (sum/pair_divisor),both,-0.08333333333333331,0,-0.4166666666666667,False,False,2026-03-27
GBPJPY,labour,1.5,mixed,constructed aggregate (sum/pair_divisor),both,0.5833333333333333,1,0.9166666666666667,False,False,2026-03-27
GBPJPY,monetary,0.0,both,direct (single indicator),both,0.0,0,0.0,False,True,2026-03-27
GBPCHF,growth,2.0,mixed,constructed aggregate (sum/pair_divisor),both,0.625,1,1.375,False,False,2026-03-27
GBPCHF,inflation,-1.5,mixed,constructed aggregate (sum/pair_divisor),both,-0.5833333333333333,-1,-0.9166666666666667,False,False,2026-03-27
GBPCHF,labour,2.0,mixed,constructed aggregate (sum/pair_divisor),both,1.3333333333333333,1,0.6666666666666667,False,False,2026-03-27
GBPCHF,monetary,2.0,base_only,direct (single indicator),base_only,1.0,1,1.0,False,True,2026-03-27
GBPAUD,growth,-0.5,both,constructed aggregate (sum/pair_divisor),both,0.125,0,-0.625,False,False,2026-03-27
GBPAUD,inflation,-1.0,mixed,constructed aggregate (sum/pair_divisor),both,-0.08333333333333331,0,-0.9166666666666667,False,False,2026-03-27
GBPAUD,labour,1.0,mixed,constructed aggregate (sum/pair_divisor),both,0.3333333333333333,0,0.6666666666666667,False,False,2026-03-27
GBPAUD,monetary,0.0,both,direct (single indicator),both,0.0,0,0.0,False,True,2026-03-27
GBPNZD,growth,0.0,both,constructed aggregate (sum/pair_divisor),both,0.125,0,-0.125,False,False,2026-03-27
GBPNZD,inflation,-1.0,mixed,constructed aggregate (sum/pair_divisor),both,-0.3333333333333333,0,-0.6666666666666667,False,False,2026-03-27
GBPNZD,labour,2.0,mixed,constructed aggregate (sum/pair_divisor),both,0.6666666666666666,1,1.3333333333333335,False,False,2026-03-27
GBPNZD,monetary,2.0,base_only,direct (single indicator),base_only,1.0,1,1.0,False,True,2026-03-27
GBPCAD,growth,0.0,mixed,constructed aggregate (sum/pair_divisor),both,-0.04166666666666666,0,0.04166666666666666,False,False,2026-03-27
GBPCAD,inflation,0.0,mixed,constructed aggregate (sum/pair_divisor),both,0.0,0,0.0,False,False,2026-03-27
GBPCAD,labour,2.0,mixed,constructed aggregate (sum/pair_divisor),both,0.8333333333333333,1,1.1666666666666667,False,False,2026-03-27
GBPCAD,monetary,0.0,both,direct (single indicator),both,0.0,0,0.0,False,True,2026-03-27
AUDJPY,growth,2.5,mixed,constructed aggregate (sum/pair_divisor),both,0.5,0,2.0,False,False,2026-03-27
AUDJPY,inflation,0.5,mixed,constructed aggregate (sum/pair_divisor),both,0.0,0,0.5,False,False,2026-03-27
AUDJPY,labour,0.5,mixed,constructed aggregate (sum/pair_divisor),both,0.25,0,0.25,False,False,2026-03-27
AUDJPY,monetary,0.0,both,direct (single indicator),both,0.0,0,0.0,False,True,2026-03-27
NZDJPY,growth,2.0,mixed,constructed aggregate (sum/pair_divisor),both,0.5,0,1.5,False,False,2026-03-27
NZDJPY,inflation,0.5,mixed,constructed aggregate (sum/pair_divisor),both,0.25,0,0.25,False,False,2026-03-27
NZDJPY,labour,-0.5,mixed,constructed aggregate (sum/pair_divisor),both,-0.08333333333333331,0,-0.4166666666666667,False,False,2026-03-27
NZDJPY,monetary,-2.0,quote_only,direct (single indicator),quote_only,-1.0,-1,-1.0,False,True,2026-03-27
CADJPY,growth,2.0,mixed,constructed aggregate (sum/pair_divisor),both,0.6666666666666666,1,1.3333333333333335,False,False,2026-03-27
CADJPY,inflation,-0.5,mixed,constructed aggregate (sum/pair_divisor),both,-0.08333333333333331,0,-0.4166666666666667,False,False,2026-03-27
CADJPY,labour,-0.5,mixed,constructed aggregate (sum/pair_divisor),both,-0.25,0,-0.25,False,False,2026-03-27
CADJPY,monetary,0.0,both,direct (single indicator),both,0.0,0,0.0,False,True,2026-03-27
CHFJPY,growth,0.0,mixed,constructed aggregate (sum/pair_divisor),both,0.0,0,0.0,False,False,2026-03-27
CHFJPY,inflation,1.0,mixed,constructed aggregate (sum/pair_divisor),both,0.5,0,0.5,False,False,2026-03-27
CHFJPY,labour,-0.5,mixed,constructed aggregate (sum/pair_divisor),both,-0.75,-1,0.25,False,False,2026-03-27
CHFJPY,monetary,-2.0,quote_only,direct (single indicator),quote_only,-1.0,-1,-1.0,False,True,2026-03-27
AUDNZD,growth,0.5,both,constructed aggregate (sum/pair_divisor),both,0.0,0,0.5,False,False,2026-03-27
AUDNZD,inflation,0.0,mixed,constructed aggregate (sum/pair_divisor),both,-0.25,0,0.25,False,False,2026-03-27
AUDNZD,labour,1.0,mixed,constructed aggregate (sum/pair_divisor),both,0.3333333333333333,0,0.6666666666666667,False,False,2026-03-27
AUDNZD,monetary,2.0,base_only,direct (single indicator),base_only,1.0,1,1.0,False,True,2026-03-27
AUDCAD,growth,0.5,mixed,constructed aggregate (sum/pair_divisor),both,-0.16666666666666666,0,0.6666666666666666,False,False,2026-03-27
AUDCAD,inflation,1.0,mixed,constructed aggregate (sum/pair_divisor),both,0.08333333333333331,0,0.9166666666666667,False,False,2026-03-27
AUDCAD,labour,1.0,mixed,constructed aggregate (sum/pair_divisor),both,0.5,0,0.5,False,False,2026-03-27
AUDCAD,monetary,0.0,both,direct (single indicator),both,0.0,0,0.0,False,True,2026-03-27
AUDCHF,growth,2.5,mixed,constructed aggregate (sum/pair_divisor),both,0.5,0,2.0,False,False,2026-03-27
AUDCHF,inflation,-0.5,mixed,constructed aggregate (sum/pair_divisor),both,-0.5,0,0.0,False,False,2026-03-27
AUDCHF,labour,1.0,mixed,constructed aggregate (sum/pair_divisor),both,1.0,1,0.0,False,False,2026-03-27
AUDCHF,monetary,2.0,base_only,direct (single indicator),base_only,1.0,1,1.0,False,True,2026-03-27
NZDCAD,growth,0.0,mixed,constructed aggregate (sum/pair_divisor),both,-0.16666666666666666,0,0.16666666666666666,False,False,2026-03-27
NZDCAD,inflation,1.0,mixed,constructed aggregate (sum/pair_divisor),both,0.3333333333333333,0,0.6666666666666667,False,False,2026-03-27
NZDCAD,labour,0.0,mixed,constructed aggregate (sum/pair_divisor),both,0.16666666666666669,0,-0.16666666666666669,False,False,2026-03-27
NZDCAD,monetary,-2.0,quote_only,direct (single indicator),quote_only,-1.0,-1,-1.0,False,True,2026-03-27
NZDCHF,growth,2.0,mixed,constructed aggregate (sum/pair_divisor),both,0.5,0,1.5,False,False,2026-03-27
NZDCHF,inflation,-0.5,mixed,constructed aggregate (sum/pair_divisor),both,-0.25,0,-0.25,False,False,2026-03-27
NZDCHF,labour,0.0,mixed,constructed aggregate (sum/pair_divisor),both,0.6666666666666667,1,-0.6666666666666667,False,False,2026-03-27
NZDCHF,monetary,,neither,direct (single indicator),neither,0.0,0,,False,True,2026-03-27
CADCHF,growth,2.0,mixed,constructed aggregate (sum/pair_divisor),both,0.6666666666666666,1,1.3333333333333335,False,False,2026-03-27
CADCHF,inflation,-1.5,mixed,constructed aggregate (sum/pair_divisor),both,-0.5833333333333333,-1,-0.9166666666666667,False,False,2026-03-27
CADCHF,labour,0.0,mixed,constructed aggregate (sum/pair_divisor),both,0.5,0,-0.5,False,False,2026-03-27
CADCHF,monetary,2.0,base_only,direct (single indicator),base_only,1.0,1,1.0,False,True,2026-03-27
EURUSD,growth,-0.5,both,constructed aggregate (sum/pair_divisor),both,-0.16666666666666666,0,-0.33333333333333337,False,False,2026-04-03
EURUSD,inflation,-0.5,mixed,constructed aggregate (sum/pair_divisor),both,-0.125,0,-0.375,False,False,2026-04-03
EURUSD,labour,0.5,mixed,constructed aggregate (sum/pair_divisor),both,0.08333333333333333,0,0.4166666666666667,False,False,2026-04-03
EURUSD,monetary,0.0,both,direct (single indicator),both,0.0,0,0.0,False,True,2026-04-03
GBPUSD,growth,-1.0,both,constructed aggregate (sum/pair_divisor),both,-0.29166666666666663,0,-0.7083333333333334,False,False,2026-04-03
GBPUSD,inflation,-1.5,mixed,constructed aggregate (sum/pair_divisor),both,-0.4583333333333333,0,-1.0416666666666667,False,False,2026-04-03
GBPUSD,labour,1.5,mixed,constructed aggregate (sum/pair_divisor),both,0.41666666666666663,0,1.0833333333333335,False,False,2026-04-03
GBPUSD,monetary,0.0,both,direct (single indicator),both,0.0,0,0.0,False,True,2026-04-03
USDJPY,growth,2.5,mixed,constructed aggregate (sum/pair_divisor),both,0.8333333333333333,1,1.6666666666666667,False,False,2026-04-03
USDJPY,inflation,1.0,mixed,constructed aggregate (sum/pair_divisor),both,0.375,0,0.625,False,False,2026-04-03
USDJPY,labour,-1.0,mixed,constructed aggregate (sum/pair_divisor),both,-0.3333333333333333,0,-0.6666666666666667,False,False,2026-04-03
USDJPY,monetary,0.0,both,direct (single indicator),both,0.0,0,0.0,False,True,2026-04-03
USDCHF,growth,-0.5,mixed,constructed aggregate (sum/pair_divisor),both,-0.16666666666666666,0,-0.33333333333333337,False,False,2026-04-03
USDCHF,inflation,1.5,mixed,constructed aggregate (sum/pair_divisor),both,0.625,1,0.875,False,False,2026-04-03
USDCHF,labour,0.5,mixed,constructed aggregate (sum/pair_divisor),both,0.9166666666666666,1,-0.41666666666666663,False,False,2026-04-03
USDCHF,monetary,2.0,base_only,direct (single indicator),base_only,1.0,1,1.0,False,True,2026-04-03
USDCAD,growth,1.0,mixed,constructed aggregate (sum/pair_divisor),both,0.3333333333333333,0,0.6666666666666667,False,False,2026-04-03
USDCAD,inflation,1.5,mixed,constructed aggregate (sum/pair_divisor),both,0.4583333333333333,0,1.0416666666666667,False,False,2026-04-03
USDCAD,labour,0.5,mixed,constructed aggregate (sum/pair_divisor),both,0.4166666666666667,0,0.08333333333333331,False,False,2026-04-03
USDCAD,monetary,0.0,both,direct (single indicator),both,0.0,0,0.0,False,True,2026-04-03
AUDUSD,growth,0.5,both,constructed aggregate (sum/pair_divisor),both,-0.16666666666666666,0,0.6666666666666666,False,False,2026-04-03
AUDUSD,inflation,-0.5,mixed,constructed aggregate (sum/pair_divisor),both,-0.375,0,-0.125,False,False,2026-04-03
AUDUSD,labour,0.5,mixed,constructed aggregate (sum/pair_divisor),both,0.08333333333333333,0,0.4166666666666667,False,False,2026-04-03
AUDUSD,monetary,0.0,both,direct (single indicator),both,0.0,0,0.0,False,True,2026-04-03
NZDUSD,growth,0.0,both,constructed aggregate (sum/pair_divisor),both,-0.16666666666666666,0,0.16666666666666666,False,False,2026-04-03
NZDUSD,inflation,-0.5,mixed,constructed aggregate (sum/pair_divisor),both,-0.125,0,-0.375,False,False,2026-04-03
NZDUSD,labour,-0.5,mixed,constructed aggregate (sum/pair_divisor),both,-0.25,0,-0.25,False,False,2026-04-03
NZDUSD,monetary,-2.0,quote_only,direct (single indicator),quote_only,-1.0,-1,-1.0,False,True,2026-04-03
EURGBP,growth,0.5,both,constructed aggregate (sum/pair_divisor),both,0.125,0,0.375,False,False,2026-04-03
EURGBP,inflation,1.0,mixed,constructed aggregate (sum/pair_divisor),both,0.3333333333333333,0,0.6666666666666667,False,False,2026-04-03
EURGBP,labour,-1.0,mixed,constructed aggregate (sum/pair_divisor),both,-0.3333333333333333,0,-0.6666666666666667,False,False,2026-04-03
EURGBP,monetary,0.0,both,direct (single indicator),both,0.0,0,0.0,False,True,2026-04-03
EURJPY,growth,2.0,mixed,constructed aggregate (sum/pair_divisor),both,0.6666666666666666,1,1.3333333333333335,False,False,2026-04-03
EURJPY,inflation,0.5,mixed,constructed aggregate (sum/pair_divisor),both,0.25,0,0.25,False,False,2026-04-03
EURJPY,labour,-0.5,mixed,constructed aggregate (sum/pair_divisor),both,-0.25,0,-0.25,False,False,2026-04-03
EURJPY,monetary,0.0,both,direct (single indicator),both,0.0,0,0.0,False,True,2026-04-03
EURCHF,growth,-1.0,mixed,constructed aggregate (sum/pair_divisor),both,-0.3333333333333333,0,-0.6666666666666667,False,False,2026-04-03
EURCHF,inflation,1.0,mixed,constructed aggregate (sum/pair_divisor),both,0.5,0,0.5,False,False,2026-04-03
EURCHF,labour,1.0,mixed,constructed aggregate (sum/pair_divisor),both,1.0,1,0.0,False,False,2026-04-03
EURCHF,monetary,2.0,base_only,direct (single indicator),base_only,1.0,1,1.0,False,True,2026-04-03
EURAUD,growth,-1.0,both,constructed aggregate (sum/pair_divisor),both,0.0,0,-1.0,False,False,2026-04-03
EURAUD,inflation,0.0,mixed,constructed aggregate (sum/pair_divisor),both,0.25,0,-0.25,False,False,2026-04-03
EURAUD,labour,0.0,mixed,constructed aggregate (sum/pair_divisor),both,0.0,0,0.0,False,False,2026-04-03
EURAUD,monetary,0.0,both,direct (single indicator),both,0.0,0,0.0,False,True,2026-04-03
EURNZD,growth,-0.5,both,constructed aggregate (sum/pair_divisor),both,0.0,0,-0.5,False,False,2026-04-03
EURNZD,inflation,0.0,mixed,constructed aggregate (sum/pair_divisor),both,0.0,0,0.0,False,False,2026-04-03
EURNZD,labour,1.0,mixed,constructed aggregate (sum/pair_divisor),both,0.3333333333333333,0,0.6666666666666667,False,False,2026-04-03
EURNZD,monetary,2.0,base_only,direct (single indicator),base_only,1.0,1,1.0,False,True,2026-04-03
EURCAD,growth,0.5,mixed,constructed aggregate (sum/pair_divisor),both,0.16666666666666666,0,0.33333333333333337,False,False,2026-04-03
EURCAD,inflation,1.0,mixed,constructed aggregate (sum/pair_divisor),both,0.3333333333333333,0,0.6666666666666667,False,False,2026-04-03
EURCAD,labour,1.0,mixed,constructed aggregate (sum/pair_divisor),both,0.5,0,0.5,False,False,2026-04-03
EURCAD,monetary,0.0,both,direct (single indicator),both,0.0,0,0.0,False,True,2026-04-03
GBPJPY,growth,1.5,mixed,constructed aggregate (sum/pair_divisor),both,0.5416666666666666,1,0.9583333333333334,False,False,2026-04-03
GBPJPY,inflation,-0.5,mixed,constructed aggregate (sum/pair_divisor),both,-0.08333333333333331,0,-0.4166666666666667,False,False,2026-04-03
GBPJPY,labour,0.5,mixed,constructed aggregate (sum/pair_divisor),both,0.08333333333333331,0,0.4166666666666667,False,False,2026-04-03
GBPJPY,monetary,0.0,both,direct (single indicator),both,0.0,0,0.0,False,True,2026-04-03
GBPCHF,growth,-1.5,mixed,constructed aggregate (sum/pair_divisor),both,-0.4583333333333333,0,-1.0416666666666667,False,False,2026-04-03
GBPCHF,inflation,0.0,mixed,constructed aggregate (sum/pair_divisor),both,0.16666666666666669,0,-0.16666666666666669,False,False,2026-04-03
GBPCHF,labour,2.0,mixed,constructed aggregate (sum/pair_divisor),both,1.3333333333333333,1,0.6666666666666667,False,False,2026-04-03
GBPCHF,monetary,2.0,base_only,direct (single indicator),base_only,1.0,1,1.0,False,True,2026-04-03
GBPAUD,growth,-1.5,both,constructed aggregate (sum/pair_divisor),both,-0.125,0,-1.375,False,False,2026-04-03
GBPAUD,inflation,-1.0,mixed,constructed aggregate (sum/pair_divisor),both,-0.08333333333333331,0,-0.9166666666666667,False,False,2026-04-03
GBPAUD,labour,1.0,mixed,constructed aggregate (sum/pair_divisor),both,0.3333333333333333,0,0.6666666666666667,False,False,2026-04-03
GBPAUD,monetary,0.0,both,direct (single indicator),both,0.0,0,0.0,False,True,2026-04-03
GBPNZD,growth,-1.0,both,constructed aggregate (sum/pair_divisor),both,-0.125,0,-0.875,False,False,2026-04-03
GBPNZD,inflation,-1.0,mixed,constructed aggregate (sum/pair_divisor),both,-0.3333333333333333,0,-0.6666666666666667,False,False,2026-04-03
GBPNZD,labour,2.0,mixed,constructed aggregate (sum/pair_divisor),both,0.6666666666666666,1,1.3333333333333335,False,False,2026-04-03
GBPNZD,monetary,2.0,base_only,direct (single indicator),base_only,1.0,1,1.0,False,True,2026-04-03
GBPCAD,growth,0.0,mixed,constructed aggregate (sum/pair_divisor),both,0.04166666666666666,0,-0.04166666666666666,False,False,2026-04-03
GBPCAD,inflation,0.0,mixed,constructed aggregate (sum/pair_divisor),both,0.0,0,0.0,False,False,2026-04-03
GBPCAD,labour,2.0,mixed,constructed aggregate (sum/pair_divisor),both,0.8333333333333333,1,1.1666666666666667,False,False,2026-04-03
GBPCAD,monetary,0.0,both,direct (single indicator),both,0.0,0,0.0,False,True,2026-04-03
AUDJPY,growth,3.0,mixed,constructed aggregate (sum/pair_divisor),both,0.6666666666666666,1,2.3333333333333335,False,False,2026-04-03
AUDJPY,inflation,0.5,mixed,constructed aggregate (sum/pair_divisor),both,0.0,0,0.5,False,False,2026-04-03
AUDJPY,labour,-0.5,mixed,constructed aggregate (sum/pair_divisor),both,-0.25,0,-0.25,False,False,2026-04-03
AUDJPY,monetary,0.0,both,direct (single indicator),both,0.0,0,0.0,False,True,2026-04-03
NZDJPY,growth,2.5,mixed,constructed aggregate (sum/pair_divisor),both,0.6666666666666666,1,1.8333333333333335,False,False,2026-04-03
NZDJPY,inflation,0.5,mixed,constructed aggregate (sum/pair_divisor),both,0.25,0,0.25,False,False,2026-04-03
NZDJPY,labour,-1.5,mixed,constructed aggregate (sum/pair_divisor),both,-0.5833333333333333,-1,-0.9166666666666667,False,False,2026-04-03
NZDJPY,monetary,-2.0,quote_only,direct (single indicator),quote_only,-1.0,-1,-1.0,False,True,2026-04-03
CADJPY,growth,1.5,mixed,constructed aggregate (sum/pair_divisor),both,0.5,0,1.0,False,False,2026-04-03
CADJPY,inflation,-0.5,mixed,constructed aggregate (sum/pair_divisor),both,-0.08333333333333331,0,-0.4166666666666667,False,False,2026-04-03
CADJPY,labour,-1.5,mixed,constructed aggregate (sum/pair_divisor),both,-0.75,-1,-0.75,False,False,2026-04-03
CADJPY,monetary,0.0,both,direct (single indicator),both,0.0,0,0.0,False,True,2026-04-03
CHFJPY,growth,3.0,mixed,constructed aggregate (sum/pair_divisor),both,1.0,1,2.0,False,False,2026-04-03
CHFJPY,inflation,-0.5,mixed,constructed aggregate (sum/pair_divisor),both,-0.25,0,-0.25,False,False,2026-04-03
CHFJPY,labour,-1.5,mixed,constructed aggregate (sum/pair_divisor),both,-1.25,-1,-0.25,False,False,2026-04-03
CHFJPY,monetary,-2.0,quote_only,direct (single indicator),quote_only,-1.0,-1,-1.0,False,True,2026-04-03
AUDNZD,growth,0.5,both,constructed aggregate (sum/pair_divisor),both,0.0,0,0.5,False,False,2026-04-03
AUDNZD,inflation,0.0,mixed,constructed aggregate (sum/pair_divisor),both,-0.25,0,0.25,False,False,2026-04-03
AUDNZD,labour,1.0,mixed,constructed aggregate (sum/pair_divisor),both,0.3333333333333333,0,0.6666666666666667,False,False,2026-04-03
AUDNZD,monetary,2.0,base_only,direct (single indicator),base_only,1.0,1,1.0,False,True,2026-04-03
AUDCAD,growth,1.5,mixed,constructed aggregate (sum/pair_divisor),both,0.16666666666666666,0,1.3333333333333333,False,False,2026-04-03
AUDCAD,inflation,1.0,mixed,constructed aggregate (sum/pair_divisor),both,0.08333333333333331,0,0.9166666666666667,False,False,2026-04-03
AUDCAD,labour,1.0,mixed,constructed aggregate (sum/pair_divisor),both,0.5,0,0.5,False,False,2026-04-03
AUDCAD,monetary,0.0,both,direct (single indicator),both,0.0,0,0.0,False,True,2026-04-03
AUDCHF,growth,0.0,mixed,constructed aggregate (sum/pair_divisor),both,-0.3333333333333333,0,0.3333333333333333,False,False,2026-04-03
AUDCHF,inflation,1.0,mixed,constructed aggregate (sum/pair_divisor),both,0.25,0,0.75,False,False,2026-04-03
AUDCHF,labour,1.0,mixed,constructed aggregate (sum/pair_divisor),both,1.0,1,0.0,False,False,2026-04-03
AUDCHF,monetary,2.0,base_only,direct (single indicator),base_only,1.0,1,1.0,False,True,2026-04-03
NZDCAD,growth,1.0,mixed,constructed aggregate (sum/pair_divisor),both,0.16666666666666666,0,0.8333333333333334,False,False,2026-04-03
NZDCAD,inflation,1.0,mixed,constructed aggregate (sum/pair_divisor),both,0.3333333333333333,0,0.6666666666666667,False,False,2026-04-03
NZDCAD,labour,0.0,mixed,constructed aggregate (sum/pair_divisor),both,0.16666666666666669,0,-0.16666666666666669,False,False,2026-04-03
NZDCAD,monetary,-2.0,quote_only,direct (single indicator),quote_only,-1.0,-1,-1.0,False,True,2026-04-03
NZDCHF,growth,-0.5,mixed,constructed aggregate (sum/pair_divisor),both,-0.3333333333333333,0,-0.16666666666666669,False,False,2026-04-03
NZDCHF,inflation,1.0,mixed,constructed aggregate (sum/pair_divisor),both,0.5,0,0.5,False,False,2026-04-03
NZDCHF,labour,0.0,mixed,constructed aggregate (sum/pair_divisor),both,0.6666666666666667,1,-0.6666666666666667,False,False,2026-04-03
NZDCHF,monetary,,neither,direct (single indicator),neither,0.0,0,,False,True,2026-04-03
CADCHF,growth,-1.5,mixed,constructed aggregate (sum/pair_divisor),both,-0.5,0,-1.0,False,False,2026-04-03
CADCHF,inflation,0.0,mixed,constructed aggregate (sum/pair_divisor),both,0.16666666666666669,0,-0.16666666666666669,False,False,2026-04-03
CADCHF,labour,0.0,mixed,constructed aggregate (sum/pair_divisor),both,0.5,0,-0.5,False,False,2026-04-03
CADCHF,monetary,2.0,base_only,direct (single indicator),base_only,1.0,1,1.0,False,True,2026-04-03
EURUSD,growth,0.5,both,constructed aggregate (sum/pair_divisor),both,0.08333333333333334,0,0.41666666666666663,False,False,2026-04-10
EURUSD,inflation,-1.5,mixed,constructed aggregate (sum/pair_divisor),both,-0.4583333333333333,0,-1.0416666666666667,False,False,2026-04-10
EURUSD,labour,1.5,mixed,constructed aggregate (sum/pair_divisor),both,0.25,0,1.25,False,False,2026-04-10
EURUSD,monetary,2.0,both,direct (single indicator),both,1.0,1,1.0,False,True,2026-04-10
GBPUSD,growth,-1.5,both,constructed aggregate (sum/pair_divisor),both,-0.41666666666666663,0,-1.0833333333333335,False,False,2026-04-10
GBPUSD,inflation,-1.5,mixed,constructed aggregate (sum/pair_divisor),both,-0.4583333333333333,0,-1.0416666666666667,False,False,2026-04-10
GBPUSD,labour,2.5,mixed,constructed aggregate (sum/pair_divisor),both,0.5833333333333333,1,1.9166666666666667,False,False,2026-04-10
GBPUSD,monetary,2.0,both,direct (single indicator),both,1.0,1,1.0,False,True,2026-04-10
USDJPY,growth,2.5,mixed,constructed aggregate (sum/pair_divisor),both,0.8333333333333333,1,1.6666666666666667,False,False,2026-04-10
USDJPY,inflation,1.0,mixed,constructed aggregate (sum/pair_divisor),both,0.375,0,0.625,False,False,2026-04-10
USDJPY,labour,-2.0,mixed,constructed aggregate (sum/pair_divisor),both,-0.5,0,-1.5,False,False,2026-04-10
USDJPY,monetary,-2.0,both,direct (single indicator),both,-1.0,-1,-1.0,False,True,2026-04-10
USDCHF,growth,-0.5,mixed,constructed aggregate (sum/pair_divisor),both,-0.16666666666666666,0,-0.33333333333333337,False,False,2026-04-10
USDCHF,inflation,1.5,mixed,constructed aggregate (sum/pair_divisor),both,0.625,1,0.875,False,False,2026-04-10
USDCHF,labour,-1.5,mixed,constructed aggregate (sum/pair_divisor),both,-0.25,0,-1.25,False,False,2026-04-10
USDCHF,monetary,0.0,base_only,direct (single indicator),base_only,0.0,0,0.0,False,True,2026-04-10
USDCAD,growth,1.0,mixed,constructed aggregate (sum/pair_divisor),both,0.3333333333333333,0,0.6666666666666667,False,False,2026-04-10
USDCAD,inflation,1.5,mixed,constructed aggregate (sum/pair_divisor),both,0.4583333333333333,0,1.0416666666666667,False,False,2026-04-10
USDCAD,labour,-0.5,mixed,constructed aggregate (sum/pair_divisor),both,0.25,0,-0.75,False,False,2026-04-10
USDCAD,monetary,0.0,both,direct (single indicator),both,0.0,0,0.0,False,True,2026-04-10
AUDUSD,growth,0.5,both,constructed aggregate (sum/pair_divisor),both,-0.16666666666666666,0,0.6666666666666666,False,False,2026-04-10
AUDUSD,inflation,-0.5,mixed,constructed aggregate (sum/pair_divisor),both,-0.375,0,-0.125,False,False,2026-04-10
AUDUSD,labour,1.5,mixed,constructed aggregate (sum/pair_divisor),both,0.25,0,1.25,False,False,2026-04-10
AUDUSD,monetary,2.0,both,direct (single indicator),both,1.0,1,1.0,False,True,2026-04-10
NZDUSD,growth,0.0,both,constructed aggregate (sum/pair_divisor),both,-0.16666666666666666,0,0.16666666666666666,False,False,2026-04-10
NZDUSD,inflation,-0.5,mixed,constructed aggregate (sum/pair_divisor),both,-0.125,0,-0.375,False,False,2026-04-10
NZDUSD,labour,0.5,mixed,constructed aggregate (sum/pair_divisor),both,-0.08333333333333331,0,0.5833333333333333,False,False,2026-04-10
NZDUSD,monetary,0.0,quote_only,direct (single indicator),quote_only,0.0,0,0.0,False,True,2026-04-10
EURGBP,growth,2.0,both,constructed aggregate (sum/pair_divisor),both,0.5,0,1.5,False,False,2026-04-10
EURGBP,inflation,0.0,mixed,constructed aggregate (sum/pair_divisor),both,0.0,0,0.0,False,False,2026-04-10
EURGBP,labour,-1.0,mixed,constructed aggregate (sum/pair_divisor),both,-0.3333333333333333,0,-0.6666666666666667,False,False,2026-04-10
EURGBP,monetary,0.0,both,direct (single indicator),both,0.0,0,0.0,False,True,2026-04-10
EURJPY,growth,3.0,mixed,constructed aggregate (sum/pair_divisor),both,0.9166666666666666,1,2.0833333333333335,False,False,2026-04-10
EURJPY,inflation,-0.5,mixed,constructed aggregate (sum/pair_divisor),both,-0.08333333333333331,0,-0.4166666666666667,False,False,2026-04-10
EURJPY,labour,-0.5,mixed,constructed aggregate (sum/pair_divisor),both,-0.25,0,-0.25,False,False,2026-04-10
EURJPY,monetary,0.0,both,direct (single indicator),both,0.0,0,0.0,False,True,2026-04-10
EURCHF,growth,0.0,mixed,constructed aggregate (sum/pair_divisor),both,-0.08333333333333331,0,0.08333333333333331,False,False,2026-04-10
EURCHF,inflation,0.0,mixed,constructed aggregate (sum/pair_divisor),both,0.16666666666666669,0,-0.16666666666666669,False,False,2026-04-10
EURCHF,labour,0.0,mixed,constructed aggregate (sum/pair_divisor),both,0.0,0,0.0,False,False,2026-04-10
EURCHF,monetary,2.0,base_only,direct (single indicator),base_only,1.0,1,1.0,False,True,2026-04-10
EURAUD,growth,0.0,both,constructed aggregate (sum/pair_divisor),both,0.25,0,-0.25,False,False,2026-04-10
EURAUD,inflation,-1.0,mixed,constructed aggregate (sum/pair_divisor),both,-0.08333333333333331,0,-0.9166666666666667,False,False,2026-04-10
EURAUD,labour,0.0,mixed,constructed aggregate (sum/pair_divisor),both,0.0,0,0.0,False,False,2026-04-10
EURAUD,monetary,0.0,both,direct (single indicator),both,0.0,0,0.0,False,True,2026-04-10
EURNZD,growth,0.5,both,constructed aggregate (sum/pair_divisor),both,0.25,0,0.25,False,False,2026-04-10
EURNZD,inflation,-1.0,mixed,constructed aggregate (sum/pair_divisor),both,-0.3333333333333333,0,-0.6666666666666667,False,False,2026-04-10
EURNZD,labour,1.0,mixed,constructed aggregate (sum/pair_divisor),both,0.3333333333333333,0,0.6666666666666667,False,False,2026-04-10
EURNZD,monetary,2.0,base_only,direct (single indicator),base_only,1.0,1,1.0,False,True,2026-04-10
EURCAD,growth,1.5,mixed,constructed aggregate (sum/pair_divisor),both,0.41666666666666663,0,1.0833333333333335,False,False,2026-04-10
EURCAD,inflation,0.0,mixed,constructed aggregate (sum/pair_divisor),both,0.0,0,0.0,False,False,2026-04-10
EURCAD,labour,1.0,mixed,constructed aggregate (sum/pair_divisor),both,0.5,0,0.5,False,False,2026-04-10
EURCAD,monetary,2.0,both,direct (single indicator),both,1.0,1,1.0,False,True,2026-04-10
GBPJPY,growth,1.0,mixed,constructed aggregate (sum/pair_divisor),both,0.41666666666666663,0,0.5833333333333334,False,False,2026-04-10
GBPJPY,inflation,-0.5,mixed,constructed aggregate (sum/pair_divisor),both,-0.08333333333333331,0,-0.4166666666666667,False,False,2026-04-10
GBPJPY,labour,0.5,mixed,constructed aggregate (sum/pair_divisor),both,0.08333333333333331,0,0.4166666666666667,False,False,2026-04-10
GBPJPY,monetary,0.0,both,direct (single indicator),both,0.0,0,0.0,False,True,2026-04-10
GBPCHF,growth,-2.0,mixed,constructed aggregate (sum/pair_divisor),both,-0.5833333333333333,-1,-1.4166666666666667,False,False,2026-04-10
GBPCHF,inflation,0.0,mixed,constructed aggregate (sum/pair_divisor),both,0.16666666666666669,0,-0.16666666666666669,False,False,2026-04-10
GBPCHF,labour,1.0,mixed,constructed aggregate (sum/pair_divisor),both,0.3333333333333333,0,0.6666666666666667,False,False,2026-04-10
GBPCHF,monetary,2.0,base_only,direct (single indicator),base_only,1.0,1,1.0,False,True,2026-04-10
GBPAUD,growth,-2.0,both,constructed aggregate (sum/pair_divisor),both,-0.25,0,-1.75,False,False,2026-04-10
GBPAUD,inflation,-1.0,mixed,constructed aggregate (sum/pair_divisor),both,-0.08333333333333331,0,-0.9166666666666667,False,False,2026-04-10
GBPAUD,labour,1.0,mixed,constructed aggregate (sum/pair_divisor),both,0.3333333333333333,0,0.6666666666666667,False,False,2026-04-10
GBPAUD,monetary,0.0,both,direct (single indicator),both,0.0,0,0.0,False,True,2026-04-10
GBPNZD,growth,-1.5,both,constructed aggregate (sum/pair_divisor),both,-0.25,0,-1.25,False,False,2026-04-10
GBPNZD,inflation,-1.0,mixed,constructed aggregate (sum/pair_divisor),both,-0.3333333333333333,0,-0.6666666666666667,False,False,2026-04-10
GBPNZD,labour,2.0,mixed,constructed aggregate (sum/pair_divisor),both,0.6666666666666666,1,1.3333333333333335,False,False,2026-04-10
GBPNZD,monetary,2.0,base_only,direct (single indicator),base_only,1.0,1,1.0,False,True,2026-04-10
GBPCAD,growth,-0.5,mixed,constructed aggregate (sum/pair_divisor),both,-0.08333333333333334,0,-0.41666666666666663,False,False,2026-04-10
GBPCAD,inflation,0.0,mixed,constructed aggregate (sum/pair_divisor),both,0.0,0,0.0,False,False,2026-04-10
GBPCAD,labour,2.0,mixed,constructed aggregate (sum/pair_divisor),both,0.8333333333333333,1,1.1666666666666667,False,False,2026-04-10
GBPCAD,monetary,2.0,both,direct (single indicator),both,1.0,1,1.0,False,True,2026-04-10
AUDJPY,growth,3.0,mixed,constructed aggregate (sum/pair_divisor),both,0.6666666666666666,1,2.3333333333333335,False,False,2026-04-10
AUDJPY,inflation,0.5,mixed,constructed aggregate (sum/pair_divisor),both,0.0,0,0.5,False,False,2026-04-10
AUDJPY,labour,-0.5,mixed,constructed aggregate (sum/pair_divisor),both,-0.25,0,-0.25,False,False,2026-04-10
AUDJPY,monetary,0.0,both,direct (single indicator),both,0.0,0,0.0,False,True,2026-04-10
NZDJPY,growth,2.5,mixed,constructed aggregate (sum/pair_divisor),both,0.6666666666666666,1,1.8333333333333335,False,False,2026-04-10
NZDJPY,inflation,0.5,mixed,constructed aggregate (sum/pair_divisor),both,0.25,0,0.25,False,False,2026-04-10
NZDJPY,labour,-1.5,mixed,constructed aggregate (sum/pair_divisor),both,-0.5833333333333333,-1,-0.9166666666666667,False,False,2026-04-10
NZDJPY,monetary,-2.0,quote_only,direct (single indicator),quote_only,-1.0,-1,-1.0,False,True,2026-04-10
CADJPY,growth,1.5,mixed,constructed aggregate (sum/pair_divisor),both,0.5,0,1.0,False,False,2026-04-10
CADJPY,inflation,-0.5,mixed,constructed aggregate (sum/pair_divisor),both,-0.08333333333333331,0,-0.4166666666666667,False,False,2026-04-10
CADJPY,labour,-1.5,mixed,constructed aggregate (sum/pair_divisor),both,-0.75,-1,-0.75,False,False,2026-04-10
CADJPY,monetary,-2.0,both,direct (single indicator),both,-1.0,-1,-1.0,False,True,2026-04-10
CHFJPY,growth,3.0,mixed,constructed aggregate (sum/pair_divisor),both,1.0,1,2.0,False,False,2026-04-10
CHFJPY,inflation,-0.5,mixed,constructed aggregate (sum/pair_divisor),both,-0.25,0,-0.25,False,False,2026-04-10
CHFJPY,labour,-0.5,mixed,constructed aggregate (sum/pair_divisor),both,-0.25,0,-0.25,False,False,2026-04-10
CHFJPY,monetary,-2.0,quote_only,direct (single indicator),quote_only,-1.0,-1,-1.0,False,True,2026-04-10
AUDNZD,growth,0.5,both,constructed aggregate (sum/pair_divisor),both,0.0,0,0.5,False,False,2026-04-10
AUDNZD,inflation,0.0,mixed,constructed aggregate (sum/pair_divisor),both,-0.25,0,0.25,False,False,2026-04-10
AUDNZD,labour,1.0,mixed,constructed aggregate (sum/pair_divisor),both,0.3333333333333333,0,0.6666666666666667,False,False,2026-04-10
AUDNZD,monetary,2.0,base_only,direct (single indicator),base_only,1.0,1,1.0,False,True,2026-04-10
AUDCAD,growth,1.5,mixed,constructed aggregate (sum/pair_divisor),both,0.16666666666666666,0,1.3333333333333333,False,False,2026-04-10
AUDCAD,inflation,1.0,mixed,constructed aggregate (sum/pair_divisor),both,0.08333333333333331,0,0.9166666666666667,False,False,2026-04-10
AUDCAD,labour,1.0,mixed,constructed aggregate (sum/pair_divisor),both,0.5,0,0.5,False,False,2026-04-10
AUDCAD,monetary,2.0,both,direct (single indicator),both,1.0,1,1.0,False,True,2026-04-10
AUDCHF,growth,0.0,mixed,constructed aggregate (sum/pair_divisor),both,-0.3333333333333333,0,0.3333333333333333,False,False,2026-04-10
AUDCHF,inflation,1.0,mixed,constructed aggregate (sum/pair_divisor),both,0.25,0,0.75,False,False,2026-04-10
AUDCHF,labour,0.0,mixed,constructed aggregate (sum/pair_divisor),both,0.0,0,0.0,False,False,2026-04-10
AUDCHF,monetary,2.0,base_only,direct (single indicator),base_only,1.0,1,1.0,False,True,2026-04-10
NZDCAD,growth,1.0,mixed,constructed aggregate (sum/pair_divisor),both,0.16666666666666666,0,0.8333333333333334,False,False,2026-04-10
NZDCAD,inflation,1.0,mixed,constructed aggregate (sum/pair_divisor),both,0.3333333333333333,0,0.6666666666666667,False,False,2026-04-10
NZDCAD,labour,0.0,mixed,constructed aggregate (sum/pair_divisor),both,0.16666666666666669,0,-0.16666666666666669,False,False,2026-04-10
NZDCAD,monetary,0.0,quote_only,direct (single indicator),quote_only,0.0,0,0.0,False,True,2026-04-10
NZDCHF,growth,-0.5,mixed,constructed aggregate (sum/pair_divisor),both,-0.3333333333333333,0,-0.16666666666666669,False,False,2026-04-10
NZDCHF,inflation,1.0,mixed,constructed aggregate (sum/pair_divisor),both,0.5,0,0.5,False,False,2026-04-10
NZDCHF,labour,-1.0,mixed,constructed aggregate (sum/pair_divisor),both,-0.3333333333333333,0,-0.6666666666666667,False,False,2026-04-10
NZDCHF,monetary,,neither,direct (single indicator),neither,0.0,0,,False,True,2026-04-10
CADCHF,growth,-1.5,mixed,constructed aggregate (sum/pair_divisor),both,-0.5,0,-1.0,False,False,2026-04-10
CADCHF,inflation,0.0,mixed,constructed aggregate (sum/pair_divisor),both,0.16666666666666669,0,-0.16666666666666669,False,False,2026-04-10
CADCHF,labour,-1.0,mixed,constructed aggregate (sum/pair_divisor),both,-0.5,0,-0.5,False,False,2026-04-10
CADCHF,monetary,0.0,base_only,direct (single indicator),base_only,0.0,0,0.0,False,True,2026-04-10
EURUSD,growth,0.5,both,constructed aggregate (sum/pair_divisor),both,0.08333333333333334,0,0.41666666666666663,False,False,2026-04-17
EURUSD,inflation,1.0,mixed,constructed aggregate (sum/pair_divisor),both,0.16666666666666669,0,0.8333333333333333,False,False,2026-04-17
EURUSD,labour,1.0,mixed,constructed aggregate (sum/pair_divisor),both,0.16666666666666666,0,0.8333333333333334,False,False,2026-04-17
EURUSD,monetary,1.0,both,direct (single indicator),both,0.5,0,0.5,False,True,2026-04-17
GBPUSD,growth,-0.5,both,constructed aggregate (sum/pair_divisor),both,-0.16666666666666666,0,-0.33333333333333337,False,False,2026-04-17
GBPUSD,inflation,1.0,mixed,constructed aggregate (sum/pair_divisor),both,0.16666666666666669,0,0.8333333333333333,False,False,2026-04-17
GBPUSD,labour,2.0,mixed,constructed aggregate (sum/pair_divisor),both,0.5,0,1.5,False,False,2026-04-17
GBPUSD,monetary,0.0,both,direct (single indicator),both,0.0,0,0.0,False,True,2026-04-17
USDJPY,growth,2.5,mixed,constructed aggregate (sum/pair_divisor),both,0.8333333333333333,1,1.6666666666666667,False,False,2026-04-17
USDJPY,inflation,-1.5,mixed,constructed aggregate (sum/pair_divisor),both,-0.25,0,-1.25,False,False,2026-04-17
USDJPY,labour,-1.5,mixed,constructed aggregate (sum/pair_divisor),both,-0.41666666666666663,0,-1.0833333333333335,False,False,2026-04-17
USDJPY,monetary,-2.0,both,direct (single indicator),both,-1.0,-1,-1.0,False,True,2026-04-17
USDCHF,growth,-0.5,mixed,constructed aggregate (sum/pair_divisor),both,-0.16666666666666666,0,-0.33333333333333337,False,False,2026-04-17
USDCHF,inflation,-0.5,mixed,constructed aggregate (sum/pair_divisor),both,0.25,0,-0.75,False,False,2026-04-17
USDCHF,labour,-1.0,mixed,constructed aggregate (sum/pair_divisor),both,-0.16666666666666666,0,-0.8333333333333334,False,False,2026-04-17
USDCHF,monetary,0.0,base_only,direct (single indicator),base_only,0.0,0,0.0,False,True,2026-04-17
USDCAD,growth,1.0,mixed,constructed aggregate (sum/pair_divisor),both,0.3333333333333333,0,0.6666666666666667,False,False,2026-04-17
USDCAD,inflation,-1.0,mixed,constructed aggregate (sum/pair_divisor),both,-0.16666666666666669,0,-0.8333333333333333,False,False,2026-04-17
USDCAD,labour,-1.0,mixed,constructed aggregate (sum/pair_divisor),both,-0.16666666666666666,0,-0.8333333333333334,False,False,2026-04-17
USDCAD,monetary,0.0,both,direct (single indicator),both,0.0,0,0.0,False,True,2026-04-17
AUDUSD,growth,0.5,both,constructed aggregate (sum/pair_divisor),both,-0.16666666666666666,0,0.6666666666666666,False,False,2026-04-17
AUDUSD,inflation,2.0,mixed,constructed aggregate (sum/pair_divisor),both,0.25,0,1.75,False,False,2026-04-17
AUDUSD,labour,1.0,mixed,constructed aggregate (sum/pair_divisor),both,0.16666666666666666,0,0.8333333333333334,False,False,2026-04-17
AUDUSD,monetary,1.0,both,direct (single indicator),both,0.5,0,0.5,False,True,2026-04-17
NZDUSD,growth,0.0,both,constructed aggregate (sum/pair_divisor),both,-0.16666666666666666,0,0.16666666666666666,False,False,2026-04-17
NZDUSD,inflation,2.0,mixed,constructed aggregate (sum/pair_divisor),both,0.5,0,1.5,False,False,2026-04-17
NZDUSD,labour,0.0,mixed,constructed aggregate (sum/pair_divisor),both,-0.16666666666666666,0,0.16666666666666666,False,False,2026-04-17
NZDUSD,monetary,0.0,quote_only,direct (single indicator),quote_only,0.0,0,0.0,False,True,2026-04-17
EURGBP,growth,1.0,both,constructed aggregate (sum/pair_divisor),both,0.25,0,0.75,False,False,2026-04-17
EURGBP,inflation,0.0,mixed,constructed aggregate (sum/pair_divisor),both,0.0,0,0.0,False,False,2026-04-17
EURGBP,labour,-1.0,mixed,constructed aggregate (sum/pair_divisor),both,-0.3333333333333333,0,-0.6666666666666667,False,False,2026-04-17
EURGBP,monetary,1.0,both,direct (single indicator),both,0.5,0,0.5,False,True,2026-04-17
EURJPY,growth,3.0,mixed,constructed aggregate (sum/pair_divisor),both,0.9166666666666666,1,2.0833333333333335,False,False,2026-04-17
EURJPY,inflation,-0.5,mixed,constructed aggregate (sum/pair_divisor),both,-0.08333333333333331,0,-0.4166666666666667,False,False,2026-04-17
EURJPY,labour,-0.5,mixed,constructed aggregate (sum/pair_divisor),both,-0.25,0,-0.25,False,False,2026-04-17
EURJPY,monetary,-1.0,both,direct (single indicator),both,-0.5,0,-0.5,False,True,2026-04-17
EURCHF,growth,0.0,mixed,constructed aggregate (sum/pair_divisor),both,-0.08333333333333331,0,0.08333333333333331,False,False,2026-04-17
EURCHF,inflation,0.5,mixed,constructed aggregate (sum/pair_divisor),both,0.4166666666666667,0,0.08333333333333331,False,False,2026-04-17
EURCHF,labour,0.0,mixed,constructed aggregate (sum/pair_divisor),both,0.0,0,0.0,False,False,2026-04-17
EURCHF,monetary,1.0,base_only,direct (single indicator),base_only,0.5,0,0.5,False,True,2026-04-17
EURAUD,growth,0.0,both,constructed aggregate (sum/pair_divisor),both,0.25,0,-0.25,False,False,2026-04-17
EURAUD,inflation,-1.0,mixed,constructed aggregate (sum/pair_divisor),both,-0.08333333333333331,0,-0.9166666666666667,False,False,2026-04-17
EURAUD,labour,0.0,mixed,constructed aggregate (sum/pair_divisor),both,0.0,0,0.0,False,False,2026-04-17
EURAUD,monetary,0.0,both,direct (single indicator),both,0.0,0,0.0,False,True,2026-04-17
EURNZD,growth,0.5,both,constructed aggregate (sum/pair_divisor),both,0.25,0,0.25,False,False,2026-04-17
EURNZD,inflation,-1.0,mixed,constructed aggregate (sum/pair_divisor),both,-0.3333333333333333,0,-0.6666666666666667,False,False,2026-04-17
EURNZD,labour,1.0,mixed,constructed aggregate (sum/pair_divisor),both,0.3333333333333333,0,0.6666666666666667,False,False,2026-04-17
EURNZD,monetary,1.0,base_only,direct (single indicator),base_only,0.5,0,0.5,False,True,2026-04-17
EURCAD,growth,1.5,mixed,constructed aggregate (sum/pair_divisor),both,0.41666666666666663,0,1.0833333333333335,False,False,2026-04-17
EURCAD,inflation,0.0,mixed,constructed aggregate (sum/pair_divisor),both,0.0,0,0.0,False,False,2026-04-17
EURCAD,labour,0.0,mixed,constructed aggregate (sum/pair_divisor),both,0.0,0,0.0,False,False,2026-04-17
EURCAD,monetary,1.0,both,direct (single indicator),both,0.5,0,0.5,False,True,2026-04-17
GBPJPY,growth,2.0,mixed,constructed aggregate (sum/pair_divisor),both,0.6666666666666666,1,1.3333333333333335,False,False,2026-04-17
GBPJPY,inflation,-0.5,mixed,constructed aggregate (sum/pair_divisor),both,-0.08333333333333331,0,-0.4166666666666667,False,False,2026-04-17
GBPJPY,labour,0.5,mixed,constructed aggregate (sum/pair_divisor),both,0.08333333333333331,0,0.4166666666666667,False,False,2026-04-17
GBPJPY,monetary,-2.0,both,direct (single indicator),both,-1.0,-1,-1.0,False,True,2026-04-17
GBPCHF,growth,-1.0,mixed,constructed aggregate (sum/pair_divisor),both,-0.3333333333333333,0,-0.6666666666666667,False,False,2026-04-17
GBPCHF,inflation,0.5,mixed,constructed aggregate (sum/pair_divisor),both,0.4166666666666667,0,0.08333333333333331,False,False,2026-04-17
GBPCHF,labour,1.0,mixed,constructed aggregate (sum/pair_divisor),both,0.3333333333333333,0,0.6666666666666667,False,False,2026-04-17
GBPCHF,monetary,0.0,base_only,direct (single indicator),base_only,0.0,0,0.0,False,True,2026-04-17
GBPAUD,growth,-1.0,both,constructed aggregate (sum/pair_divisor),both,0.0,0,-1.0,False,False,2026-04-17
GBPAUD,inflation,-1.0,mixed,constructed aggregate (sum/pair_divisor),both,-0.08333333333333331,0,-0.9166666666666667,False,False,2026-04-17
GBPAUD,labour,1.0,mixed,constructed aggregate (sum/pair_divisor),both,0.3333333333333333,0,0.6666666666666667,False,False,2026-04-17
GBPAUD,monetary,-1.0,both,direct (single indicator),both,-0.5,0,-0.5,False,True,2026-04-17
GBPNZD,growth,-0.5,both,constructed aggregate (sum/pair_divisor),both,0.0,0,-0.5,False,False,2026-04-17
GBPNZD,inflation,-1.0,mixed,constructed aggregate (sum/pair_divisor),both,-0.3333333333333333,0,-0.6666666666666667,False,False,2026-04-17
GBPNZD,labour,2.0,mixed,constructed aggregate (sum/pair_divisor),both,0.6666666666666666,1,1.3333333333333335,False,False,2026-04-17
GBPNZD,monetary,0.0,base_only,direct (single indicator),base_only,0.0,0,0.0,False,True,2026-04-17
GBPCAD,growth,0.5,mixed,constructed aggregate (sum/pair_divisor),both,0.16666666666666666,0,0.33333333333333337,False,False,2026-04-17
GBPCAD,inflation,0.0,mixed,constructed aggregate (sum/pair_divisor),both,0.0,0,0.0,False,False,2026-04-17
GBPCAD,labour,1.0,mixed,constructed aggregate (sum/pair_divisor),both,0.3333333333333333,0,0.6666666666666667,False,False,2026-04-17
GBPCAD,monetary,0.0,both,direct (single indicator),both,0.0,0,0.0,False,True,2026-04-17
AUDJPY,growth,3.0,mixed,constructed aggregate (sum/pair_divisor),both,0.6666666666666666,1,2.3333333333333335,False,False,2026-04-17
AUDJPY,inflation,0.5,mixed,constructed aggregate (sum/pair_divisor),both,0.0,0,0.5,False,False,2026-04-17
AUDJPY,labour,-0.5,mixed,constructed aggregate (sum/pair_divisor),both,-0.25,0,-0.25,False,False,2026-04-17
AUDJPY,monetary,-1.0,both,direct (single indicator),both,-0.5,0,-0.5,False,True,2026-04-17
NZDJPY,growth,2.5,mixed,constructed aggregate (sum/pair_divisor),both,0.6666666666666666,1,1.8333333333333335,False,False,2026-04-17
NZDJPY,inflation,0.5,mixed,constructed aggregate (sum/pair_divisor),both,0.25,0,0.25,False,False,2026-04-17
NZDJPY,labour,-1.5,mixed,constructed aggregate (sum/pair_divisor),both,-0.5833333333333333,-1,-0.9166666666666667,False,False,2026-04-17
NZDJPY,monetary,-2.0,quote_only,direct (single indicator),quote_only,-1.0,-1,-1.0,False,True,2026-04-17
CADJPY,growth,1.5,mixed,constructed aggregate (sum/pair_divisor),both,0.5,0,1.0,False,False,2026-04-17
CADJPY,inflation,-0.5,mixed,constructed aggregate (sum/pair_divisor),both,-0.08333333333333331,0,-0.4166666666666667,False,False,2026-04-17
CADJPY,labour,-0.5,mixed,constructed aggregate (sum/pair_divisor),both,-0.25,0,-0.25,False,False,2026-04-17
CADJPY,monetary,-2.0,both,direct (single indicator),both,-1.0,-1,-1.0,False,True,2026-04-17
CHFJPY,growth,3.0,mixed,constructed aggregate (sum/pair_divisor),both,1.0,1,2.0,False,False,2026-04-17
CHFJPY,inflation,-1.0,mixed,constructed aggregate (sum/pair_divisor),both,-0.5,0,-0.5,False,False,2026-04-17
CHFJPY,labour,-0.5,mixed,constructed aggregate (sum/pair_divisor),both,-0.25,0,-0.25,False,False,2026-04-17
CHFJPY,monetary,-2.0,quote_only,direct (single indicator),quote_only,-1.0,-1,-1.0,False,True,2026-04-17
AUDNZD,growth,0.5,both,constructed aggregate (sum/pair_divisor),both,0.0,0,0.5,False,False,2026-04-17
AUDNZD,inflation,0.0,mixed,constructed aggregate (sum/pair_divisor),both,-0.25,0,0.25,False,False,2026-04-17
AUDNZD,labour,1.0,mixed,constructed aggregate (sum/pair_divisor),both,0.3333333333333333,0,0.6666666666666667,False,False,2026-04-17
AUDNZD,monetary,1.0,base_only,direct (single indicator),base_only,0.5,0,0.5,False,True,2026-04-17
AUDCAD,growth,1.5,mixed,constructed aggregate (sum/pair_divisor),both,0.16666666666666666,0,1.3333333333333333,False,False,2026-04-17
AUDCAD,inflation,1.0,mixed,constructed aggregate (sum/pair_divisor),both,0.08333333333333331,0,0.9166666666666667,False,False,2026-04-17
AUDCAD,labour,0.0,mixed,constructed aggregate (sum/pair_divisor),both,0.0,0,0.0,False,False,2026-04-17
AUDCAD,monetary,1.0,both,direct (single indicator),both,0.5,0,0.5,False,True,2026-04-17
AUDCHF,growth,0.0,mixed,constructed aggregate (sum/pair_divisor),both,-0.3333333333333333,0,0.3333333333333333,False,False,2026-04-17
AUDCHF,inflation,1.5,mixed,constructed aggregate (sum/pair_divisor),both,0.5,0,1.0,False,False,2026-04-17
AUDCHF,labour,0.0,mixed,constructed aggregate (sum/pair_divisor),both,0.0,0,0.0,False,False,2026-04-17
AUDCHF,monetary,1.0,base_only,direct (single indicator),base_only,0.5,0,0.5,False,True,2026-04-17
NZDCAD,growth,1.0,mixed,constructed aggregate (sum/pair_divisor),both,0.16666666666666666,0,0.8333333333333334,False,False,2026-04-17
NZDCAD,inflation,1.0,mixed,constructed aggregate (sum/pair_divisor),both,0.3333333333333333,0,0.6666666666666667,False,False,2026-04-17
NZDCAD,labour,-1.0,mixed,constructed aggregate (sum/pair_divisor),both,-0.3333333333333333,0,-0.6666666666666667,False,False,2026-04-17
NZDCAD,monetary,0.0,quote_only,direct (single indicator),quote_only,0.0,0,0.0,False,True,2026-04-17
NZDCHF,growth,-0.5,mixed,constructed aggregate (sum/pair_divisor),both,-0.3333333333333333,0,-0.16666666666666669,False,False,2026-04-17
NZDCHF,inflation,1.5,mixed,constructed aggregate (sum/pair_divisor),both,0.75,1,0.75,False,False,2026-04-17
NZDCHF,labour,-1.0,mixed,constructed aggregate (sum/pair_divisor),both,-0.3333333333333333,0,-0.6666666666666667,False,False,2026-04-17
NZDCHF,monetary,,neither,direct (single indicator),neither,0.0,0,,False,True,2026-04-17
CADCHF,growth,-1.5,mixed,constructed aggregate (sum/pair_divisor),both,-0.5,0,-1.0,False,False,2026-04-17
CADCHF,inflation,0.5,mixed,constructed aggregate (sum/pair_divisor),both,0.4166666666666667,0,0.08333333333333331,False,False,2026-04-17
CADCHF,labour,0.0,mixed,constructed aggregate (sum/pair_divisor),both,0.0,0,0.0,False,False,2026-04-17
CADCHF,monetary,0.0,base_only,direct (single indicator),base_only,0.0,0,0.0,False,True,2026-04-17
EURUSD,growth,-0.5,both,constructed aggregate (sum/pair_divisor),both,-0.125,0,-0.375,False,False,2026-04-24
EURUSD,inflation,1.0,mixed,constructed aggregate (sum/pair_divisor),both,0.16666666666666669,0,0.8333333333333333,False,False,2026-04-24
EURUSD,labour,1.0,mixed,constructed aggregate (sum/pair_divisor),both,0.0,0,1.0,False,False,2026-04-24
EURUSD,monetary,2.0,both,direct (single indicator),both,1.0,1,1.0,False,True,2026-04-24
GBPUSD,growth,-1.0,both,constructed aggregate (sum/pair_divisor),both,-0.25,0,-0.75,False,False,2026-04-24
GBPUSD,inflation,2.0,mixed,constructed aggregate (sum/pair_divisor),both,0.5,0,1.5,False,False,2026-04-24
GBPUSD,labour,2.5,mixed,constructed aggregate (sum/pair_divisor),both,0.5,0,2.0,False,False,2026-04-24
GBPUSD,monetary,2.0,both,direct (single indicator),both,1.0,1,1.0,False,True,2026-04-24
USDJPY,growth,2.0,mixed,constructed aggregate (sum/pair_divisor),both,0.5833333333333333,1,1.4166666666666667,False,False,2026-04-24
USDJPY,inflation,-2.5,mixed,constructed aggregate (sum/pair_divisor),both,-0.75,-1,-1.75,False,False,2026-04-24
USDJPY,labour,-1.5,mixed,constructed aggregate (sum/pair_divisor),both,-0.25,0,-1.25,False,False,2026-04-24
USDJPY,monetary,-2.0,both,direct (single indicator),both,-1.0,-1,-1.0,False,True,2026-04-24
USDCHF,growth,0.0,mixed,constructed aggregate (sum/pair_divisor),both,-0.08333333333333331,0,0.08333333333333331,False,False,2026-04-24
USDCHF,inflation,-0.5,mixed,constructed aggregate (sum/pair_divisor),both,0.25,0,-0.75,False,False,2026-04-24
USDCHF,labour,-1.0,mixed,constructed aggregate (sum/pair_divisor),both,0.0,0,-1.0,False,False,2026-04-24
USDCHF,monetary,-2.0,base_only,direct (single indicator),base_only,-1.0,-1,-1.0,False,True,2026-04-24
USDCAD,growth,1.5,mixed,constructed aggregate (sum/pair_divisor),both,0.41666666666666663,0,1.0833333333333335,False,False,2026-04-24
USDCAD,inflation,-2.0,mixed,constructed aggregate (sum/pair_divisor),both,-0.5,0,-1.5,False,False,2026-04-24
USDCAD,labour,-1.0,mixed,constructed aggregate (sum/pair_divisor),both,0.0,0,-1.0,False,False,2026-04-24
USDCAD,monetary,-2.0,both,direct (single indicator),both,-1.0,-1,-1.0,False,True,2026-04-24
AUDUSD,growth,0.0,both,constructed aggregate (sum/pair_divisor),both,-0.25,0,0.25,False,False,2026-04-24
AUDUSD,inflation,2.0,mixed,constructed aggregate (sum/pair_divisor),both,0.25,0,1.75,False,False,2026-04-24
AUDUSD,labour,1.0,mixed,constructed aggregate (sum/pair_divisor),both,0.0,0,1.0,False,False,2026-04-24
AUDUSD,monetary,2.0,both,direct (single indicator),both,1.0,1,1.0,False,True,2026-04-24
NZDUSD,growth,-0.5,both,constructed aggregate (sum/pair_divisor),both,-0.25,0,-0.25,False,False,2026-04-24
NZDUSD,inflation,2.5,mixed,constructed aggregate (sum/pair_divisor),both,0.75,1,1.75,False,False,2026-04-24
NZDUSD,labour,0.0,mixed,constructed aggregate (sum/pair_divisor),both,-0.3333333333333333,0,0.3333333333333333,False,False,2026-04-24
NZDUSD,monetary,2.0,quote_only,direct (single indicator),quote_only,1.0,1,1.0,False,True,2026-04-24
EURGBP,growth,0.5,both,constructed aggregate (sum/pair_divisor),both,0.125,0,0.375,False,False,2026-04-24
EURGBP,inflation,-1.0,mixed,constructed aggregate (sum/pair_divisor),both,-0.3333333333333333,0,-0.6666666666666667,False,False,2026-04-24
EURGBP,labour,-1.5,mixed,constructed aggregate (sum/pair_divisor),both,-0.5,0,-1.0,False,False,2026-04-24
EURGBP,monetary,0.0,both,direct (single indicator),both,0.0,0,0.0,False,True,2026-04-24
EURJPY,growth,1.5,mixed,constructed aggregate (sum/pair_divisor),both,0.4583333333333333,0,1.0416666666666667,False,False,2026-04-24
EURJPY,inflation,-1.5,mixed,constructed aggregate (sum/pair_divisor),both,-0.5833333333333333,-1,-0.9166666666666667,False,False,2026-04-24
EURJPY,labour,-0.5,mixed,constructed aggregate (sum/pair_divisor),both,-0.25,0,-0.25,False,False,2026-04-24
EURJPY,monetary,0.0,both,direct (single indicator),both,0.0,0,0.0,False,True,2026-04-24
EURCHF,growth,-0.5,mixed,constructed aggregate (sum/pair_divisor),both,-0.20833333333333331,0,-0.2916666666666667,False,False,2026-04-24
EURCHF,inflation,0.5,mixed,constructed aggregate (sum/pair_divisor),both,0.4166666666666667,0,0.08333333333333331,False,False,2026-04-24
EURCHF,labour,0.0,mixed,constructed aggregate (sum/pair_divisor),both,0.0,0,0.0,False,False,2026-04-24
EURCHF,monetary,0.0,base_only,direct (single indicator),base_only,0.0,0,0.0,False,True,2026-04-24
EURAUD,growth,-0.5,both,constructed aggregate (sum/pair_divisor),both,0.125,0,-0.625,False,False,2026-04-24
EURAUD,inflation,-1.0,mixed,constructed aggregate (sum/pair_divisor),both,-0.08333333333333331,0,-0.9166666666666667,False,False,2026-04-24
EURAUD,labour,0.0,mixed,constructed aggregate (sum/pair_divisor),both,0.0,0,0.0,False,False,2026-04-24
EURAUD,monetary,0.0,both,direct (single indicator),both,0.0,0,0.0,False,True,2026-04-24
EURNZD,growth,0.0,both,constructed aggregate (sum/pair_divisor),both,0.125,0,-0.125,False,False,2026-04-24
EURNZD,inflation,-1.5,mixed,constructed aggregate (sum/pair_divisor),both,-0.5833333333333333,-1,-0.9166666666666667,False,False,2026-04-24
EURNZD,labour,1.0,mixed,constructed aggregate (sum/pair_divisor),both,0.3333333333333333,0,0.6666666666666667,False,False,2026-04-24
EURNZD,monetary,0.0,base_only,direct (single indicator),base_only,0.0,0,0.0,False,True,2026-04-24
EURCAD,growth,1.0,mixed,constructed aggregate (sum/pair_divisor),both,0.29166666666666663,0,0.7083333333333334,False,False,2026-04-24
EURCAD,inflation,-1.0,mixed,constructed aggregate (sum/pair_divisor),both,-0.3333333333333333,0,-0.6666666666666667,False,False,2026-04-24
EURCAD,labour,0.0,mixed,constructed aggregate (sum/pair_divisor),both,0.0,0,0.0,False,False,2026-04-24
EURCAD,monetary,0.0,both,direct (single indicator),both,0.0,0,0.0,False,True,2026-04-24
GBPJPY,growth,1.0,mixed,constructed aggregate (sum/pair_divisor),both,0.3333333333333333,0,0.6666666666666667,False,False,2026-04-24
GBPJPY,inflation,-0.5,mixed,constructed aggregate (sum/pair_divisor),both,-0.25,0,-0.25,False,False,2026-04-24
GBPJPY,labour,1.0,mixed,constructed aggregate (sum/pair_divisor),both,0.25,0,0.75,False,False,2026-04-24
GBPJPY,monetary,0.0,both,direct (single indicator),both,0.0,0,0.0,False,True,2026-04-24
GBPCHF,growth,-1.0,mixed,constructed aggregate (sum/pair_divisor),both,-0.3333333333333333,0,-0.6666666666666667,False,False,2026-04-24
GBPCHF,inflation,1.5,mixed,constructed aggregate (sum/pair_divisor),both,0.75,1,0.75,False,False,2026-04-24
GBPCHF,labour,1.5,mixed,constructed aggregate (sum/pair_divisor),both,0.5,0,1.0,False,False,2026-04-24
GBPCHF,monetary,0.0,base_only,direct (single indicator),base_only,0.0,0,0.0,False,True,2026-04-24
GBPAUD,growth,-1.0,both,constructed aggregate (sum/pair_divisor),both,0.0,0,-1.0,False,False,2026-04-24
GBPAUD,inflation,0.0,mixed,constructed aggregate (sum/pair_divisor),both,0.25,0,-0.25,False,False,2026-04-24
GBPAUD,labour,1.5,mixed,constructed aggregate (sum/pair_divisor),both,0.5,0,1.0,False,False,2026-04-24
GBPAUD,monetary,0.0,both,direct (single indicator),both,0.0,0,0.0,False,True,2026-04-24
GBPNZD,growth,-0.5,both,constructed aggregate (sum/pair_divisor),both,0.0,0,-0.5,False,False,2026-04-24
GBPNZD,inflation,-0.5,mixed,constructed aggregate (sum/pair_divisor),both,-0.25,0,-0.25,False,False,2026-04-24
GBPNZD,labour,2.5,mixed,constructed aggregate (sum/pair_divisor),both,0.8333333333333333,1,1.6666666666666667,False,False,2026-04-24
GBPNZD,monetary,0.0,base_only,direct (single indicator),base_only,0.0,0,0.0,False,True,2026-04-24
GBPCAD,growth,0.5,mixed,constructed aggregate (sum/pair_divisor),both,0.16666666666666666,0,0.33333333333333337,False,False,2026-04-24
GBPCAD,inflation,0.0,mixed,constructed aggregate (sum/pair_divisor),both,0.0,0,0.0,False,False,2026-04-24
GBPCAD,labour,1.5,mixed,constructed aggregate (sum/pair_divisor),both,0.5,0,1.0,False,False,2026-04-24
GBPCAD,monetary,0.0,both,direct (single indicator),both,0.0,0,0.0,False,True,2026-04-24
AUDJPY,growth,2.0,mixed,constructed aggregate (sum/pair_divisor),both,0.3333333333333333,0,1.6666666666666667,False,False,2026-04-24
AUDJPY,inflation,-0.5,mixed,constructed aggregate (sum/pair_divisor),both,-0.5,0,0.0,False,False,2026-04-24
AUDJPY,labour,-0.5,mixed,constructed aggregate (sum/pair_divisor),both,-0.25,0,-0.25,False,False,2026-04-24
AUDJPY,monetary,0.0,both,direct (single indicator),both,0.0,0,0.0,False,True,2026-04-24
NZDJPY,growth,1.5,mixed,constructed aggregate (sum/pair_divisor),both,0.3333333333333333,0,1.1666666666666667,False,False,2026-04-24
NZDJPY,inflation,0.0,mixed,constructed aggregate (sum/pair_divisor),both,0.0,0,0.0,False,False,2026-04-24
NZDJPY,labour,-1.5,mixed,constructed aggregate (sum/pair_divisor),both,-0.5833333333333333,-1,-0.9166666666666667,False,False,2026-04-24
NZDJPY,monetary,0.0,quote_only,direct (single indicator),quote_only,0.0,0,0.0,False,True,2026-04-24
CADJPY,growth,0.5,mixed,constructed aggregate (sum/pair_divisor),both,0.16666666666666666,0,0.33333333333333337,False,False,2026-04-24
CADJPY,inflation,-0.5,mixed,constructed aggregate (sum/pair_divisor),both,-0.25,0,-0.25,False,False,2026-04-24
CADJPY,labour,-0.5,mixed,constructed aggregate (sum/pair_divisor),both,-0.25,0,-0.25,False,False,2026-04-24
CADJPY,monetary,0.0,both,direct (single indicator),both,0.0,0,0.0,False,True,2026-04-24
CHFJPY,growth,2.0,mixed,constructed aggregate (sum/pair_divisor),both,0.6666666666666666,1,1.3333333333333335,False,False,2026-04-24
CHFJPY,inflation,-2.0,mixed,constructed aggregate (sum/pair_divisor),both,-1.0,-1,-1.0,False,False,2026-04-24
CHFJPY,labour,-0.5,mixed,constructed aggregate (sum/pair_divisor),both,-0.25,0,-0.25,False,False,2026-04-24
CHFJPY,monetary,0.0,quote_only,direct (single indicator),quote_only,0.0,0,0.0,False,True,2026-04-24
AUDNZD,growth,0.5,both,constructed aggregate (sum/pair_divisor),both,0.0,0,0.5,False,False,2026-04-24
AUDNZD,inflation,-0.5,mixed,constructed aggregate (sum/pair_divisor),both,-0.5,0,0.0,False,False,2026-04-24
AUDNZD,labour,1.0,mixed,constructed aggregate (sum/pair_divisor),both,0.3333333333333333,0,0.6666666666666667,False,False,2026-04-24
AUDNZD,monetary,0.0,base_only,direct (single indicator),base_only,0.0,0,0.0,False,True,2026-04-24
AUDCAD,growth,1.5,mixed,constructed aggregate (sum/pair_divisor),both,0.16666666666666666,0,1.3333333333333333,False,False,2026-04-24
AUDCAD,inflation,0.0,mixed,constructed aggregate (sum/pair_divisor),both,-0.25,0,0.25,False,False,2026-04-24
AUDCAD,labour,0.0,mixed,constructed aggregate (sum/pair_divisor),both,0.0,0,0.0,False,False,2026-04-24
AUDCAD,monetary,0.0,both,direct (single indicator),both,0.0,0,0.0,False,True,2026-04-24
AUDCHF,growth,0.0,mixed,constructed aggregate (sum/pair_divisor),both,-0.3333333333333333,0,0.3333333333333333,False,False,2026-04-24
AUDCHF,inflation,1.5,mixed,constructed aggregate (sum/pair_divisor),both,0.5,0,1.0,False,False,2026-04-24
AUDCHF,labour,0.0,mixed,constructed aggregate (sum/pair_divisor),both,0.0,0,0.0,False,False,2026-04-24
AUDCHF,monetary,0.0,base_only,direct (single indicator),base_only,0.0,0,0.0,False,True,2026-04-24
NZDCAD,growth,1.0,mixed,constructed aggregate (sum/pair_divisor),both,0.16666666666666666,0,0.8333333333333334,False,False,2026-04-24
NZDCAD,inflation,0.5,mixed,constructed aggregate (sum/pair_divisor),both,0.25,0,0.25,False,False,2026-04-24
NZDCAD,labour,-1.0,mixed,constructed aggregate (sum/pair_divisor),both,-0.3333333333333333,0,-0.6666666666666667,False,False,2026-04-24
NZDCAD,monetary,0.0,quote_only,direct (single indicator),quote_only,0.0,0,0.0,False,True,2026-04-24
NZDCHF,growth,-0.5,mixed,constructed aggregate (sum/pair_divisor),both,-0.3333333333333333,0,-0.16666666666666669,False,False,2026-04-24
NZDCHF,inflation,2.0,mixed,constructed aggregate (sum/pair_divisor),both,1.0,1,1.0,False,False,2026-04-24
NZDCHF,labour,-1.0,mixed,constructed aggregate (sum/pair_divisor),both,-0.3333333333333333,0,-0.6666666666666667,False,False,2026-04-24
NZDCHF,monetary,,neither,direct (single indicator),neither,0.0,0,,False,True,2026-04-24
CADCHF,growth,-1.5,mixed,constructed aggregate (sum/pair_divisor),both,-0.5,0,-1.0,False,False,2026-04-24
CADCHF,inflation,1.5,mixed,constructed aggregate (sum/pair_divisor),both,0.75,1,0.75,False,False,2026-04-24
CADCHF,labour,0.0,mixed,constructed aggregate (sum/pair_divisor),both,0.0,0,0.0,False,False,2026-04-24
CADCHF,monetary,0.0,base_only,direct (single indicator),base_only,0.0,0,0.0,False,True,2026-04-24
EURUSD,growth,-1.5,both,constructed aggregate (sum/pair_divisor),both,-0.29166666666666663,0,-1.2083333333333335,False,False,2026-05-01
EURUSD,inflation,2.0,mixed,constructed aggregate (sum/pair_divisor),both,0.5,0,1.5,False,False,2026-05-01
EURUSD,labour,0.5,mixed,constructed aggregate (sum/pair_divisor),both,-0.08333333333333331,0,0.5833333333333333,False,False,2026-05-01
EURUSD,monetary,-1.0,both,direct (single indicator),both,-0.5,0,-0.5,False,True,2026-05-01
GBPUSD,growth,-1.0,both,constructed aggregate (sum/pair_divisor),both,-0.16666666666666666,0,-0.8333333333333334,False,False,2026-05-01
GBPUSD,inflation,2.0,mixed,constructed aggregate (sum/pair_divisor),both,0.5,0,1.5,False,False,2026-05-01
GBPUSD,labour,1.5,mixed,constructed aggregate (sum/pair_divisor),both,0.16666666666666669,0,1.3333333333333333,False,False,2026-05-01
GBPUSD,monetary,-1.0,both,direct (single indicator),both,-0.5,0,-0.5,False,True,2026-05-01
USDJPY,growth,2.0,mixed,constructed aggregate (sum/pair_divisor),both,0.5,0,1.5,False,False,2026-05-01
USDJPY,inflation,-2.0,mixed,constructed aggregate (sum/pair_divisor),both,-0.5,0,-1.5,False,False,2026-05-01
USDJPY,labour,0.5,mixed,constructed aggregate (sum/pair_divisor),both,0.5833333333333333,1,-0.08333333333333326,False,False,2026-05-01
USDJPY,monetary,1.0,both,direct (single indicator),both,0.5,0,0.5,False,True,2026-05-01
USDCHF,growth,0.0,mixed,constructed aggregate (sum/pair_divisor),both,-0.16666666666666666,0,0.16666666666666666,False,False,2026-05-01
USDCHF,inflation,-0.5,mixed,constructed aggregate (sum/pair_divisor),both,0.25,0,-0.75,False,False,2026-05-01
USDCHF,labour,0.0,mixed,constructed aggregate (sum/pair_divisor),both,0.3333333333333333,0,-0.3333333333333333,False,False,2026-05-01
USDCHF,monetary,1.0,base_only,direct (single indicator),base_only,0.5,0,0.5,False,True,2026-05-01
USDCAD,growth,1.5,mixed,constructed aggregate (sum/pair_divisor),both,0.3333333333333333,0,1.1666666666666667,False,False,2026-05-01
USDCAD,inflation,-2.0,mixed,constructed aggregate (sum/pair_divisor),both,-0.5,0,-1.5,False,False,2026-05-01
USDCAD,labour,0.0,mixed,constructed aggregate (sum/pair_divisor),both,0.3333333333333333,0,-0.3333333333333333,False,False,2026-05-01
USDCAD,monetary,0.0,both,direct (single indicator),both,0.0,0,0.0,False,True,2026-05-01
AUDUSD,growth,0.0,both,constructed aggregate (sum/pair_divisor),both,-0.16666666666666666,0,0.16666666666666666,False,False,2026-05-01
AUDUSD,inflation,2.0,mixed,constructed aggregate (sum/pair_divisor),both,0.25,0,1.75,False,False,2026-05-01
AUDUSD,labour,0.0,mixed,constructed aggregate (sum/pair_divisor),both,-0.3333333333333333,0,0.3333333333333333,False,False,2026-05-01
AUDUSD,monetary,-1.0,both,direct (single indicator),both,-0.5,0,-0.5,False,True,2026-05-01
NZDUSD,growth,-0.5,both,constructed aggregate (sum/pair_divisor),both,-0.16666666666666666,0,-0.33333333333333337,False,False,2026-05-01
NZDUSD,inflation,2.5,mixed,constructed aggregate (sum/pair_divisor),both,0.75,1,1.75,False,False,2026-05-01
NZDUSD,labour,-1.0,mixed,constructed aggregate (sum/pair_divisor),both,-0.6666666666666666,-1,-0.33333333333333337,False,False,2026-05-01
NZDUSD,monetary,-1.0,quote_only,direct (single indicator),quote_only,-0.5,0,-0.5,False,True,2026-05-01
EURGBP,growth,-0.5,both,constructed aggregate (sum/pair_divisor),both,-0.125,0,-0.375,False,False,2026-05-01
EURGBP,inflation,0.0,mixed,constructed aggregate (sum/pair_divisor),both,0.0,0,0.0,False,False,2026-05-01
EURGBP,labour,-1.0,mixed,constructed aggregate (sum/pair_divisor),both,-0.25,0,-0.75,False,False,2026-05-01
EURGBP,monetary,0.0,both,direct (single indicator),both,0.0,0,0.0,False,True,2026-05-01
EURJPY,growth,0.5,mixed,constructed aggregate (sum/pair_divisor),both,0.20833333333333331,0,0.2916666666666667,False,False,2026-05-01
EURJPY,inflation,0.0,mixed,constructed aggregate (sum/pair_divisor),both,0.0,0,0.0,False,False,2026-05-01
EURJPY,labour,1.0,mixed,constructed aggregate (sum/pair_divisor),both,0.5,0,0.5,False,False,2026-05-01
EURJPY,monetary,0.0,both,direct (single indicator),both,0.0,0,0.0,False,True,2026-05-01
EURCHF,growth,-1.5,mixed,constructed aggregate (sum/pair_divisor),both,-0.4583333333333333,0,-1.0416666666666667,False,False,2026-05-01
EURCHF,inflation,1.5,mixed,constructed aggregate (sum/pair_divisor),both,0.75,1,0.75,False,False,2026-05-01
EURCHF,labour,0.5,mixed,constructed aggregate (sum/pair_divisor),both,0.25,0,0.25,False,False,2026-05-01
EURCHF,monetary,0.0,base_only,direct (single indicator),base_only,0.0,0,0.0,False,True,2026-05-01
EURAUD,growth,-1.5,both,constructed aggregate (sum/pair_divisor),both,-0.125,0,-1.375,False,False,2026-05-01
EURAUD,inflation,0.0,mixed,constructed aggregate (sum/pair_divisor),both,0.25,0,-0.25,False,False,2026-05-01
EURAUD,labour,0.5,mixed,constructed aggregate (sum/pair_divisor),both,0.25,0,0.25,False,False,2026-05-01
EURAUD,monetary,0.0,both,direct (single indicator),both,0.0,0,0.0,False,True,2026-05-01
EURNZD,growth,-1.0,both,constructed aggregate (sum/pair_divisor),both,-0.125,0,-0.875,False,False,2026-05-01
EURNZD,inflation,-0.5,mixed,constructed aggregate (sum/pair_divisor),both,-0.25,0,-0.25,False,False,2026-05-01
EURNZD,labour,1.5,mixed,constructed aggregate (sum/pair_divisor),both,0.5833333333333333,1,0.9166666666666667,False,False,2026-05-01
EURNZD,monetary,0.0,base_only,direct (single indicator),base_only,0.0,0,0.0,False,True,2026-05-01
EURCAD,growth,0.0,mixed,constructed aggregate (sum/pair_divisor),both,0.04166666666666666,0,-0.04166666666666666,False,False,2026-05-01
EURCAD,inflation,0.0,mixed,constructed aggregate (sum/pair_divisor),both,0.0,0,0.0,False,False,2026-05-01
EURCAD,labour,0.5,mixed,constructed aggregate (sum/pair_divisor),both,0.25,0,0.25,False,False,2026-05-01
EURCAD,monetary,-1.0,both,direct (single indicator),both,-0.5,0,-0.5,False,True,2026-05-01
GBPJPY,growth,1.0,mixed,constructed aggregate (sum/pair_divisor),both,0.3333333333333333,0,0.6666666666666667,False,False,2026-05-01
GBPJPY,inflation,0.0,mixed,constructed aggregate (sum/pair_divisor),both,0.0,0,0.0,False,False,2026-05-01
GBPJPY,labour,2.0,mixed,constructed aggregate (sum/pair_divisor),both,0.75,1,1.25,False,False,2026-05-01
GBPJPY,monetary,0.0,both,direct (single indicator),both,0.0,0,0.0,False,True,2026-05-01
GBPCHF,growth,-1.0,mixed,constructed aggregate (sum/pair_divisor),both,-0.3333333333333333,0,-0.6666666666666667,False,False,2026-05-01
GBPCHF,inflation,1.5,mixed,constructed aggregate (sum/pair_divisor),both,0.75,1,0.75,False,False,2026-05-01
GBPCHF,labour,1.5,mixed,constructed aggregate (sum/pair_divisor),both,0.5,0,1.0,False,False,2026-05-01
GBPCHF,monetary,0.0,base_only,direct (single indicator),base_only,0.0,0,0.0,False,True,2026-05-01
GBPAUD,growth,-1.0,both,constructed aggregate (sum/pair_divisor),both,0.0,0,-1.0,False,False,2026-05-01
GBPAUD,inflation,0.0,mixed,constructed aggregate (sum/pair_divisor),both,0.25,0,-0.25,False,False,2026-05-01
GBPAUD,labour,1.5,mixed,constructed aggregate (sum/pair_divisor),both,0.5,0,1.0,False,False,2026-05-01
GBPAUD,monetary,0.0,both,direct (single indicator),both,0.0,0,0.0,False,True,2026-05-01
GBPNZD,growth,-0.5,both,constructed aggregate (sum/pair_divisor),both,0.0,0,-0.5,False,False,2026-05-01
GBPNZD,inflation,-0.5,mixed,constructed aggregate (sum/pair_divisor),both,-0.25,0,-0.25,False,False,2026-05-01
GBPNZD,labour,2.5,mixed,constructed aggregate (sum/pair_divisor),both,0.8333333333333333,1,1.6666666666666667,False,False,2026-05-01
GBPNZD,monetary,0.0,base_only,direct (single indicator),base_only,0.0,0,0.0,False,True,2026-05-01
GBPCAD,growth,0.5,mixed,constructed aggregate (sum/pair_divisor),both,0.16666666666666666,0,0.33333333333333337,False,False,2026-05-01
GBPCAD,inflation,0.0,mixed,constructed aggregate (sum/pair_divisor),both,0.0,0,0.0,False,False,2026-05-01
GBPCAD,labour,1.5,mixed,constructed aggregate (sum/pair_divisor),both,0.5,0,1.0,False,False,2026-05-01
GBPCAD,monetary,-1.0,both,direct (single indicator),both,-0.5,0,-0.5,False,True,2026-05-01
AUDJPY,growth,2.0,mixed,constructed aggregate (sum/pair_divisor),both,0.3333333333333333,0,1.6666666666666667,False,False,2026-05-01
AUDJPY,inflation,0.0,mixed,constructed aggregate (sum/pair_divisor),both,-0.25,0,0.25,False,False,2026-05-01
AUDJPY,labour,0.5,mixed,constructed aggregate (sum/pair_divisor),both,0.25,0,0.25,False,False,2026-05-01
AUDJPY,monetary,0.0,both,direct (single indicator),both,0.0,0,0.0,False,True,2026-05-01
NZDJPY,growth,1.5,mixed,constructed aggregate (sum/pair_divisor),both,0.3333333333333333,0,1.1666666666666667,False,False,2026-05-01
NZDJPY,inflation,0.5,mixed,constructed aggregate (sum/pair_divisor),both,0.25,0,0.25,False,False,2026-05-01
NZDJPY,labour,-0.5,mixed,constructed aggregate (sum/pair_divisor),both,-0.08333333333333331,0,-0.4166666666666667,False,False,2026-05-01
NZDJPY,monetary,0.0,quote_only,direct (single indicator),quote_only,0.0,0,0.0,False,True,2026-05-01
CADJPY,growth,0.5,mixed,constructed aggregate (sum/pair_divisor),both,0.16666666666666666,0,0.33333333333333337,False,False,2026-05-01
CADJPY,inflation,0.0,mixed,constructed aggregate (sum/pair_divisor),both,0.0,0,0.0,False,False,2026-05-01
CADJPY,labour,0.5,mixed,constructed aggregate (sum/pair_divisor),both,0.25,0,0.25,False,False,2026-05-01
CADJPY,monetary,1.0,both,direct (single indicator),both,0.5,0,0.5,False,True,2026-05-01
CHFJPY,growth,2.0,mixed,constructed aggregate (sum/pair_divisor),both,0.6666666666666666,1,1.3333333333333335,False,False,2026-05-01
CHFJPY,inflation,-1.5,mixed,constructed aggregate (sum/pair_divisor),both,-0.75,-1,-0.75,False,False,2026-05-01
CHFJPY,labour,0.5,mixed,constructed aggregate (sum/pair_divisor),both,0.25,0,0.25,False,False,2026-05-01
CHFJPY,monetary,0.0,quote_only,direct (single indicator),quote_only,0.0,0,0.0,False,True,2026-05-01
AUDNZD,growth,0.5,both,constructed aggregate (sum/pair_divisor),both,0.0,0,0.5,False,False,2026-05-01
AUDNZD,inflation,-0.5,mixed,constructed aggregate (sum/pair_divisor),both,-0.5,0,0.0,False,False,2026-05-01
AUDNZD,labour,1.0,mixed,constructed aggregate (sum/pair_divisor),both,0.3333333333333333,0,0.6666666666666667,False,False,2026-05-01
AUDNZD,monetary,0.0,base_only,direct (single indicator),base_only,0.0,0,0.0,False,True,2026-05-01
AUDCAD,growth,1.5,mixed,constructed aggregate (sum/pair_divisor),both,0.16666666666666666,0,1.3333333333333333,False,False,2026-05-01
AUDCAD,inflation,0.0,mixed,constructed aggregate (sum/pair_divisor),both,-0.25,0,0.25,False,False,2026-05-01
AUDCAD,labour,0.0,mixed,constructed aggregate (sum/pair_divisor),both,0.0,0,0.0,False,False,2026-05-01
AUDCAD,monetary,-1.0,both,direct (single indicator),both,-0.5,0,-0.5,False,True,2026-05-01
AUDCHF,growth,0.0,mixed,constructed aggregate (sum/pair_divisor),both,-0.3333333333333333,0,0.3333333333333333,False,False,2026-05-01
AUDCHF,inflation,1.5,mixed,constructed aggregate (sum/pair_divisor),both,0.5,0,1.0,False,False,2026-05-01
AUDCHF,labour,0.0,mixed,constructed aggregate (sum/pair_divisor),both,0.0,0,0.0,False,False,2026-05-01
AUDCHF,monetary,0.0,base_only,direct (single indicator),base_only,0.0,0,0.0,False,True,2026-05-01
NZDCAD,growth,1.0,mixed,constructed aggregate (sum/pair_divisor),both,0.16666666666666666,0,0.8333333333333334,False,False,2026-05-01
NZDCAD,inflation,0.5,mixed,constructed aggregate (sum/pair_divisor),both,0.25,0,0.25,False,False,2026-05-01
NZDCAD,labour,-1.0,mixed,constructed aggregate (sum/pair_divisor),both,-0.3333333333333333,0,-0.6666666666666667,False,False,2026-05-01
NZDCAD,monetary,-1.0,quote_only,direct (single indicator),quote_only,-0.5,0,-0.5,False,True,2026-05-01
NZDCHF,growth,-0.5,mixed,constructed aggregate (sum/pair_divisor),both,-0.3333333333333333,0,-0.16666666666666669,False,False,2026-05-01
NZDCHF,inflation,2.0,mixed,constructed aggregate (sum/pair_divisor),both,1.0,1,1.0,False,False,2026-05-01
NZDCHF,labour,-1.0,mixed,constructed aggregate (sum/pair_divisor),both,-0.3333333333333333,0,-0.6666666666666667,False,False,2026-05-01
NZDCHF,monetary,,neither,direct (single indicator),neither,0.0,0,,False,True,2026-05-01
CADCHF,growth,-1.5,mixed,constructed aggregate (sum/pair_divisor),both,-0.5,0,-1.0,False,False,2026-05-01
CADCHF,inflation,1.5,mixed,constructed aggregate (sum/pair_divisor),both,0.75,1,0.75,False,False,2026-05-01
CADCHF,labour,0.0,mixed,constructed aggregate (sum/pair_divisor),both,0.0,0,0.0,False,False,2026-05-01
CADCHF,monetary,1.0,base_only,direct (single indicator),base_only,0.5,0,0.5,False,True,2026-05-01
EURUSD,growth,-0.5,both,constructed aggregate (sum/pair_divisor),both,-0.125,0,-0.375,False,False,2026-05-08
EURUSD,inflation,2.0,mixed,constructed aggregate (sum/pair_divisor),both,0.5,0,1.5,False,False,2026-05-08
EURUSD,labour,1.5,mixed,constructed aggregate (sum/pair_divisor),both,0.25,0,1.25,False,False,2026-05-08
EURUSD,monetary,0.0,both,direct (single indicator),both,0.0,0,0.0,False,True,2026-05-08
GBPUSD,growth,1.5,both,constructed aggregate (sum/pair_divisor),both,0.375,0,1.125,False,False,2026-05-08
GBPUSD,inflation,2.0,mixed,constructed aggregate (sum/pair_divisor),both,0.5,0,1.5,False,False,2026-05-08
GBPUSD,labour,2.5,mixed,constructed aggregate (sum/pair_divisor),both,0.5,0,2.0,False,False,2026-05-08
GBPUSD,monetary,1.0,both,direct (single indicator),both,0.5,0,0.5,False,True,2026-05-08
USDJPY,growth,1.5,mixed,constructed aggregate (sum/pair_divisor),both,0.4583333333333333,0,1.0416666666666667,False,False,2026-05-08
USDJPY,inflation,-2.0,mixed,constructed aggregate (sum/pair_divisor),both,-0.5,0,-1.5,False,False,2026-05-08
USDJPY,labour,-0.5,mixed,constructed aggregate (sum/pair_divisor),both,0.25,0,-0.75,False,False,2026-05-08
USDJPY,monetary,1.0,both,direct (single indicator),both,0.5,0,0.5,False,True,2026-05-08
USDCHF,growth,0.0,mixed,constructed aggregate (sum/pair_divisor),both,-0.04166666666666666,0,0.04166666666666666,False,False,2026-05-08
USDCHF,inflation,-1.5,mixed,constructed aggregate (sum/pair_divisor),both,-0.25,0,-1.25,False,False,2026-05-08
USDCHF,labour,-1.0,mixed,constructed aggregate (sum/pair_divisor),both,0.0,0,-1.0,False,False,2026-05-08
USDCHF,monetary,1.0,base_only,direct (single indicator),base_only,0.5,0,0.5,False,True,2026-05-08
USDCAD,growth,1.0,mixed,constructed aggregate (sum/pair_divisor),both,0.29166666666666663,0,0.7083333333333334,False,False,2026-05-08
USDCAD,inflation,-2.0,mixed,constructed aggregate (sum/pair_divisor),both,-0.5,0,-1.5,False,False,2026-05-08
USDCAD,labour,-1.0,mixed,constructed aggregate (sum/pair_divisor),both,0.0,0,-1.0,False,False,2026-05-08
USDCAD,monetary,1.0,both,direct (single indicator),both,0.5,0,0.5,False,True,2026-05-08
AUDUSD,growth,0.5,both,constructed aggregate (sum/pair_divisor),both,-0.125,0,0.625,False,False,2026-05-08
AUDUSD,inflation,1.5,mixed,constructed aggregate (sum/pair_divisor),both,0.0,0,1.5,False,False,2026-05-08
AUDUSD,labour,1.0,mixed,constructed aggregate (sum/pair_divisor),both,0.0,0,1.0,False,False,2026-05-08
AUDUSD,monetary,-1.0,both,direct (single indicator),both,-0.5,0,-0.5,False,True,2026-05-08
NZDUSD,growth,0.0,both,constructed aggregate (sum/pair_divisor),both,-0.125,0,0.125,False,False,2026-05-08
NZDUSD,inflation,2.5,mixed,constructed aggregate (sum/pair_divisor),both,0.75,1,1.75,False,False,2026-05-08
NZDUSD,labour,2.0,mixed,constructed aggregate (sum/pair_divisor),both,0.3333333333333333,0,1.6666666666666667,False,False,2026-05-08
NZDUSD,monetary,-1.0,quote_only,direct (single indicator),quote_only,-0.5,0,-0.5,False,True,2026-05-08
EURGBP,growth,-2.0,both,constructed aggregate (sum/pair_divisor),both,-0.5,0,-1.5,False,False,2026-05-08
EURGBP,inflation,0.0,mixed,constructed aggregate (sum/pair_divisor),both,0.0,0,0.0,False,False,2026-05-08
EURGBP,labour,-1.0,mixed,constructed aggregate (sum/pair_divisor),both,-0.25,0,-0.75,False,False,2026-05-08
EURGBP,monetary,-1.0,both,direct (single indicator),both,-0.5,0,-0.5,False,True,2026-05-08
EURJPY,growth,1.0,mixed,constructed aggregate (sum/pair_divisor),both,0.3333333333333333,0,0.6666666666666667,False,False,2026-05-08
EURJPY,inflation,0.0,mixed,constructed aggregate (sum/pair_divisor),both,0.0,0,0.0,False,False,2026-05-08
EURJPY,labour,1.0,mixed,constructed aggregate (sum/pair_divisor),both,0.5,0,0.5,False,False,2026-05-08
EURJPY,monetary,1.0,both,direct (single indicator),both,0.5,0,0.5,False,True,2026-05-08
EURCHF,growth,-0.5,mixed,constructed aggregate (sum/pair_divisor),both,-0.16666666666666666,0,-0.33333333333333337,False,False,2026-05-08
EURCHF,inflation,0.5,mixed,constructed aggregate (sum/pair_divisor),both,0.25,0,0.25,False,False,2026-05-08
EURCHF,labour,0.5,mixed,constructed aggregate (sum/pair_divisor),both,0.25,0,0.25,False,False,2026-05-08
EURCHF,monetary,1.0,base_only,direct (single indicator),base_only,0.5,0,0.5,False,True,2026-05-08
EURAUD,growth,-1.0,both,constructed aggregate (sum/pair_divisor),both,0.0,0,-1.0,False,False,2026-05-08
EURAUD,inflation,0.5,mixed,constructed aggregate (sum/pair_divisor),both,0.5,0,0.0,False,False,2026-05-08
EURAUD,labour,0.5,mixed,constructed aggregate (sum/pair_divisor),both,0.25,0,0.25,False,False,2026-05-08
EURAUD,monetary,1.0,both,direct (single indicator),both,0.5,0,0.5,False,True,2026-05-08
EURNZD,growth,-0.5,both,constructed aggregate (sum/pair_divisor),both,0.0,0,-0.5,False,False,2026-05-08
EURNZD,inflation,-0.5,mixed,constructed aggregate (sum/pair_divisor),both,-0.25,0,-0.25,False,False,2026-05-08
EURNZD,labour,-0.5,mixed,constructed aggregate (sum/pair_divisor),both,-0.08333333333333331,0,-0.4166666666666667,False,False,2026-05-08
EURNZD,monetary,1.0,base_only,direct (single indicator),base_only,0.5,0,0.5,False,True,2026-05-08
EURCAD,growth,0.5,mixed,constructed aggregate (sum/pair_divisor),both,0.16666666666666666,0,0.33333333333333337,False,False,2026-05-08
EURCAD,inflation,0.0,mixed,constructed aggregate (sum/pair_divisor),both,0.0,0,0.0,False,False,2026-05-08
EURCAD,labour,0.5,mixed,constructed aggregate (sum/pair_divisor),both,0.25,0,0.25,False,False,2026-05-08
EURCAD,monetary,1.0,both,direct (single indicator),both,0.5,0,0.5,False,True,2026-05-08
GBPJPY,growth,3.0,mixed,constructed aggregate (sum/pair_divisor),both,0.8333333333333333,1,2.166666666666667,False,False,2026-05-08
GBPJPY,inflation,0.0,mixed,constructed aggregate (sum/pair_divisor),both,0.0,0,0.0,False,False,2026-05-08
GBPJPY,labour,2.0,mixed,constructed aggregate (sum/pair_divisor),both,0.75,1,1.25,False,False,2026-05-08
GBPJPY,monetary,2.0,both,direct (single indicator),both,1.0,1,1.0,False,True,2026-05-08
GBPCHF,growth,1.5,mixed,constructed aggregate (sum/pair_divisor),both,0.33333333333333337,0,1.1666666666666665,False,False,2026-05-08
GBPCHF,inflation,0.5,mixed,constructed aggregate (sum/pair_divisor),both,0.25,0,0.25,False,False,2026-05-08
GBPCHF,labour,1.5,mixed,constructed aggregate (sum/pair_divisor),both,0.5,0,1.0,False,False,2026-05-08
GBPCHF,monetary,2.0,base_only,direct (single indicator),base_only,1.0,1,1.0,False,True,2026-05-08
GBPAUD,growth,1.0,both,constructed aggregate (sum/pair_divisor),both,0.5,0,0.5,False,False,2026-05-08
GBPAUD,inflation,0.5,mixed,constructed aggregate (sum/pair_divisor),both,0.5,0,0.0,False,False,2026-05-08
GBPAUD,labour,1.5,mixed,constructed aggregate (sum/pair_divisor),both,0.5,0,1.0,False,False,2026-05-08
GBPAUD,monetary,2.0,both,direct (single indicator),both,1.0,1,1.0,False,True,2026-05-08
GBPNZD,growth,1.5,both,constructed aggregate (sum/pair_divisor),both,0.5,0,1.0,False,False,2026-05-08
GBPNZD,inflation,-0.5,mixed,constructed aggregate (sum/pair_divisor),both,-0.25,0,-0.25,False,False,2026-05-08
GBPNZD,labour,0.5,mixed,constructed aggregate (sum/pair_divisor),both,0.16666666666666669,0,0.3333333333333333,False,False,2026-05-08
GBPNZD,monetary,2.0,base_only,direct (single indicator),base_only,1.0,1,1.0,False,True,2026-05-08
GBPCAD,growth,2.5,mixed,constructed aggregate (sum/pair_divisor),both,0.6666666666666666,1,1.8333333333333335,False,False,2026-05-08
GBPCAD,inflation,0.0,mixed,constructed aggregate (sum/pair_divisor),both,0.0,0,0.0,False,False,2026-05-08
GBPCAD,labour,1.5,mixed,constructed aggregate (sum/pair_divisor),both,0.5,0,1.0,False,False,2026-05-08
GBPCAD,monetary,2.0,both,direct (single indicator),both,1.0,1,1.0,False,True,2026-05-08
AUDJPY,growth,2.0,mixed,constructed aggregate (sum/pair_divisor),both,0.3333333333333333,0,1.6666666666666667,False,False,2026-05-08
AUDJPY,inflation,-0.5,mixed,constructed aggregate (sum/pair_divisor),both,-0.5,0,0.0,False,False,2026-05-08
AUDJPY,labour,0.5,mixed,constructed aggregate (sum/pair_divisor),both,0.25,0,0.25,False,False,2026-05-08
AUDJPY,monetary,0.0,both,direct (single indicator),both,0.0,0,0.0,False,True,2026-05-08
NZDJPY,growth,1.5,mixed,constructed aggregate (sum/pair_divisor),both,0.3333333333333333,0,1.1666666666666667,False,False,2026-05-08
NZDJPY,inflation,0.5,mixed,constructed aggregate (sum/pair_divisor),both,0.25,0,0.25,False,False,2026-05-08
NZDJPY,labour,1.5,mixed,constructed aggregate (sum/pair_divisor),both,0.5833333333333333,1,0.9166666666666667,False,False,2026-05-08
NZDJPY,monetary,0.0,quote_only,direct (single indicator),quote_only,0.0,0,0.0,False,True,2026-05-08
CADJPY,growth,0.5,mixed,constructed aggregate (sum/pair_divisor),both,0.16666666666666666,0,0.33333333333333337,False,False,2026-05-08
CADJPY,inflation,0.0,mixed,constructed aggregate (sum/pair_divisor),both,0.0,0,0.0,False,False,2026-05-08
CADJPY,labour,0.5,mixed,constructed aggregate (sum/pair_divisor),both,0.25,0,0.25,False,False,2026-05-08
CADJPY,monetary,0.0,both,direct (single indicator),both,0.0,0,0.0,False,True,2026-05-08
CHFJPY,growth,1.5,mixed,constructed aggregate (sum/pair_divisor),both,0.5,0,1.0,False,False,2026-05-08
CHFJPY,inflation,-0.5,mixed,constructed aggregate (sum/pair_divisor),both,-0.25,0,-0.25,False,False,2026-05-08
CHFJPY,labour,0.5,mixed,constructed aggregate (sum/pair_divisor),both,0.25,0,0.25,False,False,2026-05-08
CHFJPY,monetary,0.0,quote_only,direct (single indicator),quote_only,0.0,0,0.0,False,True,2026-05-08
AUDNZD,growth,0.5,both,constructed aggregate (sum/pair_divisor),both,0.0,0,0.5,False,False,2026-05-08
AUDNZD,inflation,-1.0,mixed,constructed aggregate (sum/pair_divisor),both,-0.75,-1,-0.25,False,False,2026-05-08
AUDNZD,labour,-1.0,mixed,constructed aggregate (sum/pair_divisor),both,-0.3333333333333333,0,-0.6666666666666667,False,False,2026-05-08
AUDNZD,monetary,0.0,base_only,direct (single indicator),base_only,0.0,0,0.0,False,True,2026-05-08
AUDCAD,growth,1.5,mixed,constructed aggregate (sum/pair_divisor),both,0.16666666666666666,0,1.3333333333333333,False,False,2026-05-08
AUDCAD,inflation,-0.5,mixed,constructed aggregate (sum/pair_divisor),both,-0.5,0,0.0,False,False,2026-05-08
AUDCAD,labour,0.0,mixed,constructed aggregate (sum/pair_divisor),both,0.0,0,0.0,False,False,2026-05-08
AUDCAD,monetary,0.0,both,direct (single indicator),both,0.0,0,0.0,False,True,2026-05-08
AUDCHF,growth,0.5,mixed,constructed aggregate (sum/pair_divisor),both,-0.16666666666666666,0,0.6666666666666666,False,False,2026-05-08
AUDCHF,inflation,0.0,mixed,constructed aggregate (sum/pair_divisor),both,-0.25,0,0.25,False,False,2026-05-08
AUDCHF,labour,0.0,mixed,constructed aggregate (sum/pair_divisor),both,0.0,0,0.0,False,False,2026-05-08
AUDCHF,monetary,0.0,base_only,direct (single indicator),base_only,0.0,0,0.0,False,True,2026-05-08
NZDCAD,growth,1.0,mixed,constructed aggregate (sum/pair_divisor),both,0.16666666666666666,0,0.8333333333333334,False,False,2026-05-08
NZDCAD,inflation,0.5,mixed,constructed aggregate (sum/pair_divisor),both,0.25,0,0.25,False,False,2026-05-08
NZDCAD,labour,1.0,mixed,constructed aggregate (sum/pair_divisor),both,0.3333333333333333,0,0.6666666666666667,False,False,2026-05-08
NZDCAD,monetary,0.0,quote_only,direct (single indicator),quote_only,0.0,0,0.0,False,True,2026-05-08
NZDCHF,growth,0.0,mixed,constructed aggregate (sum/pair_divisor),both,-0.16666666666666666,0,0.16666666666666666,False,False,2026-05-08
NZDCHF,inflation,1.0,mixed,constructed aggregate (sum/pair_divisor),both,0.5,0,0.5,False,False,2026-05-08
NZDCHF,labour,1.0,mixed,constructed aggregate (sum/pair_divisor),both,0.3333333333333333,0,0.6666666666666667,False,False,2026-05-08
NZDCHF,monetary,,neither,direct (single indicator),neither,0.0,0,,False,True,2026-05-08
CADCHF,growth,-1.0,mixed,constructed aggregate (sum/pair_divisor),both,-0.3333333333333333,0,-0.6666666666666667,False,False,2026-05-08
CADCHF,inflation,0.5,mixed,constructed aggregate (sum/pair_divisor),both,0.25,0,0.25,False,False,2026-05-08
CADCHF,labour,0.0,mixed,constructed aggregate (sum/pair_divisor),both,0.0,0,0.0,False,False,2026-05-08
CADCHF,monetary,0.0,base_only,direct (single indicator),base_only,0.0,0,0.0,False,True,2026-05-08
EURUSD,growth,0.0,both,constructed aggregate (sum/pair_divisor),both,0.0,0,0.0,False,False,2026-05-15
EURUSD,inflation,-1.5,mixed,constructed aggregate (sum/pair_divisor),both,-0.375,0,-1.125,False,False,2026-05-15
EURUSD,labour,1.0,mixed,constructed aggregate (sum/pair_divisor),both,0.3333333333333333,0,0.6666666666666667,False,False,2026-05-15
EURUSD,monetary,0.0,both,direct (single indicator),both,0.0,0,0.0,False,True,2026-05-15
GBPUSD,growth,2.0,both,constructed aggregate (sum/pair_divisor),both,0.5,0,1.5,False,False,2026-05-15
GBPUSD,inflation,-1.5,mixed,constructed aggregate (sum/pair_divisor),both,-0.375,0,-1.125,False,False,2026-05-15
GBPUSD,labour,2.0,mixed,constructed aggregate (sum/pair_divisor),both,0.5833333333333334,1,1.4166666666666665,False,False,2026-05-15
GBPUSD,monetary,0.0,both,direct (single indicator),both,0.0,0,0.0,False,True,2026-05-15
USDJPY,growth,1.0,mixed,constructed aggregate (sum/pair_divisor),both,0.3333333333333333,0,0.6666666666666667,False,False,2026-05-15
USDJPY,inflation,1.5,mixed,constructed aggregate (sum/pair_divisor),both,0.375,0,1.125,False,False,2026-05-15
USDJPY,labour,0.0,mixed,constructed aggregate (sum/pair_divisor),both,0.16666666666666669,0,-0.16666666666666669,False,False,2026-05-15
USDJPY,monetary,2.0,both,direct (single indicator),both,1.0,1,1.0,False,True,2026-05-15
USDCHF,growth,-0.5,mixed,constructed aggregate (sum/pair_divisor),both,-0.16666666666666666,0,-0.33333333333333337,False,False,2026-05-15
USDCHF,inflation,1.0,mixed,constructed aggregate (sum/pair_divisor),both,0.125,0,0.875,False,False,2026-05-15
USDCHF,labour,-0.5,mixed,constructed aggregate (sum/pair_divisor),both,-0.08333333333333333,0,-0.4166666666666667,False,False,2026-05-15
USDCHF,monetary,2.0,base_only,direct (single indicator),base_only,1.0,1,1.0,False,True,2026-05-15
USDCAD,growth,0.5,mixed,constructed aggregate (sum/pair_divisor),both,0.16666666666666666,0,0.33333333333333337,False,False,2026-05-15
USDCAD,inflation,1.5,mixed,constructed aggregate (sum/pair_divisor),both,0.375,0,1.125,False,False,2026-05-15
USDCAD,labour,0.0,mixed,constructed aggregate (sum/pair_divisor),both,0.16666666666666669,0,-0.16666666666666669,False,False,2026-05-15
USDCAD,monetary,0.0,both,direct (single indicator),both,0.0,0,0.0,False,True,2026-05-15
AUDUSD,growth,1.0,both,constructed aggregate (sum/pair_divisor),both,0.0,0,1.0,False,False,2026-05-15
AUDUSD,inflation,-2.0,mixed,constructed aggregate (sum/pair_divisor),both,-0.875,-1,-1.125,False,False,2026-05-15
AUDUSD,labour,0.5,mixed,constructed aggregate (sum/pair_divisor),both,0.08333333333333333,0,0.4166666666666667,False,False,2026-05-15
AUDUSD,monetary,-1.0,both,direct (single indicator),both,-0.5,0,-0.5,False,True,2026-05-15
NZDUSD,growth,0.5,both,constructed aggregate (sum/pair_divisor),both,0.0,0,0.5,False,False,2026-05-15
NZDUSD,inflation,-1.0,mixed,constructed aggregate (sum/pair_divisor),both,-0.125,0,-0.875,False,False,2026-05-15
NZDUSD,labour,1.5,mixed,constructed aggregate (sum/pair_divisor),both,0.41666666666666663,0,1.0833333333333335,False,False,2026-05-15
NZDUSD,monetary,-2.0,quote_only,direct (single indicator),quote_only,-1.0,-1,-1.0,False,True,2026-05-15
EURGBP,growth,-2.0,both,constructed aggregate (sum/pair_divisor),both,-0.5,0,-1.5,False,False,2026-05-15
EURGBP,inflation,0.0,mixed,constructed aggregate (sum/pair_divisor),both,0.0,0,0.0,False,False,2026-05-15
EURGBP,labour,-1.0,mixed,constructed aggregate (sum/pair_divisor),both,-0.25,0,-0.75,False,False,2026-05-15
EURGBP,monetary,0.0,both,direct (single indicator),both,0.0,0,0.0,False,True,2026-05-15
EURJPY,growth,1.0,mixed,constructed aggregate (sum/pair_divisor),both,0.3333333333333333,0,0.6666666666666667,False,False,2026-05-15
EURJPY,inflation,0.0,mixed,constructed aggregate (sum/pair_divisor),both,0.0,0,0.0,False,False,2026-05-15
EURJPY,labour,1.0,mixed,constructed aggregate (sum/pair_divisor),both,0.5,0,0.5,False,False,2026-05-15
EURJPY,monetary,2.0,both,direct (single indicator),both,1.0,1,1.0,False,True,2026-05-15
EURCHF,growth,-0.5,mixed,constructed aggregate (sum/pair_divisor),both,-0.16666666666666666,0,-0.33333333333333337,False,False,2026-05-15
EURCHF,inflation,-0.5,mixed,constructed aggregate (sum/pair_divisor),both,-0.25,0,-0.25,False,False,2026-05-15
EURCHF,labour,0.5,mixed,constructed aggregate (sum/pair_divisor),both,0.25,0,0.25,False,False,2026-05-15
EURCHF,monetary,2.0,base_only,direct (single indicator),base_only,1.0,1,1.0,False,True,2026-05-15
EURAUD,growth,-1.0,both,constructed aggregate (sum/pair_divisor),both,0.0,0,-1.0,False,False,2026-05-15
EURAUD,inflation,0.5,mixed,constructed aggregate (sum/pair_divisor),both,0.5,0,0.0,False,False,2026-05-15
EURAUD,labour,0.5,mixed,constructed aggregate (sum/pair_divisor),both,0.25,0,0.25,False,False,2026-05-15
EURAUD,monetary,1.0,both,direct (single indicator),both,0.5,0,0.5,False,True,2026-05-15
EURNZD,growth,-0.5,both,constructed aggregate (sum/pair_divisor),both,0.0,0,-0.5,False,False,2026-05-15
EURNZD,inflation,-0.5,mixed,constructed aggregate (sum/pair_divisor),both,-0.25,0,-0.25,False,False,2026-05-15
EURNZD,labour,-0.5,mixed,constructed aggregate (sum/pair_divisor),both,-0.08333333333333331,0,-0.4166666666666667,False,False,2026-05-15
EURNZD,monetary,2.0,base_only,direct (single indicator),base_only,1.0,1,1.0,False,True,2026-05-15
EURCAD,growth,0.5,mixed,constructed aggregate (sum/pair_divisor),both,0.16666666666666666,0,0.33333333333333337,False,False,2026-05-15
EURCAD,inflation,0.0,mixed,constructed aggregate (sum/pair_divisor),both,0.0,0,0.0,False,False,2026-05-15
EURCAD,labour,1.0,mixed,constructed aggregate (sum/pair_divisor),both,0.5,0,0.5,False,False,2026-05-15
EURCAD,monetary,0.0,both,direct (single indicator),both,0.0,0,0.0,False,True,2026-05-15
GBPJPY,growth,3.0,mixed,constructed aggregate (sum/pair_divisor),both,0.8333333333333333,1,2.166666666666667,False,False,2026-05-15
GBPJPY,inflation,0.0,mixed,constructed aggregate (sum/pair_divisor),both,0.0,0,0.0,False,False,2026-05-15
GBPJPY,labour,2.0,mixed,constructed aggregate (sum/pair_divisor),both,0.75,1,1.25,False,False,2026-05-15
GBPJPY,monetary,2.0,both,direct (single indicator),both,1.0,1,1.0,False,True,2026-05-15
GBPCHF,growth,1.5,mixed,constructed aggregate (sum/pair_divisor),both,0.33333333333333337,0,1.1666666666666665,False,False,2026-05-15
GBPCHF,inflation,-0.5,mixed,constructed aggregate (sum/pair_divisor),both,-0.25,0,-0.25,False,False,2026-05-15
GBPCHF,labour,1.5,mixed,constructed aggregate (sum/pair_divisor),both,0.5,0,1.0,False,False,2026-05-15
GBPCHF,monetary,2.0,base_only,direct (single indicator),base_only,1.0,1,1.0,False,True,2026-05-15
GBPAUD,growth,1.0,both,constructed aggregate (sum/pair_divisor),both,0.5,0,0.5,False,False,2026-05-15
GBPAUD,inflation,0.5,mixed,constructed aggregate (sum/pair_divisor),both,0.5,0,0.0,False,False,2026-05-15
GBPAUD,labour,1.5,mixed,constructed aggregate (sum/pair_divisor),both,0.5,0,1.0,False,False,2026-05-15
GBPAUD,monetary,1.0,both,direct (single indicator),both,0.5,0,0.5,False,True,2026-05-15
GBPNZD,growth,1.5,both,constructed aggregate (sum/pair_divisor),both,0.5,0,1.0,False,False,2026-05-15
GBPNZD,inflation,-0.5,mixed,constructed aggregate (sum/pair_divisor),both,-0.25,0,-0.25,False,False,2026-05-15
GBPNZD,labour,0.5,mixed,constructed aggregate (sum/pair_divisor),both,0.16666666666666669,0,0.3333333333333333,False,False,2026-05-15
GBPNZD,monetary,2.0,base_only,direct (single indicator),base_only,1.0,1,1.0,False,True,2026-05-15
GBPCAD,growth,2.5,mixed,constructed aggregate (sum/pair_divisor),both,0.6666666666666666,1,1.8333333333333335,False,False,2026-05-15
GBPCAD,inflation,0.0,mixed,constructed aggregate (sum/pair_divisor),both,0.0,0,0.0,False,False,2026-05-15
GBPCAD,labour,2.0,mixed,constructed aggregate (sum/pair_divisor),both,0.75,1,1.25,False,False,2026-05-15
GBPCAD,monetary,0.0,both,direct (single indicator),both,0.0,0,0.0,False,True,2026-05-15
AUDJPY,growth,2.0,mixed,constructed aggregate (sum/pair_divisor),both,0.3333333333333333,0,1.6666666666666667,False,False,2026-05-15
AUDJPY,inflation,-0.5,mixed,constructed aggregate (sum/pair_divisor),both,-0.5,0,0.0,False,False,2026-05-15
AUDJPY,labour,0.5,mixed,constructed aggregate (sum/pair_divisor),both,0.25,0,0.25,False,False,2026-05-15
AUDJPY,monetary,1.0,both,direct (single indicator),both,0.5,0,0.5,False,True,2026-05-15
NZDJPY,growth,1.5,mixed,constructed aggregate (sum/pair_divisor),both,0.3333333333333333,0,1.1666666666666667,False,False,2026-05-15
NZDJPY,inflation,0.5,mixed,constructed aggregate (sum/pair_divisor),both,0.25,0,0.25,False,False,2026-05-15
NZDJPY,labour,1.5,mixed,constructed aggregate (sum/pair_divisor),both,0.5833333333333333,1,0.9166666666666667,False,False,2026-05-15
NZDJPY,monetary,0.0,quote_only,direct (single indicator),quote_only,0.0,0,0.0,False,True,2026-05-15
CADJPY,growth,0.5,mixed,constructed aggregate (sum/pair_divisor),both,0.16666666666666666,0,0.33333333333333337,False,False,2026-05-15
CADJPY,inflation,0.0,mixed,constructed aggregate (sum/pair_divisor),both,0.0,0,0.0,False,False,2026-05-15
CADJPY,labour,0.0,mixed,constructed aggregate (sum/pair_divisor),both,0.0,0,0.0,False,False,2026-05-15
CADJPY,monetary,2.0,both,direct (single indicator),both,1.0,1,1.0,False,True,2026-05-15
CHFJPY,growth,1.5,mixed,constructed aggregate (sum/pair_divisor),both,0.5,0,1.0,False,False,2026-05-15
CHFJPY,inflation,0.5,mixed,constructed aggregate (sum/pair_divisor),both,0.25,0,0.25,False,False,2026-05-15
CHFJPY,labour,0.5,mixed,constructed aggregate (sum/pair_divisor),both,0.25,0,0.25,False,False,2026-05-15
CHFJPY,monetary,0.0,quote_only,direct (single indicator),quote_only,0.0,0,0.0,False,True,2026-05-15
AUDNZD,growth,0.5,both,constructed aggregate (sum/pair_divisor),both,0.0,0,0.5,False,False,2026-05-15
AUDNZD,inflation,-1.0,mixed,constructed aggregate (sum/pair_divisor),both,-0.75,-1,-0.25,False,False,2026-05-15
AUDNZD,labour,-1.0,mixed,constructed aggregate (sum/pair_divisor),both,-0.3333333333333333,0,-0.6666666666666667,False,False,2026-05-15
AUDNZD,monetary,1.0,base_only,direct (single indicator),base_only,0.5,0,0.5,False,True,2026-05-15
AUDCAD,growth,1.5,mixed,constructed aggregate (sum/pair_divisor),both,0.16666666666666666,0,1.3333333333333333,False,False,2026-05-15
AUDCAD,inflation,-0.5,mixed,constructed aggregate (sum/pair_divisor),both,-0.5,0,0.0,False,False,2026-05-15
AUDCAD,labour,0.5,mixed,constructed aggregate (sum/pair_divisor),both,0.25,0,0.25,False,False,2026-05-15
AUDCAD,monetary,-1.0,both,direct (single indicator),both,-0.5,0,-0.5,False,True,2026-05-15
AUDCHF,growth,0.5,mixed,constructed aggregate (sum/pair_divisor),both,-0.16666666666666666,0,0.6666666666666666,False,False,2026-05-15
AUDCHF,inflation,-1.0,mixed,constructed aggregate (sum/pair_divisor),both,-0.75,-1,-0.25,False,False,2026-05-15
AUDCHF,labour,0.0,mixed,constructed aggregate (sum/pair_divisor),both,0.0,0,0.0,False,False,2026-05-15
AUDCHF,monetary,1.0,base_only,direct (single indicator),base_only,0.5,0,0.5,False,True,2026-05-15
NZDCAD,growth,1.0,mixed,constructed aggregate (sum/pair_divisor),both,0.16666666666666666,0,0.8333333333333334,False,False,2026-05-15
NZDCAD,inflation,0.5,mixed,constructed aggregate (sum/pair_divisor),both,0.25,0,0.25,False,False,2026-05-15
NZDCAD,labour,1.5,mixed,constructed aggregate (sum/pair_divisor),both,0.5833333333333333,1,0.9166666666666667,False,False,2026-05-15
NZDCAD,monetary,-2.0,quote_only,direct (single indicator),quote_only,-1.0,-1,-1.0,False,True,2026-05-15
NZDCHF,growth,0.0,mixed,constructed aggregate (sum/pair_divisor),both,-0.16666666666666666,0,0.16666666666666666,False,False,2026-05-15
NZDCHF,inflation,0.0,mixed,constructed aggregate (sum/pair_divisor),both,0.0,0,0.0,False,False,2026-05-15
NZDCHF,labour,1.0,mixed,constructed aggregate (sum/pair_divisor),both,0.3333333333333333,0,0.6666666666666667,False,False,2026-05-15
NZDCHF,monetary,,neither,direct (single indicator),neither,0.0,0,,False,True,2026-05-15
CADCHF,growth,-1.0,mixed,constructed aggregate (sum/pair_divisor),both,-0.3333333333333333,0,-0.6666666666666667,False,False,2026-05-15
CADCHF,inflation,-0.5,mixed,constructed aggregate (sum/pair_divisor),both,-0.25,0,-0.25,False,False,2026-05-15
CADCHF,labour,-0.5,mixed,constructed aggregate (sum/pair_divisor),both,-0.25,0,-0.25,False,False,2026-05-15
CADCHF,monetary,2.0,base_only,direct (single indicator),base_only,1.0,1,1.0,False,True,2026-05-15
EURUSD,growth,-0.5,both,constructed aggregate (sum/pair_divisor),both,-0.125,0,-0.375,False,False,2026-05-22
EURUSD,inflation,-1.5,mixed,constructed aggregate (sum/pair_divisor),both,-0.375,0,-1.125,False,False,2026-05-22
EURUSD,labour,1.0,mixed,constructed aggregate (sum/pair_divisor),both,0.3333333333333333,0,0.6666666666666667,False,False,2026-05-22
EURUSD,monetary,-1.0,both,direct (single indicator),both,-0.5,0,-0.5,False,True,2026-05-22
GBPUSD,growth,2.0,both,constructed aggregate (sum/pair_divisor),both,0.5,0,1.5,False,False,2026-05-22
GBPUSD,inflation,-1.5,mixed,constructed aggregate (sum/pair_divisor),both,-0.375,0,-1.125,False,False,2026-05-22
GBPUSD,labour,0.5,mixed,constructed aggregate (sum/pair_divisor),both,0.08333333333333333,0,0.4166666666666667,False,False,2026-05-22
GBPUSD,monetary,-2.0,both,direct (single indicator),both,-1.0,-1,-1.0,False,True,2026-05-22
USDJPY,growth,-0.5,mixed,constructed aggregate (sum/pair_divisor),both,-0.16666666666666666,0,-0.33333333333333337,False,False,2026-05-22
USDJPY,inflation,3.0,mixed,constructed aggregate (sum/pair_divisor),both,1.125,1,1.875,False,False,2026-05-22
USDJPY,labour,0.0,mixed,constructed aggregate (sum/pair_divisor),both,0.16666666666666669,0,-0.16666666666666669,False,False,2026-05-22
USDJPY,monetary,0.0,both,direct (single indicator),both,0.0,0,0.0,False,True,2026-05-22
USDCHF,growth,-0.5,mixed,constructed aggregate (sum/pair_divisor),both,-0.16666666666666666,0,-0.33333333333333337,False,False,2026-05-22
USDCHF,inflation,1.0,mixed,constructed aggregate (sum/pair_divisor),both,0.125,0,0.875,False,False,2026-05-22
USDCHF,labour,-0.5,mixed,constructed aggregate (sum/pair_divisor),both,-0.08333333333333333,0,-0.4166666666666667,False,False,2026-05-22
USDCHF,monetary,2.0,base_only,direct (single indicator),base_only,1.0,1,1.0,False,True,2026-05-22
USDCAD,growth,0.5,mixed,constructed aggregate (sum/pair_divisor),both,0.16666666666666666,0,0.33333333333333337,False,False,2026-05-22
USDCAD,inflation,2.0,mixed,constructed aggregate (sum/pair_divisor),both,0.5416666666666666,1,1.4583333333333335,False,False,2026-05-22
USDCAD,labour,0.0,mixed,constructed aggregate (sum/pair_divisor),both,0.16666666666666669,0,-0.16666666666666669,False,False,2026-05-22
USDCAD,monetary,1.0,both,direct (single indicator),both,0.5,0,0.5,False,True,2026-05-22
AUDUSD,growth,1.0,both,constructed aggregate (sum/pair_divisor),both,0.0,0,1.0,False,False,2026-05-22
AUDUSD,inflation,-2.0,mixed,constructed aggregate (sum/pair_divisor),both,-0.875,-1,-1.125,False,False,2026-05-22
AUDUSD,labour,-0.5,mixed,constructed aggregate (sum/pair_divisor),both,-0.25,0,-0.25,False,False,2026-05-22
AUDUSD,monetary,-3.0,both,direct (single indicator),both,-1.5,-2,-1.5,False,True,2026-05-22
NZDUSD,growth,0.0,both,constructed aggregate (sum/pair_divisor),both,0.0,0,0.0,False,False,2026-05-22
NZDUSD,inflation,-1.0,mixed,constructed aggregate (sum/pair_divisor),both,-0.125,0,-0.875,False,False,2026-05-22
NZDUSD,labour,1.5,mixed,constructed aggregate (sum/pair_divisor),both,0.41666666666666663,0,1.0833333333333335,False,False,2026-05-22
NZDUSD,monetary,-2.0,quote_only,direct (single indicator),quote_only,-1.0,-1,-1.0,False,True,2026-05-22
EURGBP,growth,-2.5,both,constructed aggregate (sum/pair_divisor),both,-0.625,-1,-1.875,False,False,2026-05-22
EURGBP,inflation,0.0,mixed,constructed aggregate (sum/pair_divisor),both,0.0,0,0.0,False,False,2026-05-22
EURGBP,labour,0.5,mixed,constructed aggregate (sum/pair_divisor),both,0.25,0,0.25,False,False,2026-05-22
EURGBP,monetary,1.0,both,direct (single indicator),both,0.5,0,0.5,False,True,2026-05-22
EURJPY,growth,-1.0,mixed,constructed aggregate (sum/pair_divisor),both,-0.29166666666666663,0,-0.7083333333333334,False,False,2026-05-22
EURJPY,inflation,1.5,mixed,constructed aggregate (sum/pair_divisor),both,0.75,1,0.75,False,False,2026-05-22
EURJPY,labour,1.0,mixed,constructed aggregate (sum/pair_divisor),both,0.5,0,0.5,False,False,2026-05-22
EURJPY,monetary,-1.0,both,direct (single indicator),both,-0.5,0,-0.5,False,True,2026-05-22
EURCHF,growth,-1.0,mixed,constructed aggregate (sum/pair_divisor),both,-0.29166666666666663,0,-0.7083333333333334,False,False,2026-05-22
EURCHF,inflation,-0.5,mixed,constructed aggregate (sum/pair_divisor),both,-0.25,0,-0.25,False,False,2026-05-22
EURCHF,labour,0.5,mixed,constructed aggregate (sum/pair_divisor),both,0.25,0,0.25,False,False,2026-05-22
EURCHF,monetary,1.0,base_only,direct (single indicator),base_only,0.5,0,0.5,False,True,2026-05-22
EURAUD,growth,-1.5,both,constructed aggregate (sum/pair_divisor),both,-0.125,0,-1.375,False,False,2026-05-22
EURAUD,inflation,0.5,mixed,constructed aggregate (sum/pair_divisor),both,0.5,0,0.0,False,False,2026-05-22
EURAUD,labour,1.5,mixed,constructed aggregate (sum/pair_divisor),both,0.5833333333333333,1,0.9166666666666667,False,False,2026-05-22
EURAUD,monetary,2.0,both,direct (single indicator),both,1.0,1,1.0,False,True,2026-05-22
EURNZD,growth,-0.5,both,constructed aggregate (sum/pair_divisor),both,-0.125,0,-0.375,False,False,2026-05-22
EURNZD,inflation,-0.5,mixed,constructed aggregate (sum/pair_divisor),both,-0.25,0,-0.25,False,False,2026-05-22
EURNZD,labour,-0.5,mixed,constructed aggregate (sum/pair_divisor),both,-0.08333333333333331,0,-0.4166666666666667,False,False,2026-05-22
EURNZD,monetary,1.0,base_only,direct (single indicator),base_only,0.5,0,0.5,False,True,2026-05-22
EURCAD,growth,0.0,mixed,constructed aggregate (sum/pair_divisor),both,0.04166666666666666,0,-0.04166666666666666,False,False,2026-05-22
EURCAD,inflation,0.5,mixed,constructed aggregate (sum/pair_divisor),both,0.16666666666666666,0,0.33333333333333337,False,False,2026-05-22
EURCAD,labour,1.0,mixed,constructed aggregate (sum/pair_divisor),both,0.5,0,0.5,False,False,2026-05-22
EURCAD,monetary,0.0,both,direct (single indicator),both,0.0,0,0.0,False,True,2026-05-22
GBPJPY,growth,1.5,mixed,constructed aggregate (sum/pair_divisor),both,0.33333333333333337,0,1.1666666666666665,False,False,2026-05-22
GBPJPY,inflation,1.5,mixed,constructed aggregate (sum/pair_divisor),both,0.75,1,0.75,False,False,2026-05-22
GBPJPY,labour,0.5,mixed,constructed aggregate (sum/pair_divisor),both,0.25,0,0.25,False,False,2026-05-22
GBPJPY,monetary,-2.0,both,direct (single indicator),both,-1.0,-1,-1.0,False,True,2026-05-22
GBPCHF,growth,1.5,mixed,constructed aggregate (sum/pair_divisor),both,0.33333333333333337,0,1.1666666666666665,False,False,2026-05-22
GBPCHF,inflation,-0.5,mixed,constructed aggregate (sum/pair_divisor),both,-0.25,0,-0.25,False,False,2026-05-22
GBPCHF,labour,0.0,mixed,constructed aggregate (sum/pair_divisor),both,0.0,0,0.0,False,False,2026-05-22
GBPCHF,monetary,0.0,base_only,direct (single indicator),base_only,0.0,0,0.0,False,True,2026-05-22
GBPAUD,growth,1.0,both,constructed aggregate (sum/pair_divisor),both,0.5,0,0.5,False,False,2026-05-22
GBPAUD,inflation,0.5,mixed,constructed aggregate (sum/pair_divisor),both,0.5,0,0.0,False,False,2026-05-22
GBPAUD,labour,1.0,mixed,constructed aggregate (sum/pair_divisor),both,0.3333333333333333,0,0.6666666666666667,False,False,2026-05-22
GBPAUD,monetary,1.0,both,direct (single indicator),both,0.5,0,0.5,False,True,2026-05-22
GBPNZD,growth,2.0,both,constructed aggregate (sum/pair_divisor),both,0.5,0,1.5,False,False,2026-05-22
GBPNZD,inflation,-0.5,mixed,constructed aggregate (sum/pair_divisor),both,-0.25,0,-0.25,False,False,2026-05-22
GBPNZD,labour,-1.0,mixed,constructed aggregate (sum/pair_divisor),both,-0.3333333333333333,0,-0.6666666666666667,False,False,2026-05-22
GBPNZD,monetary,0.0,base_only,direct (single indicator),base_only,0.0,0,0.0,False,True,2026-05-22
GBPCAD,growth,2.5,mixed,constructed aggregate (sum/pair_divisor),both,0.6666666666666666,1,1.8333333333333335,False,False,2026-05-22
GBPCAD,inflation,0.5,mixed,constructed aggregate (sum/pair_divisor),both,0.16666666666666666,0,0.33333333333333337,False,False,2026-05-22
GBPCAD,labour,0.5,mixed,constructed aggregate (sum/pair_divisor),both,0.25,0,0.25,False,False,2026-05-22
GBPCAD,monetary,-1.0,both,direct (single indicator),both,-0.5,0,-0.5,False,True,2026-05-22
AUDJPY,growth,0.5,mixed,constructed aggregate (sum/pair_divisor),both,-0.16666666666666666,0,0.6666666666666666,False,False,2026-05-22
AUDJPY,inflation,1.0,mixed,constructed aggregate (sum/pair_divisor),both,0.25,0,0.75,False,False,2026-05-22
AUDJPY,labour,-0.5,mixed,constructed aggregate (sum/pair_divisor),both,-0.08333333333333331,0,-0.4166666666666667,False,False,2026-05-22
AUDJPY,monetary,-3.0,both,direct (single indicator),both,-1.5,-2,-1.5,False,True,2026-05-22
NZDJPY,growth,-0.5,mixed,constructed aggregate (sum/pair_divisor),both,-0.16666666666666666,0,-0.33333333333333337,False,False,2026-05-22
NZDJPY,inflation,2.0,mixed,constructed aggregate (sum/pair_divisor),both,1.0,1,1.0,False,False,2026-05-22
NZDJPY,labour,1.5,mixed,constructed aggregate (sum/pair_divisor),both,0.5833333333333333,1,0.9166666666666667,False,False,2026-05-22
NZDJPY,monetary,-2.0,quote_only,direct (single indicator),quote_only,-1.0,-1,-1.0,False,True,2026-05-22
CADJPY,growth,-1.0,mixed,constructed aggregate (sum/pair_divisor),both,-0.3333333333333333,0,-0.6666666666666667,False,False,2026-05-22
CADJPY,inflation,1.0,mixed,constructed aggregate (sum/pair_divisor),both,0.5833333333333334,1,0.41666666666666663,False,False,2026-05-22
CADJPY,labour,0.0,mixed,constructed aggregate (sum/pair_divisor),both,0.0,0,0.0,False,False,2026-05-22
CADJPY,monetary,-1.0,both,direct (single indicator),both,-0.5,0,-0.5,False,True,2026-05-22
CHFJPY,growth,0.0,mixed,constructed aggregate (sum/pair_divisor),both,0.0,0,0.0,False,False,2026-05-22
CHFJPY,inflation,2.0,mixed,constructed aggregate (sum/pair_divisor),both,1.0,1,1.0,False,False,2026-05-22
CHFJPY,labour,0.5,mixed,constructed aggregate (sum/pair_divisor),both,0.25,0,0.25,False,False,2026-05-22
CHFJPY,monetary,-2.0,quote_only,direct (single indicator),quote_only,-1.0,-1,-1.0,False,True,2026-05-22
AUDNZD,growth,1.0,both,constructed aggregate (sum/pair_divisor),both,0.0,0,1.0,False,False,2026-05-22
AUDNZD,inflation,-1.0,mixed,constructed aggregate (sum/pair_divisor),both,-0.75,-1,-0.25,False,False,2026-05-22
AUDNZD,labour,-2.0,mixed,constructed aggregate (sum/pair_divisor),both,-0.6666666666666666,-1,-1.3333333333333335,False,False,2026-05-22
AUDNZD,monetary,-1.0,base_only,direct (single indicator),base_only,-0.5,0,-0.5,False,True,2026-05-22
AUDCAD,growth,1.5,mixed,constructed aggregate (sum/pair_divisor),both,0.16666666666666666,0,1.3333333333333333,False,False,2026-05-22
AUDCAD,inflation,0.0,mixed,constructed aggregate (sum/pair_divisor),both,-0.33333333333333337,0,0.33333333333333337,False,False,2026-05-22
AUDCAD,labour,-0.5,mixed,constructed aggregate (sum/pair_divisor),both,-0.08333333333333331,0,-0.4166666666666667,False,False,2026-05-22
AUDCAD,monetary,-2.0,both,direct (single indicator),both,-1.0,-1,-1.0,False,True,2026-05-22
AUDCHF,growth,0.5,mixed,constructed aggregate (sum/pair_divisor),both,-0.16666666666666666,0,0.6666666666666666,False,False,2026-05-22
AUDCHF,inflation,-1.0,mixed,constructed aggregate (sum/pair_divisor),both,-0.75,-1,-0.25,False,False,2026-05-22
AUDCHF,labour,-1.0,mixed,constructed aggregate (sum/pair_divisor),both,-0.3333333333333333,0,-0.6666666666666667,False,False,2026-05-22
AUDCHF,monetary,-1.0,base_only,direct (single indicator),base_only,-0.5,0,-0.5,False,True,2026-05-22
NZDCAD,growth,0.5,mixed,constructed aggregate (sum/pair_divisor),both,0.16666666666666666,0,0.33333333333333337,False,False,2026-05-22
NZDCAD,inflation,1.0,mixed,constructed aggregate (sum/pair_divisor),both,0.41666666666666663,0,0.5833333333333334,False,False,2026-05-22
NZDCAD,labour,1.5,mixed,constructed aggregate (sum/pair_divisor),both,0.5833333333333333,1,0.9166666666666667,False,False,2026-05-22
NZDCAD,monetary,-1.0,quote_only,direct (single indicator),quote_only,-0.5,0,-0.5,False,True,2026-05-22
NZDCHF,growth,-0.5,mixed,constructed aggregate (sum/pair_divisor),both,-0.16666666666666666,0,-0.33333333333333337,False,False,2026-05-22
NZDCHF,inflation,0.0,mixed,constructed aggregate (sum/pair_divisor),both,0.0,0,0.0,False,False,2026-05-22
NZDCHF,labour,1.0,mixed,constructed aggregate (sum/pair_divisor),both,0.3333333333333333,0,0.6666666666666667,False,False,2026-05-22
NZDCHF,monetary,,neither,direct (single indicator),neither,0.0,0,,False,True,2026-05-22
CADCHF,growth,-1.0,mixed,constructed aggregate (sum/pair_divisor),both,-0.3333333333333333,0,-0.6666666666666667,False,False,2026-05-22
CADCHF,inflation,-1.0,mixed,constructed aggregate (sum/pair_divisor),both,-0.41666666666666663,0,-0.5833333333333334,False,False,2026-05-22
CADCHF,labour,-0.5,mixed,constructed aggregate (sum/pair_divisor),both,-0.25,0,-0.25,False,False,2026-05-22
CADCHF,monetary,1.0,base_only,direct (single indicator),base_only,0.5,0,0.5,False,True,2026-05-22
EURUSD,growth,-0.5,both,constructed aggregate (sum/pair_divisor),both,-0.125,0,-0.375,False,False,2026-05-29
EURUSD,inflation,-0.5,mixed,constructed aggregate (sum/pair_divisor),both,-0.125,0,-0.375,False,False,2026-05-29
EURUSD,labour,1.0,mixed,constructed aggregate (sum/pair_divisor),both,0.3333333333333333,0,0.6666666666666667,False,False,2026-05-29
EURUSD,monetary,-2.0,both,direct (single indicator),both,-1.0,-1,-1.0,False,True,2026-05-29
GBPUSD,growth,2.0,both,constructed aggregate (sum/pair_divisor),both,0.5,0,1.5,False,False,2026-05-29
GBPUSD,inflation,-0.5,mixed,constructed aggregate (sum/pair_divisor),both,-0.125,0,-0.375,False,False,2026-05-29
GBPUSD,labour,0.5,mixed,constructed aggregate (sum/pair_divisor),both,0.08333333333333333,0,0.4166666666666667,False,False,2026-05-29
GBPUSD,monetary,-1.0,both,direct (single indicator),both,-0.5,0,-0.5,False,True,2026-05-29
USDJPY,growth,-1.0,mixed,constructed aggregate (sum/pair_divisor),both,-0.3333333333333333,0,-0.6666666666666667,False,False,2026-05-29
USDJPY,inflation,2.5,mixed,constructed aggregate (sum/pair_divisor),both,1.125,1,1.375,False,False,2026-05-29
USDJPY,labour,-1.5,mixed,constructed aggregate (sum/pair_divisor),both,-0.5833333333333334,-1,-0.9166666666666666,False,False,2026-05-29
USDJPY,monetary,-1.0,both,direct (single indicator),both,-0.5,0,-0.5,False,True,2026-05-29
USDCHF,growth,-0.5,mixed,constructed aggregate (sum/pair_divisor),both,-0.16666666666666666,0,-0.33333333333333337,False,False,2026-05-29
USDCHF,inflation,0.0,mixed,constructed aggregate (sum/pair_divisor),both,-0.125,0,0.125,False,False,2026-05-29
USDCHF,labour,-0.5,mixed,constructed aggregate (sum/pair_divisor),both,-0.08333333333333333,0,-0.4166666666666667,False,False,2026-05-29
USDCHF,monetary,0.0,base_only,direct (single indicator),base_only,0.0,0,0.0,False,True,2026-05-29
USDCAD,growth,-0.5,mixed,constructed aggregate (sum/pair_divisor),both,-0.16666666666666666,0,-0.33333333333333337,False,False,2026-05-29
USDCAD,inflation,1.0,mixed,constructed aggregate (sum/pair_divisor),both,0.29166666666666663,0,0.7083333333333334,False,False,2026-05-29
USDCAD,labour,0.0,mixed,constructed aggregate (sum/pair_divisor),both,0.16666666666666669,0,-0.16666666666666669,False,False,2026-05-29
USDCAD,monetary,2.0,both,direct (single indicator),both,1.0,1,1.0,False,True,2026-05-29
AUDUSD,growth,1.0,both,constructed aggregate (sum/pair_divisor),both,0.0,0,1.0,False,False,2026-05-29
AUDUSD,inflation,-1.0,mixed,constructed aggregate (sum/pair_divisor),both,-0.625,-1,-0.375,False,False,2026-05-29
AUDUSD,labour,-0.5,mixed,constructed aggregate (sum/pair_divisor),both,-0.25,0,-0.25,False,False,2026-05-29
AUDUSD,monetary,-2.0,both,direct (single indicator),both,-1.0,-1,-1.0,False,True,2026-05-29
NZDUSD,growth,0.0,both,constructed aggregate (sum/pair_divisor),both,0.0,0,0.0,False,False,2026-05-29
NZDUSD,inflation,0.0,mixed,constructed aggregate (sum/pair_divisor),both,0.125,0,-0.125,False,False,2026-05-29
NZDUSD,labour,1.5,mixed,constructed aggregate (sum/pair_divisor),both,0.41666666666666663,0,1.0833333333333335,False,False,2026-05-29
NZDUSD,monetary,0.0,quote_only,direct (single indicator),quote_only,0.0,0,0.0,False,True,2026-05-29
EURGBP,growth,-2.5,both,constructed aggregate (sum/pair_divisor),both,-0.625,-1,-1.875,False,False,2026-05-29
EURGBP,inflation,0.0,mixed,constructed aggregate (sum/pair_divisor),both,0.0,0,0.0,False,False,2026-05-29
EURGBP,labour,0.5,mixed,constructed aggregate (sum/pair_divisor),both,0.25,0,0.25,False,False,2026-05-29
EURGBP,monetary,-1.0,both,direct (single indicator),both,-0.5,0,-0.5,False,True,2026-05-29
EURJPY,growth,-1.5,mixed,constructed aggregate (sum/pair_divisor),both,-0.4583333333333333,0,-1.0416666666666667,False,False,2026-05-29
EURJPY,inflation,2.0,mixed,constructed aggregate (sum/pair_divisor),both,1.0,1,1.0,False,False,2026-05-29
EURJPY,labour,-0.5,mixed,constructed aggregate (sum/pair_divisor),both,-0.25,0,-0.25,False,False,2026-05-29
EURJPY,monetary,-3.0,both,direct (single indicator),both,-1.5,-2,-1.5,False,True,2026-05-29
EURCHF,growth,-1.0,mixed,constructed aggregate (sum/pair_divisor),both,-0.29166666666666663,0,-0.7083333333333334,False,False,2026-05-29
EURCHF,inflation,-0.5,mixed,constructed aggregate (sum/pair_divisor),both,-0.25,0,-0.25,False,False,2026-05-29
EURCHF,labour,0.5,mixed,constructed aggregate (sum/pair_divisor),both,0.25,0,0.25,False,False,2026-05-29
EURCHF,monetary,-2.0,base_only,direct (single indicator),base_only,-1.0,-1,-1.0,False,True,2026-05-29
EURAUD,growth,-1.5,both,constructed aggregate (sum/pair_divisor),both,-0.125,0,-1.375,False,False,2026-05-29
EURAUD,inflation,0.5,mixed,constructed aggregate (sum/pair_divisor),both,0.5,0,0.0,False,False,2026-05-29
EURAUD,labour,1.5,mixed,constructed aggregate (sum/pair_divisor),both,0.5833333333333333,1,0.9166666666666667,False,False,2026-05-29
EURAUD,monetary,0.0,both,direct (single indicator),both,0.0,0,0.0,False,True,2026-05-29
EURNZD,growth,-0.5,both,constructed aggregate (sum/pair_divisor),both,-0.125,0,-0.375,False,False,2026-05-29
EURNZD,inflation,-0.5,mixed,constructed aggregate (sum/pair_divisor),both,-0.25,0,-0.25,False,False,2026-05-29
EURNZD,labour,-0.5,mixed,constructed aggregate (sum/pair_divisor),both,-0.08333333333333331,0,-0.4166666666666667,False,False,2026-05-29
EURNZD,monetary,-2.0,base_only,direct (single indicator),base_only,-1.0,-1,-1.0,False,True,2026-05-29
EURCAD,growth,-1.0,mixed,constructed aggregate (sum/pair_divisor),both,-0.29166666666666663,0,-0.7083333333333334,False,False,2026-05-29
EURCAD,inflation,0.5,mixed,constructed aggregate (sum/pair_divisor),both,0.16666666666666666,0,0.33333333333333337,False,False,2026-05-29
EURCAD,labour,1.0,mixed,constructed aggregate (sum/pair_divisor),both,0.5,0,0.5,False,False,2026-05-29
EURCAD,monetary,0.0,both,direct (single indicator),both,0.0,0,0.0,False,True,2026-05-29
GBPJPY,growth,1.0,mixed,constructed aggregate (sum/pair_divisor),both,0.16666666666666669,0,0.8333333333333333,False,False,2026-05-29
GBPJPY,inflation,2.0,mixed,constructed aggregate (sum/pair_divisor),both,1.0,1,1.0,False,False,2026-05-29
GBPJPY,labour,-1.0,mixed,constructed aggregate (sum/pair_divisor),both,-0.5,0,-0.5,False,False,2026-05-29
GBPJPY,monetary,-2.0,both,direct (single indicator),both,-1.0,-1,-1.0,False,True,2026-05-29
GBPCHF,growth,1.5,mixed,constructed aggregate (sum/pair_divisor),both,0.33333333333333337,0,1.1666666666666665,False,False,2026-05-29
GBPCHF,inflation,-0.5,mixed,constructed aggregate (sum/pair_divisor),both,-0.25,0,-0.25,False,False,2026-05-29
GBPCHF,labour,0.0,mixed,constructed aggregate (sum/pair_divisor),both,0.0,0,0.0,False,False,2026-05-29
GBPCHF,monetary,-1.0,base_only,direct (single indicator),base_only,-0.5,0,-0.5,False,True,2026-05-29
GBPAUD,growth,1.0,both,constructed aggregate (sum/pair_divisor),both,0.5,0,0.5,False,False,2026-05-29
GBPAUD,inflation,0.5,mixed,constructed aggregate (sum/pair_divisor),both,0.5,0,0.0,False,False,2026-05-29
GBPAUD,labour,1.0,mixed,constructed aggregate (sum/pair_divisor),both,0.3333333333333333,0,0.6666666666666667,False,False,2026-05-29
GBPAUD,monetary,1.0,both,direct (single indicator),both,0.5,0,0.5,False,True,2026-05-29
GBPNZD,growth,2.0,both,constructed aggregate (sum/pair_divisor),both,0.5,0,1.5,False,False,2026-05-29
GBPNZD,inflation,-0.5,mixed,constructed aggregate (sum/pair_divisor),both,-0.25,0,-0.25,False,False,2026-05-29
GBPNZD,labour,-1.0,mixed,constructed aggregate (sum/pair_divisor),both,-0.3333333333333333,0,-0.6666666666666667,False,False,2026-05-29
GBPNZD,monetary,-1.0,base_only,direct (single indicator),base_only,-0.5,0,-0.5,False,True,2026-05-29
GBPCAD,growth,1.5,mixed,constructed aggregate (sum/pair_divisor),both,0.33333333333333337,0,1.1666666666666665,False,False,2026-05-29
GBPCAD,inflation,0.5,mixed,constructed aggregate (sum/pair_divisor),both,0.16666666666666666,0,0.33333333333333337,False,False,2026-05-29
GBPCAD,labour,0.5,mixed,constructed aggregate (sum/pair_divisor),both,0.25,0,0.25,False,False,2026-05-29
GBPCAD,monetary,1.0,both,direct (single indicator),both,0.5,0,0.5,False,True,2026-05-29
AUDJPY,growth,0.0,mixed,constructed aggregate (sum/pair_divisor),both,-0.3333333333333333,0,0.3333333333333333,False,False,2026-05-29
AUDJPY,inflation,1.5,mixed,constructed aggregate (sum/pair_divisor),both,0.5,0,1.0,False,False,2026-05-29
AUDJPY,labour,-2.0,mixed,constructed aggregate (sum/pair_divisor),both,-0.8333333333333333,-1,-1.1666666666666667,False,False,2026-05-29
AUDJPY,monetary,-3.0,both,direct (single indicator),both,-1.5,-2,-1.5,False,True,2026-05-29
NZDJPY,growth,-1.0,mixed,constructed aggregate (sum/pair_divisor),both,-0.3333333333333333,0,-0.6666666666666667,False,False,2026-05-29
NZDJPY,inflation,2.5,mixed,constructed aggregate (sum/pair_divisor),both,1.25,1,1.25,False,False,2026-05-29
NZDJPY,labour,0.0,mixed,constructed aggregate (sum/pair_divisor),both,-0.16666666666666669,0,0.16666666666666669,False,False,2026-05-29
NZDJPY,monetary,-1.0,quote_only,direct (single indicator),quote_only,-0.5,0,-0.5,False,True,2026-05-29
CADJPY,growth,-0.5,mixed,constructed aggregate (sum/pair_divisor),both,-0.16666666666666666,0,-0.33333333333333337,False,False,2026-05-29
CADJPY,inflation,1.5,mixed,constructed aggregate (sum/pair_divisor),both,0.8333333333333334,1,0.6666666666666666,False,False,2026-05-29
CADJPY,labour,-1.5,mixed,constructed aggregate (sum/pair_divisor),both,-0.75,-1,-0.75,False,False,2026-05-29
CADJPY,monetary,-3.0,both,direct (single indicator),both,-1.5,-2,-1.5,False,True,2026-05-29
CHFJPY,growth,-0.5,mixed,constructed aggregate (sum/pair_divisor),both,-0.16666666666666666,0,-0.33333333333333337,False,False,2026-05-29
CHFJPY,inflation,2.5,mixed,constructed aggregate (sum/pair_divisor),both,1.25,1,1.25,False,False,2026-05-29
CHFJPY,labour,-1.0,mixed,constructed aggregate (sum/pair_divisor),both,-0.5,0,-0.5,False,False,2026-05-29
CHFJPY,monetary,-1.0,quote_only,direct (single indicator),quote_only,-0.5,0,-0.5,False,True,2026-05-29
AUDNZD,growth,1.0,both,constructed aggregate (sum/pair_divisor),both,0.0,0,1.0,False,False,2026-05-29
AUDNZD,inflation,-1.0,mixed,constructed aggregate (sum/pair_divisor),both,-0.75,-1,-0.25,False,False,2026-05-29
AUDNZD,labour,-2.0,mixed,constructed aggregate (sum/pair_divisor),both,-0.6666666666666666,-1,-1.3333333333333335,False,False,2026-05-29
AUDNZD,monetary,-2.0,base_only,direct (single indicator),base_only,-1.0,-1,-1.0,False,True,2026-05-29
AUDCAD,growth,0.5,mixed,constructed aggregate (sum/pair_divisor),both,-0.16666666666666666,0,0.6666666666666666,False,False,2026-05-29
AUDCAD,inflation,0.0,mixed,constructed aggregate (sum/pair_divisor),both,-0.33333333333333337,0,0.33333333333333337,False,False,2026-05-29
AUDCAD,labour,-0.5,mixed,constructed aggregate (sum/pair_divisor),both,-0.08333333333333331,0,-0.4166666666666667,False,False,2026-05-29
AUDCAD,monetary,0.0,both,direct (single indicator),both,0.0,0,0.0,False,True,2026-05-29
AUDCHF,growth,0.5,mixed,constructed aggregate (sum/pair_divisor),both,-0.16666666666666666,0,0.6666666666666666,False,False,2026-05-29
AUDCHF,inflation,-1.0,mixed,constructed aggregate (sum/pair_divisor),both,-0.75,-1,-0.25,False,False,2026-05-29
AUDCHF,labour,-1.0,mixed,constructed aggregate (sum/pair_divisor),both,-0.3333333333333333,0,-0.6666666666666667,False,False,2026-05-29
AUDCHF,monetary,-2.0,base_only,direct (single indicator),base_only,-1.0,-1,-1.0,False,True,2026-05-29
NZDCAD,growth,-0.5,mixed,constructed aggregate (sum/pair_divisor),both,-0.16666666666666666,0,-0.33333333333333337,False,False,2026-05-29
NZDCAD,inflation,1.0,mixed,constructed aggregate (sum/pair_divisor),both,0.41666666666666663,0,0.5833333333333334,False,False,2026-05-29
NZDCAD,labour,1.5,mixed,constructed aggregate (sum/pair_divisor),both,0.5833333333333333,1,0.9166666666666667,False,False,2026-05-29
NZDCAD,monetary,2.0,quote_only,direct (single indicator),quote_only,1.0,1,1.0,False,True,2026-05-29
NZDCHF,growth,-0.5,mixed,constructed aggregate (sum/pair_divisor),both,-0.16666666666666666,0,-0.33333333333333337,False,False,2026-05-29
NZDCHF,inflation,0.0,mixed,constructed aggregate (sum/pair_divisor),both,0.0,0,0.0,False,False,2026-05-29
NZDCHF,labour,1.0,mixed,constructed aggregate (sum/pair_divisor),both,0.3333333333333333,0,0.6666666666666667,False,False,2026-05-29
NZDCHF,monetary,,neither,direct (single indicator),neither,0.0,0,,False,True,2026-05-29
CADCHF,growth,0.0,mixed,constructed aggregate (sum/pair_divisor),both,0.0,0,0.0,False,False,2026-05-29
CADCHF,inflation,-1.0,mixed,constructed aggregate (sum/pair_divisor),both,-0.41666666666666663,0,-0.5833333333333334,False,False,2026-05-29
CADCHF,labour,-0.5,mixed,constructed aggregate (sum/pair_divisor),both,-0.25,0,-0.25,False,False,2026-05-29
CADCHF,monetary,-2.0,base_only,direct (single indicator),base_only,-1.0,-1,-1.0,False,True,2026-05-29
EURUSD,growth,-1.0,both,constructed aggregate (sum/pair_divisor),both,-0.25,0,-0.75,False,False,2026-06-05
EURUSD,inflation,0.0,mixed,constructed aggregate (sum/pair_divisor),both,0.04166666666666666,0,-0.04166666666666666,False,False,2026-06-05
EURUSD,labour,0.0,mixed,constructed aggregate (sum/pair_divisor),both,0.0,0,0.0,False,False,2026-06-05
EURUSD,monetary,-1.0,both,direct (single indicator),both,-0.5,0,-0.5,False,True,2026-06-05
GBPUSD,growth,2.0,both,constructed aggregate (sum/pair_divisor),both,0.5,0,1.5,False,False,2026-06-05
GBPUSD,inflation,-0.5,mixed,constructed aggregate (sum/pair_divisor),both,-0.125,0,-0.375,False,False,2026-06-05
GBPUSD,labour,0.0,mixed,constructed aggregate (sum/pair_divisor),both,0.0,0,0.0,False,False,2026-06-05
GBPUSD,monetary,-2.0,both,direct (single indicator),both,-1.0,-1,-1.0,False,True,2026-06-05
USDJPY,growth,-1.0,mixed,constructed aggregate (sum/pair_divisor),both,-0.3333333333333333,0,-0.6666666666666667,False,False,2026-06-05
USDJPY,inflation,2.5,mixed,constructed aggregate (sum/pair_divisor),both,1.125,1,1.375,False,False,2026-06-05
USDJPY,labour,-1.0,mixed,constructed aggregate (sum/pair_divisor),both,-0.5,0,-0.5,False,False,2026-06-05
USDJPY,monetary,1.0,both,direct (single indicator),both,0.5,0,0.5,False,True,2026-06-05
USDCHF,growth,-1.0,mixed,constructed aggregate (sum/pair_divisor),both,-0.3333333333333333,0,-0.6666666666666667,False,False,2026-06-05
USDCHF,inflation,0.5,mixed,constructed aggregate (sum/pair_divisor),both,0.125,0,0.375,False,False,2026-06-05
USDCHF,labour,1.0,mixed,constructed aggregate (sum/pair_divisor),both,1.0,1,0.0,False,False,2026-06-05
USDCHF,monetary,2.0,base_only,direct (single indicator),base_only,1.0,1,1.0,False,True,2026-06-05
USDCAD,growth,0.5,mixed,constructed aggregate (sum/pair_divisor),both,0.16666666666666666,0,0.33333333333333337,False,False,2026-06-05
USDCAD,inflation,1.0,mixed,constructed aggregate (sum/pair_divisor),both,0.29166666666666663,0,0.7083333333333334,False,False,2026-06-05
USDCAD,labour,0.5,mixed,constructed aggregate (sum/pair_divisor),both,0.25,0,0.25,False,False,2026-06-05
USDCAD,monetary,2.0,both,direct (single indicator),both,1.0,1,1.0,False,True,2026-06-05
AUDUSD,growth,0.0,both,constructed aggregate (sum/pair_divisor),both,-0.3333333333333333,0,0.3333333333333333,False,False,2026-06-05
AUDUSD,inflation,-1.0,mixed,constructed aggregate (sum/pair_divisor),both,-0.625,-1,-0.375,False,False,2026-06-05
AUDUSD,labour,-1.0,mixed,constructed aggregate (sum/pair_divisor),both,-0.3333333333333333,0,-0.6666666666666667,False,False,2026-06-05
AUDUSD,monetary,-2.0,both,direct (single indicator),both,-1.0,-1,-1.0,False,True,2026-06-05
NZDUSD,growth,0.0,both,constructed aggregate (sum/pair_divisor),both,0.0,0,0.0,False,False,2026-06-05
NZDUSD,inflation,0.0,mixed,constructed aggregate (sum/pair_divisor),both,0.125,0,-0.125,False,False,2026-06-05
NZDUSD,labour,1.0,mixed,constructed aggregate (sum/pair_divisor),both,0.3333333333333333,0,0.6666666666666667,False,False,2026-06-05
NZDUSD,monetary,-2.0,quote_only,direct (single indicator),quote_only,-1.0,-1,-1.0,False,True,2026-06-05
EURGBP,growth,-3.0,both,constructed aggregate (sum/pair_divisor),both,-0.75,-1,-2.25,False,False,2026-06-05
EURGBP,inflation,0.5,mixed,constructed aggregate (sum/pair_divisor),both,0.16666666666666666,0,0.33333333333333337,False,False,2026-06-05
EURGBP,labour,0.0,mixed,constructed aggregate (sum/pair_divisor),both,0.0,0,0.0,False,False,2026-06-05
EURGBP,monetary,1.0,both,direct (single indicator),both,0.5,0,0.5,False,True,2026-06-05
EURJPY,growth,-2.0,mixed,constructed aggregate (sum/pair_divisor),both,-0.5833333333333333,-1,-1.4166666666666667,False,False,2026-06-05
EURJPY,inflation,2.5,mixed,constructed aggregate (sum/pair_divisor),both,1.1666666666666667,1,1.3333333333333333,False,False,2026-06-05
EURJPY,labour,-1.0,mixed,constructed aggregate (sum/pair_divisor),both,-0.5,0,-0.5,False,False,2026-06-05
EURJPY,monetary,0.0,both,direct (single indicator),both,0.0,0,0.0,False,True,2026-06-05
EURCHF,growth,-2.0,mixed,constructed aggregate (sum/pair_divisor),both,-0.5833333333333333,-1,-1.4166666666666667,False,False,2026-06-05
EURCHF,inflation,0.5,mixed,constructed aggregate (sum/pair_divisor),both,0.16666666666666666,0,0.33333333333333337,False,False,2026-06-05
EURCHF,labour,1.0,mixed,constructed aggregate (sum/pair_divisor),both,1.0,1,0.0,False,False,2026-06-05
EURCHF,monetary,1.0,base_only,direct (single indicator),base_only,0.5,0,0.5,False,True,2026-06-05
EURAUD,growth,-1.0,both,constructed aggregate (sum/pair_divisor),both,0.08333333333333331,0,-1.0833333333333333,False,False,2026-06-05
EURAUD,inflation,1.0,mixed,constructed aggregate (sum/pair_divisor),both,0.6666666666666666,1,0.33333333333333337,False,False,2026-06-05
EURAUD,labour,1.0,mixed,constructed aggregate (sum/pair_divisor),both,0.3333333333333333,0,0.6666666666666667,False,False,2026-06-05
EURAUD,monetary,1.0,both,direct (single indicator),both,0.5,0,0.5,False,True,2026-06-05
EURNZD,growth,-1.0,both,constructed aggregate (sum/pair_divisor),both,-0.25,0,-0.75,False,False,2026-06-05
EURNZD,inflation,0.0,mixed,constructed aggregate (sum/pair_divisor),both,-0.08333333333333334,0,0.08333333333333334,False,False,2026-06-05
EURNZD,labour,-1.0,mixed,constructed aggregate (sum/pair_divisor),both,-0.3333333333333333,0,-0.6666666666666667,False,False,2026-06-05
EURNZD,monetary,1.0,base_only,direct (single indicator),base_only,0.5,0,0.5,False,True,2026-06-05
EURCAD,growth,-0.5,mixed,constructed aggregate (sum/pair_divisor),both,-0.08333333333333334,0,-0.41666666666666663,False,False,2026-06-05
EURCAD,inflation,1.0,mixed,constructed aggregate (sum/pair_divisor),both,0.3333333333333333,0,0.6666666666666667,False,False,2026-06-05
EURCAD,labour,0.5,mixed,constructed aggregate (sum/pair_divisor),both,0.25,0,0.25,False,False,2026-06-05
EURCAD,monetary,1.0,both,direct (single indicator),both,0.5,0,0.5,False,True,2026-06-05
GBPJPY,growth,1.0,mixed,constructed aggregate (sum/pair_divisor),both,0.16666666666666669,0,0.8333333333333333,False,False,2026-06-05
GBPJPY,inflation,2.0,mixed,constructed aggregate (sum/pair_divisor),both,1.0,1,1.0,False,False,2026-06-05
GBPJPY,labour,-1.0,mixed,constructed aggregate (sum/pair_divisor),both,-0.5,0,-0.5,False,False,2026-06-05
GBPJPY,monetary,-1.0,both,direct (single indicator),both,-0.5,0,-0.5,False,True,2026-06-05
GBPCHF,growth,1.0,mixed,constructed aggregate (sum/pair_divisor),both,0.16666666666666669,0,0.8333333333333333,False,False,2026-06-05
GBPCHF,inflation,0.0,mixed,constructed aggregate (sum/pair_divisor),both,0.0,0,0.0,False,False,2026-06-05
GBPCHF,labour,1.0,mixed,constructed aggregate (sum/pair_divisor),both,1.0,1,0.0,False,False,2026-06-05
GBPCHF,monetary,0.0,base_only,direct (single indicator),base_only,0.0,0,0.0,False,True,2026-06-05
GBPAUD,growth,2.0,both,constructed aggregate (sum/pair_divisor),both,0.8333333333333333,1,1.1666666666666667,False,False,2026-06-05
GBPAUD,inflation,0.5,mixed,constructed aggregate (sum/pair_divisor),both,0.5,0,0.0,False,False,2026-06-05
GBPAUD,labour,1.0,mixed,constructed aggregate (sum/pair_divisor),both,0.3333333333333333,0,0.6666666666666667,False,False,2026-06-05
GBPAUD,monetary,0.0,both,direct (single indicator),both,0.0,0,0.0,False,True,2026-06-05
GBPNZD,growth,2.0,both,constructed aggregate (sum/pair_divisor),both,0.5,0,1.5,False,False,2026-06-05
GBPNZD,inflation,-0.5,mixed,constructed aggregate (sum/pair_divisor),both,-0.25,0,-0.25,False,False,2026-06-05
GBPNZD,labour,-1.0,mixed,constructed aggregate (sum/pair_divisor),both,-0.3333333333333333,0,-0.6666666666666667,False,False,2026-06-05
GBPNZD,monetary,0.0,base_only,direct (single indicator),base_only,0.0,0,0.0,False,True,2026-06-05
GBPCAD,growth,2.5,mixed,constructed aggregate (sum/pair_divisor),both,0.6666666666666666,1,1.8333333333333335,False,False,2026-06-05
GBPCAD,inflation,0.5,mixed,constructed aggregate (sum/pair_divisor),both,0.16666666666666666,0,0.33333333333333337,False,False,2026-06-05
GBPCAD,labour,0.5,mixed,constructed aggregate (sum/pair_divisor),both,0.25,0,0.25,False,False,2026-06-05
GBPCAD,monetary,0.0,both,direct (single indicator),both,0.0,0,0.0,False,True,2026-06-05
AUDJPY,growth,-1.0,mixed,constructed aggregate (sum/pair_divisor),both,-0.6666666666666666,-1,-0.33333333333333337,False,False,2026-06-05
AUDJPY,inflation,1.5,mixed,constructed aggregate (sum/pair_divisor),both,0.5,0,1.0,False,False,2026-06-05
AUDJPY,labour,-2.0,mixed,constructed aggregate (sum/pair_divisor),both,-0.8333333333333333,-1,-1.1666666666666667,False,False,2026-06-05
AUDJPY,monetary,-1.0,both,direct (single indicator),both,-0.5,0,-0.5,False,True,2026-06-05
NZDJPY,growth,-1.0,mixed,constructed aggregate (sum/pair_divisor),both,-0.3333333333333333,0,-0.6666666666666667,False,False,2026-06-05
NZDJPY,inflation,2.5,mixed,constructed aggregate (sum/pair_divisor),both,1.25,1,1.25,False,False,2026-06-05
NZDJPY,labour,0.0,mixed,constructed aggregate (sum/pair_divisor),both,-0.16666666666666669,0,0.16666666666666669,False,False,2026-06-05
NZDJPY,monetary,-1.0,quote_only,direct (single indicator),quote_only,-0.5,0,-0.5,False,True,2026-06-05
CADJPY,growth,-1.5,mixed,constructed aggregate (sum/pair_divisor),both,-0.5,0,-1.0,False,False,2026-06-05
CADJPY,inflation,1.5,mixed,constructed aggregate (sum/pair_divisor),both,0.8333333333333334,1,0.6666666666666666,False,False,2026-06-05
CADJPY,labour,-1.5,mixed,constructed aggregate (sum/pair_divisor),both,-0.75,-1,-0.75,False,False,2026-06-05
CADJPY,monetary,-1.0,both,direct (single indicator),both,-0.5,0,-0.5,False,True,2026-06-05
CHFJPY,growth,0.0,mixed,constructed aggregate (sum/pair_divisor),both,0.0,0,0.0,False,False,2026-06-05
CHFJPY,inflation,2.0,mixed,constructed aggregate (sum/pair_divisor),both,1.0,1,1.0,False,False,2026-06-05
CHFJPY,labour,-2.0,mixed,constructed aggregate (sum/pair_divisor),both,-1.5,-2,-0.5,False,False,2026-06-05
CHFJPY,monetary,-1.0,quote_only,direct (single indicator),quote_only,-0.5,0,-0.5,False,True,2026-06-05
AUDNZD,growth,0.0,both,constructed aggregate (sum/pair_divisor),both,-0.3333333333333333,0,0.3333333333333333,False,False,2026-06-05
AUDNZD,inflation,-1.0,mixed,constructed aggregate (sum/pair_divisor),both,-0.75,-1,-0.25,False,False,2026-06-05
AUDNZD,labour,-2.0,mixed,constructed aggregate (sum/pair_divisor),both,-0.6666666666666666,-1,-1.3333333333333335,False,False,2026-06-05
AUDNZD,monetary,0.0,base_only,direct (single indicator),base_only,0.0,0,0.0,False,True,2026-06-05
AUDCAD,growth,0.5,mixed,constructed aggregate (sum/pair_divisor),both,-0.16666666666666666,0,0.6666666666666666,False,False,2026-06-05
AUDCAD,inflation,0.0,mixed,constructed aggregate (sum/pair_divisor),both,-0.33333333333333337,0,0.33333333333333337,False,False,2026-06-05
AUDCAD,labour,-0.5,mixed,constructed aggregate (sum/pair_divisor),both,-0.08333333333333331,0,-0.4166666666666667,False,False,2026-06-05
AUDCAD,monetary,0.0,both,direct (single indicator),both,0.0,0,0.0,False,True,2026-06-05
AUDCHF,growth,-1.0,mixed,constructed aggregate (sum/pair_divisor),both,-0.6666666666666666,-1,-0.33333333333333337,False,False,2026-06-05
AUDCHF,inflation,-0.5,mixed,constructed aggregate (sum/pair_divisor),both,-0.5,0,0.0,False,False,2026-06-05
AUDCHF,labour,0.0,mixed,constructed aggregate (sum/pair_divisor),both,0.6666666666666667,1,-0.6666666666666667,False,False,2026-06-05
AUDCHF,monetary,0.0,base_only,direct (single indicator),base_only,0.0,0,0.0,False,True,2026-06-05
NZDCAD,growth,0.5,mixed,constructed aggregate (sum/pair_divisor),both,0.16666666666666666,0,0.33333333333333337,False,False,2026-06-05
NZDCAD,inflation,1.0,mixed,constructed aggregate (sum/pair_divisor),both,0.41666666666666663,0,0.5833333333333334,False,False,2026-06-05
NZDCAD,labour,1.5,mixed,constructed aggregate (sum/pair_divisor),both,0.5833333333333333,1,0.9166666666666667,False,False,2026-06-05
NZDCAD,monetary,0.0,quote_only,direct (single indicator),quote_only,0.0,0,0.0,False,True,2026-06-05
NZDCHF,growth,-1.0,mixed,constructed aggregate (sum/pair_divisor),both,-0.3333333333333333,0,-0.6666666666666667,False,False,2026-06-05
NZDCHF,inflation,0.5,mixed,constructed aggregate (sum/pair_divisor),both,0.25,0,0.25,False,False,2026-06-05
NZDCHF,labour,2.0,mixed,constructed aggregate (sum/pair_divisor),both,1.3333333333333333,1,0.6666666666666667,False,False,2026-06-05
NZDCHF,monetary,,neither,direct (single indicator),neither,0.0,0,,False,True,2026-06-05
CADCHF,growth,-1.5,mixed,constructed aggregate (sum/pair_divisor),both,-0.5,0,-1.0,False,False,2026-06-05
CADCHF,inflation,-0.5,mixed,constructed aggregate (sum/pair_divisor),both,-0.16666666666666666,0,-0.33333333333333337,False,False,2026-06-05
CADCHF,labour,0.5,mixed,constructed aggregate (sum/pair_divisor),both,0.75,1,-0.25,False,False,2026-06-05
CADCHF,monetary,0.0,base_only,direct (single indicator),base_only,0.0,0,0.0,False,True,2026-06-05
EURUSD,growth,-1.0,both,constructed aggregate (sum/pair_divisor),both,-0.25,0,-0.75,False,False,2026-06-12
EURUSD,inflation,1.5,mixed,constructed aggregate (sum/pair_divisor),both,0.41666666666666663,0,1.0833333333333335,False,False,2026-06-12
EURUSD,labour,-1.0,mixed,constructed aggregate (sum/pair_divisor),both,-0.16666666666666666,0,-0.8333333333333334,False,False,2026-06-12
EURUSD,monetary,-1.0,both,direct (single indicator),both,-0.5,0,-0.5,False,True,2026-06-12
GBPUSD,growth,2.0,both,constructed aggregate (sum/pair_divisor),both,0.5,0,1.5,False,False,2026-06-12
GBPUSD,inflation,1.0,mixed,constructed aggregate (sum/pair_divisor),both,0.25,0,0.75,False,False,2026-06-12
GBPUSD,labour,-1.0,mixed,constructed aggregate (sum/pair_divisor),both,-0.16666666666666666,0,-0.8333333333333334,False,False,2026-06-12
GBPUSD,monetary,-3.0,both,direct (single indicator),both,-1.5,-2,-1.5,False,True,2026-06-12
USDJPY,growth,-1.0,mixed,constructed aggregate (sum/pair_divisor),both,-0.3333333333333333,0,-0.6666666666666667,False,False,2026-06-12
USDJPY,inflation,1.0,mixed,constructed aggregate (sum/pair_divisor),both,0.75,1,0.25,False,False,2026-06-12
USDJPY,labour,0.0,mixed,constructed aggregate (sum/pair_divisor),both,-0.33333333333333337,0,0.33333333333333337,False,False,2026-06-12
USDJPY,monetary,1.0,both,direct (single indicator),both,0.5,0,0.5,False,True,2026-06-12
USDCHF,growth,-1.0,mixed,constructed aggregate (sum/pair_divisor),both,-0.3333333333333333,0,-0.6666666666666667,False,False,2026-06-12
USDCHF,inflation,-1.0,mixed,constructed aggregate (sum/pair_divisor),both,-0.25,0,-0.75,False,False,2026-06-12
USDCHF,labour,2.0,mixed,constructed aggregate (sum/pair_divisor),both,1.1666666666666667,1,0.8333333333333333,False,False,2026-06-12
USDCHF,monetary,1.0,base_only,direct (single indicator),base_only,0.5,0,0.5,False,True,2026-06-12
USDCAD,growth,0.5,mixed,constructed aggregate (sum/pair_divisor),both,0.16666666666666666,0,0.33333333333333337,False,False,2026-06-12
USDCAD,inflation,-0.5,mixed,constructed aggregate (sum/pair_divisor),both,-0.08333333333333334,0,-0.41666666666666663,False,False,2026-06-12
USDCAD,labour,-0.5,mixed,constructed aggregate (sum/pair_divisor),both,-0.5833333333333334,-1,0.08333333333333337,False,False,2026-06-12
USDCAD,monetary,3.0,both,direct (single indicator),both,1.5,2,1.5,False,True,2026-06-12
AUDUSD,growth,0.0,both,constructed aggregate (sum/pair_divisor),both,-0.3333333333333333,0,0.3333333333333333,False,False,2026-06-12
AUDUSD,inflation,0.5,mixed,constructed aggregate (sum/pair_divisor),both,-0.25,0,0.75,False,False,2026-06-12
AUDUSD,labour,-2.0,mixed,constructed aggregate (sum/pair_divisor),both,-0.5,0,-1.5,False,False,2026-06-12
AUDUSD,monetary,-3.0,both,direct (single indicator),both,-1.5,-2,-1.5,False,True,2026-06-12
NZDUSD,growth,0.0,both,constructed aggregate (sum/pair_divisor),both,0.0,0,0.0,False,False,2026-06-12
NZDUSD,inflation,1.5,mixed,constructed aggregate (sum/pair_divisor),both,0.5,0,1.0,False,False,2026-06-12
NZDUSD,labour,0.0,mixed,constructed aggregate (sum/pair_divisor),both,0.16666666666666666,0,-0.16666666666666666,False,False,2026-06-12
NZDUSD,monetary,-1.0,quote_only,direct (single indicator),quote_only,-0.5,0,-0.5,False,True,2026-06-12
EURGBP,growth,-3.0,both,constructed aggregate (sum/pair_divisor),both,-0.75,-1,-2.25,False,False,2026-06-12
EURGBP,inflation,0.5,mixed,constructed aggregate (sum/pair_divisor),both,0.16666666666666666,0,0.33333333333333337,False,False,2026-06-12
EURGBP,labour,0.0,mixed,constructed aggregate (sum/pair_divisor),both,0.0,0,0.0,False,False,2026-06-12
EURGBP,monetary,2.0,both,direct (single indicator),both,1.0,1,1.0,False,True,2026-06-12
EURJPY,growth,-2.0,mixed,constructed aggregate (sum/pair_divisor),both,-0.5833333333333333,-1,-1.4166666666666667,False,False,2026-06-12
EURJPY,inflation,2.5,mixed,constructed aggregate (sum/pair_divisor),both,1.1666666666666667,1,1.3333333333333333,False,False,2026-06-12
EURJPY,labour,-1.0,mixed,constructed aggregate (sum/pair_divisor),both,-0.5,0,-0.5,False,False,2026-06-12
EURJPY,monetary,0.0,both,direct (single indicator),both,0.0,0,0.0,False,True,2026-06-12
EURCHF,growth,-2.0,mixed,constructed aggregate (sum/pair_divisor),both,-0.5833333333333333,-1,-1.4166666666666667,False,False,2026-06-12
EURCHF,inflation,0.5,mixed,constructed aggregate (sum/pair_divisor),both,0.16666666666666666,0,0.33333333333333337,False,False,2026-06-12
EURCHF,labour,1.0,mixed,constructed aggregate (sum/pair_divisor),both,1.0,1,0.0,False,False,2026-06-12
EURCHF,monetary,0.0,base_only,direct (single indicator),base_only,0.0,0,0.0,False,True,2026-06-12
EURAUD,growth,-1.0,both,constructed aggregate (sum/pair_divisor),both,0.08333333333333331,0,-1.0833333333333333,False,False,2026-06-12
EURAUD,inflation,1.0,mixed,constructed aggregate (sum/pair_divisor),both,0.6666666666666666,1,0.33333333333333337,False,False,2026-06-12
EURAUD,labour,1.0,mixed,constructed aggregate (sum/pair_divisor),both,0.3333333333333333,0,0.6666666666666667,False,False,2026-06-12
EURAUD,monetary,2.0,both,direct (single indicator),both,1.0,1,1.0,False,True,2026-06-12
EURNZD,growth,-1.0,both,constructed aggregate (sum/pair_divisor),both,-0.25,0,-0.75,False,False,2026-06-12
EURNZD,inflation,0.0,mixed,constructed aggregate (sum/pair_divisor),both,-0.08333333333333334,0,0.08333333333333334,False,False,2026-06-12
EURNZD,labour,-1.0,mixed,constructed aggregate (sum/pair_divisor),both,-0.3333333333333333,0,-0.6666666666666667,False,False,2026-06-12
EURNZD,monetary,0.0,base_only,direct (single indicator),base_only,0.0,0,0.0,False,True,2026-06-12
EURCAD,growth,-0.5,mixed,constructed aggregate (sum/pair_divisor),both,-0.08333333333333334,0,-0.41666666666666663,False,False,2026-06-12
EURCAD,inflation,1.0,mixed,constructed aggregate (sum/pair_divisor),both,0.3333333333333333,0,0.6666666666666667,False,False,2026-06-12
EURCAD,labour,-1.5,mixed,constructed aggregate (sum/pair_divisor),both,-0.75,-1,-0.75,False,False,2026-06-12
EURCAD,monetary,2.0,both,direct (single indicator),both,1.0,1,1.0,False,True,2026-06-12
GBPJPY,growth,1.0,mixed,constructed aggregate (sum/pair_divisor),both,0.16666666666666669,0,0.8333333333333333,False,False,2026-06-12
GBPJPY,inflation,2.0,mixed,constructed aggregate (sum/pair_divisor),both,1.0,1,1.0,False,False,2026-06-12
GBPJPY,labour,-1.0,mixed,constructed aggregate (sum/pair_divisor),both,-0.5,0,-0.5,False,False,2026-06-12
GBPJPY,monetary,-2.0,both,direct (single indicator),both,-1.0,-1,-1.0,False,True,2026-06-12
GBPCHF,growth,1.0,mixed,constructed aggregate (sum/pair_divisor),both,0.16666666666666669,0,0.8333333333333333,False,False,2026-06-12
GBPCHF,inflation,0.0,mixed,constructed aggregate (sum/pair_divisor),both,0.0,0,0.0,False,False,2026-06-12
GBPCHF,labour,1.0,mixed,constructed aggregate (sum/pair_divisor),both,1.0,1,0.0,False,False,2026-06-12
GBPCHF,monetary,-2.0,base_only,direct (single indicator),base_only,-1.0,-1,-1.0,False,True,2026-06-12
GBPAUD,growth,2.0,both,constructed aggregate (sum/pair_divisor),both,0.8333333333333333,1,1.1666666666666667,False,False,2026-06-12
GBPAUD,inflation,0.5,mixed,constructed aggregate (sum/pair_divisor),both,0.5,0,0.0,False,False,2026-06-12
GBPAUD,labour,1.0,mixed,constructed aggregate (sum/pair_divisor),both,0.3333333333333333,0,0.6666666666666667,False,False,2026-06-12
GBPAUD,monetary,0.0,both,direct (single indicator),both,0.0,0,0.0,False,True,2026-06-12
GBPNZD,growth,2.0,both,constructed aggregate (sum/pair_divisor),both,0.5,0,1.5,False,False,2026-06-12
GBPNZD,inflation,-0.5,mixed,constructed aggregate (sum/pair_divisor),both,-0.25,0,-0.25,False,False,2026-06-12
GBPNZD,labour,-1.0,mixed,constructed aggregate (sum/pair_divisor),both,-0.3333333333333333,0,-0.6666666666666667,False,False,2026-06-12
GBPNZD,monetary,-2.0,base_only,direct (single indicator),base_only,-1.0,-1,-1.0,False,True,2026-06-12
GBPCAD,growth,2.5,mixed,constructed aggregate (sum/pair_divisor),both,0.6666666666666666,1,1.8333333333333335,False,False,2026-06-12
GBPCAD,inflation,0.5,mixed,constructed aggregate (sum/pair_divisor),both,0.16666666666666666,0,0.33333333333333337,False,False,2026-06-12
GBPCAD,labour,-1.5,mixed,constructed aggregate (sum/pair_divisor),both,-0.75,-1,-0.75,False,False,2026-06-12
GBPCAD,monetary,0.0,both,direct (single indicator),both,0.0,0,0.0,False,True,2026-06-12
AUDJPY,growth,-1.0,mixed,constructed aggregate (sum/pair_divisor),both,-0.6666666666666666,-1,-0.33333333333333337,False,False,2026-06-12
AUDJPY,inflation,1.5,mixed,constructed aggregate (sum/pair_divisor),both,0.5,0,1.0,False,False,2026-06-12
AUDJPY,labour,-2.0,mixed,constructed aggregate (sum/pair_divisor),both,-0.8333333333333333,-1,-1.1666666666666667,False,False,2026-06-12
AUDJPY,monetary,-2.0,both,direct (single indicator),both,-1.0,-1,-1.0,False,True,2026-06-12
NZDJPY,growth,-1.0,mixed,constructed aggregate (sum/pair_divisor),both,-0.3333333333333333,0,-0.6666666666666667,False,False,2026-06-12
NZDJPY,inflation,2.5,mixed,constructed aggregate (sum/pair_divisor),both,1.25,1,1.25,False,False,2026-06-12
NZDJPY,labour,0.0,mixed,constructed aggregate (sum/pair_divisor),both,-0.16666666666666669,0,0.16666666666666669,False,False,2026-06-12
NZDJPY,monetary,0.0,quote_only,direct (single indicator),quote_only,0.0,0,0.0,False,True,2026-06-12
CADJPY,growth,-1.5,mixed,constructed aggregate (sum/pair_divisor),both,-0.5,0,-1.0,False,False,2026-06-12
CADJPY,inflation,1.5,mixed,constructed aggregate (sum/pair_divisor),both,0.8333333333333334,1,0.6666666666666666,False,False,2026-06-12
CADJPY,labour,0.5,mixed,constructed aggregate (sum/pair_divisor),both,0.25,0,0.25,False,False,2026-06-12
CADJPY,monetary,-2.0,both,direct (single indicator),both,-1.0,-1,-1.0,False,True,2026-06-12
CHFJPY,growth,0.0,mixed,constructed aggregate (sum/pair_divisor),both,0.0,0,0.0,False,False,2026-06-12
CHFJPY,inflation,2.0,mixed,constructed aggregate (sum/pair_divisor),both,1.0,1,1.0,False,False,2026-06-12
CHFJPY,labour,-2.0,mixed,constructed aggregate (sum/pair_divisor),both,-1.5,-2,-0.5,False,False,2026-06-12
CHFJPY,monetary,0.0,quote_only,direct (single indicator),quote_only,0.0,0,0.0,False,True,2026-06-12
AUDNZD,growth,0.0,both,constructed aggregate (sum/pair_divisor),both,-0.3333333333333333,0,0.3333333333333333,False,False,2026-06-12
AUDNZD,inflation,-1.0,mixed,constructed aggregate (sum/pair_divisor),both,-0.75,-1,-0.25,False,False,2026-06-12
AUDNZD,labour,-2.0,mixed,constructed aggregate (sum/pair_divisor),both,-0.6666666666666666,-1,-1.3333333333333335,False,False,2026-06-12
AUDNZD,monetary,-2.0,base_only,direct (single indicator),base_only,-1.0,-1,-1.0,False,True,2026-06-12
AUDCAD,growth,0.5,mixed,constructed aggregate (sum/pair_divisor),both,-0.16666666666666666,0,0.6666666666666666,False,False,2026-06-12
AUDCAD,inflation,0.0,mixed,constructed aggregate (sum/pair_divisor),both,-0.33333333333333337,0,0.33333333333333337,False,False,2026-06-12
AUDCAD,labour,-2.5,mixed,constructed aggregate (sum/pair_divisor),both,-1.0833333333333333,-1,-1.4166666666666667,False,False,2026-06-12
AUDCAD,monetary,0.0,both,direct (single indicator),both,0.0,0,0.0,False,True,2026-06-12
AUDCHF,growth,-1.0,mixed,constructed aggregate (sum/pair_divisor),both,-0.6666666666666666,-1,-0.33333333333333337,False,False,2026-06-12
AUDCHF,inflation,-0.5,mixed,constructed aggregate (sum/pair_divisor),both,-0.5,0,0.0,False,False,2026-06-12
AUDCHF,labour,0.0,mixed,constructed aggregate (sum/pair_divisor),both,0.6666666666666667,1,-0.6666666666666667,False,False,2026-06-12
AUDCHF,monetary,-2.0,base_only,direct (single indicator),base_only,-1.0,-1,-1.0,False,True,2026-06-12
NZDCAD,growth,0.5,mixed,constructed aggregate (sum/pair_divisor),both,0.16666666666666666,0,0.33333333333333337,False,False,2026-06-12
NZDCAD,inflation,1.0,mixed,constructed aggregate (sum/pair_divisor),both,0.41666666666666663,0,0.5833333333333334,False,False,2026-06-12
NZDCAD,labour,-0.5,mixed,constructed aggregate (sum/pair_divisor),both,-0.4166666666666667,0,-0.08333333333333331,False,False,2026-06-12
NZDCAD,monetary,2.0,quote_only,direct (single indicator),quote_only,1.0,1,1.0,False,True,2026-06-12
NZDCHF,growth,-1.0,mixed,constructed aggregate (sum/pair_divisor),both,-0.3333333333333333,0,-0.6666666666666667,False,False,2026-06-12
NZDCHF,inflation,0.5,mixed,constructed aggregate (sum/pair_divisor),both,0.25,0,0.25,False,False,2026-06-12
NZDCHF,labour,2.0,mixed,constructed aggregate (sum/pair_divisor),both,1.3333333333333333,1,0.6666666666666667,False,False,2026-06-12
NZDCHF,monetary,,neither,direct (single indicator),neither,0.0,0,,False,True,2026-06-12
CADCHF,growth,-1.5,mixed,constructed aggregate (sum/pair_divisor),both,-0.5,0,-1.0,False,False,2026-06-12
CADCHF,inflation,-0.5,mixed,constructed aggregate (sum/pair_divisor),both,-0.16666666666666666,0,-0.33333333333333337,False,False,2026-06-12
CADCHF,labour,2.5,mixed,constructed aggregate (sum/pair_divisor),both,1.75,2,0.75,False,False,2026-06-12
CADCHF,monetary,-2.0,base_only,direct (single indicator),base_only,-1.0,-1,-1.0,False,True,2026-06-12
EURUSD,growth,-1.5,both,constructed aggregate (sum/pair_divisor),both,-0.375,0,-1.125,False,False,2026-06-19
EURUSD,inflation,1.5,mixed,constructed aggregate (sum/pair_divisor),both,0.41666666666666663,0,1.0833333333333335,False,False,2026-06-19
EURUSD,labour,-1.5,mixed,constructed aggregate (sum/pair_divisor),both,-0.25,0,-1.25,False,False,2026-06-19
EURUSD,monetary,0.0,both,direct (single indicator),both,0.0,0,0.0,False,True,2026-06-19
GBPUSD,growth,0.5,both,constructed aggregate (sum/pair_divisor),both,0.125,0,0.375,False,False,2026-06-19
GBPUSD,inflation,0.5,mixed,constructed aggregate (sum/pair_divisor),both,0.08333333333333334,0,0.41666666666666663,False,False,2026-06-19
GBPUSD,labour,0.0,mixed,constructed aggregate (sum/pair_divisor),both,0.25,0,-0.25,False,False,2026-06-19
GBPUSD,monetary,-2.0,both,direct (single indicator),both,-1.0,-1,-1.0,False,True,2026-06-19
USDJPY,growth,-0.5,mixed,constructed aggregate (sum/pair_divisor),both,-0.20833333333333331,0,-0.2916666666666667,False,False,2026-06-19
USDJPY,inflation,0.0,mixed,constructed aggregate (sum/pair_divisor),both,0.25,0,-0.25,False,False,2026-06-19
USDJPY,labour,0.5,mixed,constructed aggregate (sum/pair_divisor),both,-0.25,0,0.75,False,False,2026-06-19
USDJPY,monetary,1.0,both,direct (single indicator),both,0.5,0,0.5,False,True,2026-06-19
USDCHF,growth,-0.5,mixed,constructed aggregate (sum/pair_divisor),both,-0.20833333333333331,0,-0.2916666666666667,False,False,2026-06-19
USDCHF,inflation,0.5,mixed,constructed aggregate (sum/pair_divisor),both,0.5,0,0.0,False,False,2026-06-19
USDCHF,labour,2.5,mixed,constructed aggregate (sum/pair_divisor),both,1.25,1,1.25,False,False,2026-06-19
USDCHF,monetary,0.0,base_only,direct (single indicator),base_only,0.0,0,0.0,False,True,2026-06-19
USDCAD,growth,1.0,mixed,constructed aggregate (sum/pair_divisor),both,0.29166666666666663,0,0.7083333333333334,False,False,2026-06-19
USDCAD,inflation,0.0,mixed,constructed aggregate (sum/pair_divisor),both,0.08333333333333331,0,-0.08333333333333331,False,False,2026-06-19
USDCAD,labour,0.0,mixed,constructed aggregate (sum/pair_divisor),both,-0.5,0,0.5,False,False,2026-06-19
USDCAD,monetary,1.0,both,direct (single indicator),both,0.5,0,0.5,False,True,2026-06-19
AUDUSD,growth,-0.5,both,constructed aggregate (sum/pair_divisor),both,-0.4583333333333333,0,-0.041666666666666685,False,False,2026-06-19
AUDUSD,inflation,0.5,mixed,constructed aggregate (sum/pair_divisor),both,-0.25,0,0.75,False,False,2026-06-19
AUDUSD,labour,-2.5,mixed,constructed aggregate (sum/pair_divisor),both,-0.5833333333333333,-1,-1.9166666666666667,False,False,2026-06-19
AUDUSD,monetary,-2.0,both,direct (single indicator),both,-1.0,-1,-1.0,False,True,2026-06-19
NZDUSD,growth,-0.5,both,constructed aggregate (sum/pair_divisor),both,-0.125,0,-0.375,False,False,2026-06-19
NZDUSD,inflation,1.5,mixed,constructed aggregate (sum/pair_divisor),both,0.5,0,1.0,False,False,2026-06-19
NZDUSD,labour,-0.5,mixed,constructed aggregate (sum/pair_divisor),both,0.08333333333333331,0,-0.5833333333333333,False,False,2026-06-19
NZDUSD,monetary,0.0,quote_only,direct (single indicator),quote_only,0.0,0,0.0,False,True,2026-06-19
EURGBP,growth,-2.0,both,constructed aggregate (sum/pair_divisor),both,-0.5,0,-1.5,False,False,2026-06-19
EURGBP,inflation,1.0,mixed,constructed aggregate (sum/pair_divisor),both,0.3333333333333333,0,0.6666666666666667,False,False,2026-06-19
EURGBP,labour,-1.5,mixed,constructed aggregate (sum/pair_divisor),both,-0.5,0,-1.0,False,False,2026-06-19
EURGBP,monetary,2.0,both,direct (single indicator),both,1.0,1,1.0,False,True,2026-06-19
EURJPY,growth,-2.0,mixed,constructed aggregate (sum/pair_divisor),both,-0.5833333333333333,-1,-1.4166666666666667,False,False,2026-06-19
EURJPY,inflation,1.5,mixed,constructed aggregate (sum/pair_divisor),both,0.6666666666666666,1,0.8333333333333334,False,False,2026-06-19
EURJPY,labour,-1.0,mixed,constructed aggregate (sum/pair_divisor),both,-0.5,0,-0.5,False,False,2026-06-19
EURJPY,monetary,1.0,both,direct (single indicator),both,0.5,0,0.5,False,True,2026-06-19
EURCHF,growth,-2.0,mixed,constructed aggregate (sum/pair_divisor),both,-0.5833333333333333,-1,-1.4166666666666667,False,False,2026-06-19
EURCHF,inflation,2.0,mixed,constructed aggregate (sum/pair_divisor),both,0.9166666666666666,1,1.0833333333333335,False,False,2026-06-19
EURCHF,labour,1.0,mixed,constructed aggregate (sum/pair_divisor),both,1.0,1,0.0,False,False,2026-06-19
EURCHF,monetary,0.0,base_only,direct (single indicator),base_only,0.0,0,0.0,False,True,2026-06-19
EURAUD,growth,-1.0,both,constructed aggregate (sum/pair_divisor),both,0.08333333333333331,0,-1.0833333333333333,False,False,2026-06-19
EURAUD,inflation,1.0,mixed,constructed aggregate (sum/pair_divisor),both,0.6666666666666666,1,0.33333333333333337,False,False,2026-06-19
EURAUD,labour,1.0,mixed,constructed aggregate (sum/pair_divisor),both,0.3333333333333333,0,0.6666666666666667,False,False,2026-06-19
EURAUD,monetary,2.0,both,direct (single indicator),both,1.0,1,1.0,False,True,2026-06-19
EURNZD,growth,-1.0,both,constructed aggregate (sum/pair_divisor),both,-0.25,0,-0.75,False,False,2026-06-19
EURNZD,inflation,0.0,mixed,constructed aggregate (sum/pair_divisor),both,-0.08333333333333334,0,0.08333333333333334,False,False,2026-06-19
EURNZD,labour,-1.0,mixed,constructed aggregate (sum/pair_divisor),both,-0.3333333333333333,0,-0.6666666666666667,False,False,2026-06-19
EURNZD,monetary,0.0,base_only,direct (single indicator),base_only,0.0,0,0.0,False,True,2026-06-19
EURCAD,growth,-0.5,mixed,constructed aggregate (sum/pair_divisor),both,-0.08333333333333334,0,-0.41666666666666663,False,False,2026-06-19
EURCAD,inflation,1.5,mixed,constructed aggregate (sum/pair_divisor),both,0.5,0,1.0,False,False,2026-06-19
EURCAD,labour,-1.5,mixed,constructed aggregate (sum/pair_divisor),both,-0.75,-1,-0.75,False,False,2026-06-19
EURCAD,monetary,1.0,both,direct (single indicator),both,0.5,0,0.5,False,True,2026-06-19
GBPJPY,growth,0.0,mixed,constructed aggregate (sum/pair_divisor),both,-0.08333333333333331,0,0.08333333333333331,False,False,2026-06-19
GBPJPY,inflation,0.5,mixed,constructed aggregate (sum/pair_divisor),both,0.33333333333333337,0,0.16666666666666663,False,False,2026-06-19
GBPJPY,labour,0.5,mixed,constructed aggregate (sum/pair_divisor),both,0.0,0,0.5,False,False,2026-06-19
GBPJPY,monetary,-1.0,both,direct (single indicator),both,-0.5,0,-0.5,False,True,2026-06-19
GBPCHF,growth,0.0,mixed,constructed aggregate (sum/pair_divisor),both,-0.08333333333333331,0,0.08333333333333331,False,False,2026-06-19
GBPCHF,inflation,1.0,mixed,constructed aggregate (sum/pair_divisor),both,0.5833333333333334,1,0.41666666666666663,False,False,2026-06-19
GBPCHF,labour,2.5,mixed,constructed aggregate (sum/pair_divisor),both,1.5,2,1.0,False,False,2026-06-19
GBPCHF,monetary,-2.0,base_only,direct (single indicator),base_only,-1.0,-1,-1.0,False,True,2026-06-19
GBPAUD,growth,1.0,both,constructed aggregate (sum/pair_divisor),both,0.5833333333333333,1,0.41666666666666674,False,False,2026-06-19
GBPAUD,inflation,0.0,mixed,constructed aggregate (sum/pair_divisor),both,0.33333333333333337,0,-0.33333333333333337,False,False,2026-06-19
GBPAUD,labour,2.5,mixed,constructed aggregate (sum/pair_divisor),both,0.8333333333333333,1,1.6666666666666667,False,False,2026-06-19
GBPAUD,monetary,0.0,both,direct (single indicator),both,0.0,0,0.0,False,True,2026-06-19
GBPNZD,growth,1.0,both,constructed aggregate (sum/pair_divisor),both,0.25,0,0.75,False,False,2026-06-19
GBPNZD,inflation,-1.0,mixed,constructed aggregate (sum/pair_divisor),both,-0.41666666666666663,0,-0.5833333333333334,False,False,2026-06-19
GBPNZD,labour,0.5,mixed,constructed aggregate (sum/pair_divisor),both,0.16666666666666669,0,0.3333333333333333,False,False,2026-06-19
GBPNZD,monetary,-2.0,base_only,direct (single indicator),base_only,-1.0,-1,-1.0,False,True,2026-06-19
GBPCAD,growth,1.5,mixed,constructed aggregate (sum/pair_divisor),both,0.41666666666666663,0,1.0833333333333335,False,False,2026-06-19
GBPCAD,inflation,0.5,mixed,constructed aggregate (sum/pair_divisor),both,0.16666666666666666,0,0.33333333333333337,False,False,2026-06-19
GBPCAD,labour,0.0,mixed,constructed aggregate (sum/pair_divisor),both,-0.25,0,0.25,False,False,2026-06-19
GBPCAD,monetary,-1.0,both,direct (single indicator),both,-0.5,0,-0.5,False,True,2026-06-19
AUDJPY,growth,-1.0,mixed,constructed aggregate (sum/pair_divisor),both,-0.6666666666666666,-1,-0.33333333333333337,False,False,2026-06-19
AUDJPY,inflation,0.5,mixed,constructed aggregate (sum/pair_divisor),both,0.0,0,0.5,False,False,2026-06-19
AUDJPY,labour,-2.0,mixed,constructed aggregate (sum/pair_divisor),both,-0.8333333333333333,-1,-1.1666666666666667,False,False,2026-06-19
AUDJPY,monetary,-1.0,both,direct (single indicator),both,-0.5,0,-0.5,False,True,2026-06-19
NZDJPY,growth,-1.0,mixed,constructed aggregate (sum/pair_divisor),both,-0.3333333333333333,0,-0.6666666666666667,False,False,2026-06-19
NZDJPY,inflation,1.5,mixed,constructed aggregate (sum/pair_divisor),both,0.75,1,0.75,False,False,2026-06-19
NZDJPY,labour,0.0,mixed,constructed aggregate (sum/pair_divisor),both,-0.16666666666666669,0,0.16666666666666669,False,False,2026-06-19
NZDJPY,monetary,1.0,quote_only,direct (single indicator),quote_only,0.5,0,0.5,False,True,2026-06-19
CADJPY,growth,-1.5,mixed,constructed aggregate (sum/pair_divisor),both,-0.5,0,-1.0,False,False,2026-06-19
CADJPY,inflation,0.0,mixed,constructed aggregate (sum/pair_divisor),both,0.16666666666666669,0,-0.16666666666666669,False,False,2026-06-19
CADJPY,labour,0.5,mixed,constructed aggregate (sum/pair_divisor),both,0.25,0,0.25,False,False,2026-06-19
CADJPY,monetary,0.0,both,direct (single indicator),both,0.0,0,0.0,False,True,2026-06-19
CHFJPY,growth,0.0,mixed,constructed aggregate (sum/pair_divisor),both,0.0,0,0.0,False,False,2026-06-19
CHFJPY,inflation,-0.5,mixed,constructed aggregate (sum/pair_divisor),both,-0.25,0,-0.25,False,False,2026-06-19
CHFJPY,labour,-2.0,mixed,constructed aggregate (sum/pair_divisor),both,-1.5,-2,-0.5,False,False,2026-06-19
CHFJPY,monetary,1.0,quote_only,direct (single indicator),quote_only,0.5,0,0.5,False,True,2026-06-19
AUDNZD,growth,0.0,both,constructed aggregate (sum/pair_divisor),both,-0.3333333333333333,0,0.3333333333333333,False,False,2026-06-19
AUDNZD,inflation,-1.0,mixed,constructed aggregate (sum/pair_divisor),both,-0.75,-1,-0.25,False,False,2026-06-19
AUDNZD,labour,-2.0,mixed,constructed aggregate (sum/pair_divisor),both,-0.6666666666666666,-1,-1.3333333333333335,False,False,2026-06-19
AUDNZD,monetary,-2.0,base_only,direct (single indicator),base_only,-1.0,-1,-1.0,False,True,2026-06-19
AUDCAD,growth,0.5,mixed,constructed aggregate (sum/pair_divisor),both,-0.16666666666666666,0,0.6666666666666666,False,False,2026-06-19
AUDCAD,inflation,0.5,mixed,constructed aggregate (sum/pair_divisor),both,-0.16666666666666669,0,0.6666666666666667,False,False,2026-06-19
AUDCAD,labour,-2.5,mixed,constructed aggregate (sum/pair_divisor),both,-1.0833333333333333,-1,-1.4166666666666667,False,False,2026-06-19
AUDCAD,monetary,-1.0,both,direct (single indicator),both,-0.5,0,-0.5,False,True,2026-06-19
AUDCHF,growth,-1.0,mixed,constructed aggregate (sum/pair_divisor),both,-0.6666666666666666,-1,-0.33333333333333337,False,False,2026-06-19
AUDCHF,inflation,1.0,mixed,constructed aggregate (sum/pair_divisor),both,0.25,0,0.75,False,False,2026-06-19
AUDCHF,labour,0.0,mixed,constructed aggregate (sum/pair_divisor),both,0.6666666666666667,1,-0.6666666666666667,False,False,2026-06-19
AUDCHF,monetary,-2.0,base_only,direct (single indicator),base_only,-1.0,-1,-1.0,False,True,2026-06-19
NZDCAD,growth,0.5,mixed,constructed aggregate (sum/pair_divisor),both,0.16666666666666666,0,0.33333333333333337,False,False,2026-06-19
NZDCAD,inflation,1.5,mixed,constructed aggregate (sum/pair_divisor),both,0.5833333333333333,1,0.9166666666666667,False,False,2026-06-19
NZDCAD,labour,-0.5,mixed,constructed aggregate (sum/pair_divisor),both,-0.4166666666666667,0,-0.08333333333333331,False,False,2026-06-19
NZDCAD,monetary,1.0,quote_only,direct (single indicator),quote_only,0.5,0,0.5,False,True,2026-06-19
NZDCHF,growth,-1.0,mixed,constructed aggregate (sum/pair_divisor),both,-0.3333333333333333,0,-0.6666666666666667,False,False,2026-06-19
NZDCHF,inflation,2.0,mixed,constructed aggregate (sum/pair_divisor),both,1.0,1,1.0,False,False,2026-06-19
NZDCHF,labour,2.0,mixed,constructed aggregate (sum/pair_divisor),both,1.3333333333333333,1,0.6666666666666667,False,False,2026-06-19
NZDCHF,monetary,,neither,direct (single indicator),neither,0.0,0,,False,True,2026-06-19
CADCHF,growth,-1.5,mixed,constructed aggregate (sum/pair_divisor),both,-0.5,0,-1.0,False,False,2026-06-19
CADCHF,inflation,0.5,mixed,constructed aggregate (sum/pair_divisor),both,0.4166666666666667,0,0.08333333333333331,False,False,2026-06-19
CADCHF,labour,2.5,mixed,constructed aggregate (sum/pair_divisor),both,1.75,2,0.75,False,False,2026-06-19
CADCHF,monetary,-1.0,base_only,direct (single indicator),base_only,-0.5,0,-0.5,False,True,2026-06-19
EURUSD,growth,-1.0,both,constructed aggregate (sum/pair_divisor),both,-0.25,0,-0.75,False,False,2026-06-26
EURUSD,inflation,0.5,mixed,constructed aggregate (sum/pair_divisor),both,0.16666666666666666,0,0.33333333333333337,False,False,2026-06-26
EURUSD,labour,-2.0,mixed,constructed aggregate (sum/pair_divisor),both,-0.3333333333333333,0,-1.6666666666666667,False,False,2026-06-26
EURUSD,monetary,-1.0,both,direct (single indicator),both,-0.5,0,-0.5,False,True,2026-06-26
GBPUSD,growth,0.5,both,constructed aggregate (sum/pair_divisor),both,0.125,0,0.375,False,False,2026-06-26
GBPUSD,inflation,-0.5,mixed,constructed aggregate (sum/pair_divisor),both,-0.16666666666666666,0,-0.33333333333333337,False,False,2026-06-26
GBPUSD,labour,-0.5,mixed,constructed aggregate (sum/pair_divisor),both,0.16666666666666669,0,-0.6666666666666667,False,False,2026-06-26
GBPUSD,monetary,0.0,both,direct (single indicator),both,0.0,0,0.0,False,True,2026-06-26
USDJPY,growth,-0.5,mixed,constructed aggregate (sum/pair_divisor),both,-0.20833333333333331,0,-0.2916666666666667,False,False,2026-06-26
USDJPY,inflation,0.0,mixed,constructed aggregate (sum/pair_divisor),both,0.0,0,0.0,False,False,2026-06-26
USDJPY,labour,1.0,mixed,constructed aggregate (sum/pair_divisor),both,-0.16666666666666669,0,1.1666666666666667,False,False,2026-06-26
USDJPY,monetary,-1.0,both,direct (single indicator),both,-0.5,0,-0.5,False,True,2026-06-26
USDCHF,growth,-0.5,mixed,constructed aggregate (sum/pair_divisor),both,-0.20833333333333331,0,-0.2916666666666667,False,False,2026-06-26
USDCHF,inflation,1.5,mixed,constructed aggregate (sum/pair_divisor),both,0.75,1,0.75,False,False,2026-06-26
USDCHF,labour,3.0,mixed,constructed aggregate (sum/pair_divisor),both,1.3333333333333333,1,1.6666666666666667,False,False,2026-06-26
USDCHF,monetary,0.0,base_only,direct (single indicator),base_only,0.0,0,0.0,False,True,2026-06-26
USDCAD,growth,1.5,mixed,constructed aggregate (sum/pair_divisor),both,0.4583333333333333,0,1.0416666666666667,False,False,2026-06-26
USDCAD,inflation,-1.0,mixed,constructed aggregate (sum/pair_divisor),both,-0.3333333333333333,0,-0.6666666666666667,False,False,2026-06-26
USDCAD,labour,0.5,mixed,constructed aggregate (sum/pair_divisor),both,-0.4166666666666667,0,0.9166666666666667,False,False,2026-06-26
USDCAD,monetary,1.0,both,direct (single indicator),both,0.5,0,0.5,False,True,2026-06-26
AUDUSD,growth,-0.5,both,constructed aggregate (sum/pair_divisor),both,-0.4583333333333333,0,-0.041666666666666685,False,False,2026-06-26
AUDUSD,inflation,-0.5,mixed,constructed aggregate (sum/pair_divisor),both,-0.5,0,0.0,False,False,2026-06-26
AUDUSD,labour,-2.0,mixed,constructed aggregate (sum/pair_divisor),both,-0.3333333333333333,0,-1.6666666666666667,False,False,2026-06-26
AUDUSD,monetary,-1.0,both,direct (single indicator),both,-0.5,0,-0.5,False,True,2026-06-26
NZDUSD,growth,-0.5,both,constructed aggregate (sum/pair_divisor),both,-0.125,0,-0.375,False,False,2026-06-26
NZDUSD,inflation,0.5,mixed,constructed aggregate (sum/pair_divisor),both,0.25,0,0.25,False,False,2026-06-26
NZDUSD,labour,-1.0,mixed,constructed aggregate (sum/pair_divisor),both,0.0,0,-1.0,False,False,2026-06-26
NZDUSD,monetary,0.0,quote_only,direct (single indicator),quote_only,0.0,0,0.0,False,True,2026-06-26
EURGBP,growth,-1.5,both,constructed aggregate (sum/pair_divisor),both,-0.375,0,-1.125,False,False,2026-06-26
EURGBP,inflation,1.0,mixed,constructed aggregate (sum/pair_divisor),both,0.3333333333333333,0,0.6666666666666667,False,False,2026-06-26
EURGBP,labour,-1.5,mixed,constructed aggregate (sum/pair_divisor),both,-0.5,0,-1.0,False,False,2026-06-26
EURGBP,monetary,-1.0,both,direct (single indicator),both,-0.5,0,-0.5,False,True,2026-06-26
EURJPY,growth,-1.5,mixed,constructed aggregate (sum/pair_divisor),both,-0.4583333333333333,0,-1.0416666666666667,False,False,2026-06-26
EURJPY,inflation,0.5,mixed,constructed aggregate (sum/pair_divisor),both,0.16666666666666666,0,0.33333333333333337,False,False,2026-06-26
EURJPY,labour,-1.0,mixed,constructed aggregate (sum/pair_divisor),both,-0.5,0,-0.5,False,False,2026-06-26
EURJPY,monetary,-2.0,both,direct (single indicator),both,-1.0,-1,-1.0,False,True,2026-06-26
EURCHF,growth,-1.5,mixed,constructed aggregate (sum/pair_divisor),both,-0.4583333333333333,0,-1.0416666666666667,False,False,2026-06-26
EURCHF,inflation,2.0,mixed,constructed aggregate (sum/pair_divisor),both,0.9166666666666666,1,1.0833333333333335,False,False,2026-06-26
EURCHF,labour,1.0,mixed,constructed aggregate (sum/pair_divisor),both,1.0,1,0.0,False,False,2026-06-26
EURCHF,monetary,-1.0,base_only,direct (single indicator),base_only,-0.5,0,-0.5,False,True,2026-06-26
EURAUD,growth,-0.5,both,constructed aggregate (sum/pair_divisor),both,0.20833333333333331,0,-0.7083333333333333,False,False,2026-06-26
EURAUD,inflation,1.0,mixed,constructed aggregate (sum/pair_divisor),both,0.6666666666666666,1,0.33333333333333337,False,False,2026-06-26
EURAUD,labour,0.0,mixed,constructed aggregate (sum/pair_divisor),both,0.0,0,0.0,False,False,2026-06-26
EURAUD,monetary,0.0,both,direct (single indicator),both,0.0,0,0.0,False,True,2026-06-26
EURNZD,growth,-0.5,both,constructed aggregate (sum/pair_divisor),both,-0.125,0,-0.375,False,False,2026-06-26
EURNZD,inflation,0.0,mixed,constructed aggregate (sum/pair_divisor),both,-0.08333333333333334,0,0.08333333333333334,False,False,2026-06-26
EURNZD,labour,-1.0,mixed,constructed aggregate (sum/pair_divisor),both,-0.3333333333333333,0,-0.6666666666666667,False,False,2026-06-26
EURNZD,monetary,-1.0,base_only,direct (single indicator),base_only,-0.5,0,-0.5,False,True,2026-06-26
EURCAD,growth,0.5,mixed,constructed aggregate (sum/pair_divisor),both,0.20833333333333331,0,0.2916666666666667,False,False,2026-06-26
EURCAD,inflation,-0.5,mixed,constructed aggregate (sum/pair_divisor),both,-0.16666666666666666,0,-0.33333333333333337,False,False,2026-06-26
EURCAD,labour,-1.5,mixed,constructed aggregate (sum/pair_divisor),both,-0.75,-1,-0.75,False,False,2026-06-26
EURCAD,monetary,0.0,both,direct (single indicator),both,0.0,0,0.0,False,True,2026-06-26
GBPJPY,growth,0.0,mixed,constructed aggregate (sum/pair_divisor),both,-0.08333333333333331,0,0.08333333333333331,False,False,2026-06-26
GBPJPY,inflation,-0.5,mixed,constructed aggregate (sum/pair_divisor),both,-0.16666666666666666,0,-0.33333333333333337,False,False,2026-06-26
GBPJPY,labour,0.5,mixed,constructed aggregate (sum/pair_divisor),both,0.0,0,0.5,False,False,2026-06-26
GBPJPY,monetary,-1.0,both,direct (single indicator),both,-0.5,0,-0.5,False,True,2026-06-26
GBPCHF,growth,0.0,mixed,constructed aggregate (sum/pair_divisor),both,-0.08333333333333331,0,0.08333333333333331,False,False,2026-06-26
GBPCHF,inflation,1.0,mixed,constructed aggregate (sum/pair_divisor),both,0.5833333333333334,1,0.41666666666666663,False,False,2026-06-26
GBPCHF,labour,2.5,mixed,constructed aggregate (sum/pair_divisor),both,1.5,2,1.0,False,False,2026-06-26
GBPCHF,monetary,0.0,base_only,direct (single indicator),base_only,0.0,0,0.0,False,True,2026-06-26
GBPAUD,growth,1.0,both,constructed aggregate (sum/pair_divisor),both,0.5833333333333333,1,0.41666666666666674,False,False,2026-06-26
GBPAUD,inflation,0.0,mixed,constructed aggregate (sum/pair_divisor),both,0.33333333333333337,0,-0.33333333333333337,False,False,2026-06-26
GBPAUD,labour,1.5,mixed,constructed aggregate (sum/pair_divisor),both,0.5,0,1.0,False,False,2026-06-26
GBPAUD,monetary,1.0,both,direct (single indicator),both,0.5,0,0.5,False,True,2026-06-26
GBPNZD,growth,1.0,both,constructed aggregate (sum/pair_divisor),both,0.25,0,0.75,False,False,2026-06-26
GBPNZD,inflation,-1.0,mixed,constructed aggregate (sum/pair_divisor),both,-0.41666666666666663,0,-0.5833333333333334,False,False,2026-06-26
GBPNZD,labour,0.5,mixed,constructed aggregate (sum/pair_divisor),both,0.16666666666666669,0,0.3333333333333333,False,False,2026-06-26
GBPNZD,monetary,0.0,base_only,direct (single indicator),base_only,0.0,0,0.0,False,True,2026-06-26
GBPCAD,growth,2.0,mixed,constructed aggregate (sum/pair_divisor),both,0.5833333333333333,1,1.4166666666666667,False,False,2026-06-26
GBPCAD,inflation,-1.5,mixed,constructed aggregate (sum/pair_divisor),both,-0.5,0,-1.0,False,False,2026-06-26
GBPCAD,labour,0.0,mixed,constructed aggregate (sum/pair_divisor),both,-0.25,0,0.25,False,False,2026-06-26
GBPCAD,monetary,1.0,both,direct (single indicator),both,0.5,0,0.5,False,True,2026-06-26
AUDJPY,growth,-1.0,mixed,constructed aggregate (sum/pair_divisor),both,-0.6666666666666666,-1,-0.33333333333333337,False,False,2026-06-26
AUDJPY,inflation,-0.5,mixed,constructed aggregate (sum/pair_divisor),both,-0.5,0,0.0,False,False,2026-06-26
AUDJPY,labour,-1.0,mixed,constructed aggregate (sum/pair_divisor),both,-0.5,0,-0.5,False,False,2026-06-26
AUDJPY,monetary,-2.0,both,direct (single indicator),both,-1.0,-1,-1.0,False,True,2026-06-26
NZDJPY,growth,-1.0,mixed,constructed aggregate (sum/pair_divisor),both,-0.3333333333333333,0,-0.6666666666666667,False,False,2026-06-26
NZDJPY,inflation,0.5,mixed,constructed aggregate (sum/pair_divisor),both,0.25,0,0.25,False,False,2026-06-26
NZDJPY,labour,0.0,mixed,constructed aggregate (sum/pair_divisor),both,-0.16666666666666669,0,0.16666666666666669,False,False,2026-06-26
NZDJPY,monetary,-1.0,quote_only,direct (single indicator),quote_only,-0.5,0,-0.5,False,True,2026-06-26
CADJPY,growth,-2.0,mixed,constructed aggregate (sum/pair_divisor),both,-0.6666666666666666,-1,-1.3333333333333335,False,False,2026-06-26
CADJPY,inflation,1.0,mixed,constructed aggregate (sum/pair_divisor),both,0.3333333333333333,0,0.6666666666666667,False,False,2026-06-26
CADJPY,labour,0.5,mixed,constructed aggregate (sum/pair_divisor),both,0.25,0,0.25,False,False,2026-06-26
CADJPY,monetary,-2.0,both,direct (single indicator),both,-1.0,-1,-1.0,False,True,2026-06-26
CHFJPY,growth,0.0,mixed,constructed aggregate (sum/pair_divisor),both,0.0,0,0.0,False,False,2026-06-26
CHFJPY,inflation,-1.5,mixed,constructed aggregate (sum/pair_divisor),both,-0.75,-1,-0.75,False,False,2026-06-26
CHFJPY,labour,-2.0,mixed,constructed aggregate (sum/pair_divisor),both,-1.5,-2,-0.5,False,False,2026-06-26
CHFJPY,monetary,-1.0,quote_only,direct (single indicator),quote_only,-0.5,0,-0.5,False,True,2026-06-26
AUDNZD,growth,0.0,both,constructed aggregate (sum/pair_divisor),both,-0.3333333333333333,0,0.3333333333333333,False,False,2026-06-26
AUDNZD,inflation,-1.0,mixed,constructed aggregate (sum/pair_divisor),both,-0.75,-1,-0.25,False,False,2026-06-26
AUDNZD,labour,-1.0,mixed,constructed aggregate (sum/pair_divisor),both,-0.3333333333333333,0,-0.6666666666666667,False,False,2026-06-26
AUDNZD,monetary,-1.0,base_only,direct (single indicator),base_only,-0.5,0,-0.5,False,True,2026-06-26
AUDCAD,growth,1.0,mixed,constructed aggregate (sum/pair_divisor),both,0.0,0,1.0,False,False,2026-06-26
AUDCAD,inflation,-1.5,mixed,constructed aggregate (sum/pair_divisor),both,-0.8333333333333333,-1,-0.6666666666666667,False,False,2026-06-26
AUDCAD,labour,-1.5,mixed,constructed aggregate (sum/pair_divisor),both,-0.75,-1,-0.75,False,False,2026-06-26
AUDCAD,monetary,0.0,both,direct (single indicator),both,0.0,0,0.0,False,True,2026-06-26
AUDCHF,growth,-1.0,mixed,constructed aggregate (sum/pair_divisor),both,-0.6666666666666666,-1,-0.33333333333333337,False,False,2026-06-26
AUDCHF,inflation,1.0,mixed,constructed aggregate (sum/pair_divisor),both,0.25,0,0.75,False,False,2026-06-26
AUDCHF,labour,1.0,mixed,constructed aggregate (sum/pair_divisor),both,1.0,1,0.0,False,False,2026-06-26
AUDCHF,monetary,-1.0,base_only,direct (single indicator),base_only,-0.5,0,-0.5,False,True,2026-06-26
NZDCAD,growth,1.0,mixed,constructed aggregate (sum/pair_divisor),both,0.3333333333333333,0,0.6666666666666667,False,False,2026-06-26
NZDCAD,inflation,-0.5,mixed,constructed aggregate (sum/pair_divisor),both,-0.08333333333333331,0,-0.4166666666666667,False,False,2026-06-26
NZDCAD,labour,-0.5,mixed,constructed aggregate (sum/pair_divisor),both,-0.4166666666666667,0,-0.08333333333333331,False,False,2026-06-26
NZDCAD,monetary,1.0,quote_only,direct (single indicator),quote_only,0.5,0,0.5,False,True,2026-06-26
NZDCHF,growth,-1.0,mixed,constructed aggregate (sum/pair_divisor),both,-0.3333333333333333,0,-0.6666666666666667,False,False,2026-06-26
NZDCHF,inflation,2.0,mixed,constructed aggregate (sum/pair_divisor),both,1.0,1,1.0,False,False,2026-06-26
NZDCHF,labour,2.0,mixed,constructed aggregate (sum/pair_divisor),both,1.3333333333333333,1,0.6666666666666667,False,False,2026-06-26
NZDCHF,monetary,,neither,direct (single indicator),neither,0.0,0,,False,True,2026-06-26
CADCHF,growth,-2.0,mixed,constructed aggregate (sum/pair_divisor),both,-0.6666666666666666,-1,-1.3333333333333335,False,False,2026-06-26
CADCHF,inflation,2.5,mixed,constructed aggregate (sum/pair_divisor),both,1.0833333333333333,1,1.4166666666666667,False,False,2026-06-26
CADCHF,labour,2.5,mixed,constructed aggregate (sum/pair_divisor),both,1.75,2,0.75,False,False,2026-06-26
CADCHF,monetary,-1.0,base_only,direct (single indicator),base_only,-0.5,0,-0.5,False,True,2026-06-26
EURUSD,growth,-1.0,both,constructed aggregate (sum/pair_divisor),both,-0.25,0,-0.75,False,False,2026-07-03
EURUSD,inflation,-1.5,mixed,constructed aggregate (sum/pair_divisor),both,-0.5,0,-1.0,False,False,2026-07-03
EURUSD,labour,1.0,mixed,constructed aggregate (sum/pair_divisor),both,0.5,0,0.5,False,False,2026-07-03
EURUSD,monetary,-2.0,both,direct (single indicator),both,-1.0,-1,-1.0,False,True,2026-07-03
GBPUSD,growth,0.0,both,constructed aggregate (sum/pair_divisor),both,0.0,0,0.0,False,False,2026-07-03
GBPUSD,inflation,-0.5,mixed,constructed aggregate (sum/pair_divisor),both,-0.16666666666666666,0,-0.33333333333333337,False,False,2026-07-03
GBPUSD,labour,1.5,mixed,constructed aggregate (sum/pair_divisor),both,0.5,0,1.0,False,False,2026-07-03
GBPUSD,monetary,-2.0,both,direct (single indicator),both,-1.0,-1,-1.0,False,True,2026-07-03
USDJPY,growth,-1.5,mixed,constructed aggregate (sum/pair_divisor),both,-0.5416666666666666,-1,-0.9583333333333334,False,False,2026-07-03
USDJPY,inflation,0.0,mixed,constructed aggregate (sum/pair_divisor),both,0.0,0,0.0,False,False,2026-07-03
USDJPY,labour,0.0,mixed,constructed aggregate (sum/pair_divisor),both,0.0,0,0.0,False,False,2026-07-03
USDJPY,monetary,1.0,both,direct (single indicator),both,0.5,0,0.5,False,True,2026-07-03
USDCHF,growth,-0.5,mixed,constructed aggregate (sum/pair_divisor),both,-0.20833333333333331,0,-0.2916666666666667,False,False,2026-07-03
USDCHF,inflation,1.5,mixed,constructed aggregate (sum/pair_divisor),both,0.75,1,0.75,False,False,2026-07-03
USDCHF,labour,1.0,mixed,constructed aggregate (sum/pair_divisor),both,1.0,1,0.0,False,False,2026-07-03
USDCHF,monetary,1.0,base_only,direct (single indicator),base_only,0.5,0,0.5,False,True,2026-07-03
USDCAD,growth,-0.5,mixed,constructed aggregate (sum/pair_divisor),both,-0.20833333333333331,0,-0.2916666666666667,False,False,2026-07-03
USDCAD,inflation,-1.0,mixed,constructed aggregate (sum/pair_divisor),both,-0.3333333333333333,0,-0.6666666666666667,False,False,2026-07-03
USDCAD,labour,-1.5,mixed,constructed aggregate (sum/pair_divisor),both,-0.75,-1,-0.75,False,False,2026-07-03
USDCAD,monetary,1.0,both,direct (single indicator),both,0.5,0,0.5,False,True,2026-07-03
AUDUSD,growth,-0.5,both,constructed aggregate (sum/pair_divisor),both,-0.4583333333333333,0,-0.041666666666666685,False,False,2026-07-03
AUDUSD,inflation,-0.5,mixed,constructed aggregate (sum/pair_divisor),both,-0.5,0,0.0,False,False,2026-07-03
AUDUSD,labour,0.0,mixed,constructed aggregate (sum/pair_divisor),both,0.0,0,0.0,False,False,2026-07-03
AUDUSD,monetary,-2.0,both,direct (single indicator),both,-1.0,-1,-1.0,False,True,2026-07-03
NZDUSD,growth,-0.5,both,constructed aggregate (sum/pair_divisor),both,-0.125,0,-0.375,False,False,2026-07-03
NZDUSD,inflation,0.5,mixed,constructed aggregate (sum/pair_divisor),both,0.25,0,0.25,False,False,2026-07-03
NZDUSD,labour,1.0,mixed,constructed aggregate (sum/pair_divisor),both,0.3333333333333333,0,0.6666666666666667,False,False,2026-07-03
NZDUSD,monetary,-1.0,quote_only,direct (single indicator),quote_only,-0.5,0,-0.5,False,True,2026-07-03
EURGBP,growth,-1.0,both,constructed aggregate (sum/pair_divisor),both,-0.25,0,-0.75,False,False,2026-07-03
EURGBP,inflation,-1.0,mixed,constructed aggregate (sum/pair_divisor),both,-0.33333333333333337,0,-0.6666666666666666,False,False,2026-07-03
EURGBP,labour,-0.5,mixed,constructed aggregate (sum/pair_divisor),both,0.0,0,-0.5,False,False,2026-07-03
EURGBP,monetary,0.0,both,direct (single indicator),both,0.0,0,0.0,False,True,2026-07-03
EURJPY,growth,-2.5,mixed,constructed aggregate (sum/pair_divisor),both,-0.7916666666666666,-1,-1.7083333333333335,False,False,2026-07-03
EURJPY,inflation,-1.5,mixed,constructed aggregate (sum/pair_divisor),both,-0.5,0,-1.0,False,False,2026-07-03
EURJPY,labour,1.0,mixed,constructed aggregate (sum/pair_divisor),both,0.5,0,0.5,False,False,2026-07-03
EURJPY,monetary,-1.0,both,direct (single indicator),both,-0.5,0,-0.5,False,True,2026-07-03
EURCHF,growth,-1.5,mixed,constructed aggregate (sum/pair_divisor),both,-0.4583333333333333,0,-1.0416666666666667,False,False,2026-07-03
EURCHF,inflation,0.0,mixed,constructed aggregate (sum/pair_divisor),both,0.25,0,-0.25,False,False,2026-07-03
EURCHF,labour,2.0,mixed,constructed aggregate (sum/pair_divisor),both,1.5,2,0.5,False,False,2026-07-03
EURCHF,monetary,-1.0,base_only,direct (single indicator),base_only,-0.5,0,-0.5,False,True,2026-07-03
EURAUD,growth,-0.5,both,constructed aggregate (sum/pair_divisor),both,0.20833333333333331,0,-0.7083333333333333,False,False,2026-07-03
EURAUD,inflation,-1.0,mixed,constructed aggregate (sum/pair_divisor),both,0.0,0,-1.0,False,False,2026-07-03
EURAUD,labour,1.0,mixed,constructed aggregate (sum/pair_divisor),both,0.5,0,0.5,False,False,2026-07-03
EURAUD,monetary,0.0,both,direct (single indicator),both,0.0,0,0.0,False,True,2026-07-03
EURNZD,growth,-0.5,both,constructed aggregate (sum/pair_divisor),both,-0.125,0,-0.375,False,False,2026-07-03
EURNZD,inflation,-2.0,mixed,constructed aggregate (sum/pair_divisor),both,-0.75,-1,-1.25,False,False,2026-07-03
EURNZD,labour,0.0,mixed,constructed aggregate (sum/pair_divisor),both,0.16666666666666669,0,-0.16666666666666669,False,False,2026-07-03
EURNZD,monetary,-1.0,base_only,direct (single indicator),base_only,-0.5,0,-0.5,False,True,2026-07-03
EURCAD,growth,-1.5,mixed,constructed aggregate (sum/pair_divisor),both,-0.4583333333333333,0,-1.0416666666666667,False,False,2026-07-03
EURCAD,inflation,-2.5,mixed,constructed aggregate (sum/pair_divisor),both,-0.8333333333333333,-1,-1.6666666666666667,False,False,2026-07-03
EURCAD,labour,-0.5,mixed,constructed aggregate (sum/pair_divisor),both,-0.25,0,-0.25,False,False,2026-07-03
EURCAD,monetary,-1.0,both,direct (single indicator),both,-0.5,0,-0.5,False,True,2026-07-03
GBPJPY,growth,-1.5,mixed,constructed aggregate (sum/pair_divisor),both,-0.5416666666666666,-1,-0.9583333333333334,False,False,2026-07-03
GBPJPY,inflation,-0.5,mixed,constructed aggregate (sum/pair_divisor),both,-0.16666666666666666,0,-0.33333333333333337,False,False,2026-07-03
GBPJPY,labour,1.5,mixed,constructed aggregate (sum/pair_divisor),both,0.5,0,1.0,False,False,2026-07-03
GBPJPY,monetary,-1.0,both,direct (single indicator),both,-0.5,0,-0.5,False,True,2026-07-03
GBPCHF,growth,-0.5,mixed,constructed aggregate (sum/pair_divisor),both,-0.20833333333333331,0,-0.2916666666666667,False,False,2026-07-03
GBPCHF,inflation,1.0,mixed,constructed aggregate (sum/pair_divisor),both,0.5833333333333334,1,0.41666666666666663,False,False,2026-07-03
GBPCHF,labour,2.5,mixed,constructed aggregate (sum/pair_divisor),both,1.5,2,1.0,False,False,2026-07-03
GBPCHF,monetary,-1.0,base_only,direct (single indicator),base_only,-0.5,0,-0.5,False,True,2026-07-03
GBPAUD,growth,0.5,both,constructed aggregate (sum/pair_divisor),both,0.4583333333333333,0,0.041666666666666685,False,False,2026-07-03
GBPAUD,inflation,0.0,mixed,constructed aggregate (sum/pair_divisor),both,0.33333333333333337,0,-0.33333333333333337,False,False,2026-07-03
GBPAUD,labour,1.5,mixed,constructed aggregate (sum/pair_divisor),both,0.5,0,1.0,False,False,2026-07-03
GBPAUD,monetary,0.0,both,direct (single indicator),both,0.0,0,0.0,False,True,2026-07-03
GBPNZD,growth,0.5,both,constructed aggregate (sum/pair_divisor),both,0.125,0,0.375,False,False,2026-07-03
GBPNZD,inflation,-1.0,mixed,constructed aggregate (sum/pair_divisor),both,-0.41666666666666663,0,-0.5833333333333334,False,False,2026-07-03
GBPNZD,labour,0.5,mixed,constructed aggregate (sum/pair_divisor),both,0.16666666666666669,0,0.3333333333333333,False,False,2026-07-03
GBPNZD,monetary,-1.0,base_only,direct (single indicator),base_only,-0.5,0,-0.5,False,True,2026-07-03
GBPCAD,growth,-0.5,mixed,constructed aggregate (sum/pair_divisor),both,-0.20833333333333331,0,-0.2916666666666667,False,False,2026-07-03
GBPCAD,inflation,-1.5,mixed,constructed aggregate (sum/pair_divisor),both,-0.5,0,-1.0,False,False,2026-07-03
GBPCAD,labour,0.0,mixed,constructed aggregate (sum/pair_divisor),both,-0.25,0,0.25,False,False,2026-07-03
GBPCAD,monetary,-1.0,both,direct (single indicator),both,-0.5,0,-0.5,False,True,2026-07-03
AUDJPY,growth,-2.0,mixed,constructed aggregate (sum/pair_divisor),both,-1.0,-1,-1.0,False,False,2026-07-03
AUDJPY,inflation,-0.5,mixed,constructed aggregate (sum/pair_divisor),both,-0.5,0,0.0,False,False,2026-07-03
AUDJPY,labour,0.0,mixed,constructed aggregate (sum/pair_divisor),both,0.0,0,0.0,False,False,2026-07-03
AUDJPY,monetary,-1.0,both,direct (single indicator),both,-0.5,0,-0.5,False,True,2026-07-03
NZDJPY,growth,-2.0,mixed,constructed aggregate (sum/pair_divisor),both,-0.6666666666666666,-1,-1.3333333333333335,False,False,2026-07-03
NZDJPY,inflation,0.5,mixed,constructed aggregate (sum/pair_divisor),both,0.25,0,0.25,False,False,2026-07-03
NZDJPY,labour,1.0,mixed,constructed aggregate (sum/pair_divisor),both,0.3333333333333333,0,0.6666666666666667,False,False,2026-07-03
NZDJPY,monetary,0.0,quote_only,direct (single indicator),quote_only,0.0,0,0.0,False,True,2026-07-03
CADJPY,growth,-1.0,mixed,constructed aggregate (sum/pair_divisor),both,-0.3333333333333333,0,-0.6666666666666667,False,False,2026-07-03
CADJPY,inflation,1.0,mixed,constructed aggregate (sum/pair_divisor),both,0.3333333333333333,0,0.6666666666666667,False,False,2026-07-03
CADJPY,labour,1.5,mixed,constructed aggregate (sum/pair_divisor),both,0.75,1,0.75,False,False,2026-07-03
CADJPY,monetary,0.0,both,direct (single indicator),both,0.0,0,0.0,False,True,2026-07-03
CHFJPY,growth,-1.0,mixed,constructed aggregate (sum/pair_divisor),both,-0.3333333333333333,0,-0.6666666666666667,False,False,2026-07-03
CHFJPY,inflation,-1.5,mixed,constructed aggregate (sum/pair_divisor),both,-0.75,-1,-0.75,False,False,2026-07-03
CHFJPY,labour,-1.0,mixed,constructed aggregate (sum/pair_divisor),both,-1.0,-1,0.0,False,False,2026-07-03
CHFJPY,monetary,0.0,quote_only,direct (single indicator),quote_only,0.0,0,0.0,False,True,2026-07-03
AUDNZD,growth,0.0,both,constructed aggregate (sum/pair_divisor),both,-0.3333333333333333,0,0.3333333333333333,False,False,2026-07-03
AUDNZD,inflation,-1.0,mixed,constructed aggregate (sum/pair_divisor),both,-0.75,-1,-0.25,False,False,2026-07-03
AUDNZD,labour,-1.0,mixed,constructed aggregate (sum/pair_divisor),both,-0.3333333333333333,0,-0.6666666666666667,False,False,2026-07-03
AUDNZD,monetary,-1.0,base_only,direct (single indicator),base_only,-0.5,0,-0.5,False,True,2026-07-03
AUDCAD,growth,-1.0,mixed,constructed aggregate (sum/pair_divisor),both,-0.6666666666666666,-1,-0.33333333333333337,False,False,2026-07-03
AUDCAD,inflation,-1.5,mixed,constructed aggregate (sum/pair_divisor),both,-0.8333333333333333,-1,-0.6666666666666667,False,False,2026-07-03
AUDCAD,labour,-1.5,mixed,constructed aggregate (sum/pair_divisor),both,-0.75,-1,-0.75,False,False,2026-07-03
AUDCAD,monetary,-1.0,both,direct (single indicator),both,-0.5,0,-0.5,False,True,2026-07-03
AUDCHF,growth,-1.0,mixed,constructed aggregate (sum/pair_divisor),both,-0.6666666666666666,-1,-0.33333333333333337,False,False,2026-07-03
AUDCHF,inflation,1.0,mixed,constructed aggregate (sum/pair_divisor),both,0.25,0,0.75,False,False,2026-07-03
AUDCHF,labour,1.0,mixed,constructed aggregate (sum/pair_divisor),both,1.0,1,0.0,False,False,2026-07-03
AUDCHF,monetary,-1.0,base_only,direct (single indicator),base_only,-0.5,0,-0.5,False,True,2026-07-03
NZDCAD,growth,-1.0,mixed,constructed aggregate (sum/pair_divisor),both,-0.3333333333333333,0,-0.6666666666666667,False,False,2026-07-03
NZDCAD,inflation,-0.5,mixed,constructed aggregate (sum/pair_divisor),both,-0.08333333333333331,0,-0.4166666666666667,False,False,2026-07-03
NZDCAD,labour,-0.5,mixed,constructed aggregate (sum/pair_divisor),both,-0.4166666666666667,0,-0.08333333333333331,False,False,2026-07-03
NZDCAD,monetary,0.0,quote_only,direct (single indicator),quote_only,0.0,0,0.0,False,True,2026-07-03
NZDCHF,growth,-1.0,mixed,constructed aggregate (sum/pair_divisor),both,-0.3333333333333333,0,-0.6666666666666667,False,False,2026-07-03
NZDCHF,inflation,2.0,mixed,constructed aggregate (sum/pair_divisor),both,1.0,1,1.0,False,False,2026-07-03
NZDCHF,labour,2.0,mixed,constructed aggregate (sum/pair_divisor),both,1.3333333333333333,1,0.6666666666666667,False,False,2026-07-03
NZDCHF,monetary,,neither,direct (single indicator),neither,0.0,0,,False,True,2026-07-03
CADCHF,growth,0.0,mixed,constructed aggregate (sum/pair_divisor),both,0.0,0,0.0,False,False,2026-07-03
CADCHF,inflation,2.5,mixed,constructed aggregate (sum/pair_divisor),both,1.0833333333333333,1,1.4166666666666667,False,False,2026-07-03
CADCHF,labour,2.5,mixed,constructed aggregate (sum/pair_divisor),both,1.75,2,0.75,False,False,2026-07-03
CADCHF,monetary,0.0,base_only,direct (single indicator),base_only,0.0,0,0.0,False,True,2026-07-03
EURUSD,growth,-1.0,both,constructed aggregate (sum/pair_divisor),both,-0.25,0,-0.75,False,False,2026-07-10
EURUSD,inflation,-1.5,mixed,constructed aggregate (sum/pair_divisor),both,-0.5,0,-1.0,False,False,2026-07-10
EURUSD,labour,1.0,mixed,constructed aggregate (sum/pair_divisor),both,0.5,0,0.5,False,False,2026-07-10
EURUSD,monetary,-1.0,both,direct (single indicator),both,-0.5,0,-0.5,False,True,2026-07-10
GBPUSD,growth,-1.0,both,constructed aggregate (sum/pair_divisor),both,-0.25,0,-0.75,False,False,2026-07-10
GBPUSD,inflation,-0.5,mixed,constructed aggregate (sum/pair_divisor),both,-0.16666666666666666,0,-0.33333333333333337,False,False,2026-07-10
GBPUSD,labour,1.5,mixed,constructed aggregate (sum/pair_divisor),both,0.5,0,1.0,False,False,2026-07-10
GBPUSD,monetary,-1.0,both,direct (single indicator),both,-0.5,0,-0.5,False,True,2026-07-10
USDJPY,growth,-1.5,mixed,constructed aggregate (sum/pair_divisor),both,-0.5416666666666666,-1,-0.9583333333333334,False,False,2026-07-10
USDJPY,inflation,0.0,mixed,constructed aggregate (sum/pair_divisor),both,0.0,0,0.0,False,False,2026-07-10
USDJPY,labour,0.0,mixed,constructed aggregate (sum/pair_divisor),both,0.0,0,0.0,False,False,2026-07-10
USDJPY,monetary,1.0,both,direct (single indicator),base_only,0.5,0,0.5,False,True,2026-07-10
USDCHF,growth,-0.5,mixed,constructed aggregate (sum/pair_divisor),both,-0.20833333333333331,0,-0.2916666666666667,False,False,2026-07-10
USDCHF,inflation,1.5,mixed,constructed aggregate (sum/pair_divisor),both,0.75,1,0.75,False,False,2026-07-10
USDCHF,labour,0.0,mixed,constructed aggregate (sum/pair_divisor),both,0.0,0,0.0,False,False,2026-07-10
USDCHF,monetary,1.0,base_only,direct (single indicator),base_only,0.5,0,0.5,False,True,2026-07-10
USDCAD,growth,-0.5,mixed,constructed aggregate (sum/pair_divisor),both,-0.20833333333333331,0,-0.2916666666666667,False,False,2026-07-10
USDCAD,inflation,-1.0,mixed,constructed aggregate (sum/pair_divisor),both,-0.3333333333333333,0,-0.6666666666666667,False,False,2026-07-10
USDCAD,labour,-1.5,mixed,constructed aggregate (sum/pair_divisor),both,-0.75,-1,-0.75,False,False,2026-07-10
USDCAD,monetary,1.0,both,direct (single indicator),both,0.5,0,0.5,False,True,2026-07-10
AUDUSD,growth,-0.5,both,constructed aggregate (sum/pair_divisor),both,-0.4583333333333333,0,-0.041666666666666685,False,False,2026-07-10
AUDUSD,inflation,-0.5,mixed,constructed aggregate (sum/pair_divisor),both,-0.5,0,0.0,False,False,2026-07-10
AUDUSD,labour,0.0,mixed,constructed aggregate (sum/pair_divisor),both,0.0,0,0.0,False,False,2026-07-10
AUDUSD,monetary,-1.0,both,direct (single indicator),both,-0.5,0,-0.5,False,True,2026-07-10
NZDUSD,growth,-0.5,both,constructed aggregate (sum/pair_divisor),both,-0.125,0,-0.375,False,False,2026-07-10
NZDUSD,inflation,0.5,mixed,constructed aggregate (sum/pair_divisor),both,0.25,0,0.25,False,False,2026-07-10
NZDUSD,labour,1.0,mixed,constructed aggregate (sum/pair_divisor),both,0.3333333333333333,0,0.6666666666666667,False,False,2026-07-10
NZDUSD,monetary,-1.0,quote_only,direct (single indicator),quote_only,-0.5,0,-0.5,False,True,2026-07-10
EURGBP,growth,0.0,both,constructed aggregate (sum/pair_divisor),both,0.0,0,0.0,False,False,2026-07-10
EURGBP,inflation,-1.0,mixed,constructed aggregate (sum/pair_divisor),both,-0.33333333333333337,0,-0.6666666666666666,False,False,2026-07-10
EURGBP,labour,-0.5,mixed,constructed aggregate (sum/pair_divisor),both,0.0,0,-0.5,False,False,2026-07-10
EURGBP,monetary,0.0,both,direct (single indicator),both,0.0,0,0.0,False,True,2026-07-10
EURJPY,growth,-2.5,mixed,constructed aggregate (sum/pair_divisor),both,-0.7916666666666666,-1,-1.7083333333333335,False,False,2026-07-10
EURJPY,inflation,-1.5,mixed,constructed aggregate (sum/pair_divisor),both,-0.5,0,-1.0,False,False,2026-07-10
EURJPY,labour,1.0,mixed,constructed aggregate (sum/pair_divisor),both,0.5,0,0.5,False,False,2026-07-10
EURJPY,monetary,0.0,both,direct (single indicator),base_only,0.0,0,0.0,False,True,2026-07-10
EURCHF,growth,-1.5,mixed,constructed aggregate (sum/pair_divisor),both,-0.4583333333333333,0,-1.0416666666666667,False,False,2026-07-10
EURCHF,inflation,0.0,mixed,constructed aggregate (sum/pair_divisor),both,0.25,0,-0.25,False,False,2026-07-10
EURCHF,labour,1.0,mixed,constructed aggregate (sum/pair_divisor),both,0.5,0,0.5,False,False,2026-07-10
EURCHF,monetary,0.0,base_only,direct (single indicator),base_only,0.0,0,0.0,False,True,2026-07-10
EURAUD,growth,-0.5,both,constructed aggregate (sum/pair_divisor),both,0.20833333333333331,0,-0.7083333333333333,False,False,2026-07-10
EURAUD,inflation,-1.0,mixed,constructed aggregate (sum/pair_divisor),both,0.0,0,-1.0,False,False,2026-07-10
EURAUD,labour,1.0,mixed,constructed aggregate (sum/pair_divisor),both,0.5,0,0.5,False,False,2026-07-10
EURAUD,monetary,0.0,both,direct (single indicator),both,0.0,0,0.0,False,True,2026-07-10
EURNZD,growth,-0.5,both,constructed aggregate (sum/pair_divisor),both,-0.125,0,-0.375,False,False,2026-07-10
EURNZD,inflation,-2.0,mixed,constructed aggregate (sum/pair_divisor),both,-0.75,-1,-1.25,False,False,2026-07-10
EURNZD,labour,0.0,mixed,constructed aggregate (sum/pair_divisor),both,0.16666666666666669,0,-0.16666666666666669,False,False,2026-07-10
EURNZD,monetary,0.0,base_only,direct (single indicator),base_only,0.0,0,0.0,False,True,2026-07-10
EURCAD,growth,-1.5,mixed,constructed aggregate (sum/pair_divisor),both,-0.4583333333333333,0,-1.0416666666666667,False,False,2026-07-10
EURCAD,inflation,-2.5,mixed,constructed aggregate (sum/pair_divisor),both,-0.8333333333333333,-1,-1.6666666666666667,False,False,2026-07-10
EURCAD,labour,-0.5,mixed,constructed aggregate (sum/pair_divisor),both,-0.25,0,-0.25,False,False,2026-07-10
EURCAD,monetary,0.0,both,direct (single indicator),both,0.0,0,0.0,False,True,2026-07-10
GBPJPY,growth,-2.5,mixed,constructed aggregate (sum/pair_divisor),both,-0.7916666666666666,-1,-1.7083333333333335,False,False,2026-07-10
GBPJPY,inflation,-0.5,mixed,constructed aggregate (sum/pair_divisor),both,-0.16666666666666666,0,-0.33333333333333337,False,False,2026-07-10
GBPJPY,labour,1.5,mixed,constructed aggregate (sum/pair_divisor),both,0.5,0,1.0,False,False,2026-07-10
GBPJPY,monetary,0.0,both,direct (single indicator),base_only,0.0,0,0.0,False,True,2026-07-10
GBPCHF,growth,-1.5,mixed,constructed aggregate (sum/pair_divisor),both,-0.4583333333333333,0,-1.0416666666666667,False,False,2026-07-10
GBPCHF,inflation,1.0,mixed,constructed aggregate (sum/pair_divisor),both,0.5833333333333334,1,0.41666666666666663,False,False,2026-07-10
GBPCHF,labour,1.5,mixed,constructed aggregate (sum/pair_divisor),both,0.5,0,1.0,False,False,2026-07-10
GBPCHF,monetary,0.0,base_only,direct (single indicator),base_only,0.0,0,0.0,False,True,2026-07-10
GBPAUD,growth,-0.5,both,constructed aggregate (sum/pair_divisor),both,0.20833333333333331,0,-0.7083333333333333,False,False,2026-07-10
GBPAUD,inflation,0.0,mixed,constructed aggregate (sum/pair_divisor),both,0.33333333333333337,0,-0.33333333333333337,False,False,2026-07-10
GBPAUD,labour,1.5,mixed,constructed aggregate (sum/pair_divisor),both,0.5,0,1.0,False,False,2026-07-10
GBPAUD,monetary,0.0,both,direct (single indicator),both,0.0,0,0.0,False,True,2026-07-10
GBPNZD,growth,-0.5,both,constructed aggregate (sum/pair_divisor),both,-0.125,0,-0.375,False,False,2026-07-10
GBPNZD,inflation,-1.0,mixed,constructed aggregate (sum/pair_divisor),both,-0.41666666666666663,0,-0.5833333333333334,False,False,2026-07-10
GBPNZD,labour,0.5,mixed,constructed aggregate (sum/pair_divisor),both,0.16666666666666669,0,0.3333333333333333,False,False,2026-07-10
GBPNZD,monetary,0.0,base_only,direct (single indicator),base_only,0.0,0,0.0,False,True,2026-07-10
GBPCAD,growth,-1.5,mixed,constructed aggregate (sum/pair_divisor),both,-0.4583333333333333,0,-1.0416666666666667,False,False,2026-07-10
GBPCAD,inflation,-1.5,mixed,constructed aggregate (sum/pair_divisor),both,-0.5,0,-1.0,False,False,2026-07-10
GBPCAD,labour,0.0,mixed,constructed aggregate (sum/pair_divisor),both,-0.25,0,0.25,False,False,2026-07-10
GBPCAD,monetary,0.0,both,direct (single indicator),both,0.0,0,0.0,False,True,2026-07-10
AUDJPY,growth,-2.0,mixed,constructed aggregate (sum/pair_divisor),both,-1.0,-1,-1.0,False,False,2026-07-10
AUDJPY,inflation,-0.5,mixed,constructed aggregate (sum/pair_divisor),both,-0.5,0,0.0,False,False,2026-07-10
AUDJPY,labour,0.0,mixed,constructed aggregate (sum/pair_divisor),both,0.0,0,0.0,False,False,2026-07-10
AUDJPY,monetary,0.0,both,direct (single indicator),base_only,0.0,0,0.0,False,True,2026-07-10
NZDJPY,growth,-2.0,mixed,constructed aggregate (sum/pair_divisor),both,-0.6666666666666666,-1,-1.3333333333333335,False,False,2026-07-10
NZDJPY,inflation,0.5,mixed,constructed aggregate (sum/pair_divisor),both,0.25,0,0.25,False,False,2026-07-10
NZDJPY,labour,1.0,mixed,constructed aggregate (sum/pair_divisor),both,0.3333333333333333,0,0.6666666666666667,False,False,2026-07-10
NZDJPY,monetary,0.0,quote_only,direct (single indicator),neither,0.0,0,0.0,False,True,2026-07-10
CADJPY,growth,-1.0,mixed,constructed aggregate (sum/pair_divisor),both,-0.3333333333333333,0,-0.6666666666666667,False,False,2026-07-10
CADJPY,inflation,1.0,mixed,constructed aggregate (sum/pair_divisor),both,0.3333333333333333,0,0.6666666666666667,False,False,2026-07-10
CADJPY,labour,1.5,mixed,constructed aggregate (sum/pair_divisor),both,0.75,1,0.75,False,False,2026-07-10
CADJPY,monetary,0.0,both,direct (single indicator),base_only,0.0,0,0.0,False,True,2026-07-10
CHFJPY,growth,-1.0,mixed,constructed aggregate (sum/pair_divisor),both,-0.3333333333333333,0,-0.6666666666666667,False,False,2026-07-10
CHFJPY,inflation,-1.5,mixed,constructed aggregate (sum/pair_divisor),both,-0.75,-1,-0.75,False,False,2026-07-10
CHFJPY,labour,0.0,mixed,constructed aggregate (sum/pair_divisor),both,0.0,0,0.0,False,False,2026-07-10
CHFJPY,monetary,0.0,quote_only,direct (single indicator),neither,0.0,0,0.0,False,True,2026-07-10
AUDNZD,growth,0.0,both,constructed aggregate (sum/pair_divisor),both,-0.3333333333333333,0,0.3333333333333333,False,False,2026-07-10
AUDNZD,inflation,-1.0,mixed,constructed aggregate (sum/pair_divisor),both,-0.75,-1,-0.25,False,False,2026-07-10
AUDNZD,labour,-1.0,mixed,constructed aggregate (sum/pair_divisor),both,-0.3333333333333333,0,-0.6666666666666667,False,False,2026-07-10
AUDNZD,monetary,0.0,base_only,direct (single indicator),base_only,0.0,0,0.0,False,True,2026-07-10
AUDCAD,growth,-1.0,mixed,constructed aggregate (sum/pair_divisor),both,-0.6666666666666666,-1,-0.33333333333333337,False,False,2026-07-10
AUDCAD,inflation,-1.5,mixed,constructed aggregate (sum/pair_divisor),both,-0.8333333333333333,-1,-0.6666666666666667,False,False,2026-07-10
AUDCAD,labour,-1.5,mixed,constructed aggregate (sum/pair_divisor),both,-0.75,-1,-0.75,False,False,2026-07-10
AUDCAD,monetary,0.0,both,direct (single indicator),both,0.0,0,0.0,False,True,2026-07-10
AUDCHF,growth,-1.0,mixed,constructed aggregate (sum/pair_divisor),both,-0.6666666666666666,-1,-0.33333333333333337,False,False,2026-07-10
AUDCHF,inflation,1.0,mixed,constructed aggregate (sum/pair_divisor),both,0.25,0,0.75,False,False,2026-07-10
AUDCHF,labour,0.0,mixed,constructed aggregate (sum/pair_divisor),both,0.0,0,0.0,False,False,2026-07-10
AUDCHF,monetary,0.0,base_only,direct (single indicator),base_only,0.0,0,0.0,False,True,2026-07-10
NZDCAD,growth,-1.0,mixed,constructed aggregate (sum/pair_divisor),both,-0.3333333333333333,0,-0.6666666666666667,False,False,2026-07-10
NZDCAD,inflation,-0.5,mixed,constructed aggregate (sum/pair_divisor),both,-0.08333333333333331,0,-0.4166666666666667,False,False,2026-07-10
NZDCAD,labour,-0.5,mixed,constructed aggregate (sum/pair_divisor),both,-0.4166666666666667,0,-0.08333333333333331,False,False,2026-07-10
NZDCAD,monetary,0.0,quote_only,direct (single indicator),quote_only,0.0,0,0.0,False,True,2026-07-10
NZDCHF,growth,-1.0,mixed,constructed aggregate (sum/pair_divisor),both,-0.3333333333333333,0,-0.6666666666666667,False,False,2026-07-10
NZDCHF,inflation,2.0,mixed,constructed aggregate (sum/pair_divisor),both,1.0,1,1.0,False,False,2026-07-10
NZDCHF,labour,1.0,mixed,constructed aggregate (sum/pair_divisor),both,0.3333333333333333,0,0.6666666666666667,False,False,2026-07-10
NZDCHF,monetary,,neither,direct (single indicator),neither,0.0,0,,False,True,2026-07-10
CADCHF,growth,0.0,mixed,constructed aggregate (sum/pair_divisor),both,0.0,0,0.0,False,False,2026-07-10
CADCHF,inflation,2.5,mixed,constructed aggregate (sum/pair_divisor),both,1.0833333333333333,1,1.4166666666666667,False,False,2026-07-10
CADCHF,labour,1.5,mixed,constructed aggregate (sum/pair_divisor),both,0.75,1,0.75,False,False,2026-07-10
CADCHF,monetary,0.0,base_only,direct (single indicator),base_only,0.0,0,0.0,False,True,2026-07-10
EURUSD,growth,-0.5,both,constructed aggregate (sum/pair_divisor),both,-0.125,0,-0.375,False,False,2026-07-17
EURUSD,inflation,0.0,mixed,constructed aggregate (sum/pair_divisor),both,-0.125,0,0.125,False,False,2026-07-17
EURUSD,labour,0.5,mixed,constructed aggregate (sum/pair_divisor),both,0.4166666666666667,0,0.08333333333333331,False,False,2026-07-17
EURUSD,monetary,0.0,both,direct (single indicator),both,0.0,0,0.0,False,True,2026-07-17
GBPUSD,growth,-0.5,both,constructed aggregate (sum/pair_divisor),both,-0.125,0,-0.375,False,False,2026-07-17
GBPUSD,inflation,1.0,mixed,constructed aggregate (sum/pair_divisor),both,0.20833333333333334,0,0.7916666666666666,False,False,2026-07-17
GBPUSD,labour,1.0,mixed,constructed aggregate (sum/pair_divisor),both,0.4166666666666667,0,0.5833333333333333,False,False,2026-07-17
GBPUSD,monetary,1.0,both,direct (single indicator),both,0.5,0,0.5,False,True,2026-07-17
USDJPY,growth,-2.0,mixed,constructed aggregate (sum/pair_divisor),both,-0.6666666666666666,-1,-1.3333333333333335,False,False,2026-07-17
USDJPY,inflation,-1.5,mixed,constructed aggregate (sum/pair_divisor),both,-0.375,0,-1.125,False,False,2026-07-17
USDJPY,labour,0.5,mixed,constructed aggregate (sum/pair_divisor),both,0.08333333333333333,0,0.4166666666666667,False,False,2026-07-17
USDJPY,monetary,1.0,both,direct (single indicator),base_only,0.5,0,0.5,False,True,2026-07-17
USDCHF,growth,-1.0,mixed,constructed aggregate (sum/pair_divisor),both,-0.3333333333333333,0,-0.6666666666666667,False,False,2026-07-17
USDCHF,inflation,-1.0,mixed,constructed aggregate (sum/pair_divisor),both,-0.125,0,-0.875,False,False,2026-07-17
USDCHF,labour,0.5,mixed,constructed aggregate (sum/pair_divisor),both,0.08333333333333333,0,0.4166666666666667,False,False,2026-07-17
USDCHF,monetary,1.0,base_only,direct (single indicator),base_only,0.5,0,0.5,False,True,2026-07-17
USDCAD,growth,-1.0,mixed,constructed aggregate (sum/pair_divisor),both,-0.3333333333333333,0,-0.6666666666666667,False,False,2026-07-17
USDCAD,inflation,-2.5,mixed,constructed aggregate (sum/pair_divisor),both,-0.7083333333333333,-1,-1.7916666666666667,False,False,2026-07-17
USDCAD,labour,0.5,mixed,constructed aggregate (sum/pair_divisor),both,0.08333333333333333,0,0.4166666666666667,False,False,2026-07-17
USDCAD,monetary,1.0,both,direct (single indicator),both,0.5,0,0.5,False,True,2026-07-17
AUDUSD,growth,0.0,both,constructed aggregate (sum/pair_divisor),both,-0.3333333333333333,0,0.3333333333333333,False,False,2026-07-17
AUDUSD,inflation,1.0,mixed,constructed aggregate (sum/pair_divisor),both,-0.125,0,1.125,False,False,2026-07-17
AUDUSD,labour,-0.5,mixed,constructed aggregate (sum/pair_divisor),both,-0.08333333333333333,0,-0.4166666666666667,False,False,2026-07-17
AUDUSD,monetary,-1.0,both,direct (single indicator),both,-0.5,0,-0.5,False,True,2026-07-17
NZDUSD,growth,0.0,both,constructed aggregate (sum/pair_divisor),both,0.0,0,0.0,False,False,2026-07-17
NZDUSD,inflation,2.0,mixed,constructed aggregate (sum/pair_divisor),both,0.625,1,1.375,False,False,2026-07-17
NZDUSD,labour,0.5,mixed,constructed aggregate (sum/pair_divisor),both,0.25,0,0.25,False,False,2026-07-17
NZDUSD,monetary,-1.0,quote_only,direct (single indicator),quote_only,-0.5,0,-0.5,False,True,2026-07-17
EURGBP,growth,0.0,both,constructed aggregate (sum/pair_divisor),both,0.0,0,0.0,False,False,2026-07-17
EURGBP,inflation,-1.0,mixed,constructed aggregate (sum/pair_divisor),both,-0.33333333333333337,0,-0.6666666666666666,False,False,2026-07-17
EURGBP,labour,-0.5,mixed,constructed aggregate (sum/pair_divisor),both,0.0,0,-0.5,False,False,2026-07-17
EURGBP,monetary,-1.0,both,direct (single indicator),both,-0.5,0,-0.5,False,True,2026-07-17
EURJPY,growth,-2.5,mixed,constructed aggregate (sum/pair_divisor),both,-0.7916666666666666,-1,-1.7083333333333335,False,False,2026-07-17
EURJPY,inflation,-1.5,mixed,constructed aggregate (sum/pair_divisor),both,-0.5,0,-1.0,False,False,2026-07-17
EURJPY,labour,1.0,mixed,constructed aggregate (sum/pair_divisor),both,0.5,0,0.5,False,False,2026-07-17
EURJPY,monetary,1.0,both,direct (single indicator),base_only,0.5,0,0.5,False,True,2026-07-17
EURCHF,growth,-1.5,mixed,constructed aggregate (sum/pair_divisor),both,-0.4583333333333333,0,-1.0416666666666667,False,False,2026-07-17
EURCHF,inflation,-1.0,mixed,constructed aggregate (sum/pair_divisor),both,-0.25,0,-0.75,False,False,2026-07-17
EURCHF,labour,1.0,mixed,constructed aggregate (sum/pair_divisor),both,0.5,0,0.5,False,False,2026-07-17
EURCHF,monetary,1.0,base_only,direct (single indicator),base_only,0.5,0,0.5,False,True,2026-07-17
EURAUD,growth,-0.5,both,constructed aggregate (sum/pair_divisor),both,0.20833333333333331,0,-0.7083333333333333,False,False,2026-07-17
EURAUD,inflation,-1.0,mixed,constructed aggregate (sum/pair_divisor),both,0.0,0,-1.0,False,False,2026-07-17
EURAUD,labour,1.0,mixed,constructed aggregate (sum/pair_divisor),both,0.5,0,0.5,False,False,2026-07-17
EURAUD,monetary,1.0,both,direct (single indicator),both,0.5,0,0.5,False,True,2026-07-17
EURNZD,growth,-0.5,both,constructed aggregate (sum/pair_divisor),both,-0.125,0,-0.375,False,False,2026-07-17
EURNZD,inflation,-2.0,mixed,constructed aggregate (sum/pair_divisor),both,-0.75,-1,-1.25,False,False,2026-07-17
EURNZD,labour,0.0,mixed,constructed aggregate (sum/pair_divisor),both,0.16666666666666669,0,-0.16666666666666669,False,False,2026-07-17
EURNZD,monetary,1.0,base_only,direct (single indicator),base_only,0.5,0,0.5,False,True,2026-07-17
EURCAD,growth,-1.5,mixed,constructed aggregate (sum/pair_divisor),both,-0.4583333333333333,0,-1.0416666666666667,False,False,2026-07-17
EURCAD,inflation,-2.5,mixed,constructed aggregate (sum/pair_divisor),both,-0.8333333333333333,-1,-1.6666666666666667,False,False,2026-07-17
EURCAD,labour,1.0,mixed,constructed aggregate (sum/pair_divisor),both,0.5,0,0.5,False,False,2026-07-17
EURCAD,monetary,1.0,both,direct (single indicator),both,0.5,0,0.5,False,True,2026-07-17
GBPJPY,growth,-2.5,mixed,constructed aggregate (sum/pair_divisor),both,-0.7916666666666666,-1,-1.7083333333333335,False,False,2026-07-17
GBPJPY,inflation,-0.5,mixed,constructed aggregate (sum/pair_divisor),both,-0.16666666666666666,0,-0.33333333333333337,False,False,2026-07-17
GBPJPY,labour,1.5,mixed,constructed aggregate (sum/pair_divisor),both,0.5,0,1.0,False,False,2026-07-17
GBPJPY,monetary,2.0,both,direct (single indicator),base_only,1.0,1,1.0,False,True,2026-07-17
GBPCHF,growth,-1.5,mixed,constructed aggregate (sum/pair_divisor),both,-0.4583333333333333,0,-1.0416666666666667,False,False,2026-07-17
GBPCHF,inflation,0.0,mixed,constructed aggregate (sum/pair_divisor),both,0.08333333333333334,0,-0.08333333333333334,False,False,2026-07-17
GBPCHF,labour,1.5,mixed,constructed aggregate (sum/pair_divisor),both,0.5,0,1.0,False,False,2026-07-17
GBPCHF,monetary,2.0,base_only,direct (single indicator),base_only,1.0,1,1.0,False,True,2026-07-17
GBPAUD,growth,-0.5,both,constructed aggregate (sum/pair_divisor),both,0.20833333333333331,0,-0.7083333333333333,False,False,2026-07-17
GBPAUD,inflation,0.0,mixed,constructed aggregate (sum/pair_divisor),both,0.33333333333333337,0,-0.33333333333333337,False,False,2026-07-17
GBPAUD,labour,1.5,mixed,constructed aggregate (sum/pair_divisor),both,0.5,0,1.0,False,False,2026-07-17
GBPAUD,monetary,2.0,both,direct (single indicator),both,1.0,1,1.0,False,True,2026-07-17
GBPNZD,growth,-0.5,both,constructed aggregate (sum/pair_divisor),both,-0.125,0,-0.375,False,False,2026-07-17
GBPNZD,inflation,-1.0,mixed,constructed aggregate (sum/pair_divisor),both,-0.41666666666666663,0,-0.5833333333333334,False,False,2026-07-17
GBPNZD,labour,0.5,mixed,constructed aggregate (sum/pair_divisor),both,0.16666666666666669,0,0.3333333333333333,False,False,2026-07-17
GBPNZD,monetary,2.0,base_only,direct (single indicator),base_only,1.0,1,1.0,False,True,2026-07-17
GBPCAD,growth,-1.5,mixed,constructed aggregate (sum/pair_divisor),both,-0.4583333333333333,0,-1.0416666666666667,False,False,2026-07-17
GBPCAD,inflation,-1.5,mixed,constructed aggregate (sum/pair_divisor),both,-0.5,0,-1.0,False,False,2026-07-17
GBPCAD,labour,1.5,mixed,constructed aggregate (sum/pair_divisor),both,0.5,0,1.0,False,False,2026-07-17
GBPCAD,monetary,2.0,both,direct (single indicator),both,1.0,1,1.0,False,True,2026-07-17
AUDJPY,growth,-2.0,mixed,constructed aggregate (sum/pair_divisor),both,-1.0,-1,-1.0,False,False,2026-07-17
AUDJPY,inflation,-0.5,mixed,constructed aggregate (sum/pair_divisor),both,-0.5,0,0.0,False,False,2026-07-17
AUDJPY,labour,0.0,mixed,constructed aggregate (sum/pair_divisor),both,0.0,0,0.0,False,False,2026-07-17
AUDJPY,monetary,0.0,both,direct (single indicator),base_only,0.0,0,0.0,False,True,2026-07-17
NZDJPY,growth,-2.0,mixed,constructed aggregate (sum/pair_divisor),both,-0.6666666666666666,-1,-1.3333333333333335,False,False,2026-07-17
NZDJPY,inflation,0.5,mixed,constructed aggregate (sum/pair_divisor),both,0.25,0,0.25,False,False,2026-07-17
NZDJPY,labour,1.0,mixed,constructed aggregate (sum/pair_divisor),both,0.3333333333333333,0,0.6666666666666667,False,False,2026-07-17
NZDJPY,monetary,0.0,quote_only,direct (single indicator),neither,0.0,0,0.0,False,True,2026-07-17
CADJPY,growth,-1.0,mixed,constructed aggregate (sum/pair_divisor),both,-0.3333333333333333,0,-0.6666666666666667,False,False,2026-07-17
CADJPY,inflation,1.0,mixed,constructed aggregate (sum/pair_divisor),both,0.3333333333333333,0,0.6666666666666667,False,False,2026-07-17
CADJPY,labour,0.0,mixed,constructed aggregate (sum/pair_divisor),both,0.0,0,0.0,False,False,2026-07-17
CADJPY,monetary,0.0,both,direct (single indicator),base_only,0.0,0,0.0,False,True,2026-07-17
CHFJPY,growth,-1.0,mixed,constructed aggregate (sum/pair_divisor),both,-0.3333333333333333,0,-0.6666666666666667,False,False,2026-07-17
CHFJPY,inflation,-0.5,mixed,constructed aggregate (sum/pair_divisor),both,-0.25,0,-0.25,False,False,2026-07-17
CHFJPY,labour,0.0,mixed,constructed aggregate (sum/pair_divisor),both,0.0,0,0.0,False,False,2026-07-17
CHFJPY,monetary,0.0,quote_only,direct (single indicator),neither,0.0,0,0.0,False,True,2026-07-17
AUDNZD,growth,0.0,both,constructed aggregate (sum/pair_divisor),both,-0.3333333333333333,0,0.3333333333333333,False,False,2026-07-17
AUDNZD,inflation,-1.0,mixed,constructed aggregate (sum/pair_divisor),both,-0.75,-1,-0.25,False,False,2026-07-17
AUDNZD,labour,-1.0,mixed,constructed aggregate (sum/pair_divisor),both,-0.3333333333333333,0,-0.6666666666666667,False,False,2026-07-17
AUDNZD,monetary,0.0,base_only,direct (single indicator),base_only,0.0,0,0.0,False,True,2026-07-17
AUDCAD,growth,-1.0,mixed,constructed aggregate (sum/pair_divisor),both,-0.6666666666666666,-1,-0.33333333333333337,False,False,2026-07-17
AUDCAD,inflation,-1.5,mixed,constructed aggregate (sum/pair_divisor),both,-0.8333333333333333,-1,-0.6666666666666667,False,False,2026-07-17
AUDCAD,labour,0.0,mixed,constructed aggregate (sum/pair_divisor),both,0.0,0,0.0,False,False,2026-07-17
AUDCAD,monetary,0.0,both,direct (single indicator),both,0.0,0,0.0,False,True,2026-07-17
AUDCHF,growth,-1.0,mixed,constructed aggregate (sum/pair_divisor),both,-0.6666666666666666,-1,-0.33333333333333337,False,False,2026-07-17
AUDCHF,inflation,0.0,mixed,constructed aggregate (sum/pair_divisor),both,-0.25,0,0.25,False,False,2026-07-17
AUDCHF,labour,0.0,mixed,constructed aggregate (sum/pair_divisor),both,0.0,0,0.0,False,False,2026-07-17
AUDCHF,monetary,0.0,base_only,direct (single indicator),base_only,0.0,0,0.0,False,True,2026-07-17
NZDCAD,growth,-1.0,mixed,constructed aggregate (sum/pair_divisor),both,-0.3333333333333333,0,-0.6666666666666667,False,False,2026-07-17
NZDCAD,inflation,-0.5,mixed,constructed aggregate (sum/pair_divisor),both,-0.08333333333333331,0,-0.4166666666666667,False,False,2026-07-17
NZDCAD,labour,1.0,mixed,constructed aggregate (sum/pair_divisor),both,0.3333333333333333,0,0.6666666666666667,False,False,2026-07-17
NZDCAD,monetary,0.0,quote_only,direct (single indicator),quote_only,0.0,0,0.0,False,True,2026-07-17
NZDCHF,growth,-1.0,mixed,constructed aggregate (sum/pair_divisor),both,-0.3333333333333333,0,-0.6666666666666667,False,False,2026-07-17
NZDCHF,inflation,1.0,mixed,constructed aggregate (sum/pair_divisor),both,0.5,0,0.5,False,False,2026-07-17
NZDCHF,labour,1.0,mixed,constructed aggregate (sum/pair_divisor),both,0.3333333333333333,0,0.6666666666666667,False,False,2026-07-17
NZDCHF,monetary,,neither,direct (single indicator),neither,0.0,0,,False,True,2026-07-17
CADCHF,growth,0.0,mixed,constructed aggregate (sum/pair_divisor),both,0.0,0,0.0,False,False,2026-07-17
CADCHF,inflation,1.5,mixed,constructed aggregate (sum/pair_divisor),both,0.5833333333333333,1,0.9166666666666667,False,False,2026-07-17
CADCHF,labour,0.0,mixed,constructed aggregate (sum/pair_divisor),both,0.0,0,0.0,False,False,2026-07-17
CADCHF,monetary,0.0,base_only,direct (single indicator),base_only,0.0,0,0.0,False,True,2026-07-17
EURUSD,growth,-0.5,both,constructed aggregate (sum/pair_divisor),both,-0.125,0,-0.375,False,False,2026-07-21
EURUSD,inflation,0.0,mixed,constructed aggregate (sum/pair_divisor),both,-0.125,0,0.125,False,False,2026-07-21
EURUSD,labour,0.5,mixed,constructed aggregate (sum/pair_divisor),both,0.4166666666666667,0,0.08333333333333331,False,False,2026-07-21
EURUSD,monetary,2.0,both,direct (single indicator),both,1.0,1,1.0,False,True,2026-07-21
GBPUSD,growth,-0.5,both,constructed aggregate (sum/pair_divisor),both,-0.125,0,-0.375,False,False,2026-07-21
GBPUSD,inflation,1.0,mixed,constructed aggregate (sum/pair_divisor),both,0.20833333333333334,0,0.7916666666666666,False,False,2026-07-21
GBPUSD,labour,1.0,mixed,constructed aggregate (sum/pair_divisor),both,0.4166666666666667,0,0.5833333333333333,False,False,2026-07-21
GBPUSD,monetary,2.0,both,direct (single indicator),both,1.0,1,1.0,False,True,2026-07-21
USDJPY,growth,-2.0,mixed,constructed aggregate (sum/pair_divisor),both,-0.6666666666666666,-1,-1.3333333333333335,False,False,2026-07-21
USDJPY,inflation,-1.5,mixed,constructed aggregate (sum/pair_divisor),both,-0.375,0,-1.125,False,False,2026-07-21
USDJPY,labour,0.5,mixed,constructed aggregate (sum/pair_divisor),both,0.08333333333333333,0,0.4166666666666667,False,False,2026-07-21
USDJPY,monetary,0.0,both,direct (single indicator),base_only,0.0,0,0.0,False,True,2026-07-21
USDCHF,growth,-1.0,mixed,constructed aggregate (sum/pair_divisor),both,-0.3333333333333333,0,-0.6666666666666667,False,False,2026-07-21
USDCHF,inflation,-1.0,mixed,constructed aggregate (sum/pair_divisor),both,-0.375,0,-0.625,False,False,2026-07-21
USDCHF,labour,0.5,mixed,constructed aggregate (sum/pair_divisor),both,0.08333333333333333,0,0.4166666666666667,False,False,2026-07-21
USDCHF,monetary,0.0,base_only,direct (single indicator),base_only,0.0,0,0.0,False,True,2026-07-21
USDCAD,growth,-1.0,mixed,constructed aggregate (sum/pair_divisor),both,-0.3333333333333333,0,-0.6666666666666667,False,False,2026-07-21
USDCAD,inflation,-1.0,mixed,constructed aggregate (sum/pair_divisor),both,-0.20833333333333334,0,-0.7916666666666666,False,False,2026-07-21
USDCAD,labour,0.5,mixed,constructed aggregate (sum/pair_divisor),both,0.08333333333333333,0,0.4166666666666667,False,False,2026-07-21
USDCAD,monetary,0.0,both,direct (single indicator),both,0.0,0,0.0,False,True,2026-07-21
AUDUSD,growth,0.0,both,constructed aggregate (sum/pair_divisor),both,-0.3333333333333333,0,0.3333333333333333,False,False,2026-07-21
AUDUSD,inflation,1.0,mixed,constructed aggregate (sum/pair_divisor),both,-0.125,0,1.125,False,False,2026-07-21
AUDUSD,labour,-0.5,mixed,constructed aggregate (sum/pair_divisor),both,-0.08333333333333333,0,-0.4166666666666667,False,False,2026-07-21
AUDUSD,monetary,0.0,both,direct (single indicator),both,0.0,0,0.0,False,True,2026-07-21
NZDUSD,growth,0.0,both,constructed aggregate (sum/pair_divisor),both,0.0,0,0.0,False,False,2026-07-21
NZDUSD,inflation,2.0,mixed,constructed aggregate (sum/pair_divisor),both,0.625,1,1.375,False,False,2026-07-21
NZDUSD,labour,0.5,mixed,constructed aggregate (sum/pair_divisor),both,0.25,0,0.25,False,False,2026-07-21
NZDUSD,monetary,0.0,quote_only,direct (single indicator),quote_only,0.0,0,0.0,False,True,2026-07-21
EURGBP,growth,0.0,both,constructed aggregate (sum/pair_divisor),both,0.0,0,0.0,False,False,2026-07-21
EURGBP,inflation,-1.0,mixed,constructed aggregate (sum/pair_divisor),both,-0.33333333333333337,0,-0.6666666666666666,False,False,2026-07-21
EURGBP,labour,-0.5,mixed,constructed aggregate (sum/pair_divisor),both,0.0,0,-0.5,False,False,2026-07-21
EURGBP,monetary,0.0,both,direct (single indicator),both,0.0,0,0.0,False,True,2026-07-21
EURJPY,growth,-2.5,mixed,constructed aggregate (sum/pair_divisor),both,-0.7916666666666666,-1,-1.7083333333333335,False,False,2026-07-21
EURJPY,inflation,-1.5,mixed,constructed aggregate (sum/pair_divisor),both,-0.5,0,-1.0,False,False,2026-07-21
EURJPY,labour,1.0,mixed,constructed aggregate (sum/pair_divisor),both,0.5,0,0.5,False,False,2026-07-21
EURJPY,monetary,2.0,both,direct (single indicator),base_only,1.0,1,1.0,False,True,2026-07-21
EURCHF,growth,-1.5,mixed,constructed aggregate (sum/pair_divisor),both,-0.4583333333333333,0,-1.0416666666666667,False,False,2026-07-21
EURCHF,inflation,-1.0,mixed,constructed aggregate (sum/pair_divisor),both,-0.5,0,-0.5,False,False,2026-07-21
EURCHF,labour,1.0,mixed,constructed aggregate (sum/pair_divisor),both,0.5,0,0.5,False,False,2026-07-21
EURCHF,monetary,2.0,base_only,direct (single indicator),base_only,1.0,1,1.0,False,True,2026-07-21
EURAUD,growth,-0.5,both,constructed aggregate (sum/pair_divisor),both,0.20833333333333331,0,-0.7083333333333333,False,False,2026-07-21
EURAUD,inflation,-1.0,mixed,constructed aggregate (sum/pair_divisor),both,0.0,0,-1.0,False,False,2026-07-21
EURAUD,labour,1.0,mixed,constructed aggregate (sum/pair_divisor),both,0.5,0,0.5,False,False,2026-07-21
EURAUD,monetary,2.0,both,direct (single indicator),both,1.0,1,1.0,False,True,2026-07-21
EURNZD,growth,-0.5,both,constructed aggregate (sum/pair_divisor),both,-0.125,0,-0.375,False,False,2026-07-21
EURNZD,inflation,-2.0,mixed,constructed aggregate (sum/pair_divisor),both,-0.75,-1,-1.25,False,False,2026-07-21
EURNZD,labour,0.0,mixed,constructed aggregate (sum/pair_divisor),both,0.16666666666666669,0,-0.16666666666666669,False,False,2026-07-21
EURNZD,monetary,2.0,base_only,direct (single indicator),base_only,1.0,1,1.0,False,True,2026-07-21
EURCAD,growth,-1.5,mixed,constructed aggregate (sum/pair_divisor),both,-0.4583333333333333,0,-1.0416666666666667,False,False,2026-07-21
EURCAD,inflation,-1.0,mixed,constructed aggregate (sum/pair_divisor),both,-0.33333333333333337,0,-0.6666666666666666,False,False,2026-07-21
EURCAD,labour,1.0,mixed,constructed aggregate (sum/pair_divisor),both,0.5,0,0.5,False,False,2026-07-21
EURCAD,monetary,2.0,both,direct (single indicator),both,1.0,1,1.0,False,True,2026-07-21
GBPJPY,growth,-2.5,mixed,constructed aggregate (sum/pair_divisor),both,-0.7916666666666666,-1,-1.7083333333333335,False,False,2026-07-21
GBPJPY,inflation,-0.5,mixed,constructed aggregate (sum/pair_divisor),both,-0.16666666666666666,0,-0.33333333333333337,False,False,2026-07-21
GBPJPY,labour,1.5,mixed,constructed aggregate (sum/pair_divisor),both,0.5,0,1.0,False,False,2026-07-21
GBPJPY,monetary,2.0,both,direct (single indicator),base_only,1.0,1,1.0,False,True,2026-07-21
GBPCHF,growth,-1.5,mixed,constructed aggregate (sum/pair_divisor),both,-0.4583333333333333,0,-1.0416666666666667,False,False,2026-07-21
GBPCHF,inflation,0.0,mixed,constructed aggregate (sum/pair_divisor),both,-0.16666666666666666,0,0.16666666666666666,False,False,2026-07-21
GBPCHF,labour,1.5,mixed,constructed aggregate (sum/pair_divisor),both,0.5,0,1.0,False,False,2026-07-21
GBPCHF,monetary,2.0,base_only,direct (single indicator),base_only,1.0,1,1.0,False,True,2026-07-21
GBPAUD,growth,-0.5,both,constructed aggregate (sum/pair_divisor),both,0.20833333333333331,0,-0.7083333333333333,False,False,2026-07-21
GBPAUD,inflation,0.0,mixed,constructed aggregate (sum/pair_divisor),both,0.33333333333333337,0,-0.33333333333333337,False,False,2026-07-21
GBPAUD,labour,1.5,mixed,constructed aggregate (sum/pair_divisor),both,0.5,0,1.0,False,False,2026-07-21
GBPAUD,monetary,2.0,both,direct (single indicator),both,1.0,1,1.0,False,True,2026-07-21
GBPNZD,growth,-0.5,both,constructed aggregate (sum/pair_divisor),both,-0.125,0,-0.375,False,False,2026-07-21
GBPNZD,inflation,-1.0,mixed,constructed aggregate (sum/pair_divisor),both,-0.41666666666666663,0,-0.5833333333333334,False,False,2026-07-21
GBPNZD,labour,0.5,mixed,constructed aggregate (sum/pair_divisor),both,0.16666666666666669,0,0.3333333333333333,False,False,2026-07-21
GBPNZD,monetary,2.0,base_only,direct (single indicator),base_only,1.0,1,1.0,False,True,2026-07-21
GBPCAD,growth,-1.5,mixed,constructed aggregate (sum/pair_divisor),both,-0.4583333333333333,0,-1.0416666666666667,False,False,2026-07-21
GBPCAD,inflation,0.0,mixed,constructed aggregate (sum/pair_divisor),both,0.0,0,0.0,False,False,2026-07-21
GBPCAD,labour,1.5,mixed,constructed aggregate (sum/pair_divisor),both,0.5,0,1.0,False,False,2026-07-21
GBPCAD,monetary,2.0,both,direct (single indicator),both,1.0,1,1.0,False,True,2026-07-21
AUDJPY,growth,-2.0,mixed,constructed aggregate (sum/pair_divisor),both,-1.0,-1,-1.0,False,False,2026-07-21
AUDJPY,inflation,-0.5,mixed,constructed aggregate (sum/pair_divisor),both,-0.5,0,0.0,False,False,2026-07-21
AUDJPY,labour,0.0,mixed,constructed aggregate (sum/pair_divisor),both,0.0,0,0.0,False,False,2026-07-21
AUDJPY,monetary,0.0,both,direct (single indicator),base_only,0.0,0,0.0,False,True,2026-07-21
NZDJPY,growth,-2.0,mixed,constructed aggregate (sum/pair_divisor),both,-0.6666666666666666,-1,-1.3333333333333335,False,False,2026-07-21
NZDJPY,inflation,0.5,mixed,constructed aggregate (sum/pair_divisor),both,0.25,0,0.25,False,False,2026-07-21
NZDJPY,labour,1.0,mixed,constructed aggregate (sum/pair_divisor),both,0.3333333333333333,0,0.6666666666666667,False,False,2026-07-21
NZDJPY,monetary,0.0,quote_only,direct (single indicator),neither,0.0,0,0.0,False,True,2026-07-21
CADJPY,growth,-1.0,mixed,constructed aggregate (sum/pair_divisor),both,-0.3333333333333333,0,-0.6666666666666667,False,False,2026-07-21
CADJPY,inflation,-0.5,mixed,constructed aggregate (sum/pair_divisor),both,-0.16666666666666666,0,-0.33333333333333337,False,False,2026-07-21
CADJPY,labour,0.0,mixed,constructed aggregate (sum/pair_divisor),both,0.0,0,0.0,False,False,2026-07-21
CADJPY,monetary,0.0,both,direct (single indicator),base_only,0.0,0,0.0,False,True,2026-07-21
CHFJPY,growth,-1.0,mixed,constructed aggregate (sum/pair_divisor),both,-0.3333333333333333,0,-0.6666666666666667,False,False,2026-07-21
CHFJPY,inflation,-0.5,mixed,constructed aggregate (sum/pair_divisor),both,0.0,0,-0.5,False,False,2026-07-21
CHFJPY,labour,0.0,mixed,constructed aggregate (sum/pair_divisor),both,0.0,0,0.0,False,False,2026-07-21
CHFJPY,monetary,0.0,quote_only,direct (single indicator),neither,0.0,0,0.0,False,True,2026-07-21
AUDNZD,growth,0.0,both,constructed aggregate (sum/pair_divisor),both,-0.3333333333333333,0,0.3333333333333333,False,False,2026-07-21
AUDNZD,inflation,-1.0,mixed,constructed aggregate (sum/pair_divisor),both,-0.75,-1,-0.25,False,False,2026-07-21
AUDNZD,labour,-1.0,mixed,constructed aggregate (sum/pair_divisor),both,-0.3333333333333333,0,-0.6666666666666667,False,False,2026-07-21
AUDNZD,monetary,0.0,base_only,direct (single indicator),base_only,0.0,0,0.0,False,True,2026-07-21
AUDCAD,growth,-1.0,mixed,constructed aggregate (sum/pair_divisor),both,-0.6666666666666666,-1,-0.33333333333333337,False,False,2026-07-21
AUDCAD,inflation,0.0,mixed,constructed aggregate (sum/pair_divisor),both,-0.33333333333333337,0,0.33333333333333337,False,False,2026-07-21
AUDCAD,labour,0.0,mixed,constructed aggregate (sum/pair_divisor),both,0.0,0,0.0,False,False,2026-07-21
AUDCAD,monetary,0.0,both,direct (single indicator),both,0.0,0,0.0,False,True,2026-07-21
AUDCHF,growth,-1.0,mixed,constructed aggregate (sum/pair_divisor),both,-0.6666666666666666,-1,-0.33333333333333337,False,False,2026-07-21
AUDCHF,inflation,0.0,mixed,constructed aggregate (sum/pair_divisor),both,-0.5,0,0.5,False,False,2026-07-21
AUDCHF,labour,0.0,mixed,constructed aggregate (sum/pair_divisor),both,0.0,0,0.0,False,False,2026-07-21
AUDCHF,monetary,0.0,base_only,direct (single indicator),base_only,0.0,0,0.0,False,True,2026-07-21
NZDCAD,growth,-1.0,mixed,constructed aggregate (sum/pair_divisor),both,-0.3333333333333333,0,-0.6666666666666667,False,False,2026-07-21
NZDCAD,inflation,1.0,mixed,constructed aggregate (sum/pair_divisor),both,0.41666666666666663,0,0.5833333333333334,False,False,2026-07-21
NZDCAD,labour,1.0,mixed,constructed aggregate (sum/pair_divisor),both,0.3333333333333333,0,0.6666666666666667,False,False,2026-07-21
NZDCAD,monetary,0.0,quote_only,direct (single indicator),quote_only,0.0,0,0.0,False,True,2026-07-21
NZDCHF,growth,-1.0,mixed,constructed aggregate (sum/pair_divisor),both,-0.3333333333333333,0,-0.6666666666666667,False,False,2026-07-21
NZDCHF,inflation,1.0,mixed,constructed aggregate (sum/pair_divisor),both,0.25,0,0.75,False,False,2026-07-21
NZDCHF,labour,1.0,mixed,constructed aggregate (sum/pair_divisor),both,0.3333333333333333,0,0.6666666666666667,False,False,2026-07-21
NZDCHF,monetary,,neither,direct (single indicator),neither,0.0,0,,False,True,2026-07-21
CADCHF,growth,0.0,mixed,constructed aggregate (sum/pair_divisor),both,0.0,0,0.0,False,False,2026-07-21
CADCHF,inflation,0.0,mixed,constructed aggregate (sum/pair_divisor),both,-0.16666666666666666,0,0.16666666666666666,False,False,2026-07-21
CADCHF,labour,0.0,mixed,constructed aggregate (sum/pair_divisor),both,0.0,0,0.0,False,False,2026-07-21
CADCHF,monetary,0.0,base_only,direct (single indicator),base_only,0.0,0,0.0,False,True,2026-07-21
