as_of,symbol,current_score,current_bias,null_score,null_bias,null_ok,e_score,e_bias,e_ok,d_score,d_bias,d_ok,c_score,c_bias,c_ok
2025-07-25,EURUSD,-0.9201388888888887,Neutral,-0.9201388888888887,Neutral,True,-0.9201388888888887,Neutral,True,-0.9201388888888887,Neutral,True,-0.9201388888888887,Neutral,True
2025-07-25,GBPUSD,-0.6423611111111109,Neutral,-0.6423611111111109,Neutral,True,-0.6423611111111109,Neutral,True,-0.6423611111111109,Neutral,True,-0.6423611111111109,Neutral,True
2025-07-25,USDJPY,0.6423611111111109,Neutral,0.6423611111111109,Neutral,True,0.6423611111111109,Neutral,True,0.6423611111111109,Neutral,True,0.6423611111111109,Neutral,True
2025-07-25,USDCHF,1.1979166666666665,Neutral,1.105324074074074,Neutral,True,1.105324074074074,Neutral,True,0.6712962962962963,Neutral,True,,,False
2025-07-25,USDCAD,0.36458333333333326,Neutral,0.36458333333333326,Neutral,True,0.36458333333333326,Neutral,True,0.36458333333333326,Neutral,True,0.36458333333333326,Neutral,True
2025-07-25,AUDUSD,-0.7349537037037035,Neutral,-0.7349537037037035,Neutral,True,-0.7349537037037035,Neutral,True,-0.7349537037037035,Neutral,True,-0.7349537037037035,Neutral,True
2025-07-25,NZDUSD,-0.7812499999999999,Neutral,-0.5806327160493825,Neutral,True,-0.5806327160493825,Neutral,True,-0.1466049382716048,Neutral,True,,,False
2025-07-25,EURGBP,-0.2777777777777778,Neutral,-0.2777777777777778,Neutral,True,-0.2777777777777778,Neutral,True,-0.2777777777777778,Neutral,True,-0.2777777777777778,Neutral,True
2025-07-25,EURJPY,-0.2777777777777778,Neutral,-0.2777777777777778,Neutral,True,-0.2777777777777778,Neutral,True,-0.2777777777777778,Neutral,True,-0.2777777777777778,Neutral,True
2025-07-25,EURCHF,0.2777777777777778,Neutral,0.18518518518518523,Neutral,True,0.18518518518518523,Neutral,True,-0.18518518518518523,Neutral,True,,,False
2025-07-25,EURAUD,-0.18518518518518529,Neutral,-0.18518518518518529,Neutral,True,-0.18518518518518529,Neutral,True,-0.18518518518518529,Neutral,True,-0.18518518518518529,Neutral,True
2025-07-25,EURNZD,-0.13888888888888884,Neutral,-0.33950617283950624,Neutral,True,-0.33950617283950624,Neutral,True,-0.7098765432098767,Neutral,True,,,False
2025-07-25,EURCAD,-0.5555555555555555,Neutral,-0.5555555555555555,Neutral,True,-0.5555555555555555,Neutral,True,-0.5555555555555555,Neutral,True,-0.5555555555555555,Neutral,True
2025-07-25,GBPJPY,0.0,Neutral,0.0,Neutral,True,0.0,Neutral,True,0.0,Neutral,True,0.0,Neutral,True
2025-07-25,GBPCHF,0.5555555555555556,Neutral,0.462962962962963,Neutral,True,0.462962962962963,Neutral,True,0.5555555555555556,Neutral,True,,,False
2025-07-25,GBPAUD,0.0925925925925925,Neutral,0.0925925925925925,Neutral,True,0.0925925925925925,Neutral,True,0.0925925925925925,Neutral,True,0.0925925925925925,Neutral,True
2025-07-25,GBPNZD,0.13888888888888895,Neutral,-0.06172839506172845,Neutral,True,-0.06172839506172845,Neutral,True,0.030864197530864113,Neutral,True,,,False
2025-07-25,GBPCAD,-0.2777777777777777,Neutral,-0.2777777777777777,Neutral,True,-0.2777777777777777,Neutral,True,-0.2777777777777777,Neutral,True,-0.2777777777777777,Neutral,True
2025-07-25,AUDJPY,-0.0925925925925925,Neutral,-0.0925925925925925,Neutral,True,-0.0925925925925925,Neutral,True,-0.0925925925925925,Neutral,True,-0.0925925925925925,Neutral,True
2025-07-25,NZDJPY,-0.13888888888888895,Neutral,0.06172839506172845,Neutral,True,0.06172839506172845,Neutral,True,1.5432098765432098,Bullish,True,,,False
2025-07-25,CADJPY,0.2777777777777777,Neutral,0.2777777777777777,Neutral,True,0.2777777777777777,Neutral,True,0.2777777777777777,Neutral,True,0.2777777777777777,Neutral,True
2025-07-25,CHFJPY,-0.5555555555555556,Neutral,-0.462962962962963,Neutral,True,-0.462962962962963,Neutral,True,1.0185185185185184,Neutral,True,,,False
2025-07-25,AUDNZD,0.046296296296296446,Neutral,-0.15432098765432095,Neutral,True,-0.15432098765432095,Neutral,True,-1.0185185185185184,Neutral,True,,,False
2025-07-25,AUDCAD,-0.3703703703703702,Neutral,-0.3703703703703702,Neutral,True,-0.3703703703703702,Neutral,True,-0.3703703703703702,Neutral,True,-0.3703703703703702,Neutral,True
2025-07-25,AUDCHF,0.4629629629629631,Neutral,0.3703703703703705,Neutral,True,0.3703703703703705,Neutral,True,-0.49382716049382697,Neutral,True,,,False
2025-07-25,NZDCAD,-0.41666666666666663,Neutral,-0.21604938271604923,Neutral,True,-0.21604938271604923,Neutral,True,0.06172839506172845,Neutral,True,,,False
2025-07-25,NZDCHF,0.41666666666666663,Neutral,0.5246913580246915,Neutral,True,0.5246913580246915,Neutral,True,0.5246913580246915,Neutral,True,,,False
2025-07-25,CADCHF,0.8333333333333333,Neutral,0.7407407407407407,Neutral,True,0.7407407407407407,Neutral,True,0.462962962962963,Neutral,True,,,False
2025-08-01,EURUSD,-0.26041666666666663,Neutral,-0.26041666666666663,Neutral,True,-0.26041666666666663,Neutral,True,-0.26041666666666663,Neutral,True,-0.26041666666666663,Neutral,True
2025-08-01,GBPUSD,0.8506944444444445,Neutral,0.8506944444444445,Neutral,True,0.8506944444444445,Neutral,True,0.8506944444444445,Neutral,True,0.8506944444444445,Neutral,True
2025-08-01,USDJPY,0.5381944444444444,Neutral,0.5381944444444444,Neutral,True,0.5381944444444444,Neutral,True,0.5381944444444444,Neutral,True,0.5381944444444444,Neutral,True
2025-08-01,USDCHF,-0.8110119047619048,Neutral,-0.8506944444444445,Neutral,True,-0.8506944444444445,Neutral,True,-0.7638888888888891,Neutral,True,,,False
2025-08-01,USDCAD,-0.29513888888888895,Neutral,-0.29513888888888895,Neutral,True,-0.29513888888888895,Neutral,True,-0.29513888888888895,Neutral,True,-0.29513888888888895,Neutral,True
2025-08-01,AUDUSD,0.4803240740740742,Neutral,0.4803240740740742,Neutral,True,0.4803240740740742,Neutral,True,0.4803240740740742,Neutral,True,0.4803240740740742,Neutral,True
2025-08-01,NZDUSD,0.15625,Neutral,0.3568672839506174,Neutral,True,0.3568672839506174,Neutral,True,0.2700617283950619,Neutral,True,,,False
2025-08-01,EURGBP,-1.1111111111111112,Neutral,-1.1111111111111112,Neutral,True,-1.1111111111111112,Neutral,True,-1.1111111111111112,Neutral,True,-1.1111111111111112,Neutral,True
2025-08-01,EURJPY,0.2777777777777778,Neutral,0.2777777777777778,Neutral,True,0.2777777777777778,Neutral,True,0.2777777777777778,Neutral,True,0.2777777777777778,Neutral,True
2025-08-01,EURCHF,-1.0714285714285714,Neutral,-1.1111111111111112,Neutral,True,-1.1111111111111112,Neutral,True,-0.925925925925926,Neutral,True,,,False
2025-08-01,EURAUD,-0.7407407407407408,Neutral,-0.7407407407407408,Neutral,True,-0.7407407407407408,Neutral,True,-0.7407407407407408,Neutral,True,-0.7407407407407408,Neutral,True
2025-08-01,EURNZD,-0.41666666666666663,Neutral,-0.617283950617284,Neutral,True,-0.617283950617284,Neutral,True,-0.4320987654320989,Neutral,True,,,False
2025-08-01,EURCAD,-0.5555555555555556,Neutral,-0.5555555555555556,Neutral,True,-0.5555555555555556,Neutral,True,-0.5555555555555556,Neutral,True,-0.5555555555555556,Neutral,True
2025-08-01,GBPJPY,1.3888888888888888,Bullish,1.3888888888888888,Bullish,True,1.3888888888888888,Bullish,True,1.3888888888888888,Bullish,True,1.3888888888888888,Bullish,True
2025-08-01,GBPCHF,0.039682539682539764,Neutral,0.0,Neutral,True,0.0,Neutral,True,0.18518518518518512,Neutral,True,,,False
2025-08-01,GBPAUD,0.37037037037037035,Neutral,0.37037037037037035,Neutral,True,0.37037037037037035,Neutral,True,0.37037037037037035,Neutral,True,0.37037037037037035,Neutral,True
2025-08-01,GBPNZD,0.6944444444444445,Neutral,0.49382716049382713,Neutral,True,0.49382716049382713,Neutral,True,0.6790123456790123,Neutral,True,,,False
2025-08-01,GBPCAD,0.5555555555555556,Neutral,0.5555555555555556,Neutral,True,0.5555555555555556,Neutral,True,0.5555555555555556,Neutral,True,0.5555555555555556,Neutral,True
2025-08-01,AUDJPY,1.0185185185185186,Neutral,1.0185185185185186,Neutral,True,1.0185185185185186,Neutral,True,1.0185185185185186,Neutral,True,1.0185185185185186,Neutral,True
2025-08-01,NZDJPY,0.6944444444444444,Neutral,0.8950617283950618,Neutral,True,0.8950617283950618,Neutral,True,1.8209876543209877,Bullish,True,,,False
2025-08-01,CADJPY,0.8333333333333334,Neutral,0.8333333333333334,Neutral,True,0.8333333333333334,Neutral,True,0.8333333333333334,Neutral,True,0.8333333333333334,Neutral,True
2025-08-01,CHFJPY,1.3492063492063493,Bullish,1.3888888888888888,Bullish,True,1.3888888888888888,Bullish,True,2.314814814814815,Bullish,True,,,False
2025-08-01,AUDNZD,0.3240740740740742,Neutral,0.12345679012345678,Neutral,True,0.12345679012345678,Neutral,True,-0.5555555555555556,Neutral,True,,,False
2025-08-01,AUDCAD,0.18518518518518523,Neutral,0.18518518518518523,Neutral,True,0.18518518518518523,Neutral,True,0.18518518518518523,Neutral,True,0.18518518518518523,Neutral,True
2025-08-01,AUDCHF,-0.3306878306878306,Neutral,-0.37037037037037035,Neutral,True,-0.37037037037037035,Neutral,True,-1.0493827160493827,Neutral,True,,,False
2025-08-01,NZDCAD,-0.13888888888888895,Neutral,0.06172839506172845,Neutral,True,0.06172839506172845,Neutral,True,-0.21604938271604923,Neutral,True,,,False
2025-08-01,NZDCHF,-0.6547619047619048,Neutral,-0.49382716049382713,Neutral,True,-0.49382716049382713,Neutral,True,-0.49382716049382713,Neutral,True,,,False
2025-08-01,CADCHF,-0.5158730158730158,Neutral,-0.5555555555555556,Neutral,True,-0.5555555555555556,Neutral,True,-0.2777777777777779,Neutral,True,,,False
2025-08-08,EURUSD,0.3414351851851851,Neutral,0.3414351851851851,Neutral,True,0.3414351851851851,Neutral,True,0.3414351851851851,Neutral,True,0.3414351851851851,Neutral,True
2025-08-08,GBPUSD,0.9895833333333333,Neutral,0.9895833333333333,Neutral,True,0.9895833333333333,Neutral,True,0.9895833333333333,Neutral,True,0.9895833333333333,Neutral,True
2025-08-08,USDJPY,0.12152777777777779,Neutral,0.12152777777777779,Neutral,True,0.12152777777777779,Neutral,True,0.12152777777777779,Neutral,True,0.12152777777777779,Neutral,True
2025-08-08,USDCHF,-1.2276785714285714,Neutral,-1.2673611111111112,Neutral,True,-1.2673611111111112,Neutral,True,-1.3194444444444444,Bearish,True,,,False
2025-08-08,USDCAD,-0.7118055555555556,Neutral,-0.7118055555555556,Neutral,True,-0.7118055555555556,Neutral,True,-0.7118055555555556,Neutral,True,-0.7118055555555556,Neutral,True
2025-08-08,AUDUSD,0.619212962962963,Neutral,0.619212962962963,Neutral,True,0.619212962962963,Neutral,True,0.619212962962963,Neutral,True,0.619212962962963,Neutral,True
2025-08-08,NZDUSD,-0.022321428571428548,Neutral,0.24884259259259264,Neutral,True,0.24884259259259264,Neutral,True,0.30092592592592593,Neutral,True,,,False
2025-08-08,EURGBP,-0.6481481481481481,Neutral,-0.6481481481481481,Neutral,True,-0.6481481481481481,Neutral,True,-0.6481481481481481,Neutral,True,-0.6481481481481481,Neutral,True
2025-08-08,EURJPY,0.4629629629629629,Neutral,0.4629629629629629,Neutral,True,0.4629629629629629,Neutral,True,0.4629629629629629,Neutral,True,0.4629629629629629,Neutral,True
2025-08-08,EURCHF,-0.8862433862433863,Neutral,-0.925925925925926,Neutral,True,-0.925925925925926,Neutral,True,-0.6790123456790125,Neutral,True,,,False
2025-08-08,EURAUD,-0.2777777777777779,Neutral,-0.2777777777777779,Neutral,True,-0.2777777777777779,Neutral,True,-0.2777777777777779,Neutral,True,-0.2777777777777779,Neutral,True
2025-08-08,EURNZD,0.3637566137566137,Neutral,0.0925925925925925,Neutral,True,0.0925925925925925,Neutral,True,0.3395061728395061,Neutral,True,,,False
2025-08-08,EURCAD,-0.37037037037037046,Neutral,-0.37037037037037046,Neutral,True,-0.37037037037037046,Neutral,True,-0.37037037037037046,Neutral,True,-0.37037037037037046,Neutral,True
2025-08-08,GBPJPY,1.1111111111111112,Neutral,1.1111111111111112,Neutral,True,1.1111111111111112,Neutral,True,1.1111111111111112,Neutral,True,1.1111111111111112,Neutral,True
2025-08-08,GBPCHF,-0.23809523809523814,Neutral,-0.2777777777777779,Neutral,True,-0.2777777777777779,Neutral,True,-0.18518518518518534,Neutral,True,,,False
2025-08-08,GBPAUD,0.37037037037037024,Neutral,0.37037037037037024,Neutral,True,0.37037037037037024,Neutral,True,0.37037037037037024,Neutral,True,0.37037037037037024,Neutral,True
2025-08-08,GBPNZD,1.0119047619047619,Neutral,0.7407407407407406,Neutral,True,0.7407407407407406,Neutral,True,0.8333333333333331,Neutral,True,,,False
2025-08-08,GBPCAD,0.2777777777777777,Neutral,0.2777777777777777,Neutral,True,0.2777777777777777,Neutral,True,0.2777777777777777,Neutral,True,0.2777777777777777,Neutral,True
2025-08-08,AUDJPY,0.7407407407407408,Neutral,0.7407407407407408,Neutral,True,0.7407407407407408,Neutral,True,0.7407407407407408,Neutral,True,0.7407407407407408,Neutral,True
2025-08-08,NZDJPY,0.09920634920634924,Neutral,0.37037037037037046,Neutral,True,0.37037037037037046,Neutral,True,0.6481481481481483,Neutral,True,,,False
2025-08-08,CADJPY,0.8333333333333334,Neutral,0.8333333333333334,Neutral,True,0.8333333333333334,Neutral,True,0.8333333333333334,Neutral,True,0.8333333333333334,Neutral,True
2025-08-08,CHFJPY,1.3492063492063493,Bullish,1.3888888888888888,Bullish,True,1.3888888888888888,Bullish,True,1.6666666666666667,Bullish,True,,,False
2025-08-08,AUDNZD,0.6415343915343916,Neutral,0.37037037037037035,Neutral,True,0.37037037037037035,Neutral,True,0.2469135802469136,Neutral,True,,,False
2025-08-08,AUDCAD,-0.09259259259259256,Neutral,-0.09259259259259256,Neutral,True,-0.09259259259259256,Neutral,True,-0.09259259259259256,Neutral,True,-0.09259259259259256,Neutral,True
2025-08-08,AUDCHF,-0.6084656084656084,Neutral,-0.6481481481481481,Neutral,True,-0.6481481481481481,Neutral,True,-0.7716049382716049,Neutral,True,,,False
2025-08-08,NZDCAD,-0.7341269841269842,Neutral,-0.4629629629629629,Neutral,True,-0.4629629629629629,Neutral,True,-0.7407407407407406,Neutral,True,,,False
2025-08-08,NZDCHF,-1.25,Neutral,-1.0185185185185186,Neutral,True,-1.0185185185185186,Neutral,True,-1.0185185185185186,Neutral,True,,,False
2025-08-08,CADCHF,-0.5158730158730158,Neutral,-0.5555555555555556,Neutral,True,-0.5555555555555556,Neutral,True,-0.2777777777777779,Neutral,True,,,False
2025-08-15,EURUSD,1.1747685185185184,Neutral,1.1747685185185184,Neutral,True,1.1747685185185184,Neutral,True,1.1747685185185184,Neutral,True,1.1747685185185184,Neutral,True
2025-08-15,GBPUSD,2.193287037037037,Bullish,2.193287037037037,Bullish,True,2.193287037037037,Bullish,True,2.193287037037037,Bullish,True,2.193287037037037,Bullish,True
2025-08-15,USDJPY,-0.9895833333333333,Neutral,-0.9895833333333333,Neutral,True,-0.9895833333333333,Neutral,True,-0.9895833333333333,Neutral,True,-0.9895833333333333,Neutral,True
2025-08-15,USDCHF,-2.0610119047619047,Bearish,-2.1006944444444446,Bearish,True,-2.1006944444444446,Bearish,True,-1.5972222222222223,Bearish,True,,,False
2025-08-15,USDCAD,-0.7118055555555555,Neutral,-0.7118055555555555,Neutral,True,-0.7118055555555555,Neutral,True,-0.7118055555555555,Neutral,True,-0.7118055555555555,Neutral,True
2025-08-15,AUDUSD,1.6377314814814814,Bullish,1.6377314814814814,Bullish,True,1.6377314814814814,Bullish,True,1.6377314814814814,Bullish,True,1.6377314814814814,Bullish,True
2025-08-15,NZDUSD,0.8110119047619047,Neutral,1.0821759259259258,Neutral,True,1.0821759259259258,Neutral,True,0.5787037037037037,Neutral,True,,,False
2025-08-15,EURGBP,-1.0185185185185188,Neutral,-1.0185185185185188,Neutral,True,-1.0185185185185188,Neutral,True,-1.0185185185185188,Neutral,True,-1.0185185185185188,Neutral,True
2025-08-15,EURJPY,0.18518518518518515,Neutral,0.18518518518518515,Neutral,True,0.18518518518518515,Neutral,True,0.18518518518518515,Neutral,True,0.18518518518518515,Neutral,True
2025-08-15,EURCHF,-0.8862433862433863,Neutral,-0.925925925925926,Neutral,True,-0.925925925925926,Neutral,True,-1.3271604938271606,Bearish,True,,,False
2025-08-15,EURAUD,-0.46296296296296313,Neutral,-0.46296296296296313,Neutral,True,-0.46296296296296313,Neutral,True,-0.46296296296296313,Neutral,True,-0.46296296296296313,Neutral,True
2025-08-15,EURNZD,0.3637566137566137,Neutral,0.0925925925925925,Neutral,True,0.0925925925925925,Neutral,True,-0.3086419753086421,Neutral,True,,,False
2025-08-15,EURCAD,0.4629629629629629,Neutral,0.4629629629629629,Neutral,True,0.4629629629629629,Neutral,True,0.4629629629629629,Neutral,True,0.4629629629629629,Neutral,True
2025-08-15,GBPJPY,1.203703703703704,Neutral,1.203703703703704,Neutral,True,1.203703703703704,Neutral,True,1.203703703703704,Neutral,True,1.203703703703704,Neutral,True
2025-08-15,GBPCHF,0.13227513227513255,Neutral,0.09259259259259278,Neutral,True,0.09259259259259278,Neutral,True,0.3086419753086418,Neutral,True,,,False
2025-08-15,GBPAUD,0.5555555555555557,Neutral,0.5555555555555557,Neutral,True,0.5555555555555557,Neutral,True,0.5555555555555557,Neutral,True,0.5555555555555557,Neutral,True
2025-08-15,GBPNZD,1.3822751322751325,Bullish,1.1111111111111114,Neutral,True,1.1111111111111114,Neutral,True,1.3271604938271604,Bullish,True,,,False
2025-08-15,GBPCAD,1.4814814814814818,Bullish,1.4814814814814818,Bullish,True,1.4814814814814818,Bullish,True,1.4814814814814818,Bullish,True,1.4814814814814818,Bullish,True
2025-08-15,AUDJPY,0.6481481481481483,Neutral,0.6481481481481483,Neutral,True,0.6481481481481483,Neutral,True,0.6481481481481483,Neutral,True,0.6481481481481483,Neutral,True
2025-08-15,NZDJPY,-0.17857142857142855,Neutral,0.09259259259259264,Neutral,True,0.09259259259259264,Neutral,True,0.37037037037037046,Neutral,True,,,False
2025-08-15,CADJPY,-0.2777777777777778,Neutral,-0.2777777777777778,Neutral,True,-0.2777777777777778,Neutral,True,-0.2777777777777778,Neutral,True,-0.2777777777777778,Neutral,True
2025-08-15,CHFJPY,1.0714285714285714,Neutral,1.1111111111111112,Neutral,True,1.1111111111111112,Neutral,True,1.3888888888888888,Bullish,True,,,False
2025-08-15,AUDNZD,0.8267195767195767,Neutral,0.5555555555555556,Neutral,True,0.5555555555555556,Neutral,True,0.49382716049382713,Neutral,True,,,False
2025-08-15,AUDCAD,0.925925925925926,Neutral,0.925925925925926,Neutral,True,0.925925925925926,Neutral,True,0.925925925925926,Neutral,True,0.925925925925926,Neutral,True
2025-08-15,AUDCHF,-0.42328042328042315,Neutral,-0.4629629629629629,Neutral,True,-0.4629629629629629,Neutral,True,-0.5246913580246914,Neutral,True,,,False
2025-08-15,NZDCAD,0.09920634920634924,Neutral,0.37037037037037046,Neutral,True,0.37037037037037046,Neutral,True,0.462962962962963,Neutral,True,,,False
2025-08-15,NZDCHF,-1.25,Neutral,-1.0185185185185186,Neutral,True,-1.0185185185185186,Neutral,True,-1.0185185185185186,Neutral,True,,,False
2025-08-15,CADCHF,-1.3492063492063493,Bearish,-1.3888888888888888,Bearish,True,-1.3888888888888888,Bearish,True,-1.4814814814814814,Bearish,True,,,False
2025-08-22,EURUSD,0.8796296296296295,Neutral,0.8796296296296295,Neutral,True,0.8796296296296295,Neutral,True,0.8796296296296293,Neutral,True,0.8796296296296295,Neutral,True
2025-08-22,GBPUSD,1.8981481481481484,Bullish,1.8981481481481484,Bullish,True,1.8981481481481484,Bullish,True,1.898148148148148,Bullish,True,1.8981481481481484,Bullish,True
2025-08-22,USDJPY,-1.5277777777777777,Bearish,-1.5277777777777777,Bearish,True,-1.5277777777777777,Bearish,True,-1.5277777777777777,Bearish,True,-1.5277777777777777,Bearish,True
2025-08-22,USDCHF,-2.6785714285714284,Bearish,-2.638888888888889,Bearish,True,-2.638888888888889,Bearish,True,-2.2222222222222223,Bearish,True,,,False
2025-08-22,USDCAD,-0.8796296296296295,Neutral,-0.8796296296296295,Neutral,True,-0.8796296296296295,Neutral,True,-0.8796296296296293,Neutral,True,-0.8796296296296295,Neutral,True
2025-08-22,AUDUSD,1.8981481481481484,Bullish,1.8981481481481484,Bullish,True,1.8981481481481484,Bullish,True,1.898148148148148,Bullish,True,1.8981481481481484,Bullish,True
2025-08-22,NZDUSD,0.7142857142857143,Neutral,0.8796296296296295,Neutral,True,0.8796296296296295,Neutral,True,0.46296296296296285,Neutral,True,,,False
2025-08-22,EURGBP,-1.0185185185185186,Neutral,-1.0185185185185186,Neutral,True,-1.0185185185185186,Neutral,True,-1.0185185185185186,Neutral,True,-1.0185185185185186,Neutral,True
2025-08-22,EURJPY,-0.6481481481481481,Neutral,-0.6481481481481481,Neutral,True,-0.6481481481481481,Neutral,True,-0.6481481481481481,Neutral,True,-0.6481481481481481,Neutral,True
2025-08-22,EURCHF,-1.7989417989417988,Bearish,-1.7592592592592593,Bearish,True,-1.7592592592592593,Bearish,True,-1.6049382716049383,Bearish,True,,,False
2025-08-22,EURAUD,-1.0185185185185186,Neutral,-1.0185185185185186,Neutral,True,-1.0185185185185186,Neutral,True,-1.0185185185185186,Neutral,True,-1.0185185185185186,Neutral,True
2025-08-22,EURNZD,0.1653439153439153,Neutral,0.0,Neutral,True,0.0,Neutral,True,0.15432098765432092,Neutral,True,,,False
2025-08-22,EURCAD,0.0,Neutral,0.0,Neutral,True,0.0,Neutral,True,0.0,Neutral,True,0.0,Neutral,True
2025-08-22,GBPJPY,0.37037037037037046,Neutral,0.37037037037037046,Neutral,True,0.37037037037037046,Neutral,True,0.37037037037037046,Neutral,True,0.37037037037037046,Neutral,True
2025-08-22,GBPCHF,-0.7804232804232801,Neutral,-0.7407407407407406,Neutral,True,-0.7407407407407406,Neutral,True,-0.7098765432098764,Neutral,True,,,False
2025-08-22,GBPAUD,0.0,Neutral,0.0,Neutral,True,0.0,Neutral,True,0.0,Neutral,True,0.0,Neutral,True
2025-08-22,GBPNZD,1.183862433862434,Neutral,1.0185185185185186,Neutral,True,1.0185185185185186,Neutral,True,1.049382716049383,Neutral,True,,,False
2025-08-22,GBPCAD,1.0185185185185186,Neutral,1.0185185185185186,Neutral,True,1.0185185185185186,Neutral,True,1.0185185185185186,Neutral,True,1.0185185185185186,Neutral,True
2025-08-22,AUDJPY,0.37037037037037046,Neutral,0.37037037037037046,Neutral,True,0.37037037037037046,Neutral,True,0.37037037037037046,Neutral,True,0.37037037037037046,Neutral,True
2025-08-22,NZDJPY,-0.8134920634920635,Neutral,-0.6481481481481481,Neutral,True,-0.6481481481481481,Neutral,True,-0.5555555555555556,Neutral,True,,,False
2025-08-22,CADJPY,-0.6481481481481481,Neutral,-0.6481481481481481,Neutral,True,-0.6481481481481481,Neutral,True,-0.6481481481481481,Neutral,True,-0.6481481481481481,Neutral,True
2025-08-22,CHFJPY,1.1507936507936507,Neutral,1.1111111111111112,Neutral,True,1.1111111111111112,Neutral,True,1.2037037037037037,Neutral,True,,,False
2025-08-22,AUDNZD,1.183862433862434,Neutral,1.0185185185185186,Neutral,True,1.0185185185185186,Neutral,True,0.9567901234567902,Neutral,True,,,False
2025-08-22,AUDCAD,1.0185185185185186,Neutral,1.0185185185185186,Neutral,True,1.0185185185185186,Neutral,True,1.0185185185185186,Neutral,True,1.0185185185185186,Neutral,True
2025-08-22,AUDCHF,-0.7804232804232801,Neutral,-0.7407407407407406,Neutral,True,-0.7407407407407406,Neutral,True,-0.802469135802469,Neutral,True,,,False
2025-08-22,NZDCAD,-0.1653439153439153,Neutral,0.0,Neutral,True,0.0,Neutral,True,-0.5246913580246915,Neutral,True,,,False
2025-08-22,NZDCHF,-1.964285714285714,Bearish,-1.7592592592592593,Bearish,True,-1.7592592592592593,Bearish,True,-1.7592592592592593,Bearish,True,,,False
2025-08-22,CADCHF,-1.7989417989417988,Bearish,-1.7592592592592593,Bearish,True,-1.7592592592592593,Bearish,True,-1.2345679012345678,Neutral,True,,,False
2025-08-29,EURUSD,1.4004629629629626,Bullish,1.4004629629629626,Bullish,True,1.4004629629629626,Bullish,True,1.400462962962963,Bullish,True,1.4004629629629626,Bullish,True
2025-08-29,GBPUSD,2.4189814814814814,Bullish,2.4189814814814814,Bullish,True,2.4189814814814814,Bullish,True,2.418981481481482,Bullish,True,2.4189814814814814,Bullish,True
2025-08-29,USDJPY,-1.770833333333333,Bearish,-1.770833333333333,Bearish,True,-1.770833333333333,Bearish,True,-1.7708333333333335,Bearish,True,-1.770833333333333,Bearish,True
2025-08-29,USDCHF,-2.842261904761904,Bearish,-2.789351851851851,Bearish,True,-2.789351851851851,Bearish,True,-1.7129629629629628,Bearish,True,,,False
2025-08-29,USDCAD,-1.1226851851851847,Neutral,-1.1226851851851847,Neutral,True,-1.1226851851851847,Neutral,True,-1.1226851851851851,Neutral,True,-1.1226851851851847,Neutral,True
2025-08-29,AUDUSD,2.6967592592592586,Bullish,2.6967592592592586,Bullish,True,2.6967592592592586,Bullish,True,2.6967592592592595,Bullish,True,2.6967592592592586,Bullish,True
2025-08-29,NZDUSD,1.4136904761904758,Bullish,1.4930555555555554,Bullish,True,1.4930555555555554,Bullish,True,0.4166666666666665,Neutral,True,,,False
2025-08-29,EURGBP,-1.0185185185185186,Neutral,-1.0185185185185186,Neutral,True,-1.0185185185185186,Neutral,True,-1.0185185185185186,Neutral,True,-1.0185185185185186,Neutral,True
2025-08-29,EURJPY,-0.3703703703703704,Neutral,-0.3703703703703704,Neutral,True,-0.3703703703703704,Neutral,True,-0.3703703703703704,Neutral,True,-0.3703703703703704,Neutral,True
2025-08-29,EURCHF,-1.4417989417989419,Bearish,-1.3888888888888888,Bearish,True,-1.3888888888888888,Bearish,True,-1.2345679012345678,Neutral,True,,,False
2025-08-29,EURAUD,-1.2962962962962963,Neutral,-1.2962962962962963,Neutral,True,-1.2962962962962963,Neutral,True,-1.2962962962962963,Neutral,True,-1.2962962962962963,Neutral,True
2025-08-29,EURNZD,-0.01322751322751331,Neutral,-0.09259259259259262,Neutral,True,-0.09259259259259262,Neutral,True,0.06172839506172831,Neutral,True,,,False
2025-08-29,EURCAD,0.27777777777777785,Neutral,0.27777777777777785,Neutral,True,0.27777777777777785,Neutral,True,0.27777777777777785,Neutral,True,0.27777777777777785,Neutral,True
2025-08-29,GBPJPY,0.6481481481481483,Neutral,0.6481481481481483,Neutral,True,0.6481481481481483,Neutral,True,0.6481481481481483,Neutral,True,0.6481481481481483,Neutral,True
2025-08-29,GBPCHF,-0.42328042328042315,Neutral,-0.37037037037037013,Neutral,True,-0.37037037037037013,Neutral,True,-0.3395061728395059,Neutral,True,,,False
2025-08-29,GBPAUD,-0.27777777777777757,Neutral,-0.27777777777777757,Neutral,True,-0.27777777777777757,Neutral,True,-0.27777777777777757,Neutral,True,-0.27777777777777757,Neutral,True
2025-08-29,GBPNZD,1.0052910052910053,Neutral,0.925925925925926,Neutral,True,0.925925925925926,Neutral,True,0.9567901234567903,Neutral,True,,,False
2025-08-29,GBPCAD,1.2962962962962965,Neutral,1.2962962962962965,Neutral,True,1.2962962962962965,Neutral,True,1.2962962962962965,Neutral,True,1.2962962962962965,Neutral,True
2025-08-29,AUDJPY,0.9259259259259258,Neutral,0.9259259259259258,Neutral,True,0.9259259259259258,Neutral,True,0.9259259259259258,Neutral,True,0.9259259259259258,Neutral,True
2025-08-29,NZDJPY,-0.3571428571428571,Neutral,-0.2777777777777778,Neutral,True,-0.2777777777777778,Neutral,True,-0.09259259259259264,Neutral,True,,,False
2025-08-29,CADJPY,-0.6481481481481483,Neutral,-0.6481481481481483,Neutral,True,-0.6481481481481483,Neutral,True,-0.6481481481481483,Neutral,True,-0.6481481481481483,Neutral,True
2025-08-29,CHFJPY,1.0714285714285714,Neutral,1.0185185185185184,Neutral,True,1.0185185185185184,Neutral,True,1.2037037037037035,Neutral,True,,,False
2025-08-29,AUDNZD,1.2830687830687828,Neutral,1.2037037037037037,Neutral,True,1.2037037037037037,Neutral,True,1.3271604938271606,Bullish,True,,,False
2025-08-29,AUDCAD,1.574074074074074,Bullish,1.574074074074074,Bullish,True,1.574074074074074,Bullish,True,1.574074074074074,Bullish,True,1.574074074074074,Bullish,True
2025-08-29,AUDCHF,-0.14550264550264558,Neutral,-0.09259259259259256,Neutral,True,-0.09259259259259256,Neutral,True,0.030864197530864335,Neutral,True,,,False
2025-08-29,NZDCAD,0.29100529100529116,Neutral,0.37037037037037046,Neutral,True,0.37037037037037046,Neutral,True,-0.154320987654321,Neutral,True,,,False
2025-08-29,NZDCHF,-1.4285714285714284,Bearish,-1.2962962962962963,Neutral,True,-1.2962962962962963,Neutral,True,-1.2962962962962963,Neutral,True,,,False
2025-08-29,CADCHF,-1.7195767195767195,Bearish,-1.6666666666666665,Bearish,True,-1.6666666666666665,Bearish,True,-1.1419753086419753,Neutral,True,,,False
2025-09-05,EURUSD,0.1967592592592592,Neutral,0.1967592592592592,Neutral,True,0.1967592592592592,Neutral,True,0.1967592592592592,Neutral,True,0.1967592592592592,Neutral,True
2025-09-05,GBPUSD,2.2800925925925926,Bullish,2.2800925925925926,Bullish,True,2.2800925925925926,Bullish,True,2.2800925925925926,Bullish,True,2.2800925925925926,Bullish,True
2025-09-05,USDJPY,-2.6041666666666665,Bearish,-2.6041666666666665,Bearish,True,-2.6041666666666665,Bearish,True,-2.6041666666666665,Bearish,True,-2.6041666666666665,Bearish,True
2025-09-05,USDCHF,-0.5803571428571429,Neutral,-0.4745370370370371,Neutral,True,-0.4745370370370371,Neutral,True,0.04629629629629628,Neutral,True,,,False
2025-09-05,USDCAD,-0.1967592592592593,Neutral,-0.1967592592592593,Neutral,True,-0.1967592592592593,Neutral,True,-0.1967592592592593,Neutral,True,-0.1967592592592593,Neutral,True
2025-09-05,AUDUSD,2.6967592592592595,Bullish,2.6967592592592595,Bullish,True,2.6967592592592595,Bullish,True,2.6967592592592595,Bullish,True,2.6967592592592595,Bullish,True
2025-09-05,NZDUSD,0.5803571428571429,Neutral,0.6597222222222222,Neutral,True,0.6597222222222222,Neutral,True,0.13888888888888884,Neutral,True,,,False
2025-09-05,EURGBP,-2.0833333333333335,Bearish,-2.0833333333333335,Bearish,True,-2.0833333333333335,Bearish,True,-2.0833333333333335,Bearish,True,-2.0833333333333335,Bearish,True
2025-09-05,EURJPY,-2.4074074074074074,Bearish,-2.4074074074074074,Bearish,True,-2.4074074074074074,Bearish,True,-2.4074074074074074,Bearish,True,-2.4074074074074074,Bearish,True
2025-09-05,EURCHF,-0.3835978835978837,Neutral,-0.2777777777777779,Neutral,True,-0.2777777777777779,Neutral,True,-0.24691358024691368,Neutral,True,,,False
2025-09-05,EURAUD,-2.5,Bearish,-2.5,Bearish,True,-2.5,Bearish,True,-2.5,Bearish,True,-2.5,Bearish,True
2025-09-05,EURNZD,-0.3835978835978837,Neutral,-0.462962962962963,Neutral,True,-0.462962962962963,Neutral,True,-0.4320987654320988,Neutral,True,,,False
2025-09-05,EURCAD,-1.1102230246251565e-16,Neutral,-1.1102230246251565e-16,Neutral,True,-1.1102230246251565e-16,Neutral,True,-1.1102230246251565e-16,Neutral,True,-1.1102230246251565e-16,Neutral,True
2025-09-05,GBPJPY,-0.32407407407407374,Neutral,-0.32407407407407374,Neutral,True,-0.32407407407407374,Neutral,True,-0.32407407407407374,Neutral,True,-0.32407407407407374,Neutral,True
2025-09-05,GBPCHF,1.6997354497354498,Bullish,1.8055555555555558,Bullish,True,1.8055555555555558,Bullish,True,1.2345679012345678,Neutral,True,,,False
2025-09-05,GBPAUD,-0.4166666666666665,Neutral,-0.4166666666666665,Neutral,True,-0.4166666666666665,Neutral,True,-0.4166666666666665,Neutral,True,-0.4166666666666665,Neutral,True
2025-09-05,GBPNZD,1.6997354497354498,Bullish,1.6203703703703707,Bullish,True,1.6203703703703707,Bullish,True,1.0493827160493827,Neutral,True,,,False
2025-09-05,GBPCAD,2.0833333333333335,Bullish,2.0833333333333335,Bullish,True,2.0833333333333335,Bullish,True,2.0833333333333335,Bullish,True,2.0833333333333335,Bullish,True
2025-09-05,AUDJPY,0.09259259259259278,Neutral,0.09259259259259278,Neutral,True,0.09259259259259278,Neutral,True,0.09259259259259278,Neutral,True,0.09259259259259278,Neutral,True
2025-09-05,NZDJPY,-2.0238095238095237,Bearish,-1.9444444444444442,Bearish,True,-1.9444444444444442,Bearish,True,-1.4814814814814814,Bearish,True,,,False
2025-09-05,CADJPY,-2.4074074074074074,Bearish,-2.4074074074074074,Bearish,True,-2.4074074074074074,Bearish,True,-2.4074074074074074,Bearish,True,-2.4074074074074074,Bearish,True
2025-09-05,CHFJPY,-2.0238095238095237,Bearish,-2.1296296296296293,Bearish,True,-2.1296296296296293,Bearish,True,-1.6666666666666665,Bearish,True,,,False
2025-09-05,AUDNZD,2.1164021164021163,Bullish,2.037037037037037,Bullish,True,2.037037037037037,Bullish,True,2.4382716049382713,Bullish,True,,,False
2025-09-05,AUDCAD,2.5,Bullish,2.5,Bullish,True,2.5,Bullish,True,2.5,Bullish,True,2.5,Bullish,True
2025-09-05,AUDCHF,2.1164021164021163,Bullish,2.2222222222222223,Bullish,True,2.2222222222222223,Bullish,True,2.6234567901234565,Bullish,True,,,False
2025-09-05,NZDCAD,0.3835978835978836,Neutral,0.4629629629629629,Neutral,True,0.4629629629629629,Neutral,True,0.06172839506172828,Neutral,True,,,False
2025-09-05,NZDCHF,0.0,Neutral,0.18518518518518512,Neutral,True,0.18518518518518512,Neutral,True,0.18518518518518512,Neutral,True,,,False
2025-09-05,CADCHF,-0.3835978835978836,Neutral,-0.2777777777777778,Neutral,True,-0.2777777777777778,Neutral,True,0.12345679012345684,Neutral,True,,,False
2025-09-12,EURUSD,-0.4282407407407408,Neutral,-0.4282407407407408,Neutral,True,-0.4282407407407408,Neutral,True,-0.4282407407407408,Neutral,True,-0.4282407407407408,Neutral,True
2025-09-12,GBPUSD,1.3773148148148149,Bullish,1.3773148148148149,Bullish,True,1.3773148148148149,Bullish,True,1.3773148148148149,Bullish,True,1.3773148148148149,Bullish,True
2025-09-12,USDJPY,-1.7013888888888888,Bearish,-1.7013888888888888,Bearish,True,-1.7013888888888888,Bearish,True,-1.7013888888888888,Bearish,True,-1.7013888888888888,Bearish,True
2025-09-12,USDCHF,-0.3125,Neutral,-0.12731481481481485,Neutral,True,-0.12731481481481485,Neutral,True,-0.23148148148148148,Neutral,True,,,False
2025-09-12,USDCAD,0.7060185185185184,Neutral,0.7060185185185184,Neutral,True,0.7060185185185184,Neutral,True,0.7060185185185184,Neutral,True,0.7060185185185184,Neutral,True
2025-09-12,AUDUSD,1.7939814814814814,Bullish,1.7939814814814814,Bullish,True,1.7939814814814814,Bullish,True,1.7939814814814814,Bullish,True,1.7939814814814814,Bullish,True
2025-09-12,NZDUSD,0.3125,Neutral,0.3125,Neutral,True,0.3125,Neutral,True,0.41666666666666663,Neutral,True,,,False
2025-09-12,EURGBP,-1.8055555555555558,Bearish,-1.8055555555555558,Bearish,True,-1.8055555555555558,Bearish,True,-1.8055555555555558,Bearish,True,-1.8055555555555558,Bearish,True
2025-09-12,EURJPY,-2.1296296296296298,Bearish,-2.1296296296296298,Bearish,True,-2.1296296296296298,Bearish,True,-2.1296296296296298,Bearish,True,-2.1296296296296298,Bearish,True
2025-09-12,EURCHF,-0.7407407407407408,Neutral,-0.5555555555555557,Neutral,True,-0.5555555555555557,Neutral,True,-0.5246913580246915,Neutral,True,,,False
2025-09-12,EURAUD,-2.2222222222222223,Bearish,-2.2222222222222223,Bearish,True,-2.2222222222222223,Bearish,True,-2.2222222222222223,Bearish,True,-2.2222222222222223,Bearish,True
2025-09-12,EURNZD,-0.7407407407407408,Neutral,-0.7407407407407408,Neutral,True,-0.7407407407407408,Neutral,True,-0.7098765432098766,Neutral,True,,,False
2025-09-12,EURCAD,0.27777777777777757,Neutral,0.27777777777777757,Neutral,True,0.27777777777777757,Neutral,True,0.27777777777777757,Neutral,True,0.27777777777777757,Neutral,True
2025-09-12,GBPJPY,-0.32407407407407396,Neutral,-0.32407407407407396,Neutral,True,-0.32407407407407396,Neutral,True,-0.32407407407407396,Neutral,True,-0.32407407407407396,Neutral,True
2025-09-12,GBPCHF,1.0648148148148149,Neutral,1.25,Neutral,True,1.25,Neutral,True,0.6790123456790124,Neutral,True,,,False
2025-09-12,GBPAUD,-0.4166666666666665,Neutral,-0.4166666666666665,Neutral,True,-0.4166666666666665,Neutral,True,-0.4166666666666665,Neutral,True,-0.4166666666666665,Neutral,True
2025-09-12,GBPNZD,1.0648148148148149,Neutral,1.0648148148148149,Neutral,True,1.0648148148148149,Neutral,True,0.4938271604938272,Neutral,True,,,False
2025-09-12,GBPCAD,2.083333333333333,Bullish,2.083333333333333,Bullish,True,2.083333333333333,Bullish,True,2.083333333333333,Bullish,True,2.083333333333333,Bullish,True
2025-09-12,AUDJPY,0.09259259259259256,Neutral,0.09259259259259256,Neutral,True,0.09259259259259256,Neutral,True,0.09259259259259256,Neutral,True,0.09259259259259256,Neutral,True
2025-09-12,NZDJPY,-1.3888888888888888,Bearish,-1.3888888888888888,Bearish,True,-1.3888888888888888,Bearish,True,-0.9259259259259258,Neutral,True,,,False
2025-09-12,CADJPY,-2.4074074074074074,Bearish,-2.4074074074074074,Bearish,True,-2.4074074074074074,Bearish,True,-2.4074074074074074,Bearish,True,-2.4074074074074074,Bearish,True
2025-09-12,CHFJPY,-1.3888888888888888,Bearish,-1.574074074074074,Bearish,True,-1.574074074074074,Bearish,True,-1.111111111111111,Neutral,True,,,False
2025-09-12,AUDNZD,1.4814814814814814,Bullish,1.4814814814814814,Bullish,True,1.4814814814814814,Bullish,True,1.882716049382716,Bullish,True,,,False
2025-09-12,AUDCAD,2.5,Bullish,2.5,Bullish,True,2.5,Bullish,True,2.5,Bullish,True,2.5,Bullish,True
2025-09-12,AUDCHF,1.4814814814814814,Bullish,1.6666666666666665,Bullish,True,1.6666666666666665,Bullish,True,2.067901234567901,Bullish,True,,,False
2025-09-12,NZDCAD,1.0185185185185184,Neutral,1.0185185185185184,Neutral,True,1.0185185185185184,Neutral,True,0.061728395061728294,Neutral,True,,,False
2025-09-12,NZDCHF,0.0,Neutral,0.18518518518518515,Neutral,True,0.18518518518518515,Neutral,True,0.18518518518518515,Neutral,True,,,False
2025-09-12,CADCHF,-1.0185185185185184,Neutral,-0.8333333333333333,Neutral,True,-0.8333333333333333,Neutral,True,0.12345679012345685,Neutral,True,,,False
2025-09-19,EURUSD,1.057809454191033,Neutral,1.0315088937621832,Neutral,True,1.0315088937621832,Neutral,True,1.0315088937621832,Neutral,True,1.0315088937621832,Neutral,True
2025-09-19,GBPUSD,2.0933845029239766,Bullish,2.0701297514619883,Bullish,True,2.0701297514619883,Bullish,True,2.0701297514619883,Bullish,True,2.0701297514619883,Bullish,True
2025-09-19,USDJPY,-1.6620979532163744,Bearish,-1.6669864766081872,Bearish,True,-1.6669864766081872,Bearish,True,-1.6669864766081872,Bearish,True,-1.6669864766081872,Bearish,True
2025-09-19,USDCHF,-1.5900735294117645,Bearish,-1.2807778996101367,Neutral,True,-1.2807778996101367,Neutral,True,-0.6731846978557505,Neutral,True,,,False
2025-09-19,USDCAD,-0.034417641325536166,Neutral,-0.01981298732943487,Neutral,True,-0.01981298732943487,Neutral,True,-0.01981298732943487,Neutral,True,-0.01981298732943487,Neutral,True
2025-09-19,AUDUSD,1.8034234892787524,Bullish,1.7793159113060428,Bullish,True,1.7793159113060428,Bullish,True,1.7793159113060428,Bullish,True,1.7793159113060428,Bullish,True
2025-09-19,NZDUSD,-0.059086134453781504,Neutral,0.005193104288499073,Neutral,True,0.005193104288499073,Neutral,True,-0.6024000974658869,Neutral,True,,,False
2025-09-19,EURGBP,0.45833333333333326,Neutral,0.5008528265107214,Neutral,True,0.5008528265107214,Neutral,True,0.5008528265107214,Neutral,True,0.5008528265107214,Neutral,True
2025-09-19,EURJPY,-0.16666666666666652,Neutral,-0.12231968810916148,Neutral,True,-0.12231968810916148,Neutral,True,-0.12231968810916148,Neutral,True,-0.12231968810916148,Neutral,True
2025-09-19,EURCHF,-1.522633744855967,Bearish,-1.2755847953216377,Neutral,True,-1.2755847953216377,Neutral,True,-1.2478882391163093,Neutral,True,,,False
2025-09-19,EURAUD,-0.25,Neutral,-0.2346491228070174,Neutral,True,-0.2346491228070174,Neutral,True,-0.2346491228070174,Neutral,True,-0.2346491228070174,Neutral,True
2025-09-19,EURNZD,1.7313345091122867,Bullish,1.5394736842105263,Bullish,True,1.5394736842105263,Bullish,True,1.5671702404158547,Bullish,True,,,False
2025-09-19,EURCAD,1.9999999999999998,Bullish,2.038011695906433,Bullish,True,2.038011695906433,Bullish,True,2.038011695906433,Bullish,True,2.038011695906433,Bullish,True
2025-09-19,GBPJPY,0.875,Neutral,0.9163011695906433,Neutral,True,0.9163011695906433,Neutral,True,0.9163011695906433,Neutral,True,0.9163011695906433,Neutral,True
2025-09-19,GBPCHF,-1.0493827160493827,Neutral,-0.7501218323586747,Neutral,True,-0.7501218323586747,Neutral,True,-0.7085769980506824,Neutral,True,,,False
2025-09-19,GBPAUD,-0.7083333333333333,Neutral,-0.7355019493177388,Neutral,True,-0.7355019493177388,Neutral,True,-0.7355019493177388,Neutral,True,-0.7355019493177388,Neutral,True
2025-09-19,GBPNZD,2.760141093474427,Bullish,2.5780945419103314,Bullish,True,2.5780945419103314,Bullish,True,2.619639376218324,Bullish,True,,,False
2025-09-19,GBPCAD,2.5416666666666665,Bullish,2.5634746588693957,Bullish,True,2.5634746588693957,Bullish,True,2.5634746588693957,Bullish,True,2.5634746588693957,Bullish,True
2025-09-19,AUDJPY,0.5833333333333333,Neutral,0.625487329434698,Neutral,True,0.625487329434698,Neutral,True,0.625487329434698,Neutral,True,0.625487329434698,Neutral,True
2025-09-19,NZDJPY,-2.2663139329805997,Bearish,-2.1749512670565303,Bearish,True,-2.1749512670565303,Bearish,True,-1.6764132553606237,Bearish,True,,,False
2025-09-19,CADJPY,-1.166666666666667,Neutral,-1.1340155945419104,Neutral,True,-1.1340155945419104,Neutral,True,-1.1340155945419104,Neutral,True,-1.1340155945419104,Neutral,True
2025-09-19,CHFJPY,0.43209876543209874,Neutral,0.12694931773879173,Neutral,True,0.12694931773879173,Neutral,True,0.6254873294346983,Neutral,True,,,False
2025-09-19,AUDNZD,2.4720752498530274,Bullish,2.287280701754386,Bullish,True,2.287280701754386,Bullish,True,2.564246263807667,Bullish,True,,,False
2025-09-19,AUDCAD,2.75,Bullish,2.785818713450292,Bullish,True,2.785818713450292,Bullish,True,2.785818713450292,Bullish,True,2.785818713450292,Bullish,True
2025-09-19,AUDCHF,-0.22633744855967086,Neutral,-0.01461988304093583,Neutral,True,-0.01461988304093583,Neutral,True,0.2623456790123453,Neutral,True,,,False
2025-09-19,NZDCAD,-1.23750734861846,Neutral,-1.04093567251462,Neutral,True,-1.04093567251462,Neutral,True,-1.8995289148797923,Bearish,True,,,False
2025-09-19,NZDCHF,-2.34375,Bearish,-1.7887426900584797,Bearish,True,-1.7887426900584797,Bearish,True,-1.7887426900584797,Bearish,True,,,False
2025-09-19,CADCHF,-2.57201646090535,Bearish,-2.287280701754386,Bearish,True,-2.287280701754386,Bearish,True,-1.428687459389214,Bearish,True,,,False
2025-09-26,EURUSD,1.2442129629629628,Neutral,1.218460648148148,Neutral,True,1.218460648148148,Neutral,True,1.218460648148148,Neutral,True,1.218460648148148,Neutral,True
2025-09-26,GBPUSD,1.007858187134503,Neutral,0.9961165935672514,Neutral,True,0.9961165935672514,Neutral,True,0.9961165935672514,Neutral,True,0.9961165935672514,Neutral,True
2025-09-26,USDJPY,-0.29879385964912264,Neutral,-0.32908442982456126,Neutral,True,-0.32908442982456126,Neutral,True,-0.32908442982456126,Neutral,True,-0.32908442982456126,Neutral,True
2025-09-26,USDCHF,-0.40835084033613445,Neutral,-0.2213846247563354,Neutral,True,-0.2213846247563354,Neutral,True,-0.1746466861598442,Neutral,True,,,False
2025-09-26,USDCAD,0.968262670565302,Neutral,0.9711105019493177,Neutral,True,0.9711105019493177,Neutral,True,0.9711105019493177,Neutral,True,0.9711105019493177,Neutral,True
2025-09-26,AUDUSD,1.9898269980506824,Bullish,1.9662676656920077,Bullish,True,1.9662676656920077,Bullish,True,1.9662676656920077,Bullish,True,1.9662676656920077,Bullish,True
2025-09-26,NZDUSD,-1.7870273109243697,Bearish,-1.5819779483430798,Bearish,True,-1.5819779483430798,Bearish,True,-1.628715886939571,Bearish,True,,,False
2025-09-26,EURGBP,1.2083333333333333,Neutral,1.2486598440545809,Neutral,True,1.2486598440545809,Neutral,True,1.2486598440545809,Neutral,True,1.2486598440545809,Neutral,True
2025-09-26,EURJPY,0.3333333333333335,Neutral,0.37621832358674495,Neutral,True,0.37621832358674495,Neutral,True,0.37621832358674495,Neutral,True,0.37621832358674495,Neutral,True
2025-09-26,EURCHF,-0.14697236919459158,Neutral,-0.02923976608187166,Neutral,True,-0.02923976608187166,Neutral,True,-0.5000812215724497,Neutral,True,,,False
2025-09-26,EURAUD,0.2499999999999999,Neutral,0.27850877192982465,Neutral,True,0.27850877192982465,Neutral,True,0.27850877192982465,Neutral,True,0.27850877192982465,Neutral,True
2025-09-26,EURNZD,2.4720752498530274,Bullish,2.287280701754386,Bullish,True,2.287280701754386,Bullish,True,1.8164392462638077,Bullish,True,,,False
2025-09-26,EURCAD,2.666666666666666,Bullish,2.7027290448343075,Bullish,True,2.7027290448343075,Bullish,True,2.7027290448343075,Bullish,True,2.7027290448343075,Bullish,True
2025-09-26,GBPJPY,0.6250000000000001,Neutral,0.6670321637426903,Neutral,True,0.6670321637426903,Neutral,True,0.6670321637426903,Neutral,True,0.6670321637426903,Neutral,True
2025-09-26,GBPCHF,-0.4144620811287478,Neutral,-0.2515838206627682,Neutral,True,-0.2515838206627682,Neutral,True,-0.2100389863547761,Neutral,True,,,False
2025-09-26,GBPAUD,-1.4583333333333335,Bearish,-1.4833089668615986,Bearish,True,-1.4833089668615986,Bearish,True,-1.4833089668615986,Bearish,True,-1.4833089668615986,Bearish,True
2025-09-26,GBPNZD,2.760141093474427,Bullish,2.5780945419103314,Bullish,True,2.5780945419103314,Bullish,True,2.619639376218324,Bullish,True,,,False
2025-09-26,GBPCAD,2.458333333333333,Bullish,2.4803849902534116,Bullish,True,2.4803849902534116,Bullish,True,2.4803849902534116,Bullish,True,2.4803849902534116,Bullish,True
2025-09-26,AUDJPY,1.0833333333333335,Neutral,1.1240253411306047,Neutral,True,1.1240253411306047,Neutral,True,1.1240253411306047,Neutral,True,1.1240253411306047,Neutral,True
2025-09-26,NZDJPY,-2.5132275132275135,Bearish,-2.424220272904483,Bearish,True,-2.424220272904483,Bearish,True,-2.0918615984405458,Bearish,True,,,False
2025-09-26,CADJPY,-1.333333333333333,Bearish,-1.3001949317738788,Bearish,True,-1.3001949317738788,Bearish,True,-1.3001949317738788,Bearish,True,-1.3001949317738788,Bearish,True
2025-09-26,CHFJPY,-0.4497354497354494,Neutral,-0.6208576998050683,Neutral,True,-0.6208576998050683,Neutral,True,-0.2884990253411305,Neutral,True,,,False
2025-09-26,AUDNZD,3.2128159905937688,Very Bullish,3.0350877192982457,Very Bullish,True,3.0350877192982457,Very Bullish,True,2.81351526965562,Bullish,True,,,False
2025-09-26,AUDCAD,3.416666666666667,Very Bullish,3.450536062378168,Very Bullish,True,3.450536062378168,Very Bullish,True,3.450536062378168,Very Bullish,True,3.450536062378168,Very Bullish,True
2025-09-26,AUDCHF,0.5937683715461494,Neutral,0.7185672514619883,Neutral,True,0.7185672514619883,Neutral,True,0.49699480181936295,Neutral,True,,,False
2025-09-26,NZDCAD,-1.319811875367431,Bearish,-1.1240253411306045,Neutral,True,-1.1240253411306045,Neutral,True,-1.9272254710851202,Bearish,True,,,False
2025-09-26,NZDCHF,-1.71875,Bearish,-1.2902046783625731,Neutral,True,-1.2902046783625731,Neutral,True,-1.2902046783625731,Neutral,True,,,False
2025-09-26,CADCHF,-1.8547912992357438,Bearish,-1.7056530214424952,Bearish,True,-1.7056530214424952,Bearish,True,-0.9024528914879792,Neutral,True,,,False
2025-10-03,EURUSD,0.25006091617933707,Neutral,0.2213846247563353,Neutral,True,0.2213846247563353,Neutral,True,0.2213846247563353,Neutral,True,0.2213846247563353,Neutral,True
2025-10-03,GBPUSD,1.5341739766081872,Bullish,1.5092744883040934,Bullish,True,1.5092744883040934,Bullish,True,1.5092744883040934,Bullish,True,1.5092744883040934,Bullish,True
2025-10-03,USDJPY,-1.1613669590643276,Neutral,-1.1353709795321638,Neutral,True,-1.1353709795321638,Neutral,True,-1.1353709795321638,Neutral,True,-1.1353709795321638,Neutral,True
2025-10-03,USDCHF,-1.3537289915966386,Bearish,-1.1353709795321638,Neutral,True,-1.1353709795321638,Neutral,True,-1.0886330409356726,Neutral,True,,,False
2025-10-03,USDCAD,0.3054946393762184,Neutral,0.3063931530214426,Neutral,True,0.3063931530214426,Neutral,True,0.3063931530214426,Neutral,True,0.3063931530214426,Neutral,True
2025-10-03,AUDUSD,1.7412889863547756,Bullish,1.7169986598440545,Bullish,True,1.7169986598440545,Bullish,True,1.7169986598440545,Bullish,True,1.7169986598440545,Bullish,True
2025-10-03,NZDUSD,-1.7870273109243697,Bearish,-1.5819779483430798,Bearish,True,-1.5819779483430798,Bearish,True,-1.628715886939571,Bearish,True,,,False
2025-10-03,EURGBP,0.20833333333333326,Neutral,0.2515838206627682,Neutral,True,0.2515838206627682,Neutral,True,0.2515838206627682,Neutral,True,0.2515838206627682,Neutral,True
2025-10-03,EURJPY,0.5833333333333333,Neutral,0.625487329434698,Neutral,True,0.625487329434698,Neutral,True,0.625487329434698,Neutral,True,0.625487329434698,Neutral,True
2025-10-03,EURCHF,-2.087007642563198,Bearish,-1.9403021442495128,Bearish,True,-1.9403021442495128,Bearish,True,-1.9956952566601691,Bearish,True,,,False
2025-10-03,EURAUD,-1.0,Neutral,-0.9824561403508769,Neutral,True,-0.9824561403508769,Neutral,True,-0.9824561403508769,Neutral,True,-0.9824561403508769,Neutral,True
2025-10-03,EURNZD,1.4844209288653731,Bullish,1.2902046783625731,Neutral,True,1.2902046783625731,Neutral,True,1.234811565951917,Neutral,True,,,False
2025-10-03,EURCAD,1.0,Neutral,1.04093567251462,Neutral,True,1.04093567251462,Neutral,True,1.04093567251462,Neutral,True,1.04093567251462,Neutral,True
2025-10-03,GBPJPY,0.875,Neutral,0.8870614035087719,Neutral,True,0.8870614035087719,Neutral,True,0.8870614035087719,Neutral,True,0.8870614035087719,Neutral,True
2025-10-03,GBPCHF,-0.8112874779541446,Neutral,-0.6524122807017545,Neutral,True,-0.6524122807017545,Neutral,True,-0.6108674463937623,Neutral,True,,,False
2025-10-03,GBPAUD,-1.2083333333333333,Neutral,-1.2340399610136452,Neutral,True,-1.2340399610136452,Neutral,True,-1.2340399610136452,Neutral,True,-1.2340399610136452,Neutral,True
2025-10-03,GBPNZD,2.760141093474427,Bullish,2.5780945419103314,Bullish,True,2.5780945419103314,Bullish,True,2.619639376218324,Bullish,True,,,False
2025-10-03,GBPCAD,2.291666666666667,Bullish,2.3288255360623786,Bullish,True,2.3288255360623786,Bullish,True,2.3288255360623786,Bullish,True,2.3288255360623786,Bullish,True
2025-10-03,AUDJPY,2.083333333333333,Bullish,2.121101364522417,Bullish,True,2.121101364522417,Bullish,True,2.121101364522417,Bullish,True,2.121101364522417,Bullish,True
2025-10-03,NZDJPY,-1.8342151675485008,Bearish,-1.6910331384015596,Bearish,True,-1.6910331384015596,Bearish,True,-0.8601364522417155,Neutral,True,,,False
2025-10-03,CADJPY,-0.9166666666666667,Neutral,-0.9286062378167643,Neutral,True,-0.9286062378167643,Neutral,True,-0.9286062378167643,Neutral,True,-0.9286062378167643,Neutral,True
2025-10-03,CHFJPY,1.7372134038800704,Bullish,1.5394736842105263,Bullish,True,1.5394736842105263,Bullish,True,2.3703703703703702,Bullish,True,,,False
2025-10-03,AUDNZD,2.9659024103468545,Bullish,2.7858187134502925,Bullish,True,2.7858187134502925,Bullish,True,3.0627842755035735,Very Bullish,True,,,False
2025-10-03,AUDCAD,2.5,Bullish,2.5365497076023393,Bullish,True,2.5365497076023393,Bullish,True,2.5365497076023393,Bullish,True,2.5365497076023393,Bullish,True
2025-10-03,AUDCHF,-0.04997060552616111,Neutral,0.0684697855750485,Neutral,True,0.0684697855750485,Neutral,True,0.3454353476283297,Neutral,True,,,False
2025-10-03,NZDCAD,-1.422692533803645,Bearish,-1.2755847953216373,Neutral,True,-1.2755847953216373,Neutral,True,-2.3003573749187782,Bearish,True,,,False
2025-10-03,NZDCHF,-2.65625,Bearish,-2.2041910331384016,Bearish,True,-2.2041910331384016,Bearish,True,-2.2041910331384016,Bearish,True,,,False
2025-10-03,CADCHF,-2.1487360376249267,Bearish,-1.9549220272904486,Bearish,True,-1.9549220272904486,Bearish,True,-0.9301494476933075,Neutral,True,,,False
2025-10-10,EURUSD,-0.10745614035087717,Neutral,-0.12247807017543852,Neutral,True,-0.12247807017543852,Neutral,True,-0.12247807017543852,Neutral,True,-0.12247807017543852,Neutral,True
2025-10-10,GBPUSD,1.3837719298245612,Bullish,1.3731359649122807,Bullish,True,1.3731359649122807,Bullish,True,1.3731359649122807,Bullish,True,1.3731359649122807,Bullish,True
2025-10-10,USDJPY,1.6864035087719298,Bullish,1.661951754385965,Bullish,True,1.661951754385965,Bullish,True,1.661951754385965,Bullish,True,1.661951754385965,Bullish,True
2025-10-10,USDCHF,-1.2867647058823528,Neutral,-0.9723075048732945,Neutral,True,-0.9723075048732945,Neutral,True,-1.0096978557504874,Neutral,True,,,False
2025-10-10,USDCAD,0.3608674463937622,Neutral,0.3325170565302146,Neutral,True,0.3325170565302146,Neutral,True,0.3325170565302146,Neutral,True,0.3325170565302146,Neutral,True
2025-10-10,AUDUSD,1.7151559454191032,Bullish,1.7054946393762183,Bullish,True,1.7054946393762183,Bullish,True,1.7054946393762183,Bullish,True,1.7054946393762183,Bullish,True
2025-10-10,NZDUSD,-0.5934873949579832,Neutral,-0.5817860623781677,Neutral,True,-0.5817860623781677,Neutral,True,-0.5443957115009747,Neutral,True,,,False
2025-10-10,EURGBP,0.0,Neutral,0.04385964912280732,Neutral,True,0.04385964912280732,Neutral,True,0.04385964912280732,Neutral,True,0.04385964912280732,Neutral,True
2025-10-10,EURJPY,1.5,Bullish,1.5394736842105263,Bullish,True,1.5394736842105263,Bullish,True,1.5394736842105263,Bullish,True,1.5394736842105263,Bullish,True
2025-10-10,EURCHF,-1.8518518518518516,Bearish,-1.6079434697855752,Bearish,True,-1.6079434697855752,Bearish,True,-1.6910331384015596,Bearish,True,,,False
2025-10-10,EURAUD,-0.8333333333333335,Neutral,-0.8016569200779726,Neutral,True,-0.8016569200779726,Neutral,True,-0.8016569200779726,Neutral,True,-0.8016569200779726,Neutral,True
2025-10-10,EURNZD,0.44973544973544965,Neutral,0.45930799220272905,Neutral,True,0.45930799220272905,Neutral,True,0.37621832358674495,Neutral,True,,,False
2025-10-10,EURCAD,0.16666666666666674,Neutral,0.2100389863547761,Neutral,True,0.2100389863547761,Neutral,True,0.2100389863547761,Neutral,True,0.2100389863547761,Neutral,True
2025-10-10,GBPJPY,2.5,Bullish,2.5219298245614037,Bullish,True,2.5219298245614037,Bullish,True,2.5219298245614037,Bullish,True,2.5219298245614037,Bullish,True
2025-10-10,GBPCHF,-0.3703703703703704,Neutral,-0.11232943469785606,Neutral,True,-0.11232943469785606,Neutral,True,-0.02923976608187166,Neutral,True,,,False
2025-10-10,GBPAUD,0.16666666666666657,Neutral,0.18079922027290446,Neutral,True,0.18079922027290446,Neutral,True,0.18079922027290446,Neutral,True,0.18079922027290446,Neutral,True
2025-10-10,GBPNZD,1.9312169312169314,Bullish,1.9549220272904486,Bullish,True,1.9549220272904486,Bullish,True,2.038011695906433,Bullish,True,,,False
2025-10-10,GBPCAD,1.6666666666666665,Bullish,1.7056530214424952,Bullish,True,1.7056530214424952,Bullish,True,1.7056530214424952,Bullish,True,1.7056530214424952,Bullish,True
2025-10-10,AUDJPY,3.333333333333334,Very Bullish,3.3674463937621835,Very Bullish,True,3.3674463937621835,Very Bullish,True,3.3674463937621835,Very Bullish,True,3.3674463937621835,Very Bullish,True
2025-10-10,NZDJPY,0.10582010582010594,Neutral,0.05384990253411308,Neutral,True,0.05384990253411308,Neutral,True,1.1340155945419104,Neutral,True,,,False
2025-10-10,CADJPY,2.333333333333333,Bullish,2.3557504873294346,Bullish,True,2.3557504873294346,Bullish,True,2.3557504873294346,Bullish,True,2.3557504873294346,Bullish,True
2025-10-10,CHFJPY,2.4074074074074074,Bullish,2.121101364522417,Bullish,True,2.121101364522417,Bullish,True,3.2012670565302144,Very Bullish,True,,,False
2025-10-10,AUDNZD,2.260435038212816,Bullish,2.287280701754386,Bullish,True,2.287280701754386,Bullish,True,2.0657082521117607,Bullish,True,,,False
2025-10-10,AUDCAD,1.5,Bullish,1.5248538011695905,Bullish,True,1.5248538011695905,Bullish,True,1.5248538011695905,Bullish,True,1.5248538011695905,Bullish,True
2025-10-10,AUDCHF,-0.041152263374485534,Neutral,0.22002923976608188,Neutral,True,0.22002923976608188,Neutral,True,-0.0015432098765435294,Neutral,True,,,False
2025-10-10,NZDCAD,-1.2110523221634333,Neutral,-1.2755847953216377,Neutral,True,-1.2755847953216377,Neutral,True,-1.3032813515269657,Bearish,True,,,False
2025-10-10,NZDCHF,-1.40625,Bearish,-1.04093567251462,Neutral,True,-1.04093567251462,Neutral,True,-1.04093567251462,Neutral,True,,,False
2025-10-10,CADCHF,-1.0905349794238683,Neutral,-0.791666666666667,Neutral,True,-0.791666666666667,Neutral,True,-0.7639701104613389,Neutral,True,,,False
2025-10-17,EURUSD,0.14108187134502925,Neutral,0.12679093567251468,Neutral,True,0.12679093567251468,Neutral,True,0.12679093567251468,Neutral,True,0.12679093567251468,Neutral,True
2025-10-17,GBPUSD,0.38961988304093564,Neutral,0.3760599415204679,Neutral,True,0.3760599415204679,Neutral,True,0.3760599415204679,Neutral,True,0.3760599415204679,Neutral,True
2025-10-17,USDJPY,1.9349415204678364,Bullish,1.9112207602339182,Bullish,True,1.9112207602339182,Bullish,True,1.9112207602339182,Bullish,True,1.9112207602339182,Bullish,True
2025-10-17,USDCHF,-1.6018907563025209,Bearish,-1.2215765107212477,Neutral,True,-1.2215765107212477,Neutral,True,-1.2589668615984406,Neutral,True,,,False
2025-10-17,USDCAD,0.3608674463937622,Neutral,0.3325170565302146,Neutral,True,0.3325170565302146,Neutral,True,0.3325170565302146,Neutral,True,0.3325170565302146,Neutral,True
2025-10-17,AUDUSD,1.2180799220272904,Neutral,1.2069566276803119,Neutral,True,1.2069566276803119,Neutral,True,1.2069566276803119,Neutral,True,1.2069566276803119,Neutral,True
2025-10-17,NZDUSD,-0.5934873949579832,Neutral,-0.5817860623781677,Neutral,True,-0.5817860623781677,Neutral,True,-0.5443957115009747,Neutral,True,,,False
2025-10-17,EURGBP,0.75,Neutral,0.7770467836257311,Neutral,True,0.7770467836257311,Neutral,True,0.7770467836257311,Neutral,True,0.7770467836257311,Neutral,True
2025-10-17,EURJPY,2.0,Bullish,2.038011695906433,Bullish,True,2.038011695906433,Bullish,True,2.038011695906433,Bullish,True,2.038011695906433,Bullish,True
2025-10-17,EURCHF,-1.922398589065256,Bearish,-1.6079434697855752,Bearish,True,-1.6079434697855752,Bearish,True,-1.1924951267056532,Neutral,True,,,False
2025-10-17,EURAUD,-0.08333333333333348,Neutral,-0.05384990253411308,Neutral,True,-0.05384990253411308,Neutral,True,-0.05384990253411308,Neutral,True,-0.05384990253411308,Neutral,True
2025-10-17,EURNZD,0.6966490299823631,Neutral,0.7085769980506824,Neutral,True,0.7085769980506824,Neutral,True,1.1240253411306045,Neutral,True,,,False
2025-10-17,EURCAD,0.4166666666666665,Neutral,0.45930799220272905,Neutral,True,0.45930799220272905,Neutral,True,0.45930799220272905,Neutral,True,0.45930799220272905,Neutral,True
2025-10-17,GBPJPY,2.25,Bullish,2.287280701754386,Bullish,True,2.287280701754386,Bullish,True,2.287280701754386,Bullish,True,2.287280701754386,Bullish,True
2025-10-17,GBPCHF,-1.6754850088183422,Bearish,-1.3586744639376218,Bearish,True,-1.3586744639376218,Bearish,True,-0.8601364522417155,Neutral,True,,,False
2025-10-17,GBPAUD,0.16666666666666674,Neutral,0.19541910331384033,Neutral,True,0.19541910331384033,Neutral,True,0.19541910331384033,Neutral,True,0.19541910331384033,Neutral,True
2025-10-17,GBPNZD,0.9435626102292769,Neutral,0.9578460038986357,Neutral,True,0.9578460038986357,Neutral,True,1.456384015594542,Bullish,True,,,False
2025-10-17,GBPCAD,0.6666666666666667,Neutral,0.7085769980506824,Neutral,True,0.7085769980506824,Neutral,True,0.7085769980506824,Neutral,True,0.7085769980506824,Neutral,True
2025-10-17,AUDJPY,3.0833333333333335,Very Bullish,3.11817738791423,Very Bullish,True,3.11817738791423,Very Bullish,True,3.11817738791423,Very Bullish,True,3.11817738791423,Very Bullish,True
2025-10-17,NZDJPY,0.3527336860670194,Neutral,0.3031189083820663,Neutral,True,0.3031189083820663,Neutral,True,0.8847465886939571,Neutral,True,,,False
2025-10-17,CADJPY,2.5833333333333335,Bullish,2.605019493177388,Bullish,True,2.605019493177388,Bullish,True,2.605019493177388,Bullish,True,2.605019493177388,Bullish,True
2025-10-17,CHFJPY,2.9717813051146384,Bullish,2.619639376218324,Bullish,True,2.619639376218324,Bullish,True,3.2012670565302144,Very Bullish,True,,,False
2025-10-17,AUDNZD,1.7666078777189889,Bullish,1.7887426900584797,Bullish,True,1.7887426900584797,Bullish,True,2.0657082521117607,Bullish,True,,,False
2025-10-17,AUDCAD,1.5,Bullish,1.5394736842105263,Bullish,True,1.5394736842105263,Bullish,True,1.5394736842105263,Bullish,True,1.5394736842105263,Bullish,True
2025-10-17,AUDCHF,-0.8524397413286302,Neutral,-0.5277777777777779,Neutral,True,-0.5277777777777779,Neutral,True,-0.2508122157244968,Neutral,True,,,False
2025-10-17,NZDCAD,-1.7666078777189889,Bearish,-1.7887426900584797,Bearish,True,-1.7887426900584797,Bearish,True,-2.481156595191683,Bearish,True,,,False
2025-10-17,NZDCHF,-1.71875,Bearish,-1.2902046783625731,Neutral,True,-1.2902046783625731,Neutral,True,-1.2902046783625731,Neutral,True,,,False
2025-10-17,CADCHF,-1.4079952968841858,Bearish,-1.04093567251462,Neutral,True,-1.04093567251462,Neutral,True,-0.34852176738141677,Neutral,True,,,False
2025-10-24,EURUSD,0.30884502923976603,Neutral,0.2950475146198831,Neutral,True,0.2950475146198831,Neutral,True,0.2950475146198831,Neutral,True,0.2950475146198831,Neutral,True
2025-10-24,GBPUSD,-0.27107699805068236,Neutral,-0.28658016569200784,Neutral,True,-0.28658016569200784,Neutral,True,-0.28658016569200784,Neutral,True,-0.28658016569200784,Neutral,True
2025-10-24,USDJPY,2.5420321637426895,Bullish,2.5053910818713447,Bullish,True,2.5053910818713447,Bullish,True,2.5053910818713447,Bullish,True,2.5053910818713447,Bullish,True
2025-10-24,USDCHF,-1.1370798319327733,Neutral,-0.8912950779727097,Neutral,True,-0.8912950779727097,Neutral,True,-0.984770955165692,Neutral,True,,,False
2025-10-24,USDCAD,-0.4696637426900585,Neutral,-0.5004568713450293,Neutral,True,-0.5004568713450293,Neutral,True,-0.5004568713450293,Neutral,True,-0.5004568713450293,Neutral,True
2025-10-24,AUDUSD,0.8887670565302144,Neutral,0.8766751949317739,Neutral,True,0.8766751949317739,Neutral,True,0.876675194931774,Neutral,True,0.8766751949317739,Neutral,True
2025-10-24,NZDUSD,-0.7011554621848739,Neutral,-0.5943287037037038,Neutral,True,-0.5943287037037038,Neutral,True,-0.5008528265107214,Neutral,True,,,False
2025-10-24,EURGBP,1.5833333333333333,Bullish,1.6079434697855752,Bullish,True,1.6079434697855752,Bullish,True,1.6079434697855752,Bullish,True,1.6079434697855752,Bullish,True
2025-10-24,EURJPY,2.25,Bullish,2.287280701754386,Bullish,True,2.287280701754386,Bullish,True,2.287280701754386,Bullish,True,2.287280701754386,Bullish,True
2025-10-24,EURCHF,-1.287477954144621,Neutral,-1.1094054580896686,Neutral,True,-1.1094054580896686,Neutral,True,-1.3586744639376218,Bearish,True,,,False
2025-10-24,EURAUD,0.41666666666666674,Neutral,0.4446881091617935,Neutral,True,0.4446881091617935,Neutral,True,0.4446881091617935,Neutral,True,0.4446881091617935,Neutral,True
2025-10-24,EURNZD,0.3791887125220458,Neutral,0.37621832358674495,Neutral,True,0.37621832358674495,Neutral,True,0.12694931773879173,Neutral,True,,,False
2025-10-24,EURCAD,-0.25,Neutral,-0.2054093567251461,Neutral,True,-0.2054093567251461,Neutral,True,-0.2054093567251461,Neutral,True,-0.2054093567251461,Neutral,True
2025-10-24,GBPJPY,1.6666666666666665,Bullish,1.7056530214424952,Bullish,True,1.7056530214424952,Bullish,True,1.7056530214424952,Bullish,True,1.7056530214424952,Bullish,True
2025-10-24,GBPCHF,-2.419165196942975,Bearish,-2.2041910331384016,Bearish,True,-2.2041910331384016,Bearish,True,-1.3179012345679015,Bearish,True,,,False
2025-10-24,GBPAUD,-2.1666666666666665,Bearish,-2.189571150097466,Bearish,True,-2.189571150097466,Bearish,True,-2.189571150097466,Bearish,True,-2.189571150097466,Bearish,True
2025-10-24,GBPNZD,-0.19694297472075245,Neutral,-0.2054093567251461,Neutral,True,-0.2054093567251461,Neutral,True,0.6808804418453542,Neutral,True,,,False
2025-10-24,GBPCAD,-1.333333333333333,Bearish,-1.3001949317738788,Bearish,True,-1.3001949317738788,Bearish,True,-1.3001949317738788,Bearish,True,-1.3001949317738788,Bearish,True
2025-10-24,AUDJPY,2.833333333333333,Bullish,2.868908382066277,Bullish,True,2.868908382066277,Bullish,True,2.868908382066277,Bullish,True,2.868908382066277,Bullish,True
2025-10-24,NZDJPY,2.583774250440917,Bullish,2.4242202729044835,Bullish,True,2.4242202729044835,Bullish,True,3.0058479532163744,Very Bullish,True,,,False
2025-10-24,CADJPY,3.5,Very Bullish,3.5190058479532165,Very Bullish,True,3.5190058479532165,Very Bullish,True,3.5190058479532165,Very Bullish,True,3.5190058479532165,Very Bullish,True
2025-10-24,CHFJPY,2.583774250440917,Bullish,2.3703703703703702,Bullish,True,2.3703703703703702,Bullish,True,2.951998050682261,Bullish,True,,,False
2025-10-24,AUDNZD,0.9553203997648442,Neutral,0.9578460038986357,Neutral,True,0.9578460038986357,Neutral,True,1.733349577647823,Bullish,True,,,False
2025-10-24,AUDCAD,0.3333333333333335,Neutral,0.37621832358674495,Neutral,True,0.37621832358674495,Neutral,True,0.37621832358674495,Neutral,True,0.37621832358674495,Neutral,True
2025-10-24,AUDCHF,-0.7113462669018227,Neutral,-0.5277777777777779,Neutral,True,-0.5277777777777779,Neutral,True,0.24772579597140953,Neutral,True,,,False
2025-10-24,NZDCAD,-2.1075837742504406,Bearish,-2.121101364522417,Bearish,True,-2.121101364522417,Bearish,True,-3.035087719298246,Very Bearish,True,,,False
2025-10-24,NZDCHF,-0.78125,Neutral,-0.45930799220272905,Neutral,True,-0.45930799220272905,Neutral,True,-0.45930799220272905,Neutral,True,,,False
2025-10-24,CADCHF,-0.11463844797178138,Neutral,0.12231968810916148,Neutral,True,0.12231968810916148,Neutral,True,1.0363060428849904,Neutral,True,,,False
2025-10-31,EURUSD,1.1787280701754383,Neutral,1.1674890350877192,Neutral,True,1.1674890350877192,Neutral,True,1.1674890350877192,Neutral,True,1.1674890350877192,Neutral,True
2025-10-31,GBPUSD,-0.7852095516569203,Neutral,-0.7728131091617936,Neutral,True,-0.7728131091617936,Neutral,True,-0.7728131091617936,Neutral,True,-0.7728131091617936,Neutral,True
2025-10-31,USDJPY,0.9265350877192984,Neutral,0.8851425438596494,Neutral,True,0.8851425438596494,Neutral,True,0.8851425438596494,Neutral,True,0.8851425438596494,Neutral,True
2025-10-31,USDCHF,-1.8198529411764706,Bearish,-1.5144675925925926,Bearish,True,-1.5144675925925926,Bearish,True,-1.7325779727095516,Bearish,True,,,False
2025-10-31,USDCAD,-1.3395467836257302,Bearish,-1.3728983918128648,Bearish,True,-1.3728983918128648,Bearish,True,-1.3728983918128648,Bearish,True,-1.3728983918128648,Bearish,True
2025-10-31,AUDUSD,2.4214181286549703,Bullish,2.4138340643274856,Bullish,True,2.4138340643274856,Bullish,True,2.4138340643274856,Bullish,True,2.4138340643274856,Bullish,True
2025-10-31,NZDUSD,-0.33350840336134474,Neutral,-0.2204251949317742,Neutral,True,-0.2204251949317742,Neutral,True,-0.0023148148148150094,Neutral,True,,,False
2025-10-31,EURGBP,1.9166666666666667,Bullish,1.9403021442495128,Bullish,True,1.9403021442495128,Bullish,True,1.9403021442495128,Bullish,True,1.9403021442495128,Bullish,True
2025-10-31,EURJPY,1.5,Bullish,1.5394736842105263,Bullish,True,1.5394736842105263,Bullish,True,1.5394736842105263,Bullish,True,1.5394736842105263,Bullish,True
2025-10-31,EURCHF,-1.6666666666666665,Bearish,-1.3732943469785577,Bearish,True,-1.3732943469785577,Bearish,True,-1.456384015594542,Bearish,True,,,False
2025-10-31,EURAUD,-0.75,Neutral,-0.733187134502924,Neutral,True,-0.733187134502924,Neutral,True,-0.733187134502924,Neutral,True,-0.733187134502924,Neutral,True
2025-10-31,EURNZD,0.873015873015873,Neutral,0.8747563352826513,Neutral,True,0.8747563352826513,Neutral,True,0.791666666666667,Neutral,True,,,False
2025-10-31,EURCAD,-0.75,Neutral,-0.7185672514619883,Neutral,True,-0.7185672514619883,Neutral,True,-0.7185672514619883,Neutral,True,-0.7185672514619883,Neutral,True
2025-10-31,GBPJPY,0.5833333333333333,Neutral,0.625487329434698,Neutral,True,0.625487329434698,Neutral,True,0.625487329434698,Neutral,True,0.625487329434698,Neutral,True
2025-10-31,GBPCHF,-2.57201646090535,Bearish,-2.287280701754386,Bearish,True,-2.287280701754386,Bearish,True,-1.3455977907732295,Bearish,True,,,False
2025-10-31,GBPAUD,-3.166666666666667,Very Bearish,-3.186647173489279,Very Bearish,True,-3.186647173489279,Very Bearish,True,-3.186647173489279,Very Bearish,True,-3.186647173489279,Very Bearish,True
2025-10-31,GBPNZD,-0.5878894767783657,Neutral,-0.5523879142300194,Neutral,True,-0.5523879142300194,Neutral,True,0.38929499675113727,Neutral,True,,,False
2025-10-31,GBPCAD,-2.6666666666666665,Bearish,-2.6588693957115006,Bearish,True,-2.6588693957115006,Bearish,True,-2.6588693957115006,Bearish,True,-2.6588693957115006,Bearish,True
2025-10-31,AUDJPY,2.75,Bullish,2.7858187134502925,Bullish,True,2.7858187134502925,Bullish,True,2.7858187134502925,Bullish,True,2.7858187134502925,Bullish,True
2025-10-31,NZDJPY,1.9047619047619049,Bullish,1.6910331384015596,Bullish,True,1.6910331384015596,Bullish,True,1.8572124756335282,Bullish,True,,,False
2025-10-31,CADJPY,2.75,Bullish,2.7711988304093573,Bullish,True,2.7711988304093573,Bullish,True,2.7711988304093573,Bullish,True,2.7711988304093573,Bullish,True
2025-10-31,CHFJPY,1.6666666666666665,Bullish,1.3732943469785577,Bullish,True,1.3732943469785577,Bullish,True,1.5394736842105263,Bullish,True,,,False
2025-10-31,AUDNZD,2.1075837742504406,Bullish,2.121101364522417,Bullish,True,2.121101364522417,Bullish,True,2.4534600389863552,Bullish,True,,,False
2025-10-31,AUDCAD,1.0,Neutral,1.04093567251462,Neutral,True,1.04093567251462,Neutral,True,1.04093567251462,Neutral,True,1.04093567251462,Neutral,True
2025-10-31,AUDCHF,0.6790123456790125,Neutral,0.8993664717348926,Neutral,True,0.8993664717348926,Neutral,True,1.2317251461988303,Neutral,True,,,False
2025-10-31,NZDCAD,-2.6014109347442678,Bearish,-2.619639376218324,Bearish,True,-2.619639376218324,Bearish,True,-3.035087719298246,Very Bearish,True,,,False
2025-10-31,NZDCHF,-1.09375,Neutral,-0.7085769980506824,Neutral,True,-0.7085769980506824,Neutral,True,-0.7085769980506824,Neutral,True,,,False
2025-10-31,CADCHF,0.617283950617284,Neutral,0.8847465886939571,Neutral,True,0.8847465886939571,Neutral,True,1.3001949317738792,Bullish,True,,,False
2025-11-07,EURUSD,1.313352826510721,Bullish,1.3025097465886937,Bullish,True,1.3025097465886937,Bullish,True,1.3025097465886937,Bullish,True,1.3025097465886937,Bullish,True
2025-11-07,GBPUSD,-1.3840155945419106,Bearish,-1.3586744639376218,Bearish,True,-1.3586744639376218,Bearish,True,-1.3586744639376218,Bearish,True,-1.3586744639376218,Bearish,True
2025-11-07,USDJPY,0.7090643274853801,Neutral,0.6670321637426901,Neutral,True,0.6670321637426901,Neutral,True,0.6670321637426901,Neutral,True,0.6670321637426901,Neutral,True
2025-11-07,USDCHF,-0.9558823529411764,Neutral,-0.7208820662768032,Neutral,True,-0.7208820662768032,Neutral,True,-0.8455165692007799,Neutral,True,,,False
2025-11-07,USDCAD,-0.562865497076023,Neutral,-0.5939327485380113,Neutral,True,-0.5939327485380113,Neutral,True,-0.5939327485380113,Neutral,True,-0.5939327485380113,Neutral,True
2025-11-07,AUDUSD,1.8932748538011692,Bullish,1.8841374269005848,Bullish,True,1.8841374269005848,Bullish,True,1.8841374269005848,Bullish,True,1.8841374269005848,Bullish,True
2025-11-07,NZDUSD,-0.6092436974789915,Neutral,-0.5008528265107214,Neutral,True,-0.5008528265107214,Neutral,True,-0.37621832358674495,Neutral,True,,,False
2025-11-07,EURGBP,2.625,Bullish,2.661184210526316,Bullish,True,2.661184210526316,Bullish,True,2.661184210526316,Bullish,True,2.661184210526316,Bullish,True
2025-11-07,EURJPY,1.4166666666666665,Bullish,1.456384015594542,Bullish,True,1.456384015594542,Bullish,True,1.456384015594542,Bullish,True,1.456384015594542,Bullish,True
2025-11-07,EURCHF,-1.2551440329218109,Neutral,-0.9578460038986358,Neutral,True,-0.9578460038986358,Neutral,True,-0.9855425601039638,Neutral,True,,,False
2025-11-07,EURAUD,0.4166666666666665,Neutral,0.44468810916179335,Neutral,True,0.44468810916179335,Neutral,True,0.44468810916179335,Neutral,True,0.44468810916179335,Neutral,True
2025-11-07,EURNZD,1.284538506760729,Neutral,1.2902046783625731,Neutral,True,1.2902046783625731,Neutral,True,1.2625081221572452,Neutral,True,,,False
2025-11-07,EURCAD,0.16666666666666674,Neutral,0.19541910331384033,Neutral,True,0.19541910331384033,Neutral,True,0.19541910331384033,Neutral,True,0.19541910331384033,Neutral,True
2025-11-07,GBPJPY,0.29166666666666674,Neutral,0.33467348927875284,Neutral,True,0.33467348927875284,Neutral,True,0.33467348927875284,Neutral,True,0.33467348927875284,Neutral,True
2025-11-07,GBPCHF,-2.366255144032922,Bearish,-2.079556530214425,Bearish,True,-2.079556530214425,Bearish,True,-1.1517218973359327,Neutral,True,,,False
2025-11-07,GBPAUD,-3.2083333333333335,Very Bearish,-3.2428118908382064,Very Bearish,True,-3.2428118908382064,Very Bearish,True,-3.2428118908382064,Very Bearish,True,-3.2428118908382064,Very Bearish,True
2025-11-07,GBPNZD,0.17342739564961782,Neutral,0.1684941520467838,Neutral,True,0.1684941520467838,Neutral,True,1.0963287849252763,Neutral,True,,,False
2025-11-07,GBPCAD,-1.458333333333333,Bearish,-1.439449317738791,Bearish,True,-1.439449317738791,Bearish,True,-1.439449317738791,Bearish,True,-1.439449317738791,Bearish,True
2025-11-07,AUDJPY,2.0,Bullish,2.038011695906433,Bullish,True,2.038011695906433,Bullish,True,2.038011695906433,Bullish,True,2.038011695906433,Bullish,True
2025-11-07,NZDJPY,-0.255731922398589,Neutral,-0.3469785575048734,Neutral,True,-0.3469785575048734,Neutral,True,-0.263888888888889,Neutral,True,,,False
2025-11-07,CADJPY,2.25,Bullish,2.287280701754386,Bullish,True,2.287280701754386,Bullish,True,2.287280701754386,Bullish,True,2.287280701754386,Bullish,True
2025-11-07,CHFJPY,1.1728395061728396,Neutral,0.8747563352826513,Neutral,True,0.8747563352826513,Neutral,True,0.9578460038986357,Neutral,True,,,False
2025-11-07,AUDNZD,1.8606701940035275,Bullish,1.8718323586744638,Bullish,True,1.8718323586744638,Bullish,True,2.2041910331384016,Bullish,True,,,False
2025-11-07,AUDCAD,0.7500000000000001,Neutral,0.7770467836257311,Neutral,True,0.7770467836257311,Neutral,True,0.7770467836257311,Neutral,True,0.7770467836257311,Neutral,True
2025-11-07,AUDCHF,-0.12345679012345671,Neutral,0.13693957115009725,Neutral,True,0.13693957115009725,Neutral,True,0.4692982456140348,Neutral,True,,,False
2025-11-07,NZDCAD,-2.1075837742504406,Bearish,-2.121101364522417,Bearish,True,-2.121101364522417,Bearish,True,-2.3703703703703702,Bearish,True,,,False
2025-11-07,NZDCHF,-1.09375,Neutral,-0.7085769980506824,Neutral,True,-0.7085769980506824,Neutral,True,-0.7085769980506824,Neutral,True,,,False
2025-11-07,CADCHF,0.12345679012345685,Neutral,0.38620857699805045,Neutral,True,0.38620857699805045,Neutral,True,0.6354775828460036,Neutral,True,,,False
2025-11-14,EURUSD,1.189083820662768,Neutral,1.1778752436647173,Neutral,True,1.1778752436647173,Neutral,True,1.1778752436647173,Neutral,True,1.1778752436647173,Neutral,True
2025-11-14,GBPUSD,-1.259746588693957,Neutral,-1.2340399610136452,Neutral,True,-1.2340399610136452,Neutral,True,-1.2340399610136452,Neutral,True,-1.2340399610136452,Neutral,True
2025-11-14,USDJPY,1.0818713450292397,Neutral,1.04093567251462,Neutral,True,1.04093567251462,Neutral,True,1.04093567251462,Neutral,True,1.04093567251462,Neutral,True
2025-11-14,USDCHF,-1.1764705882352942,Neutral,-0.8601364522417155,Neutral,True,-0.8601364522417155,Neutral,True,-1.6079434697855752,Bearish,True,,,False
2025-11-14,USDCAD,0.08771929824561418,Neutral,0.04385964912280732,Neutral,True,0.04385964912280732,Neutral,True,0.04385964912280732,Neutral,True,0.04385964912280732,Neutral,True
2025-11-14,AUDUSD,2.6803118908382073,Bullish,2.6734892787524367,Bullish,True,2.6734892787524367,Bullish,True,2.6734892787524367,Bullish,True,2.6734892787524367,Bullish,True
2025-11-14,NZDUSD,-0.9768907563025209,Neutral,-0.8747563352826513,Neutral,True,-0.8747563352826513,Neutral,True,-0.12694931773879173,Neutral,True,,,False
2025-11-14,EURGBP,2.375,Bullish,2.4119152046783627,Bullish,True,2.4119152046783627,Bullish,True,2.4119152046783627,Bullish,True,2.4119152046783627,Bullish,True
2025-11-14,EURJPY,1.6666666666666665,Bullish,1.7056530214424952,Bullish,True,1.7056530214424952,Bullish,True,1.7056530214424952,Bullish,True,1.7056530214424952,Bullish,True
2025-11-14,EURCHF,-1.008230452674897,Neutral,-0.7085769980506824,Neutral,True,-0.7085769980506824,Neutral,True,-1.234811565951917,Neutral,True,,,False
2025-11-14,EURAUD,-0.5000000000000004,Neutral,-0.4692982456140353,Neutral,True,-0.4692982456140353,Neutral,True,-0.4692982456140351,Neutral,True,-0.4692982456140353,Neutral,True
2025-11-14,EURNZD,1.5314520870076422,Bullish,1.5394736842105263,Bullish,True,1.5394736842105263,Bullish,True,1.013239116309292,Neutral,True,,,False
2025-11-14,EURCAD,0.6666666666666667,Neutral,0.7085769980506824,Neutral,True,0.7085769980506824,Neutral,True,0.7085769980506824,Neutral,True,0.7085769980506824,Neutral,True
2025-11-14,GBPJPY,0.7916666666666667,Neutral,0.833211500974659,Neutral,True,0.833211500974659,Neutral,True,0.833211500974659,Neutral,True,0.833211500974659,Neutral,True
2025-11-14,GBPCHF,-1.8724279835390945,Bearish,-1.5810185185185186,Bearish,True,-1.5810185185185186,Bearish,True,-1.8164392462638077,Bearish,True,,,False
2025-11-14,GBPAUD,-3.875000000000001,Very Bearish,-3.907529239766082,Very Bearish,True,-3.907529239766082,Very Bearish,True,-3.907529239766082,Very Bearish,True,-3.907529239766082,Very Bearish,True
2025-11-14,GBPNZD,0.6672545561434452,Neutral,0.6670321637426903,Neutral,True,0.6670321637426903,Neutral,True,0.43161143599740137,Neutral,True,,,False
2025-11-14,GBPCAD,-2.208333333333333,Bearish,-2.2164961013645224,Bearish,True,-2.2164961013645224,Bearish,True,-2.2164961013645224,Bearish,True,-2.2164961013645224,Bearish,True
2025-11-14,AUDJPY,3.166666666666667,Very Bullish,3.2012670565302153,Very Bullish,True,3.2012670565302153,Very Bullish,True,3.2012670565302144,Very Bullish,True,3.2012670565302153,Very Bullish,True
2025-11-14,NZDJPY,1.4109347442680775,Bullish,1.1924951267056532,Neutral,True,1.1924951267056532,Neutral,True,1.2755847953216377,Neutral,True,,,False
2025-11-14,CADJPY,2.5,Bullish,2.5365497076023393,Bullish,True,2.5365497076023393,Bullish,True,2.5365497076023393,Bullish,True,2.5365497076023393,Bullish,True
2025-11-14,CHFJPY,1.1728395061728396,Neutral,0.8747563352826513,Neutral,True,0.8747563352826513,Neutral,True,0.9578460038986357,Neutral,True,,,False
2025-11-14,AUDNZD,3.0129335684891245,Very Bullish,3.035087719298246,Very Bullish,True,3.035087719298246,Very Bullish,True,2.4257634827810266,Bullish,True,,,False
2025-11-14,AUDCAD,2.1666666666666674,Bullish,2.2041910331384025,Bullish,True,2.2041910331384025,Bullish,True,2.2041910331384016,Bullish,True,2.2041910331384025,Bullish,True
2025-11-14,AUDCHF,1.0288065843621403,Neutral,1.3001949317738792,Bullish,True,1.3001949317738792,Bullish,True,0.6908706952566599,Neutral,True,,,False
2025-11-14,NZDCAD,-2.354497354497354,Bearish,-2.3703703703703702,Bearish,True,-2.3703703703703702,Bearish,True,-2.7027290448343075,Bearish,True,,,False
2025-11-14,NZDCHF,-1.09375,Neutral,-0.7085769980506824,Neutral,True,-0.7085769980506824,Neutral,True,-0.7085769980506824,Neutral,True,,,False
2025-11-14,CADCHF,-0.18518518518518529,Neutral,0.12231968810916148,Neutral,True,0.12231968810916148,Neutral,True,0.4546783625730988,Neutral,True,,,False
2025-11-21,EURUSD,0.8056773879142299,Neutral,0.8080470272904483,Neutral,True,0.8080470272904483,Neutral,True,0.8080470272904483,Neutral,True,0.8080470272904483,Neutral,True
2025-11-21,GBPUSD,-0.5369152046783626,Neutral,-0.5090826023391813,Neutral,True,-0.5090826023391813,Neutral,True,-0.5090826023391813,Neutral,True,-0.5090826023391813,Neutral,True
2025-11-21,USDJPY,0.9389619883040935,Neutral,0.897605994152047,Neutral,True,0.897605994152047,Neutral,True,0.897605994152047,Neutral,True,0.897605994152047,Neutral,True
2025-11-21,USDCHF,-0.9742647058823529,Neutral,-0.7395772417153996,Neutral,True,-0.7395772417153996,Neutral,True,-0.8704434697855751,Neutral,True,,,False
2025-11-21,USDCAD,-0.13803606237816765,Neutral,-0.18255969785575032,Neutral,True,-0.18255969785575032,Neutral,True,-0.18255969785575032,Neutral,True,-0.18255969785575032,Neutral,True
2025-11-21,AUDUSD,2.2676656920077978,Bullish,2.2890411793372327,Bullish,True,2.2890411793372327,Bullish,True,2.2890411793372314,Bullish,True,2.2890411793372327,Bullish,True
2025-11-21,NZDUSD,-0.5908613445378151,Neutral,-0.4821576510721251,Neutral,True,-0.4821576510721251,Neutral,True,-0.35129142300194954,Neutral,True,,,False
2025-11-21,EURGBP,1.7916666666666665,Bullish,1.8302875243664718,Bullish,True,1.8302875243664718,Bullish,True,1.8302875243664718,Bullish,True,1.8302875243664718,Bullish,True
2025-11-21,EURJPY,1.6666666666666665,Bullish,1.7056530214424952,Bullish,True,1.7056530214424952,Bullish,True,1.7056530214424952,Bullish,True,1.7056530214424952,Bullish,True
2025-11-21,EURCHF,-0.6995884773662552,Neutral,-0.4446881091617937,Neutral,True,-0.4446881091617937,Neutral,True,-0.47238466536712165,Neutral,True,,,False
2025-11-21,EURAUD,-1.0000000000000004,Neutral,-0.9678362573099419,Neutral,True,-0.9678362573099419,Neutral,True,-0.9678362573099414,Neutral,True,-0.9678362573099419,Neutral,True
2025-11-21,EURNZD,1.284538506760729,Neutral,1.2902046783625731,Neutral,True,1.2902046783625731,Neutral,True,1.2625081221572452,Neutral,True,,,False
2025-11-21,EURCAD,-0.41666666666666674,Neutral,-0.4008284600389863,Neutral,True,-0.4008284600389863,Neutral,True,-0.4008284600389863,Neutral,True,-0.4008284600389863,Neutral,True
2025-11-21,GBPJPY,1.375,Bullish,1.4148391812865495,Bullish,True,1.4148391812865495,Bullish,True,1.4148391812865495,Bullish,True,1.4148391812865495,Bullish,True
2025-11-21,GBPCHF,-1.5432098765432098,Bearish,-1.2486598440545813,Neutral,True,-1.2486598440545813,Neutral,True,-1.3732943469785577,Bearish,True,,,False
2025-11-21,GBPAUD,-3.791666666666667,Very Bearish,-3.824439571150098,Very Bearish,True,-3.824439571150098,Very Bearish,True,-3.824439571150098,Very Bearish,True,-3.824439571150098,Very Bearish,True
2025-11-21,GBPNZD,0.9964726631393299,Neutral,0.9993908382066277,Neutral,True,0.9993908382066277,Neutral,True,0.8747563352826513,Neutral,True,,,False
2025-11-21,GBPCAD,-2.208333333333333,Bearish,-2.2311159844054576,Bearish,True,-2.2311159844054576,Bearish,True,-2.2311159844054576,Bearish,True,-2.2311159844054576,Bearish,True
2025-11-21,AUDJPY,3.666666666666667,Very Bullish,3.699805068226121,Very Bullish,True,3.699805068226121,Very Bullish,True,3.699805068226121,Very Bullish,True,3.699805068226121,Very Bullish,True
2025-11-21,NZDJPY,1.657848324514991,Bullish,1.4417641325536064,Bullish,True,1.4417641325536064,Bullish,True,1.5248538011695905,Bullish,True,,,False
2025-11-21,CADJPY,2.5833333333333335,Bullish,2.619639376218324,Bullish,True,2.619639376218324,Bullish,True,2.619639376218324,Bullish,True,2.619639376218324,Bullish,True
2025-11-21,CHFJPY,1.419753086419753,Bullish,1.1240253411306045,Neutral,True,1.1240253411306045,Neutral,True,1.2071150097465888,Neutral,True,,,False
2025-11-21,AUDNZD,3.2598471487360383,Very Bullish,3.284356725146199,Very Bullish,True,3.284356725146199,Very Bullish,True,2.6750324886289794,Bullish,True,,,False
2025-11-21,AUDCAD,2.083333333333334,Bullish,2.106481481481482,Bullish,True,2.106481481481482,Bullish,True,2.106481481481482,Bullish,True,2.106481481481482,Bullish,True
2025-11-21,AUDCHF,1.2757201646090537,Neutral,1.5494639376218329,Bullish,True,1.5494639376218329,Bullish,True,0.9401397011046129,Neutral,True,,,False
2025-11-21,NZDCAD,-2.189888300999412,Bearish,-2.2041910331384016,Bearish,True,-2.2041910331384016,Bearish,True,-2.481156595191683,Bearish,True,,,False
2025-11-21,NZDCHF,-1.09375,Neutral,-0.7085769980506824,Neutral,True,-0.7085769980506824,Neutral,True,-0.7085769980506824,Neutral,True,,,False
2025-11-21,CADCHF,0.2057613168724279,Neutral,0.4692982456140348,Neutral,True,0.4692982456140348,Neutral,True,0.7462638076673161,Neutral,True,,,False
2025-11-28,EURUSD,0.6006335282651071,Neutral,0.6024000974658869,Neutral,True,0.6024000974658869,Neutral,True,0.6024000974658869,Neutral,True,0.6024000974658869,Neutral,True
2025-11-28,GBPUSD,-1.516812865497076,Bearish,-1.4771564327485383,Bearish,True,-1.4771564327485383,Bearish,True,-1.4771564327485383,Bearish,True,-1.4771564327485383,Bearish,True
2025-11-28,USDJPY,0.6469298245614036,Neutral,0.604714912280702,Neutral,True,0.604714912280702,Neutral,True,0.604714912280702,Neutral,True,0.604714912280702,Neutral,True
2025-11-28,USDCHF,-0.7720588235294118,Neutral,-0.5339303118908383,Neutral,True,-0.5339303118908383,Neutral,True,-0.5962475633528266,Neutral,True,,,False
2025-11-28,USDCAD,-0.4593079922027288,Neutral,-0.49007066276803074,Neutral,True,-0.49007066276803074,Neutral,True,-0.49007066276803074,Neutral,True,-0.49007066276803074,Neutral,True
2025-11-28,AUDUSD,3.7244152046783623,Very Bullish,3.705957602339181,Very Bullish,True,3.705957602339181,Very Bullish,True,3.705957602339181,Very Bullish,True,3.705957602339181,Very Bullish,True
2025-11-28,NZDUSD,-0.047268907563025306,Neutral,-0.008467348927875505,Neutral,True,-0.008467348927875505,Neutral,True,0.05384990253411308,Neutral,True,,,False
2025-11-28,EURGBP,2.041666666666667,Bullish,2.079556530214425,Bullish,True,2.079556530214425,Bullish,True,2.079556530214425,Bullish,True,2.079556530214425,Bullish,True
2025-11-28,EURJPY,1.1666666666666667,Neutral,1.2071150097465888,Neutral,True,1.2071150097465888,Neutral,True,1.2071150097465888,Neutral,True,1.2071150097465888,Neutral,True
2025-11-28,EURCHF,-0.6995884773662552,Neutral,-0.4446881091617937,Neutral,True,-0.4446881091617937,Neutral,True,-0.47238466536712165,Neutral,True,,,False
2025-11-28,EURAUD,-1.5833333333333335,Bearish,-1.564083820662768,Bearish,True,-1.564083820662768,Bearish,True,-1.564083820662768,Bearish,True,-1.564083820662768,Bearish,True
2025-11-28,EURNZD,0.5702527924750147,Neutral,0.6108674463937623,Neutral,True,0.6108674463937623,Neutral,True,0.5831708901884342,Neutral,True,,,False
2025-11-28,EURCAD,-0.41666666666666674,Neutral,-0.4008284600389863,Neutral,True,-0.4008284600389863,Neutral,True,-0.4008284600389863,Neutral,True,-0.4008284600389863,Neutral,True
2025-11-28,GBPJPY,0.6250000000000001,Neutral,0.6670321637426903,Neutral,True,0.6670321637426903,Neutral,True,0.6670321637426903,Neutral,True,0.6670321637426903,Neutral,True
2025-11-28,GBPCHF,-1.234567901234568,Neutral,-0.984770955165692,Neutral,True,-0.984770955165692,Neutral,True,-1.1924951267056532,Neutral,True,,,False
2025-11-28,GBPAUD,-4.125,Very Bearish,-4.156798245614034,Very Bearish,True,-4.156798245614034,Very Bearish,True,-4.156798245614034,Very Bearish,True,-4.156798245614034,Very Bearish,True
2025-11-28,GBPNZD,0.03527336860670206,Neutral,0.07078460038986376,Neutral,True,0.07078460038986376,Neutral,True,-0.13693957115009725,Neutral,True,,,False
2025-11-28,GBPCAD,-2.458333333333333,Bearish,-2.4803849902534116,Bearish,True,-2.4803849902534116,Bearish,True,-2.4803849902534116,Bearish,True,-2.4803849902534116,Bearish,True
2025-11-28,AUDJPY,3.25,Very Bullish,3.284356725146199,Very Bullish,True,3.284356725146199,Very Bullish,True,3.284356725146199,Very Bullish,True,3.284356725146199,Very Bullish,True
2025-11-28,NZDJPY,1.3227513227513228,Bullish,1.1094054580896686,Neutral,True,1.1094054580896686,Neutral,True,1.6910331384015596,Bullish,True,,,False
2025-11-28,CADJPY,2.083333333333333,Bullish,2.121101364522417,Bullish,True,2.121101364522417,Bullish,True,2.121101364522417,Bullish,True,2.121101364522417,Bullish,True
2025-11-28,CHFJPY,0.925925925925926,Neutral,0.6254873294346983,Neutral,True,0.6254873294346983,Neutral,True,1.2071150097465888,Neutral,True,,,False
2025-11-28,AUDNZD,2.6278659611992943,Bullish,2.6881091617933723,Bullish,True,2.6881091617933723,Bullish,True,2.023391812865497,Bullish,True,,,False
2025-11-28,AUDCAD,2.6666666666666665,Bullish,2.7027290448343075,Bullish,True,2.7027290448343075,Bullish,True,2.7027290448343075,Bullish,True,2.7027290448343075,Bullish,True
2025-11-28,AUDCHF,1.9135802469135803,Bullish,2.1457115009746586,Bullish,True,2.1457115009746586,Bullish,True,1.480994152046783,Bullish,True,,,False
2025-11-28,NZDCAD,-2.0311581422692533,Bearish,-2.038011695906433,Bearish,True,-2.038011695906433,Bearish,True,-2.3149772579597143,Bearish,True,,,False
2025-11-28,NZDCHF,-0.3125,Neutral,-0.02923976608187166,Neutral,True,-0.02923976608187166,Neutral,True,-0.02923976608187166,Neutral,True,,,False
2025-11-28,CADCHF,0.2057613168724279,Neutral,0.4692982456140348,Neutral,True,0.4692982456140348,Neutral,True,0.7462638076673161,Neutral,True,,,False
2025-12-05,EURUSD,1.6364522417153995,Bullish,1.626559454191033,Bullish,True,1.626559454191033,Bullish,True,1.626559454191033,Bullish,True,1.626559454191033,Bullish,True
2025-12-05,GBPUSD,0.19883040935672514,Neutral,0.19941520467836257,Neutral,True,0.19941520467836257,Neutral,True,0.19941520467836255,Neutral,True,0.19941520467836257,Neutral,True
2025-12-05,USDJPY,-0.35964912280701744,Neutral,-0.4048245614035085,Neutral,True,-0.4048245614035085,Neutral,True,-0.4048245614035085,Neutral,True,-0.4048245614035085,Neutral,True
2025-12-05,USDCHF,-1.6596638655462184,Bearish,-1.3772904483430801,Bearish,True,-1.3772904483430801,Bearish,True,-1.5268518518518517,Bearish,True,,,False
2025-12-05,USDCAD,-2.7670565302144245,Bearish,-2.775194931773879,Bearish,True,-2.775194931773879,Bearish,True,-2.775194931773879,Bearish,True,-2.775194931773879,Bearish,True
2025-12-05,AUDUSD,1.9678362573099415,Bullish,1.9589181286549708,Bullish,True,1.9589181286549708,Bullish,True,1.9589181286549708,Bullish,True,1.9589181286549708,Bullish,True
2025-12-05,NZDUSD,0.21008403361344544,Neutral,0.25326510721247547,Neutral,True,0.25326510721247547,Neutral,True,0.4028265107212476,Neutral,True,,,False
2025-12-05,EURGBP,1.9166666666666667,Bullish,1.9403021442495128,Bullish,True,1.9403021442495128,Bullish,True,1.9403021442495128,Bullish,True,1.9403021442495128,Bullish,True
2025-12-05,EURJPY,0.6666666666666667,Neutral,0.7085769980506824,Neutral,True,0.7085769980506824,Neutral,True,0.7085769980506824,Neutral,True,0.7085769980506824,Neutral,True
2025-12-05,EURCHF,0.5790711346266901,Neutral,0.7624269005847952,Neutral,True,0.7624269005847952,Neutral,True,0.31928200129954515,Neutral,True,,,False
2025-12-05,EURAUD,-0.8333333333333335,Neutral,-0.8455165692007799,Neutral,True,-0.8455165692007799,Neutral,True,-0.8455165692007799,Neutral,True,-0.8455165692007799,Neutral,True
2025-12-05,EURNZD,0.8171663727219283,Neutral,0.8601364522417155,Neutral,True,0.8601364522417155,Neutral,True,0.4169915529564654,Neutral,True,,,False
2025-12-05,EURCAD,-1.1666666666666665,Neutral,-1.1486354775828458,Neutral,True,-1.1486354775828458,Neutral,True,-1.1486354775828458,Neutral,True,-1.1486354775828458,Neutral,True
2025-12-05,GBPJPY,-0.24999999999999978,Neutral,-0.20540935672514585,Neutral,True,-0.20540935672514585,Neutral,True,-0.20540935672514585,Neutral,True,-0.20540935672514585,Neutral,True
2025-12-05,GBPCHF,-1.9929453262786594,Bearish,-1.6910331384015596,Bearish,True,-1.6910331384015596,Bearish,True,-1.9403021442495128,Bearish,True,,,False
2025-12-05,GBPAUD,-2.75,Bearish,-2.7858187134502925,Bearish,True,-2.7858187134502925,Bearish,True,-2.7858187134502925,Bearish,True,-2.7858187134502925,Bearish,True
2025-12-05,GBPNZD,-0.08818342151675504,Neutral,-0.05384990253411308,Neutral,True,-0.05384990253411308,Neutral,True,-0.303118908382066,Neutral,True,,,False
2025-12-05,GBPCAD,-3.5833333333333335,Very Bearish,-3.602095516569201,Very Bearish,True,-3.602095516569201,Very Bearish,True,-3.602095516569201,Very Bearish,True,-3.602095516569201,Very Bearish,True
2025-12-05,AUDJPY,1.0000000000000002,Neutral,1.04093567251462,Neutral,True,1.04093567251462,Neutral,True,1.04093567251462,Neutral,True,1.04093567251462,Neutral,True
2025-12-05,NZDJPY,0.5820105820105822,Neutral,0.36159844054580914,Neutral,True,0.36159844054580914,Neutral,True,1.441764132553606,Bullish,True,,,False
2025-12-05,CADJPY,2.3333333333333335,Bullish,2.3703703703703702,Bullish,True,2.3703703703703702,Bullish,True,2.3703703703703702,Bullish,True,2.3703703703703702,Bullish,True
2025-12-05,CHFJPY,0.8201058201058202,Neutral,0.45930799220272933,Neutral,True,0.45930799220272933,Neutral,True,1.5394736842105263,Bullish,True,,,False
2025-12-05,AUDNZD,1.7019400352733687,Bullish,1.7056530214424956,Bullish,True,1.7056530214424956,Bullish,True,0.5423976608187138,Neutral,True,,,False
2025-12-05,AUDCAD,-0.33333333333333326,Neutral,-0.303118908382066,Neutral,True,-0.303118908382066,Neutral,True,-0.303118908382066,Neutral,True,-0.303118908382066,Neutral,True
2025-12-05,AUDCHF,0.9082892416225751,Neutral,1.094785575048733,Neutral,True,1.094785575048733,Neutral,True,-0.06846978557504863,Neutral,True,,,False
2025-12-05,NZDCAD,-3.0188124632569076,Very Bearish,-3.035087719298246,Very Bearish,True,-3.035087719298246,Very Bearish,True,-2.3149772579597143,Bearish,True,,,False
2025-12-05,NZDCHF,-0.9375,Neutral,-0.6108674463937624,Neutral,True,-0.6108674463937624,Neutral,True,-0.6108674463937624,Neutral,True,,,False
2025-12-05,CADCHF,1.1140505584950031,Neutral,1.397904483430799,Bullish,True,1.397904483430799,Bullish,True,0.6777940220922675,Neutral,True,,,False
2025-12-12,EURUSD,0.878411306042885,Neutral,0.8662889863547758,Neutral,True,0.8662889863547758,Neutral,True,0.8662889863547758,Neutral,True,0.8662889863547758,Neutral,True
2025-12-12,GBPUSD,0.4349415204678363,Neutral,0.4362207602339181,Neutral,True,0.4362207602339181,Neutral,True,0.4362207602339181,Neutral,True,0.4362207602339181,Neutral,True
2025-12-12,USDJPY,0.14985380116959068,Neutral,0.10617690058479555,Neutral,True,0.10617690058479555,Neutral,True,0.10617690058479555,Neutral,True,0.10617690058479555,Neutral,True
2025-12-12,USDCHF,-1.9905462184873948,Bearish,-1.628715886939571,Bearish,True,-1.628715886939571,Bearish,True,-1.6910331384015596,Bearish,True,,,False
2025-12-12,USDCAD,-2.2575536062378165,Bearish,-2.2641934697855746,Bearish,True,-2.2641934697855746,Bearish,True,-2.2641934697855746,Bearish,True,-2.2641934697855746,Bearish,True
2025-12-12,AUDUSD,1.3218810916179335,Bullish,1.2963572124756335,Neutral,True,1.2963572124756335,Neutral,True,1.2963572124756337,Neutral,True,1.2963572124756335,Neutral,True
2025-12-12,NZDUSD,-0.047268907563025306,Neutral,-0.008467348927875505,Neutral,True,-0.008467348927875505,Neutral,True,0.05384990253411308,Neutral,True,,,False
2025-12-12,EURGBP,1.4166666666666665,Bullish,1.456384015594542,Bullish,True,1.456384015594542,Bullish,True,1.456384015594542,Bullish,True,1.456384015594542,Bullish,True
2025-12-12,EURJPY,0.4166666666666665,Neutral,0.45930799220272905,Neutral,True,0.45930799220272905,Neutral,True,0.45930799220272905,Neutral,True,0.45930799220272905,Neutral,True
2025-12-12,EURCHF,-1.0258671369782482,Neutral,-0.7624269005847955,Neutral,True,-0.7624269005847955,Neutral,True,-1.2055717998700457,Neutral,True,,,False
2025-12-12,EURAUD,-0.41666666666666663,Neutral,-0.43006822612085777,Neutral,True,-0.43006822612085777,Neutral,True,-0.43006822612085777,Neutral,True,-0.43006822612085777,Neutral,True
2025-12-12,EURNZD,0.323339212228101,Neutral,0.36159844054580914,Neutral,True,0.36159844054580914,Neutral,True,-0.08154645873944098,Neutral,True,,,False
2025-12-12,EURCAD,-1.4166666666666665,Bearish,-1.397904483430799,Bearish,True,-1.397904483430799,Bearish,True,-1.397904483430799,Bearish,True,-1.397904483430799,Bearish,True
2025-12-12,GBPJPY,0.5,Neutral,0.5423976608187135,Neutral,True,0.5423976608187135,Neutral,True,0.5423976608187135,Neutral,True,0.5423976608187135,Neutral,True
2025-12-12,GBPCHF,-1.4991181657848323,Bearish,-1.1924951267056532,Neutral,True,-1.1924951267056532,Neutral,True,-1.9403021442495128,Bearish,True,,,False
2025-12-12,GBPAUD,-1.3333333333333333,Bearish,-1.3732943469785577,Bearish,True,-1.3732943469785577,Bearish,True,-1.3732943469785577,Bearish,True,-1.3732943469785577,Bearish,True
2025-12-12,GBPNZD,0.40564373897707234,Neutral,0.4446881091617937,Neutral,True,0.4446881091617937,Neutral,True,-0.303118908382066,Neutral,True,,,False
2025-12-12,GBPCAD,-2.833333333333333,Bearish,-2.8542884990253405,Bearish,True,-2.8542884990253405,Bearish,True,-2.8542884990253405,Bearish,True,-2.8542884990253405,Bearish,True
2025-12-12,AUDJPY,0.3333333333333335,Neutral,0.37621832358674495,Neutral,True,0.37621832358674495,Neutral,True,0.37621832358674495,Neutral,True,0.37621832358674495,Neutral,True
2025-12-12,NZDJPY,1.384479717813051,Bullish,1.1240253411306045,Neutral,True,1.1240253411306045,Neutral,True,2.2041910331384016,Bullish,True,,,False
2025-12-12,CADJPY,2.333333333333333,Bullish,2.37037037037037,Bullish,True,2.37037037037037,Bullish,True,2.37037037037037,Bullish,True,2.37037037037037,Bullish,True
2025-12-12,CHFJPY,1.0670194003527336,Neutral,0.7085769980506824,Neutral,True,0.7085769980506824,Neutral,True,1.7887426900584797,Bullish,True,,,False
2025-12-12,AUDNZD,0.7965902410346855,Neutral,0.791666666666667,Neutral,True,0.791666666666667,Neutral,True,-0.4269818063677711,Neutral,True,,,False
2025-12-12,AUDCAD,-0.9999999999999996,Neutral,-0.9678362573099409,Neutral,True,-0.9678362573099409,Neutral,True,-0.9678362573099409,Neutral,True,-0.9678362573099409,Neutral,True
2025-12-12,AUDCHF,0.0029394473838918593,Neutral,0.18079922027290446,Neutral,True,0.18079922027290446,Neutral,True,-1.0378492527615335,Neutral,True,,,False
2025-12-12,NZDCAD,-2.7718988830099938,Bearish,-2.785818713450292,Bearish,True,-2.785818713450292,Bearish,True,-1.9826185834957766,Bearish,True,,,False
2025-12-12,NZDCHF,-0.9375,Neutral,-0.6108674463937624,Neutral,True,-0.6108674463937624,Neutral,True,-0.6108674463937624,Neutral,True,,,False
2025-12-12,CADCHF,0.8671369782480892,Neutral,1.1486354775828456,Neutral,True,1.1486354775828456,Neutral,True,0.34543534762832984,Neutral,True,,,False
2025-12-19,EURUSD,2.616349902534113,Bullish,2.59463328460039,Bullish,True,2.59463328460039,Bullish,True,2.59463328460039,Bullish,True,2.59463328460039,Bullish,True
2025-12-19,GBPUSD,1.480872319688109,Bullish,1.485227826510721,Bullish,True,1.485227826510721,Bullish,True,1.485227826510721,Bullish,True,1.485227826510721,Bullish,True
2025-12-19,USDJPY,-1.0617690058479534,Neutral,-1.1090095029239766,Neutral,True,-1.1090095029239766,Neutral,True,-1.1090095029239766,Neutral,True,-1.1090095029239766,Neutral,True
2025-12-19,USDCHF,-2.2400210084033616,Bearish,-1.9299159356725148,Bearish,True,-1.9299159356725148,Bearish,True,-1.6494883040935673,Bearish,True,,,False
2025-12-19,USDCAD,-2.7528021442495128,Bearish,-2.7461927387914224,Bearish,True,-2.7461927387914224,Bearish,True,-2.7461927387914224,Bearish,True,-2.7461927387914224,Bearish,True
2025-12-19,AUDUSD,2.2849658869395713,Bullish,2.2622746101364526,Bullish,True,2.2622746101364526,Bullish,True,2.2622746101364526,Bullish,True,2.2622746101364526,Bullish,True
2025-12-19,NZDUSD,1.3051470588235294,Bullish,1.3728983918128654,Bullish,True,1.3728983918128654,Bullish,True,1.092470760233918,Neutral,True,,,False
2025-12-19,EURGBP,1.0833333333333333,Neutral,1.1094054580896686,Neutral,True,1.1094054580896686,Neutral,True,1.1094054580896686,Neutral,True,1.1094054580896686,Neutral,True
2025-12-19,EURJPY,0.4166666666666665,Neutral,0.45930799220272905,Neutral,True,0.45930799220272905,Neutral,True,0.45930799220272905,Neutral,True,0.45930799220272905,Neutral,True
2025-12-19,EURCHF,-0.07348618459729579,Neutral,0.151559454191033,Neutral,True,0.151559454191033,Neutral,True,-0.2915854450942171,Neutral,True,,,False
2025-12-19,EURAUD,-0.16666666666666657,Neutral,-0.18079922027290446,Neutral,True,-0.18079922027290446,Neutral,True,-0.18079922027290457,Neutral,True,-0.18079922027290446,Neutral,True
2025-12-19,EURNZD,0.720164609053498,Neutral,0.7085769980506824,Neutral,True,0.7085769980506824,Neutral,True,0.26543209876543217,Neutral,True,,,False
2025-12-19,EURCAD,-0.16666666666666663,Neutral,-0.151559454191033,Neutral,True,-0.151559454191033,Neutral,True,-0.151559454191033,Neutral,True,-0.151559454191033,Neutral,True
2025-12-19,GBPJPY,0.3333333333333335,Neutral,0.37621832358674495,Neutral,True,0.37621832358674495,Neutral,True,0.37621832358674495,Neutral,True,0.37621832358674495,Neutral,True
2025-12-19,GBPCHF,-0.15579071134626704,Neutral,0.06846978557504863,Neutral,True,0.06846978557504863,Neutral,True,-0.15310266406757642,Neutral,True,,,False
2025-12-19,GBPAUD,-1.25,Neutral,-1.2902046783625731,Neutral,True,-1.2902046783625731,Neutral,True,-1.2902046783625731,Neutral,True,-1.2902046783625731,Neutral,True
2025-12-19,GBPNZD,0.08230452674897118,Neutral,0.11232943469785582,Neutral,True,0.11232943469785582,Neutral,True,-0.10924301494476935,Neutral,True,,,False
2025-12-19,GBPCAD,-2.25,Bearish,-2.287280701754386,Bearish,True,-2.287280701754386,Bearish,True,-2.287280701754386,Bearish,True,-2.287280701754386,Bearish,True
2025-12-19,AUDJPY,0.08333333333333326,Neutral,0.1269493177387915,Neutral,True,0.1269493177387915,Neutral,True,0.12694931773879173,Neutral,True,0.1269493177387915,Neutral,True
2025-12-19,NZDJPY,1.5432098765432098,Bullish,1.2902046783625731,Neutral,True,1.2902046783625731,Neutral,True,2.3703703703703702,Bullish,True,,,False
2025-12-19,CADJPY,1.0833333333333333,Neutral,1.1240253411306045,Neutral,True,1.1240253411306045,Neutral,True,1.1240253411306045,Neutral,True,1.1240253411306045,Neutral,True
2025-12-19,CHFJPY,0.11463844797178138,Neutral,-0.2054093567251461,Neutral,True,-0.2054093567251461,Neutral,True,0.8747563352826513,Neutral,True,,,False
2025-12-19,AUDNZD,0.39094650205761294,Neutral,0.3762183235867447,Neutral,True,0.3762183235867447,Neutral,True,-0.8424301494476933,Neutral,True,,,False
2025-12-19,AUDCAD,-0.5,Neutral,-0.4839181286549707,Neutral,True,-0.4839181286549707,Neutral,True,-0.48391812865497047,Neutral,True,-0.4839181286549707,Neutral,True
2025-12-19,AUDCHF,-0.4027042915931806,Neutral,-0.18079922027290463,Neutral,True,-0.18079922027290463,Neutral,True,-1.3994476933073425,Bearish,True,,,False
2025-12-19,NZDCAD,-1.3786008230452673,Bearish,-1.3732943469785575,Bearish,True,-1.3732943469785575,Bearish,True,-1.0686322287199481,Neutral,True,,,False
2025-12-19,NZDCHF,0.78125,Neutral,0.9824561403508771,Neutral,True,0.9824561403508771,Neutral,True,0.9824561403508771,Neutral,True,,,False
2025-12-19,CADCHF,0.5849500293944736,Neutral,0.8162768031189082,Neutral,True,0.8162768031189082,Neutral,True,0.5116146848602987,Neutral,True,,,False
2025-12-26,EURUSD,2.0571393762183234,Bullish,2.033778021442495,Bullish,True,2.033778021442495,Bullish,True,2.033778021442495,Bullish,True,2.033778021442495,Bullish,True
2025-12-26,GBPUSD,1.8207846003898633,Bullish,1.8114339668615984,Bullish,True,1.8114339668615984,Bullish,True,1.8114339668615984,Bullish,True,1.8114339668615984,Bullish,True
2025-12-26,USDJPY,-0.75109649122807,Neutral,-0.7974232456140347,Neutral,True,-0.7974232456140347,Neutral,True,-0.7974232456140347,Neutral,True,-0.7974232456140347,Neutral,True
2025-12-26,USDCHF,-1.6885504201680672,Bearish,-1.3690606725146202,Bearish,True,-1.3690606725146202,Bearish,True,-1.6494883040935673,Bearish,True,,,False
2025-12-26,USDCAD,-2.554215399610136,Bearish,-2.5323160331384016,Bearish,True,-2.5323160331384016,Bearish,True,-2.5323160331384016,Bearish,True,-2.5323160331384016,Bearish,True
2025-12-26,AUDUSD,1.7257553606237817,Bullish,1.7014193469785577,Bullish,True,1.7014193469785577,Bullish,True,1.7014193469785577,Bullish,True,1.7014193469785577,Bullish,True
2025-12-26,NZDUSD,1.6570378151260503,Bullish,1.574470029239766,Bullish,True,1.574470029239766,Bullish,True,1.854897660818713,Bullish,True,,,False
2025-12-26,EURGBP,0.20833333333333337,Neutral,0.22234405458089676,Neutral,True,0.22234405458089676,Neutral,True,0.22234405458089676,Neutral,True,0.22234405458089676,Neutral,True
2025-12-26,EURJPY,0.16666666666666674,Neutral,0.2100389863547761,Neutral,True,0.2100389863547761,Neutral,True,0.2100389863547761,Neutral,True,0.2100389863547761,Neutral,True
2025-12-26,EURCHF,-0.6290417401528514,Neutral,-0.36159844054580914,Neutral,True,-0.36159844054580914,Neutral,True,-0.8047433398310593,Neutral,True,,,False
2025-12-26,EURAUD,-0.6666666666666665,Neutral,-0.6939571150097467,Neutral,True,-0.6939571150097467,Neutral,True,-0.6939571150097468,Neutral,True,-0.6939571150097467,Neutral,True
2025-12-26,EURNZD,-0.7084068195179307,Neutral,-0.5670077972709552,Neutral,True,-0.5670077972709552,Neutral,True,-1.0101526965562053,Neutral,True,,,False
2025-12-26,EURCAD,-0.5000000000000001,Neutral,-0.49853801169590656,Neutral,True,-0.49853801169590656,Neutral,True,-0.49853801169590656,Neutral,True,-0.49853801169590656,Neutral,True
2025-12-26,GBPJPY,0.45833333333333326,Neutral,0.5008528265107214,Neutral,True,0.5008528265107214,Neutral,True,0.5008528265107214,Neutral,True,0.5008528265107214,Neutral,True
2025-12-26,GBPCHF,0.21457965902410336,Neutral,0.44237329434697853,Neutral,True,0.44237329434697853,Neutral,True,-0.23619233268356088,Neutral,True,,,False
2025-12-26,GBPAUD,-0.875,Neutral,-0.9163011695906433,Neutral,True,-0.9163011695906433,Neutral,True,-0.9163011695906433,Neutral,True,-0.9163011695906433,Neutral,True
2025-12-26,GBPNZD,-0.42034097589653163,Neutral,-0.2761939571150097,Neutral,True,-0.2761939571150097,Neutral,True,-0.9547595841455491,Neutral,True,,,False
2025-12-26,GBPCAD,-1.7083333333333335,Bearish,-1.7471978557504875,Bearish,True,-1.7471978557504875,Bearish,True,-1.7471978557504875,Bearish,True,-1.7471978557504875,Bearish,True
2025-12-26,AUDJPY,-0.16666666666666652,Neutral,-0.12231968810916148,Neutral,True,-0.12231968810916148,Neutral,True,-0.12231968810916148,Neutral,True,-0.12231968810916148,Neutral,True
2025-12-26,NZDJPY,1.613756613756614,Bullish,1.2902046783625731,Neutral,True,1.2902046783625731,Neutral,True,2.287280701754386,Bullish,True,,,False
2025-12-26,CADJPY,0.6666666666666667,Neutral,0.7085769980506826,Neutral,True,0.7085769980506826,Neutral,True,0.7085769980506826,Neutral,True,0.7085769980506826,Neutral,True
2025-12-26,CHFJPY,-0.1322751322751323,Neutral,-0.4546783625730993,Neutral,True,-0.4546783625730993,Neutral,True,0.5423976608187135,Neutral,True,,,False
2025-12-26,AUDNZD,0.07348618459729561,Neutral,0.1269493177387915,Neutral,True,0.1269493177387915,Neutral,True,-1.0916991552956468,Neutral,True,,,False
2025-12-26,AUDCAD,0.16666666666666663,Neutral,0.19541910331384024,Neutral,True,0.19541910331384024,Neutral,True,0.19541910331384024,Neutral,True,0.19541910331384024,Neutral,True
2025-12-26,AUDCHF,0.7084068195179305,Neutral,0.8455165692007798,Neutral,True,0.8455165692007798,Neutral,True,-0.3731319038336581,Neutral,True,,,False
2025-12-26,NZDCAD,-0.8965314520870077,Neutral,-0.9578460038986358,Neutral,True,-0.9578460038986358,Neutral,True,-0.01616309291747896,Neutral,True,,,False
2025-12-26,NZDCHF,1.0937500000000002,Neutral,1.2317251461988303,Neutral,True,1.2317251461988303,Neutral,True,1.2317251461988303,Neutral,True,,,False
2025-12-26,CADCHF,0.4203409758965315,Neutral,0.6500974658869394,Neutral,True,0.6500974658869394,Neutral,True,-0.2915854450942171,Neutral,True,,,False
2026-01-02,EURUSD,1.9639376218323585,Bullish,1.9403021442495125,Bullish,True,1.9403021442495125,Bullish,True,1.9403021442495125,Bullish,True,1.9403021442495125,Bullish,True
2026-01-02,GBPUSD,1.479044834307992,Bullish,1.4686890838206625,Bullish,True,1.4686890838206625,Bullish,True,1.4686890838206625,Bullish,True,1.4686890838206625,Bullish,True
2026-01-02,USDJPY,-0.9064327485380118,Neutral,-0.9532163742690059,Neutral,True,-0.9532163742690059,Neutral,True,-0.9532163742690059,Neutral,True,-0.9532163742690059,Neutral,True
2026-01-02,USDCHF,-1.596638655462185,Bearish,-1.2755847953216377,Neutral,True,-1.2755847953216377,Neutral,True,-1.5248538011695905,Bearish,True,,,False
2026-01-02,USDCAD,-1.9639376218323585,Bearish,-1.9403021442495125,Bearish,True,-1.9403021442495125,Bearish,True,-1.9403021442495125,Bearish,True,-1.9403021442495125,Bearish,True
2026-01-02,AUDUSD,2.1588693957115006,Bullish,2.121101364522417,Bullish,True,2.121101364522417,Bullish,True,2.121101364522417,Bullish,True,2.121101364522417,Bullish,True
2026-01-02,NZDUSD,1.2499999999999998,Neutral,1.2317251461988303,Neutral,True,1.2317251461988303,Neutral,True,1.4809941520467838,Bullish,True,,,False
2026-01-02,EURGBP,0.45833333333333337,Neutral,0.47161306042885,Neutral,True,0.47161306042885,Neutral,True,0.47161306042884993,Neutral,True,0.47161306042885,Neutral,True
2026-01-02,EURJPY,-0.08333333333333348,Neutral,-0.0392300194931773,Neutral,True,-0.0392300194931773,Neutral,True,-0.0392300194931773,Neutral,True,-0.0392300194931773,Neutral,True
2026-01-02,EURCHF,-0.6290417401528514,Neutral,-0.36159844054580914,Neutral,True,-0.36159844054580914,Neutral,True,-0.8047433398310593,Neutral,True,,,False
2026-01-02,EURAUD,-1.1666666666666665,Neutral,-1.2071150097465888,Neutral,True,-1.2071150097465888,Neutral,True,-1.2071150097465888,Neutral,True,-1.2071150097465888,Neutral,True
2026-01-02,EURNZD,-0.39094650205761317,Neutral,-0.3177387914230019,Neutral,True,-0.3177387914230019,Neutral,True,-0.7608836907082521,Neutral,True,,,False
2026-01-02,EURCAD,0.0,Neutral,0.0,Neutral,True,0.0,Neutral,True,0.0,Neutral,True,0.0,Neutral,True
2026-01-02,GBPJPY,-0.04166666666666674,Neutral,0.0023148148148147817,Neutral,True,0.0023148148148147817,Neutral,True,0.0023148148148147817,Neutral,True,0.0023148148148147817,Neutral,True
2026-01-02,GBPCHF,-0.0323339212228102,Neutral,0.19310428849902522,Neutral,True,0.19310428849902522,Neutral,True,-0.4854613385315141,Neutral,True,,,False
2026-01-02,GBPAUD,-1.125,Neutral,-1.1655701754385965,Neutral,True,-1.1655701754385965,Neutral,True,-1.1655701754385965,Neutral,True,-1.1655701754385965,Neutral,True
2026-01-02,GBPNZD,0.2057613168724279,Neutral,0.2369639376218323,Neutral,True,0.2369639376218323,Neutral,True,-0.4416016894087069,Neutral,True,,,False
2026-01-02,GBPCAD,-0.9583333333333334,Neutral,-0.984770955165692,Neutral,True,-0.984770955165692,Neutral,True,-0.984770955165692,Neutral,True,-0.984770955165692,Neutral,True
2026-01-02,AUDJPY,-0.41666666666666674,Neutral,-0.3715886939571149,Neutral,True,-0.3715886939571149,Neutral,True,-0.3715886939571149,Neutral,True,-0.3715886939571149,Neutral,True
2026-01-02,NZDJPY,1.0493827160493827,Neutral,0.791666666666667,Neutral,True,0.791666666666667,Neutral,True,1.78874269005848,Bullish,True,,,False
2026-01-02,CADJPY,-0.08333333333333348,Neutral,-0.0392300194931773,Neutral,True,-0.0392300194931773,Neutral,True,-0.0392300194931773,Neutral,True,-0.0392300194931773,Neutral,True
2026-01-02,CHFJPY,-0.3791887125220458,Neutral,-0.7039473684210524,Neutral,True,-0.7039473684210524,Neutral,True,0.29312865497076024,Neutral,True,,,False
2026-01-02,AUDNZD,0.39094650205761294,Neutral,0.3762183235867447,Neutral,True,0.3762183235867447,Neutral,True,-0.8424301494476933,Neutral,True,,,False
2026-01-02,AUDCAD,0.6666666666666665,Neutral,0.6939571150097467,Neutral,True,0.6939571150097467,Neutral,True,0.6939571150097468,Neutral,True,0.6939571150097467,Neutral,True
2026-01-02,AUDCHF,1.263962375073486,Neutral,1.3586744639376218,Bullish,True,1.3586744639376218,Bullish,True,0.14002599090318407,Neutral,True,,,False
2026-01-02,NZDCAD,-0.720164609053498,Neutral,-0.7085769980506824,Neutral,True,-0.7085769980506824,Neutral,True,-0.26543209876543217,Neutral,True,,,False
2026-01-02,NZDCHF,0.15625,Neutral,0.4692982456140351,Neutral,True,0.4692982456140351,Neutral,True,0.4692982456140351,Neutral,True,,,False
2026-01-02,CADCHF,0.48206937095825975,Neutral,0.6647173489278752,Neutral,True,0.6647173489278752,Neutral,True,0.22157244964262507,Neutral,True,,,False
2026-01-09,EURUSD,1.6325536062378168,Bullish,1.6079434697855752,Bullish,True,1.6079434697855752,Bullish,True,1.6079434697855752,Bullish,True,1.6079434697855752,Bullish,True
2026-01-09,GBPUSD,0.3606237816764133,Neutral,0.3469785575048734,Neutral,True,0.3469785575048734,Neutral,True,0.34697855750487316,Neutral,True,0.3469785575048734,Neutral,True
2026-01-09,USDJPY,0.08771929824561396,Neutral,0.04385964912280709,Neutral,True,0.04385964912280709,Neutral,True,0.04385964912280732,Neutral,True,0.04385964912280709,Neutral,True
2026-01-09,USDCHF,-0.9033613445378152,Neutral,-0.5685510071474985,Neutral,True,-0.5685510071474985,Neutral,True,-0.8178200129954516,Neutral,True,,,False
2026-01-09,USDCAD,0.6091617933723197,Neutral,0.5962475633528266,Neutral,True,0.5962475633528266,Neutral,True,0.5962475633528268,Neutral,True,0.5962475633528266,Neutral,True
2026-01-09,AUDUSD,0.8333333333333337,Neutral,0.7916666666666671,Neutral,True,0.7916666666666671,Neutral,True,0.791666666666667,Neutral,True,0.7916666666666671,Neutral,True
2026-01-09,NZDUSD,0.6617647058823529,Neutral,0.7185672514619884,Neutral,True,0.7185672514619884,Neutral,True,0.9678362573099414,Neutral,True,,,False
2026-01-09,EURGBP,1.25,Neutral,1.260964912280702,Neutral,True,1.260964912280702,Neutral,True,1.260964912280702,Neutral,True,1.260964912280702,Neutral,True
2026-01-09,EURJPY,0.5833333333333335,Neutral,0.6254873294346983,Neutral,True,0.6254873294346983,Neutral,True,0.6254873294346983,Neutral,True,0.6254873294346983,Neutral,True
2026-01-09,EURCHF,-0.29688418577307474,Neutral,0.013076673164392472,Neutral,True,0.013076673164392472,Neutral,True,0.12386289798570499,Neutral,True,,,False
2026-01-09,EURAUD,-0.16666666666666674,Neutral,-0.2100389863547761,Neutral,True,-0.2100389863547761,Neutral,True,-0.2100389863547761,Neutral,True,-0.2100389863547761,Neutral,True
2026-01-09,EURNZD,-0.720164609053498,Neutral,-0.6500974658869394,Neutral,True,-0.6500974658869394,Neutral,True,-0.5393112410656271,Neutral,True,,,False
2026-01-09,EURCAD,0.6666666666666667,Neutral,0.6647173489278755,Neutral,True,0.6647173489278755,Neutral,True,0.6647173489278755,Neutral,True,0.6647173489278755,Neutral,True
2026-01-09,GBPJPY,-0.16666666666666652,Neutral,-0.12231968810916148,Neutral,True,-0.12231968810916148,Neutral,True,-0.12231968810916148,Neutral,True,-0.12231968810916148,Neutral,True
2026-01-09,GBPCHF,-1.0376249265138155,Neutral,-0.7347303443794673,Neutral,True,-0.7347303443794673,Neutral,True,-0.45776478232618595,Neutral,True,,,False
2026-01-09,GBPAUD,-0.9166666666666669,Neutral,-0.9578460038986358,Neutral,True,-0.9578460038986358,Neutral,True,-0.9578460038986358,Neutral,True,-0.9578460038986358,Neutral,True
2026-01-09,GBPNZD,-0.9053497942386832,Neutral,-0.8847465886939571,Neutral,True,-0.8847465886939571,Neutral,True,-0.6077810266406757,Neutral,True,,,False
2026-01-09,GBPCAD,-0.0833333333333333,Neutral,-0.08308966861598435,Neutral,True,-0.08308966861598435,Neutral,True,-0.08308966861598435,Neutral,True,-0.08308966861598435,Neutral,True
2026-01-09,AUDJPY,-0.75,Neutral,-0.7039473684210524,Neutral,True,-0.7039473684210524,Neutral,True,-0.7039473684210524,Neutral,True,-0.7039473684210524,Neutral,True
2026-01-09,NZDJPY,2.037037037037037,Bullish,1.78874269005848,Bullish,True,1.78874269005848,Bullish,True,2.4534600389863552,Bullish,True,,,False
2026-01-09,CADJPY,-0.08333333333333348,Neutral,-0.0392300194931773,Neutral,True,-0.0392300194931773,Neutral,True,-0.0392300194931773,Neutral,True,-0.0392300194931773,Neutral,True
2026-01-09,CHFJPY,0.5026455026455028,Neutral,0.09925276153346359,Neutral,True,0.09925276153346359,Neutral,True,0.7639701104613386,Neutral,True,,,False
2026-01-09,AUDNZD,-0.9259259259259256,Neutral,-0.9532163742690059,Neutral,True,-0.9532163742690059,Neutral,True,-1.2855750487329431,Neutral,True,,,False
2026-01-09,AUDCAD,0.3333333333333336,Neutral,0.36159844054580936,Neutral,True,0.36159844054580936,Neutral,True,0.36159844054580936,Neutral,True,0.36159844054580936,Neutral,True
2026-01-09,AUDCHF,0.6084656084656085,Neutral,0.7362735542560107,Neutral,True,0.7362735542560107,Neutral,True,0.403914879792073,Neutral,True,,,False
2026-01-09,NZDCAD,0.8230452674897121,Neutral,0.8016569200779726,Neutral,True,0.8016569200779726,Neutral,True,0.24772579597140998,Neutral,True,,,False
2026-01-09,NZDCHF,0.8854166666666665,Neutral,1.1763320337881742,Neutral,True,1.1763320337881742,Neutral,True,1.1763320337881742,Neutral,True,,,False
2026-01-09,CADCHF,-0.3997648442092888,Neutral,-0.1384827810266408,Neutral,True,-0.1384827810266408,Neutral,True,0.41544834307992196,Neutral,True,,,False
2026-01-16,EURUSD,0.23452729044834308,Neutral,0.2058053118908383,Neutral,True,0.2058053118908383,Neutral,True,0.2058053118908383,Neutral,True,0.2058053118908383,Neutral,True
2026-01-16,GBPUSD,-0.8181042884990254,Neutral,-0.8205104775828462,Neutral,True,-0.8205104775828462,Neutral,True,-0.8205104775828462,Neutral,True,-0.8205104775828462,Neutral,True
2026-01-16,USDJPY,1.2372076023391814,Neutral,1.1967288011695907,Neutral,True,1.1967288011695907,Neutral,True,1.1967288011695907,Neutral,True,1.1967288011695907,Neutral,True
2026-01-16,USDCHF,0.7904411764705882,Neutral,1.0828561565951915,Neutral,True,1.0828561565951915,Neutral,True,0.5531595191682911,Neutral,True,,,False
2026-01-16,USDCAD,1.758650097465887,Bullish,1.7491167153996101,Bullish,True,1.7491167153996101,Bullish,True,1.7491167153996101,Bullish,True,1.7491167153996101,Bullish,True
2026-01-16,AUDUSD,-0.8132309941520466,Neutral,-0.8597404970760232,Neutral,True,-0.8597404970760232,Neutral,True,-0.8597404970760232,Neutral,True,-0.8597404970760232,Neutral,True
2026-01-16,NZDUSD,-0.12867647058823536,Neutral,-0.1704130116959065,Neutral,True,-0.1704130116959065,Neutral,True,0.3592836257309942,Neutral,True,,,False
2026-01-16,EURGBP,0.5,Neutral,0.5131578947368421,Neutral,True,0.5131578947368421,Neutral,True,0.5131578947368421,Neutral,True,0.5131578947368421,Neutral,True
2026-01-16,EURJPY,0.3333333333333335,Neutral,0.37621832358674495,Neutral,True,0.37621832358674495,Neutral,True,0.37621832358674495,Neutral,True,0.37621832358674495,Neutral,True
2026-01-16,EURCHF,0.020576131687242767,Neutral,0.2623456790123457,Neutral,True,0.2623456790123457,Neutral,True,0.37313190383365824,Neutral,True,,,False
2026-01-16,EURAUD,0.08333333333333348,Neutral,0.0392300194931773,Neutral,True,0.0392300194931773,Neutral,True,0.0392300194931773,Neutral,True,0.0392300194931773,Neutral,True
2026-01-16,EURNZD,-0.720164609053498,Neutral,-0.6500974658869394,Neutral,True,-0.6500974658869394,Neutral,True,-0.5393112410656271,Neutral,True,,,False
2026-01-16,EURCAD,0.41666666666666685,Neutral,0.4154483430799222,Neutral,True,0.4154483430799222,Neutral,True,0.4154483430799222,Neutral,True,0.4154483430799222,Neutral,True
2026-01-16,GBPJPY,0.3333333333333335,Neutral,0.37621832358674495,Neutral,True,0.37621832358674495,Neutral,True,0.37621832358674495,Neutral,True,0.37621832358674495,Neutral,True
2026-01-16,GBPCHF,0.020576131687242642,Neutral,0.26234567901234557,Neutral,True,0.26234567901234557,Neutral,True,0.2069525666016893,Neutral,True,,,False
2026-01-16,GBPAUD,0.08333333333333348,Neutral,0.0392300194931773,Neutral,True,0.0392300194931773,Neutral,True,0.0392300194931773,Neutral,True,0.0392300194931773,Neutral,True
2026-01-16,GBPNZD,-0.16460905349794236,Neutral,-0.13693957115009725,Neutral,True,-0.13693957115009725,Neutral,True,-0.1923326835607535,Neutral,True,,,False
2026-01-16,GBPCAD,0.9166666666666667,Neutral,0.9286062378167641,Neutral,True,0.9286062378167641,Neutral,True,0.9286062378167641,Neutral,True,0.9286062378167641,Neutral,True
2026-01-16,AUDJPY,-1.2499999999999996,Neutral,-1.2024853801169588,Neutral,True,-1.2024853801169588,Neutral,True,-1.2024853801169588,Neutral,True,-1.2024853801169588,Neutral,True
2026-01-16,NZDJPY,1.7901234567901236,Bullish,1.5394736842105263,Bullish,True,1.5394736842105263,Bullish,True,2.7027290448343075,Bullish,True,,,False
2026-01-16,CADJPY,-0.0833333333333337,Neutral,-0.039230019493177525,Neutral,True,-0.039230019493177525,Neutral,True,-0.039230019493177525,Neutral,True,-0.039230019493177525,Neutral,True
2026-01-16,CHFJPY,-0.061728395061728426,Neutral,-0.39928525016244276,Neutral,True,-0.39928525016244276,Neutral,True,0.7639701104613386,Neutral,True,,,False
2026-01-16,AUDNZD,-1.1728395061728398,Neutral,-1.2024853801169588,Neutral,True,-1.2024853801169588,Neutral,True,-1.5348440545808963,Bearish,True,,,False
2026-01-16,AUDCAD,0.3333333333333335,Neutral,0.37621832358674495,Neutral,True,0.37621832358674495,Neutral,True,0.37621832358674495,Neutral,True,0.37621832358674495,Neutral,True
2026-01-16,AUDCHF,0.6790123456790123,Neutral,0.7362735542560106,Neutral,True,0.7362735542560106,Neutral,True,0.4039148797920733,Neutral,True,,,False
2026-01-16,NZDCAD,0.5761316872427984,Neutral,0.5523879142300196,Neutral,True,0.5523879142300196,Neutral,True,0.5800844704353476,Neutral,True,,,False
2026-01-16,NZDCHF,1.1979166666666665,Neutral,1.4256010396361272,Bullish,True,1.4256010396361272,Bullish,True,1.4256010396361272,Bullish,True,,,False
2026-01-16,CADCHF,0.16460905349794222,Neutral,0.36005523066926565,Neutral,True,0.36005523066926565,Neutral,True,0.3323586744639374,Neutral,True,,,False
2026-01-23,EURUSD,0.6521076998050683,Neutral,0.609908016569201,Neutral,True,0.609908016569201,Neutral,True,0.609908016569201,Neutral,True,0.609908016569201,Neutral,True
2026-01-23,GBPUSD,-0.45413011695906413,Neutral,-0.48487755847953196,Neutral,True,-0.48487755847953196,Neutral,True,-0.48487755847953196,Neutral,True,-0.48487755847953196,Neutral,True
2026-01-23,USDJPY,1.316703216374269,Bullish,1.2911641081871348,Neutral,True,1.2911641081871348,Neutral,True,1.2911641081871348,Neutral,True,1.2911641081871348,Neutral,True
2026-01-23,USDCHF,-0.14574579831932777,Neutral,0.18021544022092248,Neutral,True,0.18021544022092248,Neutral,True,-0.8947571474983758,Neutral,True,,,False
2026-01-23,USDCAD,1.3654361598440548,Bullish,1.3988639132553606,Bullish,True,1.3988639132553606,Bullish,True,1.3988639132553606,Bullish,True,1.3988639132553606,Bullish,True
2026-01-23,AUDUSD,-0.2591983430799219,Neutral,-0.3040783382066274,Neutral,True,-0.3040783382066274,Neutral,True,-0.3040783382066274,Neutral,True,-0.3040783382066274,Neutral,True
2026-01-23,NZDUSD,0.7234768907563026,Neutral,0.4291087962962964,Neutral,True,0.4291087962962964,Neutral,True,1.5040813840155944,Bullish,True,,,False
2026-01-23,EURGBP,0.5833333333333333,Neutral,0.5816276803118907,Neutral,True,0.5816276803118907,Neutral,True,0.5816276803118907,Neutral,True,0.5816276803118907,Neutral,True
2026-01-23,EURJPY,0.8333333333333335,Neutral,0.8747563352826513,Neutral,True,0.8747563352826513,Neutral,True,0.8747563352826513,Neutral,True,0.8747563352826513,Neutral,True
2026-01-23,EURCHF,-0.993533215755438,Neutral,-0.7493502274204029,Neutral,True,-0.7493502274204029,Neutral,True,-0.6385640025990904,Neutral,True,,,False
2026-01-23,EURAUD,-0.5833333333333333,Neutral,-0.625487329434698,Neutral,True,-0.625487329434698,Neutral,True,-0.625487329434698,Neutral,True,-0.625487329434698,Neutral,True
2026-01-23,EURNZD,0.09112286890064665,Neutral,0.18079922027290463,Neutral,True,0.18079922027290463,Neutral,True,0.29158544509421713,Neutral,True,,,False
2026-01-23,EURCAD,2.0,Bullish,2.0087719298245617,Bullish,True,2.0087719298245617,Bullish,True,2.0087719298245617,Bullish,True,2.0087719298245617,Bullish,True
2026-01-23,GBPJPY,0.25,Neutral,0.29312865497076024,Neutral,True,0.29312865497076024,Neutral,True,0.29312865497076024,Neutral,True,0.29312865497076024,Neutral,True
2026-01-23,GBPCHF,-1.0141093474426808,Neutral,-0.8178200129954516,Neutral,True,-0.8178200129954516,Neutral,True,-0.8178200129954516,Neutral,True,,,False
2026-01-23,GBPAUD,-1.1666666666666667,Neutral,-1.2071150097465888,Neutral,True,-1.2071150097465888,Neutral,True,-1.2071150097465888,Neutral,True,-1.2071150097465888,Neutral,True
2026-01-23,GBPNZD,-0.48500881834215165,Neutral,-0.4008284600389863,Neutral,True,-0.4008284600389863,Neutral,True,-0.4008284600389863,Neutral,True,,,False
2026-01-23,GBPCAD,1.4166666666666665,Bullish,1.4271442495126707,Bullish,True,1.4271442495126707,Bullish,True,1.4271442495126707,Bullish,True,1.4271442495126707,Bullish,True
2026-01-23,AUDJPY,-0.08333333333333348,Neutral,-0.0392300194931773,Neutral,True,-0.0392300194931773,Neutral,True,-0.0392300194931773,Neutral,True,-0.0392300194931773,Neutral,True
2026-01-23,NZDJPY,1.472663139329806,Bullish,1.2071150097465888,Neutral,True,1.2071150097465888,Neutral,True,2.3703703703703702,Bullish,True,,,False
2026-01-23,CADJPY,-0.666666666666667,Neutral,-0.6208576998050683,Neutral,True,-0.6208576998050683,Neutral,True,-0.6208576998050683,Neutral,True,-0.6208576998050683,Neutral,True
2026-01-23,CHFJPY,0.8906525573192241,Neutral,0.5977907732293699,Neutral,True,0.5977907732293699,Neutral,True,1.7610461338531516,Bullish,True,,,False
2026-01-23,AUDNZD,0.2968841857730744,Neutral,0.29312865497076024,Neutral,True,0.29312865497076024,Neutral,True,0.3485217673814166,Neutral,True,,,False
2026-01-23,AUDCAD,2.083333333333333,Bullish,2.121101364522417,Bullish,True,2.121101364522417,Bullish,True,2.121101364522417,Bullish,True,2.121101364522417,Bullish,True
2026-01-23,AUDCHF,0.8788947677836566,Neutral,0.9024528914879792,Neutral,True,0.9024528914879792,Neutral,True,0.9578460038986356,Neutral,True,,,False
2026-01-23,NZDCAD,2.5014697236919456,Bullish,2.3411306042884994,Bullish,True,2.3411306042884994,Bullish,True,2.4796133853151394,Bullish,True,,,False
2026-01-23,NZDCHF,-0.05208333333333329,Neutral,0.09616634178037675,Neutral,True,0.09616634178037675,Neutral,True,0.09616634178037675,Neutral,True,,,False
2026-01-23,CADCHF,-2.4750146972369196,Bearish,-2.244964262508122,Bearish,True,-2.244964262508122,Bearish,True,-2.3834470435347628,Bearish,True,,,False
2026-01-30,EURUSD,0.9938474658869395,Neutral,0.9526528996101367,Neutral,True,0.9526528996101367,Neutral,True,0.9526528996101367,Neutral,True,0.9526528996101367,Neutral,True
2026-01-30,GBPUSD,0.7574926900584795,Neutral,0.7303088450292399,Neutral,True,0.7303088450292399,Neutral,True,0.7303088450292399,Neutral,True,0.7303088450292399,Neutral,True
2026-01-30,USDJPY,0.1050804093567251,Neutral,0.07597770467836257,Neutral,True,0.07597770467836257,Neutral,True,0.07597770467836257,Neutral,True,0.07597770467836257,Neutral,True
2026-01-30,USDCHF,-1.3405987394957983,Bearish,-1.0349709632878494,Neutral,True,-1.0349709632878494,Neutral,True,-1.0193916504223524,Neutral,True,,,False
2026-01-30,USDCAD,-0.6210404483430801,Neutral,-0.578749390838207,Neutral,True,-0.578749390838207,Neutral,True,-0.578749390838207,Neutral,True,-0.578749390838207,Neutral,True
2026-01-30,AUDUSD,2.029422514619883,Bullish,1.9912737573099417,Bullish,True,1.9912737573099417,Bullish,True,1.9912737573099417,Bullish,True,1.9912737573099417,Bullish,True
2026-01-30,NZDUSD,1.6032037815126052,Bullish,1.395026193957115,Bullish,True,1.395026193957115,Bullish,True,1.379446881091618,Bullish,True,,,False
2026-01-30,EURGBP,-0.29166666666666663,Neutral,-0.29081384015594536,Neutral,True,-0.29081384015594536,Neutral,True,-0.29081384015594536,Neutral,True,-0.29081384015594536,Neutral,True
2026-01-30,EURJPY,-0.04166666666666674,Neutral,0.0023148148148147817,Neutral,True,0.0023148148148147817,Neutral,True,0.0023148148148147817,Neutral,True,0.0023148148148147817,Neutral,True
2026-01-30,EURCHF,-1.8577307466196358,Bearish,-1.6217917478882393,Bearish,True,-1.6217917478882393,Bearish,True,-1.552550357374919,Bearish,True,,,False
2026-01-30,EURAUD,-2.541666666666667,Bearish,-2.5780945419103314,Bearish,True,-2.5780945419103314,Bearish,True,-2.5780945419103314,Bearish,True,-2.5780945419103314,Bearish,True
2026-01-30,EURNZD,-2.1222810111699,Bearish,-1.9818469785575048,Bearish,True,-1.9818469785575048,Bearish,True,-1.9126055880441846,Bearish,True,,,False
2026-01-30,EURCAD,0.8749999999999998,Neutral,0.8870614035087718,Neutral,True,0.8870614035087718,Neutral,True,0.8870614035087718,Neutral,True,0.8870614035087718,Neutral,True
2026-01-30,GBPJPY,0.25,Neutral,0.29312865497076024,Neutral,True,0.29312865497076024,Neutral,True,0.29312865497076024,Neutral,True,0.29312865497076024,Neutral,True
2026-01-30,GBPCHF,-1.0141093474426808,Neutral,-0.8178200129954516,Neutral,True,-0.8178200129954516,Neutral,True,-0.8178200129954516,Neutral,True,,,False
2026-01-30,GBPAUD,-2.25,Bearish,-2.287280701754386,Bearish,True,-2.287280701754386,Bearish,True,-2.287280701754386,Bearish,True,-2.287280701754386,Bearish,True
2026-01-30,GBPNZD,-1.2786596119929452,Neutral,-1.1778752436647173,Neutral,True,-1.1778752436647173,Neutral,True,-1.1778752436647173,Neutral,True,,,False
2026-01-30,GBPCAD,1.6666666666666665,Bullish,1.6910331384015596,Bullish,True,1.6910331384015596,Bullish,True,1.6910331384015596,Bullish,True,1.6910331384015596,Bullish,True
2026-01-30,AUDJPY,1.0,Neutral,1.04093567251462,Neutral,True,1.04093567251462,Neutral,True,1.04093567251462,Neutral,True,1.04093567251462,Neutral,True
2026-01-30,NZDJPY,1.1552028218694883,Neutral,0.9578460038986356,Neutral,True,0.9578460038986356,Neutral,True,2.121101364522417,Bullish,True,,,False
2026-01-30,CADJPY,-0.41666666666666674,Neutral,-0.3715886939571149,Neutral,True,-0.3715886939571149,Neutral,True,-0.3715886939571149,Neutral,True,-0.3715886939571149,Neutral,True
2026-01-30,CHFJPY,0.8906525573192241,Neutral,0.5977907732293699,Neutral,True,0.5977907732293699,Neutral,True,1.7610461338531516,Bullish,True,,,False
2026-01-30,AUDNZD,1.6843033509700176,Bullish,1.622563352826511,Bullish,True,1.622563352826511,Bullish,True,1.2902046783625731,Neutral,True,,,False
2026-01-30,AUDCAD,2.916666666666666,Bullish,2.951998050682261,Bullish,True,2.951998050682261,Bullish,True,2.951998050682261,Bullish,True,2.951998050682261,Bullish,True
2026-01-30,AUDCHF,1.948853615520282,Bullish,1.9826185834957766,Bullish,True,1.9826185834957766,Bullish,True,1.650259909031839,Bullish,True,,,False
2026-01-30,NZDCAD,1.9370958259847149,Bullish,1.8425925925925926,Bullish,True,1.8425925925925926,Bullish,True,1.9810753736192332,Bullish,True,,,False
2026-01-30,NZDCHF,-0.3645833333333334,Neutral,-0.1531026640675765,Neutral,True,-0.1531026640675765,Neutral,True,-0.1531026640675765,Neutral,True,,,False
2026-01-30,CADCHF,-2.228101116990006,Bearish,-1.9956952566601691,Bearish,True,-1.9956952566601691,Bearish,True,-2.1341780376868096,Bearish,True,,,False
2026-02-06,EURUSD,0.6055068226120857,Neutral,0.5631700779727096,Neutral,True,0.5631700779727096,Neutral,True,0.5631700779727096,Neutral,True,0.5631700779727096,Neutral,True
2026-02-06,GBPUSD,1.1440058479532165,Neutral,1.1032529239766082,Neutral,True,1.1032529239766082,Neutral,True,1.1032529239766082,Neutral,True,1.1032529239766082,Neutral,True
2026-02-06,USDJPY,1.019736842105263,Neutral,0.9786184210526317,Neutral,True,0.9786184210526317,Neutral,True,0.9786184210526317,Neutral,True,0.9786184210526317,Neutral,True
2026-02-06,USDCHF,-2.2111344537815123,Bearish,-1.8510599415204678,Bearish,True,-1.8510599415204678,Bearish,True,-1.7887426900584797,Bearish,True,,,False
2026-02-06,USDCAD,-0.4812378167641327,Neutral,-0.4385355750487334,Neutral,True,-0.4385355750487334,Neutral,True,-0.4385355750487334,Neutral,True,-0.4385355750487334,Neutral,True
2026-02-06,AUDUSD,1.8896198830409356,Bullish,1.8510599415204678,Bullish,True,1.8510599415204678,Bullish,True,1.8510599415204678,Bullish,True,1.8510599415204678,Bullish,True
2026-02-06,NZDUSD,0.7300420168067228,Neutral,0.562398473034438,Neutral,True,0.562398473034438,Neutral,True,0.5000812215724497,Neutral,True,,,False
2026-02-06,EURGBP,-0.5416666666666667,Neutral,-0.5400828460038987,Neutral,True,-0.5400828460038987,Neutral,True,-0.5400828460038987,Neutral,True,-0.5400828460038987,Neutral,True
2026-02-06,EURJPY,-0.04166666666666652,Neutral,0.0023148148148150094,Neutral,True,0.0023148148148150094,Neutral,True,0.0023148148148150094,Neutral,True,0.0023148148148150094,Neutral,True
2026-02-06,EURCHF,-2.527924750146972,Bearish,-2.314205653021442,Bearish,True,-2.314205653021442,Bearish,True,-2.3280539311241064,Bearish,True,,,False
2026-02-06,EURAUD,-2.791666666666667,Bearish,-2.827363547758284,Bearish,True,-2.827363547758284,Bearish,True,-2.827363547758284,Bearish,True,-2.827363547758284,Bearish,True
2026-02-06,EURNZD,-1.6284538506760728,Bearish,-1.538702079272255,Bearish,True,-1.538702079272255,Bearish,True,-1.552550357374919,Bearish,True,,,False
2026-02-06,EURCAD,0.6249999999999999,Neutral,0.6377923976608186,Neutral,True,0.6377923976608186,Neutral,True,0.6377923976608186,Neutral,True,0.6377923976608186,Neutral,True
2026-02-06,GBPJPY,0.5,Neutral,0.5423976608187135,Neutral,True,0.5423976608187135,Neutral,True,0.5423976608187135,Neutral,True,0.5423976608187135,Neutral,True
2026-02-06,GBPCHF,-1.9929453262786594,Bearish,-1.774122807017544,Bearish,True,-1.774122807017544,Bearish,True,-1.6910331384015596,Bearish,True,,,False
2026-02-06,GBPAUD,-2.25,Bearish,-2.287280701754386,Bearish,True,-2.287280701754386,Bearish,True,-2.287280701754386,Bearish,True,-2.287280701754386,Bearish,True
2026-02-06,GBPNZD,-0.5379188712522045,Neutral,-0.4854613385315141,Neutral,True,-0.4854613385315141,Neutral,True,-0.4023716699155297,Neutral,True,,,False
2026-02-06,GBPCAD,1.6666666666666665,Bullish,1.6910331384015596,Bullish,True,1.6910331384015596,Bullish,True,1.6910331384015596,Bullish,True,1.6910331384015596,Bullish,True
2026-02-06,AUDJPY,1.25,Neutral,1.2902046783625731,Neutral,True,1.2902046783625731,Neutral,True,1.2902046783625731,Neutral,True,1.2902046783625731,Neutral,True
2026-02-06,NZDJPY,0.6613756613756614,Neutral,0.5147011046133857,Neutral,True,0.5147011046133857,Neutral,True,1.677956465237167,Bullish,True,,,False
2026-02-06,CADJPY,-0.16666666666666652,Neutral,-0.12231968810916148,Neutral,True,-0.12231968810916148,Neutral,True,-0.12231968810916148,Neutral,True,-0.12231968810916148,Neutral,True
2026-02-06,CHFJPY,1.5608465608465607,Bullish,1.2902046783625731,Neutral,True,1.2902046783625731,Neutral,True,2.4534600389863552,Bullish,True,,,False
2026-02-06,AUDNZD,2.4250440917107587,Bullish,2.3149772579597143,Bullish,True,2.3149772579597143,Bullish,True,1.9826185834957766,Bullish,True,,,False
2026-02-06,AUDCAD,2.916666666666666,Bullish,2.951998050682261,Bullish,True,2.951998050682261,Bullish,True,2.951998050682261,Bullish,True,2.951998050682261,Bullish,True
2026-02-06,AUDCHF,1.5255731922398588,Bullish,1.5394736842105263,Bullish,True,1.5394736842105263,Bullish,True,1.2071150097465888,Neutral,True,,,False
2026-02-06,NZDCAD,1.7519106407995295,Bullish,1.6633365821962312,Bullish,True,1.6633365821962312,Bullish,True,1.801819363222872,Bullish,True,,,False
2026-02-06,NZDCHF,-0.8854166666666667,Neutral,-0.7755035737491877,Neutral,True,-0.7755035737491877,Neutral,True,-0.7755035737491877,Neutral,True,,,False
2026-02-06,CADCHF,-2.651381540270429,Bearish,-2.438840155945419,Bearish,True,-2.438840155945419,Bearish,True,-2.5773229369720596,Bearish,True,,,False
2026-02-13,EURUSD,0.9627802144249514,Neutral,0.9214942738791425,Neutral,True,0.9214942738791425,Neutral,True,0.9214942738791425,Neutral,True,0.9214942738791425,Neutral,True
2026-02-13,GBPUSD,1.7498172514619883,Bullish,1.7108461257309941,Bullish,True,1.7108461257309941,Bullish,True,1.7108461257309941,Bullish,True,1.7108461257309941,Bullish,True
2026-02-13,USDJPY,-1.6328581871345031,Bearish,-1.6523665935672518,Bearish,True,-1.6523665935672518,Bearish,True,-1.6523665935672518,Bearish,True,-1.6523665935672518,Bearish,True
2026-02-13,USDCHF,-4.06906512605042,Very Bearish,-3.7880878411306043,Very Bearish,True,-3.7880878411306043,Very Bearish,True,-3.1804946393762186,Very Bearish,True,,,False
2026-02-13,USDCAD,-1.8326632553606237,Bearish,-1.7939357943469787,Bearish,True,-1.7939357943469787,Bearish,True,-1.7939357943469787,Bearish,True,-1.7939357943469787,Bearish,True
2026-02-13,AUDUSD,2.495431286549708,Bullish,2.4586531432748537,Bullish,True,2.4586531432748537,Bullish,True,2.4586531432748537,Bullish,True,2.4586531432748537,Bullish,True
2026-02-13,NZDUSD,1.3274684873949583,Bullish,1.169991674788824,Neutral,True,1.169991674788824,Neutral,True,0.562398473034438,Neutral,True,,,False
2026-02-13,EURGBP,-0.7916666666666663,Neutral,-0.7893518518518516,Neutral,True,-0.7893518518518516,Neutral,True,-0.7893518518518516,Neutral,True,-0.7893518518518516,Neutral,True
2026-02-13,EURJPY,-1.7916666666666665,Bearish,-1.7571881091617934,Bearish,True,-1.7571881091617934,Bearish,True,-1.7571881091617934,Bearish,True,-1.7571881091617934,Bearish,True
2026-02-13,EURCHF,-4.6002351557907115,Very Bearish,-4.406067251461987,Very Bearish,True,-4.406067251461987,Very Bearish,True,-3.9213775178687458,Very Bearish,True,,,False
2026-02-13,EURAUD,-3.0416666666666665,Very Bearish,-3.0766325536062378,Very Bearish,True,-3.0766325536062378,Very Bearish,True,-3.0766325536062378,Very Bearish,True,-3.0766325536062378,Very Bearish,True
2026-02-13,EURNZD,-1.8753674309229862,Bearish,-1.787971085120208,Bearish,True,-1.787971085120208,Bearish,True,-1.303281351526966,Bearish,True,,,False
2026-02-13,EURCAD,0.1250000000000001,Neutral,0.15387426900584814,Neutral,True,0.15387426900584814,Neutral,True,0.15387426900584814,Neutral,True,0.15387426900584814,Neutral,True
2026-02-13,GBPJPY,-1.0,Neutral,-0.9678362573099414,Neutral,True,-0.9678362573099414,Neutral,True,-0.9678362573099414,Neutral,True,-0.9678362573099414,Neutral,True
2026-02-13,GBPCHF,-3.262786596119929,Very Bearish,-3.1035575048732937,Very Bearish,True,-3.1035575048732937,Very Bearish,True,-3.1035575048732937,Very Bearish,True,,,False
2026-02-13,GBPAUD,-2.25,Bearish,-2.287280701754386,Bearish,True,-2.287280701754386,Bearish,True,-2.287280701754386,Bearish,True,-2.287280701754386,Bearish,True
2026-02-13,GBPNZD,-1.0934744268077603,Neutral,-0.9986192332683563,Neutral,True,-0.9986192332683563,Neutral,True,-0.9986192332683563,Neutral,True,,,False
2026-02-13,GBPCAD,0.9166666666666666,Neutral,0.9432261208576999,Neutral,True,0.9432261208576999,Neutral,True,0.9432261208576999,Neutral,True,0.9432261208576999,Neutral,True
2026-02-13,AUDJPY,0.25,Neutral,0.29312865497076024,Neutral,True,0.29312865497076024,Neutral,True,0.29312865497076024,Neutral,True,0.29312865497076024,Neutral,True
2026-02-13,NZDJPY,-0.326278659611993,Neutral,-0.48237491877842714,Neutral,True,-0.48237491877842714,Neutral,True,0.5147011046133857,Neutral,True,,,False
2026-02-13,CADJPY,-0.9166666666666667,Neutral,-0.8847465886939571,Neutral,True,-0.8847465886939571,Neutral,True,-0.8847465886939571,Neutral,True,-0.8847465886939571,Neutral,True
2026-02-13,CHFJPY,1.8430335097001762,Bullish,1.6225633528265107,Bullish,True,1.6225633528265107,Bullish,True,2.619639376218324,Bullish,True,,,False
2026-02-13,AUDNZD,2.4250440917107587,Bullish,2.3149772579597143,Bullish,True,2.3149772579597143,Bullish,True,1.9826185834957766,Bullish,True,,,False
2026-02-13,AUDCAD,2.1666666666666665,Bullish,2.2041910331384016,Bullish,True,2.2041910331384016,Bullish,True,2.2041910331384016,Bullish,True,2.2041910331384016,Bullish,True
2026-02-13,AUDCHF,0.25573192239858916,Neutral,0.21003898635477636,Neutral,True,0.21003898635477636,Neutral,True,-0.12231968810916148,Neutral,True,,,False
2026-02-13,NZDCAD,1.0111699000587888,Neutral,0.9155295646523718,Neutral,True,0.9155295646523718,Neutral,True,0.8047433398310593,Neutral,True,,,False
2026-02-13,NZDCHF,-2.135416666666666,Bearish,-2.1049382716049383,Bearish,True,-2.1049382716049383,Bearish,True,-2.1049382716049383,Bearish,True,,,False
2026-02-13,CADCHF,-3.180482069370958,Very Bearish,-3.02046783625731,Very Bearish,True,-3.02046783625731,Very Bearish,True,-2.9096816114359974,Bearish,True,,,False
2026-02-20,EURUSD,0.9783138401559455,Neutral,0.9370735867446396,Neutral,True,0.9370735867446396,Neutral,True,0.9370735867446396,Neutral,True,0.9370735867446396,Neutral,True
2026-02-20,GBPUSD,-0.08650097465886929,Neutral,-0.11616715399610109,Neutral,True,-0.11616715399610109,Neutral,True,-0.11616715399610109,Neutral,True,-0.11616715399610109,Neutral,True
2026-02-20,USDJPY,0.17422027290448336,Neutral,0.16002680311890835,Neutral,True,0.16002680311890835,Neutral,True,0.16002680311890835,Neutral,True,0.16002680311890835,Neutral,True
2026-02-20,USDCHF,-3.8392857142857144,Very Bearish,-3.554398148148148,Very Bearish,True,-3.554398148148148,Very Bearish,True,-2.868908382066277,Bearish,True,,,False
2026-02-20,USDCAD,-1.1025828460038987,Neutral,-1.0617080896686162,Neutral,True,-1.0617080896686162,Neutral,True,-1.0617080896686162,Neutral,True,-1.0617080896686162,Neutral,True
2026-02-20,AUDUSD,1.848196881091618,Bullish,1.8095151072124758,Bullish,True,1.8095151072124758,Bullish,True,1.8095151072124758,Bullish,True,1.8095151072124758,Bullish,True
2026-02-20,NZDUSD,1.6859243697478994,Bullish,1.44945987654321,Bullish,True,1.44945987654321,Bullish,True,0.7639701104613388,Neutral,True,,,False
2026-02-20,EURGBP,1.0416666666666665,Neutral,1.053240740740741,Neutral,True,1.053240740740741,Neutral,True,1.053240740740741,Neutral,True,1.053240740740741,Neutral,True
2026-02-20,EURJPY,0.04166666666666663,Neutral,0.07078460038986363,Neutral,True,0.07078460038986363,Neutral,True,0.07078460038986363,Neutral,True,0.07078460038986363,Neutral,True
2026-02-20,EURCHF,-4.353321575543799,Very Bearish,-4.156798245614034,Very Bearish,True,-4.156798245614034,Very Bearish,True,-3.5890188434048076,Very Bearish,True,,,False
2026-02-20,EURAUD,-2.375,Bearish,-2.4119152046783627,Bearish,True,-2.4119152046783627,Bearish,True,-2.4119152046783627,Bearish,True,-2.4119152046783627,Bearish,True
2026-02-20,EURNZD,-1.6284538506760728,Bearish,-1.538702079272255,Bearish,True,-1.538702079272255,Bearish,True,-0.970922677063028,Neutral,True,,,False
2026-02-20,EURCAD,0.3749999999999999,Neutral,0.3885233918128655,Neutral,True,0.3885233918128655,Neutral,True,0.3885233918128655,Neutral,True,0.3885233918128655,Neutral,True
2026-02-20,GBPJPY,-0.5,Neutral,-0.4692982456140348,Neutral,True,-0.4692982456140348,Neutral,True,-0.4692982456140348,Neutral,True,-0.4692982456140348,Neutral,True
2026-02-20,GBPCHF,-4.332745443856555,Very Bearish,-4.1837231968810915,Very Bearish,True,-4.1837231968810915,Very Bearish,True,-3.2974333983105915,Very Bearish,True,,,False
2026-02-20,GBPAUD,-2.916666666666666,Bearish,-2.951998050682261,Bearish,True,-2.951998050682261,Bearish,True,-2.951998050682261,Bearish,True,-2.951998050682261,Bearish,True
2026-02-20,GBPNZD,-2.1634332745443854,Bearish,-2.078784925276153,Bearish,True,-2.078784925276153,Bearish,True,-1.1924951267056532,Neutral,True,,,False
2026-02-20,GBPCAD,-1.6666666666666665,Bearish,-1.6910331384015596,Bearish,True,-1.6910331384015596,Bearish,True,-1.6910331384015596,Bearish,True,-1.6910331384015596,Bearish,True
2026-02-20,AUDJPY,1.4166666666666665,Bullish,1.456384015594542,Bullish,True,1.456384015594542,Bullish,True,1.456384015594542,Bullish,True,1.456384015594542,Bullish,True
2026-02-20,NZDJPY,1.2375073486184598,Neutral,1.0963287849252763,Neutral,True,1.0963287849252763,Neutral,True,1.2071150097465888,Neutral,True,,,False
2026-02-20,CADJPY,0.16666666666666674,Neutral,0.19541910331384033,Neutral,True,0.19541910331384033,Neutral,True,0.19541910331384033,Neutral,True,0.19541910331384033,Neutral,True
2026-02-20,CHFJPY,3.4068195179306286,Very Bullish,3.2012670565302144,Very Bullish,True,3.2012670565302144,Very Bullish,True,3.3120532813515267,Very Bullish,True,,,False
2026-02-20,AUDNZD,2.0135214579659024,Bullish,1.8995289148797923,Bullish,True,1.8995289148797923,Bullish,True,1.428687459389214,Bullish,True,,,False
2026-02-20,AUDCAD,2.25,Bullish,2.287280701754386,Bullish,True,2.287280701754386,Bullish,True,2.287280701754386,Bullish,True,2.287280701754386,Bullish,True
2026-02-20,AUDCHF,-0.15579071134626693,Neutral,-0.20540935672514585,Neutral,True,-0.20540935672514585,Neutral,True,-0.6762508122157241,Neutral,True,,,False
2026-02-20,NZDCAD,1.5049970605526162,Bullish,1.4140675763482782,Bullish,True,1.4140675763482782,Bullish,True,0.8047433398310593,Neutral,True,,,False
2026-02-20,NZDCHF,-2.135416666666666,Bearish,-2.1049382716049383,Bearish,True,-2.1049382716049383,Bearish,True,-2.1049382716049383,Bearish,True,,,False
2026-02-20,CADCHF,-4.229864785420341,Very Bearish,-4.0321637426900585,Very Bearish,True,-4.0321637426900585,Very Bearish,True,-3.4228395061728394,Very Bearish,True,,,False
2026-02-27,EURUSD,2.1278021442495128,Bullish,2.0899427387914233,Bullish,True,2.0899427387914233,Bullish,True,2.0899427387914233,Bullish,True,2.0899427387914233,Bullish,True
2026-02-27,GBPUSD,0.9387183235867448,Neutral,0.9120674951267059,Neutral,True,0.9120674951267059,Neutral,True,0.9120674951267059,Neutral,True,0.9120674951267059,Neutral,True
2026-02-27,USDJPY,-0.11756822612085777,Neutral,-0.14732577972709532,Neutral,True,-0.14732577972709532,Neutral,True,-0.14732577972709532,Neutral,True,-0.14732577972709532,Neutral,True
2026-02-27,USDCHF,-3.8524159663865545,Very Bearish,-3.627101608187135,Very Bearish,True,-3.627101608187135,Very Bearish,True,-2.4119152046783627,Bearish,True,,,False
2026-02-27,USDCAD,-1.589303118908382,Bearish,-1.5498598927875242,Bearish,True,-1.5498598927875242,Bearish,True,-1.5498598927875242,Bearish,True,-1.5498598927875242,Bearish,True
2026-02-27,AUDUSD,2.0035331384015596,Bullish,1.9653082358674465,Bullish,True,1.9653082358674465,Bullish,True,1.9653082358674465,Bullish,True,1.9653082358674465,Bullish,True
2026-02-27,NZDUSD,2.0141806722689077,Bullish,1.8545220110461338,Bullish,True,1.8545220110461338,Bullish,True,0.6393356075373623,Neutral,True,,,False
2026-02-27,EURGBP,1.1666666666666665,Neutral,1.1778752436647173,Neutral,True,1.1778752436647173,Neutral,True,1.1778752436647173,Neutral,True,1.1778752436647173,Neutral,True
2026-02-27,EURJPY,0.875,Neutral,0.9163011695906433,Neutral,True,0.9163011695906433,Neutral,True,0.9163011695906433,Neutral,True,0.9163011695906433,Neutral,True
2026-02-27,EURCHF,-3.2245737801293357,Very Bearish,-3.0766325536062378,Very Bearish,True,-3.0766325536062378,Very Bearish,True,-3.007391163092918,Very Bearish,True,,,False
2026-02-27,EURAUD,-1.375,Bearish,-1.41483918128655,Bearish,True,-1.41483918128655,Bearish,True,-1.41483918128655,Bearish,True,-1.41483918128655,Bearish,True
2026-02-27,EURNZD,-0.8171663727219283,Neutral,-0.7908950617283952,Neutral,True,-0.7908950617283952,Neutral,True,-0.7216536712150747,Neutral,True,,,False
2026-02-27,EURCAD,1.0416666666666667,Neutral,1.053240740740741,Neutral,True,1.053240740740741,Neutral,True,1.053240740740741,Neutral,True,1.053240740740741,Neutral,True
2026-02-27,GBPJPY,-0.29166666666666674,Neutral,-0.26157407407407396,Neutral,True,-0.26157407407407396,Neutral,True,-0.26157407407407396,Neutral,True,-0.26157407407407396,Neutral,True
2026-02-27,GBPCHF,-3.883009994121105,Very Bearish,-3.7413499025341124,Very Bearish,True,-3.7413499025341124,Very Bearish,True,-2.8135152696556203,Bearish,True,,,False
2026-02-27,GBPAUD,-2.0416666666666665,Bearish,-2.079556530214425,Bearish,True,-2.079556530214425,Bearish,True,-2.079556530214425,Bearish,True,-2.079556530214425,Bearish,True
2026-02-27,GBPNZD,-1.4756025867136977,Bearish,-1.4556124106562702,Bearish,True,-1.4556124106562702,Bearish,True,-0.5277777777777779,Neutral,True,,,False
2026-02-27,GBPCAD,-0.6249999999999998,Neutral,-0.6377923976608185,Neutral,True,-0.6377923976608185,Neutral,True,-0.6377923976608185,Neutral,True,-0.6377923976608185,Neutral,True
2026-02-27,AUDJPY,0.75,Neutral,0.791666666666667,Neutral,True,0.791666666666667,Neutral,True,0.791666666666667,Neutral,True,0.791666666666667,Neutral,True
2026-02-27,NZDJPY,0.7554379776601999,Neutral,0.6808804418453542,Neutral,True,0.6808804418453542,Neutral,True,0.7362735542560106,Neutral,True,,,False
2026-02-27,CADJPY,0.33333333333333304,Neutral,0.3762183235867447,Neutral,True,0.3762183235867447,Neutral,True,0.3762183235867447,Neutral,True,0.3762183235867447,Neutral,True
2026-02-27,CHFJPY,2.6072898295120517,Bullish,2.4534600389863543,Bullish,True,2.4534600389863543,Bullish,True,2.5088531513970116,Bullish,True,,,False
2026-02-27,AUDNZD,1.8371546149323927,Bullish,1.650259909031839,Bullish,True,1.650259909031839,Bullish,True,1.677956465237167,Bullish,True,,,False
2026-02-27,AUDCAD,1.916666666666667,Bullish,1.9549220272904486,Bullish,True,1.9549220272904486,Bullish,True,1.9549220272904486,Bullish,True,1.9549220272904486,Bullish,True
2026-02-27,AUDCHF,-0.014697236919458925,Neutral,-0.12231968810916148,Neutral,True,-0.12231968810916148,Neutral,True,-0.09462313190383334,Neutral,True,,,False
2026-02-27,NZDCAD,1.352145796590241,Bullish,1.3309779077322939,Bullish,True,1.3309779077322939,Bullish,True,0.11232943469785606,Neutral,True,,,False
2026-02-27,NZDCHF,-3.072916666666666,Very Bearish,-2.798895386614685,Bearish,True,-2.798895386614685,Bearish,True,-2.798895386614685,Bearish,True,,,False
2026-02-27,CADCHF,-3.7595532039976485,Very Bearish,-3.616715399610136,Very Bearish,True,-3.616715399610136,Very Bearish,True,-2.398066926575699,Bearish,True,,,False
2026-03-06,EURUSD,1.990131578947369,Bullish,2.0106907894736845,Bullish,True,2.0106907894736845,Bullish,True,2.0106907894736845,Bullish,True,2.0106907894736845,Bullish,True
2026-03-06,GBPUSD,0.9423732943469785,Neutral,0.9451449805068225,Neutral,True,0.9451449805068225,Neutral,True,0.9451449805068225,Neutral,True,0.9451449805068225,Neutral,True
2026-03-06,USDJPY,1.0629873294346979,Neutral,1.0367019980506824,Neutral,True,1.0367019980506824,Neutral,True,1.0367019980506824,Neutral,True,1.0367019980506824,Neutral,True
2026-03-06,USDCHF,-0.09716386554621834,Neutral,0.2988852339181284,Neutral,True,0.2988852339181284,Neutral,True,0.3300438596491228,Neutral,True,,,False
2026-03-06,USDCAD,-1.4028996101364521,Bearish,-1.3629081384015596,Bearish,True,-1.3629081384015596,Bearish,True,-1.3629081384015596,Bearish,True,-1.3629081384015596,Bearish,True
2026-03-06,AUDUSD,1.4028996101364521,Bullish,1.3629081384015596,Bullish,True,1.3629081384015596,Bullish,True,1.3629081384015596,Bullish,True,1.3629081384015596,Bullish,True
2026-03-06,NZDUSD,0.5068277310924371,Neutral,0.4066053443794675,Neutral,True,0.4066053443794675,Neutral,True,0.37544671864847323,Neutral,True,,,False
2026-03-06,EURGBP,1.0833333333333337,Neutral,1.0655458089668617,Neutral,True,1.0655458089668617,Neutral,True,1.0655458089668617,Neutral,True,1.0655458089668617,Neutral,True
2026-03-06,EURJPY,3.041666666666667,Very Bullish,3.047392787524367,Very Bullish,True,3.047392787524367,Very Bullish,True,3.047392787524367,Very Bullish,True,3.047392787524367,Very Bullish,True
2026-03-06,EURCHF,2.5132275132275135,Bullish,2.8227339181286553,Bullish,True,2.8227339181286553,Bullish,True,2.282651072124756,Bullish,True,,,False
2026-03-06,EURAUD,1.2083333333333335,Neutral,1.1609405458089666,Neutral,True,1.1609405458089666,Neutral,True,1.1609405458089666,Neutral,True,1.1609405458089666,Neutral,True
2026-03-06,EURNZD,2.0634920634920637,Bullish,2.117243339831059,Bullish,True,2.117243339831059,Bullish,True,1.5771604938271602,Bullish,True,,,False
2026-03-06,EURCAD,2.2083333333333335,Bullish,2.1872563352826506,Bullish,True,2.1872563352826506,Bullish,True,2.1872563352826506,Bullish,True,2.1872563352826506,Bullish,True
2026-03-06,GBPJPY,1.9583333333333335,Bullish,1.9818469785575048,Bullish,True,1.9818469785575048,Bullish,True,1.9818469785575048,Bullish,True,1.9818469785575048,Bullish,True
2026-03-06,GBPCHF,0.9494415049970605,Neutral,1.2440302144249518,Neutral,True,1.2440302144249518,Neutral,True,0.17771280051981797,Neutral,True,,,False
2026-03-06,GBPAUD,-0.375,Neutral,-0.41776315789473695,Neutral,True,-0.41776315789473695,Neutral,True,-0.41776315789473695,Neutral,True,-0.41776315789473695,Neutral,True
2026-03-06,GBPNZD,0.4997060552616109,Neutral,0.5385396361273552,Neutral,True,0.5385396361273552,Neutral,True,-0.5277777777777779,Neutral,True,,,False
2026-03-06,GBPCAD,0.125,Neutral,0.09539473684210516,Neutral,True,0.09539473684210516,Neutral,True,0.0953947368421054,Neutral,True,0.09539473684210516,Neutral,True
2026-03-06,AUDJPY,1.3333333333333333,Bullish,1.3732943469785577,Bullish,True,1.3732943469785577,Bullish,True,1.3732943469785577,Bullish,True,1.3732943469785577,Bullish,True
2026-03-06,NZDJPY,1.0023515579071134,Neutral,0.9301494476933075,Neutral,True,0.9301494476933075,Neutral,True,1.0686322287199481,Neutral,True,,,False
2026-03-06,CADJPY,1.3333333333333333,Bullish,1.3732943469785577,Bullish,True,1.3732943469785577,Bullish,True,1.3732943469785575,Bullish,True,1.3732943469785577,Bullish,True
2026-03-06,CHFJPY,-0.0029394473838919824,Neutral,-0.2884990253411305,Neutral,True,-0.2884990253411305,Neutral,True,-0.15001624431448982,Neutral,True,,,False
2026-03-06,AUDNZD,2.1663727219282776,Bullish,1.9826185834957766,Bullish,True,1.9826185834957766,Bullish,True,2.121101364522417,Bullish,True,,,False
2026-03-06,AUDCAD,1.5,Bullish,1.5394736842105263,Bullish,True,1.5394736842105263,Bullish,True,1.5394736842105263,Bullish,True,1.5394736842105263,Bullish,True
2026-03-06,AUDCHF,3.1716637272192827,Very Bullish,3.2012670565302144,Very Bullish,True,3.2012670565302144,Very Bullish,True,3.3397498375568553,Very Bullish,True,,,False
2026-03-06,NZDCAD,-1.0552616108171662,Neutral,-0.9563027940220921,Neutral,True,-0.9563027940220921,Neutral,True,-1.177875243664717,Neutral,True,,,False
2026-03-06,NZDCHF,-0.26041666666666674,Neutral,0.1923326835607535,Neutral,True,0.1923326835607535,Neutral,True,0.1923326835607535,Neutral,True,,,False
2026-03-06,CADCHF,0.3938859494415051,Neutral,0.6354775828460036,Neutral,True,0.6354775828460036,Neutral,True,0.8570500324886287,Neutral,True,,,False
2026-03-13,EURUSD,1.3998538011695905,Bullish,1.4186769005847952,Bullish,True,1.4186769005847952,Bullish,True,1.4186769005847952,Bullish,True,1.4186769005847952,Bullish,True
2026-03-13,GBPUSD,-0.17422027290448353,Neutral,-0.16002680311890852,Neutral,True,-0.16002680311890852,Neutral,True,-0.16002680311890852,Neutral,True,-0.16002680311890852,Neutral,True
2026-03-13,USDJPY,1.901803118908382,Bullish,1.8779848927875245,Bullish,True,1.8779848927875245,Bullish,True,1.8779848927875245,Bullish,True,1.8779848927875245,Bullish,True
2026-03-13,USDCHF,1.0031512605042014,Neutral,1.4040570175438596,Bullish,True,1.4040570175438596,Bullish,True,0.22002923976608188,Neutral,True,,,False
2026-03-13,USDCAD,-1.7775341130604285,Bearish,-1.7533503898635474,Bearish,True,-1.7533503898635474,Bearish,True,-1.7533503898635474,Bearish,True,-1.7533503898635474,Bearish,True
2026-03-13,AUDUSD,1.5582358674463936,Bullish,1.51870126705653,Bullish,True,1.51870126705653,Bullish,True,1.5187012670565303,Bullish,True,1.51870126705653,Bullish,True
2026-03-13,NZDUSD,-1.1817226890756303,Neutral,-1.2117243339831059,Neutral,True,-1.2117243339831059,Neutral,True,-0.027696556205328057,Neutral,True,,,False
2026-03-13,EURGBP,1.083333333333333,Neutral,1.0655458089668615,Neutral,True,1.0655458089668615,Neutral,True,1.0655458089668615,Neutral,True,1.0655458089668615,Neutral,True
2026-03-13,EURJPY,3.2916666666666665,Very Bullish,3.2966617933723197,Very Bullish,True,3.2966617933723197,Very Bullish,True,3.2966617933723197,Very Bullish,True,3.2966617933723197,Very Bullish,True
2026-03-13,EURCHF,2.442680776014109,Bullish,2.8227339181286544,Bullish,True,2.8227339181286544,Bullish,True,2.2826510721247564,Bullish,True,,,False
2026-03-13,EURAUD,0.45833333333333304,Neutral,0.41313352826510674,Neutral,True,0.41313352826510674,Neutral,True,0.41313352826510674,Neutral,True,0.41313352826510674,Neutral,True
2026-03-13,EURNZD,1.437389770723104,Bullish,1.6040854450942166,Bullish,True,1.6040854450942166,Bullish,True,1.0640025990903186,Neutral,True,,,False
2026-03-13,EURCAD,-0.29166666666666674,Neutral,-0.33467348927875284,Neutral,True,-0.33467348927875284,Neutral,True,-0.33467348927875284,Neutral,True,-0.33467348927875284,Neutral,True
2026-03-13,GBPJPY,1.7083333333333335,Bullish,1.717958089668616,Bullish,True,1.717958089668616,Bullish,True,1.717958089668616,Bullish,True,1.717958089668616,Bullish,True
2026-03-13,GBPCHF,0.8788947677836563,Neutral,1.244030214424951,Neutral,True,1.244030214424951,Neutral,True,0.17771280051981775,Neutral,True,,,False
2026-03-13,GBPAUD,-1.125,Neutral,-1.1655701754385965,Neutral,True,-1.1655701754385965,Neutral,True,-1.1655701754385968,Neutral,True,-1.1655701754385965,Neutral,True
2026-03-13,GBPNZD,1.540270429159318,Bullish,1.5648554256010396,Bullish,True,1.5648554256010396,Bullish,True,0.49853801169590645,Neutral,True,,,False
2026-03-13,GBPCAD,-1.3749999999999998,Bearish,-1.400219298245614,Bearish,True,-1.400219298245614,Bearish,True,-1.400219298245614,Bearish,True,-1.400219298245614,Bearish,True
2026-03-13,AUDJPY,2.333333333333333,Bullish,2.3703703703703702,Bullish,True,2.3703703703703702,Bullish,True,2.3703703703703702,Bullish,True,2.3703703703703702,Bullish,True
2026-03-13,NZDJPY,0.7642563198118753,Neutral,0.6662605588044186,Neutral,True,0.6662605588044186,Neutral,True,0.8047433398310591,Neutral,True,,,False
2026-03-13,CADJPY,2.583333333333333,Bullish,2.6050194931773873,Bullish,True,2.6050194931773873,Bullish,True,2.6050194931773873,Bullish,True,2.6050194931773873,Bullish,True
2026-03-13,CHFJPY,0.3145208700764258,Neutral,-0.039230019493177073,Neutral,True,-0.039230019493177073,Neutral,True,0.09925276153346359,Neutral,True,,,False
2026-03-13,AUDNZD,2.836566725455614,Bullish,2.7304256010396366,Bullish,True,2.7304256010396366,Bullish,True,1.8718323586744638,Bullish,True,,,False
2026-03-13,AUDCAD,0.75,Neutral,0.791666666666667,Neutral,True,0.791666666666667,Neutral,True,0.7916666666666671,Neutral,True,0.791666666666667,Neutral,True
2026-03-13,AUDCHF,3.8418577307466197,Very Bullish,3.9490740740740735,Very Bullish,True,3.9490740740740735,Very Bullish,True,3.0904808317089016,Very Bullish,True,,,False
2026-03-13,NZDCAD,-1.9106407995296881,Bearish,-1.9387589343729692,Bearish,True,-1.9387589343729692,Bearish,True,-1.3294346978557503,Bearish,True,,,False
2026-03-13,NZDCHF,-0.26041666666666685,Neutral,0.1923326835607535,Neutral,True,0.1923326835607535,Neutral,True,0.1923326835607535,Neutral,True,,,False
2026-03-13,CADCHF,2.9159318048206933,Bullish,3.157407407407407,Very Bullish,True,3.157407407407407,Very Bullish,True,2.548083170890188,Bullish,True,,,False
2026-03-20,EURUSD,0.9804459064327484,Neutral,0.998035453216374,Neutral,True,0.998035453216374,Neutral,True,0.998035453216374,Neutral,True,0.998035453216374,Neutral,True
2026-03-20,GBPUSD,-0.17939814814814822,Neutral,-0.1652199074074075,Neutral,True,-0.1652199074074075,Neutral,True,-0.1652199074074075,Neutral,True,-0.1652199074074075,Neutral,True
2026-03-20,USDJPY,2.5697490253411304,Bullish,2.547895346003899,Bullish,True,2.547895346003899,Bullish,True,2.547895346003899,Bullish,True,2.547895346003899,Bullish,True
2026-03-20,USDCHF,2.047006302521008,Bullish,2.2401468079922027,Bullish,True,2.2401468079922027,Bullish,True,1.1963328460038984,Neutral,True,,,False
2026-03-20,USDCAD,0.38163986354775814,Neutral,0.41217409844054537,Neutral,True,0.41217409844054537,Neutral,True,0.41217409844054564,Neutral,True,0.41217409844054537,Neutral,True
2026-03-20,AUDUSD,0.9731359649122807,Neutral,0.9318804824561405,Neutral,True,0.9318804824561405,Neutral,True,0.9318804824561405,Neutral,True,0.9318804824561405,Neutral,True
2026-03-20,NZDUSD,-1.7528886554621848,Bearish,-1.7985451185834955,Bearish,True,-1.7985451185834955,Bearish,True,-0.7547311565951915,Neutral,True,,,False
2026-03-20,EURGBP,0.16666666666666652,Neutral,0.13693957115009725,Neutral,True,0.13693957115009725,Neutral,True,0.13693957115009725,Neutral,True,0.13693957115009725,Neutral,True
2026-03-20,EURJPY,4.041666666666666,Very Bullish,4.059088693957115,Very Bullish,True,4.059088693957115,Very Bullish,True,4.059088693957115,Very Bullish,True,4.059088693957115,Very Bullish,True
2026-03-20,EURCHF,3.0776014109347445,Very Bullish,3.2381822612085767,Very Bullish,True,3.2381822612085767,Very Bullish,True,2.698099415204678,Bullish,True,,,False
2026-03-20,EURAUD,0.6249999999999996,Neutral,0.5793128654970756,Neutral,True,0.5793128654970756,Neutral,True,0.5793128654970756,Neutral,True,0.5793128654970756,Neutral,True
2026-03-20,EURNZD,2.151675485008818,Bullish,2.2834226770630277,Bullish,True,2.2834226770630277,Bullish,True,1.7433398310591288,Bullish,True,,,False
2026-03-20,EURCAD,1.458333333333333,Bullish,1.4102095516569197,Bullish,True,1.4102095516569197,Bullish,True,1.4102095516569197,Bullish,True,1.4102095516569197,Bullish,True
2026-03-20,GBPJPY,2.875,Bullish,2.8958333333333335,Bullish,True,2.8958333333333335,Bullish,True,2.8958333333333335,Bullish,True,2.8958333333333335,Bullish,True
2026-03-20,GBPCHF,1.925338036449148,Bullish,2.0749269005847952,Bullish,True,2.0749269005847952,Bullish,True,1.2301819363222868,Neutral,True,,,False
2026-03-20,GBPAUD,-0.5416666666666667,Neutral,-0.5839424951267059,Neutral,True,-0.5839424951267059,Neutral,True,-0.5839424951267059,Neutral,True,-0.5839424951267059,Neutral,True
2026-03-20,GBPNZD,0.9994121105232214,Neutral,1.120167316439246,Neutral,True,1.120167316439246,Neutral,True,0.2754223521767379,Neutral,True,,,False
2026-03-20,GBPCAD,0.7916666666666663,Neutral,0.7601120857699801,Neutral,True,0.7601120857699801,Neutral,True,0.7601120857699804,Neutral,True,0.7601120857699801,Neutral,True
2026-03-20,AUDJPY,2.4166666666666665,Bullish,2.4534600389863543,Bullish,True,2.4534600389863543,Bullish,True,2.4534600389863543,Bullish,True,2.4534600389863543,Bullish,True
2026-03-20,NZDJPY,0.8524397413286302,Neutral,0.7493502274204029,Neutral,True,0.7493502274204029,Neutral,True,0.8878330084470436,Neutral,True,,,False
2026-03-20,CADJPY,1.5833333333333333,Bullish,1.622563352826511,Bullish,True,1.622563352826511,Bullish,True,1.6225633528265107,Bullish,True,1.622563352826511,Bullish,True
2026-03-20,CHFJPY,-0.07348618459729561,Neutral,-0.20540935672514635,Neutral,True,-0.20540935672514635,Neutral,True,-0.06692657569850544,Neutral,True,,,False
2026-03-20,AUDNZD,2.8306878306878303,Bullish,2.7304256010396366,Bullish,True,2.7304256010396366,Bullish,True,1.8164392462638077,Bullish,True,,,False
2026-03-20,AUDCAD,2.333333333333333,Bullish,2.3703703703703702,Bullish,True,2.3703703703703702,Bullish,True,2.3703703703703702,Bullish,True,2.3703703703703702,Bullish,True
2026-03-20,AUDCHF,4.3121693121693125,Very Bullish,4.198343079922028,Very Bullish,True,4.198343079922028,Very Bullish,True,3.284356725146199,Very Bullish,True,,,False
2026-03-20,NZDCAD,-0.340975896531452,Neutral,-0.36005523066926565,Neutral,True,-0.36005523066926565,Neutral,True,0.6647173489278755,Neutral,True,,,False
2026-03-20,NZDCHF,0.20833333333333315,Neutral,0.4416016894087069,Neutral,True,0.4416016894087069,Neutral,True,0.4416016894087069,Neutral,True,,,False
2026-03-20,CADCHF,1.266901822457378,Neutral,1.3148148148148149,Bullish,True,1.3148148148148149,Bullish,True,0.2900422352176737,Neutral,True,,,False
2026-03-27,EURUSD,1.1979166666666665,Neutral,1.216145833333333,Neutral,True,1.216145833333333,Neutral,True,1.216145833333333,Neutral,True,1.216145833333333,Neutral,True
2026-03-27,GBPUSD,-0.16904239766081866,Neutral,-0.15483369883040937,Neutral,True,-0.15483369883040937,Neutral,True,-0.15483369883040937,Neutral,True,-0.15483369883040937,Neutral,True
2026-03-27,USDJPY,2.0623172514619883,Bullish,2.0389711257309946,Bullish,True,2.0389711257309946,Bullish,True,2.0389711257309946,Bullish,True,2.0389711257309946,Bullish,True
2026-03-27,USDCHF,2.8164390756302513,Bullish,2.9237177144249515,Bullish,True,2.9237177144249515,Bullish,True,1.8487451267056534,Bullish,True,,,False
2026-03-27,USDCAD,1.6724537037037035,Bullish,1.6773726851851851,Bullish,True,1.6773726851851851,Bullish,True,1.6773726851851853,Bullish,True,1.6773726851851851,Bullish,True
2026-03-27,AUDUSD,0.04294590643274836,Neutral,0.013660453216374203,Neutral,True,0.013660453216374203,Neutral,True,0.013660453216374203,Neutral,True,0.013660453216374203,Neutral,True
2026-03-27,NZDUSD,-2.5643382352941173,Bearish,-2.4674961419753085,Bearish,True,-2.4674961419753085,Bearish,True,-1.3925235542560108,Bearish,True,,,False
2026-03-27,EURGBP,0.37499999999999956,Neutral,0.3446637426900579,Neutral,True,0.3446637426900579,Neutral,True,0.3446637426900579,Neutral,True,0.3446637426900579,Neutral,True
2026-03-27,EURJPY,3.7499999999999996,Very Bullish,3.7682748538011697,Very Bullish,True,3.7682748538011697,Very Bullish,True,3.7682748538011697,Very Bullish,True,3.7682748538011697,Very Bullish,True
2026-03-27,EURCHF,3.439153439153439,Very Bullish,3.626705653021442,Very Bullish,True,3.626705653021442,Very Bullish,True,3.128167641325536,Very Bullish,True,,,False
2026-03-27,EURAUD,1.7499999999999996,Bullish,1.715643274853801,Bullish,True,1.715643274853801,Bullish,True,1.715643274853801,Bullish,True,1.715643274853801,Bullish,True
2026-03-27,EURNZD,3.7037037037037033,Very Bullish,3.683641975308642,Very Bullish,True,3.683641975308642,Very Bullish,True,3.185103963612735,Very Bullish,True,,,False
2026-03-27,EURCAD,1.9166666666666665,Bullish,1.867202729044834,Bullish,True,1.867202729044834,Bullish,True,1.867202729044834,Bullish,True,1.867202729044834,Bullish,True
2026-03-27,GBPJPY,2.375,Bullish,2.397295321637427,Bullish,True,2.397295321637427,Bullish,True,2.397295321637427,Bullish,True,2.397295321637427,Bullish,True
2026-03-27,GBPCHF,2.0811287477954146,Bullish,2.2557261208577,Bullish,True,2.2557261208577,Bullish,True,1.3001949317738788,Bullish,True,,,False
2026-03-27,GBPAUD,0.3749999999999998,Neutral,0.34466374269005834,Neutral,True,0.34466374269005834,Neutral,True,0.34466374269005834,Neutral,True,0.34466374269005834,Neutral,True
2026-03-27,GBPNZD,2.345679012345679,Bullish,2.3126624431449,Bullish,True,2.3126624431449,Bullish,True,1.3571312540610787,Bullish,True,,,False
2026-03-27,GBPCAD,0.541666666666667,Neutral,0.49622319688109157,Neutral,True,0.49622319688109157,Neutral,True,0.49622319688109157,Neutral,True,0.49622319688109157,Neutral,True
2026-03-27,AUDJPY,1.5,Bullish,1.5394736842105263,Bullish,True,1.5394736842105263,Bullish,True,1.5394736842105263,Bullish,True,1.5394736842105263,Bullish,True
2026-03-27,NZDJPY,0.12345679012345671,Neutral,0.0846328784925278,Neutral,True,0.0846328784925278,Neutral,True,1.4140675763482782,Bullish,True,,,False
2026-03-27,CADJPY,0.8333333333333335,Neutral,0.8747563352826513,Neutral,True,0.8747563352826513,Neutral,True,0.8747563352826513,Neutral,True,0.8747563352826513,Neutral,True
2026-03-27,CHFJPY,-0.7231040564373898,Neutral,-0.8847465886939571,Neutral,True,-0.8847465886939571,Neutral,True,0.4446881091617933,Neutral,True,,,False
2026-03-27,AUDNZD,2.6543209876543212,Bullish,2.481156595191683,Bullish,True,2.481156595191683,Bullish,True,1.4009909031838856,Bullish,True,,,False
2026-03-27,AUDCAD,1.6666666666666665,Bullish,1.6910331384015596,Bullish,True,1.6910331384015596,Bullish,True,1.6910331384015596,Bullish,True,1.6910331384015596,Bullish,True
2026-03-27,AUDCHF,3.500881834215168,Very Bullish,3.450536062378168,Very Bullish,True,3.450536062378168,Very Bullish,True,2.3703703703703707,Bullish,True,,,False
2026-03-27,NZDCAD,-0.8847736625514403,Neutral,-0.7901234567901234,Neutral,True,-0.7901234567901234,Neutral,True,0.42852501624431466,Neutral,True,,,False
2026-03-27,NZDCHF,-0.4166666666666664,Neutral,-0.05693632228719922,Neutral,True,-0.05693632228719922,Neutral,True,-0.05693632228719922,Neutral,True,,,False
2026-03-27,CADCHF,1.7313345091122867,Bullish,1.7595029239766085,Bullish,True,1.7595029239766085,Bullish,True,0.5408544509421704,Neutral,True,,,False
2026-04-03,EURUSD,-0.912828947368421,Neutral,-0.8861019736842106,Neutral,True,-0.8861019736842106,Neutral,True,-0.8861019736842106,Neutral,True,-0.8861019736842106,Neutral,True
2026-04-03,GBPUSD,-0.2622441520467835,Neutral,-0.2483095760233917,Neutral,True,-0.2483095760233917,Neutral,True,-0.2483095760233917,Neutral,True,-0.2483095760233917,Neutral,True
2026-04-03,USDJPY,1.824134990253411,Bullish,1.800088328460039,Bullish,True,1.800088328460039,Bullish,True,1.800088328460039,Bullish,True,1.800088328460039,Bullish,True
2026-04-03,USDCHF,3.3915441176470598,Very Bullish,3.4195652615334633,Very Bullish,True,3.4195652615334633,Very Bullish,True,2.375751299545159,Bullish,True,,,False
2026-04-03,USDCAD,2.6233552631578947,Bullish,2.616365131578947,Bullish,True,2.616365131578947,Bullish,True,2.616365131578947,Bullish,True,2.616365131578947,Bullish,True
2026-04-03,AUDUSD,-0.29879385964912264,Neutral,-0.32908442982456126,Neutral,True,-0.32908442982456126,Neutral,True,-0.32908442982456126,Neutral,True,-0.32908442982456126,Neutral,True
2026-04-03,NZDUSD,-2.65625,Bearish,-2.560972019168291,Bearish,True,-2.560972019168291,Bearish,True,-1.517158057179987,Bearish,True,,,False
2026-04-03,EURGBP,0.3749999999999999,Neutral,0.38852339181286544,Neutral,True,0.38852339181286544,Neutral,True,0.38852339181286544,Neutral,True,0.38852339181286544,Neutral,True
2026-04-03,EURJPY,1.9166666666666665,Bullish,1.9403021442495125,Bullish,True,1.9403021442495125,Bullish,True,1.9403021442495125,Bullish,True,1.9403021442495125,Bullish,True
2026-04-03,EURCHF,1.8518518518518523,Bullish,2.0203053931124106,Bullish,True,2.0203053931124106,Bullish,True,1.0232293697205974,Neutral,True,,,False
2026-04-03,EURAUD,0.5,Neutral,0.4692982456140348,Neutral,True,0.4692982456140348,Neutral,True,0.4692982456140348,Neutral,True,0.4692982456140348,Neutral,True
2026-04-03,EURNZD,2.2222222222222223,Bullish,2.188027940220922,Bullish,True,2.188027940220922,Bullish,True,1.19095191682911,Neutral,True,,,False
2026-04-03,EURCAD,1.25,Neutral,1.2171052631578947,Neutral,True,1.2171052631578947,Neutral,True,1.2171052631578947,Neutral,True,1.2171052631578947,Neutral,True
2026-04-03,GBPJPY,1.5416666666666667,Bullish,1.5517787524366473,Bullish,True,1.5517787524366473,Bullish,True,1.5517787524366473,Bullish,True,1.5517787524366473,Bullish,True
2026-04-03,GBPCHF,1.9753086419753085,Bullish,2.1449398960363872,Bullish,True,2.1449398960363872,Bullish,True,1.1063190383365822,Neutral,True,,,False
2026-04-03,GBPAUD,0.125,Neutral,0.08077485380116939,Neutral,True,0.08077485380116939,Neutral,True,0.08077485380116939,Neutral,True,0.08077485380116939,Neutral,True
2026-04-03,GBPNZD,2.345679012345679,Bullish,2.3126624431449,Bullish,True,2.3126624431449,Bullish,True,1.2740415854450942,Neutral,True,,,False
2026-04-03,GBPCAD,0.875,Neutral,0.8285818713450289,Neutral,True,0.8285818713450289,Neutral,True,0.8285818713450289,Neutral,True,0.8285818713450289,Neutral,True
2026-04-03,AUDJPY,0.4166666666666665,Neutral,0.44468810916179335,Neutral,True,0.44468810916179335,Neutral,True,0.44468810916179335,Neutral,True,0.44468810916179335,Neutral,True
2026-04-03,NZDJPY,-0.2057613168724279,Neutral,-0.24772579597140998,Neutral,True,-0.24772579597140998,Neutral,True,0.970922677063028,Neutral,True,,,False
2026-04-03,CADJPY,0.16666666666666674,Neutral,0.2100389863547761,Neutral,True,0.2100389863547761,Neutral,True,0.2100389863547761,Neutral,True,0.2100389863547761,Neutral,True
2026-04-03,CHFJPY,-0.9465020576131693,Neutral,-1.1063190383365822,Neutral,True,-1.1063190383365822,Neutral,True,0.11232943469785582,Neutral,True,,,False
2026-04-03,AUDNZD,2.4074074074074074,Bullish,2.2318875893437298,Bullish,True,2.2318875893437298,Bullish,True,1.1517218973359327,Neutral,True,,,False
2026-04-03,AUDCAD,2.25,Bullish,2.287280701754386,Bullish,True,2.287280701754386,Bullish,True,2.287280701754386,Bullish,True,2.287280701754386,Bullish,True
2026-04-03,AUDCHF,3.1481481481481484,Very Bullish,3.0904808317089016,Very Bullish,True,3.0904808317089016,Very Bullish,True,2.0103151397011048,Bullish,True,,,False
2026-04-03,NZDCAD,-0.5555555555555556,Neutral,-0.45776478232618595,Neutral,True,-0.45776478232618595,Neutral,True,0.8716699155295642,Neutral,True,,,False
2026-04-03,NZDCHF,-0.520833333333333,Neutral,-0.16772254710851223,Neutral,True,-0.16772254710851223,Neutral,True,-0.16772254710851223,Neutral,True,,,False
2026-04-03,CADCHF,0.1851851851851855,Neutral,0.2900422352176737,Neutral,True,0.2900422352176737,Neutral,True,-1.0393924626380764,Neutral,True,,,False
2026-04-10,EURUSD,1.888096978557505,Bullish,1.878944322612086,Bullish,True,1.878944322612086,Bullish,True,1.878944322612086,Bullish,True,1.878944322612086,Bullish,True
2026-04-10,GBPUSD,1.9709429824561404,Bullish,1.9620339912280698,Bullish,True,1.9620339912280698,Bullish,True,1.9620339912280698,Bullish,True,1.9620339912280698,Bullish,True
2026-04-10,USDJPY,1.0456262183235867,Neutral,1.0045839424951266,Neutral,True,1.0045839424951266,Neutral,True,1.0045839424951268,Neutral,True,1.0045839424951266,Neutral,True
2026-04-10,USDCHF,-0.6473214285714286,Neutral,-0.4941165123456791,Neutral,True,-0.4941165123456791,Neutral,True,-0.47853719948018203,Neutral,True,,,False
2026-04-10,USDCAD,1.815606725146199,Bullish,1.8062408625730995,Bullish,True,1.8062408625730995,Bullish,True,1.8062408625730995,Bullish,True,1.8062408625730995,Bullish,True
2026-04-10,AUDUSD,1.7808845029239766,Bullish,1.7420047514619885,Bullish,True,1.7420047514619885,Bullish,True,1.7420047514619885,Bullish,True,1.7420047514619885,Bullish,True
2026-04-10,NZDUSD,-0.7392331932773109,Neutral,-0.7537717267706303,Neutral,True,-0.7537717267706303,Neutral,True,-0.7693510396361274,Neutral,True,,,False
2026-04-10,EURGBP,0.4166666666666669,Neutral,0.430068226120858,Neutral,True,0.430068226120858,Neutral,True,0.430068226120858,Neutral,True,0.430068226120858,Neutral,True
2026-04-10,EURJPY,1.8333333333333333,Bullish,1.8572124756335282,Bullish,True,1.8572124756335282,Bullish,True,1.8572124756335282,Bullish,True,1.8572124756335282,Bullish,True
2026-04-10,EURCHF,0.18224573780129355,Neutral,0.35851202079272254,Neutral,True,0.35851202079272254,Neutral,True,-0.6662605588044186,Neutral,True,,,False
2026-04-10,EURAUD,-0.3333333333333335,Neutral,-0.37621832358674495,Neutral,True,-0.37621832358674495,Neutral,True,-0.37621832358674495,Neutral,True,-0.37621832358674495,Neutral,True
2026-04-10,EURNZD,2.060552616108172,Bullish,2.1195581546458744,Bullish,True,2.1195581546458744,Bullish,True,1.094785575048733,Neutral,True,,,False
2026-04-10,EURCAD,2.6666666666666665,Bullish,2.6588693957115006,Bullish,True,2.6588693957115006,Bullish,True,2.6588693957115006,Bullish,True,2.6588693957115006,Bullish,True
2026-04-10,GBPJPY,1.9166666666666665,Bullish,1.9403021442495125,Bullish,True,1.9403021442495125,Bullish,True,1.9403021442495125,Bullish,True,1.9403021442495125,Bullish,True
2026-04-10,GBPCHF,0.26455026455026437,Neutral,0.4416016894087069,Neutral,True,0.4416016894087069,Neutral,True,-0.6385640025990903,Neutral,True,,,False
2026-04-10,GBPAUD,-0.25,Neutral,-0.29312865497076024,Neutral,True,-0.29312865497076024,Neutral,True,-0.29312865497076024,Neutral,True,-0.29312865497076024,Neutral,True
2026-04-10,GBPNZD,2.142857142857143,Bullish,2.2026478232618585,Bullish,True,2.2026478232618585,Bullish,True,1.122482131254061,Neutral,True,,,False
2026-04-10,GBPCAD,2.7499999999999996,Bullish,2.7419590643274856,Bullish,True,2.7419590643274856,Bullish,True,2.7419590643274856,Bullish,True,2.7419590643274856,Bullish,True
2026-04-10,AUDJPY,1.1666666666666665,Neutral,1.2071150097465888,Neutral,True,1.2071150097465888,Neutral,True,1.2071150097465888,Neutral,True,1.2071150097465888,Neutral,True
2026-04-10,NZDJPY,0.42915931804820684,Neutral,0.25081221572449647,Neutral,True,0.25081221572449647,Neutral,True,1.4694606887589345,Bullish,True,,,False
2026-04-10,CADJPY,-0.3333333333333335,Neutral,-0.2884990253411305,Neutral,True,-0.2884990253411305,Neutral,True,-0.2884990253411305,Neutral,True,-0.2884990253411305,Neutral,True
2026-04-10,CHFJPY,1.1963550852439742,Neutral,0.9855425601039637,Neutral,True,0.9855425601039637,Neutral,True,2.2041910331384016,Bullish,True,,,False
2026-04-10,AUDNZD,2.019400352733686,Bullish,1.9826185834957766,Bullish,True,1.9826185834957766,Bullish,True,0.9024528914879794,Neutral,True,,,False
2026-04-10,AUDCAD,3.0,Very Bullish,3.0350877192982457,Very Bullish,True,3.0350877192982457,Very Bullish,True,3.0350877192982457,Very Bullish,True,3.0350877192982457,Very Bullish,True
2026-04-10,AUDCHF,1.8077601410934743,Bullish,1.7610461338531516,Bullish,True,1.7610461338531516,Bullish,True,0.6808804418453542,Neutral,True,,,False
2026-04-10,NZDCAD,0.5731922398589064,Neutral,0.5393112410656269,Neutral,True,0.5393112410656269,Neutral,True,0.8716699155295644,Neutral,True,,,False
2026-04-10,NZDCHF,-1.458333333333333,Bearish,-1.2478882391163093,Neutral,True,-1.2478882391163093,Neutral,True,-1.2478882391163093,Neutral,True,,,False
2026-04-10,CADCHF,-1.8959435626102292,Bearish,-1.7871994801819362,Bearish,True,-1.7871994801819362,Bearish,True,-2.119558154645874,Bearish,True,,,False
2026-04-17,EURUSD,1.4705165692007798,Bullish,1.4748416179337231,Bullish,True,1.4748416179337231,Bullish,True,1.4748416179337231,Bullish,True,1.4748416179337231,Bullish,True
2026-04-17,GBPUSD,1.3340643274853803,Bullish,1.32328216374269,Bullish,True,1.32328216374269,Bullish,True,1.32328216374269,Bullish,True,1.32328216374269,Bullish,True
2026-04-17,USDJPY,0.43981481481481466,Neutral,0.3969907407407408,Neutral,True,0.3969907407407408,Neutral,True,0.3969907407407408,Neutral,True,0.3969907407407408,Neutral,True
2026-04-17,USDCHF,-0.8876050420168067,Neutral,-0.783970922677063,Neutral,True,-0.783970922677063,Neutral,True,-0.9709226770630279,Neutral,True,,,False
2026-04-17,USDCAD,-1.114766081871345,Neutral,-1.0886330409356726,Neutral,True,-1.0886330409356726,Neutral,True,-1.0886330409356726,Neutral,True,-1.0886330409356726,Neutral,True
2026-04-17,AUDUSD,1.6410818713450293,Bullish,1.6017909356725146,Bullish,True,1.6017909356725146,Bullish,True,1.6017909356725146,Bullish,True,1.6017909356725146,Bullish,True
2026-04-17,NZDUSD,0.1313025210084034,Neutral,0.11771036387264461,Neutral,True,0.11771036387264461,Neutral,True,0.30466211825860945,Neutral,True,,,False
2026-04-17,EURGBP,1.1666666666666667,Neutral,1.1778752436647173,Neutral,True,1.1778752436647173,Neutral,True,1.1778752436647173,Neutral,True,1.1778752436647173,Neutral,True
2026-04-17,EURJPY,1.3333333333333333,Bullish,1.3586744639376218,Bullish,True,1.3586744639376218,Bullish,True,1.3586744639376218,Bullish,True,1.3586744639376218,Bullish,True
2026-04-17,EURCHF,1.1963550852439744,Neutral,1.2040285899935024,Neutral,True,1.2040285899935024,Neutral,True,0.6777940220922678,Neutral,True,,,False
2026-04-17,EURAUD,-0.08333333333333326,Neutral,-0.1269493177387915,Neutral,True,-0.1269493177387915,Neutral,True,-0.1269493177387915,Neutral,True,-0.1269493177387915,Neutral,True
2026-04-17,EURNZD,1.884185773074662,Bullish,1.870289148797921,Bullish,True,1.870289148797921,Bullish,True,1.3440545808966862,Bullish,True,,,False
2026-04-17,EURCAD,0.9166666666666667,Neutral,0.8993664717348928,Neutral,True,0.8993664717348928,Neutral,True,0.8993664717348928,Neutral,True,0.8993664717348928,Neutral,True
2026-04-17,GBPJPY,0.6666666666666665,Neutral,0.6939571150097467,Neutral,True,0.6939571150097467,Neutral,True,0.6939571150097467,Neutral,True,0.6939571150097467,Neutral,True
2026-04-17,GBPCHF,0.5379188712522046,Neutral,0.5393112410656271,Neutral,True,0.5393112410656271,Neutral,True,0.5393112410656271,Neutral,True,,,False
2026-04-17,GBPAUD,-0.7499999999999998,Neutral,-0.7916666666666667,Neutral,True,-0.7916666666666667,Neutral,True,-0.7916666666666667,Neutral,True,-0.7916666666666667,Neutral,True
2026-04-17,GBPNZD,1.2257495590828924,Neutral,1.2055717998700455,Neutral,True,1.2055717998700455,Neutral,True,1.2055717998700455,Neutral,True,,,False
2026-04-17,GBPCAD,-0.2499999999999999,Neutral,-0.27850877192982465,Neutral,True,-0.27850877192982465,Neutral,True,-0.27850877192982465,Neutral,True,-0.27850877192982465,Neutral,True
2026-04-17,AUDJPY,0.4166666666666665,Neutral,0.45930799220272905,Neutral,True,0.45930799220272905,Neutral,True,0.45930799220272905,Neutral,True,0.45930799220272905,Neutral,True
2026-04-17,NZDJPY,0.11169900058788941,Neutral,0.0015432098765430738,Neutral,True,0.0015432098765430738,Neutral,True,1.2201916829109813,Neutral,True,,,False
2026-04-17,CADJPY,0.4166666666666665,Neutral,0.45930799220272905,Neutral,True,0.45930799220272905,Neutral,True,0.45930799220272905,Neutral,True,0.45930799220272905,Neutral,True
2026-04-17,CHFJPY,-0.31158142269253386,Neutral,-0.35851202079272254,Neutral,True,-0.35851202079272254,Neutral,True,0.8601364522417153,Neutral,True,,,False
2026-04-17,AUDNZD,1.5961199294532626,Bullish,1.4840805717998702,Bullish,True,1.4840805717998702,Bullish,True,0.9024528914879792,Neutral,True,,,False
2026-04-17,AUDCAD,1.5,Bullish,1.5394736842105263,Bullish,True,1.5394736842105263,Bullish,True,1.5394736842105263,Bullish,True,1.5394736842105263,Bullish,True
2026-04-17,AUDCHF,2.019400352733686,Bullish,1.8441358024691359,Bullish,True,1.8441358024691359,Bullish,True,1.2625081221572452,Neutral,True,,,False
2026-04-17,NZDCAD,-0.48500881834215165,Neutral,-0.4577647823261858,Neutral,True,-0.4577647823261858,Neutral,True,-0.2915854450942171,Neutral,True,,,False
2026-04-17,NZDCHF,-0.8333333333333331,Neutral,-0.6662605588044185,Neutral,True,-0.6662605588044185,Neutral,True,-0.6662605588044185,Neutral,True,,,False
2026-04-17,CADCHF,-0.20282186948853612,Neutral,-0.20849577647823264,Neutral,True,-0.20849577647823264,Neutral,True,-0.3746751137102014,Neutral,True,,,False
2026-04-24,EURUSD,1.9365253411306043,Bullish,1.9422210038986356,Bullish,True,1.9422210038986356,Bullish,True,1.9422210038986356,Bullish,True,1.9422210038986356,Bullish,True
2026-04-24,GBPUSD,2.1436403508771926,Bullish,2.1499451754385963,Bullish,True,2.1499451754385963,Bullish,True,2.1499451754385963,Bullish,True,2.1499451754385963,Bullish,True
2026-04-24,USDJPY,-0.2333089668615983,Neutral,-0.2781128167641322,Neutral,True,-0.2781128167641322,Neutral,True,-0.2781128167641322,Neutral,True,-0.2781128167641322,Neutral,True
2026-04-24,USDCHF,-0.5383403361344536,Neutral,-0.5989380279402208,Neutral,True,-0.5989380279402208,Neutral,True,0.42929662118258616,Neutral,True,,,False
2026-04-24,USDCAD,-1.5101120857699808,Bearish,-1.4998477095516571,Bearish,True,-1.4998477095516571,Bearish,True,-1.4998477095516571,Bearish,True,-1.4998477095516571,Bearish,True
2026-04-24,AUDUSD,1.9828216374269003,Bullish,1.9445358187134505,Bullish,True,1.9445358187134505,Bullish,True,1.9445358187134505,Bullish,True,1.9445358187134505,Bullish,True
2026-04-24,NZDUSD,2.1769957983193278,Bullish,2.05377883365822,Bullish,True,2.05377883365822,Bullish,True,1.0255441845354125,Neutral,True,,,False
2026-04-24,EURGBP,-1.2083333333333333,Neutral,-1.2340399610136452,Neutral,True,-1.2340399610136452,Neutral,True,-1.2340399610136452,Neutral,True,-1.2340399610136452,Neutral,True
2026-04-24,EURJPY,1.625,Bullish,1.6641081871345031,Bullish,True,1.6641081871345031,Bullish,True,1.6641081871345031,Bullish,True,1.6641081871345031,Bullish,True
2026-04-24,EURCHF,0.8259847148736038,Neutral,0.8301250812215726,Neutral,True,0.8301250812215726,Neutral,True,0.7608836907082521,Neutral,True,,,False
2026-04-24,EURAUD,0.04166666666666696,Neutral,-0.0023148148148145536,Neutral,True,-0.0023148148148145536,Neutral,True,-0.0023148148148145536,Neutral,True,-0.0023148148148145536,Neutral,True
2026-04-24,EURNZD,0.3233392122281012,Neutral,0.4016000649772581,Neutral,True,0.4016000649772581,Neutral,True,0.3323586744639376,Neutral,True,,,False
2026-04-24,EURCAD,0.45833333333333337,Neutral,0.44237329434697853,Neutral,True,0.44237329434697853,Neutral,True,0.44237329434697853,Neutral,True,0.44237329434697853,Neutral,True
2026-04-24,GBPJPY,1.3333333333333333,Bullish,1.3586744639376218,Bullish,True,1.3586744639376218,Bullish,True,1.3586744639376218,Bullish,True,1.3586744639376218,Bullish,True
2026-04-24,GBPCHF,1.0317460317460316,Neutral,1.0378492527615335,Neutral,True,1.0378492527615335,Neutral,True,1.2040285899935024,Neutral,True,,,False
2026-04-24,GBPAUD,0.25,Neutral,0.2054093567251461,Neutral,True,0.2054093567251461,Neutral,True,0.2054093567251461,Neutral,True,0.2054093567251461,Neutral,True
2026-04-24,GBPNZD,1.64021164021164,Bullish,1.6356400259909032,Bullish,True,1.6356400259909032,Bullish,True,1.801819363222872,Bullish,True,,,False
2026-04-24,GBPCAD,0.6666666666666665,Neutral,0.6500974658869394,Neutral,True,0.6500974658869394,Neutral,True,0.6500974658869394,Neutral,True,0.6500974658869394,Neutral,True
2026-04-24,AUDJPY,0.08333333333333326,Neutral,0.1269493177387915,Neutral,True,0.1269493177387915,Neutral,True,0.1269493177387915,Neutral,True,0.1269493177387915,Neutral,True
2026-04-24,NZDJPY,0.9112286890064667,Neutral,0.7493502274204029,Neutral,True,0.7493502274204029,Neutral,True,0.6939571150097468,Neutral,True,,,False
2026-04-24,CADJPY,0.6666666666666667,Neutral,0.7085769980506824,Neutral,True,0.7085769980506824,Neutral,True,0.7085769980506824,Neutral,True,0.7085769980506824,Neutral,True
2026-04-24,CHFJPY,-0.14697236919459147,Neutral,-0.19233268356075375,Neutral,True,-0.19233268356075375,Neutral,True,-0.24772579597140998,Neutral,True,,,False
2026-04-24,AUDNZD,0.4673721340388005,Neutral,0.4039148797920728,Neutral,True,0.4039148797920728,Neutral,True,0.32082521117608864,Neutral,True,,,False
2026-04-24,AUDCAD,0.9166666666666665,Neutral,0.9578460038986356,Neutral,True,0.9578460038986356,Neutral,True,0.9578460038986356,Neutral,True,0.9578460038986356,Neutral,True
2026-04-24,AUDCHF,1.5255731922398588,Bullish,1.3455977907732295,Bullish,True,1.3455977907732295,Bullish,True,1.2625081221572452,Neutral,True,,,False
2026-04-24,NZDCAD,-1.043503821281599,Neutral,-0.9855425601039638,Neutral,True,-0.9855425601039638,Neutral,True,-0.9301494476933075,Neutral,True,,,False
2026-04-24,NZDCHF,0.4166666666666666,Neutral,0.42852501624431466,Neutral,True,0.42852501624431466,Neutral,True,0.42852501624431466,Neutral,True,,,False
2026-04-24,CADCHF,0.9905937683715462,Neutral,0.900909681611436,Neutral,True,0.900909681611436,Neutral,True,0.8455165692007799,Neutral,True,,,False
2026-05-01,EURUSD,0.3106725146198831,Neutral,0.3115862573099416,Neutral,True,0.3115862573099416,Neutral,True,0.31158625730994155,Neutral,True,0.3115862573099416,Neutral,True
2026-05-01,GBPUSD,0.4349415204678364,Neutral,0.43622076023391826,Neutral,True,0.43622076023391826,Neutral,True,0.4362207602339182,Neutral,True,0.43622076023391826,Neutral,True
2026-05-01,USDJPY,1.6946881091617936,Bullish,1.6702607212475633,Bullish,True,1.6702607212475633,Bullish,True,1.6702607212475633,Bullish,True,1.6702607212475633,Bullish,True
2026-05-01,USDCHF,0.4884453781512604,Neutral,0.6016284925276153,Neutral,True,0.6016284925276153,Neutral,True,0.0407732293697206,Neutral,True,,,False
2026-05-01,USDCAD,-0.04995126705653041,Neutral,-0.03539230019493199,Neutral,True,-0.03539230019493199,Neutral,True,-0.03539230019493188,Neutral,True,-0.03539230019493199,Neutral,True
2026-05-01,AUDUSD,-0.5007309941520468,Neutral,-0.5316154970760233,Neutral,True,-0.5316154970760233,Neutral,True,-0.5316154970760233,Neutral,True,-0.5316154970760233,Neutral,True
2026-05-01,NZDUSD,0.2468487394957984,Neutral,0.0907854126055882,Neutral,True,0.0907854126055882,Neutral,True,0.6516406757634828,Neutral,True,,,False
2026-05-01,EURGBP,-1.125,Neutral,-1.150950292397661,Neutral,True,-1.150950292397661,Neutral,True,-1.150950292397661,Neutral,True,-1.150950292397661,Neutral,True
2026-05-01,EURJPY,1.9583333333333333,Bullish,1.9818469785575046,Bullish,True,1.9818469785575046,Bullish,True,1.9818469785575046,Bullish,True,1.9818469785575046,Bullish,True
2026-05-01,EURCHF,0.8377425044091711,Neutral,0.913214749837557,Neutral,True,0.913214749837557,Neutral,True,0.9547595841455491,Neutral,True,,,False
2026-05-01,EURAUD,0.375,Neutral,0.3300438596491228,Neutral,True,0.3300438596491228,Neutral,True,0.3300438596491228,Neutral,True,0.3300438596491228,Neutral,True
2026-05-01,EURNZD,0.09700176366843025,Neutral,0.22080084470435346,Neutral,True,0.22080084470435346,Neutral,True,0.2623456790123454,Neutral,True,,,False
2026-05-01,EURCAD,-0.20833333333333348,Neutral,-0.23696393762183254,Neutral,True,-0.23696393762183254,Neutral,True,-0.23696393762183254,Neutral,True,-0.23696393762183254,Neutral,True
2026-05-01,GBPJPY,2.5833333333333335,Bullish,2.619639376218324,Bullish,True,2.619639376218324,Bullish,True,2.619639376218324,Bullish,True,2.619639376218324,Bullish,True
2026-05-01,GBPCHF,1.5167548500881833,Bullish,1.5510071474983755,Bullish,True,1.5510071474983755,Bullish,True,1.7171864847303444,Bullish,True,,,False
2026-05-01,GBPAUD,0.5,Neutral,0.4546783625730993,Neutral,True,0.4546783625730993,Neutral,True,0.4546783625730993,Neutral,True,0.4546783625730993,Neutral,True
2026-05-01,GBPNZD,1.8871252204585538,Bullish,1.8849090318388568,Bullish,True,1.8849090318388568,Bullish,True,2.051088369070825,Bullish,True,,,False
2026-05-01,GBPCAD,0.41666666666666674,Neutral,0.4008284600389863,Neutral,True,0.4008284600389863,Neutral,True,0.4008284600389863,Neutral,True,0.4008284600389863,Neutral,True
2026-05-01,AUDJPY,0.5833333333333333,Neutral,0.625487329434698,Neutral,True,0.625487329434698,Neutral,True,0.625487329434698,Neutral,True,0.625487329434698,Neutral,True
2026-05-01,NZDJPY,0.8495002939447384,Neutral,0.7347303443794673,Neutral,True,0.7347303443794673,Neutral,True,0.9286062378167641,Neutral,True,,,False
2026-05-01,CADJPY,1.666666666666667,Bullish,1.7056530214424952,Bullish,True,1.7056530214424952,Bullish,True,1.7056530214424952,Bullish,True,1.7056530214424952,Bullish,True
2026-05-01,CHFJPY,0.10875955320399762,Neutral,0.04231643924626373,Neutral,True,0.04231643924626373,Neutral,True,0.2361923326835606,Neutral,True,,,False
2026-05-01,AUDNZD,0.4673721340388005,Neutral,0.4039148797920728,Neutral,True,0.4039148797920728,Neutral,True,0.32082521117608864,Neutral,True,,,False
2026-05-01,AUDCAD,0.4166666666666665,Neutral,0.45930799220272905,Neutral,True,0.45930799220272905,Neutral,True,0.45930799220272905,Neutral,True,0.45930799220272905,Neutral,True
2026-05-01,AUDCHF,1.2081128747795413,Neutral,1.0963287849252763,Neutral,True,1.0963287849252763,Neutral,True,1.013239116309292,Neutral,True,,,False
2026-05-01,NZDCAD,-1.5373309817754264,Bearish,-1.4840805717998702,Bearish,True,-1.4840805717998702,Bearish,True,-0.9301494476933075,Neutral,True,,,False
2026-05-01,NZDCHF,0.10416666666666671,Neutral,0.17925601039636127,Neutral,True,0.17925601039636127,Neutral,True,0.17925601039636127,Neutral,True,,,False
2026-05-01,CADCHF,1.7225161669606115,Bullish,1.6633365821962314,Bullish,True,1.6633365821962314,Bullish,True,1.1094054580896686,Neutral,True,,,False
2026-05-08,EURUSD,1.8777412280701753,Bullish,1.8685581140350878,Bullish,True,1.8685581140350878,Bullish,True,1.8685581140350878,Bullish,True,1.8685581140350878,Bullish,True
2026-05-08,GBPUSD,2.871893274853801,Bullish,2.8656341374269005,Bullish,True,2.8656341374269005,Bullish,True,2.8656341374269005,Bullish,True,2.8656341374269005,Bullish,True
2026-05-08,USDJPY,1.275280214424951,Neutral,1.2496192738791423,Neutral,True,1.2496192738791423,Neutral,True,1.2496192738791423,Neutral,True,1.2496192738791423,Neutral,True
2026-05-08,USDCHF,-0.0301995798319327,Neutral,-0.012888848278102723,Neutral,True,-0.012888848278102723,Neutral,True,-0.713957927225471,Neutral,True,,,False
2026-05-08,USDCAD,-0.4985989278752437,Neutral,-0.4706536306042886,Neutral,True,-0.4706536306042886,Neutral,True,-0.4706536306042886,Neutral,True,-0.4706536306042886,Neutral,True
2026-05-08,AUDUSD,-0.08132309941520464,Neutral,-0.11097404970760227,Neutral,True,-0.11097404970760227,Neutral,True,-0.11097404970760227,Neutral,True,-0.11097404970760227,Neutral,True
2026-05-08,NZDUSD,1.5007878151260503,Bullish,1.3977166585445095,Bullish,True,1.3977166585445095,Bullish,True,2.098785737491878,Bullish,True,,,False
2026-05-08,EURGBP,-2.0,Bearish,-2.023391812865497,Bearish,True,-2.023391812865497,Bearish,True,-2.023391812865497,Bearish,True,-2.023391812865497,Bearish,True
2026-05-08,EURJPY,2.583333333333333,Bullish,2.6050194931773873,Bullish,True,2.6050194931773873,Bullish,True,2.6050194931773873,Bullish,True,2.6050194931773873,Bullish,True
2026-05-08,EURCHF,1.349206349206349,Bullish,1.3425113710201428,Bullish,True,1.3425113710201428,Bullish,True,0.9270630279402208,Neutral,True,,,False
2026-05-08,EURAUD,1.0,Neutral,0.9532163742690059,Neutral,True,0.9532163742690059,Neutral,True,0.9532163742690059,Neutral,True,0.9532163742690059,Neutral,True
2026-05-08,EURNZD,-0.13227513227513243,Neutral,-0.042316439246263965,Neutral,True,-0.042316439246263965,Neutral,True,-0.4577647823261858,Neutral,True,,,False
2026-05-08,EURCAD,1.4166666666666665,Bullish,1.397904483430799,Bullish,True,1.397904483430799,Bullish,True,1.397904483430799,Bullish,True,1.397904483430799,Bullish,True
2026-05-08,GBPJPY,4.083333333333334,Very Bullish,4.115253411306043,Very Bullish,True,4.115253411306043,Very Bullish,True,4.115253411306043,Very Bullish,True,4.115253411306043,Very Bullish,True
2026-05-08,GBPCHF,2.892416225749559,Bullish,2.852745289148798,Bullish,True,2.852745289148798,Bullish,True,2.188027940220922,Bullish,True,,,False
2026-05-08,GBPAUD,2.0,Bullish,1.9502923976608186,Bullish,True,1.9502923976608186,Bullish,True,1.9502923976608186,Bullish,True,1.9502923976608186,Bullish,True
2026-05-08,GBPNZD,0.8553791887125219,Neutral,0.9547595841455491,Neutral,True,0.9547595841455491,Neutral,True,0.2900422352176736,Neutral,True,,,False
2026-05-08,GBPCAD,3.416666666666667,Very Bullish,3.4212962962962963,Very Bullish,True,3.4212962962962963,Very Bullish,True,3.4212962962962963,Very Bullish,True,3.4212962962962963,Very Bullish,True
2026-05-08,AUDJPY,0.5833333333333333,Neutral,0.625487329434698,Neutral,True,0.625487329434698,Neutral,True,0.625487329434698,Neutral,True,0.625487329434698,Neutral,True
2026-05-08,NZDJPY,2.2516166960611406,Bullish,2.1341780376868096,Bullish,True,2.1341780376868096,Bullish,True,2.3280539311241064,Bullish,True,,,False
2026-05-08,CADJPY,0.6666666666666666,Neutral,0.6939571150097468,Neutral,True,0.6939571150097468,Neutral,True,0.6939571150097468,Neutral,True,0.6939571150097468,Neutral,True
2026-05-08,CHFJPY,0.7701352145796589,Neutral,0.7493502274204028,Neutral,True,0.7493502274204028,Neutral,True,0.9432261208576997,Neutral,True,,,False
2026-05-08,AUDNZD,-0.3791887125220458,Neutral,-0.48237491877842714,Neutral,True,-0.48237491877842714,Neutral,True,-0.6485542560103957,Neutral,True,,,False
2026-05-08,AUDCAD,0.9166666666666665,Neutral,0.9578460038986356,Neutral,True,0.9578460038986356,Neutral,True,0.9578460038986356,Neutral,True,0.9578460038986356,Neutral,True
2026-05-08,AUDCHF,1.1022927689594357,Neutral,0.9024528914879792,Neutral,True,0.9024528914879792,Neutral,True,0.7362735542560106,Neutral,True,,,False
2026-05-08,NZDCAD,1.4697236919459142,Bullish,1.4402209226770628,Bullish,True,1.4402209226770628,Bullish,True,1.4956140350877192,Bullish,True,,,False
2026-05-08,NZDCHF,2.0833333333333335,Bullish,1.8979857050032487,Bullish,True,1.8979857050032487,Bullish,True,1.8979857050032487,Bullish,True,,,False
2026-05-08,CADCHF,-0.5437977660199882,Neutral,-0.5685510071474984,Neutral,True,-0.5685510071474984,Neutral,True,-0.6239441195581547,Neutral,True,,,False
2026-05-15,EURUSD,-0.7574926900584799,Neutral,-0.73030884502924,Neutral,True,-0.73030884502924,Neutral,True,-0.7303088450292395,Neutral,True,-0.73030884502924,Neutral,True
2026-05-15,GBPUSD,0.2658991228070175,Neutral,0.28138706140350866,Neutral,True,0.28138706140350866,Neutral,True,0.281387061403509,Neutral,True,0.28138706140350866,Neutral,True
2026-05-15,USDJPY,3.106420565302144,Very Bullish,3.071439449317739,Very Bullish,True,3.071439449317739,Very Bullish,True,3.071439449317739,Very Bullish,True,3.071439449317739,Very Bullish,True
2026-05-15,USDCHF,0.5842962184873951,Neutral,0.6456759665367123,Neutral,True,0.6456759665367123,Neutral,True,-0.3669793697205978,Neutral,True,,,False
2026-05-15,USDCAD,0.5869273879142302,Neutral,0.6033595272904485,Neutral,True,0.6033595272904485,Neutral,True,0.6033595272904478,Neutral,True,0.6033595272904485,Neutral,True
2026-05-15,AUDUSD,-0.36275584795321664,Neutral,-0.40794042397660835,Neutral,True,-0.40794042397660835,Neutral,True,-0.40794042397660746,Neutral,True,-0.40794042397660835,Neutral,True
2026-05-15,NZDUSD,-1.5506827731092439,Bearish,-1.4504193063677715,Bearish,True,-1.4504193063677715,Bearish,True,-0.4377639701104616,Neutral,True,,,False
2026-05-15,EURGBP,-0.5,Neutral,-0.49853801169590645,Neutral,True,-0.49853801169590645,Neutral,True,-0.49853801169590645,Neutral,True,-0.49853801169590645,Neutral,True
2026-05-15,EURJPY,2.833333333333333,Bullish,2.8542884990253405,Bullish,True,2.8542884990253405,Bullish,True,2.8542884990253405,Bullish,True,2.8542884990253405,Bullish,True
2026-05-15,EURCHF,0.326278659611993,Neutral,0.4285250162443143,Neutral,True,0.4285250162443143,Neutral,True,-0.4854613385315141,Neutral,True,,,False
2026-05-15,EURAUD,0.75,Neutral,0.7039473684210524,Neutral,True,0.7039473684210524,Neutral,True,0.7039473684210524,Neutral,True,0.7039473684210524,Neutral,True
2026-05-15,EURNZD,0.11463844797178127,Neutral,0.2069525666016893,Neutral,True,0.2069525666016893,Neutral,True,-0.7070337881741391,Neutral,True,,,False
2026-05-15,EURCAD,0.4166666666666665,Neutral,0.38620857699805045,Neutral,True,0.38620857699805045,Neutral,True,0.38620857699805045,Neutral,True,0.38620857699805045,Neutral,True
2026-05-15,GBPJPY,3.333333333333333,Very Bullish,3.3528265107212474,Very Bullish,True,3.3528265107212474,Very Bullish,True,3.3528265107212474,Very Bullish,True,3.3528265107212474,Very Bullish,True
2026-05-15,GBPCHF,0.8201058201058202,Neutral,0.9270630279402208,Neutral,True,0.9270630279402208,Neutral,True,0.2623456790123457,Neutral,True,,,False
2026-05-15,GBPAUD,1.2499999999999996,Neutral,1.2024853801169588,Neutral,True,1.2024853801169588,Neutral,True,1.2024853801169588,Neutral,True,1.2024853801169588,Neutral,True
2026-05-15,GBPNZD,0.6084656084656085,Neutral,0.7054905782975956,Neutral,True,0.7054905782975956,Neutral,True,0.0407732293697206,Neutral,True,,,False
2026-05-15,GBPCAD,0.9166666666666667,Neutral,0.8847465886939571,Neutral,True,0.8847465886939571,Neutral,True,0.8847465886939571,Neutral,True,0.8847465886939571,Neutral,True
2026-05-15,AUDJPY,1.0833333333333333,Neutral,1.1240253411306043,Neutral,True,1.1240253411306043,Neutral,True,1.1240253411306043,Neutral,True,1.1240253411306043,Neutral,True
2026-05-15,NZDJPY,1.696061140505585,Bullish,1.6210201429499673,Bullish,True,1.6210201429499673,Bullish,True,1.8148960363872644,Bullish,True,,,False
2026-05-15,CADJPY,1.4166666666666665,Bullish,1.4417641325536064,Bullish,True,1.4417641325536064,Bullish,True,1.4417641325536064,Bullish,True,1.4417641325536064,Bullish,True
2026-05-15,CHFJPY,2.0399764844209285,Bullish,1.9126055880441846,Bullish,True,1.9126055880441846,Bullish,True,2.106481481481482,Bullish,True,,,False
2026-05-15,AUDNZD,0.11463844797178138,Neutral,0.01616309291747896,Neutral,True,0.01616309291747896,Neutral,True,-0.6485542560103957,Neutral,True,,,False
2026-05-15,AUDCAD,0.6666666666666666,Neutral,0.7085769980506824,Neutral,True,0.7085769980506824,Neutral,True,0.7085769980506824,Neutral,True,0.7085769980506824,Neutral,True
2026-05-15,AUDCHF,0.326278659611993,Neutral,0.23773554256010404,Neutral,True,0.23773554256010404,Neutral,True,-0.4269818063677711,Neutral,True,,,False
2026-05-15,NZDCAD,-0.9376837154614932,Neutral,-0.8470597790773232,Neutral,True,-0.8470597790773232,Neutral,True,0.2884990253411305,Neutral,True,,,False
2026-05-15,NZDCHF,-1.0416666666666665,Neutral,-0.8047433398310593,Neutral,True,-0.8047433398310593,Neutral,True,-0.8047433398310593,Neutral,True,,,False
2026-05-15,CADCHF,-0.5173427395649617,Neutral,-0.4708414554905782,Neutral,True,-0.4708414554905782,Neutral,True,-1.6064002599090315,Bearish,True,,,False
2026-05-22,EURUSD,-1.3788377192982457,Bearish,-1.3534813596491229,Bearish,True,-1.3534813596491229,Bearish,True,-1.3534813596491226,Bearish,True,-1.3534813596491229,Bearish,True
2026-05-22,GBPUSD,0.07584064327485374,Neutral,0.061357821637426896,Neutral,True,0.061357821637426896,Neutral,True,0.061357821637427236,Neutral,True,0.061357821637426896,Neutral,True
2026-05-22,USDJPY,2.360806530214425,Bullish,2.3236324317738792,Bullish,True,2.3236324317738792,Bullish,True,2.323632431773879,Bullish,True,2.3236324317738792,Bullish,True
2026-05-22,USDCHF,0.311186974789916,Neutral,0.3817870776478235,Neutral,True,0.3817870776478235,Neutral,True,-0.6308682586094866,Neutral,True,,,False
2026-05-22,USDCAD,2.053788986354776,Bullish,2.0451236598440548,Bullish,True,2.0451236598440548,Bullish,True,2.0451236598440543,Bullish,True,2.0451236598440548,Bullish,True
2026-05-22,AUDUSD,-1.688291910331384,Bearish,-1.7373751218323583,Bearish,True,-1.7373751218323583,Bearish,True,-1.7373751218323576,Bearish,True,-1.7373751218323583,Bearish,True
2026-05-22,NZDUSD,0.5291491596638652,Neutral,0.338323383690708,Neutral,True,0.338323383690708,Neutral,True,1.350978719948018,Bullish,True,,,False
2026-05-22,EURGBP,-0.875,Neutral,-0.9016812865497077,Neutral,True,-0.9016812865497077,Neutral,True,-0.9016812865497077,Neutral,True,-0.9016812865497077,Neutral,True
2026-05-22,EURJPY,1.4583333333333335,Bullish,1.4833089668615986,Bullish,True,1.4833089668615986,Bullish,True,1.4833089668615986,Bullish,True,1.4833089668615986,Bullish,True
2026-05-22,EURCHF,0.026455026455026485,Neutral,0.054621507472384784,Neutral,True,0.054621507472384784,Neutral,True,-0.4023716699155295,Neutral,True,,,False
2026-05-22,EURAUD,1.458333333333333,Bullish,1.4102095516569197,Bullish,True,1.4102095516569197,Bullish,True,1.4102095516569197,Bullish,True,1.4102095516569197,Bullish,True
2026-05-22,EURNZD,-0.8201058201058199,Neutral,-0.6654889538661468,Neutral,True,-0.6654889538661468,Neutral,True,-1.122482131254061,Neutral,True,,,False
2026-05-22,EURCAD,0.7083333333333333,Neutral,0.6916423001949314,Neutral,True,0.6916423001949314,Neutral,True,0.6916423001949314,Neutral,True,0.6916423001949314,Neutral,True
2026-05-22,GBPJPY,1.8333333333333335,Bullish,1.8718323586744638,Bullish,True,1.8718323586744638,Bullish,True,1.8718323586744638,Bullish,True,1.8718323586744638,Bullish,True
2026-05-22,GBPCHF,-0.0970017636684303,Neutral,-0.07001299545159181,Neutral,True,-0.07001299545159181,Neutral,True,0.09616634178037688,Neutral,True,,,False
2026-05-22,GBPAUD,1.333333333333333,Bullish,1.2855750487329431,Neutral,True,1.2855750487329431,Neutral,True,1.2855750487329431,Neutral,True,1.2855750487329431,Neutral,True
2026-05-22,GBPNZD,-0.9435626102292767,Neutral,-0.7901234567901233,Neutral,True,-0.7901234567901233,Neutral,True,-0.6239441195581545,Neutral,True,,,False
2026-05-22,GBPCAD,1.5833333333333335,Bullish,1.5933235867446396,Bullish,True,1.5933235867446396,Bullish,True,1.5933235867446396,Bullish,True,1.5933235867446396,Bullish,True
2026-05-22,AUDJPY,-1.0,Neutral,-0.9532163742690059,Neutral,True,-0.9532163742690059,Neutral,True,-0.9532163742690059,Neutral,True,-0.9532163742690059,Neutral,True
2026-05-22,NZDJPY,1.828336272780717,Bullish,1.6356400259909032,Bullish,True,1.6356400259909032,Bullish,True,2.9096816114359974,Bullish,True,,,False
2026-05-22,CADJPY,0.25,Neutral,0.2785087719298247,Neutral,True,0.2785087719298247,Neutral,True,0.2785087719298247,Neutral,True,0.2785087719298247,Neutral,True
2026-05-22,CHFJPY,0.9817754262198707,Neutral,0.9155295646523716,Neutral,True,0.9155295646523716,Neutral,True,2.189571150097466,Bullish,True,,,False
2026-05-22,AUDNZD,-1.519694297472075,Bearish,-1.5625406107862239,Bearish,True,-1.5625406107862239,Bearish,True,-1.340968161143599,Bearish,True,,,False
2026-05-22,AUDCAD,-0.24999999999999978,Neutral,-0.20540935672514585,Neutral,True,-0.20540935672514585,Neutral,True,-0.20540935672514585,Neutral,True,-0.20540935672514585,Neutral,True
2026-05-22,AUDCHF,-0.6731334509112284,Neutral,-0.8424301494476929,Neutral,True,-0.8424301494476929,Neutral,True,-0.6208576998050683,Neutral,True,,,False
2026-05-22,NZDCAD,2.0135214579659024,Bullish,1.8702891487979207,Bullish,True,1.8702891487979207,Bullish,True,2.562703053931124,Bullish,True,,,False
2026-05-22,NZDCHF,-0.41666666666666685,Neutral,-0.30620532813515283,Neutral,True,-0.30620532813515283,Neutral,True,-0.30620532813515283,Neutral,True,,,False
2026-05-22,CADCHF,-0.6114050558495002,Neutral,-0.6370207927225469,Neutral,True,-0.6370207927225469,Neutral,True,-1.3294346978557503,Bearish,True,,,False
2026-05-29,EURUSD,-1.4720394736842104,Bearish,-1.4469572368421053,Bearish,True,-1.4469572368421053,Bearish,True,-1.4469572368421053,Bearish,True,-1.4469572368421053,Bearish,True
2026-05-29,GBPUSD,1.503106725146199,Bullish,1.4781158625730995,Bullish,True,1.4781158625730995,Bullish,True,1.4781158625730995,Bullish,True,1.4781158625730995,Bullish,True
2026-05-29,USDJPY,0.0222344054580896,Neutral,-0.007111963937621726,Neutral,True,-0.007111963937621726,Neutral,True,-0.007111963937621726,Neutral,True,-0.007111963937621726,Neutral,True
2026-05-29,USDCHF,-1.6557247899159664,Bearish,-1.5335089749837554,Bearish,True,-1.5335089749837554,Bearish,True,-1.5179296621182583,Bearish,True,,,False
2026-05-29,USDCAD,0.7629751461988303,Neutral,0.7799250730994152,Neutral,True,0.7799250730994152,Neutral,True,0.7799250730994152,Neutral,True,0.7799250730994152,Neutral,True
2026-05-29,AUDUSD,-1.0358796296296293,Neutral,-1.0830439814814812,Neutral,True,-1.0830439814814812,Neutral,True,-1.0830439814814812,Neutral,True,-1.0830439814814812,Neutral,True
2026-05-29,NZDUSD,1.8658088235294117,Bullish,1.755081424626381,Bullish,True,1.755081424626381,Bullish,True,1.739502111760884,Bullish,True,,,False
2026-05-29,EURGBP,-1.875,Bearish,-1.8987573099415207,Bearish,True,-1.8987573099415207,Bearish,True,-1.8987573099415207,Bearish,True,-1.8987573099415207,Bearish,True
2026-05-29,EURJPY,0.04166666666666674,Neutral,0.0854044834307994,Neutral,True,0.0854044834307994,Neutral,True,0.0854044834307994,Neutral,True,0.0854044834307994,Neutral,True
2026-05-29,EURCHF,-1.455026455026455,Bearish,-1.4409925276153346,Bearish,True,-1.4409925276153346,Bearish,True,-0.4023716699155295,Neutral,True,,,False
2026-05-29,EURAUD,0.708333333333333,Neutral,0.6624025341130597,Neutral,True,0.6624025341130597,Neutral,True,0.6624025341130597,Neutral,True,0.6624025341130597,Neutral,True
2026-05-29,EURNZD,-2.2222222222222223,Bearish,-2.175722871994802,Bearish,True,-2.175722871994802,Bearish,True,-1.1371020142949968,Neutral,True,,,False
2026-05-29,EURCAD,0.875,Neutral,0.8724415204678362,Neutral,True,0.8724415204678362,Neutral,True,0.8724415204678362,Neutral,True,0.8724415204678362,Neutral,True
2026-05-29,GBPJPY,0.9166666666666667,Neutral,0.9578460038986357,Neutral,True,0.9578460038986357,Neutral,True,0.9578460038986357,Neutral,True,0.9578460038986357,Neutral,True
2026-05-29,GBPCHF,-0.5908289241622575,Neutral,-0.5685510071474983,Neutral,True,-0.5685510071474983,Neutral,True,0.09616634178037688,Neutral,True,,,False
2026-05-29,GBPAUD,1.583333333333333,Bullish,1.5348440545808963,Bullish,True,1.5348440545808963,Bullish,True,1.5348440545808963,Bullish,True,1.5348440545808963,Bullish,True
2026-05-29,GBPNZD,-1.3580246913580245,Bearish,-1.3032813515269657,Bearish,True,-1.3032813515269657,Bearish,True,-0.6385640025990904,Neutral,True,,,False
2026-05-29,GBPCAD,2.75,Bullish,2.7711988304093573,Bullish,True,2.7711988304093573,Bullish,True,2.7711988304093573,Bullish,True,2.7711988304093573,Bullish,True
2026-05-29,AUDJPY,-2.166666666666666,Bearish,-2.1164717348927864,Bearish,True,-2.1164717348927864,Bearish,True,-2.1164717348927864,Bearish,True,-2.1164717348927864,Bearish,True
2026-05-29,NZDJPY,0.7818930041152262,Neutral,0.7216536712150747,Neutral,True,0.7216536712150747,Neutral,True,1.2755847953216377,Neutral,True,,,False
2026-05-29,CADJPY,-1.333333333333333,Bearish,-1.3001949317738788,Bearish,True,-1.3001949317738788,Bearish,True,-1.3001949317738788,Bearish,True,-1.3001949317738788,Bearish,True
2026-05-29,CHFJPY,0.5702527924750147,Neutral,0.5000812215724495,Neutral,True,0.5000812215724495,Neutral,True,1.0540123456790125,Neutral,True,,,False
2026-05-29,AUDNZD,-2.1810699588477362,Bearish,-2.3249675113710193,Bearish,True,-2.3249675113710193,Bearish,True,-1.604857050032488,Bearish,True,,,False
2026-05-29,AUDCAD,0.16666666666666718,Neutral,0.21003898635477658,Neutral,True,0.21003898635477658,Neutral,True,0.21003898635477658,Neutral,True,0.21003898635477658,Neutral,True
2026-05-29,AUDCHF,-1.413874191651969,Bearish,-1.5902371669915518,Bearish,True,-1.5902371669915518,Bearish,True,-0.8701267056530209,Neutral,True,,,False
2026-05-29,NZDCAD,2.5308641975308643,Bullish,2.535006497725796,Bullish,True,2.535006497725796,Bullish,True,1.6210201429499673,Bullish,True,,,False
2026-05-29,NZDCHF,0.8333333333333333,Neutral,0.7347303443794673,Neutral,True,0.7347303443794673,Neutral,True,0.7347303443794673,Neutral,True,,,False
2026-05-29,CADCHF,-2.8747795414462085,Bearish,-2.826591942820013,Bearish,True,-2.826591942820013,Bearish,True,-1.9126055880441846,Bearish,True,,,False
2026-06-05,EURUSD,-1.6480872319688111,Bearish,-1.6235227826510723,Bearish,True,-1.6235227826510723,Bearish,True,-1.6235227826510723,Bearish,True,-1.6235227826510723,Bearish,True
2026-06-05,GBPUSD,-1.0389254385964914,Neutral,-1.0272752192982457,Neutral,True,-1.0272752192982457,Neutral,True,-1.0272752192982457,Neutral,True,-1.0272752192982457,Neutral,True
2026-06-05,USDJPY,1.48239522417154,Bullish,1.4573434454191034,Bullish,True,1.4573434454191034,Bullish,True,1.4573434454191034,Bullish,True,1.4573434454191034,Bullish,True
2026-06-05,USDCHF,2.984506302521008,Bullish,2.9106410412605586,Bullish,True,2.9106410412605586,Bullish,True,1.8356684535412604,Bullish,True,,,False
2026-06-05,USDCAD,2.6422392787524367,Bullish,2.6205988060428846,Bullish,True,2.6205988060428846,Bullish,True,2.6205988060428846,Bullish,True,2.6205988060428846,Bullish,True
2026-06-05,AUDUSD,-1.8625121832358673,Bearish,-1.8974019249512666,Bearish,True,-1.8974019249512666,Bearish,True,-1.8974019249512666,Bearish,True,-1.8974019249512666,Bearish,True
2026-06-05,NZDUSD,-1.09375,Neutral,-0.9995786630929175,Neutral,True,-0.9995786630929175,Neutral,True,0.0753939246263806,Neutral,True,,,False
2026-06-05,EURGBP,-1.0833333333333333,Neutral,-1.1094054580896686,Neutral,True,-1.1094054580896686,Neutral,True,-1.1094054580896686,Neutral,True,-1.1094054580896686,Neutral,True
2026-06-05,EURJPY,0.8333333333333335,Neutral,0.8601364522417155,Neutral,True,0.8601364522417155,Neutral,True,0.8601364522417155,Neutral,True,0.8601364522417155,Neutral,True
2026-06-05,EURCHF,1.266901822457378,Neutral,1.2871182586094867,Neutral,True,1.2871182586094867,Neutral,True,0.7608836907082521,Neutral,True,,,False
2026-06-05,EURAUD,0.833333333333333,Neutral,0.7870370370370366,Neutral,True,0.7870370370370366,Neutral,True,0.7870370370370366,Neutral,True,0.7870370370370366,Neutral,True
2026-06-05,EURNZD,-1.1934156378600822,Neutral,-1.1371020142949968,Neutral,True,-1.1371020142949968,Neutral,True,-1.6633365821962312,Bearish,True,,,False
2026-06-05,EURCAD,0.9999999999999998,Neutral,0.9970760233918126,Neutral,True,0.9970760233918126,Neutral,True,0.9970760233918126,Neutral,True,0.9970760233918126,Neutral,True
2026-06-05,GBPJPY,1.4166666666666665,Bullish,1.456384015594542,Bullish,True,1.456384015594542,Bullish,True,1.456384015594542,Bullish,True,1.456384015594542,Bullish,True
2026-06-05,GBPCHF,3.0158730158730163,Very Bullish,2.9096816114359974,Bullish,True,2.9096816114359974,Bullish,True,3.075860948667966,Very Bullish,True,,,False
2026-06-05,GBPAUD,1.4166666666666665,Bullish,1.383284600389863,Bullish,True,1.383284600389863,Bullish,True,1.383284600389863,Bullish,True,1.383284600389863,Bullish,True
2026-06-05,GBPNZD,0.5555555555555556,Neutral,0.485461338531514,Neutral,True,0.485461338531514,Neutral,True,0.6516406757634827,Neutral,True,,,False
2026-06-05,GBPCAD,2.083333333333333,Bullish,2.106481481481482,Bullish,True,2.106481481481482,Bullish,True,2.106481481481482,Bullish,True,2.106481481481482,Bullish,True
2026-06-05,AUDJPY,-1.5,Bearish,-1.466374269005848,Bearish,True,-1.466374269005848,Bearish,True,-1.466374269005848,Bearish,True,-1.466374269005848,Bearish,True
2026-06-05,NZDJPY,0.4732510288065844,Neutral,0.45776478232618595,Neutral,True,0.45776478232618595,Neutral,True,1.0116959064327484,Neutral,True,,,False
2026-06-05,CADJPY,-0.6666666666666663,Neutral,-0.6500974658869392,Neutral,True,-0.6500974658869392,Neutral,True,-0.6500974658869392,Neutral,True,-0.6500974658869392,Neutral,True
2026-06-05,CHFJPY,-1.4315108759553206,Bearish,-1.4532975958414553,Bearish,True,-1.4532975958414553,Bearish,True,-0.8993664717348926,Neutral,True,,,False
2026-06-05,AUDNZD,-0.7201646090534977,Neutral,-0.8978232618583492,Neutral,True,-0.8978232618583492,Neutral,True,-1.2855750487329431,Neutral,True,,,False
2026-06-05,AUDCAD,0.16666666666666674,Neutral,0.2100389863547761,Neutral,True,0.2100389863547761,Neutral,True,0.2100389863547761,Neutral,True,0.2100389863547761,Neutral,True
2026-06-05,AUDCHF,1.184597295708407,Neutral,1.0132391163092922,Neutral,True,1.0132391163092922,Neutral,True,0.6254873294346983,Neutral,True,,,False
2026-06-05,NZDCAD,2.1810699588477362,Bullish,2.1341780376868096,Bullish,True,2.1341780376868096,Bullish,True,2.3280539311241064,Bullish,True,,,False
2026-06-05,NZDCHF,1.25,Neutral,1.397904483430799,Bullish,True,1.397904483430799,Bullish,True,1.397904483430799,Bullish,True,,,False
2026-06-05,CADCHF,-0.2763080540858318,Neutral,-0.22311565951916815,Neutral,True,-0.22311565951916815,Neutral,True,-0.4169915529564653,Neutral,True,,,False
2026-06-12,EURUSD,-1.3529483430799218,Bearish,-1.3275158382066277,Bearish,True,-1.3275158382066277,Bearish,True,-1.3275158382066277,Bearish,True,-1.3275158382066277,Bearish,True
2026-06-12,GBPUSD,-0.9923245614035087,Neutral,-0.9805372807017544,Neutral,True,-0.9805372807017544,Neutral,True,-0.9805372807017544,Neutral,True,-0.9805372807017544,Neutral,True
2026-06-12,USDJPY,1.187256335282651,Neutral,1.1613365009746588,Neutral,True,1.1613365009746588,Neutral,True,1.1613365009746588,Neutral,True,1.1613365009746588,Neutral,True
2026-06-12,USDCHF,1.5730042016806725,Bullish,1.6175580734243016,Bullish,True,1.6175580734243016,Bullish,True,1.0255441845354127,Neutral,True,,,False
2026-06-12,USDCAD,1.8500243664717346,Bullish,1.826053849902534,Bullish,True,1.826053849902534,Bullish,True,1.826053849902534,Bullish,True,1.826053849902534,Bullish,True
2026-06-12,AUDUSD,-2.0644493177387915,Bearish,-2.0999329922027283,Bearish,True,-2.0999329922027283,Bearish,True,-2.0999329922027283,Bearish,True,-2.0999329922027283,Bearish,True
2026-06-12,NZDUSD,-0.3125,Neutral,-0.20503370695256665,Neutral,True,-0.20503370695256665,Neutral,True,0.3869801819363222,Neutral,True,,,False
2026-06-12,EURGBP,-0.8333333333333335,Neutral,-0.8601364522417155,Neutral,True,-0.8601364522417155,Neutral,True,-0.8601364522417155,Neutral,True,-0.8601364522417155,Neutral,True
2026-06-12,EURJPY,0.8333333333333335,Neutral,0.8601364522417155,Neutral,True,0.8601364522417155,Neutral,True,0.8601364522417155,Neutral,True,0.8601364522417155,Neutral,True
2026-06-12,EURCHF,0.13815402704291602,Neutral,0.2900422352176737,Neutral,True,0.2900422352176737,Neutral,True,0.2623456790123457,Neutral,True,,,False
2026-06-12,EURAUD,1.833333333333333,Bullish,1.7987329434697852,Bullish,True,1.7987329434697852,Bullish,True,1.7987329434697852,Bullish,True,1.7987329434697852,Bullish,True
2026-06-12,EURNZD,-1.6872427983539096,Bearish,-1.6356400259909032,Bearish,True,-1.6356400259909032,Bearish,True,-1.6633365821962312,Bearish,True,,,False
2026-06-12,EURCAD,1.5,Bullish,1.5248538011695905,Bullish,True,1.5248538011695905,Bullish,True,1.5248538011695905,Bullish,True,1.5248538011695905,Bullish,True
2026-06-12,GBPJPY,1.1666666666666667,Neutral,1.2071150097465888,Neutral,True,1.2071150097465888,Neutral,True,1.2071150097465888,Neutral,True,1.2071150097465888,Neutral,True
2026-06-12,GBPCHF,1.6402116402116405,Bullish,1.6633365821962314,Bullish,True,1.6633365821962314,Bullish,True,2.8265919428200132,Bullish,True,,,False
2026-06-12,GBPAUD,1.6666666666666665,Bullish,1.6325536062378163,Bullish,True,1.6325536062378163,Bullish,True,1.6325536062378163,Bullish,True,1.6325536062378163,Bullish,True
2026-06-12,GBPNZD,-0.18518518518518515,Neutral,-0.26234567901234557,Neutral,True,-0.26234567901234557,Neutral,True,0.900909681611436,Neutral,True,,,False
2026-06-12,GBPCAD,1.8333333333333333,Bullish,1.8718323586744638,Bullish,True,1.8718323586744638,Bullish,True,1.8718323586744638,Bullish,True,1.8718323586744638,Bullish,True
2026-06-12,AUDJPY,-2.0,Bearish,-1.9649122807017538,Bearish,True,-1.9649122807017538,Bearish,True,-1.9649122807017538,Bearish,True,-1.9649122807017538,Bearish,True
2026-06-12,NZDJPY,1.5226337448559668,Bullish,1.4694606887589345,Bullish,True,1.4694606887589345,Bullish,True,1.5248538011695905,Bullish,True,,,False
2026-06-12,CADJPY,-0.16666666666666652,Neutral,-0.1515594541910329,Neutral,True,-0.1515594541910329,Neutral,True,-0.1515594541910329,Neutral,True,-0.1515594541910329,Neutral,True
2026-06-12,CHFJPY,-0.30276308054085826,Neutral,-0.45622157244964245,Neutral,True,-0.45622157244964245,Neutral,True,-0.4008284600389861,Neutral,True,,,False
2026-06-12,AUDNZD,-2.2633744855967075,Bearish,-2.408057179987004,Bearish,True,-2.408057179987004,Bearish,True,-1.7987329434697852,Bearish,True,,,False
2026-06-12,AUDCAD,-0.833333333333333,Neutral,-0.7870370370370366,Neutral,True,-0.7870370370370366,Neutral,True,-0.7870370370370366,Neutral,True,-0.7870370370370366,Neutral,True
2026-06-12,AUDCHF,-0.4379776601998822,Neutral,-0.48237491877842714,Neutral,True,-0.48237491877842714,Neutral,True,0.12694931773879173,Neutral,True,,,False
2026-06-12,NZDCAD,2.736625514403292,Bullish,2.6473359324236516,Bullish,True,2.6473359324236516,Bullish,True,1.5117771280051981,Bullish,True,,,False
2026-06-12,NZDCHF,2.5,Bullish,2.438840155945419,Bullish,True,2.438840155945419,Bullish,True,2.438840155945419,Bullish,True,,,False
2026-06-12,CADCHF,-0.9112286890064667,Neutral,-0.7216536712150747,Neutral,True,-0.7216536712150747,Neutral,True,0.4139051332033786,Neutral,True,,,False
2026-06-19,EURUSD,-1.0267422027290447,Neutral,-1.000350268031189,Neutral,True,-1.000350268031189,Neutral,True,-1.000350268031189,Neutral,True,-1.000350268031189,Neutral,True
2026-06-19,GBPUSD,-0.33473440545808963,Neutral,-0.32101303606237813,Neutral,True,-0.32101303606237813,Neutral,True,-0.32101303606237813,Neutral,True,-0.32101303606237813,Neutral,True
2026-06-19,USDJPY,0.8610501949317739,Neutral,0.8341709307992202,Neutral,True,0.8341709307992202,Neutral,True,0.8341709307992204,Neutral,True,0.8341709307992202,Neutral,True
2026-06-19,USDCHF,2.511817226890756,Bullish,2.5367375324886288,Bullish,True,2.5367375324886288,Bullish,True,2.58347547108512,Bullish,True,,,False
2026-06-19,USDCAD,0.9438961988304093,Neutral,0.9172605994152048,Neutral,True,0.9172605994152048,Neutral,True,0.9172605994152048,Neutral,True,0.9172605994152048,Neutral,True
2026-06-19,AUDUSD,-1.4897051656920075,Bearish,-1.5234984161793368,Bearish,True,-1.5234984161793368,Bearish,True,-1.5234984161793368,Bearish,True,-1.5234984161793368,Bearish,True
2026-06-19,NZDUSD,0.6394432773109242,Neutral,0.6206698749187783,Neutral,True,0.6206698749187783,Neutral,True,0.5739319363222872,Neutral,True,,,False
2026-06-19,EURGBP,-0.6666666666666667,Neutral,-0.6793372319688109,Neutral,True,-0.6793372319688109,Neutral,True,-0.6793372319688109,Neutral,True,-0.6793372319688109,Neutral,True
2026-06-19,EURJPY,0.8333333333333335,Neutral,0.8601364522417155,Neutral,True,0.8601364522417155,Neutral,True,0.8601364522417155,Neutral,True,0.8601364522417155,Neutral,True
2026-06-19,EURCHF,2.519106407995297,Bullish,2.562703053931124,Bullish,True,2.562703053931124,Bullish,True,2.535006497725796,Bullish,True,,,False
2026-06-19,EURAUD,1.5833333333333335,Bullish,1.5494639376218322,Bullish,True,1.5494639376218322,Bullish,True,1.5494639376218322,Bullish,True,1.5494639376218322,Bullish,True
2026-06-19,EURNZD,-1.7666078777189886,Bearish,-1.6210201429499673,Bearish,True,-1.6210201429499673,Bearish,True,-1.6487166991552957,Bearish,True,,,False
2026-06-19,EURCAD,0.9166666666666666,Neutral,0.9432261208576999,Neutral,True,0.9432261208576999,Neutral,True,0.9432261208576997,Neutral,True,0.9432261208576999,Neutral,True
2026-06-19,GBPJPY,1.0,Neutral,1.0263157894736843,Neutral,True,1.0263157894736843,Neutral,True,1.0263157894736843,Neutral,True,1.0263157894736843,Neutral,True
2026-06-19,GBPCHF,3.239271017048795,Very Bullish,3.2420402858999346,Very Bullish,True,3.2420402858999346,Very Bullish,True,4.432992202729045,Very Bullish,True,,,False
2026-06-19,GBPAUD,1.7499999999999996,Bullish,1.715643274853801,Bullish,True,1.715643274853801,Bullish,True,1.715643274853801,Bullish,True,1.715643274853801,Bullish,True
2026-06-19,GBPNZD,-0.4908877131099351,Neutral,-0.42852501624431427,Neutral,True,-0.42852501624431427,Neutral,True,0.7624269005847952,Neutral,True,,,False
2026-06-19,GBPCAD,1.5833333333333333,Bullish,1.622563352826511,Bullish,True,1.622563352826511,Bullish,True,1.622563352826511,Bullish,True,1.622563352826511,Bullish,True
2026-06-19,AUDJPY,-1.7499999999999996,Bearish,-1.715643274853801,Bearish,True,-1.715643274853801,Bearish,True,-1.715643274853801,Bearish,True,-1.715643274853801,Bearish,True
2026-06-19,NZDJPY,2.157554379776602,Bullish,1.9679987004548407,Bullish,True,1.9679987004548407,Bullish,True,1.3586744639376218,Bullish,True,,,False
2026-06-19,CADJPY,0.41666666666666674,Neutral,0.43006822612085777,Neutral,True,0.43006822612085777,Neutral,True,0.4300682261208578,Neutral,True,0.43006822612085777,Neutral,True
2026-06-19,CHFJPY,-1.5726043503821279,Bearish,-1.7025666016894083,Bearish,True,-1.7025666016894083,Bearish,True,-2.311890838206627,Bearish,True,,,False
2026-06-19,AUDNZD,-2.651381540270429,Bearish,-2.6573261858349575,Bearish,True,-2.6573261858349575,Bearish,True,-2.048001949317739,Bearish,True,,,False
2026-06-19,AUDCAD,-1.1666666666666665,Neutral,-1.1193957115009743,Neutral,True,-1.1193957115009743,Neutral,True,-1.1193957115009743,Neutral,True,-1.1193957115009743,Neutral,True
2026-06-19,AUDCHF,1.078777189888301,Neutral,1.013239116309292,Neutral,True,1.013239116309292,Neutral,True,1.6225633528265113,Bullish,True,,,False
2026-06-19,NZDCAD,2.795414462081129,Bullish,2.564246263807667,Bullish,True,2.564246263807667,Bullish,True,1.9826185834957764,Bullish,True,,,False
2026-06-19,NZDCHF,4.374999999999999,Very Bullish,4.1837231968810915,Very Bullish,True,4.1837231968810915,Very Bullish,True,4.1837231968810915,Very Bullish,True,,,False
2026-06-19,CADCHF,0.9347442680776014,Neutral,1.1063190383365822,Neutral,True,1.1063190383365822,Neutral,True,1.6879467186484731,Bullish,True,,,False
2026-06-26,EURUSD,-1.8015960038986356,Bearish,-1.7627771686159843,Bearish,True,-1.7627771686159843,Bearish,True,-1.7627771686159843,Bearish,True,-1.7627771686159843,Bearish,True
2026-06-26,GBPUSD,0.038072612085770244,Neutral,0.05289047270955184,Neutral,True,0.05289047270955184,Neutral,True,0.05289047270955184,Neutral,True,0.05289047270955184,Neutral,True
2026-06-26,USDJPY,0.26894493177387907,Neutral,0.225618299220273,Neutral,True,0.225618299220273,Neutral,True,0.225618299220273,Neutral,True,0.225618299220273,Neutral,True
2026-06-26,USDCHF,2.5643382352941173,Bullish,2.661372035412606,Bullish,True,2.661372035412606,Bullish,True,2.8327444769330734,Bullish,True,,,False
2026-06-26,USDCAD,1.3459429824561404,Bullish,1.3057839912280702,Bullish,True,1.3057839912280702,Bullish,True,1.3057839912280702,Bullish,True,1.3057839912280702,Bullish,True
2026-06-26,AUDUSD,-1.3118299220272902,Bearish,-1.3303941276803117,Bearish,True,-1.3303941276803117,Bearish,True,-1.3303941276803117,Bearish,True,-1.3303941276803117,Bearish,True
2026-06-26,NZDUSD,0.2717962184873948,Neutral,0.24676636614684844,Neutral,True,0.24676636614684844,Neutral,True,0.0753939246263806,Neutral,True,,,False
2026-06-26,EURGBP,-2.291666666666667,Bearish,-2.3288255360623786,Bearish,True,-2.3288255360623786,Bearish,True,-2.3288255360623786,Bearish,True,-2.3288255360623786,Bearish,True
2026-06-26,EURJPY,-1.0416666666666665,Neutral,-1.0240009746588694,Neutral,True,-1.0240009746588694,Neutral,True,-1.0240009746588694,Neutral,True,-1.0240009746588694,Neutral,True
2026-06-26,EURCHF,2.325102880658436,Bullish,2.438068551007148,Bullish,True,2.438068551007148,Bullish,True,2.950454840805718,Bullish,True,,,False
2026-06-26,EURAUD,0.6249999999999998,Neutral,0.5939327485380113,Neutral,True,0.5939327485380113,Neutral,True,0.5939327485380113,Neutral,True,0.5939327485380113,Neutral,True
2026-06-26,EURNZD,-0.5320399764844209,Neutral,-0.47006985055230643,Neutral,True,-0.47006985055230643,Neutral,True,0.042316439246264076,Neutral,True,,,False
2026-06-26,EURCAD,0.04166666666666674,Neutral,0.05616471734892803,Neutral,True,0.05616471734892803,Neutral,True,0.05616471734892803,Neutral,True,0.05616471734892803,Neutral,True
2026-06-26,GBPJPY,-0.24999999999999956,Neutral,-0.23464912280701705,Neutral,True,-0.23464912280701705,Neutral,True,-0.23464912280701705,Neutral,True,-0.23464912280701705,Neutral,True
2026-06-26,GBPCHF,3.6625514403292185,Very Bullish,3.7405782975958424,Very Bullish,True,3.7405782975958424,Very Bullish,True,3.9344541910331383,Very Bullish,True,,,False
2026-06-26,GBPAUD,1.4166666666666665,Bullish,1.383284600389863,Bullish,True,1.383284600389863,Bullish,True,1.383284600389863,Bullish,True,1.383284600389863,Bullish,True
2026-06-26,GBPNZD,0.2498530276308058,Neutral,0.3192820012995456,Neutral,True,0.3192820012995456,Neutral,True,0.5131578947368421,Neutral,True,,,False
2026-06-26,GBPCAD,1.8333333333333337,Bullish,1.8718323586744645,Bullish,True,1.8718323586744645,Bullish,True,1.8718323586744645,Bullish,True,1.8718323586744645,Bullish,True
2026-06-26,AUDJPY,-2.166666666666666,Bearish,-2.131091617933723,Bearish,True,-2.131091617933723,Bearish,True,-2.131091617933723,Bearish,True,-2.131091617933723,Bearish,True
2026-06-26,NZDJPY,0.12051734273956505,Neutral,-0.040773229369720373,Neutral,True,-0.040773229369720373,Neutral,True,0.18079922027290446,Neutral,True,,,False
2026-06-26,CADJPY,-0.583333333333333,Neutral,-0.5670077972709551,Neutral,True,-0.5670077972709551,Neutral,True,-0.5670077972709551,Neutral,True,-0.5670077972709551,Neutral,True
2026-06-26,CHFJPY,-2.736625514403292,Bearish,-2.9489116309291745,Bearish,True,-2.9489116309291745,Bearish,True,-2.72733918128655,Bearish,True,,,False
2026-06-26,AUDNZD,-1.5814226925338037,Bearish,-1.5771604938271602,Bearish,True,-1.5771604938271602,Bearish,True,-1.355588044184535,Bearish,True,,,False
2026-06-26,AUDCAD,-1.0833333333333335,Neutral,-1.0509259259259258,Neutral,True,-1.0509259259259258,Neutral,True,-1.0509259259259258,Neutral,True,-1.0509259259259258,Neutral,True
2026-06-26,AUDCHF,1.2757201646090537,Neutral,1.330977907732294,Bullish,True,1.330977907732294,Bullish,True,1.5525503573749195,Bullish,True,,,False
2026-06-26,NZDCAD,0.6349206349206349,Neutral,0.5262345679012346,Neutral,True,0.5262345679012346,Neutral,True,-0.22157244964262507,Neutral,True,,,False
2026-06-26,NZDCHF,2.1875,Bullish,2.3949805068226118,Bullish,True,2.3949805068226118,Bullish,True,2.3949805068226118,Bullish,True,,,False
2026-06-26,CADCHF,1.1111111111111112,Neutral,1.3555880441845356,Bullish,True,1.3555880441845356,Bullish,True,2.1033950617283947,Bullish,True,,,False
2026-07-03,EURUSD,-2.4022295321637426,Bearish,-2.3651772660818713,Bearish,True,-2.3651772660818713,Bearish,True,-2.3651772660818713,Bearish,True,-2.3651772660818713,Bearish,True
2026-07-03,GBPUSD,-0.7696759259259258,Neutral,-0.7572337962962963,Neutral,True,-0.7572337962962963,Neutral,True,-0.7572337962962963,Neutral,True,-0.7572337962962963,Neutral,True
2026-07-03,USDJPY,1.1181164717348928,Neutral,1.077287402534113,Neutral,True,1.077287402534113,Neutral,True,1.077287402534113,Neutral,True,1.077287402534113,Neutral,True
2026-07-03,USDCHF,4.2397584033613445,Very Bullish,4.1239085851202075,Very Bullish,True,4.1239085851202075,Very Bullish,True,3.609791260558805,Very Bullish,True,,,False
2026-07-03,USDCAD,0.3725024366471738,Neutral,0.3294803849902538,Neutral,True,0.3294803849902538,Neutral,True,0.3294803849902538,Neutral,True,0.3294803849902538,Neutral,True
2026-07-03,AUDUSD,-1.4982334307992202,Bearish,-1.5173458820662766,Bearish,True,-1.5173458820662766,Bearish,True,-1.5173458820662766,Bearish,True,-1.5173458820662766,Bearish,True
2026-07-03,NZDUSD,-0.5002626050420169,Neutral,-0.4533432829759586,Neutral,True,-0.4533432829759586,Neutral,True,0.060774041585445054,Neutral,True,,,False
2026-07-03,EURGBP,-2.083333333333333,Bearish,-2.121101364522417,Bearish,True,-2.121101364522417,Bearish,True,-2.121101364522417,Bearish,True,-2.121101364522417,Bearish,True
2026-07-03,EURJPY,-0.7916666666666667,Neutral,-0.7747319688109161,Neutral,True,-0.7747319688109161,Neutral,True,-0.7747319688109161,Neutral,True,-0.7747319688109161,Neutral,True
2026-07-03,EURCHF,1.1199294532627866,Neutral,1.2455734243014946,Neutral,True,1.2455734243014946,Neutral,True,1.7025666016894083,Bullish,True,,,False
2026-07-03,EURAUD,0.20833333333333326,Neutral,0.17848440545808933,Neutral,True,0.17848440545808933,Neutral,True,0.17848440545808933,Neutral,True,0.17848440545808933,Neutral,True
2026-07-03,EURNZD,-0.9435626102292767,Neutral,-0.8855181936322285,Neutral,True,-0.8855181936322285,Neutral,True,-0.42852501624431427,Neutral,True,,,False
2026-07-03,EURCAD,-1.541666666666666,Bearish,-1.5225389863547754,Bearish,True,-1.5225389863547754,Bearish,True,-1.5225389863547754,Bearish,True,-1.5225389863547754,Bearish,True
2026-07-03,GBPJPY,0.29166666666666674,Neutral,0.320053606237817,Neutral,True,0.320053606237817,Neutral,True,0.320053606237817,Neutral,True,0.320053606237817,Neutral,True
2026-07-03,GBPCHF,3.9182833627278075,Very Bullish,3.8798326835607537,Very Bullish,True,3.8798326835607537,Very Bullish,True,4.530701754385966,Very Bullish,True,,,False
2026-07-03,GBPAUD,1.2916666666666665,Neutral,1.2732699805068226,Neutral,True,1.2732699805068226,Neutral,True,1.2732699805068226,Neutral,True,1.2732699805068226,Neutral,True
2026-07-03,GBPNZD,-0.36743092298647834,Neutral,-0.3038905133203378,Neutral,True,-0.3038905133203378,Neutral,True,0.3469785575048736,Neutral,True,,,False
2026-07-03,GBPCAD,0.04166666666666696,Neutral,0.08540448343079962,Neutral,True,0.08540448343079962,Neutral,True,0.08540448343079962,Neutral,True,0.08540448343079962,Neutral,True
2026-07-03,AUDJPY,-2.0,Bearish,-1.9795321637426901,Bearish,True,-1.9795321637426901,Bearish,True,-1.9795321637426901,Bearish,True,-1.9795321637426901,Bearish,True
2026-07-03,NZDJPY,0.7789535567313344,Neutral,0.6239441195581545,Neutral,True,0.6239441195581545,Neutral,True,0.4023716699155295,Neutral,True,,,False
2026-07-03,CADJPY,0.7499999999999997,Neutral,0.7478070175438594,Neutral,True,0.7478070175438594,Neutral,True,0.7478070175438594,Neutral,True,0.7478070175438594,Neutral,True
2026-07-03,CHFJPY,-2.3956496178718396,Bearish,-2.533463287849253,Bearish,True,-2.533463287849253,Bearish,True,-2.7550357374918777,Bearish,True,,,False
2026-07-03,AUDNZD,-2.1369782480893593,Bearish,-2.090318388564002,Bearish,True,-2.090318388564002,Bearish,True,-1.8687459389213772,Bearish,True,,,False
2026-07-03,AUDCAD,-2.2499999999999996,Bearish,-2.2141812865497066,Bearish,True,-2.2141812865497066,Bearish,True,-2.2141812865497066,Bearish,True,-2.2141812865497066,Bearish,True
2026-07-03,AUDCHF,1.0376249265138155,Neutral,1.0670890188434048,Neutral,True,1.0670890188434048,Neutral,True,1.28866146848603,Neutral,True,,,False
2026-07-03,NZDCAD,0.5937683715461495,Neutral,0.3892949967511373,Neutral,True,0.3892949967511373,Neutral,True,-0.08154645873944075,Neutral,True,,,False
2026-07-03,NZDCHF,2.4999999999999996,Bullish,2.644249512670565,Bullish,True,2.644249512670565,Bullish,True,2.644249512670565,Bullish,True,,,False
2026-07-03,CADCHF,2.5808348030570256,Bullish,2.76811241065627,Bullish,True,2.76811241065627,Bullish,True,3.2389538661468475,Very Bullish,True,,,False
2026-07-10,EURUSD,-1.6566154970760236,Bearish,-1.6173702485380117,Bearish,True,-1.6173702485380117,Bearish,True,-1.6173702485380117,Bearish,True,-1.6173702485380117,Bearish,True
2026-07-10,GBPUSD,0.005177875243664766,Neutral,0.005193104288499073,Neutral,True,0.005193104288499073,Neutral,True,0.005193104288499073,Neutral,True,0.005193104288499073,Neutral,True
2026-07-10,USDJPY,0.6683298319327733,Neutral,0.6064459470435348,Neutral,True,0.6064459470435348,Neutral,True,0.09232862248213114,Neutral,True,,,False
2026-07-10,USDCHF,2.664128151260505,Bullish,2.5452048814165047,Bullish,True,2.5452048814165047,Bullish,True,2.031087556855101,Bullish,True,,,False
2026-07-10,USDCAD,0.3725024366471738,Neutral,0.3294803849902538,Neutral,True,0.3294803849902538,Neutral,True,0.3294803849902538,Neutral,True,0.3294803849902538,Neutral,True
2026-07-10,AUDUSD,-1.5274731968810915,Bearish,-1.5319657651072125,Bearish,True,-1.5319657651072125,Bearish,True,-1.5319657651072125,Bearish,True,-1.5319657651072125,Bearish,True
2026-07-10,NZDUSD,-1.088497899159664,Neutral,-0.9665011777128008,Neutral,True,-0.9665011777128008,Neutral,True,-0.4523838531513971,Neutral,True,,,False
2026-07-10,EURGBP,-1.5833333333333335,Bearish,-1.622563352826511,Bearish,True,-1.622563352826511,Bearish,True,-1.622563352826511,Bearish,True,-1.622563352826511,Bearish,True
2026-07-10,EURJPY,-0.6261022927689595,Neutral,-0.4977664067576349,Neutral,True,-0.4977664067576349,Neutral,True,-0.5393112410656269,Neutral,True,,,False
2026-07-10,EURCHF,1.384479717813051,Bullish,1.4409925276153346,Bullish,True,1.4409925276153346,Bullish,True,1.3994476933073428,Bullish,True,,,False
2026-07-10,EURAUD,0.9583333333333333,Neutral,0.9409113060428849,Neutral,True,0.9409113060428849,Neutral,True,0.9409113060428849,Neutral,True,0.9409113060428849,Neutral,True
2026-07-10,EURNZD,-1.8694885361552027,Bearish,-1.6771848602988957,Bearish,True,-1.6771848602988957,Bearish,True,-1.7187296946068873,Bearish,True,,,False
2026-07-10,EURCAD,-0.2916666666666665,Neutral,-0.26157407407407374,Neutral,True,-0.26157407407407374,Neutral,True,-0.26157407407407374,Neutral,True,-0.26157407407407374,Neutral,True
2026-07-10,GBPJPY,0.011757789535567558,Neutral,0.09848115659519188,Neutral,True,0.09848115659519188,Neutral,True,0.1677225471085121,Neutral,True,,,False
2026-07-10,GBPCHF,2.5778953556731334,Bullish,2.5503979857050036,Bullish,True,2.5503979857050036,Bullish,True,2.619639376218324,Bullish,True,,,False
2026-07-10,GBPAUD,1.5416666666666665,Bullish,1.5371588693957114,Bullish,True,1.5371588693957114,Bullish,True,1.5371588693957114,Bullish,True,1.5371588693957114,Bullish,True
2026-07-10,GBPNZD,0.9905937683715464,Neutral,0.9716942820012998,Neutral,True,0.9716942820012998,Neutral,True,1.04093567251462,Neutral,True,,,False
2026-07-10,GBPCAD,0.29166666666666696,Neutral,0.33467348927875307,Neutral,True,0.33467348927875307,Neutral,True,0.33467348927875307,Neutral,True,0.33467348927875307,Neutral,True
2026-07-10,AUDJPY,-2.066431510875955,Bearish,-1.951835607537362,Bearish,True,-1.951835607537362,Bearish,True,-2.228801169590643,Bearish,True,,,False
2026-07-10,NZDJPY,0.8333333333333331,Neutral,0.6662605588044184,Neutral,True,0.6662605588044184,Neutral,True,0.6662605588044184,Neutral,True,,,False
2026-07-10,CADJPY,0.0940623162845383,Neutral,0.276965562053281,Neutral,True,0.276965562053281,Neutral,True,0.747807017543859,Neutral,True,,,False
2026-07-10,CHFJPY,-1.3541666666666665,Bearish,-1.4256010396361274,Bearish,True,-1.4256010396361274,Bearish,True,-1.4256010396361274,Bearish,True,,,False
2026-07-10,AUDNZD,-1.6431510875955315,Bearish,-1.5917803768680958,Bearish,True,-1.5917803768680958,Bearish,True,-1.8687459389213772,Bearish,True,,,False
2026-07-10,AUDCAD,-1.7499999999999996,Bearish,-1.715643274853801,Bearish,True,-1.715643274853801,Bearish,True,-1.715643274853801,Bearish,True,-1.715643274853801,Bearish,True
2026-07-10,AUDCHF,0.49970605526161094,Neutral,0.5000812215724499,Neutral,True,0.5000812215724499,Neutral,True,0.2231156595191687,Neutral,True,,,False
2026-07-10,NZDCAD,0.5937683715461495,Neutral,0.3892949967511373,Neutral,True,0.3892949967511373,Neutral,True,-0.08154645873944075,Neutral,True,,,False
2026-07-10,NZDCHF,2.8125,Bullish,2.6050194931773873,Bullish,True,2.6050194931773873,Bullish,True,2.6050194931773873,Bullish,True,,,False
2026-07-10,CADCHF,1.5490887713109933,Bullish,1.7025666016894083,Bullish,True,1.7025666016894083,Bullish,True,2.1734080571799863,Bullish,True,,,False
2026-07-17,EURUSD,-1.190606725146199,Neutral,-1.1499908625730997,Neutral,True,-1.1499908625730997,Neutral,True,-1.1499908625730997,Neutral,True,-1.1499908625730997,Neutral,True
2026-07-17,GBPUSD,1.4653386939571156,Bullish,1.4696485136452249,Bullish,True,1.4696485136452249,Bullish,True,1.469648513645224,Bullish,True,1.4696485136452249,Bullish,True
2026-07-17,USDJPY,0.20877100840336116,Neutral,0.1390665610786225,Neutral,True,0.1390665610786225,Neutral,True,-0.530843892137752,Neutral,True,,,False
2026-07-17,USDCHF,1.5743172268907561,Bullish,1.413108146523717,Bullish,True,1.413108146523717,Bullish,True,0.7431976933073425,Neutral,True,,,False
2026-07-17,USDCAD,0.652107699805068,Neutral,0.6099080165692008,Neutral,True,0.6099080165692008,Neutral,True,0.609908016569201,Neutral,True,0.6099080165692008,Neutral,True
2026-07-17,AUDUSD,-1.061464424951267,Neutral,-1.0645863791423003,Neutral,True,-1.0645863791423003,Neutral,True,-1.0645863791423003,Neutral,True,-1.0645863791423003,Neutral,True
2026-07-17,NZDUSD,1.135766806722689,Neutral,1.0403518924626378,Neutral,True,1.0403518924626378,Neutral,True,1.7102623456790123,Bullish,True,,,False
2026-07-17,EURGBP,-2.5833333333333335,Bearish,-2.619639376218324,Bearish,True,-2.619639376218324,Bearish,True,-2.619639376218324,Bearish,True,-2.619639376218324,Bearish,True
2026-07-17,EURJPY,-0.07054673721340388,Neutral,0.015391487979207252,Neutral,True,0.015391487979207252,Neutral,True,-0.5246913580246914,Neutral,True,,,False
2026-07-17,EURCHF,0.7495590828924164,Neutral,0.7762751786874594,Neutral,True,0.7762751786874594,Neutral,True,0.23619233268356082,Neutral,True,,,False
2026-07-17,EURAUD,0.9583333333333333,Neutral,0.9409113060428849,Neutral,True,0.9409113060428849,Neutral,True,0.9409113060428849,Neutral,True,0.9409113060428849,Neutral,True
2026-07-17,EURNZD,-1.8694885361552027,Bearish,-1.6771848602988957,Bearish,True,-1.6771848602988957,Bearish,True,-2.217267706302794,Bearish,True,,,False
2026-07-17,EURCAD,-0.5416666666666667,Neutral,-0.5400828460038987,Neutral,True,-0.5400828460038987,Neutral,True,-0.5400828460038987,Neutral,True,-0.5400828460038987,Neutral,True
2026-07-17,GBPJPY,0.9994121105232219,Neutral,1.0955571799870047,Neutral,True,1.0955571799870047,Neutral,True,0.1677225471085121,Neutral,True,,,False
2026-07-17,GBPCHF,2.9306290417401533,Bullish,2.8827566601689414,Bullish,True,2.8827566601689414,Bullish,True,1.9549220272904486,Bullish,True,,,False
2026-07-17,GBPAUD,2.541666666666667,Bullish,2.5342348927875245,Bullish,True,2.5342348927875245,Bullish,True,2.5342348927875236,Bullish,True,2.5342348927875245,Bullish,True
2026-07-17,GBPNZD,1.4226925338036454,Bullish,1.4556124106562707,Bullish,True,1.4556124106562707,Bullish,True,0.5277777777777779,Neutral,True,,,False
2026-07-17,GBPCAD,2.041666666666667,Bullish,2.079556530214425,Bullish,True,2.079556530214425,Bullish,True,2.0795565302144245,Bullish,True,2.079556530214425,Bullish,True
2026-07-17,AUDJPY,-1.5108759553203996,Bearish,-1.4386777128005197,Bearish,True,-1.4386777128005197,Bearish,True,-1.715643274853801,Bearish,True,,,False
2026-07-17,NZDJPY,0.8333333333333331,Neutral,0.6662605588044184,Neutral,True,0.6662605588044184,Neutral,True,0.6662605588044184,Neutral,True,,,False
2026-07-17,CADJPY,-0.09112286890064665,Neutral,0.04231643924626373,Neutral,True,0.04231643924626373,Neutral,True,0.26388888888888884,Neutral,True,,,False
2026-07-17,CHFJPY,-1.3541666666666665,Bearish,-1.2740415854450942,Neutral,True,-1.2740415854450942,Neutral,True,-1.2740415854450942,Neutral,True,,,False
2026-07-17,AUDNZD,-1.6431510875955315,Bearish,-1.5917803768680958,Bearish,True,-1.5917803768680958,Bearish,True,-1.8687459389213772,Bearish,True,,,False
2026-07-17,AUDCAD,-1.5,Bearish,-1.4809941520467838,Bearish,True,-1.4809941520467838,Bearish,True,-1.4809941520467838,Bearish,True,-1.4809941520467838,Bearish,True
2026-07-17,AUDCHF,-0.13521457965902378,Neutral,-0.16463612735542538,Neutral,True,-0.16463612735542538,Neutral,True,-0.4416016894087067,Neutral,True,,,False
2026-07-17,NZDCAD,1.33450911228689,Bullish,1.1371020142949968,Neutral,True,1.1371020142949968,Neutral,True,0.9155295646523716,Neutral,True,,,False
2026-07-17,NZDCHF,2.1875,Bullish,1.9403021442495125,Bullish,True,1.9403021442495125,Bullish,True,1.9403021442495125,Bullish,True,,,False
2026-07-17,CADCHF,1.284538506760729,Neutral,1.316358024691358,Bullish,True,1.316358024691358,Bullish,True,1.537930474333983,Bullish,True,,,False
2026-07-21,EURUSD,0.11421783625730991,Neutral,0.15867141812865473,Neutral,True,0.15867141812865473,Neutral,True,0.15867141812865473,Neutral,True,0.15867141812865473,Neutral,True
2026-07-21,GBPUSD,0.9719176413255366,Neutral,1.0041879873294348,Neutral,True,1.0041879873294348,Neutral,True,1.0041879873294344,Neutral,True,1.0041879873294348,Neutral,True
2026-07-21,USDJPY,-0.34269957983193294,Neutral,-0.4217887020792721,Neutral,True,-0.4217887020792721,Neutral,True,-0.530843892137752,Neutral,True,,,False
2026-07-21,USDCHF,0.7077205882352943,Neutral,0.5198942089018845,Neutral,True,0.5198942089018845,Neutral,True,0.410839018843405,Neutral,True,,,False
2026-07-21,USDCAD,0.5899731968810916,Neutral,0.5475907651072127,Neutral,True,0.5475907651072127,Neutral,True,0.5475907651072127,Neutral,True,0.5475907651072127,Neutral,True
2026-07-21,AUDUSD,-0.2537158869395711,Neutral,-0.2544621101364522,Neutral,True,-0.2544621101364522,Neutral,True,-0.2544621101364522,Neutral,True,-0.2544621101364522,Neutral,True
2026-07-21,NZDUSD,2.002363445378151,Bullish,1.8504761614684857,Bullish,True,1.8504761614684857,Bullish,True,1.9595313515269652,Bullish,True,,,False
2026-07-21,EURGBP,-1.8333333333333335,Bearish,-1.8718323586744638,Bearish,True,-1.8718323586744638,Bearish,True,-1.8718323586744636,Bearish,True,-1.8718323586744638,Bearish,True
2026-07-21,EURJPY,0.670194003527337,Neutral,0.7631985055230671,Neutral,True,0.7631985055230671,Neutral,True,-0.27542235217673816,Neutral,True,,,False
2026-07-21,EURCHF,1.1728395061728398,Neutral,1.1917235217673818,Neutral,True,1.1917235217673818,Neutral,True,0.15310266406757642,Neutral,True,,,False
2026-07-21,EURAUD,0.9583333333333335,Neutral,0.9262914230019493,Neutral,True,0.9262914230019493,Neutral,True,0.9262914230019493,Neutral,True,0.9262914230019493,Neutral,True
2026-07-21,EURNZD,-1.4462081128747795,Bearish,-1.1786468486029886,Neutral,True,-1.1786468486029886,Neutral,True,-2.217267706302794,Bearish,True,,,False
2026-07-21,EURCAD,0.7083333333333335,Neutral,0.7062621832358675,Neutral,True,0.7062621832358675,Neutral,True,0.7062621832358675,Neutral,True,0.7062621832358675,Neutral,True
2026-07-21,GBPJPY,0.9994121105232219,Neutral,1.0955571799870047,Neutral,True,1.0955571799870047,Neutral,True,0.1677225471085121,Neutral,True,,,False
2026-07-21,GBPCHF,2.6131687242798356,Bullish,2.5503979857050036,Bullish,True,2.5503979857050036,Bullish,True,1.622563352826511,Bullish,True,,,False
2026-07-21,GBPAUD,2.291666666666667,Bullish,2.2849658869395713,Bullish,True,2.2849658869395713,Bullish,True,2.284965886939571,Bullish,True,2.2849658869395713,Bullish,True
2026-07-21,GBPNZD,-0.005878894767783372,Neutral,0.18002761533463324,Neutral,True,0.18002761533463324,Neutral,True,-0.7478070175438595,Neutral,True,,,False
2026-07-21,GBPCAD,2.541666666666667,Bullish,2.5780945419103314,Bullish,True,2.5780945419103314,Bullish,True,2.5780945419103314,Bullish,True,2.5780945419103314,Bullish,True
2026-07-21,AUDJPY,-1.2639623750734859,Neutral,-1.1894087069525667,Neutral,True,-1.1894087069525667,Neutral,True,-1.466374269005848,Bearish,True,,,False
2026-07-21,NZDJPY,1.1458333333333333,Neutral,0.9155295646523715,Neutral,True,0.9155295646523715,Neutral,True,0.9155295646523715,Neutral,True,,,False
2026-07-21,CADJPY,-0.5849500293944739,Neutral,-0.4562215724496426,Neutral,True,-0.4562215724496426,Neutral,True,-0.4008284600389863,Neutral,True,,,False
2026-07-21,CHFJPY,-1.0416666666666665,Neutral,-0.9416829109811569,Neutral,True,-0.9416829109811569,Neutral,True,-0.9416829109811569,Neutral,True,,,False
2026-07-21,AUDNZD,-1.713697824808936,Bearish,-1.5917803768680958,Bearish,True,-1.5917803768680958,Bearish,True,-1.8687459389213772,Bearish,True,,,False
2026-07-21,AUDCAD,-0.25,Neutral,-0.22002923976608188,Neutral,True,-0.22002923976608188,Neutral,True,-0.22002923976608188,Neutral,True,-0.22002923976608188,Neutral,True
2026-07-21,AUDCHF,-0.2057613168724279,Neutral,-0.24772579597140998,Neutral,True,-0.24772579597140998,Neutral,True,-0.5246913580246908,Neutral,True,,,False
2026-07-21,NZDCAD,2.1457965902410345,Bullish,1.8849090318388562,Bullish,True,1.8849090318388562,Bullish,True,1.8295159194281998,Bullish,True,,,False
2026-07-21,NZDCHF,2.1875,Bullish,1.8572124756335282,Bullish,True,1.8572124756335282,Bullish,True,1.8572124756335282,Bullish,True,,,False
2026-07-21,CADCHF,0.4732510288065844,Neutral,0.485461338531514,Neutral,True,0.485461338531514,Neutral,True,0.5408544509421702,Neutral,True,,,False
