week,symbol,board,score_v2,bias_v2,score_v3,z_v3,bias_v3
2023-09-22 21:00:00,US-DOLLAR,fx,0.788179,Neutral,1.453953,0.872721,Bullish
2023-09-22 21:00:00,EURUSD,fx,0.251950,Neutral,-0.881763,-0.533432,Neutral
2023-09-22 21:00:00,GBPUSD,fx,-1.649385,Bearish,-1.639719,-0.821502,Bearish
2023-09-22 21:00:00,USDJPY,fx,0.220650,Neutral,2.300196,0.761906,Bullish
2023-09-22 21:00:00,USDCHF,fx,2.117925,Very Bullish,4.824694,1.709672,Very Bullish
2023-09-22 21:00:00,USDCAD,fx,-0.694745,Neutral,-0.729810,-0.401656,Neutral
2023-09-22 21:00:00,AUDUSD,fx,-1.092957,Bearish,-2.682585,-1.219911,Bearish
2023-09-22 21:00:00,NZDUSD,fx,-0.406775,Neutral,-0.594193,-0.384840,Neutral
2023-09-22 21:00:00,EURGBP,fx,1.862913,Bullish,0.757956,0.383775,Neutral
2023-09-22 21:00:00,EURJPY,fx,0.483260,Neutral,1.418433,0.525930,Neutral
2023-09-22 21:00:00,EURCHF,fx,2.155365,Very Bullish,3.942932,1.584143,Very Bullish
2023-09-22 21:00:00,EURAUD,fx,1.288418,Bullish,1.800822,0.907672,Bullish
2023-09-22 21:00:00,EURNZD,fx,0.452180,Neutral,-0.287569,-0.188818,Neutral
2023-09-22 21:00:00,EURCAD,fx,-0.465173,Neutral,-1.611572,-0.887919,Bearish
2023-09-22 21:00:00,GBPJPY,fx,-1.345318,Bearish,0.660477,0.213195,Neutral
2023-09-22 21:00:00,GBPCHF,fx,1.129212,Bullish,3.184976,1.003774,Bullish
2023-09-22 21:00:00,GBPAUD,fx,-0.725386,Neutral,1.042866,0.558878,Neutral
2023-09-22 21:00:00,GBPNZD,fx,-0.581938,Neutral,-1.045526,-0.565149,Neutral
2023-09-22 21:00:00,GBPCAD,fx,-2.397721,Very Bearish,-2.369529,-1.042926,Bearish
2023-09-22 21:00:00,AUDJPY,fx,-0.791471,Neutral,-0.382389,-0.153508,Neutral
2023-09-22 21:00:00,NZDJPY,fx,-0.269888,Neutral,1.706003,0.598808,Neutral
2023-09-22 21:00:00,CADJPY,fx,0.926021,Bullish,3.030005,1.172149,Bullish
2023-09-22 21:00:00,CHFJPY,fx,-1.981038,Very Bearish,-2.524499,-1.272429,Bearish
2023-09-22 21:00:00,AUDNZD,fx,-0.847272,Neutral,-2.088391,-1.201606,Bearish
2023-09-22 21:00:00,AUDCAD,fx,-1.921212,Bearish,-3.412394,-1.619551,Very Bearish
2023-09-22 21:00:00,AUDCHF,fx,0.863878,Neutral,2.142110,0.812945,Bullish
2023-09-22 21:00:00,NZDCAD,fx,-1.318307,Bearish,-1.324003,-0.818802,Bearish
2023-09-22 21:00:00,NZDCHF,fx,1.711150,Bullish,4.230501,1.555903,Very Bullish
2023-09-22 21:00:00,CADCHF,fx,3.029457,Very Bullish,5.554504,2.364625,Very Bullish
2023-09-22 21:00:00,DJIA,cross,-0.939687,Neutral,-0.824235,-0.475063,Neutral
2023-09-22 21:00:00,SP500,cross,-0.939687,Neutral,-0.824235,-0.475063,Neutral
2023-09-22 21:00:00,NASDAQ,cross,-0.939687,Neutral,-0.824235,-0.475063,Neutral
2023-09-22 21:00:00,DAX,cross,-0.550650,Neutral,-0.324800,-0.178756,Neutral
2023-09-22 21:00:00,NIKKEI,cross,-3.935333,Very Bearish,-3.676629,-2.509644,Very Bearish
2023-09-22 21:00:00,FTSE100,cross,3.313569,Bullish,2.114544,1.127156,Bullish
2023-09-22 21:00:00,GOLD,cross,-0.544024,Neutral,-0.837505,-0.475046,Neutral
2023-09-22 21:00:00,SILVER,cross,-0.880407,Neutral,-0.985514,-0.560270,Neutral
2023-09-29 21:00:00,US-DOLLAR,fx,0.274714,Neutral,0.830494,0.498496,Neutral
2023-09-29 21:00:00,EURUSD,fx,-0.337837,Neutral,-1.753150,-1.060587,Bearish
2023-09-29 21:00:00,GBPUSD,fx,-1.039667,Bearish,-0.804753,-0.403183,Neutral
2023-09-29 21:00:00,USDJPY,fx,0.179492,Neutral,2.678284,0.887143,Bullish
2023-09-29 21:00:00,USDCHF,fx,1.829681,Bullish,4.201234,1.488744,Bullish
2023-09-29 21:00:00,USDCAD,fx,-0.608534,Neutral,-0.321802,-0.177106,Neutral
2023-09-29 21:00:00,AUDUSD,fx,-0.474701,Neutral,-2.059125,-0.936391,Bearish
2023-09-29 21:00:00,NZDUSD,fx,-0.118531,Neutral,0.029267,0.018955,Neutral
2023-09-29 21:00:00,EURGBP,fx,0.622467,Neutral,-0.948397,-0.480201,Neutral
2023-09-29 21:00:00,EURJPY,fx,-0.154347,Neutral,0.925134,0.343024,Neutral
2023-09-29 21:00:00,EURCHF,fx,0.990679,Bullish,2.448085,0.983562,Bullish
2023-09-29 21:00:00,EURAUD,fx,0.114321,Neutral,0.305975,0.154221,Neutral
2023-09-29 21:00:00,EURNZD,fx,-0.712507,Neutral,-1.782417,-1.170333,Bearish
2023-09-29 21:00:00,EURCAD,fx,-0.874067,Neutral,-2.074952,-1.143224,Bearish
2023-09-29 21:00:00,GBPJPY,fx,-0.784853,Neutral,1.873531,0.604755,Neutral
2023-09-29 21:00:00,GBPCHF,fx,1.256516,Bullish,3.396481,1.070432,Bullish
2023-09-29 21:00:00,GBPAUD,fx,-0.569522,Neutral,1.254372,0.672225,Neutral
2023-09-29 21:00:00,GBPNZD,fx,-0.454634,Neutral,-0.834020,-0.450822,Neutral
2023-09-29 21:00:00,GBPCAD,fx,-1.528156,Bearish,-1.126555,-0.495843,Neutral
2023-09-29 21:00:00,AUDJPY,fx,-0.316306,Neutral,0.619160,0.248559,Neutral
2023-09-29 21:00:00,NZDJPY,fx,0.047987,Neutral,2.707551,0.950351,Bullish
2023-09-29 21:00:00,CADJPY,fx,0.681669,Neutral,3.000087,1.160575,Bullish
2023-09-29 21:00:00,CHFJPY,fx,-1.663163,Bearish,-1.522950,-0.767616,Bearish
2023-09-29 21:00:00,AUDNZD,fx,-0.847272,Neutral,-2.088391,-1.201606,Bearish
2023-09-29 21:00:00,AUDCAD,fx,-1.015323,Bearish,-2.380927,-1.130008,Bearish
2023-09-29 21:00:00,AUDCHF,fx,0.863878,Neutral,2.142110,0.812945,Bullish
2023-09-29 21:00:00,NZDCAD,fx,-0.585801,Neutral,-0.292536,-0.180913,Neutral
2023-09-29 21:00:00,NZDCHF,fx,1.711150,Bullish,4.230501,1.555903,Very Bullish
2023-09-29 21:00:00,CADCHF,fx,2.296951,Very Bullish,4.523037,1.925516,Very Bullish
2023-09-29 21:00:00,DJIA,cross,-1.531313,Neutral,-0.930211,-0.536145,Neutral
2023-09-29 21:00:00,SP500,cross,-1.531313,Neutral,-0.930211,-0.536145,Neutral
2023-09-29 21:00:00,NASDAQ,cross,-1.531313,Neutral,-0.930211,-0.536145,Neutral
2023-09-29 21:00:00,DAX,cross,1.565928,Neutral,0.422740,0.232658,Neutral
2023-09-29 21:00:00,NIKKEI,cross,-3.121231,Bearish,-1.864390,-1.272621,Bearish
2023-09-29 21:00:00,FTSE100,cross,2.399870,Bullish,2.092834,1.115583,Bullish
2023-09-29 21:00:00,GOLD,cross,0.137337,Neutral,0.130630,0.074095,Neutral
2023-09-29 21:00:00,SILVER,cross,-0.871813,Neutral,-0.313396,-0.178167,Neutral
2023-10-06 21:00:00,US-DOLLAR,fx,1.689378,Bullish,2.549073,1.530056,Very Bullish
2023-10-06 21:00:00,EURUSD,fx,-1.698535,Bearish,-4.868836,-2.945455,Very Bearish
2023-10-06 21:00:00,GBPUSD,fx,-1.239166,Bearish,-2.430546,-1.217708,Bearish
2023-10-06 21:00:00,USDJPY,fx,0.407733,Neutral,3.884525,1.286693,Bullish
2023-10-06 21:00:00,USDCHF,fx,1.447525,Bullish,4.601310,1.630514,Very Bullish
2023-10-06 21:00:00,USDCAD,fx,-0.318659,Neutral,1.185271,0.652323,Neutral
2023-10-06 21:00:00,AUDUSD,fx,-0.865801,Neutral,-3.777704,-1.717919,Very Bearish
2023-10-06 21:00:00,NZDUSD,fx,-0.564865,Neutral,-1.477807,-0.957129,Bearish
2023-10-06 21:00:00,EURGBP,fx,-0.404126,Neutral,-2.438290,-1.234577,Bearish
2023-10-06 21:00:00,EURJPY,fx,-1.207210,Bearish,-0.984311,-0.364965,Neutral
2023-10-06 21:00:00,EURCHF,fx,-0.912946,Bearish,-0.267527,-0.107484,Neutral
2023-10-06 21:00:00,EURAUD,fx,-0.774604,Neutral,-1.091132,-0.549966,Neutral
2023-10-06 21:00:00,EURNZD,fx,-1.795605,Bearish,-3.391030,-2.226546,Very Bearish
2023-10-06 21:00:00,EURCAD,fx,-1.884481,Bearish,-3.683565,-2.029513,Very Bearish
2023-10-06 21:00:00,GBPJPY,fx,-0.850929,Neutral,1.453979,0.469328,Neutral
2023-10-06 21:00:00,GBPCHF,fx,0.364171,Neutral,2.170764,0.684136,Neutral
2023-10-06 21:00:00,GBPAUD,fx,-0.401521,Neutral,1.347158,0.721950,Bullish
2023-10-06 21:00:00,GBPNZD,fx,-0.518489,Neutral,-0.952739,-0.514994,Neutral
2023-10-06 21:00:00,GBPCAD,fx,-1.432724,Bearish,-1.245275,-0.548096,Neutral
2023-10-06 21:00:00,AUDJPY,fx,-0.531209,Neutral,0.106821,0.042883,Neutral
2023-10-06 21:00:00,NZDJPY,fx,-0.222102,Neutral,2.406719,0.844759,Bullish
2023-10-06 21:00:00,CADJPY,fx,0.603240,Neutral,2.699254,1.044199,Bullish
2023-10-06 21:00:00,CHFJPY,fx,-1.104762,Bearish,-0.716784,-0.361283,Neutral
2023-10-06 21:00:00,AUDNZD,fx,-0.974576,Bearish,-2.299897,-1.323301,Bearish
2023-10-06 21:00:00,AUDCAD,fx,-1.087787,Bearish,-2.592433,-1.230391,Bearish
2023-10-06 21:00:00,AUDCHF,fx,-0.091916,Neutral,0.823606,0.312564,Neutral
2023-10-06 21:00:00,NZDCAD,fx,-0.585801,Neutral,-0.292536,-0.180913,Neutral
2023-10-06 21:00:00,NZDCHF,fx,0.882660,Neutral,3.123503,1.148769,Bullish
2023-10-06 21:00:00,CADCHF,fx,1.468461,Bullish,3.416039,1.454252,Bullish
2023-10-06 21:00:00,DJIA,cross,-0.485802,Neutral,0.493302,0.284324,Neutral
2023-10-06 21:00:00,SP500,cross,-0.485802,Neutral,0.493302,0.284324,Neutral
2023-10-06 21:00:00,NASDAQ,cross,-0.485802,Neutral,0.493302,0.284324,Neutral
2023-10-06 21:00:00,DAX,cross,-1.904173,Bearish,-0.197269,-0.108568,Neutral
2023-10-06 21:00:00,NIKKEI,cross,-2.874699,Bearish,-1.101314,-0.751750,Bearish
2023-10-06 21:00:00,FTSE100,cross,1.109647,Neutral,1.593946,0.849652,Bullish
2023-10-06 21:00:00,GOLD,cross,-3.284554,Bearish,-1.723827,-0.977780,Bearish
2023-10-06 21:00:00,SILVER,cross,-3.284554,Bearish,-1.723827,-0.980004,Bearish
2023-10-13 21:00:00,US-DOLLAR,fx,0.884323,Neutral,1.723510,1.034520,Bullish
2023-10-13 21:00:00,EURUSD,fx,-1.405781,Bearish,-4.043273,-2.446021,Very Bearish
2023-10-13 21:00:00,GBPUSD,fx,-0.559934,Neutral,-1.274757,-0.638656,Neutral
2023-10-13 21:00:00,USDJPY,fx,0.215960,Neutral,3.851692,1.275817,Bullish
2023-10-13 21:00:00,USDCHF,fx,0.923416,Bullish,3.775747,1.337968,Bullish
2023-10-13 21:00:00,USDCAD,fx,-1.100560,Bearish,-0.274810,-0.151244,Neutral
2023-10-13 21:00:00,AUDUSD,fx,-0.460375,Neutral,-2.952141,-1.342492,Bearish
2023-10-13 21:00:00,NZDUSD,fx,-0.168060,Neutral,-0.863749,-0.559423,Neutral
2023-10-13 21:00:00,EURGBP,fx,-0.838374,Neutral,-2.768516,-1.401780,Bearish
2023-10-13 21:00:00,EURJPY,fx,-1.112419,Bearish,-0.191581,-0.071035,Neutral
2023-10-13 21:00:00,EURCHF,fx,-0.912946,Bearish,-0.267527,-0.107484,Neutral
2023-10-13 21:00:00,EURAUD,fx,-0.902780,Bearish,-1.091132,-0.549966,Neutral
2023-10-13 21:00:00,EURNZD,fx,-1.668301,Bearish,-3.179524,-2.087672,Very Bearish
2023-10-13 21:00:00,EURCAD,fx,-2.341182,Very Bearish,-4.318083,-2.379109,Very Bearish
2023-10-13 21:00:00,GBPJPY,fx,-0.352156,Neutral,2.576935,0.831806,Bullish
2023-10-13 21:00:00,GBPCHF,fx,0.555330,Neutral,2.500989,0.788210,Bullish
2023-10-13 21:00:00,GBPAUD,fx,-0.075394,Neutral,1.677384,0.898919,Bullish
2023-10-13 21:00:00,GBPNZD,fx,-0.200026,Neutral,-0.411008,-0.222166,Neutral
2023-10-13 21:00:00,GBPCAD,fx,-1.556530,Bearish,-1.549567,-0.682028,Neutral
2023-10-13 21:00:00,AUDJPY,fx,-0.310258,Neutral,0.899551,0.361120,Neutral
2023-10-13 21:00:00,NZDJPY,fx,0.079905,Neutral,2.987942,1.048769,Bullish
2023-10-13 21:00:00,CADJPY,fx,1.179772,Bullish,4.126502,1.596326,Very Bullish
2023-10-13 21:00:00,CHFJPY,fx,-0.675450,Neutral,0.075945,0.038279,Neutral
2023-10-13 21:00:00,AUDNZD,fx,-0.847272,Neutral,-2.088391,-1.201606,Bearish
2023-10-13 21:00:00,AUDCAD,fx,-1.439176,Bearish,-3.226951,-1.531538,Very Bearish
2023-10-13 21:00:00,AUDCHF,fx,-0.091916,Neutral,0.823606,0.312564,Neutral
2023-10-13 21:00:00,NZDCAD,fx,-1.095018,Bearish,-1.138559,-0.704118,Bearish
2023-10-13 21:00:00,NZDCHF,fx,0.755356,Neutral,2.911997,1.070981,Bullish
2023-10-13 21:00:00,CADCHF,fx,1.850374,Bullish,4.050557,1.724375,Very Bullish
2023-10-13 21:00:00,DJIA,cross,1.111960,Neutral,1.560783,0.899587,Bullish
2023-10-13 21:00:00,SP500,cross,1.111960,Neutral,1.560783,0.899587,Bullish
2023-10-13 21:00:00,NASDAQ,cross,1.111960,Neutral,1.560783,0.899587,Bullish
2023-10-13 21:00:00,DAX,cross,-1.344584,Neutral,-0.197269,-0.108568,Neutral
2023-10-13 21:00:00,NIKKEI,cross,-2.133611,Bearish,-0.550657,-0.375875,Neutral
2023-10-13 21:00:00,FTSE100,cross,1.795437,Bullish,1.965052,1.047469,Bullish
2023-10-13 21:00:00,GOLD,cross,-1.494296,Neutral,-0.899801,-0.510380,Neutral
2023-10-13 21:00:00,SILVER,cross,-1.494296,Neutral,-0.899801,-0.511541,Neutral
2023-10-20 21:00:00,US-DOLLAR,fx,0.944415,Bullish,1.746291,1.048194,Bullish
2023-10-20 21:00:00,EURUSD,fx,-1.570220,Bearish,-4.066054,-2.459803,Very Bearish
2023-10-20 21:00:00,GBPUSD,fx,0.142435,Neutral,-0.357091,-0.178903,Neutral
2023-10-20 21:00:00,USDJPY,fx,0.159340,Neutral,3.662967,1.213305,Bullish
2023-10-20 21:00:00,USDCHF,fx,0.917482,Bullish,3.798528,1.346041,Bullish
2023-10-20 21:00:00,USDCAD,fx,0.654507,Neutral,2.191841,1.206296,Bullish
2023-10-20 21:00:00,AUDUSD,fx,-0.209751,Neutral,-3.243903,-1.475172,Bearish
2023-10-20 21:00:00,NZDUSD,fx,-1.472399,Bearish,-2.672996,-1.731215,Very Bearish
2023-10-20 21:00:00,EURGBP,fx,-1.656080,Bearish,-3.708963,-1.877956,Very Bearish
2023-10-20 21:00:00,EURJPY,fx,-1.331193,Bearish,-0.403087,-0.149458,Neutral
2023-10-20 21:00:00,EURCHF,fx,-0.912946,Bearish,-0.267527,-0.107484,Neutral
2023-10-20 21:00:00,EURAUD,fx,-1.388564,Bearish,-0.822152,-0.414391,Neutral
2023-10-20 21:00:00,EURNZD,fx,-0.358029,Neutral,-1.393059,-0.914681,Bearish
2023-10-20 21:00:00,EURCAD,fx,-0.939837,Bearish,-1.874214,-1.032625,Bearish
2023-10-20 21:00:00,GBPJPY,fx,0.271987,Neutral,3.305876,1.067100,Bullish
2023-10-20 21:00:00,GBPCHF,fx,1.137673,Bullish,3.441437,1.084600,Bullish
2023-10-20 21:00:00,GBPAUD,fx,0.475409,Neutral,2.886812,1.547059,Very Bullish
2023-10-20 21:00:00,GBPNZD,fx,1.692590,Bullish,2.315904,1.251840,Bullish
2023-10-20 21:00:00,GBPCAD,fx,0.685066,Neutral,1.834750,0.807548,Bullish
2023-10-20 21:00:00,AUDJPY,fx,-0.169898,Neutral,0.419064,0.168231,Neutral
2023-10-20 21:00:00,NZDJPY,fx,-1.357671,Bearish,0.989972,0.347480,Neutral
2023-10-20 21:00:00,CADJPY,fx,-0.414459,Neutral,1.471127,0.569101,Neutral
2023-10-20 21:00:00,CHFJPY,fx,-0.802754,Neutral,-0.135561,-0.068327,Neutral
2023-10-20 21:00:00,AUDNZD,fx,0.325376,Neutral,-0.570907,-0.328485,Neutral
2023-10-20 21:00:00,AUDCAD,fx,0.771333,Neutral,-1.052062,-0.499318,Neutral
2023-10-20 21:00:00,AUDCHF,fx,-0.229541,Neutral,0.554625,0.210484,Neutral
2023-10-20 21:00:00,NZDCAD,fx,-0.483558,Neutral,-0.481155,-0.297560,Neutral
2023-10-20 21:00:00,NZDCHF,fx,-0.554917,Neutral,1.125532,0.413951,Neutral
2023-10-20 21:00:00,CADCHF,fx,-0.071359,Neutral,1.606687,0.683988,Neutral
2023-10-20 21:00:00,DJIA,cross,1.194624,Neutral,1.225722,0.706468,Bullish
2023-10-20 21:00:00,SP500,cross,1.194624,Neutral,1.225722,0.706468,Bullish
2023-10-20 21:00:00,NASDAQ,cross,1.194624,Neutral,1.225722,0.706468,Bullish
2023-10-20 21:00:00,DAX,cross,-1.050757,Neutral,-0.197269,-0.108568,Neutral
2023-10-20 21:00:00,NIKKEI,cross,-2.079619,Bearish,-0.550657,-0.375875,Neutral
2023-10-20 21:00:00,FTSE100,cross,0.244111,Neutral,0.000000,0.000000,Neutral
2023-10-20 21:00:00,GOLD,cross,-2.362296,Bearish,-1.469262,-0.833387,Bearish
2023-10-20 21:00:00,SILVER,cross,-2.362296,Bearish,-1.469262,-0.835282,Bearish
2023-10-27 21:00:00,US-DOLLAR,fx,0.758196,Neutral,1.787192,1.072744,Bullish
2023-10-27 21:00:00,EURUSD,fx,-1.561706,Bearish,-4.318461,-2.612499,Very Bearish
2023-10-27 21:00:00,GBPUSD,fx,0.247517,Neutral,-0.609498,-0.305360,Neutral
2023-10-27 21:00:00,USDJPY,fx,0.130894,Neutral,4.126880,1.366969,Bullish
2023-10-27 21:00:00,USDCHF,fx,1.225423,Bullish,4.262440,1.510432,Very Bullish
2023-10-27 21:00:00,USDCAD,fx,1.802008,Bullish,2.655753,1.461614,Bullish
2023-10-27 21:00:00,AUDUSD,fx,1.235734,Bullish,-1.085087,-0.493446,Neutral
2023-10-27 21:00:00,NZDUSD,fx,-1.653036,Bearish,-2.925402,-1.894690,Very Bearish
2023-10-27 21:00:00,EURGBP,fx,-1.739068,Bearish,-3.708963,-1.877956,Very Bearish
2023-10-27 21:00:00,EURJPY,fx,-1.496980,Bearish,-0.191581,-0.071035,Neutral
2023-10-27 21:00:00,EURCHF,fx,-0.785641,Neutral,-0.056021,-0.022507,Neutral
2023-10-27 21:00:00,EURAUD,fx,-2.677395,Very Bearish,-3.233374,-1.629725,Very Bearish
2023-10-27 21:00:00,EURNZD,fx,-0.358029,Neutral,-1.393059,-0.914681,Bearish
2023-10-27 21:00:00,EURCAD,fx,-0.135815,Neutral,-1.662708,-0.916092,Bearish
2023-10-27 21:00:00,GBPJPY,fx,0.414334,Neutral,3.517382,1.135372,Bullish
2023-10-27 21:00:00,GBPCHF,fx,1.264978,Bullish,3.652943,1.151258,Bullish
2023-10-27 21:00:00,GBPAUD,fx,-0.582745,Neutral,0.475589,0.254871,Neutral
2023-10-27 21:00:00,GBPNZD,fx,1.692590,Bullish,2.315904,1.251840,Bullish
2023-10-27 21:00:00,GBPCAD,fx,1.523120,Bullish,2.046256,0.900641,Bullish
2023-10-27 21:00:00,AUDJPY,fx,1.014459,Bullish,3.041793,1.221113,Bullish
2023-10-27 21:00:00,NZDJPY,fx,-1.230367,Bearish,1.201478,0.421719,Neutral
2023-10-27 21:00:00,CADJPY,fx,-1.206039,Bearish,1.471127,0.569101,Neutral
2023-10-27 21:00:00,CHFJPY,fx,-0.802754,Neutral,-0.135561,-0.068327,Neutral
2023-10-27 21:00:00,AUDNZD,fx,1.692365,Bullish,1.840315,1.058869,Bullish
2023-10-27 21:00:00,AUDCAD,fx,2.274591,Very Bullish,1.570666,0.745451,Bullish
2023-10-27 21:00:00,AUDCHF,fx,1.517489,Bullish,3.177353,1.205827,Bullish
2023-10-27 21:00:00,NZDCAD,fx,-0.356253,Neutral,-0.269649,-0.166759,Neutral
2023-10-27 21:00:00,NZDCHF,fx,-0.427613,Neutral,1.337038,0.491739,Neutral
2023-10-27 21:00:00,CADCHF,fx,-0.071359,Neutral,1.606687,0.683988,Neutral
2023-10-27 21:00:00,DJIA,cross,2.156658,Bullish,0.972467,0.560500,Neutral
2023-10-27 21:00:00,SP500,cross,2.156658,Bullish,0.972467,0.560500,Neutral
2023-10-27 21:00:00,NASDAQ,cross,2.156658,Bullish,0.972467,0.560500,Neutral
2023-10-27 21:00:00,DAX,cross,0.208776,Neutral,-0.197269,-0.108568,Neutral
2023-10-27 21:00:00,NIKKEI,cross,-1.345348,Neutral,-0.550657,-0.375875,Neutral
2023-10-27 21:00:00,FTSE100,cross,1.342173,Neutral,0.000000,0.000000,Neutral
2023-10-27 21:00:00,GOLD,cross,-1.387269,Neutral,-1.224727,-0.694684,Bearish
2023-10-27 21:00:00,SILVER,cross,-2.060036,Bearish,-1.520745,-0.864551,Bearish
2023-11-03 21:00:00,US-DOLLAR,fx,-1.390683,Bearish,-0.907861,-0.544934,Neutral
2023-11-03 21:00:00,EURUSD,fx,-2.307915,Very Bearish,-4.306360,-2.605179,Very Bearish
2023-11-03 21:00:00,GBPUSD,fx,0.423689,Neutral,1.306385,0.654501,Neutral
2023-11-03 21:00:00,USDJPY,fx,-0.641456,Neutral,1.818282,0.602279,Neutral
2023-11-03 21:00:00,USDCHF,fx,0.803254,Neutral,2.234885,0.791951,Bullish
2023-11-03 21:00:00,USDCAD,fx,1.888933,Bullish,0.889724,0.489666,Neutral
2023-11-03 21:00:00,AUDUSD,fx,1.937397,Very Bullish,1.398459,0.635952,Neutral
2023-11-03 21:00:00,NZDUSD,fx,-1.907994,Bearish,-1.841655,-1.192782,Bearish
2023-11-03 21:00:00,EURGBP,fx,-2.605809,Very Bearish,-5.612745,-2.841896,Very Bearish
2023-11-03 21:00:00,EURJPY,fx,-3.048503,Very Bearish,-2.488079,-0.922536,Bearish
2023-11-03 21:00:00,EURCHF,fx,-2.002388,Very Bearish,-2.071475,-0.832252,Bearish
2023-11-03 21:00:00,EURAUD,fx,-3.977977,Very Bearish,-5.704820,-2.875413,Very Bearish
2023-11-03 21:00:00,EURNZD,fx,-0.897648,Bearish,-2.464705,-1.618323,Very Bearish
2023-11-03 21:00:00,EURCAD,fx,-0.813756,Neutral,-3.416637,-1.882444,Very Bearish
2023-11-03 21:00:00,GBPJPY,fx,-0.135468,Neutral,3.124666,1.008608,Bullish
2023-11-03 21:00:00,GBPCHF,fx,1.328697,Bullish,3.541269,1.116063,Bullish
2023-11-03 21:00:00,GBPAUD,fx,-1.194905,Bearish,-0.092075,-0.049343,Neutral
2023-11-03 21:00:00,GBPNZD,fx,2.433437,Very Bullish,3.148039,1.701643,Very Bullish
2023-11-03 21:00:00,GBPCAD,fx,1.681985,Bullish,2.196108,0.966597,Bullish
2023-11-03 21:00:00,AUDJPY,fx,0.955032,Bullish,3.216741,1.291345,Bullish
2023-11-03 21:00:00,NZDJPY,fx,-2.289677,Very Bearish,-0.023373,-0.008204,Neutral
2023-11-03 21:00:00,CADJPY,fx,-1.973812,Very Bearish,0.928558,0.359210,Neutral
2023-11-03 21:00:00,CHFJPY,fx,-1.184937,Bearish,-0.416603,-0.209981,Neutral
2023-11-03 21:00:00,AUDNZD,fx,2.752080,Very Bullish,3.240114,1.864277,Very Bullish
2023-11-03 21:00:00,AUDCAD,fx,2.743376,Very Bullish,2.288183,1.085991,Bullish
2023-11-03 21:00:00,AUDCHF,fx,1.900077,Bullish,3.633344,1.378878,Bullish
2023-11-03 21:00:00,NZDCAD,fx,-0.748486,Neutral,-0.951931,-0.588702,Neutral
2023-11-03 21:00:00,NZDCHF,fx,-1.104740,Bearish,0.393230,0.144623,Neutral
2023-11-03 21:00:00,CADCHF,fx,-0.356253,Neutral,1.345161,0.572653,Neutral
2023-11-03 21:00:00,DJIA,cross,-0.789910,Neutral,-1.548076,-0.892263,Bearish
2023-11-03 21:00:00,SP500,cross,-0.789910,Neutral,-1.548076,-0.892263,Bearish
2023-11-03 21:00:00,NASDAQ,cross,-0.789910,Neutral,-1.548076,-0.892263,Bearish
2023-11-03 21:00:00,DAX,cross,-5.496044,Very Bearish,-5.648476,-3.108683,Very Bearish
2023-11-03 21:00:00,NIKKEI,cross,-2.791586,Bearish,-1.756274,-1.198822,Bearish
2023-11-03 21:00:00,FTSE100,cross,-0.378699,Neutral,-0.469978,-0.250521,Neutral
2023-11-03 21:00:00,GOLD,cross,2.664427,Bullish,1.218825,0.691336,Bullish
2023-11-03 21:00:00,SILVER,cross,3.337194,Bullish,1.514843,0.861195,Bullish
2023-11-10 21:00:00,US-DOLLAR,fx,-1.034006,Bearish,-0.575965,-0.345717,Neutral
2023-11-10 21:00:00,EURUSD,fx,-0.615194,Neutral,-1.648912,-0.997527,Bearish
2023-11-10 21:00:00,GBPUSD,fx,0.431435,Neutral,1.288338,0.645460,Neutral
2023-11-10 21:00:00,USDJPY,fx,-0.082006,Neutral,2.801071,0.927814,Bullish
2023-11-10 21:00:00,USDCHF,fx,0.789491,Neutral,2.371651,0.840415,Bullish
2023-11-10 21:00:00,USDCAD,fx,1.899007,Bullish,1.237996,0.681341,Neutral
2023-11-10 21:00:00,AUDUSD,fx,1.679666,Bullish,1.181198,0.537152,Neutral
2023-11-10 21:00:00,NZDUSD,fx,-1.894231,Bearish,-1.978421,-1.281361,Bearish
2023-11-10 21:00:00,EURGBP,fx,-0.986225,Bearish,-2.937250,-1.487215,Bearish
2023-11-10 21:00:00,EURJPY,fx,-0.817155,Neutral,1.152159,0.427200,Neutral
2023-11-10 21:00:00,EURCHF,fx,-0.090799,Neutral,0.722739,0.290373,Neutral
2023-11-10 21:00:00,EURAUD,fx,-2.173876,Very Bearish,-2.830110,-1.426467,Bearish
2023-11-10 21:00:00,EURNZD,fx,1.013941,Bullish,0.329509,0.216355,Neutral
2023-11-10 21:00:00,EURCAD,fx,0.868019,Neutral,-0.410916,-0.226400,Neutral
2023-11-10 21:00:00,GBPJPY,fx,0.365971,Neutral,4.089409,1.320016,Bullish
2023-11-10 21:00:00,GBPCHF,fx,1.392552,Bullish,3.659989,1.153479,Bullish
2023-11-10 21:00:00,GBPAUD,fx,-1.019277,Bearish,0.107139,0.057417,Neutral
2023-11-10 21:00:00,GBPNZD,fx,2.497292,Very Bullish,3.266759,1.765816,Very Bullish
2023-11-10 21:00:00,GBPCAD,fx,1.684701,Bullish,2.526333,1.111943,Bullish
2023-11-10 21:00:00,AUDJPY,fx,1.216354,Bullish,3.982270,1.598663,Very Bullish
2023-11-10 21:00:00,NZDJPY,fx,-1.780460,Bearish,0.822650,0.288751,Neutral
2023-11-10 21:00:00,CADJPY,fx,-1.455954,Bearish,1.563076,0.604671,Neutral
2023-11-10 21:00:00,CHFJPY,fx,-0.675720,Neutral,0.429420,0.216442,Neutral
2023-11-10 21:00:00,AUDNZD,fx,2.624775,Very Bullish,3.159619,1.817963,Very Bullish
2023-11-10 21:00:00,AUDCAD,fx,2.743376,Very Bullish,2.419194,1.148170,Bullish
2023-11-10 21:00:00,AUDCHF,fx,1.772773,Bullish,3.552849,1.348330,Bullish
2023-11-10 21:00:00,NZDCAD,fx,-0.621182,Neutral,-0.740425,-0.457901,Neutral
2023-11-10 21:00:00,NZDCHF,fx,-1.104740,Bearish,0.393230,0.144623,Neutral
2023-11-10 21:00:00,CADCHF,fx,-0.483558,Neutral,1.133655,0.482612,Neutral
2023-11-10 21:00:00,DJIA,cross,0.572956,Neutral,-1.043062,-0.601188,Neutral
2023-11-10 21:00:00,SP500,cross,0.572956,Neutral,-1.043062,-0.601188,Neutral
2023-11-10 21:00:00,NASDAQ,cross,0.572956,Neutral,-1.043062,-0.601188,Neutral
2023-11-10 21:00:00,DAX,cross,-1.357908,Neutral,-2.002575,-1.102133,Bearish
2023-11-10 21:00:00,NIKKEI,cross,-1.653127,Neutral,-1.756274,-1.198822,Bearish
2023-11-10 21:00:00,FTSE100,cross,1.341629,Neutral,0.000000,0.000000,Neutral
2023-11-10 21:00:00,GOLD,cross,1.510819,Neutral,0.648514,0.367847,Neutral
2023-11-10 21:00:00,SILVER,cross,2.519969,Bullish,1.092539,0.621114,Neutral
2023-11-17 21:00:00,US-DOLLAR,fx,-2.700644,Very Bearish,-2.300176,-1.380658,Bearish
2023-11-17 21:00:00,EURUSD,fx,1.487581,Bullish,2.408436,1.457009,Bullish
2023-11-17 21:00:00,GBPUSD,fx,1.245207,Bullish,3.228972,1.617721,Very Bullish
2023-11-17 21:00:00,USDJPY,fx,-1.013160,Bearish,1.691557,0.560304,Neutral
2023-11-17 21:00:00,USDCHF,fx,-0.507018,Neutral,0.351617,0.124598,Neutral
2023-11-17 21:00:00,USDCAD,fx,1.023884,Bullish,-0.264045,-0.145319,Neutral
2023-11-17 21:00:00,AUDUSD,fx,3.193167,Very Bullish,4.558375,2.072931,Very Bullish
2023-11-17 21:00:00,NZDUSD,fx,0.839855,Neutral,2.127743,1.378072,Bullish
2023-11-17 21:00:00,EURGBP,fx,0.219051,Neutral,-0.820535,-0.415461,Neutral
2023-11-17 21:00:00,EURJPY,fx,0.320280,Neutral,4.099993,1.520205,Very Bullish
2023-11-17 21:00:00,EURCHF,fx,1.062016,Bullish,2.760053,1.108900,Bullish
2023-11-17 21:00:00,EURAUD,fx,-1.564130,Bearish,-2.149939,-1.083638,Bearish
2023-11-17 21:00:00,EURNZD,fx,0.729179,Neutral,0.280693,0.184303,Neutral
2023-11-17 21:00:00,EURCAD,fx,2.185071,Very Bullish,2.144391,1.181483,Bullish
2023-11-17 21:00:00,GBPJPY,fx,0.371575,Neutral,4.920529,1.588292,Very Bullish
2023-11-17 21:00:00,GBPCHF,fx,1.156869,Bullish,3.580588,1.128455,Bullish
2023-11-17 21:00:00,GBPAUD,fx,-1.728317,Bearish,-1.329403,-0.712435,Bearish
2023-11-17 21:00:00,GBPNZD,fx,0.824031,Neutral,1.101229,0.595259,Neutral
2023-11-17 21:00:00,GBPCAD,fx,1.835785,Bullish,2.964926,1.304985,Bullish
2023-11-17 21:00:00,AUDJPY,fx,1.904196,Bullish,6.249932,2.509005,Very Bullish
2023-11-17 21:00:00,NZDJPY,fx,0.174590,Neutral,3.819300,1.340576,Bullish
2023-11-17 21:00:00,CADJPY,fx,-1.573842,Bearish,1.955602,0.756519,Bullish
2023-11-17 21:00:00,CHFJPY,fx,-0.158247,Neutral,1.339940,0.675373,Neutral
2023-11-17 21:00:00,AUDNZD,fx,2.052573,Very Bullish,2.430632,1.398522,Bullish
2023-11-17 21:00:00,AUDCAD,fx,3.597797,Very Bullish,4.294330,2.038125,Very Bullish
2023-11-17 21:00:00,AUDCHF,fx,2.385410,Very Bullish,4.909992,1.863374,Very Bullish
2023-11-17 21:00:00,NZDCAD,fx,1.300551,Bullish,1.863698,1.152565,Bullish
2023-11-17 21:00:00,NZDCHF,fx,0.332837,Neutral,2.479360,0.911865,Bullish
2023-11-17 21:00:00,CADCHF,fx,-0.967714,Bearish,0.615662,0.262095,Neutral
2023-11-17 21:00:00,DJIA,cross,1.881372,Bullish,0.115155,0.066372,Neutral
2023-11-17 21:00:00,SP500,cross,1.881372,Bullish,0.115155,0.066372,Neutral
2023-11-17 21:00:00,NASDAQ,cross,1.881372,Bullish,0.115155,0.066372,Neutral
2023-11-17 21:00:00,DAX,cross,2.568324,Bullish,0.876748,0.482525,Neutral
2023-11-17 21:00:00,NIKKEI,cross,-4.309848,Very Bearish,-4.718166,-3.220591,Very Bearish
2023-11-17 21:00:00,FTSE100,cross,1.054631,Neutral,0.815321,0.434606,Neutral
2023-11-17 21:00:00,GOLD,cross,5.993588,Very Bullish,3.405468,1.931632,Very Bullish
2023-11-17 21:00:00,SILVER,cross,5.320821,Very Bullish,3.109451,1.767738,Very Bullish
2023-11-24 21:00:00,US-DOLLAR,fx,-2.286874,Very Bearish,-1.906341,-1.144263,Bearish
2023-11-24 21:00:00,EURUSD,fx,1.208850,Bullish,2.014602,1.218755,Bullish
2023-11-24 21:00:00,GBPUSD,fx,1.133105,Bullish,2.835137,1.420409,Bullish
2023-11-24 21:00:00,USDJPY,fx,-0.033820,Neutral,3.670851,1.215916,Bullish
2023-11-24 21:00:00,USDCHF,fx,-0.405344,Neutral,0.745451,0.264157,Neutral
2023-11-24 21:00:00,USDCAD,fx,-0.134014,Neutral,-1.975801,-1.087398,Bearish
2023-11-24 21:00:00,AUDUSD,fx,2.241900,Very Bullish,3.953034,1.797651,Very Bullish
2023-11-24 21:00:00,NZDUSD,fx,2.649770,Very Bullish,3.729776,2.415658,Very Bullish
2023-11-24 21:00:00,EURGBP,fx,0.045109,Neutral,-0.820535,-0.415461,Neutral
2023-11-24 21:00:00,EURJPY,fx,1.085133,Bullish,5.685453,2.108066,Very Bullish
2023-11-24 21:00:00,EURCHF,fx,1.062016,Bullish,2.760053,1.108900,Bullish
2023-11-24 21:00:00,EURAUD,fx,-0.875156,Neutral,-1.938433,-0.977033,Bearish
2023-11-24 21:00:00,EURNZD,fx,-1.182410,Bearish,-1.715174,-1.126181,Bearish
2023-11-24 21:00:00,EURCAD,fx,0.781987,Neutral,0.038801,0.021378,Neutral
2023-11-24 21:00:00,GBPJPY,fx,1.178673,Bullish,6.505988,2.100061,Very Bullish
2023-11-24 21:00:00,GBPCHF,fx,1.156869,Bullish,3.580588,1.128455,Bullish
2023-11-24 21:00:00,GBPAUD,fx,-0.925812,Bearish,-1.117897,-0.599087,Neutral
2023-11-24 21:00:00,GBPNZD,fx,-1.087558,Bearish,-0.894639,-0.483588,Neutral
2023-11-24 21:00:00,GBPCAD,fx,0.632646,Neutral,0.859336,0.378229,Neutral
2023-11-24 21:00:00,AUDJPY,fx,2.192539,Very Bullish,7.623885,3.060572,Very Bullish
2023-11-24 21:00:00,NZDJPY,fx,2.108482,Very Bullish,7.400627,2.597623,Very Bullish
2023-11-24 21:00:00,CADJPY,fx,0.450343,Neutral,5.646652,2.184392,Very Bullish
2023-11-24 21:00:00,CHFJPY,fx,0.700376,Neutral,2.925400,1.474496,Bullish
2023-11-24 21:00:00,AUDNZD,fx,0.013680,Neutral,0.223259,0.128457,Neutral
2023-11-24 21:00:00,AUDCAD,fx,1.859548,Bullish,1.977233,0.938412,Bullish
2023-11-24 21:00:00,AUDCHF,fx,2.258106,Very Bullish,4.698486,1.783106,Very Bullish
2023-11-24 21:00:00,NZDCAD,fx,1.557533,Bullish,1.753975,1.084709,Bullish
2023-11-24 21:00:00,NZDCHF,fx,1.599265,Bullish,4.475227,1.645909,Very Bullish
2023-11-24 21:00:00,CADCHF,fx,0.686893,Neutral,2.721252,1.158473,Bullish
2023-11-24 21:00:00,DJIA,cross,3.516789,Bullish,0.795111,0.458277,Neutral
2023-11-24 21:00:00,SP500,cross,3.516789,Bullish,0.795111,0.458277,Neutral
2023-11-24 21:00:00,NASDAQ,cross,3.516789,Bullish,0.795111,0.458277,Neutral
2023-11-24 21:00:00,DAX,cross,3.973083,Very Bullish,0.945273,0.520238,Neutral
2023-11-24 21:00:00,NIKKEI,cross,-0.985301,Neutral,-3.616851,-2.468840,Very Bearish
2023-11-24 21:00:00,FTSE100,cross,2.326063,Bullish,0.645281,0.343966,Neutral
2023-11-24 21:00:00,GOLD,cross,3.883163,Very Bullish,2.244690,1.273222,Bullish
2023-11-24 21:00:00,SILVER,cross,3.546780,Bullish,2.096682,1.191974,Bullish
2023-12-01 21:00:00,US-DOLLAR,fx,-2.924996,Very Bearish,-2.391380,-1.435402,Bearish
2023-12-01 21:00:00,EURUSD,fx,1.413328,Bullish,2.388378,1.444874,Bullish
2023-12-01 21:00:00,GBPUSD,fx,1.862356,Bullish,3.980626,1.994302,Very Bullish
2023-12-01 21:00:00,USDJPY,fx,-1.086026,Bearish,1.495308,0.495299,Neutral
2023-12-01 21:00:00,USDCHF,fx,-2.225417,Very Bearish,-2.148600,-0.761375,Bearish
2023-12-01 21:00:00,USDCAD,fx,-1.569130,Bearish,-4.142262,-2.279726,Very Bearish
2023-12-01 21:00:00,AUDUSD,fx,1.503235,Bullish,3.202536,1.456360,Bullish
2023-12-01 21:00:00,NZDUSD,fx,2.876852,Very Bullish,4.426320,2.866788,Very Bullish
2023-12-01 21:00:00,EURGBP,fx,-0.543696,Neutral,-1.592249,-0.806202,Bearish
2023-12-01 21:00:00,EURJPY,fx,0.133575,Neutral,3.883685,1.440002,Bullish
2023-12-01 21:00:00,EURCHF,fx,-0.843229,Neutral,0.239778,0.096335,Neutral
2023-12-01 21:00:00,EURAUD,fx,-0.050636,Neutral,-0.814158,-0.410362,Neutral
2023-12-01 21:00:00,EURNZD,fx,-1.494665,Bearish,-2.037943,-1.338111,Bearish
2023-12-01 21:00:00,EURCAD,fx,-0.355485,Neutral,-1.753884,-0.966327,Bearish
2023-12-01 21:00:00,GBPJPY,fx,0.824905,Neutral,5.475934,1.767571,Very Bullish
2023-12-01 21:00:00,GBPCHF,fx,-0.181109,Neutral,1.832026,0.577380,Neutral
2023-12-01 21:00:00,GBPAUD,fx,0.468632,Neutral,0.778090,0.416983,Neutral
2023-12-01 21:00:00,GBPNZD,fx,-0.832544,Neutral,-0.445694,-0.240916,Neutral
2023-12-01 21:00:00,GBPCAD,fx,0.097607,Neutral,-0.161636,-0.071142,Neutral
2023-12-01 21:00:00,AUDJPY,fx,0.460404,Neutral,4.697844,1.885927,Very Bullish
2023-12-01 21:00:00,NZDJPY,fx,1.901272,Bullish,5.921628,2.078494,Very Bullish
2023-12-01 21:00:00,CADJPY,fx,0.651093,Neutral,5.637570,2.180878,Very Bullish
2023-12-01 21:00:00,CHFJPY,fx,1.512680,Bullish,3.643908,1.836647,Very Bullish
2023-12-01 21:00:00,AUDNZD,fx,-0.424258,Neutral,-1.223784,-0.704134,Bearish
2023-12-01 21:00:00,AUDCAD,fx,-0.118790,Neutral,-0.939726,-0.446002,Neutral
2023-12-01 21:00:00,AUDCHF,fx,-0.417984,Neutral,1.053936,0.399976,Neutral
2023-12-01 21:00:00,NZDCAD,fx,0.331650,Neutral,0.284058,0.175670,Neutral
2023-12-01 21:00:00,NZDCHF,fx,0.651435,Neutral,2.277720,0.837705,Bullish
2023-12-01 21:00:00,CADCHF,fx,0.319785,Neutral,1.993662,0.848728,Bullish
2023-12-01 21:00:00,DJIA,cross,1.368839,Neutral,0.000000,0.000000,Neutral
2023-12-01 21:00:00,SP500,cross,1.368839,Neutral,0.000000,0.000000,Neutral
2023-12-01 21:00:00,NASDAQ,cross,1.368839,Neutral,0.000000,0.000000,Neutral
2023-12-01 21:00:00,DAX,cross,4.932822,Very Bullish,2.890643,1.590888,Very Bullish
2023-12-01 21:00:00,NIKKEI,cross,-0.277924,Neutral,-1.257768,-0.858545,Bearish
2023-12-01 21:00:00,FTSE100,cross,1.706523,Bullish,1.498737,0.798900,Bullish
2023-12-01 21:00:00,GOLD,cross,5.487656,Very Bullish,3.404357,1.931002,Very Bullish
2023-12-01 21:00:00,SILVER,cross,5.487656,Very Bullish,3.404357,1.935394,Very Bullish
2023-12-08 21:00:00,US-DOLLAR,fx,-2.485776,Very Bearish,-1.906341,-1.144263,Bearish
2023-12-08 21:00:00,EURUSD,fx,0.780539,Neutral,1.691833,1.023493,Bullish
2023-12-08 21:00:00,GBPUSD,fx,1.606082,Bullish,3.072576,1.539367,Very Bullish
2023-12-08 21:00:00,USDJPY,fx,-0.324831,Neutral,3.196088,1.058658,Bullish
2023-12-08 21:00:00,USDCHF,fx,-1.124820,Bearish,-0.437397,-0.154995,Neutral
2023-12-08 21:00:00,USDCAD,fx,-1.666450,Bearish,-3.868729,-2.129185,Very Bearish
2023-12-08 21:00:00,AUDUSD,fx,0.851172,Neutral,1.888223,0.858674,Bullish
2023-12-08 21:00:00,NZDUSD,fx,2.649770,Very Bullish,3.729776,2.415658,Very Bullish
2023-12-08 21:00:00,EURGBP,fx,-0.897683,Bearish,-1.380743,-0.699110,Neutral
2023-12-08 21:00:00,EURJPY,fx,0.374741,Neutral,4.887921,1.812355,Very Bullish
2023-12-08 21:00:00,EURCHF,fx,0.030286,Neutral,1.254436,0.503992,Neutral
2023-12-08 21:00:00,EURAUD,fx,-0.154152,Neutral,-0.196390,-0.098987,Neutral
2023-12-08 21:00:00,EURNZD,fx,-1.494665,Bearish,-2.037943,-1.338111,Bearish
2023-12-08 21:00:00,EURCAD,fx,-1.061288,Bearish,-2.176896,-1.199392,Bearish
2023-12-08 21:00:00,GBPJPY,fx,1.286950,Bullish,6.268664,2.023455,Very Bullish
2023-12-08 21:00:00,GBPCHF,fx,0.565102,Neutral,2.635179,0.830501,Bullish
2023-12-08 21:00:00,GBPAUD,fx,0.787728,Neutral,1.184353,0.634701,Neutral
2023-12-08 21:00:00,GBPNZD,fx,-0.959848,Bearish,-0.657200,-0.355243,Neutral
2023-12-08 21:00:00,GBPCAD,fx,-0.237284,Neutral,-0.796153,-0.350420,Neutral
2023-12-08 21:00:00,AUDJPY,fx,0.527896,Neutral,5.084311,2.041072,Very Bullish
2023-12-08 21:00:00,NZDJPY,fx,2.457888,Very Bullish,6.925864,2.430981,Very Bullish
2023-12-08 21:00:00,CADJPY,fx,1.516658,Bullish,7.064817,2.733005,Very Bullish
2023-12-08 21:00:00,CHFJPY,fx,1.195781,Bullish,3.633485,1.831393,Very Bullish
2023-12-08 21:00:00,AUDNZD,fx,-0.424258,Neutral,-1.841553,-1.059582,Bearish
2023-12-08 21:00:00,AUDCAD,fx,-0.487123,Neutral,-1.980506,-0.939965,Bearish
2023-12-08 21:00:00,AUDCHF,fx,-0.022366,Neutral,1.450826,0.550598,Neutral
2023-12-08 21:00:00,NZDCAD,fx,0.077042,Neutral,-0.138953,-0.085933,Neutral
2023-12-08 21:00:00,NZDCHF,fx,1.524950,Bullish,3.292379,1.210879,Bullish
2023-12-08 21:00:00,CADCHF,fx,1.447909,Bullish,3.431333,1.460763,Bullish
2023-12-08 21:00:00,DJIA,cross,1.719148,Bullish,1.267453,0.730521,Bullish
2023-12-08 21:00:00,SP500,cross,1.719148,Bullish,1.267453,0.730521,Bullish
2023-12-08 21:00:00,NASDAQ,cross,1.719148,Bullish,1.267453,0.730521,Bullish
2023-12-08 21:00:00,DAX,cross,5.116920,Very Bullish,3.507153,1.930189,Very Bullish
2023-12-08 21:00:00,NIKKEI,cross,0.000008,Neutral,-0.707111,-0.482670,Neutral
2023-12-08 21:00:00,FTSE100,cross,1.344951,Neutral,1.793739,0.956151,Bullish
2023-12-08 21:00:00,GOLD,cross,3.600073,Bullish,2.716972,1.541107,Bullish
2023-12-08 21:00:00,SILVER,cross,3.600073,Bullish,2.716972,1.544612,Bullish
2023-12-15 21:00:00,US-DOLLAR,fx,-0.614919,Neutral,0.914645,0.549006,Neutral
2023-12-15 21:00:00,EURUSD,fx,0.061374,Neutral,-0.706141,-0.427187,Neutral
2023-12-15 21:00:00,GBPUSD,fx,-0.031909,Neutral,-1.409371,-0.706098,Bearish
2023-12-15 21:00:00,USDJPY,fx,0.333684,Neutral,5.594062,1.852952,Very Bullish
2023-12-15 21:00:00,USDCHF,fx,0.968766,Bullish,2.975236,1.054301,Bullish
2023-12-15 21:00:00,USDCAD,fx,-0.851991,Neutral,-1.470755,-0.809442,Bearish
2023-12-15 21:00:00,AUDUSD,fx,-0.037564,Neutral,-0.990238,-0.450313,Neutral
2023-12-15 21:00:00,NZDUSD,fx,-0.481890,Neutral,-0.664066,-0.430094,Neutral
2023-12-15 21:00:00,EURGBP,fx,0.006596,Neutral,0.703230,0.356066,Neutral
2023-12-15 21:00:00,EURJPY,fx,0.177733,Neutral,4.887921,1.812355,Very Bullish
2023-12-15 21:00:00,EURCHF,fx,0.903801,Bullish,2.269095,0.911649,Bullish
2023-12-15 21:00:00,EURAUD,fx,0.174536,Neutral,0.284097,0.143194,Neutral
2023-12-15 21:00:00,EURNZD,fx,0.416924,Neutral,-0.042075,-0.027627,Neutral
2023-12-15 21:00:00,EURCAD,fx,-0.891436,Bearish,-2.176896,-1.199392,Bearish
2023-12-15 21:00:00,GBPJPY,fx,0.301584,Neutral,4.184691,1.350772,Bullish
2023-12-15 21:00:00,GBPCHF,fx,0.335283,Neutral,1.565865,0.493497,Neutral
2023-12-15 21:00:00,GBPAUD,fx,0.199864,Neutral,-0.419133,-0.224616,Neutral
2023-12-15 21:00:00,GBPNZD,fx,-0.151593,Neutral,-0.745305,-0.402868,Neutral
2023-12-15 21:00:00,GBPCAD,fx,-0.954203,Bearish,-2.880126,-1.267661,Bearish
2023-12-15 21:00:00,AUDJPY,fx,0.198832,Neutral,4.603824,1.848183,Very Bullish
2023-12-15 21:00:00,NZDJPY,fx,0.809142,Neutral,4.929996,1.730430,Very Bullish
2023-12-15 21:00:00,CADJPY,fx,1.379111,Bullish,7.064817,2.733005,Very Bullish
2023-12-15 21:00:00,CHFJPY,fx,0.322266,Neutral,2.618826,1.319973,Bullish
2023-12-15 21:00:00,AUDNZD,fx,0.099344,Neutral,-0.326172,-0.187671,Neutral
2023-12-15 21:00:00,AUDCAD,fx,-0.511350,Neutral,-2.460993,-1.168008,Bearish
2023-12-15 21:00:00,AUDCHF,fx,-0.103274,Neutral,1.984999,0.753320,Bullish
2023-12-15 21:00:00,NZDCAD,fx,-1.834547,Bearish,-2.134821,-1.320235,Bearish
2023-12-15 21:00:00,NZDCHF,fx,0.486876,Neutral,2.311171,0.850008,Bullish
2023-12-15 21:00:00,CADCHF,fx,2.321424,Very Bullish,4.445991,1.892717,Very Bullish
2023-12-15 21:00:00,DJIA,cross,1.736679,Bullish,1.033294,0.595558,Neutral
2023-12-15 21:00:00,SP500,cross,1.736679,Bullish,1.033294,0.595558,Neutral
2023-12-15 21:00:00,NASDAQ,cross,1.736679,Bullish,1.033294,0.595558,Neutral
2023-12-15 21:00:00,DAX,cross,5.984996,Very Bullish,3.856142,2.122258,Very Bullish
2023-12-15 21:00:00,NIKKEI,cross,0.122866,Neutral,-0.707111,-0.482670,Neutral
2023-12-15 21:00:00,FTSE100,cross,-1.074736,Neutral,-0.992780,-0.529200,Neutral
2023-12-15 21:00:00,GOLD,cross,0.899184,Neutral,0.108704,0.061659,Neutral
2023-12-15 21:00:00,SILVER,cross,1.235567,Neutral,0.256713,0.145943,Neutral
2023-12-22 21:00:00,US-DOLLAR,fx,-0.488185,Neutral,1.365178,0.819435,Bullish
2023-12-22 21:00:00,EURUSD,fx,0.057801,Neutral,-0.945169,-0.571790,Neutral
2023-12-22 21:00:00,GBPUSD,fx,-0.390262,Neutral,-1.716890,-0.860165,Bearish
2023-12-22 21:00:00,USDJPY,fx,-0.036188,Neutral,5.251866,1.739604,Very Bullish
2023-12-22 21:00:00,USDCHF,fx,1.301384,Bullish,3.637276,1.288900,Bullish
2023-12-22 21:00:00,USDCAD,fx,-0.091223,Neutral,0.710364,0.390954,Neutral
2023-12-22 21:00:00,AUDUSD,fx,-0.050010,Neutral,-1.229265,-0.559011,Neutral
2023-12-22 21:00:00,NZDUSD,fx,-0.814507,Neutral,-1.326105,-0.858876,Bearish
2023-12-22 21:00:00,EURGBP,fx,0.462138,Neutral,0.771721,0.390745,Neutral
2023-12-22 21:00:00,EURJPY,fx,-0.259740,Neutral,4.306697,1.596847,Very Bullish
2023-12-22 21:00:00,EURCHF,fx,1.158409,Bullish,2.692107,1.081602,Bullish
2023-12-22 21:00:00,EURAUD,fx,0.116769,Neutral,0.284097,0.143194,Neutral
2023-12-22 21:00:00,EURNZD,fx,0.671533,Neutral,0.380937,0.250122,Neutral
2023-12-22 21:00:00,EURCAD,fx,0.015878,Neutral,-0.234805,-0.129369,Neutral
2023-12-22 21:00:00,GBPJPY,fx,-0.388742,Neutral,3.534976,1.141051,Bullish
2023-12-22 21:00:00,GBPCHF,fx,0.517170,Neutral,1.920386,0.605227,Neutral
2023-12-22 21:00:00,GBPAUD,fx,-0.331943,Neutral,-0.487624,-0.261321,Neutral
2023-12-22 21:00:00,GBPNZD,fx,0.030294,Neutral,-0.390784,-0.211235,Neutral
2023-12-22 21:00:00,GBPCAD,fx,-0.446574,Neutral,-1.006526,-0.443013,Neutral
2023-12-22 21:00:00,AUDJPY,fx,-0.222665,Neutral,4.022600,1.614854,Very Bullish
2023-12-22 21:00:00,NZDJPY,fx,0.252526,Neutral,3.925761,1.377943,Bullish
2023-12-22 21:00:00,CADJPY,fx,-0.078763,Neutral,4.541502,1.756867,Very Bullish
2023-12-22 21:00:00,CHFJPY,fx,-0.234350,Neutral,1.614590,0.813805,Bullish
2023-12-22 21:00:00,AUDNZD,fx,0.353952,Neutral,0.096840,0.055719,Neutral
2023-12-22 21:00:00,AUDCAD,fx,-0.076220,Neutral,-0.518902,-0.246275,Neutral
2023-12-22 21:00:00,AUDCHF,fx,0.151334,Neutral,2.408010,0.913856,Bullish
2023-12-22 21:00:00,NZDCAD,fx,-0.525786,Neutral,-0.615741,-0.380792,Neutral
2023-12-22 21:00:00,NZDCHF,fx,0.486876,Neutral,2.311171,0.850008,Bullish
2023-12-22 21:00:00,CADCHF,fx,1.012662,Bullish,2.926912,1.246025,Bullish
2023-12-22 21:00:00,DJIA,cross,2.406779,Bullish,2.479545,1.429132,Bullish
2023-12-22 21:00:00,SP500,cross,2.406779,Bullish,2.479545,1.429132,Bullish
2023-12-22 21:00:00,NASDAQ,cross,2.406779,Bullish,2.479545,1.429132,Bullish
2023-12-22 21:00:00,DAX,cross,5.868234,Very Bullish,4.492275,2.472358,Very Bullish
2023-12-22 21:00:00,NIKKEI,cross,-1.178949,Neutral,-0.923600,-0.630444,Neutral
2023-12-22 21:00:00,FTSE100,cross,1.712433,Bullish,1.841758,0.981747,Bullish
2023-12-22 21:00:00,GOLD,cross,1.587442,Neutral,1.030497,0.584513,Neutral
2023-12-22 21:00:00,SILVER,cross,1.587442,Neutral,1.030497,0.585843,Neutral
2023-12-29 21:00:00,US-DOLLAR,fx,-0.818048,Neutral,1.016906,0.610388,Neutral
2023-12-29 21:00:00,EURUSD,fx,-0.003142,Neutral,-0.808402,-0.489052,Neutral
2023-12-29 21:00:00,GBPUSD,fx,-0.487401,Neutral,-1.157112,-0.579715,Neutral
2023-12-29 21:00:00,USDJPY,fx,-0.302977,Neutral,4.498861,1.490182,Bullish
2023-12-29 21:00:00,USDCHF,fx,1.315147,Bullish,3.500510,1.240436,Bullish
2023-12-29 21:00:00,USDCAD,fx,-0.152335,Neutral,0.996609,0.548492,Neutral
2023-12-29 21:00:00,AUDUSD,fx,-0.065323,Neutral,-0.880993,-0.400634,Neutral
2023-12-29 21:00:00,NZDUSD,fx,-0.573662,Neutral,-0.766327,-0.496326,Neutral
2023-12-29 21:00:00,EURGBP,fx,0.523683,Neutral,0.348709,0.176562,Neutral
2023-12-29 21:00:00,EURJPY,fx,-0.596931,Neutral,3.690458,1.368357,Bullish
2023-12-29 21:00:00,EURCHF,fx,1.158409,Bullish,2.692107,1.081602,Bullish
2023-12-29 21:00:00,EURAUD,fx,0.102027,Neutral,0.072591,0.036588,Neutral
2023-12-29 21:00:00,EURNZD,fx,0.416924,Neutral,-0.042075,-0.027627,Neutral
2023-12-29 21:00:00,EURCAD,fx,0.089189,Neutral,0.188207,0.103695,Neutral
2023-12-29 21:00:00,GBPJPY,fx,-0.740114,Neutral,3.341749,1.078680,Bullish
2023-12-29 21:00:00,GBPCHF,fx,0.771778,Neutral,2.343398,0.738543,Bullish
2023-12-29 21:00:00,GBPAUD,fx,-0.445568,Neutral,-0.276118,-0.147973,Neutral
2023-12-29 21:00:00,GBPNZD,fx,0.030294,Neutral,-0.390784,-0.211235,Neutral
2023-12-29 21:00:00,GBPCAD,fx,-0.400100,Neutral,-0.160502,-0.070644,Neutral
2023-12-29 21:00:00,AUDJPY,fx,-0.515737,Neutral,3.617867,1.452376,Bullish
2023-12-29 21:00:00,NZDJPY,fx,0.188672,Neutral,3.732534,1.310121,Bullish
2023-12-29 21:00:00,CADJPY,fx,-0.558408,Neutral,3.502251,1.354836,Bullish
2023-12-29 21:00:00,CHFJPY,fx,-0.552813,Neutral,0.998351,0.503201,Neutral
2023-12-29 21:00:00,AUDNZD,fx,0.226648,Neutral,-0.114666,-0.065976,Neutral
2023-12-29 21:00:00,AUDCAD,fx,-0.027505,Neutral,0.115616,0.054872,Neutral
2023-12-29 21:00:00,AUDCHF,fx,0.278638,Neutral,2.619516,0.994124,Bullish
2023-12-29 21:00:00,NZDCAD,fx,-0.016569,Neutral,0.230282,0.142413,Neutral
2023-12-29 21:00:00,NZDCHF,fx,0.741485,Neutral,2.734182,1.005584,Bullish
2023-12-29 21:00:00,CADCHF,fx,0.758054,Neutral,2.503900,1.065943,Bullish
2023-12-29 21:00:00,DJIA,cross,2.742547,Bullish,2.307405,1.329916,Bullish
2023-12-29 21:00:00,SP500,cross,2.742547,Bullish,2.307405,1.329916,Bullish
2023-12-29 21:00:00,NASDAQ,cross,2.742547,Bullish,2.307405,1.329916,Bullish
2023-12-29 21:00:00,DAX,cross,6.538064,Very Bullish,4.881966,2.686827,Very Bullish
2023-12-29 21:00:00,NIKKEI,cross,0.330002,Neutral,-0.027602,-0.018841,Neutral
2023-12-29 21:00:00,FTSE100,cross,2.660107,Bullish,2.396957,1.277696,Bullish
2023-12-29 21:00:00,GOLD,cross,1.585757,Neutral,1.498505,0.849974,Bullish
2023-12-29 21:00:00,SILVER,cross,1.922140,Bullish,1.646514,0.936051,Bullish
2024-01-05 21:00:00,US-DOLLAR,fx,0.031874,Neutral,1.576684,0.946389,Bullish
2024-01-05 21:00:00,EURUSD,fx,0.518919,Neutral,-0.035539,-0.021500,Neutral
2024-01-05 21:00:00,GBPUSD,fx,-0.902935,Bearish,-1.716890,-0.860165,Bearish
2024-01-05 21:00:00,USDJPY,fx,0.035230,Neutral,4.847133,1.605543,Very Bullish
2024-01-05 21:00:00,USDCHF,fx,1.301384,Bullish,3.637276,1.288900,Bullish
2024-01-05 21:00:00,USDCAD,fx,-0.416460,Neutral,0.880370,0.484519,Neutral
2024-01-05 21:00:00,AUDUSD,fx,-0.630621,Neutral,-1.440771,-0.655194,Neutral
2024-01-05 21:00:00,NZDUSD,fx,-0.941811,Bearish,-1.537611,-0.995862,Bearish
2024-01-05 21:00:00,EURGBP,fx,1.424890,Bullish,1.681350,0.851317,Bullish
2024-01-05 21:00:00,EURJPY,fx,0.230019,Neutral,4.811594,1.784054,Very Bullish
2024-01-05 21:00:00,EURCHF,fx,1.904620,Bullish,3.601737,1.447062,Bullish
2024-01-05 21:00:00,EURAUD,fx,1.120565,Bullish,1.405232,0.708282,Bullish
2024-01-05 21:00:00,EURNZD,fx,1.545048,Bullish,1.502072,0.986259,Bullish
2024-01-05 21:00:00,EURCAD,fx,0.350143,Neutral,0.844831,0.465472,Neutral
2024-01-05 21:00:00,GBPJPY,fx,-0.751787,Neutral,3.130243,1.010408,Bullish
2024-01-05 21:00:00,GBPCHF,fx,0.517170,Neutral,1.920386,0.605227,Neutral
2024-01-05 21:00:00,GBPAUD,fx,-0.366837,Neutral,-0.276118,-0.147973,Neutral
2024-01-05 21:00:00,GBPNZD,fx,0.157598,Neutral,-0.179278,-0.096907,Neutral
2024-01-05 21:00:00,GBPCAD,fx,-1.022242,Bearish,-0.836519,-0.368186,Neutral
2024-01-05 21:00:00,AUDJPY,fx,-0.542216,Neutral,3.406362,1.367467,Bullish
2024-01-05 21:00:00,NZDJPY,fx,-0.065937,Neutral,3.309522,1.161643,Bullish
2024-01-05 21:00:00,CADJPY,fx,-0.050253,Neutral,3.966763,1.534531,Very Bullish
2024-01-05 21:00:00,CHFJPY,fx,-0.425509,Neutral,1.209857,0.609807,Neutral
2024-01-05 21:00:00,AUDNZD,fx,0.353952,Neutral,0.096840,0.055719,Neutral
2024-01-05 21:00:00,AUDCAD,fx,-0.817057,Neutral,-0.560401,-0.265971,Neutral
2024-01-05 21:00:00,AUDCHF,fx,0.024030,Neutral,2.196505,0.833588,Bullish
2024-01-05 21:00:00,NZDCAD,fx,-0.668570,Neutral,-0.657241,-0.406457,Neutral
2024-01-05 21:00:00,NZDCHF,fx,0.359572,Neutral,2.099665,0.772219,Bullish
2024-01-05 21:00:00,CADCHF,fx,1.028143,Bullish,2.756906,1.173651,Bullish
2024-01-05 21:00:00,DJIA,cross,2.478541,Bullish,2.834718,1.633844,Very Bullish
2024-01-05 21:00:00,SP500,cross,2.478541,Bullish,2.834718,1.633844,Very Bullish
2024-01-05 21:00:00,NASDAQ,cross,2.478541,Bullish,2.834718,1.633844,Very Bullish
2024-01-05 21:00:00,DAX,cross,3.871466,Very Bullish,3.451238,1.899416,Very Bullish
2024-01-05 21:00:00,NIKKEI,cross,0.053695,Neutral,0.117345,0.080099,Neutral
2024-01-05 21:00:00,FTSE100,cross,2.255621,Bullish,2.480513,1.322235,Bullish
2024-01-05 21:00:00,GOLD,cross,0.001808,Neutral,0.909150,0.515683,Neutral
2024-01-05 21:00:00,SILVER,cross,0.338191,Neutral,1.057158,0.601000,Neutral
2024-01-12 21:00:00,US-DOLLAR,fx,-0.064569,Neutral,1.567282,0.940745,Bullish
2024-01-12 21:00:00,EURUSD,fx,1.271389,Bullish,0.398518,0.241088,Neutral
2024-01-12 21:00:00,GBPUSD,fx,-0.710333,Neutral,-1.681554,-0.842462,Bearish
2024-01-12 21:00:00,USDJPY,fx,0.747756,Neutral,5.561575,1.842191,Very Bullish
2024-01-12 21:00:00,USDCHF,fx,0.663734,Neutral,2.824720,1.000964,Bullish
2024-01-12 21:00:00,USDCAD,fx,-0.405836,Neutral,1.293980,0.712152,Bullish
2024-01-12 21:00:00,AUDUSD,fx,-0.204973,Neutral,-1.642875,-0.747101,Bearish
2024-01-12 21:00:00,NZDUSD,fx,-1.050372,Bearish,-1.528209,-0.989772,Bearish
2024-01-12 21:00:00,EURGBP,fx,1.779472,Bullish,2.080072,1.053201,Bullish
2024-01-12 21:00:00,EURJPY,fx,1.508390,Bullish,5.960093,2.209897,Very Bullish
2024-01-12 21:00:00,EURCHF,fx,1.428498,Bullish,3.223239,1.294993,Bullish
2024-01-12 21:00:00,EURAUD,fx,1.462968,Bullish,2.041393,1.028928,Bullish
2024-01-12 21:00:00,EURNZD,fx,1.785465,Bullish,1.926727,1.265087,Bullish
2024-01-12 21:00:00,EURCAD,fx,1.168683,Bullish,1.692498,0.932506,Bullish
2024-01-12 21:00:00,GBPJPY,fx,-0.040304,Neutral,3.880020,1.252427,Bullish
2024-01-12 21:00:00,GBPCHF,fx,-0.228636,Neutral,1.143166,0.360279,Neutral
2024-01-12 21:00:00,GBPAUD,fx,-0.387574,Neutral,-0.038679,-0.020729,Neutral
2024-01-12 21:00:00,GBPNZD,fx,0.158003,Neutral,-0.153346,-0.082890,Neutral
2024-01-12 21:00:00,GBPCAD,fx,-0.644219,Neutral,-0.387575,-0.170587,Neutral
2024-01-12 21:00:00,AUDJPY,fx,0.098115,Neutral,3.918700,1.573143,Very Bullish
2024-01-12 21:00:00,NZDJPY,fx,0.458761,Neutral,4.033366,1.415713,Bullish
2024-01-12 21:00:00,CADJPY,fx,0.492708,Neutral,4.267595,1.650907,Very Bullish
2024-01-12 21:00:00,CHFJPY,fx,0.845399,Neutral,2.736854,1.379463,Bullish
2024-01-12 21:00:00,AUDNZD,fx,0.226648,Neutral,-0.114666,-0.065976,Neutral
2024-01-12 21:00:00,AUDCAD,fx,-0.317203,Neutral,-0.348895,-0.165589,Neutral
2024-01-12 21:00:00,AUDCHF,fx,-0.159991,Neutral,1.181846,0.448518,Neutral
2024-01-12 21:00:00,NZDCAD,fx,-0.413962,Neutral,-0.234229,-0.144854,Neutral
2024-01-12 21:00:00,NZDCHF,fx,-0.386639,Neutral,1.296512,0.476834,Neutral
2024-01-12 21:00:00,CADCHF,fx,0.027323,Neutral,1.530741,0.651656,Neutral
2024-01-12 21:00:00,DJIA,cross,2.168855,Bullish,1.546010,0.891072,Bullish
2024-01-12 21:00:00,SP500,cross,2.168855,Bullish,1.546010,0.891072,Bullish
2024-01-12 21:00:00,NASDAQ,cross,2.168855,Bullish,1.546010,0.891072,Bullish
2024-01-12 21:00:00,DAX,cross,5.065967,Very Bullish,4.117872,2.266303,Very Bullish
2024-01-12 21:00:00,NIKKEI,cross,0.197946,Neutral,-0.439728,-0.300156,Neutral
2024-01-12 21:00:00,FTSE100,cross,3.878220,Very Bullish,3.206731,1.709345,Very Bullish
2024-01-12 21:00:00,GOLD,cross,0.596080,Neutral,0.767073,0.435096,Neutral
2024-01-12 21:00:00,SILVER,cross,1.268846,Neutral,1.063091,0.604372,Neutral
2024-01-19 21:00:00,US-DOLLAR,fx,1.184506,Bullish,2.911723,1.747733,Very Bullish
2024-01-19 21:00:00,EURUSD,fx,1.196104,Bullish,-0.099899,-0.060435,Neutral
2024-01-19 21:00:00,GBPUSD,fx,-0.904482,Bearish,-2.576787,-1.290975,Bearish
2024-01-19 21:00:00,USDJPY,fx,1.162630,Bullish,6.729525,2.229057,Very Bullish
2024-01-19 21:00:00,USDCHF,fx,0.374536,Neutral,2.942996,1.042876,Bullish
2024-01-19 21:00:00,USDCAD,fx,-0.117006,Neutral,1.993239,1.096994,Bullish
2024-01-19 21:00:00,AUDUSD,fx,-0.923362,Bearish,-3.525277,-1.603127,Very Bearish
2024-01-19 21:00:00,NZDUSD,fx,-1.634690,Bearish,-2.661143,-1.723539,Very Bearish
2024-01-19 21:00:00,EURGBP,fx,1.787631,Bullish,2.476888,1.254121,Bullish
2024-01-19 21:00:00,EURJPY,fx,2.156049,Very Bullish,6.629626,2.458148,Very Bullish
2024-01-19 21:00:00,EURCHF,fx,0.936896,Bullish,2.843098,1.142265,Bullish
2024-01-19 21:00:00,EURAUD,fx,2.039670,Very Bullish,3.425378,1.726501,Very Bullish
2024-01-19 21:00:00,EURNZD,fx,2.167377,Very Bullish,2.561245,1.681710,Very Bullish
2024-01-19 21:00:00,EURCAD,fx,1.286276,Bullish,1.893340,1.043162,Bullish
2024-01-19 21:00:00,GBPJPY,fx,0.278207,Neutral,4.152738,1.340458,Bullish
2024-01-19 21:00:00,GBPCHF,fx,-0.992223,Bearish,0.366209,0.115414,Neutral
2024-01-19 21:00:00,GBPAUD,fx,0.214250,Neutral,0.948490,0.508301,Neutral
2024-01-19 21:00:00,GBPNZD,fx,0.267931,Neutral,0.084357,0.045598,Neutral
2024-01-19 21:00:00,GBPCAD,fx,-0.527334,Neutral,-0.583548,-0.256843,Neutral
2024-01-19 21:00:00,AUDJPY,fx,0.074047,Neutral,3.204248,1.286330,Bullish
2024-01-19 21:00:00,NZDJPY,fx,0.475217,Neutral,4.068381,1.428003,Bullish
2024-01-19 21:00:00,CADJPY,fx,0.806439,Neutral,4.736286,1.832219,Very Bullish
2024-01-19 21:00:00,CHFJPY,fx,1.735370,Bullish,3.786528,1.908532,Very Bullish
2024-01-19 21:00:00,AUDNZD,fx,-0.175905,Neutral,-0.864133,-0.497200,Neutral
2024-01-19 21:00:00,AUDCAD,fx,-0.768959,Neutral,-1.532038,-0.727118,Bearish
2024-01-19 21:00:00,AUDCHF,fx,-1.436059,Bearish,-0.582280,-0.220979,Neutral
2024-01-19 21:00:00,NZDCAD,fx,-0.715969,Neutral,-0.667905,-0.413052,Neutral
2024-01-19 21:00:00,NZDCHF,fx,-1.260154,Bearish,0.281853,0.103661,Neutral
2024-01-19 21:00:00,CADCHF,fx,-0.544185,Neutral,0.949758,0.404324,Neutral
2024-01-19 21:00:00,DJIA,cross,-0.658652,Neutral,1.391230,0.801862,Bullish
2024-01-19 21:00:00,SP500,cross,-0.658652,Neutral,1.391230,0.801862,Bullish
2024-01-19 21:00:00,NASDAQ,cross,-0.658652,Neutral,1.391230,0.801862,Bullish
2024-01-19 21:00:00,DAX,cross,2.826379,Bullish,4.121895,2.268517,Very Bullish
2024-01-19 21:00:00,NIKKEI,cross,-2.587750,Bearish,-1.628134,-1.111354,Bearish
2024-01-19 21:00:00,FTSE100,cross,-0.170419,Neutral,1.980915,1.055925,Bullish
2024-01-19 21:00:00,GOLD,cross,-2.762088,Bearish,-0.410943,-0.233093,Neutral
2024-01-19 21:00:00,SILVER,cross,-2.425704,Bearish,-0.262934,-0.149479,Neutral
2024-01-26 21:00:00,US-DOLLAR,fx,1.183999,Bullish,2.467585,1.481143,Bullish
2024-01-26 21:00:00,EURUSD,fx,0.910318,Bullish,0.132733,0.080298,Neutral
2024-01-26 21:00:00,GBPUSD,fx,-0.482781,Neutral,-2.132649,-1.068462,Bearish
2024-01-26 21:00:00,USDJPY,fx,1.682705,Bullish,6.655105,2.204407,Very Bullish
2024-01-26 21:00:00,USDCHF,fx,0.328091,Neutral,2.498859,0.885492,Bullish
2024-01-26 21:00:00,USDCAD,fx,0.287121,Neutral,1.760607,0.968964,Bullish
2024-01-26 21:00:00,AUDUSD,fx,-0.821031,Neutral,-2.869633,-1.304972,Bearish
2024-01-26 21:00:00,NZDUSD,fx,-1.278791,Bearish,-1.833023,-1.187191,Bearish
2024-01-26 21:00:00,EURGBP,fx,1.075485,Bullish,2.265382,1.147029,Bullish
2024-01-26 21:00:00,EURJPY,fx,2.353440,Very Bullish,6.787838,2.516810,Very Bullish
2024-01-26 21:00:00,EURCHF,fx,0.809591,Neutral,2.631592,1.057289,Bullish
2024-01-26 21:00:00,EURAUD,fx,1.705639,Bullish,3.002366,1.513289,Very Bullish
2024-01-26 21:00:00,EURNZD,fx,1.730620,Bullish,1.965756,1.290713,Bullish
2024-01-26 21:00:00,EURCAD,fx,1.359906,Bullish,1.893340,1.043162,Bullish
2024-01-26 21:00:00,GBPJPY,fx,0.960594,Bullish,4.522455,1.459798,Bullish
2024-01-26 21:00:00,GBPCHF,fx,-0.992223,Bearish,0.366209,0.115414,Neutral
2024-01-26 21:00:00,GBPAUD,fx,0.484815,Neutral,0.736984,0.394954,Neutral
2024-01-26 21:00:00,GBPNZD,fx,-0.041522,Neutral,-0.299626,-0.161960,Neutral
2024-01-26 21:00:00,GBPCAD,fx,0.227482,Neutral,-0.372042,-0.163751,Neutral
2024-01-26 21:00:00,AUDJPY,fx,0.585964,Neutral,3.785471,1.519659,Very Bullish
2024-01-26 21:00:00,NZDJPY,fx,0.959373,Bullish,4.822081,1.692552,Very Bullish
2024-01-26 21:00:00,CADJPY,fx,1.159356,Bullish,4.894498,1.893423,Very Bullish
2024-01-26 21:00:00,CHFJPY,fx,1.910073,Bullish,4.156246,2.094882,Very Bullish
2024-01-26 21:00:00,AUDNZD,fx,-0.358054,Neutral,-1.036610,-0.596438,Neutral
2024-01-26 21:00:00,AUDCAD,fx,-0.375862,Neutral,-1.109026,-0.526353,Neutral
2024-01-26 21:00:00,AUDCHF,fx,-1.308755,Bearish,-0.370774,-0.140711,Neutral
2024-01-26 21:00:00,NZDCAD,fx,-0.279212,Neutral,-0.072417,-0.044785,Neutral
2024-01-26 21:00:00,NZDCHF,fx,-0.950700,Bearish,0.665835,0.244882,Neutral
2024-01-26 21:00:00,CADCHF,fx,-0.671489,Neutral,0.738252,0.314284,Neutral
2024-01-26 21:00:00,DJIA,cross,-1.974363,Bearish,-0.101138,-0.058293,Neutral
2024-01-26 21:00:00,SP500,cross,-1.974363,Bearish,-0.101138,-0.058293,Neutral
2024-01-26 21:00:00,NASDAQ,cross,-1.974363,Bearish,-0.101138,-0.058293,Neutral
2024-01-26 21:00:00,DAX,cross,2.578695,Bullish,4.113348,2.263813,Very Bullish
2024-01-26 21:00:00,NIKKEI,cross,-2.810197,Bearish,-1.050120,-0.716805,Bearish
2024-01-26 21:00:00,FTSE100,cross,-0.762883,Neutral,1.797933,0.958387,Bullish
2024-01-26 21:00:00,GOLD,cross,-2.312888,Bearish,0.197235,0.111875,Neutral
2024-01-26 21:00:00,SILVER,cross,-1.303739,Neutral,0.641261,0.364560,Neutral
2024-02-02 21:00:00,US-DOLLAR,fx,2.528819,Very Bullish,4.163383,2.499029,Very Bullish
2024-02-02 21:00:00,EURUSD,fx,0.532868,Neutral,-0.802119,-0.485250,Neutral
2024-02-02 21:00:00,GBPUSD,fx,-0.915112,Bearish,-3.828448,-1.918060,Very Bearish
2024-02-02 21:00:00,USDJPY,fx,2.474469,Very Bullish,9.160369,3.034239,Very Bullish
2024-02-02 21:00:00,USDCHF,fx,1.226260,Bullish,4.634158,1.642154,Very Bullish
2024-02-02 21:00:00,USDCAD,fx,-0.090300,Neutral,1.631039,0.897655,Bullish
2024-02-02 21:00:00,AUDUSD,fx,-3.169869,Very Bearish,-7.271428,-3.306698,Very Bearish
2024-02-02 21:00:00,NZDUSD,fx,-1.858363,Bearish,-3.528822,-2.285506,Very Bearish
2024-02-02 21:00:00,EURGBP,fx,1.381973,Bullish,3.026328,1.532318,Very Bullish
2024-02-02 21:00:00,EURJPY,fx,2.929173,Very Bullish,8.358250,3.099092,Very Bullish
2024-02-02 21:00:00,EURCHF,fx,1.686591,Bullish,3.832039,1.539590,Very Bullish
2024-02-02 21:00:00,EURAUD,fx,3.365931,Very Bullish,6.469309,3.260741,Very Bullish
2024-02-02 21:00:00,EURNZD,fx,2.318693,Very Bullish,2.726703,1.790350,Very Bullish
2024-02-02 21:00:00,EURCAD,fx,0.545909,Neutral,0.828920,0.456705,Neutral
2024-02-02 21:00:00,GBPJPY,fx,1.462876,Bullish,5.331921,1.721085,Very Bullish
2024-02-02 21:00:00,GBPCHF,fx,-0.673625,Neutral,0.805711,0.253927,Neutral
2024-02-02 21:00:00,GBPAUD,fx,2.330807,Very Bullish,3.442981,1.845113,Very Bullish
2024-02-02 21:00:00,GBPNZD,fx,-0.041522,Neutral,-0.299626,-0.161960,Neutral
2024-02-02 21:00:00,GBPCAD,fx,-0.857589,Neutral,-2.197409,-0.967169,Bearish
2024-02-02 21:00:00,AUDJPY,fx,-0.699291,Neutral,1.888940,0.758306,Bullish
2024-02-02 21:00:00,NZDJPY,fx,1.341691,Bullish,5.631547,1.976675,Very Bullish
2024-02-02 21:00:00,CADJPY,fx,2.397314,Very Bullish,7.529330,2.912700,Very Bullish
2024-02-02 21:00:00,CHFJPY,fx,1.973793,Very Bullish,4.526211,2.281356,Very Bullish
2024-02-02 21:00:00,AUDNZD,fx,-2.180165,Very Bearish,-3.742607,-2.153399,Very Bearish
2024-02-02 21:00:00,AUDCAD,fx,-3.182958,Very Bearish,-5.640390,-2.676977,Very Bearish
2024-02-02 21:00:00,AUDCHF,fx,-2.812268,Very Bearish,-2.637270,-1.000862,Bearish
2024-02-02 21:00:00,NZDCAD,fx,-1.712903,Bearish,-1.897783,-1.173644,Bearish
2024-02-02 21:00:00,NZDCHF,fx,-0.632102,Neutral,1.105337,0.406523,Neutral
2024-02-02 21:00:00,CADCHF,fx,1.080801,Bullish,3.003119,1.278467,Bullish
2024-02-02 21:00:00,DJIA,cross,-0.505385,Neutral,2.381122,1.372405,Bullish
2024-02-02 21:00:00,SP500,cross,-0.505385,Neutral,2.381122,1.372405,Bullish
2024-02-02 21:00:00,NASDAQ,cross,-0.505385,Neutral,2.381122,1.372405,Bullish
2024-02-02 21:00:00,DAX,cross,4.568072,Very Bullish,5.185667,2.853972,Very Bullish
2024-02-02 21:00:00,NIKKEI,cross,-4.962925,Very Bearish,-2.279301,-1.555837,Bearish
2024-02-02 21:00:00,FTSE100,cross,-0.929329,Neutral,1.848672,0.985433,Bullish
2024-02-02 21:00:00,GOLD,cross,-4.315441,Very Bearish,-1.442504,-0.818210,Bearish
2024-02-02 21:00:00,SILVER,cross,-4.315441,Very Bearish,-1.442504,-0.820071,Bearish
2024-02-09 21:00:00,US-DOLLAR,fx,3.112864,Very Bullish,4.837146,2.903449,Very Bullish
2024-02-09 21:00:00,EURUSD,fx,0.530462,Neutral,-1.052870,-0.636945,Neutral
2024-02-09 21:00:00,GBPUSD,fx,-1.283262,Bearish,-4.713717,-2.361581,Very Bearish
2024-02-09 21:00:00,USDJPY,fx,2.282286,Very Bullish,9.110288,3.017651,Very Bullish
2024-02-09 21:00:00,USDCHF,fx,1.331971,Bullish,5.096415,1.805959,Very Bullish
2024-02-09 21:00:00,USDCAD,fx,-0.320989,Neutral,1.587285,0.873575,Bullish
2024-02-09 21:00:00,AUDUSD,fx,-3.501634,Very Bearish,-7.522180,-3.420727,Very Bearish
2024-02-09 21:00:00,NZDUSD,fx,0.292981,Neutral,-1.053037,-0.682019,Neutral
2024-02-09 21:00:00,EURGBP,fx,1.724999,Bullish,3.660846,1.853593,Very Bullish
2024-02-09 21:00:00,EURJPY,fx,2.715714,Very Bullish,8.057418,2.987548,Very Bullish
2024-02-09 21:00:00,EURCHF,fx,1.813895,Bullish,4.043545,1.624566,Very Bullish
2024-02-09 21:00:00,EURAUD,fx,3.655968,Very Bullish,6.469309,3.260741,Very Bullish
2024-02-09 21:00:00,EURNZD,fx,0.188943,Neutral,0.000166,0.000109,Neutral
2024-02-09 21:00:00,EURCAD,fx,0.187288,Neutral,0.534415,0.294443,Neutral
2024-02-09 21:00:00,GBPJPY,fx,0.829160,Neutral,4.396571,1.419164,Bullish
2024-02-09 21:00:00,GBPCHF,fx,-0.928233,Bearish,0.382699,0.120611,Neutral
2024-02-09 21:00:00,GBPAUD,fx,2.160595,Very Bullish,2.808463,1.505071,Bullish
2024-02-09 21:00:00,GBPNZD,fx,-2.553185,Very Bearish,-3.660680,-1.978746,Very Bearish
2024-02-09 21:00:00,GBPCAD,fx,-1.520900,Bearish,-3.126431,-1.376070,Bearish
2024-02-09 21:00:00,AUDJPY,fx,-0.984894,Bearish,1.588108,0.637538,Neutral
2024-02-09 21:00:00,NZDJPY,fx,3.201352,Very Bullish,8.057251,2.828098,Very Bullish
2024-02-09 21:00:00,CADJPY,fx,2.438417,Very Bullish,7.523003,2.910252,Very Bullish
2024-02-09 21:00:00,CHFJPY,fx,1.576400,Bullish,4.013872,2.023121,Very Bullish
2024-02-09 21:00:00,AUDNZD,fx,-4.309916,Very Bearish,-6.469143,-3.722177,Very Bearish
2024-02-09 21:00:00,AUDCAD,fx,-3.735283,Very Bearish,-5.934895,-2.816751,Very Bearish
2024-02-09 21:00:00,AUDCHF,fx,-2.684963,Very Bearish,-2.425764,-0.920594,Bearish
2024-02-09 21:00:00,NZDCAD,fx,0.003973,Neutral,0.534248,0.330395,Neutral
2024-02-09 21:00:00,NZDCHF,fx,1.624952,Bullish,4.043379,1.487083,Bullish
2024-02-09 21:00:00,CADCHF,fx,1.620979,Bullish,3.509130,1.493883,Bullish
2024-02-09 21:00:00,DJIA,cross,-0.461323,Neutral,2.666859,1.537095,Bullish
2024-02-09 21:00:00,SP500,cross,-0.461323,Neutral,2.666859,1.537095,Bullish
2024-02-09 21:00:00,NASDAQ,cross,-0.461323,Neutral,2.666859,1.537095,Bullish
2024-02-09 21:00:00,DAX,cross,3.937702,Very Bullish,4.434233,2.440414,Very Bullish
2024-02-09 21:00:00,NIKKEI,cross,-4.897272,Very Bearish,-1.884968,-1.286668,Bearish
2024-02-09 21:00:00,FTSE100,cross,-1.576910,Neutral,0.919090,0.489920,Neutral
2024-02-09 21:00:00,GOLD,cross,-5.249508,Very Bearish,-2.546356,-1.444331,Bearish
2024-02-09 21:00:00,SILVER,cross,-4.576742,Very Bearish,-2.250339,-1.279329,Bearish
2024-02-16 21:00:00,US-DOLLAR,fx,3.122057,Very Bullish,4.249846,2.550928,Very Bullish
2024-02-16 21:00:00,EURUSD,fx,-0.601427,Neutral,-1.949398,-1.179309,Bearish
2024-02-16 21:00:00,GBPUSD,fx,-0.525667,Neutral,-1.669924,-0.836635,Bearish
2024-02-16 21:00:00,USDJPY,fx,2.282197,Very Bullish,8.469694,2.805463,Very Bullish
2024-02-16 21:00:00,USDCHF,fx,2.577998,Very Bullish,6.242610,2.212122,Very Bullish
2024-02-16 21:00:00,USDCAD,fx,-0.196940,Neutral,1.211491,0.666754,Neutral
2024-02-16 21:00:00,AUDUSD,fx,-3.711571,Very Bearish,-6.665899,-3.031332,Very Bearish
2024-02-16 21:00:00,NZDUSD,fx,0.484531,Neutral,-0.465737,-0.301643,Neutral
2024-02-16 21:00:00,EURGBP,fx,0.046918,Neutral,-0.279474,-0.141506,Neutral
2024-02-16 21:00:00,EURJPY,fx,2.002989,Very Bullish,6.520296,2.417611,Very Bullish
2024-02-16 21:00:00,EURCHF,fx,2.329381,Very Bullish,4.293212,1.724874,Very Bullish
2024-02-16 21:00:00,EURAUD,fx,2.791378,Very Bullish,4.716501,2.377269,Very Bullish
2024-02-16 21:00:00,EURNZD,fx,-0.733147,Neutral,-1.483661,-0.974170,Bearish
2024-02-16 21:00:00,EURCAD,fx,-0.873382,Neutral,-0.737907,-0.406560,Neutral
2024-02-16 21:00:00,GBPJPY,fx,1.768252,Bullish,6.799770,2.194890,Very Bullish
2024-02-16 21:00:00,GBPCHF,fx,1.893935,Bullish,4.572686,1.441124,Bullish
2024-02-16 21:00:00,GBPAUD,fx,2.792359,Very Bullish,4.995975,2.677372,Very Bullish
2024-02-16 21:00:00,GBPNZD,fx,-1.168594,Bearish,-1.204187,-0.650912,Neutral
2024-02-16 21:00:00,GBPCAD,fx,-0.758580,Neutral,-0.458432,-0.201775,Neutral
2024-02-16 21:00:00,AUDJPY,fx,-0.989974,Bearish,1.803795,0.724125,Bullish
2024-02-16 21:00:00,NZDJPY,fx,3.121447,Very Bullish,8.003957,2.809392,Very Bullish
2024-02-16 21:00:00,CADJPY,fx,2.541135,Very Bullish,7.258203,2.807815,Very Bullish
2024-02-16 21:00:00,CHFJPY,fx,0.058918,Neutral,2.227084,1.122522,Bullish
2024-02-16 21:00:00,AUDNZD,fx,-4.172291,Very Bearish,-6.200162,-3.567412,Very Bearish
2024-02-16 21:00:00,AUDCAD,fx,-3.911388,Very Bearish,-5.454408,-2.588708,Very Bearish
2024-02-16 21:00:00,AUDCHF,fx,-1.109762,Bearish,-0.423289,-0.160641,Neutral
2024-02-16 21:00:00,NZDCAD,fx,0.131277,Neutral,0.745754,0.461196,Neutral
2024-02-16 21:00:00,NZDCHF,fx,3.062529,Very Bullish,5.776873,2.124631,Very Bullish
2024-02-16 21:00:00,CADCHF,fx,2.931252,Very Bullish,5.031119,2.141813,Very Bullish
2024-02-16 21:00:00,DJIA,cross,-1.955257,Bearish,1.195689,0.689158,Bullish
2024-02-16 21:00:00,SP500,cross,-1.955257,Bearish,1.195689,0.689158,Bullish
2024-02-16 21:00:00,NASDAQ,cross,-1.955257,Bearish,1.195689,0.689158,Bullish
2024-02-16 21:00:00,DAX,cross,1.442773,Neutral,2.602666,1.432397,Bullish
2024-02-16 21:00:00,NIKKEI,cross,-4.353102,Very Bearish,-1.611339,-1.099890,Bearish
2024-02-16 21:00:00,FTSE100,cross,1.475454,Neutral,3.172140,1.690906,Very Bullish
2024-02-16 21:00:00,GOLD,cross,-5.524039,Very Bearish,-2.506071,-1.421481,Bearish
2024-02-16 21:00:00,SILVER,cross,-4.851273,Very Bearish,-2.210053,-1.256426,Bearish
2024-02-23 21:00:00,US-DOLLAR,fx,3.364929,Very Bullish,4.598118,2.759975,Very Bullish
2024-02-23 21:00:00,EURUSD,fx,-0.632896,Neutral,-2.297670,-1.390000,Bearish
2024-02-23 21:00:00,GBPUSD,fx,-0.831697,Neutral,-2.018196,-1.011120,Bearish
2024-02-23 21:00:00,USDJPY,fx,2.054814,Very Bullish,8.201727,2.716703,Very Bullish
2024-02-23 21:00:00,USDCHF,fx,2.691539,Very Bullish,6.590882,2.335536,Very Bullish
2024-02-23 21:00:00,USDCAD,fx,1.786580,Bullish,3.559293,1.958884,Very Bullish
2024-02-23 21:00:00,AUDUSD,fx,-3.806626,Very Bearish,-6.802665,-3.093527,Very Bearish
2024-02-23 21:00:00,NZDUSD,fx,-1.492810,Bearish,-2.809876,-1.819868,Very Bearish
2024-02-23 21:00:00,EURGBP,fx,0.431420,Neutral,-0.279474,-0.141506,Neutral
2024-02-23 21:00:00,EURJPY,fx,1.658746,Bullish,5.904057,2.189120,Very Bullish
2024-02-23 21:00:00,EURCHF,fx,2.329381,Very Bullish,4.293212,1.724874,Very Bullish
2024-02-23 21:00:00,EURAUD,fx,2.918049,Very Bullish,4.504995,2.270663,Very Bullish
2024-02-23 21:00:00,EURNZD,fx,0.533280,Neutral,0.512206,0.336314,Neutral
2024-02-23 21:00:00,EURCAD,fx,0.968252,Bullish,1.261623,0.695109,Neutral
2024-02-23 21:00:00,GBPJPY,fx,1.288554,Bullish,6.183531,1.995975,Very Bullish
2024-02-23 21:00:00,GBPCHF,fx,1.893935,Bullish,4.572686,1.441124,Bullish
2024-02-23 21:00:00,GBPAUD,fx,2.584893,Very Bullish,4.784470,2.564024,Very Bullish
2024-02-23 21:00:00,GBPNZD,fx,0.288992,Neutral,0.791681,0.427935,Neutral
2024-02-23 21:00:00,GBPCAD,fx,0.582450,Neutral,1.541097,0.678300,Neutral
2024-02-23 21:00:00,AUDJPY,fx,-1.317103,Bearish,1.399062,0.561647,Neutral
2024-02-23 21:00:00,NZDJPY,fx,0.891394,Bullish,5.391851,1.892542,Very Bullish
2024-02-23 21:00:00,CADJPY,fx,0.779319,Neutral,4.642434,1.795913,Very Bullish
2024-02-23 21:00:00,CHFJPY,fx,-0.259545,Neutral,1.610845,0.811918,Bullish
2024-02-23 21:00:00,AUDNZD,fx,-2.133398,Very Bearish,-3.992789,-2.297347,Very Bearish
2024-02-23 21:00:00,AUDCAD,fx,-2.275332,Very Bearish,-3.243372,-1.539332,Very Bearish
2024-02-23 21:00:00,AUDCHF,fx,-0.982458,Bearish,-0.211783,-0.080373,Neutral
2024-02-23 21:00:00,NZDCAD,fx,-0.040721,Neutral,0.749416,0.463461,Neutral
2024-02-23 21:00:00,NZDCHF,fx,1.158905,Bullish,3.781006,1.390587,Bullish
2024-02-23 21:00:00,CADCHF,fx,1.358924,Bullish,3.031589,1.290587,Bullish
2024-02-23 21:00:00,DJIA,cross,-0.740459,Neutral,1.413263,0.814561,Bullish
2024-02-23 21:00:00,SP500,cross,-0.740459,Neutral,1.413263,0.814561,Bullish
2024-02-23 21:00:00,NASDAQ,cross,-0.740459,Neutral,1.413263,0.814561,Bullish
2024-02-23 21:00:00,DAX,cross,2.243213,Bullish,2.297683,1.264548,Bullish
2024-02-23 21:00:00,NIKKEI,cross,-2.915110,Bearish,-1.309920,-0.894143,Bearish
2024-02-23 21:00:00,FTSE100,cross,2.594374,Bullish,3.028804,1.614501,Very Bullish
2024-02-23 21:00:00,GOLD,cross,-5.842501,Very Bearish,-3.251583,-1.844347,Very Bearish
2024-02-23 21:00:00,SILVER,cross,-5.506118,Very Bearish,-3.103575,-1.764397,Very Bearish
2024-03-01 21:00:00,US-DOLLAR,fx,2.675706,Very Bullish,3.598864,2.160183,Very Bullish
2024-03-01 21:00:00,EURUSD,fx,0.372080,Neutral,-0.924704,-0.559410,Neutral
2024-03-01 21:00:00,GBPUSD,fx,-0.440446,Neutral,-0.688716,-0.345048,Neutral
2024-03-01 21:00:00,USDJPY,fx,1.442968,Bullish,6.023289,1.995127,Very Bullish
2024-03-01 21:00:00,USDCHF,fx,2.020452,Very Bullish,5.152127,1.825700,Very Bullish
2024-03-01 21:00:00,USDCAD,fx,2.723063,Very Bullish,4.385405,2.413542,Very Bullish
2024-03-01 21:00:00,AUDUSD,fx,-2.734339,Very Bearish,-4.342259,-1.974652,Very Bearish
2024-03-01 21:00:00,NZDUSD,fx,-1.188110,Bearish,-1.810622,-1.172683,Bearish
2024-03-01 21:00:00,EURGBP,fx,0.769927,Neutral,-0.235988,-0.119488,Neutral
2024-03-01 21:00:00,EURJPY,fx,1.859833,Bullish,5.098585,1.890465,Very Bullish
2024-03-01 21:00:00,EURCHF,fx,2.301955,Very Bullish,4.227422,1.698442,Very Bullish
2024-03-01 21:00:00,EURAUD,fx,2.896053,Very Bullish,3.417555,1.722558,Very Bullish
2024-03-01 21:00:00,EURNZD,fx,0.824452,Neutral,0.885918,0.581693,Neutral
2024-03-01 21:00:00,EURCAD,fx,2.842650,Very Bullish,3.460701,1.906722,Very Bullish
2024-03-01 21:00:00,GBPJPY,fx,0.981101,Bullish,5.334573,1.721941,Very Bullish
2024-03-01 21:00:00,GBPCHF,fx,1.766495,Bullish,4.463410,1.406685,Bullish
2024-03-01 21:00:00,GBPAUD,fx,1.987573,Very Bullish,3.653542,1.957954,Very Bullish
2024-03-01 21:00:00,GBPNZD,fx,0.288992,Neutral,1.121906,0.606436,Neutral
2024-03-01 21:00:00,GBPCAD,fx,1.854480,Bullish,3.696689,1.627064,Very Bullish
2024-03-01 21:00:00,AUDJPY,fx,-0.901076,Bearish,1.681030,0.674842,Neutral
2024-03-01 21:00:00,NZDJPY,fx,0.334374,Neutral,4.212667,1.478648,Bullish
2024-03-01 21:00:00,CADJPY,fx,-0.778434,Neutral,1.637884,0.633611,Neutral
2024-03-01 21:00:00,CHFJPY,fx,-0.497968,Neutral,0.871163,0.439094,Neutral
2024-03-01 21:00:00,AUDNZD,fx,-1.013736,Bearish,-2.531637,-1.456638,Bearish
2024-03-01 21:00:00,AUDCAD,fx,-0.293282,Neutral,0.043146,0.020477,Neutral
2024-03-01 21:00:00,AUDCHF,fx,-0.181394,Neutral,0.809868,0.307350,Neutral
2024-03-01 21:00:00,NZDCAD,fx,1.225707,Bullish,2.574783,1.592321,Very Bullish
2024-03-01 21:00:00,NZDCHF,fx,1.158905,Bullish,3.341504,1.228946,Bullish
2024-03-01 21:00:00,CADCHF,fx,-0.393365,Neutral,0.766722,0.326403,Neutral
2024-03-01 21:00:00,DJIA,cross,-2.368974,Bearish,-0.077059,-0.044415,Neutral
2024-03-01 21:00:00,SP500,cross,-2.368974,Bearish,-0.077059,-0.044415,Neutral
2024-03-01 21:00:00,NASDAQ,cross,-2.368974,Bearish,-0.077059,-0.044415,Neutral
2024-03-01 21:00:00,DAX,cross,0.515345,Neutral,1.682369,0.925905,Bullish
2024-03-01 21:00:00,NIKKEI,cross,-2.624712,Bearish,-0.654960,-0.447072,Neutral
2024-03-01 21:00:00,FTSE100,cross,2.564010,Bullish,3.550111,1.892383,Very Bullish
2024-03-01 21:00:00,GOLD,cross,-4.610353,Very Bearish,-2.372659,-1.345807,Bearish
2024-03-01 21:00:00,SILVER,cross,-4.610353,Very Bearish,-2.372659,-1.348868,Bearish
2024-03-08 21:00:00,US-DOLLAR,fx,1.208553,Bullish,1.994270,1.197041,Bullish
2024-03-08 21:00:00,EURUSD,fx,0.481769,Neutral,-0.279039,-0.168808,Neutral
2024-03-08 21:00:00,GBPUSD,fx,-0.089822,Neutral,0.374147,0.187448,Neutral
2024-03-08 21:00:00,USDJPY,fx,0.213312,Neutral,2.780466,0.920989,Bullish
2024-03-08 21:00:00,USDCHF,fx,0.310860,Neutral,2.109861,0.747648,Bullish
2024-03-08 21:00:00,USDCAD,fx,3.084639,Very Bullish,4.174344,2.297383,Very Bullish
2024-03-08 21:00:00,AUDUSD,fx,-0.498015,Neutral,-0.672853,-0.305981,Neutral
2024-03-08 21:00:00,NZDUSD,fx,-0.733946,Neutral,-0.417534,-0.270423,Neutral
2024-03-08 21:00:00,EURGBP,fx,0.525980,Neutral,-0.653186,-0.330727,Neutral
2024-03-08 21:00:00,EURJPY,fx,0.674768,Neutral,2.501427,0.927485,Bullish
2024-03-08 21:00:00,EURCHF,fx,0.464184,Neutral,1.830822,0.735565,Bullish
2024-03-08 21:00:00,EURAUD,fx,0.776242,Neutral,0.393814,0.198495,Neutral
2024-03-08 21:00:00,EURNZD,fx,0.242109,Neutral,0.138494,0.090935,Neutral
2024-03-08 21:00:00,EURCAD,fx,3.314307,Very Bullish,3.895305,2.146174,Very Bullish
2024-03-08 21:00:00,GBPJPY,fx,0.136854,Neutral,3.154613,1.018274,Bullish
2024-03-08 21:00:00,GBPCHF,fx,0.319909,Neutral,2.484008,0.782858,Bullish
2024-03-08 21:00:00,GBPAUD,fx,0.171691,Neutral,1.047000,0.561093,Neutral
2024-03-08 21:00:00,GBPNZD,fx,0.288992,Neutral,0.791681,0.427935,Neutral
2024-03-08 21:00:00,GBPCAD,fx,2.620354,Very Bullish,4.548491,2.001977,Very Bullish
2024-03-08 21:00:00,AUDJPY,fx,-0.084950,Neutral,2.107613,0.846091,Bullish
2024-03-08 21:00:00,NZDJPY,fx,-0.667439,Neutral,2.362933,0.829390,Bullish
2024-03-08 21:00:00,CADJPY,fx,-2.418921,Very Bearish,-1.393878,-0.539218,Neutral
2024-03-08 21:00:00,CHFJPY,fx,-0.244353,Neutral,0.670605,0.338007,Neutral
2024-03-08 21:00:00,AUDNZD,fx,0.268352,Neutral,-0.255319,-0.146904,Neutral
2024-03-08 21:00:00,AUDCAD,fx,2.341561,Very Bullish,3.501491,1.661837,Very Bullish
2024-03-08 21:00:00,AUDCHF,fx,0.251478,Neutral,1.437008,0.545354,Neutral
2024-03-08 21:00:00,NZDCAD,fx,2.290582,Very Bullish,3.756811,2.323321,Very Bullish
2024-03-08 21:00:00,NZDCHF,fx,-0.096523,Neutral,1.692328,0.622408,Neutral
2024-03-08 21:00:00,CADCHF,fx,-2.713668,Very Bearish,-2.064483,-0.878877,Bearish
2024-03-08 21:00:00,DJIA,cross,-3.231778,Bearish,-2.162848,-1.246598,Bearish
2024-03-08 21:00:00,SP500,cross,-3.231778,Bearish,-2.162848,-1.246598,Bearish
2024-03-08 21:00:00,NASDAQ,cross,-3.231778,Bearish,-2.162848,-1.246598,Bearish
2024-03-08 21:00:00,DAX,cross,2.540399,Bullish,2.436497,1.340945,Bullish
2024-03-08 21:00:00,NIKKEI,cross,-0.893068,Neutral,0.000000,0.000000,Neutral
2024-03-08 21:00:00,FTSE100,cross,2.502675,Bullish,2.985466,1.591400,Very Bullish
2024-03-08 21:00:00,GOLD,cross,-2.014813,Bearish,-1.053956,-0.597819,Neutral
2024-03-08 21:00:00,SILVER,cross,-2.014813,Bearish,-1.053956,-0.599179,Neutral
2024-03-15 21:00:00,US-DOLLAR,fx,1.212806,Bullish,2.167960,1.301297,Bullish
2024-03-15 21:00:00,EURUSD,fx,0.387213,Neutral,-0.452730,-0.273884,Neutral
2024-03-15 21:00:00,GBPUSD,fx,-0.588998,Neutral,-0.676418,-0.338887,Neutral
2024-03-15 21:00:00,USDJPY,fx,0.117512,Neutral,3.165663,1.048580,Bullish
2024-03-15 21:00:00,USDCHF,fx,-0.170212,Neutral,1.987728,0.704369,Bullish
2024-03-15 21:00:00,USDCAD,fx,3.043781,Very Bullish,4.348035,2.392975,Very Bullish
2024-03-15 21:00:00,AUDUSD,fx,-0.470505,Neutral,-0.846544,-0.384968,Neutral
2024-03-15 21:00:00,NZDUSD,fx,-0.514537,Neutral,-0.591224,-0.382917,Neutral
2024-03-15 21:00:00,EURGBP,fx,0.942478,Bullish,0.223688,0.113260,Neutral
2024-03-15 21:00:00,EURJPY,fx,0.479641,Neutral,2.712933,1.005908,Bullish
2024-03-15 21:00:00,EURCHF,fx,0.154731,Neutral,1.534998,0.616713,Neutral
2024-03-15 21:00:00,EURAUD,fx,0.731846,Neutral,0.393814,0.198495,Neutral
2024-03-15 21:00:00,EURNZD,fx,0.242109,Neutral,0.138494,0.090935,Neutral
2024-03-15 21:00:00,EURCAD,fx,3.173664,Very Bullish,3.895305,2.146174,Very Bullish
2024-03-15 21:00:00,GBPJPY,fx,-0.427855,Neutral,2.489245,0.803501,Bullish
2024-03-15 21:00:00,GBPCHF,fx,-0.445632,Neutral,1.311311,0.413272,Neutral
2024-03-15 21:00:00,GBPAUD,fx,-0.287498,Neutral,0.170126,0.091172,Neutral
2024-03-15 21:00:00,GBPNZD,fx,0.024064,Neutral,-0.085193,-0.046050,Neutral
2024-03-15 21:00:00,GBPCAD,fx,2.021182,Very Bullish,3.671618,1.616029,Very Bullish
2024-03-15 21:00:00,AUDJPY,fx,-0.120692,Neutral,2.319119,0.930999,Bullish
2024-03-15 21:00:00,NZDJPY,fx,-0.540135,Neutral,2.574439,0.903629,Bullish
2024-03-15 21:00:00,CADJPY,fx,-2.397631,Very Bearish,-1.182372,-0.457397,Neutral
2024-03-15 21:00:00,CHFJPY,fx,0.192404,Neutral,1.177934,0.593717,Neutral
2024-03-15 21:00:00,AUDNZD,fx,0.268352,Neutral,-0.255319,-0.146904,Neutral
2024-03-15 21:00:00,AUDCAD,fx,2.310285,Very Bullish,3.501491,1.661837,Very Bullish
2024-03-15 21:00:00,AUDCHF,fx,-0.057975,Neutral,1.141185,0.433087,Neutral
2024-03-15 21:00:00,NZDCAD,fx,2.290582,Very Bullish,3.756811,2.323321,Very Bullish
2024-03-15 21:00:00,NZDCHF,fx,-0.405976,Neutral,1.396504,0.513609,Neutral
2024-03-15 21:00:00,CADCHF,fx,-3.023121,Very Bearish,-2.360307,-1.004813,Bearish
2024-03-15 21:00:00,DJIA,cross,-0.636740,Neutral,0.234521,0.135171,Neutral
2024-03-15 21:00:00,SP500,cross,-0.636740,Neutral,0.234521,0.135171,Neutral
2024-03-15 21:00:00,NASDAQ,cross,-0.636740,Neutral,0.234521,0.135171,Neutral
2024-03-15 21:00:00,DAX,cross,2.985596,Bullish,2.209539,1.216037,Bullish
2024-03-15 21:00:00,NIKKEI,cross,-0.773832,Neutral,0.000000,0.000000,Neutral
2024-03-15 21:00:00,FTSE100,cross,1.510455,Neutral,1.502486,0.800898,Bullish
2024-03-15 21:00:00,GOLD,cross,-2.138470,Bearish,-1.135516,-0.644081,Neutral
2024-03-15 21:00:00,SILVER,cross,-2.138470,Bearish,-1.135516,-0.645546,Neutral
2024-03-22 21:00:00,US-DOLLAR,fx,1.049543,Bullish,2.245975,1.348124,Bullish
2024-03-22 21:00:00,EURUSD,fx,0.512723,Neutral,-0.104458,-0.063193,Neutral
2024-03-22 21:00:00,GBPUSD,fx,-0.627779,Neutral,-0.729878,-0.365670,Neutral
2024-03-22 21:00:00,USDJPY,fx,-0.162291,Neutral,2.659288,0.880851,Bullish
2024-03-22 21:00:00,USDCHF,fx,-0.411058,Neutral,1.558961,0.552431,Neutral
2024-03-22 21:00:00,USDCAD,fx,2.032573,Very Bullish,3.343917,1.840351,Very Bullish
2024-03-22 21:00:00,AUDUSD,fx,1.046613,Bullish,1.904161,0.865922,Bullish
2024-03-22 21:00:00,NZDUSD,fx,-0.528300,Neutral,-0.454458,-0.294338,Neutral
2024-03-22 21:00:00,EURGBP,fx,1.108866,Bullish,0.625420,0.316669,Neutral
2024-03-22 21:00:00,EURJPY,fx,0.254859,Neutral,2.554830,0.947286,Bullish
2024-03-22 21:00:00,EURCHF,fx,0.027426,Neutral,1.454504,0.584373,Neutral
2024-03-22 21:00:00,EURAUD,fx,-0.612649,Neutral,-2.008619,-1.012409,Bearish
2024-03-22 21:00:00,EURNZD,fx,0.369413,Neutral,0.350000,0.229810,Neutral
2024-03-22 21:00:00,EURCAD,fx,2.450134,Very Bullish,3.239459,1.784826,Very Bullish
2024-03-22 21:00:00,GBPJPY,fx,-0.785750,Neutral,1.929410,0.622792,Neutral
2024-03-22 21:00:00,GBPCHF,fx,-0.791387,Neutral,0.829083,0.261293,Neutral
2024-03-22 21:00:00,GBPAUD,fx,-1.755556,Bearish,-2.634040,-1.411597,Bearish
2024-03-22 21:00:00,GBPNZD,fx,0.195761,Neutral,-0.275420,-0.148876,Neutral
2024-03-22 21:00:00,GBPCAD,fx,1.235370,Bullish,2.614039,1.150545,Bullish
2024-03-22 21:00:00,AUDJPY,fx,0.847116,Neutral,4.563449,1.831975,Very Bullish
2024-03-22 21:00:00,NZDJPY,fx,-0.747344,Neutral,2.204830,0.773896,Bullish
2024-03-22 21:00:00,CADJPY,fx,-2.139211,Very Bearish,-0.684629,-0.264847,Neutral
2024-03-22 21:00:00,CHFJPY,fx,0.239803,Neutral,1.100327,0.554600,Neutral
2024-03-22 21:00:00,AUDNZD,fx,1.720299,Bullish,2.358620,1.357088,Bullish
2024-03-22 21:00:00,AUDCAD,fx,2.981430,Very Bullish,5.248079,2.490782,Very Bullish
2024-03-22 21:00:00,AUDCHF,fx,1.139364,Bullish,3.463123,1.314278,Bullish
2024-03-22 21:00:00,NZDCAD,fx,1.686568,Bullish,2.889459,1.786926,Very Bullish
2024-03-22 21:00:00,NZDCHF,fx,-0.660585,Neutral,1.104503,0.406217,Neutral
2024-03-22 21:00:00,CADCHF,fx,-2.673715,Very Bearish,-1.784956,-0.759879,Bearish
2024-03-22 21:00:00,DJIA,cross,-0.045653,Neutral,-0.392163,-0.226031,Neutral
2024-03-22 21:00:00,SP500,cross,-0.045653,Neutral,-0.392163,-0.226031,Neutral
2024-03-22 21:00:00,NASDAQ,cross,-0.045653,Neutral,-0.392163,-0.226031,Neutral
2024-03-22 21:00:00,DAX,cross,3.944223,Very Bullish,1.482513,0.815913,Bullish
2024-03-22 21:00:00,NIKKEI,cross,0.843394,Neutral,0.000000,0.000000,Neutral
2024-03-22 21:00:00,FTSE100,cross,0.501373,Neutral,-0.199246,-0.106208,Neutral
2024-03-22 21:00:00,GOLD,cross,-0.864638,Neutral,-1.193643,-0.677052,Bearish
2024-03-22 21:00:00,SILVER,cross,-0.864638,Neutral,-1.193643,-0.678592,Bearish
2024-03-29 21:00:00,US-DOLLAR,fx,0.789853,Neutral,2.245975,1.348124,Bullish
2024-03-29 21:00:00,EURUSD,fx,0.552993,Neutral,-0.104458,-0.063193,Neutral
2024-03-29 21:00:00,GBPUSD,fx,-0.480116,Neutral,-0.729878,-0.365670,Neutral
2024-03-29 21:00:00,USDJPY,fx,-0.290772,Neutral,2.960120,0.980497,Bullish
2024-03-29 21:00:00,USDCHF,fx,-0.411058,Neutral,1.558961,0.552431,Neutral
2024-03-29 21:00:00,USDCAD,fx,0.302366,Neutral,1.307045,0.719342,Bullish
2024-03-29 21:00:00,AUDUSD,fx,1.506085,Bullish,2.213046,1.006387,Bullish
2024-03-29 21:00:00,NZDUSD,fx,-0.146388,Neutral,0.180060,0.116619,Neutral
2024-03-29 21:00:00,EURGBP,fx,0.979013,Bullish,0.625420,0.316669,Neutral
2024-03-29 21:00:00,EURJPY,fx,0.136262,Neutral,2.855663,1.058829,Bullish
2024-03-29 21:00:00,EURCHF,fx,0.027426,Neutral,1.454504,0.584373,Neutral
2024-03-29 21:00:00,EURAUD,fx,-0.981655,Bearish,-2.317503,-1.168097,Bearish
2024-03-29 21:00:00,EURNZD,fx,-0.012500,Neutral,-0.284517,-0.186814,Neutral
2024-03-29 21:00:00,EURCAD,fx,0.900873,Bullish,1.202587,0.662582,Neutral
2024-03-29 21:00:00,GBPJPY,fx,-0.728095,Neutral,2.230242,0.719897,Bullish
2024-03-29 21:00:00,GBPCHF,fx,-0.791387,Neutral,0.829083,0.261293,Neutral
2024-03-29 21:00:00,GBPAUD,fx,-1.974042,Very Bearish,-2.942924,-1.577130,Very Bearish
2024-03-29 21:00:00,GBPNZD,fx,-0.186152,Neutral,-0.909938,-0.491858,Neutral
2024-03-29 21:00:00,GBPCAD,fx,-0.081027,Neutral,0.577167,0.254035,Neutral
2024-03-29 21:00:00,AUDJPY,fx,1.171345,Bullish,5.173166,2.076743,Very Bullish
2024-03-29 21:00:00,NZDJPY,fx,-0.095343,Neutral,3.140180,1.102204,Bullish
2024-03-29 21:00:00,CADJPY,fx,-0.747353,Neutral,1.653075,0.639488,Neutral
2024-03-29 21:00:00,CHFJPY,fx,0.509892,Neutral,1.401159,0.706229,Bullish
2024-03-29 21:00:00,AUDNZD,fx,1.338387,Bullish,2.032986,1.169727,Bullish
2024-03-29 21:00:00,AUDCAD,fx,1.883002,Bullish,3.520091,1.670665,Very Bullish
2024-03-29 21:00:00,AUDCHF,fx,1.378313,Bullish,3.772007,1.431502,Bullish
2024-03-29 21:00:00,NZDCAD,fx,0.674748,Neutral,1.487105,0.919669,Bullish
2024-03-29 21:00:00,NZDCHF,fx,-0.278672,Neutral,1.739021,0.639581,Neutral
2024-03-29 21:00:00,CADCHF,fx,-1.112720,Bearish,0.251916,0.107244,Neutral
2024-03-29 21:00:00,DJIA,cross,-0.617384,Neutral,-0.392163,-0.226031,Neutral
2024-03-29 21:00:00,SP500,cross,-0.617384,Neutral,-0.392163,-0.226031,Neutral
2024-03-29 21:00:00,NASDAQ,cross,-0.617384,Neutral,-0.392163,-0.226031,Neutral
2024-03-29 21:00:00,DAX,cross,3.406439,Bullish,1.495991,0.823330,Bullish
2024-03-29 21:00:00,NIKKEI,cross,-1.034466,Neutral,0.000000,0.000000,Neutral
2024-03-29 21:00:00,FTSE100,cross,-0.263474,Neutral,-0.199246,-0.106208,Neutral
2024-03-29 21:00:00,GOLD,cross,-0.818755,Neutral,-1.254583,-0.711618,Bearish
2024-03-29 21:00:00,SILVER,cross,-0.818755,Neutral,-1.254583,-0.713236,Bearish
2024-04-05 21:00:00,US-DOLLAR,fx,1.659907,Bullish,2.708233,1.625590,Very Bullish
2024-04-05 21:00:00,EURUSD,fx,-0.856663,Neutral,-1.788094,-1.081726,Bearish
2024-04-05 21:00:00,GBPUSD,fx,-0.981931,Bearish,-1.403641,-0.703227,Bearish
2024-04-05 21:00:00,USDJPY,fx,0.436677,Neutral,3.845389,1.273730,Bullish
2024-04-05 21:00:00,USDCHF,fx,0.695473,Neutral,3.247383,1.150738,Bullish
2024-04-05 21:00:00,USDCAD,fx,1.586170,Bullish,3.374342,1.857095,Very Bullish
2024-04-05 21:00:00,AUDUSD,fx,0.962967,Bullish,1.539283,0.699992,Neutral
2024-04-05 21:00:00,NZDUSD,fx,-0.259929,Neutral,-0.493703,-0.319756,Neutral
2024-04-05 21:00:00,EURGBP,fx,0.357636,Neutral,-0.384452,-0.194659,Neutral
2024-04-05 21:00:00,EURJPY,fx,-0.312302,Neutral,2.057296,0.762809,Bullish
2024-04-05 21:00:00,EURCHF,fx,0.212377,Neutral,1.459290,0.586296,Neutral
2024-04-05 21:00:00,EURAUD,fx,-1.695616,Bearish,-3.327376,-1.677105,Very Bearish
2024-04-05 21:00:00,EURNZD,fx,-0.701065,Neutral,-1.294390,-0.849895,Bearish
2024-04-05 21:00:00,EURCAD,fx,0.794622,Neutral,1.586249,0.873966,Bullish
2024-04-05 21:00:00,GBPJPY,fx,-0.523888,Neutral,2.441748,0.788169,Bullish
2024-04-05 21:00:00,GBPCHF,fx,0.082128,Neutral,1.843742,0.581072,Neutral
2024-04-05 21:00:00,GBPAUD,fx,-2.046499,Very Bearish,-2.942924,-1.577130,Very Bearish
2024-04-05 21:00:00,GBPNZD,fx,-0.186152,Neutral,-0.909938,-0.491858,Neutral
2024-04-05 21:00:00,GBPCAD,fx,0.570958,Neutral,1.970701,0.867386,Bullish
2024-04-05 21:00:00,AUDJPY,fx,1.436282,Bullish,5.384672,2.161651,Very Bullish
2024-04-05 21:00:00,NZDJPY,fx,0.031961,Neutral,3.351686,1.176443,Bullish
2024-04-05 21:00:00,CADJPY,fx,-1.163478,Bearish,0.471047,0.182223,Neutral
2024-04-05 21:00:00,CHFJPY,fx,-0.236319,Neutral,0.598006,0.301414,Neutral
2024-04-05 21:00:00,AUDNZD,fx,1.338387,Bullish,2.032986,1.169727,Bullish
2024-04-05 21:00:00,AUDCAD,fx,2.549160,Very Bullish,4.913625,2.332048,Very Bullish
2024-04-05 21:00:00,AUDCHF,fx,2.251828,Very Bullish,4.786666,1.816572,Very Bullish
2024-04-05 21:00:00,NZDCAD,fx,1.572327,Bullish,2.880639,1.781471,Very Bullish
2024-04-05 21:00:00,NZDCHF,fx,0.594843,Neutral,2.753680,1.012755,Bullish
2024-04-05 21:00:00,CADCHF,fx,-1.431384,Bearish,-0.126959,-0.054048,Neutral
2024-04-05 21:00:00,DJIA,cross,-0.270116,Neutral,0.000000,0.000000,Neutral
2024-04-05 21:00:00,SP500,cross,-0.270116,Neutral,0.000000,0.000000,Neutral
2024-04-05 21:00:00,NASDAQ,cross,-0.270116,Neutral,0.000000,0.000000,Neutral
2024-04-05 21:00:00,DAX,cross,3.099279,Bullish,1.104153,0.607679,Neutral
2024-04-05 21:00:00,NIKKEI,cross,-0.550533,Neutral,0.000000,0.000000,Neutral
2024-04-05 21:00:00,FTSE100,cross,-0.178040,Neutral,-0.199246,-0.106208,Neutral
2024-04-05 21:00:00,GOLD,cross,-3.083791,Bearish,-2.118485,-1.201637,Bearish
2024-04-05 21:00:00,SILVER,cross,-3.083791,Bearish,-2.118485,-1.204369,Bearish
2024-04-12 21:00:00,US-DOLLAR,fx,2.192287,Very Bullish,2.708233,1.625590,Very Bullish
2024-04-12 21:00:00,EURUSD,fx,-1.381624,Bearish,-1.788094,-1.081726,Bearish
2024-04-12 21:00:00,GBPUSD,fx,-0.677973,Neutral,-0.320179,-0.160410,Neutral
2024-04-12 21:00:00,USDJPY,fx,1.139236,Bullish,4.357728,1.443434,Bullish
2024-04-12 21:00:00,USDCHF,fx,2.285045,Very Bullish,4.701829,1.666134,Very Bullish
2024-04-12 21:00:00,USDCAD,fx,2.237270,Very Bullish,3.162836,1.740691,Very Bullish
2024-04-12 21:00:00,AUDUSD,fx,0.713893,Neutral,1.539283,0.699992,Neutral
2024-04-12 21:00:00,NZDUSD,fx,-0.132624,Neutral,-0.282198,-0.182770,Neutral
2024-04-12 21:00:00,EURGBP,fx,-0.311223,Neutral,-1.467915,-0.743248,Bearish
2024-04-12 21:00:00,EURJPY,fx,0.211877,Neutral,2.569634,0.952775,Bullish
2024-04-12 21:00:00,EURCHF,fx,1.801949,Bullish,2.913736,1.170645,Bullish
2024-04-12 21:00:00,EURAUD,fx,-1.889244,Bearish,-3.327376,-1.677105,Very Bearish
2024-04-12 21:00:00,EURNZD,fx,-0.828369,Neutral,-1.505896,-0.988770,Bearish
2024-04-12 21:00:00,EURCAD,fx,0.722564,Neutral,1.374743,0.757434,Bullish
2024-04-12 21:00:00,GBPJPY,fx,0.518338,Neutral,4.037549,1.303276,Bullish
2024-04-12 21:00:00,GBPCHF,fx,2.308627,Very Bullish,4.381650,1.380917,Bullish
2024-04-12 21:00:00,GBPAUD,fx,-1.551619,Bearish,-1.859461,-0.996496,Bearish
2024-04-12 21:00:00,GBPNZD,fx,0.060627,Neutral,-0.037981,-0.020530,Neutral
2024-04-12 21:00:00,GBPCAD,fx,1.150963,Bullish,2.842657,1.251170,Bullish
2024-04-12 21:00:00,AUDJPY,fx,1.977113,Very Bullish,5.897010,2.367326,Very Bullish
2024-04-12 21:00:00,NZDJPY,fx,0.556659,Neutral,4.075530,1.430513,Bullish
2024-04-12 21:00:00,CADJPY,fx,-0.658757,Neutral,1.194891,0.462240,Neutral
2024-04-12 21:00:00,CHFJPY,fx,-1.428498,Bearish,-0.344102,-0.173438,Neutral
2024-04-12 21:00:00,AUDNZD,fx,1.211083,Bullish,1.821480,1.048032,Bullish
2024-04-12 21:00:00,AUDCAD,fx,2.670242,Very Bullish,4.702119,2.231665,Very Bullish
2024-04-12 21:00:00,AUDCHF,fx,3.414335,Very Bullish,6.241112,2.368543,Very Bullish
2024-04-12 21:00:00,NZDCAD,fx,1.572327,Bullish,2.880639,1.781471,Very Bullish
2024-04-12 21:00:00,NZDCHF,fx,1.619726,Bullish,4.419632,1.625462,Very Bullish
2024-04-12 21:00:00,CADCHF,fx,0.285493,Neutral,1.538993,0.655169,Neutral
2024-04-12 21:00:00,DJIA,cross,-1.210689,Neutral,0.000000,0.000000,Neutral
2024-04-12 21:00:00,SP500,cross,-1.210689,Neutral,0.000000,0.000000,Neutral
2024-04-12 21:00:00,NASDAQ,cross,-1.210689,Neutral,0.000000,0.000000,Neutral
2024-04-12 21:00:00,DAX,cross,2.398740,Bullish,1.112725,0.612397,Neutral
2024-04-12 21:00:00,NIKKEI,cross,-2.605466,Bearish,-0.763076,-0.520871,Neutral
2024-04-12 21:00:00,FTSE100,cross,0.341626,Neutral,0.000000,0.000000,Neutral
2024-04-12 21:00:00,GOLD,cross,-4.104347,Very Bearish,-2.495017,-1.415211,Bearish
2024-04-12 21:00:00,SILVER,cross,-3.767964,Very Bearish,-2.347009,-1.334286,Bearish
2024-04-19 21:00:00,US-DOLLAR,fx,2.210673,Very Bullish,2.919738,1.752544,Very Bullish
2024-04-19 21:00:00,EURUSD,fx,-1.381624,Bearish,-1.788094,-1.081726,Bearish
2024-04-19 21:00:00,GBPUSD,fx,-0.428628,Neutral,-0.914039,-0.457935,Neutral
2024-04-19 21:00:00,USDJPY,fx,0.808285,Neutral,3.917980,1.297774,Bullish
2024-04-19 21:00:00,USDCHF,fx,2.285045,Very Bullish,4.701829,1.666134,Very Bullish
2024-04-19 21:00:00,USDCAD,fx,2.030406,Very Bullish,2.284820,1.257469,Bullish
2024-04-19 21:00:00,AUDUSD,fx,0.117454,Neutral,-0.382664,-0.174017,Neutral
2024-04-19 21:00:00,NZDUSD,fx,-0.259929,Neutral,-0.493703,-0.319756,Neutral
2024-04-19 21:00:00,EURGBP,fx,-0.523724,Neutral,-0.874054,-0.442559,Neutral
2024-04-19 21:00:00,EURJPY,fx,-0.112816,Neutral,2.129886,0.789724,Bullish
2024-04-19 21:00:00,EURCHF,fx,1.801949,Bullish,2.913736,1.170645,Bullish
2024-04-19 21:00:00,EURAUD,fx,-1.216816,Bearish,-1.405430,-0.708382,Bearish
2024-04-19 21:00:00,EURNZD,fx,-0.701065,Neutral,-1.294390,-0.849895,Bearish
2024-04-19 21:00:00,EURCAD,fx,0.605477,Neutral,0.496727,0.273679,Neutral
2024-04-19 21:00:00,GBPJPY,fx,0.402275,Neutral,3.003941,0.969639,Bullish
2024-04-19 21:00:00,GBPCHF,fx,2.007135,Very Bullish,3.787790,1.193757,Bullish
2024-04-19 21:00:00,GBPAUD,fx,-0.613371,Neutral,-0.531375,-0.284767,Neutral
2024-04-19 21:00:00,GBPNZD,fx,-0.113561,Neutral,-0.420336,-0.227208,Neutral
2024-04-19 21:00:00,GBPCAD,fx,1.176119,Bullish,1.370781,0.603337,Neutral
2024-04-19 21:00:00,AUDJPY,fx,1.055143,Bullish,3.535316,1.419236,Bullish
2024-04-19 21:00:00,NZDJPY,fx,0.293424,Neutral,3.424276,1.201922,Bullish
2024-04-19 21:00:00,CADJPY,fx,-0.688128,Neutral,1.633159,0.631783,Neutral
2024-04-19 21:00:00,CHFJPY,fx,-1.636113,Bearish,-0.783850,-0.395086,Neutral
2024-04-19 21:00:00,AUDNZD,fx,0.278672,Neutral,0.111040,0.063889,Neutral
2024-04-19 21:00:00,AUDCAD,fx,1.844125,Bullish,1.902157,0.902780,Bullish
2024-04-19 21:00:00,AUDCHF,fx,2.781686,Very Bullish,4.319166,1.639152,Very Bullish
2024-04-19 21:00:00,NZDCAD,fx,0.793610,Neutral,1.791117,1.107679,Bullish
2024-04-19 21:00:00,NZDCHF,fx,1.492422,Bullish,4.208126,1.547674,Very Bullish
2024-04-19 21:00:00,CADCHF,fx,0.936906,Bullish,2.417009,1.028952,Bullish
2024-04-19 21:00:00,DJIA,cross,-1.180141,Neutral,0.000000,0.000000,Neutral
2024-04-19 21:00:00,SP500,cross,-1.180141,Neutral,0.000000,0.000000,Neutral
2024-04-19 21:00:00,NASDAQ,cross,-1.180141,Neutral,0.000000,0.000000,Neutral
2024-04-19 21:00:00,DAX,cross,2.444864,Bullish,0.917394,0.504895,Neutral
2024-04-19 21:00:00,NIKKEI,cross,-1.511255,Neutral,0.000000,0.000000,Neutral
2024-04-19 21:00:00,FTSE100,cross,-0.071189,Neutral,0.000000,0.000000,Neutral
2024-04-19 21:00:00,GOLD,cross,-4.071354,Very Bearish,-2.799715,-1.588040,Bearish
2024-04-19 21:00:00,SILVER,cross,-4.071354,Very Bearish,-2.799715,-1.591652,Very Bearish
2024-04-26 21:00:00,US-DOLLAR,fx,1.550065,Bullish,1.754541,1.053146,Bullish
2024-04-26 21:00:00,EURUSD,fx,-1.108357,Bearish,-0.834402,-0.504780,Neutral
2024-04-26 21:00:00,GBPUSD,fx,-0.013531,Neutral,0.251158,0.125831,Neutral
2024-04-26 21:00:00,USDJPY,fx,0.884132,Neutral,3.334006,1.104341,Bullish
2024-04-26 21:00:00,USDCHF,fx,1.920689,Bullish,3.748138,1.328185,Bullish
2024-04-26 21:00:00,USDCAD,fx,1.823948,Bullish,1.553299,0.854870,Bullish
2024-04-26 21:00:00,AUDUSD,fx,0.388354,Neutral,0.345412,0.157077,Neutral
2024-04-26 21:00:00,NZDUSD,fx,-0.062836,Neutral,0.459988,0.297920,Neutral
2024-04-26 21:00:00,EURGBP,fx,-0.655218,Neutral,-1.085560,-0.549651,Neutral
2024-04-26 21:00:00,EURJPY,fx,0.203722,Neutral,2.499604,0.926809,Bullish
2024-04-26 21:00:00,EURCHF,fx,1.801949,Bullish,2.913736,1.170645,Bullish
2024-04-26 21:00:00,EURAUD,fx,-1.187920,Bearish,-1.179814,-0.594664,Neutral
2024-04-26 21:00:00,EURNZD,fx,-0.701065,Neutral,-1.294390,-0.849895,Bearish
2024-04-26 21:00:00,EURCAD,fx,0.510258,Neutral,0.718897,0.396086,Neutral
2024-04-26 21:00:00,GBPJPY,fx,0.763940,Neutral,3.585164,1.157251,Bullish
2024-04-26 21:00:00,GBPCHF,fx,2.134439,Very Bullish,3.999296,1.260415,Bullish
2024-04-26 21:00:00,GBPAUD,fx,-0.470575,Neutral,-0.094254,-0.050511,Neutral
2024-04-26 21:00:00,GBPNZD,fx,0.013743,Neutral,-0.208830,-0.112881,Neutral
2024-04-26 21:00:00,GBPCAD,fx,1.271046,Bullish,1.804457,0.794215,Bullish
2024-04-26 21:00:00,AUDJPY,fx,1.181235,Bullish,3.679418,1.477085,Bullish
2024-04-26 21:00:00,NZDJPY,fx,0.468127,Neutral,3.793994,1.331693,Bullish
2024-04-26 21:00:00,CADJPY,fx,-0.386020,Neutral,1.780707,0.688862,Neutral
2024-04-26 21:00:00,CHFJPY,fx,-1.461410,Bearish,-0.414132,-0.208736,Neutral
2024-04-26 21:00:00,AUDNZD,fx,0.114804,Neutral,-0.114576,-0.065924,Neutral
2024-04-26 21:00:00,AUDCAD,fx,1.763420,Bullish,1.898711,0.901144,Bullish
2024-04-26 21:00:00,AUDCHF,fx,2.617818,Very Bullish,4.093550,1.553529,Very Bullish
2024-04-26 21:00:00,NZDCAD,fx,0.968313,Bullish,2.013287,1.245075,Bullish
2024-04-26 21:00:00,NZDCHF,fx,1.492422,Bullish,4.208126,1.547674,Very Bullish
2024-04-26 21:00:00,CADCHF,fx,0.762203,Neutral,2.194839,0.934372,Bullish
2024-04-26 21:00:00,DJIA,cross,-3.452538,Bearish,-0.798075,-0.459986,Neutral
2024-04-26 21:00:00,SP500,cross,-3.452538,Bearish,-0.798075,-0.459986,Neutral
2024-04-26 21:00:00,NASDAQ,cross,-3.452538,Bearish,-0.798075,-0.459986,Neutral
2024-04-26 21:00:00,DAX,cross,1.230862,Neutral,0.956065,0.526178,Neutral
2024-04-26 21:00:00,NIKKEI,cross,-2.017686,Bearish,0.000000,0.000000,Neutral
2024-04-26 21:00:00,FTSE100,cross,-1.163819,Neutral,0.000000,0.000000,Neutral
2024-04-26 21:00:00,GOLD,cross,-4.117739,Very Bearish,-2.283264,-1.295102,Bearish
2024-04-26 21:00:00,SILVER,cross,-3.781355,Very Bearish,-2.135256,-1.213903,Bearish
2024-05-03 21:00:00,US-DOLLAR,fx,1.077476,Bullish,1.451831,0.871447,Bullish
2024-05-03 21:00:00,EURUSD,fx,-0.756391,Neutral,-0.594085,-0.359398,Neutral
2024-05-03 21:00:00,GBPUSD,fx,0.267647,Neutral,0.553868,0.277489,Neutral
2024-05-03 21:00:00,USDJPY,fx,0.938671,Bullish,3.436029,1.138135,Bullish
2024-05-03 21:00:00,USDCHF,fx,0.803607,Neutral,2.362941,0.837329,Bullish
2024-05-03 21:00:00,USDCAD,fx,2.249258,Very Bullish,2.070550,1.139543,Bullish
2024-05-03 21:00:00,AUDUSD,fx,0.711170,Neutral,0.127732,0.058086,Neutral
2024-05-03 21:00:00,NZDUSD,fx,-1.399697,Bearish,-1.125495,-0.728948,Bearish
2024-05-03 21:00:00,EURGBP,fx,-0.628762,Neutral,-1.147953,-0.581242,Neutral
2024-05-03 21:00:00,EURJPY,fx,0.530880,Neutral,2.841944,1.053743,Bullish
2024-05-03 21:00:00,EURCHF,fx,0.729771,Neutral,1.768856,0.710669,Bullish
2024-05-03 21:00:00,EURAUD,fx,-1.227319,Bearish,-0.721817,-0.363819,Neutral
2024-05-03 21:00:00,EURNZD,fx,1.158597,Bullish,0.531410,0.348923,Neutral
2024-05-03 21:00:00,EURCAD,fx,1.345644,Bullish,1.476465,0.813480,Bullish
2024-05-03 21:00:00,GBPJPY,fx,1.034640,Bullish,3.989897,1.287895,Bullish
2024-05-03 21:00:00,GBPCHF,fx,1.142765,Bullish,2.916809,0.919259,Bullish
2024-05-03 21:00:00,GBPAUD,fx,-0.454035,Neutral,0.426136,0.228369,Neutral
2024-05-03 21:00:00,GBPNZD,fx,1.476011,Bullish,1.679363,0.907764,Bullish
2024-05-03 21:00:00,GBPCAD,fx,2.020987,Very Bullish,2.624419,1.155114,Bullish
2024-05-03 21:00:00,AUDJPY,fx,1.402626,Bullish,3.563761,1.430655,Bullish
2024-05-03 21:00:00,NZDJPY,fx,-0.874667,Neutral,2.310534,0.810998,Bullish
2024-05-03 21:00:00,CADJPY,fx,-0.809853,Neutral,1.365479,0.528232,Neutral
2024-05-03 21:00:00,CHFJPY,fx,-0.278577,Neutral,1.073088,0.540871,Neutral
2024-05-03 21:00:00,AUDNZD,fx,1.449768,Bullish,1.253227,0.721074,Bullish
2024-05-03 21:00:00,AUDCAD,fx,2.551952,Very Bullish,2.198282,1.043323,Bullish
2024-05-03 21:00:00,AUDCHF,fx,1.259891,Bullish,2.490673,0.945227,Bullish
2024-05-03 21:00:00,NZDCAD,fx,0.238583,Neutral,0.945056,0.584450,Neutral
2024-05-03 21:00:00,NZDCHF,fx,-0.588125,Neutral,1.237446,0.455111,Neutral
2024-05-03 21:00:00,CADCHF,fx,-0.834673,Neutral,0.292391,0.124475,Neutral
2024-05-03 21:00:00,DJIA,cross,-2.754159,Bearish,-1.237021,-0.712980,Bearish
2024-05-03 21:00:00,SP500,cross,-2.754159,Bearish,-1.237021,-0.712980,Bearish
2024-05-03 21:00:00,NASDAQ,cross,-2.754159,Bearish,-1.237021,-0.712980,Bearish
2024-05-03 21:00:00,DAX,cross,1.594805,Neutral,0.588133,0.323684,Neutral
2024-05-03 21:00:00,NIKKEI,cross,-1.776059,Bearish,0.000000,0.000000,Neutral
2024-05-03 21:00:00,FTSE100,cross,-0.379632,Neutral,0.000000,0.000000,Neutral
2024-05-03 21:00:00,GOLD,cross,-3.306443,Bearish,-2.376847,-1.348183,Bearish
2024-05-03 21:00:00,SILVER,cross,-2.970059,Bearish,-2.228839,-1.267106,Bearish
2024-05-10 21:00:00,US-DOLLAR,fx,-0.343260,Neutral,0.332275,0.199445,Neutral
2024-05-10 21:00:00,EURUSD,fx,0.701127,Neutral,0.849883,0.514146,Neutral
2024-05-10 21:00:00,GBPUSD,fx,0.590201,Neutral,1.369132,0.685938,Neutral
2024-05-10 21:00:00,USDJPY,fx,0.430036,Neutral,3.040317,1.007061,Bullish
2024-05-10 21:00:00,USDCHF,fx,-1.013048,Bearish,0.211951,0.075107,Neutral
2024-05-10 21:00:00,USDCAD,fx,-0.515235,Neutral,-1.413062,-0.777690,Bearish
2024-05-10 21:00:00,AUDUSD,fx,0.884725,Neutral,0.401264,0.182476,Neutral
2024-05-10 21:00:00,NZDUSD,fx,-1.172615,Bearish,-0.428951,-0.277818,Neutral
2024-05-10 21:00:00,EURGBP,fx,0.058943,Neutral,-0.519249,-0.262911,Neutral
2024-05-10 21:00:00,EURJPY,fx,0.992737,Bullish,3.890200,1.442418,Bullish
2024-05-10 21:00:00,EURCHF,fx,-0.277458,Neutral,1.061834,0.426611,Neutral
2024-05-10 21:00:00,EURAUD,fx,-0.117099,Neutral,0.448619,0.226118,Neutral
2024-05-10 21:00:00,EURNZD,fx,1.740940,Bullish,1.278833,0.839681,Bullish
2024-05-10 21:00:00,EURCAD,fx,0.248625,Neutral,-0.563179,-0.310291,Neutral
2024-05-10 21:00:00,GBPJPY,fx,0.876111,Neutral,4.409449,1.423321,Bullish
2024-05-10 21:00:00,GBPCHF,fx,-0.382953,Neutral,1.581083,0.498293,Neutral
2024-05-10 21:00:00,GBPAUD,fx,-0.167599,Neutral,0.967867,0.518686,Neutral
2024-05-10 21:00:00,GBPNZD,fx,1.348707,Bullish,1.798082,0.971936,Bullish
2024-05-10 21:00:00,GBPCAD,fx,0.060182,Neutral,-0.043930,-0.019335,Neutral
2024-05-10 21:00:00,AUDJPY,fx,1.039687,Bullish,3.441582,1.381606,Bullish
2024-05-10 21:00:00,NZDJPY,fx,-0.604578,Neutral,2.611367,0.916591,Bullish
2024-05-10 21:00:00,CADJPY,fx,0.874942,Neutral,4.453379,1.722777,Very Bullish
2024-05-10 21:00:00,CHFJPY,fx,1.581085,Bullish,2.828366,1.425588,Bullish
2024-05-10 21:00:00,AUDNZD,fx,1.195160,Bullish,0.830215,0.477684,Neutral
2024-05-10 21:00:00,AUDCAD,fx,0.346081,Neutral,-1.011798,-0.480208,Neutral
2024-05-10 21:00:00,AUDCHF,fx,-0.584290,Neutral,0.613215,0.232719,Neutral
2024-05-10 21:00:00,NZDCAD,fx,-2.145776,Very Bearish,-1.842012,-1.139154,Bearish
2024-05-10 21:00:00,NZDCHF,fx,-2.177698,Very Bearish,-0.217000,-0.079809,Neutral
2024-05-10 21:00:00,CADCHF,fx,-0.039887,Neutral,1.625013,0.691789,Neutral
2024-05-10 21:00:00,DJIA,cross,-2.223115,Bearish,-2.247049,-1.295129,Bearish
2024-05-10 21:00:00,SP500,cross,-2.223115,Bearish,-2.247049,-1.295129,Bearish
2024-05-10 21:00:00,NASDAQ,cross,-2.223115,Bearish,-2.247049,-1.295129,Bearish
2024-05-10 21:00:00,DAX,cross,0.905815,Neutral,0.109051,0.060017,Neutral
2024-05-10 21:00:00,NIKKEI,cross,-2.449259,Bearish,0.000000,0.000000,Neutral
2024-05-10 21:00:00,FTSE100,cross,1.090753,Neutral,0.528707,0.281827,Neutral
2024-05-10 21:00:00,GOLD,cross,-0.462264,Neutral,-0.882544,-0.500592,Neutral
2024-05-10 21:00:00,SILVER,cross,-0.462264,Neutral,-0.882544,-0.501731,Neutral
2024-05-17 21:00:00,US-DOLLAR,fx,-0.519467,Neutral,0.491823,0.295212,Neutral
2024-05-17 21:00:00,EURUSD,fx,1.350468,Bullish,0.478829,0.289673,Neutral
2024-05-17 21:00:00,GBPUSD,fx,0.801459,Neutral,2.091375,1.047783,Bullish
2024-05-17 21:00:00,USDJPY,fx,-0.185630,Neutral,2.813411,0.931902,Bullish
2024-05-17 21:00:00,USDCHF,fx,-1.214893,Bearish,0.287181,0.101765,Neutral
2024-05-17 21:00:00,USDCAD,fx,-1.724039,Bearish,-1.465020,-0.806285,Bearish
2024-05-17 21:00:00,AUDUSD,fx,0.500142,Neutral,-0.719256,-0.327083,Neutral
2024-05-17 21:00:00,NZDUSD,fx,-2.153737,Very Bearish,-1.990981,-1.289495,Bearish
2024-05-17 21:00:00,EURGBP,fx,0.106004,Neutral,-1.612546,-0.816479,Bearish
2024-05-17 21:00:00,EURJPY,fx,0.693866,Neutral,3.292240,1.220705,Bullish
2024-05-17 21:00:00,EURCHF,fx,-0.586912,Neutral,0.766010,0.307758,Neutral
2024-05-17 21:00:00,EURAUD,fx,0.489262,Neutral,1.198086,0.603874,Neutral
2024-05-17 21:00:00,EURNZD,fx,2.614455,Very Bullish,2.469810,1.621674,Very Bullish
2024-05-17 21:00:00,EURCAD,fx,-0.257248,Neutral,-0.986191,-0.543356,Neutral
2024-05-17 21:00:00,GBPJPY,fx,0.848008,Neutral,4.904786,1.583210,Very Bullish
2024-05-17 21:00:00,GBPCHF,fx,-0.162549,Neutral,2.378556,0.749624,Bullish
2024-05-17 21:00:00,GBPAUD,fx,0.321736,Neutral,2.810632,1.506233,Bullish
2024-05-17 21:00:00,GBPNZD,fx,2.752080,Very Bullish,4.082356,2.206679,Very Bullish
2024-05-17 21:00:00,GBPCAD,fx,-0.527566,Neutral,0.626355,0.275684,Neutral
2024-05-17 21:00:00,AUDJPY,fx,0.315505,Neutral,2.094154,0.840688,Bullish
2024-05-17 21:00:00,NZDJPY,fx,-1.470263,Bearish,0.822430,0.288673,Neutral
2024-05-17 21:00:00,CADJPY,fx,0.993548,Bullish,4.278431,1.655099,Very Bullish
2024-05-17 21:00:00,CHFJPY,fx,1.635524,Bullish,2.526230,1.273301,Bullish
2024-05-17 21:00:00,AUDNZD,fx,1.666122,Bullish,1.271724,0.731717,Bullish
2024-05-17 21:00:00,AUDCAD,fx,-0.913056,Bearish,-2.184277,-1.036676,Bearish
2024-05-17 21:00:00,AUDCHF,fx,-1.296296,Bearish,-0.432076,-0.163976,Neutral
2024-05-17 21:00:00,NZDCAD,fx,-3.273899,Very Bearish,-3.456001,-2.137292,Very Bearish
2024-05-17 21:00:00,NZDCHF,fx,-3.360666,Very Bearish,-1.703800,-0.626627,Neutral
2024-05-17 21:00:00,CADCHF,fx,-0.094731,Neutral,1.752201,0.745935,Bullish
2024-05-17 21:00:00,DJIA,cross,-1.452435,Neutral,-1.709001,-0.985015,Bearish
2024-05-17 21:00:00,SP500,cross,-1.452435,Neutral,-1.709001,-0.985015,Bearish
2024-05-17 21:00:00,NASDAQ,cross,-1.452435,Neutral,-1.709001,-0.985015,Bearish
2024-05-17 21:00:00,DAX,cross,1.031811,Neutral,0.479835,0.264081,Neutral
2024-05-17 21:00:00,NIKKEI,cross,-1.158720,Neutral,0.186389,0.127228,Neutral
2024-05-17 21:00:00,FTSE100,cross,3.197135,Bullish,2.481249,1.322628,Bullish
2024-05-17 21:00:00,GOLD,cross,-0.890918,Neutral,-1.397686,-0.792789,Bearish
2024-05-17 21:00:00,SILVER,cross,-0.890918,Neutral,-1.397686,-0.794591,Bearish
2024-05-24 21:00:00,US-DOLLAR,fx,-0.086466,Neutral,0.817314,0.490584,Neutral
2024-05-24 21:00:00,EURUSD,fx,0.994749,Bullish,0.153339,0.092764,Neutral
2024-05-24 21:00:00,GBPUSD,fx,1.276404,Bullish,2.328895,1.166781,Bullish
2024-05-24 21:00:00,USDJPY,fx,-0.193058,Neutral,2.962411,0.981256,Bullish
2024-05-24 21:00:00,USDCHF,fx,-1.222723,Bearish,0.401166,0.142157,Neutral
2024-05-24 21:00:00,USDCAD,fx,-0.936702,Bearish,-1.150193,-0.633018,Neutral
2024-05-24 21:00:00,AUDUSD,fx,-0.040754,Neutral,-1.467759,-0.667467,Neutral
2024-05-24 21:00:00,NZDUSD,fx,-1.444722,Bearish,-1.530044,-0.990961,Bearish
2024-05-24 21:00:00,EURGBP,fx,-0.440443,Neutral,-2.175556,-1.101547,Bearish
2024-05-24 21:00:00,EURJPY,fx,0.752372,Neutral,3.115749,1.155265,Bullish
2024-05-24 21:00:00,EURCHF,fx,-0.714216,Neutral,0.554504,0.222782,Neutral
2024-05-24 21:00:00,EURAUD,fx,0.886734,Neutral,1.621098,0.817086,Bullish
2024-05-24 21:00:00,EURNZD,fx,1.953229,Very Bullish,1.683382,1.105307,Bullish
2024-05-24 21:00:00,EURCAD,fx,-0.024089,Neutral,-0.996855,-0.549231,Neutral
2024-05-24 21:00:00,GBPJPY,fx,1.147863,Bullish,5.291305,1.707975,Very Bullish
2024-05-24 21:00:00,GBPCHF,fx,0.064768,Neutral,2.730060,0.860404,Bullish
2024-05-24 21:00:00,GBPAUD,fx,1.297469,Bullish,3.796654,2.034648,Very Bullish
2024-05-24 21:00:00,GBPNZD,fx,2.732213,Very Bullish,3.858938,2.085913,Very Bullish
2024-05-24 21:00:00,GBPCAD,fx,0.292745,Neutral,1.178701,0.518795,Neutral
2024-05-24 21:00:00,AUDJPY,fx,-0.182212,Neutral,1.494652,0.600021,Neutral
2024-05-24 21:00:00,NZDJPY,fx,-1.015464,Bearish,1.432367,0.502761,Neutral
2024-05-24 21:00:00,CADJPY,fx,0.884552,Neutral,4.112604,1.590949,Very Bullish
2024-05-24 21:00:00,CHFJPY,fx,1.651980,Bullish,2.561245,1.290950,Bullish
2024-05-24 21:00:00,AUDNZD,fx,0.989236,Bullish,0.062285,0.035837,Neutral
2024-05-24 21:00:00,AUDCAD,fx,-0.991268,Bearish,-2.617953,-1.242502,Bearish
2024-05-24 21:00:00,AUDCHF,fx,-1.678209,Bearish,-1.066593,-0.404779,Neutral
2024-05-24 21:00:00,NZDCAD,fx,-2.492808,Very Bearish,-2.680237,-1.657537,Very Bearish
2024-05-24 21:00:00,NZDCHF,fx,-2.667445,Very Bearish,-1.128878,-0.415181,Neutral
2024-05-24 21:00:00,CADCHF,fx,-0.174637,Neutral,1.551359,0.660434,Neutral
2024-05-24 21:00:00,DJIA,cross,-0.672724,Neutral,-1.237021,-0.712980,Bearish
2024-05-24 21:00:00,SP500,cross,-0.672724,Neutral,-1.237021,-0.712980,Bearish
2024-05-24 21:00:00,NASDAQ,cross,-0.672724,Neutral,-1.237021,-0.712980,Bearish
2024-05-24 21:00:00,DAX,cross,1.639290,Neutral,0.500485,0.275446,Neutral
2024-05-24 21:00:00,NIKKEI,cross,-1.380668,Neutral,0.000000,0.000000,Neutral
2024-05-24 21:00:00,FTSE100,cross,2.238908,Bullish,1.157803,0.617166,Neutral
2024-05-24 21:00:00,GOLD,cross,-1.053702,Neutral,-1.425198,-0.808394,Bearish
2024-05-24 21:00:00,SILVER,cross,-1.390085,Neutral,-1.573207,-0.894376,Bearish
2024-05-31 21:00:00,US-DOLLAR,fx,-0.855045,Neutral,-0.270059,-0.162100,Neutral
2024-05-31 21:00:00,EURUSD,fx,1.561487,Bullish,1.827572,1.105609,Bullish
2024-05-31 21:00:00,GBPUSD,fx,1.322111,Bullish,2.781749,1.393662,Bullish
2024-05-31 21:00:00,USDJPY,fx,-0.489907,Neutral,1.820727,0.603089,Neutral
2024-05-31 21:00:00,USDCHF,fx,-1.818908,Bearish,-0.686207,-0.243163,Neutral
2024-05-31 21:00:00,USDCAD,fx,-1.196513,Bearish,-2.248230,-1.237331,Bearish
2024-05-31 21:00:00,AUDUSD,fx,-0.037114,Neutral,-0.463656,-0.210848,Neutral
2024-05-31 21:00:00,NZDUSD,fx,-1.103145,Bearish,-0.865683,-0.560676,Neutral
2024-05-31 21:00:00,EURGBP,fx,0.094863,Neutral,-0.954177,-0.483128,Neutral
2024-05-31 21:00:00,EURJPY,fx,0.870547,Neutral,3.648299,1.352725,Bullish
2024-05-31 21:00:00,EURCHF,fx,-0.280260,Neutral,1.141365,0.458564,Neutral
2024-05-31 21:00:00,EURAUD,fx,1.451597,Bullish,2.291227,1.154852,Bullish
2024-05-31 21:00:00,EURNZD,fx,2.641794,Very Bullish,2.693255,1.768388,Very Bullish
2024-05-31 21:00:00,EURCAD,fx,0.214367,Neutral,-0.420658,-0.231768,Neutral
2024-05-31 21:00:00,GBPJPY,fx,0.865390,Neutral,4.602476,1.485628,Bullish
2024-05-31 21:00:00,GBPCHF,fx,-0.317144,Neutral,2.095543,0.660429,Neutral
2024-05-31 21:00:00,GBPAUD,fx,1.261010,Bullish,3.245405,1.739231,Very Bullish
2024-05-31 21:00:00,GBPNZD,fx,2.604909,Very Bullish,3.647432,1.971585,Very Bullish
2024-05-31 21:00:00,GBPCAD,fx,0.087011,Neutral,0.533519,0.234824,Neutral
2024-05-31 21:00:00,AUDJPY,fx,-0.359147,Neutral,1.357071,0.544790,Neutral
2024-05-31 21:00:00,NZDJPY,fx,-1.396402,Bearish,0.955044,0.335221,Neutral
2024-05-31 21:00:00,CADJPY,fx,0.785127,Neutral,4.068957,1.574065,Very Bullish
2024-05-31 21:00:00,CHFJPY,fx,1.525652,Bullish,2.506934,1.263575,Bullish
2024-05-31 21:00:00,AUDNZD,fx,1.168763,Bullish,0.402028,0.231316,Neutral
2024-05-31 21:00:00,AUDCAD,fx,-1.329938,Bearish,-2.711885,-1.287084,Bearish
2024-05-31 21:00:00,AUDCHF,fx,-1.753290,Bearish,-1.149862,-0.436380,Neutral
2024-05-31 21:00:00,NZDCAD,fx,-2.794815,Very Bearish,-3.113913,-1.925735,Very Bearish
2024-05-31 21:00:00,NZDCHF,fx,-2.922053,Very Bearish,-1.551890,-0.570758,Neutral
2024-05-31 21:00:00,CADCHF,fx,-0.127238,Neutral,1.562023,0.664974,Neutral
2024-05-31 21:00:00,DJIA,cross,0.240193,Neutral,-0.910926,-0.525029,Neutral
2024-05-31 21:00:00,SP500,cross,0.240193,Neutral,-0.910926,-0.525029,Neutral
2024-05-31 21:00:00,NASDAQ,cross,0.240193,Neutral,-0.910926,-0.525029,Neutral
2024-05-31 21:00:00,DAX,cross,2.713700,Bullish,0.702161,0.386440,Neutral
2024-05-31 21:00:00,NIKKEI,cross,-0.915972,Neutral,-0.160267,-0.109397,Neutral
2024-05-31 21:00:00,FTSE100,cross,2.690326,Bullish,0.878117,0.468079,Neutral
2024-05-31 21:00:00,GOLD,cross,-0.346491,Neutral,-0.811518,-0.460305,Neutral
2024-05-31 21:00:00,SILVER,cross,-0.346491,Neutral,-0.811518,-0.461352,Neutral
2024-06-07 21:00:00,US-DOLLAR,fx,0.006169,Neutral,0.853152,0.512096,Neutral
2024-06-07 21:00:00,EURUSD,fx,0.330134,Neutral,-1.262886,-0.763996,Bearish
2024-06-07 21:00:00,GBPUSD,fx,0.641384,Neutral,0.726548,0.364002,Neutral
2024-06-07 21:00:00,USDJPY,fx,-0.330240,Neutral,3.631324,1.202824,Bullish
2024-06-07 21:00:00,USDCHF,fx,0.494025,Neutral,2.349537,0.832579,Bullish
2024-06-07 21:00:00,USDCAD,fx,0.526852,Neutral,0.578279,0.318260,Neutral
2024-06-07 21:00:00,AUDUSD,fx,-0.678974,Neutral,-2.383388,-1.083851,Bearish
2024-06-07 21:00:00,NZDUSD,fx,-1.708347,Bearish,-2.379153,-1.540902,Very Bearish
2024-06-07 21:00:00,EURGBP,fx,-0.443284,Neutral,-1.989434,-1.007309,Bearish
2024-06-07 21:00:00,EURJPY,fx,-0.075982,Neutral,2.368438,0.878175,Bullish
2024-06-07 21:00:00,EURCHF,fx,0.367232,Neutral,1.086651,0.436581,Neutral
2024-06-07 21:00:00,EURAUD,fx,0.865160,Neutral,1.120502,0.564769,Neutral
2024-06-07 21:00:00,EURNZD,fx,1.581553,Bullish,1.116267,0.732939,Bullish
2024-06-07 21:00:00,EURCAD,fx,0.674287,Neutral,-0.684607,-0.377194,Neutral
2024-06-07 21:00:00,GBPJPY,fx,0.416619,Neutral,4.357873,1.406673,Bullish
2024-06-07 21:00:00,GBPCHF,fx,1.072124,Bullish,3.076085,0.969456,Bullish
2024-06-07 21:00:00,GBPAUD,fx,1.293124,Bullish,3.109936,1.666632,Very Bullish
2024-06-07 21:00:00,GBPNZD,fx,2.286446,Very Bullish,3.105701,1.678757,Very Bullish
2024-06-07 21:00:00,GBPCAD,fx,0.852011,Neutral,1.304827,0.574308,Neutral
2024-06-07 21:00:00,AUDJPY,fx,-0.770786,Neutral,1.247937,0.500978,Neutral
2024-06-07 21:00:00,NZDJPY,fx,-1.411477,Bearish,1.252171,0.439513,Neutral
2024-06-07 21:00:00,CADJPY,fx,-0.446318,Neutral,3.053045,1.181062,Bullish
2024-06-07 21:00:00,CHFJPY,fx,-0.197155,Neutral,1.281787,0.646062,Neutral
2024-06-07 21:00:00,AUDNZD,fx,0.818170,Neutral,-0.004235,-0.002437,Neutral
2024-06-07 21:00:00,AUDCAD,fx,-0.405169,Neutral,-1.805109,-0.856720,Bearish
2024-06-07 21:00:00,AUDCHF,fx,-0.396152,Neutral,-0.033851,-0.012847,Neutral
2024-06-07 21:00:00,NZDCAD,fx,-1.729940,Bearish,-1.800874,-1.113713,Bearish
2024-06-07 21:00:00,NZDCHF,fx,-1.214322,Bearish,-0.029616,-0.010892,Neutral
2024-06-07 21:00:00,CADCHF,fx,0.515619,Neutral,1.771258,0.754048,Bullish
2024-06-07 21:00:00,DJIA,cross,0.657355,Neutral,0.444546,0.256222,Neutral
2024-06-07 21:00:00,SP500,cross,0.657355,Neutral,0.444546,0.256222,Neutral
2024-06-07 21:00:00,NASDAQ,cross,0.657355,Neutral,0.444546,0.256222,Neutral
2024-06-07 21:00:00,DAX,cross,1.504815,Neutral,0.825972,0.454580,Neutral
2024-06-07 21:00:00,NIKKEI,cross,-1.840371,Bearish,-0.602809,-0.411473,Neutral
2024-06-07 21:00:00,FTSE100,cross,1.069143,Neutral,0.561261,0.299180,Neutral
2024-06-07 21:00:00,GOLD,cross,-1.612521,Neutral,-1.555495,-0.882300,Bearish
2024-06-07 21:00:00,SILVER,cross,-0.939755,Neutral,-1.259478,-0.716019,Bearish
2024-06-14 21:00:00,US-DOLLAR,fx,-1.539574,Bearish,-1.146247,-0.688023,Neutral
2024-06-14 21:00:00,EURUSD,fx,1.231530,Bullish,1.159525,0.701467,Bullish
2024-06-14 21:00:00,GBPUSD,fx,0.301016,Neutral,-0.446405,-0.223650,Neutral
2024-06-14 21:00:00,USDJPY,fx,-0.995239,Bearish,1.103996,0.365683,Neutral
2024-06-14 21:00:00,USDCHF,fx,0.515235,Neutral,1.660621,0.588455,Neutral
2024-06-14 21:00:00,USDCAD,fx,0.131788,Neutral,-1.421120,-0.782124,Bearish
2024-06-14 21:00:00,AUDUSD,fx,0.599238,Neutral,0.308004,0.140065,Neutral
2024-06-14 21:00:00,NZDUSD,fx,-0.546588,Neutral,-0.379754,-0.245955,Neutral
2024-06-14 21:00:00,EURGBP,fx,0.854087,Neutral,1.605930,0.813129,Bullish
2024-06-14 21:00:00,EURJPY,fx,0.150511,Neutral,2.263520,0.839273,Bullish
2024-06-14 21:00:00,EURCHF,fx,1.804808,Bullish,2.820145,1.133043,Bullish
2024-06-14 21:00:00,EURAUD,fx,0.655324,Neutral,0.851521,0.429194,Neutral
2024-06-14 21:00:00,EURNZD,fx,1.836161,Bullish,1.539279,1.010688,Bullish
2024-06-14 21:00:00,EURCAD,fx,1.162620,Bullish,-0.261595,-0.144130,Neutral
2024-06-14 21:00:00,GBPJPY,fx,-0.757518,Neutral,0.657590,0.212263,Neutral
2024-06-14 21:00:00,GBPCHF,fx,0.568366,Neutral,1.214215,0.382671,Neutral
2024-06-14 21:00:00,GBPAUD,fx,-0.285926,Neutral,-0.754409,-0.404292,Neutral
2024-06-14 21:00:00,GBPNZD,fx,0.599720,Neutral,-0.066651,-0.036028,Neutral
2024-06-14 21:00:00,GBPCAD,fx,0.009119,Neutral,-1.867525,-0.821974,Bearish
2024-06-14 21:00:00,AUDJPY,fx,-0.441203,Neutral,1.411999,0.566840,Neutral
2024-06-14 21:00:00,NZDJPY,fx,-1.633579,Bearish,0.724242,0.254209,Neutral
2024-06-14 21:00:00,CADJPY,fx,-0.631996,Neutral,2.525115,0.976834,Bullish
2024-06-14 21:00:00,CHFJPY,fx,-1.602226,Bearish,-0.556625,-0.280557,Neutral
2024-06-14 21:00:00,AUDNZD,fx,1.210403,Bullish,0.687758,0.395718,Neutral
2024-06-14 21:00:00,AUDCAD,fx,0.374293,Neutral,-1.113116,-0.528294,Neutral
2024-06-14 21:00:00,AUDCHF,fx,1.179050,Bullish,1.968624,0.747106,Bullish
2024-06-14 21:00:00,NZDCAD,fx,-1.729940,Bearish,-1.800874,-1.113713,Bearish
2024-06-14 21:00:00,NZDCHF,fx,-0.031353,Neutral,1.280867,0.471080,Neutral
2024-06-14 21:00:00,CADCHF,fx,1.698587,Bullish,3.081740,1.311937,Bullish
2024-06-14 21:00:00,DJIA,cross,2.793865,Bullish,2.500903,1.441442,Bullish
2024-06-14 21:00:00,SP500,cross,2.793865,Bullish,2.500903,1.441442,Bullish
2024-06-14 21:00:00,NASDAQ,cross,2.793865,Bullish,2.500903,1.441442,Bullish
2024-06-14 21:00:00,DAX,cross,1.665305,Neutral,0.917425,0.504912,Neutral
2024-06-14 21:00:00,NIKKEI,cross,-1.867157,Bearish,-1.704123,-1.163224,Bearish
2024-06-14 21:00:00,FTSE100,cross,-3.848885,Very Bearish,-3.165162,-1.687186,Very Bearish
2024-06-14 21:00:00,GOLD,cross,2.127716,Bullish,1.328864,0.753751,Bullish
2024-06-14 21:00:00,SILVER,cross,2.464099,Bullish,1.476872,0.839609,Bullish
2024-06-21 21:00:00,US-DOLLAR,fx,-0.244912,Neutral,0.754652,0.452973,Neutral
2024-06-21 21:00:00,EURUSD,fx,0.292254,Neutral,-0.724998,-0.438596,Neutral
2024-06-21 21:00:00,GBPUSD,fx,-0.329128,Neutral,-2.187913,-1.096149,Bearish
2024-06-21 21:00:00,USDJPY,fx,-0.485237,Neutral,3.128452,1.036254,Bullish
2024-06-21 21:00:00,USDCHF,fx,1.355348,Bullish,3.887661,1.377626,Bullish
2024-06-21 21:00:00,USDCAD,fx,0.701944,Neutral,0.474067,0.260907,Neutral
2024-06-21 21:00:00,AUDUSD,fx,0.037116,Neutral,-1.788025,-0.813108,Bearish
2024-06-21 21:00:00,NZDUSD,fx,-0.176298,Neutral,-1.054837,-0.683185,Neutral
2024-06-21 21:00:00,EURGBP,fx,0.784530,Neutral,1.462915,0.740716,Bullish
2024-06-21 21:00:00,EURJPY,fx,-0.226979,Neutral,2.403453,0.891158,Bullish
2024-06-21 21:00:00,EURCHF,fx,1.932113,Very Bullish,3.162662,1.270656,Bullish
2024-06-21 21:00:00,EURAUD,fx,0.164506,Neutral,1.063027,0.535800,Neutral
2024-06-21 21:00:00,EURNZD,fx,0.753063,Neutral,0.329839,0.216572,Neutral
2024-06-21 21:00:00,EURCAD,fx,0.929219,Bullish,-0.250931,-0.138254,Neutral
2024-06-21 21:00:00,GBPJPY,fx,-0.888628,Neutral,0.940538,0.303595,Neutral
2024-06-21 21:00:00,GBPCHF,fx,0.750254,Neutral,1.699747,0.535691,Neutral
2024-06-21 21:00:00,GBPAUD,fx,-0.411691,Neutral,-0.399888,-0.214302,Neutral
2024-06-21 21:00:00,GBPNZD,fx,-0.428796,Neutral,-1.133076,-0.612474,Neutral
2024-06-21 21:00:00,GBPCAD,fx,-0.190903,Neutral,-1.713846,-0.754334,Bearish
2024-06-21 21:00:00,AUDJPY,fx,-0.418876,Neutral,1.340426,0.538108,Neutral
2024-06-21 21:00:00,NZDJPY,fx,-0.566531,Neutral,2.073614,0.727839,Bullish
2024-06-21 21:00:00,CADJPY,fx,-0.598548,Neutral,2.654385,1.026841,Bullish
2024-06-21 21:00:00,CHFJPY,fx,-1.745581,Bearish,-0.759209,-0.382666,Neutral
2024-06-21 21:00:00,AUDNZD,fx,0.000000,Neutral,-0.733188,-0.421857,Neutral
2024-06-21 21:00:00,AUDCAD,fx,0.327474,Neutral,-1.313958,-0.623616,Neutral
2024-06-21 21:00:00,AUDCHF,fx,1.179050,Bullish,2.099635,0.796826,Bullish
2024-06-21 21:00:00,NZDCAD,fx,-0.599443,Neutral,-0.580770,-0.359165,Neutral
2024-06-21 21:00:00,NZDCHF,fx,1.179050,Bullish,2.832823,1.041862,Bullish
2024-06-21 21:00:00,CADCHF,fx,1.778492,Bullish,3.413593,1.453211,Bullish
2024-06-21 21:00:00,DJIA,cross,5.154677,Very Bullish,5.202848,2.998760,Very Bullish
2024-06-21 21:00:00,SP500,cross,5.154677,Very Bullish,5.202848,2.998760,Very Bullish
2024-06-21 21:00:00,NASDAQ,cross,5.154677,Very Bullish,5.202848,2.998760,Very Bullish
2024-06-21 21:00:00,DAX,cross,2.661620,Bullish,1.357361,0.747034,Bullish
2024-06-21 21:00:00,NIKKEI,cross,-0.623203,Neutral,-1.756274,-1.198822,Bearish
2024-06-21 21:00:00,FTSE100,cross,-0.509921,Neutral,-0.886759,-0.472686,Neutral
2024-06-21 21:00:00,GOLD,cross,0.041448,Neutral,-0.124501,-0.070619,Neutral
2024-06-21 21:00:00,SILVER,cross,0.714215,Neutral,0.171516,0.097508,Neutral
2024-06-28 21:00:00,US-DOLLAR,fx,-0.447124,Neutral,0.979537,0.587957,Neutral
2024-06-28 21:00:00,EURUSD,fx,0.570278,Neutral,-0.738377,-0.446689,Neutral
2024-06-28 21:00:00,GBPUSD,fx,-0.620355,Neutral,-2.412798,-1.208817,Bearish
2024-06-28 21:00:00,USDJPY,fx,-0.864321,Neutral,2.878573,0.953486,Bullish
2024-06-28 21:00:00,USDCHF,fx,1.457975,Bullish,3.901039,1.382367,Bullish
2024-06-28 21:00:00,USDCAD,fx,-0.288604,Neutral,0.254612,0.140128,Neutral
2024-06-28 21:00:00,AUDUSD,fx,0.629537,Neutral,-2.012910,-0.915375,Bearish
2024-06-28 21:00:00,NZDUSD,fx,-0.406230,Neutral,-1.279722,-0.828836,Bearish
2024-06-28 21:00:00,EURGBP,fx,1.133685,Bullish,1.674421,0.847808,Bullish
2024-06-28 21:00:00,EURJPY,fx,-0.481755,Neutral,2.140196,0.793547,Bullish
2024-06-28 21:00:00,EURCHF,fx,1.932113,Very Bullish,3.162662,1.270656,Bullish
2024-06-28 21:00:00,EURAUD,fx,-0.172782,Neutral,1.274533,0.642406,Neutral
2024-06-28 21:00:00,EURNZD,fx,0.880367,Neutral,0.541345,0.355446,Neutral
2024-06-28 21:00:00,EURCAD,fx,0.347804,Neutral,-0.483765,-0.266537,Neutral
2024-06-28 21:00:00,GBPJPY,fx,-1.368628,Bearish,0.465775,0.150347,Neutral
2024-06-28 21:00:00,GBPCHF,fx,0.622949,Neutral,1.488241,0.469033,Neutral
2024-06-28 21:00:00,GBPAUD,fx,-1.085714,Bearish,-0.399888,-0.214302,Neutral
2024-06-28 21:00:00,GBPNZD,fx,-0.428796,Neutral,-1.133076,-0.612474,Neutral
2024-06-28 21:00:00,GBPCAD,fx,-1.002892,Bearish,-2.158186,-0.949906,Bearish
2024-06-28 21:00:00,AUDJPY,fx,-0.488566,Neutral,0.865663,0.347516,Neutral
2024-06-28 21:00:00,NZDJPY,fx,-0.790601,Neutral,1.598851,0.561197,Neutral
2024-06-28 21:00:00,CADJPY,fx,-0.450655,Neutral,2.623961,1.015072,Bullish
2024-06-28 21:00:00,CHFJPY,fx,-1.842347,Bearish,-1.022466,-0.515356,Neutral
2024-06-28 21:00:00,AUDNZD,fx,0.000000,Neutral,-0.733188,-0.421857,Neutral
2024-06-28 21:00:00,AUDCAD,fx,0.136919,Neutral,-1.758298,-0.834503,Bearish
2024-06-28 21:00:00,AUDCHF,fx,1.051746,Bullish,1.888129,0.716558,Bullish
2024-06-28 21:00:00,NZDCAD,fx,-0.948849,Bearish,-1.025110,-0.633958,Neutral
2024-06-28 21:00:00,NZDCHF,fx,1.051746,Bullish,2.621317,0.964074,Bullish
2024-06-28 21:00:00,CADCHF,fx,2.000594,Very Bullish,3.646427,1.552332,Very Bullish
2024-06-28 21:00:00,DJIA,cross,4.644328,Very Bullish,3.695413,2.129921,Very Bullish
2024-06-28 21:00:00,SP500,cross,4.644328,Very Bullish,3.695413,2.129921,Very Bullish
2024-06-28 21:00:00,NASDAQ,cross,4.644328,Very Bullish,3.695413,2.129921,Very Bullish
2024-06-28 21:00:00,DAX,cross,3.136323,Bullish,1.085234,0.597267,Neutral
2024-06-28 21:00:00,NIKKEI,cross,2.049897,Bullish,0.383295,0.261635,Neutral
2024-06-28 21:00:00,FTSE100,cross,0.165376,Neutral,-0.886759,-0.472686,Neutral
2024-06-28 21:00:00,GOLD,cross,0.125093,Neutral,-0.801760,-0.454770,Neutral
2024-06-28 21:00:00,SILVER,cross,0.797860,Neutral,-0.505742,-0.287517,Neutral
2024-07-05 21:00:00,US-DOLLAR,fx,-1.550627,Bearish,-0.670699,-0.402580,Neutral
2024-07-05 21:00:00,EURUSD,fx,1.205700,Bullish,1.136457,0.687512,Neutral
2024-07-05 21:00:00,GBPUSD,fx,-0.444959,Neutral,-1.185574,-0.593975,Neutral
2024-07-05 21:00:00,USDJPY,fx,-1.140164,Bearish,1.228337,0.406869,Neutral
2024-07-05 21:00:00,USDCHF,fx,-0.213143,Neutral,1.463854,0.518729,Neutral
2024-07-05 21:00:00,USDCAD,fx,-0.160354,Neutral,-0.255095,-0.140394,Neutral
2024-07-05 21:00:00,AUDUSD,fx,1.031452,Bullish,-0.362674,-0.164927,Neutral
2024-07-05 21:00:00,NZDUSD,fx,0.185208,Neutral,0.370514,0.239970,Neutral
2024-07-05 21:00:00,EURGBP,fx,1.544813,Bullish,2.322031,1.175712,Bullish
2024-07-05 21:00:00,EURJPY,fx,0.018910,Neutral,2.364795,0.876824,Bullish
2024-07-05 21:00:00,EURCHF,fx,1.096804,Bullish,2.600312,1.044721,Bullish
2024-07-05 21:00:00,EURAUD,fx,0.142653,Neutral,1.499131,0.755611,Bullish
2024-07-05 21:00:00,EURNZD,fx,1.124739,Bullish,0.765943,0.502918,Neutral
2024-07-05 21:00:00,EURCAD,fx,0.771651,Neutral,0.881362,0.485599,Neutral
2024-07-05 21:00:00,GBPJPY,fx,-1.422445,Bearish,0.042763,0.013804,Neutral
2024-07-05 21:00:00,GBPCHF,fx,-0.711339,Neutral,0.278280,0.087703,Neutral
2024-07-05 21:00:00,GBPAUD,fx,-1.259997,Bearish,-0.822900,-0.440997,Neutral
2024-07-05 21:00:00,GBPNZD,fx,-0.683405,Neutral,-1.556088,-0.841129,Bearish
2024-07-05 21:00:00,GBPCAD,fx,-0.761400,Neutral,-1.440669,-0.634097,Neutral
2024-07-05 21:00:00,AUDJPY,fx,-0.299352,Neutral,0.865663,0.347516,Neutral
2024-07-05 21:00:00,NZDJPY,fx,-0.790601,Neutral,1.598851,0.561197,Neutral
2024-07-05 21:00:00,CADJPY,fx,-0.746030,Neutral,1.483433,0.573862,Neutral
2024-07-05 21:00:00,CHFJPY,fx,-0.762667,Neutral,-0.235517,-0.118708,Neutral
2024-07-05 21:00:00,AUDNZD,fx,0.000000,Neutral,-0.733188,-0.421857,Neutral
2024-07-05 21:00:00,AUDCAD,fx,0.639740,Neutral,-0.617769,-0.293199,Neutral
2024-07-05 21:00:00,AUDCHF,fx,-0.027935,Neutral,1.101180,0.417905,Neutral
2024-07-05 21:00:00,NZDCAD,fx,-0.026758,Neutral,0.115418,0.071378,Neutral
2024-07-05 21:00:00,NZDCHF,fx,-0.027935,Neutral,1.834368,0.674648,Neutral
2024-07-05 21:00:00,CADCHF,fx,-0.001177,Neutral,1.718950,0.731779,Bullish
2024-07-05 21:00:00,DJIA,cross,1.609492,Neutral,1.423900,0.820691,Bullish
2024-07-05 21:00:00,SP500,cross,1.609492,Neutral,1.423900,0.820691,Bullish
2024-07-05 21:00:00,NASDAQ,cross,1.609492,Neutral,1.423900,0.820691,Bullish
2024-07-05 21:00:00,DAX,cross,1.230405,Neutral,0.626286,0.344681,Neutral
2024-07-05 21:00:00,NIKKEI,cross,0.781573,Neutral,0.272368,0.185917,Neutral
2024-07-05 21:00:00,FTSE100,cross,-1.173185,Neutral,-0.886759,-0.472686,Neutral
2024-07-05 21:00:00,GOLD,cross,1.525864,Neutral,0.790035,0.448120,Neutral
2024-07-05 21:00:00,SILVER,cross,1.862247,Bullish,0.938044,0.533282,Neutral
2024-07-12 21:00:00,US-DOLLAR,fx,-1.298882,Bearish,-0.047239,-0.028355,Neutral
2024-07-12 21:00:00,EURUSD,fx,1.123499,Bullish,0.301491,0.182390,Neutral
2024-07-12 21:00:00,GBPUSD,fx,-0.103276,Neutral,-0.937077,-0.469478,Neutral
2024-07-12 21:00:00,USDJPY,fx,-0.835177,Neutral,2.995966,0.992370,Bullish
2024-07-12 21:00:00,USDCHF,fx,0.075101,Neutral,2.087314,0.739658,Bullish
2024-07-12 21:00:00,USDCAD,fx,-0.944218,Bearish,-0.054647,-0.030076,Neutral
2024-07-12 21:00:00,AUDUSD,fx,0.942026,Bullish,-0.986134,-0.448447,Neutral
2024-07-12 21:00:00,NZDUSD,fx,-0.103036,Neutral,-0.252946,-0.163825,Neutral
2024-07-12 21:00:00,EURGBP,fx,1.022441,Bullish,1.238569,0.627123,Neutral
2024-07-12 21:00:00,EURJPY,fx,0.056901,Neutral,3.297458,1.222639,Bullish
2024-07-12 21:00:00,EURCHF,fx,0.969500,Bullish,2.388806,0.959745,Bullish
2024-07-12 21:00:00,EURAUD,fx,-0.193052,Neutral,1.287625,0.649005,Neutral
2024-07-12 21:00:00,EURNZD,fx,0.997434,Bullish,0.554438,0.364043,Neutral
2024-07-12 21:00:00,EURCAD,fx,0.082253,Neutral,0.246844,0.136002,Neutral
2024-07-12 21:00:00,GBPJPY,fx,-0.779921,Neutral,2.058889,0.664586,Neutral
2024-07-12 21:00:00,GBPCHF,fx,-0.201717,Neutral,1.150237,0.362508,Neutral
2024-07-12 21:00:00,GBPAUD,fx,-0.968045,Bearish,0.049057,0.026290,Neutral
2024-07-12 21:00:00,GBPNZD,fx,-0.173783,Neutral,-0.684131,-0.369801,Neutral
2024-07-12 21:00:00,GBPCAD,fx,-0.740958,Neutral,-0.991725,-0.436499,Neutral
2024-07-12 21:00:00,AUDJPY,fx,0.162205,Neutral,2.009832,0.806837,Bullish
2024-07-12 21:00:00,NZDJPY,fx,-0.250037,Neutral,2.743020,0.962801,Bullish
2024-07-12 21:00:00,CADJPY,fx,-0.107159,Neutral,3.050613,1.180121,Bullish
2024-07-12 21:00:00,CHFJPY,fx,-0.222102,Neutral,0.908652,0.457990,Neutral
2024-07-12 21:00:00,AUDNZD,fx,0.000000,Neutral,-0.733188,-0.421857,Neutral
2024-07-12 21:00:00,AUDCAD,fx,0.240531,Neutral,-1.040781,-0.493964,Neutral
2024-07-12 21:00:00,AUDCHF,fx,-0.027935,Neutral,1.101180,0.417905,Neutral
2024-07-12 21:00:00,NZDCAD,fx,-0.281367,Neutral,-0.307593,-0.190225,Neutral
2024-07-12 21:00:00,NZDCHF,fx,-0.027935,Neutral,1.834368,0.674648,Neutral
2024-07-12 21:00:00,CADCHF,fx,0.253432,Neutral,2.141961,0.911861,Bullish
2024-07-12 21:00:00,DJIA,cross,2.240533,Bullish,2.109717,1.215975,Bullish
2024-07-12 21:00:00,SP500,cross,2.240533,Bullish,2.109717,1.215975,Bullish
2024-07-12 21:00:00,NASDAQ,cross,2.240533,Bullish,2.109717,1.215975,Bullish
2024-07-12 21:00:00,DAX,cross,1.899072,Bullish,1.074114,0.591147,Neutral
2024-07-12 21:00:00,NIKKEI,cross,1.297412,Neutral,1.255774,0.857183,Bullish
2024-07-12 21:00:00,FTSE100,cross,0.652426,Neutral,0.274710,0.146434,Neutral
2024-07-12 21:00:00,GOLD,cross,0.882380,Neutral,0.435635,0.247099,Neutral
2024-07-12 21:00:00,SILVER,cross,1.218763,Neutral,0.583644,0.331804,Neutral
2024-07-19 21:00:00,US-DOLLAR,fx,-1.813805,Bearish,-0.680101,-0.408224,Neutral
2024-07-19 21:00:00,EURUSD,fx,1.741835,Bullish,0.934354,0.565247,Neutral
2024-07-19 21:00:00,GBPUSD,fx,0.245160,Neutral,-0.222873,-0.111660,Neutral
2024-07-19 21:00:00,USDJPY,fx,-0.970925,Bearish,2.786116,0.922860,Bullish
2024-07-19 21:00:00,USDCHF,fx,-0.723489,Neutral,0.862805,0.305742,Neutral
2024-07-19 21:00:00,USDCAD,fx,-0.525492,Neutral,0.365286,0.201038,Neutral
2024-07-19 21:00:00,AUDUSD,fx,0.981310,Bullish,-0.564777,-0.256834,Neutral
2024-07-19 21:00:00,NZDUSD,fx,-0.177961,Neutral,-0.043096,-0.027912,Neutral
2024-07-19 21:00:00,EURGBP,fx,1.213759,Bullish,1.157227,0.585938,Neutral
2024-07-19 21:00:00,EURJPY,fx,0.467577,Neutral,3.720469,1.379484,Bullish
2024-07-19 21:00:00,EURCHF,fx,0.350593,Neutral,1.797159,0.722040,Bullish
2024-07-19 21:00:00,EURAUD,fx,0.335293,Neutral,1.499131,0.755611,Bullish
2024-07-19 21:00:00,EURNZD,fx,1.252043,Bullish,0.977449,0.641792,Neutral
2024-07-19 21:00:00,EURCAD,fx,1.261544,Bullish,1.299639,0.716055,Bullish
2024-07-19 21:00:00,GBPJPY,fx,-0.636666,Neutral,2.563242,0.827386,Bullish
2024-07-19 21:00:00,GBPCHF,fx,-0.900401,Bearish,0.639932,0.201680,Neutral
2024-07-19 21:00:00,GBPAUD,fx,-0.732933,Neutral,0.341904,0.183228,Neutral
2024-07-19 21:00:00,GBPNZD,fx,0.001048,Neutral,-0.179778,-0.097177,Neutral
2024-07-19 21:00:00,GBPCAD,fx,-0.024693,Neutral,0.142412,0.062682,Neutral
2024-07-19 21:00:00,AUDJPY,fx,0.158240,Neutral,2.221338,0.891746,Bullish
2024-07-19 21:00:00,NZDJPY,fx,-0.250037,Neutral,2.743020,0.962801,Bullish
2024-07-19 21:00:00,CADJPY,fx,-0.681452,Neutral,2.420830,0.936491,Bullish
2024-07-19 21:00:00,CHFJPY,fx,0.651413,Neutral,1.923311,0.969411,Bullish
2024-07-19 21:00:00,AUDNZD,fx,0.127304,Neutral,-0.521682,-0.300162,Neutral
2024-07-19 21:00:00,AUDCAD,fx,0.790598,Neutral,-0.199492,-0.094681,Neutral
2024-07-19 21:00:00,AUDCHF,fx,-0.774146,Neutral,0.298027,0.113103,Neutral
2024-07-19 21:00:00,NZDCAD,fx,0.349124,Neutral,0.322190,0.199252,Neutral
2024-07-19 21:00:00,NZDCHF,fx,-0.901450,Bearish,0.819709,0.301475,Neutral
2024-07-19 21:00:00,CADCHF,fx,-1.192778,Bearish,0.497519,0.211800,Neutral
2024-07-19 21:00:00,DJIA,cross,1.228381,Neutral,1.179537,0.679849,Bullish
2024-07-19 21:00:00,SP500,cross,1.228381,Neutral,1.179537,0.679849,Bullish
2024-07-19 21:00:00,NASDAQ,cross,1.228381,Neutral,1.179537,0.679849,Bullish
2024-07-19 21:00:00,DAX,cross,1.527642,Neutral,1.529786,0.841930,Bullish
2024-07-19 21:00:00,NIKKEI,cross,0.666557,Neutral,1.776334,1.212514,Bullish
2024-07-19 21:00:00,FTSE100,cross,2.172949,Bullish,2.608699,1.390565,Bullish
2024-07-19 21:00:00,GOLD,cross,1.706611,Bullish,1.539732,0.873359,Bullish
2024-07-19 21:00:00,SILVER,cross,1.706611,Bullish,1.539732,0.875345,Bullish
2024-07-26 21:00:00,US-DOLLAR,fx,-1.863575,Bearish,-0.640944,-0.384720,Neutral
2024-07-26 21:00:00,EURUSD,fx,1.724252,Bullish,0.700067,0.423513,Neutral
2024-07-26 21:00:00,GBPUSD,fx,0.405864,Neutral,-0.245654,-0.123073,Neutral
2024-07-26 21:00:00,USDJPY,fx,-1.184456,Bearish,2.334261,0.773190,Bullish
2024-07-26 21:00:00,USDCHF,fx,-0.474814,Neutral,1.308598,0.463713,Neutral
2024-07-26 21:00:00,USDCAD,fx,0.260468,Neutral,0.942090,0.518486,Neutral
2024-07-26 21:00:00,AUDUSD,fx,0.938037,Bullish,-0.587559,-0.267194,Neutral
2024-07-26 21:00:00,NZDUSD,fx,-0.044723,Neutral,0.145629,0.094319,Neutral
2024-07-26 21:00:00,EURGBP,fx,1.047443,Bullish,0.945721,0.478846,Neutral
2024-07-26 21:00:00,EURJPY,fx,0.012884,Neutral,3.034327,1.125075,Bullish
2024-07-26 21:00:00,EURCHF,fx,0.477897,Neutral,2.008665,0.807017,Bullish
2024-07-26 21:00:00,EURAUD,fx,0.524482,Neutral,1.287625,0.649005,Neutral
2024-07-26 21:00:00,EURNZD,fx,0.997434,Bullish,0.554438,0.364043,Neutral
2024-07-26 21:00:00,EURCAD,fx,2.199896,Very Bullish,1.642156,0.904769,Bullish
2024-07-26 21:00:00,GBPJPY,fx,-0.774081,Neutral,2.088606,0.674179,Neutral
2024-07-26 21:00:00,GBPCHF,fx,-0.645793,Neutral,1.062944,0.334996,Neutral
2024-07-26 21:00:00,GBPAUD,fx,-0.445542,Neutral,0.341904,0.183228,Neutral
2024-07-26 21:00:00,GBPNZD,fx,-0.126256,Neutral,-0.391284,-0.211505,Neutral
2024-07-26 21:00:00,GBPCAD,fx,0.788160,Neutral,0.696435,0.306530,Neutral
2024-07-26 21:00:00,AUDJPY,fx,-0.232670,Neutral,1.746702,0.701205,Bullish
2024-07-26 21:00:00,NZDJPY,fx,-0.264929,Neutral,2.479890,0.870442,Bullish
2024-07-26 21:00:00,CADJPY,fx,-1.599655,Bearish,1.392171,0.538557,Neutral
2024-07-26 21:00:00,CHFJPY,fx,0.254608,Neutral,1.025663,0.516967,Neutral
2024-07-26 21:00:00,AUDNZD,fx,0.000000,Neutral,-0.733188,-0.421857,Neutral
2024-07-26 21:00:00,AUDCAD,fx,1.321437,Bullish,0.354531,0.168263,Neutral
2024-07-26 21:00:00,AUDCHF,fx,-0.519537,Neutral,0.721039,0.273639,Neutral
2024-07-26 21:00:00,NZDCAD,fx,0.673241,Neutral,1.087719,0.672677,Neutral
2024-07-26 21:00:00,NZDCHF,fx,-0.519537,Neutral,1.454227,0.534839,Neutral
2024-07-26 21:00:00,CADCHF,fx,-1.192778,Bearish,0.366508,0.156027,Neutral
2024-07-26 21:00:00,DJIA,cross,2.032241,Bullish,1.217240,0.701579,Bullish
2024-07-26 21:00:00,SP500,cross,2.032241,Bullish,1.217240,0.701579,Bullish
2024-07-26 21:00:00,NASDAQ,cross,2.032241,Bullish,1.217240,0.701579,Bullish
2024-07-26 21:00:00,DAX,cross,2.442304,Bullish,1.601973,0.881658,Bullish
2024-07-26 21:00:00,NIKKEI,cross,-0.350626,Neutral,0.000000,0.000000,Neutral
2024-07-26 21:00:00,FTSE100,cross,3.013083,Bullish,2.568216,1.368985,Bullish
2024-07-26 21:00:00,GOLD,cross,1.622231,Neutral,1.365846,0.774728,Bullish
2024-07-26 21:00:00,SILVER,cross,2.631381,Bullish,1.809872,1.028921,Bullish
2024-08-02 21:00:00,US-DOLLAR,fx,-3.305315,Very Bearish,-2.141467,-1.285394,Bearish
2024-08-02 21:00:00,EURUSD,fx,1.825857,Bullish,1.506944,0.911642,Bullish
2024-08-02 21:00:00,GBPUSD,fx,0.922241,Bullish,1.672139,0.837745,Bullish
2024-08-02 21:00:00,USDJPY,fx,-1.769360,Bearish,0.429469,0.142255,Neutral
2024-08-02 21:00:00,USDCHF,fx,-1.048452,Bearish,-0.409982,-0.145281,Neutral
2024-08-02 21:00:00,USDCAD,fx,0.561582,Neutral,-0.776490,-0.427347,Neutral
2024-08-02 21:00:00,AUDUSD,fx,1.079069,Bullish,1.356636,0.616933,Neutral
2024-08-02 21:00:00,NZDUSD,fx,0.910827,Bullish,2.498726,1.618346,Very Bullish
2024-08-02 21:00:00,EURGBP,fx,0.550908,Neutral,-0.165196,-0.083643,Neutral
2024-08-02 21:00:00,EURJPY,fx,-1.026458,Bearish,1.936413,0.717988,Bullish
2024-08-02 21:00:00,EURCHF,fx,-0.142785,Neutral,1.096962,0.440724,Neutral
2024-08-02 21:00:00,EURAUD,fx,0.316965,Neutral,0.150307,0.075760,Neutral
2024-08-02 21:00:00,EURNZD,fx,-0.005160,Neutral,-0.991783,-0.651203,Neutral
2024-08-02 21:00:00,EURCAD,fx,1.870449,Bullish,0.730454,0.402454,Neutral
2024-08-02 21:00:00,GBPJPY,fx,-1.387649,Bearish,2.101609,0.678376,Neutral
2024-08-02 21:00:00,GBPCHF,fx,-0.454634,Neutral,1.262158,0.397781,Neutral
2024-08-02 21:00:00,GBPAUD,fx,-0.201714,Neutral,0.315503,0.169080,Neutral
2024-08-02 21:00:00,GBPNZD,fx,-0.317009,Neutral,-0.826587,-0.446804,Neutral
2024-08-02 21:00:00,GBPCAD,fx,1.159033,Bullish,0.895650,0.394212,Neutral
2024-08-02 21:00:00,AUDJPY,fx,-1.345252,Bearish,1.786106,0.717024,Bullish
2024-08-02 21:00:00,NZDJPY,fx,-0.089250,Neutral,2.928196,1.027798,Bullish
2024-08-02 21:00:00,CADJPY,fx,-1.813953,Bearish,1.205959,0.466522,Neutral
2024-08-02 21:00:00,CHFJPY,fx,0.048374,Neutral,0.839451,0.423110,Neutral
2024-08-02 21:00:00,AUDNZD,fx,-0.218045,Neutral,-1.142090,-0.657129,Neutral
2024-08-02 21:00:00,AUDCAD,fx,1.312581,Bullish,0.580147,0.275342,Neutral
2024-08-02 21:00:00,AUDCHF,fx,-0.355670,Neutral,0.946655,0.359262,Neutral
2024-08-02 21:00:00,NZDCAD,fx,1.055154,Bullish,1.722237,1.065081,Bullish
2024-08-02 21:00:00,NZDCHF,fx,-0.137625,Neutral,2.088745,0.768203,Bullish
2024-08-02 21:00:00,CADCHF,fx,-1.192778,Bearish,0.366508,0.156027,Neutral
2024-08-02 21:00:00,DJIA,cross,1.449009,Neutral,-0.868103,-0.500348,Neutral
2024-08-02 21:00:00,SP500,cross,1.449009,Neutral,-0.868103,-0.500348,Neutral
2024-08-02 21:00:00,NASDAQ,cross,1.449009,Neutral,-0.868103,-0.500348,Neutral
2024-08-02 21:00:00,DAX,cross,1.530474,Neutral,0.270282,0.148752,Neutral
2024-08-02 21:00:00,NIKKEI,cross,1.349101,Neutral,0.128689,0.087842,Neutral
2024-08-02 21:00:00,FTSE100,cross,5.189138,Very Bullish,3.541029,1.887542,Very Bullish
2024-08-02 21:00:00,GOLD,cross,5.207021,Very Bullish,3.773100,2.140159,Very Bullish
2024-08-02 21:00:00,SILVER,cross,6.216171,Very Bullish,4.217126,2.397456,Very Bullish
2024-08-09 21:00:00,US-DOLLAR,fx,-2.274854,Very Bearish,-0.793941,-0.476555,Neutral
2024-08-09 21:00:00,EURUSD,fx,0.602495,Neutral,-0.588436,-0.355981,Neutral
2024-08-09 21:00:00,GBPUSD,fx,0.589855,Neutral,-0.005612,-0.002812,Neutral
2024-08-09 21:00:00,USDJPY,fx,-2.015927,Very Bearish,0.752319,0.249195,Neutral
2024-08-09 21:00:00,USDCHF,fx,-0.136519,Neutral,1.588552,0.562917,Neutral
2024-08-09 21:00:00,USDCAD,fx,-0.104375,Neutral,-0.357986,-0.197021,Neutral
2024-08-09 21:00:00,AUDUSD,fx,0.450386,Neutral,0.009110,0.004143,Neutral
2024-08-09 21:00:00,NZDUSD,fx,1.101958,Bullish,2.062606,1.335885,Bullish
2024-08-09 21:00:00,EURGBP,fx,-0.189896,Neutral,-0.582824,-0.295101,Neutral
2024-08-09 21:00:00,EURJPY,fx,-2.017200,Very Bearish,0.163883,0.060765,Neutral
2024-08-09 21:00:00,EURCHF,fx,-0.138216,Neutral,1.000116,0.401814,Neutral
2024-08-09 21:00:00,EURAUD,fx,-0.058838,Neutral,-0.597546,-0.301183,Neutral
2024-08-09 21:00:00,EURNZD,fx,-1.103656,Bearish,-2.651042,-1.740671,Very Bearish
2024-08-09 21:00:00,EURCAD,fx,0.771216,Neutral,-0.946422,-0.521445,Neutral
2024-08-09 21:00:00,GBPJPY,fx,-2.058981,Very Bearish,0.746707,0.241029,Neutral
2024-08-09 21:00:00,GBPCHF,fx,-0.199890,Neutral,1.582940,0.498878,Neutral
2024-08-09 21:00:00,GBPAUD,fx,0.074095,Neutral,-0.014722,-0.007890,Neutral
2024-08-09 21:00:00,GBPNZD,fx,-1.165330,Bearish,-2.068218,-1.117956,Bearish
2024-08-09 21:00:00,GBPCAD,fx,0.405475,Neutral,-0.363598,-0.160034,Neutral
2024-08-09 21:00:00,AUDJPY,fx,-1.941342,Very Bearish,0.761429,0.305672,Neutral
2024-08-09 21:00:00,NZDJPY,fx,-0.226875,Neutral,2.814925,0.988040,Bullish
2024-08-09 21:00:00,CADJPY,fx,-1.813953,Bearish,1.110305,0.429518,Neutral
2024-08-09 21:00:00,CHFJPY,fx,-1.192314,Bearish,-0.836233,-0.421488,Neutral
2024-08-09 21:00:00,AUDNZD,fx,-0.875207,Neutral,-2.053496,-1.181528,Bearish
2024-08-09 21:00:00,AUDCAD,fx,0.437489,Neutral,-0.348876,-0.165580,Neutral
2024-08-09 21:00:00,AUDCHF,fx,0.090233,Neutral,1.597662,0.606323,Neutral
2024-08-09 21:00:00,NZDCAD,fx,0.917529,Bullish,1.704619,1.054186,Bullish
2024-08-09 21:00:00,NZDCHF,fx,0.965440,Bullish,3.651158,1.342831,Bullish
2024-08-09 21:00:00,CADCHF,fx,0.047911,Neutral,1.946538,0.828667,Bullish
2024-08-09 21:00:00,DJIA,cross,1.318780,Neutral,1.079049,0.621930,Neutral
2024-08-09 21:00:00,SP500,cross,1.318780,Neutral,1.079049,0.621930,Neutral
2024-08-09 21:00:00,NASDAQ,cross,1.318780,Neutral,1.079049,0.621930,Neutral
2024-08-09 21:00:00,DAX,cross,-2.175380,Bearish,-0.992596,-0.546283,Neutral
2024-08-09 21:00:00,NIKKEI,cross,3.707525,Very Bullish,2.275030,1.552922,Bullish
2024-08-09 21:00:00,FTSE100,cross,3.148471,Bullish,2.913893,1.553248,Bullish
2024-08-09 21:00:00,GOLD,cross,3.107750,Bullish,2.764612,1.568129,Bullish
2024-08-09 21:00:00,SILVER,cross,3.780517,Very Bullish,3.060629,1.739983,Very Bullish
2024-08-16 21:00:00,US-DOLLAR,fx,-2.440160,Very Bearish,-1.039373,-0.623874,Neutral
2024-08-16 21:00:00,EURUSD,fx,0.106738,Neutral,-0.749639,-0.453502,Neutral
2024-08-16 21:00:00,GBPUSD,fx,0.678023,Neutral,0.985139,0.493556,Neutral
2024-08-16 21:00:00,USDJPY,fx,-1.974506,Very Bearish,0.702016,0.232533,Neutral
2024-08-16 21:00:00,USDCHF,fx,-0.081290,Neutral,1.538249,0.545092,Neutral
2024-08-16 21:00:00,USDCAD,fx,0.250038,Neutral,-0.408289,-0.224705,Neutral
2024-08-16 21:00:00,AUDUSD,fx,0.225855,Neutral,0.539900,0.245521,Neutral
2024-08-16 21:00:00,NZDUSD,fx,1.483487,Bullish,2.577386,1.669292,Very Bullish
2024-08-16 21:00:00,EURGBP,fx,-0.661130,Neutral,-1.734778,-0.878368,Bearish
2024-08-16 21:00:00,EURJPY,fx,-2.144504,Very Bearish,-0.047623,-0.017658,Neutral
2024-08-16 21:00:00,EURCHF,fx,-0.265521,Neutral,0.788610,0.316838,Neutral
2024-08-16 21:00:00,EURAUD,fx,-0.186911,Neutral,-1.289539,-0.649969,Neutral
2024-08-16 21:00:00,EURNZD,fx,-1.667718,Bearish,-3.327025,-2.184521,Very Bearish
2024-08-16 21:00:00,EURCAD,fx,0.341861,Neutral,-1.157928,-0.637977,Neutral
2024-08-16 21:00:00,GBPJPY,fx,-1.584877,Bearish,1.687154,0.544595,Neutral
2024-08-16 21:00:00,GBPCHF,fx,0.382453,Neutral,2.523387,0.795269,Bullish
2024-08-16 21:00:00,GBPAUD,fx,0.392709,Neutral,0.445239,0.238606,Neutral
2024-08-16 21:00:00,GBPNZD,fx,-1.019744,Bearish,-1.592248,-0.860674,Bearish
2024-08-16 21:00:00,GBPCAD,fx,0.685744,Neutral,0.576849,0.253895,Neutral
2024-08-16 21:00:00,AUDJPY,fx,-1.742645,Bearish,1.241916,0.498561,Neutral
2024-08-16 21:00:00,NZDJPY,fx,0.209883,Neutral,3.279402,1.151071,Bullish
2024-08-16 21:00:00,CADJPY,fx,-1.813953,Bearish,1.110305,0.429518,Neutral
2024-08-16 21:00:00,CHFJPY,fx,-1.192314,Bearish,-0.836233,-0.421488,Neutral
2024-08-16 21:00:00,AUDNZD,fx,-1.047036,Bearish,-2.037486,-1.172317,Bearish
2024-08-16 21:00:00,AUDCAD,fx,0.261067,Neutral,0.131610,0.062463,Neutral
2024-08-16 21:00:00,AUDCHF,fx,0.355161,Neutral,2.078148,0.788671,Bullish
2024-08-16 21:00:00,NZDCAD,fx,1.354287,Bullish,2.169097,1.341433,Bullish
2024-08-16 21:00:00,NZDCHF,fx,1.402197,Bullish,4.115635,1.513658,Very Bullish
2024-08-16 21:00:00,CADCHF,fx,0.047911,Neutral,1.946538,0.828667,Bullish
2024-08-16 21:00:00,DJIA,cross,-0.166922,Neutral,0.169767,0.097849,Neutral
2024-08-16 21:00:00,SP500,cross,-0.166922,Neutral,0.169767,0.097849,Neutral
2024-08-16 21:00:00,NASDAQ,cross,-0.166922,Neutral,0.169767,0.097849,Neutral
2024-08-16 21:00:00,DAX,cross,-2.873389,Bearish,-1.057191,-0.581833,Neutral
2024-08-16 21:00:00,NIKKEI,cross,2.304068,Bullish,2.227203,1.520275,Bullish
2024-08-16 21:00:00,FTSE100,cross,0.850867,Neutral,1.534359,0.817889,Bullish
2024-08-16 21:00:00,GOLD,cross,2.150114,Bullish,2.288187,1.297894,Bullish
2024-08-16 21:00:00,SILVER,cross,3.495647,Bullish,2.880222,1.637420,Very Bullish
2024-08-23 21:00:00,US-DOLLAR,fx,-2.706486,Very Bearish,-1.387646,-0.832920,Bearish
2024-08-23 21:00:00,EURUSD,fx,0.267440,Neutral,-0.612873,-0.370764,Neutral
2024-08-23 21:00:00,GBPUSD,fx,0.978762,Bullish,1.121905,0.562077,Neutral
2024-08-23 21:00:00,USDJPY,fx,-2.334058,Very Bearish,-0.420707,-0.139353,Neutral
2024-08-23 21:00:00,USDCHF,fx,-0.322135,Neutral,0.978471,0.346729,Neutral
2024-08-23 21:00:00,USDCAD,fx,-0.979634,Bearish,-1.587187,-0.873521,Bearish
2024-08-23 21:00:00,AUDUSD,fx,0.206257,Neutral,0.888172,0.403898,Neutral
2024-08-23 21:00:00,NZDUSD,fx,1.597028,Bullish,2.925658,1.894856,Very Bullish
2024-08-23 21:00:00,EURGBP,fx,-0.873133,Neutral,-1.734778,-0.878368,Bearish
2024-08-23 21:00:00,EURJPY,fx,-2.546205,Very Bearish,-1.033580,-0.383233,Neutral
2024-08-23 21:00:00,EURCHF,fx,-0.520129,Neutral,0.365598,0.146885,Neutral
2024-08-23 21:00:00,EURAUD,fx,-0.064624,Neutral,-1.501045,-0.756575,Bearish
2024-08-23 21:00:00,EURNZD,fx,-1.795022,Bearish,-3.538531,-2.323395,Very Bearish
2024-08-23 21:00:00,EURCAD,fx,-0.700858,Neutral,-2.200060,-1.212154,Bearish
2024-08-23 21:00:00,GBPJPY,fx,-1.785174,Bearish,0.701197,0.226339,Neutral
2024-08-23 21:00:00,GBPCHF,fx,0.127844,Neutral,2.100375,0.661953,Neutral
2024-08-23 21:00:00,GBPAUD,fx,0.627090,Neutral,0.233733,0.125259,Neutral
2024-08-23 21:00:00,GBPNZD,fx,-1.147048,Bearish,-1.803753,-0.975002,Bearish
2024-08-23 21:00:00,GBPCAD,fx,0.008908,Neutral,-0.465282,-0.204790,Neutral
2024-08-23 21:00:00,AUDJPY,fx,-2.017041,Very Bearish,0.467465,0.187661,Neutral
2024-08-23 21:00:00,NZDJPY,fx,-0.155979,Neutral,2.504951,0.879239,Bullish
2024-08-23 21:00:00,CADJPY,fx,-1.598899,Bearish,1.166479,0.451249,Neutral
2024-08-23 21:00:00,CHFJPY,fx,-1.430872,Bearish,-1.399178,-0.705231,Bearish
2024-08-23 21:00:00,AUDNZD,fx,-1.047036,Bearish,-2.037486,-1.172317,Bearish
2024-08-23 21:00:00,AUDCAD,fx,-0.635242,Neutral,-0.699015,-0.331758,Neutral
2024-08-23 21:00:00,AUDCHF,fx,0.227857,Neutral,1.866643,0.708403,Bullish
2024-08-23 21:00:00,NZDCAD,fx,0.701686,Neutral,1.338471,0.827750,Bullish
2024-08-23 21:00:00,NZDCHF,fx,1.274893,Bullish,3.904129,1.435869,Bullish
2024-08-23 21:00:00,CADCHF,fx,0.573207,Neutral,2.565657,1.092234,Bullish
2024-08-23 21:00:00,DJIA,cross,0.473772,Neutral,-0.198029,-0.114138,Neutral
2024-08-23 21:00:00,SP500,cross,0.473772,Neutral,-0.198029,-0.114138,Neutral
2024-08-23 21:00:00,NASDAQ,cross,0.473772,Neutral,-0.198029,-0.114138,Neutral
2024-08-23 21:00:00,DAX,cross,-1.892072,Bearish,-0.863459,-0.475211,Neutral
2024-08-23 21:00:00,NIKKEI,cross,3.103037,Bullish,2.177004,1.486010,Bullish
2024-08-23 21:00:00,FTSE100,cross,1.610287,Neutral,1.728575,0.921415,Bullish
2024-08-23 21:00:00,GOLD,cross,3.813910,Very Bullish,3.014125,1.709657,Very Bullish
2024-08-23 21:00:00,SILVER,cross,4.823059,Very Bullish,3.458151,1.965975,Very Bullish
2024-08-30 21:00:00,US-DOLLAR,fx,-1.454065,Bearish,0.239809,0.143943,Neutral
2024-08-30 21:00:00,EURUSD,fx,0.776002,Neutral,-0.968006,-0.585605,Neutral
2024-08-30 21:00:00,GBPUSD,fx,0.876932,Neutral,-0.505550,-0.253281,Neutral
2024-08-30 21:00:00,USDJPY,fx,-0.860867,Neutral,3.113480,1.031295,Bullish
2024-08-30 21:00:00,USDCHF,fx,0.402541,Neutral,2.817431,0.998381,Bullish
2024-08-30 21:00:00,USDCAD,fx,-1.177003,Bearish,0.251774,0.138566,Neutral
2024-08-30 21:00:00,AUDUSD,fx,-0.072132,Neutral,-0.934039,-0.424756,Neutral
2024-08-30 21:00:00,NZDUSD,fx,0.872352,Neutral,1.086698,0.703820,Bullish
2024-08-30 21:00:00,EURGBP,fx,-0.414786,Neutral,-0.462456,-0.234155,Neutral
2024-08-30 21:00:00,EURJPY,fx,-0.801996,Neutral,2.145474,0.795504,Bullish
2024-08-30 21:00:00,EURCHF,fx,0.401961,Neutral,1.849425,0.743040,Bullish
2024-08-30 21:00:00,EURAUD,fx,0.574896,Neutral,-0.033966,-0.017120,Neutral
2024-08-30 21:00:00,EURNZD,fx,-0.872931,Neutral,-2.054703,-1.349116,Bearish
2024-08-30 21:00:00,EURCAD,fx,-0.326561,Neutral,-0.716232,-0.394618,Neutral
2024-08-30 21:00:00,GBPJPY,fx,-0.408658,Neutral,2.607930,0.841811,Bullish
2024-08-30 21:00:00,GBPCHF,fx,0.255149,Neutral,2.311881,0.728611,Bullish
2024-08-30 21:00:00,GBPAUD,fx,0.810835,Neutral,0.428489,0.229630,Neutral
2024-08-30 21:00:00,GBPNZD,fx,-1.019744,Bearish,-1.592248,-0.860674,Bearish
2024-08-30 21:00:00,GBPCAD,fx,0.075200,Neutral,-0.253776,-0.111697,Neutral
2024-08-30 21:00:00,AUDJPY,fx,-1.095694,Bearish,2.179441,0.874926,Bullish
2024-08-30 21:00:00,NZDJPY,fx,1.083599,Bullish,4.200178,1.474264,Bullish
2024-08-30 21:00:00,CADJPY,fx,-0.422830,Neutral,2.861706,1.107043,Bullish
2024-08-30 21:00:00,CHFJPY,fx,-0.191294,Neutral,0.296049,0.149218,Neutral
2024-08-30 21:00:00,AUDNZD,fx,-1.143020,Bearish,-2.020737,-1.162679,Bearish
2024-08-30 21:00:00,AUDCAD,fx,-0.857573,Neutral,-0.682266,-0.323809,Neutral
2024-08-30 21:00:00,AUDCHF,fx,0.131873,Neutral,1.883392,0.714760,Bullish
2024-08-30 21:00:00,NZDCAD,fx,0.701686,Neutral,1.338471,0.827750,Bullish
2024-08-30 21:00:00,NZDCHF,fx,1.274893,Bullish,3.904129,1.435869,Bullish
2024-08-30 21:00:00,CADCHF,fx,0.573207,Neutral,2.565657,1.092234,Bullish
2024-08-30 21:00:00,DJIA,cross,1.801555,Bullish,2.489534,1.434890,Bullish
2024-08-30 21:00:00,SP500,cross,1.801555,Bullish,2.489534,1.434890,Bullish
2024-08-30 21:00:00,NASDAQ,cross,1.801555,Bullish,2.489534,1.434890,Bullish
2024-08-30 21:00:00,DAX,cross,-0.273688,Neutral,1.019257,0.560956,Neutral
2024-08-30 21:00:00,NIKKEI,cross,0.284870,Neutral,0.714224,0.487525,Neutral
2024-08-30 21:00:00,FTSE100,cross,0.755660,Neutral,1.942948,1.035687,Bullish
2024-08-30 21:00:00,GOLD,cross,1.526723,Neutral,2.330768,1.322046,Bullish
2024-08-30 21:00:00,SILVER,cross,2.199489,Bullish,2.626785,1.493340,Bullish
2024-09-06 21:00:00,US-DOLLAR,fx,-0.869566,Neutral,0.233404,0.140099,Neutral
2024-09-06 21:00:00,EURUSD,fx,0.772026,Neutral,-0.246671,-0.149226,Neutral
2024-09-06 21:00:00,GBPUSD,fx,0.676775,Neutral,-0.271263,-0.135903,Neutral
2024-09-06 21:00:00,USDJPY,fx,0.139992,Neutral,4.115375,1.363158,Bullish
2024-09-06 21:00:00,USDCHF,fx,-1.375811,Bearish,0.369148,0.130811,Neutral
2024-09-06 21:00:00,USDCAD,fx,-0.248748,Neutral,1.247527,0.686586,Neutral
2024-09-06 21:00:00,AUDUSD,fx,-0.112393,Neutral,-1.122764,-0.510579,Neutral
2024-09-06 21:00:00,NZDUSD,fx,0.739115,Neutral,0.897973,0.581589,Neutral
2024-09-06 21:00:00,EURGBP,fx,0.026627,Neutral,0.024592,0.012452,Neutral
2024-09-06 21:00:00,EURJPY,fx,0.634290,Neutral,3.868705,1.434447,Bullish
2024-09-06 21:00:00,EURCHF,fx,-0.904426,Bearish,0.122477,0.049207,Neutral
2024-09-06 21:00:00,EURAUD,fx,0.725947,Neutral,0.876093,0.441579,Neutral
2024-09-06 21:00:00,EURNZD,fx,-0.267730,Neutral,-1.144644,-0.751572,Bearish
2024-09-06 21:00:00,EURCAD,fx,0.602963,Neutral,1.000856,0.551436,Neutral
2024-09-06 21:00:00,GBPJPY,fx,0.703721,Neutral,3.844113,1.240837,Bullish
2024-09-06 21:00:00,GBPCHF,fx,-1.401832,Bearish,0.097885,0.030849,Neutral
2024-09-06 21:00:00,GBPAUD,fx,0.594935,Neutral,0.851501,0.456324,Neutral
2024-09-06 21:00:00,GBPNZD,fx,-0.765136,Neutral,-1.169236,-0.632019,Neutral
2024-09-06 21:00:00,GBPCAD,fx,0.634155,Neutral,0.976264,0.429694,Neutral
2024-09-06 21:00:00,AUDJPY,fx,0.031282,Neutral,2.992612,1.201370,Bullish
2024-09-06 21:00:00,NZDJPY,fx,1.751081,Bullish,5.013348,1.759687,Very Bullish
2024-09-06 21:00:00,CADJPY,fx,-0.006542,Neutral,2.867849,1.109419,Bullish
2024-09-06 21:00:00,CHFJPY,fx,2.387777,Very Bullish,3.746228,1.888220,Very Bullish
2024-09-06 21:00:00,AUDNZD,fx,-1.143020,Bearish,-2.020737,-1.162679,Bearish
2024-09-06 21:00:00,AUDCAD,fx,-0.019090,Neutral,0.124763,0.059213,Neutral
2024-09-06 21:00:00,AUDCHF,fx,-1.779716,Bearish,-0.753616,-0.286002,Neutral
2024-09-06 21:00:00,NZDCAD,fx,1.226384,Bullish,2.145500,1.326840,Bullish
2024-09-06 21:00:00,NZDCHF,fx,-0.636696,Neutral,1.267121,0.466025,Neutral
2024-09-06 21:00:00,CADCHF,fx,-1.863080,Bearish,-0.878379,-0.373937,Neutral
2024-09-06 21:00:00,DJIA,cross,2.477506,Bullish,2.189109,1.261734,Bullish
2024-09-06 21:00:00,SP500,cross,2.477506,Bullish,2.189109,1.261734,Bullish
2024-09-06 21:00:00,NASDAQ,cross,2.477506,Bullish,2.189109,1.261734,Bullish
2024-09-06 21:00:00,DAX,cross,1.798877,Bullish,1.691546,0.930955,Bullish
2024-09-06 21:00:00,NIKKEI,cross,-1.818273,Bearish,-1.124335,-0.767464,Bearish
2024-09-06 21:00:00,FTSE100,cross,1.630377,Neutral,1.690825,0.901293,Bullish
2024-09-06 21:00:00,GOLD,cross,1.550922,Neutral,2.439905,1.383951,Bullish
2024-09-06 21:00:00,SILVER,cross,3.232838,Bullish,3.179948,1.807816,Very Bullish
2024-09-13 21:00:00,US-DOLLAR,fx,-0.897909,Bearish,0.800156,0.480286,Neutral
2024-09-13 21:00:00,EURUSD,fx,0.845457,Neutral,-0.928057,-0.561438,Neutral
2024-09-13 21:00:00,GBPUSD,fx,0.242857,Neutral,-0.837737,-0.419708,Neutral
2024-09-13 21:00:00,USDJPY,fx,0.132754,Neutral,5.035469,1.667926,Very Bullish
2024-09-13 21:00:00,USDCHF,fx,-0.899101,Bearish,1.131029,0.400790,Neutral
2024-09-13 21:00:00,USDCAD,fx,0.306434,Neutral,1.797902,0.989489,Bullish
2024-09-13 21:00:00,AUDUSD,fx,0.306325,Neutral,-1.461633,-0.664681,Neutral
2024-09-13 21:00:00,NZDUSD,fx,0.517013,Neutral,0.559103,0.362114,Neutral
2024-09-13 21:00:00,EURGBP,fx,0.270218,Neutral,-0.090321,-0.045732,Neutral
2024-09-13 21:00:00,EURJPY,fx,0.160586,Neutral,4.107411,1.522956,Very Bullish
2024-09-13 21:00:00,EURCHF,fx,-0.777122,Neutral,0.202972,0.081548,Neutral
2024-09-13 21:00:00,EURAUD,fx,0.123321,Neutral,0.533576,0.268940,Neutral
2024-09-13 21:00:00,EURNZD,fx,-0.395034,Neutral,-1.487161,-0.976468,Bearish
2024-09-13 21:00:00,EURCAD,fx,1.140018,Bullish,0.869845,0.479253,Neutral
2024-09-13 21:00:00,GBPJPY,fx,-0.059204,Neutral,4.197732,1.354981,Bullish
2024-09-13 21:00:00,GBPCHF,fx,-1.382002,Bearish,0.293292,0.092434,Neutral
2024-09-13 21:00:00,GBPAUD,fx,-0.002189,Neutral,0.623897,0.334350,Neutral
2024-09-13 21:00:00,GBPNZD,fx,-0.999914,Bearish,-1.396840,-0.755049,Bearish
2024-09-13 21:00:00,GBPCAD,fx,0.633369,Neutral,0.960165,0.422608,Neutral
2024-09-13 21:00:00,AUDJPY,fx,0.160074,Neutral,3.573835,1.434699,Bullish
2024-09-13 21:00:00,NZDJPY,fx,2.053088,Very Bullish,5.594572,1.963697,Very Bullish
2024-09-13 21:00:00,CADJPY,fx,-0.526578,Neutral,3.237567,1.252444,Bullish
2024-09-13 21:00:00,CHFJPY,fx,2.435176,Very Bullish,3.904440,1.967964,Very Bullish
2024-09-13 21:00:00,AUDNZD,fx,-1.143020,Bearish,-2.020737,-1.162679,Bearish
2024-09-13 21:00:00,AUDCAD,fx,0.664477,Neutral,0.336269,0.159596,Neutral
2024-09-13 21:00:00,AUDCHF,fx,-1.525108,Bearish,-0.330604,-0.125467,Neutral
2024-09-13 21:00:00,NZDCAD,fx,1.353688,Bullish,2.357006,1.457641,Bullish
2024-09-13 21:00:00,NZDCHF,fx,-0.382088,Neutral,1.690133,0.621601,Neutral
2024-09-13 21:00:00,CADCHF,fx,-1.735776,Bearish,-0.666873,-0.283897,Neutral
2024-09-13 21:00:00,DJIA,cross,0.994230,Neutral,1.771342,1.020946,Bullish
2024-09-13 21:00:00,SP500,cross,0.994230,Neutral,1.771342,1.020946,Bullish
2024-09-13 21:00:00,NASDAQ,cross,0.994230,Neutral,1.771342,1.020946,Bullish
2024-09-13 21:00:00,DAX,cross,1.188351,Neutral,1.947067,1.071583,Bullish
2024-09-13 21:00:00,NIKKEI,cross,-3.199434,Bearish,-0.515359,-0.351781,Neutral
2024-09-13 21:00:00,FTSE100,cross,0.277537,Neutral,1.729486,0.921901,Bullish
2024-09-13 21:00:00,GOLD,cross,1.232604,Neutral,2.093686,1.187570,Bullish
2024-09-13 21:00:00,SILVER,cross,2.914520,Bullish,2.833729,1.610989,Very Bullish
2024-09-20 21:00:00,US-DOLLAR,fx,0.218017,Neutral,2.416164,1.450279,Bullish
2024-09-20 21:00:00,EURUSD,fx,0.719115,Neutral,-1.876795,-1.135387,Bearish
2024-09-20 21:00:00,GBPUSD,fx,-0.230495,Neutral,-2.515416,-1.260228,Bearish
2024-09-20 21:00:00,USDJPY,fx,0.397121,Neutral,5.772701,1.912123,Very Bullish
2024-09-20 21:00:00,USDCHF,fx,-0.673915,Neutral,1.656755,0.587085,Neutral
2024-09-20 21:00:00,USDCAD,fx,0.331865,Neutral,1.984733,1.092313,Bullish
2024-09-20 21:00:00,AUDUSD,fx,0.118559,Neutral,-2.679352,-1.218441,Bearish
2024-09-20 21:00:00,NZDUSD,fx,0.037219,Neutral,-0.389634,-0.252354,Neutral
2024-09-20 21:00:00,EURGBP,fx,0.650340,Neutral,0.638621,0.323352,Neutral
2024-09-20 21:00:00,EURJPY,fx,0.180123,Neutral,3.895906,1.444533,Bullish
2024-09-20 21:00:00,EURCHF,fx,-1.031730,Bearish,-0.220040,-0.088405,Neutral
2024-09-20 21:00:00,EURAUD,fx,0.181887,Neutral,0.802557,0.404515,Neutral
2024-09-20 21:00:00,EURNZD,fx,-0.395034,Neutral,-1.487161,-0.976468,Bearish
2024-09-20 21:00:00,EURCAD,fx,1.096402,Bullish,0.107938,0.059470,Neutral
2024-09-20 21:00:00,GBPJPY,fx,-0.307780,Neutral,3.257285,1.051415,Bullish
2024-09-20 21:00:00,GBPCHF,fx,-2.091649,Very Bearish,-0.858661,-0.270615,Neutral
2024-09-20 21:00:00,GBPAUD,fx,-0.447078,Neutral,0.163936,0.087854,Neutral
2024-09-20 21:00:00,GBPNZD,fx,-1.454953,Bearish,-2.125782,-1.149071,Bearish
2024-09-20 21:00:00,GBPCAD,fx,0.095002,Neutral,-0.530683,-0.233575,Neutral
2024-09-20 21:00:00,AUDJPY,fx,0.195908,Neutral,3.093349,1.241810,Bullish
2024-09-20 21:00:00,NZDJPY,fx,1.925784,Bullish,5.383066,1.889458,Very Bullish
2024-09-20 21:00:00,CADJPY,fx,-0.202814,Neutral,3.787968,1.465365,Bullish
2024-09-20 21:00:00,CHFJPY,fx,2.562480,Very Bullish,4.115946,2.074569,Very Bullish
2024-09-20 21:00:00,AUDNZD,fx,-1.280645,Bearish,-2.289718,-1.317444,Bearish
2024-09-20 21:00:00,AUDCAD,fx,0.530447,Neutral,-0.694619,-0.329672,Neutral
2024-09-20 21:00:00,AUDCHF,fx,-1.917341,Bearish,-1.022597,-0.388082,Neutral
2024-09-20 21:00:00,NZDCAD,fx,0.794698,Neutral,1.595099,0.986456,Bullish
2024-09-20 21:00:00,NZDCHF,fx,-0.636696,Neutral,1.267121,0.466025,Neutral
2024-09-20 21:00:00,CADCHF,fx,-1.431394,Bearish,-0.327978,-0.139625,Neutral
2024-09-20 21:00:00,DJIA,cross,1.782883,Bullish,3.143412,1.811765,Very Bullish
2024-09-20 21:00:00,SP500,cross,1.782883,Bullish,3.143412,1.811765,Very Bullish
2024-09-20 21:00:00,NASDAQ,cross,1.782883,Bullish,3.143412,1.811765,Very Bullish
2024-09-20 21:00:00,DAX,cross,0.692456,Neutral,1.868063,1.028103,Bullish
2024-09-20 21:00:00,NIKKEI,cross,-2.934630,Bearish,-0.774221,-0.528478,Neutral
2024-09-20 21:00:00,FTSE100,cross,1.320513,Neutral,2.896505,1.543979,Bullish
2024-09-20 21:00:00,GOLD,cross,-0.243255,Neutral,0.990046,0.561569,Neutral
2024-09-20 21:00:00,SILVER,cross,0.093128,Neutral,1.138055,0.646990,Neutral
2024-09-27 21:00:00,US-DOLLAR,fx,-0.723628,Neutral,0.882911,0.529959,Neutral
2024-09-27 21:00:00,EURUSD,fx,0.293429,Neutral,-0.538671,-0.325875,Neutral
2024-09-27 21:00:00,GBPUSD,fx,-0.082488,Neutral,-1.177292,-0.589826,Neutral
2024-09-27 21:00:00,USDJPY,fx,-0.072031,Neutral,4.223071,1.398831,Bullish
2024-09-27 21:00:00,USDCHF,fx,-1.375811,Bearish,0.238137,0.084386,Neutral
2024-09-27 21:00:00,USDCAD,fx,0.136156,Neutral,0.646609,0.355866,Neutral
2024-09-27 21:00:00,AUDUSD,fx,0.332974,Neutral,-1.552734,-0.706109,Bearish
2024-09-27 21:00:00,NZDUSD,fx,0.611810,Neutral,0.948489,0.614307,Neutral
2024-09-27 21:00:00,EURGBP,fx,0.235485,Neutral,0.638621,0.323352,Neutral
2024-09-27 21:00:00,EURJPY,fx,0.000740,Neutral,3.684400,1.366110,Bullish
2024-09-27 21:00:00,EURCHF,fx,-1.159034,Bearish,-0.300535,-0.120745,Neutral
2024-09-27 21:00:00,EURAUD,fx,-0.142864,Neutral,1.014063,0.511120,Neutral
2024-09-27 21:00:00,EURNZD,fx,-0.395034,Neutral,-1.487161,-0.976468,Bearish
2024-09-27 21:00:00,EURCAD,fx,0.434910,Neutral,0.107938,0.059470,Neutral
2024-09-27 21:00:00,GBPJPY,fx,-0.203626,Neutral,3.045779,0.983144,Bullish
2024-09-27 21:00:00,GBPCHF,fx,-2.218953,Very Bearish,-0.939156,-0.295984,Neutral
2024-09-27 21:00:00,GBPAUD,fx,-0.346326,Neutral,0.375442,0.201201,Neutral
2024-09-27 21:00:00,GBPNZD,fx,-1.454953,Bearish,-2.125782,-1.149071,Bearish
2024-09-27 21:00:00,GBPCAD,fx,0.000028,Neutral,-0.530683,-0.233575,Neutral
2024-09-27 21:00:00,AUDJPY,fx,0.212809,Neutral,2.670337,1.071994,Bullish
2024-09-27 21:00:00,NZDJPY,fx,1.798480,Bullish,5.171560,1.815220,Very Bullish
2024-09-27 21:00:00,CADJPY,fx,-0.158628,Neutral,3.576462,1.383544,Bullish
2024-09-27 21:00:00,CHFJPY,fx,2.562480,Very Bullish,3.984935,2.008536,Very Bullish
2024-09-27 21:00:00,AUDNZD,fx,-1.407949,Bearish,-2.501224,-1.439139,Bearish
2024-09-27 21:00:00,AUDCAD,fx,0.400716,Neutral,-0.906125,-0.430054,Neutral
2024-09-27 21:00:00,AUDCHF,fx,-2.171949,Very Bearish,-1.314598,-0.498899,Neutral
2024-09-27 21:00:00,NZDCAD,fx,0.794698,Neutral,1.595099,0.986456,Bullish
2024-09-27 21:00:00,NZDCHF,fx,-0.764000,Neutral,1.186626,0.436420,Neutral
2024-09-27 21:00:00,CADCHF,fx,-1.558698,Bearish,-0.408473,-0.173892,Neutral
2024-09-27 21:00:00,DJIA,cross,1.132722,Neutral,2.493972,1.437448,Bullish
2024-09-27 21:00:00,SP500,cross,1.132722,Neutral,2.493972,1.437448,Bullish
2024-09-27 21:00:00,NASDAQ,cross,1.132722,Neutral,2.493972,1.437448,Bullish
2024-09-27 21:00:00,DAX,cross,0.861736,Neutral,2.012589,1.107644,Bullish
2024-09-27 21:00:00,NIKKEI,cross,-2.497074,Bearish,-0.579736,-0.395724,Neutral
2024-09-27 21:00:00,FTSE100,cross,1.103231,Neutral,2.873752,1.531851,Bullish
2024-09-27 21:00:00,GOLD,cross,1.420556,Neutral,2.588977,1.468506,Bullish
2024-09-27 21:00:00,SILVER,cross,1.756939,Bullish,2.736985,1.555989,Bullish
2024-10-04 21:00:00,US-DOLLAR,fx,1.380286,Bullish,2.949763,1.770566,Very Bullish
2024-10-04 21:00:00,EURUSD,fx,-1.751797,Bearish,-3.403890,-2.059220,Very Bearish
2024-10-04 21:00:00,GBPUSD,fx,-1.121754,Bearish,-3.574369,-1.790766,Very Bearish
2024-10-04 21:00:00,USDJPY,fx,0.560800,Neutral,5.773880,1.912514,Very Bullish
2024-10-04 21:00:00,USDCHF,fx,1.022518,Bullish,4.570323,1.619533,Very Bullish
2024-10-04 21:00:00,USDCAD,fx,1.076578,Bullish,2.713461,1.493374,Bullish
2024-10-04 21:00:00,AUDUSD,fx,-0.758596,Neutral,-3.408080,-1.549832,Very Bearish
2024-10-04 21:00:00,NZDUSD,fx,-0.075368,Neutral,-1.118362,-0.724328,Bearish
2024-10-04 21:00:00,EURGBP,fx,-0.597417,Neutral,0.170480,0.086319,Neutral
2024-10-04 21:00:00,EURJPY,fx,-0.963234,Bearish,2.369990,0.878750,Bullish
2024-10-04 21:00:00,EURCHF,fx,-0.009145,Neutral,1.166433,0.468635,Neutral
2024-10-04 21:00:00,EURAUD,fx,-0.758321,Neutral,0.004190,0.002112,Neutral
2024-10-04 21:00:00,EURNZD,fx,-0.956295,Bearish,-2.285528,-1.500675,Bearish
2024-10-04 21:00:00,EURCAD,fx,-0.608903,Neutral,-0.690429,-0.380402,Neutral
2024-10-04 21:00:00,GBPJPY,fx,-0.713273,Neutral,2.199510,0.709978,Bullish
2024-10-04 21:00:00,GBPCHF,fx,-0.698962,Neutral,0.995954,0.313884,Neutral
2024-10-04 21:00:00,GBPAUD,fx,-0.347653,Neutral,-0.166290,-0.089115,Neutral
2024-10-04 21:00:00,GBPNZD,fx,-1.646112,Bearish,-2.456007,-1.327571,Bearish
2024-10-04 21:00:00,GBPCAD,fx,-0.174912,Neutral,-0.860908,-0.378921,Neutral
2024-10-04 21:00:00,AUDJPY,fx,-0.200300,Neutral,2.365800,0.949739,Bullish
2024-10-04 21:00:00,NZDJPY,fx,1.115922,Bullish,4.655517,1.634088,Very Bullish
2024-10-04 21:00:00,CADJPY,fx,-0.452654,Neutral,3.060419,1.183914,Bullish
2024-10-04 21:00:00,CHFJPY,fx,0.168773,Neutral,1.203557,0.606631,Neutral
2024-10-04 21:00:00,AUDNZD,fx,-1.280645,Bearish,-2.289718,-1.317444,Bearish
2024-10-04 21:00:00,AUDCAD,fx,0.263197,Neutral,-0.694619,-0.329672,Neutral
2024-10-04 21:00:00,AUDCHF,fx,-0.333495,Neutral,1.162243,0.441079,Neutral
2024-10-04 21:00:00,NZDCAD,fx,0.794698,Neutral,1.595099,0.986456,Bullish
2024-10-04 21:00:00,NZDCHF,fx,0.947150,Bullish,3.451961,1.269570,Bullish
2024-10-04 21:00:00,CADCHF,fx,0.152452,Neutral,1.856862,0.790490,Bullish
2024-10-04 21:00:00,DJIA,cross,2.208083,Bullish,5.328420,3.071135,Very Bullish
2024-10-04 21:00:00,SP500,cross,2.208083,Bullish,5.328420,3.071135,Very Bullish
2024-10-04 21:00:00,NASDAQ,cross,2.208083,Bullish,5.328420,3.071135,Very Bullish
2024-10-04 21:00:00,DAX,cross,0.096201,Neutral,1.789243,0.984724,Bullish
2024-10-04 21:00:00,NIKKEI,cross,-0.678290,Neutral,0.643918,0.439534,Neutral
2024-10-04 21:00:00,FTSE100,cross,-0.236394,Neutral,2.308427,1.230505,Bullish
2024-10-04 21:00:00,GOLD,cross,-2.931524,Bearish,-0.137213,-0.077829,Neutral
2024-10-04 21:00:00,SILVER,cross,-2.258757,Bearish,0.158804,0.090281,Neutral
2024-10-11 21:00:00,US-DOLLAR,fx,2.324326,Very Bullish,2.772665,1.664265,Very Bullish
2024-10-11 21:00:00,EURUSD,fx,-1.785591,Bearish,-2.771027,-1.676363,Very Bearish
2024-10-11 21:00:00,GBPUSD,fx,-1.196258,Bearish,-2.162337,-1.083335,Bearish
2024-10-11 21:00:00,USDJPY,fx,1.137124,Bullish,4.031864,1.335496,Bullish
2024-10-11 21:00:00,USDCHF,fx,0.970139,Bullish,4.148967,1.470222,Bullish
2024-10-11 21:00:00,USDCAD,fx,0.331997,Neutral,0.687065,0.378131,Neutral
2024-10-11 21:00:00,AUDUSD,fx,-1.413544,Bearish,-2.986723,-1.358219,Bearish
2024-10-11 21:00:00,NZDUSD,fx,-0.022990,Neutral,-0.959028,-0.621132,Neutral
2024-10-11 21:00:00,EURGBP,fx,-0.900221,Bearish,-0.608691,-0.308198,Neutral
2024-10-11 21:00:00,EURJPY,fx,-0.674057,Neutral,1.260836,0.467496,Neutral
2024-10-11 21:00:00,EURCHF,fx,0.118159,Neutral,1.377939,0.553612,Neutral
2024-10-11 21:00:00,EURAUD,fx,-0.486783,Neutral,0.215696,0.108718,Neutral
2024-10-11 21:00:00,EURNZD,fx,-0.828990,Neutral,-1.811999,-1.189757,Bearish
2024-10-11 21:00:00,EURCAD,fx,-2.103415,Very Bearish,-2.083963,-1.148189,Bearish
2024-10-11 21:00:00,GBPJPY,fx,0.083617,Neutral,1.869527,0.603462,Neutral
2024-10-11 21:00:00,GBPCHF,fx,-0.125485,Neutral,1.986630,0.626104,Neutral
2024-10-11 21:00:00,GBPAUD,fx,0.237274,Neutral,0.824386,0.441793,Neutral
2024-10-11 21:00:00,GBPNZD,fx,-1.072635,Bearish,-1.203309,-0.650437,Neutral
2024-10-11 21:00:00,GBPCAD,fx,-1.026575,Bearish,-1.475272,-0.649328,Neutral
2024-10-11 21:00:00,AUDJPY,fx,-0.190483,Neutral,1.045140,0.419566,Neutral
2024-10-11 21:00:00,NZDJPY,fx,0.464509,Neutral,3.072836,1.078566,Bullish
2024-10-11 21:00:00,CADJPY,fx,0.967490,Bullish,3.344799,1.293926,Bullish
2024-10-11 21:00:00,CHFJPY,fx,-0.482641,Neutral,-0.117103,-0.059024,Neutral
2024-10-11 21:00:00,AUDNZD,fx,-1.280645,Bearish,-2.027695,-1.166683,Bearish
2024-10-11 21:00:00,AUDCAD,fx,-1.277153,Bearish,-2.299659,-1.091437,Bearish
2024-10-11 21:00:00,AUDCHF,fx,-0.333495,Neutral,1.162243,0.441079,Neutral
2024-10-11 21:00:00,NZDCAD,fx,-0.524785,Neutral,-0.271963,-0.168190,Neutral
2024-10-11 21:00:00,NZDCHF,fx,0.947150,Bullish,3.189939,1.173203,Bullish
2024-10-11 21:00:00,CADCHF,fx,1.471935,Bullish,3.461902,1.473777,Bullish
2024-10-11 21:00:00,DJIA,cross,-0.370846,Neutral,3.187457,1.837151,Very Bullish
2024-10-11 21:00:00,SP500,cross,-0.370846,Neutral,3.187457,1.837151,Very Bullish
2024-10-11 21:00:00,NASDAQ,cross,-0.370846,Neutral,3.187457,1.837151,Very Bullish
2024-10-11 21:00:00,DAX,cross,-1.206080,Neutral,1.124995,0.619150,Neutral
2024-10-11 21:00:00,NIKKEI,cross,-2.430666,Bearish,-1.507672,-1.029127,Bearish
2024-10-11 21:00:00,FTSE100,cross,0.240427,Neutral,3.087781,1.645939,Very Bullish
2024-10-11 21:00:00,GOLD,cross,-3.131411,Bearish,-0.134369,-0.076216,Neutral
2024-10-11 21:00:00,SILVER,cross,-2.795028,Bearish,0.013639,0.007754,Neutral
2024-10-18 21:00:00,US-DOLLAR,fx,2.252022,Very Bullish,2.720619,1.633025,Very Bullish
2024-10-18 21:00:00,EURUSD,fx,-1.432477,Bearish,-2.199098,-1.330368,Bearish
2024-10-18 21:00:00,GBPUSD,fx,-2.099131,Very Bearish,-3.234423,-1.620452,Very Bearish
2024-10-18 21:00:00,USDJPY,fx,1.131397,Bullish,3.593723,1.190369,Bullish
2024-10-18 21:00:00,USDCHF,fx,0.838798,Neutral,3.869038,1.371027,Bullish
2024-10-18 21:00:00,USDCAD,fx,0.381596,Neutral,-0.026540,-0.014606,Neutral
2024-10-18 21:00:00,AUDUSD,fx,-0.849423,Neutral,-2.226308,-1.012419,Bearish
2024-10-18 21:00:00,NZDUSD,fx,0.235656,Neutral,-0.467594,-0.302846,Neutral
2024-10-18 21:00:00,EURGBP,fx,-0.062902,Neutral,1.035325,0.524215,Neutral
2024-10-18 21:00:00,EURJPY,fx,-0.365478,Neutral,1.394625,0.517102,Neutral
2024-10-18 21:00:00,EURCHF,fx,0.372768,Neutral,1.669940,0.670928,Neutral
2024-10-18 21:00:00,EURAUD,fx,-0.688302,Neutral,0.027210,0.013715,Neutral
2024-10-18 21:00:00,EURNZD,fx,-0.701686,Neutral,-1.731505,-1.136904,Bearish
2024-10-18 21:00:00,EURCAD,fx,-1.533869,Bearish,-2.225638,-1.226247,Bearish
2024-10-18 21:00:00,GBPJPY,fx,-0.512373,Neutral,0.359300,0.115978,Neutral
2024-10-18 21:00:00,GBPCHF,fx,-0.819210,Neutral,0.634615,0.200005,Neutral
2024-10-18 21:00:00,GBPAUD,fx,-1.067926,Bearish,-1.008115,-0.540254,Neutral
2024-10-18 21:00:00,GBPNZD,fx,-1.893664,Bearish,-2.766830,-1.495584,Bearish
2024-10-18 21:00:00,GBPCAD,fx,-1.485061,Bearish,-3.260963,-1.435283,Bearish
2024-10-18 21:00:00,AUDJPY,fx,0.286345,Neutral,1.367415,0.548942,Neutral
2024-10-18 21:00:00,NZDJPY,fx,0.544415,Neutral,3.126129,1.097273,Bullish
2024-10-18 21:00:00,CADJPY,fx,0.968805,Bullish,3.620263,1.400488,Bullish
2024-10-18 21:00:00,CHFJPY,fx,-0.530039,Neutral,-0.275315,-0.138768,Neutral
2024-10-18 21:00:00,AUDNZD,fx,-1.143020,Bearish,-1.758715,-1.011919,Bearish
2024-10-18 21:00:00,AUDCAD,fx,-0.695613,Neutral,-2.252848,-1.069221,Bearish
2024-10-18 21:00:00,AUDCHF,fx,-0.068566,Neutral,1.642730,0.623427,Neutral
2024-10-18 21:00:00,NZDCAD,fx,-0.699488,Neutral,-0.494133,-0.305586,Neutral
2024-10-18 21:00:00,NZDCHF,fx,1.074454,Bullish,3.401444,1.250991,Bullish
2024-10-18 21:00:00,CADCHF,fx,1.773942,Bullish,3.895578,1.658398,Very Bullish
2024-10-18 21:00:00,DJIA,cross,-1.054428,Neutral,2.651830,1.528433,Bullish
2024-10-18 21:00:00,SP500,cross,-1.054428,Neutral,2.651830,1.528433,Bullish
2024-10-18 21:00:00,NASDAQ,cross,-1.054428,Neutral,2.651830,1.528433,Bullish
2024-10-18 21:00:00,DAX,cross,-1.316841,Neutral,1.044370,0.574777,Neutral
2024-10-18 21:00:00,NIKKEI,cross,-3.278833,Bearish,-2.094513,-1.429702,Bearish
2024-10-18 21:00:00,FTSE100,cross,-0.494630,Neutral,2.211270,1.178715,Bullish
2024-10-18 21:00:00,GOLD,cross,-4.442981,Very Bearish,-0.785455,-0.445522,Neutral
2024-10-18 21:00:00,SILVER,cross,-3.770215,Very Bearish,-0.489438,-0.278248,Neutral
2024-10-25 21:00:00,US-DOLLAR,fx,2.386630,Very Bullish,2.564647,1.539404,Very Bullish
2024-10-25 21:00:00,EURUSD,fx,-1.173419,Bearish,-1.798868,-1.088244,Bearish
2024-10-25 21:00:00,GBPUSD,fx,-2.353837,Very Bearish,-3.257204,-1.631866,Very Bearish
2024-10-25 21:00:00,USDJPY,fx,1.278247,Bullish,3.404998,1.127856,Bullish
2024-10-25 21:00:00,USDCHF,fx,0.832865,Neutral,3.891819,1.379100,Bullish
2024-10-25 21:00:00,USDCAD,fx,0.835660,Neutral,1.041499,0.573197,Neutral
2024-10-25 21:00:00,AUDUSD,fx,-1.093534,Bearish,-2.249090,-1.022778,Bearish
2024-10-25 21:00:00,NZDUSD,fx,0.241589,Neutral,-0.490375,-0.317600,Neutral
2024-10-25 21:00:00,EURGBP,fx,0.659107,Neutral,1.458337,0.738398,Bullish
2024-10-25 21:00:00,EURJPY,fx,-0.426744,Neutral,1.606131,0.595525,Neutral
2024-10-25 21:00:00,EURCHF,fx,0.627376,Neutral,2.092952,0.840881,Bullish
2024-10-25 21:00:00,EURAUD,fx,-0.433693,Neutral,0.450222,0.226926,Neutral
2024-10-25 21:00:00,EURNZD,fx,-0.447078,Neutral,-1.308493,-0.859155,Bearish
2024-10-25 21:00:00,EURCAD,fx,-1.347121,Bearish,-0.757369,-0.417283,Neutral
2024-10-25 21:00:00,GBPJPY,fx,-1.002429,Bearish,0.147794,0.047706,Neutral
2024-10-25 21:00:00,GBPCHF,fx,-0.819210,Neutral,0.634615,0.200005,Neutral
2024-10-25 21:00:00,GBPAUD,fx,-1.467051,Bearish,-1.008115,-0.540254,Neutral
2024-10-25 21:00:00,GBPNZD,fx,-1.893664,Bearish,-2.766830,-1.495584,Bearish
2024-10-25 21:00:00,GBPCAD,fx,-1.690079,Bearish,-2.215706,-0.975223,Bearish
2024-10-25 21:00:00,AUDJPY,fx,0.447609,Neutral,1.155909,0.464034,Neutral
2024-10-25 21:00:00,NZDJPY,fx,0.417110,Neutral,2.914624,1.023034,Bullish
2024-10-25 21:00:00,CADJPY,fx,0.647739,Neutral,2.363500,0.914313,Bullish
2024-10-25 21:00:00,CHFJPY,fx,-0.657344,Neutral,-0.486821,-0.245373,Neutral
2024-10-25 21:00:00,AUDNZD,fx,-1.143020,Bearish,-1.758715,-1.011919,Bearish
2024-10-25 21:00:00,AUDCAD,fx,-0.266232,Neutral,-1.207591,-0.573133,Neutral
2024-10-25 21:00:00,AUDCHF,fx,-0.068566,Neutral,1.642730,0.623427,Neutral
2024-10-25 21:00:00,NZDCAD,fx,-0.045701,Neutral,0.551124,0.340831,Neutral
2024-10-25 21:00:00,NZDCHF,fx,1.074454,Bullish,3.401444,1.250991,Bullish
2024-10-25 21:00:00,CADCHF,fx,1.120155,Bullish,2.850321,1.213419,Bullish
2024-10-25 21:00:00,DJIA,cross,-1.902681,Bearish,2.405261,1.386317,Bullish
2024-10-25 21:00:00,SP500,cross,-1.902681,Bearish,2.405261,1.386317,Bullish
2024-10-25 21:00:00,NASDAQ,cross,-1.902681,Bearish,2.405261,1.386317,Bullish
2024-10-25 21:00:00,DAX,cross,-2.025305,Bearish,0.802891,0.441877,Neutral
2024-10-25 21:00:00,NIKKEI,cross,-4.303100,Very Bearish,-2.094513,-1.429702,Bearish
2024-10-25 21:00:00,FTSE100,cross,-0.874130,Neutral,1.960466,1.045025,Bullish
2024-10-25 21:00:00,GOLD,cross,-5.648342,Very Bearish,-1.309743,-0.742906,Bearish
2024-10-25 21:00:00,SILVER,cross,-5.648342,Very Bearish,-1.309743,-0.744595,Bearish
2024-11-01 21:00:00,US-DOLLAR,fx,1.759623,Bullish,1.744715,1.047248,Bullish
2024-11-01 21:00:00,EURUSD,fx,0.142869,Neutral,1.428044,0.863910,Bullish
2024-11-01 21:00:00,GBPUSD,fx,-2.110680,Very Bearish,-2.555992,-1.280557,Bearish
2024-11-01 21:00:00,USDJPY,fx,0.924556,Bullish,1.968828,0.652146,Neutral
2024-11-01 21:00:00,USDCHF,fx,0.158112,Neutral,2.353052,0.833824,Bullish
2024-11-01 21:00:00,USDCAD,fx,0.752642,Neutral,0.221567,0.121941,Neutral
2024-11-01 21:00:00,AUDUSD,fx,-1.581047,Bearish,-2.514906,-1.143659,Bearish
2024-11-01 21:00:00,NZDUSD,fx,0.479584,Neutral,0.541063,0.350429,Neutral
2024-11-01 21:00:00,EURGBP,fx,1.675866,Bullish,3.984036,2.017233,Very Bullish
2024-11-01 21:00:00,EURJPY,fx,1.278909,Bullish,3.396872,1.259500,Bullish
2024-11-01 21:00:00,EURCHF,fx,1.707674,Bullish,3.781096,1.519123,Very Bullish
2024-11-01 21:00:00,EURAUD,fx,1.484321,Bullish,3.942950,1.987374,Very Bullish
2024-11-01 21:00:00,EURNZD,fx,1.069977,Bullish,0.886981,0.582391,Neutral
2024-11-01 21:00:00,EURCAD,fx,0.860402,Neutral,1.649611,0.908876,Bullish
2024-11-01 21:00:00,GBPJPY,fx,-0.614873,Neutral,-0.587164,-0.189530,Neutral
2024-11-01 21:00:00,GBPCHF,fx,-1.447127,Bearish,-0.202940,-0.063958,Neutral
2024-11-01 21:00:00,GBPAUD,fx,-0.386442,Neutral,-0.041086,-0.022018,Neutral
2024-11-01 21:00:00,GBPNZD,fx,-2.084823,Very Bearish,-3.097055,-1.674084,Very Bearish
2024-11-01 21:00:00,GBPCAD,fx,-0.788146,Neutral,-2.334425,-1.027476,Bearish
2024-11-01 21:00:00,AUDJPY,fx,-0.363094,Neutral,-0.546079,-0.219221,Neutral
2024-11-01 21:00:00,NZDJPY,fx,0.225951,Neutral,2.509891,0.880972,Bullish
2024-11-01 21:00:00,CADJPY,fx,0.292235,Neutral,1.747261,0.675923,Neutral
2024-11-01 21:00:00,CHFJPY,fx,-0.411745,Neutral,-0.384224,-0.193662,Neutral
2024-11-01 21:00:00,AUDNZD,fx,-1.979972,Very Bearish,-3.055969,-1.758325,Very Bearish
2024-11-01 21:00:00,AUDCAD,fx,-0.644494,Neutral,-2.293340,-1.088438,Bearish
2024-11-01 21:00:00,AUDCHF,fx,-1.342276,Bearish,-0.161854,-0.061425,Neutral
2024-11-01 21:00:00,NZDCAD,fx,0.081603,Neutral,0.762630,0.471632,Neutral
2024-11-01 21:00:00,NZDCHF,fx,0.637696,Neutral,2.894115,1.064404,Bullish
2024-11-01 21:00:00,CADCHF,fx,0.556093,Neutral,2.131485,0.907401,Bullish
2024-11-01 21:00:00,DJIA,cross,-2.595997,Bearish,-0.798075,-0.459986,Neutral
2024-11-01 21:00:00,SP500,cross,-2.595997,Bearish,-0.798075,-0.459986,Neutral
2024-11-01 21:00:00,NASDAQ,cross,-2.595997,Bearish,-0.798075,-0.459986,Neutral
2024-11-01 21:00:00,DAX,cross,2.351653,Bullish,2.300281,1.265978,Bullish
2024-11-01 21:00:00,NIKKEI,cross,-2.346105,Bearish,-1.491704,-1.018228,Bearish
2024-11-01 21:00:00,FTSE100,cross,-0.600666,Neutral,0.602555,0.321191,Neutral
2024-11-01 21:00:00,GOLD,cross,-4.183008,Very Bearish,-0.882186,-0.500389,Neutral
2024-11-01 21:00:00,SILVER,cross,-4.519392,Very Bearish,-1.030194,-0.585670,Neutral
2024-11-08 21:00:00,US-DOLLAR,fx,1.704734,Bullish,2.206235,1.324271,Bullish
2024-11-08 21:00:00,EURUSD,fx,0.307679,Neutral,1.210783,0.732476,Bullish
2024-11-08 21:00:00,GBPUSD,fx,-0.987761,Bearish,-2.362533,-1.183634,Bearish
2024-11-08 21:00:00,USDJPY,fx,0.592240,Neutral,2.186089,0.724110,Bullish
2024-11-08 21:00:00,USDCHF,fx,0.398957,Neutral,2.781819,0.985762,Bullish
2024-11-08 21:00:00,USDCAD,fx,1.135843,Bullish,0.903339,0.497160,Neutral
2024-11-08 21:00:00,AUDUSD,fx,-1.178650,Bearish,-2.732168,-1.242459,Bearish
2024-11-08 21:00:00,NZDUSD,fx,0.366044,Neutral,0.323802,0.209716,Neutral
2024-11-08 21:00:00,EURGBP,fx,1.076125,Bullish,3.573316,1.809274,Very Bullish
2024-11-08 21:00:00,EURJPY,fx,1.014525,Bullish,3.396872,1.259500,Bullish
2024-11-08 21:00:00,EURCHF,fx,1.834978,Bullish,3.992602,1.604099,Very Bullish
2024-11-08 21:00:00,EURAUD,fx,1.396790,Bullish,3.942950,1.987374,Very Bullish
2024-11-08 21:00:00,EURNZD,fx,1.069977,Bullish,0.886981,0.582391,Neutral
2024-11-08 21:00:00,EURCAD,fx,1.939265,Very Bullish,2.114122,1.164806,Bullish
2024-11-08 21:00:00,GBPJPY,fx,-0.307371,Neutral,-0.176444,-0.056954,Neutral
2024-11-08 21:00:00,GBPCHF,fx,-1.001359,Bearish,0.419286,0.132142,Neutral
2024-11-08 21:00:00,GBPAUD,fx,0.152847,Neutral,0.369635,0.198089,Neutral
2024-11-08 21:00:00,GBPNZD,fx,-1.766360,Bearish,-2.686335,-1.452073,Bearish
2024-11-08 21:00:00,GBPCAD,fx,0.117431,Neutral,-1.459194,-0.642251,Neutral
2024-11-08 21:00:00,AUDJPY,fx,-0.405117,Neutral,-0.546079,-0.219221,Neutral
2024-11-08 21:00:00,NZDJPY,fx,0.225951,Neutral,2.509891,0.880972,Bullish
2024-11-08 21:00:00,CADJPY,fx,-0.571681,Neutral,1.282749,0.496228,Neutral
2024-11-08 21:00:00,CHFJPY,fx,-0.539049,Neutral,-0.595730,-0.300267,Neutral
2024-11-08 21:00:00,AUDNZD,fx,-1.979972,Very Bearish,-3.055969,-1.758325,Very Bearish
2024-11-08 21:00:00,AUDCAD,fx,-0.170082,Neutral,-1.828828,-0.867977,Bearish
2024-11-08 21:00:00,AUDCHF,fx,-1.214971,Bearish,0.049652,0.018843,Neutral
2024-11-08 21:00:00,NZDCAD,fx,0.478996,Neutral,1.227141,0.758900,Bullish
2024-11-08 21:00:00,NZDCHF,fx,0.765001,Neutral,3.105621,1.142192,Bullish
2024-11-08 21:00:00,CADCHF,fx,0.286005,Neutral,1.878480,0.799693,Bullish
2024-11-08 21:00:00,DJIA,cross,-2.394646,Bearish,-0.293061,-0.168911,Neutral
2024-11-08 21:00:00,SP500,cross,-2.394646,Bearish,-0.293061,-0.168911,Neutral
2024-11-08 21:00:00,NASDAQ,cross,-2.394646,Bearish,-0.293061,-0.168911,Neutral
2024-11-08 21:00:00,DAX,cross,2.163416,Bullish,2.117913,1.165610,Bullish
2024-11-08 21:00:00,NIKKEI,cross,-3.041481,Bearish,-1.491704,-1.018228,Bearish
2024-11-08 21:00:00,FTSE100,cross,-0.519897,Neutral,0.767222,0.408967,Neutral
2024-11-08 21:00:00,GOLD,cross,-2.933139,Bearish,-1.567822,-0.889292,Bearish
2024-11-08 21:00:00,SILVER,cross,-2.596756,Bearish,-1.419814,-0.807171,Bearish
2024-11-15 21:00:00,US-DOLLAR,fx,1.573285,Bullish,1.931047,1.159092,Bullish
2024-11-15 21:00:00,EURUSD,fx,0.061436,Neutral,1.274465,0.771001,Bullish
2024-11-15 21:00:00,GBPUSD,fx,-1.594802,Bearish,-3.289527,-1.648060,Very Bearish
2024-11-15 21:00:00,USDJPY,fx,0.311869,Neutral,1.910901,0.632958,Neutral
2024-11-15 21:00:00,USDCHF,fx,0.533707,Neutral,2.802455,0.993074,Bullish
2024-11-15 21:00:00,USDCAD,fx,0.877511,Neutral,0.416646,0.229304,Neutral
2024-11-15 21:00:00,AUDUSD,fx,-1.601652,Bearish,-3.417953,-1.554321,Very Bearish
2024-11-15 21:00:00,NZDUSD,fx,0.540747,Neutral,0.598990,0.387947,Neutral
2024-11-15 21:00:00,EURGBP,fx,1.506232,Bullish,4.563992,2.310882,Very Bullish
2024-11-15 21:00:00,EURJPY,fx,0.213698,Neutral,3.185366,1.181077,Bullish
2024-11-15 21:00:00,EURCHF,fx,2.017127,Very Bullish,4.076920,1.637975,Very Bullish
2024-11-15 21:00:00,EURAUD,fx,1.633727,Bullish,4.692418,2.365130,Very Bullish
2024-11-15 21:00:00,EURNZD,fx,0.942673,Bullish,0.675475,0.443516,Neutral
2024-11-15 21:00:00,EURCAD,fx,0.377655,Neutral,1.691110,0.931741,Bullish
2024-11-15 21:00:00,GBPJPY,fx,-1.017515,Bearish,-1.378626,-0.445005,Neutral
2024-11-15 21:00:00,GBPCHF,fx,-1.392687,Bearish,-0.487072,-0.153505,Neutral
2024-11-15 21:00:00,GBPAUD,fx,0.188937,Neutral,0.128426,0.068824,Neutral
2024-11-15 21:00:00,GBPNZD,fx,-2.467141,Very Bearish,-3.888517,-2.101901,Very Bearish
2024-11-15 21:00:00,GBPCAD,fx,-0.601789,Neutral,-2.872881,-1.264472,Bearish
2024-11-15 21:00:00,AUDJPY,fx,-1.130986,Bearish,-1.507052,-0.604999,Neutral
2024-11-15 21:00:00,NZDJPY,fx,0.225951,Neutral,2.509891,0.880972,Bullish
2024-11-15 21:00:00,CADJPY,fx,-0.362006,Neutral,1.494255,0.578049,Neutral
2024-11-15 21:00:00,CHFJPY,fx,-0.848503,Neutral,-0.891554,-0.449372,Neutral
2024-11-15 21:00:00,AUDNZD,fx,-2.509829,Very Bearish,-4.016943,-2.311244,Very Bearish
2024-11-15 21:00:00,AUDCAD,fx,-0.906708,Bearish,-3.001307,-1.424446,Bearish
2024-11-15 21:00:00,AUDCHF,fx,-1.435375,Bearish,-0.615498,-0.233586,Neutral
2024-11-15 21:00:00,NZDCAD,fx,0.351692,Neutral,1.015635,0.628098,Neutral
2024-11-15 21:00:00,NZDCHF,fx,1.074454,Bullish,3.401444,1.250991,Bullish
2024-11-15 21:00:00,CADCHF,fx,0.722762,Neutral,2.385809,1.015670,Bullish
2024-11-15 21:00:00,DJIA,cross,-1.974577,Bearish,0.000000,0.000000,Neutral
2024-11-15 21:00:00,SP500,cross,-1.974577,Bearish,0.000000,0.000000,Neutral
2024-11-15 21:00:00,NASDAQ,cross,-1.974577,Bearish,0.000000,0.000000,Neutral
2024-11-15 21:00:00,DAX,cross,2.544824,Bullish,2.098550,1.154953,Bullish
2024-11-15 21:00:00,NIKKEI,cross,-2.954377,Bearish,-1.491704,-1.018228,Bearish
2024-11-15 21:00:00,FTSE100,cross,-2.396027,Bearish,0.000000,0.000000,Neutral
2024-11-15 21:00:00,GOLD,cross,-2.784906,Bearish,-1.216234,-0.689866,Bearish
2024-11-15 21:00:00,SILVER,cross,-2.784906,Bearish,-1.216234,-0.691435,Bearish
2024-11-22 21:00:00,US-DOLLAR,fx,1.492205,Bullish,1.931047,1.159092,Bullish
2024-11-22 21:00:00,EURUSD,fx,0.372199,Neutral,1.697477,1.026907,Bullish
2024-11-22 21:00:00,GBPUSD,fx,-0.125420,Neutral,-0.985620,-0.493798,Neutral
2024-11-22 21:00:00,USDJPY,fx,0.273429,Neutral,1.910901,0.632958,Neutral
2024-11-22 21:00:00,USDCHF,fx,0.279099,Neutral,2.379443,0.843176,Bullish
2024-11-22 21:00:00,USDCAD,fx,-0.416300,Neutral,-0.249864,-0.137515,Neutral
2024-11-22 21:00:00,AUDUSD,fx,-2.036285,Very Bearish,-3.417953,-1.554321,Very Bearish
2024-11-22 21:00:00,NZDUSD,fx,0.668051,Neutral,0.810496,0.524932,Neutral
2024-11-22 21:00:00,EURGBP,fx,0.632717,Neutral,2.683097,1.358530,Bullish
2024-11-22 21:00:00,EURJPY,fx,0.654310,Neutral,3.608378,1.337923,Bullish
2024-11-22 21:00:00,EURCHF,fx,2.017127,Very Bullish,4.076920,1.637975,Very Bullish
2024-11-22 21:00:00,EURAUD,fx,2.451662,Very Bullish,5.115430,2.578342,Very Bullish
2024-11-22 21:00:00,EURNZD,fx,1.069977,Bullish,0.886981,0.582391,Neutral
2024-11-22 21:00:00,EURCAD,fx,-0.282480,Neutral,1.447612,0.797583,Bullish
2024-11-22 21:00:00,GBPJPY,fx,0.222568,Neutral,0.925281,0.298670,Neutral
2024-11-22 21:00:00,GBPCHF,fx,-0.228000,Neutral,1.393823,0.439276,Neutral
2024-11-22 21:00:00,GBPAUD,fx,1.948582,Very Bullish,2.432333,1.303501,Bullish
2024-11-22 21:00:00,GBPNZD,fx,-1.175150,Bearish,-1.796116,-0.970873,Bearish
2024-11-22 21:00:00,GBPCAD,fx,-0.520668,Neutral,-1.235484,-0.543787,Neutral
2024-11-22 21:00:00,AUDJPY,fx,-1.644314,Bearish,-1.507052,-0.604999,Neutral
2024-11-22 21:00:00,NZDJPY,fx,0.353256,Neutral,2.721396,0.955211,Bullish
2024-11-22 21:00:00,CADJPY,fx,0.843437,Neutral,2.160765,0.835886,Bullish
2024-11-22 21:00:00,CHFJPY,fx,-0.593894,Neutral,-0.468542,-0.236160,Neutral
2024-11-22 21:00:00,AUDNZD,fx,-2.637134,Very Bearish,-4.228448,-2.432939,Very Bearish
2024-11-22 21:00:00,AUDCAD,fx,-2.475581,Very Bearish,-3.667817,-1.740777,Very Bearish
2024-11-22 21:00:00,AUDCHF,fx,-1.689984,Bearish,-1.038510,-0.394121,Neutral
2024-11-22 21:00:00,NZDCAD,fx,-0.045113,Neutral,0.560631,0.346711,Neutral
2024-11-22 21:00:00,NZDCHF,fx,0.947150,Bullish,3.189939,1.173203,Bullish
2024-11-22 21:00:00,CADCHF,fx,0.992263,Bullish,2.629307,1.119330,Bullish
2024-11-22 21:00:00,DJIA,cross,-2.138816,Bearish,0.000000,0.000000,Neutral
2024-11-22 21:00:00,SP500,cross,-2.138816,Bearish,0.000000,0.000000,Neutral
2024-11-22 21:00:00,NASDAQ,cross,-2.138816,Bearish,0.000000,0.000000,Neutral
2024-11-22 21:00:00,DAX,cross,2.093401,Bullish,2.003216,1.102486,Bullish
2024-11-22 21:00:00,NIKKEI,cross,-3.207224,Bearish,-1.491704,-1.018228,Bearish
2024-11-22 21:00:00,FTSE100,cross,-5.431770,Very Bearish,-2.549134,-1.358813,Bearish
2024-11-22 21:00:00,GOLD,cross,-1.967224,Bearish,-1.235278,-0.700668,Bearish
2024-11-22 21:00:00,SILVER,cross,-1.630841,Neutral,-1.087269,-0.618118,Neutral
2024-11-29 21:00:00,US-DOLLAR,fx,1.236304,Bullish,2.077785,1.247170,Bullish
2024-11-29 21:00:00,EURUSD,fx,0.168392,Neutral,0.624562,0.377836,Neutral
2024-11-29 21:00:00,GBPUSD,fx,-0.206617,Neutral,-1.311111,-0.656869,Neutral
2024-11-29 21:00:00,USDJPY,fx,-0.216036,Neutral,1.762773,0.583893,Neutral
2024-11-29 21:00:00,USDCHF,fx,0.589867,Neutral,2.932929,1.039309,Bullish
2024-11-29 21:00:00,USDCAD,fx,-0.078908,Neutral,0.895588,0.492894,Neutral
2024-11-29 21:00:00,AUDUSD,fx,-1.854763,Bearish,-3.562797,-1.620190,Very Bearish
2024-11-29 21:00:00,NZDUSD,fx,0.548576,Neutral,0.222982,0.144419,Neutral
2024-11-29 21:00:00,EURGBP,fx,0.393817,Neutral,1.935673,0.980088,Bullish
2024-11-29 21:00:00,EURJPY,fx,-0.363452,Neutral,2.387335,0.885182,Bullish
2024-11-29 21:00:00,EURCHF,fx,1.626078,Bullish,3.557491,1.429285,Bullish
2024-11-29 21:00:00,EURAUD,fx,1.925644,Bullish,4.187359,2.110564,Very Bullish
2024-11-29 21:00:00,EURNZD,fx,0.487634,Neutral,0.401580,0.263677,Neutral
2024-11-29 21:00:00,EURCAD,fx,-0.088090,Neutral,1.520150,0.837548,Bullish
2024-11-29 21:00:00,GBPJPY,fx,-0.686195,Neutral,0.451662,0.145792,Neutral
2024-11-29 21:00:00,GBPCHF,fx,-0.036706,Neutral,1.621818,0.511131,Neutral
2024-11-29 21:00:00,GBPAUD,fx,1.368911,Bullish,2.251686,1.206691,Bullish
2024-11-29 21:00:00,GBPNZD,fx,-1.175150,Bearish,-1.534093,-0.829240,Bearish
2024-11-29 21:00:00,GBPCAD,fx,-0.317156,Neutral,-0.415523,-0.182889,Neutral
2024-11-29 21:00:00,AUDJPY,fx,-2.146074,Very Bearish,-1.800023,-0.722611,Bearish
2024-11-29 21:00:00,NZDJPY,fx,0.257483,Neutral,1.985756,0.697001,Neutral
2024-11-29 21:00:00,CADJPY,fx,-0.306178,Neutral,0.867185,0.335468,Neutral
2024-11-29 21:00:00,CHFJPY,fx,-0.880961,Neutral,-1.170156,-0.589796,Neutral
2024-11-29 21:00:00,AUDNZD,fx,-2.450408,Very Bearish,-3.785779,-2.178239,Very Bearish
2024-11-29 21:00:00,AUDCAD,fx,-1.869837,Bearish,-2.667209,-1.265880,Bearish
2024-11-29 21:00:00,AUDCHF,fx,-1.311964,Bearish,-0.629867,-0.239039,Neutral
2024-11-29 21:00:00,NZDCAD,fx,0.560089,Neutral,1.118570,0.691757,Neutral
2024-11-29 21:00:00,NZDCHF,fx,1.138444,Bullish,3.155912,1.160688,Bullish
2024-11-29 21:00:00,CADCHF,fx,0.578355,Neutral,2.037341,0.867323,Bullish
2024-11-29 21:00:00,DJIA,cross,-0.105310,Neutral,0.000000,0.000000,Neutral
2024-11-29 21:00:00,SP500,cross,-0.105310,Neutral,0.000000,0.000000,Neutral
2024-11-29 21:00:00,NASDAQ,cross,-0.105310,Neutral,0.000000,0.000000,Neutral
2024-11-29 21:00:00,DAX,cross,5.278575,Very Bullish,3.108382,1.710722,Very Bullish
2024-11-29 21:00:00,NIKKEI,cross,-2.977201,Bearish,-2.202629,-1.503501,Bearish
2024-11-29 21:00:00,FTSE100,cross,-3.328691,Bearish,-2.549134,-1.358813,Bearish
2024-11-29 21:00:00,GOLD,cross,-1.448618,Neutral,-1.623555,-0.920905,Bearish
2024-11-29 21:00:00,SILVER,cross,-0.775852,Neutral,-1.327538,-0.754712,Bearish
2024-12-06 21:00:00,US-DOLLAR,fx,0.791735,Neutral,1.963800,1.178751,Bullish
2024-12-06 21:00:00,EURUSD,fx,-0.644672,Neutral,-0.596167,-0.360658,Neutral
2024-12-06 21:00:00,GBPUSD,fx,-0.714208,Neutral,-0.655395,-0.328354,Neutral
2024-12-06 21:00:00,USDJPY,fx,-0.698796,Neutral,1.437282,0.476079,Neutral
2024-12-06 21:00:00,USDCHF,fx,-0.991875,Bearish,1.364498,0.483522,Neutral
2024-12-06 21:00:00,USDCAD,fx,0.409035,Neutral,1.034608,0.569405,Neutral
2024-12-06 21:00:00,AUDUSD,fx,-2.119939,Very Bearish,-3.643568,-1.656921,Very Bearish
2024-12-06 21:00:00,NZDUSD,fx,0.668051,Neutral,0.548473,0.355229,Neutral
2024-12-06 21:00:00,EURGBP,fx,0.061020,Neutral,0.059227,0.029989,Neutral
2024-12-06 21:00:00,EURJPY,fx,-1.212411,Bearish,0.841115,0.311871,Neutral
2024-12-06 21:00:00,EURCHF,fx,-0.838785,Neutral,0.768331,0.308691,Neutral
2024-12-06 21:00:00,EURAUD,fx,1.606062,Bullish,3.047401,1.535988,Very Bullish
2024-12-06 21:00:00,EURNZD,fx,-0.514961,Neutral,-1.144641,-0.751570,Bearish
2024-12-06 21:00:00,EURCAD,fx,-0.467515,Neutral,0.438441,0.241565,Neutral
2024-12-06 21:00:00,GBPJPY,fx,-1.564184,Bearish,0.781888,0.252385,Neutral
2024-12-06 21:00:00,GBPCHF,fx,-1.307816,Bearish,0.709104,0.223481,Neutral
2024-12-06 21:00:00,GBPAUD,fx,1.486612,Bullish,2.988174,1.601379,Very Bullish
2024-12-06 21:00:00,GBPNZD,fx,-0.983991,Bearish,-1.203868,-0.650740,Neutral
2024-12-06 21:00:00,GBPCAD,fx,-0.422343,Neutral,0.379214,0.166907,Neutral
2024-12-06 21:00:00,AUDJPY,fx,-2.952249,Very Bearish,-2.206286,-0.885703,Bearish
2024-12-06 21:00:00,NZDJPY,fx,0.257483,Neutral,1.985756,0.697001,Neutral
2024-12-06 21:00:00,CADJPY,fx,-1.239608,Bearish,0.402674,0.155773,Neutral
2024-12-06 21:00:00,CHFJPY,fx,0.581307,Neutral,0.072784,0.036685,Neutral
2024-12-06 21:00:00,AUDNZD,fx,-2.801001,Very Bearish,-4.192042,-2.411992,Very Bearish
2024-12-06 21:00:00,AUDCAD,fx,-1.789975,Bearish,-2.608960,-1.238234,Bearish
2024-12-06 21:00:00,AUDCHF,fx,-3.124826,Very Bearish,-2.279070,-0.864922,Bearish
2024-12-06 21:00:00,NZDCAD,fx,0.957482,Bullish,1.583082,0.979024,Bullish
2024-12-06 21:00:00,NZDCHF,fx,-0.323824,Neutral,1.912972,0.703557,Bullish
2024-12-06 21:00:00,CADCHF,fx,-1.281306,Bearish,0.329890,0.140439,Neutral
2024-12-06 21:00:00,DJIA,cross,-0.359045,Neutral,0.000000,0.000000,Neutral
2024-12-06 21:00:00,SP500,cross,-0.359045,Neutral,0.000000,0.000000,Neutral
2024-12-06 21:00:00,NASDAQ,cross,-0.359045,Neutral,0.000000,0.000000,Neutral
2024-12-06 21:00:00,DAX,cross,2.819601,Bullish,1.484043,0.816755,Bullish
2024-12-06 21:00:00,NIKKEI,cross,-3.214979,Bearish,-2.202629,-1.503501,Bearish
2024-12-06 21:00:00,FTSE100,cross,-2.207199,Bearish,-2.079156,-1.108292,Bearish
2024-12-06 21:00:00,GOLD,cross,-0.376678,Neutral,-1.231469,-0.698508,Bearish
2024-12-06 21:00:00,SILVER,cross,-0.040295,Neutral,-1.083461,-0.615953,Neutral
2024-12-13 21:00:00,US-DOLLAR,fx,0.122353,Neutral,1.349138,0.809806,Bullish
2024-12-13 21:00:00,EURUSD,fx,0.122633,Neutral,-0.030634,-0.018532,Neutral
2024-12-13 21:00:00,GBPUSD,fx,-0.238115,Neutral,0.371375,0.186060,Neutral
2024-12-13 21:00:00,USDJPY,fx,-0.746930,Neutral,1.110456,0.367822,Neutral
2024-12-13 21:00:00,USDCHF,fx,-1.218957,Bearish,0.929976,0.329545,Neutral
2024-12-13 21:00:00,USDCAD,fx,0.231510,Neutral,0.388580,0.213858,Neutral
2024-12-13 21:00:00,AUDUSD,fx,-1.844220,Bearish,-1.986051,-0.903161,Bearish
2024-12-13 21:00:00,NZDUSD,fx,0.895133,Bullish,1.245018,0.806359,Bullish
2024-12-13 21:00:00,EURGBP,fx,0.336876,Neutral,-0.402009,-0.203549,Neutral
2024-12-13 21:00:00,EURJPY,fx,-0.778506,Neutral,1.079822,0.400379,Neutral
2024-12-13 21:00:00,EURCHF,fx,-0.838785,Neutral,0.899342,0.361327,Neutral
2024-12-13 21:00:00,EURAUD,fx,2.082848,Very Bullish,1.955417,0.985593,Bullish
2024-12-13 21:00:00,EURNZD,fx,-0.514961,Neutral,-1.275652,-0.837591,Bearish
2024-12-13 21:00:00,EURCAD,fx,0.386831,Neutral,0.357946,0.197216,Neutral
2024-12-13 21:00:00,GBPJPY,fx,-0.957964,Bearish,1.481831,0.478319,Neutral
2024-12-13 21:00:00,GBPCHF,fx,-1.116657,Bearish,1.301351,0.410133,Neutral
2024-12-13 21:00:00,GBPAUD,fx,1.816549,Bullish,2.357426,1.263358,Bullish
2024-12-13 21:00:00,GBPNZD,fx,-0.792832,Neutral,-0.873643,-0.472239,Neutral
2024-12-13 21:00:00,GBPCAD,fx,0.069228,Neutral,0.759955,0.334487,Neutral
2024-12-13 21:00:00,AUDJPY,fx,-2.525825,Very Bearish,-0.875595,-0.351503,Neutral
2024-12-13 21:00:00,NZDJPY,fx,0.432186,Neutral,2.355474,0.826772,Bullish
2024-12-13 21:00:00,CADJPY,fx,-1.007723,Bearish,0.721876,0.279256,Neutral
2024-12-13 21:00:00,CHFJPY,fx,0.756010,Neutral,0.180480,0.090968,Neutral
2024-12-13 21:00:00,AUDNZD,fx,-2.271144,Very Bearish,-3.231069,-1.859073,Very Bearish
2024-12-13 21:00:00,AUDCAD,fx,-1.712893,Bearish,-1.597471,-0.758173,Bearish
2024-12-13 21:00:00,AUDCHF,fx,-2.594968,Very Bearish,-1.056075,-0.400787,Neutral
2024-12-13 21:00:00,NZDCAD,fx,0.830177,Neutral,1.633598,1.010265,Bullish
2024-12-13 21:00:00,NZDCHF,fx,-0.323824,Neutral,2.174994,0.799924,Bullish
2024-12-13 21:00:00,CADCHF,fx,-1.154002,Bearish,0.541396,0.230479,Neutral
2024-12-13 21:00:00,DJIA,cross,-0.779829,Neutral,-0.904052,-0.521067,Neutral
2024-12-13 21:00:00,SP500,cross,-0.779829,Neutral,-0.904052,-0.521067,Neutral
2024-12-13 21:00:00,NASDAQ,cross,-0.779829,Neutral,-0.904052,-0.521067,Neutral
2024-12-13 21:00:00,DAX,cross,2.447534,Bullish,1.087456,0.598490,Neutral
2024-12-13 21:00:00,NIKKEI,cross,-2.292147,Bearish,-1.651972,-1.127626,Bearish
2024-12-13 21:00:00,FTSE100,cross,-1.620878,Neutral,-1.609179,-0.857771,Bearish
2024-12-13 21:00:00,GOLD,cross,0.435025,Neutral,-0.924425,-0.524348,Neutral
2024-12-13 21:00:00,SILVER,cross,1.444175,Neutral,-0.480399,-0.273109,Neutral
2024-12-20 21:00:00,US-DOLLAR,fx,-0.335972,Neutral,0.306678,0.184080,Neutral
2024-12-20 21:00:00,EURUSD,fx,0.431644,Neutral,0.816696,0.494069,Neutral
2024-12-20 21:00:00,GBPUSD,fx,0.727448,Neutral,1.841778,0.922734,Bullish
2024-12-20 21:00:00,USDJPY,fx,-0.862683,Neutral,0.263126,0.087157,Neutral
2024-12-20 21:00:00,USDCHF,fx,-0.761560,Neutral,1.435999,0.508859,Neutral
2024-12-20 21:00:00,USDCAD,fx,0.199786,Neutral,-0.247244,-0.136073,Neutral
2024-12-20 21:00:00,AUDUSD,fx,-0.962057,Bearish,-0.504203,-0.229287,Neutral
2024-12-20 21:00:00,NZDUSD,fx,0.300611,Neutral,0.882908,0.571832,Neutral
2024-12-20 21:00:00,EURGBP,fx,-0.437366,Neutral,-1.025082,-0.519029,Neutral
2024-12-20 21:00:00,EURJPY,fx,-0.536076,Neutral,1.079822,0.400379,Neutral
2024-12-20 21:00:00,EURCHF,fx,0.107189,Neutral,2.252695,0.905060,Bullish
2024-12-20 21:00:00,EURAUD,fx,1.301524,Bullish,1.320899,0.665776,Neutral
2024-12-20 21:00:00,EURNZD,fx,0.568138,Neutral,-0.066212,-0.043475,Neutral
2024-12-20 21:00:00,EURCAD,fx,0.735704,Neutral,0.569452,0.313748,Neutral
2024-12-20 21:00:00,GBPJPY,fx,-0.135111,Neutral,2.104904,0.679440,Neutral
2024-12-20 21:00:00,GBPCHF,fx,0.068003,Neutral,3.277777,1.033022,Bullish
2024-12-20 21:00:00,GBPAUD,fx,1.683888,Bullish,2.345981,1.257225,Bullish
2024-12-20 21:00:00,GBPNZD,fx,0.528952,Neutral,0.958870,0.518308,Neutral
2024-12-20 21:00:00,GBPCAD,fx,1.142030,Bullish,1.594534,0.701820,Bullish
2024-12-20 21:00:00,AUDJPY,fx,-1.665141,Bearish,-0.241077,-0.096779,Neutral
2024-12-20 21:00:00,NZDJPY,fx,-0.650913,Neutral,1.146034,0.402258,Neutral
2024-12-20 21:00:00,CADJPY,fx,-1.068089,Bearish,0.510370,0.197435,Neutral
2024-12-20 21:00:00,CHFJPY,fx,-0.189964,Neutral,-1.172873,-0.591166,Neutral
2024-12-20 21:00:00,AUDNZD,fx,-0.806132,Neutral,-1.387111,-0.798108,Bearish
2024-12-20 21:00:00,AUDCAD,fx,-0.651758,Neutral,-0.751447,-0.356643,Neutral
2024-12-20 21:00:00,AUDCHF,fx,-1.267081,Bearish,0.931796,0.353623,Neutral
2024-12-20 21:00:00,NZDCAD,fx,-0.125617,Neutral,0.635664,0.393113,Neutral
2024-12-20 21:00:00,NZDCHF,fx,-0.460949,Neutral,2.318907,0.852853,Bullish
2024-12-20 21:00:00,CADCHF,fx,-0.335332,Neutral,1.683243,0.716579,Bullish
2024-12-20 21:00:00,DJIA,cross,-1.153401,Neutral,-0.039908,-0.023002,Neutral
2024-12-20 21:00:00,SP500,cross,-1.153401,Neutral,-0.039908,-0.023002,Neutral
2024-12-20 21:00:00,NASDAQ,cross,-1.153401,Neutral,-0.039908,-0.023002,Neutral
2024-12-20 21:00:00,DAX,cross,1.400449,Neutral,0.587906,0.323559,Neutral
2024-12-20 21:00:00,NIKKEI,cross,-2.851647,Bearish,-1.651972,-1.127626,Bearish
2024-12-20 21:00:00,FTSE100,cross,-0.781674,Neutral,0.000000,0.000000,Neutral
2024-12-20 21:00:00,GOLD,cross,0.500657,Neutral,-0.736604,-0.417813,Neutral
2024-12-20 21:00:00,SILVER,cross,0.837041,Neutral,-0.588595,-0.334619,Neutral
2024-12-27 21:00:00,US-DOLLAR,fx,-0.416411,Neutral,0.095172,0.057126,Neutral
2024-12-27 21:00:00,EURUSD,fx,0.584118,Neutral,0.816696,0.494069,Neutral
2024-12-27 21:00:00,GBPUSD,fx,0.841385,Neutral,1.841778,0.922734,Bullish
2024-12-27 21:00:00,USDJPY,fx,-0.638262,Neutral,0.404602,0.134018,Neutral
2024-12-27 21:00:00,USDCHF,fx,-1.143472,Bearish,0.801482,0.284012,Neutral
2024-12-27 21:00:00,USDCAD,fx,0.570991,Neutral,-0.422023,-0.232264,Neutral
2024-12-27 21:00:00,AUDUSD,fx,-0.783950,Neutral,-0.504203,-0.229287,Neutral
2024-12-27 21:00:00,NZDUSD,fx,0.300611,Neutral,0.882908,0.571832,Neutral
2024-12-27 21:00:00,EURGBP,fx,-0.299562,Neutral,-1.025082,-0.519029,Neutral
2024-12-27 21:00:00,EURJPY,fx,-0.049777,Neutral,1.221298,0.452836,Neutral
2024-12-27 21:00:00,EURCHF,fx,-0.274723,Neutral,1.618178,0.650132,Neutral
2024-12-27 21:00:00,EURAUD,fx,1.365712,Bullish,1.320899,0.665776,Neutral
2024-12-27 21:00:00,EURNZD,fx,0.568138,Neutral,-0.066212,-0.043475,Neutral
2024-12-27 21:00:00,EURCAD,fx,1.270702,Bullish,0.394673,0.217450,Neutral
2024-12-27 21:00:00,GBPJPY,fx,0.187562,Neutral,2.246380,0.725106,Bullish
2024-12-27 21:00:00,GBPCHF,fx,-0.313909,Neutral,2.643260,0.833047,Bullish
2024-12-27 21:00:00,GBPAUD,fx,1.635396,Bullish,2.345981,1.257225,Bullish
2024-12-27 21:00:00,GBPNZD,fx,0.528952,Neutral,0.958870,0.518308,Neutral
2024-12-27 21:00:00,GBPCAD,fx,1.317190,Bullish,1.419755,0.624892,Neutral
2024-12-27 21:00:00,AUDJPY,fx,-1.332139,Bearish,-0.099601,-0.039984,Neutral
2024-12-27 21:00:00,NZDJPY,fx,-0.556521,Neutral,1.287510,0.451916,Neutral
2024-12-27 21:00:00,CADJPY,fx,-1.014245,Bearish,0.826625,0.319778,Neutral
2024-12-27 21:00:00,CHFJPY,fx,0.286341,Neutral,-0.396880,-0.200040,Neutral
2024-12-27 21:00:00,AUDNZD,fx,-0.806132,Neutral,-1.387111,-0.798108,Bearish
2024-12-27 21:00:00,AUDCAD,fx,-0.316327,Neutral,-0.926226,-0.439595,Neutral
2024-12-27 21:00:00,AUDCHF,fx,-1.648994,Bearish,0.297279,0.112819,Neutral
2024-12-27 21:00:00,NZDCAD,fx,-0.301507,Neutral,0.460885,0.285025,Neutral
2024-12-27 21:00:00,NZDCHF,fx,-0.842861,Neutral,1.684390,0.619489,Neutral
2024-12-27 21:00:00,CADCHF,fx,-0.541354,Neutral,1.223505,0.520862,Neutral
2024-12-27 21:00:00,DJIA,cross,-0.622585,Neutral,-0.039908,-0.023002,Neutral
2024-12-27 21:00:00,SP500,cross,-0.622585,Neutral,-0.039908,-0.023002,Neutral
2024-12-27 21:00:00,NASDAQ,cross,-0.622585,Neutral,-0.039908,-0.023002,Neutral
2024-12-27 21:00:00,DAX,cross,1.674557,Neutral,0.361732,0.199082,Neutral
2024-12-27 21:00:00,NIKKEI,cross,0.093792,Neutral,0.000000,0.000000,Neutral
2024-12-27 21:00:00,FTSE100,cross,-0.351238,Neutral,0.000000,0.000000,Neutral
2024-12-27 21:00:00,GOLD,cross,0.078895,Neutral,-0.820396,-0.465341,Neutral
2024-12-27 21:00:00,SILVER,cross,0.415278,Neutral,-0.672387,-0.382255,Neutral
2025-01-03 21:00:00,US-DOLLAR,fx,0.274209,Neutral,0.768935,0.461546,Neutral
2025-01-03 21:00:00,EURUSD,fx,0.563767,Neutral,0.142933,0.086469,Neutral
2025-01-03 21:00:00,GBPUSD,fx,0.793995,Neutral,1.498240,0.750621,Bullish
2025-01-03 21:00:00,USDJPY,fx,-0.554547,Neutral,0.866859,0.287134,Neutral
2025-01-03 21:00:00,USDCHF,fx,-0.910457,Bearish,1.475245,0.522766,Neutral
2025-01-03 21:00:00,USDCAD,fx,0.774301,Neutral,0.251740,0.138547,Neutral
2025-01-03 21:00:00,AUDUSD,fx,-1.136155,Bearish,-1.177966,-0.535683,Neutral
2025-01-03 21:00:00,NZDUSD,fx,0.067596,Neutral,0.209145,0.135457,Neutral
2025-01-03 21:00:00,EURGBP,fx,-0.341031,Neutral,-1.355307,-0.686232,Neutral
2025-01-03 21:00:00,EURJPY,fx,-0.058676,Neutral,1.009792,0.374413,Neutral
2025-01-03 21:00:00,EURCHF,fx,-0.274723,Neutral,1.618178,0.650132,Neutral
2025-01-03 21:00:00,EURAUD,fx,1.542305,Bullish,1.320899,0.665776,Neutral
2025-01-03 21:00:00,EURNZD,fx,0.568138,Neutral,-0.066212,-0.043475,Neutral
2025-01-03 21:00:00,EURCAD,fx,1.346580,Bullish,0.394673,0.217450,Neutral
2025-01-03 21:00:00,GBPJPY,fx,0.286840,Neutral,2.365099,0.763428,Bullish
2025-01-03 21:00:00,GBPCHF,fx,-0.122750,Neutral,2.973485,0.937121,Bullish
2025-01-03 21:00:00,GBPAUD,fx,1.920026,Bullish,2.676206,1.434194,Bullish
2025-01-03 21:00:00,GBPNZD,fx,0.720111,Neutral,1.289095,0.696808,Neutral
2025-01-03 21:00:00,GBPCAD,fx,1.460559,Bullish,1.749980,0.770238,Bullish
2025-01-03 21:00:00,AUDJPY,fx,-1.417682,Bearish,-0.311107,-0.124893,Neutral
2025-01-03 21:00:00,NZDJPY,fx,-0.683825,Neutral,1.076004,0.377678,Neutral
2025-01-03 21:00:00,CADJPY,fx,-1.144357,Bearish,0.615119,0.237957,Neutral
2025-01-03 21:00:00,CHFJPY,fx,0.159037,Neutral,-0.608386,-0.306646,Neutral
2025-01-03 21:00:00,AUDNZD,fx,-0.806132,Neutral,-1.387111,-0.798108,Bearish
2025-01-03 21:00:00,AUDCAD,fx,-0.494477,Neutral,-0.926226,-0.439595,Neutral
2025-01-03 21:00:00,AUDCHF,fx,-1.648994,Bearish,0.297279,0.112819,Neutral
2025-01-03 21:00:00,NZDCAD,fx,-0.301507,Neutral,0.460885,0.285025,Neutral
2025-01-03 21:00:00,NZDCHF,fx,-0.842861,Neutral,1.684390,0.619489,Neutral
2025-01-03 21:00:00,CADCHF,fx,-0.541354,Neutral,1.223505,0.520862,Neutral
2025-01-03 21:00:00,DJIA,cross,-1.549139,Neutral,0.000000,0.000000,Neutral
2025-01-03 21:00:00,SP500,cross,-1.549139,Neutral,0.000000,0.000000,Neutral
2025-01-03 21:00:00,NASDAQ,cross,-1.549139,Neutral,0.000000,0.000000,Neutral
2025-01-03 21:00:00,DAX,cross,-0.104542,Neutral,0.288656,0.158864,Neutral
2025-01-03 21:00:00,NIKKEI,cross,-1.355173,Neutral,0.000000,0.000000,Neutral
2025-01-03 21:00:00,FTSE100,cross,-1.443803,Neutral,0.000000,0.000000,Neutral
2025-01-03 21:00:00,GOLD,cross,-1.240103,Neutral,-1.318661,-0.747964,Bearish
2025-01-03 21:00:00,SILVER,cross,-1.240103,Neutral,-1.318661,-0.749665,Bearish
2025-01-10 21:00:00,US-DOLLAR,fx,1.506247,Bullish,2.139243,1.284059,Bullish
2025-01-10 21:00:00,EURUSD,fx,0.709120,Neutral,-0.853663,-0.516432,Neutral
2025-01-10 21:00:00,GBPUSD,fx,0.251049,Neutral,-0.532518,-0.266792,Neutral
2025-01-10 21:00:00,USDJPY,fx,-0.046178,Neutral,1.894095,0.627392,Neutral
2025-01-10 21:00:00,USDCHF,fx,-0.577664,Neutral,2.634046,0.933397,Bullish
2025-01-10 21:00:00,USDCAD,fx,-0.112062,Neutral,0.228513,0.125764,Neutral
2025-01-10 21:00:00,AUDUSD,fx,-0.785974,Neutral,-1.674031,-0.761269,Bearish
2025-01-10 21:00:00,NZDUSD,fx,-0.392501,Neutral,-1.161162,-0.752048,Bearish
2025-01-10 21:00:00,EURGBP,fx,0.496718,Neutral,-0.321145,-0.162605,Neutral
2025-01-10 21:00:00,EURJPY,fx,0.933514,Bullish,1.040433,0.385774,Neutral
2025-01-10 21:00:00,EURCHF,fx,-0.110856,Neutral,1.780383,0.715301,Bullish
2025-01-10 21:00:00,EURAUD,fx,1.560777,Bullish,0.820368,0.413492,Neutral
2025-01-10 21:00:00,EURNZD,fx,0.859310,Neutral,0.307500,0.201904,Neutral
2025-01-10 21:00:00,EURCAD,fx,0.670824,Neutral,-0.625150,-0.344435,Neutral
2025-01-10 21:00:00,GBPJPY,fx,0.302857,Neutral,1.361578,0.439502,Neutral
2025-01-10 21:00:00,GBPCHF,fx,-0.632372,Neutral,2.101528,0.662316,Neutral
2025-01-10 21:00:00,GBPAUD,fx,1.051063,Bullish,1.141513,0.611743,Neutral
2025-01-10 21:00:00,GBPNZD,fx,0.337793,Neutral,0.628645,0.339808,Neutral
2025-01-10 21:00:00,GBPCAD,fx,0.190862,Neutral,-0.304005,-0.133805,Neutral
2025-01-10 21:00:00,AUDJPY,fx,-0.864399,Neutral,0.220065,0.088344,Neutral
2025-01-10 21:00:00,NZDJPY,fx,-0.818575,Neutral,0.732933,0.257260,Neutral
2025-01-10 21:00:00,CADJPY,fx,0.085827,Neutral,1.665582,0.644326,Neutral
2025-01-10 21:00:00,CHFJPY,fx,0.151590,Neutral,-0.739951,-0.372959,Neutral
2025-01-10 21:00:00,AUDNZD,fx,-0.223789,Neutral,-0.512868,-0.295091,Neutral
2025-01-10 21:00:00,AUDCAD,fx,-1.012613,Bearish,-1.445518,-0.686055,Neutral
2025-01-10 21:00:00,AUDCHF,fx,-1.193955,Bearish,0.960015,0.364332,Neutral
2025-01-10 21:00:00,NZDCAD,fx,-1.493686,Bearish,-0.932649,-0.576778,Neutral
2025-01-10 21:00:00,NZDCHF,fx,-0.970166,Bearish,1.472884,0.541701,Neutral
2025-01-10 21:00:00,CADCHF,fx,0.523521,Neutral,2.405533,1.024067,Bullish
2025-01-10 21:00:00,DJIA,cross,1.129988,Neutral,1.681229,0.969008,Bullish
2025-01-10 21:00:00,SP500,cross,1.129988,Neutral,1.681229,0.969008,Bullish
2025-01-10 21:00:00,NASDAQ,cross,1.129988,Neutral,1.681229,0.969008,Bullish
2025-01-10 21:00:00,DAX,cross,-0.078254,Neutral,0.000000,0.000000,Neutral
2025-01-10 21:00:00,NIKKEI,cross,-0.931306,Neutral,-0.171026,-0.116741,Neutral
2025-01-10 21:00:00,FTSE100,cross,-1.492640,Neutral,0.000000,0.000000,Neutral
2025-01-10 21:00:00,GOLD,cross,-4.257012,Very Bearish,-2.731771,-1.549501,Bearish
2025-01-10 21:00:00,SILVER,cross,-3.584245,Bearish,-2.435754,-1.384738,Bearish
2025-01-17 21:00:00,US-DOLLAR,fx,1.175319,Bullish,1.941880,1.165594,Bullish
2025-01-17 21:00:00,EURUSD,fx,1.089106,Bullish,-0.656300,-0.397036,Neutral
2025-01-17 21:00:00,GBPUSD,fx,0.284312,Neutral,-0.826658,-0.414157,Neutral
2025-01-17 21:00:00,USDJPY,fx,-0.323377,Neutral,1.947374,0.645039,Neutral
2025-01-17 21:00:00,USDCHF,fx,-0.856891,Neutral,2.436683,0.863460,Bullish
2025-01-17 21:00:00,USDCAD,fx,-0.789953,Neutral,0.242656,0.133548,Neutral
2025-01-17 21:00:00,AUDUSD,fx,-0.175725,Neutral,-1.745649,-0.793838,Bearish
2025-01-17 21:00:00,NZDUSD,fx,-0.113274,Neutral,-0.963800,-0.624223,Neutral
2025-01-17 21:00:00,EURGBP,fx,1.018938,Bullish,0.170358,0.086257,Neutral
2025-01-17 21:00:00,EURJPY,fx,0.846760,Neutral,1.291074,0.478707,Neutral
2025-01-17 21:00:00,EURCHF,fx,-0.110856,Neutral,1.780383,0.715301,Bullish
2025-01-17 21:00:00,EURAUD,fx,1.305784,Bullish,1.089349,0.549067,Neutral
2025-01-17 21:00:00,EURNZD,fx,0.859310,Neutral,0.307500,0.201904,Neutral
2025-01-17 21:00:00,EURCAD,fx,0.459239,Neutral,-0.413644,-0.227903,Neutral
2025-01-17 21:00:00,GBPJPY,fx,-0.213613,Neutral,1.120716,0.361755,Neutral
2025-01-17 21:00:00,GBPCHF,fx,-0.959702,Bearish,1.610026,0.507414,Neutral
2025-01-17 21:00:00,GBPAUD,fx,0.417049,Neutral,0.918991,0.492492,Neutral
2025-01-17 21:00:00,GBPNZD,fx,0.010463,Neutral,0.137142,0.074131,Neutral
2025-01-17 21:00:00,GBPCAD,fx,-0.458884,Neutral,-0.584002,-0.257043,Neutral
2025-01-17 21:00:00,AUDJPY,fx,-0.671901,Neutral,0.201725,0.080982,Neutral
2025-01-17 21:00:00,NZDJPY,fx,-0.727501,Neutral,0.983574,0.345235,Neutral
2025-01-17 21:00:00,CADJPY,fx,0.385001,Neutral,1.704718,0.659465,Neutral
2025-01-17 21:00:00,CHFJPY,fx,0.242665,Neutral,-0.489309,-0.246628,Neutral
2025-01-17 21:00:00,AUDNZD,fx,-0.361414,Neutral,-0.781849,-0.449856,Neutral
2025-01-17 21:00:00,AUDCAD,fx,-0.981009,Bearish,-1.502992,-0.713333,Bearish
2025-01-17 21:00:00,AUDCHF,fx,-1.331579,Bearish,0.691035,0.262252,Neutral
2025-01-17 21:00:00,NZDCAD,fx,-1.366382,Bearish,-0.721143,-0.445976,Neutral
2025-01-17 21:00:00,NZDCHF,fx,-0.970166,Bearish,1.472884,0.541701,Neutral
2025-01-17 21:00:00,CADCHF,fx,0.396217,Neutral,2.194027,0.934026,Bullish
2025-01-17 21:00:00,DJIA,cross,2.594254,Bullish,4.016351,2.314900,Very Bullish
2025-01-17 21:00:00,SP500,cross,2.594254,Bullish,4.016351,2.314900,Very Bullish
2025-01-17 21:00:00,NASDAQ,cross,2.594254,Bullish,4.016351,2.314900,Very Bullish
2025-01-17 21:00:00,DAX,cross,-0.916670,Neutral,0.000000,0.000000,Neutral
2025-01-17 21:00:00,NIKKEI,cross,-1.857540,Bearish,0.000000,0.000000,Neutral
2025-01-17 21:00:00,FTSE100,cross,0.435459,Neutral,1.126431,0.600443,Neutral
2025-01-17 21:00:00,GOLD,cross,-2.019107,Bearish,-1.650706,-0.936305,Bearish
2025-01-17 21:00:00,SILVER,cross,-2.019107,Bearish,-1.650706,-0.938434,Bearish
2025-01-24 21:00:00,US-DOLLAR,fx,0.794106,Neutral,1.713997,1.028810,Bullish
2025-01-24 21:00:00,EURUSD,fx,1.287183,Bullish,-0.656300,-0.397036,Neutral
2025-01-24 21:00:00,GBPUSD,fx,-0.600839,Neutral,-1.919955,-0.961901,Bearish
2025-01-24 21:00:00,USDJPY,fx,-0.587439,Neutral,1.873777,0.620662,Neutral
2025-01-24 21:00:00,USDCHF,fx,-1.730406,Bearish,1.422025,0.503907,Neutral
2025-01-24 21:00:00,USDCAD,fx,-0.329845,Neutral,0.648293,0.356793,Neutral
2025-01-24 21:00:00,AUDUSD,fx,-0.286444,Neutral,-1.745649,-0.793838,Bearish
2025-01-24 21:00:00,NZDUSD,fx,0.014030,Neutral,-0.752294,-0.487237,Neutral
2025-01-24 21:00:00,EURGBP,fx,2.148808,Very Bullish,1.263655,0.639825,Neutral
2025-01-24 21:00:00,EURJPY,fx,0.611619,Neutral,1.217477,0.451419,Neutral
2025-01-24 21:00:00,EURCHF,fx,-0.984371,Bearish,0.765725,0.307643,Neutral
2025-01-24 21:00:00,EURAUD,fx,1.662074,Bullish,1.089349,0.549067,Neutral
2025-01-24 21:00:00,EURNZD,fx,0.732006,Neutral,0.095994,0.063029,Neutral
2025-01-24 21:00:00,EURCAD,fx,1.037077,Bullish,-0.008007,-0.004411,Neutral
2025-01-24 21:00:00,GBPJPY,fx,-1.163278,Bearish,-0.046177,-0.014906,Neutral
2025-01-24 21:00:00,GBPCHF,fx,-2.363075,Very Bearish,-0.497930,-0.156927,Neutral
2025-01-24 21:00:00,GBPAUD,fx,-0.293686,Neutral,-0.174306,-0.093412,Neutral
2025-01-24 21:00:00,GBPNZD,fx,-0.646698,Neutral,-1.167661,-0.631168,Neutral
2025-01-24 21:00:00,GBPCAD,fx,-0.923507,Bearish,-1.271661,-0.559710,Neutral
2025-01-24 21:00:00,AUDJPY,fx,-0.960556,Bearish,0.128129,0.051437,Neutral
2025-01-24 21:00:00,NZDJPY,fx,-0.572977,Neutral,1.121484,0.393641,Neutral
2025-01-24 21:00:00,CADJPY,fx,-0.320030,Neutral,1.225484,0.474075,Neutral
2025-01-24 21:00:00,CHFJPY,fx,1.143400,Bullish,0.451753,0.227698,Neutral
2025-01-24 21:00:00,AUDNZD,fx,-0.488718,Neutral,-0.993355,-0.571551,Neutral
2025-01-24 21:00:00,AUDCAD,fx,-0.682561,Neutral,-1.097355,-0.520814,Neutral
2025-01-24 21:00:00,AUDCHF,fx,-2.205094,Very Bearish,-0.323624,-0.122818,Neutral
2025-01-24 21:00:00,NZDCAD,fx,-0.920480,Bearish,-0.104000,-0.064317,Neutral
2025-01-24 21:00:00,NZDCHF,fx,-1.716376,Bearish,0.669731,0.246315,Neutral
2025-01-24 21:00:00,CADCHF,fx,-0.795897,Neutral,0.773731,0.329388,Neutral
2025-01-24 21:00:00,DJIA,cross,3.842063,Very Bullish,4.211507,2.427382,Very Bullish
2025-01-24 21:00:00,SP500,cross,3.842063,Very Bullish,4.211507,2.427382,Very Bullish
2025-01-24 21:00:00,NASDAQ,cross,3.842063,Very Bullish,4.211507,2.427382,Very Bullish
2025-01-24 21:00:00,DAX,cross,0.320139,Neutral,0.124604,0.068577,Neutral
2025-01-24 21:00:00,NIKKEI,cross,0.225834,Neutral,0.080554,0.054985,Neutral
2025-01-24 21:00:00,FTSE100,cross,0.690583,Neutral,0.000000,0.000000,Neutral
2025-01-24 21:00:00,GOLD,cross,-1.675871,Neutral,-1.862931,-1.056683,Bearish
2025-01-24 21:00:00,SILVER,cross,-1.003105,Neutral,-1.566914,-0.890798,Bearish
2025-01-31 21:00:00,US-DOLLAR,fx,1.608728,Bullish,2.993670,1.796921,Very Bullish
2025-01-31 21:00:00,EURUSD,fx,0.287818,Neutral,-3.431338,-2.075825,Very Bearish
2025-01-31 21:00:00,GBPUSD,fx,-1.068651,Bearish,-3.166875,-1.586610,Very Bearish
2025-01-31 21:00:00,USDJPY,fx,-0.501407,Neutral,3.629331,1.202163,Bullish
2025-01-31 21:00:00,USDCHF,fx,-1.472517,Bearish,2.229443,0.790022,Bullish
2025-01-31 21:00:00,USDCAD,fx,0.281484,Neutral,2.026224,1.115148,Bullish
2025-01-31 21:00:00,AUDUSD,fx,-0.769799,Neutral,-2.992569,-1.360877,Bearish
2025-01-31 21:00:00,NZDUSD,fx,-0.689762,Neutral,-2.210719,-1.431813,Bearish
2025-01-31 21:00:00,EURGBP,fx,1.431962,Bullish,-0.264464,-0.133906,Neutral
2025-01-31 21:00:00,EURJPY,fx,-0.245349,Neutral,0.197993,0.073412,Neutral
2025-01-31 21:00:00,EURCHF,fx,-2.258764,Very Bearish,-1.201895,-0.482883,Neutral
2025-01-31 21:00:00,EURAUD,fx,1.024044,Bullish,-0.438770,-0.221154,Neutral
2025-01-31 21:00:00,EURNZD,fx,-0.096485,Neutral,-1.220619,-0.801457,Bearish
2025-01-31 21:00:00,EURCAD,fx,0.320231,Neutral,-1.405114,-0.774167,Bearish
2025-01-31 21:00:00,GBPJPY,fx,-1.658877,Bearish,0.462456,0.149276,Neutral
2025-01-31 21:00:00,GBPCHF,fx,-2.681673,Very Bearish,-0.937431,-0.295440,Neutral
2025-01-31 21:00:00,GBPAUD,fx,-0.390372,Neutral,-0.174306,-0.093412,Neutral
2025-01-31 21:00:00,GBPNZD,fx,-0.519394,Neutral,-0.956155,-0.516841,Neutral
2025-01-31 21:00:00,GBPCAD,fx,-0.834991,Neutral,-1.140650,-0.502047,Neutral
2025-01-31 21:00:00,AUDJPY,fx,-1.293776,Bearish,0.636762,0.255625,Neutral
2025-01-31 21:00:00,NZDJPY,fx,-0.588052,Neutral,1.418611,0.497933,Neutral
2025-01-31 21:00:00,CADJPY,fx,-0.738155,Neutral,1.603107,0.620157,Neutral
2025-01-31 21:00:00,CHFJPY,fx,1.574227,Bullish,1.399888,0.705589,Bullish
2025-01-31 21:00:00,AUDNZD,fx,-0.361414,Neutral,-0.781849,-0.449856,Neutral
2025-01-31 21:00:00,AUDCAD,fx,-0.474615,Neutral,-0.966344,-0.458635,Neutral
2025-01-31 21:00:00,AUDCHF,fx,-2.523692,Very Bearish,-0.763125,-0.289611,Neutral
2025-01-31 21:00:00,NZDCAD,fx,-1.047784,Bearish,-0.184495,-0.114097,Neutral
2025-01-31 21:00:00,NZDCHF,fx,-2.162279,Very Bearish,0.018724,0.006886,Neutral
2025-01-31 21:00:00,CADCHF,fx,-1.114495,Bearish,0.203219,0.086513,Neutral
2025-01-31 21:00:00,DJIA,cross,3.872737,Very Bullish,4.897345,2.822677,Very Bullish
2025-01-31 21:00:00,SP500,cross,3.872737,Very Bullish,4.897345,2.822677,Very Bullish
2025-01-31 21:00:00,NASDAQ,cross,3.872737,Very Bullish,4.897345,2.822677,Very Bullish
2025-01-31 21:00:00,DAX,cross,-2.359144,Bearish,-0.911475,-0.501638,Neutral
2025-01-31 21:00:00,NIKKEI,cross,0.275317,Neutral,0.000000,0.000000,Neutral
2025-01-31 21:00:00,FTSE100,cross,0.970264,Neutral,0.543017,0.289455,Neutral
2025-01-31 21:00:00,GOLD,cross,-3.620052,Bearish,-3.048884,-1.729373,Very Bearish
2025-01-31 21:00:00,SILVER,cross,-2.610903,Bearish,-2.604858,-1.480875,Bearish
2025-02-07 21:00:00,US-DOLLAR,fx,0.619620,Neutral,1.616958,0.970563,Bullish
2025-02-07 21:00:00,EURUSD,fx,0.483565,Neutral,-0.592272,-0.358301,Neutral
2025-02-07 21:00:00,GBPUSD,fx,-1.465186,Bearish,-1.904797,-0.954307,Bearish
2025-02-07 21:00:00,USDJPY,fx,-1.349948,Bearish,1.211566,0.401314,Neutral
2025-02-07 21:00:00,USDCHF,fx,-0.464412,Neutral,2.079294,0.736816,Bullish
2025-02-07 21:00:00,USDCAD,fx,0.891334,Bullish,1.300465,0.715721,Bullish
2025-02-07 21:00:00,AUDUSD,fx,-0.308678,Neutral,-0.981711,-0.446435,Neutral
2025-02-07 21:00:00,NZDUSD,fx,-0.500527,Neutral,-1.167581,-0.756205,Bearish
2025-02-07 21:00:00,EURGBP,fx,1.887842,Bullish,1.312525,0.664569,Neutral
2025-02-07 21:00:00,EURJPY,fx,-1.069552,Bearish,0.619293,0.229623,Neutral
2025-02-07 21:00:00,EURCHF,fx,0.263745,Neutral,1.487022,0.597438,Neutral
2025-02-07 21:00:00,EURAUD,fx,0.802091,Neutral,0.389439,0.196290,Neutral
2025-02-07 21:00:00,EURNZD,fx,1.228685,Bullish,0.575308,0.377747,Neutral
2025-02-07 21:00:00,EURCAD,fx,1.173805,Bullish,0.708193,0.390189,Neutral
2025-02-07 21:00:00,GBPJPY,fx,-2.445976,Very Bearish,-0.693231,-0.223767,Neutral
2025-02-07 21:00:00,GBPCHF,fx,-1.219405,Bearish,0.174497,0.054994,Neutral
2025-02-07 21:00:00,GBPAUD,fx,-0.992850,Bearish,-0.923086,-0.494687,Neutral
2025-02-07 21:00:00,GBPNZD,fx,-0.254465,Neutral,-0.737216,-0.398495,Neutral
2025-02-07 21:00:00,GBPCAD,fx,-0.614777,Neutral,-0.604332,-0.265991,Neutral
2025-02-07 21:00:00,AUDJPY,fx,-1.787695,Bearish,0.229854,0.092274,Neutral
2025-02-07 21:00:00,NZDJPY,fx,-1.647767,Bearish,0.043985,0.015439,Neutral
2025-02-07 21:00:00,CADJPY,fx,-1.751764,Bearish,-0.088900,-0.034391,Neutral
2025-02-07 21:00:00,CHFJPY,fx,-0.682827,Neutral,-0.867729,-0.437363,Neutral
2025-02-07 21:00:00,AUDNZD,fx,0.381412,Neutral,0.185869,0.106944,Neutral
2025-02-07 21:00:00,AUDCAD,fx,0.395877,Neutral,0.318754,0.151283,Neutral
2025-02-07 21:00:00,AUDCHF,fx,-0.583527,Neutral,1.097583,0.416540,Neutral
2025-02-07 21:00:00,NZDCAD,fx,-0.756021,Neutral,0.132885,0.082180,Neutral
2025-02-07 21:00:00,NZDCHF,fx,-0.964939,Bearish,0.911714,0.335312,Neutral
2025-02-07 21:00:00,CADCHF,fx,-0.208919,Neutral,0.778829,0.331558,Neutral
2025-02-07 21:00:00,DJIA,cross,2.856013,Bullish,3.087742,1.779678,Very Bullish
2025-02-07 21:00:00,SP500,cross,2.856013,Bullish,3.087742,1.779678,Very Bullish
2025-02-07 21:00:00,NASDAQ,cross,2.856013,Bullish,3.087742,1.779678,Very Bullish
2025-02-07 21:00:00,DAX,cross,-0.789760,Neutral,-0.831940,-0.457864,Neutral
2025-02-07 21:00:00,NIKKEI,cross,2.845508,Bullish,1.433909,0.978778,Bullish
2025-02-07 21:00:00,FTSE100,cross,1.992007,Bullish,1.165472,0.621254,Neutral
2025-02-07 21:00:00,GOLD,cross,-0.849676,Neutral,-1.198023,-0.679537,Bearish
2025-02-07 21:00:00,SILVER,cross,-0.176910,Neutral,-0.902006,-0.512795,Neutral
2025-02-14 21:00:00,US-DOLLAR,fx,0.356816,Neutral,1.204239,0.722833,Bullish
2025-02-14 21:00:00,EURUSD,fx,-0.098143,Neutral,-0.602566,-0.364529,Neutral
2025-02-14 21:00:00,GBPUSD,fx,-1.464494,Bearish,-1.043134,-0.522612,Neutral
2025-02-14 21:00:00,USDJPY,fx,-1.111839,Bearish,0.852141,0.282259,Neutral
2025-02-14 21:00:00,USDCHF,fx,-0.116193,Neutral,2.089588,0.740463,Bullish
2025-02-14 21:00:00,USDCAD,fx,1.184325,Bullish,1.310759,0.721386,Bullish
2025-02-14 21:00:00,AUDUSD,fx,-0.669828,Neutral,-1.203511,-0.547299,Neutral
2025-02-14 21:00:00,NZDUSD,fx,-0.721442,Neutral,-0.966368,-0.625886,Neutral
2025-02-14 21:00:00,EURGBP,fx,1.297173,Bullish,0.440568,0.223072,Neutral
2025-02-14 21:00:00,EURJPY,fx,-1.432815,Bearish,0.249575,0.092538,Neutral
2025-02-14 21:00:00,EURCHF,fx,0.263745,Neutral,1.487022,0.597438,Neutral
2025-02-14 21:00:00,EURAUD,fx,0.621652,Neutral,0.600945,0.302896,Neutral
2025-02-14 21:00:00,EURNZD,fx,1.101380,Bullish,0.363802,0.238872,Neutral
2025-02-14 21:00:00,EURCAD,fx,1.021005,Bullish,0.708193,0.390189,Neutral
2025-02-14 21:00:00,GBPJPY,fx,-2.162961,Very Bearish,-0.190993,-0.061650,Neutral
2025-02-14 21:00:00,GBPCHF,fx,-0.709783,Neutral,1.046454,0.329800,Neutral
2025-02-14 21:00:00,GBPAUD,fx,-0.782074,Neutral,0.160377,0.085947,Neutral
2025-02-14 21:00:00,GBPNZD,fx,0.127853,Neutral,-0.076766,-0.041495,Neutral
2025-02-14 21:00:00,GBPCAD,fx,-0.198593,Neutral,0.267625,0.117793,Neutral
2025-02-14 21:00:00,AUDJPY,fx,-1.871990,Bearish,-0.351370,-0.141056,Neutral
2025-02-14 21:00:00,NZDJPY,fx,-1.695166,Bearish,-0.114227,-0.040094,Neutral
2025-02-14 21:00:00,CADJPY,fx,-1.882791,Bearish,-0.458618,-0.177415,Neutral
2025-02-14 21:00:00,CHFJPY,fx,-0.857530,Neutral,-1.237447,-0.623713,Neutral
2025-02-14 21:00:00,AUDNZD,fx,0.126804,Neutral,-0.237143,-0.136446,Neutral
2025-02-14 21:00:00,AUDCAD,fx,0.414922,Neutral,0.107248,0.050901,Neutral
2025-02-14 21:00:00,AUDCHF,fx,-0.710831,Neutral,0.886077,0.336272,Neutral
2025-02-14 21:00:00,NZDCAD,fx,-0.628716,Neutral,0.344391,0.212981,Neutral
2025-02-14 21:00:00,NZDCHF,fx,-0.837635,Neutral,1.123220,0.413100,Neutral
2025-02-14 21:00:00,CADCHF,fx,-0.208919,Neutral,0.778829,0.331558,Neutral
2025-02-14 21:00:00,DJIA,cross,-0.632887,Neutral,-0.260027,-0.149872,Neutral
2025-02-14 21:00:00,SP500,cross,-0.632887,Neutral,-0.260027,-0.149872,Neutral
2025-02-14 21:00:00,NASDAQ,cross,-0.632887,Neutral,-0.260027,-0.149872,Neutral
2025-02-14 21:00:00,DAX,cross,-0.847127,Neutral,-0.975147,-0.536680,Neutral
2025-02-14 21:00:00,NIKKEI,cross,2.107658,Bullish,0.875279,0.597460,Neutral
2025-02-14 21:00:00,FTSE100,cross,2.948058,Bullish,2.060185,1.098180,Bullish
2025-02-14 21:00:00,GOLD,cross,-0.987877,Neutral,-1.429392,-0.810773,Bearish
2025-02-14 21:00:00,SILVER,cross,-1.324260,Neutral,-1.577401,-0.896760,Bearish
2025-02-21 21:00:00,US-DOLLAR,fx,0.301525,Neutral,1.041863,0.625368,Neutral
2025-02-21 21:00:00,EURUSD,fx,0.021147,Neutral,-0.602566,-0.364529,Neutral
2025-02-21 21:00:00,GBPUSD,fx,0.302551,Neutral,1.638210,0.820747,Bullish
2025-02-21 21:00:00,USDJPY,fx,-1.195916,Bearish,0.482423,0.159796,Neutral
2025-02-21 21:00:00,USDCHF,fx,0.011111,Neutral,2.301094,0.815412,Bullish
2025-02-21 21:00:00,USDCAD,fx,-0.638263,Neutral,-1.181117,-0.650037,Neutral
2025-02-21 21:00:00,AUDUSD,fx,-0.466425,Neutral,-1.334522,-0.606877,Neutral
2025-02-21 21:00:00,NZDUSD,fx,-1.904410,Bearish,-2.803349,-1.815641,Very Bearish
2025-02-21 21:00:00,EURGBP,fx,-0.417711,Neutral,-2.240776,-1.134570,Bearish
2025-02-21 21:00:00,EURJPY,fx,-1.417140,Bearish,-0.120143,-0.044547,Neutral
2025-02-21 21:00:00,EURCHF,fx,0.391049,Neutral,1.698528,0.682414,Neutral
2025-02-21 21:00:00,EURAUD,fx,0.382497,Neutral,0.731956,0.368930,Neutral
2025-02-21 21:00:00,EURNZD,fx,2.284349,Very Bullish,2.200784,1.445032,Bullish
2025-02-21 21:00:00,EURCAD,fx,-0.846596,Neutral,-1.783683,-0.982745,Bearish
2025-02-21 21:00:00,GBPJPY,fx,-0.845142,Neutral,2.120634,0.684517,Neutral
2025-02-21 21:00:00,GBPCHF,fx,1.064539,Bullish,3.939304,1.241508,Bullish
2025-02-21 21:00:00,GBPAUD,fx,0.715206,Neutral,2.972732,1.593104,Very Bullish
2025-02-21 21:00:00,GBPNZD,fx,2.957838,Very Bullish,4.441560,2.400843,Very Bullish
2025-02-21 21:00:00,GBPCAD,fx,-0.385224,Neutral,0.457093,0.201185,Neutral
2025-02-21 21:00:00,AUDJPY,fx,-1.657056,Bearish,-0.852099,-0.342071,Neutral
2025-02-21 21:00:00,NZDJPY,fx,-3.052837,Very Bearish,-2.320926,-0.814646,Bearish
2025-02-21 21:00:00,CADJPY,fx,-0.406162,Neutral,1.663540,0.643536,Neutral
2025-02-21 21:00:00,CHFJPY,fx,-1.159538,Bearish,-1.818671,-0.916669,Bearish
2025-02-21 21:00:00,AUDNZD,fx,1.309772,Bullish,1.468827,0.845125,Bullish
2025-02-21 21:00:00,AUDCAD,fx,-1.226001,Bearish,-2.515639,-1.193944,Bearish
2025-02-21 21:00:00,AUDCHF,fx,-0.583527,Neutral,0.966572,0.366820,Neutral
2025-02-21 21:00:00,NZDCAD,fx,-3.769485,Very Bearish,-3.984467,-2.464110,Very Bearish
2025-02-21 21:00:00,NZDCHF,fx,-1.893299,Bearish,-0.502256,-0.184721,Neutral
2025-02-21 21:00:00,CADCHF,fx,1.876186,Bullish,3.482211,1.482423,Bullish
2025-02-21 21:00:00,DJIA,cross,0.519399,Neutral,-0.184749,-0.106484,Neutral
2025-02-21 21:00:00,SP500,cross,0.519399,Neutral,-0.184749,-0.106484,Neutral
2025-02-21 21:00:00,NASDAQ,cross,0.519399,Neutral,-0.184749,-0.106484,Neutral
2025-02-21 21:00:00,DAX,cross,0.022944,Neutral,-0.908497,-0.499999,Neutral
2025-02-21 21:00:00,NIKKEI,cross,2.918847,Bullish,0.547918,0.374006,Neutral
2025-02-21 21:00:00,FTSE100,cross,0.543352,Neutral,-0.794934,-0.423739,Neutral
2025-02-21 21:00:00,GOLD,cross,-1.070112,Neutral,-1.303704,-0.739481,Bearish
2025-02-21 21:00:00,SILVER,cross,-1.406495,Neutral,-1.451713,-0.825306,Bearish
2025-02-28 21:00:00,US-DOLLAR,fx,-0.582992,Neutral,0.345318,0.207274,Neutral
2025-02-28 21:00:00,EURUSD,fx,0.278397,Neutral,-0.117527,-0.071099,Neutral
2025-02-28 21:00:00,GBPUSD,fx,1.193710,Bullish,2.546261,1.275682,Bullish
2025-02-28 21:00:00,USDJPY,fx,-1.731553,Bearish,-0.372333,-0.123330,Neutral
2025-02-28 21:00:00,USDCHF,fx,-0.024677,Neutral,1.832545,0.649378,Neutral
2025-02-28 21:00:00,USDCAD,fx,-0.764296,Neutral,-1.057700,-0.582114,Neutral
2025-02-28 21:00:00,AUDUSD,fx,0.237897,Neutral,-0.426472,-0.193939,Neutral
2025-02-28 21:00:00,NZDUSD,fx,-1.677329,Bearish,-2.106805,-1.364511,Bearish
2025-02-28 21:00:00,EURGBP,fx,-0.964587,Bearish,-2.663788,-1.348753,Bearish
2025-02-28 21:00:00,EURJPY,fx,-1.694870,Bearish,-0.489860,-0.181632,Neutral
2025-02-28 21:00:00,EURCHF,fx,0.455039,Neutral,1.715018,0.689039,Neutral
2025-02-28 21:00:00,EURAUD,fx,0.084319,Neutral,0.308944,0.155718,Neutral
2025-02-28 21:00:00,EURNZD,fx,2.157044,Very Bullish,1.989278,1.306157,Bullish
2025-02-28 21:00:00,EURCAD,fx,-0.538668,Neutral,-1.175228,-0.647508,Neutral
2025-02-28 21:00:00,GBPJPY,fx,-0.719717,Neutral,2.173927,0.701720,Bullish
2025-02-28 21:00:00,GBPCHF,fx,1.383137,Bullish,4.378805,1.380021,Bullish
2025-02-28 21:00:00,GBPAUD,fx,0.900685,Bullish,2.972732,1.593104,Very Bullish
2025-02-28 21:00:00,GBPNZD,fx,3.085142,Very Bullish,4.653066,2.515171,Very Bullish
2025-02-28 21:00:00,GBPCAD,fx,0.474741,Neutral,1.488560,0.655176,Neutral
2025-02-28 21:00:00,AUDJPY,fx,-1.704020,Bearish,-0.798805,-0.320676,Neutral
2025-02-28 21:00:00,NZDJPY,fx,-3.100236,Very Bearish,-2.479138,-0.870178,Bearish
2025-02-28 21:00:00,CADJPY,fx,-1.034918,Bearish,0.685367,0.265132,Neutral
2025-02-28 21:00:00,CHFJPY,fx,-1.398230,Bearish,-2.204878,-1.111330,Bearish
2025-02-28 21:00:00,AUDNZD,fx,1.437077,Bullish,1.680333,0.966820,Bullish
2025-02-28 21:00:00,AUDCAD,fx,-0.522134,Neutral,-1.484172,-0.704401,Bearish
2025-02-28 21:00:00,AUDCHF,fx,-0.264929,Neutral,1.406073,0.533614,Neutral
2025-02-28 21:00:00,NZDCAD,fx,-3.164284,Very Bearish,-3.164505,-1.957022,Very Bearish
2025-02-28 21:00:00,NZDCHF,fx,-1.702005,Bearish,-0.274260,-0.100868,Neutral
2025-02-28 21:00:00,CADCHF,fx,1.462279,Bullish,2.890245,1.230415,Bullish
2025-02-28 21:00:00,DJIA,cross,0.527875,Neutral,-0.875283,-0.504486,Neutral
2025-02-28 21:00:00,SP500,cross,0.527875,Neutral,-0.875283,-0.504486,Neutral
2025-02-28 21:00:00,NASDAQ,cross,0.527875,Neutral,-0.875283,-0.504486,Neutral
2025-02-28 21:00:00,DAX,cross,0.685998,Neutral,-0.756146,-0.416151,Neutral
2025-02-28 21:00:00,NIKKEI,cross,2.804746,Bullish,0.319519,0.218102,Neutral
2025-02-28 21:00:00,FTSE100,cross,0.906726,Neutral,-0.644580,-0.343593,Neutral
2025-02-28 21:00:00,GOLD,cross,0.873285,Neutral,-0.060245,-0.034172,Neutral
2025-02-28 21:00:00,SILVER,cross,0.873285,Neutral,-0.060245,-0.034250,Neutral
2025-03-07 21:00:00,US-DOLLAR,fx,-1.409521,Bearish,-0.448835,-0.269409,Neutral
2025-03-07 21:00:00,EURUSD,fx,1.507764,Bullish,0.548468,0.331802,Neutral
2025-03-07 21:00:00,GBPUSD,fx,2.441183,Very Bullish,3.805735,1.906681,Very Bullish
2025-03-07 21:00:00,USDJPY,fx,-1.403869,Bearish,0.035041,0.011607,Neutral
2025-03-07 21:00:00,USDCHF,fx,-0.371233,Neutral,0.810510,0.287211,Neutral
2025-03-07 21:00:00,USDCAD,fx,-1.309169,Bearish,-1.150713,-0.633304,Neutral
2025-03-07 21:00:00,AUDUSD,fx,0.969764,Bullish,0.595564,0.270834,Neutral
2025-03-07 21:00:00,NZDUSD,fx,-1.330773,Bearish,-1.084770,-0.702571,Bearish
2025-03-07 21:00:00,EURGBP,fx,-0.634754,Neutral,-3.257266,-1.649249,Very Bearish
2025-03-07 21:00:00,EURJPY,fx,-0.273765,Neutral,0.583509,0.216355,Neutral
2025-03-07 21:00:00,EURCHF,fx,0.351677,Neutral,1.358978,0.545994,Neutral
2025-03-07 21:00:00,EURAUD,fx,0.678178,Neutral,-0.047095,-0.023738,Neutral
2025-03-07 21:00:00,EURNZD,fx,2.053682,Very Bullish,1.633238,1.072382,Bullish
2025-03-07 21:00:00,EURCAD,fx,0.490238,Neutral,-0.602245,-0.331815,Neutral
2025-03-07 21:00:00,GBPJPY,fx,0.449806,Neutral,3.840776,1.239760,Bullish
2025-03-07 21:00:00,GBPCHF,fx,1.510846,Bullish,4.616244,1.454852,Bullish
2025-03-07 21:00:00,GBPAUD,fx,1.381153,Bullish,3.210171,1.720349,Very Bullish
2025-03-07 21:00:00,GBPNZD,fx,3.212852,Very Bullish,4.890504,2.643516,Very Bullish
2025-03-07 21:00:00,GBPCAD,fx,1.247877,Bullish,2.655022,1.168584,Bullish
2025-03-07 21:00:00,AUDJPY,fx,-0.730799,Neutral,0.630605,0.253153,Neutral
2025-03-07 21:00:00,NZDJPY,fx,-2.114291,Very Bearish,-1.049729,-0.368455,Neutral
2025-03-07 21:00:00,CADJPY,fx,-0.761330,Neutral,1.185754,0.458706,Neutral
2025-03-07 21:00:00,CHFJPY,fx,-0.412285,Neutral,-0.775468,-0.390861,Neutral
2025-03-07 21:00:00,AUDNZD,fx,1.437077,Bullish,1.680333,0.966820,Bullish
2025-03-07 21:00:00,AUDCAD,fx,-0.170203,Neutral,-0.555149,-0.263479,Neutral
2025-03-07 21:00:00,AUDCHF,fx,-0.264929,Neutral,1.406073,0.533614,Neutral
2025-03-07 21:00:00,NZDCAD,fx,-2.369498,Very Bearish,-2.235483,-1.382488,Bearish
2025-03-07 21:00:00,NZDCHF,fx,-1.702005,Bearish,-0.274260,-0.100868,Neutral
2025-03-07 21:00:00,CADCHF,fx,0.667492,Neutral,1.961222,0.834918,Bullish
2025-03-07 21:00:00,DJIA,cross,-1.589958,Neutral,-2.532523,-1.459667,Bearish
2025-03-07 21:00:00,SP500,cross,-1.589958,Neutral,-2.532523,-1.459667,Bearish
2025-03-07 21:00:00,NASDAQ,cross,-1.589958,Neutral,-2.532523,-1.459667,Bearish
2025-03-07 21:00:00,DAX,cross,-4.908176,Very Bearish,-2.943368,-1.619905,Very Bearish
2025-03-07 21:00:00,NIKKEI,cross,-1.181804,Neutral,-0.888896,-0.606755,Neutral
2025-03-07 21:00:00,FTSE100,cross,0.187592,Neutral,-0.017552,-0.009356,Neutral
2025-03-07 21:00:00,GOLD,cross,1.866156,Bullish,1.099209,0.623488,Neutral
2025-03-07 21:00:00,SILVER,cross,1.193389,Neutral,0.803192,0.456618,Neutral
2025-03-14 21:00:00,US-DOLLAR,fx,-3.007205,Very Bearish,-2.295091,-1.377606,Bearish
2025-03-14 21:00:00,EURUSD,fx,2.283996,Very Bullish,1.988089,1.202716,Bullish
2025-03-14 21:00:00,GBPUSD,fx,2.611722,Very Bullish,3.924454,1.966159,Very Bullish
2025-03-14 21:00:00,USDJPY,fx,-1.428439,Bearish,-0.221691,-0.073432,Neutral
2025-03-14 21:00:00,USDCHF,fx,-1.164842,Bearish,-0.417605,-0.147982,Neutral
2025-03-14 21:00:00,USDCAD,fx,-2.299188,Very Bearish,-2.670828,-1.469911,Bearish
2025-03-14 21:00:00,AUDUSD,fx,1.757890,Bullish,1.823678,0.829322,Bullish
2025-03-14 21:00:00,NZDUSD,fx,-0.409859,Neutral,0.354851,0.229826,Neutral
2025-03-14 21:00:00,EURGBP,fx,0.186852,Neutral,-1.936365,-0.980438,Bearish
2025-03-14 21:00:00,EURJPY,fx,0.904627,Bullish,1.766398,0.654949,Neutral
2025-03-14 21:00:00,EURCHF,fx,0.478981,Neutral,1.570484,0.630970,Neutral
2025-03-14 21:00:00,EURAUD,fx,1.144905,Bullish,0.164411,0.082868,Neutral
2025-03-14 21:00:00,EURNZD,fx,2.053682,Very Bullish,1.633238,1.072382,Bullish
2025-03-14 21:00:00,EURCAD,fx,0.728724,Neutral,-0.682739,-0.376165,Neutral
2025-03-14 21:00:00,GBPJPY,fx,0.793113,Neutral,3.702763,1.195211,Bullish
2025-03-14 21:00:00,GBPCHF,fx,0.873515,Neutral,3.506849,1.105216,Bullish
2025-03-14 21:00:00,GBPAUD,fx,1.100321,Bullish,2.100776,1.125818,Bullish
2025-03-14 21:00:00,GBPNZD,fx,2.448216,Very Bullish,3.569603,1.929515,Very Bullish
2025-03-14 21:00:00,GBPCAD,fx,0.733192,Neutral,1.253626,0.551772,Neutral
2025-03-14 21:00:00,AUDJPY,fx,-0.131229,Neutral,1.601988,0.643110,Neutral
2025-03-14 21:00:00,NZDJPY,fx,-1.272106,Bearish,0.133160,0.046739,Neutral
2025-03-14 21:00:00,CADJPY,fx,0.417355,Neutral,2.449138,0.947442,Bullish
2025-03-14 21:00:00,CHFJPY,fx,0.302596,Neutral,0.195914,0.098747,Neutral
2025-03-14 21:00:00,AUDNZD,fx,1.309772,Bullish,1.468827,0.845125,Bullish
2025-03-14 21:00:00,AUDCAD,fx,-0.364426,Neutral,-0.847150,-0.402065,Neutral
2025-03-14 21:00:00,AUDCHF,fx,-0.264929,Neutral,1.406073,0.533614,Neutral
2025-03-14 21:00:00,NZDCAD,fx,-2.496802,Very Bearish,-2.315977,-1.432268,Bearish
2025-03-14 21:00:00,NZDCHF,fx,-1.574701,Bearish,-0.062754,-0.023080,Neutral
2025-03-14 21:00:00,CADCHF,fx,0.922101,Bullish,2.253223,0.959227,Bullish
2025-03-14 21:00:00,DJIA,cross,1.605059,Neutral,-0.241461,-0.139171,Neutral
2025-03-14 21:00:00,SP500,cross,1.605059,Neutral,-0.241461,-0.139171,Neutral
2025-03-14 21:00:00,NASDAQ,cross,1.605059,Neutral,-0.241461,-0.139171,Neutral
2025-03-14 21:00:00,DAX,cross,-4.586443,Very Bearish,-2.943368,-1.619905,Very Bearish
2025-03-14 21:00:00,NIKKEI,cross,-2.395458,Bearish,-1.864390,-1.272621,Bearish
2025-03-14 21:00:00,FTSE100,cross,-1.624421,Neutral,-1.959535,-1.044528,Bearish
2025-03-14 21:00:00,GOLD,cross,5.782507,Very Bullish,3.318038,1.882041,Very Bullish
2025-03-14 21:00:00,SILVER,cross,4.436974,Very Bullish,2.726004,1.549746,Bullish
2025-03-21 21:00:00,US-DOLLAR,fx,-1.869879,Bearish,-0.865851,-0.519719,Neutral
2025-03-21 21:00:00,EURUSD,fx,1.592940,Bullish,0.575226,0.347989,Neutral
2025-03-21 21:00:00,GBPUSD,fx,2.113839,Very Bullish,2.723097,1.364277,Bullish
2025-03-21 21:00:00,USDJPY,fx,-0.766851,Neutral,1.384399,0.458562,Neutral
2025-03-21 21:00:00,USDCHF,fx,-0.576488,Neutral,0.914763,0.324154,Neutral
2025-03-21 21:00:00,USDCAD,fx,-0.772611,Neutral,-0.696900,-0.383544,Neutral
2025-03-21 21:00:00,AUDUSD,fx,0.454800,Neutral,-0.396127,-0.180140,Neutral
2025-03-21 21:00:00,NZDUSD,fx,-0.169723,Neutral,-0.060079,-0.038911,Neutral
2025-03-21 21:00:00,EURGBP,fx,-0.192482,Neutral,-2.147871,-1.087530,Bearish
2025-03-21 21:00:00,EURJPY,fx,0.839147,Neutral,1.959625,0.726594,Bullish
2025-03-21 21:00:00,EURCHF,fx,0.351677,Neutral,1.489989,0.598630,Neutral
2025-03-21 21:00:00,EURAUD,fx,1.363007,Bullish,0.971353,0.489593,Neutral
2025-03-21 21:00:00,EURNZD,fx,1.097888,Bullish,0.635304,0.417140,Neutral
2025-03-21 21:00:00,EURCAD,fx,1.109928,Bullish,-0.121675,-0.067038,Neutral
2025-03-21 21:00:00,GBPJPY,fx,0.984607,Bullish,4.107496,1.325854,Bullish
2025-03-21 21:00:00,GBPCHF,fx,0.873515,Neutral,3.637860,1.146505,Bullish
2025-03-21 21:00:00,GBPAUD,fx,1.698221,Bullish,3.119224,1.671610,Very Bullish
2025-03-21 21:00:00,GBPNZD,fx,1.619726,Bullish,2.783175,1.504419,Bullish
2025-03-21 21:00:00,GBPCAD,fx,1.564958,Bullish,2.026197,0.891812,Bullish
2025-03-21 21:00:00,AUDJPY,fx,-0.481723,Neutral,0.988273,0.396737,Neutral
2025-03-21 21:00:00,NZDJPY,fx,-0.252456,Neutral,1.324321,0.464837,Neutral
2025-03-21 21:00:00,CADJPY,fx,-0.157193,Neutral,2.081300,0.805145,Bullish
2025-03-21 21:00:00,CHFJPY,fx,0.493754,Neutral,0.469636,0.236712,Neutral
2025-03-21 21:00:00,AUDNZD,fx,-0.058896,Neutral,-0.336048,-0.193353,Neutral
2025-03-21 21:00:00,AUDCAD,fx,-0.226843,Neutral,-1.093027,-0.518760,Neutral
2025-03-21 21:00:00,AUDCHF,fx,-0.805107,Neutral,0.518636,0.196826,Neutral
2025-03-21 21:00:00,NZDCAD,fx,-1.061923,Bearish,-0.756979,-0.468138,Neutral
2025-03-21 21:00:00,NZDCHF,fx,-0.746211,Neutral,0.854685,0.314338,Neutral
2025-03-21 21:00:00,CADCHF,fx,0.315712,Neutral,1.611663,0.686106,Neutral
2025-03-21 21:00:00,DJIA,cross,1.024947,Neutral,0.205452,0.118416,Neutral
2025-03-21 21:00:00,SP500,cross,1.024947,Neutral,0.205452,0.118416,Neutral
2025-03-21 21:00:00,NASDAQ,cross,1.024947,Neutral,0.205452,0.118416,Neutral
2025-03-21 21:00:00,DAX,cross,-4.584761,Very Bearish,-2.914956,-1.604268,Very Bearish
2025-03-21 21:00:00,NIKKEI,cross,-2.832741,Bearish,-2.467199,-1.684095,Very Bearish
2025-03-21 21:00:00,FTSE100,cross,-1.887901,Bearish,-1.573135,-0.838558,Bearish
2025-03-21 21:00:00,GOLD,cross,3.415989,Bullish,2.073386,1.176055,Bullish
2025-03-21 21:00:00,SILVER,cross,2.743222,Bullish,1.777368,1.010443,Bullish
2025-03-28 21:00:00,US-DOLLAR,fx,-0.596208,Neutral,0.335506,0.201384,Neutral
2025-03-28 21:00:00,EURUSD,fx,0.722408,Neutral,-0.626132,-0.378785,Neutral
2025-03-28 21:00:00,GBPUSD,fx,0.587625,Neutral,-0.100438,-0.050320,Neutral
2025-03-28 21:00:00,USDJPY,fx,-0.100214,Neutral,2.797263,0.926553,Bullish
2025-03-28 21:00:00,USDCHF,fx,0.011867,Neutral,2.116121,0.749866,Bullish
2025-03-28 21:00:00,USDCAD,fx,-0.817385,Neutral,-0.500948,-0.275700,Neutral
2025-03-28 21:00:00,AUDUSD,fx,-0.313688,Neutral,-1.597484,-0.726459,Bearish
2025-03-28 21:00:00,NZDUSD,fx,-0.758078,Neutral,-1.261436,-0.816992,Bearish
2025-03-28 21:00:00,EURGBP,fx,0.307862,Neutral,-0.525694,-0.266174,Neutral
2025-03-28 21:00:00,EURJPY,fx,0.523566,Neutral,2.171131,0.805017,Bullish
2025-03-28 21:00:00,EURCHF,fx,0.351677,Neutral,1.489989,0.598630,Neutral
2025-03-28 21:00:00,EURAUD,fx,1.178744,Bullish,0.971353,0.489593,Neutral
2025-03-28 21:00:00,EURNZD,fx,1.097888,Bullish,0.635304,0.417140,Neutral
2025-03-28 21:00:00,EURCAD,fx,0.101598,Neutral,-1.127079,-0.620980,Neutral
2025-03-28 21:00:00,GBPJPY,fx,0.297285,Neutral,2.696825,0.870505,Bullish
2025-03-28 21:00:00,GBPCHF,fx,-0.127304,Neutral,2.015683,0.635261,Neutral
2025-03-28 21:00:00,GBPAUD,fx,0.967094,Bullish,1.497046,0.802276,Bullish
2025-03-28 21:00:00,GBPNZD,fx,0.618907,Neutral,1.160998,0.627567,Neutral
2025-03-28 21:00:00,GBPCAD,fx,-0.042188,Neutral,-0.601386,-0.264694,Neutral
2025-03-28 21:00:00,AUDJPY,fx,-0.535610,Neutral,1.199779,0.481645,Neutral
2025-03-28 21:00:00,NZDJPY,fx,-0.125152,Neutral,1.535827,0.539076,Neutral
2025-03-28 21:00:00,CADJPY,fx,0.485376,Neutral,3.298210,1.275903,Bullish
2025-03-28 21:00:00,CHFJPY,fx,0.621059,Neutral,0.681142,0.343318,Neutral
2025-03-28 21:00:00,AUDNZD,fx,-0.058896,Neutral,-0.336048,-0.193353,Neutral
2025-03-28 21:00:00,AUDCAD,fx,-1.095554,Bearish,-2.098432,-0.995934,Bearish
2025-03-28 21:00:00,AUDCHF,fx,-0.805107,Neutral,0.518636,0.196826,Neutral
2025-03-28 21:00:00,NZDCAD,fx,-1.890413,Bearish,-1.762384,-1.089909,Bearish
2025-03-28 21:00:00,NZDCHF,fx,-0.746211,Neutral,0.854685,0.314338,Neutral
2025-03-28 21:00:00,CADCHF,fx,1.144203,Bullish,2.617068,1.114120,Bullish
2025-03-28 21:00:00,DJIA,cross,1.075397,Neutral,0.645238,0.371895,Neutral
2025-03-28 21:00:00,SP500,cross,1.075397,Neutral,0.645238,0.371895,Neutral
2025-03-28 21:00:00,NASDAQ,cross,1.075397,Neutral,0.645238,0.371895,Neutral
2025-03-28 21:00:00,DAX,cross,-4.100353,Very Bearish,-2.551822,-1.404415,Bearish
2025-03-28 21:00:00,NIKKEI,cross,-2.853365,Bearish,-2.467199,-1.684095,Very Bearish
2025-03-28 21:00:00,FTSE100,cross,0.462798,Neutral,0.682470,0.363790,Neutral
2025-03-28 21:00:00,GOLD,cross,1.412900,Neutral,1.253715,0.711126,Bullish
2025-03-28 21:00:00,SILVER,cross,0.403751,Neutral,0.809689,0.460312,Neutral
2025-04-04 21:00:00,US-DOLLAR,fx,-0.245121,Neutral,0.918066,0.551060,Neutral
2025-04-04 21:00:00,EURUSD,fx,-0.872517,Neutral,-2.865744,-1.733662,Very Bearish
2025-04-04 21:00:00,GBPUSD,fx,-0.152359,Neutral,-0.801717,-0.401662,Neutral
2025-04-04 21:00:00,USDJPY,fx,-0.270726,Neutral,2.336867,0.774053,Bullish
2025-04-04 21:00:00,USDCHF,fx,1.891196,Bullish,4.025937,1.426626,Bullish
2025-04-04 21:00:00,USDCAD,fx,-0.565034,Neutral,0.334617,0.184159,Neutral
2025-04-04 21:00:00,AUDUSD,fx,-0.646102,Neutral,-1.968538,-0.895197,Bearish
2025-04-04 21:00:00,NZDUSD,fx,-0.865685,Neutral,-1.632489,-1.057312,Bearish
2025-04-04 21:00:00,EURGBP,fx,-0.694703,Neutral,-2.064027,-1.045077,Bearish
2025-04-04 21:00:00,EURJPY,fx,-1.044758,Bearish,-0.528877,-0.196098,Neutral
2025-04-04 21:00:00,EURCHF,fx,0.667540,Neutral,1.160193,0.466128,Neutral
2025-04-04 21:00:00,EURAUD,fx,-0.200673,Neutral,-0.897206,-0.452221,Neutral
2025-04-04 21:00:00,EURNZD,fx,-0.357971,Neutral,-1.233255,-0.809754,Bearish
2025-04-04 21:00:00,EURCAD,fx,-1.390257,Bearish,-2.531127,-1.394560,Bearish
2025-04-04 21:00:00,GBPJPY,fx,-0.467218,Neutral,1.535150,0.495529,Neutral
2025-04-04 21:00:00,GBPCHF,fx,1.453258,Bullish,3.224221,1.016143,Bullish
2025-04-04 21:00:00,GBPAUD,fx,0.524647,Neutral,1.166821,0.625306,Neutral
2025-04-04 21:00:00,GBPNZD,fx,0.427748,Neutral,0.830773,0.449066,Neutral
2025-04-04 21:00:00,GBPCAD,fx,-0.697758,Neutral,-0.467100,-0.205590,Neutral
2025-04-04 21:00:00,AUDJPY,fx,-0.884905,Neutral,0.368329,0.147864,Neutral
2025-04-04 21:00:00,NZDJPY,fx,-0.856084,Neutral,0.704377,0.247237,Neutral
2025-04-04 21:00:00,CADJPY,fx,0.208568,Neutral,2.002250,0.774565,Bullish
2025-04-04 21:00:00,CHFJPY,fx,-1.881594,Bearish,-1.689071,-0.851346,Bearish
2025-04-04 21:00:00,AUDNZD,fx,-0.058896,Neutral,-0.336048,-0.193353,Neutral
2025-04-04 21:00:00,AUDCAD,fx,-1.229949,Bearish,-1.633921,-0.775473,Bearish
2025-04-04 21:00:00,AUDCHF,fx,0.966615,Bullish,2.057400,0.780797,Bullish
2025-04-04 21:00:00,NZDCAD,fx,-1.493020,Bearish,-1.297872,-0.802642,Bearish
2025-04-04 21:00:00,NZDCHF,fx,1.025511,Bullish,2.393448,0.880268,Bullish
2025-04-04 21:00:00,CADCHF,fx,2.518531,Very Bullish,3.691320,1.571443,Very Bullish
2025-04-04 21:00:00,DJIA,cross,1.492873,Neutral,1.468892,0.846624,Bullish
2025-04-04 21:00:00,SP500,cross,1.492873,Neutral,1.468892,0.846624,Bullish
2025-04-04 21:00:00,NASDAQ,cross,1.492873,Neutral,1.468892,0.846624,Bullish
2025-04-04 21:00:00,DAX,cross,0.167533,Neutral,0.344784,0.189755,Neutral
2025-04-04 21:00:00,NIKKEI,cross,0.433013,Neutral,-1.543856,-1.053826,Bearish
2025-04-04 21:00:00,FTSE100,cross,0.512656,Neutral,0.619348,0.330143,Neutral
2025-04-04 21:00:00,GOLD,cross,0.939153,Neutral,0.806599,0.457515,Neutral
2025-04-04 21:00:00,SILVER,cross,-0.069997,Neutral,0.362573,0.206124,Neutral
2025-04-11 21:00:00,US-DOLLAR,fx,-0.246647,Neutral,0.870760,0.522665,Neutral
2025-04-11 21:00:00,EURUSD,fx,-1.141672,Bearish,-1.892003,-1.144587,Bearish
2025-04-11 21:00:00,GBPUSD,fx,0.184916,Neutral,1.172499,0.587425,Neutral
2025-04-11 21:00:00,USDJPY,fx,0.174664,Neutral,1.903467,0.630496,Neutral
2025-04-11 21:00:00,USDCHF,fx,2.225710,Very Bullish,4.596773,1.628906,Very Bullish
2025-04-11 21:00:00,USDCAD,fx,-1.151984,Bearish,-0.152077,-0.083697,Neutral
2025-04-11 21:00:00,AUDUSD,fx,-1.709015,Bearish,-1.904856,-0.866237,Bearish
2025-04-11 21:00:00,NZDUSD,fx,-0.818286,Neutral,-1.699819,-1.100919,Bearish
2025-04-11 21:00:00,EURGBP,fx,-1.641562,Bearish,-3.064502,-1.551647,Very Bearish
2025-04-11 21:00:00,EURJPY,fx,-1.183648,Bearish,0.011464,0.004251,Neutral
2025-04-11 21:00:00,EURCHF,fx,1.654654,Bullish,2.704771,1.086690,Bullish
2025-04-11 21:00:00,EURAUD,fx,0.601083,Neutral,0.012853,0.006478,Neutral
2025-04-11 21:00:00,EURNZD,fx,0.247231,Neutral,-0.192184,-0.126188,Neutral
2025-04-11 21:00:00,EURCAD,fx,-2.208253,Very Bearish,-2.044079,-1.126215,Bearish
2025-04-11 21:00:00,GBPJPY,fx,0.462792,Neutral,3.075966,0.992888,Bullish
2025-04-11 21:00:00,GBPCHF,fx,2.927280,Very Bullish,5.769273,1.818239,Very Bullish
2025-04-11 21:00:00,GBPAUD,fx,2.267018,Very Bullish,3.077355,1.649172,Very Bullish
2025-04-11 21:00:00,GBPNZD,fx,1.519856,Bullish,2.872318,1.552604,Very Bullish
2025-04-11 21:00:00,GBPCAD,fx,-1.158306,Bearish,1.020423,0.449130,Neutral
2025-04-11 21:00:00,AUDJPY,fx,-1.531309,Bearish,-0.001389,-0.000558,Neutral
2025-04-11 21:00:00,NZDJPY,fx,-1.030787,Bearish,0.203648,0.071481,Neutral
2025-04-11 21:00:00,CADJPY,fx,1.295308,Bullish,2.055543,0.795181,Bullish
2025-04-11 21:00:00,CHFJPY,fx,-2.438210,Very Bearish,-2.693307,-1.357513,Bearish
2025-04-11 21:00:00,AUDNZD,fx,-0.058896,Neutral,-0.205037,-0.117973,Neutral
2025-04-11 21:00:00,AUDCAD,fx,-2.342370,Very Bearish,-2.056932,-0.976237,Bearish
2025-04-11 21:00:00,AUDCHF,fx,1.348528,Bullish,2.691918,1.021601,Bullish
2025-04-11 21:00:00,NZDCAD,fx,-1.747629,Bearish,-1.851895,-1.145266,Bearish
2025-04-11 21:00:00,NZDCHF,fx,1.407423,Bullish,2.896955,1.065449,Bullish
2025-04-11 21:00:00,CADCHF,fx,3.155052,Very Bullish,4.748850,2.021648,Very Bullish
2025-04-11 21:00:00,DJIA,cross,-0.862575,Neutral,1.580031,0.910681,Bullish
2025-04-11 21:00:00,SP500,cross,-0.862575,Neutral,1.580031,0.910681,Bullish
2025-04-11 21:00:00,NASDAQ,cross,-0.862575,Neutral,1.580031,0.910681,Bullish
2025-04-11 21:00:00,DAX,cross,-0.358668,Neutral,1.207277,0.664434,Bullish
2025-04-11 21:00:00,NIKKEI,cross,-2.020617,Bearish,-1.867754,-1.274917,Bearish
2025-04-11 21:00:00,FTSE100,cross,2.841544,Bullish,4.380044,2.334778,Very Bullish
2025-04-11 21:00:00,GOLD,cross,0.079834,Neutral,1.344814,0.762799,Bullish
2025-04-11 21:00:00,SILVER,cross,-0.929316,Neutral,0.900788,0.512102,Neutral
2025-04-18 21:00:00,US-DOLLAR,fx,-0.503118,Neutral,0.685033,0.411184,Neutral
2025-04-18 21:00:00,EURUSD,fx,-1.133950,Bearish,-2.032416,-1.229532,Bearish
2025-04-18 21:00:00,GBPUSD,fx,0.866920,Neutral,2.079938,1.042053,Bullish
2025-04-18 21:00:00,USDJPY,fx,-0.418419,Neutral,1.050109,0.347834,Neutral
2025-04-18 21:00:00,USDCHF,fx,1.989845,Very Bullish,4.394670,1.557289,Very Bullish
2025-04-18 21:00:00,USDCAD,fx,-0.087252,Neutral,2.089689,1.150077,Bullish
2025-04-18 21:00:00,AUDUSD,fx,-1.046297,Bearish,-0.472799,-0.215006,Neutral
2025-04-18 21:00:00,NZDUSD,fx,-0.709725,Neutral,-1.709221,-1.107008,Bearish
2025-04-18 21:00:00,EURGBP,fx,-2.378333,Very Bearish,-4.112355,-2.082205,Very Bearish
2025-04-18 21:00:00,EURJPY,fx,-1.852710,Bearish,-0.982307,-0.364222,Neutral
2025-04-18 21:00:00,EURCHF,fx,1.527350,Bullish,2.362254,0.949077,Bullish
2025-04-18 21:00:00,EURAUD,fx,-0.269461,Neutral,-1.559618,-0.786098,Bearish
2025-04-18 21:00:00,EURNZD,fx,0.247231,Neutral,-0.323195,-0.212210,Neutral
2025-04-18 21:00:00,EURCAD,fx,-0.894257,Bearish,0.057273,0.031555,Neutral
2025-04-18 21:00:00,GBPJPY,fx,0.507455,Neutral,3.130048,1.010345,Bullish
2025-04-18 21:00:00,GBPCHF,fx,3.364037,Very Bullish,6.474608,2.040532,Very Bullish
2025-04-18 21:00:00,GBPAUD,fx,2.081115,Very Bullish,2.552737,1.368026,Bullish
2025-04-18 21:00:00,GBPNZD,fx,2.083918,Very Bullish,3.789159,2.048194,Very Bullish
2025-04-18 21:00:00,GBPCAD,fx,0.610562,Neutral,4.169628,1.835223,Very Bullish
2025-04-18 21:00:00,AUDJPY,fx,-1.253288,Bearish,0.577311,0.231759,Neutral
2025-04-18 21:00:00,NZDJPY,fx,-1.493010,Bearish,-0.659112,-0.231348,Neutral
2025-04-18 21:00:00,CADJPY,fx,-0.458577,Neutral,-1.039580,-0.402159,Neutral
2025-04-18 21:00:00,CHFJPY,fx,-2.773129,Very Bearish,-3.344561,-1.685766,Very Bearish
2025-04-18 21:00:00,AUDNZD,fx,0.735890,Neutral,1.236423,0.711405,Bullish
2025-04-18 21:00:00,AUDCAD,fx,-0.432284,Neutral,1.616891,0.767390,Bullish
2025-04-18 21:00:00,AUDCHF,fx,2.016010,Very Bullish,3.921871,1.488376,Bullish
2025-04-18 21:00:00,NZDCAD,fx,0.046800,Neutral,0.380468,0.235293,Neutral
2025-04-18 21:00:00,NZDCHF,fx,1.280119,Bullish,2.685449,0.987661,Bullish
2025-04-18 21:00:00,CADCHF,fx,1.233319,Bullish,2.304981,0.981260,Bullish
2025-04-18 21:00:00,DJIA,cross,1.486960,Neutral,2.822139,1.626593,Very Bullish
2025-04-18 21:00:00,SP500,cross,1.486960,Neutral,2.822139,1.626593,Very Bullish
2025-04-18 21:00:00,NASDAQ,cross,1.486960,Neutral,2.822139,1.626593,Very Bullish
2025-04-18 21:00:00,DAX,cross,0.700286,Neutral,1.209135,0.665457,Bullish
2025-04-18 21:00:00,NIKKEI,cross,0.636521,Neutral,0.056298,0.038428,Neutral
2025-04-18 21:00:00,FTSE100,cross,2.828941,Bullish,3.153326,1.680877,Very Bullish
2025-04-18 21:00:00,GOLD,cross,1.030008,Neutral,1.627281,0.923018,Bullish
2025-04-18 21:00:00,SILVER,cross,0.357242,Neutral,1.331264,0.756830,Bullish
2025-04-25 21:00:00,US-DOLLAR,fx,-0.250029,Neutral,1.199249,0.719837,Bullish
2025-04-25 21:00:00,EURUSD,fx,-1.131639,Bearish,-2.335126,-1.412659,Bearish
2025-04-25 21:00:00,GBPUSD,fx,-0.104799,Neutral,1.023992,0.513022,Neutral
2025-04-25 21:00:00,USDJPY,fx,-0.480953,Neutral,1.352819,0.448102,Neutral
2025-04-25 21:00:00,USDCHF,fx,2.115252,Very Bullish,4.697380,1.664557,Very Bullish
2025-04-25 21:00:00,USDCAD,fx,-0.158524,Neutral,2.392399,1.316675,Bullish
2025-04-25 21:00:00,AUDUSD,fx,-0.977471,Bearish,-0.775508,-0.352664,Neutral
2025-04-25 21:00:00,NZDUSD,fx,-0.835133,Neutral,-2.011931,-1.303064,Bearish
2025-04-25 21:00:00,EURGBP,fx,-1.283269,Bearish,-3.359118,-1.700819,Very Bearish
2025-04-25 21:00:00,EURJPY,fx,-1.983987,Very Bearish,-0.982307,-0.364222,Neutral
2025-04-25 21:00:00,EURCHF,fx,1.527350,Bullish,2.362254,0.949077,Bullish
2025-04-25 21:00:00,EURAUD,fx,-0.287168,Neutral,-1.559618,-0.786098,Bearish
2025-04-25 21:00:00,EURNZD,fx,0.247231,Neutral,-0.323195,-0.212210,Neutral
2025-04-25 21:00:00,EURCAD,fx,-0.894257,Bearish,0.057273,0.031555,Neutral
2025-04-25 21:00:00,GBPJPY,fx,-0.512698,Neutral,2.376811,0.767208,Bullish
2025-04-25 21:00:00,GBPCHF,fx,2.918270,Very Bullish,5.721371,1.803143,Very Bullish
2025-04-25 21:00:00,GBPAUD,fx,1.187418,Bullish,1.799500,0.964362,Bullish
2025-04-25 21:00:00,GBPNZD,fx,1.638151,Bullish,3.035922,1.641039,Very Bullish
2025-04-25 21:00:00,GBPCAD,fx,0.212585,Neutral,3.416391,1.503693,Bullish
2025-04-25 21:00:00,AUDJPY,fx,-1.366399,Bearish,0.577311,0.231759,Neutral
2025-04-25 21:00:00,NZDJPY,fx,-1.493010,Bearish,-0.659112,-0.231348,Neutral
2025-04-25 21:00:00,CADJPY,fx,-0.459499,Neutral,-1.039580,-0.402159,Neutral
2025-04-25 21:00:00,CHFJPY,fx,-2.773129,Very Bearish,-3.344561,-1.685766,Very Bearish
2025-04-25 21:00:00,AUDNZD,fx,0.735890,Neutral,1.236423,0.711405,Bullish
2025-04-25 21:00:00,AUDCAD,fx,-0.432284,Neutral,1.616891,0.767390,Bullish
2025-04-25 21:00:00,AUDCHF,fx,2.016010,Very Bullish,3.921871,1.488376,Bullish
2025-04-25 21:00:00,NZDCAD,fx,0.046800,Neutral,0.380468,0.235293,Neutral
2025-04-25 21:00:00,NZDCHF,fx,1.280119,Bullish,2.685449,0.987661,Bullish
2025-04-25 21:00:00,CADCHF,fx,1.233319,Bullish,2.304981,0.981260,Bullish
2025-04-25 21:00:00,DJIA,cross,1.838446,Bullish,3.259876,1.878891,Very Bullish
2025-04-25 21:00:00,SP500,cross,1.838446,Bullish,3.259876,1.878891,Very Bullish
2025-04-25 21:00:00,NASDAQ,cross,1.838446,Bullish,3.259876,1.878891,Very Bullish
2025-04-25 21:00:00,DAX,cross,0.540577,Neutral,1.182501,0.650798,Bullish
2025-04-25 21:00:00,NIKKEI,cross,0.476813,Neutral,-0.118214,-0.080692,Neutral
2025-04-25 21:00:00,FTSE100,cross,2.481004,Bullish,2.662494,1.419240,Bullish
2025-04-25 21:00:00,GOLD,cross,1.684303,Neutral,1.705629,0.967459,Bullish
2025-04-25 21:00:00,SILVER,cross,0.675153,Neutral,1.261604,0.717228,Bullish
2025-05-02 21:00:00,US-DOLLAR,fx,-2.951852,Very Bearish,-2.293845,-1.376858,Bearish
2025-05-02 21:00:00,EURUSD,fx,1.214900,Bullish,2.664264,1.611775,Very Bullish
2025-05-02 21:00:00,GBPUSD,fx,1.074014,Bullish,4.635805,2.322547,Very Bullish
2025-05-02 21:00:00,USDJPY,fx,-1.095396,Bearish,-1.520331,-0.503588,Neutral
2025-05-02 21:00:00,USDCHF,fx,0.928385,Bullish,1.643787,0.582490,Neutral
2025-05-02 21:00:00,USDCAD,fx,-0.292756,Neutral,0.724671,0.398829,Neutral
2025-05-02 21:00:00,AUDUSD,fx,0.522834,Neutral,3.154707,1.434610,Bullish
2025-05-02 21:00:00,NZDUSD,fx,0.543028,Neutral,1.269657,0.822317,Bullish
2025-05-02 21:00:00,EURGBP,fx,0.211658,Neutral,-1.971540,-0.998248,Bearish
2025-05-02 21:00:00,EURJPY,fx,-0.128683,Neutral,1.143933,0.424150,Neutral
2025-05-02 21:00:00,EURCHF,fx,3.112222,Very Bullish,4.308052,1.730836,Very Bullish
2025-05-02 21:00:00,EURAUD,fx,0.720146,Neutral,-0.490442,-0.247199,Neutral
2025-05-02 21:00:00,EURNZD,fx,1.640809,Bullish,1.394607,0.915698,Bullish
2025-05-02 21:00:00,EURCAD,fx,1.186930,Bullish,3.388936,1.867182,Very Bullish
2025-05-02 21:00:00,GBPJPY,fx,-0.067716,Neutral,3.115474,1.005640,Bullish
2025-05-02 21:00:00,GBPCHF,fx,3.300723,Very Bullish,6.279592,1.979071,Very Bullish
2025-05-02 21:00:00,GBPAUD,fx,0.648496,Neutral,1.481098,0.793729,Bullish
2025-05-02 21:00:00,GBPNZD,fx,1.829310,Bullish,3.366148,1.819539,Very Bullish
2025-05-02 21:00:00,GBPCAD,fx,1.303919,Bullish,5.360476,2.359365,Very Bullish
2025-05-02 21:00:00,AUDJPY,fx,-0.549211,Neutral,1.634376,0.656112,Neutral
2025-05-02 21:00:00,NZDJPY,fx,-1.016687,Bearish,-0.250674,-0.087987,Neutral
2025-05-02 21:00:00,CADJPY,fx,-1.057705,Bearish,-2.245002,-0.868473,Bearish
2025-05-02 21:00:00,CHFJPY,fx,-2.488100,Very Bearish,-3.164118,-1.594818,Very Bearish
2025-05-02 21:00:00,AUDNZD,fx,1.154366,Bullish,1.885050,1.084609,Bullish
2025-05-02 21:00:00,AUDCAD,fx,0.861363,Neutral,3.879378,1.841186,Very Bullish
2025-05-02 21:00:00,AUDCHF,fx,2.625779,Very Bullish,4.798494,1.821060,Very Bullish
2025-05-02 21:00:00,NZDCAD,fx,1.353188,Bullish,1.994329,1.233351,Bullish
2025-05-02 21:00:00,NZDCHF,fx,1.471413,Bullish,2.913444,1.071513,Bullish
2025-05-02 21:00:00,CADCHF,fx,0.118225,Neutral,0.919116,0.391280,Neutral
2025-05-02 21:00:00,DJIA,cross,0.902990,Neutral,1.439266,0.829548,Bullish
2025-05-02 21:00:00,SP500,cross,0.902990,Neutral,1.439266,0.829548,Bullish
2025-05-02 21:00:00,NASDAQ,cross,0.902990,Neutral,1.439266,0.829548,Bullish
2025-05-02 21:00:00,DAX,cross,-4.070377,Very Bearish,-1.960472,-1.078961,Bearish
2025-05-02 21:00:00,NIKKEI,cross,-1.524254,Neutral,-0.838720,-0.572505,Neutral
2025-05-02 21:00:00,FTSE100,cross,2.864295,Bullish,3.191878,1.701428,Very Bullish
2025-05-02 21:00:00,GOLD,cross,6.619845,Very Bullish,5.692076,3.228630,Very Bullish
2025-05-02 21:00:00,SILVER,cross,5.274312,Very Bullish,5.100041,2.899398,Very Bullish
2025-05-09 21:00:00,US-DOLLAR,fx,-1.307718,Bearish,-1.043927,-0.626607,Neutral
2025-05-09 21:00:00,EURUSD,fx,0.823835,Neutral,2.129277,1.288129,Bullish
2025-05-09 21:00:00,GBPUSD,fx,0.603047,Neutral,3.812984,1.910312,Very Bullish
2025-05-09 21:00:00,USDJPY,fx,-0.435925,Neutral,-0.498296,-0.165053,Neutral
2025-05-09 21:00:00,USDCHF,fx,0.122127,Neutral,1.718706,0.609038,Neutral
2025-05-09 21:00:00,USDCAD,fx,0.662295,Neutral,1.282195,0.705666,Bullish
2025-05-09 21:00:00,AUDUSD,fx,0.172534,Neutral,1.921166,0.873654,Bullish
2025-05-09 21:00:00,NZDUSD,fx,0.461400,Neutral,0.597572,0.387028,Neutral
2025-05-09 21:00:00,EURGBP,fx,0.177547,Neutral,-1.683707,-0.852510,Bearish
2025-05-09 21:00:00,EURJPY,fx,0.542825,Neutral,1.630981,0.604739,Neutral
2025-05-09 21:00:00,EURCHF,fx,2.310000,Very Bullish,3.847983,1.545996,Very Bullish
2025-05-09 21:00:00,EURAUD,fx,0.818735,Neutral,0.208111,0.104895,Neutral
2025-05-09 21:00:00,EURNZD,fx,1.726473,Bullish,1.531705,1.005716,Bullish
2025-05-09 21:00:00,EURCAD,fx,1.324147,Bullish,3.411472,1.879599,Very Bullish
2025-05-09 21:00:00,GBPJPY,fx,0.425498,Neutral,3.314688,1.069944,Bullish
2025-05-09 21:00:00,GBPCHF,fx,2.339067,Very Bullish,5.531690,1.743363,Very Bullish
2025-05-09 21:00:00,GBPAUD,fx,0.739742,Neutral,1.891818,1.013836,Bullish
2025-05-09 21:00:00,GBPNZD,fx,1.755540,Bullish,3.215412,1.738061,Very Bullish
2025-05-09 21:00:00,GBPCAD,fx,1.149243,Bullish,5.095179,2.242596,Very Bullish
2025-05-09 21:00:00,AUDJPY,fx,-0.400592,Neutral,1.422870,0.571204,Neutral
2025-05-09 21:00:00,NZDJPY,fx,-0.751758,Neutral,0.099276,0.034846,Neutral
2025-05-09 21:00:00,CADJPY,fx,-0.678835,Neutral,-1.780491,-0.688778,Neutral
2025-05-09 21:00:00,CHFJPY,fx,-1.335285,Bearish,-2.217002,-1.117440,Bearish
2025-05-09 21:00:00,AUDNZD,fx,0.762133,Neutral,1.323594,0.761562,Bullish
2025-05-09 21:00:00,AUDCAD,fx,0.718548,Neutral,3.203361,1.520342,Very Bullish
2025-05-09 21:00:00,AUDCHF,fx,1.345660,Bullish,3.639872,1.381356,Bullish
2025-05-09 21:00:00,NZDCAD,fx,1.220723,Bullish,1.879767,1.162503,Bullish
2025-05-09 21:00:00,NZDCHF,fx,0.583527,Neutral,2.316278,0.851886,Bullish
2025-05-09 21:00:00,CADCHF,fx,-0.637196,Neutral,0.436511,0.185828,Neutral
2025-05-09 21:00:00,DJIA,cross,2.073652,Bullish,2.605448,1.501699,Bullish
2025-05-09 21:00:00,SP500,cross,2.073652,Bullish,2.605448,1.501699,Bullish
2025-05-09 21:00:00,NASDAQ,cross,2.073652,Bullish,2.605448,1.501699,Bullish
2025-05-09 21:00:00,DAX,cross,-2.256084,Bearish,-1.560652,-0.858917,Bearish
2025-05-09 21:00:00,NIKKEI,cross,-0.953220,Neutral,-0.845975,-0.577457,Neutral
2025-05-09 21:00:00,FTSE100,cross,3.732718,Very Bullish,3.227626,1.720483,Very Bullish
2025-05-09 21:00:00,GOLD,cross,4.940369,Very Bullish,4.394975,2.492896,Very Bullish
2025-05-09 21:00:00,SILVER,cross,4.267603,Very Bullish,4.098958,2.330278,Very Bullish
2025-05-16 21:00:00,US-DOLLAR,fx,-0.523747,Neutral,-0.218364,-0.131071,Neutral
2025-05-16 21:00:00,EURUSD,fx,1.258851,Bullish,1.939874,1.173548,Bullish
2025-05-16 21:00:00,GBPUSD,fx,0.539785,Neutral,2.543393,1.274245,Bullish
2025-05-16 21:00:00,USDJPY,fx,0.177496,Neutral,1.313224,0.434987,Neutral
2025-05-16 21:00:00,USDCHF,fx,0.646236,Neutral,2.544269,0.901584,Bullish
2025-05-16 21:00:00,USDCAD,fx,1.642909,Bullish,2.107759,1.160021,Bullish
2025-05-16 21:00:00,AUDUSD,fx,1.542700,Bullish,2.806043,1.276054,Bullish
2025-05-16 21:00:00,NZDUSD,fx,-0.062709,Neutral,-0.227992,-0.147663,Neutral
2025-05-16 21:00:00,EURGBP,fx,0.631729,Neutral,-0.603518,-0.305579,Neutral
2025-05-16 21:00:00,EURJPY,fx,1.267648,Bullish,3.253099,1.206192,Bullish
2025-05-16 21:00:00,EURCHF,fx,2.707393,Very Bullish,4.484144,1.801584,Very Bullish
2025-05-16 21:00:00,EURAUD,fx,-0.406313,Neutral,-0.866168,-0.436577,Neutral
2025-05-16 21:00:00,EURNZD,fx,2.123866,Very Bullish,2.167866,1.423418,Bullish
2025-05-16 21:00:00,EURCAD,fx,2.794770,Very Bullish,4.047633,2.230101,Very Bullish
2025-05-16 21:00:00,GBPJPY,fx,0.837602,Neutral,3.856617,1.244873,Bullish
2025-05-16 21:00:00,GBPCHF,fx,2.030519,Very Bullish,5.087662,1.603423,Very Bullish
2025-05-16 21:00:00,GBPAUD,fx,-1.138864,Bearish,-0.262650,-0.140756,Neutral
2025-05-16 21:00:00,GBPNZD,fx,1.446992,Bullish,2.771385,1.498046,Bullish
2025-05-16 21:00:00,GBPCAD,fx,2.196608,Very Bullish,4.651151,2.047162,Very Bullish
2025-05-16 21:00:00,AUDJPY,fx,1.507397,Bullish,4.119267,1.653660,Very Bullish
2025-05-16 21:00:00,NZDJPY,fx,-0.258592,Neutral,1.085233,0.380917,Neutral
2025-05-16 21:00:00,CADJPY,fx,-1.299181,Bearish,-0.794534,-0.307363,Neutral
2025-05-16 21:00:00,CHFJPY,fx,-0.842119,Neutral,-1.231045,-0.620486,Neutral
2025-05-16 21:00:00,AUDNZD,fx,1.694544,Bullish,3.034035,1.745705,Very Bullish
2025-05-16 21:00:00,AUDCAD,fx,3.010257,Very Bullish,4.913802,2.332132,Very Bullish
2025-05-16 21:00:00,AUDCHF,fx,2.278071,Very Bullish,5.350312,2.030479,Very Bullish
2025-05-16 21:00:00,NZDCAD,fx,1.220723,Bullish,1.879767,1.162503,Bullish
2025-05-16 21:00:00,NZDCHF,fx,0.583527,Neutral,2.316278,0.851886,Bullish
2025-05-16 21:00:00,CADCHF,fx,-0.637196,Neutral,0.436511,0.185828,Neutral
2025-05-16 21:00:00,DJIA,cross,0.181360,Neutral,1.251527,0.721341,Bullish
2025-05-16 21:00:00,SP500,cross,0.181360,Neutral,1.251527,0.721341,Bullish
2025-05-16 21:00:00,NASDAQ,cross,0.181360,Neutral,1.251527,0.721341,Bullish
2025-05-16 21:00:00,DAX,cross,-2.437070,Bearish,-0.940611,-0.517673,Neutral
2025-05-16 21:00:00,NIKKEI,cross,-2.998449,Bearish,-1.073170,-0.732539,Bearish
2025-05-16 21:00:00,FTSE100,cross,1.644402,Neutral,2.318656,1.235957,Bullish
2025-05-16 21:00:00,GOLD,cross,3.495384,Bullish,3.174842,1.800818,Very Bullish
2025-05-16 21:00:00,SILVER,cross,2.486234,Bullish,2.730816,1.552482,Bullish
2025-05-23 21:00:00,US-DOLLAR,fx,-0.381477,Neutral,-0.201988,-0.121241,Neutral
2025-05-23 21:00:00,EURUSD,fx,1.157024,Bullish,1.939874,1.173548,Bullish
2025-05-23 21:00:00,GBPUSD,fx,1.561996,Bullish,4.284289,2.146438,Very Bullish
2025-05-23 21:00:00,USDJPY,fx,-0.230766,Neutral,0.327268,0.108403,Neutral
2025-05-23 21:00:00,USDCHF,fx,0.773540,Neutral,2.755775,0.976533,Bullish
2025-05-23 21:00:00,USDCAD,fx,0.247139,Neutral,0.097565,0.053696,Neutral
2025-05-23 21:00:00,AUDUSD,fx,1.244135,Bullish,2.886538,1.312659,Bullish
2025-05-23 21:00:00,NZDUSD,fx,2.162219,Very Bullish,2.652928,1.718218,Very Bullish
2025-05-23 21:00:00,EURGBP,fx,-0.441568,Neutral,-2.344415,-1.187046,Bearish
2025-05-23 21:00:00,EURJPY,fx,0.793436,Neutral,2.267142,0.840616,Bullish
2025-05-23 21:00:00,EURCHF,fx,2.834697,Very Bullish,4.695650,1.886561,Very Bullish
2025-05-23 21:00:00,EURAUD,fx,-0.139667,Neutral,-0.946663,-0.477149,Neutral
2025-05-23 21:00:00,EURNZD,fx,-0.101061,Neutral,-0.713054,-0.468190,Neutral
2025-05-23 21:00:00,EURCAD,fx,1.231979,Bullish,2.037440,1.122556,Bullish
2025-05-23 21:00:00,GBPJPY,fx,1.204474,Bullish,4.611557,1.488559,Bullish
2025-05-23 21:00:00,GBPCHF,fx,3.222497,Very Bullish,7.040065,2.218741,Very Bullish
2025-05-23 21:00:00,GBPAUD,fx,0.238499,Neutral,1.397752,0.749063,Bullish
2025-05-23 21:00:00,GBPNZD,fx,0.286738,Neutral,1.631361,0.881817,Bullish
2025-05-23 21:00:00,GBPCAD,fx,1.621020,Bullish,4.381855,1.928633,Very Bullish
2025-05-23 21:00:00,AUDJPY,fx,1.023572,Bullish,3.213805,1.290167,Bullish
2025-05-23 21:00:00,NZDJPY,fx,1.473169,Bullish,2.980196,1.046050,Bullish
2025-05-23 21:00:00,CADJPY,fx,-0.350440,Neutral,0.229702,0.088860,Neutral
2025-05-23 21:00:00,CHFJPY,fx,-1.462589,Bearish,-2.428508,-1.224046,Bearish
2025-05-23 21:00:00,AUDNZD,fx,-0.403079,Neutral,0.233609,0.134413,Neutral
2025-05-23 21:00:00,AUDCAD,fx,1.293141,Bullish,2.984103,1.416280,Bullish
2025-05-23 21:00:00,AUDCHF,fx,2.532679,Very Bullish,5.642313,2.141295,Very Bullish
2025-05-23 21:00:00,NZDCAD,fx,1.825925,Bullish,2.750493,1.700985,Very Bullish
2025-05-23 21:00:00,NZDCHF,fx,2.935758,Very Bullish,5.408704,1.989225,Very Bullish
2025-05-23 21:00:00,CADCHF,fx,1.109834,Bullish,2.658210,1.131635,Bullish
2025-05-23 21:00:00,DJIA,cross,0.556658,Neutral,1.097970,0.632836,Neutral
2025-05-23 21:00:00,SP500,cross,0.556658,Neutral,1.097970,0.632836,Neutral
2025-05-23 21:00:00,NASDAQ,cross,0.556658,Neutral,1.097970,0.632836,Neutral
2025-05-23 21:00:00,DAX,cross,-1.936551,Bearish,-0.915254,-0.503717,Neutral
2025-05-23 21:00:00,NIKKEI,cross,-2.396334,Bearish,-1.084273,-0.740118,Bearish
2025-05-23 21:00:00,FTSE100,cross,0.300163,Neutral,0.684515,0.364880,Neutral
2025-05-23 21:00:00,GOLD,cross,2.910349,Bullish,3.216206,1.824280,Very Bullish
2025-05-23 21:00:00,SILVER,cross,1.901200,Bullish,2.772181,1.575998,Bullish
2025-05-30 21:00:00,US-DOLLAR,fx,-0.253484,Neutral,-0.195014,-0.117055,Neutral
2025-05-30 21:00:00,EURUSD,fx,0.812749,Neutral,1.737771,1.051283,Bullish
2025-05-30 21:00:00,GBPUSD,fx,1.346209,Bullish,3.870680,1.939218,Very Bullish
2025-05-30 21:00:00,USDJPY,fx,-0.321160,Neutral,0.017033,0.005642,Neutral
2025-05-30 21:00:00,USDCHF,fx,0.882101,Neutral,2.746373,0.973201,Bullish
2025-05-30 21:00:00,USDCAD,fx,-0.099004,Neutral,-0.917242,-0.504811,Neutral
2025-05-30 21:00:00,AUDUSD,fx,0.528084,Neutral,2.587056,1.176469,Bullish
2025-05-30 21:00:00,NZDUSD,fx,1.926354,Bullish,2.319814,1.502470,Bullish
2025-05-30 21:00:00,EURGBP,fx,-0.716366,Neutral,-2.132909,-1.079954,Bearish
2025-05-30 21:00:00,EURJPY,fx,0.727469,Neutral,1.754804,0.650650,Neutral
2025-05-30 21:00:00,EURCHF,fx,2.707393,Very Bullish,4.484144,1.801584,Very Bullish
2025-05-30 21:00:00,EURAUD,fx,0.167481,Neutral,-0.849285,-0.428067,Neutral
2025-05-30 21:00:00,EURNZD,fx,-0.101061,Neutral,-0.582043,-0.382169,Neutral
2025-05-30 21:00:00,EURCAD,fx,0.610553,Neutral,0.820529,0.452082,Neutral
2025-05-30 21:00:00,GBPJPY,fx,1.260569,Bullish,3.887713,1.254910,Bullish
2025-05-30 21:00:00,GBPCHF,fx,2.967888,Very Bullish,6.617053,2.085425,Very Bullish
2025-05-30 21:00:00,GBPAUD,fx,0.784847,Neutral,1.283624,0.687901,Neutral
2025-05-30 21:00:00,GBPNZD,fx,0.159434,Neutral,1.550866,0.838306,Bullish
2025-05-30 21:00:00,GBPCAD,fx,1.248343,Bullish,2.953438,1.299929,Bullish
2025-05-30 21:00:00,AUDJPY,fx,0.510077,Neutral,2.604089,1.045399,Bullish
2025-05-30 21:00:00,NZDJPY,fx,1.075776,Bullish,2.336846,0.820234,Bullish
2025-05-30 21:00:00,CADJPY,fx,0.053532,Neutral,0.934275,0.361422,Neutral
2025-05-30 21:00:00,CHFJPY,fx,-1.732678,Bearish,-2.729340,-1.375675,Bearish
2025-05-30 21:00:00,AUDNZD,fx,-0.514723,Neutral,0.267242,0.153764,Neutral
2025-05-30 21:00:00,AUDCAD,fx,0.373093,Neutral,1.669814,0.792508,Bullish
2025-05-30 21:00:00,AUDCHF,fx,2.293731,Very Bullish,5.333429,2.024072,Very Bullish
2025-05-30 21:00:00,NZDCAD,fx,0.870130,Neutral,1.402572,0.867391,Bullish
2025-05-30 21:00:00,NZDCHF,fx,2.808454,Very Bullish,5.066187,1.863254,Very Bullish
2025-05-30 21:00:00,CADCHF,fx,1.938324,Very Bullish,3.663615,1.559649,Very Bullish
2025-05-30 21:00:00,DJIA,cross,-0.928012,Neutral,-0.278021,-0.160243,Neutral
2025-05-30 21:00:00,SP500,cross,-0.928012,Neutral,-0.278021,-0.160243,Neutral
2025-05-30 21:00:00,NASDAQ,cross,-0.928012,Neutral,-0.278021,-0.160243,Neutral
2025-05-30 21:00:00,DAX,cross,-2.050091,Bearish,-1.039007,-0.571825,Neutral
2025-05-30 21:00:00,NIKKEI,cross,-1.219257,Neutral,-0.484276,-0.330564,Neutral
2025-05-30 21:00:00,FTSE100,cross,-0.045580,Neutral,0.523172,0.278876,Neutral
2025-05-30 21:00:00,GOLD,cross,2.562580,Bullish,2.728068,1.547401,Bullish
2025-05-30 21:00:00,SILVER,cross,0.880664,Neutral,1.988025,1.130202,Bullish
2025-06-06 21:00:00,US-DOLLAR,fx,0.341208,Neutral,0.888960,0.533590,Neutral
2025-06-06 21:00:00,EURUSD,fx,-0.524405,Neutral,-1.440659,-0.871542,Bearish
2025-06-06 21:00:00,GBPUSD,fx,1.426556,Bullish,3.133308,1.569793,Very Bullish
2025-06-06 21:00:00,USDJPY,fx,-0.177906,Neutral,0.679897,0.225206,Neutral
2025-06-06 21:00:00,USDCHF,fx,2.251445,Very Bullish,4.693259,1.663097,Very Bullish
2025-06-06 21:00:00,USDCAD,fx,-0.081772,Neutral,0.150356,0.082749,Neutral
2025-06-06 21:00:00,AUDUSD,fx,-0.181557,Neutral,0.901690,0.410045,Neutral
2025-06-06 21:00:00,NZDUSD,fx,1.591664,Bullish,1.252216,0.811021,Bullish
2025-06-06 21:00:00,EURGBP,fx,-2.228991,Very Bearish,-4.573967,-2.315933,Very Bearish
2025-06-06 21:00:00,EURJPY,fx,-0.844737,Neutral,-0.760762,-0.282077,Neutral
2025-06-06 21:00:00,EURCHF,fx,2.101240,Very Bullish,3.252599,1.306790,Bullish
2025-06-06 21:00:00,EURAUD,fx,-0.302946,Neutral,-2.342349,-1.180620,Bearish
2025-06-06 21:00:00,EURNZD,fx,-1.741870,Bearish,-2.692876,-1.768139,Very Bearish
2025-06-06 21:00:00,EURCAD,fx,-0.735485,Neutral,-1.290304,-0.710911,Bearish
2025-06-06 21:00:00,GBPJPY,fx,1.270119,Bullish,3.813205,1.230860,Bullish
2025-06-06 21:00:00,GBPCHF,fx,4.193703,Very Bullish,7.826567,2.466614,Very Bullish
2025-06-06 21:00:00,GBPAUD,fx,1.866610,Bullish,2.231618,1.195937,Bullish
2025-06-06 21:00:00,GBPNZD,fx,0.350593,Neutral,1.881092,1.016806,Bullish
2025-06-06 21:00:00,GBPCAD,fx,1.340451,Bullish,3.283663,1.445274,Bullish
2025-06-06 21:00:00,AUDJPY,fx,-0.410686,Neutral,1.581587,0.634921,Neutral
2025-06-06 21:00:00,NZDJPY,fx,0.884617,Neutral,1.932113,0.678172,Neutral
2025-06-06 21:00:00,CADJPY,fx,-0.062728,Neutral,0.529542,0.204852,Neutral
2025-06-06 21:00:00,CHFJPY,fx,-2.958493,Very Bearish,-4.013362,-2.022864,Very Bearish
2025-06-06 21:00:00,AUDNZD,fx,-0.992621,Bearish,-0.350526,-0.201684,Neutral
2025-06-06 21:00:00,AUDCAD,fx,-0.343899,Neutral,1.052045,0.499310,Neutral
2025-06-06 21:00:00,AUDCHF,fx,2.688353,Very Bullish,5.594949,2.123320,Very Bullish
2025-06-06 21:00:00,NZDCAD,fx,0.870130,Neutral,1.402572,0.867391,Bullish
2025-06-06 21:00:00,NZDCHF,fx,3.843110,Very Bullish,5.945475,2.186640,Very Bullish
2025-06-06 21:00:00,CADCHF,fx,2.972980,Very Bullish,4.542903,1.933973,Very Bullish
2025-06-06 21:00:00,DJIA,cross,-0.217336,Neutral,1.004748,0.579105,Neutral
2025-06-06 21:00:00,SP500,cross,-0.217336,Neutral,1.004748,0.579105,Neutral
2025-06-06 21:00:00,NASDAQ,cross,-0.217336,Neutral,1.004748,0.579105,Neutral
2025-06-06 21:00:00,DAX,cross,3.517490,Bullish,3.150963,1.734157,Very Bullish
2025-06-06 21:00:00,NIKKEI,cross,-1.656914,Neutral,0.102232,0.069783,Neutral
2025-06-06 21:00:00,FTSE100,cross,-0.138187,Neutral,0.963424,0.513552,Neutral
2025-06-06 21:00:00,GOLD,cross,0.134877,Neutral,0.836162,0.474284,Neutral
2025-06-06 21:00:00,SILVER,cross,-1.210656,Neutral,0.244127,0.138788,Neutral
2025-06-13 21:00:00,US-DOLLAR,fx,0.426883,Neutral,1.512420,0.907815,Bullish
2025-06-13 21:00:00,EURUSD,fx,-0.437694,Neutral,-2.064119,-1.248711,Bearish
2025-06-13 21:00:00,GBPUSD,fx,0.602908,Neutral,0.967606,0.484773,Neutral
2025-06-13 21:00:00,USDJPY,fx,-0.483442,Neutral,1.461569,0.484124,Neutral
2025-06-13 21:00:00,USDCHF,fx,2.666994,Very Bullish,5.528225,1.958974,Very Bullish
2025-06-13 21:00:00,USDCAD,fx,-0.653342,Neutral,0.562310,0.309471,Neutral
2025-06-13 21:00:00,AUDUSD,fx,-0.226778,Neutral,0.278230,0.126526,Neutral
2025-06-13 21:00:00,NZDUSD,fx,1.176116,Bullish,0.417250,0.270240,Neutral
2025-06-13 21:00:00,EURGBP,fx,-1.051454,Bearish,-3.031726,-1.535051,Very Bearish
2025-06-13 21:00:00,EURJPY,fx,-1.111847,Bearish,-0.602550,-0.223415,Neutral
2025-06-13 21:00:00,EURCHF,fx,2.228544,Very Bullish,3.464105,1.391766,Bullish
2025-06-13 21:00:00,EURAUD,fx,-0.230836,Neutral,-2.342349,-1.180620,Bearish
2025-06-13 21:00:00,EURNZD,fx,-1.614566,Bearish,-2.481370,-1.629264,Very Bearish
2025-06-13 21:00:00,EURCAD,fx,-1.160297,Bearish,-1.501810,-0.827443,Bearish
2025-06-13 21:00:00,GBPJPY,fx,0.011242,Neutral,2.429176,0.784111,Bullish
2025-06-13 21:00:00,GBPCHF,fx,3.536136,Very Bullish,6.495831,2.047221,Very Bullish
2025-06-13 21:00:00,GBPAUD,fx,0.866301,Neutral,0.689376,0.369441,Neutral
2025-06-13 21:00:00,GBPNZD,fx,-0.306974,Neutral,0.550356,0.297490,Neutral
2025-06-13 21:00:00,GBPCAD,fx,-0.073585,Neutral,1.529916,0.673378,Neutral
2025-06-13 21:00:00,AUDJPY,fx,-0.669905,Neutral,1.739799,0.698434,Neutral
2025-06-13 21:00:00,NZDJPY,fx,0.804712,Neutral,1.878820,0.659466,Neutral
2025-06-13 21:00:00,CADJPY,fx,0.182063,Neutral,0.899260,0.347876,Neutral
2025-06-13 21:00:00,CHFJPY,fx,-3.038398,Very Bearish,-4.066655,-2.049726,Very Bearish
2025-06-13 21:00:00,AUDNZD,fx,-0.865316,Neutral,-0.139020,-0.079989,Neutral
2025-06-13 21:00:00,AUDCAD,fx,-0.729974,Neutral,0.840539,0.398927,Neutral
2025-06-13 21:00:00,AUDCHF,fx,2.815657,Very Bullish,5.806455,2.203588,Very Bullish
2025-06-13 21:00:00,NZDCAD,fx,0.615522,Neutral,0.979560,0.605788,Neutral
2025-06-13 21:00:00,NZDCHF,fx,3.843110,Very Bullish,5.945475,2.186640,Very Bullish
2025-06-13 21:00:00,CADCHF,fx,3.227588,Very Bullish,4.965915,2.114055,Very Bullish
2025-06-13 21:00:00,DJIA,cross,1.550602,Neutral,1.137359,0.655539,Bullish
2025-06-13 21:00:00,SP500,cross,1.550602,Neutral,1.137359,0.655539,Bullish
2025-06-13 21:00:00,NASDAQ,cross,1.550602,Neutral,1.137359,0.655539,Bullish
2025-06-13 21:00:00,DAX,cross,5.301626,Very Bullish,3.310804,1.822127,Very Bullish
2025-06-13 21:00:00,NIKKEI,cross,0.628736,Neutral,0.832279,0.568109,Neutral
2025-06-13 21:00:00,FTSE100,cross,-0.712477,Neutral,-1.355771,-0.722693,Bearish
2025-06-13 21:00:00,GOLD,cross,0.392299,Neutral,-0.010095,-0.005726,Neutral
2025-06-13 21:00:00,SILVER,cross,-0.953234,Neutral,-0.602129,-0.342313,Neutral
2025-06-20 21:00:00,US-DOLLAR,fx,-0.088951,Neutral,1.075942,0.645823,Neutral
2025-06-20 21:00:00,EURUSD,fx,0.019163,Neutral,-1.188253,-0.718846,Bearish
2025-06-20 21:00:00,GBPUSD,fx,-0.370195,Neutral,-0.769381,-0.385461,Neutral
2025-06-20 21:00:00,USDJPY,fx,-0.509479,Neutral,1.395169,0.462129,Neutral
2025-06-20 21:00:00,USDCHF,fx,3.071628,Very Bullish,5.798028,2.054581,Very Bullish
2025-06-20 21:00:00,USDCAD,fx,-1.199252,Bearish,-0.091387,-0.050296,Neutral
2025-06-20 21:00:00,AUDUSD,fx,-0.409738,Neutral,0.404629,0.184006,Neutral
2025-06-20 21:00:00,NZDUSD,fx,1.772301,Bullish,1.504623,0.974497,Bullish
2025-06-20 21:00:00,EURGBP,fx,0.570678,Neutral,-0.418872,-0.212087,Neutral
2025-06-20 21:00:00,EURJPY,fx,-0.474578,Neutral,0.206916,0.076721,Neutral
2025-06-20 21:00:00,EURCHF,fx,3.102059,Very Bullish,4.609775,1.852059,Very Bullish
2025-06-20 21:00:00,EURAUD,fx,0.346791,Neutral,-1.592882,-0.802864,Bearish
2025-06-20 21:00:00,EURNZD,fx,-1.741870,Bearish,-2.692876,-1.768139,Very Bearish
2025-06-20 21:00:00,EURCAD,fx,-0.874181,Neutral,-1.279640,-0.705036,Bearish
2025-06-20 21:00:00,GBPJPY,fx,-1.014644,Bearish,0.625788,0.201998,Neutral
2025-06-20 21:00:00,GBPCHF,fx,2.835355,Very Bullish,5.028648,1.584824,Very Bullish
2025-06-20 21:00:00,GBPAUD,fx,0.088548,Neutral,-1.174010,-0.629158,Neutral
2025-06-20 21:00:00,GBPNZD,fx,-2.008574,Very Bearish,-2.274003,-1.229191,Bearish
2025-06-20 21:00:00,GBPCAD,fx,-1.496819,Bearish,-0.860768,-0.378859,Neutral
2025-06-20 21:00:00,AUDJPY,fx,-0.747213,Neutral,1.799798,0.722520,Bullish
2025-06-20 21:00:00,NZDJPY,fx,1.314334,Bullish,2.899791,1.017828,Bullish
2025-06-20 21:00:00,CADJPY,fx,0.382180,Neutral,1.486556,0.575070,Neutral
2025-06-20 21:00:00,CHFJPY,fx,-3.529595,Very Bearish,-4.402859,-2.219183,Very Bearish
2025-06-20 21:00:00,AUDNZD,fx,-1.395174,Bearish,-1.099994,-0.632908,Neutral
2025-06-20 21:00:00,AUDCAD,fx,-1.099098,Bearish,0.313242,0.148667,Neutral
2025-06-20 21:00:00,AUDCHF,fx,3.448755,Very Bullish,6.202657,2.353950,Very Bullish
2025-06-20 21:00:00,NZDCAD,fx,0.917529,Bullish,1.413236,0.873986,Bullish
2025-06-20 21:00:00,NZDCHF,fx,4.843929,Very Bullish,7.302651,2.685786,Very Bullish
2025-06-20 21:00:00,CADCHF,fx,3.926400,Very Bullish,5.889415,2.507201,Very Bullish
2025-06-20 21:00:00,DJIA,cross,1.698941,Neutral,1.610634,0.928319,Bullish
2025-06-20 21:00:00,SP500,cross,1.698941,Neutral,1.610634,0.928319,Bullish
2025-06-20 21:00:00,NASDAQ,cross,1.698941,Neutral,1.610634,0.928319,Bullish
2025-06-20 21:00:00,DAX,cross,4.731327,Very Bullish,3.376434,1.858246,Very Bullish
2025-06-20 21:00:00,NIKKEI,cross,-0.629114,Neutral,-0.327459,-0.223522,Neutral
2025-06-20 21:00:00,FTSE100,cross,-0.508919,Neutral,-0.663239,-0.353539,Neutral
2025-06-20 21:00:00,GOLD,cross,1.936870,Bullish,1.033440,0.586182,Neutral
2025-06-20 21:00:00,SILVER,cross,0.591338,Neutral,0.441405,0.250941,Neutral
2025-06-27 21:00:00,US-DOLLAR,fx,-0.912522,Bearish,0.511423,0.306977,Neutral
2025-06-27 21:00:00,EURUSD,fx,0.886028,Neutral,-0.623734,-0.377335,Neutral
2025-06-27 21:00:00,GBPUSD,fx,0.156961,Neutral,-0.204862,-0.102636,Neutral
2025-06-27 21:00:00,USDJPY,fx,-0.925856,Bearish,1.200368,0.397605,Neutral
2025-06-27 21:00:00,USDCHF,fx,3.001449,Very Bullish,5.445015,1.929488,Very Bullish
2025-06-27 21:00:00,USDCAD,fx,-0.373748,Neutral,1.052735,0.579381,Neutral
2025-06-27 21:00:00,AUDUSD,fx,0.417005,Neutral,0.532026,0.241940,Neutral
2025-06-27 21:00:00,NZDUSD,fx,1.842480,Bullish,1.857635,1.203132,Bullish
2025-06-27 21:00:00,EURGBP,fx,1.113432,Bullish,-0.418872,-0.212087,Neutral
2025-06-27 21:00:00,EURJPY,fx,0.076170,Neutral,0.576634,0.213806,Neutral
2025-06-27 21:00:00,EURCHF,fx,3.229363,Very Bullish,4.821281,1.937035,Very Bullish
2025-06-27 21:00:00,EURAUD,fx,0.570258,Neutral,-1.155761,-0.582541,Neutral
2025-06-27 21:00:00,EURNZD,fx,-1.614566,Bearish,-2.481370,-1.629264,Very Bearish
2025-06-27 21:00:00,EURCAD,fx,0.673828,Neutral,0.429001,0.236364,Neutral
2025-06-27 21:00:00,GBPJPY,fx,-0.954542,Bearish,0.995506,0.321338,Neutral
2025-06-27 21:00:00,GBPCHF,fx,2.962659,Very Bullish,5.240154,1.651482,Very Bullish
2025-06-27 21:00:00,GBPAUD,fx,-0.319972,Neutral,-0.736888,-0.394903,Neutral
2025-06-27 21:00:00,GBPNZD,fx,-1.881270,Bearish,-2.062497,-1.114863,Bearish
2025-06-27 21:00:00,GBPCAD,fx,-0.252450,Neutral,0.847874,0.373184,Neutral
2025-06-27 21:00:00,AUDJPY,fx,-0.553291,Neutral,1.732394,0.695461,Neutral
2025-06-27 21:00:00,NZDJPY,fx,1.361733,Bullish,3.058003,1.073360,Bullish
2025-06-27 21:00:00,CADJPY,fx,-0.674246,Neutral,0.147633,0.057111,Neutral
2025-06-27 21:00:00,CHFJPY,fx,-3.482196,Very Bearish,-4.244647,-2.139439,Very Bearish
2025-06-27 21:00:00,AUDNZD,fx,-1.559041,Bearish,-1.325609,-0.762721,Bearish
2025-06-27 21:00:00,AUDCAD,fx,0.221814,Neutral,1.584762,0.752141,Bullish
2025-06-27 21:00:00,AUDCHF,fx,3.284888,Very Bullish,5.977042,2.268327,Very Bullish
2025-06-27 21:00:00,NZDCAD,fx,2.094238,Very Bullish,2.910371,1.799858,Very Bullish
2025-06-27 21:00:00,NZDCHF,fx,4.843929,Very Bullish,7.302651,2.685786,Very Bullish
2025-06-27 21:00:00,CADCHF,fx,2.749691,Very Bullish,4.392280,1.869851,Very Bullish
2025-06-27 21:00:00,DJIA,cross,0.927561,Neutral,0.557516,0.321335,Neutral
2025-06-27 21:00:00,SP500,cross,0.927561,Neutral,0.557516,0.321335,Neutral
2025-06-27 21:00:00,NASDAQ,cross,0.927561,Neutral,0.557516,0.321335,Neutral
2025-06-27 21:00:00,DAX,cross,4.422746,Very Bullish,3.434238,1.890060,Very Bullish
2025-06-27 21:00:00,NIKKEI,cross,-0.015572,Neutral,0.590849,0.403310,Neutral
2025-06-27 21:00:00,FTSE100,cross,-0.362728,Neutral,-0.386962,-0.206270,Neutral
2025-06-27 21:00:00,GOLD,cross,2.480517,Bullish,1.159365,0.657609,Bullish
2025-06-27 21:00:00,SILVER,cross,1.134984,Neutral,0.567330,0.322530,Neutral
2025-07-04 21:00:00,US-DOLLAR,fx,-0.768606,Neutral,0.488642,0.293302,Neutral
2025-07-04 21:00:00,EURUSD,fx,1.058504,Bullish,-0.115978,-0.070162,Neutral
2025-07-04 21:00:00,GBPUSD,fx,-0.116572,Neutral,-0.300800,-0.150701,Neutral
2025-07-04 21:00:00,USDJPY,fx,-0.433028,Neutral,1.987053,0.658182,Neutral
2025-07-04 21:00:00,USDCHF,fx,-0.547948,Neutral,1.279442,0.453381,Neutral
2025-07-04 21:00:00,USDCAD,fx,-0.434499,Neutral,1.029954,0.566843,Neutral
2025-07-04 21:00:00,AUDUSD,fx,0.297393,Neutral,0.440680,0.200400,Neutral
2025-07-04 21:00:00,NZDUSD,fx,1.836546,Bullish,1.880417,1.217886,Bullish
2025-07-04 21:00:00,EURGBP,fx,1.388875,Bullish,0.184822,0.093581,Neutral
2025-07-04 21:00:00,EURJPY,fx,0.613635,Neutral,1.871074,0.693761,Neutral
2025-07-04 21:00:00,EURCHF,fx,0.150154,Neutral,1.163463,0.467442,Neutral
2025-07-04 21:00:00,EURAUD,fx,0.688569,Neutral,-0.556658,-0.280574,Neutral
2025-07-04 21:00:00,EURNZD,fx,-1.138444,Bearish,-1.996395,-1.310831,Bearish
2025-07-04 21:00:00,EURCAD,fx,0.732685,Neutral,0.913976,0.503568,Neutral
2025-07-04 21:00:00,GBPJPY,fx,-0.690087,Neutral,1.686253,0.544304,Neutral
2025-07-04 21:00:00,GBPCHF,fx,-0.656526,Neutral,0.978642,0.308428,Neutral
2025-07-04 21:00:00,GBPAUD,fx,-0.591491,Neutral,-0.741480,-0.397363,Neutral
2025-07-04 21:00:00,GBPNZD,fx,-1.945124,Very Bearish,-2.181217,-1.179036,Bearish
2025-07-04 21:00:00,GBPCAD,fx,-0.553906,Neutral,0.729154,0.320931,Neutral
2025-07-04 21:00:00,AUDJPY,fx,-0.058509,Neutral,2.427733,0.974602,Bullish
2025-07-04 21:00:00,NZDJPY,fx,1.744050,Bullish,3.867469,1.357483,Bullish
2025-07-04 21:00:00,CADJPY,fx,-0.145624,Neutral,0.957099,0.370251,Neutral
2025-07-04 21:00:00,CHFJPY,fx,0.455452,Neutral,0.707611,0.356659,Neutral
2025-07-04 21:00:00,AUDNZD,fx,-1.574701,Bearish,-1.439737,-0.828387,Bearish
2025-07-04 21:00:00,AUDCAD,fx,0.083644,Neutral,1.470634,0.697975,Neutral
2025-07-04 21:00:00,AUDCHF,fx,-0.286103,Neutral,1.720122,0.652798,Neutral
2025-07-04 21:00:00,NZDCAD,fx,2.094238,Very Bullish,2.910371,1.799858,Very Bullish
2025-07-04 21:00:00,NZDCHF,fx,1.288598,Bullish,3.159858,1.162140,Bullish
2025-07-04 21:00:00,CADCHF,fx,-0.805640,Neutral,0.249487,0.106210,Neutral
2025-07-04 21:00:00,DJIA,cross,0.363177,Neutral,0.356462,0.205453,Neutral
2025-07-04 21:00:00,SP500,cross,0.363177,Neutral,0.356462,0.205453,Neutral
2025-07-04 21:00:00,NASDAQ,cross,0.363177,Neutral,0.356462,0.205453,Neutral
2025-07-04 21:00:00,DAX,cross,0.845280,Neutral,0.939640,0.517138,Neutral
2025-07-04 21:00:00,NIKKEI,cross,-1.545425,Neutral,-0.914665,-0.624345,Neutral
2025-07-04 21:00:00,FTSE100,cross,-1.341197,Neutral,-1.007518,-0.537056,Neutral
2025-07-04 21:00:00,GOLD,cross,2.155471,Bullish,1.059554,0.600995,Neutral
2025-07-04 21:00:00,SILVER,cross,0.809938,Neutral,0.467519,0.265787,Neutral
2025-07-11 21:00:00,US-DOLLAR,fx,-0.602978,Neutral,0.488642,0.293302,Neutral
2025-07-11 21:00:00,EURUSD,fx,0.782614,Neutral,-0.115978,-0.070162,Neutral
2025-07-11 21:00:00,GBPUSD,fx,-0.305660,Neutral,-0.631025,-0.316145,Neutral
2025-07-11 21:00:00,USDJPY,fx,0.092390,Neutral,2.430506,0.805070,Bullish
2025-07-11 21:00:00,USDCHF,fx,-0.547948,Neutral,1.279442,0.453381,Neutral
2025-07-11 21:00:00,USDCAD,fx,-1.107725,Bearish,-0.363580,-0.200099,Neutral
2025-07-11 21:00:00,AUDUSD,fx,0.873025,Neutral,0.863692,0.392766,Neutral
2025-07-11 21:00:00,NZDUSD,fx,1.836546,Bullish,1.880417,1.217886,Bullish
2025-07-11 21:00:00,EURGBP,fx,1.074313,Bullish,0.515047,0.260783,Neutral
2025-07-11 21:00:00,EURJPY,fx,0.921754,Bullish,2.314527,0.858186,Bullish
2025-07-11 21:00:00,EURCHF,fx,0.150154,Neutral,1.163463,0.467442,Neutral
2025-07-11 21:00:00,EURAUD,fx,0.043667,Neutral,-0.979670,-0.493785,Neutral
2025-07-11 21:00:00,EURNZD,fx,-1.138444,Bearish,-1.996395,-1.310831,Bearish
2025-07-11 21:00:00,EURCAD,fx,-0.163476,Neutral,-0.479558,-0.264219,Neutral
2025-07-11 21:00:00,GBPJPY,fx,-0.127656,Neutral,1.799480,0.580852,Neutral
2025-07-11 21:00:00,GBPCHF,fx,-0.847685,Neutral,0.648416,0.204354,Neutral
2025-07-11 21:00:00,GBPAUD,fx,-1.047417,Bearish,-1.494717,-0.801027,Bearish
2025-07-11 21:00:00,GBPNZD,fx,-2.136283,Very Bearish,-2.511442,-1.357536,Bearish
2025-07-11 21:00:00,GBPCAD,fx,-1.264698,Bearish,-0.994605,-0.437766,Neutral
2025-07-11 21:00:00,AUDJPY,fx,0.835680,Neutral,3.294197,1.322440,Bullish
2025-07-11 21:00:00,NZDJPY,fx,2.236829,Very Bullish,4.310922,1.513135,Very Bullish
2025-07-11 21:00:00,CADJPY,fx,1.011010,Bullish,2.794085,1.080884,Bullish
2025-07-11 21:00:00,CHFJPY,fx,0.948231,Bullish,1.151064,0.580173,Neutral
2025-07-11 21:00:00,AUDNZD,fx,-1.320093,Bearish,-1.016725,-0.584997,Neutral
2025-07-11 21:00:00,AUDCAD,fx,-0.214408,Neutral,0.500112,0.237357,Neutral
2025-07-11 21:00:00,AUDCHF,fx,-0.031495,Neutral,2.143134,0.813333,Bullish
2025-07-11 21:00:00,NZDCAD,fx,0.902059,Bullish,1.516837,0.938056,Bullish
2025-07-11 21:00:00,NZDCHF,fx,1.288598,Bullish,3.159858,1.162140,Bullish
2025-07-11 21:00:00,CADCHF,fx,0.386539,Neutral,1.643021,0.699456,Neutral
2025-07-11 21:00:00,DJIA,cross,0.794446,Neutral,0.087195,0.050256,Neutral
2025-07-11 21:00:00,SP500,cross,0.794446,Neutral,0.087195,0.050256,Neutral
2025-07-11 21:00:00,NASDAQ,cross,0.794446,Neutral,0.087195,0.050256,Neutral
2025-07-11 21:00:00,DAX,cross,1.482152,Neutral,0.683274,0.376045,Neutral
2025-07-11 21:00:00,NIKKEI,cross,-3.737938,Very Bearish,-3.282426,-2.240564,Very Bearish
2025-07-11 21:00:00,FTSE100,cross,-1.663025,Neutral,-1.717947,-0.915750,Bearish
2025-07-11 21:00:00,GOLD,cross,1.957882,Bullish,0.556802,0.315826,Neutral
2025-07-11 21:00:00,SILVER,cross,0.948733,Neutral,0.112776,0.064114,Neutral
2025-07-18 21:00:00,US-DOLLAR,fx,0.639930,Neutral,1.965187,1.179584,Bullish
2025-07-18 21:00:00,EURUSD,fx,0.046203,Neutral,-1.592524,-0.963414,Bearish
2025-07-18 21:00:00,GBPUSD,fx,0.365437,Neutral,0.272761,0.136654,Neutral
2025-07-18 21:00:00,USDJPY,fx,0.802431,Neutral,4.434981,1.469023,Bullish
2025-07-18 21:00:00,USDCHF,fx,-0.221648,Neutral,2.248657,0.796831,Bullish
2025-07-18 21:00:00,USDCAD,fx,-0.520562,Neutral,1.335135,0.734802,Bullish
2025-07-18 21:00:00,AUDUSD,fx,-0.139750,Neutral,-1.573826,-0.715701,Bearish
2025-07-18 21:00:00,NZDUSD,fx,0.946185,Bullish,0.192366,0.124589,Neutral
2025-07-18 21:00:00,EURGBP,fx,-0.279665,Neutral,-1.865285,-0.944448,Bearish
2025-07-18 21:00:00,EURJPY,fx,0.744046,Neutral,2.842457,1.053933,Bullish
2025-07-18 21:00:00,EURCHF,fx,-0.286603,Neutral,0.656134,0.263613,Neutral
2025-07-18 21:00:00,EURAUD,fx,0.122913,Neutral,-0.018697,-0.009424,Neutral
2025-07-18 21:00:00,EURNZD,fx,-1.011140,Bearish,-1.784889,-1.171956,Bearish
2025-07-18 21:00:00,EURCAD,fx,-0.349087,Neutral,-0.257388,-0.141812,Neutral
2025-07-18 21:00:00,GBPJPY,fx,1.048060,Bullish,4.707742,1.519607,Very Bullish
2025-07-18 21:00:00,GBPCHF,fx,0.108609,Neutral,2.521418,0.794648,Bullish
2025-07-18 21:00:00,GBPAUD,fx,0.331075,Neutral,1.846588,0.989597,Bullish
2025-07-18 21:00:00,GBPNZD,fx,-0.615927,Neutral,0.080396,0.043457,Neutral
2025-07-18 21:00:00,GBPCAD,fx,-0.084269,Neutral,1.607896,0.707701,Bullish
2025-07-18 21:00:00,AUDJPY,fx,0.613745,Neutral,2.861154,1.148597,Bullish
2025-07-18 21:00:00,NZDJPY,fx,2.331627,Very Bullish,4.627346,1.624200,Very Bullish
2025-07-18 21:00:00,CADJPY,fx,1.131014,Bullish,3.099845,1.199167,Bullish
2025-07-18 21:00:00,CHFJPY,fx,1.607091,Bullish,2.186323,1.101977,Bullish
2025-07-18 21:00:00,AUDNZD,fx,-1.722646,Bearish,-1.766192,-1.016221,Bearish
2025-07-18 21:00:00,AUDCAD,fx,-0.516585,Neutral,-0.238691,-0.113285,Neutral
2025-07-18 21:00:00,AUDCHF,fx,-0.998110,Bearish,0.674831,0.256103,Neutral
2025-07-18 21:00:00,NZDCAD,fx,0.949458,Bullish,1.527501,0.944651,Bullish
2025-07-18 21:00:00,NZDCHF,fx,0.724536,Neutral,2.441023,0.897765,Bullish
2025-07-18 21:00:00,CADCHF,fx,-0.224921,Neutral,0.913522,0.388898,Neutral
2025-07-18 21:00:00,DJIA,cross,-0.718664,Neutral,0.231815,0.133611,Neutral
2025-07-18 21:00:00,SP500,cross,-0.718664,Neutral,0.231815,0.133611,Neutral
2025-07-18 21:00:00,NASDAQ,cross,-0.718664,Neutral,0.231815,0.133611,Neutral
2025-07-18 21:00:00,DAX,cross,0.708256,Neutral,1.008422,0.554993,Neutral
2025-07-18 21:00:00,NIKKEI,cross,-4.162137,Very Bearish,-2.181111,-1.488813,Bearish
2025-07-18 21:00:00,FTSE100,cross,-3.946708,Very Bearish,-2.677710,-1.427351,Bearish
2025-07-18 21:00:00,GOLD,cross,-0.769778,Neutral,-0.891961,-0.505934,Neutral
2025-07-18 21:00:00,SILVER,cross,-1.778927,Bearish,-1.335987,-0.759515,Bearish
2025-07-25 21:00:00,US-DOLLAR,fx,0.333305,Neutral,1.314205,0.788839,Bullish
2025-07-25 21:00:00,EURUSD,fx,-0.185838,Neutral,-1.153048,-0.697549,Neutral
2025-07-25 21:00:00,GBPUSD,fx,0.558768,Neutral,1.584194,0.793684,Bullish
2025-07-25 21:00:00,USDJPY,fx,0.765401,Neutral,4.153717,1.375858,Bullish
2025-07-25 21:00:00,USDCHF,fx,-0.460597,Neutral,1.597676,0.566150,Neutral
2025-07-25 21:00:00,USDCAD,fx,-0.798225,Neutral,0.461983,0.254256,Neutral
2025-07-25 21:00:00,AUDUSD,fx,-0.010174,Neutral,-0.711339,-0.323483,Neutral
2025-07-25 21:00:00,NZDUSD,fx,1.312437,Bullish,1.054853,0.683195,Neutral
2025-07-25 21:00:00,EURGBP,fx,-0.820194,Neutral,-2.737241,-1.385945,Bearish
2025-07-25 21:00:00,EURJPY,fx,0.534527,Neutral,3.000669,1.112595,Bullish
2025-07-25 21:00:00,EURCHF,fx,-0.413907,Neutral,0.444628,0.178637,Neutral
2025-07-25 21:00:00,EURAUD,fx,-0.285822,Neutral,-0.441709,-0.222636,Neutral
2025-07-25 21:00:00,EURNZD,fx,-1.265748,Bearish,-2.207901,-1.449705,Bearish
2025-07-25 21:00:00,EURCAD,fx,-0.839684,Neutral,-0.691064,-0.380752,Neutral
2025-07-25 21:00:00,GBPJPY,fx,1.343999,Bullish,5.737910,1.852134,Very Bullish
2025-07-25 21:00:00,GBPCHF,fx,0.490927,Neutral,3.181869,1.002795,Bullish
2025-07-25 21:00:00,GBPAUD,fx,0.414778,Neutral,2.295532,1.230189,Bullish
2025-07-25 21:00:00,GBPNZD,fx,-0.360913,Neutral,0.529340,0.286130,Neutral
2025-07-25 21:00:00,GBPCAD,fx,-0.138411,Neutral,2.046177,0.900606,Bullish
2025-07-25 21:00:00,AUDJPY,fx,0.766900,Neutral,3.442378,1.381926,Bullish
2025-07-25 21:00:00,NZDJPY,fx,2.633634,Very Bullish,5.208570,1.828210,Very Bullish
2025-07-25 21:00:00,CADJPY,fx,1.421154,Bullish,3.691733,1.428137,Bullish
2025-07-25 21:00:00,CHFJPY,fx,1.781794,Bullish,2.556041,1.288327,Bullish
2025-07-25 21:00:00,AUDNZD,fx,-1.722646,Bearish,-1.766192,-1.016221,Bearish
2025-07-25 21:00:00,AUDCAD,fx,-0.642851,Neutral,-0.249355,-0.118346,Neutral
2025-07-25 21:00:00,AUDCHF,fx,-0.870805,Neutral,0.886337,0.336371,Neutral
2025-07-25 21:00:00,NZDCAD,fx,0.902059,Bullish,1.516837,0.938056,Bullish
2025-07-25 21:00:00,NZDCHF,fx,0.851840,Neutral,2.652529,0.975553,Bullish
2025-07-25 21:00:00,CADCHF,fx,-0.050218,Neutral,1.135692,0.483479,Neutral
2025-07-25 21:00:00,DJIA,cross,0.178735,Neutral,-0.753285,-0.434170,Neutral
2025-07-25 21:00:00,SP500,cross,0.178735,Neutral,-0.753285,-0.434170,Neutral
2025-07-25 21:00:00,NASDAQ,cross,0.178735,Neutral,-0.753285,-0.434170,Neutral
2025-07-25 21:00:00,DAX,cross,2.574780,Bullish,0.976363,0.537349,Neutral
2025-07-25 21:00:00,NIKKEI,cross,-2.289891,Bearish,-1.630454,-1.112938,Bearish
2025-07-25 21:00:00,FTSE100,cross,-1.006686,Neutral,-1.842314,-0.982044,Bearish
2025-07-25 21:00:00,GOLD,cross,-0.434855,Neutral,-0.559964,-0.317620,Neutral
2025-07-25 21:00:00,SILVER,cross,-1.107621,Neutral,-0.855981,-0.486630,Neutral
2025-08-01 21:00:00,US-DOLLAR,fx,0.433760,Neutral,1.227742,0.736940,Bullish
2025-08-01 21:00:00,EURUSD,fx,0.495975,Neutral,0.303907,0.183852,Neutral
2025-08-01 21:00:00,GBPUSD,fx,0.658858,Neutral,2.093669,1.048932,Bullish
2025-08-01 21:00:00,USDJPY,fx,0.455703,Neutral,2.448322,0.810971,Bullish
2025-08-01 21:00:00,USDCHF,fx,-1.393867,Bearish,0.209198,0.074131,Neutral
2025-08-01 21:00:00,USDCAD,fx,-0.877994,Neutral,-0.655947,-0.361005,Neutral
2025-08-01 21:00:00,AUDUSD,fx,0.078539,Neutral,-0.444229,-0.202014,Neutral
2025-08-01 21:00:00,NZDUSD,fx,1.481207,Bullish,1.352822,0.876180,Bullish
2025-08-01 21:00:00,EURGBP,fx,-0.192793,Neutral,-1.789761,-0.906208,Bearish
2025-08-01 21:00:00,EURJPY,fx,0.927156,Bullish,2.752229,1.020478,Bullish
2025-08-01 21:00:00,EURCHF,fx,-0.443043,Neutral,0.513105,0.206149,Neutral
2025-08-01 21:00:00,EURAUD,fx,0.411394,Neutral,0.748136,0.377085,Neutral
2025-08-01 21:00:00,EURNZD,fx,-0.530383,Neutral,-1.048915,-0.688716,Neutral
2025-08-01 21:00:00,EURCAD,fx,-0.403255,Neutral,-0.352040,-0.193961,Neutral
2025-08-01 21:00:00,GBPJPY,fx,1.146663,Bullish,4.541990,1.466104,Bullish
2025-08-01 21:00:00,GBPCHF,fx,-0.146269,Neutral,2.302866,0.725769,Bullish
2025-08-01 21:00:00,GBPAUD,fx,0.508634,Neutral,2.537897,1.360073,Bullish
2025-08-01 21:00:00,GBPNZD,fx,-0.233609,Neutral,0.740846,0.400457,Neutral
2025-08-01 21:00:00,GBPCAD,fx,-0.219635,Neutral,1.437722,0.632800,Neutral
2025-08-01 21:00:00,AUDJPY,fx,0.516179,Neutral,2.004093,0.804534,Bullish
2025-08-01 21:00:00,NZDJPY,fx,1.996303,Very Bullish,3.801144,1.334203,Bullish
2025-08-01 21:00:00,CADJPY,fx,1.343872,Bullish,3.104269,1.200878,Bullish
2025-08-01 21:00:00,CHFJPY,fx,1.908963,Bullish,2.239124,1.128591,Bullish
2025-08-01 21:00:00,AUDNZD,fx,-1.663225,Bearish,-1.797051,-1.033976,Bearish
2025-08-01 21:00:00,AUDCAD,fx,-0.859272,Neutral,-1.100175,-0.522153,Neutral
2025-08-01 21:00:00,AUDCHF,fx,-1.575885,Bearish,-0.235031,-0.089196,Neutral
2025-08-01 21:00:00,NZDCAD,fx,0.296858,Neutral,0.696875,0.430968,Neutral
2025-08-01 21:00:00,NZDCHF,fx,0.087340,Neutral,1.562020,0.574483,Neutral
2025-08-01 21:00:00,CADCHF,fx,-0.209518,Neutral,0.865145,0.368303,Neutral
2025-08-01 21:00:00,DJIA,cross,0.588872,Neutral,-0.471980,-0.272035,Neutral
2025-08-01 21:00:00,SP500,cross,0.588872,Neutral,-0.471980,-0.272035,Neutral
2025-08-01 21:00:00,NASDAQ,cross,0.588872,Neutral,-0.471980,-0.272035,Neutral
2025-08-01 21:00:00,DAX,cross,2.714410,Bullish,1.027926,0.565727,Neutral
2025-08-01 21:00:00,NIKKEI,cross,0.220471,Neutral,0.117074,0.079914,Neutral
2025-08-01 21:00:00,FTSE100,cross,-0.919209,Neutral,-2.007671,-1.070187,Bearish
2025-08-01 21:00:00,GOLD,cross,0.318854,Neutral,-0.167265,-0.094875,Neutral
2025-08-01 21:00:00,SILVER,cross,-0.017529,Neutral,-0.315273,-0.179234,Neutral
2025-08-08 21:00:00,US-DOLLAR,fx,-0.270904,Neutral,1.244119,0.746770,Bullish
2025-08-08 21:00:00,EURUSD,fx,1.240662,Bullish,0.303907,0.183852,Neutral
2025-08-08 21:00:00,GBPUSD,fx,1.373229,Bullish,1.632432,0.817852,Bullish
2025-08-08 21:00:00,USDJPY,fx,-0.508946,Neutral,1.724477,0.571208,Neutral
2025-08-08 21:00:00,USDCHF,fx,-1.193428,Bearish,0.580871,0.205837,Neutral
2025-08-08 21:00:00,USDCAD,fx,-0.209722,Neutral,1.202098,0.661584,Neutral
2025-08-08 21:00:00,AUDUSD,fx,0.749769,Neutral,-0.232723,-0.105831,Neutral
2025-08-08 21:00:00,NZDUSD,fx,1.088974,Bullish,0.791367,0.512543,Neutral
2025-08-08 21:00:00,EURGBP,fx,0.127922,Neutral,-1.328525,-0.672671,Neutral
2025-08-08 21:00:00,EURJPY,fx,0.698826,Neutral,2.028385,0.752089,Bullish
2025-08-08 21:00:00,EURCHF,fx,-0.242604,Neutral,0.884778,0.355475,Neutral
2025-08-08 21:00:00,EURAUD,fx,0.710839,Neutral,0.536630,0.270479,Neutral
2025-08-08 21:00:00,EURNZD,fx,-0.138150,Neutral,-0.487459,-0.320065,Neutral
2025-08-08 21:00:00,EURCAD,fx,1.158925,Bullish,1.506006,0.829755,Bullish
2025-08-08 21:00:00,GBPJPY,fx,0.599170,Neutral,3.356910,1.083573,Bullish
2025-08-08 21:00:00,GBPCHF,fx,-0.136989,Neutral,2.213303,0.697543,Neutral
2025-08-08 21:00:00,GBPAUD,fx,0.597127,Neutral,1.865155,0.999547,Bullish
2025-08-08 21:00:00,GBPNZD,fx,-0.032535,Neutral,0.841065,0.454630,Neutral
2025-08-08 21:00:00,GBPCAD,fx,1.106983,Bullish,2.834531,1.247593,Bullish
2025-08-08 21:00:00,AUDJPY,fx,0.030457,Neutral,1.491755,0.598858,Neutral
2025-08-08 21:00:00,NZDJPY,fx,1.079373,Bullish,2.515844,0.883062,Bullish
2025-08-08 21:00:00,CADJPY,fx,-0.510120,Neutral,0.522379,0.202081,Neutral
2025-08-08 21:00:00,CHFJPY,fx,1.183827,Bullish,1.143606,0.576414,Neutral
2025-08-08 21:00:00,AUDNZD,fx,-1.143687,Bearish,-1.024089,-0.589234,Neutral
2025-08-08 21:00:00,AUDCAD,fx,0.523992,Neutral,0.969376,0.460074,Neutral
2025-08-08 21:00:00,AUDCHF,fx,-1.248142,Bearish,0.348149,0.132125,Neutral
2025-08-08 21:00:00,NZDCAD,fx,1.494197,Bullish,1.993465,1.232817,Bullish
2025-08-08 21:00:00,NZDCHF,fx,-0.104454,Neutral,1.372238,0.504685,Neutral
2025-08-08 21:00:00,CADCHF,fx,-1.598651,Bearish,-0.621227,-0.264465,Neutral
2025-08-08 21:00:00,DJIA,cross,1.170297,Neutral,-0.120766,-0.069606,Neutral
2025-08-08 21:00:00,SP500,cross,1.170297,Neutral,-0.120766,-0.069606,Neutral
2025-08-08 21:00:00,NASDAQ,cross,1.170297,Neutral,-0.120766,-0.069606,Neutral
2025-08-08 21:00:00,DAX,cross,2.589753,Bullish,1.372273,0.755241,Bullish
2025-08-08 21:00:00,NIKKEI,cross,1.721530,Bullish,1.165590,0.795625,Bullish
2025-08-08 21:00:00,FTSE100,cross,-1.479578,Neutral,-2.187068,-1.165814,Bearish
2025-08-08 21:00:00,GOLD,cross,1.278509,Neutral,0.411661,0.233500,Neutral
2025-08-08 21:00:00,SILVER,cross,1.278509,Neutral,0.411661,0.234031,Neutral
2025-08-15 21:00:00,US-DOLLAR,fx,-0.162360,Neutral,1.485380,0.891584,Bullish
2025-08-15 21:00:00,EURUSD,fx,0.783109,Neutral,-0.768644,-0.465000,Neutral
2025-08-15 21:00:00,GBPUSD,fx,2.057939,Very Bullish,2.944872,1.475387,Bullish
2025-08-15 21:00:00,USDJPY,fx,-0.511390,Neutral,1.737856,0.575640,Neutral
2025-08-15 21:00:00,USDCHF,fx,-1.400254,Bearish,0.298426,0.105750,Neutral
2025-08-15 21:00:00,USDCAD,fx,0.031664,Neutral,1.215477,0.668947,Neutral
2025-08-15 21:00:00,AUDUSD,fx,0.434705,Neutral,-0.108132,-0.049173,Neutral
2025-08-15 21:00:00,NZDUSD,fx,0.859042,Neutral,0.566482,0.366893,Neutral
2025-08-15 21:00:00,EURGBP,fx,-1.009283,Bearish,-3.713516,-1.880261,Very Bearish
2025-08-15 21:00:00,EURJPY,fx,0.184755,Neutral,0.969212,0.359367,Neutral
2025-08-15 21:00:00,EURCHF,fx,-1.204059,Bearish,-0.470218,-0.188918,Neutral
2025-08-15 21:00:00,EURAUD,fx,0.547175,Neutral,-0.660513,-0.332920,Neutral
2025-08-15 21:00:00,EURNZD,fx,-0.662848,Neutral,-1.335126,-0.876642,Bearish
2025-08-15 21:00:00,EURCAD,fx,0.889571,Neutral,0.446833,0.246189,Neutral
2025-08-15 21:00:00,GBPJPY,fx,1.313337,Bullish,4.682728,1.511533,Very Bullish
2025-08-15 21:00:00,GBPCHF,fx,0.264659,Neutral,3.243298,1.022155,Bullish
2025-08-15 21:00:00,GBPAUD,fx,1.705316,Bullish,3.053004,1.636122,Very Bullish
2025-08-15 21:00:00,GBPNZD,fx,0.805870,Neutral,2.378390,1.285616,Bullish
2025-08-15 21:00:00,GBPCAD,fx,2.039047,Very Bullish,4.160349,1.831140,Very Bullish
2025-08-15 21:00:00,AUDJPY,fx,-0.293837,Neutral,1.629724,0.654245,Neutral
2025-08-15 21:00:00,NZDJPY,fx,0.952068,Bullish,2.304338,0.808824,Bullish
2025-08-15 21:00:00,CADJPY,fx,-0.567364,Neutral,0.522379,0.202081,Neutral
2025-08-15 21:00:00,CHFJPY,fx,1.493280,Bullish,1.439430,0.725519,Bullish
2025-08-15 21:00:00,AUDNZD,fx,-0.878759,Neutral,-0.674614,-0.388155,Neutral
2025-08-15 21:00:00,AUDCAD,fx,0.398691,Neutral,1.107345,0.525556,Neutral
2025-08-15 21:00:00,AUDCHF,fx,-1.419970,Bearish,0.190295,0.072218,Neutral
2025-08-15 21:00:00,NZDCAD,fx,1.366893,Bullish,1.781959,1.102016,Bullish
2025-08-15 21:00:00,NZDCHF,fx,-0.541212,Neutral,0.864908,0.318098,Neutral
2025-08-15 21:00:00,CADCHF,fx,-1.908104,Bearish,-0.917051,-0.390401,Neutral
2025-08-15 21:00:00,DJIA,cross,-1.651776,Neutral,-1.182369,-0.681480,Bearish
2025-08-15 21:00:00,SP500,cross,-1.651776,Neutral,-1.182369,-0.681480,Bearish
2025-08-15 21:00:00,NASDAQ,cross,-1.651776,Neutral,-1.182369,-0.681480,Bearish
2025-08-15 21:00:00,DAX,cross,-0.406074,Neutral,0.641266,0.352926,Neutral
2025-08-15 21:00:00,NIKKEI,cross,0.043198,Neutral,1.443907,0.985602,Bullish
2025-08-15 21:00:00,FTSE100,cross,-0.773710,Neutral,0.177687,0.094716,Neutral
2025-08-15 21:00:00,GOLD,cross,0.523831,Neutral,0.191449,0.108593,Neutral
2025-08-15 21:00:00,SILVER,cross,1.196598,Neutral,0.487467,0.277127,Neutral
2025-08-22 21:00:00,US-DOLLAR,fx,-0.420646,Neutral,0.941978,0.565413,Neutral
2025-08-22 21:00:00,EURUSD,fx,0.786375,Neutral,-0.420372,-0.254309,Neutral
2025-08-22 21:00:00,GBPUSD,fx,1.529716,Bullish,1.882473,0.943123,Bullish
2025-08-22 21:00:00,USDJPY,fx,-0.742989,Neutral,0.861654,0.285410,Neutral
2025-08-22 21:00:00,USDCHF,fx,-1.641099,Bearish,-0.261352,-0.092612,Neutral
2025-08-22 21:00:00,USDCAD,fx,-0.069296,Neutral,0.433529,0.238596,Neutral
2025-08-22 21:00:00,AUDUSD,fx,0.642019,Neutral,0.240140,0.109204,Neutral
2025-08-22 21:00:00,NZDUSD,fx,0.226372,Neutral,-0.195728,-0.126767,Neutral
2025-08-22 21:00:00,EURGBP,fx,-0.511840,Neutral,-2.302845,-1.165997,Bearish
2025-08-22 21:00:00,EURJPY,fx,0.086661,Neutral,0.441282,0.163620,Neutral
2025-08-22 21:00:00,EURCHF,fx,-1.331363,Bearish,-0.681724,-0.273895,Neutral
2025-08-22 21:00:00,EURAUD,fx,0.345909,Neutral,-0.660513,-0.332920,Neutral
2025-08-22 21:00:00,EURNZD,fx,0.083363,Neutral,-0.224644,-0.147501,Neutral
2025-08-22 21:00:00,EURCAD,fx,0.860304,Neutral,0.013157,0.007249,Neutral
2025-08-22 21:00:00,GBPJPY,fx,0.531565,Neutral,2.744127,0.885774,Bullish
2025-08-22 21:00:00,GBPCHF,fx,-0.736161,Neutral,1.621121,0.510911,Neutral
2025-08-22 21:00:00,GBPAUD,fx,0.961280,Bullish,1.642332,0.880135,Bullish
2025-08-22 21:00:00,GBPNZD,fx,0.678566,Neutral,2.078200,1.123352,Bullish
2025-08-22 21:00:00,GBPCAD,fx,1.394612,Bullish,2.316002,1.019367,Bullish
2025-08-22 21:00:00,AUDJPY,fx,-0.324829,Neutral,1.101794,0.442310,Neutral
2025-08-22 21:00:00,NZDJPY,fx,-0.016244,Neutral,0.665926,0.233740,Neutral
2025-08-22 21:00:00,CADJPY,fx,-0.772455,Neutral,0.428125,0.165619,Neutral
2025-08-22 21:00:00,CHFJPY,fx,1.398482,Bullish,1.123006,0.566031,Neutral
2025-08-22 21:00:00,AUDNZD,fx,-0.132548,Neutral,0.435868,0.250787,Neutral
2025-08-22 21:00:00,AUDCAD,fx,0.510473,Neutral,0.673670,0.319729,Neutral
2025-08-22 21:00:00,AUDCHF,fx,-1.547275,Bearish,-0.021211,-0.008050,Neutral
2025-08-22 21:00:00,NZDCAD,fx,0.318675,Neutral,0.237802,0.147063,Neutral
2025-08-22 21:00:00,NZDCHF,fx,-1.414727,Bearish,-0.457079,-0.168106,Neutral
2025-08-22 21:00:00,CADCHF,fx,-1.733401,Bearish,-0.694881,-0.295820,Neutral
2025-08-22 21:00:00,DJIA,cross,-1.681521,Neutral,-1.717810,-0.990092,Bearish
2025-08-22 21:00:00,SP500,cross,-1.681521,Neutral,-1.717810,-0.990092,Bearish
2025-08-22 21:00:00,NASDAQ,cross,-1.681521,Neutral,-1.717810,-0.990092,Bearish
2025-08-22 21:00:00,DAX,cross,-0.077236,Neutral,0.548097,0.301650,Neutral
2025-08-22 21:00:00,NIKKEI,cross,-0.644477,Neutral,0.169983,0.116029,Neutral
2025-08-22 21:00:00,FTSE100,cross,1.528617,Neutral,2.134120,1.137591,Bullish
2025-08-22 21:00:00,GOLD,cross,0.790754,Neutral,0.461404,0.261715,Neutral
2025-08-22 21:00:00,SILVER,cross,1.463520,Neutral,0.757421,0.430597,Neutral
2025-08-29 21:00:00,US-DOLLAR,fx,-0.474277,Neutral,1.501756,0.901414,Bullish
2025-08-29 21:00:00,EURUSD,fx,0.862268,Neutral,-0.768644,-0.465000,Neutral
2025-08-29 21:00:00,GBPUSD,fx,1.740155,Bullish,1.534201,0.768638,Bullish
2025-08-29 21:00:00,USDJPY,fx,-0.709835,Neutral,2.543617,0.842536,Bullish
2025-08-29 21:00:00,USDCHF,fx,-1.527558,Bearish,0.086920,0.030801,Neutral
2025-08-29 21:00:00,USDCAD,fx,0.393627,Neutral,2.210218,1.216411,Bullish
2025-08-29 21:00:00,AUDUSD,fx,1.566515,Bullish,0.991726,0.450990,Neutral
2025-08-29 21:00:00,NZDUSD,fx,-0.237762,Neutral,-0.831461,-0.538511,Neutral
2025-08-29 21:00:00,EURGBP,fx,-0.818511,Neutral,-2.302845,-1.165997,Bearish
2025-08-29 21:00:00,EURJPY,fx,0.095684,Neutral,1.774973,0.658129,Neutral
2025-08-29 21:00:00,EURCHF,fx,-1.331363,Bearish,-0.681724,-0.273895,Neutral
2025-08-29 21:00:00,EURAUD,fx,-0.405843,Neutral,-1.760371,-0.887284,Bearish
2025-08-29 21:00:00,EURNZD,fx,0.433956,Neutral,0.062816,0.041245,Neutral
2025-08-29 21:00:00,EURCAD,fx,1.448143,Bullish,1.441574,0.794256,Bullish
2025-08-29 21:00:00,GBPJPY,fx,0.915506,Bullish,4.077818,1.316274,Bullish
2025-08-29 21:00:00,GBPCHF,fx,-0.736161,Neutral,1.621121,0.510911,Neutral
2025-08-29 21:00:00,GBPAUD,fx,0.528871,Neutral,0.542474,0.290715,Neutral
2025-08-29 21:00:00,GBPNZD,fx,1.029159,Bullish,2.365661,1.278736,Bullish
2025-08-29 21:00:00,GBPCAD,fx,2.343022,Very Bullish,3.744419,1.648072,Very Bullish
2025-08-29 21:00:00,AUDJPY,fx,0.460326,Neutral,3.535344,1.419247,Bullish
2025-08-29 21:00:00,NZDJPY,fx,-0.047582,Neutral,1.712157,0.600968,Neutral
2025-08-29 21:00:00,CADJPY,fx,-1.305172,Bearish,0.333399,0.128975,Neutral
2025-08-29 21:00:00,CHFJPY,fx,1.717738,Bullish,2.456697,1.238255,Bullish
2025-08-29 21:00:00,AUDNZD,fx,0.964256,Bullish,1.823187,1.049014,Bullish
2025-08-29 21:00:00,AUDCAD,fx,1.786457,Bullish,3.201944,1.519670,Very Bullish
2025-08-29 21:00:00,AUDCHF,fx,-0.801064,Neutral,1.078647,0.409354,Neutral
2025-08-29 21:00:00,NZDCAD,fx,1.051180,Bullish,1.378757,0.852664,Bullish
2025-08-29 21:00:00,NZDCHF,fx,-1.765320,Bearish,-0.744540,-0.273829,Neutral
2025-08-29 21:00:00,CADCHF,fx,-2.816500,Very Bearish,-2.123298,-0.903916,Bearish
2025-08-29 21:00:00,DJIA,cross,-0.116997,Neutral,-1.046235,-0.603017,Neutral
2025-08-29 21:00:00,SP500,cross,-0.116997,Neutral,-1.046235,-0.603017,Neutral
2025-08-29 21:00:00,NASDAQ,cross,-0.116997,Neutral,-1.046235,-0.603017,Neutral
2025-08-29 21:00:00,DAX,cross,1.071896,Neutral,0.668967,0.368171,Neutral
2025-08-29 21:00:00,NIKKEI,cross,1.261071,Neutral,0.497910,0.339870,Neutral
2025-08-29 21:00:00,FTSE100,cross,2.333253,Bullish,2.253763,1.201366,Bullish
2025-08-29 21:00:00,GOLD,cross,0.850013,Neutral,0.157703,0.089451,Neutral
2025-08-29 21:00:00,SILVER,cross,1.522779,Neutral,0.453720,0.257942,Neutral
2025-09-05 21:00:00,US-DOLLAR,fx,-0.290864,Neutral,1.244688,0.747111,Bullish
2025-09-05 21:00:00,EURUSD,fx,0.131778,Neutral,-1.684084,-1.018805,Bearish
2025-09-05 21:00:00,GBPUSD,fx,1.858559,Bullish,1.791269,0.897429,Bullish
2025-09-05 21:00:00,USDJPY,fx,-1.661279,Bearish,0.749534,0.248272,Neutral
2025-09-05 21:00:00,USDCHF,fx,1.068974,Bullish,3.321352,1.176950,Bullish
2025-09-05 21:00:00,USDCAD,fx,0.510896,Neutral,1.953150,1.074931,Bullish
2025-09-05 21:00:00,AUDUSD,fx,1.332841,Bullish,1.037289,0.471709,Neutral
2025-09-05 21:00:00,NZDUSD,fx,-0.249628,Neutral,-0.785898,-0.509001,Neutral
2025-09-05 21:00:00,EURGBP,fx,-1.601755,Bearish,-3.475353,-1.759673,Very Bearish
2025-09-05 21:00:00,EURJPY,fx,-1.496790,Bearish,-0.934550,-0.346515,Neutral
2025-09-05 21:00:00,EURCHF,fx,0.669183,Neutral,1.637267,0.657801,Neutral
2025-09-05 21:00:00,EURAUD,fx,-0.980371,Bearish,-2.721373,-1.371660,Bearish
2025-09-05 21:00:00,EURNZD,fx,-0.150162,Neutral,-0.898186,-0.589748,Neutral
2025-09-05 21:00:00,EURCAD,fx,0.886382,Neutral,0.269065,0.148245,Neutral
2025-09-05 21:00:00,GBPJPY,fx,0.079912,Neutral,2.540803,0.820143,Bullish
2025-09-05 21:00:00,GBPCHF,fx,1.975809,Very Bullish,5.112621,1.611289,Very Bullish
2025-09-05 21:00:00,GBPAUD,fx,0.643180,Neutral,0.753980,0.404062,Neutral
2025-09-05 21:00:00,GBPNZD,fx,1.156463,Bullish,2.577167,1.393063,Bullish
2025-09-05 21:00:00,GBPCAD,fx,2.457174,Very Bullish,3.744419,1.648072,Very Bullish
2025-09-05 21:00:00,AUDJPY,fx,-0.454019,Neutral,1.786823,0.717312,Bullish
2025-09-05 21:00:00,NZDJPY,fx,-1.367065,Bearish,-0.036364,-0.012764,Neutral
2025-09-05 21:00:00,CADJPY,fx,-2.314852,Very Bearish,-1.203616,-0.465615,Neutral
2025-09-05 21:00:00,CHFJPY,fx,-2.186411,Very Bearish,-2.571818,-1.296279,Bearish
2025-09-05 21:00:00,AUDNZD,fx,0.964256,Bullish,1.823187,1.049014,Bullish
2025-09-05 21:00:00,AUDCAD,fx,1.914582,Bullish,2.990439,1.419287,Bullish
2025-09-05 21:00:00,AUDCHF,fx,1.783601,Bullish,4.358641,1.654133,Very Bullish
2025-09-05 21:00:00,NZDCAD,fx,0.923876,Bullish,1.167251,0.721862,Bullish
2025-09-05 21:00:00,NZDCHF,fx,0.819345,Neutral,2.535453,0.932495,Bullish
2025-09-05 21:00:00,CADCHF,fx,-0.104531,Neutral,1.368202,0.582461,Neutral
2025-09-05 21:00:00,DJIA,cross,-0.165956,Neutral,-1.095922,-0.631655,Neutral
2025-09-05 21:00:00,SP500,cross,-0.165956,Neutral,-1.095922,-0.631655,Neutral
2025-09-05 21:00:00,NASDAQ,cross,-0.165956,Neutral,-1.095922,-0.631655,Neutral
2025-09-05 21:00:00,DAX,cross,-2.191657,Bearish,-1.502246,-0.826773,Bearish
2025-09-05 21:00:00,NIKKEI,cross,3.271519,Bullish,2.879637,1.965623,Very Bullish
2025-09-05 21:00:00,FTSE100,cross,2.326815,Bullish,2.232909,1.190250,Bullish
2025-09-05 21:00:00,GOLD,cross,0.707479,Neutral,0.506005,0.287013,Neutral
2025-09-05 21:00:00,SILVER,cross,1.380246,Neutral,0.802022,0.455953,Neutral
2025-09-12 21:00:00,US-DOLLAR,fx,-1.099066,Bearish,0.346040,0.207707,Neutral
2025-09-12 21:00:00,EURUSD,fx,0.501204,Neutral,-0.785437,-0.475158,Neutral
2025-09-12 21:00:00,GBPUSD,fx,1.680143,Bullish,1.817960,0.910802,Bullish
2025-09-12 21:00:00,USDJPY,fx,-1.878848,Bearish,0.062392,0.020667,Neutral
2025-09-12 21:00:00,USDCHF,fx,0.478723,Neutral,2.211198,0.783557,Bullish
2025-09-12 21:00:00,USDCAD,fx,0.310060,Neutral,0.842996,0.463949,Neutral
2025-09-12 21:00:00,AUDUSD,fx,1.683896,Bullish,1.724431,0.784189,Bullish
2025-09-12 21:00:00,NZDUSD,fx,0.340623,Neutral,0.324255,0.210010,Neutral
2025-09-12 21:00:00,EURGBP,fx,-0.979289,Bearish,-2.603397,-1.318176,Bearish
2025-09-12 21:00:00,EURJPY,fx,-1.481136,Bearish,-0.723044,-0.268092,Neutral
2025-09-12 21:00:00,EURCHF,fx,0.541879,Neutral,1.425761,0.572825,Neutral
2025-09-12 21:00:00,EURAUD,fx,-1.028091,Bearish,-2.509867,-1.265054,Bearish
2025-09-12 21:00:00,EURNZD,fx,-0.277467,Neutral,-1.109692,-0.728623,Bearish
2025-09-12 21:00:00,EURCAD,fx,0.906393,Bullish,0.057559,0.031713,Neutral
2025-09-12 21:00:00,GBPJPY,fx,-0.499891,Neutral,1.880352,0.606957,Neutral
2025-09-12 21:00:00,GBPCHF,fx,1.338883,Bullish,4.029158,1.269826,Bullish
2025-09-12 21:00:00,GBPAUD,fx,-0.012774,Neutral,0.093529,0.050123,Neutral
2025-09-12 21:00:00,GBPNZD,fx,0.519537,Neutral,1.493705,0.807408,Bullish
2025-09-12 21:00:00,GBPCAD,fx,1.962654,Very Bullish,2.660956,1.171195,Bullish
2025-09-12 21:00:00,AUDJPY,fx,-0.412618,Neutral,1.786823,0.717312,Bullish
2025-09-12 21:00:00,NZDJPY,fx,-1.112457,Bearish,0.386648,0.135713,Neutral
2025-09-12 21:00:00,CADJPY,fx,-2.357613,Very Bearish,-0.780604,-0.301974,Neutral
2025-09-12 21:00:00,CHFJPY,fx,-1.931802,Very Bearish,-2.148806,-1.083067,Bearish
2025-09-12 21:00:00,AUDNZD,fx,0.709648,Neutral,1.400175,0.805624,Bullish
2025-09-12 21:00:00,AUDCAD,fx,1.835908,Bullish,2.567427,1.218522,Bullish
2025-09-12 21:00:00,AUDCHF,fx,1.528993,Bullish,3.935629,1.493597,Bullish
2025-09-12 21:00:00,NZDCAD,fx,0.923876,Bullish,1.167251,0.721862,Bullish
2025-09-12 21:00:00,NZDCHF,fx,0.819345,Neutral,2.535453,0.932495,Bullish
2025-09-12 21:00:00,CADCHF,fx,-0.104531,Neutral,1.368202,0.582461,Neutral
2025-09-12 21:00:00,DJIA,cross,0.536412,Neutral,-0.452689,-0.260916,Neutral
2025-09-12 21:00:00,SP500,cross,0.536412,Neutral,-0.452689,-0.260916,Neutral
2025-09-12 21:00:00,NASDAQ,cross,0.536412,Neutral,-0.452689,-0.260916,Neutral
2025-09-12 21:00:00,DAX,cross,-1.905118,Bearish,-1.228224,-0.675963,Bearish
2025-09-12 21:00:00,NIKKEI,cross,3.405274,Bullish,3.160944,2.157641,Very Bullish
2025-09-12 21:00:00,FTSE100,cross,1.538286,Neutral,1.482902,0.790460,Bullish
2025-09-12 21:00:00,GOLD,cross,2.476258,Bullish,1.883391,1.068287,Bullish
2025-09-12 21:00:00,SILVER,cross,3.485407,Bullish,2.327417,1.323148,Bullish
2025-09-19 21:00:00,US-DOLLAR,fx,0.114721,Neutral,1.893277,1.136421,Bullish
2025-09-19 21:00:00,EURUSD,fx,0.315482,Neutral,-2.088415,-1.263409,Bearish
2025-09-19 21:00:00,GBPUSD,fx,0.877180,Neutral,-0.243172,-0.121830,Neutral
2025-09-19 21:00:00,USDJPY,fx,-1.399081,Bearish,1.735088,0.574723,Neutral
2025-09-19 21:00:00,USDCHF,fx,1.113523,Bullish,3.725682,1.320228,Bullish
2025-09-19 21:00:00,USDCAD,fx,0.935963,Bullish,2.488491,1.369560,Bullish
2025-09-19 21:00:00,AUDUSD,fx,0.877764,Neutral,-0.424571,-0.193075,Neutral
2025-09-19 21:00:00,NZDUSD,fx,-0.899379,Bearish,-1.900701,-1.231024,Bearish
2025-09-19 21:00:00,EURGBP,fx,-0.303518,Neutral,-1.845242,-0.934300,Bearish
2025-09-19 21:00:00,EURJPY,fx,-1.060696,Bearish,-0.353326,-0.131007,Neutral
2025-09-19 21:00:00,EURCHF,fx,0.669183,Neutral,1.637267,0.657801,Neutral
2025-09-19 21:00:00,EURAUD,fx,-0.306581,Neutral,-1.663844,-0.838631,Bearish
2025-09-19 21:00:00,EURNZD,fx,0.455039,Neutral,-0.187713,-0.123252,Neutral
2025-09-19 21:00:00,EURCAD,fx,1.352541,Bullish,0.400076,0.220428,Neutral
2025-09-19 21:00:00,GBPJPY,fx,-0.750229,Neutral,1.491916,0.481574,Neutral
2025-09-19 21:00:00,GBPCHF,fx,1.073954,Bullish,3.482510,1.097545,Bullish
2025-09-19 21:00:00,GBPAUD,fx,-0.017712,Neutral,0.181399,0.097213,Neutral
2025-09-19 21:00:00,GBPNZD,fx,0.859810,Neutral,1.657529,0.895962,Bullish
2025-09-19 21:00:00,GBPCAD,fx,1.827106,Bullish,2.245319,0.988256,Bullish
2025-09-19 21:00:00,AUDJPY,fx,-0.765286,Neutral,1.310517,0.526101,Neutral
2025-09-19 21:00:00,NZDJPY,fx,-1.670260,Bearish,-0.165613,-0.058130,Neutral
2025-09-19 21:00:00,CADJPY,fx,-2.495397,Very Bearish,-0.753403,-0.291452,Neutral
2025-09-19 21:00:00,CHFJPY,fx,-1.884404,Bearish,-1.990594,-1.003323,Bearish
2025-09-19 21:00:00,AUDNZD,fx,0.932936,Bullish,1.476130,0.849327,Bullish
2025-09-19 21:00:00,AUDCAD,fx,1.629614,Bullish,2.063920,0.979554,Bullish
2025-09-19 21:00:00,AUDCHF,fx,1.147080,Bullish,3.301111,1.252794,Bullish
2025-09-19 21:00:00,NZDCAD,fx,0.318675,Neutral,0.587790,0.363506,Neutral
2025-09-19 21:00:00,NZDCHF,fx,0.214144,Neutral,1.824981,0.671196,Neutral
2025-09-19 21:00:00,CADCHF,fx,-0.104531,Neutral,1.237191,0.526688,Neutral
2025-09-19 21:00:00,DJIA,cross,0.399399,Neutral,0.992951,0.572306,Neutral
2025-09-19 21:00:00,SP500,cross,0.399399,Neutral,0.992951,0.572306,Neutral
2025-09-19 21:00:00,NASDAQ,cross,0.399399,Neutral,0.992951,0.572306,Neutral
2025-09-19 21:00:00,DAX,cross,-3.287451,Bearish,-1.383283,-0.761300,Bearish
2025-09-19 21:00:00,NIKKEI,cross,2.800634,Bullish,3.410523,2.328002,Very Bullish
2025-09-19 21:00:00,FTSE100,cross,-0.290201,Neutral,0.553799,0.295202,Neutral
2025-09-19 21:00:00,GOLD,cross,0.054224,Neutral,-0.088573,-0.050240,Neutral
2025-09-19 21:00:00,SILVER,cross,1.063373,Neutral,0.355452,0.202076,Neutral
2025-09-26 21:00:00,US-DOLLAR,fx,0.712388,Neutral,2.218768,1.331793,Bullish
2025-09-26 21:00:00,EURUSD,fx,0.038013,Neutral,-2.202400,-1.332365,Bearish
2025-09-26 21:00:00,GBPUSD,fx,0.383576,Neutral,-0.568663,-0.284901,Neutral
2025-09-26 21:00:00,USDJPY,fx,-1.042174,Bearish,2.272085,0.752595,Bullish
2025-09-26 21:00:00,USDCHF,fx,1.487605,Bullish,4.474185,1.585466,Very Bullish
2025-09-26 21:00:00,USDCAD,fx,0.414378,Neutral,0.999280,0.549961,Neutral
2025-09-26 21:00:00,AUDUSD,fx,0.266103,Neutral,-1.412799,-0.642473,Neutral
2025-09-26 21:00:00,NZDUSD,fx,-1.018853,Bearish,-2.226192,-1.441834,Bearish
2025-09-26 21:00:00,EURGBP,fx,-0.132047,Neutral,-1.633737,-0.827208,Bearish
2025-09-26 21:00:00,EURJPY,fx,-0.827464,Neutral,0.069685,0.025838,Neutral
2025-09-26 21:00:00,EURCHF,fx,1.051096,Bullish,2.271785,0.912730,Bullish
2025-09-26 21:00:00,EURAUD,fx,-0.067815,Neutral,-0.789601,-0.397984,Neutral
2025-09-26 21:00:00,EURNZD,fx,0.582343,Neutral,0.023792,0.015622,Neutral
2025-09-26 21:00:00,EURCAD,fx,0.433303,Neutral,-1.203120,-0.662876,Neutral
2025-09-26 21:00:00,GBPJPY,fx,-0.657441,Neutral,1.703422,0.549846,Neutral
2025-09-26 21:00:00,GBPCHF,fx,1.328562,Bullish,3.905522,1.230861,Bullish
2025-09-26 21:00:00,GBPAUD,fx,0.011534,Neutral,0.844136,0.452377,Neutral
2025-09-26 21:00:00,GBPNZD,fx,0.859810,Neutral,1.657529,0.895962,Bullish
2025-09-26 21:00:00,GBPCAD,fx,0.735088,Neutral,0.430617,0.189532,Neutral
2025-09-26 21:00:00,AUDJPY,fx,-0.728146,Neutral,0.859286,0.344956,Neutral
2025-09-26 21:00:00,NZDJPY,fx,-1.542955,Bearish,0.045893,0.016108,Neutral
2025-09-26 21:00:00,CADJPY,fx,-1.344709,Bearish,1.272805,0.492381,Neutral
2025-09-26 21:00:00,CHFJPY,fx,-2.011708,Very Bearish,-2.202100,-1.109929,Bearish
2025-09-26 21:00:00,AUDNZD,fx,0.477897,Neutral,0.813393,0.468005,Neutral
2025-09-26 21:00:00,AUDCAD,fx,0.445422,Neutral,-0.413519,-0.196260,Neutral
2025-09-26 21:00:00,AUDCHF,fx,0.946650,Bullish,3.061386,1.161816,Bullish
2025-09-26 21:00:00,NZDCAD,fx,-1.067618,Bearish,-1.226912,-0.758758,Bearish
2025-09-26 21:00:00,NZDCHF,fx,0.468752,Neutral,2.247993,0.826772,Bullish
2025-09-26 21:00:00,CADCHF,fx,1.536371,Bullish,3.474905,1.479312,Bullish
2025-09-26 21:00:00,DJIA,cross,-0.062169,Neutral,0.993839,0.572818,Neutral
2025-09-26 21:00:00,SP500,cross,-0.062169,Neutral,0.993839,0.572818,Neutral
2025-09-26 21:00:00,NASDAQ,cross,-0.062169,Neutral,0.993839,0.572818,Neutral
2025-09-26 21:00:00,DAX,cross,-3.819618,Very Bearish,-1.704391,-0.938025,Bearish
2025-09-26 21:00:00,NIKKEI,cross,2.258582,Bullish,2.907410,1.984580,Very Bullish
2025-09-26 21:00:00,FTSE100,cross,-0.768883,Neutral,0.171805,0.091581,Neutral
2025-09-26 21:00:00,GOLD,cross,-1.453893,Neutral,-0.759228,-0.430645,Neutral
2025-09-26 21:00:00,SILVER,cross,-0.444744,Neutral,-0.315202,-0.179194,Neutral
2025-10-03 21:00:00,US-DOLLAR,fx,0.348837,Neutral,1.545005,0.927374,Bullish
2025-10-03 21:00:00,EURUSD,fx,-1.012785,Bearish,-3.497439,-2.115813,Very Bearish
2025-10-03 21:00:00,GBPUSD,fx,0.065275,Neutral,-0.555351,-0.278232,Neutral
2025-10-03 21:00:00,USDJPY,fx,0.109402,Neutral,3.436169,1.138181,Bullish
2025-10-03 21:00:00,USDCHF,fx,0.053332,Neutral,2.202584,0.780505,Bullish
2025-10-03 21:00:00,USDCAD,fx,0.295370,Neutral,0.325517,0.179151,Neutral
2025-10-03 21:00:00,AUDUSD,fx,0.434563,Neutral,-0.527530,-0.239895,Neutral
2025-10-03 21:00:00,NZDUSD,fx,-0.785838,Neutral,-1.552429,-1.005459,Bearish
2025-10-03 21:00:00,EURGBP,fx,-0.958807,Bearish,-2.942088,-1.489665,Bearish
2025-10-03 21:00:00,EURJPY,fx,-0.885173,Neutral,-0.061270,-0.022718,Neutral
2025-10-03 21:00:00,EURCHF,fx,-1.548375,Bearish,-1.294855,-0.520231,Neutral
2025-10-03 21:00:00,EURAUD,fx,-1.339158,Bearish,-2.969909,-1.496930,Bearish
2025-10-03 21:00:00,EURNZD,fx,-0.815869,Neutral,-1.945010,-1.277091,Bearish
2025-10-03 21:00:00,EURCAD,fx,-0.771568,Neutral,-3.171922,-1.747615,Very Bearish
2025-10-03 21:00:00,GBPJPY,fx,0.074098,Neutral,2.880819,0.929896,Bullish
2025-10-03 21:00:00,GBPCHF,fx,-0.255014,Neutral,1.647233,0.519141,Neutral
2025-10-03 21:00:00,GBPAUD,fx,-0.469064,Neutral,-0.027821,-0.014909,Neutral
2025-10-03 21:00:00,GBPNZD,fx,0.477492,Neutral,0.997078,0.538961,Neutral
2025-10-03 21:00:00,GBPCAD,fx,0.327445,Neutral,-0.229834,-0.101159,Neutral
2025-10-03 21:00:00,AUDJPY,fx,0.551656,Neutral,2.908640,1.167659,Bullish
2025-10-03 21:00:00,NZDJPY,fx,-0.080687,Neutral,1.883740,0.661193,Neutral
2025-10-03 21:00:00,CADJPY,fx,-0.238725,Neutral,3.110653,1.203347,Bullish
2025-10-03 21:00:00,CHFJPY,fx,0.651818,Neutral,1.233586,0.621767,Neutral
2025-10-03 21:00:00,AUDNZD,fx,0.605201,Neutral,1.024899,0.589700,Neutral
2025-10-03 21:00:00,AUDCAD,fx,0.519195,Neutral,-0.202013,-0.095877,Neutral
2025-10-03 21:00:00,AUDCHF,fx,-0.127304,Neutral,1.675054,0.635694,Neutral
2025-10-03 21:00:00,NZDCAD,fx,-1.067618,Bearish,-1.226912,-0.758758,Bearish
2025-10-03 21:00:00,NZDCHF,fx,-0.732506,Neutral,0.650154,0.239115,Neutral
2025-10-03 21:00:00,CADCHF,fx,0.335113,Neutral,1.877067,0.799092,Bullish
2025-10-03 21:00:00,DJIA,cross,-0.015707,Neutral,0.075992,0.043800,Neutral
2025-10-03 21:00:00,SP500,cross,-0.015707,Neutral,0.075992,0.043800,Neutral
2025-10-03 21:00:00,NASDAQ,cross,-0.015707,Neutral,0.075992,0.043800,Neutral
2025-10-03 21:00:00,DAX,cross,-1.961234,Bearish,-1.080604,-0.594719,Neutral
2025-10-03 21:00:00,NIKKEI,cross,-0.258202,Neutral,0.000000,0.000000,Neutral
2025-10-03 21:00:00,FTSE100,cross,-1.005997,Neutral,-0.777597,-0.414497,Neutral
2025-10-03 21:00:00,GOLD,cross,-1.090128,Neutral,-0.119508,-0.067787,Neutral
2025-10-03 21:00:00,SILVER,cross,0.255404,Neutral,0.472526,0.268633,Neutral
2025-10-10 21:00:00,US-DOLLAR,fx,0.258248,Neutral,1.113394,0.668304,Neutral
2025-10-10 21:00:00,EURUSD,fx,-0.782455,Neutral,-2.334522,-1.412294,Bearish
2025-10-10 21:00:00,GBPUSD,fx,0.044745,Neutral,-0.090988,-0.045585,Neutral
2025-10-10 21:00:00,USDJPY,fx,1.075151,Bullish,4.350610,1.441076,Bullish
2025-10-10 21:00:00,USDCHF,fx,0.569426,Neutral,2.253938,0.798702,Bullish
2025-10-10 21:00:00,USDCAD,fx,-0.488202,Neutral,-0.856363,-0.471306,Neutral
2025-10-10 21:00:00,AUDUSD,fx,0.225582,Neutral,-0.274673,-0.124908,Neutral
2025-10-10 21:00:00,NZDUSD,fx,-0.252537,Neutral,-0.715571,-0.463453,Neutral
2025-10-10 21:00:00,EURGBP,fx,-0.836911,Neutral,-2.243534,-1.135967,Bearish
2025-10-10 21:00:00,EURJPY,fx,0.363459,Neutral,2.016087,0.747529,Bullish
2025-10-10 21:00:00,EURCHF,fx,-0.402995,Neutral,-0.080585,-0.032376,Neutral
2025-10-10 21:00:00,EURAUD,fx,-0.886220,Neutral,-2.059850,-1.038231,Bearish
2025-10-10 21:00:00,EURNZD,fx,-0.719884,Neutral,-1.618952,-1.063002,Bearish
2025-10-10 21:00:00,EURCAD,fx,-1.268530,Bearish,-3.190885,-1.758064,Very Bearish
2025-10-10 21:00:00,GBPJPY,fx,1.155405,Bullish,4.259621,1.374959,Bullish
2025-10-10 21:00:00,GBPCHF,fx,0.412468,Neutral,2.162950,0.681673,Neutral
2025-10-10 21:00:00,GBPAUD,fx,-0.199238,Neutral,0.183685,0.098438,Neutral
2025-10-10 21:00:00,GBPNZD,fx,0.095579,Neutral,0.624583,0.337612,Neutral
2025-10-10 21:00:00,GBPCAD,fx,-0.432724,Neutral,-0.947351,-0.416968,Neutral
2025-10-10 21:00:00,AUDJPY,fx,1.218189,Bullish,4.075937,1.636265,Very Bullish
2025-10-10 21:00:00,NZDJPY,fx,1.446006,Bullish,3.635039,1.275900,Bullish
2025-10-10 21:00:00,CADJPY,fx,1.466227,Bullish,5.206972,2.014303,Very Bullish
2025-10-10 21:00:00,CHFJPY,fx,1.129117,Bullish,2.096672,1.056790,Bullish
2025-10-10 21:00:00,AUDNZD,fx,0.095985,Neutral,0.440898,0.253681,Neutral
2025-10-10 21:00:00,AUDCAD,fx,-0.393372,Neutral,-1.131036,-0.536799,Neutral
2025-10-10 21:00:00,AUDCHF,fx,0.412874,Neutral,1.979265,0.751144,Bullish
2025-10-10 21:00:00,NZDCAD,fx,-1.353188,Bearish,-1.571934,-0.972130,Bearish
2025-10-10 21:00:00,NZDCHF,fx,0.316889,Neutral,1.538367,0.565784,Neutral
2025-10-10 21:00:00,CADCHF,fx,1.670077,Bullish,3.110301,1.324096,Bullish
2025-10-10 21:00:00,DJIA,cross,-0.413514,Neutral,-0.473647,-0.272995,Neutral
2025-10-10 21:00:00,SP500,cross,-0.413514,Neutral,-0.473647,-0.272995,Neutral
2025-10-10 21:00:00,NASDAQ,cross,-0.413514,Neutral,-0.473647,-0.272995,Neutral
2025-10-10 21:00:00,DAX,cross,-0.147316,Neutral,-0.056044,-0.030844,Neutral
2025-10-10 21:00:00,NIKKEI,cross,-3.621982,Bearish,-2.393530,-1.633809,Very Bearish
2025-10-10 21:00:00,FTSE100,cross,-0.878307,Neutral,-0.713116,-0.380126,Neutral
2025-10-10 21:00:00,GOLD,cross,-0.893662,Neutral,0.620594,0.352010,Neutral
2025-10-10 21:00:00,SILVER,cross,0.451871,Neutral,1.212628,0.689385,Bullish
2025-10-17 21:00:00,US-DOLLAR,fx,0.043150,Neutral,1.324900,0.795258,Bullish
2025-10-17 21:00:00,EURUSD,fx,-0.404757,Neutral,-1.700005,-1.028436,Bearish
2025-10-17 21:00:00,GBPUSD,fx,-0.035507,Neutral,0.027731,0.013893,Neutral
2025-10-17 21:00:00,USDJPY,fx,0.752044,Neutral,4.139104,1.371018,Bullish
2025-10-17 21:00:00,USDCHF,fx,0.442122,Neutral,2.042432,0.723753,Bullish
2025-10-17 21:00:00,USDCAD,fx,-0.831865,Neutral,-0.856363,-0.471306,Neutral
2025-10-17 21:00:00,AUDUSD,fx,-0.188015,Neutral,-1.235646,-0.561913,Neutral
2025-10-17 21:00:00,NZDUSD,fx,-0.252537,Neutral,-0.715571,-0.463453,Neutral
2025-10-17 21:00:00,EURGBP,fx,-0.384812,Neutral,-1.727736,-0.874803,Bearish
2025-10-17 21:00:00,EURJPY,fx,0.302491,Neutral,2.439099,0.904375,Bullish
2025-10-17 21:00:00,EURCHF,fx,-0.148387,Neutral,0.342427,0.137576,Neutral
2025-10-17 21:00:00,EURAUD,fx,-0.165560,Neutral,-0.464359,-0.234052,Neutral
2025-10-17 21:00:00,EURNZD,fx,-0.337972,Neutral,-0.984434,-0.646378,Neutral
2025-10-17 21:00:00,EURCAD,fx,-1.200832,Bearish,-2.556368,-1.408467,Bearish
2025-10-17 21:00:00,GBPJPY,fx,0.656344,Neutral,4.166835,1.345008,Bullish
2025-10-17 21:00:00,GBPCHF,fx,0.349019,Neutral,2.070163,0.652431,Neutral
2025-10-17 21:00:00,GBPAUD,fx,0.130224,Neutral,1.263377,0.677051,Neutral
2025-10-17 21:00:00,GBPNZD,fx,0.159434,Neutral,0.743302,0.401785,Neutral
2025-10-17 21:00:00,GBPCAD,fx,-0.843242,Neutral,-0.828631,-0.364715,Neutral
2025-10-17 21:00:00,AUDJPY,fx,0.467587,Neutral,2.903458,1.165579,Bullish
2025-10-17 21:00:00,NZDJPY,fx,1.318702,Bullish,3.423533,1.201661,Bullish
2025-10-17 21:00:00,CADJPY,fx,1.471157,Bullish,4.995466,1.932482,Very Bullish
2025-10-17 21:00:00,CHFJPY,fx,1.129117,Bullish,2.096672,1.056790,Bullish
2025-10-17 21:00:00,AUDNZD,fx,-0.433873,Neutral,-0.520075,-0.299238,Neutral
2025-10-17 21:00:00,AUDCAD,fx,-1.087580,Bearish,-2.092009,-0.992885,Bearish
2025-10-17 21:00:00,AUDCHF,fx,-0.244288,Neutral,0.806786,0.306181,Neutral
2025-10-17 21:00:00,NZDCAD,fx,-1.353188,Bearish,-1.571934,-0.972130,Bearish
2025-10-17 21:00:00,NZDCHF,fx,0.189585,Neutral,1.326861,0.487996,Neutral
2025-10-17 21:00:00,CADCHF,fx,1.542772,Bullish,2.898795,1.234055,Bullish
2025-10-17 21:00:00,DJIA,cross,-0.002257,Neutral,-0.270738,-0.156045,Neutral
2025-10-17 21:00:00,SP500,cross,-0.002257,Neutral,-0.270738,-0.156045,Neutral
2025-10-17 21:00:00,NASDAQ,cross,-0.002257,Neutral,-0.270738,-0.156045,Neutral
2025-10-17 21:00:00,DAX,cross,0.456826,Neutral,0.073945,0.040696,Neutral
2025-10-17 21:00:00,NIKKEI,cross,-3.389676,Bearish,-2.393530,-1.633809,Very Bearish
2025-10-17 21:00:00,FTSE100,cross,0.309220,Neutral,0.020531,0.010944,Neutral
2025-10-17 21:00:00,GOLD,cross,0.223281,Neutral,1.145135,0.649537,Neutral
2025-10-17 21:00:00,SILVER,cross,1.232430,Neutral,1.589160,0.903445,Bullish
2025-10-24 21:00:00,US-DOLLAR,fx,-0.672682,Neutral,0.563019,0.337947,Neutral
2025-10-24 21:00:00,EURUSD,fx,-0.071408,Neutral,-1.149629,-0.695480,Neutral
2025-10-24 21:00:00,GBPUSD,fx,-0.473034,Neutral,-0.502339,-0.251673,Neutral
2025-10-24 21:00:00,USDJPY,fx,0.528697,Neutral,3.800234,1.258772,Bullish
2025-10-24 21:00:00,USDCHF,fx,0.347325,Neutral,1.915068,0.678621,Neutral
2025-10-24 21:00:00,USDCAD,fx,-1.834998,Bearish,-2.517588,-1.385574,Bearish
2025-10-24 21:00:00,AUDUSD,fx,-0.025034,Neutral,-0.685271,-0.311628,Neutral
2025-10-24 21:00:00,NZDUSD,fx,0.533626,Neutral,0.430293,0.278687,Neutral
2025-10-24 21:00:00,EURGBP,fx,0.514929,Neutral,-0.647290,-0.327742,Neutral
2025-10-24 21:00:00,EURJPY,fx,0.304426,Neutral,2.650605,0.982797,Bullish
2025-10-24 21:00:00,EURCHF,fx,0.106221,Neutral,0.765439,0.307529,Neutral
2025-10-24 21:00:00,EURAUD,fx,0.020792,Neutral,-0.464359,-0.234052,Neutral
2025-10-24 21:00:00,EURNZD,fx,-0.774729,Neutral,-1.579922,-1.037375,Bearish
2025-10-24 21:00:00,EURCAD,fx,-1.911702,Bearish,-3.667217,-2.020505,Very Bearish
2025-10-24 21:00:00,GBPJPY,fx,-0.087379,Neutral,3.297895,1.064524,Bullish
2025-10-24 21:00:00,GBPCHF,fx,-0.078729,Neutral,1.412729,0.445235,Neutral
2025-10-24 21:00:00,GBPAUD,fx,-0.509268,Neutral,0.182931,0.098034,Neutral
2025-10-24 21:00:00,GBPNZD,fx,-0.959679,Bearish,-0.932632,-0.504125,Neutral
2025-10-24 21:00:00,GBPCAD,fx,-2.327302,Very Bearish,-3.019927,-1.329193,Bearish
2025-10-24 21:00:00,AUDJPY,fx,0.436894,Neutral,3.114963,1.250487,Bullish
2025-10-24 21:00:00,NZDJPY,fx,1.882763,Bullish,4.230527,1.484916,Bullish
2025-10-24 21:00:00,CADJPY,fx,2.316432,Very Bullish,6.317822,2.444032,Very Bullish
2025-10-24 21:00:00,CHFJPY,fx,1.001813,Bullish,1.885166,0.950184,Bullish
2025-10-24 21:00:00,AUDNZD,fx,-0.870630,Neutral,-1.115564,-0.641866,Neutral
2025-10-24 21:00:00,AUDCAD,fx,-1.902776,Bearish,-3.202859,-1.520104,Very Bearish
2025-10-24 21:00:00,AUDCHF,fx,0.010320,Neutral,1.229798,0.466716,Neutral
2025-10-24 21:00:00,NZDCAD,fx,-1.789945,Bearish,-2.087295,-1.290844,Bearish
2025-10-24 21:00:00,NZDCHF,fx,0.880951,Neutral,2.345361,0.862582,Bullish
2025-10-24 21:00:00,CADCHF,fx,2.670896,Very Bullish,4.432656,1.887040,Very Bullish
2025-10-24 21:00:00,DJIA,cross,0.256536,Neutral,0.456352,0.263027,Neutral
2025-10-24 21:00:00,SP500,cross,0.256536,Neutral,0.456352,0.263027,Neutral
2025-10-24 21:00:00,NASDAQ,cross,0.256536,Neutral,0.456352,0.263027,Neutral
2025-10-24 21:00:00,DAX,cross,-0.211471,Neutral,0.077435,0.042617,Neutral
2025-10-24 21:00:00,NIKKEI,cross,-3.989430,Very Bearish,-2.393530,-1.633809,Very Bearish
2025-10-24 21:00:00,FTSE100,cross,2.643897,Bullish,2.520892,1.343759,Bullish
2025-10-24 21:00:00,GOLD,cross,2.881763,Bullish,2.251503,1.277086,Bullish
2025-10-24 21:00:00,SILVER,cross,2.881763,Bullish,2.251503,1.279990,Bullish
2025-10-31 21:00:00,US-DOLLAR,fx,-1.150405,Bearish,-0.291329,-0.174867,Neutral
2025-10-31 21:00:00,EURUSD,fx,1.175637,Bullish,1.657404,1.002664,Bullish
2025-10-31 21:00:00,GBPUSD,fx,-0.483465,Neutral,0.596268,0.298731,Neutral
2025-10-31 21:00:00,USDJPY,fx,-0.865691,Neutral,-0.468767,-0.155272,Neutral
2025-10-31 21:00:00,USDCHF,fx,-0.307094,Neutral,0.604955,0.214371,Neutral
2025-10-31 21:00:00,USDCAD,fx,-1.031629,Bearish,-1.659818,-0.913493,Bearish
2025-10-31 21:00:00,AUDUSD,fx,1.096476,Bullish,1.710591,0.777895,Bullish
2025-10-31 21:00:00,NZDUSD,fx,1.060741,Bullish,1.528900,0.990220,Bullish
2025-10-31 21:00:00,EURGBP,fx,1.812138,Bullish,1.061136,0.537284,Neutral
2025-10-31 21:00:00,EURJPY,fx,0.248318,Neutral,1.188637,0.440726,Neutral
2025-10-31 21:00:00,EURCHF,fx,1.145379,Bullish,2.262359,0.908943,Bullish
2025-10-31 21:00:00,EURAUD,fx,0.159699,Neutral,-0.053187,-0.026808,Neutral
2025-10-31 21:00:00,EURNZD,fx,0.391733,Neutral,0.128504,0.084376,Neutral
2025-10-31 21:00:00,EURCAD,fx,0.118153,Neutral,-0.002414,-0.001330,Neutral
2025-10-31 21:00:00,GBPJPY,fx,-1.443460,Bearish,0.127501,0.041156,Neutral
2025-10-31 21:00:00,GBPCHF,fx,-0.206033,Neutral,1.201223,0.378577,Neutral
2025-10-31 21:00:00,GBPAUD,fx,-1.737122,Bearish,-1.114323,-0.597172,Neutral
2025-10-31 21:00:00,GBPNZD,fx,-0.959679,Bearish,-0.932632,-0.504125,Neutral
2025-10-31 21:00:00,GBPCAD,fx,-1.446415,Bearish,-1.063550,-0.468112,Neutral
2025-10-31 21:00:00,AUDJPY,fx,0.153110,Neutral,1.241824,0.498524,Neutral
2025-10-31 21:00:00,NZDJPY,fx,0.229537,Neutral,1.060133,0.372107,Neutral
2025-10-31 21:00:00,CADJPY,fx,0.156672,Neutral,1.191051,0.460755,Neutral
2025-10-31 21:00:00,CHFJPY,fx,-0.524109,Neutral,-1.073722,-0.541191,Neutral
2025-10-31 21:00:00,AUDNZD,fx,-0.033679,Neutral,0.181691,0.104540,Neutral
2025-10-31 21:00:00,AUDCAD,fx,0.000019,Neutral,0.050773,0.024097,Neutral
2025-10-31 21:00:00,AUDCHF,fx,0.719968,Neutral,2.315546,0.878765,Bullish
2025-10-31 21:00:00,NZDCAD,fx,-0.356253,Neutral,-0.130918,-0.080963,Neutral
2025-10-31 21:00:00,NZDCHF,fx,0.753646,Neutral,2.133855,0.784794,Bullish
2025-10-31 21:00:00,CADCHF,fx,1.109900,Bullish,2.264773,0.964144,Bullish
2025-10-31 21:00:00,DJIA,cross,0.667761,Neutral,0.698004,0.402308,Neutral
2025-10-31 21:00:00,SP500,cross,0.667761,Neutral,0.698004,0.402308,Neutral
2025-10-31 21:00:00,NASDAQ,cross,0.667761,Neutral,0.698004,0.402308,Neutral
2025-10-31 21:00:00,DAX,cross,1.488311,Neutral,1.145615,0.630498,Neutral
2025-10-31 21:00:00,NIKKEI,cross,-3.761685,Very Bearish,-3.178123,-2.169367,Very Bearish
2025-10-31 21:00:00,FTSE100,cross,2.772989,Bullish,2.366586,1.261507,Bullish
2025-10-31 21:00:00,GOLD,cross,3.385991,Bullish,2.943200,1.669427,Very Bullish
2025-10-31 21:00:00,SILVER,cross,3.722374,Very Bullish,3.091208,1.757367,Very Bullish
2025-11-07 21:00:00,US-DOLLAR,fx,0.381614,Neutral,1.389282,0.833903,Bullish
2025-11-07 21:00:00,EURUSD,fx,0.210178,Neutral,-0.835096,-0.505200,Neutral
2025-11-07 21:00:00,GBPUSD,fx,-0.701404,Neutral,-0.212386,-0.106406,Neutral
2025-11-07 21:00:00,USDJPY,fx,-0.637288,Neutral,0.488000,0.161643,Neutral
2025-11-07 21:00:00,USDCHF,fx,0.355161,Neutral,2.573002,0.911765,Bullish
2025-11-07 21:00:00,USDCAD,fx,-0.813246,Neutral,-0.443718,-0.244204,Neutral
2025-11-07 21:00:00,AUDUSD,fx,0.321863,Neutral,-0.490410,-0.223015,Neutral
2025-11-07 21:00:00,NZDUSD,fx,0.477214,Neutral,-0.151711,-0.098258,Neutral
2025-11-07 21:00:00,EURGBP,fx,1.018880,Bullish,-0.622710,-0.315296,Neutral
2025-11-07 21:00:00,EURJPY,fx,-0.524399,Neutral,-0.347097,-0.128697,Neutral
2025-11-07 21:00:00,EURCHF,fx,0.686789,Neutral,1.737906,0.698235,Neutral
2025-11-07 21:00:00,EURAUD,fx,-0.237992,Neutral,-0.344686,-0.173733,Neutral
2025-11-07 21:00:00,EURNZD,fx,-0.145586,Neutral,-0.683385,-0.448710,Neutral
2025-11-07 21:00:00,EURCAD,fx,-0.630208,Neutral,-1.278815,-0.704581,Bearish
2025-11-07 21:00:00,GBPJPY,fx,-1.375405,Bearish,0.275613,0.088965,Neutral
2025-11-07 21:00:00,GBPCHF,fx,0.382318,Neutral,2.360616,0.743970,Bullish
2025-11-07 21:00:00,GBPAUD,fx,-1.056897,Bearish,0.278024,0.148994,Neutral
2025-11-07 21:00:00,GBPNZD,fx,-0.450057,Neutral,-0.060676,-0.032798,Neutral
2025-11-07 21:00:00,GBPCAD,fx,-1.407118,Bearish,-0.656105,-0.288778,Neutral
2025-11-07 21:00:00,AUDJPY,fx,-0.287245,Neutral,-0.002410,-0.000968,Neutral
2025-11-07 21:00:00,NZDJPY,fx,-0.295160,Neutral,0.336289,0.118038,Neutral
2025-11-07 21:00:00,CADJPY,fx,0.153834,Neutral,0.931718,0.360432,Neutral
2025-11-07 21:00:00,CHFJPY,fx,-1.127535,Bearish,-2.085002,-1.050908,Bearish
2025-11-07 21:00:00,AUDNZD,fx,-0.399931,Neutral,-0.338699,-0.194879,Neutral
2025-11-07 21:00:00,AUDCAD,fx,-0.565431,Neutral,-0.934128,-0.443345,Neutral
2025-11-07 21:00:00,AUDCHF,fx,0.432444,Neutral,2.082592,0.790358,Bullish
2025-11-07 21:00:00,NZDCAD,fx,-0.753646,Neutral,-0.595429,-0.368231,Neutral
2025-11-07 21:00:00,NZDCHF,fx,0.832375,Neutral,2.421291,0.890508,Bullish
2025-11-07 21:00:00,CADCHF,fx,1.586022,Bullish,3.016720,1.284257,Bullish
2025-11-07 21:00:00,DJIA,cross,2.736615,Bullish,2.766763,1.594676,Very Bullish
2025-11-07 21:00:00,SP500,cross,2.736615,Bullish,2.766763,1.594676,Very Bullish
2025-11-07 21:00:00,NASDAQ,cross,2.736615,Bullish,2.766763,1.594676,Very Bullish
2025-11-07 21:00:00,DAX,cross,-1.687404,Neutral,-1.385073,-0.762286,Bearish
2025-11-07 21:00:00,NIKKEI,cross,-2.087560,Bearish,-2.415047,-1.648496,Very Bearish
2025-11-07 21:00:00,FTSE100,cross,4.449025,Very Bullish,3.054886,1.628404,Very Bullish
2025-11-07 21:00:00,GOLD,cross,0.892686,Neutral,1.007304,0.571358,Neutral
2025-11-07 21:00:00,SILVER,cross,1.229070,Neutral,1.155313,0.656801,Bullish
2025-11-14 21:00:00,US-DOLLAR,fx,0.165437,Neutral,0.930635,0.558605,Neutral
2025-11-14 21:00:00,EURUSD,fx,0.391809,Neutral,-0.587956,-0.355690,Neutral
2025-11-14 21:00:00,GBPUSD,fx,-1.349418,Bearish,-2.054136,-1.029126,Bearish
2025-11-14 21:00:00,USDJPY,fx,-0.870171,Neutral,0.029353,0.009723,Neutral
2025-11-14 21:00:00,USDCHF,fx,0.063990,Neutral,2.114356,0.749240,Bullish
2025-11-14 21:00:00,USDCAD,fx,-1.070688,Bearish,-0.902364,-0.496623,Neutral
2025-11-14 21:00:00,AUDUSD,fx,1.197730,Bullish,0.929209,0.422560,Neutral
2025-11-14 21:00:00,NZDUSD,fx,0.768386,Neutral,0.306935,0.198792,Neutral
2025-11-14 21:00:00,EURGBP,fx,1.824075,Bullish,1.466180,0.742370,Bullish
2025-11-14 21:00:00,EURJPY,fx,-0.407155,Neutral,-0.558603,-0.207120,Neutral
2025-11-14 21:00:00,EURCHF,fx,0.559485,Neutral,1.526400,0.613258,Neutral
2025-11-14 21:00:00,EURAUD,fx,-1.061624,Bearish,-1.517165,-0.764700,Bearish
2025-11-14 21:00:00,EURNZD,fx,-0.272890,Neutral,-0.894891,-0.587585,Neutral
2025-11-14 21:00:00,EURCAD,fx,-0.704217,Neutral,-1.490320,-0.821113,Bearish
2025-11-14 21:00:00,GBPJPY,fx,-2.230783,Very Bearish,-2.024783,-0.653577,Neutral
2025-11-14 21:00:00,GBPCHF,fx,-0.794786,Neutral,0.060220,0.018979,Neutral
2025-11-14 21:00:00,GBPAUD,fx,-2.337118,Very Bearish,-2.983345,-1.598792,Very Bearish
2025-11-14 21:00:00,GBPNZD,fx,-1.627161,Bearish,-2.361071,-1.276255,Bearish
2025-11-14 21:00:00,GBPCAD,fx,-2.306363,Very Bearish,-2.956500,-1.301277,Bearish
2025-11-14 21:00:00,AUDJPY,fx,0.385908,Neutral,0.958563,0.384810,Neutral
2025-11-14 21:00:00,NZDJPY,fx,-0.295160,Neutral,0.336289,0.118038,Neutral
2025-11-14 21:00:00,CADJPY,fx,0.243641,Neutral,0.931718,0.360432,Neutral
2025-11-14 21:00:00,CHFJPY,fx,-1.127535,Bearish,-2.085002,-1.050908,Bearish
2025-11-14 21:00:00,AUDNZD,fx,0.129926,Neutral,0.622274,0.358040,Neutral
2025-11-14 21:00:00,AUDCAD,fx,-0.027813,Neutral,0.026845,0.012741,Neutral
2025-11-14 21:00:00,AUDCHF,fx,0.962301,Bullish,3.043565,1.155053,Bullish
2025-11-14 21:00:00,NZDCAD,fx,-0.753646,Neutral,-0.595429,-0.368231,Neutral
2025-11-14 21:00:00,NZDCHF,fx,0.832375,Neutral,2.421291,0.890508,Bullish
2025-11-14 21:00:00,CADCHF,fx,1.586022,Bullish,3.016720,1.284257,Bullish
2025-11-14 21:00:00,DJIA,cross,3.066195,Bullish,3.472049,2.001181,Very Bullish
2025-11-14 21:00:00,SP500,cross,3.066195,Bullish,3.472049,2.001181,Very Bullish
2025-11-14 21:00:00,NASDAQ,cross,3.066195,Bullish,3.472049,2.001181,Very Bullish
2025-11-14 21:00:00,DAX,cross,-2.269688,Bearish,-1.376806,-0.757736,Bearish
2025-11-14 21:00:00,NIKKEI,cross,-2.449824,Bearish,-2.415047,-1.648496,Very Bearish
2025-11-14 21:00:00,FTSE100,cross,0.380479,Neutral,-0.104048,-0.055463,Neutral
2025-11-14 21:00:00,GOLD,cross,1.620922,Neutral,1.777726,1.008353,Bullish
2025-11-14 21:00:00,SILVER,cross,1.620922,Neutral,1.777726,1.010646,Bullish
2025-11-21 21:00:00,US-DOLLAR,fx,0.524706,Neutral,0.958306,0.575213,Neutral
2025-11-21 21:00:00,EURUSD,fx,0.427796,Neutral,-0.404120,-0.244477,Neutral
2025-11-21 21:00:00,GBPUSD,fx,-0.789012,Neutral,-1.331586,-0.667127,Neutral
2025-11-21 21:00:00,USDJPY,fx,-0.438252,Neutral,0.268530,0.088947,Neutral
2025-11-21 21:00:00,USDCHF,fx,0.090824,Neutral,2.142026,0.759045,Bullish
2025-11-21 21:00:00,USDCAD,fx,-0.584734,Neutral,0.013986,0.007697,Neutral
2025-11-21 21:00:00,AUDUSD,fx,1.738771,Bullish,1.113045,0.506160,Neutral
2025-11-21 21:00:00,NZDUSD,fx,0.741551,Neutral,0.279265,0.180871,Neutral
2025-11-21 21:00:00,EURGBP,fx,1.252023,Bullish,0.927465,0.469603,Neutral
2025-11-21 21:00:00,EURJPY,fx,0.166895,Neutral,-0.135591,-0.050275,Neutral
2025-11-21 21:00:00,EURCHF,fx,0.686789,Neutral,1.737906,0.698235,Neutral
2025-11-21 21:00:00,EURAUD,fx,-1.353240,Bearish,-1.517165,-0.764700,Bearish
2025-11-21 21:00:00,EURNZD,fx,-0.145586,Neutral,-0.683385,-0.448710,Neutral
2025-11-21 21:00:00,EURCAD,fx,-0.170660,Neutral,-0.390135,-0.214950,Neutral
2025-11-21 21:00:00,GBPJPY,fx,-1.121244,Bearish,-1.063056,-0.343143,Neutral
2025-11-21 21:00:00,GBPCHF,fx,-0.303589,Neutral,0.810441,0.255418,Neutral
2025-11-21 21:00:00,GBPAUD,fx,-2.096024,Very Bearish,-2.444631,-1.310091,Bearish
2025-11-21 21:00:00,GBPNZD,fx,-1.135964,Bearish,-1.610851,-0.870730,Bearish
2025-11-21 21:00:00,GBPCAD,fx,-1.311158,Bearish,-1.317600,-0.579930,Neutral
2025-11-21 21:00:00,AUDJPY,fx,1.118159,Bullish,1.381575,0.554627,Neutral
2025-11-21 21:00:00,NZDJPY,fx,-0.167856,Neutral,0.547795,0.192276,Neutral
2025-11-21 21:00:00,CADJPY,fx,0.167463,Neutral,0.254544,0.098470,Neutral
2025-11-21 21:00:00,CHFJPY,fx,-1.000231,Bearish,-1.873496,-0.944303,Bearish
2025-11-21 21:00:00,AUDNZD,fx,0.257230,Neutral,0.833780,0.479735,Neutral
2025-11-21 21:00:00,AUDCAD,fx,0.931489,Bullish,1.127031,0.534898,Neutral
2025-11-21 21:00:00,AUDCHF,fx,1.089606,Bullish,3.255071,1.235321,Bullish
2025-11-21 21:00:00,NZDCAD,fx,-0.054834,Neutral,0.293251,0.181355,Neutral
2025-11-21 21:00:00,NZDCHF,fx,0.832375,Neutral,2.421291,0.890508,Bullish
2025-11-21 21:00:00,CADCHF,fx,0.887210,Neutral,2.128041,0.905935,Bullish
2025-11-21 21:00:00,DJIA,cross,1.975535,Bullish,3.619295,2.086049,Very Bullish
2025-11-21 21:00:00,SP500,cross,1.975535,Bullish,3.619295,2.086049,Very Bullish
2025-11-21 21:00:00,NASDAQ,cross,1.975535,Bullish,3.619295,2.086049,Very Bullish
2025-11-21 21:00:00,DAX,cross,-3.243991,Bearish,-1.300180,-0.715564,Bearish
2025-11-21 21:00:00,NIKKEI,cross,-3.209404,Bearish,-2.415047,-1.648496,Very Bearish
2025-11-21 21:00:00,FTSE100,cross,-4.193752,Very Bearish,-2.947170,-1.570986,Bearish
2025-11-21 21:00:00,GOLD,cross,1.330760,Neutral,2.101149,1.191803,Bullish
2025-11-21 21:00:00,SILVER,cross,1.667144,Neutral,2.249158,1.278657,Bullish
2025-11-28 21:00:00,US-DOLLAR,fx,0.140172,Neutral,1.188664,0.713484,Bullish
2025-11-28 21:00:00,EURUSD,fx,0.623921,Neutral,-0.618102,-0.373928,Neutral
2025-11-28 21:00:00,GBPUSD,fx,-0.313771,Neutral,-1.545568,-0.774333,Bearish
2025-11-28 21:00:00,USDJPY,fx,-0.707790,Neutral,0.412482,0.136629,Neutral
2025-11-28 21:00:00,USDCHF,fx,0.275512,Neutral,2.356008,0.834872,Bullish
2025-11-28 21:00:00,USDCAD,fx,-1.469491,Bearish,-0.988943,-0.544272,Neutral
2025-11-28 21:00:00,AUDUSD,fx,1.992699,Very Bullish,1.291216,0.587183,Neutral
2025-11-28 21:00:00,NZDUSD,fx,1.034761,Bullish,0.433239,0.280595,Neutral
2025-11-28 21:00:00,EURGBP,fx,1.047010,Bullish,0.927465,0.469603,Neutral
2025-11-28 21:00:00,EURJPY,fx,-0.152473,Neutral,-0.205621,-0.076241,Neutral
2025-11-28 21:00:00,EURCHF,fx,0.686789,Neutral,1.737906,0.698235,Neutral
2025-11-28 21:00:00,EURAUD,fx,-1.620589,Bearish,-1.909318,-0.962358,Bearish
2025-11-28 21:00:00,EURNZD,fx,-0.623483,Neutral,-1.051341,-0.690309,Neutral
2025-11-28 21:00:00,EURCAD,fx,-0.763855,Neutral,-1.607046,-0.885425,Bearish
2025-11-28 21:00:00,GBPJPY,fx,-1.201241,Bearish,-1.133086,-0.365748,Neutral
2025-11-28 21:00:00,GBPCHF,fx,-0.303589,Neutral,0.810441,0.255418,Neutral
2025-11-28 21:00:00,GBPAUD,fx,-2.363373,Very Bearish,-2.836784,-1.520249,Very Bearish
2025-11-28 21:00:00,GBPNZD,fx,-1.613862,Bearish,-1.978806,-1.069625,Bearish
2025-11-28 21:00:00,GBPCAD,fx,-1.703079,Bearish,-2.534511,-1.115542,Bearish
2025-11-28 21:00:00,AUDJPY,fx,1.360824,Bullish,1.703698,0.683941,Neutral
2025-11-28 21:00:00,NZDJPY,fx,0.277130,Neutral,0.845720,0.296848,Neutral
2025-11-28 21:00:00,CADJPY,fx,0.571054,Neutral,1.401425,0.542137,Neutral
2025-11-28 21:00:00,CHFJPY,fx,-1.033143,Bearish,-1.943527,-0.979600,Bearish
2025-11-28 21:00:00,AUDNZD,fx,0.093363,Neutral,0.857977,0.493658,Neutral
2025-11-28 21:00:00,AUDCAD,fx,0.670058,Neutral,0.302273,0.143461,Neutral
2025-11-28 21:00:00,AUDCHF,fx,1.403635,Bullish,3.647224,1.384146,Bullish
2025-11-28 21:00:00,NZDCAD,fx,-0.532732,Neutral,-0.555704,-0.343664,Neutral
2025-11-28 21:00:00,NZDCHF,fx,1.310273,Bullish,2.789247,1.025836,Bullish
2025-11-28 21:00:00,CADCHF,fx,1.843004,Bullish,3.344951,1.423989,Bullish
2025-11-28 21:00:00,DJIA,cross,0.882762,Neutral,2.573696,1.483398,Bullish
2025-11-28 21:00:00,SP500,cross,0.882762,Neutral,2.573696,1.483398,Bullish
2025-11-28 21:00:00,NASDAQ,cross,0.882762,Neutral,2.573696,1.483398,Bullish
2025-11-28 21:00:00,DAX,cross,-3.680480,Very Bearish,-1.377322,-0.758020,Bearish
2025-11-28 21:00:00,NIKKEI,cross,-2.062146,Bearish,-0.108116,-0.073799,Neutral
2025-11-28 21:00:00,FTSE100,cross,-4.833512,Very Bearish,-2.947020,-1.570906,Bearish
2025-11-28 21:00:00,GOLD,cross,1.000828,Neutral,1.308406,0.742147,Bullish
2025-11-28 21:00:00,SILVER,cross,1.673594,Neutral,1.604423,0.912122,Bullish
2025-12-05 21:00:00,US-DOLLAR,fx,-0.293198,Neutral,1.020191,0.612359,Neutral
2025-12-05 21:00:00,EURUSD,fx,1.096220,Bullish,-0.111695,-0.067571,Neutral
2025-12-05 21:00:00,GBPUSD,fx,-0.179538,Neutral,-1.377094,-0.689927,Neutral
2025-12-05 21:00:00,USDJPY,fx,-1.211724,Bearish,0.032502,0.010766,Neutral
2025-12-05 21:00:00,USDCHF,fx,-0.590744,Neutral,1.029198,0.364705,Neutral
2025-12-05 21:00:00,USDCAD,fx,-2.175046,Very Bearish,-1.621928,-0.892641,Bearish
2025-12-05 21:00:00,AUDUSD,fx,2.159608,Very Bullish,1.768574,0.804263,Bullish
2025-12-05 21:00:00,NZDUSD,fx,1.018357,Bullish,0.601712,0.389710,Neutral
2025-12-05 21:00:00,EURGBP,fx,1.632400,Bullish,1.265400,0.640709,Neutral
2025-12-05 21:00:00,EURJPY,fx,-0.247045,Neutral,-0.079192,-0.029363,Neutral
2025-12-05 21:00:00,EURCHF,fx,0.107923,Neutral,0.917504,0.368623,Neutral
2025-12-05 21:00:00,EURAUD,fx,-1.635608,Bearish,-1.880268,-0.947716,Bearish
2025-12-05 21:00:00,EURNZD,fx,-0.319690,Neutral,-0.713407,-0.468422,Neutral
2025-12-05 21:00:00,EURCAD,fx,-0.987389,Bearish,-1.733622,-0.955164,Bearish
2025-12-05 21:00:00,GBPJPY,fx,-1.654638,Bearish,-1.344592,-0.434019,Neutral
2025-12-05 21:00:00,GBPCHF,fx,-1.186249,Bearish,-0.347896,-0.109643,Neutral
2025-12-05 21:00:00,GBPAUD,fx,-2.542584,Very Bearish,-3.145668,-1.685781,Very Bearish
2025-12-05 21:00:00,GBPNZD,fx,-1.613862,Bearish,-1.978806,-1.069625,Bearish
2025-12-05 21:00:00,GBPCAD,fx,-2.299962,Very Bearish,-2.999022,-1.319992,Bearish
2025-12-05 21:00:00,AUDJPY,fx,1.290676,Bullish,1.801076,0.723033,Bullish
2025-12-05 21:00:00,NZDJPY,fx,0.149826,Neutral,0.634214,0.222609,Neutral
2025-12-05 21:00:00,CADJPY,fx,0.778851,Neutral,1.654430,0.640012,Neutral
2025-12-05 21:00:00,CHFJPY,fx,-0.277787,Neutral,-0.996696,-0.502367,Neutral
2025-12-05 21:00:00,AUDNZD,fx,0.332311,Neutral,1.166861,0.671382,Neutral
2025-12-05 21:00:00,AUDCAD,fx,0.333153,Neutral,0.146646,0.069599,Neutral
2025-12-05 21:00:00,AUDCHF,fx,0.759924,Neutral,2.797772,1.061773,Bullish
2025-12-05 21:00:00,NZDCAD,fx,-0.930125,Bearish,-1.020216,-0.630931,Neutral
2025-12-05 21:00:00,NZDCHF,fx,0.427613,Neutral,1.630910,0.599820,Neutral
2025-12-05 21:00:00,CADCHF,fx,1.357737,Bullish,2.651126,1.128619,Bullish
2025-12-05 21:00:00,DJIA,cross,0.021991,Neutral,1.016500,0.585879,Neutral
2025-12-05 21:00:00,SP500,cross,0.021991,Neutral,1.016500,0.585879,Neutral
2025-12-05 21:00:00,NASDAQ,cross,0.021991,Neutral,1.016500,0.585879,Neutral
2025-12-05 21:00:00,DAX,cross,-2.054016,Bearish,-0.406210,-0.223561,Neutral
2025-12-05 21:00:00,NIKKEI,cross,-2.385993,Bearish,-0.108116,-0.073799,Neutral
2025-12-05 21:00:00,FTSE100,cross,-4.643585,Very Bearish,-3.119831,-1.663023,Very Bearish
2025-12-05 21:00:00,GOLD,cross,0.482674,Neutral,0.486290,0.275831,Neutral
2025-12-05 21:00:00,SILVER,cross,1.491824,Neutral,0.930316,0.528889,Neutral
2025-12-12 21:00:00,US-DOLLAR,fx,-0.281048,Neutral,0.545339,0.327334,Neutral
2025-12-12 21:00:00,EURUSD,fx,0.816701,Neutral,-0.466490,-0.282208,Neutral
2025-12-12 21:00:00,GBPUSD,fx,-0.180687,Neutral,-0.978652,-0.490307,Neutral
2025-12-12 21:00:00,USDJPY,fx,-1.022839,Bearish,0.545510,0.180692,Neutral
2025-12-12 21:00:00,USDCHF,fx,-0.400295,Neutral,0.960982,0.340532,Neutral
2025-12-12 21:00:00,USDCAD,fx,-2.408818,Very Bearish,-1.690144,-0.930184,Bearish
2025-12-12 21:00:00,AUDUSD,fx,1.634858,Bullish,1.202272,0.546736,Neutral
2025-12-12 21:00:00,NZDUSD,fx,0.827908,Neutral,0.669929,0.433892,Neutral
2025-12-12 21:00:00,EURGBP,fx,1.147251,Bullish,0.512163,0.259323,Neutral
2025-12-12 21:00:00,EURJPY,fx,-0.079399,Neutral,0.079020,0.029299,Neutral
2025-12-12 21:00:00,EURCHF,fx,-0.146686,Neutral,0.494492,0.198671,Neutral
2025-12-12 21:00:00,EURAUD,fx,-1.508303,Bearish,-1.668762,-0.841110,Bearish
2025-12-12 21:00:00,EURNZD,fx,-0.574299,Neutral,-1.136419,-0.746171,Bearish
2025-12-12 21:00:00,EURCAD,fx,-1.438383,Bearish,-2.156634,-1.188228,Bearish
2025-12-12 21:00:00,GBPJPY,fx,-1.143593,Bearish,-0.433143,-0.139814,Neutral
2025-12-12 21:00:00,GBPCHF,fx,-0.995090,Bearish,-0.017671,-0.005569,Neutral
2025-12-12 21:00:00,GBPAUD,fx,-2.017302,Very Bearish,-2.180925,-1.168770,Bearish
2025-12-12 21:00:00,GBPNZD,fx,-1.422703,Bearish,-1.648581,-0.891125,Bearish
2025-12-12 21:00:00,GBPCAD,fx,-2.361646,Very Bearish,-2.668797,-1.174646,Bearish
2025-12-12 21:00:00,AUDJPY,fx,1.289150,Bullish,1.747782,0.701639,Bullish
2025-12-12 21:00:00,NZDJPY,fx,0.451833,Neutral,1.215438,0.426619,Neutral
2025-12-12 21:00:00,CADJPY,fx,1.335926,Bullish,2.235654,0.864856,Bullish
2025-12-12 21:00:00,CHFJPY,fx,0.024220,Neutral,-0.415472,-0.209411,Neutral
2025-12-12 21:00:00,AUDNZD,fx,-0.049601,Neutral,0.532344,0.306297,Neutral
2025-12-12 21:00:00,AUDCAD,fx,-0.164521,Neutral,-0.487872,-0.231548,Neutral
2025-12-12 21:00:00,AUDCHF,fx,0.378011,Neutral,2.163254,0.820969,Bullish
2025-12-12 21:00:00,NZDCAD,fx,-0.930125,Bearish,-1.020216,-0.630931,Neutral
2025-12-12 21:00:00,NZDCHF,fx,0.427613,Neutral,1.630910,0.599820,Neutral
2025-12-12 21:00:00,CADCHF,fx,1.357737,Bullish,2.651126,1.128619,Bullish
2025-12-12 21:00:00,DJIA,cross,-0.841527,Neutral,-0.539406,-0.310897,Neutral
2025-12-12 21:00:00,SP500,cross,-0.841527,Neutral,-0.539406,-0.310897,Neutral
2025-12-12 21:00:00,NASDAQ,cross,-0.841527,Neutral,-0.539406,-0.310897,Neutral
2025-12-12 21:00:00,DAX,cross,-1.680138,Neutral,-0.406210,-0.223561,Neutral
2025-12-12 21:00:00,NIKKEI,cross,-1.575611,Neutral,0.000000,0.000000,Neutral
2025-12-12 21:00:00,FTSE100,cross,-3.738163,Very Bearish,-2.803952,-1.494644,Bearish
2025-12-12 21:00:00,GOLD,cross,-0.134130,Neutral,0.174478,0.098966,Neutral
2025-12-12 21:00:00,SILVER,cross,0.202253,Neutral,0.322486,0.183335,Neutral
2025-12-19 21:00:00,US-DOLLAR,fx,-1.760846,Bearish,-0.971960,-0.583409,Neutral
2025-12-19 21:00:00,EURUSD,fx,1.441741,Bullish,0.627797,0.379793,Neutral
2025-12-19 21:00:00,GBPUSD,fx,0.988500,Bullish,1.848925,0.926315,Bullish
2025-12-19 21:00:00,USDJPY,fx,-2.046738,Very Bearish,-1.219432,-0.403919,Neutral
2025-12-19 21:00:00,USDCHF,fx,0.031302,Neutral,1.092859,0.387264,Neutral
2025-12-19 21:00:00,USDCAD,fx,-2.348321,Very Bearish,-2.149914,-1.183222,Bearish
2025-12-19 21:00:00,AUDUSD,fx,1.934471,Very Bullish,2.085053,0.948183,Bullish
2025-12-19 21:00:00,NZDUSD,fx,1.875027,Bullish,2.263183,1.465792,Bullish
2025-12-19 21:00:00,EURGBP,fx,0.840025,Neutral,-1.221128,-0.618293,Neutral
2025-12-19 21:00:00,EURJPY,fx,-0.548068,Neutral,-0.591635,-0.219368,Neutral
2025-12-19 21:00:00,EURCHF,fx,0.854133,Neutral,1.720656,0.691304,Neutral
2025-12-19 21:00:00,EURAUD,fx,-1.319320,Bearish,-1.457256,-0.734504,Bearish
2025-12-19 21:00:00,EURNZD,fx,-1.052196,Bearish,-1.635385,-1.073792,Bearish
2025-12-19 21:00:00,EURCAD,fx,-0.844539,Neutral,-1.522116,-0.838632,Bearish
2025-12-19 21:00:00,GBPJPY,fx,-1.181712,Bearish,0.629493,0.203193,Neutral
2025-12-19 21:00:00,GBPCHF,fx,0.775321,Neutral,2.941785,0.927130,Bullish
2025-12-19 21:00:00,GBPAUD,fx,-1.280978,Bearish,-0.236128,-0.126542,Neutral
2025-12-19 21:00:00,GBPNZD,fx,-1.131008,Bearish,-0.414257,-0.223923,Neutral
2025-12-19 21:00:00,GBPCAD,fx,-1.275947,Bearish,-0.300988,-0.132477,Neutral
2025-12-19 21:00:00,AUDJPY,fx,0.598265,Neutral,0.865621,0.347499,Neutral
2025-12-19 21:00:00,NZDJPY,fx,0.674852,Neutral,1.043750,0.366357,Neutral
2025-12-19 21:00:00,CADJPY,fx,0.331416,Neutral,0.930481,0.359954,Neutral
2025-12-19 21:00:00,CHFJPY,fx,-1.231478,Bearish,-2.312292,-1.165470,Bearish
2025-12-19 21:00:00,AUDNZD,fx,-0.654803,Neutral,-0.178129,-0.102491,Neutral
2025-12-19 21:00:00,AUDCAD,fx,0.150077,Neutral,-0.064860,-0.030783,Neutral
2025-12-19 21:00:00,AUDCHF,fx,1.251526,Bullish,3.177913,1.206039,Bullish
2025-12-19 21:00:00,NZDCAD,fx,-0.070315,Neutral,0.113269,0.070049,Neutral
2025-12-19 21:00:00,NZDCHF,fx,1.906329,Bullish,3.356042,1.234293,Bullish
2025-12-19 21:00:00,CADCHF,fx,1.976644,Very Bullish,3.242773,1.380491,Bullish
2025-12-19 21:00:00,DJIA,cross,0.820170,Neutral,-0.130995,-0.075501,Neutral
2025-12-19 21:00:00,SP500,cross,0.820170,Neutral,-0.130995,-0.075501,Neutral
2025-12-19 21:00:00,NASDAQ,cross,0.820170,Neutral,-0.130995,-0.075501,Neutral
2025-12-19 21:00:00,DAX,cross,-0.954904,Neutral,-0.406210,-0.223561,Neutral
2025-12-19 21:00:00,NIKKEI,cross,-0.376925,Neutral,0.018763,0.012808,Neutral
2025-12-19 21:00:00,FTSE100,cross,3.876545,Very Bullish,3.409086,1.817210,Very Bullish
2025-12-19 21:00:00,GOLD,cross,2.511033,Bullish,1.727123,0.979650,Bullish
2025-12-19 21:00:00,SILVER,cross,3.183799,Bullish,2.023140,1.150165,Bullish
2025-12-26 21:00:00,US-DOLLAR,fx,-1.280398,Bearish,-0.811477,-0.487081,Neutral
2025-12-26 21:00:00,EURUSD,fx,1.221167,Bullish,0.255807,0.154753,Neutral
2025-12-26 21:00:00,GBPUSD,fx,0.696405,Neutral,1.265430,0.633983,Neutral
2025-12-26 21:00:00,USDJPY,fx,-1.859300,Bearish,-0.315508,-0.104508,Neutral
2025-12-26 21:00:00,USDCHF,fx,0.167844,Neutral,1.464849,0.519082,Neutral
2025-12-26 21:00:00,USDCAD,fx,-1.886594,Bearish,-1.344248,-0.739817,Bearish
2025-12-26 21:00:00,AUDUSD,fx,1.832064,Bullish,1.713064,0.779019,Bullish
2025-12-26 21:00:00,NZDUSD,fx,1.865789,Bullish,2.102699,1.361852,Bullish
2025-12-26 21:00:00,EURGBP,fx,0.785641,Neutral,-1.009622,-0.511201,Neutral
2025-12-26 21:00:00,EURJPY,fx,-0.478611,Neutral,-0.059701,-0.022136,Neutral
2025-12-26 21:00:00,EURCHF,fx,0.854133,Neutral,1.720656,0.691304,Neutral
2025-12-26 21:00:00,EURAUD,fx,-1.360028,Bearish,-1.457256,-0.734504,Bearish
2025-12-26 21:00:00,EURNZD,fx,-1.179500,Bearish,-1.846891,-1.212667,Bearish
2025-12-26 21:00:00,EURCAD,fx,-0.677762,Neutral,-1.088441,-0.599692,Neutral
2025-12-26 21:00:00,GBPJPY,fx,-1.122062,Bearish,0.949922,0.306624,Neutral
2025-12-26 21:00:00,GBPCHF,fx,0.648017,Neutral,2.730279,0.860472,Bullish
2025-12-26 21:00:00,GBPAUD,fx,-1.408282,Bearish,-0.447634,-0.239890,Neutral
2025-12-26 21:00:00,GBPNZD,fx,-1.385617,Bearish,-0.837269,-0.452578,Neutral
2025-12-26 21:00:00,GBPCAD,fx,-1.130161,Bearish,-0.078818,-0.034691,Neutral
2025-12-26 21:00:00,AUDJPY,fx,0.734966,Neutral,1.397556,0.561042,Neutral
2025-12-26 21:00:00,NZDJPY,fx,0.898064,Bullish,1.787191,0.627305,Neutral
2025-12-26 21:00:00,CADJPY,fx,0.194911,Neutral,1.028740,0.397965,Neutral
2025-12-26 21:00:00,CHFJPY,fx,-1.135570,Bearish,-1.780357,-0.897357,Bearish
2025-12-26 21:00:00,AUDNZD,fx,-0.782107,Neutral,-0.389635,-0.224186,Neutral
2025-12-26 21:00:00,AUDCAD,fx,0.364061,Neutral,0.368816,0.175043,Neutral
2025-12-26 21:00:00,AUDCHF,fx,1.251526,Bullish,3.177913,1.206039,Bullish
2025-12-26 21:00:00,NZDCAD,fx,0.358996,Neutral,0.758451,0.469048,Neutral
2025-12-26 21:00:00,NZDCHF,fx,2.033633,Very Bullish,3.567548,1.312081,Bullish
2025-12-26 21:00:00,CADCHF,fx,1.674637,Bullish,2.809097,1.195869,Bullish
2025-12-26 21:00:00,DJIA,cross,0.915982,Neutral,0.288866,0.166494,Neutral
2025-12-26 21:00:00,SP500,cross,0.915982,Neutral,0.288866,0.166494,Neutral
2025-12-26 21:00:00,NASDAQ,cross,0.915982,Neutral,0.288866,0.166494,Neutral
2025-12-26 21:00:00,DAX,cross,-0.961696,Neutral,-0.406210,-0.223561,Neutral
2025-12-26 21:00:00,NIKKEI,cross,0.273496,Neutral,0.404217,0.275916,Neutral
2025-12-26 21:00:00,FTSE100,cross,3.724324,Very Bullish,3.504796,1.868228,Very Bullish
2025-12-26 21:00:00,GOLD,cross,1.171684,Neutral,1.435106,0.814014,Bullish
2025-12-26 21:00:00,SILVER,cross,2.180833,Bullish,1.879132,1.068296,Bullish
2026-01-02 21:00:00,US-DOLLAR,fx,-0.874801,Neutral,-0.405159,-0.243193,Neutral
2026-01-02 21:00:00,EURUSD,fx,0.775069,Neutral,-0.150510,-0.091053,Neutral
2026-01-02 21:00:00,GBPUSD,fx,0.176456,Neutral,0.317381,0.159009,Neutral
2026-01-02 21:00:00,USDJPY,fx,-1.656698,Bearish,-0.120697,-0.039979,Neutral
2026-01-02 21:00:00,USDCHF,fx,0.300308,Neutral,1.871167,0.663064,Neutral
2026-01-02 21:00:00,USDCAD,fx,-1.656893,Bearish,-0.937931,-0.516197,Neutral
2026-01-02 21:00:00,AUDUSD,fx,1.668176,Bullish,1.306746,0.594246,Neutral
2026-01-02 21:00:00,NZDUSD,fx,1.606021,Bullish,1.484875,0.961707,Bullish
2026-01-02 21:00:00,EURGBP,fx,0.741792,Neutral,-0.467891,-0.236907,Neutral
2026-01-02 21:00:00,EURJPY,fx,-0.728800,Neutral,-0.271207,-0.100559,Neutral
2026-01-02 21:00:00,EURCHF,fx,0.854133,Neutral,1.720656,0.691304,Neutral
2026-01-02 21:00:00,EURAUD,fx,-1.104824,Bearish,-1.457256,-0.734504,Bearish
2026-01-02 21:00:00,EURNZD,fx,-1.052196,Bearish,-1.635385,-1.073792,Bearish
2026-01-02 21:00:00,EURCAD,fx,-0.831023,Neutral,-1.088441,-0.599692,Neutral
2026-01-02 21:00:00,GBPJPY,fx,-1.466520,Bearish,0.196684,0.063488,Neutral
2026-01-02 21:00:00,GBPCHF,fx,0.329554,Neutral,2.188548,0.689741,Neutral
2026-01-02 21:00:00,GBPAUD,fx,-1.524970,Bearish,-0.989365,-0.530206,Neutral
2026-01-02 21:00:00,GBPNZD,fx,-1.576775,Bearish,-1.167494,-0.631078,Neutral
2026-01-02 21:00:00,GBPCAD,fx,-1.378197,Bearish,-0.620549,-0.273129,Neutral
2026-01-02 21:00:00,AUDJPY,fx,0.419135,Neutral,1.186050,0.476134,Neutral
2026-01-02 21:00:00,NZDJPY,fx,0.643455,Neutral,1.364179,0.478827,Neutral
2026-01-02 21:00:00,CADJPY,fx,0.123034,Neutral,0.817234,0.316145,Neutral
2026-01-02 21:00:00,CHFJPY,fx,-1.262874,Bearish,-1.991863,-1.003963,Bearish
2026-01-02 21:00:00,AUDNZD,fx,-0.654803,Neutral,-0.178129,-0.102491,Neutral
2026-01-02 21:00:00,AUDCAD,fx,0.058604,Neutral,0.368816,0.175043,Neutral
2026-01-02 21:00:00,AUDCHF,fx,1.251526,Bullish,3.177913,1.206039,Bullish
2026-01-02 21:00:00,NZDCAD,fx,0.231692,Neutral,0.546945,0.338247,Neutral
2026-01-02 21:00:00,NZDCHF,fx,1.906329,Bullish,3.356042,1.234293,Bullish
2026-01-02 21:00:00,CADCHF,fx,1.674637,Bullish,2.809097,1.195869,Bullish
2026-01-02 21:00:00,DJIA,cross,0.728366,Neutral,0.993717,0.572748,Neutral
2026-01-02 21:00:00,SP500,cross,0.728366,Neutral,0.993717,0.572748,Neutral
2026-01-02 21:00:00,NASDAQ,cross,0.728366,Neutral,0.993717,0.572748,Neutral
2026-01-02 21:00:00,DAX,cross,-1.323120,Neutral,-0.406210,-0.223561,Neutral
2026-01-02 21:00:00,NIKKEI,cross,-0.207819,Neutral,0.453580,0.309611,Neutral
2026-01-02 21:00:00,FTSE100,cross,2.528322,Bullish,3.149880,1.679040,Very Bullish
2026-01-02 21:00:00,GOLD,cross,0.504121,Neutral,1.016040,0.576313,Neutral
2026-01-02 21:00:00,SILVER,cross,1.513270,Neutral,1.460066,0.830054,Bullish
2026-01-09 21:00:00,US-DOLLAR,fx,-1.297334,Bearish,-0.680045,-0.408190,Neutral
2026-01-09 21:00:00,EURUSD,fx,0.922655,Bullish,0.649274,0.392785,Neutral
2026-01-09 21:00:00,GBPUSD,fx,-0.128819,Neutral,-0.068184,-0.034160,Neutral
2026-01-09 21:00:00,USDJPY,fx,-1.159811,Bearish,0.629094,0.208378,Neutral
2026-01-09 21:00:00,USDCHF,fx,0.239724,Neutral,1.756448,0.622413,Neutral
2026-01-09 21:00:00,USDCAD,fx,-0.539864,Neutral,0.180718,0.099459,Neutral
2026-01-09 21:00:00,AUDUSD,fx,0.852295,Neutral,0.882238,0.401200,Neutral
2026-01-09 21:00:00,NZDUSD,fx,1.739740,Bullish,1.759761,1.139742,Bullish
2026-01-09 21:00:00,EURGBP,fx,1.242048,Bullish,0.717458,0.363270,Neutral
2026-01-09 21:00:00,EURJPY,fx,-0.304214,Neutral,1.278368,0.473996,Neutral
2026-01-09 21:00:00,EURCHF,fx,1.139711,Bullish,2.405722,0.966542,Bullish
2026-01-09 21:00:00,EURAUD,fx,-0.045999,Neutral,-0.232964,-0.117421,Neutral
2026-01-09 21:00:00,EURNZD,fx,-0.839753,Neutral,-1.110487,-0.729145,Bearish
2026-01-09 21:00:00,EURCAD,fx,0.411863,Neutral,0.829992,0.457296,Neutral
2026-01-09 21:00:00,GBPJPY,fx,-1.387557,Bearish,0.560910,0.181056,Neutral
2026-01-09 21:00:00,GBPCHF,fx,0.020371,Neutral,1.688264,0.532072,Neutral
2026-01-09 21:00:00,GBPAUD,fx,-1.038232,Bearish,-0.950422,-0.509336,Neutral
2026-01-09 21:00:00,GBPNZD,fx,-1.959093,Very Bearish,-1.827945,-0.988078,Bearish
2026-01-09 21:00:00,GBPCAD,fx,-0.612114,Neutral,0.112534,0.049531,Neutral
2026-01-09 21:00:00,AUDJPY,fx,0.061860,Neutral,1.511332,0.606717,Neutral
2026-01-09 21:00:00,NZDJPY,fx,1.438242,Bullish,2.388855,0.838489,Bullish
2026-01-09 21:00:00,CADJPY,fx,-0.274602,Neutral,0.448377,0.173453,Neutral
2026-01-09 21:00:00,CHFJPY,fx,-0.541222,Neutral,-1.127354,-0.568223,Neutral
2026-01-09 21:00:00,AUDNZD,fx,-1.120677,Bearish,-0.877523,-0.504904,Neutral
2026-01-09 21:00:00,AUDCAD,fx,0.383913,Neutral,1.062956,0.504488,Neutral
2026-01-09 21:00:00,AUDCHF,fx,0.858786,Neutral,2.638686,1.001399,Bullish
2026-01-09 21:00:00,NZDCAD,fx,1.423872,Bullish,1.940479,1.200049,Bullish
2026-01-09 21:00:00,NZDCHF,fx,1.979464,Very Bullish,3.516209,1.293199,Bullish
2026-01-09 21:00:00,CADCHF,fx,0.555592,Neutral,1.575730,0.670809,Neutral
2026-01-09 21:00:00,DJIA,cross,0.967033,Neutral,1.196949,0.689884,Bullish
2026-01-09 21:00:00,SP500,cross,0.967033,Neutral,1.196949,0.689884,Bullish
2026-01-09 21:00:00,NASDAQ,cross,0.967033,Neutral,1.196949,0.689884,Bullish
2026-01-09 21:00:00,DAX,cross,2.371164,Bullish,1.910031,1.051200,Bullish
2026-01-09 21:00:00,NIKKEI,cross,-2.856982,Bearish,0.000000,0.000000,Neutral
2026-01-09 21:00:00,FTSE100,cross,1.308140,Neutral,2.296843,1.224330,Bullish
2026-01-09 21:00:00,GOLD,cross,2.689703,Bullish,1.790652,1.015685,Bullish
2026-01-09 21:00:00,SILVER,cross,3.362470,Bullish,2.086669,1.186281,Bullish
2026-01-16 21:00:00,US-DOLLAR,fx,0.468260,Neutral,0.974693,0.585050,Neutral
2026-01-16 21:00:00,EURUSD,fx,-0.343321,Neutral,-1.216970,-0.736219,Bearish
2026-01-16 21:00:00,GBPUSD,fx,-1.006328,Bearish,-1.155257,-0.578786,Neutral
2026-01-16 21:00:00,USDJPY,fx,-0.059112,Neutral,2.706844,0.896603,Bullish
2026-01-16 21:00:00,USDCHF,fx,1.357090,Bullish,3.834198,1.358681,Bullish
2026-01-16 21:00:00,USDCAD,fx,0.979555,Bullish,2.046961,1.126561,Bullish
2026-01-16 21:00:00,AUDUSD,fx,-0.802256,Neutral,-1.504396,-0.684127,Neutral
2026-01-16 21:00:00,NZDUSD,fx,0.749678,Neutral,-0.106482,-0.068965,Neutral
2026-01-16 21:00:00,EURGBP,fx,0.776725,Neutral,-0.061712,-0.031247,Neutral
2026-01-16 21:00:00,EURJPY,fx,-0.440443,Neutral,1.489874,0.552419,Neutral
2026-01-16 21:00:00,EURCHF,fx,1.267015,Bullish,2.617228,1.051518,Bullish
2026-01-16 21:00:00,EURAUD,fx,0.482440,Neutral,0.287426,0.144872,Neutral
2026-01-16 21:00:00,EURNZD,fx,-0.839753,Neutral,-1.110487,-0.729145,Bearish
2026-01-16 21:00:00,EURCAD,fx,0.574463,Neutral,0.829992,0.457296,Neutral
2026-01-16 21:00:00,GBPJPY,fx,-1.107138,Bearish,1.551586,0.500835,Neutral
2026-01-16 21:00:00,GBPCHF,fx,0.593847,Neutral,2.678940,0.844293,Bullish
2026-01-16 21:00:00,GBPAUD,fx,-0.151617,Neutral,0.349139,0.187105,Neutral
2026-01-16 21:00:00,GBPNZD,fx,-1.512921,Bearish,-1.048775,-0.566905,Neutral
2026-01-16 21:00:00,GBPCAD,fx,-0.054027,Neutral,0.891704,0.392475,Neutral
2026-01-16 21:00:00,AUDJPY,fx,-0.624965,Neutral,1.202448,0.482717,Neutral
2026-01-16 21:00:00,NZDJPY,fx,1.565546,Bullish,2.600361,0.912728,Bullish
2026-01-16 21:00:00,CADJPY,fx,-0.731646,Neutral,0.659882,0.255274,Neutral
2026-01-16 21:00:00,CHFJPY,fx,-0.541222,Neutral,-1.127354,-0.568223,Neutral
2026-01-16 21:00:00,AUDNZD,fx,-1.486930,Bearish,-1.397913,-0.804323,Bearish
2026-01-16 21:00:00,AUDCAD,fx,0.064559,Neutral,0.542565,0.257506,Neutral
2026-01-16 21:00:00,AUDCHF,fx,0.619838,Neutral,2.329802,0.884175,Bullish
2026-01-16 21:00:00,NZDCAD,fx,1.423872,Bullish,1.940479,1.200049,Bullish
2026-01-16 21:00:00,NZDCHF,fx,2.106768,Very Bullish,3.727715,1.370988,Bullish
2026-01-16 21:00:00,CADCHF,fx,0.682896,Neutral,1.787236,0.760850,Bullish
2026-01-16 21:00:00,DJIA,cross,-0.694242,Neutral,0.339366,0.195600,Neutral
2026-01-16 21:00:00,SP500,cross,-0.694242,Neutral,0.339366,0.195600,Neutral
2026-01-16 21:00:00,NASDAQ,cross,-0.694242,Neutral,0.339366,0.195600,Neutral
2026-01-16 21:00:00,DAX,cross,2.743154,Bullish,1.838539,1.011854,Bullish
2026-01-16 21:00:00,NIKKEI,cross,-2.733460,Bearish,0.000000,0.000000,Neutral
2026-01-16 21:00:00,FTSE100,cross,3.332443,Bullish,3.610625,1.924640,Very Bullish
2026-01-16 21:00:00,GOLD,cross,-1.515664,Neutral,-0.840527,-0.476760,Neutral
2026-01-16 21:00:00,SILVER,cross,-0.506514,Neutral,-0.396501,-0.225413,Neutral
2026-01-23 21:00:00,US-DOLLAR,fx,1.212958,Bullish,1.397705,0.838958,Bullish
2026-01-23 21:00:00,EURUSD,fx,-0.638546,Neutral,-1.143235,-0.691612,Neutral
2026-01-23 21:00:00,GBPUSD,fx,-1.096638,Bearish,-1.049389,-0.525746,Neutral
2026-01-23 21:00:00,USDJPY,fx,0.483400,Neutral,3.381399,1.120039,Bullish
2026-01-23 21:00:00,USDCHF,fx,0.483575,Neutral,2.819539,0.999128,Bullish
2026-01-23 21:00:00,USDCAD,fx,1.619972,Bullish,2.702807,1.487511,Bullish
2026-01-23 21:00:00,AUDUSD,fx,-0.193827,Neutral,-0.062936,-0.028620,Neutral
2026-01-23 21:00:00,NZDUSD,fx,0.312921,Neutral,-0.701971,-0.454644,Neutral
2026-01-23 21:00:00,EURGBP,fx,0.472216,Neutral,-0.093846,-0.047517,Neutral
2026-01-23 21:00:00,EURJPY,fx,-0.351568,Neutral,2.238164,0.829872,Bullish
2026-01-23 21:00:00,EURCHF,fx,0.409160,Neutral,1.676304,0.673485,Neutral
2026-01-23 21:00:00,EURAUD,fx,-0.479885,Neutral,-1.080299,-0.544505,Neutral
2026-01-23 21:00:00,EURNZD,fx,-0.387336,Neutral,-0.441264,-0.289733,Neutral
2026-01-23 21:00:00,EURCAD,fx,0.881515,Neutral,1.559572,0.859269,Bullish
2026-01-23 21:00:00,GBPJPY,fx,-0.737750,Neutral,2.332010,0.752747,Bullish
2026-01-23 21:00:00,GBPCHF,fx,-0.063314,Neutral,1.770150,0.557879,Neutral
2026-01-23 21:00:00,GBPAUD,fx,-0.839902,Neutral,-0.986453,-0.528646,Neutral
2026-01-23 21:00:00,GBPNZD,fx,-0.859810,Neutral,-0.347418,-0.187794,Neutral
2026-01-23 21:00:00,GBPCAD,fx,0.443716,Neutral,1.653418,0.727737,Bullish
2026-01-23 21:00:00,AUDJPY,fx,0.379503,Neutral,3.318463,1.332181,Bullish
2026-01-23 21:00:00,NZDJPY,fx,1.447386,Bullish,2.679428,0.940480,Bullish
2026-01-23 21:00:00,CADJPY,fx,-0.914848,Bearish,0.678592,0.262511,Neutral
2026-01-23 21:00:00,CHFJPY,fx,0.650891,Neutral,0.561860,0.283196,Neutral
2026-01-23 21:00:00,AUDNZD,fx,-0.255386,Neutral,0.639035,0.367684,Neutral
2026-01-23 21:00:00,AUDCAD,fx,1.212371,Bullish,2.639871,1.252905,Bullish
2026-01-23 21:00:00,AUDCHF,fx,0.541109,Neutral,2.756603,1.046149,Bullish
2026-01-23 21:00:00,NZDCAD,fx,1.463824,Bullish,2.000836,1.237376,Bullish
2026-01-23 21:00:00,NZDCHF,fx,0.796495,Neutral,2.117568,0.778804,Bullish
2026-01-23 21:00:00,CADCHF,fx,-0.667329,Neutral,0.116732,0.049694,Neutral
2026-01-23 21:00:00,DJIA,cross,-0.252260,Neutral,0.101402,0.058445,Neutral
2026-01-23 21:00:00,SP500,cross,-0.252260,Neutral,0.101402,0.058445,Neutral
2026-01-23 21:00:00,NASDAQ,cross,-0.252260,Neutral,0.101402,0.058445,Neutral
2026-01-23 21:00:00,DAX,cross,2.951156,Bullish,1.222847,0.673003,Bullish
2026-01-23 21:00:00,NIKKEI,cross,-3.039228,Bearish,-0.975494,-0.665866,Bearish
2026-01-23 21:00:00,FTSE100,cross,0.386503,Neutral,0.000000,0.000000,Neutral
2026-01-23 21:00:00,GOLD,cross,-1.696987,Neutral,-0.947703,-0.537551,Neutral
2026-01-23 21:00:00,SILVER,cross,-0.687837,Neutral,-0.503677,-0.286343,Neutral
2026-01-30 21:00:00,US-DOLLAR,fx,0.554011,Neutral,0.837927,0.502957,Neutral
2026-01-30 21:00:00,EURUSD,fx,-0.859746,Neutral,-1.429480,-0.864779,Bearish
2026-01-30 21:00:00,GBPUSD,fx,-0.757737,Neutral,-0.701117,-0.351261,Neutral
2026-01-30 21:00:00,USDJPY,fx,0.532665,Neutral,3.707682,1.228116,Bullish
2026-01-30 21:00:00,USDCHF,fx,0.370034,Neutral,2.471267,0.875715,Bullish
2026-01-30 21:00:00,USDCAD,fx,1.492206,Bullish,2.751484,1.514301,Very Bullish
2026-01-30 21:00:00,AUDUSD,fx,0.627015,Neutral,1.021388,0.464478,Neutral
2026-01-30 21:00:00,NZDUSD,fx,0.299157,Neutral,-0.565204,-0.366065,Neutral
2026-01-30 21:00:00,EURGBP,fx,-0.252930,Neutral,-0.728364,-0.368792,Neutral
2026-01-30 21:00:00,EURJPY,fx,-0.494532,Neutral,2.278201,0.844717,Bullish
2026-01-30 21:00:00,EURCHF,fx,0.027247,Neutral,1.041786,0.418556,Neutral
2026-01-30 21:00:00,EURAUD,fx,-1.645652,Bearish,-2.450868,-1.235316,Bearish
2026-01-30 21:00:00,EURNZD,fx,-0.641944,Neutral,-0.864276,-0.567482,Neutral
2026-01-30 21:00:00,EURCAD,fx,0.583256,Neutral,1.322004,0.728377,Bullish
2026-01-30 21:00:00,GBPJPY,fx,-0.397866,Neutral,3.006565,0.970486,Bullish
2026-01-30 21:00:00,GBPCHF,fx,-0.063314,Neutral,1.770150,0.557879,Neutral
2026-01-30 21:00:00,GBPAUD,fx,-1.391582,Bearish,-1.722504,-0.923100,Bearish
2026-01-30 21:00:00,GBPNZD,fx,-0.732506,Neutral,-0.135912,-0.073466,Neutral
2026-01-30 21:00:00,GBPCAD,fx,0.710657,Neutral,2.050368,0.902451,Bullish
2026-01-30 21:00:00,AUDJPY,fx,1.303781,Bullish,4.729069,1.898462,Very Bullish
2026-01-30 21:00:00,NZDJPY,fx,1.638680,Bullish,3.142477,1.103011,Bullish
2026-01-30 21:00:00,CADJPY,fx,-0.814035,Neutral,0.956197,0.369902,Neutral
2026-01-30 21:00:00,CHFJPY,fx,0.969489,Bullish,1.236415,0.623193,Neutral
2026-01-30 21:00:00,AUDNZD,fx,0.348628,Neutral,1.586592,0.912884,Bullish
2026-01-30 21:00:00,AUDCAD,fx,1.959834,Very Bullish,3.772872,1.790637,Very Bullish
2026-01-30 21:00:00,AUDCHF,fx,1.017819,Bullish,3.492654,1.325486,Bullish
2026-01-30 21:00:00,NZDCAD,fx,1.687113,Bullish,2.186280,1.352059,Bullish
2026-01-30 21:00:00,NZDCHF,fx,0.669191,Neutral,1.906062,0.701016,Bullish
2026-01-30 21:00:00,CADCHF,fx,-1.017922,Bearish,-0.280218,-0.119292,Neutral
2026-01-30 21:00:00,DJIA,cross,-0.414084,Neutral,0.000000,0.000000,Neutral
2026-01-30 21:00:00,SP500,cross,-0.414084,Neutral,0.000000,0.000000,Neutral
2026-01-30 21:00:00,NASDAQ,cross,-0.414084,Neutral,0.000000,0.000000,Neutral
2026-01-30 21:00:00,DAX,cross,2.877981,Bullish,1.328171,0.730969,Bullish
2026-01-30 21:00:00,NIKKEI,cross,-4.006968,Very Bearish,-1.980175,-1.351655,Bearish
2026-01-30 21:00:00,FTSE100,cross,0.050184,Neutral,0.000000,0.000000,Neutral
2026-01-30 21:00:00,GOLD,cross,-0.231877,Neutral,-0.066139,-0.037515,Neutral
2026-01-30 21:00:00,SILVER,cross,0.440890,Neutral,0.229878,0.130687,Neutral
2026-02-06 21:00:00,US-DOLLAR,fx,0.216971,Neutral,0.450497,0.270406,Neutral
2026-02-06 21:00:00,EURUSD,fx,-1.027782,Bearish,-1.756980,-1.062904,Bearish
2026-02-06 21:00:00,GBPUSD,fx,-0.451755,Neutral,0.118882,0.059560,Neutral
2026-02-06 21:00:00,USDJPY,fx,0.838896,Neutral,3.548134,1.175268,Bullish
2026-02-06 21:00:00,USDCHF,fx,-1.645744,Bearish,0.206266,0.073092,Neutral
2026-02-06 21:00:00,USDCAD,fx,0.805763,Neutral,1.451408,0.798794,Bullish
2026-02-06 21:00:00,AUDUSD,fx,0.879642,Neutral,1.523452,0.692793,Neutral
2026-02-06 21:00:00,NZDUSD,fx,-0.250397,Neutral,-1.105557,-0.716034,Bearish
2026-02-06 21:00:00,EURGBP,fx,-0.701410,Neutral,-1.875862,-0.949804,Bearish
2026-02-06 21:00:00,EURJPY,fx,-0.488567,Neutral,1.791154,0.664128,Neutral
2026-02-06 21:00:00,EURCHF,fx,-2.358821,Very Bearish,-1.550714,-0.623027,Neutral
2026-02-06 21:00:00,EURAUD,fx,-2.151922,Very Bearish,-3.280433,-1.653444,Very Bearish
2026-02-06 21:00:00,EURNZD,fx,-0.462680,Neutral,-0.651424,-0.427724,Neutral
2026-02-06 21:00:00,EURCAD,fx,-0.258994,Neutral,-0.305572,-0.168359,Neutral
2026-02-06 21:00:00,GBPJPY,fx,0.192892,Neutral,3.667016,1.183672,Bullish
2026-02-06 21:00:00,GBPCHF,fx,-1.716471,Bearish,0.325148,0.102473,Neutral
2026-02-06 21:00:00,GBPAUD,fx,-1.368439,Bearish,-1.404571,-0.752717,Bearish
2026-02-06 21:00:00,GBPNZD,fx,0.179670,Neutral,1.224438,0.661858,Neutral
2026-02-06 21:00:00,GBPCAD,fx,0.352619,Neutral,1.570290,0.691149,Neutral
2026-02-06 21:00:00,AUDJPY,fx,1.817676,Bullish,5.071586,2.035964,Very Bullish
2026-02-06 21:00:00,NZDJPY,fx,1.108823,Bullish,2.442578,0.857346,Bullish
2026-02-06 21:00:00,CADJPY,fx,0.156357,Neutral,2.096726,0.811112,Bullish
2026-02-06 21:00:00,CHFJPY,fx,2.842828,Very Bullish,3.341868,1.684409,Very Bullish
2026-02-06 21:00:00,AUDNZD,fx,1.005790,Bullish,2.629009,1.512663,Very Bullish
2026-02-06 21:00:00,AUDCAD,fx,1.541932,Bullish,2.974860,1.411894,Bullish
2026-02-06 21:00:00,AUDCHF,fx,-0.890351,Bearish,1.729718,0.656440,Neutral
2026-02-06 21:00:00,NZDCAD,fx,0.235165,Neutral,0.345852,0.213885,Neutral
2026-02-06 21:00:00,NZDCHF,fx,-1.896141,Bearish,-0.899291,-0.330743,Neutral
2026-02-06 21:00:00,CADCHF,fx,-2.131306,Very Bearish,-1.245142,-0.530073,Neutral
2026-02-06 21:00:00,DJIA,cross,-0.668682,Neutral,-0.531174,-0.306152,Neutral
2026-02-06 21:00:00,SP500,cross,-0.668682,Neutral,-0.531174,-0.306152,Neutral
2026-02-06 21:00:00,NASDAQ,cross,-0.668682,Neutral,-0.531174,-0.306152,Neutral
2026-02-06 21:00:00,DAX,cross,1.311581,Neutral,0.555556,0.305754,Neutral
2026-02-06 21:00:00,NIKKEI,cross,-3.737551,Very Bearish,-1.980175,-1.351655,Bearish
2026-02-06 21:00:00,FTSE100,cross,1.195725,Neutral,0.825221,0.439883,Neutral
2026-02-06 21:00:00,GOLD,cross,1.085858,Neutral,1.001268,0.567934,Neutral
2026-02-06 21:00:00,SILVER,cross,1.422241,Neutral,1.149276,0.653369,Bullish
2026-02-13 21:00:00,US-DOLLAR,fx,-0.054052,Neutral,0.894635,0.536996,Neutral
2026-02-13 21:00:00,EURUSD,fx,-0.219195,Neutral,-1.353451,-0.818785,Bearish
2026-02-13 21:00:00,GBPUSD,fx,-0.286144,Neutral,-1.104426,-0.553320,Neutral
2026-02-13 21:00:00,USDJPY,fx,-0.692169,Neutral,2.544583,0.842856,Bullish
2026-02-13 21:00:00,USDCHF,fx,-1.162541,Bearish,1.157733,0.410253,Neutral
2026-02-13 21:00:00,USDCAD,fx,0.389856,Neutral,1.895546,1.043228,Bullish
2026-02-13 21:00:00,AUDUSD,fx,1.088574,Bullish,0.461546,0.209889,Neutral
2026-02-13 21:00:00,NZDUSD,fx,-0.296842,Neutral,-1.549694,-1.003688,Bearish
2026-02-13 21:00:00,EURGBP,fx,-0.035992,Neutral,-0.249025,-0.126089,Neutral
2026-02-13 21:00:00,EURJPY,fx,-1.151000,Bearish,1.191132,0.441651,Neutral
2026-02-13 21:00:00,EURCHF,fx,-1.397366,Bearish,-0.195718,-0.078633,Neutral
2026-02-13 21:00:00,EURAUD,fx,-1.432360,Bearish,-1.814997,-0.914817,Bearish
2026-02-13 21:00:00,EURNZD,fx,0.062018,Neutral,0.196243,0.128853,Neutral
2026-02-13 21:00:00,EURCAD,fx,0.157703,Neutral,0.542095,0.298675,Neutral
2026-02-13 21:00:00,GBPJPY,fx,-1.170416,Bearish,1.440157,0.464867,Neutral
2026-02-13 21:00:00,GBPCHF,fx,-1.725886,Bearish,0.053307,0.016800,Neutral
2026-02-13 21:00:00,GBPAUD,fx,-1.550000,Bearish,-1.565972,-0.839213,Bearish
2026-02-13 21:00:00,GBPNZD,fx,-0.266503,Neutral,0.445268,0.240685,Neutral
2026-02-13 21:00:00,GBPCAD,fx,0.073476,Neutral,0.791120,0.348204,Neutral
2026-02-13 21:00:00,AUDJPY,fx,0.654862,Neutral,3.006129,1.206796,Bullish
2026-02-13 21:00:00,NZDJPY,fx,0.059428,Neutral,0.994889,0.349206,Neutral
2026-02-13 21:00:00,CADJPY,fx,-0.931710,Bearish,0.649037,0.251078,Neutral
2026-02-13 21:00:00,CHFJPY,fx,1.518812,Bullish,1.386850,0.699017,Neutral
2026-02-13 21:00:00,AUDNZD,fx,0.527892,Neutral,2.011240,1.157215,Bullish
2026-02-13 21:00:00,AUDCAD,fx,1.453510,Bullish,2.357092,1.118696,Bullish
2026-02-13 21:00:00,AUDCHF,fx,-0.931491,Bearish,1.619279,0.614527,Neutral
2026-02-13 21:00:00,NZDCAD,fx,0.235165,Neutral,0.345852,0.213885,Neutral
2026-02-13 21:00:00,NZDCHF,fx,-1.459384,Bearish,-0.391961,-0.144156,Neutral
2026-02-13 21:00:00,CADCHF,fx,-1.694549,Bearish,-0.737813,-0.314097,Neutral
2026-02-13 21:00:00,DJIA,cross,1.898078,Bullish,1.033263,0.595541,Neutral
2026-02-13 21:00:00,SP500,cross,1.898078,Bullish,1.033263,0.595541,Neutral
2026-02-13 21:00:00,NASDAQ,cross,1.898078,Bullish,1.033263,0.595541,Neutral
2026-02-13 21:00:00,DAX,cross,3.454167,Bullish,1.648244,0.907124,Bullish
2026-02-13 21:00:00,NIKKEI,cross,-0.788547,Neutral,-0.454024,-0.309914,Neutral
2026-02-13 21:00:00,FTSE100,cross,0.333028,Neutral,-0.338072,-0.180209,Neutral
2026-02-13 21:00:00,GOLD,cross,1.324471,Neutral,0.335959,0.190561,Neutral
2026-02-13 21:00:00,SILVER,cross,1.324471,Neutral,0.335959,0.190994,Neutral
2026-02-20 21:00:00,US-DOLLAR,fx,-0.422921,Neutral,0.816810,0.490282,Neutral
2026-02-20 21:00:00,EURUSD,fx,-0.064213,Neutral,-1.275626,-0.771704,Bearish
2026-02-20 21:00:00,GBPUSD,fx,-0.732178,Neutral,-2.048391,-1.026248,Bearish
2026-02-20 21:00:00,USDJPY,fx,-0.703811,Neutral,2.003709,0.663700,Neutral
2026-02-20 21:00:00,USDCHF,fx,-1.058017,Bearish,1.079908,0.382675,Neutral
2026-02-20 21:00:00,USDCAD,fx,0.015853,Neutral,1.151211,0.633578,Neutral
2026-02-20 21:00:00,AUDUSD,fx,0.459958,Neutral,-0.902089,-0.410227,Neutral
2026-02-20 21:00:00,NZDUSD,fx,-0.401366,Neutral,-1.471869,-0.953283,Bearish
2026-02-20 21:00:00,EURGBP,fx,0.877491,Neutral,0.772764,0.391273,Neutral
2026-02-20 21:00:00,EURJPY,fx,-0.796299,Neutral,0.728083,0.269960,Neutral
2026-02-20 21:00:00,EURCHF,fx,-1.397366,Bearish,-0.195718,-0.078633,Neutral
2026-02-20 21:00:00,EURAUD,fx,-0.781581,Neutral,-0.373538,-0.188275,Neutral
2026-02-20 21:00:00,EURNZD,fx,0.062018,Neutral,0.196243,0.128853,Neutral
2026-02-20 21:00:00,EURCAD,fx,-0.016540,Neutral,-0.124415,-0.068548,Neutral
2026-02-20 21:00:00,GBPJPY,fx,-1.510477,Bearish,-0.044681,-0.014423,Neutral
2026-02-20 21:00:00,GBPCHF,fx,-2.228452,Very Bearish,-0.968482,-0.305226,Neutral
2026-02-20 21:00:00,GBPAUD,fx,-1.334334,Bearish,-1.146302,-0.614310,Neutral
2026-02-20 21:00:00,GBPNZD,fx,-0.769069,Neutral,-0.576521,-0.311633,Neutral
2026-02-20 21:00:00,GBPCAD,fx,-0.729570,Neutral,-0.897179,-0.394885,Neutral
2026-02-20 21:00:00,AUDJPY,fx,0.113377,Neutral,1.101620,0.442240,Neutral
2026-02-20 21:00:00,NZDJPY,fx,-0.131866,Neutral,0.531840,0.186676,Neutral
2026-02-20 21:00:00,CADJPY,fx,-0.529906,Neutral,0.852498,0.329786,Neutral
2026-02-20 21:00:00,CHFJPY,fx,1.327518,Bullish,0.923801,0.465626,Neutral
2026-02-20 21:00:00,AUDNZD,fx,-0.266894,Neutral,0.569780,0.327837,Neutral
2026-02-20 21:00:00,AUDCAD,fx,0.438481,Neutral,0.249122,0.118236,Neutral
2026-02-20 21:00:00,AUDCHF,fx,-1.726277,Bearish,0.177819,0.067484,Neutral
2026-02-20 21:00:00,NZDCAD,fx,-0.288944,Neutral,-0.320658,-0.198304,Neutral
2026-02-20 21:00:00,NZDCHF,fx,-1.459384,Bearish,-0.391961,-0.144156,Neutral
2026-02-20 21:00:00,CADCHF,fx,-1.170440,Bearish,-0.071303,-0.030355,Neutral
2026-02-20 21:00:00,DJIA,cross,1.125774,Neutral,-0.596208,-0.343636,Neutral
2026-02-20 21:00:00,SP500,cross,1.125774,Neutral,-0.596208,-0.343636,Neutral
2026-02-20 21:00:00,NASDAQ,cross,1.125774,Neutral,-0.596208,-0.343636,Neutral
2026-02-20 21:00:00,DAX,cross,3.990307,Very Bullish,1.756574,0.966744,Bullish
2026-02-20 21:00:00,NIKKEI,cross,1.440272,Neutral,0.000000,0.000000,Neutral
2026-02-20 21:00:00,FTSE100,cross,1.007071,Neutral,-0.563698,-0.300479,Neutral
2026-02-20 21:00:00,GOLD,cross,1.182209,Neutral,-0.137802,-0.078163,Neutral
2026-02-20 21:00:00,SILVER,cross,1.518592,Neutral,0.010206,0.005802,Neutral
2026-02-27 21:00:00,US-DOLLAR,fx,-0.949663,Bearish,0.257032,0.154281,Neutral
2026-02-27 21:00:00,EURUSD,fx,0.040592,Neutral,-0.927354,-0.561013,Neutral
2026-02-27 21:00:00,GBPUSD,fx,-0.781314,Neutral,-1.488612,-0.745798,Bearish
2026-02-27 21:00:00,USDJPY,fx,-1.119117,Bearish,0.611164,0.202439,Neutral
2026-02-27 21:00:00,USDCHF,fx,-0.607496,Neutral,1.450471,0.513987,Neutral
2026-02-27 21:00:00,USDCAD,fx,-0.305637,Neutral,0.194484,0.107036,Neutral
2026-02-27 21:00:00,AUDUSD,fx,-0.263158,Neutral,-1.433858,-0.652050,Neutral
2026-02-27 21:00:00,NZDUSD,fx,-0.893027,Bearish,-1.834070,-1.187869,Bearish
2026-02-27 21:00:00,EURGBP,fx,1.259062,Bullish,0.561258,0.284181,Neutral
2026-02-27 21:00:00,EURJPY,fx,-1.008585,Bearish,-0.316190,-0.117238,Neutral
2026-02-27 21:00:00,EURCHF,fx,-0.833304,Neutral,0.523117,0.210172,Neutral
2026-02-27 21:00:00,EURAUD,fx,0.307888,Neutral,0.506504,0.255294,Neutral
2026-02-27 21:00:00,EURNZD,fx,0.667219,Neutral,0.906716,0.595348,Neutral
2026-02-27 21:00:00,EURCAD,fx,-0.266004,Neutral,-0.732871,-0.403785,Neutral
2026-02-27 21:00:00,GBPJPY,fx,-1.859844,Bearish,-0.877448,-0.283231,Neutral
2026-02-27 21:00:00,GBPCHF,fx,-1.537087,Bearish,-0.038141,-0.012021,Neutral
2026-02-27 21:00:00,GBPAUD,fx,-0.433303,Neutral,-0.054755,-0.029343,Neutral
2026-02-27 21:00:00,GBPNZD,fx,-0.036563,Neutral,0.345457,0.186734,Neutral
2026-02-27 21:00:00,GBPCAD,fx,-1.072186,Bearish,-1.294129,-0.569599,Neutral
2026-02-27 21:00:00,AUDJPY,fx,-0.998952,Bearish,-0.822694,-0.330266,Neutral
2026-02-27 21:00:00,NZDJPY,fx,-1.230368,Bearish,-1.222906,-0.429240,Neutral
2026-02-27 21:00:00,CADJPY,fx,-0.533067,Neutral,0.416681,0.161192,Neutral
2026-02-27 21:00:00,CHFJPY,fx,0.270155,Neutral,-0.839307,-0.423038,Neutral
2026-02-27 21:00:00,AUDNZD,fx,-0.314293,Neutral,0.400212,0.230272,Neutral
2026-02-27 21:00:00,AUDCAD,fx,-0.667148,Neutral,-1.239374,-0.588218,Neutral
2026-02-27 21:00:00,AUDCHF,fx,-1.814816,Bearish,0.016613,0.006305,Neutral
2026-02-27 21:00:00,NZDCAD,fx,-1.372042,Bearish,-1.639586,-1.013968,Bearish
2026-02-27 21:00:00,NZDCHF,fx,-1.500523,Bearish,-0.383599,-0.141081,Neutral
2026-02-27 21:00:00,CADCHF,fx,-0.128481,Neutral,1.255988,0.534690,Neutral
2026-02-27 21:00:00,DJIA,cross,1.286461,Neutral,-1.124773,-0.648284,Neutral
2026-02-27 21:00:00,SP500,cross,1.286461,Neutral,-1.124773,-0.648284,Neutral
2026-02-27 21:00:00,NASDAQ,cross,1.286461,Neutral,-1.124773,-0.648284,Neutral
2026-02-27 21:00:00,DAX,cross,4.422273,Very Bullish,1.803031,0.992312,Bullish
2026-02-27 21:00:00,NIKKEI,cross,2.735779,Bullish,0.000000,0.000000,Neutral
2026-02-27 21:00:00,FTSE100,cross,1.822378,Bullish,-0.551713,-0.294090,Neutral
2026-02-27 21:00:00,GOLD,cross,1.986496,Bullish,0.052169,0.029591,Neutral
2026-02-27 21:00:00,SILVER,cross,2.659262,Bullish,0.348186,0.197945,Neutral
2026-03-06 21:00:00,US-DOLLAR,fx,-0.738254,Neutral,-0.228007,-0.136859,Neutral
2026-03-06 21:00:00,EURUSD,fx,2.224323,Very Bullish,3.019690,1.826794,Very Bullish
2026-03-06 21:00:00,GBPUSD,fx,-0.302659,Neutral,-0.792068,-0.396828,Neutral
2026-03-06 21:00:00,USDJPY,fx,-0.135122,Neutral,0.426958,0.141424,Neutral
2026-03-06 21:00:00,USDCHF,fx,2.108248,Very Bullish,3.527163,1.249880,Bullish
2026-03-06 21:00:00,USDCAD,fx,-0.317631,Neutral,-0.290555,-0.159909,Neutral
2026-03-06 21:00:00,AUDUSD,fx,0.025296,Neutral,0.189339,0.086102,Neutral
2026-03-06 21:00:00,NZDUSD,fx,-0.665945,Neutral,-1.137526,-0.736739,Bearish
2026-03-06 21:00:00,EURGBP,fx,2.631113,Very Bullish,3.811759,1.930004,Very Bullish
2026-03-06 21:00:00,EURJPY,fx,2.332252,Very Bullish,3.446649,1.277956,Bullish
2026-03-06 21:00:00,EURCHF,fx,4.367500,Very Bullish,6.546853,2.630315,Very Bullish
2026-03-06 21:00:00,EURAUD,fx,2.205606,Very Bullish,2.830351,1.426588,Bullish
2026-03-06 21:00:00,EURNZD,fx,3.087334,Very Bullish,4.157216,2.729623,Very Bullish
2026-03-06 21:00:00,EURCAD,fx,1.893337,Bullish,2.729136,1.503656,Bullish
2026-03-06 21:00:00,GBPJPY,fx,-0.410341,Neutral,-0.365110,-0.117853,Neutral
2026-03-06 21:00:00,GBPCHF,fx,1.405740,Bullish,2.735094,0.861990,Bullish
2026-03-06 21:00:00,GBPAUD,fx,-0.296366,Neutral,-0.981407,-0.525942,Neutral
2026-03-06 21:00:00,GBPNZD,fx,-0.036563,Neutral,0.345457,0.186734,Neutral
2026-03-06 21:00:00,GBPCAD,fx,-0.649016,Neutral,-1.082623,-0.476507,Neutral
2026-03-06 21:00:00,AUDJPY,fx,-0.018731,Neutral,0.616297,0.247410,Neutral
2026-03-06 21:00:00,NZDJPY,fx,-0.832975,Neutral,-0.710567,-0.249409,Neutral
2026-03-06 21:00:00,CADJPY,fx,0.138118,Neutral,0.717513,0.277568,Neutral
2026-03-06 21:00:00,CHFJPY,fx,-2.275278,Very Bearish,-3.100204,-1.562603,Very Bearish
2026-03-06 21:00:00,AUDNZD,fx,0.402553,Neutral,1.326865,0.763443,Bullish
2026-03-06 21:00:00,AUDCAD,fx,-0.331765,Neutral,-0.101216,-0.048038,Neutral
2026-03-06 21:00:00,AUDCHF,fx,1.844856,Bullish,3.716502,1.410437,Bullish
2026-03-06 21:00:00,NZDCAD,fx,-1.244738,Bearish,-1.428080,-0.883167,Bearish
2026-03-06 21:00:00,NZDCHF,fx,1.442303,Bullish,2.389637,0.878866,Bullish
2026-03-06 21:00:00,CADCHF,fx,2.524905,Very Bullish,3.817717,1.625252,Very Bullish
2026-03-06 21:00:00,DJIA,cross,-0.269943,Neutral,-2.313117,-1.333209,Bearish
2026-03-06 21:00:00,SP500,cross,-0.269943,Neutral,-2.313117,-1.333209,Bearish
2026-03-06 21:00:00,NASDAQ,cross,-0.269943,Neutral,-2.313117,-1.333209,Bearish
2026-03-06 21:00:00,DAX,cross,-0.597377,Neutral,-1.721331,-0.947348,Bearish
2026-03-06 21:00:00,NIKKEI,cross,1.444947,Neutral,0.000000,0.000000,Neutral
2026-03-06 21:00:00,FTSE100,cross,0.417307,Neutral,-0.886759,-0.472686,Neutral
2026-03-06 21:00:00,GOLD,cross,2.912517,Bullish,0.997484,0.565788,Neutral
2026-03-06 21:00:00,SILVER,cross,2.912517,Bullish,0.997484,0.567074,Neutral
2026-03-13 21:00:00,US-DOLLAR,fx,0.296535,Neutral,-0.081838,-0.049123,Neutral
2026-03-13 21:00:00,EURUSD,fx,2.399503,Very Bullish,3.085028,1.866320,Very Bullish
2026-03-13 21:00:00,GBPUSD,fx,0.418417,Neutral,-0.726731,-0.364094,Neutral
2026-03-13 21:00:00,USDJPY,fx,0.615516,Neutral,0.942845,0.312304,Neutral
2026-03-13 21:00:00,USDCHF,fx,1.858619,Bullish,3.461826,1.226728,Bullish
2026-03-13 21:00:00,USDCAD,fx,0.549615,Neutral,1.502153,0.826722,Bullish
2026-03-13 21:00:00,AUDUSD,fx,-0.009508,Neutral,0.043170,0.019632,Neutral
2026-03-13 21:00:00,NZDUSD,fx,-0.416317,Neutral,-1.072188,-0.694423,Neutral
2026-03-13 21:00:00,EURGBP,fx,1.733325,Bullish,3.811759,1.930004,Very Bullish
2026-03-13 21:00:00,EURJPY,fx,3.000228,Very Bullish,4.027872,1.493464,Bullish
2026-03-13 21:00:00,EURCHF,fx,4.367500,Very Bullish,6.546853,2.630315,Very Bullish
2026-03-13 21:00:00,EURAUD,fx,2.415424,Very Bullish,3.041857,1.533194,Very Bullish
2026-03-13 21:00:00,EURNZD,fx,3.087334,Very Bullish,4.157216,2.729623,Very Bullish
2026-03-13 21:00:00,EURCAD,fx,2.963767,Very Bullish,4.587181,2.527372,Very Bullish
2026-03-13 21:00:00,GBPJPY,fx,0.657306,Neutral,0.216114,0.069759,Neutral
2026-03-13 21:00:00,GBPCHF,fx,1.405740,Bullish,2.735094,0.861990,Bullish
2026-03-13 21:00:00,GBPAUD,fx,0.343701,Neutral,-0.769901,-0.412594,Neutral
2026-03-13 21:00:00,GBPNZD,fx,-0.036563,Neutral,0.345457,0.186734,Neutral
2026-03-13 21:00:00,GBPCAD,fx,0.909589,Bullish,0.775422,0.341295,Neutral
2026-03-13 21:00:00,AUDJPY,fx,0.620435,Neutral,0.986015,0.395831,Neutral
2026-03-13 21:00:00,NZDJPY,fx,-0.530968,Neutral,-0.129344,-0.045400,Neutral
2026-03-13 21:00:00,CADJPY,fx,-0.026478,Neutral,-0.559309,-0.216367,Neutral
2026-03-13 21:00:00,CHFJPY,fx,-1.973271,Very Bearish,-2.518981,-1.269647,Bearish
2026-03-13 21:00:00,AUDNZD,fx,0.275249,Neutral,1.115359,0.641748,Neutral
2026-03-13 21:00:00,AUDCAD,fx,0.559599,Neutral,1.545324,0.733424,Bullish
2026-03-13 21:00:00,AUDCHF,fx,1.717552,Bullish,3.504996,1.330169,Bullish
2026-03-13 21:00:00,NZDCAD,fx,0.344834,Neutral,0.429965,0.265903,Neutral
2026-03-13 21:00:00,NZDCHF,fx,1.442303,Bullish,2.389637,0.878866,Bullish
2026-03-13 21:00:00,CADCHF,fx,1.097469,Bullish,1.959672,0.834258,Bullish
2026-03-13 21:00:00,DJIA,cross,-1.607280,Neutral,-0.505014,-0.291074,Neutral
2026-03-13 21:00:00,SP500,cross,-1.607280,Neutral,-0.505014,-0.291074,Neutral
2026-03-13 21:00:00,NASDAQ,cross,-1.607280,Neutral,-0.505014,-0.291074,Neutral
2026-03-13 21:00:00,DAX,cross,-3.245907,Bearish,-1.721331,-0.947348,Bearish
2026-03-13 21:00:00,NIKKEI,cross,0.057651,Neutral,0.000000,0.000000,Neutral
2026-03-13 21:00:00,FTSE100,cross,-2.450882,Bearish,-0.886759,-0.472686,Neutral
2026-03-13 21:00:00,GOLD,cross,-0.096049,Neutral,0.561631,0.318566,Neutral
2026-03-13 21:00:00,SILVER,cross,-0.096049,Neutral,0.561631,0.319290,Neutral
2026-03-20 21:00:00,US-DOLLAR,fx,0.919763,Bullish,0.411260,0.246855,Neutral
2026-03-20 21:00:00,EURUSD,fx,2.378321,Very Bullish,2.787059,1.686061,Very Bullish
2026-03-20 21:00:00,GBPUSD,fx,1.347851,Bullish,0.950388,0.476146,Neutral
2026-03-20 21:00:00,USDJPY,fx,1.426144,Bullish,2.126875,0.704496,Bullish
2026-03-20 21:00:00,USDCHF,fx,2.409302,Very Bullish,4.394312,1.557162,Very Bullish
2026-03-20 21:00:00,USDCAD,fx,1.912224,Bullish,4.106555,2.260074,Very Bullish
2026-03-20 21:00:00,AUDUSD,fx,-0.099663,Neutral,-0.123788,-0.056293,Neutral
2026-03-20 21:00:00,NZDUSD,fx,-0.585086,Neutral,-1.370157,-0.887408,Bearish
2026-03-20 21:00:00,EURGBP,fx,0.592486,Neutral,1.836671,0.929960,Bullish
2026-03-20 21:00:00,EURJPY,fx,3.366481,Very Bullish,4.913933,1.822000,Very Bullish
2026-03-20 21:00:00,EURCHF,fx,4.749413,Very Bullish,7.181371,2.885243,Very Bullish
2026-03-20 21:00:00,EURAUD,fx,2.421321,Very Bullish,2.910846,1.467160,Bullish
2026-03-20 21:00:00,EURNZD,fx,3.087334,Very Bullish,4.157216,2.729623,Very Bullish
2026-03-20 21:00:00,EURCAD,fx,4.323074,Very Bullish,6.893613,3.798134,Very Bullish
2026-03-20 21:00:00,GBPJPY,fx,1.691041,Bullish,3.077262,0.993306,Bullish
2026-03-20 21:00:00,GBPCHF,fx,2.720063,Very Bullish,5.344700,1.684431,Very Bullish
2026-03-20 21:00:00,GBPAUD,fx,1.437077,Bullish,1.074175,0.575657,Neutral
2026-03-20 21:00:00,GBPNZD,fx,0.895847,Bullish,2.320545,1.254349,Bullish
2026-03-20 21:00:00,GBPCAD,fx,3.394556,Very Bullish,5.056943,2.225767,Very Bullish
2026-03-20 21:00:00,AUDJPY,fx,1.130114,Bullish,2.003087,0.804130,Bullish
2026-03-20 21:00:00,NZDJPY,fx,-0.085066,Neutral,0.756717,0.265608,Neutral
2026-03-20 21:00:00,CADJPY,fx,-0.701860,Neutral,-1.979680,-0.765834,Bearish
2026-03-20 21:00:00,CHFJPY,fx,-1.909281,Bearish,-2.267437,-1.142862,Bearish
2026-03-20 21:00:00,AUDNZD,fx,0.275249,Neutral,1.246370,0.717129,Bullish
2026-03-20 21:00:00,AUDCAD,fx,1.883335,Bullish,3.982767,1.890255,Very Bullish
2026-03-20 21:00:00,AUDCHF,fx,2.099465,Very Bullish,4.270525,1.620692,Very Bullish
2026-03-20 21:00:00,NZDCAD,fx,2.079346,Very Bullish,2.736397,1.692268,Very Bullish
2026-03-20 21:00:00,NZDCHF,fx,1.824215,Bullish,3.024155,1.112231,Bullish
2026-03-20 21:00:00,CADCHF,fx,-0.255131,Neutral,0.287757,0.122502,Neutral
2026-03-20 21:00:00,DJIA,cross,-2.238009,Bearish,-0.871017,-0.502027,Neutral
2026-03-20 21:00:00,SP500,cross,-2.238009,Bearish,-0.871017,-0.502027,Neutral
2026-03-20 21:00:00,NASDAQ,cross,-2.238009,Bearish,-0.871017,-0.502027,Neutral
2026-03-20 21:00:00,DAX,cross,-3.136102,Bearish,-1.721331,-0.947348,Bearish
2026-03-20 21:00:00,NIKKEI,cross,-1.020360,Neutral,-0.212419,-0.144996,Neutral
2026-03-20 21:00:00,FTSE100,cross,0.838069,Neutral,1.675153,0.892938,Bullish
2026-03-20 21:00:00,GOLD,cross,-2.083074,Bearish,-0.330011,-0.187187,Neutral
2026-03-20 21:00:00,SILVER,cross,-1.746691,Bearish,-0.182003,-0.103469,Neutral
2026-03-27 21:00:00,US-DOLLAR,fx,1.074313,Bullish,0.613364,0.368166,Neutral
2026-03-27 21:00:00,EURUSD,fx,2.560976,Very Bullish,2.934232,1.775095,Very Bullish
2026-03-27 21:00:00,GBPUSD,fx,0.936509,Bullish,0.159341,0.079830,Neutral
2026-03-27 21:00:00,USDJPY,fx,1.973018,Very Bullish,3.373251,1.117341,Bullish
2026-03-27 21:00:00,USDCHF,fx,2.517863,Very Bullish,4.384910,1.553831,Very Bullish
2026-03-27 21:00:00,USDCAD,fx,1.784428,Bullish,4.097152,2.254899,Very Bullish
2026-03-27 21:00:00,AUDUSD,fx,-0.708933,Neutral,-1.374982,-0.625276,Neutral
2026-03-27 21:00:00,NZDUSD,fx,-0.948255,Bearish,-1.783767,-1.155289,Bearish
2026-03-27 21:00:00,EURGBP,fx,0.925778,Bullish,2.774891,1.405008,Bullish
2026-03-27 21:00:00,EURJPY,fx,3.915669,Very Bullish,6.307483,2.338703,Very Bullish
2026-03-27 21:00:00,EURCHF,fx,4.861057,Very Bullish,7.319142,2.940595,Very Bullish
2026-03-27 21:00:00,EURAUD,fx,3.030128,Very Bullish,4.309214,2.171983,Very Bullish
2026-03-27 21:00:00,EURNZD,fx,3.453586,Very Bullish,4.717999,3.097832,Very Bullish
2026-03-27 21:00:00,EURCAD,fx,4.390131,Very Bullish,7.031384,3.874041,Very Bullish
2026-03-27 21:00:00,GBPJPY,fx,1.826573,Bullish,3.532592,1.140282,Bullish
2026-03-27 21:00:00,GBPCHF,fx,2.237732,Very Bullish,4.544251,1.432162,Bullish
2026-03-27 21:00:00,GBPAUD,fx,1.933547,Very Bullish,1.534323,0.822253,Bullish
2026-03-27 21:00:00,GBPNZD,fx,0.668125,Neutral,1.943108,1.050329,Bullish
2026-03-27 21:00:00,GBPCAD,fx,3.111732,Very Bullish,4.256493,1.873457,Very Bullish
2026-03-27 21:00:00,AUDJPY,fx,0.975981,Bullish,1.998269,0.802195,Bullish
2026-03-27 21:00:00,NZDJPY,fx,0.280931,Neutral,1.589484,0.557910,Neutral
2026-03-27 21:00:00,CADJPY,fx,-0.202205,Neutral,-0.723901,-0.280039,Neutral
2026-03-27 21:00:00,CHFJPY,fx,-1.288676,Bearish,-1.011659,-0.509909,Neutral
2026-03-27 21:00:00,AUDNZD,fx,-0.296259,Neutral,0.408784,0.235204,Neutral
2026-03-27 21:00:00,AUDCAD,fx,1.212979,Bullish,2.722170,1.291965,Bullish
2026-03-27 21:00:00,AUDCHF,fx,1.273348,Bullish,3.009927,1.142287,Bullish
2026-03-27 21:00:00,NZDCAD,fx,1.824738,Bullish,2.313386,1.430665,Bullish
2026-03-27 21:00:00,NZDCHF,fx,1.569607,Bullish,2.601143,0.956654,Bullish
2026-03-27 21:00:00,CADCHF,fx,-0.255131,Neutral,0.287757,0.122502,Neutral
2026-03-27 21:00:00,DJIA,cross,-4.338525,Very Bearish,-2.174106,-1.253087,Bearish
2026-03-27 21:00:00,SP500,cross,-4.338525,Very Bearish,-2.174106,-1.253087,Bearish
2026-03-27 21:00:00,NASDAQ,cross,-4.338525,Very Bearish,-2.174106,-1.253087,Bearish
2026-03-27 21:00:00,DAX,cross,-3.320610,Bearish,-1.265593,-0.696529,Bearish
2026-03-27 21:00:00,NIKKEI,cross,-3.202313,Bearish,-0.666442,-0.454909,Neutral
2026-03-27 21:00:00,FTSE100,cross,0.026112,Neutral,1.359404,0.724629,Bullish
2026-03-27 21:00:00,GOLD,cross,-2.432608,Bearish,-0.894324,-0.507274,Neutral
2026-03-27 21:00:00,SILVER,cross,-2.432608,Bearish,-0.894324,-0.508428,Neutral
2026-04-03 21:00:00,US-DOLLAR,fx,2.405942,Very Bullish,2.354725,1.413400,Bullish
2026-04-03 21:00:00,EURUSD,fx,0.489742,Neutral,-2.321721,-1.404550,Bearish
2026-04-03 21:00:00,GBPUSD,fx,0.638035,Neutral,-1.370514,-0.686630,Neutral
2026-04-03 21:00:00,USDJPY,fx,1.697045,Bullish,4.427213,1.466450,Bullish
2026-04-03 21:00:00,USDCHF,fx,3.121447,Very Bullish,5.890253,2.087262,Very Bullish
2026-04-03 21:00:00,USDCAD,fx,2.405282,Very Bullish,5.838513,3.213271,Very Bullish
2026-04-03 21:00:00,AUDUSD,fx,-1.127727,Bearish,-3.327849,-1.513347,Very Bearish
2026-04-03 21:00:00,NZDUSD,fx,-1.515960,Bearish,-3.525128,-2.283114,Very Bearish
2026-04-03 21:00:00,EURGBP,fx,-1.027525,Bearish,-0.951208,-0.481624,Neutral
2026-04-03 21:00:00,EURJPY,fx,1.532691,Bullish,2.105491,0.780679,Bullish
2026-04-03 21:00:00,EURCHF,fx,2.517257,Very Bullish,3.568532,1.433721,Bullish
2026-04-03 21:00:00,EURAUD,fx,1.489861,Bullish,1.006128,0.507121,Neutral
2026-04-03 21:00:00,EURNZD,fx,0.911770,Bullish,1.203406,0.790155,Bullish
2026-04-03 21:00:00,EURCAD,fx,2.861190,Very Bullish,3.516792,1.937626,Very Bullish
2026-04-03 21:00:00,GBPJPY,fx,1.477262,Bullish,3.056699,0.986668,Bullish
2026-04-03 21:00:00,GBPCHF,fx,2.400916,Very Bullish,4.519740,1.424437,Bullish
2026-04-03 21:00:00,GBPAUD,fx,1.980030,Very Bullish,1.957335,1.048947,Bullish
2026-04-03 21:00:00,GBPNZD,fx,0.795430,Neutral,2.154614,1.164656,Bullish
2026-04-03 21:00:00,GBPCAD,fx,3.239036,Very Bullish,4.467999,1.966549,Very Bullish
2026-04-03 21:00:00,AUDJPY,fx,0.372061,Neutral,1.099364,0.441334,Neutral
2026-04-03 21:00:00,NZDJPY,fx,-0.354556,Neutral,0.902085,0.316632,Neutral
2026-04-03 21:00:00,CADJPY,fx,-0.736634,Neutral,-1.411300,-0.545958,Neutral
2026-04-03 21:00:00,CHFJPY,fx,-1.960043,Very Bearish,-1.463041,-0.737420,Bearish
2026-04-03 21:00:00,AUDNZD,fx,-0.423563,Neutral,0.197279,0.113509,Neutral
2026-04-03 21:00:00,AUDCAD,fx,1.312890,Bullish,2.510664,1.191582,Bullish
2026-04-03 21:00:00,AUDCHF,fx,1.181924,Bullish,2.562404,0.972449,Bullish
2026-04-03 21:00:00,NZDCAD,fx,1.824738,Bullish,2.313386,1.430665,Bullish
2026-04-03 21:00:00,NZDCHF,fx,1.605487,Bullish,2.365126,0.869851,Bullish
2026-04-03 21:00:00,CADCHF,fx,-0.219251,Neutral,0.051740,0.022026,Neutral
2026-04-03 21:00:00,DJIA,cross,-2.095793,Bearish,0.000000,0.000000,Neutral
2026-04-03 21:00:00,SP500,cross,-2.095793,Bearish,0.000000,0.000000,Neutral
2026-04-03 21:00:00,NASDAQ,cross,-2.095793,Bearish,0.000000,0.000000,Neutral
2026-04-03 21:00:00,DAX,cross,-1.832016,Bearish,0.000000,0.000000,Neutral
2026-04-03 21:00:00,NIKKEI,cross,-1.126351,Neutral,0.000000,0.000000,Neutral
2026-04-03 21:00:00,FTSE100,cross,0.565732,Neutral,1.492551,0.795603,Bullish
2026-04-03 21:00:00,GOLD,cross,-4.841265,Very Bearish,-2.824703,-1.602214,Very Bearish
2026-04-03 21:00:00,SILVER,cross,-5.177648,Very Bearish,-2.972712,-1.690001,Very Bearish
2026-04-10 21:00:00,US-DOLLAR,fx,0.380882,Neutral,0.131332,0.078831,Neutral
2026-04-10 21:00:00,EURUSD,fx,0.835914,Neutral,-0.147199,-0.089049,Neutral
2026-04-10 21:00:00,GBPUSD,fx,1.012746,Bullish,0.852879,0.427294,Neutral
2026-04-10 21:00:00,USDJPY,fx,0.219682,Neutral,1.464384,0.485056,Neutral
2026-04-10 21:00:00,USDCHF,fx,0.469660,Neutral,2.000909,0.709039,Bullish
2026-04-10 21:00:00,USDCAD,fx,1.363678,Bullish,2.263086,1.245507,Bullish
2026-04-10 21:00:00,AUDUSD,fx,-0.544756,Neutral,-0.892950,-0.406071,Neutral
2026-04-10 21:00:00,NZDUSD,fx,-0.326441,Neutral,-0.878723,-0.569121,Neutral
2026-04-10 21:00:00,EURGBP,fx,-0.342362,Neutral,-1.000078,-0.506368,Neutral
2026-04-10 21:00:00,EURJPY,fx,1.145914,Bullish,1.317186,0.488389,Neutral
2026-04-10 21:00:00,EURCHF,fx,0.695934,Neutral,1.853710,0.744761,Bullish
2026-04-10 21:00:00,EURAUD,fx,1.328126,Bullish,0.745752,0.375883,Neutral
2026-04-10 21:00:00,EURNZD,fx,0.552716,Neutral,0.731524,0.480318,Neutral
2026-04-10 21:00:00,EURCAD,fx,1.952400,Very Bullish,2.115887,1.165778,Bullish
2026-04-10 21:00:00,GBPJPY,fx,1.089806,Bullish,2.317263,0.747987,Bullish
2026-04-10 21:00:00,GBPCHF,fx,0.684040,Neutral,2.853788,0.899397,Bullish
2026-04-10 21:00:00,GBPAUD,fx,1.424984,Bullish,1.745829,0.935600,Bullish
2026-04-10 21:00:00,GBPNZD,fx,0.540821,Neutral,1.731602,0.936001,Bullish
2026-04-10 21:00:00,GBPCAD,fx,2.067194,Very Bullish,3.115965,1.371463,Bullish
2026-04-10 21:00:00,AUDJPY,fx,-0.243676,Neutral,0.571434,0.229399,Neutral
2026-04-10 21:00:00,NZDJPY,fx,-0.449353,Neutral,0.585661,0.205567,Neutral
2026-04-10 21:00:00,CADJPY,fx,-0.935343,Bearish,-0.798702,-0.308976,Neutral
2026-04-10 21:00:00,CHFJPY,fx,-0.592572,Neutral,-0.536525,-0.270426,Neutral
2026-04-10 21:00:00,AUDNZD,fx,-0.550867,Neutral,-0.014227,-0.008186,Neutral
2026-04-10 21:00:00,AUDCAD,fx,0.574829,Neutral,1.370136,0.650278,Neutral
2026-04-10 21:00:00,AUDCHF,fx,-0.407648,Neutral,1.107958,0.420478,Neutral
2026-04-10 21:00:00,NZDCAD,fx,1.029951,Bullish,1.384363,0.856130,Bullish
2026-04-10 21:00:00,NZDCHF,fx,0.143219,Neutral,1.122186,0.412720,Neutral
2026-04-10 21:00:00,CADCHF,fx,-0.886733,Neutral,-0.262177,-0.111612,Neutral
2026-04-10 21:00:00,DJIA,cross,-2.990828,Bearish,-1.276929,-0.735982,Bearish
2026-04-10 21:00:00,SP500,cross,-2.990828,Bearish,-1.276929,-0.735982,Bearish
2026-04-10 21:00:00,NASDAQ,cross,-2.990828,Bearish,-1.276929,-0.735982,Bearish
2026-04-10 21:00:00,DAX,cross,0.737105,Neutral,1.231897,0.677984,Bullish
2026-04-10 21:00:00,NIKKEI,cross,-2.316197,Bearish,-0.743946,-0.507813,Neutral
2026-04-10 21:00:00,FTSE100,cross,0.263607,Neutral,1.622655,0.864955,Bullish
2026-04-10 21:00:00,GOLD,cross,-0.801829,Neutral,-0.571350,-0.324078,Neutral
2026-04-10 21:00:00,SILVER,cross,-1.138212,Neutral,-0.719359,-0.408959,Neutral
2026-04-17 21:00:00,US-DOLLAR,fx,-1.878180,Bearish,-2.034010,-1.220894,Bearish
2026-04-17 21:00:00,EURUSD,fx,1.595362,Bullish,1.806638,1.092945,Bullish
2026-04-17 21:00:00,GBPUSD,fx,1.646068,Bullish,3.374379,1.690571,Very Bullish
2026-04-17 21:00:00,USDJPY,fx,-1.535310,Bearish,-1.164007,-0.385560,Neutral
2026-04-17 21:00:00,USDCHF,fx,-0.449358,Neutral,0.470084,0.166578,Neutral
2026-04-17 21:00:00,USDCAD,fx,0.052380,Neutral,0.097744,0.053794,Neutral
2026-04-17 21:00:00,AUDUSD,fx,0.342652,Neutral,0.849380,0.386257,Neutral
2026-04-17 21:00:00,NZDUSD,fx,0.719881,Neutral,0.863607,0.559331,Neutral
2026-04-17 21:00:00,EURGBP,fx,-0.050146,Neutral,-1.567742,-0.793793,Bearish
2026-04-17 21:00:00,EURJPY,fx,0.250900,Neutral,0.642631,0.238276,Neutral
2026-04-17 21:00:00,EURCHF,fx,0.950543,Bullish,2.276722,0.914714,Bullish
2026-04-17 21:00:00,EURAUD,fx,1.152219,Bullish,0.957258,0.482489,Neutral
2026-04-17 21:00:00,EURNZD,fx,0.680020,Neutral,0.943030,0.619193,Neutral
2026-04-17 21:00:00,EURCAD,fx,1.670275,Bullish,1.904381,1.049246,Bullish
2026-04-17 21:00:00,GBPJPY,fx,0.280415,Neutral,2.210372,0.713484,Bullish
2026-04-17 21:00:00,GBPCHF,fx,1.257517,Bullish,3.844464,1.211618,Bullish
2026-04-17 21:00:00,GBPAUD,fx,1.249948,Bullish,2.524999,1.353162,Bullish
2026-04-17 21:00:00,GBPNZD,fx,0.986994,Bullish,2.510772,1.357174,Bullish
2026-04-17 21:00:00,GBPCAD,fx,1.711672,Bullish,3.472123,1.528223,Very Bullish
2026-04-17 21:00:00,AUDJPY,fx,-0.987405,Bearish,-0.314627,-0.126306,Neutral
2026-04-17 21:00:00,NZDJPY,fx,-0.895256,Bearish,-0.300400,-0.105440,Neutral
2026-04-17 21:00:00,CADJPY,fx,-1.543575,Bearish,-1.261751,-0.488105,Neutral
2026-04-17 21:00:00,CHFJPY,fx,-1.165779,Bearish,-1.634092,-0.823635,Bearish
2026-04-17 21:00:00,AUDNZD,fx,-0.550867,Neutral,-0.014227,-0.008186,Neutral
2026-04-17 21:00:00,AUDCAD,fx,0.407866,Neutral,0.947124,0.449513,Neutral
2026-04-17 21:00:00,AUDCHF,fx,-0.280344,Neutral,1.319464,0.500746,Neutral
2026-04-17 21:00:00,NZDCAD,fx,0.775343,Neutral,0.961351,0.594528,Neutral
2026-04-17 21:00:00,NZDCHF,fx,0.270523,Neutral,1.333692,0.490508,Neutral
2026-04-17 21:00:00,CADCHF,fx,-0.504820,Neutral,0.372341,0.158510,Neutral
2026-04-17 21:00:00,DJIA,cross,-0.260926,Neutral,0.441345,0.254378,Neutral
2026-04-17 21:00:00,SP500,cross,-0.260926,Neutral,0.441345,0.254378,Neutral
2026-04-17 21:00:00,NASDAQ,cross,-0.260926,Neutral,0.441345,0.254378,Neutral
2026-04-17 21:00:00,DAX,cross,1.119885,Neutral,1.329497,0.731699,Bullish
2026-04-17 21:00:00,NIKKEI,cross,-1.127988,Neutral,0.000000,0.000000,Neutral
2026-04-17 21:00:00,FTSE100,cross,2.694904,Bullish,3.135638,1.671449,Very Bullish
2026-04-17 21:00:00,GOLD,cross,2.659805,Bullish,1.547342,0.877676,Bullish
2026-04-17 21:00:00,SILVER,cross,2.659805,Bullish,1.547342,0.879671,Bullish
2026-04-24 21:00:00,US-DOLLAR,fx,-2.171142,Very Bearish,-1.708519,-1.025522,Bearish
2026-04-24 21:00:00,EURUSD,fx,1.106119,Bullish,1.343376,0.812690,Bullish
2026-04-24 21:00:00,GBPUSD,fx,1.708008,Bullish,4.535984,2.272537,Very Bullish
2026-04-24 21:00:00,USDJPY,fx,-2.244147,Very Bearish,-2.252507,-0.746110,Bearish
2026-04-24 21:00:00,USDCHF,fx,-0.329884,Neutral,0.795575,0.281919,Neutral
2026-04-24 21:00:00,USDCAD,fx,-0.038479,Neutral,-0.418055,-0.230080,Neutral
2026-04-24 21:00:00,AUDUSD,fx,-0.045012,Neutral,0.523889,0.238240,Neutral
2026-04-24 21:00:00,NZDUSD,fx,1.164468,Bullish,1.345111,0.871186,Bullish
2026-04-24 21:00:00,EURGBP,fx,-0.472619,Neutral,-3.192608,-1.616511,Very Bearish
2026-04-24 21:00:00,EURJPY,fx,-0.899566,Bearish,-0.909131,-0.337090,Neutral
2026-04-24 21:00:00,EURCHF,fx,0.838898,Neutral,2.138951,0.859362,Bullish
2026-04-24 21:00:00,EURAUD,fx,1.146470,Bullish,0.819487,0.413048,Neutral
2026-04-24 21:00:00,EURNZD,fx,0.004314,Neutral,-0.001735,-0.001139,Neutral
2026-04-24 21:00:00,EURCAD,fx,0.945421,Bullish,0.925321,0.509819,Neutral
2026-04-24 21:00:00,GBPJPY,fx,0.001607,Neutral,2.283477,0.737081,Bullish
2026-04-24 21:00:00,GBPCHF,fx,2.104789,Very Bullish,5.331560,1.680290,Very Bullish
2026-04-24 21:00:00,GBPAUD,fx,1.775217,Bullish,4.012095,2.150105,Very Bullish
2026-04-24 21:00:00,GBPNZD,fx,1.270204,Bullish,3.190874,1.724797,Very Bullish
2026-04-24 21:00:00,GBPCAD,fx,1.538127,Bullish,4.117930,1.812469,Very Bullish
2026-04-24 21:00:00,AUDJPY,fx,-1.987788,Very Bearish,-1.728618,-0.693945,Neutral
2026-04-24 21:00:00,NZDJPY,fx,-0.999198,Bearish,-0.907396,-0.318496,Neutral
2026-04-24 21:00:00,CADJPY,fx,-1.821170,Bearish,-1.834452,-0.709653,Bearish
2026-04-24 21:00:00,CHFJPY,fx,-1.833783,Bearish,-3.048082,-1.536332,Very Bearish
2026-04-24 21:00:00,AUDNZD,fx,-1.114929,Bearish,-0.821222,-0.472510,Neutral
2026-04-24 21:00:00,AUDCAD,fx,-0.258476,Neutral,0.105834,0.050230,Neutral
2026-04-24 21:00:00,AUDCHF,fx,-0.280344,Neutral,1.319464,0.500746,Neutral
2026-04-24 21:00:00,NZDCAD,fx,0.639406,Neutral,0.927056,0.573318,Neutral
2026-04-24 21:00:00,NZDCHF,fx,0.834585,Neutral,2.140686,0.787306,Bullish
2026-04-24 21:00:00,CADCHF,fx,0.195179,Neutral,1.213630,0.516658,Neutral
2026-04-24 21:00:00,DJIA,cross,2.527898,Bullish,0.994814,0.573380,Neutral
2026-04-24 21:00:00,SP500,cross,2.527898,Bullish,0.994814,0.573380,Neutral
2026-04-24 21:00:00,NASDAQ,cross,2.527898,Bullish,0.994814,0.573380,Neutral
2026-04-24 21:00:00,DAX,cross,3.040315,Bullish,0.959373,0.527998,Neutral
2026-04-24 21:00:00,NIKKEI,cross,1.218298,Neutral,0.000000,0.000000,Neutral
2026-04-24 21:00:00,FTSE100,cross,4.635130,Very Bullish,2.577574,1.373973,Bullish
2026-04-24 21:00:00,GOLD,cross,4.330572,Very Bullish,1.390865,0.788920,Bullish
2026-04-24 21:00:00,SILVER,cross,4.330572,Very Bullish,1.390865,0.790714,Bullish
2026-05-01 21:00:00,US-DOLLAR,fx,0.201877,Neutral,0.615480,0.369436,Neutral
2026-05-01 21:00:00,EURUSD,fx,0.858129,Neutral,-0.295592,-0.178822,Neutral
2026-05-01 21:00:00,GBPUSD,fx,1.503801,Bullish,2.753717,1.379618,Bullish
2026-05-01 21:00:00,USDJPY,fx,-0.332616,Neutral,1.993816,0.660423,Neutral
2026-05-01 21:00:00,USDCHF,fx,0.367266,Neutral,2.908068,1.030499,Bullish
2026-05-01 21:00:00,USDCAD,fx,0.092319,Neutral,1.905944,1.048951,Bullish
2026-05-01 21:00:00,AUDUSD,fx,-0.482254,Neutral,-1.537837,-0.699335,Neutral
2026-05-01 21:00:00,NZDUSD,fx,0.340015,Neutral,-0.978888,-0.633995,Neutral
2026-05-01 21:00:00,EURGBP,fx,-0.772315,Neutral,-3.049309,-1.543954,Very Bearish
2026-05-01 21:00:00,EURJPY,fx,0.261291,Neutral,1.698224,0.629672,Neutral
2026-05-01 21:00:00,EURCHF,fx,1.213433,Bullish,2.612476,1.049609,Bullish
2026-05-01 21:00:00,EURAUD,fx,1.209319,Bullish,1.242245,0.626131,Neutral
2026-05-01 21:00:00,EURNZD,fx,0.506153,Neutral,0.683296,0.448651,Neutral
2026-05-01 21:00:00,EURCAD,fx,1.081673,Bullish,1.610352,0.887246,Bullish
2026-05-01 21:00:00,GBPJPY,fx,1.101615,Bullish,4.747533,1.532451,Very Bullish
2026-05-01 21:00:00,GBPCHF,fx,2.295948,Very Bullish,5.661785,1.784363,Very Bullish
2026-05-01 21:00:00,GBPAUD,fx,1.989555,Very Bullish,4.291554,2.299868,Very Bullish
2026-05-01 21:00:00,GBPNZD,fx,1.588667,Bullish,3.732605,2.017624,Very Bullish
2026-05-01 21:00:00,GBPCAD,fx,1.680694,Bullish,4.659661,2.050907,Very Bullish
2026-05-01 21:00:00,AUDJPY,fx,-0.829191,Neutral,0.455979,0.183051,Neutral
2026-05-01 21:00:00,NZDJPY,fx,0.192393,Neutral,1.014928,0.356240,Neutral
2026-05-01 21:00:00,CADJPY,fx,-0.593181,Neutral,0.087872,0.033993,Neutral
2026-05-01 21:00:00,CHFJPY,fx,-0.514888,Neutral,-0.914252,-0.460812,Neutral
2026-05-01 21:00:00,AUDNZD,fx,-0.940226,Bearish,-0.558949,-0.321605,Neutral
2026-05-01 21:00:00,AUDCAD,fx,-0.306316,Neutral,0.368107,0.174707,Neutral
2026-05-01 21:00:00,AUDCHF,fx,-0.232945,Neutral,1.370231,0.520012,Neutral
2026-05-01 21:00:00,NZDCAD,fx,0.639406,Neutral,0.927056,0.573318,Neutral
2026-05-01 21:00:00,NZDCHF,fx,0.707280,Neutral,1.929180,0.709518,Bullish
2026-05-01 21:00:00,CADCHF,fx,0.067875,Neutral,1.002124,0.426617,Neutral
2026-05-01 21:00:00,DJIA,cross,3.031292,Bullish,4.179422,2.408889,Very Bullish
2026-05-01 21:00:00,SP500,cross,3.031292,Bullish,4.179422,2.408889,Very Bullish
2026-05-01 21:00:00,NASDAQ,cross,3.031292,Bullish,4.179422,2.408889,Very Bullish
2026-05-01 21:00:00,DAX,cross,-0.049396,Neutral,0.000000,0.000000,Neutral
2026-05-01 21:00:00,NIKKEI,cross,-1.001770,Neutral,0.000000,0.000000,Neutral
2026-05-01 21:00:00,FTSE100,cross,3.575366,Bullish,2.850961,1.519702,Bullish
2026-05-01 21:00:00,GOLD,cross,0.550216,Neutral,-0.624083,-0.353989,Neutral
2026-05-01 21:00:00,SILVER,cross,-0.122551,Neutral,-0.920100,-0.523081,Neutral
2026-05-08 21:00:00,US-DOLLAR,fx,-1.138482,Bearish,-1.490530,-0.894676,Bearish
2026-05-08 21:00:00,EURUSD,fx,0.869335,Neutral,2.143318,1.296623,Bullish
2026-05-08 21:00:00,GBPUSD,fx,2.093021,Very Bullish,5.173575,2.591971,Very Bullish
2026-05-08 21:00:00,USDJPY,fx,-0.406326,Neutral,-0.095817,-0.031738,Neutral
2026-05-08 21:00:00,USDCHF,fx,-0.422994,Neutral,0.894285,0.316898,Neutral
2026-05-08 21:00:00,USDCAD,fx,-0.092131,Neutral,0.280823,0.154553,Neutral
2026-05-08 21:00:00,AUDUSD,fx,-0.262553,Neutral,0.894313,0.406691,Neutral
2026-05-08 21:00:00,NZDUSD,fx,2.080975,Very Bullish,2.510544,1.626000,Very Bullish
2026-05-08 21:00:00,EURGBP,fx,-1.176891,Bearish,-3.030257,-1.534308,Very Bearish
2026-05-08 21:00:00,EURJPY,fx,0.432775,Neutral,2.047501,0.759177,Bullish
2026-05-08 21:00:00,EURCHF,fx,1.343367,Bullish,3.037603,1.220411,Bullish
2026-05-08 21:00:00,EURAUD,fx,1.267309,Bullish,1.249005,0.629539,Neutral
2026-05-08 21:00:00,EURNZD,fx,-0.314613,Neutral,-0.367226,-0.241120,Neutral
2026-05-08 21:00:00,EURCAD,fx,0.791632,Neutral,2.424140,1.335614,Bullish
2026-05-08 21:00:00,GBPJPY,fx,1.362932,Bullish,5.077758,1.639044,Very Bullish
2026-05-08 21:00:00,GBPCHF,fx,2.378092,Very Bullish,6.067860,1.912342,Very Bullish
2026-05-08 21:00:00,GBPAUD,fx,2.277182,Very Bullish,4.279262,2.293281,Very Bullish
2026-05-08 21:00:00,GBPNZD,fx,0.720111,Neutral,2.663031,1.439476,Bullish
2026-05-08 21:00:00,GBPCAD,fx,2.112875,Very Bullish,5.454398,2.400703,Very Bullish
2026-05-08 21:00:00,AUDJPY,fx,-0.613000,Neutral,0.798496,0.320553,Neutral
2026-05-08 21:00:00,NZDJPY,fx,1.252108,Bullish,2.414727,0.847570,Bullish
2026-05-08 21:00:00,CADJPY,fx,-0.535822,Neutral,-0.376639,-0.145702,Neutral
2026-05-08 21:00:00,CHFJPY,fx,-0.405873,Neutral,-0.990102,-0.499043,Neutral
2026-05-08 21:00:00,AUDNZD,fx,-1.872637,Bearish,-1.616231,-0.929937,Bearish
2026-05-08 21:00:00,AUDCAD,fx,-0.281385,Neutral,1.175136,0.557729,Neutral
2026-05-08 21:00:00,AUDCHF,fx,-0.214656,Neutral,1.788598,0.678785,Neutral
2026-05-08 21:00:00,NZDCAD,fx,2.096514,Very Bullish,2.791366,1.726262,Very Bullish
2026-05-08 21:00:00,NZDCHF,fx,1.657981,Bullish,3.404829,1.252236,Bullish
2026-05-08 21:00:00,CADCHF,fx,-0.438533,Neutral,0.613463,0.261159,Neutral
2026-05-08 21:00:00,DJIA,cross,1.093680,Neutral,1.038256,0.598418,Neutral
2026-05-08 21:00:00,SP500,cross,1.093680,Neutral,1.038256,0.598418,Neutral
2026-05-08 21:00:00,NASDAQ,cross,1.093680,Neutral,1.038256,0.598418,Neutral
2026-05-08 21:00:00,DAX,cross,0.964087,Neutral,0.130729,0.071948,Neutral
2026-05-08 21:00:00,NIKKEI,cross,-0.567753,Neutral,0.000000,0.000000,Neutral
2026-05-08 21:00:00,FTSE100,cross,4.267675,Very Bullish,3.292573,1.755103,Very Bullish
2026-05-08 21:00:00,GOLD,cross,3.260470,Bullish,1.724258,0.978025,Bullish
2026-05-08 21:00:00,SILVER,cross,2.924087,Bullish,1.576250,0.896106,Bullish
2026-05-15 21:00:00,US-DOLLAR,fx,1.897630,Bullish,1.848648,1.109633,Bullish
2026-05-15 21:00:00,EURUSD,fx,-0.686176,Neutral,-1.195860,-0.723448,Bearish
2026-05-15 21:00:00,GBPUSD,fx,0.794518,Neutral,1.834397,0.919037,Bullish
2026-05-15 21:00:00,USDJPY,fx,1.363016,Bullish,2.662137,0.881794,Bullish
2026-05-15 21:00:00,USDCHF,fx,0.260158,Neutral,2.584286,0.915764,Bullish
2026-05-15 21:00:00,USDCAD,fx,1.590937,Bullish,3.408494,1.875891,Very Bullish
2026-05-15 21:00:00,AUDUSD,fx,-1.895056,Bearish,-2.233359,-1.015625,Bearish
2026-05-15 21:00:00,NZDUSD,fx,0.269699,Neutral,-0.617128,-0.399694,Neutral
2026-05-15 21:00:00,EURGBP,fx,-1.657897,Bearish,-3.030257,-1.534308,Very Bearish
2026-05-15 21:00:00,EURJPY,fx,0.763985,Neutral,1.466277,0.543670,Neutral
2026-05-15 21:00:00,EURCHF,fx,0.087940,Neutral,1.388426,0.557825,Neutral
2026-05-15 21:00:00,EURAUD,fx,1.364609,Bullish,1.037499,0.522933,Neutral
2026-05-15 21:00:00,EURNZD,fx,-0.441918,Neutral,-0.578732,-0.379995,Neutral
2026-05-15 21:00:00,EURCAD,fx,0.789516,Neutral,2.212634,1.219082,Bullish
2026-05-15 21:00:00,GBPJPY,fx,1.880124,Bullish,4.496535,1.451431,Bullish
2026-05-15 21:00:00,GBPCHF,fx,1.122664,Bullish,4.418684,1.392589,Bullish
2026-05-15 21:00:00,GBPAUD,fx,2.591113,Very Bullish,4.067756,2.179934,Very Bullish
2026-05-15 21:00:00,GBPNZD,fx,0.592807,Neutral,2.451525,1.325149,Bullish
2026-05-15 21:00:00,GBPCAD,fx,2.313702,Very Bullish,5.242892,2.307611,Very Bullish
2026-05-15 21:00:00,AUDJPY,fx,-0.510139,Neutral,0.428778,0.172131,Neutral
2026-05-15 21:00:00,NZDJPY,fx,1.077405,Bullish,2.045009,0.717799,Bullish
2026-05-15 21:00:00,CADJPY,fx,-0.216713,Neutral,-0.746357,-0.288726,Neutral
2026-05-15 21:00:00,CHFJPY,fx,0.547547,Neutral,0.077851,0.039239,Neutral
2026-05-15 21:00:00,AUDNZD,fx,-1.872637,Bearish,-1.616231,-0.929937,Bearish
2026-05-15 21:00:00,AUDCAD,fx,-0.388989,Neutral,1.175136,0.557729,Neutral
2026-05-15 21:00:00,AUDCHF,fx,-1.342779,Bearish,0.350927,0.133179,Neutral
2026-05-15 21:00:00,NZDCAD,fx,2.096514,Very Bullish,2.791366,1.726262,Very Bullish
2026-05-15 21:00:00,NZDCHF,fx,0.529857,Neutral,1.967158,0.723486,Bullish
2026-05-15 21:00:00,CADCHF,fx,-1.566656,Bearish,-0.824208,-0.350876,Neutral
2026-05-15 21:00:00,DJIA,cross,-3.017414,Bearish,-1.157204,-0.666977,Bearish
2026-05-15 21:00:00,SP500,cross,-3.017414,Bearish,-1.157204,-0.666977,Bearish
2026-05-15 21:00:00,NASDAQ,cross,-3.017414,Bearish,-1.157204,-0.666977,Bearish
2026-05-15 21:00:00,DAX,cross,-0.041305,Neutral,0.000000,0.000000,Neutral
2026-05-15 21:00:00,NIKKEI,cross,-1.499480,Neutral,-0.260735,-0.177976,Neutral
2026-05-15 21:00:00,FTSE100,cross,3.195571,Bullish,2.866867,1.528181,Bullish
2026-05-15 21:00:00,GOLD,cross,-3.729092,Very Bearish,-2.263798,-1.284060,Bearish
2026-05-15 21:00:00,SILVER,cross,-4.065475,Very Bearish,-2.411807,-1.371124,Bearish
2026-05-22 21:00:00,US-DOLLAR,fx,2.031465,Very Bullish,1.848648,1.109633,Bullish
2026-05-22 21:00:00,EURUSD,fx,-1.006258,Bearish,-1.545137,-0.934747,Bearish
2026-05-22 21:00:00,GBPUSD,fx,-0.376383,Neutral,0.405958,0.203386,Neutral
2026-05-22 21:00:00,USDJPY,fx,2.257112,Very Bullish,4.445846,1.472622,Bullish
2026-05-22 21:00:00,USDCHF,fx,0.387462,Neutral,2.795792,0.990713,Bullish
2026-05-22 21:00:00,USDCAD,fx,1.945841,Very Bullish,2.704642,1.488521,Bullish
2026-05-22 21:00:00,AUDUSD,fx,-2.746202,Very Bearish,-3.194332,-1.452629,Bearish
2026-05-22 21:00:00,NZDUSD,fx,0.397004,Neutral,-0.405622,-0.262709,Neutral
2026-05-22 21:00:00,EURGBP,fx,-0.678041,Neutral,-1.951095,-0.987896,Bearish
2026-05-22 21:00:00,EURJPY,fx,1.164296,Bullish,2.900709,1.075532,Bullish
2026-05-22 21:00:00,EURCHF,fx,-0.023705,Neutral,1.250655,0.502473,Neutral
2026-05-22 21:00:00,EURAUD,fx,2.103268,Very Bullish,1.649195,0.831248,Bullish
2026-05-22 21:00:00,EURNZD,fx,-0.808171,Neutral,-1.139515,-0.748204,Bearish
2026-05-22 21:00:00,EURCAD,fx,0.827369,Neutral,1.159505,0.638846,Neutral
2026-05-22 21:00:00,GBPJPY,fx,1.834632,Bullish,4.851804,1.566108,Very Bullish
2026-05-22 21:00:00,GBPCHF,fx,0.582487,Neutral,3.201750,1.009061,Bullish
2026-05-22 21:00:00,GBPAUD,fx,2.414047,Very Bullish,3.600290,1.929416,Very Bullish
2026-05-22 21:00:00,GBPNZD,fx,-0.201979,Neutral,0.811580,0.438692,Neutral
2026-05-22 21:00:00,GBPCAD,fx,1.392568,Bullish,3.110600,1.369102,Bullish
2026-05-22 21:00:00,AUDJPY,fx,-0.708984,Neutral,1.251514,0.502414,Neutral
2026-05-22 21:00:00,NZDJPY,fx,2.047416,Very Bullish,4.040224,1.418120,Bullish
2026-05-22 21:00:00,CADJPY,fx,0.730705,Neutral,1.741204,0.673580,Neutral
2026-05-22 21:00:00,CHFJPY,fx,1.262950,Bullish,1.650054,0.831680,Bullish
2026-05-22 21:00:00,AUDNZD,fx,-2.529798,Very Bearish,-2.788710,-1.604551,Very Bearish
2026-05-22 21:00:00,AUDCAD,fx,-1.240085,Bearish,-0.489690,-0.232411,Neutral
2026-05-22 21:00:00,AUDCHF,fx,-1.745332,Bearish,-0.398540,-0.151249,Neutral
2026-05-22 21:00:00,NZDCAD,fx,1.711040,Bullish,2.299020,1.421781,Bullish
2026-05-22 21:00:00,NZDCHF,fx,0.784466,Neutral,2.390170,0.879062,Bullish
2026-05-22 21:00:00,CADCHF,fx,-0.926574,Bearish,0.091150,0.038804,Neutral
2026-05-22 21:00:00,DJIA,cross,-3.652596,Bearish,-1.157204,-0.666977,Bearish
2026-05-22 21:00:00,SP500,cross,-3.652596,Bearish,-1.157204,-0.666977,Bearish
2026-05-22 21:00:00,NASDAQ,cross,-3.652596,Bearish,-1.157204,-0.666977,Bearish
2026-05-22 21:00:00,DAX,cross,-1.693008,Neutral,0.000000,0.000000,Neutral
2026-05-22 21:00:00,NIKKEI,cross,-2.474054,Bearish,0.000000,0.000000,Neutral
2026-05-22 21:00:00,FTSE100,cross,0.503163,Neutral,0.267397,0.142536,Neutral
2026-05-22 21:00:00,GOLD,cross,-3.410662,Bearish,-2.127748,-1.206890,Bearish
2026-05-22 21:00:00,SILVER,cross,-4.083428,Very Bearish,-2.423765,-1.377922,Bearish
2026-05-29 21:00:00,US-DOLLAR,fx,1.176005,Bullish,1.086767,0.652321,Neutral
2026-05-29 21:00:00,EURUSD,fx,-1.065623,Bearish,-0.994761,-0.601792,Neutral
2026-05-29 21:00:00,GBPUSD,fx,-0.610979,Neutral,0.956333,0.479125,Neutral
2026-05-29 21:00:00,USDJPY,fx,0.915995,Bullish,2.549108,0.844355,Bullish
2026-05-29 21:00:00,USDCHF,fx,0.038056,Neutral,2.245417,0.795683,Bullish
2026-05-29 21:00:00,USDCAD,fx,2.164850,Very Bullish,2.762722,1.520485,Very Bullish
2026-05-29 21:00:00,AUDUSD,fx,-2.301213,Very Bearish,-2.284305,-1.038793,Bearish
2026-05-29 21:00:00,NZDUSD,fx,0.491801,Neutral,-0.278258,-0.180219,Neutral
2026-05-29 21:00:00,EURGBP,fx,0.053099,Neutral,-1.951095,-0.987896,Bearish
2026-05-29 21:00:00,EURJPY,fx,0.117399,Neutral,1.554347,0.576324,Neutral
2026-05-29 21:00:00,EURCHF,fx,-0.023705,Neutral,1.250655,0.502473,Neutral
2026-05-29 21:00:00,EURAUD,fx,1.631067,Bullish,1.289544,0.649972,Neutral
2026-05-29 21:00:00,EURNZD,fx,-0.553562,Neutral,-0.716503,-0.470455,Neutral
2026-05-29 21:00:00,EURCAD,fx,0.996259,Bullish,1.767960,0.974083,Bullish
2026-05-29 21:00:00,GBPJPY,fx,0.477901,Neutral,3.505442,1.131518,Bullish
2026-05-29 21:00:00,GBPCHF,fx,0.582487,Neutral,3.201750,1.009061,Bullish
2026-05-29 21:00:00,GBPAUD,fx,1.807036,Bullish,3.240639,1.736677,Very Bullish
2026-05-29 21:00:00,GBPNZD,fx,0.052629,Neutral,1.234592,0.667347,Neutral
2026-05-29 21:00:00,GBPCAD,fx,1.234857,Bullish,3.719055,1.636908,Very Bullish
2026-05-29 21:00:00,AUDJPY,fx,-1.689902,Bearish,0.264803,0.106304,Neutral
2026-05-29 21:00:00,NZDJPY,fx,0.663431,Neutral,2.270850,0.797069,Bullish
2026-05-29 21:00:00,CADJPY,fx,-1.109063,Bearish,-0.213614,-0.082636,Neutral
2026-05-29 21:00:00,CHFJPY,fx,0.133574,Neutral,0.303691,0.153070,Neutral
2026-05-29 21:00:00,AUDNZD,fx,-1.988842,Very Bearish,-2.006047,-1.154227,Bearish
2026-05-29 21:00:00,AUDCAD,fx,-0.543305,Neutral,0.478416,0.227061,Neutral
2026-05-29 21:00:00,AUDCHF,fx,-1.458985,Bearish,-0.038889,-0.014759,Neutral
2026-05-29 21:00:00,NZDCAD,fx,1.934329,Very Bullish,2.484463,1.536465,Very Bullish
2026-05-29 21:00:00,NZDCHF,fx,0.529857,Neutral,1.967158,0.723486,Bullish
2026-05-29 21:00:00,CADCHF,fx,-1.404471,Bearish,-0.517305,-0.220224,Neutral
2026-05-29 21:00:00,DJIA,cross,-2.829710,Bearish,-0.359129,-0.206991,Neutral
2026-05-29 21:00:00,SP500,cross,-2.829710,Bearish,-0.359129,-0.206991,Neutral
2026-05-29 21:00:00,NASDAQ,cross,-2.829710,Bearish,-0.359129,-0.206991,Neutral
2026-05-29 21:00:00,DAX,cross,-0.757593,Neutral,0.000000,0.000000,Neutral
2026-05-29 21:00:00,NIKKEI,cross,2.477982,Bullish,3.141353,2.144268,Very Bullish
2026-05-29 21:00:00,FTSE100,cross,1.141200,Neutral,0.471870,0.251530,Neutral
2026-05-29 21:00:00,GOLD,cross,-1.483773,Neutral,-1.351143,-0.766389,Bearish
2026-05-29 21:00:00,SILVER,cross,-1.820156,Bearish,-1.499152,-0.852275,Bearish
2026-06-05 21:00:00,US-DOLLAR,fx,2.182257,Very Bullish,2.554595,1.533370,Very Bullish
2026-06-05 21:00:00,EURUSD,fx,-1.635306,Bearish,-2.862810,-1.731887,Very Bearish
2026-06-05 21:00:00,GBPUSD,fx,-0.993751,Bearish,-0.299989,-0.150295,Neutral
2026-06-05 21:00:00,USDJPY,fx,1.328463,Bullish,3.805430,1.260494,Bullish
2026-06-05 21:00:00,USDCHF,fx,1.776957,Bullish,4.516684,1.600526,Very Bullish
2026-06-05 21:00:00,USDCAD,fx,1.398878,Bullish,2.202498,1.212162,Bullish
2026-06-05 21:00:00,AUDUSD,fx,-2.586257,Very Bearish,-3.426500,-1.558208,Very Bearish
2026-06-05 21:00:00,NZDUSD,fx,0.151179,Neutral,-1.323075,-0.856914,Bearish
2026-06-05 21:00:00,EURGBP,fx,-0.172296,Neutral,-2.562821,-1.297631,Bearish
2026-06-05 21:00:00,EURJPY,fx,-0.204802,Neutral,0.942621,0.349507,Neutral
2026-06-05 21:00:00,EURCHF,fx,0.902100,Bullish,1.653874,0.664473,Neutral
2026-06-05 21:00:00,EURAUD,fx,1.356397,Bullish,0.563690,0.284118,Neutral
2026-06-05 21:00:00,EURNZD,fx,-1.026036,Bearish,-1.539735,-1.010988,Bearish
2026-06-05 21:00:00,EURCAD,fx,0.537280,Neutral,-0.660311,-0.363808,Neutral
2026-06-05 21:00:00,GBPJPY,fx,0.218595,Neutral,3.505442,1.131518,Bullish
2026-06-05 21:00:00,GBPCHF,fx,1.853461,Bullish,4.216695,1.328930,Bullish
2026-06-05 21:00:00,GBPAUD,fx,1.640279,Bullish,3.126511,1.675515,Very Bullish
2026-06-05 21:00:00,GBPNZD,fx,-0.074675,Neutral,1.023086,0.553019,Neutral
2026-06-05 21:00:00,GBPCAD,fx,0.503210,Neutral,1.902510,0.837372,Bullish
2026-06-05 21:00:00,AUDJPY,fx,-1.717491,Bearish,0.378930,0.152120,Neutral
2026-06-05 21:00:00,NZDJPY,fx,0.790735,Neutral,2.482356,0.871308,Bullish
2026-06-05 21:00:00,CADJPY,fx,-0.278521,Neutral,1.602932,0.620090,Neutral
2026-06-05 21:00:00,CHFJPY,fx,-0.975264,Bearish,-0.711253,-0.358495,Neutral
2026-06-05 21:00:00,AUDNZD,fx,-2.100487,Very Bearish,-2.103425,-1.210256,Bearish
2026-06-05 21:00:00,AUDCAD,fx,-1.048682,Bearish,-1.224002,-0.580922,Neutral
2026-06-05 21:00:00,AUDCHF,fx,-0.172351,Neutral,1.090183,0.413732,Neutral
2026-06-05 21:00:00,NZDCAD,fx,0.614845,Neutral,0.879424,0.543861,Neutral
2026-06-05 21:00:00,NZDCHF,fx,1.928136,Bullish,3.193609,1.174553,Bullish
2026-06-05 21:00:00,CADCHF,fx,1.151154,Bullish,2.314185,0.985179,Bullish
2026-06-05 21:00:00,DJIA,cross,-0.790909,Neutral,0.213312,0.122947,Neutral
2026-06-05 21:00:00,SP500,cross,-0.790909,Neutral,0.213312,0.122947,Neutral
2026-06-05 21:00:00,NASDAQ,cross,-0.790909,Neutral,0.213312,0.122947,Neutral
2026-06-05 21:00:00,DAX,cross,-2.712167,Bearish,-1.399096,-0.770003,Bearish
2026-06-05 21:00:00,NIKKEI,cross,3.686604,Very Bullish,3.111292,2.123749,Very Bullish
2026-06-05 21:00:00,FTSE100,cross,2.160159,Bullish,0.500096,0.266576,Neutral
2026-06-05 21:00:00,GOLD,cross,-4.850732,Very Bearish,-3.003352,-1.703546,Very Bearish
2026-06-05 21:00:00,SILVER,cross,-4.514348,Very Bearish,-2.855344,-1.623277,Very Bearish
2026-06-12 21:00:00,US-DOLLAR,fx,1.136665,Bullish,1.225961,0.735871,Bullish
2026-06-12 21:00:00,EURUSD,fx,-0.780324,Neutral,-1.631048,-0.986720,Bearish
2026-06-12 21:00:00,GBPUSD,fx,-0.591964,Neutral,0.351817,0.176261,Neutral
2026-06-12 21:00:00,USDJPY,fx,0.529887,Neutral,3.074397,1.018350,Bullish
2026-06-12 21:00:00,USDCHF,fx,0.823537,Neutral,2.992921,1.060567,Bullish
2026-06-12 21:00:00,USDCAD,fx,0.874769,Neutral,1.101747,0.606355,Neutral
2026-06-12 21:00:00,AUDUSD,fx,-2.084479,Very Bearish,-2.325749,-1.057639,Bearish
2026-06-12 21:00:00,NZDUSD,fx,0.849991,Neutral,-0.222324,-0.143992,Neutral
2026-06-12 21:00:00,EURGBP,fx,0.242493,Neutral,-1.982865,-1.003982,Bearish
2026-06-12 21:00:00,EURJPY,fx,-0.186740,Neutral,1.443350,0.535169,Neutral
2026-06-12 21:00:00,EURCHF,fx,0.647491,Neutral,1.361873,0.547157,Neutral
2026-06-12 21:00:00,EURAUD,fx,1.734312,Bullish,0.694702,0.350152,Neutral
2026-06-12 21:00:00,EURNZD,fx,-1.026036,Bearish,-1.408724,-0.924966,Bearish
2026-06-12 21:00:00,EURCAD,fx,0.528501,Neutral,-0.529300,-0.291625,Neutral
2026-06-12 21:00:00,GBPJPY,fx,0.037587,Neutral,3.426215,1.105944,Bullish
2026-06-12 21:00:00,GBPCHF,fx,1.343839,Bullish,3.344738,1.054125,Bullish
2026-06-12 21:00:00,GBPAUD,fx,1.656367,Bullish,2.677567,1.434923,Bullish
2026-06-12 21:00:00,GBPNZD,fx,-0.329689,Neutral,0.574141,0.310347,Neutral
2026-06-12 21:00:00,GBPCAD,fx,0.348266,Neutral,1.453565,0.639773,Neutral
2026-06-12 21:00:00,AUDJPY,fx,-1.763623,Bearish,0.748648,0.300541,Neutral
2026-06-12 21:00:00,NZDJPY,fx,0.965438,Bullish,2.852074,1.001079,Bullish
2026-06-12 21:00:00,CADJPY,fx,-0.426009,Neutral,1.972650,0.763114,Bullish
2026-06-12 21:00:00,CHFJPY,fx,-0.545953,Neutral,0.081477,0.041067,Neutral
2026-06-12 21:00:00,AUDNZD,fx,-2.100487,Very Bearish,-2.103425,-1.210256,Bearish
2026-06-12 21:00:00,AUDCAD,fx,-1.379311,Bearish,-1.224002,-0.580922,Neutral
2026-06-12 21:00:00,AUDCHF,fx,-0.426959,Neutral,0.667172,0.253196,Neutral
2026-06-12 21:00:00,NZDCAD,fx,0.614845,Neutral,0.879424,0.543861,Neutral
2026-06-12 21:00:00,NZDCHF,fx,1.673527,Bullish,2.770597,1.018976,Bullish
2026-06-12 21:00:00,CADCHF,fx,0.896546,Bullish,1.891173,0.805097,Bullish
2026-06-12 21:00:00,DJIA,cross,0.260791,Neutral,1.900121,1.095171,Bullish
2026-06-12 21:00:00,SP500,cross,0.260791,Neutral,1.900121,1.095171,Bullish
2026-06-12 21:00:00,NASDAQ,cross,0.260791,Neutral,1.900121,1.095171,Bullish
2026-06-12 21:00:00,DAX,cross,-3.465267,Bearish,-1.399096,-0.770003,Bearish
2026-06-12 21:00:00,NIKKEI,cross,3.292456,Bullish,3.609811,2.464035,Very Bullish
2026-06-12 21:00:00,FTSE100,cross,0.242904,Neutral,0.000000,0.000000,Neutral
2026-06-12 21:00:00,GOLD,cross,-2.633645,Bearish,-1.423482,-0.807420,Bearish
2026-06-12 21:00:00,SILVER,cross,-2.297262,Bearish,-1.275474,-0.725113,Bearish
2026-06-19 21:00:00,US-DOLLAR,fx,0.891795,Bullish,1.346351,0.808134,Bullish
2026-06-19 21:00:00,EURUSD,fx,-1.069708,Bearish,-1.979320,-1.197411,Bearish
2026-06-19 21:00:00,GBPUSD,fx,-0.209216,Neutral,1.384773,0.693774,Neutral
2026-06-19 21:00:00,USDJPY,fx,0.040920,Neutral,2.214945,0.733668,Bullish
2026-06-19 21:00:00,USDCHF,fx,2.374655,Very Bullish,5.074687,1.798259,Very Bullish
2026-06-19 21:00:00,USDCAD,fx,1.680494,Bullish,2.677594,1.473635,Bullish
2026-06-19 21:00:00,AUDUSD,fx,-2.042330,Very Bearish,-2.462515,-1.119834,Bearish
2026-06-19 21:00:00,NZDUSD,fx,0.991058,Bullish,-0.147584,-0.095586,Neutral
2026-06-19 21:00:00,EURGBP,fx,-0.146145,Neutral,-3.364092,-1.703338,Very Bearish
2026-06-19 21:00:00,EURJPY,fx,-0.873649,Neutral,0.235625,0.087366,Neutral
2026-06-19 21:00:00,EURCHF,fx,2.085068,Very Bullish,3.095367,1.243619,Bullish
2026-06-19 21:00:00,EURAUD,fx,1.383967,Bullish,0.483196,0.243546,Neutral
2026-06-19 21:00:00,EURNZD,fx,-1.280645,Bearish,-1.831736,-1.202715,Bearish
2026-06-19 21:00:00,EURCAD,fx,0.937289,Bullish,0.698275,0.384724,Neutral
2026-06-19 21:00:00,GBPJPY,fx,-0.158138,Neutral,3.599718,1.161949,Bullish
2026-06-19 21:00:00,GBPCHF,fx,3.250198,Very Bullish,6.459460,2.035758,Very Bullish
2026-06-19 21:00:00,GBPAUD,fx,1.719880,Bullish,3.847288,2.061783,Very Bullish
2026-06-19 21:00:00,GBPNZD,fx,0.046622,Neutral,1.532357,0.828301,Bullish
2026-06-19 21:00:00,GBPCAD,fx,1.273939,Bullish,4.062367,1.788014,Very Bullish
2026-06-19 21:00:00,AUDJPY,fx,-2.114819,Very Bearish,-0.247570,-0.099386,Neutral
2026-06-19 21:00:00,NZDJPY,fx,0.711342,Neutral,2.067361,0.725644,Bullish
2026-06-19 21:00:00,CADJPY,fx,-1.623639,Bearish,-0.462649,-0.178975,Neutral
2026-06-19 21:00:00,CHFJPY,fx,-2.492235,Very Bearish,-2.859742,-1.441402,Bearish
2026-06-19 21:00:00,AUDNZD,fx,-2.227791,Very Bearish,-2.314931,-1.331951,Bearish
2026-06-19 21:00:00,AUDCAD,fx,-0.502321,Neutral,0.215079,0.102078,Neutral
2026-06-19 21:00:00,AUDCHF,fx,1.137922,Bullish,2.612172,0.991337,Bullish
2026-06-19 21:00:00,NZDCAD,fx,1.872647,Bullish,2.530010,1.564632,Very Bullish
2026-06-19 21:00:00,NZDCHF,fx,3.365713,Very Bullish,4.927103,1.812101,Very Bullish
2026-06-19 21:00:00,CADCHF,fx,1.330929,Bullish,2.397093,1.020474,Bullish
2026-06-19 21:00:00,DJIA,cross,2.140878,Bullish,2.515676,1.449957,Bullish
2026-06-19 21:00:00,SP500,cross,2.140878,Bullish,2.515676,1.449957,Bullish
2026-06-19 21:00:00,NASDAQ,cross,2.140878,Bullish,2.515676,1.449957,Bullish
2026-06-19 21:00:00,DAX,cross,-1.704298,Bearish,-1.399096,-0.770003,Bearish
2026-06-19 21:00:00,NIKKEI,cross,4.852699,Very Bullish,3.244775,2.214863,Very Bullish
2026-06-19 21:00:00,FTSE100,cross,4.970306,Very Bullish,3.323390,1.771530,Very Bullish
2026-06-19 21:00:00,GOLD,cross,-1.565491,Neutral,-1.579175,-0.895731,Bearish
2026-06-19 21:00:00,SILVER,cross,-1.565491,Neutral,-1.579175,-0.897768,Bearish
2026-06-26 21:00:00,US-DOLLAR,fx,1.893356,Bullish,2.570490,1.542911,Very Bullish
2026-06-26 21:00:00,EURUSD,fx,-1.006684,Bearish,-2.431170,-1.470762,Bearish
2026-06-26 21:00:00,GBPUSD,fx,-0.612050,Neutral,-0.050872,-0.025487,Neutral
2026-06-26 21:00:00,USDJPY,fx,-0.105590,Neutral,1.590494,0.526828,Neutral
2026-06-26 21:00:00,USDCHF,fx,2.829772,Very Bullish,6.087320,2.157094,Very Bullish
2026-06-26 21:00:00,USDCAD,fx,0.579983,Neutral,1.457864,0.802346,Bullish
2026-06-26 21:00:00,AUDUSD,fx,-1.167403,Bearish,-1.587522,-0.721929,Bearish
2026-06-26 21:00:00,NZDUSD,fx,0.408637,Neutral,-1.371723,-0.888421,Bearish
2026-06-26 21:00:00,EURGBP,fx,0.010656,Neutral,-2.380298,-1.205214,Bearish
2026-06-26 21:00:00,EURJPY,fx,-0.887823,Neutral,-0.840676,-0.311708,Neutral
2026-06-26 21:00:00,EURCHF,fx,2.451321,Very Bullish,3.656150,1.468923,Bullish
2026-06-26 21:00:00,EURAUD,fx,0.553161,Neutral,-0.843648,-0.425226,Neutral
2026-06-26 21:00:00,EURNZD,fx,-0.787088,Neutral,-1.059447,-0.695632,Neutral
2026-06-26 21:00:00,EURCAD,fx,-0.196939,Neutral,-0.973306,-0.536257,Neutral
2026-06-26 21:00:00,GBPJPY,fx,-0.652873,Neutral,1.539622,0.496973,Neutral
2026-06-26 21:00:00,GBPCHF,fx,2.995589,Very Bullish,6.036448,1.902442,Very Bullish
2026-06-26 21:00:00,GBPAUD,fx,0.635049,Neutral,1.536650,0.823500,Bullish
2026-06-26 21:00:00,GBPNZD,fx,-0.080683,Neutral,1.320851,0.713973,Bullish
2026-06-26 21:00:00,GBPCAD,fx,-0.244413,Neutral,1.406992,0.619274,Neutral
2026-06-26 21:00:00,AUDJPY,fx,-1.341602,Bearish,0.002972,0.001193,Neutral
2026-06-26 21:00:00,NZDJPY,fx,-0.162173,Neutral,0.218771,0.076789,Neutral
2026-06-26 21:00:00,CADJPY,fx,-0.551677,Neutral,0.132631,0.051308,Neutral
2026-06-26 21:00:00,CHFJPY,fx,-3.238445,Very Bearish,-4.496826,-2.266545,Very Bearish
2026-06-26 21:00:00,AUDNZD,fx,-0.853784,Neutral,-0.215799,-0.124165,Neutral
2026-06-26 21:00:00,AUDCAD,fx,-0.867417,Neutral,-0.129659,-0.061537,Neutral
2026-06-26 21:00:00,AUDCHF,fx,2.384625,Very Bullish,4.499798,1.707703,Very Bullish
2026-06-26 21:00:00,NZDCAD,fx,-0.049086,Neutral,0.086141,0.053272,Neutral
2026-06-26 21:00:00,NZDCHF,fx,3.238408,Very Bullish,4.715597,1.734313,Very Bullish
2026-06-26 21:00:00,CADCHF,fx,3.125358,Very Bullish,4.629456,1.970820,Very Bullish
2026-06-26 21:00:00,DJIA,cross,2.535793,Bullish,2.957067,1.704362,Very Bullish
2026-06-26 21:00:00,SP500,cross,2.535793,Bullish,2.957067,1.704362,Very Bullish
2026-06-26 21:00:00,NASDAQ,cross,2.535793,Bullish,2.957067,1.704362,Very Bullish
2026-06-26 21:00:00,DAX,cross,-0.833566,Neutral,-0.943358,-0.519184,Neutral
2026-06-26 21:00:00,NIKKEI,cross,2.755333,Bullish,0.678475,0.463123,Neutral
2026-06-26 21:00:00,FTSE100,cross,5.164490,Very Bullish,4.012255,2.138729,Very Bullish
2026-06-26 21:00:00,GOLD,cross,-3.822134,Very Bearish,-2.713121,-1.538923,Bearish
2026-06-26 21:00:00,SILVER,cross,-3.822134,Very Bearish,-2.713121,-1.542423,Bearish
2026-07-03 21:00:00,US-DOLLAR,fx,1.215218,Bullish,1.525673,0.915770,Bullish
2026-07-03 21:00:00,EURUSD,fx,-1.162997,Bearish,-1.820385,-1.101261,Bearish
2026-07-03 21:00:00,GBPUSD,fx,-0.888975,Neutral,-0.326957,-0.163806,Neutral
2026-07-03 21:00:00,USDJPY,fx,0.000787,Neutral,0.895799,0.296720,Neutral
2026-07-03 21:00:00,USDCHF,fx,2.616453,Very Bullish,5.254009,1.861803,Very Bullish
2026-07-03 21:00:00,USDCAD,fx,-0.177509,Neutral,-0.195408,-0.107544,Neutral
2026-07-03 21:00:00,AUDUSD,fx,-0.851272,Neutral,-0.542706,-0.246797,Neutral
2026-07-03 21:00:00,NZDUSD,fx,0.749260,Neutral,-0.326906,-0.211727,Neutral
2026-07-03 21:00:00,EURGBP,fx,0.190119,Neutral,-1.493428,-0.756166,Bearish
2026-07-03 21:00:00,EURJPY,fx,-1.139059,Bearish,-0.924585,-0.342820,Neutral
2026-07-03 21:00:00,EURCHF,fx,1.919284,Bullish,3.433625,1.379520,Bullish
2026-07-03 21:00:00,EURAUD,fx,-0.057248,Neutral,-1.277679,-0.643991,Neutral
2026-07-03 21:00:00,EURNZD,fx,-1.284292,Bearish,-1.493478,-0.980616,Bearish
2026-07-03 21:00:00,EURCAD,fx,-1.509162,Bearish,-2.015793,-1.110630,Bearish
2026-07-03 21:00:00,GBPJPY,fx,-0.928492,Bearish,0.568842,0.183616,Neutral
2026-07-03 21:00:00,GBPCHF,fx,2.358258,Very Bullish,4.927052,1.552806,Very Bullish
2026-07-03 21:00:00,GBPAUD,fx,-0.044866,Neutral,0.215749,0.115621,Neutral
2026-07-03 21:00:00,GBPNZD,fx,-0.845318,Neutral,-0.000050,-0.000027,Neutral
2026-07-03 21:00:00,GBPCAD,fx,-1.433985,Bearish,-0.522365,-0.229914,Neutral
2026-07-03 21:00:00,AUDJPY,fx,-0.967490,Bearish,0.353094,0.141748,Neutral
2026-07-03 21:00:00,NZDJPY,fx,0.314015,Neutral,0.568893,0.199682,Neutral
2026-07-03 21:00:00,CADJPY,fx,0.327648,Neutral,1.091208,0.422131,Neutral
2026-07-03 21:00:00,CHFJPY,fx,-3.051698,Very Bearish,-4.358210,-2.196678,Very Bearish
2026-07-03 21:00:00,AUDNZD,fx,-0.853784,Neutral,-0.215799,-0.124165,Neutral
2026-07-03 21:00:00,AUDCAD,fx,-1.332047,Bearish,-0.738114,-0.350315,Neutral
2026-07-03 21:00:00,AUDCHF,fx,2.511929,Very Bullish,4.711304,1.787971,Very Bullish
2026-07-03 21:00:00,NZDCAD,fx,-0.526983,Neutral,-0.522315,-0.323015,Neutral
2026-07-03 21:00:00,NZDCHF,fx,3.365713,Very Bullish,4.927103,1.812101,Very Bullish
2026-07-03 21:00:00,CADCHF,fx,3.730560,Very Bullish,5.449418,2.319888,Very Bullish
2026-07-03 21:00:00,DJIA,cross,-0.389745,Neutral,1.383796,0.797577,Bullish
2026-07-03 21:00:00,SP500,cross,-0.389745,Neutral,1.383796,0.797577,Bullish
2026-07-03 21:00:00,NASDAQ,cross,-0.389745,Neutral,1.383796,0.797577,Bullish
2026-07-03 21:00:00,DAX,cross,2.854741,Bullish,2.518204,1.385913,Bullish
2026-07-03 21:00:00,NIKKEI,cross,-0.250697,Neutral,0.584246,0.398803,Neutral
2026-07-03 21:00:00,FTSE100,cross,1.119778,Neutral,2.127846,1.134246,Bullish
2026-07-03 21:00:00,GOLD,cross,-3.426497,Bearish,-1.789529,-1.015048,Bearish
2026-07-03 21:00:00,SILVER,cross,-3.426497,Bearish,-1.789529,-1.017356,Bearish
2026-07-10 21:00:00,US-DOLLAR,fx,1.027416,Bullish,1.509297,0.905941,Bullish
2026-07-10 21:00:00,EURUSD,fx,-0.659033,Neutral,-1.608879,-0.973308,Bearish
2026-07-10 21:00:00,GBPUSD,fx,-0.686787,Neutral,-0.326957,-0.163806,Neutral
2026-07-10 21:00:00,USDJPY,fx,-0.163431,Neutral,1.054011,0.349126,Neutral
2026-07-10 21:00:00,USDCHF,fx,0.899576,Bullish,3.588057,1.271459,Bullish
2026-07-10 21:00:00,USDCAD,fx,0.100788,Neutral,0.733614,0.403750,Neutral
2026-07-10 21:00:00,AUDUSD,fx,-0.769881,Neutral,-0.542706,-0.246797,Neutral
2026-07-10 21:00:00,NZDUSD,fx,0.749260,Neutral,-0.195895,-0.126875,Neutral
2026-07-10 21:00:00,EURGBP,fx,0.328367,Neutral,-1.281922,-0.649074,Neutral
2026-07-10 21:00:00,EURJPY,fx,-0.825859,Neutral,-0.554867,-0.205735,Neutral
2026-07-10 21:00:00,EURCHF,fx,0.491848,Neutral,1.979179,0.795170,Bullish
2026-07-10 21:00:00,EURAUD,fx,0.229494,Neutral,-1.066173,-0.537386,Neutral
2026-07-10 21:00:00,EURNZD,fx,-1.156988,Bearish,-1.412983,-0.927763,Bearish
2026-07-10 21:00:00,EURCAD,fx,-0.614836,Neutral,-0.875264,-0.482239,Neutral
2026-07-10 21:00:00,GBPJPY,fx,-0.802398,Neutral,0.727054,0.234685,Neutral
2026-07-10 21:00:00,GBPCHF,fx,0.803518,Neutral,3.261101,1.027766,Bullish
2026-07-10 21:00:00,GBPAUD,fx,0.034565,Neutral,0.215749,0.115621,Neutral
2026-07-10 21:00:00,GBPNZD,fx,-0.845318,Neutral,-0.131062,-0.070844,Neutral
2026-07-10 21:00:00,GBPCAD,fx,-0.792007,Neutral,0.406658,0.178987,Neutral
2026-07-10 21:00:00,AUDJPY,fx,-0.919404,Bearish,0.511306,0.205261,Neutral
2026-07-10 21:00:00,NZDJPY,fx,0.361414,Neutral,0.858116,0.301199,Neutral
2026-07-10 21:00:00,CADJPY,fx,-0.174879,Neutral,0.320397,0.123945,Neutral
2026-07-10 21:00:00,CHFJPY,fx,-1.287423,Bearish,-2.534046,-1.277241,Bearish
2026-07-10 21:00:00,AUDNZD,fx,-0.853784,Neutral,-0.346811,-0.199546,Neutral
2026-07-10 21:00:00,AUDCAD,fx,-0.947825,Bearish,0.190909,0.090607,Neutral
2026-07-10 21:00:00,AUDCHF,fx,0.795053,Neutral,3.045352,1.155731,Bullish
2026-07-10 21:00:00,NZDCAD,fx,0.267803,Neutral,0.537719,0.332541,Neutral
2026-07-10 21:00:00,NZDCHF,fx,1.648836,Bullish,3.392162,1.247577,Bullish
2026-07-10 21:00:00,CADCHF,fx,1.381033,Bullish,2.854443,1.215174,Bullish
2026-07-10 21:00:00,DJIA,cross,0.197098,Neutral,1.122990,0.647257,Neutral
2026-07-10 21:00:00,SP500,cross,0.197098,Neutral,1.122990,0.647257,Neutral
2026-07-10 21:00:00,NASDAQ,cross,0.197098,Neutral,1.122990,0.647257,Neutral
2026-07-10 21:00:00,DAX,cross,3.024643,Bullish,2.088124,1.149215,Bullish
2026-07-10 21:00:00,NIKKEI,cross,0.507898,Neutral,0.918587,0.627022,Neutral
2026-07-10 21:00:00,FTSE100,cross,1.363827,Neutral,1.591277,0.848229,Bullish
2026-07-10 21:00:00,GOLD,cross,-2.456296,Bearish,-1.759591,-0.998066,Bearish
2026-07-10 21:00:00,SILVER,cross,-2.456296,Bearish,-1.759591,-1.000336,Bearish
2026-07-17 21:00:00,US-DOLLAR,fx,0.582626,Neutral,0.706515,0.424079,Neutral
2026-07-17 21:00:00,EURUSD,fx,-0.040518,Neutral,-1.229108,-0.743562,Bearish
2026-07-17 21:00:00,GBPUSD,fx,0.280835,Neutral,0.475825,0.238389,Neutral
2026-07-17 21:00:00,USDJPY,fx,-0.216925,Neutral,0.925784,0.306653,Neutral
2026-07-17 21:00:00,USDCHF,fx,-0.503981,Neutral,1.770616,0.627433,Neutral
2026-07-17 21:00:00,USDCAD,fx,-0.669110,Neutral,-0.069168,-0.038067,Neutral
2026-07-17 21:00:00,AUDUSD,fx,-0.019264,Neutral,0.260076,0.118270,Neutral
2026-07-17 21:00:00,NZDUSD,fx,1.279302,Bullish,0.606887,0.393061,Neutral
2026-07-17 21:00:00,EURGBP,fx,-0.462305,Neutral,-1.704934,-0.863258,Bearish
2026-07-17 21:00:00,EURJPY,fx,-0.097226,Neutral,-0.303324,-0.112467,Neutral
2026-07-17 21:00:00,EURCHF,fx,-0.636276,Neutral,0.541508,0.217561,Neutral
2026-07-17 21:00:00,EURAUD,fx,0.171603,Neutral,-1.489185,-0.750597,Bearish
2026-07-17 21:00:00,EURNZD,fx,-1.411597,Bearish,-1.835995,-1.205512,Bearish
2026-07-17 21:00:00,EURCAD,fx,-0.546964,Neutral,-1.298276,-0.715304,Bearish
2026-07-17 21:00:00,GBPJPY,fx,0.196318,Neutral,1.401609,0.452424,Neutral
2026-07-17 21:00:00,GBPCHF,fx,-0.069997,Neutral,2.246442,0.707987,Bullish
2026-07-17 21:00:00,GBPAUD,fx,0.482676,Neutral,0.215749,0.115621,Neutral
2026-07-17 21:00:00,GBPNZD,fx,-0.845318,Neutral,-0.131062,-0.070844,Neutral
2026-07-17 21:00:00,GBPCAD,fx,-0.283684,Neutral,0.406658,0.178987,Neutral
2026-07-17 21:00:00,AUDJPY,fx,-0.233221,Neutral,1.185861,0.476058,Neutral
2026-07-17 21:00:00,NZDJPY,fx,0.680012,Neutral,1.532671,0.537968,Neutral
2026-07-17 21:00:00,CADJPY,fx,0.502718,Neutral,0.994952,0.384894,Neutral
2026-07-17 21:00:00,CHFJPY,fx,-0.095309,Neutral,-0.844832,-0.425823,Neutral
2026-07-17 21:00:00,AUDNZD,fx,-0.853784,Neutral,-0.346811,-0.199546,Neutral
2026-07-17 21:00:00,AUDCAD,fx,-0.801966,Neutral,0.190909,0.090607,Neutral
2026-07-17 21:00:00,AUDCHF,fx,-0.078463,Neutral,2.030693,0.770661,Bullish
2026-07-17 21:00:00,NZDCAD,fx,0.267803,Neutral,0.537719,0.332541,Neutral
2026-07-17 21:00:00,NZDCHF,fx,0.775321,Neutral,2.377503,0.874404,Bullish
2026-07-17 21:00:00,CADCHF,fx,0.507518,Neutral,1.839784,0.783220,Bullish
2026-07-17 21:00:00,DJIA,cross,2.201205,Bullish,2.200497,1.268298,Bullish
2026-07-17 21:00:00,SP500,cross,2.201205,Bullish,2.200497,1.268298,Bullish
2026-07-17 21:00:00,NASDAQ,cross,2.201205,Bullish,2.200497,1.268298,Bullish
2026-07-17 21:00:00,DAX,cross,3.049613,Bullish,1.712336,0.942398,Bullish
2026-07-17 21:00:00,NIKKEI,cross,0.092394,Neutral,0.000000,0.000000,Neutral
2026-07-17 21:00:00,FTSE100,cross,1.442923,Neutral,1.217351,0.648908,Neutral
2026-07-17 21:00:00,GOLD,cross,-2.179515,Bearish,-1.166049,-0.661401,Bearish
2026-07-17 21:00:00,SILVER,cross,-1.170365,Neutral,-0.722023,-0.410474,Neutral
2026-07-24 21:00:00,US-DOLLAR,fx,0.773138,Neutral,0.843281,0.506171,Neutral
2026-07-24 21:00:00,EURUSD,fx,0.696464,Neutral,-1.016598,-0.615002,Neutral
2026-07-24 21:00:00,GBPUSD,fx,1.350625,Bullish,1.181803,0.592086,Neutral
2026-07-24 21:00:00,USDJPY,fx,-0.217657,Neutral,1.274056,0.422013,Neutral
2026-07-24 21:00:00,USDCHF,fx,-0.390440,Neutral,2.118889,0.750846,Bullish
2026-07-24 21:00:00,USDCAD,fx,0.607036,Neutral,2.278634,1.254064,Bullish
2026-07-24 21:00:00,AUDUSD,fx,0.838902,Neutral,1.084283,0.493080,Neutral
2026-07-24 21:00:00,NZDUSD,fx,1.293065,Bullish,0.470121,0.304482,Neutral
2026-07-24 21:00:00,EURGBP,fx,-0.793320,Neutral,-2.198401,-1.113114,Bearish
2026-07-24 21:00:00,EURJPY,fx,0.461700,Neutral,0.257458,0.095461,Neutral
2026-07-24 21:00:00,EURCHF,fx,-0.270023,Neutral,1.102291,0.442865,Neutral
2026-07-24 21:00:00,EURAUD,fx,-0.116191,Neutral,-2.100881,-1.058912,Bearish
2026-07-24 21:00:00,EURNZD,fx,-1.172648,Bearish,-1.486718,-0.976178,Bearish
2026-07-24 21:00:00,EURCAD,fx,1.347424,Bullish,1.262036,0.695337,Neutral
2026-07-24 21:00:00,GBPJPY,fx,0.934986,Bullish,2.455859,0.792724,Bullish
2026-07-24 21:00:00,GBPCHF,fx,0.629735,Neutral,3.300692,1.040243,Bullish
2026-07-24 21:00:00,GBPAUD,fx,0.493283,Neutral,0.097520,0.052261,Neutral
2026-07-24 21:00:00,GBPNZD,fx,-0.272890,Neutral,0.711682,0.384693,Neutral
2026-07-24 21:00:00,GBPCAD,fx,1.901865,Bullish,3.460437,1.523080,Very Bullish
2026-07-24 21:00:00,AUDJPY,fx,0.550976,Neutral,2.358340,0.946744,Bullish
2026-07-24 21:00:00,NZDJPY,fx,0.807316,Neutral,1.744177,0.612207,Neutral
2026-07-24 21:00:00,CADJPY,fx,-0.769693,Neutral,-1.004578,-0.388618,Neutral
2026-07-24 21:00:00,CHFJPY,fx,-0.095309,Neutral,-0.844832,-0.425823,Neutral
2026-07-24 21:00:00,AUDNZD,fx,-0.323926,Neutral,0.614163,0.353373,Neutral
2026-07-24 21:00:00,AUDCAD,fx,1.312380,Bullish,3.362917,1.596069,Very Bullish
2026-07-24 21:00:00,AUDCHF,fx,0.578699,Neutral,3.203172,1.215625,Bullish
2026-07-24 21:00:00,NZDCAD,fx,1.967434,Very Bullish,2.748755,1.699910,Very Bullish
2026-07-24 21:00:00,NZDCHF,fx,0.902625,Bullish,2.589009,0.952192,Bullish
2026-07-24 21:00:00,CADCHF,fx,-1.064809,Bearish,-0.159745,-0.068006,Neutral
2026-07-24 21:00:00,DJIA,cross,2.327029,Bullish,2.496725,1.439035,Bullish
2026-07-24 21:00:00,SP500,cross,2.327029,Bullish,2.496725,1.439035,Bullish
2026-07-24 21:00:00,NASDAQ,cross,2.327029,Bullish,2.496725,1.439035,Bullish
2026-07-24 21:00:00,DAX,cross,3.163088,Bullish,2.016783,1.109952,Bullish
2026-07-24 21:00:00,NIKKEI,cross,-0.366691,Neutral,0.000000,0.000000,Neutral
2026-07-24 21:00:00,FTSE100,cross,-0.092038,Neutral,0.000000,0.000000,Neutral
2026-07-24 21:00:00,GOLD,cross,-3.010740,Bearish,-1.846814,-1.047540,Bearish
2026-07-24 21:00:00,SILVER,cross,-1.665207,Neutral,-1.254779,-0.713348,Bearish
2026-07-31 21:00:00,US-DOLLAR,fx,-0.678122,Neutral,-1.168606,-0.701444,Bearish
2026-07-31 21:00:00,EURUSD,fx,2.186526,Very Bullish,2.477151,1.498579,Bullish
2026-07-31 21:00:00,GBPUSD,fx,2.038130,Very Bullish,3.616702,1.811975,Very Bullish
2026-07-31 21:00:00,USDJPY,fx,-0.284586,Neutral,0.769492,0.254883,Neutral
2026-07-31 21:00:00,USDCHF,fx,-0.560850,Neutral,0.986005,0.349399,Neutral
2026-07-31 21:00:00,USDCAD,fx,-0.218348,Neutral,-0.156265,-0.086001,Neutral
2026-07-31 21:00:00,AUDUSD,fx,1.935358,Very Bullish,4.356767,1.981249,Very Bullish
2026-07-31 21:00:00,NZDUSD,fx,2.227976,Very Bullish,2.693513,1.744503,Very Bullish
2026-07-31 21:00:00,EURGBP,fx,0.048039,Neutral,-1.139551,-0.576988,Neutral
2026-07-31 21:00:00,EURJPY,fx,1.849948,Bullish,3.246642,1.203798,Bullish
2026-07-31 21:00:00,EURCHF,fx,1.581224,Bullish,3.463155,1.391384,Bullish
2026-07-31 21:00:00,EURAUD,fx,0.381749,Neutral,-1.879617,-0.947387,Bearish
2026-07-31 21:00:00,EURNZD,fx,-0.085902,Neutral,-0.216363,-0.142063,Neutral
2026-07-31 21:00:00,EURCAD,fx,2.235722,Very Bullish,2.320886,1.278725,Bullish
2026-07-31 21:00:00,GBPJPY,fx,1.597229,Bullish,4.386193,1.415814,Bullish
2026-07-31 21:00:00,GBPCHF,fx,1.521540,Bullish,4.602706,1.450585,Bullish
2026-07-31 21:00:00,GBPAUD,fx,0.164525,Neutral,-0.740066,-0.396605,Neutral
2026-07-31 21:00:00,GBPNZD,fx,-0.145586,Neutral,0.923188,0.499021,Neutral
2026-07-31 21:00:00,GBPCAD,fx,1.907618,Bullish,3.460437,1.523080,Very Bullish
2026-07-31 21:00:00,AUDJPY,fx,1.572039,Bullish,5.126259,2.057912,Very Bullish
2026-07-31 21:00:00,NZDJPY,fx,1.619215,Bullish,3.463005,1.215516,Bullish
2026-07-31 21:00:00,CADJPY,fx,-0.020558,Neutral,0.925756,0.358126,Neutral
2026-07-31 21:00:00,CHFJPY,fx,-0.047911,Neutral,-0.216513,-0.109130,Neutral
2026-07-31 21:00:00,AUDNZD,fx,0.374886,Neutral,1.663254,0.956993,Bullish
2026-07-31 21:00:00,AUDCAD,fx,1.648311,Bullish,4.200503,1.993594,Very Bullish
2026-07-31 21:00:00,AUDCHF,fx,2.042012,Very Bullish,5.342772,2.027617,Very Bullish
2026-07-31 21:00:00,NZDCAD,fx,1.840130,Bullish,2.537249,1.569109,Very Bullish
2026-07-31 21:00:00,NZDCHF,fx,1.667126,Bullish,3.679518,1.353261,Bullish
2026-07-31 21:00:00,CADCHF,fx,-0.173004,Neutral,1.142269,0.486279,Neutral
2026-07-31 21:00:00,DJIA,cross,0.550498,Neutral,0.944569,0.544420,Neutral
2026-07-31 21:00:00,SP500,cross,0.550498,Neutral,0.944569,0.544420,Neutral
2026-07-31 21:00:00,NASDAQ,cross,0.550498,Neutral,0.944569,0.544420,Neutral
2026-07-31 21:00:00,DAX,cross,-0.525359,Neutral,0.000000,0.000000,Neutral
2026-07-31 21:00:00,NIKKEI,cross,-3.091315,Bearish,-0.956364,-0.652808,Bearish
2026-07-31 21:00:00,FTSE100,cross,-0.776632,Neutral,0.122550,0.065325,Neutral
2026-07-31 21:00:00,GOLD,cross,0.081335,Neutral,0.706897,0.400962,Neutral
2026-07-31 21:00:00,SILVER,cross,0.754102,Neutral,1.002914,0.570161,Neutral
2026-08-07 21:00:00,US-DOLLAR,fx,-2.169825,Very Bearish,-2.584475,-1.551306,Very Bearish
2026-08-07 21:00:00,EURUSD,fx,2.048274,Very Bullish,3.194467,1.932527,Very Bullish
2026-08-07 21:00:00,GBPUSD,fx,2.026433,Very Bullish,4.821065,2.415363,Very Bullish
2026-08-07 21:00:00,USDJPY,fx,-0.998725,Bearish,-0.011861,-0.003929,Neutral
2026-08-07 21:00:00,USDCHF,fx,-1.009080,Bearish,-0.429865,-0.152326,Neutral
2026-08-07 21:00:00,USDCAD,fx,-1.541419,Bearish,-2.442283,-1.344129,Bearish
2026-08-07 21:00:00,AUDUSD,fx,2.173721,Very Bullish,5.463753,2.484653,Very Bullish
2026-08-07 21:00:00,NZDUSD,fx,2.283973,Very Bullish,3.547927,2.297881,Very Bullish
2026-08-07 21:00:00,EURGBP,fx,0.048499,Neutral,-1.626599,-0.823594,Bearish
2026-08-07 21:00:00,EURJPY,fx,1.101592,Bullish,3.182606,1.180054,Bullish
2026-08-07 21:00:00,EURCHF,fx,1.103327,Bullish,2.764602,1.110728,Bullish
2026-08-07 21:00:00,EURAUD,fx,-0.169729,Neutral,-2.269286,-1.143793,Bearish
2026-08-07 21:00:00,EURNZD,fx,-0.171566,Neutral,-0.353461,-0.232082,Neutral
2026-08-07 21:00:00,EURCAD,fx,0.821682,Neutral,0.752184,0.414427,Neutral
2026-08-07 21:00:00,GBPJPY,fx,1.191649,Bullish,4.809205,1.552358,Very Bullish
2026-08-07 21:00:00,GBPCHF,fx,1.394236,Bullish,4.391200,1.383927,Bullish
2026-08-07 21:00:00,GBPAUD,fx,-0.177671,Neutral,-0.642687,-0.344420,Neutral
2026-08-07 21:00:00,GBPNZD,fx,0.119343,Neutral,1.273138,0.688183,Neutral
2026-08-07 21:00:00,GBPCAD,fx,0.713668,Neutral,2.378783,1.046999,Bullish
2026-08-07 21:00:00,AUDJPY,fx,1.194147,Bullish,5.451892,2.188636,Very Bullish
2026-08-07 21:00:00,NZDJPY,fx,1.608895,Bullish,3.536067,1.241161,Bullish
2026-08-07 21:00:00,CADJPY,fx,0.590667,Neutral,2.430422,0.940202,Bullish
2026-08-07 21:00:00,CHFJPY,fx,0.334002,Neutral,0.418005,0.210688,Neutral
2026-08-07 21:00:00,AUDNZD,fx,0.528170,Neutral,1.915825,1.102316,Bullish
2026-08-07 21:00:00,AUDCAD,fx,0.643932,Neutral,3.021470,1.434015,Bullish
2026-08-07 21:00:00,AUDCHF,fx,1.803063,Bullish,5.033888,1.910394,Very Bullish
2026-08-07 21:00:00,NZDCAD,fx,0.731906,Neutral,1.105645,0.683763,Neutral
2026-08-07 21:00:00,NZDCHF,fx,1.274893,Bullish,3.118062,1.146768,Bullish
2026-08-07 21:00:00,CADCHF,fx,0.542987,Neutral,2.012418,0.856712,Bullish
2026-08-07 21:00:00,DJIA,cross,-0.270123,Neutral,-0.024868,-0.014333,Neutral
2026-08-07 21:00:00,SP500,cross,-0.270123,Neutral,-0.024868,-0.014333,Neutral
2026-08-07 21:00:00,NASDAQ,cross,-0.270123,Neutral,-0.024868,-0.014333,Neutral
2026-08-07 21:00:00,DAX,cross,-1.363380,Neutral,-0.031883,-0.017547,Neutral
2026-08-07 21:00:00,NIKKEI,cross,-3.024181,Bearish,-0.956364,-0.652808,Bearish
2026-08-07 21:00:00,FTSE100,cross,-0.181582,Neutral,0.279198,0.148826,Neutral
2026-08-07 21:00:00,GOLD,cross,3.679714,Bullish,2.777879,1.575655,Bullish
2026-08-07 21:00:00,SILVER,cross,4.688864,Very Bullish,3.221905,1.831669,Very Bullish
2026-08-14 21:00:00,US-DOLLAR,fx,-1.984661,Very Bearish,-2.134706,-1.281336,Bearish
2026-08-14 21:00:00,EURUSD,fx,1.184212,Bullish,2.108537,1.275582,Bullish
2026-08-14 21:00:00,GBPUSD,fx,1.585569,Bullish,4.490016,2.249507,Very Bullish
2026-08-14 21:00:00,USDJPY,fx,-0.989205,Bearish,0.437909,0.145051,Neutral
2026-08-14 21:00:00,USDCHF,fx,-0.676521,Neutral,-0.191602,-0.067896,Neutral
2026-08-14 21:00:00,USDCAD,fx,-1.573453,Bearish,-1.992514,-1.096595,Bearish
2026-08-14 21:00:00,AUDUSD,fx,1.994142,Very Bullish,5.013984,2.280120,Very Bullish
2026-08-14 21:00:00,NZDUSD,fx,1.824110,Bullish,3.098158,2.006579,Very Bullish
2026-08-14 21:00:00,EURGBP,fx,-0.367322,Neutral,-2.381479,-1.205812,Bearish
2026-08-14 21:00:00,EURJPY,fx,0.257728,Neutral,2.546445,0.944177,Bullish
2026-08-14 21:00:00,EURCHF,fx,0.578630,Neutral,1.916935,0.770163,Bullish
2026-08-14 21:00:00,EURAUD,fx,-0.909169,Bearish,-2.905447,-1.464439,Bearish
2026-08-14 21:00:00,EURNZD,fx,-0.568959,Neutral,-0.989621,-0.649784,Neutral
2026-08-14 21:00:00,EURCAD,fx,-0.437925,Neutral,0.116023,0.063925,Neutral
2026-08-14 21:00:00,GBPJPY,fx,0.889782,Neutral,4.927924,1.590679,Very Bullish
2026-08-14 21:00:00,GBPCHF,fx,1.330786,Bullish,4.298414,1.354684,Bullish
2026-08-14 21:00:00,GBPAUD,fx,-0.433095,Neutral,-0.523968,-0.280797,Neutral
2026-08-14 21:00:00,GBPNZD,fx,0.183198,Neutral,1.391857,0.752355,Bullish
2026-08-14 21:00:00,GBPCAD,fx,0.170718,Neutral,2.497502,1.099253,Bullish
2026-08-14 21:00:00,AUDJPY,fx,1.109977,Bullish,5.451892,2.188636,Very Bullish
2026-08-14 21:00:00,NZDJPY,fx,1.608895,Bullish,3.536067,1.241161,Bullish
2026-08-14 21:00:00,CADJPY,fx,0.463380,Neutral,2.430422,0.940202,Bullish
2026-08-14 21:00:00,CHFJPY,fx,0.461306,Neutral,0.629511,0.317294,Neutral
2026-08-14 21:00:00,AUDNZD,fx,0.528170,Neutral,1.915825,1.102316,Bullish
2026-08-14 21:00:00,AUDCAD,fx,0.542110,Neutral,3.021470,1.434015,Bullish
2026-08-14 21:00:00,AUDCHF,fx,1.675759,Bullish,4.822382,1.830126,Very Bullish
2026-08-14 21:00:00,NZDCAD,fx,0.731906,Neutral,1.105645,0.683763,Neutral
2026-08-14 21:00:00,NZDCHF,fx,1.147589,Bullish,2.906556,1.068980,Bullish
2026-08-14 21:00:00,CADCHF,fx,0.415683,Neutral,1.800912,0.766672,Bullish
2026-08-14 21:00:00,DJIA,cross,-2.358425,Bearish,-2.564978,-1.478374,Bearish
2026-08-14 21:00:00,SP500,cross,-2.358425,Bearish,-2.564978,-1.478374,Bearish
2026-08-14 21:00:00,NASDAQ,cross,-2.358425,Bearish,-2.564978,-1.478374,Bearish
2026-08-14 21:00:00,DAX,cross,-2.014331,Bearish,-0.861948,-0.474380,Neutral
2026-08-14 21:00:00,NIKKEI,cross,-2.872043,Bearish,-0.956364,-0.652808,Bearish
2026-08-14 21:00:00,FTSE100,cross,0.773101,Neutral,0.829948,0.442403,Neutral
2026-08-14 21:00:00,GOLD,cross,2.693942,Bullish,1.933731,1.096841,Bullish
2026-08-14 21:00:00,SILVER,cross,3.703092,Very Bullish,2.377757,1.351766,Bullish
2026-08-21 21:00:00,US-DOLLAR,fx,-2.523690,Very Bearish,-2.409894,-1.446515,Bearish
2026-08-21 21:00:00,EURUSD,fx,1.710965,Bullish,2.595230,1.570012,Very Bullish
2026-08-21 21:00:00,GBPUSD,fx,1.177089,Bullish,3.346598,1.676653,Very Bullish
2026-08-21 21:00:00,USDJPY,fx,-1.400859,Bearish,-0.174557,-0.057819,Neutral
2026-08-21 21:00:00,USDCHF,fx,-0.596616,Neutral,-0.043778,-0.015513,Neutral
2026-08-21 21:00:00,USDCAD,fx,-3.172207,Very Bearish,-4.461362,-2.455345,Very Bearish
2026-08-21 21:00:00,AUDUSD,fx,1.610113,Bullish,3.847712,1.749755,Very Bullish
2026-08-21 21:00:00,NZDUSD,fx,2.180962,Very Bullish,3.545822,2.296517,Very Bullish
2026-08-21 21:00:00,EURGBP,fx,0.609345,Neutral,-0.751368,-0.380439,Neutral
2026-08-21 21:00:00,EURJPY,fx,0.000053,Neutral,2.420674,0.897543,Bullish
2026-08-21 21:00:00,EURCHF,fx,0.960542,Bullish,2.551453,1.025091,Bullish
2026-08-21 21:00:00,EURAUD,fx,-0.036554,Neutral,-1.252481,-0.631291,Neutral
2026-08-21 21:00:00,EURNZD,fx,-0.623804,Neutral,-0.950592,-0.624158,Neutral
2026-08-21 21:00:00,EURCAD,fx,-1.714968,Bearish,-1.866131,-1.028172,Bearish
2026-08-21 21:00:00,GBPJPY,fx,-0.070431,Neutral,3.172042,1.023900,Bullish
2026-08-21 21:00:00,GBPCHF,fx,0.810844,Neutral,3.302821,1.040914,Bullish
2026-08-21 21:00:00,GBPAUD,fx,-0.467983,Neutral,-0.501113,-0.268549,Neutral
2026-08-21 21:00:00,GBPNZD,fx,-0.773502,Neutral,-0.199224,-0.107689,Neutral
2026-08-21 21:00:00,GBPCAD,fx,-1.949040,Very Bearish,-1.114763,-0.490653,Neutral
2026-08-21 21:00:00,AUDJPY,fx,0.160652,Neutral,3.673155,1.474570,Bullish
2026-08-21 21:00:00,NZDJPY,fx,1.631745,Bullish,3.371266,1.183316,Bullish
2026-08-21 21:00:00,CADJPY,fx,1.504774,Bullish,4.286805,1.658339,Very Bullish
2026-08-21 21:00:00,CHFJPY,fx,0.047399,Neutral,-0.130779,-0.065917,Neutral
2026-08-21 21:00:00,AUDNZD,fx,-0.448765,Neutral,0.301889,0.173699,Neutral
2026-08-21 21:00:00,AUDCAD,fx,-1.484147,Bearish,-0.613650,-0.291244,Neutral
2026-08-21 21:00:00,AUDCHF,fx,1.135581,Bullish,3.803934,1.443618,Bullish
2026-08-21 21:00:00,NZDCAD,fx,-0.849566,Neutral,-0.915539,-0.566196,Neutral
2026-08-21 21:00:00,NZDCHF,fx,1.584346,Bullish,3.502045,1.287990,Bullish
2026-08-21 21:00:00,CADCHF,fx,2.433912,Very Bullish,4.417584,1.880623,Very Bullish
2026-08-21 21:00:00,DJIA,cross,-1.397603,Neutral,-2.165941,-1.248381,Bearish
2026-08-21 21:00:00,SP500,cross,-1.397603,Neutral,-2.165941,-1.248381,Bearish
2026-08-21 21:00:00,NASDAQ,cross,-1.397603,Neutral,-2.165941,-1.248381,Bearish
2026-08-21 21:00:00,DAX,cross,-1.737943,Bearish,-0.861948,-0.474380,Neutral
2026-08-21 21:00:00,NIKKEI,cross,-2.198402,Bearish,-0.454024,-0.309914,Neutral
2026-08-21 21:00:00,FTSE100,cross,-0.842822,Neutral,-0.361210,-0.192543,Neutral
2026-08-21 21:00:00,GOLD,cross,4.084897,Very Bullish,2.499139,1.417549,Bullish
2026-08-21 21:00:00,SILVER,cross,5.094047,Very Bullish,2.943165,1.673203,Very Bullish
2026-08-28 21:00:00,US-DOLLAR,fx,-1.380134,Bearish,-1.094552,-0.656994,Neutral
2026-08-28 21:00:00,EURUSD,fx,1.167118,Bullish,1.068382,0.646329,Neutral
2026-08-28 21:00:00,GBPUSD,fx,0.639566,Neutral,1.819750,0.911698,Bullish
2026-08-28 21:00:00,USDJPY,fx,-1.691348,Bearish,-0.638918,-0.211632,Neutral
2026-08-28 21:00:00,USDCHF,fx,0.238517,Neutral,1.694576,0.600488,Neutral
2026-08-28 21:00:00,USDCAD,fx,-2.484257,Very Bearish,-2.934513,-1.615032,Very Bearish
2026-08-28 21:00:00,AUDUSD,fx,0.859407,Neutral,2.181029,0.991828,Bullish
2026-08-28 21:00:00,NZDUSD,fx,1.345829,Bullish,1.807468,1.170640,Bullish
2026-08-28 21:00:00,EURGBP,fx,0.592373,Neutral,-0.751368,-0.380439,Neutral
2026-08-28 21:00:00,EURJPY,fx,-0.670161,Neutral,0.429464,0.159238,Neutral
2026-08-28 21:00:00,EURCHF,fx,1.087846,Bullish,2.762959,1.110068,Bullish
2026-08-28 21:00:00,EURAUD,fx,0.202824,Neutral,-1.112647,-0.560810,Neutral
2026-08-28 21:00:00,EURNZD,fx,-0.496500,Neutral,-0.739086,-0.485283,Neutral
2026-08-28 21:00:00,EURCAD,fx,-1.328416,Bearish,-1.866131,-1.028172,Bearish
2026-08-28 21:00:00,GBPJPY,fx,-0.865636,Neutral,1.180832,0.381159,Neutral
2026-08-28 21:00:00,GBPCHF,fx,0.938148,Bullish,3.514326,1.107572,Bullish
2026-08-28 21:00:00,GBPAUD,fx,-0.246949,Neutral,-0.361279,-0.193611,Neutral
2026-08-28 21:00:00,GBPNZD,fx,-0.646198,Neutral,0.012282,0.006639,Neutral
2026-08-28 21:00:00,GBPCAD,fx,-1.750916,Bearish,-1.114763,-0.490653,Neutral
2026-08-28 21:00:00,AUDJPY,fx,-0.747559,Neutral,1.542111,0.619073,Neutral
2026-08-28 21:00:00,NZDJPY,fx,0.408236,Neutral,1.168550,0.410161,Neutral
2026-08-28 21:00:00,CADJPY,fx,0.493136,Neutral,2.295595,0.888045,Bullish
2026-08-28 21:00:00,CHFJPY,fx,-1.176111,Bearish,-2.333495,-1.176157,Bearish
2026-08-28 21:00:00,AUDNZD,fx,-0.514198,Neutral,0.373561,0.214937,Neutral
2026-08-28 21:00:00,AUDCAD,fx,-1.416352,Bearish,-0.753484,-0.357610,Neutral
2026-08-28 21:00:00,AUDCHF,fx,1.070148,Bullish,3.875606,1.470818,Bullish
2026-08-28 21:00:00,NZDCAD,fx,-0.976870,Bearish,-1.127045,-0.696998,Neutral
2026-08-28 21:00:00,NZDCHF,fx,1.584346,Bullish,3.502045,1.287990,Bullish
2026-08-28 21:00:00,CADCHF,fx,2.561216,Very Bullish,4.629090,1.970664,Very Bullish
2026-08-28 21:00:00,DJIA,cross,-0.541956,Neutral,-1.548076,-0.892263,Bearish
2026-08-28 21:00:00,SP500,cross,-0.541956,Neutral,-1.548076,-0.892263,Bearish
2026-08-28 21:00:00,NASDAQ,cross,-0.541956,Neutral,-1.548076,-0.892263,Bearish
2026-08-28 21:00:00,DAX,cross,-1.127145,Neutral,-0.861948,-0.474380,Neutral
2026-08-28 21:00:00,NIKKEI,cross,-1.982015,Bearish,-1.893577,-1.292544,Bearish
2026-08-28 21:00:00,FTSE100,cross,-0.210541,Neutral,-0.361210,-0.192543,Neutral
2026-08-28 21:00:00,GOLD,cross,1.937162,Bullish,1.016963,0.576837,Neutral
2026-08-28 21:00:00,SILVER,cross,2.946312,Bullish,1.460989,0.830579,Bullish
2026-09-04 21:00:00,US-DOLLAR,fx,0.476221,Neutral,0.282161,0.169364,Neutral
2026-09-04 21:00:00,EURUSD,fx,0.660223,Neutral,-0.324706,-0.196435,Neutral
2026-09-04 21:00:00,GBPUSD,fx,0.499305,Neutral,1.087112,0.544645,Neutral
2026-09-04 21:00:00,USDJPY,fx,-0.995404,Bearish,0.291121,0.096430,Neutral
2026-09-04 21:00:00,USDCHF,fx,-1.582531,Bearish,0.103495,0.036674,Neutral
2026-09-04 21:00:00,USDCAD,fx,-0.906238,Bearish,-0.198078,-0.109014,Neutral
2026-09-04 21:00:00,AUDUSD,fx,0.838614,Neutral,1.096825,0.498783,Neutral
2026-09-04 21:00:00,NZDUSD,fx,0.891665,Bullish,0.545391,0.353232,Neutral
2026-09-04 21:00:00,EURGBP,fx,0.081801,Neutral,-1.411819,-0.714845,Bearish
2026-09-04 21:00:00,EURJPY,fx,-0.498872,Neutral,-0.033585,-0.012453,Neutral
2026-09-04 21:00:00,EURCHF,fx,-1.187366,Bearish,-0.221212,-0.088876,Neutral
2026-09-04 21:00:00,EURAUD,fx,-0.376225,Neutral,-1.421531,-0.716498,Bearish
2026-09-04 21:00:00,EURNZD,fx,-0.496500,Neutral,-0.870097,-0.571305,Neutral
2026-09-04 21:00:00,EURCAD,fx,-0.300995,Neutral,-0.522784,-0.288035,Neutral
2026-09-04 21:00:00,GBPJPY,fx,-0.544440,Neutral,1.378233,0.444878,Neutral
2026-09-04 21:00:00,GBPCHF,fx,-0.954746,Bearish,1.190607,0.375231,Neutral
2026-09-04 21:00:00,GBPAUD,fx,-0.332432,Neutral,-0.009713,-0.005205,Neutral
2026-09-04 21:00:00,GBPNZD,fx,-0.263880,Neutral,0.541721,0.292822,Neutral
2026-09-04 21:00:00,GBPCAD,fx,-0.546307,Neutral,0.889034,0.391300,Neutral
2026-09-04 21:00:00,AUDJPY,fx,-0.151387,Neutral,1.387946,0.557184,Neutral
2026-09-04 21:00:00,NZDJPY,fx,0.216942,Neutral,0.836512,0.293616,Neutral
2026-09-04 21:00:00,CADJPY,fx,-0.209569,Neutral,0.489199,0.189245,Neutral
2026-09-04 21:00:00,CHFJPY,fx,0.907807,Bullish,0.187626,0.094570,Neutral
2026-09-04 21:00:00,AUDNZD,fx,-0.275249,Neutral,0.551434,0.317281,Neutral
2026-09-04 21:00:00,AUDCAD,fx,0.056400,Neutral,0.898747,0.426553,Neutral
2026-09-04 21:00:00,AUDCHF,fx,-0.966115,Bearish,1.200320,0.455529,Neutral
2026-09-04 21:00:00,NZDCAD,fx,0.104519,Neutral,0.347313,0.214788,Neutral
2026-09-04 21:00:00,NZDCHF,fx,-0.690866,Neutral,0.648886,0.238649,Neutral
2026-09-04 21:00:00,CADCHF,fx,-0.795385,Neutral,0.301573,0.128383,Neutral
2026-09-04 21:00:00,DJIA,cross,-0.295866,Neutral,0.000000,0.000000,Neutral
2026-09-04 21:00:00,SP500,cross,-0.295866,Neutral,0.000000,0.000000,Neutral
2026-09-04 21:00:00,NASDAQ,cross,-0.295866,Neutral,0.000000,0.000000,Neutral
2026-09-04 21:00:00,DAX,cross,-2.038459,Bearish,-0.861948,-0.474380,Neutral
2026-09-04 21:00:00,NIKKEI,cross,-1.251500,Neutral,-0.888896,-0.606755,Neutral
2026-09-04 21:00:00,FTSE100,cross,0.223396,Neutral,0.000000,0.000000,Neutral
2026-09-04 21:00:00,GOLD,cross,-1.333845,Neutral,-0.898646,-0.509726,Neutral
2026-09-04 21:00:00,SILVER,cross,-0.997461,Neutral,-0.750638,-0.426741,Neutral
2026-09-11 21:00:00,US-DOLLAR,fx,1.037055,Bullish,0.329466,0.197759,Neutral
2026-09-11 21:00:00,EURUSD,fx,0.402765,Neutral,-0.680389,-0.411609,Neutral
2026-09-11 21:00:00,GBPUSD,fx,0.784609,Neutral,1.353656,0.678184,Neutral
2026-09-11 21:00:00,USDJPY,fx,-0.533542,Neutral,0.053971,0.017877,Neutral
2026-09-11 21:00:00,USDCHF,fx,-1.535132,Bearish,0.167177,0.059241,Neutral
2026-09-11 21:00:00,USDCAD,fx,-0.235417,Neutral,0.288616,0.158842,Neutral
2026-09-11 21:00:00,AUDUSD,fx,0.382603,Neutral,0.610131,0.277458,Neutral
2026-09-11 21:00:00,NZDUSD,fx,0.589658,Neutral,0.058697,0.038016,Neutral
2026-09-11 21:00:00,EURGBP,fx,-0.348814,Neutral,-2.034045,-1.029896,Bearish
2026-09-11 21:00:00,EURJPY,fx,-0.090947,Neutral,-0.626418,-0.232265,Neutral
2026-09-11 21:00:00,EURCHF,fx,-1.441974,Bearish,-0.513212,-0.206192,Neutral
2026-09-11 21:00:00,EURAUD,fx,-0.061636,Neutral,-1.290520,-0.650464,Neutral
2026-09-11 21:00:00,EURNZD,fx,-0.496500,Neutral,-0.739086,-0.485283,Neutral
2026-09-11 21:00:00,EURCAD,fx,0.311001,Neutral,-0.391773,-0.215853,Neutral
2026-09-11 21:00:00,GBPJPY,fx,0.183471,Neutral,1.407626,0.454366,Neutral
2026-09-11 21:00:00,GBPCHF,fx,-0.763587,Neutral,1.520832,0.479304,Neutral
2026-09-11 21:00:00,GBPAUD,fx,0.331296,Neutral,0.743525,0.398459,Neutral
2026-09-11 21:00:00,GBPNZD,fx,0.181887,Neutral,1.294959,0.699978,Neutral
2026-09-11 21:00:00,GBPCAD,fx,0.453623,Neutral,1.642272,0.722831,Bullish
2026-09-11 21:00:00,AUDJPY,fx,-0.025019,Neutral,0.664102,0.266600,Neutral
2026-09-11 21:00:00,NZDJPY,fx,-0.307756,Neutral,0.112668,0.039546,Neutral
2026-09-11 21:00:00,CADJPY,fx,-0.133600,Neutral,-0.234645,-0.090772,Neutral
2026-09-11 21:00:00,CHFJPY,fx,0.637719,Neutral,-0.113206,-0.057059,Neutral
2026-09-11 21:00:00,AUDNZD,fx,-0.275249,Neutral,0.551434,0.317281,Neutral
2026-09-11 21:00:00,AUDCAD,fx,0.218716,Neutral,0.898747,0.426553,Neutral
2026-09-11 21:00:00,AUDCHF,fx,-1.220723,Bearish,0.777308,0.294993,Neutral
2026-09-11 21:00:00,NZDCAD,fx,0.104519,Neutral,0.347313,0.214788,Neutral
2026-09-11 21:00:00,NZDCHF,fx,-0.945474,Bearish,0.225874,0.083072,Neutral
2026-09-11 21:00:00,CADCHF,fx,-1.049993,Bearish,-0.121439,-0.051698,Neutral
2026-09-11 21:00:00,DJIA,cross,-2.260221,Bearish,0.000000,0.000000,Neutral
2026-09-11 21:00:00,SP500,cross,-2.260221,Bearish,0.000000,0.000000,Neutral
2026-09-11 21:00:00,NASDAQ,cross,-2.260221,Bearish,0.000000,0.000000,Neutral
2026-09-11 21:00:00,DAX,cross,-3.363520,Bearish,-0.861948,-0.474380,Neutral
2026-09-11 21:00:00,NIKKEI,cross,-1.082843,Neutral,-0.125820,-0.085884,Neutral
2026-09-11 21:00:00,FTSE100,cross,-0.676772,Neutral,0.153766,0.081965,Neutral
2026-09-11 21:00:00,GOLD,cross,-3.813356,Very Bearish,-1.516845,-0.860377,Bearish
2026-09-11 21:00:00,SILVER,cross,-2.804207,Bearish,-1.072819,-0.609903,Neutral
2026-09-18 21:00:00,US-DOLLAR,fx,2.054869,Very Bullish,1.849990,1.110438,Bullish
2026-09-18 21:00:00,EURUSD,fx,-0.517918,Neutral,-1.810654,-1.095375,Bearish
2026-09-18 21:00:00,GBPUSD,fx,-0.326041,Neutral,-0.251750,-0.126127,Neutral
2026-09-18 21:00:00,USDJPY,fx,0.964419,Bullish,1.634449,0.541387,Neutral
2026-09-18 21:00:00,USDCHF,fx,-1.928854,Bearish,0.494289,0.175156,Neutral
2026-09-18 21:00:00,USDCAD,fx,1.149557,Bullish,2.296897,1.264115,Bullish
2026-09-18 21:00:00,AUDUSD,fx,-0.213382,Neutral,-0.308628,-0.140349,Neutral
2026-09-18 21:00:00,NZDUSD,fx,0.237169,Neutral,-1.071568,-0.694021,Neutral
2026-09-18 21:00:00,EURGBP,fx,0.190440,Neutral,-1.558904,-0.789318,Bearish
2026-09-18 21:00:00,EURJPY,fx,0.826017,Neutral,-0.176206,-0.065334,Neutral
2026-09-18 21:00:00,EURCHF,fx,-2.188185,Very Bearish,-1.316365,-0.528873,Neutral
2026-09-18 21:00:00,EURAUD,fx,-0.195239,Neutral,-1.502026,-0.757070,Bearish
2026-09-18 21:00:00,EURNZD,fx,-0.496500,Neutral,-0.739086,-0.485283,Neutral
2026-09-18 21:00:00,EURCAD,fx,0.790906,Neutral,0.486243,0.267902,Neutral
2026-09-18 21:00:00,GBPJPY,fx,0.655503,Neutral,1.382698,0.446320,Neutral
2026-09-18 21:00:00,GBPCHF,fx,-1.747435,Bearish,0.242539,0.076438,Neutral
2026-09-18 21:00:00,GBPAUD,fx,-0.089309,Neutral,0.056878,0.030481,Neutral
2026-09-18 21:00:00,GBPNZD,fx,-0.055750,Neutral,0.819818,0.443145,Neutral
2026-09-18 21:00:00,GBPCAD,fx,0.653588,Neutral,2.045146,0.900152,Bullish
2026-09-18 21:00:00,AUDJPY,fx,0.950512,Bullish,1.325820,0.532244,Neutral
2026-09-18 21:00:00,NZDJPY,fx,-0.005748,Neutral,0.562880,0.197571,Neutral
2026-09-18 21:00:00,CADJPY,fx,0.312596,Neutral,-0.662448,-0.256266,Neutral
2026-09-18 21:00:00,CHFJPY,fx,1.685937,Bullish,1.140160,0.574677,Neutral
2026-09-18 21:00:00,AUDNZD,fx,-0.147945,Neutral,0.762940,0.438976,Neutral
2026-09-18 21:00:00,AUDCAD,fx,0.750613,Neutral,1.988269,0.943649,Bullish
2026-09-18 21:00:00,AUDCHF,fx,-1.839630,Bearish,0.185661,0.070459,Neutral
2026-09-18 21:00:00,NZDCAD,fx,0.755932,Neutral,1.225329,0.757779,Bullish
2026-09-18 21:00:00,NZDCHF,fx,-1.691685,Bearish,-0.577279,-0.212313,Neutral
2026-09-18 21:00:00,CADCHF,fx,-2.447617,Very Bearish,-1.802608,-0.767394,Bearish
2026-09-18 21:00:00,DJIA,cross,-1.345083,Neutral,0.344854,0.198763,Neutral
2026-09-18 21:00:00,SP500,cross,-1.345083,Neutral,0.344854,0.198763,Neutral
2026-09-18 21:00:00,NASDAQ,cross,-1.345083,Neutral,0.344854,0.198763,Neutral
2026-09-18 21:00:00,DAX,cross,-3.525815,Bearish,-0.861948,-0.474380,Neutral
2026-09-18 21:00:00,NIKKEI,cross,-0.825851,Neutral,0.000000,0.000000,Neutral
2026-09-18 21:00:00,FTSE100,cross,-0.554097,Neutral,0.000000,0.000000,Neutral
2026-09-18 21:00:00,GOLD,cross,-5.147912,Very Bearish,-2.803835,-1.590377,Very Bearish
2026-09-18 21:00:00,SILVER,cross,-4.475145,Very Bearish,-2.507817,-1.425706,Bearish
2026-09-25 21:00:00,US-DOLLAR,fx,1.788543,Bullish,1.501718,0.901391,Bullish
2026-09-25 21:00:00,EURUSD,fx,-0.929996,Bearish,-1.462382,-0.884684,Bearish
2026-09-25 21:00:00,GBPUSD,fx,-0.638874,Neutral,0.096522,0.048358,Neutral
2026-09-25 21:00:00,USDJPY,fx,0.748236,Neutral,0.916458,0.303564,Neutral
2026-09-25 21:00:00,USDCHF,fx,-1.787786,Bearish,0.569029,0.201640,Neutral
2026-09-25 21:00:00,USDCAD,fx,1.777121,Bullish,2.557080,1.407309,Bullish
2026-09-25 21:00:00,AUDUSD,fx,-0.032819,Neutral,0.731637,0.332713,Neutral
2026-09-25 21:00:00,NZDUSD,fx,0.350709,Neutral,-0.723296,-0.468456,Neutral
2026-09-25 21:00:00,EURGBP,fx,0.111288,Neutral,-1.558904,-0.789318,Bearish
2026-09-25 21:00:00,EURJPY,fx,0.539642,Neutral,-0.545924,-0.202419,Neutral
2026-09-25 21:00:00,EURCHF,fx,-1.933576,Very Bearish,-0.893353,-0.358921,Neutral
2026-09-25 21:00:00,EURAUD,fx,-0.399385,Neutral,-2.194019,-1.105856,Bearish
2026-09-25 21:00:00,EURNZD,fx,-0.496500,Neutral,-0.739086,-0.485283,Neutral
2026-09-25 21:00:00,EURCAD,fx,1.067425,Bullish,1.094698,0.603139,Neutral
2026-09-25 21:00:00,GBPJPY,fx,0.364028,Neutral,1.012980,0.326979,Neutral
2026-09-25 21:00:00,GBPCHF,fx,-1.492827,Bearish,0.665550,0.209754,Neutral
2026-09-25 21:00:00,GBPAUD,fx,-0.452698,Neutral,-0.635115,-0.340362,Neutral
2026-09-25 21:00:00,GBPNZD,fx,-0.055750,Neutral,0.819818,0.443145,Neutral
2026-09-25 21:00:00,GBPCAD,fx,0.968698,Bullish,2.653602,1.167959,Bullish
2026-09-25 21:00:00,AUDJPY,fx,1.030143,Bullish,1.648095,0.661620,Neutral
2026-09-25 21:00:00,NZDJPY,fx,-0.180451,Neutral,0.193163,0.067800,Neutral
2026-09-25 21:00:00,CADJPY,fx,-0.400474,Neutral,-1.640621,-0.634670,Neutral
2026-09-25 21:00:00,CHFJPY,fx,1.256625,Bullish,0.347430,0.175116,Neutral
2026-09-25 21:00:00,AUDNZD,fx,0.244288,Neutral,1.454932,0.837130,Bullish
2026-09-25 21:00:00,AUDCAD,fx,1.472890,Bullish,3.288716,1.560853,Very Bullish
2026-09-25 21:00:00,AUDCHF,fx,-1.192788,Bearish,1.300665,0.493611,Neutral
2026-09-25 21:00:00,NZDCAD,fx,1.233830,Bullish,1.833784,1.134066,Bullish
2026-09-25 21:00:00,NZDCHF,fx,-1.437077,Bearish,-0.154267,-0.056737,Neutral
2026-09-25 21:00:00,CADCHF,fx,-2.670906,Very Bearish,-1.988051,-0.846339,Bearish
2026-09-25 21:00:00,DJIA,cross,-1.992812,Bearish,0.000000,0.000000,Neutral
2026-09-25 21:00:00,SP500,cross,-1.992812,Bearish,0.000000,0.000000,Neutral
2026-09-25 21:00:00,NASDAQ,cross,-1.992812,Bearish,0.000000,0.000000,Neutral
2026-09-25 21:00:00,DAX,cross,-3.832922,Very Bearish,-0.861948,-0.474380,Neutral
2026-09-25 21:00:00,NIKKEI,cross,-1.552245,Neutral,-0.125820,-0.085884,Neutral
2026-09-25 21:00:00,FTSE100,cross,-0.816804,Neutral,0.000000,0.000000,Neutral
2026-09-25 21:00:00,GOLD,cross,-4.548679,Very Bearish,-2.530603,-1.435396,Bearish
2026-09-25 21:00:00,SILVER,cross,-3.875912,Very Bearish,-2.234586,-1.270373,Bearish
2026-10-02 21:00:00,US-DOLLAR,fx,0.070881,Neutral,-0.760832,-0.456682,Neutral
2026-10-02 21:00:00,EURUSD,fx,0.302890,Neutral,2.167376,1.311177,Bullish
2026-10-02 21:00:00,GBPUSD,fx,0.065170,Neutral,2.342696,1.173695,Bullish
2026-10-02 21:00:00,USDJPY,fx,0.759237,Neutral,0.158010,0.052339,Neutral
2026-10-02 21:00:00,USDCHF,fx,-1.524650,Bearish,-0.222985,-0.079017,Neutral
2026-10-02 21:00:00,USDCAD,fx,1.033882,Bullish,0.310906,0.171110,Neutral
2026-10-02 21:00:00,AUDUSD,fx,-0.325494,Neutral,1.801613,0.819287,Bullish
2026-10-02 21:00:00,NZDUSD,fx,1.279687,Bullish,1.522878,0.986320,Bullish
2026-10-02 21:00:00,EURGBP,fx,0.275567,Neutral,-0.175319,-0.088769,Neutral
2026-10-02 21:00:00,EURJPY,fx,1.496061,Bullish,2.325387,0.862212,Bullish
2026-10-02 21:00:00,EURCHF,fx,0.238273,Neutral,1.944391,0.781194,Bullish
2026-10-02 21:00:00,EURAUD,fx,1.237965,Bullish,0.365763,0.184357,Neutral
2026-10-02 21:00:00,EURNZD,fx,0.483237,Neutral,0.644498,0.423177,Neutral
2026-10-02 21:00:00,EURCAD,fx,1.422964,Bullish,2.478282,1.365445,Bullish
2026-10-02 21:00:00,GBPJPY,fx,1.021331,Bullish,2.500706,0.807200,Bullish
2026-10-02 21:00:00,GBPCHF,fx,-0.300714,Neutral,2.119711,0.668046,Neutral
2026-10-02 21:00:00,GBPAUD,fx,0.604793,Neutral,0.541083,0.289969,Neutral
2026-10-02 21:00:00,GBPNZD,fx,-0.055750,Neutral,0.819818,0.443145,Neutral
2026-10-02 21:00:00,GBPCAD,fx,0.957703,Bullish,2.653602,1.167959,Bullish
2026-10-02 21:00:00,AUDJPY,fx,0.735326,Neutral,1.959623,0.786681,Bullish
2026-10-02 21:00:00,NZDJPY,fx,0.805629,Neutral,1.680888,0.589992,Neutral
2026-10-02 21:00:00,CADJPY,fx,0.120506,Neutral,-0.152896,-0.059147,Neutral
2026-10-02 21:00:00,CHFJPY,fx,1.050592,Bullish,0.380995,0.192034,Neutral
2026-10-02 21:00:00,AUDNZD,fx,-0.646074,Neutral,0.278735,0.160377,Neutral
2026-10-02 21:00:00,AUDCAD,fx,0.331733,Neutral,2.112519,1.002619,Bullish
2026-10-02 21:00:00,AUDCHF,fx,-0.891037,Bearish,1.578628,0.599100,Neutral
2026-10-02 21:00:00,NZDCAD,fx,1.233830,Bullish,1.833784,1.134066,Bullish
2026-10-02 21:00:00,NZDCHF,fx,-0.244963,Neutral,1.299893,0.478078,Neutral
2026-10-02 21:00:00,CADCHF,fx,-1.478793,Bearish,-0.533891,-0.227284,Neutral
2026-10-02 21:00:00,DJIA,cross,-2.605810,Bearish,-0.644024,-0.371196,Neutral
2026-10-02 21:00:00,SP500,cross,-2.605810,Bearish,-0.644024,-0.371196,Neutral
2026-10-02 21:00:00,NASDAQ,cross,-2.605810,Bearish,-0.644024,-0.371196,Neutral
2026-10-02 21:00:00,DAX,cross,-3.667567,Bearish,-1.007124,-0.554278,Neutral
2026-10-02 21:00:00,NIKKEI,cross,-4.611912,Very Bearish,-2.656652,-1.813415,Very Bearish
2026-10-02 21:00:00,FTSE100,cross,-0.326263,Neutral,0.000000,0.000000,Neutral
2026-10-02 21:00:00,GOLD,cross,-0.905794,Neutral,-0.062001,-0.035168,Neutral
2026-10-02 21:00:00,SILVER,cross,0.103355,Neutral,0.382025,0.217183,Neutral
